Time,Disturbance,Actuator,Error,RMS_E
0.400255,0.09972,0,0.102757,0
0.400505,0.28761,0,0.287504,0
0.400755,0.428468,0,0.429949,0
0.401005,0.508798,0,0.509019,0
0.401255,0.52734,0,0.53057,0
0.401505,0.494304,0,0.491942,0
0.401755,0.428134,0,0.425591,0
0.402005,0.3505,0,0.353163,0
0.402255,0.280775,0,0.279097,0
0.402505,0.23136,0,0.235426,0
0.402755,0.204938,0,0.202202,0
0.403005,0.194329,0,0.198207,0
0.403255,0.184977,0,0.189971,0
0.403505,0.159385,0,0.159617,0
0.403755,0.102369,0,0.105195,0
0.404005,0.00593806,0,0.00630049,0
0.404255,-0.127646,0,-0.13254,0
0.404505,-0.2852,0,-0.28964,0
0.404755,-0.444821,0,-0.449454,0
0.405005,-0.580169,0,-0.584533,0
0.405255,-0.666202,0,-0.669493,0
0.405505,-0.684734,0,-0.679739,0
0.405755,-0.628667,0,-0.631978,0
0.406005,-0.503836,0,-0.50752,0
0.406255,-0.328048,0,-0.330304,0
0.406505,-0.127483,0,-0.131126,0
0.406755,0.0687409,0,0.0647181,0
0.407005,0.234465,0,0.233715,0
0.407255,0.35162,0,0.347463,0
0.407505,0.413365,0,0.418237,0
0.407755,0.424555,0,0.425127,0
0.408005,0.399491,0,0.399024,0
0.408255,0.357523,0,0.358015,0
0.408505,0.317714,0,0.31498,0
0.408755,0.29376,-0.00787402,0.289632,0
0.409005,0.29044,-0.023622,0.289896,0
0.409255,0.302562,-0.0551181,0.303735,0
0.409505,0.316521,-0.102362,0.318232,0
0.409755,0.314161,-0.165354,0.311014,0
0.410005,0.277945,-0.220472,0.27486,0
0.410255,0.196166,-0.244094,0.19696,0
0.410505,0.0668801,-0.220472,0.0657317,0
0.410755,-0.100437,-0.133858,-0.11267,0
0.411005,-0.285984,0.00787402,-0.310562,0
0.411255,-0.463212,0.212598,-0.494883,0
0.411505,-0.604274,0.417323,-0.646251,0
0.411755,-0.68583,0.574803,-0.734723,0
0.412005,-0.694109,0.661417,-0.746454,0
0.412255,-0.627865,0.653543,-0.675088,0
0.412505,-0.498657,0.527559,-0.524594,0
0.412755,-0.328297,0.291339,-0.330901,0
0.413005,-0.14413,-0.0393701,-0.0994405,0
0.413255,0.0267858,-0.464567,0.115816,0
0.413505,0.163179,-0.889764,0.294518,0
0.413755,0.253643,-1,0.416701,0
0.414005,0.298161,-1,0.476964,0
0.414255,0.306911,-1,0.472132,0
0.414505,0.296673,-1,0.427725,0
0.414755,0.285763,-1,0.343121,0
0.415005,0.288765,-1,0.249671,0
0.415255,0.312366,-0.677165,0.171824,0
0.415505,0.353345,-0.283465,0.120908,0
0.415755,0.39921,0.0944882,0.0693443,0
0.416005,0.431345,0.456693,0.0327554,0
0.416255,0.4299,0.771654,-0.0165418,0
0.416505,0.379193,1,-0.0703991,0
0.416755,0.27241,1,-0.132586,0
0.417005,0.114235,1,-0.20272,0
0.417255,-0.0790464,1,-0.276306,0
0.417506,-0.282359,1,-0.319451,0
0.417756,-0.466568,1,-0.336273,0
0.418006,-0.604467,1,-0.31381,0
0.418256,-0.676321,1,-0.240326,0
0.418506,-0.673877,0.771654,-0.121857,0
0.418756,-0.60183,0.354331,0.0236261,0
0.419006,-0.476516,-0.125984,0.174965,0
0.419256,-0.321988,-0.629921,0.3131,0
0.419506,-0.164615,-1,0.407451,0
0.419756,-0.0273318,-1,0.441655,0
0.420006,0.0750313,-1,0.39322,0
0.420256,0.13832,-1,0.275506,0
0.420506,0.168932,-1,0.111821,0
0.420756,0.181034,-1,-0.0837291,0
0.421006,0.192055,-1,-0.251022,0
0.421256,0.217327,-1,-0.375693,0
0.421506,0.265446,-0.724409,-0.429192,0
0.421756,0.33536,-0.244094,-0.409849,0
0.422006,0.416077,0.19685,-0.32594,0
0.422256,0.488964,0.590551,-0.193263,0
0.422506,0.532205,0.889764,-0.0485754,0
0.422756,0.526211,1,0.100485,0
0.423006,0.458905,1,0.218047,0
0.423256,0.329318,1,0.293499,0
0.423506,0.14878,1,0.327021,0
0.423756,-0.0607192,1,0.322805,0
0.424006,-0.270595,1,0.286105,0
0.424256,-0.451338,0.992126,0.237853,0
0.424506,-0.578481,0.897638,0.18108,0
0.424756,-0.637379,0.787402,0.144145,0
0.425006,-0.625849,0.653543,0.113285,0
0.425256,-0.55407,0.488189,0.0992972,0
0.425506,-0.441687,0.275591,0.0873655,0
0.425756,-0.31299,0.023622,0.0559786,0
0.426006,-0.191216,-0.251969,0.00902515,0
0.426256,-0.0934381,-0.535433,-0.0611382,0
0.426506,-0.0270932,-0.818898,-0.153171,0
0.426756,0.0109046,-1,-0.243806,0
0.427006,0.032357,-1,-0.338823,0
0.427256,0.0538061,-1,-0.386666,0
0.427506,0.0913659,-1,-0.399182,0
0.427756,0.155692,-1,-0.342502,0
0.428006,0.248306,-1,-0.2337,0
0.428256,0.360334,-0.866142,-0.080132,0
0.428506,0.473877,-0.645669,0.0924463,0
0.428756,0.565809,-0.425197,0.256373,0
0.429006,0.613111,-0.220472,0.393936,0
0.429256,0.598408,-0.0393701,0.461991,0
0.429506,0.514514,0.125984,0.456587,0
0.429756,0.366753,0.283465,0.37371,0
0.430006,0.172448,0.448819,0.244308,0
0.430256,-0.0422028,0.637795,0.075463,0
0.430506,-0.24725,0.850394,-0.0914289,0
0.430756,-0.415052,1,-0.224142,0
0.431006,-0.525672,1,-0.324253,0
0.431256,-0.570556,1,-0.36123,0
0.431506,-0.553545,1,-0.336842,0
0.431756,-0.489242,1,-0.278326,0
0.432006,-0.398834,1,-0.182865,0
0.432256,-0.304735,0.850394,-0.0902426,0
0.432506,-0.225158,0.409449,-0.0162957,0
0.432756,-0.169999,-0.0787402,0.0403088,0
0.433006,-0.138937,-0.598425,0.0617785,0
0.433256,-0.122325,-1,0.0671828,0
0.433506,-0.104376,-1,0.0675486,0
0.433756,-0.0680879,-1,0.0731878,0
0.434006,-0.000489818,-1,0.0781173,0
0.434256,0.103064,-1,0.107932,0
0.434506,0.236594,-1,0.13984,0
0.434756,0.383924,-1,0.194037,0
0.435006,0.521645,-1,0.237903,0
0.435256,0.624128,-0.685039,0.26637,0
0.435506,0.669189,-0.362205,0.243093,0
0.435756,0.643352,-0.0629921,0.190464,0
0.436006,0.545181,0.204724,0.0770978,0
0.436256,0.386062,0.472441,-0.0488354,0
0.436506,0.188129,0.732283,-0.194364,0
0.436756,-0.0201252,0.992126,-0.309146,0
0.437006,-0.20965,1,-0.384109,0
0.437256,-0.356683,1,-0.40219,0
0.437506,-0.447211,1,-0.345957,0
0.437756,-0.47917,1,-0.229827,0
0.438006,-0.461841,1,-0.0816362,0
0.438256,-0.412733,1,0.0657998,0
0.438506,-0.352582,1,0.202545,0
0.438756,-0.299917,0.755906,0.288554,0
0.439007,-0.26639,0.244094,0.319966,0
0.439257,-0.254033,-0.299213,0.288011,0
0.439507,-0.25508,-0.818898,0.217758,0
0.439757,-0.254455,-1,0.118514,0
0.440007,-0.23419,-1,0.0166558,0
0.440257,-0.178726,-1,-0.0809574,0
0.440507,-0.0798297,-1,-0.141542,0
0.440757,0.060329,-1,-0.158963,0
0.441007,0.228435,-1,-0.143798,0
0.441257,0.40213,-1,-0.0952794,0
0.441507,0.554378,-0.874016,-0.032011,0
0.441757,0.659149,-0.574803,0.0246246,0
0.442007,0.697051,-0.314961,0.0551654,0
0.442257,0.659718,-0.0866142,0.0611911,0
0.442507,0.55174,0.11811,0.0310209,0
0.442757,0.38981,0.314961,-0.0258487,0
0.443007,0.19922,0.527559,-0.0713079,0
0.443257,0.00858537,0.76378,-0.11295,0
0.443507,-0.156139,1,-0.116062,0
0.443757,-0.276763,1,-0.0817503,0
0.444007,-0.346001,1,-0.0246239,0
0.444257,-0.368097,1,0.0650706,0
0.444507,-0.356634,1,0.160109,0
0.444757,-0.330195,1,0.225871,0
0.445007,-0.307063,1,0.256626,0
0.445257,-0.300168,0.897638,0.240861,0
0.445507,-0.313581,0.433071,0.170702,0
0.445757,-0.341384,-0.0629921,0.0638315,0
0.446007,-0.369275,-0.559055,-0.0640617,0
0.446257,-0.378388,-0.984252,-0.180504,0
0.446507,-0.350506,-1,-0.262931,0
0.446757,-0.273317,-1,-0.291267,0
0.447007,-0.144407,-1,-0.27816,0
0.447257,0.0269835,-1,-0.213603,0
0.447507,0.221009,-1,-0.124256,0
0.447757,0.410748,-1,-0.0183789,0
0.448007,0.567663,-0.944882,0.0890928,0
0.448257,0.667414,-0.787402,0.166018,0
0.448507,0.695041,-0.637795,0.19681,0
0.448757,0.648009,-0.503937,0.185702,0
0.449007,0.536608,-0.354331,0.134547,0
0.449257,0.381511,-0.15748,0.0557354,0
0.449507,0.209234,0.0866142,-0.0230053,0
0.449757,0.0462502,0.393701,-0.0860353,0
0.450007,-0.086466,0.755906,-0.122483,0
0.450257,-0.177486,1,-0.116713,0
0.450507,-0.226543,1,-0.084776,0
0.450757,-0.243389,1,-0.0282479,0
0.451007,-0.244325,1,0.0332701,0
0.451257,-0.247057,1,0.0852272,0
0.451507,-0.265566,1,0.102511,0
0.451757,-0.305888,1,0.071664,0
0.452007,-0.36411,0.685039,0.011575,0
0.452257,-0.42696,0.165354,-0.0652719,0
0.452507,-0.474987,-0.322835,-0.14586,0
0.452757,-0.487442,-0.755906,-0.199046,0
0.453007,-0.447807,-1,-0.223139,0
0.453257,-0.348446,-1,-0.19044,0
0.453507,-0.193424,-1,-0.121599,0
0.453757,0.0013792,-1,-0.0382012,0
0.454007,0.210911,-1,0.0626115,0
0.454257,0.405753,-1,0.151029,0
0.454507,0.558042,-1,0.208395,0
0.454757,0.647046,-1,0.212565,0
0.455007,0.663367,-0.952756,0.184556,0
0.455257,0.610463,-0.858268,0.108901,0
0.455507,0.503427,-0.708661,0.00953456,0
0.455757,0.365225,-0.480315,-0.0881767,0
0.456007,0.221383,-0.15748,-0.176624,0
0.456257,0.0942132,0.23622,-0.220292,0
0.456507,-0.00182779,0.685039,-0.230638,0
0.456757,-0.0626838,1,-0.195472,0
0.457007,-0.0946831,1,-0.124318,0
0.457257,-0.111859,1,-0.0356745,0
0.457507,-0.131337,1,0.0455925,0
0.457757,-0.168087,1,0.10707,0
0.458007,-0.230242,1,0.126343,0
0.458257,-0.316219,1,0.103242,0
0.458507,-0.41432,0.771654,0.0510408,0
0.458757,-0.505107,0.259843,-0.0351325,0
0.459007,-0.565797,-0.204724,-0.112111,0
0.459257,-0.575795,-0.598425,-0.160637,0
0.459507,-0.521966,-0.88189,-0.168418,0
0.459757,-0.402376,-1,-0.13154,0
0.460007,-0.227574,-1,-0.0750416,0
0.460258,-0.019108,-1,0.00618365,0
0.460508,0.194596,-1,0.0795825,0
0.460758,0.383813,-1,0.126239,0
0.461008,0.52344,-1,0.144398,0
0.461258,0.59795,-1,0.113095,0
0.461508,0.604086,-1,0.0550394,0
0.461758,0.550847,-1,-0.0349063,0
0.462008,0.456737,-0.968504,-0.120255,0
0.462258,0.345026,-0.724409,-0.187803,0
0.462508,0.238147,-0.370079,-0.218961,0
0.462758,0.152498,0.0708661,-0.221183,0
0.463008,0.0950706,0.574803,-0.16941,0
0.463258,0.0625016,1,-0.0927245,0
0.463508,0.0428289,1,-0.00435308,0
0.463758,0.0194623,1,0.0867141,0
0.464008,-0.0236737,1,0.157407,0
0.464258,-0.0970739,1,0.18479,0
0.464508,-0.201987,1,0.167211,0
0.464758,-0.329083,1,0.106398,0
0.465008,-0.459784,0.80315,0.0135464,0
0.465258,-0.570105,0.362205,-0.0869687,0
0.465508,-0.63597,-0.0314961,-0.166702,0
0.465758,-0.638877,-0.346457,-0.208436,0
0.466008,-0.570463,-0.566929,-0.201413,0
0.466258,-0.434953,-0.700787,-0.164221,0
0.466508,-0.248814,-0.787402,-0.0804773,0
0.466758,-0.0376865,-0.850394,0.00546007,0
0.467008,0.168712,-0.92126,0.0732958,0
0.467258,0.342579,-1,0.11754,0
0.467508,0.463416,-1,0.127617,0
0.467758,0.521901,-1,0.0939323,0
0.468008,0.520945,-1,0.0294967,0
0.468258,0.474086,-1,-0.0526792,0
0.468508,0.401493,-1,-0.118972,0
0.468758,0.324677,-1,-0.161441,0
0.469008,0.261035,-0.614173,-0.16792,0
0.469258,0.219793,-0.110236,-0.140107,0
0.469508,0.2001,0.433071,-0.0719335,0
0.469758,0.191841,0.96063,0.0140999,0
0.470008,0.178842,1,0.0911178,0
0.470258,0.143818,1,0.141761,0
0.470508,0.0736001,1,0.173164,0
0.470758,-0.0365102,1,0.158473,0
0.471008,-0.180384,1,0.0986219,0
0.471258,-0.341464,1,0.0156611,0
0.471508,-0.495721,0.858268,-0.0795302,0
0.471758,-0.616611,0.496063,-0.169685,0
0.472008,-0.680867,0.188976,-0.226428,0
0.472258,-0.673761,-0.0393701,-0.236533,0
0.472508,-0.592591,-0.204724,-0.199672,0
0.472758,-0.447609,-0.330709,-0.115982,0
0.473008,-0.260026,-0.440945,-0.0263422,0
0.473258,-0.0576952,-0.566929,0.0675577,0
0.473508,0.130623,-0.748031,0.143729,0
0.473758,0.281071,-0.968504,0.167004,0
0.474008,0.379227,-1,0.156574,0
0.474258,0.422403,-1,0.109854,0
0.474508,0.419071,-1,0.0334081,0
0.474758,0.385865,-1,-0.050087,0
0.475008,0.342657,-1,-0.115529,0
0.475258,0.307187,-1,-0.149115,0
0.475508,0.290336,-0.787402,-0.139946,0
0.475758,0.293427,-0.244094,-0.0864092,0
0.476008,0.308052,0.330709,-0.0107551,0
0.476258,0.318506,0.88189,0.0639025,0
0.476508,0.306228,1,0.125878,0
0.476758,0.255151,1,0.166677,0
0.477008,0.156595,1,0.154226,0
0.477258,0.0125121,1,0.120205,0
0.477508,-0.163794,1,0.0432051,0
0.477758,-0.349649,1,-0.0401109,0
0.478008,-0.517419,0.913386,-0.132137,0
0.478258,-0.640143,0.645669,-0.192631,0
0.478508,-0.697322,0.425197,-0.216938,0
0.478758,-0.679299,0.267717,-0.200116,0
0.479008,-0.589379,0.141732,-0.135375,0
0.479258,-0.443079,0.023622,-0.0394988,0
0.479508,-0.26474,-0.11811,0.0491789,0
0.479758,-0.0822733,-0.330709,0.130116,0
0.480008,0.0786682,-0.614173,0.181317,0
0.480258,0.199895,-0.944882,0.187784,0
0.480508,0.273906,-1,0.147963,0
0.480758,0.304476,-1,0.0838936,0
0.481008,0.30457,-1,-0.000934839,0
0.481258,0.292101,-1,-0.0813431,0
0.481508,0.284692,-1,-0.133683,0
0.481759,0.294546,-1,-0.147561,0
0.482009,0.32503,-0.889764,-0.114039,0
0.482259,0.369509,-0.322835,-0.0472549,0
0.482509,0.41292,0.259843,0.0431064,0
0.482759,0.435585,0.787402,0.127621,0
0.483009,0.418504,1,0.178556,0
0.483259,0.348612,1,0.186592,0
0.483509,0.222919,1,0.157011,0
0.483759,0.0502376,1,0.0990388,0
0.484009,-0.149671,1,0.0184503,0
0.484259,-0.349694,1,-0.0721699,0
0.484509,-0.520695,0.937008,-0.138111,0
0.484759,-0.637469,0.779528,-0.18027,0
0.485009,-0.683914,0.669291,-0.177456,0
0.485259,-0.656221,0.590551,-0.136743,0
0.485509,-0.563418,0.511811,-0.0620785,0
0.485759,-0.425041,0.385827,0.0339016,0
0.486009,-0.266605,0.188976,0.113109,0
0.486259,-0.113914,-0.0944882,0.171152,0
0.486509,0.0124606,-0.480315,0.187114,0
0.486759,0.101217,-0.913386,0.170066,0
0.487009,0.152019,-1,0.109196,0
0.487259,0.174343,-1,0.0302447,0
0.487509,0.184096,-1,-0.0413058,0
0.487759,0.198562,-1,-0.106606,0
0.488009,0.231219,-1,-0.139047,0
0.488259,0.287516,-1,-0.127531,0
0.488509,0.362869,-0.96063,-0.0694732,0
0.488759,0.443255,-0.393701,0.0204706,0
0.489009,0.508373,0.15748,0.101397,0
0.489259,0.536513,0.637795,0.177429,0
0.489509,0.510177,1,0.207746,0
0.489759,0.420819,1,0.19357,0
0.490009,0.271731,1,0.144858,0
0.490259,0.0782438,1,0.0596208,0
0.490509,-0.134795,1,-0.0219256,0
0.490759,-0.337788,1,-0.100415,0
0.491009,-0.502351,0.96063,-0.149241,0
0.491259,-0.60695,0.92126,-0.164265,0
0.491509,-0.641081,0.913386,-0.126613,0
0.491759,-0.607007,0.913386,-0.0645167,0
0.492009,-0.518614,0.858268,0.0157715,0
0.492259,-0.39777,0.724409,0.105203,0
0.492509,-0.269055,0.464567,0.167811,0
0.492759,-0.154091,0.0944882,0.198433,0
0.493009,-0.0668844,-0.370079,0.182203,0
0.493259,-0.011193,-0.88189,0.134286,0
0.493509,0.019408,-1,0.0694551,0
0.493759,0.0388968,-1,-0.0139516,0
0.494009,0.0642788,-1,-0.0861471,0
0.494259,0.110295,-1,-0.127427,0
0.494509,0.184751,-1,-0.133576,0
0.494759,0.285594,-1,-0.102278,0
0.495009,0.400534,-0.984252,-0.0237614,0
0.495259,0.509347,-0.456693,0.0645524,0
0.495509,0.588272,0.0314961,0.142958,0
0.495759,0.61565,0.448819,0.206139,0
0.496009,0.577218,0.732283,0.216778,0
0.496259,0.469999,0.897638,0.17966,0
0.496509,0.303633,0.952756,0.104329,0
0.496759,0.0990201,0.944882,0.0249423,0
0.497009,-0.115698,0.92126,-0.0638126,0
0.497259,-0.310705,0.929134,-0.122505,0
0.497509,-0.460467,0.976378,-0.149741,0
0.497759,-0.548696,1,-0.126258,0
0.498009,-0.571122,1,-0.0701679,0
0.498259,-0.535675,1,0.00834604,0
0.498509,-0.459767,1,0.0928311,0
0.498759,-0.365654,1,0.163183,0
0.499009,-0.27487,0.716535,0.194224,0
0.499259,-0.20312,0.275591,0.189502,0
0.499509,-0.15684,-0.259843,0.150226,0
0.499759,-0.132274,-0.834646,0.07663,0
0.500009,-0.117157,-1,-0.00449321,0.220122
0.500259,-0.0946925,-1,-0.0860816,0.220122
0.500509,-0.0487107,-1,-0.132691,0.220122
0.500759,0.0312987,-1,-0.154503,0.220122
0.501009,0.146433,-1,-0.132452,0.220122
0.501259,0.286988,-1,-0.0686125,0.220122
0.501509,0.433863,-0.968504,0.0144308,0.220122
0.501759,0.562247,-0.511811,0.106669,0.220122
0.502009,0.647063,-0.102362,0.18751,0.220122
0.502259,0.668631,0.204724,0.22182,0.220122
0.502509,0.61736,0.417323,0.214109,0.220122
0.502759,0.496295,0.535433,0.162896,0.220122
0.503009,0.320895,0.590551,0.0789788,0.220122
0.503259,0.11606,0.629921,-0.0152541,0.220122
0.503509,-0.0888379,0.700787,-0.0911941,0.220122
0.503759,-0.265988,0.826772,-0.139476,0.220122
0.504009,-0.394558,1,-0.145445,0.220122
0.504259,-0.464563,1,-0.113241,0.220122
0.504509,-0.478024,1,-0.05584,0.220122
0.504759,-0.447518,1,0.0291653,0.220122
0.505009,-0.39228,1,0.095172,0.220122
0.505259,-0.332882,1,0.152349,0.220122
0.505509,-0.285932,0.92126,0.159562,0.220122
0.505759,-0.25996,0.409449,0.122811,0.220122
0.506009,-0.253524,-0.173228,0.0639966,0.220122
0.506259,-0.25595,-0.771654,-0.0186019,0.220122
0.506509,-0.250606,-1,-0.0937186,0.220122
0.506759,-0.219746,-1,-0.148937,0.220122
0.507009,-0.149871,-1,-0.172084,0.220122
0.507259,-0.0360338,-1,-0.148697,0.220122
0.507509,0.115697,-1,-0.0934478,0.220122
0.507759,0.288567,-1,-0.00920141,0.220122
0.508009,0.45803,-0.96063,0.0809695,0.220122
0.508259,0.596721,-0.598425,0.173039,0.220122
0.508509,0.680309,-0.291339,0.222921,0.220122
0.508759,0.692801,-0.0787402,0.234952,0.220122
0.509009,0.630165,0.0551181,0.199768,0.220122
0.509259,0.501361,0.133858,0.119989,0.220122
0.509509,0.326537,0.212598,0.0236288,0.220122
0.509759,0.13276,0.322835,-0.0654462,0.220122
0.510009,-0.0516482,0.503937,-0.14075,0.220122
0.510259,-0.202849,0.755906,-0.167502,0.220122
0.510509,-0.306148,1,-0.164052,0.220122
0.510759,-0.358299,1,-0.113231,0.220122
0.511009,-0.367085,1,-0.0453492,0.220122
0.511259,-0.348335,1,0.0387073,0.220122
0.511509,-0.321146,1,0.0937542,0.220122
0.511759,-0.302483,1,0.133598,0.220122
0.512008,-0.302543,1,0.122485,0.220122
0.512258,-0.321983,0.511811,0.0696384,0.220122
0.512508,-0.351755,-0.102362,-0.00745461,0.220122
0.512758,-0.375459,-0.708661,-0.0867191,0.220122
0.513008,-0.373853,-1,-0.149916,0.220122
0.513258,-0.330179,-1,-0.176425,0.220122
0.513508,-0.235124,-1,-0.165799,0.220122
0.513758,-0.0901986,-1,-0.124184,0.220122
0.514008,0.091518,-1,-0.051363,0.220122
0.514258,0.287276,-1,0.0367828,0.220122
0.514508,0.468982,-0.952756,0.12563,0.220122
0.514758,0.608853,-0.700787,0.189795,0.220122
0.515008,0.685252,-0.511811,0.215708,0.220122
0.515258,0.687215,-0.393701,0.201631,0.220122
0.515508,0.616651,-0.322835,0.135112,0.220122
0.515758,0.487747,-0.251969,0.045839,0.220122
0.516008,0.323782,-0.141732,-0.048839,0.220122
0.516258,0.151874,0.0472441,-0.129233,0.220122
0.516508,-0.00279149,0.330709,-0.170174,0.220122
0.516758,-0.122128,0.708661,-0.18443,0.220122
0.517008,-0.198453,1,-0.151519,0.220122
0.517258,-0.235118,1,-0.083462,0.220122
0.517508,-0.244588,1,-0.00595037,0.220122
0.517758,-0.244212,1,0.0601389,0.220122
0.518008,-0.251042,1,0.108551,0.220122
0.518258,-0.27671,1,0.119527,0.220122
0.518508,-0.324002,1,0.0926864,0.220122
0.518758,-0.385646,0.566929,0.0267252,0.220122
0.519008,-0.445843,-0.0393701,-0.0609901,0.220122
0.519258,-0.4841,-0.606299,-0.143007,0.220122
0.519508,-0.480529,-1,-0.191915,0.220122
0.519758,-0.421099,-1,-0.203473,0.220122
0.520008,-0.301957,-1,-0.166726,0.220122
0.520258,-0.131255,-1,-0.099293,0.220122
0.520508,0.0716024,-1,-0.0173637,0.220122
0.520758,0.279501,-1,0.0747934,0.220122
0.521008,0.462878,-0.929134,0.143092,0.220122
0.521258,0.5957,-0.80315,0.178255,0.220122
0.521508,0.660726,-0.740157,0.175972,0.220122
0.521758,0.652791,-0.708661,0.129362,0.220122
0.522008,0.57956,-0.692913,0.0580578,0.220122
0.522258,0.459284,-0.622047,-0.0369399,0.220122
0.522508,0.31642,-0.464567,-0.118321,0.220122
0.522758,0.175993,-0.188976,-0.167606,0.220122
0.523008,0.0581452,0.19685,-0.181954,0.220122
0.523258,-0.0260019,0.669291,-0.159532,0.220122
0.523508,-0.0760331,1,-0.105259,0.220122
0.523758,-0.101246,1,-0.035794,0.220122
0.524008,-0.117281,1,0.042224,0.220122
0.524258,-0.141121,1,0.10273,0.220122
0.524508,-0.185899,1,0.129667,0.220122
0.524758,-0.256699,1,0.112968,0.220122
0.525008,-0.348467,1,0.0575679,0.220122
0.525258,-0.446547,0.606299,-0.0275868,0.220122
0.525508,-0.529819,0.0314961,-0.111418,0.220122
0.525757,-0.575611,-0.472441,-0.182719,0.220122
0.526007,-0.565284,-0.850394,-0.223466,0.220122
0.526257,-0.489126,-1,-0.211997,0.220122
0.526507,-0.349379,-1,-0.159277,0.220122
0.526757,-0.160557,-1,-0.069152,0.220122
0.527007,0.0529752,-1,0.0164586,0.220122
0.527257,0.261702,-0.96063,0.0894562,0.220122
0.527507,0.436784,-0.913386,0.144336,0.220122
0.527757,0.555883,-0.92126,0.15232,0.220122
0.528007,0.607377,-0.976378,0.119292,0.220122
0.528257,0.592213,-1,0.0544497,0.220122
0.528507,0.522992,-1,-0.0294281,0.220122
0.528757,0.420395,-0.976378,-0.11308,0.220122
0.529007,0.308027,-0.76378,-0.170703,0.220122
0.529257,0.206805,-0.401575,-0.198079,0.220122
0.529507,0.130263,0.0708661,-0.184294,0.220122
0.529757,0.081944,0.629921,-0.137602,0.220122
0.530007,0.0553075,1,-0.0636835,0.220122
0.530257,0.0363395,1,0.018528,0.220122
0.530507,0.00804866,1,0.0851465,0.220122
0.530757,-0.0443607,1,0.117733,0.220122
0.531007,-0.12857,1,0.12455,0.220122
0.531257,-0.242354,1,0.09193,0.220122
0.531507,-0.373041,1,0.0225365,0.220122
0.531757,-0.499763,0.622047,-0.0660642,0.220122
0.532007,-0.597871,0.11811,-0.156315,0.220122
0.532257,-0.644547,-0.291339,-0.203829,0.220122
0.532507,-0.624225,-0.590551,-0.218816,0.220122
0.532757,-0.532552,-0.748031,-0.18508,0.220122
0.533007,-0.377971,-0.80315,-0.1152,0.220122
0.533257,-0.180452,-0.80315,-0.0292302,0.220122
0.533507,0.0324039,-0.787402,0.0526873,0.220122
0.533757,0.230853,-0.811024,0.117764,0.220122
0.534007,0.388985,-0.897638,0.146255,0.220122
0.534257,0.489688,-1,0.131345,0.220122
0.534507,0.527684,-1,0.0807826,0.220122
0.534757,0.509669,-1,0.00586468,0.220122
0.535007,0.451939,-1,-0.0833321,0.220122
0.535257,0.375698,-1,-0.145926,0.220122
0.535507,0.301637,-1,-0.173701,0.220122
0.535757,0.244834,-0.574803,-0.174107,0.220122
0.536007,0.211273,-0.015748,-0.123648,0.220122
0.536257,0.196822,0.590551,-0.0468512,0.220122
0.536507,0.188945,1,0.0324443,0.220122
0.536757,0.170527,1,0.104627,0.220122
0.537007,0.125083,1,0.150389,0.220122
0.537257,0.0417966,1,0.156942,0.220122
0.537507,-0.0805986,1,0.13266,0.220122
0.537757,-0.232366,1,0.0646269,0.220122
0.538007,-0.394073,1,-0.0276934,0.220122
0.538257,-0.54026,0.653543,-0.121658,0.220122
0.538507,-0.644827,0.244094,-0.19835,0.220122
0.538757,-0.686792,-0.0551181,-0.235747,0.220122
0.539007,-0.655101,-0.259843,-0.223061,0.220122
0.539257,-0.551335,-0.362205,-0.176644,0.220122
0.539506,-0.389672,-0.409449,-0.0855801,0.220122
0.539756,-0.194045,-0.448819,0.00690768,0.220122
0.540006,0.00671649,-0.519685,0.0837365,0.220122
0.540256,0.184874,-0.669291,0.136827,0.220122
0.540506,0.319258,-0.897638,0.153532,0.220122
0.540756,0.399166,-1,0.126482,0.220122
0.541006,0.425751,-1,0.0607946,0.220122
0.541256,0.410553,-1,-0.00905157,0.220122
0.541506,0.371906,-1,-0.0817374,0.220122
0.541756,0.32954,-1,-0.124302,0.220122
0.542006,0.299378,-1,-0.136592,0.220122
0.542256,0.289373,-0.692913,-0.10292,0.220122
0.542506,0.297569,-0.0866142,-0.0419049,0.220122
0.542756,0.312801,0.543307,0.039492,0.220122
0.543006,0.317883,1,0.11518,0.220122
0.543256,0.294469,1,0.165357,0.220122
0.543506,0.228452,1,0.186093,0.220122
0.543756,0.114328,1,0.157924,0.220122
0.544006,-0.0421873,1,0.0977822,0.220122
0.544256,-0.2244,1,0.0165731,0.220122
0.544506,-0.407476,1,-0.0886778,0.220122
0.544756,-0.563352,0.700787,-0.164874,0.220122
0.545006,-0.666598,0.417323,-0.2284,0.220122
0.545256,-0.699825,0.212598,-0.239369,0.220122
0.545506,-0.657503,0.0944882,-0.198994,0.220122
0.545756,-0.547087,0.0314961,-0.120209,0.220122
0.546006,-0.387465,-0.015748,-0.0251442,0.220122
0.546256,-0.204751,-0.11811,0.0575338,0.220122
0.546506,-0.026753,-0.299213,0.12863,0.220122
0.546756,0.122828,-0.566929,0.168215,0.220122
0.547006,0.22903,-0.913386,0.152843,0.220122
0.547256,0.288092,-1,0.117001,0.220122
0.547506,0.307046,-1,0.0440642,0.220122
0.547756,0.301003,-1,-0.0286585,0.220122
0.548006,0.288418,-1,-0.0873083,0.220122
0.548256,0.285621,-1,-0.120772,0.220122
0.548506,0.302253,-1,-0.111955,0.220122
0.548756,0.338439,-0.771654,-0.0572143,0.220122
0.549006,0.384531,-0.141732,0.0197834,0.220122
0.549256,0.42347,0.480315,0.104427,0.220122
0.549506,0.435191,1,0.171988,0.220122
0.549756,0.40211,1,0.198922,0.220122
0.550006,0.314038,1,0.188939,0.220122
0.550256,0.171695,1,0.137308,0.220122
0.550506,-0.0123276,1,0.0666856,0.220122
0.550756,-0.215423,1,-0.0300339,0.220122
0.551006,-0.409195,0.984252,-0.116888,0.220122
0.551256,-0.565144,0.748031,-0.183586,0.220122
0.551506,-0.660508,0.582677,-0.204064,0.220122
0.551756,-0.68292,0.488189,-0.188215,0.220122
0.552006,-0.632766,0.456693,-0.12639,0.220122
0.552256,-0.5228,0.433071,-0.0506719,0.220122
0.552506,-0.375089,0.362205,0.0415126,0.220122
0.552756,-0.215855,0.19685,0.119613,0.220122
0.553006,-0.0697667,-0.0708661,0.164341,0.220122
0.553255,0.0452453,-0.456693,0.163466,0.220122
0.553505,0.121346,-0.913386,0.138178,0.220122
0.553755,0.161581,-1,0.0707209,0.220122
0.554005,0.178,-1,0.00539231,0.220122
0.554255,0.187441,-1,-0.0588667,0.220122
0.554505,0.206584,-1,-0.107204,0.220122
0.554755,0.246668,-1,-0.112727,0.220122
0.555005,0.310038,-1,-0.0810629,0.220122
0.555255,0.3889,-0.818898,-0.0120994,0.220122
0.555505,0.466781,-0.188976,0.0741368,0.220122
0.555755,0.522345,0.409449,0.16023,0.220122
0.556005,0.534653,0.905512,0.218296,0.220122
0.556255,0.488589,1,0.222995,0.220122
0.556505,0.379229,1,0.188345,0.220122
0.556755,0.213803,1,0.115525,0.220122
0.557005,0.0110832,1,0.0276478,0.220122
0.557255,-0.201994,1,-0.0588751,0.220122
0.557505,-0.395581,0.897638,-0.129078,0.220122
0.557755,-0.542905,0.787402,-0.17114,0.220122
0.558005,-0.625604,0.755906,-0.172522,0.220122
0.558255,-0.63719,0.779528,-0.128223,0.220122
0.558505,-0.583873,0.818898,-0.0509018,0.220122
0.558755,-0.482533,0.826772,0.0300576,0.220122
0.559005,-0.356571,0.724409,0.108574,0.220122
0.559255,-0.230186,0.488189,0.16462,0.220122
0.559505,-0.122996,0.110236,0.172221,0.220122
0.559755,-0.0459075,-0.377953,0.151264,0.220122
0.560005,0.000686132,-0.929134,0.101201,0.220122
0.560255,0.0259979,-1,0.0255051,0.220122
0.560505,0.0455113,-1,-0.037651,0.220122
0.560755,0.0760765,-1,-0.0931215,0.220122
0.561005,0.130698,-1,-0.111405,0.220122
0.561255,0.21423,-1,-0.100103,0.220122
0.561505,0.321301,-1,-0.0412727,0.220122
0.561755,0.436743,-0.826772,0.0434031,0.220122
0.562005,0.538662,-0.228346,0.132599,0.220122
0.562255,0.603365,0.307087,0.196136,0.220122
0.562505,0.611004,0.724409,0.237333,0.220122
0.562755,0.550576,0.976378,0.220173,0.220122
0.563005,0.423052,1,0.166641,0.220122
0.563255,0.241906,1,0.0815599,0.220122
0.563505,0.0308878,0.944882,-0.00967182,0.220122
0.563755,-0.180715,0.850394,-0.0838101,0.220122
0.564005,-0.363827,0.80315,-0.132072,0.220122
0.564255,-0.495384,0.834646,-0.14065,0.220122
0.564505,-0.562714,0.937008,-0.107262,0.220122
0.564755,-0.565534,1,-0.040753,0.220122
0.565005,-0.515138,1,0.0331719,0.220122
0.565255,-0.431008,1,0.117665,0.220122
0.565505,-0.335816,1,0.169285,0.220122
0.565755,-0.249729,0.748031,0.185056,0.220122
0.566005,-0.185795,0.267717,0.167443,0.220122
0.566255,-0.147217,-0.307087,0.102786,0.220122
0.566505,-0.127254,-0.937008,0.0324389,0.220122
0.566755,-0.11172,-1,-0.0448191,0.220122
0.567005,-0.0834381,-1,-0.105786,0.220122
0.567254,-0.0275116,-1,-0.132193,0.220122
0.567504,0.0639066,-1,-0.126506,0.220122
0.567754,0.188582,-1,-0.0891837,0.220122
0.568004,0.33354,-1,-0.0165944,0.220122
0.568254,0.477399,-0.818898,0.0808583,0.220122
0.568504,0.594657,-0.283465,0.16582,0.220122
0.568754,0.661333,0.15748,0.2257,0.220122
0.569004,0.660496,0.472441,0.243614,0.220122
0.569254,0.586371,0.645669,0.208945,0.220122
0.569504,0.446039,0.685039,0.146007,0.220122
0.569754,0.258393,0.653543,0.0518223,0.220122
0.570004,0.050311,0.614173,-0.0437926,0.220122
0.570254,-0.148635,0.622047,-0.107232,0.220122
0.570504,-0.312311,0.716535,-0.141711,0.220122
0.570754,-0.422996,0.889764,-0.124461,0.220122
0.571004,-0.474465,1,-0.0872453,0.220122
0.571254,-0.472363,1,-0.0136422,0.220122
0.571504,-0.431855,1,0.0605107,0.220122
0.571754,-0.373161,1,0.122541,0.220122
0.572004,-0.316205,1,0.144024,0.220122
0.572254,-0.275381,0.952756,0.138088,0.220122
0.572504,-0.256173,0.393701,0.0922622,0.220122
0.572754,-0.254027,-0.259843,0.0159922,0.220122
0.573004,-0.255961,-0.929134,-0.0648235,0.220122
0.573254,-0.244423,-1,-0.136465,0.220122
0.573504,-0.202446,-1,-0.168022,0.220122
0.573754,-0.118804,-1,-0.161563,0.220122
0.574004,0.00812403,-1,-0.119473,0.220122
0.574254,0.168747,-1,-0.0495153,0.220122
0.574504,0.343446,-1,0.0449706,0.220122
0.574754,0.506158,-0.80315,0.144858,0.220122
0.575004,0.629867,-0.370079,0.217679,0.220122
0.575254,0.692337,-0.0393701,0.259703,0.220122
0.575504,0.681054,0.15748,0.246331,0.220122
0.575754,0.596095,0.244094,0.192709,0.220122
0.576004,0.450251,0.251969,0.106521,0.220122
0.576254,0.266358,0.244094,0.00564849,0.220122
0.576504,0.0725818,0.291339,-0.0796623,0.220122
0.576754,-0.103592,0.425197,-0.135579,0.220122
0.577004,-0.240843,0.669291,-0.157681,0.220122
0.577254,-0.327878,0.992126,-0.133037,0.220122
0.577504,-0.365114,1,-0.0735489,0.220122
0.577754,-0.363289,1,-0.0113996,0.220122
0.578004,-0.339826,1,0.0550103,0.220122
0.578254,-0.313709,1,0.104574,0.220122
0.578504,-0.30025,1,0.11888,0.220122
0.578754,-0.306811,1,0.0813941,0.220122
0.579004,-0.330893,0.456693,0.0232011,0.220122
0.579254,-0.360741,-0.244094,-0.0631378,0.220122
0.579504,-0.37856,-0.92126,-0.138368,0.220122
0.579754,-0.365285,-1,-0.184894,0.220122
0.580004,-0.30602,-1,-0.186165,0.220122
0.580254,-0.194603,-1,-0.154113,0.220122
0.580504,-0.0361867,-1,-0.0911274,0.220122
0.580754,0.152748,-1,-0.00278799,0.220122
0.581003,0.347223,-1,0.0969347,0.220122
0.581253,0.518592,-0.787402,0.178395,0.220122
0.581503,0.640442,-0.472441,0.235712,0.220122
0.581753,0.69406,-0.267717,0.239674,0.220122
0.582003,0.672424,-0.181102,0.200879,0.220122
0.582253,0.581502,-0.165354,0.128904,0.220122
0.582503,0.4388,-0.181102,0.029204,0.220122
0.582753,0.269372,-0.141732,-0.0612776,0.220122
0.583003,0.100415,0,-0.12869,0.220122
0.583253,-0.0446543,0.259843,-0.167285,0.220122
0.583503,-0.150773,0.645669,-0.154077,0.220122
0.583753,-0.21381,1,-0.106718,0.220122
0.584003,-0.240265,1,-0.0491624,0.220122
0.584253,-0.244684,1,0.0169921,0.220122
0.584503,-0.2449,1,0.0743422,0.220122
0.584753,-0.256745,1,0.101728,0.220122
0.585003,-0.289378,1,0.0882728,0.220122
0.585253,-0.342422,1,0.0431904,0.220122
0.585503,-0.405632,0.480315,-0.0358557,0.220122
0.585753,-0.461235,-0.228346,-0.124128,0.220122
0.586003,-0.488306,-0.88189,-0.192845,0.220122
0.586253,-0.468278,-1,-0.221384,0.220122
0.586503,-0.389967,-1,-0.207461,0.220122
0.586753,-0.253195,-1,-0.144759,0.220122
0.587003,-0.0698486,-1,-0.0616007,0.220122
0.587253,0.137748,-1,0.0339459,0.220122
0.587503,0.341081,-1,0.116818,0.220122
0.587753,0.511062,-0.76378,0.186705,0.220122
0.588003,0.62392,-0.590551,0.211222,0.220122
0.588253,0.66598,-0.527559,0.189773,0.220122
0.588503,0.636158,-0.551181,0.131051,0.220122
0.588753,0.545793,-0.606299,0.0430476,0.220122
0.589003,0.415643,-0.614173,-0.0499903,0.220122
0.589253,0.270958,-0.519685,-0.12166,0.220122
0.589503,0.135826,-0.267717,-0.160421,0.220122
0.589753,0.0278635,0.125984,-0.159567,0.220122
0.590003,-0.0451078,0.653543,-0.136761,0.220122
0.590253,-0.0859591,1,-0.0721231,0.220122
0.590503,-0.106472,1,-0.00723632,0.220122
0.590753,-0.123207,1,0.0483891,0.220122
0.591003,-0.152513,1,0.0875867,0.220122
0.591253,-0.205366,1,0.0932201,0.220122
0.591503,-0.283783,1,0.061226,0.220122
0.591753,-0.379499,1,-0.0120181,0.220122
0.592003,-0.47539,0.472441,-0.0961751,0.220122
0.592253,-0.549255,-0.204724,-0.174449,0.220122
0.592503,-0.579094,-0.787402,-0.226108,0.220122
0.592753,-0.548617,-1,-0.241332,0.220122
0.593003,-0.451636,-1,-0.198181,0.220122
0.593253,-0.294384,-1,-0.118499,0.220122
0.593503,-0.0948054,-1,-0.0317922,0.220122
0.593753,0.120481,-1,0.0581695,0.220122
0.594003,0.321534,-0.850394,0.132681,0.220122
0.594253,0.481001,-0.740157,0.170271,0.220122
0.594503,0.579537,-0.724409,0.162327,0.220122
0.594752,0.609405,-0.80315,0.113964,0.220122
0.595002,0.575451,-0.929134,0.0431343,0.220122
0.595252,0.493277,-1,-0.0445618,0.220122
0.595502,0.385084,-1,-0.120151,0.220122
0.595752,0.274212,-0.850394,-0.167439,0.220122
0.596002,0.17973,-0.488189,-0.18198,0.220122
0.596252,0.112182,0.0314961,-0.151151,0.220122
0.596502,0.0718042,0.661417,-0.0928375,0.220122
0.596752,0.0493302,1,-0.030164,0.220122
0.597002,0.0292584,1,0.0339233,0.220122
0.597252,-0.00527523,1,0.08091,0.220122
0.597502,-0.0672809,1,0.101795,0.220122
0.597752,-0.161518,1,0.0781792,0.220122
0.598002,-0.282437,1,0.0195928,0.220122
0.598252,-0.414408,1,-0.0596862,0.220122
0.598502,-0.534826,0.448819,-0.140216,0.220122
0.598752,-0.618998,-0.15748,-0.214205,0.220122
0.599002,-0.64584,-0.637795,-0.246057,0.220122
0.599252,-0.602982,-0.937008,-0.231253,0.220122
0.599502,-0.490064,-1,-0.174398,0.220122
0.599752,-0.319382,-1,-0.08542,0.220122
0.600002,-0.113854,-0.874016,0.0100551,0.129883
0.600252,0.0976407,-0.748031,0.0866812,0.129883
0.600502,0.285881,-0.677165,0.131842,0.129883
0.600752,0.427285,-0.724409,0.134697,0.129883
0.601002,0.508275,-0.866142,0.0968766,0.129883
0.601252,0.527442,-1,0.031508,0.129883
0.601502,0.494882,-1,-0.0469044,0.129883
0.601752,0.428968,-1,-0.126143,0.129883
0.602002,0.351352,-1,-0.178222,0.129883
0.602252,0.281453,-1,-0.185712,0.129883
0.602502,0.231787,-0.661417,-0.159626,0.129883
0.602752,0.205131,-0.023622,-0.0886077,0.129883
0.603002,0.194416,0.685039,-0.00777251,0.129883
0.603252,0.185151,1,0.0827379,0.129883
0.603502,0.159843,1,0.136094,0.129883
0.603752,0.103276,1,0.16568,0.129883
0.604002,0.00734396,1,0.154737,0.129883
0.604252,-0.125839,1,0.101038,0.129883
0.604502,-0.283214,1,0.0122969,0.129883
0.604752,-0.442936,1,-0.0849146,0.129883
0.605002,-0.578731,0.456693,-0.179218,0.129883
0.605252,-0.665507,-0.0314961,-0.245235,0.129883
0.605502,-0.684965,-0.385827,-0.262075,0.129883
0.605752,-0.629854,-0.566929,-0.240433,0.129883
0.606002,-0.505848,-0.598425,-0.167441,0.129883
0.606252,-0.330607,-0.535433,-0.0685844,0.129883
0.606502,-0.130178,-0.456693,0.021058,0.129883
0.606752,0.0662852,-0.440945,0.0962188,0.129883
0.607002,0.232536,-0.535433,0.125193,0.129883
0.607252,0.350405,-0.748031,0.123847,0.129883
0.607502,0.412892,-1,0.0838508,0.129883
0.607752,0.424697,-1,0.0132941,0.129883
0.608002,0.400005,-1,-0.0525317,0.129883
0.608252,0.358141,-1,-0.0995909,0.129883
0.608501,0.318198,-1,-0.125689,0.129883
0.608751,0.293954,-1,-0.111552,0.129883
0.609001,0.290352,-0.779528,-0.065966,0.129883
0.609251,0.302327,-0.0551181,0.013891,0.129883
0.609501,0.316383,0.708661,0.0958295,0.129883
0.609751,0.3144,1,0.163579,0.129883
0.610001,0.278801,1,0.193867,0.129883
0.610251,0.197762,1,0.187417,0.129883
0.610501,0.0691717,1,0.131706,0.129883
0.610751,-0.0976687,1,0.0474321,0.129883
0.611001,-0.283113,1,-0.0522431,0.129883
0.611251,-0.460683,0.96063,-0.146868,0.129883
0.611501,-0.602479,0.488189,-0.236358,0.129883
0.611751,-0.685093,0.125984,-0.271438,0.129883
0.612001,-0.694574,-0.0787402,-0.26258,0.129883
0.612251,-0.629473,-0.149606,-0.206479,0.129883
0.612501,-0.501146,-0.11811,-0.113971,0.129883
0.612751,-0.331263,-0.0629921,-0.0150757,0.129883
0.613001,-0.147117,-0.0629921,0.0746913,0.129883
0.613251,0.0241899,-0.181102,0.127606,0.129883
0.613501,0.161284,-0.440945,0.1487,0.129883
0.613751,0.252533,-0.826772,0.134788,0.129883
0.614001,0.297757,-1,0.0758547,0.129883
0.614251,0.306981,-1,0.0204967,0.129883
0.614501,0.296908,-1,-0.0477285,0.129883
0.614751,0.285869,-1,-0.0817093,0.129883
0.615001,0.288543,-1,-0.0897622,0.129883
0.615251,0.311777,-1,-0.0625582,0.129883
0.615501,0.352545,-0.826772,0.00479367,0.129883
0.615751,0.39846,-0.0393701,0.0809941,0.129883
0.616001,0.431009,0.724409,0.164535,0.129883
0.616251,0.43031,1,0.205445,0.129883
0.616501,0.380587,1,0.212041,0.129883
0.616751,0.274829,1,0.175479,0.129883
0.617001,0.117515,1,0.0995662,0.129883
0.617251,-0.0753021,1,0.00451241,0.129883
0.617501,-0.278677,1,-0.0935534,0.129883
0.617751,-0.463481,0.874016,-0.177531,0.129883
0.618001,-0.602455,0.535433,-0.232858,0.129883
0.618251,-0.675653,0.330709,-0.242091,0.129883
0.618501,-0.674606,0.259843,-0.205515,0.129883
0.618751,-0.603781,0.291339,-0.133298,0.129883
0.619001,-0.479294,0.362205,-0.0362279,0.129883
0.619251,-0.325098,0.385827,0.0559411,0.129883
0.619501,-0.167559,0.291339,0.129866,0.129883
0.619751,-0.0297184,0.023622,0.159527,0.129883
0.620001,0.0733906,-0.393701,0.148579,0.129883
0.620251,0.137442,-0.929134,0.107314,0.129883
0.620501,0.168565,-1,0.0467146,0.129883
0.620751,0.180865,-1,-0.0147662,0.129883
0.621001,0.191739,-1,-0.0639965,0.129883
0.621251,0.216608,-1,-0.0883944,0.129883
0.621501,0.264223,-1,-0.0673147,0.129883
0.621751,0.333755,-1,-0.0217842,0.129883
0.622001,0.414425,-0.811024,0.0571668,0.129883
0.62225,0.487691,-0.023622,0.140525,0.129883
0.6225,0.531738,0.708661,0.212577,0.129883
0.62275,0.526933,1,0.242362,0.129883
0.623,0.46098,1,0.220702,0.129883
0.62325,0.332656,1,0.158327,0.129883
0.6235,0.15303,1,0.0726583,0.129883
0.62375,-0.0560948,1,-0.0222361,0.129883
0.624,-0.266264,1,-0.115684,0.129883
0.62425,-0.447902,0.771654,-0.181251,0.129883
0.6245,-0.576394,0.598425,-0.200154,0.129883
0.62475,-0.636863,0.559055,-0.185399,0.129883
0.625,-0.626821,0.629921,-0.12335,0.129883
0.62525,-0.556197,0.748031,-0.0400229,0.129883
0.6255,-0.444471,0.834646,0.0516953,0.129883
0.62575,-0.315881,0.80315,0.118802,0.129883
0.626,-0.193753,0.590551,0.166471,0.129883
0.62625,-0.095322,0.181102,0.161816,0.129883
0.6265,-0.0282676,-0.385827,0.12556,0.129883
0.62675,0.0102666,-1,0.0644977,0.129883
0.627,0.0319184,-1,0.00309231,0.129883
0.62725,0.0532001,-1,-0.0453419,0.129883
0.6275,0.0902288,-1,-0.0758753,0.129883
0.62775,0.153853,-1,-0.0815679,0.129883
0.628,0.245846,-1,-0.044951,0.129883
0.62825,0.357575,-1,0.0252723,0.129883
0.6285,0.471346,-0.755906,0.102607,0.129883
0.62875,0.564061,0,0.186312,0.129883
0.629,0.612651,0.645669,0.240434,0.129883
0.62925,0.599574,1,0.253141,0.129883
0.6295,0.517342,1,0.207674,0.129883
0.62975,0.37099,1,0.13856,0.129883
0.63,0.177561,1,0.0376062,0.129883
0.63025,-0.0369076,1,-0.0579065,0.129883
0.6305,-0.242522,0.811024,-0.119371,0.129883
0.63075,-0.411523,0.685039,-0.155764,0.129883
0.631,-0.523703,0.692913,-0.148402,0.129883
0.63125,-0.570215,0.818898,-0.0917982,0.129883
0.6315,-0.554632,1,-0.0227944,0.129883
0.63175,-0.491296,1,0.0673599,0.129883
0.632,-0.401273,1,0.132326,0.129883
0.63225,-0.30702,1,0.173555,0.129883
0.6325,-0.226912,0.84252,0.182098,0.129883
0.63275,-0.171091,0.291339,0.145673,0.129883
0.633,-0.139511,-0.393701,0.0725999,0.129883
0.63325,-0.122711,-1,-0.00591075,0.129883
0.6335,-0.105023,-1,-0.0715332,0.129883
0.63375,-0.0694127,-1,-0.114309,0.129883
0.634,-0.00271757,-1,-0.123447,0.129883
0.63425,0.0998943,-1,-0.0980403,0.129883
0.6345,0.232774,-1,-0.0380572,0.129883
0.63475,0.379986,-1,0.048193,0.129883
0.635,0.518308,-0.692913,0.141315,0.129883
0.63525,0.622034,-0.023622,0.215284,0.129883
0.6355,0.668868,0.503937,0.265205,0.129883
0.63575,0.645038,0.84252,0.253037,0.129883
0.636,0.548758,0.968504,0.199346,0.129883
0.636249,0.391051,0.92126,0.112221,0.129883
0.636499,0.193856,0.779528,0.01555,0.129883
0.636749,-0.0144765,0.629921,-0.0613604,0.129883
0.636999,-0.204858,0.559055,-0.115936,0.129883
0.637249,-0.353308,0.622047,-0.113261,0.129883
0.637499,-0.445486,0.818898,-0.079446,0.129883
0.637749,-0.479004,1,-0.0234186,0.129883
0.637999,-0.462866,1,0.048076,0.129883
0.638249,-0.414381,1,0.116141,0.129883
0.638499,-0.354274,1,0.15852,0.129883
0.638749,-0.301193,1,0.167618,0.129883
0.638999,-0.267039,1,0.129545,0.129883
0.639249,-0.254143,0.362205,0.0589654,0.129883
0.639499,-0.254989,-0.425197,-0.0314624,0.129883
0.639749,-0.254665,-1,-0.12055,0.129883
0.639999,-0.23522,-1,-0.178604,0.129883
0.640249,-0.18097,-1,-0.198244,0.129883
0.640499,-0.0833871,-1,-0.17773,0.129883
0.640749,0.0556984,-1,-0.114347,0.129883
0.640999,0.223235,-1,-0.0166008,0.129883
0.641249,0.397119,-1,0.0874767,0.129883
0.641499,0.550407,-0.645669,0.189556,0.129883
0.641749,0.656904,-0.110236,0.260334,0.129883
0.641999,0.696999,0.267717,0.291292,0.129883
0.642249,0.661945,0.456693,0.260789,0.129883
0.642499,0.555936,0.472441,0.191425,0.129883
0.642749,0.39533,0.385827,0.100408,0.129883
0.642999,0.205231,0.283465,0.00273004,0.129883
0.643249,0.014177,0.251969,-0.077497,0.129883
0.643499,-0.151654,0.362205,-0.11552,0.129883
0.643749,-0.273784,0.622047,-0.114242,0.129883
0.643999,-0.344598,1,-0.0795245,0.129883
0.644249,-0.368003,1,-0.0202544,0.129883
0.644499,-0.357324,1,0.0339752,0.129883
0.644749,-0.331065,1,0.0801412,0.129883
0.644999,-0.307594,1,0.107691,0.129883
0.645249,-0.30007,1,0.0891838,0.129883
0.645499,-0.312862,1,0.0432376,0.129883
0.645749,-0.340383,0.385827,-0.0401929,0.129883
0.645999,-0.368571,-0.464567,-0.123046,0.129883
0.646249,-0.378586,-1,-0.188098,0.129883
0.646499,-0.352137,-1,-0.219299,0.129883
0.646749,-0.27665,-1,-0.209935,0.129883
0.646999,-0.149358,-1,-0.149037,0.129883
0.647249,0.0208844,-1,-0.0643539,0.129883
0.647499,0.214531,-1,0.0417903,0.129883
0.647749,0.404872,-1,0.144581,0.129883
0.647999,0.563286,-0.637795,0.235731,0.129883
0.648249,0.665215,-0.251969,0.277155,0.129883
0.648499,0.695344,-0.0393701,0.266448,0.129883
0.648749,0.650707,0.00787402,0.211856,0.129883
0.648999,0.541184,-0.0472441,0.122302,0.129883
0.649249,0.38718,-0.133858,0.0189256,0.129883
0.649499,0.215057,-0.165354,-0.0699663,0.129883
0.649749,0.0513896,-0.0472441,-0.133585,0.129883
0.649998,-0.0826197,0.228346,-0.149878,0.129883
0.650248,-0.17511,0.677165,-0.133235,0.129883
0.650498,-0.225478,1,-0.0886929,0.129883
0.650748,-0.243189,1,-0.0181865,0.129883
0.650998,-0.244358,1,0.0376882,0.129883
0.651248,-0.246758,1,0.07103,0.129883
0.651498,-0.264563,1,0.0822238,0.129883
0.651748,-0.304129,1,0.0533757,0.129883
0.651998,-0.361887,1,-0.0143782,0.129883
0.652248,-0.424861,0.362205,-0.0922775,0.129883
0.652498,-0.473783,-0.496063,-0.176517,0.129883
0.652748,-0.487818,-1,-0.224996,0.129883
0.652998,-0.45022,-1,-0.228684,0.129883
0.653248,-0.352993,-1,-0.195093,0.129883
0.653498,-0.199768,-1,-0.112046,0.129883
0.653748,-0.006023,-1,-0.0162228,0.129883
0.653998,0.203453,-1,0.0833173,0.129883
0.654248,0.399311,-0.968504,0.172091,0.129883
0.654498,0.553554,-0.629921,0.223373,0.129883
0.654748,0.645073,-0.425197,0.238554,0.129883
0.654998,0.664045,-0.370079,0.198994,0.129883
0.655248,0.613464,-0.448819,0.118525,0.129883
0.655498,0.508047,-0.574803,0.0275937,0.129883
0.655748,0.370563,-0.645669,-0.0693486,0.129883
0.655998,0.226512,-0.574803,-0.130485,0.129883
0.656248,0.098422,-0.314961,-0.159218,0.129883
0.656498,0.00110989,0.141732,-0.156224,0.129883
0.656748,-0.0610064,0.755906,-0.108815,0.129883
0.656998,-0.0938687,1,-0.053187,0.129883
0.657248,-0.111291,1,0.00806944,0.129883
0.657498,-0.130379,1,0.0522892,0.129883
0.657748,-0.16627,1,0.0751451,0.129883
0.657998,-0.22742,1,0.057782,0.129883
0.658248,-0.312623,1,0.0114127,0.129883
0.658498,-0.410568,1,-0.066922,0.129883
0.658748,-0.502037,0.307087,-0.152009,0.129883
0.658998,-0.564295,-0.503937,-0.213809,0.129883
0.659248,-0.576533,-1,-0.250443,0.129883
0.659498,-0.525274,-1,-0.233047,0.129883
0.659748,-0.408118,-1,-0.16917,0.129883
0.659998,-0.23515,-1,-0.080007,0.129883
0.660248,-0.0275164,-1,0.0155819,0.129883
0.660498,0.186525,-1,0.101684,0.129883
0.660748,0.377188,-0.740157,0.162446,0.129883
0.660998,0.519114,-0.582677,0.186025,0.129883
0.661248,0.596322,-0.582677,0.16901,0.129883
0.661498,0.605068,-0.700787,0.106159,0.129883
0.661748,0.553872,-0.889764,0.0179478,0.129883
0.661998,0.460964,-1,-0.0640064,0.129883
0.662248,0.349525,-1,-0.131418,0.129883
0.662498,0.242094,-0.874016,-0.167291,0.129883
0.662748,0.1554,-0.456693,-0.165535,0.129883
0.662998,0.0968414,0.15748,-0.122817,0.129883
0.663248,0.0634795,0.905512,-0.0536969,0.129883
0.663498,0.0436008,1,0.00544784,0.129883
0.663747,0.0206904,1,0.0592675,0.129883
0.663997,-0.0213798,1,0.0913503,0.129883
0.664247,-0.0934423,1,0.0843205,0.129883
0.664497,-0.197166,1,0.0581633,0.129883
0.664747,-0.323639,1,-0.0155599,0.129883
0.664997,-0.454624,0.897638,-0.0978008,0.129883
0.665247,-0.566265,0.0708661,-0.179744,0.129883
0.665497,-0.634406,-0.653543,-0.23995,0.129883
0.665747,-0.640167,-1,-0.256885,0.129883
0.665997,-0.574714,-1,-0.22575,0.129883
0.666247,-0.441766,-1,-0.150882,0.129883
0.666497,-0.2573,-1,-0.066801,0.129883
0.666747,-0.0466576,-1,0.0175347,0.129883
0.666997,0.160509,-0.740157,0.0830208,0.129883
0.667247,0.336188,-0.574803,0.113984,0.129883
0.667497,0.459534,-0.566929,0.0980207,0.129883
0.667747,0.520676,-0.708661,0.0548838,0.129883
0.667997,0.522035,-0.944882,-0.0190628,0.129883
0.668247,0.476768,-1,-0.0957173,0.129883
0.668497,0.40484,-1,-0.148509,0.129883
0.668747,0.327806,-1,-0.171992,0.129883
0.668997,0.263346,-0.968504,-0.163158,0.129883
0.669247,0.221086,-0.425197,-0.106465,0.129883
0.669497,0.200612,0.299213,-0.0219137,0.129883
0.669747,0.192177,1,0.0739572,0.129883
0.669997,0.179758,1,0.149408,0.129883
0.670247,0.14602,1,0.189444,0.129883
0.670497,0.0774899,1,0.20433,0.129883
0.670747,-0.030891,1,0.173088,0.129883
0.670997,-0.173533,1,0.10096,0.129883
0.671247,-0.334298,1,-0.00644276,0.129883
0.671497,-0.489399,0.685039,-0.112726,0.129883
0.671747,-0.612292,-0.0314961,-0.217296,0.129883
0.671997,-0.679462,-0.606299,-0.279929,0.129883
0.672247,-0.675685,-0.96063,-0.291242,0.129883
0.672497,-0.597715,-1,-0.251211,0.129883
0.672747,-0.455206,-0.976378,-0.178754,0.129883
0.672997,-0.26899,-0.771654,-0.102477,0.129883
0.673247,-0.0667137,-0.551181,-0.0235915,0.129883
0.673497,0.122785,-0.433071,0.0141258,0.129883
0.673747,0.275322,-0.464567,0.0269276,0.129883
0.673997,0.375993,-0.669291,0.000899952,0.129883
0.674247,0.421533,-1,-0.0520648,0.129883
0.674497,0.420005,-1,-0.105219,0.129883
0.674747,0.387741,-1,-0.141682,0.129883
0.674997,0.344594,-1,-0.156643,0.129883
0.675247,0.308463,-1,-0.140264,0.129883
0.675497,0.290642,-1,-0.083069,0.129883
0.675747,0.292923,-0.511811,0.0155106,0.129883
0.675997,0.307313,0.314961,0.121246,0.129883
0.676247,0.318367,1,0.208921,0.129883
0.676497,0.307571,1,0.272131,0.129883
0.676747,0.258576,1,0.286231,0.129883
0.676997,0.162299,1,0.258712,0.129883
0.677247,0.0201564,1,0.182274,0.129883
0.677496,-0.155078,1,0.0710183,0.129883
0.677746,-0.341058,1,-0.0536548,0.129883
0.677996,-0.510288,0.629921,-0.181865,0.129883
0.678246,-0.635669,0.0629921,-0.269414,0.129883
0.678496,-0.696279,-0.314961,-0.320104,0.129883
0.678746,-0.681869,-0.488189,-0.305389,0.129883
0.678996,-0.595129,-0.472441,-0.248184,0.129883
0.679246,-0.451043,-0.330709,-0.162503,0.129883
0.679496,-0.273633,-0.165354,-0.0725258,0.129883
0.679746,-0.0907471,-0.0866142,-0.00342725,0.129883
0.679996,0.0717028,-0.173228,0.0457338,0.129883
0.680246,0.195106,-0.440945,0.0563262,0.129883
0.680496,0.271402,-0.88189,0.0341901,0.129883
0.680746,0.30382,-1,-0.0137163,0.129883
0.680996,0.305001,-1,-0.0557189,0.129883
0.681246,0.292725,-1,-0.0760937,0.129883
0.681496,0.284717,-1,-0.0809875,0.129883
0.681746,0.293565,-1,-0.0541862,0.129883
0.681996,0.323105,-1,0.0164468,0.129883
0.682246,0.367181,-0.590551,0.0980387,0.129883
0.682496,0.41107,0.307087,0.1906,0.129883
0.682746,0.435235,1,0.257034,0.129883
0.682996,0.420527,1,0.28499,0.129883
0.683246,0.353449,1,0.260188,0.129883
0.683496,0.230445,1,0.194442,0.129883
0.683746,0.0597529,1,0.092498,0.129883
0.683996,-0.139369,1,-0.02457,0.129883
0.684246,-0.34009,1,-0.134699,0.129883
0.684496,-0.513191,0.653543,-0.234424,0.129883
0.684746,-0.633168,0.267717,-0.289689,0.129883
0.684996,-0.683368,0.0629921,-0.290624,0.129883
0.685246,-0.659321,0.0472441,-0.240099,0.129883
0.685496,-0.569443,0.15748,-0.150099,0.129883
0.685746,-0.432818,0.299213,-0.0527211,0.129883
0.685996,-0.274781,0.370079,0.0345391,0.129883
0.686246,-0.121252,0.275591,0.0974614,0.129883
0.686496,0.00684978,-0.015748,0.123183,0.129883
0.686746,0.0976393,-0.519685,0.111798,0.129883
0.686996,0.150223,-1,0.0668607,0.129883
0.687246,0.173638,-1,0.0176985,0.129883
0.687496,0.183605,-1,-0.0345514,0.129883
0.687746,0.19745,-1,-0.056185,0.129883
0.687996,0.228939,-1,-0.0643239,0.129883
0.688246,0.284019,-1,-0.0251218,0.129883
0.688496,0.358641,-1,0.0409105,0.129883
0.688746,0.43922,-0.574803,0.123645,0.129883
0.688996,0.50567,0.338583,0.20211,0.129883
0.689246,0.536252,1,0.2547,0.129883
0.689496,0.513116,1,0.2605,0.129883
0.689746,0.427125,1,0.222399,0.129883
0.689996,0.280933,1,0.143489,0.129883
0.690246,0.0892783,1,0.040614,0.129883
0.690496,-0.123406,1,-0.05705,0.129883
0.690746,-0.327664,0.984252,-0.14853,0.129883
0.690996,-0.494917,0.637795,-0.204496,0.129883
0.691245,-0.603094,0.456693,-0.218105,0.129883
0.691495,-0.641069,0.440945,-0.183765,0.129883
0.691745,-0.610394,0.566929,-0.112029,0.129883
0.691995,-0.524432,0.740157,-0.0228086,0.129883
0.692245,-0.404731,0.866142,0.0716409,0.129883
0.692495,-0.275857,0.826772,0.131449,0.129883
0.692745,-0.159721,0.566929,0.157937,0.129883
0.692995,-0.0708182,0.0708661,0.144783,0.129883
0.693245,-0.0134928,-0.606299,0.101987,0.129883
0.693495,0.0181977,-1,0.0420093,0.129883
0.693745,0.0378323,-1,-0.0219898,0.129883
0.693995,0.0624578,-1,-0.0552622,0.129883
0.694245,0.107048,-1,-0.0801997,0.129883
0.694495,0.179883,-1,-0.0559068,0.129883
0.694745,0.279489,-1,-0.0127736,0.129883
0.694995,0.394108,-1,0.0695968,0.129883
0.695245,0.503851,-0.503937,0.147768,0.129883
0.695495,0.585046,0.354331,0.227919,0.129883
0.695745,0.615752,1,0.264179,0.129883
0.695995,0.58121,1,0.250281,0.129883
0.696245,0.477711,1,0.198192,0.129883
0.696495,0.314228,1,0.106155,0.129883
0.696745,0.11109,1,0.0126439,0.129883
0.696995,-0.103838,1,-0.0755284,0.129883
0.697245,-0.30068,0.76378,-0.132502,0.129883
0.697495,-0.453524,0.622047,-0.157379,0.129883
0.697745,-0.545456,0.653543,-0.129696,0.129883
0.697995,-0.571542,0.826772,-0.0734711,0.129883
0.698245,-0.538978,1,0.00572916,0.129883
0.698495,-0.464807,1,0.0902222,0.129883
0.698745,-0.371132,1,0.15274,0.129883
0.698995,-0.27967,1,0.181457,0.129883
0.699245,-0.206564,0.787402,0.163364,0.129883
0.699495,-0.158839,0.11811,0.109529,0.129883
0.699745,-0.133291,-0.692913,0.0414887,0.129883
0.699995,-0.118068,-1,-0.0344652,0.142444
0.700245,-0.0964753,-1,-0.0956952,0.142444
0.700495,-0.0522299,-1,-0.128537,0.142444
0.700745,0.025676,-1,-0.123565,0.142444
0.700995,0.138925,-1,-0.0798807,0.142444
0.701245,0.278451,-1,-0.00568034,0.142444
0.701495,0.425595,-1,0.0861446,0.142444
0.701745,0.555759,-0.440945,0.171862,0.142444
0.701995,0.643718,0.307087,0.243495,0.142444
0.702245,0.669336,0.866142,0.269516,0.142444
0.702495,0.62232,1,0.247306,0.142444
0.702745,0.504984,1,0.185252,0.142444
0.702995,0.332121,1,0.0907004,0.142444
0.703245,0.128218,0.858268,-0.00397183,0.142444
0.703495,-0.0774767,0.645669,-0.06645,0.142444
0.703745,-0.256887,0.559055,-0.102824,0.142444
0.703995,-0.388666,0.637795,-0.0919361,0.142444
0.704245,-0.462116,0.889764,-0.0432443,0.142444
0.704495,-0.478603,1,0.0310287,0.142444
0.704745,-0.450167,1,0.107294,0.142444
0.704994,-0.395786,1,0.159419,0.142444
0.705244,-0.336112,1,0.181389,0.142444
0.705494,-0.288117,1,0.166707,0.142444
0.705744,-0.260873,0.952756,0.109272,0.142444
0.705994,-0.25351,0.141732,0.0221401,0.142444
0.706244,-0.255837,-0.779528,-0.0785803,0.142444
0.706494,-0.251443,-1,-0.1642,0.142444
0.706744,-0.222511,-1,-0.20578,0.142444
0.706994,-0.15511,-1,-0.214924,0.142444
0.707244,-0.0437633,-1,-0.179455,0.142444
0.707494,0.106135,-1,-0.102052,0.142444
0.707744,0.278383,-1,-0.00287029,0.142444
0.707994,0.448778,-1,0.116323,0.142444
0.708244,0.589975,-0.425197,0.206785,0.142444
0.708494,0.677298,0.15748,0.271526,0.142444
0.708744,0.694151,0.535433,0.295001,0.142444
0.708994,0.635745,0.677165,0.255486,0.142444
0.709244,0.510308,0.622047,0.176779,0.142444
0.709494,0.337452,0.464567,0.0770618,0.142444
0.709744,0.143982,0.307087,-0.00750873,0.142444
0.709994,-0.0416743,0.267717,-0.0594968,0.142444
0.710244,-0.195301,0.401575,-0.081578,0.142444
0.710494,-0.301583,0.716535,-0.0693083,0.142444
0.710744,-0.356587,1,-0.0215258,0.142444
0.710994,-0.367515,1,0.0357131,0.142444
0.711244,-0.349825,1,0.0814227,0.142444
0.711494,-0.32262,1,0.118223,0.142444
0.711744,-0.303112,1,0.113361,0.142444
0.711994,-0.301968,1,0.0825608,0.142444
0.712244,-0.320448,1,0.00229307,0.142444
0.712494,-0.350006,0.141732,-0.0902621,0.142444
0.712744,-0.374583,-0.826772,-0.178326,0.142444
0.712994,-0.374952,-1,-0.23425,0.142444
0.713244,-0.334065,-1,-0.251322,0.142444
0.713494,-0.24208,-1,-0.217388,0.142444
0.713744,-0.0997946,-1,-0.14739,0.142444
0.713994,0.0803641,-1,-0.0452824,0.142444
0.714244,0.276048,-1,0.0730861,0.142444
0.714494,0.459344,-1,0.183129,0.142444
0.714744,0.602308,-0.464567,0.26044,0.142444
0.714994,0.682808,-0.0629921,0.292771,0.142444
0.715244,0.689164,0.110236,0.278755,0.142444
0.715494,0.622528,0.110236,0.202775,0.142444
0.715744,0.496433,-0.00787402,0.110709,0.142444
0.715994,0.333774,-0.141732,0.00663939,0.142444
0.716244,0.161572,-0.181102,-0.0690324,0.142444
0.716494,0.00532366,-0.0314961,-0.118385,0.142444
0.716744,-0.116381,0.314961,-0.13084,0.142444
0.716994,-0.195199,0.858268,-0.104517,0.142444
0.717244,-0.233896,1,-0.0508185,0.142444
0.717494,-0.244493,1,0.00695382,0.142444
0.717744,-0.244182,1,0.0481884,0.142444
0.717994,-0.250198,1,0.0668908,0.142444
0.718244,-0.274606,1,0.0659846,0.142444
0.718494,-0.320756,1,0.0165025,0.142444
0.718744,-0.38193,1,-0.056552,0.142444
0.718993,-0.442745,0.0944882,-0.143172,0.142444
0.719243,-0.482854,-0.858268,-0.208644,0.142444
0.719493,-0.482155,-1,-0.248924,0.142444
0.719743,-0.426188,-1,-0.236645,0.142444
0.719993,-0.310405,-1,-0.178346,0.142444
0.720243,-0.142272,-1,-0.0791495,0.142444
0.720493,0.0594103,-1,0.0179743,0.142444
0.720743,0.267857,-1,0.120631,0.142444
0.720993,0.453425,-0.874016,0.198545,0.142444
0.721243,0.589749,-0.511811,0.241703,0.142444
0.721493,0.65896,-0.330709,0.241997,0.142444
0.721743,0.655176,-0.338583,0.182581,0.142444
0.721993,0.585324,-0.472441,0.101917,0.142444
0.722243,0.467119,-0.637795,0.00293227,0.142444
0.722493,0.324859,-0.724409,-0.0858488,0.142444
0.722743,0.183683,-0.622047,-0.137842,0.142444
0.722993,0.0641008,-0.283465,-0.161612,0.142444
0.723243,-0.0221148,0.283465,-0.138802,0.142444
0.723493,-0.0739507,1,-0.101252,0.142444
0.723743,-0.100224,1,-0.0421772,0.142444
0.723993,-0.116313,1,0.00678733,0.142444
0.724243,-0.139261,1,0.0497503,0.142444
0.724493,-0.182596,1,0.055477,0.142444
0.724743,-0.251926,1,0.0340352,0.142444
0.724993,-0.342794,1,-0.0271797,0.142444
0.725243,-0.441048,1,-0.0985749,0.142444
0.725493,-0.525805,0.023622,-0.1759,0.142444
0.725743,-0.574338,-0.866142,-0.239575,0.142444
0.725993,-0.567631,-1,-0.243051,0.142444
0.726243,-0.49536,-1,-0.207928,0.142444
0.726493,-0.35901,-1,-0.129495,0.142444
0.726743,-0.172443,-1,-0.0398073,0.142444
0.726993,0.0404399,-1,0.0610996,0.142444
0.727243,0.250253,-1,0.137156,0.142444
0.727493,0.427981,-0.732283,0.184051,0.142444
0.727743,0.550782,-0.582677,0.194972,0.142444
0.727993,0.606287,-0.622047,0.154107,0.142444
0.728243,0.594753,-0.80315,0.0740546,0.142444
0.728493,0.52816,-1,-0.0147545,0.142444
0.728743,0.426831,-1,-0.109316,0.142444
0.728993,0.314408,-1,-0.166983,0.142444
0.729243,0.212083,-0.96063,-0.190504,0.142444
0.729493,0.133926,-0.433071,-0.16895,0.142444
0.729743,0.0840634,0.307087,-0.120749,0.142444
0.729993,0.0564714,1,-0.0613698,0.142444
0.730243,0.0375185,1,0.00544443,0.142444
0.730493,0.0101987,1,0.051236,0.142444
0.730743,-0.040495,1,0.0711432,0.142444
0.730993,-0.12281,1,0.0628642,0.142444
0.731243,-0.235132,1,0.0179977,0.142444
0.731493,-0.365348,1,-0.0488795,0.142444
0.731743,-0.49296,0.866142,-0.13247,0.142444
0.731993,-0.593397,-0.0314961,-0.204614,0.142444
0.732243,-0.643564,-0.795276,-0.245334,0.142444
0.732493,-0.627359,-1,-0.245543,0.142444
0.732742,-0.539721,-1,-0.187855,0.142444
0.732992,-0.388338,-1,-0.101611,0.142444
0.733242,-0.192605,-1,-0.00589296,0.142444
0.733492,0.0201825,-0.952756,0.0725144,0.142444
0.733742,0.220237,-0.700787,0.126921,0.142444
0.733992,0.381261,-0.598425,0.137179,0.142444
0.734242,0.485557,-0.685039,0.109844,0.142444
0.734492,0.527134,-0.944882,0.0422529,0.142444
0.734742,0.512014,-1,-0.0433584,0.142444
0.734992,0.456028,-1,-0.126194,0.142444
0.735242,0.380237,-1,-0.18099,0.142444
0.735492,0.305565,-1,-0.199088,0.142444
0.735742,0.247502,-1,-0.181407,0.142444
0.735992,0.212613,-0.519685,-0.121716,0.142444
0.736242,0.197344,0.370079,-0.0337562,0.142444
0.736492,0.189535,1,0.0593916,0.142444
0.736742,0.17218,1,0.132652,0.142444
0.736992,0.128659,1,0.167554,0.142444
0.737242,0.0477135,1,0.160559,0.142444
0.737492,-0.0725598,1,0.119473,0.142444
0.737742,-0.223075,1,0.0450587,0.142444
0.737992,-0.384867,1,-0.0538443,0.142444
0.738242,-0.532688,0.748031,-0.160913,0.142444
0.738492,-0.640314,-0.015748,-0.233626,0.142444
0.738742,-0.686324,-0.606299,-0.273546,0.142444
0.738992,-0.658981,-0.937008,-0.260609,0.142444
0.739242,-0.559125,-1,-0.20255,0.142444
0.739492,-0.400219,-0.874016,-0.118393,0.142444
0.739742,-0.205805,-0.653543,-0.0279055,0.142444
0.739992,-0.00454686,-0.464567,0.0455334,0.142444
0.740242,0.175583,-0.409449,0.0781083,0.142444
0.740492,0.312908,-0.551181,0.0763255,0.142444
0.740742,0.396054,-0.88189,0.0306891,0.142444
0.740992,0.425488,-1,-0.0303079,0.142444
0.741242,0.412298,-1,-0.0977081,0.142444
0.741492,0.374454,-1,-0.14695,0.142444
0.741742,0.331785,-1,-0.165043,0.142444
0.741992,0.300607,-1,-0.150172,0.142444
0.742242,0.289392,-1,-0.0912049,0.142444
0.742492,0.296761,-0.566929,-0.00140684,0.142444
0.742742,0.312017,0.425197,0.100704,0.142444
0.742992,0.318202,1,0.192196,0.142444
0.743242,0.296903,1,0.248005,0.142444
0.743492,0.233599,1,0.252254,0.142444
0.743742,0.122199,1,0.199735,0.142444
0.743992,-0.0322229,1,0.12025,0.142444
0.744242,-0.213565,1,0.010425,0.142444
0.744492,-0.39735,1,-0.107465,0.142444
0.744742,-0.555546,0.677165,-0.220086,0.142444
0.744992,-0.662406,0.0944882,-0.290737,0.142444
0.745242,-0.69997,-0.275591,-0.304317,0.142444
0.745492,-0.661948,-0.417323,-0.268804,0.142444
0.745742,-0.55508,-0.354331,-0.189876,0.142444
0.745992,-0.39763,-0.181102,-0.096728,0.142444
0.746242,-0.215458,-0.023622,-0.00242585,0.142444
0.746491,-0.0364734,0,0.0654825,0.142444
0.746741,0.115264,-0.173228,0.100158,0.142444
0.746991,0.224194,-0.566929,0.0912264,0.142444
0.747241,0.285861,-1,0.0558666,0.142444
0.747491,0.306784,-1,0.00735417,0.142444
0.747741,0.301719,-1,-0.0353359,0.142444
0.747991,0.289022,-1,-0.0630379,0.142444
0.748241,0.285308,-1,-0.073,0.142444
0.748491,0.30071,-1,-0.0413583,0.142444
0.748741,0.335937,-1,0.0187456,0.142444
0.748991,0.381863,-0.559055,0.0990848,0.142444
0.749241,0.421757,0.488189,0.1829,0.142444
0.749491,0.435605,1,0.242336,0.142444
0.749741,0.405492,1,0.249669,0.142444
0.749991,0.320703,1,0.213703,0.142444
0.750241,0.181283,1,0.13418,0.142444
0.750491,-0.000902805,1,0.0341882,0.142444
0.750741,-0.203637,1,-0.0870336,0.142444
0.750991,-0.398752,1,-0.192247,0.142444
0.751241,-0.557592,0.645669,-0.266353,0.142444
0.751491,-0.656917,0.267717,-0.291064,0.142444
0.751741,-0.683664,0.102362,-0.263011,0.142444
0.751991,-0.637479,0.141732,-0.192014,0.142444
0.752241,-0.530472,0.299213,-0.0987634,0.142444
0.752491,-0.38425,0.464567,0.0123021,0.142444
0.752741,-0.224927,0.511811,0.101835,0.142444
0.752991,-0.0775018,0.354331,0.14791,0.142444
0.753241,0.0396317,-0.0393701,0.16209,0.142444
0.753491,0.118004,-0.661417,0.136332,0.142444
0.753741,0.16006,-1,0.0835189,0.142444
0.753991,0.177394,-1,0.0336492,0.142444
0.754241,0.186777,-1,-0.00939832,0.142444
0.754491,0.204975,-1,-0.0391213,0.142444
0.754741,0.243677,-1,-0.0361272,0.142444
0.754991,0.305826,-1,-0.00271221,0.142444
0.755241,0.384168,-1,0.0655383,0.142444
0.755491,0.462662,-0.464567,0.136613,0.142444
0.755741,0.520117,0.559055,0.202749,0.142444
0.755991,0.535421,1,0.245078,0.142444
0.756241,0.493007,1,0.22846,0.142444
0.756491,0.387246,1,0.171032,0.142444
0.756741,0.224668,1,0.0778616,0.142444
0.756991,0.0234131,1,-0.0200092,0.142444
0.757241,-0.189908,1,-0.123366,0.142444
0.757491,-0.385411,0.937008,-0.198561,0.142444
0.757741,-0.536016,0.598425,-0.229398,0.142444
0.757991,-0.622758,0.448819,-0.215349,0.142444
0.758241,-0.63841,0.503937,-0.166302,0.142444
0.758491,-0.588473,0.692913,-0.0736947,0.142444
0.758741,-0.489342,0.92126,0.0300485,0.142444
0.758991,-0.36413,1,0.108725,0.142444
0.759241,-0.237149,0.968504,0.166065,0.142444
0.759491,-0.128432,0.622047,0.179604,0.142444
0.759741,-0.0494857,0.00787402,0.16048,0.142444
0.759991,-0.00129486,-0.795276,0.115924,0.142444
0.76024,0.024867,-1,0.0560328,0.142444
0.76049,0.0442443,-1,0.000826288,0.142444
0.76074,0.0737539,-1,-0.032993,0.142444
0.76099,0.126737,-1,-0.037589,0.142444
0.76124,0.208629,-1,-0.0218176,0.142444
0.76149,0.314677,-1,0.0326388,0.142444
0.76174,0.430192,-1,0.101777,0.142444
0.76199,0.533551,-0.338583,0.173805,0.142444
0.76224,0.601012,0.590551,0.234189,0.142444
0.76249,0.61236,1,0.252016,0.142444
0.76274,0.555969,1,0.210416,0.142444
0.76299,0.43209,1,0.144024,0.142444
0.76324,0.253519,1,0.040517,0.142444
0.76349,0.0434403,1,-0.0490322,0.142444
0.76374,-0.168953,1,-0.134219,0.142444
0.76399,-0.354428,0.708661,-0.174173,0.142444
0.76424,-0.489459,0.598425,-0.169466,0.142444
0.76449,-0.560637,0.685039,-0.129295,0.142444
0.76474,-0.566984,0.937008,-0.0482387,0.142444
0.76499,-0.519193,1,0.0447988,0.142444
0.76524,-0.436423,1,0.133128,0.142444
0.76549,-0.341271,1,0.186039,0.142444
0.76574,-0.254202,1,0.202403,0.142444
0.76599,-0.188801,0.80315,0.178484,0.142444
0.76624,-0.148853,0.00787402,0.122813,0.142444
0.76649,-0.128118,-0.929134,0.0365857,0.142444
0.76674,-0.112791,-1,-0.0425464,0.142444
0.76699,-0.0857009,-1,-0.0952892,0.142444
0.76724,-0.031677,-1,-0.118029,0.142444
0.76749,0.0576385,-1,-0.109899,0.142444
0.76774,0.18061,-1,-0.0553948,0.142444
0.76799,0.324927,-1,0.0224306,0.142444
0.76824,0.469535,-1,0.112424,0.142444
0.76849,0.589034,-0.244094,0.193062,0.142444
0.76874,0.659194,0.535433,0.244919,0.142444
0.76899,0.662544,1,0.261673,0.142444
0.76924,0.592593,1,0.219342,0.142444
0.76949,0.455698,1,0.14231,0.142444
0.76974,0.270117,1,0.0478848,0.142444
0.76999,0.0624136,0.80315,-0.0318535,0.142444
0.77024,-0.137832,0.582677,-0.0894923,0.142444
0.77049,-0.304136,0.511811,-0.103168,0.142444
0.77074,-0.41818,0.653543,-0.0754537,0.142444
0.77099,-0.47306,0.984252,-0.0183111,0.142444
0.77124,-0.47372,1,0.0593128,0.142444
0.77149,-0.434906,1,0.13199,0.142444
0.77174,-0.376709,1,0.181608,0.142444
0.77199,-0.319176,1,0.193925,0.142444
0.77224,-0.277167,1,0.162391,0.142444
0.77249,-0.256741,0.92126,0.0929665,0.142444
0.77274,-0.253898,-0.015748,-0.0015331,0.142444
0.77299,-0.256056,-1,-0.10681,0.142444
0.77324,-0.245766,-1,-0.183158,0.142444
0.77349,-0.205934,-1,-0.220145,0.142444
0.77374,-0.124855,-1,-0.209792,0.142444
0.773989,-0.000290755,-1,-0.155457,0.142444
0.774239,0.158821,-1,-0.0714388,0.142444
0.774489,0.333374,-1,0.0379983,0.142444
0.774739,0.497538,-1,0.155153,0.142444
0.774989,0.62419,-0.244094,0.2433,0.142444
0.775239,0.690665,0.346457,0.292472,0.142444
0.775489,0.683778,0.685039,0.284668,0.142444
0.775739,0.602851,0.755906,0.230632,0.142444
0.775989,0.459986,0.629921,0.142586,0.142444
0.776239,0.277575,0.409449,0.0481753,0.142444
0.776489,0.0835827,0.23622,-0.0360818,0.142444
0.776739,-0.0942968,0.212598,-0.0816071,0.142444
0.776989,-0.23419,0.401575,-0.0818708,0.142444
0.777239,-0.324234,0.811024,-0.0544003,0.142444
0.777489,-0.36415,1,-0.000627477,0.142444
0.777739,-0.364157,1,0.0520325,0.142444
0.777989,-0.341439,1,0.100752,0.142444
0.778239,-0.315011,1,0.117899,0.142444
0.778489,-0.300514,1,0.103321,0.142444
0.778739,-0.30588,1,0.0510514,0.142444
0.778989,-0.329186,0.984252,-0.03219,0.142444
0.779239,-0.359163,-0.0629921,-0.121641,0.142444
0.779489,-0.378217,-1,-0.205767,0.142444
0.779739,-0.367216,-1,-0.252139,0.142444
0.779989,-0.310886,-1,-0.249487,0.142444
0.780239,-0.202433,-1,-0.192459,0.142444
0.780489,-0.0464064,-1,-0.105302,0.142444
0.780739,0.141371,-1,0.000990659,0.142444
0.780989,0.336319,-1,0.124972,0.142444
0.781239,0.509795,-0.889764,0.225202,0.142444
0.781489,0.635107,-0.307087,0.291371,0.142444
0.781739,0.692997,0.0629921,0.30948,0.142444
0.781989,0.675686,0.188976,0.267348,0.142444
0.782239,0.588402,0.110236,0.18088,0.142444
0.782489,0.448052,-0.0708661,0.0772117,0.142444
0.782739,0.279443,-0.23622,-0.0200228,0.142444
0.782989,0.109751,-0.259843,-0.099181,0.142444
0.783239,-0.0372275,-0.0629921,-0.130427,0.142444
0.783489,-0.145826,0.377953,-0.131572,0.142444
0.783739,-0.211246,1,-0.0920181,0.142444
0.783989,-0.239482,1,-0.0430681,0.142444
0.784239,-0.2447,1,0.00385847,0.142444
0.784489,-0.244687,1,0.0430195,0.142444
0.784739,-0.255544,1,0.055145,0.142444
0.784989,-0.286878,1,0.0287321,0.142444
0.785239,-0.338917,1,-0.0166561,0.142444
0.785489,-0.40198,0.937008,-0.0998456,0.142444
0.785739,-0.458586,-0.15748,-0.171023,0.142444
0.785989,-0.487882,-1,-0.230008,0.142444
0.786239,-0.470983,-1,-0.25074,0.142444
0.786489,-0.396171,-1,-0.214356,0.142444
0.786739,-0.262577,-1,-0.135969,0.142444
0.786989,-0.0813937,-1,-0.0277851,0.142444
0.787239,0.125535,-1,0.0810513,0.142444
0.787489,0.329956,-1,0.170106,0.142444
0.787739,0.502592,-0.76378,0.24427,0.142444
0.787988,0.619245,-0.401575,0.263371,0.142444
0.788238,0.66555,-0.259843,0.234151,0.142444
0.788488,0.639697,-0.330709,0.167511,0.142444
0.788738,0.552348,-0.527559,0.0659844,0.142444
0.788988,0.423835,-0.732283,-0.0307295,0.142444
0.789238,0.279301,-0.818898,-0.120631,0.142444
0.789488,0.143042,-0.669291,-0.162553,0.142444
0.789738,0.0331774,-0.244094,-0.173143,0.142444
0.789988,-0.0418432,0.425197,-0.141877,0.142444
0.790238,-0.0843051,1,-0.0982922,0.142444
0.790488,-0.105538,1,-0.0343653,0.142444
0.790738,-0.122018,1,0.0106304,0.142444
0.790988,-0.150227,1,0.0268579,0.142444
0.791238,-0.201566,1,0.0238613,0.142444
0.791488,-0.278636,1,-0.00279422,0.142444
0.791738,-0.373734,1,-0.0705716,0.142444
0.791988,-0.470211,0.811024,-0.136512,0.142444
0.792238,-0.545979,-0.251969,-0.213756,0.142444
0.792488,-0.578889,-1,-0.244336,0.142444
0.792738,-0.552185,-1,-0.243783,0.142444
0.792988,-0.459033,-1,-0.182933,0.142444
0.793238,-0.304888,-1,-0.0908461,0.142444
0.793488,-0.107121,-1,0.0161693,0.142444
0.793738,0.108067,-1,0.104373,0.142444
0.793988,0.310797,-0.952756,0.174568,0.142444
0.794238,0.473298,-0.637795,0.209248,0.142444
0.794488,0.575695,-0.527559,0.197622,0.142444
0.794738,0.609525,-0.622047,0.134095,0.142444
0.794988,0.578927,-0.88189,0.0478257,0.142444
0.795238,0.498978,-1,-0.0436432,0.142444
0.795488,0.391643,-1,-0.127315,0.142444
0.795738,0.280359,-1,-0.186476,0.142444
0.795988,0.184537,-0.984252,-0.197617,0.142444
0.796238,0.115298,-0.346457,-0.167943,0.142444
0.796488,0.0735176,0.511811,-0.11,0.142444
0.796738,0.0503894,1,-0.0400574,0.142444
0.796988,0.0306504,1,0.0185117,0.142444
0.797238,-0.00263018,1,0.05843,0.142444
0.797488,-0.0627935,1,0.057192,0.142444
0.797738,-0.155213,1,0.0357544,0.142444
0.797988,-0.274913,1,-0.0153057,0.142444
0.798238,-0.406811,1,-0.0934199,0.142444
0.798488,-0.528609,0.653543,-0.167334,0.142444
0.798738,-0.615514,-0.314961,-0.231292,0.142444
0.798988,-0.646116,-1,-0.259898,0.142444
0.799238,-0.607427,-1,-0.236108,0.142444
0.799488,-0.498347,-1,-0.161191,0.142444
0.799738,-0.330496,-1,-0.0720927,0.142444
0.799988,-0.126232,-1,0.0273023,0.147022
0.800238,0.0857177,-0.897638,0.0971033,0.147022
0.800488,0.276035,-0.637795,0.140295,0.147022
0.800738,0.420676,-0.566929,0.139025,0.147022
0.800988,0.505323,-0.716535,0.0931214,0.147022
0.801238,0.527894,-1,0.0211901,0.147022
0.801488,0.497886,-1,-0.0675742,0.147022
0.801737,0.433316,-1,-0.146225,0.147022
0.801987,0.355802,-1,-0.194741,0.147022
0.802237,0.28504,-1,-0.206597,0.147022
0.802487,0.23402,-1,-0.163815,0.147022
0.802737,0.206144,-0.370079,-0.0969466,0.147022
0.802987,0.194824,0.637795,-0.0041049,0.147022
0.803237,0.185947,1,0.0848846,0.147022
0.803487,0.162029,1,0.142171,0.147022
0.803737,0.107582,1,0.165813,0.147022
0.803987,0.0139795,1,0.149585,0.147022
0.804237,-0.117277,1,0.0898547,0.147022
0.804487,-0.273759,1,0.00477859,0.147022
0.804737,-0.434043,1,-0.0931996,0.147022
0.804987,-0.571977,0.527559,-0.19011,0.147022
0.805237,-0.662186,-0.267717,-0.259004,0.147022
0.805487,-0.68586,-0.84252,-0.286201,0.147022
0.805737,-0.635037,-1,-0.254728,0.147022
0.805987,-0.514641,-1,-0.177139,0.147022
0.806237,-0.341714,-0.897638,-0.0827383,0.147022
0.806487,-0.141975,-0.622047,-0.00251151,0.147022
0.806737,0.0554692,-0.417323,0.0639724,0.147022
0.806987,0.224073,-0.385827,0.0849889,0.147022
0.807237,0.345059,-0.582677,0.054471,0.147022
0.807487,0.410761,-0.992126,0.00510531,0.147022
0.807737,0.425188,-1,-0.0638518,0.147022
0.807987,0.402105,-1,-0.127314,0.147022
0.808237,0.360685,-1,-0.168041,0.147022
0.808487,0.320181,-1,-0.173396,0.147022
0.808737,0.294798,-1,-0.138704,0.147022
0.808987,0.290037,-1,-0.0632314,0.147022
0.809237,0.301427,-0.362205,0.0349192,0.147022
0.809487,0.315838,0.740157,0.13516,0.147022
0.809737,0.31527,1,0.217473,0.147022
0.809987,0.282018,1,0.260653,0.147022
0.810237,0.203775,1,0.238352,0.147022
0.810487,0.0777964,1,0.177463,0.147022
0.810737,-0.0872766,1,0.0877373,0.147022
0.810987,-0.272298,1,-0.0304765,0.147022
0.811237,-0.451079,1,-0.150494,0.147022
0.811487,-0.595682,0.488189,-0.24841,0.147022
0.811737,-0.68222,-0.102362,-0.306093,0.147022
0.811987,-0.696109,-0.440945,-0.306298,0.147022
0.812237,-0.635131,-0.511811,-0.256031,0.147022
0.812487,-0.509954,-0.377953,-0.165043,0.147022
0.812737,-0.341759,-0.149606,-0.070448,0.147022
0.812987,-0.157669,0.015748,0.0256537,0.147022
0.813237,0.0150342,0.015748,0.0724531,0.147022
0.813487,0.154516,-0.212598,0.0910906,0.147022
0.813737,0.248534,-0.685039,0.0784514,0.147022
0.813987,0.296238,-1,0.0308514,0.147022
0.814237,0.307136,-1,-0.0199474,0.147022
0.814487,0.297695,-1,-0.0521965,0.147022
0.814737,0.286251,-1,-0.0774566,0.147022
0.814987,0.287851,-1,-0.0658666,0.147022
0.815237,0.309876,-1,-0.0209291,0.147022
0.815486,0.349867,-1,0.053488,0.147022
0.815736,0.395954,-0.307087,0.140076,0.147022
0.815986,0.42986,0.826772,0.22512,0.147022
0.816236,0.431585,1,0.265652,0.147022
0.816486,0.384998,1,0.257338,0.147022
0.816736,0.282451,1,0.204934,0.147022
0.816986,0.12779,1,0.105981,0.147022
0.817236,-0.0635849,1,-0.00389191,0.147022
0.817486,-0.267105,1,-0.122808,0.147022
0.817736,-0.453775,1,-0.218931,0.147022
0.817986,-0.596046,0.496063,-0.285166,0.147022
0.818236,-0.673411,0.141732,-0.30367,0.147022
0.818486,-0.676672,0.0393701,-0.258091,0.147022
0.818736,-0.609552,0.141732,-0.171244,0.147022
0.818986,-0.487565,0.354331,-0.0721035,0.147022
0.819236,-0.334364,0.535433,0.0376297,0.147022
0.819486,-0.176331,0.566929,0.115439,0.147022
0.819736,-0.0368477,0.346457,0.149808,0.147022
0.819986,0.0685121,-0.141732,0.154108,0.147022
0.820236,0.134716,-0.858268,0.119851,0.147022
0.820486,0.167418,-1,0.0738738,0.147022
0.820736,0.180343,-1,0.025136,0.147022
0.820986,0.190837,-1,-0.0147128,0.147022
0.821236,0.214596,-1,-0.028196,0.147022
0.821486,0.260815,-1,-0.0112169,0.147022
0.821736,0.329278,-1,0.0308123,0.147022
0.821986,0.409728,-1,0.105904,0.147022
0.822236,0.484005,-0.188976,0.174291,0.147022
0.822486,0.530365,0.897638,0.231157,0.147022
0.822736,0.528821,1,0.246862,0.147022
0.822986,0.466565,1,0.212919,0.147022
0.823236,0.34167,1,0.132257,0.147022
0.823486,0.164481,1,0.0340586,0.147022
0.823736,-0.0436725,1,-0.0633201,0.147022
0.823986,-0.254583,1,-0.164035,0.147022
0.824236,-0.438623,0.826772,-0.218337,0.147022
0.824486,-0.570727,0.496063,-0.242101,0.147022
0.824736,-0.635313,0.401575,-0.213299,0.147022
0.824986,-0.629199,0.519685,-0.139355,0.147022
0.825236,-0.56163,0.771654,-0.0443629,0.147022
0.825486,-0.451648,1,0.0616526,0.147022
0.825736,-0.323354,1,0.134825,0.147022
0.825986,-0.2003,1,0.183545,0.147022
0.826236,-0.10018,0.574803,0.18324,0.147022
0.826486,-0.0312756,-0.141732,0.149764,0.147022
0.826736,0.0086502,-1,0.097205,0.147022
0.826986,0.0308541,-1,0.0413872,0.147022
0.827236,0.0516599,-1,0.0031085,0.147022
0.827486,0.0874086,-1,-0.0259904,0.147022
0.827736,0.149347,-1,-0.0275822,0.147022
0.827986,0.239837,-1,0.01107,0.147022
0.828236,0.350846,-1,0.0696428,0.147022
0.828486,0.465074,-1,0.136112,0.147022
0.828736,0.559663,-0.0551181,0.209725,0.147022
0.828986,0.611386,0.92126,0.24225,0.147022
0.829235,0.602196,1,0.238745,0.147022
0.829485,0.523978,1,0.191726,0.147022
0.829735,0.380984,1,0.103869,0.147022
0.829985,0.189639,1,-0.00279001,0.147022
0.830235,-0.0244161,1,-0.0968336,0.147022
0.830485,-0.23138,0.913386,-0.161911,0.147022
0.830735,-0.403138,0.629921,-0.191937,0.147022
0.830985,-0.51898,0.559055,-0.171292,0.147022
0.831235,-0.569313,0.716535,-0.106665,0.147022
0.831485,-0.557021,1,-0.0193574,0.147022
0.831735,-0.495911,1,0.0809372,0.147022
0.831985,-0.406812,1,0.156422,0.147022
0.832235,-0.312245,1,0.201714,0.147022
0.832485,-0.230951,1,0.202083,0.147022
0.832735,-0.173598,0.700787,0.171428,0.147022
0.832985,-0.14078,-0.204724,0.100778,0.147022
0.833235,-0.12353,-1,0.0136942,0.147022
0.833485,-0.106369,-1,-0.0573612,0.147022
0.833735,-0.0722169,-1,-0.104671,0.147022
0.833985,-0.00757839,-1,-0.110968,0.147022
0.834235,0.0930024,-1,-0.0893742,0.147022
0.834485,0.224476,-1,-0.0280767,0.147022
0.834735,0.371446,-1,0.0526252,0.147022
0.834985,0.510975,-0.952756,0.151752,0.147022
0.835235,0.617374,0.0314961,0.221143,0.147022
0.835485,0.668,0.834646,0.263955,0.147022
0.835735,0.648434,1,0.256736,0.147022
0.835985,0.556167,1,0.191459,0.147022
0.836235,0.401531,1,0.101952,0.147022
0.836485,0.205889,1,0.0162907,0.147022
0.836735,-0.00261179,0.755906,-0.0618643,0.147022
0.836985,-0.194761,0.527559,-0.100797,0.147022
0.837235,-0.346168,0.496063,-0.10882,0.147022
0.837485,-0.441799,0.708661,-0.0673336,0.147022
0.837735,-0.478559,1,0.0038257,0.147022
0.837985,-0.464883,1,0.0878013,0.147022
0.838235,-0.417711,1,0.153871,0.147022
0.838485,-0.357719,1,0.193356,0.147022
0.838735,-0.303827,1,0.194787,0.147022
0.838985,-0.26842,1,0.147627,0.147022
0.839235,-0.254397,0.755906,0.0618476,0.147022
0.839485,-0.254773,-0.299213,-0.0360172,0.147022
0.839735,-0.255023,-1,-0.135158,0.147022
0.839985,-0.237159,-1,-0.202964,0.147022
0.840235,-0.185246,-1,-0.217214,0.147022
0.840485,-0.090232,-1,-0.197231,0.147022
0.840735,0.0466742,-1,-0.127634,0.147022
0.840985,0.213096,-1,-0.0325089,0.147022
0.841235,0.38733,-1,0.0841475,0.147022
0.841485,0.542543,-0.80315,0.187541,0.147022
0.841735,0.652389,0,0.26888,0.147022
0.841985,0.696701,0.574803,0.302798,0.147022
0.842235,0.66601,0.858268,0.277816,0.147022
0.842485,0.563768,0.850394,0.213978,0.147022
0.842735,0.4057,0.645669,0.119144,0.147022
0.842984,0.216534,0.377953,0.0201484,0.147022
0.843234,0.0247985,0.19685,-0.0466394,0.147022
0.843484,-0.143089,0.204724,-0.0737872,0.147022
0.843734,-0.268077,0.464567,-0.0694612,0.147022
0.843984,-0.341875,0.952756,-0.0214163,0.147022
0.844234,-0.367749,1,0.0339346,0.147022
0.844484,-0.358563,1,0.082903,0.147022
0.844734,-0.332676,1,0.126979,0.147022
0.844984,-0.308612,1,0.13079,0.147022
0.845234,-0.299946,1,0.100288,0.147022
0.845484,-0.311625,1,0.0279823,0.147022
0.845734,-0.338613,0.76378,-0.0619175,0.147022
0.845984,-0.367233,-0.393701,-0.157368,0.147022
0.846234,-0.378835,-1,-0.236924,0.147022
0.846484,-0.354915,-1,-0.270874,0.147022
0.846734,-0.282452,-1,-0.248392,0.147022
0.846984,-0.158033,-1,-0.185982,0.147022
0.847234,0.0101636,-1,-0.0830548,0.147022
0.847484,0.203136,-1,0.0395377,0.147022
0.847734,0.394437,-1,0.158178,0.147022
0.847984,0.55542,-0.708661,0.251628,0.147022
0.848234,0.661161,-0.125984,0.306562,0.147022
0.848484,0.695671,0.19685,0.307559,0.147022
0.848734,0.655213,0.259843,0.259081,0.147022
0.848984,0.548973,0.110236,0.167008,0.147022
0.849234,0.396856,-0.110236,0.0618441,0.147022
0.849484,0.22503,-0.291339,-0.0350752,0.147022
0.849734,0.0602171,-0.275591,-0.096366,0.147022
0.849984,-0.0759092,-0.00787402,-0.125677,0.147022
0.850234,-0.170939,0.519685,-0.104363,0.147022
0.850484,-0.223583,1,-0.067932,0.147022
0.850734,-0.24277,1,-0.0225826,0.147022
0.850984,-0.244429,1,0.0219448,0.147022
0.851234,-0.246312,1,0.044808,0.147022
0.851484,-0.262959,1,0.0357742,0.147022
0.851734,-0.301261,1,0.00485383,0.147022
0.851984,-0.358235,1,-0.0629627,0.147022
0.852234,-0.421399,0.685039,-0.139418,0.147022
0.852484,-0.471696,-0.488189,-0.20932,0.147022
0.852734,-0.48828,-1,-0.258654,0.147022
0.852984,-0.454016,-1,-0.251761,0.147022
0.853234,-0.360235,-1,-0.196842,0.147022
0.853484,-0.209938,-1,-0.104271,0.147022
0.853734,-0.0179357,-1,0.00662066,0.147022
0.853984,0.191412,-1,0.119835,0.147022
0.854234,0.388863,-1,0.212064,0.147022
0.854484,0.54615,-0.622047,0.26755,0.147022
0.854734,0.641705,-0.291339,0.278006,0.147022
0.854984,0.664928,-0.212598,0.23996,0.147022
0.855234,0.618079,-0.354331,0.150861,0.147022
0.855484,0.51527,-0.606299,0.0436326,0.147022
0.855734,0.378944,-0.834646,-0.0581913,0.147022
0.855984,0.234602,-0.88189,-0.128389,0.147022
0.856234,0.10509,-0.661417,-0.173379,0.147022
0.856484,0.0057675,-0.141732,-0.171001,0.147022
0.856734,-0.0583062,0.637795,-0.13595,0.147022
0.856983,-0.0925488,1,-0.0853311,0.147022
0.857233,-0.110384,1,-0.0344362,0.147022
0.857483,-0.12892,1,-0.00606963,0.147022
0.857733,-0.16355,1,0.0143441,0.147022
0.857983,-0.223166,1,0.00131483,0.147022
0.858233,-0.307191,1,-0.04785,0.147022
0.858483,-0.40486,1,-0.11207,0.147022
0.858733,-0.497313,0.543307,-0.173927,0.147022
0.858983,-0.561864,-0.590551,-0.233717,0.147022
0.859233,-0.577471,-1,-0.248578,0.147022
0.859483,-0.530091,-1,-0.222488,0.147022
0.859733,-0.416599,-1,-0.146231,0.147022
0.859983,-0.246352,-1,-0.0477734,0.147022
0.860233,-0.0399993,-1,0.0577814,0.147022
0.860483,0.174497,-1,0.148927,0.147022
0.860733,0.367274,-0.858268,0.209656,0.147022
0.860983,0.512567,-0.559055,0.230451,0.147022
0.861233,0.593755,-0.496063,0.192575,0.147022
0.861483,0.606341,-0.661417,0.123717,0.147022
0.861733,0.558182,-0.968504,0.0258177,0.147022
0.861983,0.467085,-1,-0.0796645,0.147022
0.862233,0.356076,-1,-0.154909,0.147022
0.862483,0.247868,-1,-0.198221,0.147022
0.862733,0.159669,-0.92126,-0.199695,0.147022
0.862983,0.0994623,-0.165354,-0.156629,0.147022
0.863233,0.0648684,0.795276,-0.0954961,0.147022
0.863483,0.0446306,1,-0.0301361,0.147022
0.863733,0.0224187,1,0.0264466,0.147022
0.863983,-0.0181731,1,0.0575945,0.147022
0.864233,-0.0883549,1,0.0497734,0.147022
0.864483,-0.190389,1,0.0241549,0.147022
0.864733,-0.315983,1,-0.0411486,0.147022
0.864983,-0.447325,1,-0.12167,0.147022
0.865233,-0.560767,0.370079,-0.188575,0.147022
0.865483,-0.632,-0.629921,-0.240216,0.147022
0.865733,-0.641736,-1,-0.251545,0.147022
0.865983,-0.580455,-1,-0.206707,0.147022
0.866233,-0.451094,-1,-0.127863,0.147022
0.866483,-0.268994,-1,-0.0299257,0.147022
0.866733,-0.0590739,-1,0.0556681,0.147022
0.866983,0.149132,-0.84252,0.121131,0.147022
0.867233,0.327295,-0.590551,0.146635,0.147022
0.867483,0.454058,-0.559055,0.13228,0.147022
0.867733,0.518865,-0.76378,0.0755386,0.147022
0.867983,0.523424,-1,-0.00507745,0.147022
0.868233,0.480323,-1,-0.0955092,0.147022
0.868483,0.409344,-1,-0.168642,0.147022
0.868733,0.332067,-1,-0.20466,0.147022
0.868983,0.266528,-1,-0.196279,0.147022
0.869233,0.222881,-1,-0.151204,0.147022
0.869483,0.20133,-0.141732,-0.0713527,0.147022
0.869733,0.192571,0.968504,0.0294794,0.147022
0.869983,0.180866,1,0.105973,0.147022
0.870233,0.148796,1,0.158203,0.147022
0.870483,0.0825636,1,0.166481,0.147022
0.870732,-0.0235539,1,0.136359,0.147022
0.870982,-0.164562,1,0.0619356,0.147022
0.871232,-0.324875,1,-0.0240922,0.147022
0.871482,-0.481044,1,-0.127048,0.147022
0.871732,-0.606498,0.267717,-0.21647,0.147022
0.871982,-0.6774,-0.543307,-0.27866,0.147022
0.872232,-0.677955,-1,-0.280043,0.147022
0.872482,-0.604138,-1,-0.231194,0.147022
0.872732,-0.46491,-1,-0.143081,0.147022
0.872982,-0.280516,-0.897638,-0.0566474,0.147022
0.873232,-0.0783678,-0.582677,0.0280143,0.147022
0.873482,0.1126,-0.385827,0.0687914,0.147022
0.873732,0.267821,-0.393701,0.0763304,0.147022
0.873982,0.371701,-0.661417,0.0371756,0.147022
0.874232,0.42033,-1,-0.0214436,0.147022
0.874482,0.421147,-1,-0.0951645,0.147022
0.874732,0.390105,-1,-0.154063,0.147022
0.874982,0.347047,-1,-0.178779,0.147022
0.875232,0.310123,-1,-0.166557,0.147022
0.875482,0.2911,-1,-0.121372,0.147022
0.875732,0.29235,-1,-0.0370606,0.147022
0.875982,0.30639,-0.0629921,0.0707611,0.147022
0.876232,0.318136,1,0.169533,0.147022
0.876482,0.309077,1,0.244363,0.147022
0.876732,0.262639,1,0.260475,0.147022
0.876982,0.169185,1,0.230234,0.147022
0.877232,0.0294561,1,0.154597,0.147022
0.877482,-0.144369,1,0.0540199,0.147022
0.877732,-0.330453,1,-0.0719516,0.147022
0.877982,-0.501428,1,-0.179487,0.147022
0.878232,-0.630008,0.267717,-0.268694,0.147022
0.878482,-0.694773,-0.299213,-0.315389,0.147022
0.878732,-0.684771,-0.582677,-0.29727,0.147022
0.878982,-0.601909,-0.574803,-0.237665,0.147022
0.879232,-0.460554,-0.370079,-0.137126,0.147022
0.879482,-0.284321,-0.110236,-0.0372748,0.147022
0.879732,-0.101024,0.0551181,0.0358108,0.147022
0.879982,0.0632046,0.00787402,0.079803,0.147022
0.880232,0.1892,-0.291339,0.0868401,0.147022
0.880482,0.268241,-0.858268,0.0504655,0.147022
0.880732,0.302981,-1,0.00744568,0.147022
0.880982,0.305514,-1,-0.0363655,0.147022
0.881232,0.293482,-1,-0.0776358,0.147022
0.881482,0.284811,-1,-0.0814471,0.147022
0.881732,0.292479,-1,-0.0571101,0.147022
0.881982,0.320894,-1,-0.00194785,0.147022
0.882232,0.364465,-1,0.0884969,0.147022
0.882482,0.408878,0.015748,0.173282,0.147022
0.882732,0.434742,1,0.245378,0.147022
0.882982,0.422693,1,0.272608,0.147022
0.883232,0.358865,1,0.254783,0.147022
0.883482,0.238995,1,0.178365,0.147022
0.883732,0.0706355,1,0.0751103,0.147022
0.883982,-0.12752,1,-0.0488576,0.147022
0.884232,-0.328926,1,-0.15871,0.147022
0.884481,-0.504386,0.88189,-0.253711,0.147022
0.884731,-0.628006,0.322835,-0.299883,0.147022
0.884981,-0.6825,0.015748,-0.304262,0.147022
0.885231,-0.662662,-0.015748,-0.249537,0.147022
0.885481,-0.576168,0.149606,-0.151781,0.147022
0.885731,-0.44157,0.401575,-0.0431557,0.147022
0.885981,-0.284042,0.598425,0.0605165,0.147022
0.886231,-0.129607,0.582677,0.126479,0.147022
0.886481,0.000366281,0.291339,0.14895,0.147022
0.886731,0.0934456,-0.299213,0.137921,0.147022
0.886981,0.14808,-1,0.105695,0.147022
0.887231,0.172823,-1,0.0504582,0.147022
0.887481,0.183115,-1,0.00819068,0.147022
0.887731,0.196277,-1,-0.0171607,0.147022
0.887981,0.22649,-1,-0.0203549,0.147022
0.888231,0.280212,-1,0.0109057,0.147022
0.888481,0.353987,-1,0.063865,0.147022
0.888731,0.434729,-1,0.13299,0.147022
0.888981,0.502604,0.149606,0.20554,0.147022
0.889231,0.535818,1,0.245948,0.147022
0.889481,0.516141,1,0.248199,0.147022
0.889731,0.433826,1,0.189317,0.147022
0.889981,0.290826,1,0.0993283,0.147022
0.890231,0.101213,1,-0.00754804,0.147022
0.890481,-0.111034,1,-0.10949,0.147022
0.890731,-0.316597,1,-0.204812,0.147022
0.890981,-0.486659,0.716535,-0.256241,0.147022
0.891231,-0.598683,0.417323,-0.257571,0.147022
0.891481,-0.640809,0.377953,-0.213392,0.147022
0.891731,-0.613871,0.551181,-0.121754,0.147022
0.891981,-0.530588,0.850394,-0.0154859,0.147022
0.892231,-0.412147,1,0.0882892,0.147022
0.892481,-0.283154,1,0.158308,0.147022
0.892731,-0.165793,0.992126,0.189977,0.147022
0.892981,-0.0750886,0.456693,0.190386,0.147022
0.893231,-0.0160024,-0.370079,0.148737,0.147022
0.893481,0.0168289,-1,0.094237,0.147022
0.893731,0.0367276,-1,0.041696,0.147022
0.893981,0.0606089,-1,-0.000241729,0.147022
0.894231,0.103717,-1,-0.014775,0.147022
0.894481,0.174877,-1,-0.00817772,0.147022
0.894731,0.273156,-1,0.0334829,0.147022
0.894981,0.387384,-1,0.0940786,0.147022
0.895231,0.498042,-0.874016,0.169367,0.147022
0.895481,0.581529,0.275591,0.224146,0.147022
0.895731,0.615666,1,0.251426,0.147022
0.895981,0.585126,1,0.226357,0.147022
0.896231,0.485513,1,0.1593,0.147022
0.896481,0.325039,1,0.0562313,0.147022
0.896731,0.123457,1,-0.0414413,0.147022
0.896981,-0.0916111,1,-0.133239,0.147022
0.897231,-0.290272,0.834646,-0.186156,0.147022
0.897481,-0.446231,0.566929,-0.195149,0.147022
0.897731,-0.541948,0.551181,-0.16109,0.147022
0.897981,-0.571744,0.771654,-0.0883479,0.147022
0.89823,-0.542214,1,0.0109502,0.147022
0.89848,-0.46988,1,0.101102,0.147022
0.89873,-0.376693,1,0.171805,0.147022
0.89898,-0.284581,1,0.213806,0.147022
0.89923,-0.21012,1,0.202308,0.147022
0.89948,-0.160913,0.511811,0.154841,0.147022
0.89973,-0.134333,-0.496063,0.0778451,0.147022
0.89998,-0.118942,-1,-0.000395791,0.152738
2.02416,-0.387465,-0.732283,-0.382628,0.152738
2.02441,-0.537493,-1,-0.537096,0.152738
2.02466,-0.623415,-1,-0.619069,0.152738
2.02491,-0.638161,-1,-0.642391,0.152738
2.02516,-0.58743,-1,-0.603437,0.152738
2.02541,-0.487692,-0.913386,-0.540325,0.152738
2.02566,-0.362239,-0.259843,-0.455007,0.152738
2.02591,-0.235322,0.393701,-0.379535,0.152738
2.02616,-0.126953,0.937008,-0.323751,0.152738
2.02641,-0.0484585,1,-0.2864,0.152738
2.02666,-0.000703996,1,-0.268039,0.152738
2.02691,0.0252463,1,-0.234561,0.152738
2.02716,0.0446467,0.629921,-0.160704,0.152738
2.02741,0.0745083,0.110236,-0.0538448,0.152738
2.02766,0.128011,-0.370079,0.116066,0.152738
2.02791,0.210466,-0.724409,0.31888,0.152738
2.02816,0.316901,-0.874016,0.536906,0.152738
2.02841,0.432421,-0.811024,0.7484,0.152738
2.02866,0.535352,-0.574803,0.89869,0.152738
2.02891,0.601846,-0.259843,0.957098,0.152738
2.02916,0.611865,0.0551181,0.914627,0.152738
2.02941,0.553981,0.299213,0.764869,0.152738
2.02966,0.428652,0.409449,0.524124,0.152738
2.02991,0.249018,0.377953,0.218087,0.152738
2.03016,0.0384436,0.212598,-0.105319,0.152738
2.03041,-0.173729,0,-0.401601,0.152738
2.03066,-0.358359,-0.181102,-0.644977,0.152738
2.03091,-0.491991,-0.283465,-0.795423,0.152738
2.03116,-0.561564,-0.244094,-0.851303,0.152738
2.03141,-0.566392,-0.0708661,-0.808192,0.152738
2.03166,-0.517393,0.212598,-0.705355,0.152738
2.03191,-0.433942,0.551181,-0.547748,0.152738
2.03216,-0.338736,0.850394,-0.382054,0.152738
2.03241,-0.25207,1,-0.223991,0.152738
2.03266,-0.187328,0.984252,-0.0876023,0.152738
2.03291,-0.148032,0.755906,0.00747989,0.152738
2.03316,-0.127661,0.354331,0.0907907,0.152738
2.03341,-0.11225,-0.141732,0.164554,0.152738
2.03366,-0.0845189,-0.661417,0.234693,0.152738
2.03391,-0.0294974,-1,0.318348,0.152738
2.03416,0.0609745,-1,0.39858,0.152738
2.03441,0.184913,-1,0.490379,0.152738
2.03466,0.329626,-1,0.551084,0.152738
2.03491,0.473918,-0.850394,0.58627,0.152738
2.03516,0.592203,-0.433071,0.572678,0.152738
2.03541,0.660441,-0.0393701,0.493788,0.152738
2.03567,0.661373,0.259843,0.36008,0.152738
2.03592,0.588939,0.417323,0.169329,0.152738
2.03617,0.449953,0.417323,-0.0438222,0.152738
2.03642,0.263005,0.291339,-0.258235,0.152738
2.03667,0.0550008,0.102362,-0.435888,0.152738
2.03692,-0.144582,-0.0708661,-0.556299,0.152738
2.03717,-0.309345,-0.165354,-0.598681,0.152738
2.03742,-0.421317,-0.125984,-0.566697,0.152738
2.03767,-0.474009,0.0629921,-0.461976,0.152738
2.03792,-0.472881,0.385827,-0.318319,0.152738
2.03817,-0.432894,0.755906,-0.160497,0.152738
2.03842,-0.374355,1,-0.0227827,0.152738
2.03867,-0.317147,1,0.0843961,0.152738
2.03892,-0.275917,1,0.132675,0.152738
2.03917,-0.256315,1,0.144847,0.152738
2.03942,-0.253974,0.700787,0.107084,0.152738
2.03967,-0.256,0.15748,0.0600102,0.152738
2.03992,-0.2448,-0.409449,0.0161249,0.152738
2.04017,-0.203415,-0.92126,0.0054718,0.152738
2.04042,-0.12041,-1,0.0164431,0.152738
2.04067,0.00596728,-1,0.0823472,0.152738
2.04092,0.166274,-1,0.155268,0.152738
2.04117,0.341028,-1,0.241798,0.152738
2.04142,0.504148,-0.692913,0.310449,0.152738
2.04167,0.628617,-0.322835,0.346624,0.152738
2.04192,0.691991,-0.023622,0.336293,0.152738
2.04217,0.681635,0.133858,0.266713,0.152738
2.04242,0.597428,0.125984,0.162377,0.152738
2.04267,0.452097,0,0.025729,0.152738
2.04292,0.268372,-0.204724,-0.111641,0.152738
2.04317,0.0744722,-0.393701,-0.220912,0.152738
2.04342,-0.102102,-0.488189,-0.286123,0.152738
2.04367,-0.239824,-0.425197,-0.305504,0.152738
2.04392,-0.327359,-0.188976,-0.272091,0.152738
2.04417,-0.365018,0.204724,-0.221855,0.152738
2.04442,-0.363415,0.637795,-0.146999,0.152738
2.04467,-0.340051,1,-0.0903817,0.152738
2.04492,-0.313872,1,-0.0556908,0.152738
2.04517,-0.300282,1,-0.0582092,0.152738
2.04542,-0.306707,1,-0.0848176,0.152738
2.04567,-0.330697,1,-0.135316,0.152738
2.04592,-0.360595,0.84252,-0.189641,0.152738
2.04617,-0.378492,0.228346,-0.232125,0.152738
2.04642,-0.365388,-0.362205,-0.227121,0.152738
2.04667,-0.306264,-0.850394,-0.180704,0.152738
2.04692,-0.194955,-1,-0.0683773,0.152738
2.04717,-0.0365963,-1,0.0791584,0.152738
2.04742,0.152398,-1,0.236784,0.152738
2.04767,0.347,-0.858268,0.383955,0.152738
2.04792,0.518469,-0.551181,0.484773,0.152738
2.04817,0.640416,-0.291339,0.528754,0.152738
2.04842,0.694066,-0.133858,0.49584,0.152738
2.04867,0.672386,-0.133858,0.401061,0.152738
2.04892,0.581381,-0.267717,0.252884,0.152738
2.04917,0.438527,-0.488189,0.0906833,0.152738
2.04942,0.269073,-0.708661,-0.0774064,0.152738
2.04967,0.100036,-0.834646,-0.214642,0.152738
2.04992,-0.0450191,-0.795276,-0.300922,0.152738
2.05017,-0.151065,-0.559055,-0.338236,0.152738
2.05042,-0.213977,-0.133858,-0.327452,0.152738
2.05067,-0.240309,0.409449,-0.293011,0.152738
2.05092,-0.244698,1,-0.258305,0.152738
2.05117,-0.244917,1,-0.221369,0.152738
2.05142,-0.256876,1,-0.201319,0.152738
2.05167,-0.289649,1,-0.201916,0.152738
2.05192,-0.342802,1,-0.222312,0.152738
2.05217,-0.406065,1,-0.242213,0.152738
2.05242,-0.461529,0.716535,-0.25392,0.152738
2.05267,-0.488347,0.0708661,-0.243464,0.152738
2.05292,-0.467868,-0.511811,-0.189849,0.152738
2.05317,-0.388974,-0.937008,-0.0894061,0.152738
2.05342,-0.251617,-1,0.0537002,0.152738
2.05367,-0.067852,-1,0.216486,0.152738
2.05392,0.139974,-0.992126,0.366062,0.152738
2.05417,0.343177,-0.740157,0.469946,0.152738
2.05442,0.512737,-0.488189,0.521402,0.152738
2.05467,0.624868,-0.322835,0.509396,0.152738
2.05492,0.666041,-0.291339,0.415475,0.152738
2.05517,0.635357,-0.409449,0.280549,0.152738
2.05542,0.544252,-0.629921,0.107616,0.152738
2.05567,0.413687,-0.88189,-0.068661,0.152738
2.05592,0.268898,-1,-0.210409,0.152738
2.05617,0.133985,-1,-0.310381,0.152738
2.05642,0.0264435,-0.913386,-0.352398,0.152738
2.05667,-0.0460424,-0.519685,-0.3409,0.152738
2.05692,-0.0864689,0.0472441,-0.294552,0.152738
2.05717,-0.106786,0.708661,-0.234519,0.152738
2.05742,-0.123591,1,-0.177441,0.152738
2.05767,-0.153259,1,-0.144266,0.152738
2.05792,-0.206591,1,-0.131125,0.152738
2.05817,-0.285464,1,-0.152138,0.152738
2.05842,-0.381381,1,-0.181669,0.152738
2.05867,-0.477121,1,-0.223285,0.152738
2.05892,-0.550317,0.629921,-0.237248,0.152738
2.05917,-0.579086,0.015748,-0.235612,0.152738
2.05942,-0.547258,-0.488189,-0.181267,0.152738
2.05967,-0.448863,-0.811024,-0.0778628,0.152738
2.05992,-0.290397,-0.929134,0.0539268,0.152738
2.06017,-0.0900608,-0.858268,0.208417,0.152738
2.06043,0.12532,-0.669291,0.33231,0.152738
2.06068,0.325825,-0.456693,0.413794,0.152738
2.06093,0.484109,-0.307087,0.440879,0.152738
2.06118,0.581091,-0.275591,0.398746,0.152738
2.06143,0.609312,-0.409449,0.307659,0.152738
2.06168,0.573888,-0.677165,0.168274,0.152738
2.06193,0.490737,-1,0.0319204,0.152738
2.06218,0.382111,-1,-0.0999991,0.152738
2.06243,0.271428,-1,-0.190026,0.152738
2.06268,0.177508,-1,-0.237938,0.152738
2.06293,0.110693,-1,-0.235021,0.152738
2.06318,0.0709599,-0.559055,-0.200018,0.152738
2.06343,0.0487926,0.110236,-0.134479,0.152738
2.06368,0.028496,0.826772,-0.0846329,0.152738
2.06393,-0.0066893,1,-0.0572585,0.152738
2.06418,-0.0696517,1,-0.0662822,0.152738
2.06443,-0.164883,1,-0.104318,0.152738
2.06468,-0.286454,1,-0.168067,0.152738
2.06493,-0.418508,1,-0.248175,0.152738
2.06518,-0.53818,1,-0.307544,0.152738
2.06543,-0.620858,0.480315,-0.331807,0.152738
2.06568,-0.645553,-0.015748,-0.317901,0.152738
2.06593,-0.600283,-0.377953,-0.243002,0.152738
2.06618,-0.485102,-0.543307,-0.118252,0.152738
2.06643,-0.312724,-0.519685,0.038027,0.152738
2.06668,-0.106407,-0.370079,0.188164,0.152738
2.06693,0.104858,-0.173228,0.317101,0.152738
2.06718,0.291876,-0.023622,0.405272,0.152738
2.06743,0.431356,0,0.42625,0.152738
2.06768,0.510091,-0.149606,0.378448,0.152738
2.06793,0.527098,-0.448819,0.301607,0.152738
2.06818,0.492922,-0.866142,0.187471,0.152738
2.06843,0.426097,-1,0.0751523,0.152738
2.06868,0.348385,-1,-0.0135901,0.152738
2.06893,0.279073,-1,-0.0634887,0.152738
2.06918,0.230288,-1,-0.0869057,0.152738
2.06943,0.204422,-1,-0.0682907,0.152738
2.06968,0.194137,-0.527559,-0.031662,0.152738
2.06993,0.184579,0.188976,0.00681349,0.152738
2.07018,0.158168,0.905512,0.021049,0.152738
2.07043,0.100051,1,-0.000382564,0.152738
2.07068,0.00238135,1,-0.0654314,0.152738
2.07093,-0.132235,1,-0.163628,0.152738
2.07118,-0.29022,1,-0.266775,0.152738
2.07143,-0.449556,1,-0.356336,0.152738
2.07168,-0.583779,0.76378,-0.409434,0.152738
2.07193,-0.667929,0.283465,-0.419165,0.152738
2.07218,-0.68408,-0.0787402,-0.378731,0.152738
2.07243,-0.625592,-0.267717,-0.263521,0.152738
2.07268,-0.498683,-0.267717,-0.114835,0.152738
2.07293,-0.321533,-0.125984,0.0572014,0.152738
2.07318,-0.120633,0.0708661,0.216962,0.152738
2.07343,0.075055,0.244094,0.337085,0.152738
2.07368,0.23943,0.299213,0.401876,0.152738
2.07393,0.354744,0.181102,0.401708,0.152738
2.07418,0.414565,-0.110236,0.351492,0.152738
2.07443,0.424238,-0.559055,0.273638,0.152738
2.07468,0.398175,-1,0.179368,0.152738
2.07493,0.35593,-1,0.100707,0.152738
2.07518,0.316485,-1,0.0397087,0.152738
2.07543,0.293261,-1,0.0242986,0.152738
2.07568,0.290653,-1,0.0245443,0.152738
2.07593,0.303142,-1,0.0542909,0.152738
2.07618,0.316847,-0.385827,0.0836911,0.152738
2.07643,0.313414,0.346457,0.107484,0.152738
2.07668,0.27561,1,0.0911574,0.152738
2.07693,0.191918,1,0.0209347,0.152738
2.07718,0.0608191,1,-0.0789346,0.152738
2.07743,-0.107674,1,-0.195547,0.152738
2.07768,-0.293491,1,-0.316812,0.152738
2.07793,-0.469864,0.944882,-0.413585,0.152738
2.07818,-0.608954,0.496063,-0.459599,0.152738
2.07843,-0.687672,0.125984,-0.444934,0.152738
2.07868,-0.692797,-0.0708661,-0.36133,0.152738
2.07893,-0.623561,-0.0944882,-0.235202,0.152738
2.07918,-0.492033,0.0393701,-0.0751947,0.152738
2.07943,-0.320406,0.267717,0.0889915,0.152738
2.07968,-0.136317,0.488189,0.225569,0.152738
2.07993,0.0335579,0.606299,0.320416,0.152738
2.08018,0.168155,0.543307,0.355066,0.152738
2.08043,0.256531,0.275591,0.3347,0.152738
2.08068,0.29925,-0.181102,0.277191,0.152738
2.08093,0.306744,-0.748031,0.199109,0.152738
2.08118,0.296062,-1,0.136468,0.152738
2.08143,0.2855,-1,0.0877981,0.152738
2.08168,0.289393,-1,0.0772817,0.152738
2.08193,0.313939,-1,0.0890048,0.152738
2.08218,0.355507,-1,0.134129,0.152738
2.08243,0.401211,-0.96063,0.16855,0.152738
2.08268,0.432127,-0.244094,0.201594,0.152738
2.08293,0.428649,0.456693,0.207349,0.152738
2.08318,0.375314,1,0.157311,0.152738
2.08343,0.265794,1,0.0582953,0.152738
2.08368,0.105437,1,-0.0782363,0.152738
2.08393,-0.0890578,1,-0.220091,0.152738
2.08418,-0.292204,1,-0.351728,0.152738
2.08443,-0.474795,0.614173,-0.436604,0.152738
2.08468,-0.609818,0.259843,-0.472334,0.152738
2.08493,-0.678011,0.0472441,-0.42819,0.152738
2.08519,-0.671797,0.015748,-0.331173,0.152738
2.08544,-0.596495,0.165354,-0.189106,0.152738
2.08569,-0.46896,0.425197,-0.0381437,0.152738
2.08594,-0.313647,0.708661,0.11009,0.152738
2.08619,-0.156716,0.905512,0.211363,0.152738
2.08644,-0.0209222,0.929134,0.277122,0.152738
2.08669,0.0794079,0.724409,0.276045,0.152738
2.08694,0.140776,0.291339,0.248958,0.152738
2.08719,0.169966,-0.291339,0.197508,0.152738
2.08744,0.181539,-0.944882,0.143787,0.152738
2.08769,0.192968,-1,0.112178,0.152738
2.08794,0.21939,-1,0.110511,0.152738
2.08819,0.268819,-1,0.141767,0.152738
2.08844,0.339722,-1,0.19113,0.152738
2.08869,0.420583,-1,0.245671,0.152738
2.08894,0.49233,-0.771654,0.287594,0.152738
2.08919,0.53328,-0.0787402,0.30738,0.152738
2.08944,0.524035,0.535433,0.278304,0.152738
2.08969,0.453089,0.984252,0.188135,0.152738
2.08994,0.320071,1,0.0552296,0.152738
2.09019,0.137143,1,-0.103747,0.152738
2.09044,-0.073287,0.905512,-0.256104,0.152738
2.09069,-0.282333,0.566929,-0.386991,0.152738
2.09094,-0.460592,0.244094,-0.454085,0.152738
2.09119,-0.58399,0.023622,-0.453357,0.152738
2.09144,-0.638638,-0.00787402,-0.397408,0.152738
2.09169,-0.62307,0.141732,-0.283562,0.152738
2.09194,-0.548146,0.448819,-0.144805,0.152738
2.09219,-0.434083,0.80315,-0.00227907,0.152738
2.09244,-0.3051,1,0.100215,0.152738
2.09269,-0.18434,1,0.168738,0.152738
2.09294,-0.0883697,1,0.193074,0.152738
2.09319,-0.0239198,0.80315,0.180122,0.152738
2.09344,0.0126323,0.23622,0.138564,0.152738
2.09369,0.0335617,-0.440945,0.091079,0.152738
2.09394,0.0555757,-1,0.0605152,0.152738
2.09419,0.0946623,-1,0.0647689,0.152738
2.09444,0.160854,-1,0.107597,0.152738
2.09469,0.255122,-1,0.176463,0.152738
2.09494,0.367923,-1,0.252565,0.152738
2.09519,0.480851,-1,0.330856,0.152738
2.09544,0.570483,-0.519685,0.378456,0.152738
2.09569,0.614165,0.0944882,0.377276,0.152738
2.09594,0.594964,0.590551,0.324892,0.152738
2.09619,0.506466,0.866142,0.214045,0.152738
2.09644,0.354902,0.913386,0.0543037,0.152738
2.09669,0.158242,0.748031,-0.115414,0.152738
2.09694,-0.0568053,0.456693,-0.265551,0.152738
2.09719,-0.260228,0.141732,-0.375895,0.152738
2.09744,-0.424661,-0.0787402,-0.431877,0.152738
2.09769,-0.530944,-0.141732,-0.412144,0.152738
2.09794,-0.57128,0,-0.343815,0.152738
2.09819,-0.550379,0.314961,-0.234479,0.152738
2.09844,-0.483555,0.740157,-0.121712,0.152738
2.09869,-0.392103,1,-0.01575,0.152738
2.09894,-0.29844,1,0.0521912,0.152738
2.09919,-0.220341,1,0.084174,0.152738
2.09944,-0.166972,1,0.0707429,0.152738
2.09969,-0.137404,0.755906,0.0356978,0.152738
2.09994,-0.121278,0.0866142,-0.00576373,0.152738
2.10019,-0.102567,-0.637795,-0.0334255,0.152738
2.10044,-0.0643547,-1,-0.0259352,0.152738
2.10069,0.00589763,-1,0.0260436,0.152738
2.10094,0.112015,-1,0.108083,0.152738
2.10119,0.247287,-1,0.215011,0.152738
2.10144,0.394839,-1,0.324284,0.152738
2.10169,0.530788,-0.858268,0.401521,0.152738
2.10194,0.629713,-0.267717,0.445034,0.152738
2.10219,0.669805,0.23622,0.431509,0.152738
2.10244,0.638369,0.574803,0.351869,0.152738
2.10269,0.535004,0.685039,0.2254,0.152738
2.10294,0.37196,0.574803,0.0497879,0.152738
2.10319,0.172097,0.322835,-0.115002,0.152738
2.10344,-0.0358017,0.015748,-0.257477,0.152738
2.10369,-0.222811,-0.228346,-0.355923,0.152738
2.10394,-0.365887,-0.314961,-0.383289,0.152738
2.10419,-0.451793,-0.204724,-0.36157,0.152738
2.10444,-0.479408,0.102362,-0.287119,0.152738
2.10469,-0.458931,0.559055,-0.194308,0.152738
2.10494,-0.408136,1,-0.113773,0.152738
2.10519,-0.347911,1,-0.0478133,0.152738
2.10544,-0.296428,1,-0.0190797,0.152738
2.10569,-0.264655,1,-0.0255748,0.152738
2.10594,-0.253732,1,-0.0543545,0.152738
2.10619,-0.255281,0.629921,-0.097845,0.152738
2.10644,-0.253747,-0.0944882,-0.125059,0.152738
2.10669,-0.231125,-0.818898,-0.128808,0.152738
2.10694,-0.17223,-1,-0.0781872,0.152738
2.10719,-0.069675,-1,0.00619386,0.152738
2.10744,0.0734994,-1,0.126432,0.152738
2.10769,0.2431,-1,0.265714,0.152738
2.10794,0.41605,-1,0.385508,0.152738
2.10819,0.565334,-0.566929,0.465251,0.152738
2.10844,0.665132,-0.0472441,0.493886,0.152738
2.10869,0.696826,0.322835,0.453403,0.152738
2.10894,0.653128,0.480315,0.344258,0.152738
2.10919,0.539696,0.425197,0.196353,0.152738
2.10944,0.374147,0.181102,0.0238893,0.152738
2.10969,0.182387,-0.11811,-0.128343,0.152738
2.10995,-0.00697364,-0.401575,-0.256028,0.152738
2.1102,-0.168546,-0.543307,-0.313332,0.152738
2.11045,-0.284858,-0.480315,-0.326162,0.152738
2.1107,-0.349665,-0.188976,-0.287587,0.152738
2.11095,-0.368157,0.283465,-0.224845,0.152738
2.1112,-0.354662,0.850394,-0.157116,0.152738
2.11145,-0.327787,1,-0.103172,0.152738
2.1117,-0.305661,1,-0.0752157,0.152738
2.11195,-0.30056,1,-0.088026,0.152738
2.1122,-0.315618,1,-0.123071,0.152738
2.11245,-0.344131,1,-0.175735,0.152738
2.1127,-0.371159,0.440945,-0.212523,0.152738
2.11295,-0.377636,-0.299213,-0.237681,0.152738
2.1132,-0.345587,-0.968504,-0.204724,0.152738
2.11345,-0.263592,-1,-0.122234,0.152738
2.1137,-0.130179,-1,0.00230054,0.152738
2.11395,0.044345,-1,0.15501,0.152738
2.1142,0.23916,-1,0.299495,0.152738
2.11445,0.427126,-0.755906,0.418025,0.152738
2.1147,0.579702,-0.259843,0.486663,0.152738
2.11495,0.67321,0.11811,0.493632,0.152738
2.1152,0.693746,0.322835,0.422506,0.152738
2.11545,0.640006,0.299213,0.306014,0.152738
2.1157,0.523394,0.0787402,0.151017,0.152738
2.11595,0.365414,-0.23622,-0.00147466,0.152738
2.1162,0.192841,-0.566929,-0.129649,0.152738
2.11645,0.0319487,-0.779528,-0.216347,0.152738
2.1167,-0.0971583,-0.787402,-0.251261,0.152738
2.11695,-0.184,-0.543307,-0.241093,0.152738
2.1172,-0.229373,-0.0866142,-0.197961,0.152738
2.11745,-0.243979,0.511811,-0.141505,0.152738
2.1177,-0.244291,1,-0.100918,0.152738
2.11795,-0.248026,1,-0.0973668,0.152738
2.1182,-0.26856,1,-0.115273,0.152738
2.11845,-0.310976,1,-0.167023,0.152738
2.1187,-0.370382,1,-0.229116,0.152738
2.11895,-0.43272,0.944882,-0.286531,0.152738
2.1192,-0.478136,0.228346,-0.330249,0.152738
2.11945,-0.48596,-0.480315,-0.324144,0.152738
2.1197,-0.440502,-1,-0.264985,0.152738
2.11995,-0.335174,-1,-0.146116,0.152738
2.1202,-0.17516,-1,0.00573409,0.152738
2.12045,0.0224035,-1,0.175046,0.152738
2.1207,0.231907,-0.834646,0.328215,0.152738
2.12095,0.423699,-0.377953,0.444139,0.152738
2.1212,0.570347,0.00787402,0.4879,0.152738
2.12145,0.652127,0.23622,0.465054,0.152738
2.1217,0.660958,0.251969,0.378338,0.152738
2.12195,0.601549,0.0472441,0.256388,0.152738
2.1222,0.490052,-0.291339,0.106842,0.152738
2.12245,0.350016,-0.677165,-0.0169403,0.152738
2.1227,0.206969,-0.968504,-0.118065,0.152738
2.12295,0.0824803,-1,-0.167892,0.152738
2.1232,-0.00988353,-0.913386,-0.164257,0.152738
2.12345,-0.0672335,-0.503937,-0.14382,0.152738
2.1237,-0.0969902,0.0944882,-0.0955788,0.152738
2.12395,-0.113574,0.771654,-0.0652881,0.296347
2.1242,-0.13425,1,-0.0659441,0.296347
2.12445,-0.173491,1,-0.0920418,0.296347
2.1247,-0.238481,1,-0.159012,0.296347
2.12495,-0.326501,1,-0.232512,0.296347
2.1252,-0.424896,1,-0.321643,0.296347
2.12545,-0.513577,0.692913,-0.388111,0.296347
2.1257,-0.569606,0,-0.407949,0.296347
2.12595,-0.573119,-0.629921,-0.386018,0.296347
2.1262,-0.511939,-1,-0.296892,0.296347
2.12645,-0.385485,-1,-0.145887,0.296347
2.1267,-0.205665,-1,0.0296086,0.296347
2.12695,0.00486705,-0.818898,0.194276,0.296347
2.1272,0.217388,-0.409449,0.342549,0.296347
2.12745,0.402263,-0.015748,0.424514,0.296347
2.1277,0.535222,0.23622,0.452249,0.296347
2.12795,0.602024,0.283465,0.403062,0.296347
2.1282,0.600816,0.110236,0.309606,0.296347
2.12845,0.541852,-0.244094,0.187383,0.296347
2.1287,0.444481,-0.685039,0.0718982,0.296347
2.12895,0.332279,-1,-0.0211237,0.296347
2.1292,0.227063,-1,-0.0703846,0.296347
2.12945,0.144431,-1,-0.081342,0.296347
2.1297,0.0901938,-0.937008,-0.0550096,0.296347
2.12995,0.0598244,-0.377953,-0.0147112,0.296347
2.1302,0.0406241,0.322835,0.0231366,0.296347
2.13045,0.015743,1,0.026672,0.296347
2.1307,-0.0305218,1,-0.00137291,0.296347
2.13095,-0.107763,1,-0.0714094,0.296347
2.1312,-0.215972,1,-0.172649,0.296347
2.13145,-0.344644,1,-0.27897,0.296347
2.1317,-0.474316,1,-0.378359,0.296347
2.13195,-0.58065,0.417323,-0.44777,0.296347
2.1322,-0.639844,-0.212598,-0.464305,0.296347
2.13245,-0.634518,-0.708661,-0.417791,0.296347
2.1327,-0.557624,-0.968504,-0.303467,0.296347
2.13295,-0.414921,-0.968504,-0.145917,0.296347
2.1332,-0.224301,-0.740157,0.0353127,0.296347
2.13345,-0.0120491,-0.370079,0.200389,0.296347
2.1337,0.191905,0,0.317224,0.296347
2.13395,0.360315,0.283465,0.383792,0.296347
2.1342,0.473903,0.370079,0.37979,0.296347
2.13445,0.524806,0.228346,0.315653,0.296347
2.13471,0.517342,-0.11811,0.231639,0.296347
2.13496,0.466134,-0.590551,0.135534,0.296347
2.13521,0.391944,-1,0.0560532,0.296347
2.13546,0.315874,-1,0.0105065,0.296347
2.13571,0.254646,-1,0.00632828,0.296347
2.13596,0.216306,-1,0.0321658,0.296347
2.13621,0.198671,-0.858268,0.0689947,0.296347
2.13646,0.190771,-0.181102,0.114677,0.296347
2.13671,0.175952,0.566929,0.139893,0.296347
2.13696,0.137113,1,0.117833,0.296347
2.13721,0.0619164,1,0.0440815,0.296347
2.13746,-0.0530254,1,-0.0636418,0.296347
2.13771,-0.200218,1,-0.194897,0.296347
2.13796,-0.36194,1,-0.326435,0.296347
2.13821,-0.513497,0.779528,-0.435312,0.296347
2.13846,-0.628318,0.15748,-0.495145,0.296347
2.13871,-0.684104,-0.370079,-0.498063,0.296347
2.13896,-0.667396,-0.700787,-0.429693,0.296347
2.13921,-0.577162,-0.779528,-0.293237,0.296347
2.13946,-0.42532,-0.622047,-0.131428,0.296347
2.13971,-0.234095,-0.299213,0.0354286,0.296347
2.13996,-0.0319598,0.0787402,0.179789,0.296347
2.14021,0.152714,0.385827,0.278911,0.296347
2.14046,0.296983,0.511811,0.320589,0.296347
2.14071,0.387921,0.409449,0.307099,0.296347
2.14096,0.42432,0.0787402,0.246597,0.296347
2.14121,0.415979,-0.417323,0.176388,0.296347
2.14146,0.380376,-0.968504,0.112965,0.296347
2.14171,0.337241,-1,0.0730713,0.296347
2.14196,0.30376,-1,0.0747412,0.296347
2.14221,0.289688,-1,0.106887,0.296347
2.14246,0.295009,-1,0.154993,0.296347
2.14271,0.310039,-0.692913,0.203565,0.296347
2.14296,0.318553,0.0472441,0.232517,0.296347
2.14321,0.301909,0.795276,0.225299,0.296347
2.14346,0.244735,1,0.171986,0.296347
2.14371,0.139635,1,0.0600409,0.296347
2.14396,-0.00986246,1,-0.0820203,0.296347
2.14421,-0.189022,1,-0.242198,0.296347
2.14446,-0.374179,1,-0.376322,0.296347
2.14471,-0.5373,0.464567,-0.480698,0.296347
2.14496,-0.652155,-0.0708661,-0.518226,0.296347
2.14521,-0.699363,-0.448819,-0.493136,0.296347
2.14546,-0.670969,-0.598425,-0.397226,0.296347
2.14571,-0.572143,-0.503937,-0.256459,0.296347
2.14596,-0.419762,-0.204724,-0.0896564,0.296347
2.14621,-0.239083,0.165354,0.0654734,0.296347
2.14646,-0.0581123,0.503937,0.181937,0.296347
2.14671,0.0982156,0.692913,0.248817,0.296347
2.14696,0.213124,0.653543,0.256064,0.296347
2.14721,0.280625,0.362205,0.223488,0.296347
2.14746,0.30597,-0.133858,0.174082,0.296347
2.14771,0.303142,-0.740157,0.124285,0.296347
2.14796,0.290456,-1,0.0883246,0.296347
2.14821,0.284874,-1,0.0930771,0.296347
2.14846,0.297661,-1,0.133263,0.296347
2.14871,0.330775,-1,0.191763,0.296347
2.14896,0.376126,-1,0.253043,0.296347
2.14921,0.41784,-0.472441,0.301371,0.296347
2.14946,0.435926,0.283465,0.325531,0.296347
2.14971,0.411882,0.976378,0.297111,0.296347
2.14996,0.333912,1,0.208814,0.296347
2.15021,0.200597,1,0.0676809,0.296347
2.15046,0.0224755,1,-0.104509,0.296347
2.15071,-0.179338,1,-0.260922,0.296347
2.15096,-0.376935,0.677165,-0.394988,0.296347
2.15121,-0.541546,0.15748,-0.480262,0.296347
2.15146,-0.648864,-0.251969,-0.498195,0.296347
2.15171,-0.684411,-0.456693,-0.446405,0.296347
2.15196,-0.646364,-0.409449,-0.339069,0.296347
2.15221,-0.545403,-0.149606,-0.202,0.296347
2.15246,-0.402324,0.228346,-0.0559068,0.296347
2.15271,-0.243099,0.614173,0.066732,0.296347
2.15296,-0.0931281,0.874016,0.146937,0.296347
2.15321,0.0281614,0.913386,0.169109,0.296347
2.15346,0.111077,0.685039,0.163848,0.296347
2.15371,0.156823,0.204724,0.117336,0.296347
2.15396,0.176151,-0.417323,0.075629,0.296347
2.15421,0.185619,-1,0.0542552,0.296347
2.15446,0.202096,-1,0.0669638,0.296347
2.15471,0.23819,-1,0.117506,0.296347
2.15496,0.29793,-1,0.185107,0.296347
2.15521,0.375118,-1,0.276933,0.296347
2.15546,0.454629,-0.952756,0.348531,0.296347
2.15571,0.51552,-0.220472,0.397545,0.296347
2.15596,0.536347,0.503937,0.399739,0.296347
2.15621,0.500633,1,0.344945,0.296347
2.15646,0.401598,1,0.222226,0.296347
2.15671,0.244368,1,0.0545359,0.296347
2.15696,0.0459966,1,-0.121607,0.296347
2.15721,-0.167457,0.779528,-0.287418,0.296347
2.15746,-0.366365,0.291339,-0.41173,0.296347
2.15771,-0.522901,-0.125984,-0.47083,0.296347
2.15796,-0.616981,-0.370079,-0.461688,0.296347
2.15821,-0.640033,-0.377953,-0.389454,0.296347
2.15846,-0.596359,-0.149606,-0.273864,0.296347
2.15871,-0.501261,0.23622,-0.138746,0.296347
2.15896,-0.377498,0.677165,-0.0249525,0.296347
2.15921,-0.249589,1,0.0559934,0.296347
2.15947,-0.138277,1,0.0934119,0.296347
2.15972,-0.0560058,1,0.0829311,0.296347
2.15997,-0.00498099,0.622047,0.0535301,0.296347
2.16022,0.0227814,0,0.0161583,0.296347
2.16047,0.0421455,-0.716535,-0.0122373,0.296347
2.16072,0.0699306,-1,-0.000971463,0.296347
2.16097,0.120187,-1,0.0487713,0.296347
2.16122,0.199302,-1,0.133768,0.296347
2.16147,0.303474,-1,0.236056,0.296347
2.16172,0.418995,-1,0.342514,0.296347
2.16197,0.524669,-0.685039,0.428938,0.296347
2.16222,0.596666,0.0314961,0.470473,0.296347
2.16247,0.614092,0.677165,0.448503,0.296347
2.16272,0.564416,1,0.361986,0.296347
2.16297,0.446582,1,0.217623,0.296347
2.16322,0.272253,1,0.0474519,0.296347
2.16347,0.0638539,0.80315,-0.132369,0.296347
2.16372,-0.149652,0.346457,-0.279414,0.296347
2.16397,-0.338908,-0.0708661,-0.375155,0.296347
2.16422,-0.479458,-0.362205,-0.414199,0.296347
2.16447,-0.556835,-0.417323,-0.379767,0.296347
2.16472,-0.568941,-0.220472,-0.294312,0.296347
2.16497,-0.52539,0.173228,-0.196467,0.296347
2.16522,-0.444827,0.661417,-0.0881295,0.296347
2.16547,-0.349818,1,-0.0190041,0.296347
2.16572,-0.26132,1,0.0142387,0.296347
2.16597,-0.193591,1,0.0107146,0.296347
2.16622,-0.151447,1,-0.0309301,0.296347
2.16647,-0.129502,0.464567,-0.069467,0.296347
2.16672,-0.114295,-0.259843,-0.109949,0.296347
2.16697,-0.0889304,-1,-0.112222,0.296347
2.16722,-0.0377243,-1,-0.0635829,0.296347
2.16747,0.0484627,-1,0.027074,0.296347
2.16772,0.168887,-1,0.146985,0.296347
2.16797,0.312139,-1,0.277167,0.296347
2.16822,0.457772,-1,0.393574,0.296347
2.16847,0.580488,-0.409449,0.473928,0.296347
2.16872,0.655681,0.251969,0.507068,0.296347
2.16897,0.665063,0.755906,0.466283,0.296347
2.16922,0.601168,1,0.361576,0.296347
2.16947,0.469221,1,0.207238,0.296347
2.16972,0.286625,0.740157,0.0332889,0.296347
2.16997,0.0796728,0.338583,-0.138611,0.296347
2.17022,-0.122391,-0.0708661,-0.257093,0.296347
2.17047,-0.292391,-0.377953,-0.324222,0.296347
2.17072,-0.411151,-0.480315,-0.324375,0.296347
2.17097,-0.470809,-0.330709,-0.278991,0.296347
2.17122,-0.475373,0.0472441,-0.205388,0.296347
2.17147,-0.438968,0.559055,-0.118358,0.296347
2.17172,-0.381494,1,-0.0646119,0.296347
2.17197,-0.323292,1,-0.0401008,0.296347
2.17222,-0.279679,1,-0.044224,0.296347
2.17247,-0.257572,1,-0.0925247,0.296347
2.17272,-0.253736,0.944882,-0.143608,0.296347
2.17297,-0.256019,0.244094,-0.200065,0.296347
2.17322,-0.247363,-0.535433,-0.218239,0.296347
2.17347,-0.210222,-1,-0.197584,0.296347
2.17372,-0.13249,-1,-0.119377,0.296347
2.17397,-0.0108748,-1,0.00794528,0.296347
2.17422,0.146201,-1,0.164066,0.296347
2.17447,0.320563,-1,0.305986,0.296347
2.17472,0.48649,-0.779528,0.429571,0.296347
2.17497,0.616824,-0.125984,0.506878,0.296347
2.17522,0.688217,0.425197,0.521475,0.296347
2.17547,0.68682,0.76378,0.465715,0.296347
2.17572,0.61087,0.826772,0.347126,0.296347
2.17597,0.471706,0.637795,0.183405,0.296347
2.17622,0.291141,0.275591,0.0146115,0.296347
2.17647,0.0969501,-0.133858,-0.123142,0.296347
2.17672,-0.0830078,-0.472441,-0.216574,0.296347
2.17697,-0.226056,-0.614173,-0.258479,0.296347
2.17722,-0.319798,-0.511811,-0.245704,0.296347
2.17747,-0.362879,-0.15748,-0.197137,0.296347
2.17772,-0.365129,0.370079,-0.136955,0.296347
2.17797,-0.343244,0.968504,-0.0959187,0.296347
2.17822,-0.31658,1,-0.0743845,0.296347
2.17847,-0.300898,1,-0.0943851,0.296347
2.17872,-0.304893,1,-0.134892,0.296347
2.17897,-0.327311,1,-0.199959,0.296347
2.17922,-0.357348,0.76378,-0.267898,0.296347
2.17947,-0.377664,-0.00787402,-0.30394,0.296347
2.17972,-0.369075,-0.787402,-0.308178,0.296347
2.17997,-0.315968,-1,-0.240946,0.296347
2.18022,-0.210691,-1,-0.125355,0.296347
2.18047,-0.0572928,-1,0.0213639,0.296347
2.18072,0.129323,-1,0.197297,0.296347
2.18097,0.324687,-1,0.34741,0.296347
2.18122,0.500433,-0.440945,0.464748,0.296347
2.18147,0.629291,0.110236,0.520041,0.296347
2.18172,0.691645,0.511811,0.507486,0.296347
2.18197,0.67878,0.653543,0.425351,0.296347
2.18222,0.595181,0.535433,0.290357,0.296347
2.18247,0.45734,0.204724,0.133527,0.296347
2.18272,0.289476,-0.204724,-0.0141059,0.296347
2.18297,0.119076,-0.582677,-0.116787,0.296347
2.18322,-0.0298496,-0.80315,-0.177207,0.296347
2.18347,-0.140878,-0.76378,-0.188053,0.296347
2.18372,-0.208769,-0.448819,-0.159082,0.296347
2.18397,-0.238706,0.0866142,-0.110433,0.296347
2.18423,-0.244772,0.740157,-0.0726127,0.296347
2.18448,-0.244523,1,-0.0579175,0.296347
2.18473,-0.254525,1,-0.0877818,0.296347
2.18498,-0.284631,0.779528,-0.1389,0.296347
2.18523,-0.335759,0.590551,-0.220557,0.296347
2.18548,-0.398658,0.543307,-0.29345,0.296347
2.18573,-0.45609,0.700787,-0.363445,0.296347
2.18598,-0.487319,1,-0.394377,0.296347
2.18623,-0.47322,1,-0.380271,0.296347
2.18648,-0.401395,1,-0.302761,0.296347
2.18673,-0.270608,1,-0.166424,0.296347
2.18698,-0.0912393,1,0.0251677,0.296347
2.18723,0.115111,1,0.262033,0.296347
2.18748,0.320513,1,0.492229,0.296347
2.18773,0.495304,1,0.696466,0.296347
2.18798,0.615205,1,0.841584,0.296347
2.18823,0.665016,0.826772,0.909637,0.296347
2.18848,0.642406,0.409449,0.900665,0.296347
2.18873,0.557557,0.0472441,0.833421,0.296347
2.18898,0.430304,-0.251969,0.700643,0.296347
2.18923,0.285888,-0.535433,0.551221,0.296347
2.18948,0.148681,-0.80315,0.387554,0.296347
2.18973,0.0373751,-1,0.230091,0.296347
2.18998,-0.0393453,-1,0.0830315,0.296347
2.19023,-0.0830114,-1,-0.0426382,0.296347
2.19048,-0.104895,-1,-0.158456,0.296347
2.19073,-0.121154,-1,-0.283727,0.296347
2.19098,-0.148695,-1,-0.408068,0.296347
2.19123,-0.198901,-1,-0.552522,0.296347
2.19148,-0.275039,-1,-0.695817,0.296347
2.19173,-0.369722,-1,-0.839808,0.296347
2.19198,-0.46651,-1,-0.955099,0.296347
2.19223,-0.543616,-0.858268,-1.01874,0.296347
2.19248,-0.578601,-0.527559,-1.01767,0.296347
2.19273,-0.554456,-0.244094,-0.930319,0.296347
2.19298,-0.463758,0.00787402,-0.775842,0.296347
2.19323,-0.311668,0.267717,-0.540175,0.296347
2.19348,-0.114932,0.559055,-0.254226,0.296347
2.19373,0.100209,0.92126,0.0558954,0.296347
2.19398,0.303965,1,0.340863,0.296347
2.19423,0.468392,1,0.596818,0.296347
2.19448,0.57327,1,0.777497,0.296347
2.19473,0.609491,1,0.891322,0.296347
2.19498,0.58091,1,0.917688,0.296347
2.19523,0.502326,1,0.887226,0.296347
2.19548,0.395456,1,0.802825,0.296347
2.19573,0.283862,1,0.693683,0.296347
2.19598,0.187288,1,0.571235,0.296347
2.19623,0.117042,0.724409,0.468643,0.296347
2.19648,0.0745036,-0.23622,0.380632,0.296347
2.19673,0.0509443,-1,0.305412,0.296347
2.19698,0.03143,-1,0.227465,0.296347
2.19723,-0.00134567,-1,0.128686,0.296347
2.19748,-0.0605248,-1,0.00278186,0.296347
2.19773,-0.152099,-1,-0.18136,0.296347
2.19798,-0.271211,-1,-0.405013,0.296347
2.19823,-0.403073,-1,-0.634325,0.296347
2.19848,-0.525531,-1,-0.853646,0.296347
2.19873,-0.613784,-1,-1.01194,0.296347
2.19898,-0.646179,-1,-1.10289,0.296347
2.19923,-0.609359,-1,-1.09045,0.296347
2.19948,-0.502027,-1,-0.978597,0.296347
2.19973,-0.3353,-1,-0.783134,0.296347
2.19998,-0.131547,-0.968504,-0.526922,0.296347
2.20023,0.0807635,-0.267717,-0.245715,0.296347
2.20048,0.271902,0.614173,0.018553,0.296347
2.20073,0.417957,1,0.236001,0.296347
2.20098,0.504071,1,0.394514,0.296347
2.20123,0.52803,1,0.500403,0.296347
2.20148,0.499044,1,0.545622,0.296347
2.20173,0.43496,1,0.577695,0.296347
2.20198,0.35743,1,0.590686,0.296347
2.20223,0.286306,1,0.594057,0.296347
2.20248,0.234803,1,0.6109,0.296347
2.20273,0.206419,1,0.625807,0.296347
2.20298,0.194961,0.811024,0.634055,0.296347
2.20323,0.186157,-0.212598,0.629326,0.296347
2.20348,0.162654,-1,0.5776,0.296347
2.20373,0.108804,-1,0.479469,0.296347
2.20398,0.0159373,-1,0.317394,0.296347
2.20423,-0.114873,-1,0.094049,0.296347
2.20448,-0.271061,-1,-0.186959,0.296347
2.20473,-0.431608,-1,-0.4874,0.296347
2.20498,-0.570135,-1,-0.774087,0.296347
2.20523,-0.661291,-1,-1.0072,0.296347
2.20548,-0.686047,-1,-1.15033,0.296347
2.20573,-0.636293,-1,-1.18315,0.296347
2.20598,-0.516675,-1,-1.10516,0.296347
2.20623,-0.344231,-1,-0.943654,0.296347
2.20648,-0.144478,-1,-0.709153,0.296347
2.20673,0.0531473,-1,-0.454533,0.296347
2.20698,0.222392,-0.11811,-0.194457,0.296347
2.20723,0.343994,1,0.0317372,0.296347
2.20748,0.410351,1,0.211986,0.296347
2.20773,0.425282,1,0.33051,0.296347
2.20798,0.402494,1,0.420216,0.296347
2.20823,0.361084,1,0.490647,0.296347
2.20848,0.320479,1,0.560397,0.296347
2.20873,0.294927,1,0.640241,0.296347
2.20899,0.289971,1,0.721663,0.296347
2.20924,0.301301,1,0.788984,0.296347
2.20949,0.315732,1,0.822814,0.296347
2.20974,0.315328,0.732283,0.818631,0.296347
2.20999,0.282281,-0.0314961,0.759337,0.296347
2.21024,0.204351,-0.629921,0.620253,0.296347
2.21049,0.0784826,-1,0.419553,0.296347
2.21074,-0.0864915,-1,0.164638,0.296347
2.21099,-0.271559,-1,-0.132225,0.296347
2.21124,-0.450483,-1,-0.437737,0.296347
2.21149,-0.595339,-1,-0.717535,0.296347
2.21174,-0.682094,-1,-0.945643,0.296347
2.21199,-0.696164,-1,-1.08596,0.296347
2.21224,-0.635307,-1,-1.12201,0.296347
2.21249,-0.510099,-1,-1.05721,0.296347
2.21274,-0.341856,-1,-0.91797,0.296347
2.21299,-0.157689,-1,-0.722688,0.296347
2.21324,0.0150762,-1,-0.507466,0.296347
2.21349,0.154678,-0.771654,-0.296378,0.296347
2.21374,0.248633,0.661417,-0.107969,0.296347
2.21399,0.296413,1,0.0374812,0.296347
2.21424,0.307189,1,0.147493,0.296347
2.21449,0.297709,1,0.237676,0.296347
2.21474,0.286222,1,0.333971,0.296347
2.21499,0.28792,1,0.451196,0.296347
2.21524,0.31,1,0.582773,0.296347
2.21549,0.350082,1,0.727159,0.296347
2.21574,0.396183,1,0.839163,0.296347
2.21599,0.430019,1,0.926529,0.296347
2.21624,0.431399,1,0.939756,0.296347
2.21649,0.384528,1,0.882833,0.296347
2.21674,0.28153,0.511811,0.736761,0.296347
2.21699,0.126501,0.0314961,0.511457,0.296347
2.21724,-0.0651689,-0.480315,0.243189,0.296347
2.21749,-0.268739,-1,-0.0389235,0.296347
2.21774,-0.455301,-1,-0.317858,0.296347
2.21799,-0.597087,-1,-0.564921,0.296347
2.21824,-0.67382,-1,-0.745392,0.296347
2.21849,-0.676336,-1,-0.859382,0.296347
2.21874,-0.608491,-1,-0.887547,0.296347
2.21899,-0.48596,-1,-0.863025,0.296347
2.21924,-0.332519,-1,-0.774043,0.296347
2.21949,-0.174511,-1,-0.655124,0.296347
2.21974,-0.0352392,-1,-0.533584,0.296347
2.21999,0.0696144,-1,-0.404198,0.296347
2.22024,0.135465,0.133858,-0.305326,0.296347
2.22049,0.167737,1,-0.205816,0.296347
2.22074,0.180543,1,-0.119931,0.296347
2.22099,0.191061,1,-0.0177037,0.296347
2.22124,0.215142,1,0.0985379,0.296347
2.22149,0.26174,1,0.269059,0.296347
2.22174,0.330551,1,0.46737,0.296347
2.22199,0.411113,1,0.685695,0.296347
2.22224,0.485139,1,0.873619,0.296347
2.22249,0.53076,1,1.01106,0.296347
2.22274,0.528184,1,1.06253,0.296347
2.22299,0.464763,1,1.02772,0.296347
2.22324,0.338599,1,0.883315,0.296347
2.22349,0.160616,1,0.665716,0.296347
2.22374,-0.0480654,0.488189,0.383238,0.296347
2.22399,-0.258786,-0.330709,0.0823064,0.440412
2.22424,-0.442122,-1,-0.193456,0.440412
2.22449,-0.572877,-1,-0.425735,0.440412
2.22474,-0.635979,-1,-0.58652,0.440412
2.22499,-0.628306,-1,-0.680879,0.440412
2.22524,-0.559463,-1,-0.713639,0.440412
2.22549,-0.44878,-1,-0.716741,0.440412
2.22574,-0.320289,-1,-0.680795,0.440412
2.22599,-0.197503,-1,-0.627292,0.440412
2.22624,-0.0980973,-1,-0.568819,0.440412
2.22649,-0.0299318,-1,-0.521644,0.440412
2.22674,0.00940001,-0.393701,-0.472913,0.440412
2.22699,0.0314028,0.874016,-0.413804,0.440412
2.22724,0.0523374,1,-0.335734,0.440412
2.22749,0.0887467,1,-0.224443,0.440412
2.22774,0.151493,1,-0.0593627,0.440412
2.22799,0.242789,1,0.146016,0.440412
2.22824,0.354196,1,0.399339,0.440412
2.22849,0.468285,1,0.663494,0.440412
2.22874,0.561902,1,0.897159,0.440412
2.22899,0.612032,1,1.06695,0.440412
2.22924,0.600835,1,1.13946,0.440412
2.22949,0.52039,1,1.10894,0.440412
2.22974,0.375582,1,0.976115,0.440412
2.22999,0.182912,1,0.750599,0.440412
2.23024,-0.0314581,1,0.471887,0.440412
2.23049,-0.237837,0.377953,0.176203,0.440412
2.23074,-0.407997,-0.811024,-0.0932267,0.440412
2.23099,-0.521835,-1,-0.317515,0.440412
2.23124,-0.569889,-1,-0.468511,0.440412
2.23149,-0.555615,-1,-0.560313,0.440412
2.23174,-0.493057,-1,-0.601442,0.440412
2.23199,-0.403401,-1,-0.621934,0.440412
2.23224,-0.308955,-1,-0.629328,0.440412
2.23249,-0.228328,-1,-0.63605,0.440412
2.23274,-0.171977,-1,-0.63312,0.440412
2.23299,-0.139849,-1,-0.633814,0.440412
2.23324,-0.122947,-0.92126,-0.616199,0.440412
2.23349,-0.105392,0.165354,-0.57125,0.440412
2.23375,-0.0703182,1,-0.482875,0.440412
2.234,-0.00417673,1,-0.355658,0.440412
2.23425,0.0977877,1,-0.169743,0.440412
2.2345,0.230362,1,0.0758534,0.440412
2.23475,0.377566,1,0.351922,0.440412
2.235,0.516227,1,0.630023,0.440412
2.23525,0.62076,1,0.878424,0.440412
2.2355,0.668665,1,1.05453,0.440412
2.23575,0.645913,1,1.1388,0.440412
2.236,0.550655,1,1.11313,0.440412
2.23625,0.39358,1,0.987563,0.440412
2.2365,0.196676,1,0.775912,0.440412
2.23675,-0.0118882,1,0.527953,0.440412
2.237,-0.202705,0.984252,0.26279,0.440412
2.23725,-0.351879,-0.346457,0.0190664,0.440412
2.2375,-0.44476,-1,-0.178113,0.440412
2.23775,-0.478961,-1,-0.32121,0.440412
2.238,-0.463205,-1,-0.404218,0.440412
2.23825,-0.415018,-1,-0.456688,0.440412
2.2385,-0.35485,-1,-0.508149,0.440412
2.23875,-0.301594,-1,-0.569423,0.440412
2.239,-0.267255,-1,-0.626742,0.440412
2.23925,-0.254111,-1,-0.690581,0.440412
2.2395,-0.254942,-1,-0.729971,0.440412
2.23975,-0.254658,-1,-0.756239,0.440412
2.24,-0.235468,-0.566929,-0.721206,0.440412
2.24025,-0.181351,0.15748,-0.632694,0.440412
2.2405,-0.0840677,0.748031,-0.476715,0.440412
2.24075,0.0549122,1,-0.261832,0.440412
2.241,0.222407,1,-0.00423619,0.440412
2.24125,0.396377,1,0.278519,0.440412
2.2415,0.54985,1,0.561351,0.440412
2.24175,0.656647,1,0.806078,0.440412
2.242,0.69699,1,0.979149,0.440412
2.24225,0.662085,1,1.05557,0.440412
2.2425,0.556222,1,1.04915,0.440412
2.24275,0.395547,1,0.938669,0.440412
2.243,0.205388,1,0.77127,0.440412
2.24325,0.0141827,1,0.570081,0.440412
2.2435,-0.151646,1,0.357694,0.440412
2.24375,-0.273904,0.0629921,0.161982,0.440412
2.244,-0.344657,-1,-0.000860253,0.440412
2.24425,-0.368054,-1,-0.129406,0.440412
2.2445,-0.357349,-1,-0.211834,0.440412
2.24475,-0.33106,-1,-0.295933,0.440412
2.245,-0.307553,-1,-0.396619,0.440412
2.24525,-0.30008,-1,-0.5052,0.440412
2.2455,-0.31292,-1,-0.639817,0.440412
2.24575,-0.340519,-1,-0.759769,0.440412
2.246,-0.368646,-1,-0.86179,0.440412
2.24625,-0.378593,-1,-0.907702,0.440412
2.2465,-0.351786,-1,-0.879709,0.440412
2.24675,-0.276038,-0.76378,-0.781069,0.440412
2.247,-0.148313,-0.259843,-0.5958,0.440412
2.24725,0.0222098,0.251969,-0.353642,0.440412
2.2475,0.216113,0.834646,-0.0753087,0.440412
2.24775,0.406265,1,0.220643,0.440412
2.248,0.564424,1,0.476297,0.440412
2.24825,0.665815,1,0.692838,0.440412
2.2485,0.695265,1,0.835432,0.440412
2.24875,0.649939,1,0.902861,0.440412
2.249,0.539759,1,0.893565,0.440412
2.24925,0.385342,1,0.819512,0.440412
2.2495,0.213021,1,0.705152,0.440412
2.24975,0.0496023,1,0.559257,0.440412
2.25,-0.0840694,1,0.41836,0.440412
2.25025,-0.176004,0.488189,0.293424,0.440412
2.2505,-0.225935,-0.889764,0.183984,0.440412
2.25075,-0.243328,-1,0.084094,0.440412
2.251,-0.244417,-1,-0.00360032,0.440412
2.25125,-0.246888,-1,-0.0978289,0.440412
2.2515,-0.265022,-1,-0.236579,0.440412
2.25175,-0.304904,-1,-0.406565,0.440412
2.252,-0.362886,-1,-0.597742,0.440412
2.25225,-0.425853,-1,-0.789161,0.440412
2.2525,-0.474346,-1,-0.928519,0.440412
2.25275,-0.487661,-1,-1.0111,0.440412
2.253,-0.448926,-1,-1.00803,0.440412
2.25325,-0.350619,-1,-0.907632,0.440412
2.2535,-0.196307,-1,-0.714628,0.440412
2.25375,-0.00193894,-0.700787,-0.463037,0.440412
2.254,0.207648,0.015748,-0.167209,0.440412
2.25425,0.402989,0.905512,0.124861,0.440412
2.2545,0.556209,1,0.383055,0.440412
2.25475,0.646257,1,0.566883,0.440412
2.255,0.663691,1,0.689909,0.440412
2.25525,0.611654,1,0.746115,0.440412
2.2555,0.505176,1,0.745291,0.440412
2.25575,0.367142,1,0.696526,0.440412
2.256,0.223246,1,0.630747,0.440412
2.25625,0.0956254,1,0.563448,0.440412
2.2565,-0.000832273,1,0.490541,0.440412
2.25675,-0.062165,0.897638,0.42146,0.440412
2.257,-0.0944656,-0.377953,0.364022,0.440412
2.25725,-0.111761,-1,0.292494,0.440412
2.2575,-0.131049,-1,0.203455,0.440412
2.25775,-0.167602,-1,0.0825567,0.440412
2.258,-0.229477,-1,-0.0898081,0.440412
2.25826,-0.315272,-1,-0.304176,0.440412
2.25851,-0.41337,-1,-0.54971,0.440412
2.25876,-0.504378,-1,-0.782373,0.440412
2.25901,-0.56549,-1,-0.968392,0.440412
2.25926,-0.575913,-1,-1.07574,0.440412
2.25951,-0.52267,-1,-1.08209,0.440412
2.25976,-0.403473,-1,-0.989705,0.440412
2.26001,-0.229001,-1,-0.802053,0.440412
2.26026,-0.0206097,-1,-0.552816,0.440412
2.26051,0.193206,-0.700787,-0.260462,0.440412
2.26076,0.382809,0.362205,0.0300401,0.440412
2.26101,0.522803,1,0.269622,0.440412
2.26126,0.597783,1,0.445344,0.440412
2.26151,0.604244,1,0.56017,0.440412
2.26176,0.551232,1,0.608303,0.440412
2.26201,0.457194,1,0.622146,0.440412
2.26226,0.345517,1,0.622062,0.440412
2.26251,0.238524,1,0.601633,0.440412
2.26276,0.152688,1,0.589187,0.440412
2.26301,0.095197,1,0.580178,0.440412
2.26326,0.0625228,1,0.555249,0.440412
2.26351,0.0428189,0.181102,0.529214,0.440412
2.26376,0.0194342,-0.771654,0.459262,0.440412
2.26401,-0.0235931,-1,0.353984,0.440412
2.26426,-0.097025,-1,0.21069,0.440412
2.26451,-0.201879,-1,0.00369648,0.440412
2.26476,-0.329031,-1,-0.247012,0.440412
2.26501,-0.459769,-1,-0.520405,0.440412
2.26526,-0.570144,-1,-0.779217,0.440412
2.26551,-0.635954,-1,-0.987565,0.440412
2.26576,-0.638859,-1,-1.09699,0.440412
2.26601,-0.570315,-1,-1.11058,0.440412
2.26626,-0.434698,-1,-1.02467,0.440412
2.26651,-0.248431,-1,-0.846311,0.440412
2.26676,-0.0372372,-1,-0.604254,0.440412
2.26701,0.169276,-1,-0.331377,0.440412
2.26726,0.343012,-0.125984,-0.0674798,0.440412
2.26751,0.463759,1,0.160983,0.440412
2.26776,0.522008,1,0.325451,0.440412
2.26801,0.520866,1,0.431726,0.440412
2.26826,0.473783,1,0.485676,0.440412
2.26851,0.401094,1,0.527353,0.440412
2.26876,0.324325,1,0.566344,0.440412
2.26901,0.260725,1,0.597528,0.440412
2.26926,0.219632,1,0.646195,0.440412
2.26951,0.200015,1,0.67825,0.440412
2.26976,0.191746,1,0.696146,0.440412
2.27001,0.178614,0.787402,0.677989,0.440412
2.27026,0.143443,0.015748,0.611145,0.440412
2.27051,0.0728482,-0.598425,0.487389,0.440412
2.27076,-0.0375308,-1,0.30155,0.440412
2.27101,-0.181717,-1,0.0687381,0.440412
2.27126,-0.342877,-1,-0.205228,0.440412
2.27151,-0.497057,-1,-0.479619,0.440412
2.27176,-0.617477,-1,-0.738259,0.440412
2.27201,-0.681143,-1,-0.937403,0.440412
2.27226,-0.673298,-1,-1.04535,0.440412
2.27251,-0.591325,-1,-1.06408,0.440412
2.27276,-0.445794,-1,-0.981321,0.440412
2.27301,-0.257747,-1,-0.832333,0.440412
2.27326,-0.0553673,-1,-0.615864,0.440412
2.27351,0.132777,-1,-0.390656,0.440412
2.27376,0.282642,-0.559055,-0.169278,0.440412
2.27401,0.380207,0.795276,0.0195655,0.440412
2.27426,0.422653,1,0.153495,0.440412
2.27451,0.418821,1,0.254222,0.440412
2.27476,0.385268,1,0.325482,0.440412
2.27501,0.342119,1,0.396553,0.440412
2.27526,0.306801,1,0.47982,0.440412
2.27551,0.290253,1,0.575094,0.440412
2.27576,0.293598,1,0.679201,0.440412
2.27601,0.308267,1,0.768094,0.440412
2.27626,0.318485,1,0.833101,0.440412
2.27651,0.305768,1,0.831425,0.440412
2.27676,0.253885,0.850394,0.758041,0.440412
2.27701,0.154531,0.346457,0.615983,0.440412
2.27726,0.00964893,-0.125984,0.397905,0.440412
2.27751,-0.167054,-0.645669,0.139014,0.440412
2.27776,-0.352972,-1,-0.134985,0.440412
2.27801,-0.520098,-1,-0.402636,0.440412
2.27826,-0.641863,-1,-0.634695,0.440412
2.27851,-0.697691,-1,-0.806916,0.440412
2.27876,-0.678191,-1,-0.90444,0.440412
2.27901,-0.586934,-1,-0.916213,0.440412
2.27926,-0.439706,-1,-0.853049,0.440412
2.27951,-0.260949,-1,-0.733002,0.440412
2.27976,-0.0785563,-1,-0.585916,0.440412
2.28001,0.0817051,-1,-0.424101,0.440412
2.28026,0.202067,-0.944882,-0.277241,0.440412
2.28051,0.275024,0.393701,-0.152963,0.440412
2.28076,0.304801,1,-0.0534481,0.440412
2.28101,0.304329,1,0.0363737,0.440412
2.28126,0.291897,1,0.115746,0.440412
2.28151,0.284705,1,0.215408,0.440412
2.28176,0.295047,1,0.340904,0.440412
2.28201,0.325996,1,0.504372,0.440412
2.28226,0.370595,1,0.677342,0.440412
2.28251,0.413777,1,0.825724,0.440412
2.28276,0.43565,1,0.926332,0.440412
2.28302,0.417405,1,0.953739,0.440412
2.28327,0.345973,1,0.895177,0.440412
2.28352,0.218917,1,0.752232,0.440412
2.28377,0.0450957,0.80315,0.528776,0.440412
2.28402,-0.155226,0.188976,0.245016,0.440412
2.28427,-0.354986,-0.582677,-0.0375706,0.440412
2.28452,-0.52475,-1,-0.30976,0.440412
2.28477,-0.639816,-1,-0.522402,0.440412
2.28502,-0.68414,-1,-0.669598,0.440412
2.28527,-0.654369,-1,-0.745198,0.440412
2.28552,-0.559951,-1,-0.753006,0.440412
2.28577,-0.420557,-1,-0.71778,0.440412
2.28602,-0.261817,-1,-0.644106,0.440412
2.28627,-0.109633,-1,-0.558033,0.440412
2.28652,0.0157989,-1,-0.465886,0.440412
2.28677,0.103326,-1,-0.38499,0.440412
2.28702,0.153111,-0.0472441,-0.316597,0.440412
2.28727,0.174703,1,-0.247617,0.440412
2.28752,0.184475,1,-0.175968,0.440412
2.28777,0.199288,1,-0.0793909,0.440412
2.28802,0.232709,1,0.0500204,0.440412
2.28827,0.28976,1,0.233073,0.440412
2.28852,0.365538,1,0.456274,0.440412
2.28877,0.445804,1,0.68203,0.440412
2.28902,0.510027,1,0.88009,0.440412
2.28927,0.536605,1,1.01556,0.440412
2.28952,0.508109,1,1.06616,0.440412
2.28977,0.416537,1,1.00753,0.440412
2.29002,0.265433,1,0.854743,0.440412
2.29027,0.0707525,1,0.626168,0.440412
2.29052,-0.142598,0.944882,0.342382,0.440412
2.29077,-0.344615,0.00787402,0.0424325,0.440412
2.29102,-0.507428,-1,-0.218912,0.440412
2.29127,-0.609519,-1,-0.427489,0.440412
2.29152,-0.640994,-1,-0.562207,0.440412
2.29177,-0.60456,-1,-0.637081,0.440412
2.29202,-0.514431,-1,-0.656074,0.440412
2.29227,-0.392767,-1,-0.64042,0.440412
2.29252,-0.264124,-1,-0.607165,0.440412
2.29277,-0.150063,-1,-0.57417,0.440412
2.29302,-0.0639985,-1,-0.535889,0.440412
2.29327,-0.00953095,-1,-0.504075,0.440412
2.29352,0.0203662,-0.535433,-0.472515,0.440412
2.29377,0.0397801,0.456693,-0.417002,0.440412
2.29402,0.0657847,1,-0.336527,0.440412
2.29427,0.112824,1,-0.21753,0.440412
2.29452,0.188561,1,-0.0469749,0.440412
2.29477,0.290331,1,0.174782,0.440412
2.29502,0.40546,1,0.424514,0.440412
2.29527,0.513512,1,0.679628,0.440412
2.29552,0.590648,1,0.902548,0.440412
2.29577,0.615408,1,1.04156,0.440412
2.29602,0.573932,1,1.10012,0.440412
2.29627,0.463716,1,1.03778,0.440412
2.29652,0.295109,1,0.88557,0.440412
2.29677,0.0892403,1,0.661661,0.440412
2.29702,-0.125169,1,0.396987,0.440412
2.29727,-0.318769,0.543307,0.121636,0.440412
2.29752,-0.46598,-0.669291,-0.127219,0.440412
2.29777,-0.551206,-1,-0.325135,0.440412
2.29802,-0.570677,-1,-0.451463,0.440412
2.29827,-0.53287,-1,-0.515207,0.440412
2.29852,-0.455511,-1,-0.543338,0.440412
2.29877,-0.361032,-1,-0.562529,0.440412
2.29902,-0.270884,-1,-0.577029,0.440412
2.29927,-0.200222,-1,-0.596327,0.440412
2.29952,-0.155199,-1,-0.613041,0.440412
2.29977,-0.131397,-1,-0.624376,0.440412
2.30002,-0.116402,-1,-0.61955,0.440412
2.30027,-0.0929756,-0.228346,-0.573666,0.440412
2.30052,-0.0455127,0.425197,-0.47801,0.440412
2.30077,0.0364364,0.952756,-0.330991,0.440412
2.30102,0.153213,1,-0.126092,0.440412
2.30127,0.294693,1,0.109859,0.440412
2.30152,0.441286,1,0.37581,0.440412
2.30177,0.568063,1,0.635954,0.440412
2.30202,0.649975,1,0.856498,0.440412
2.30227,0.667721,1,1.00301,0.440412
2.30252,0.612473,1,1.05544,0.440412
2.30277,0.487814,1,1.00453,0.440412
2.30302,0.310002,1,0.876462,0.440412
2.30327,0.1043,1,0.671733,0.440412
2.30352,-0.0998067,1,0.442674,0.440412
2.30377,-0.274833,0.984252,0.207309,0.440412
2.30402,-0.400216,-0.291339,-0.00261227,0.440412
2.30427,-0.466897,-1,-0.160429,0.440412
2.30452,-0.477326,-1,-0.278971,0.440412
2.30477,-0.4448,-1,-0.342438,0.440412
2.30502,-0.388679,-1,-0.40007,0.440412
2.30527,-0.329575,-1,-0.452961,0.440412
2.30552,-0.283735,-1,-0.522336,0.440412
2.30577,-0.259091,-1,-0.607444,0.440412
2.30602,-0.253549,-1,-0.679275,0.440412
2.30627,-0.256082,-1,-0.743235,0.440412
2.30652,-0.249526,-1,-0.77064,0.440412
2.30677,-0.216636,-1,-0.726914,0.440412
2.30702,-0.143944,-1,-0.625659,0.440412
2.30727,-0.0273992,-1,-0.452731,0.440412
2.30752,0.126375,-1,-0.21693,0.440412
2.30778,0.299861,-1,0.0403495,0.440412
2.30803,0.468288,-1,0.290962,0.440412
2.30828,0.604121,-0.653543,0.508376,0.440412
2.30853,0.683418,0.15748,0.649904,0.440412
2.30878,0.690942,1,0.699687,0.440412
2.30903,0.623422,1,0.6548,0.440412
2.30928,0.490741,1,0.52819,0.440412
2.30953,0.313672,1,0.365155,0.440412
2.30978,0.119578,1,0.181536,0.440412
2.31003,-0.0633913,1,0.0272704,0.440412
2.31028,-0.21165,1,-0.0808973,0.440412
2.31053,-0.311458,1,-0.136546,0.440412
2.31078,-0.360216,1,-0.150464,0.440412
2.31103,-0.366508,1,-0.118179,0.440412
2.31128,-0.346449,0.96063,-0.0607705,0.440412
2.31153,-0.319358,0.614173,-0.0134796,0.440412
2.31178,-0.301805,0.393701,0.0160092,0.440412
2.31203,-0.303346,0.244094,0.0031189,0.440412
2.31228,-0.32398,0.125984,-0.0266244,0.440412
2.31253,-0.353922,-0.023622,-0.0817167,0.440412
2.31278,-0.376386,-0.251969,-0.1582,0.440412
2.31303,-0.372133,-0.566929,-0.207095,0.440412
2.31328,-0.324863,-0.937008,-0.233845,0.440412
2.31353,-0.225753,-1,-0.20635,0.440412
2.31378,-0.0774597,-1,-0.13703,0.440412
2.31403,0.106377,-1,-0.0324235,0.440412
2.31428,0.302145,-1,0.0928304,0.440412
2.31453,0.481701,-1,0.202416,0.440412
2.31478,0.617275,-1,0.278705,0.440412
2.31503,0.688167,-0.606299,0.3093,0.440412
2.31528,0.684174,-0.023622,0.282694,0.440412
2.31553,0.608258,0.480315,0.197916,0.440412
2.31578,0.475558,0.826772,0.0925946,0.440412
2.31603,0.309971,0.96063,-0.0306216,0.440412
2.31628,0.138427,0.858268,-0.126532,0.440412
2.31653,-0.0139624,0.543307,-0.179882,0.440412
2.31678,-0.130039,0.110236,-0.163341,0.440412
2.31703,-0.202844,-0.354331,-0.0940903,0.440412
2.31728,-0.236766,-0.76378,0.00339268,0.440412
2.31753,-0.244659,-1,0.109293,0.440412
2.31778,-0.244313,-1,0.193742,0.440412
2.31803,-0.252379,-1,0.203551,0.440412
2.31828,-0.279918,-0.795276,0.140285,0.440412
2.31853,-0.328859,-0.496063,0.00445677,0.440412
2.31878,-0.391137,-0.212598,-0.187322,0.440412
2.31903,-0.450257,0,-0.416435,0.440412
2.31928,-0.485654,0.110236,-0.628329,0.440412
2.31953,-0.477711,0.11811,-0.771885,0.440412
2.31978,-0.412981,0.0472441,-0.832992,0.440412
2.32003,-0.288831,-0.0314961,-0.791737,0.440412
2.32028,-0.114242,-0.0629921,-0.635862,0.440412
2.32053,0.0902923,0.00787402,-0.408745,0.440412
2.32078,0.297377,0.244094,-0.124281,0.440412
2.32103,0.477239,0.622047,0.166418,0.440412
2.32128,0.604556,1,0.426077,0.440412
2.32153,0.662991,1,0.625425,0.440412
2.32178,0.648616,1,0.758903,0.440412
2.32203,0.570122,1,0.806827,0.440412
2.32228,0.446684,1,0.811231,0.440412
2.32253,0.302951,1,0.768088,0.440412
2.32278,0.163763,1,0.696058,0.440412
2.32303,0.0487404,0.92126,0.61129,0.440412
2.32328,-0.0321799,0.244094,0.529293,0.440412
2.32353,-0.0793045,-0.385827,0.44249,0.440412
2.32378,-0.102976,-0.913386,0.351355,0.440412
2.32403,-0.118973,-1,0.247617,0.57577
2.32428,-0.14446,-1,0.101292,0.57577
2.32453,-0.191618,-1,-0.0790229,0.57577
2.32478,-0.264884,-1,-0.305661,0.57577
2.32503,-0.358069,-1,-0.566348,0.57577
2.32528,-0.455674,-1,-0.80936,0.57577
2.32553,-0.536307,-1,-1.01638,0.57577
2.32578,-0.577343,-1,-1.1552,0.57577
2.32603,-0.560708,-1,-1.1848,0.57577
2.32628,-0.477906,-1,-1.11392,0.57577
2.32653,-0.33231,-1,-0.931237,0.57577
2.32678,-0.139725,-1,-0.665987,0.57577
2.32703,0.0748887,-1,-0.354565,0.57577
2.32728,0.281498,-0.818898,-0.0394854,0.57577
2.32753,0.451834,-0.19685,0.255989,0.57577
2.32778,0.56436,0.519685,0.470119,0.57577
2.32803,0.608786,1,0.617463,0.57577
2.32828,0.587226,1,0.668226,0.57577
2.32853,0.513522,1,0.655909,0.57577
2.32878,0.408726,1,0.602919,0.57577
2.32903,0.296539,1,0.530719,0.57577
2.32928,0.197411,1,0.479684,0.57577
2.32953,0.123786,1,0.433046,0.57577
2.32978,0.078264,1,0.41042,0.57577
2.33003,0.053153,0.850394,0.382848,0.57577
2.33028,0.0340721,0.480315,0.36331,0.57577
2.33053,0.00365056,0.220472,0.307944,0.57577
2.33078,-0.0519108,0.0629921,0.228858,0.57577
2.33103,-0.139711,-0.015748,0.0973859,0.57577
2.33128,-0.256153,-0.102362,-0.067145,0.57577
2.33153,-0.387647,-0.23622,-0.254336,0.57577
2.33178,-0.512408,-0.456693,-0.45394,0.57577
2.33203,-0.605927,-0.779528,-0.610175,0.57577
2.33228,-0.645791,-1,-0.720967,0.57577
2.33254,-0.617436,-1,-0.754208,0.57577
2.33279,-0.51807,-1,-0.70512,0.57577
2.33304,-0.357354,-1,-0.589898,0.57577
2.33329,-0.156559,-1,-0.433625,0.57577
2.33354,0.0563289,-1,-0.248474,0.57577
2.33379,0.251348,-1,-0.0733362,0.57577
2.33404,0.403714,-0.92126,0.072892,0.57577
2.33429,0.497241,-0.212598,0.173409,0.57577
2.33454,0.528256,0.472441,0.228334,0.57577
2.33479,0.504699,1,0.229791,0.57577
2.33504,0.44364,1,0.202008,0.57577
2.33529,0.366569,1,0.181203,0.57577
2.33554,0.293834,1,0.185414,0.57577
2.33579,0.239633,1,0.231718,0.57577
2.33604,0.208742,1,0.307228,0.57577
2.33629,0.195828,0.897638,0.414714,0.57577
2.33654,0.187702,0.677165,0.506752,0.57577
2.33679,0.166794,0.543307,0.579095,0.57577
2.33704,0.117184,0.496063,0.59121,0.57577
2.33729,0.0289546,0.511811,0.535824,0.57577
2.33754,-0.0977273,0.527559,0.402745,0.57577
2.33779,-0.252049,0.480315,0.202961,0.57577
2.33804,-0.413268,0.314961,-0.0340073,0.57577
2.33829,-0.555826,0.015748,-0.268372,0.57577
2.33854,-0.653718,-0.385827,-0.47051,0.57577
2.33879,-0.686957,-0.866142,-0.61847,0.57577
2.33904,-0.645984,-1,-0.680697,0.57577
2.33929,-0.533924,-1,-0.664272,0.57577
2.33954,-0.366499,-1,-0.579455,0.57577
2.33979,-0.168447,-1,-0.456782,0.57577
2.34004,0.0308937,-1,-0.319505,0.57577
2.34029,0.20468,-1,-0.190446,0.57577
2.34054,0.33252,-0.559055,-0.0829109,0.57577
2.34079,0.405412,0.0708661,-0.014075,0.57577
2.34104,0.425839,0.645669,0.0286878,0.57577
2.34129,0.406558,1,0.0511203,0.57577
2.34154,0.366275,1,0.0720604,0.57577
2.34179,0.324693,1,0.118718,0.57577
2.34204,0.296878,1,0.200028,0.57577
2.34229,0.289527,1,0.326747,0.57577
2.34254,0.299473,0.84252,0.474385,0.57577
2.34279,0.314411,0.661417,0.622898,0.57577
2.34304,0.316819,0.559055,0.745491,0.57577
2.34329,0.288317,0.535433,0.794613,0.57577
2.34354,0.216046,0.590551,0.77174,0.57577
2.34379,0.0955889,0.645669,0.659744,0.57577
2.34404,-0.0655748,0.645669,0.465048,0.57577
2.34429,-0.249544,0.527559,0.197724,0.57577
2.34454,-0.43066,0.259843,-0.0816091,0.57577
2.34479,-0.580909,-0.141732,-0.352629,0.57577
2.34504,-0.675476,-0.661417,-0.561273,0.57577
2.34529,-0.698476,-1,-0.700826,0.57577
2.34554,-0.646129,-1,-0.753794,0.57577
2.34579,-0.527562,-1,-0.720923,0.57577
2.34604,-0.363043,-1,-0.638582,0.57577
2.34629,-0.179381,-1,-0.514299,0.57577
2.34654,-0.00387913,-1,-0.39232,0.57577
2.34679,0.140372,-1,-0.27164,0.57577
2.34704,0.240079,-0.488189,-0.18201,0.57577
2.34729,0.292808,0.110236,-0.106801,0.57577
2.34754,0.30735,0.629921,-0.0627279,0.57577
2.34779,0.299213,0.992126,-0.0144988,0.57577
2.34804,0.287136,1,0.0332728,0.57577
2.34829,0.286674,1,0.128062,0.57577
2.34854,0.306322,1,0.253672,0.57577
2.34879,0.344735,1,0.418957,0.57577
2.34904,0.390988,0.952756,0.595331,0.57577
2.34929,0.427326,0.92126,0.761033,0.57577
2.34954,0.433467,0.968504,0.867773,0.57577
2.34979,0.392895,1,0.89358,0.57577
2.35004,0.296528,1,0.845825,0.57577
2.35029,0.147049,1,0.698008,0.57577
2.35054,-0.0414515,1,0.472373,0.57577
2.35079,-0.245087,0.905512,0.212282,0.57577
2.35104,-0.43518,0.480315,-0.0607371,0.57577
2.35129,-0.583471,-0.0866142,-0.296205,0.57577
2.35154,-0.668584,-0.732283,-0.477398,0.57577
2.35179,-0.679889,-1,-0.578657,0.57577
2.35204,-0.61972,-1,-0.607737,0.57577
2.35229,-0.502505,-1,-0.580782,0.57577
2.35254,-0.351332,-1,-0.506139,0.57577
2.35279,-0.19253,-1,-0.435625,0.57577
2.35304,-0.0500456,-1,-0.362347,0.57577
2.35329,0.0593235,-1,-0.314724,0.57577
2.35354,0.129614,-0.732283,-0.27815,0.57577
2.35379,0.165291,-0.212598,-0.260729,0.57577
2.35404,0.17952,0.19685,-0.242367,0.57577
2.35429,0.189395,0.480315,-0.206735,0.57577
2.35454,0.211249,0.637795,-0.125321,0.57577
2.35479,0.255004,0.692913,-0.00566726,0.57577
2.35504,0.321553,0.708661,0.159939,0.57577
2.35529,0.401551,0.740157,0.355858,0.57577
2.35554,0.477457,0.834646,0.554392,0.57577
2.35579,0.527532,1,0.737754,0.57577
2.35604,0.531559,1,0.850205,0.57577
2.35629,0.475553,1,0.879938,0.57577
2.35654,0.356566,1,0.821449,0.57577
2.35679,0.183657,1,0.684453,0.57577
2.35704,-0.0226941,1,0.47275,0.57577
2.3573,-0.234851,1,0.240219,0.57577
2.35755,-0.422763,0.787402,0.00112335,0.57577
2.3578,-0.560809,0.125984,-0.204589,0.57577
2.35805,-0.63224,-0.574803,-0.365148,0.57577
2.3583,-0.632682,-1,-0.439724,0.57577
2.35855,-0.570192,-1,-0.46158,0.57577
2.3588,-0.463136,-1,-0.446657,0.57577
2.35905,-0.335538,-1,-0.408523,0.57577
2.3593,-0.211002,-1,-0.375067,0.57577
2.35955,-0.108223,-1,-0.375174,0.57577
2.3598,-0.0362949,-1,-0.383901,0.57577
2.36005,0.00598059,-0.818898,-0.407815,0.57577
2.3603,0.029231,-0.448819,-0.42085,0.57577
2.36055,0.0493767,-0.165354,-0.415129,0.57577
2.3608,0.0832562,0,-0.368233,0.57577
2.36105,0.142583,0.0866142,-0.269734,0.57577
2.3613,0.230749,0.141732,-0.112969,0.57577
2.36155,0.34053,0.228346,0.0910475,0.57577
2.3618,0.455437,0.385827,0.313508,0.57577
2.36205,0.5527,0.629921,0.530878,0.57577
2.3623,0.609037,0.968504,0.704449,0.57577
2.36255,0.605695,1,0.810226,0.57577
2.3628,0.533405,1,0.823287,0.57577
2.36305,0.395534,1,0.748938,0.57577
2.3633,0.207275,1,0.612473,0.57577
2.36355,-0.00605701,1,0.421594,0.57577
2.3638,-0.214936,1,0.209833,0.57577
2.36405,-0.390633,0.897638,0.019589,0.57577
2.3643,-0.5118,0.204724,-0.148003,0.57577
2.36455,-0.567654,-0.496063,-0.248699,0.57577
2.3648,-0.560174,-1,-0.30385,0.57577
2.36505,-0.502286,-1,-0.313331,0.57577
2.3653,-0.41464,-1,-0.306753,0.57577
2.36555,-0.319653,-1,-0.301649,0.57577
2.3658,-0.236664,-1,-0.319394,0.57577
2.36605,-0.177244,-1,-0.37004,0.57577
2.3663,-0.142667,-1,-0.435181,0.57577
2.36655,-0.124612,-0.850394,-0.505448,0.57577
2.3668,-0.108149,-0.629921,-0.553685,0.57577
2.36705,-0.0758425,-0.496063,-0.56355,0.57577
2.3673,-0.0139084,-0.425197,-0.505671,0.57577
2.36755,0.0839971,-0.370079,-0.390757,0.57577
2.3678,0.21353,-0.291339,-0.197407,0.57577
2.36805,0.360178,-0.125984,0.0286571,0.57577
2.3683,0.501143,0.15748,0.262966,0.57577
2.36855,0.611012,0.559055,0.485356,0.57577
2.3688,0.666515,1,0.652069,0.57577
2.36905,0.652435,1,0.740523,0.57577
2.3693,0.56535,1,0.749179,0.57577
2.36955,0.414638,1,0.669274,0.57577
2.3698,0.221037,1,0.548023,0.57577
2.37005,0.0122763,1,0.393408,0.57577
2.3703,-0.182019,1,0.224023,0.57577
2.37055,-0.337076,0.96063,0.0787361,0.57577
2.3708,-0.436949,0.275591,-0.0346071,0.57577
2.37105,-0.477813,-0.393701,-0.106548,0.57577
2.3713,-0.467151,-0.96063,-0.132986,0.57577
2.37155,-0.42174,-1,-0.146745,0.57577
2.3718,-0.361898,-1,-0.162675,0.57577
2.37205,-0.307035,-1,-0.206904,0.57577
2.3723,-0.270138,-1,-0.293219,0.57577
2.37255,-0.254693,-1,-0.399557,0.57577
2.3728,-0.254546,-1,-0.519659,0.57577
2.37305,-0.255302,-1,-0.638013,0.57577
2.3733,-0.23926,-0.929134,-0.702079,0.57577
2.37355,-0.189858,-0.913386,-0.712682,0.57577
2.3738,-0.0978106,-0.913386,-0.639077,0.57577
2.37405,0.0367338,-0.874016,-0.492244,0.57577
2.3743,0.201857,-0.740157,-0.281558,0.57577
2.37455,0.376516,-0.456693,-0.045176,0.57577
2.3748,0.533734,-0.023622,0.206527,0.57577
2.37505,0.647229,0.511811,0.419762,0.57577
2.3753,0.69609,1,0.563058,0.57577
2.37555,0.670083,1,0.638345,0.57577
2.3758,0.571946,1,0.635896,0.57577
2.37605,0.416618,1,0.571611,0.57577
2.3763,0.228379,1,0.47405,0.57577
2.37655,0.0359376,1,0.368449,0.57577
2.3768,-0.134125,1,0.257492,0.57577
2.37705,-0.262042,1,0.173058,0.57577
2.3773,-0.33898,0.385827,0.105512,0.57577
2.37755,-0.367322,-0.204724,0.0731597,0.57577
2.3778,-0.35982,-0.685039,0.0479808,0.57577
2.37805,-0.334295,-1,0.026335,0.57577
2.3783,-0.309679,-1,-0.0290568,0.57577
2.37855,-0.299894,-1,-0.12043,0.57577
2.3788,-0.310439,-1,-0.247988,0.57577
2.37905,-0.336893,-1,-0.418382,0.57577
2.3793,-0.365879,-1,-0.587286,0.57577
2.37955,-0.378986,-1,-0.737518,0.57577
2.3798,-0.357355,-1,-0.826986,0.57577
2.38005,-0.28769,-1,-0.829967,0.57577
2.3803,-0.165838,-1,-0.744469,0.57577
2.38055,0.000463981,-1,-0.585872,0.57577
2.3808,0.192923,-1,-0.356773,0.57577
2.38105,0.384996,-0.771654,-0.0954952,0.57577
2.3813,0.548348,-0.212598,0.152167,0.57577
2.38155,0.657425,0.440945,0.36484,0.57577
2.3818,0.695755,1,0.510702,0.57577
2.38206,0.658949,1,0.58055,0.57577
2.38231,0.555504,1,0.570813,0.57577
2.38256,0.404987,1,0.529913,0.57577
2.38281,0.23333,1,0.452056,0.57577
2.38306,0.0676281,1,0.378387,0.57577
2.38331,-0.0703892,1,0.317763,0.57577
2.38356,-0.167472,1,0.272085,0.57577
2.38381,-0.222038,0.535433,0.250665,0.57577
2.38406,-0.242503,0.0551181,0.228124,0.57577
2.38431,-0.24457,-0.307087,0.204668,0.57577
2.38456,-0.246011,-0.543307,0.143619,0.57577
2.38481,-0.261799,-0.669291,0.0620805,0.57577
2.38506,-0.29913,-0.732283,-0.0730372,0.57577
2.38531,-0.355468,-0.787402,-0.257662,0.57577
2.38556,-0.418768,-0.889764,-0.445364,0.57577
2.38581,-0.470062,-1,-0.631622,0.57577
2.38606,-0.488519,-1,-0.774534,0.57577
2.38631,-0.45661,-1,-0.845065,0.57577
2.38656,-0.365275,-1,-0.832751,0.57577
2.38681,-0.217067,-1,-0.731298,0.57577
2.38706,-0.0261562,-1,-0.553791,0.57577
2.38731,0.18302,-1,-0.334065,0.57577
2.38756,0.381686,-1,-0.0877493,0.57577
2.38781,0.541064,-0.377953,0.142415,0.57577
2.38806,0.639365,0.338583,0.32321,0.57577
2.38831,0.665404,1,0.440215,0.57577
2.38856,0.620996,1,0.487862,0.57577
2.38881,0.519845,1,0.469478,0.57577
2.38906,0.384191,1,0.433033,0.57577
2.38931,0.239721,1,0.38521,0.57577
2.38956,0.109215,1,0.359978,0.57577
2.38981,0.0086638,1,0.348875,0.57577
2.39006,-0.0566844,1,0.348124,0.57577
2.39031,-0.0916966,0.708661,0.361654,0.57577
2.39056,-0.109979,0.362205,0.360609,0.57577
2.39081,-0.128145,0.11811,0.33659,0.57577
2.39106,-0.162078,-0.0472441,0.273587,0.57577
2.39131,-0.220828,-0.15748,0.153412,0.57577
2.39156,-0.304225,-0.275591,-0.0201384,0.57577
2.39181,-0.401755,-0.448819,-0.215439,0.57577
2.39206,-0.494763,-0.708661,-0.427057,0.57577
2.39231,-0.56056,-1,-0.608573,0.57577
2.39256,-0.57781,-1,-0.739621,0.57577
2.39281,-0.532425,-1,-0.789265,0.57577
2.39306,-0.420681,-1,-0.760335,0.57577
2.39331,-0.251799,-1,-0.659936,0.57577
2.39356,-0.0460091,-1,-0.488703,0.57577
2.39381,0.16874,-1,-0.287147,0.57577
2.39406,0.362658,-1,-0.0845004,0.57577
2.39431,0.509511,-0.496063,0.0985835,0.57577
2.39456,0.592579,0.244094,0.2292,0.57577
2.39481,0.606858,0.952756,0.311484,0.57577
2.39506,0.56004,1,0.334985,0.57577
2.39531,0.469656,1,0.331242,0.57577
2.39556,0.358751,1,0.306237,0.57577
2.39581,0.250258,1,0.310912,0.57577
2.39606,0.161351,1,0.336544,0.57577
2.39631,0.100504,1,0.385327,0.57577
2.39656,0.065491,1,0.43966,0.57577
2.39681,0.0449626,0.92126,0.492951,0.57577
2.39706,0.0230251,0.716535,0.519196,0.57577
2.39731,-0.0170964,0.574803,0.490835,0.57577
2.39756,-0.0865891,0.472441,0.403429,0.57577
2.39781,-0.188107,0.346457,0.262785,0.57577
2.39806,-0.313392,0.149606,0.0666394,0.57577
2.39831,-0.44494,-0.141732,-0.156054,0.57577
2.39856,-0.559015,-0.543307,-0.382265,0.57577
2.39881,-0.631178,-1,-0.557351,0.57577
2.39906,-0.642166,-1,-0.678523,0.57577
2.39931,-0.582062,-1,-0.715076,0.57577
2.39956,-0.453712,-1,-0.683614,0.57577
2.39981,-0.272209,-1,-0.584945,0.57577
2.40006,-0.0624337,-1,-0.433781,0.57577
2.40031,0.146184,-1,-0.276925,0.57577
2.40056,0.325016,-1,-0.118081,0.57577
2.40081,0.452731,-0.622047,0.0164268,0.57577
2.40106,0.518414,0.102362,0.106533,0.57577
2.40131,0.523746,0.755906,0.149177,0.57577
2.40156,0.481093,1,0.166222,0.57577
2.40181,0.410276,1,0.174501,0.57577
2.40206,0.332961,1,0.19009,0.57577
2.40231,0.267128,1,0.235863,0.57577
2.40256,0.223231,1,0.329146,0.57577
2.40281,0.201444,1,0.438503,0.57577
2.40306,0.1926,1,0.543869,0.57577
2.40331,0.180963,1,0.634215,0.57577
2.40356,0.149212,1,0.664464,0.57577
2.40381,0.0832127,1,0.637634,0.57577
2.40406,-0.0225708,1,0.531753,0.57577
2.40431,-0.163463,0.850394,0.349226,0.57577
2.40456,-0.323755,0.574803,0.130348,0.57577
2.40481,-0.480147,0.149606,-0.110129,0.57577
2.40506,-0.605845,-0.385827,-0.33111,0.57577
2.40531,-0.677175,-1,-0.500934,0.57577
2.40556,-0.678135,-1,-0.600556,0.57577
2.40581,-0.604592,-1,-0.625788,0.57577
2.40606,-0.465546,-1,-0.586253,0.57577
2.40631,-0.2813,-1,-0.499557,0.57577
2.40656,-0.0789803,-1,-0.387491,0.57577
2.40682,0.112116,-1,-0.267315,0.57577
2.40707,0.267556,-1,-0.168777,0.57577
2.40732,0.371548,-0.732283,-0.0873289,0.57577
2.40757,0.420334,-0.0787402,-0.0386571,0.57577
2.40782,0.421129,0.480315,-0.0128109,0.57577
2.40807,0.390119,0.897638,0.00149702,0.57577
2.40832,0.347075,1,0.0222582,0.57577
2.40857,0.310114,1,0.0794196,0.57577
2.40882,0.291091,1,0.183728,0.57577
2.40907,0.292354,1,0.317044,0.57577
2.40932,0.306397,1,0.475184,0.57577
2.40957,0.318095,1,0.626748,0.57577
2.40982,0.309019,1,0.743601,0.57577
2.41007,0.262363,1,0.784259,0.57577
2.41032,0.168723,1,0.743579,0.57577
2.41057,0.0287056,1,0.615916,0.57577
2.41082,-0.14527,1,0.419846,0.57577
2.41107,-0.331508,0.944882,0.185961,0.57577
2.41132,-0.502378,0.401575,-0.0665158,0.57577
2.41157,-0.630646,-0.259843,-0.300381,0.57577
2.41182,-0.694962,-0.976378,-0.470749,0.57577
2.41207,-0.684404,-1,-0.561009,0.57577
2.41232,-0.600991,-1,-0.586571,0.57577
2.41257,-0.459211,-1,-0.550554,0.57577
2.41282,-0.282721,-1,-0.473349,0.57577
2.41307,-0.0993156,-1,-0.392523,0.57577
2.41332,0.064664,-1,-0.312755,0.57577
2.41357,0.19034,-1,-0.244985,0.57577
2.41382,0.268871,-0.850394,-0.204618,0.57577
2.41407,0.303208,-0.307087,-0.176208,0.57577
2.41432,0.305394,0.141732,-0.157592,0.57577
2.41457,0.293421,0.472441,-0.128482,0.57577
2.41482,0.284811,0.685039,-0.0701263,0.57577
2.41507,0.292732,0.811024,0.0293353,0.57577
2.41532,0.321412,0.905512,0.173718,0.57577
2.41557,0.365049,1,0.337273,0.57577
2.41582,0.409386,1,0.524026,0.57577
2.41607,0.434809,1,0.679949,0.57577
2.41632,0.422127,1,0.787375,0.57577
2.41657,0.357438,1,0.809781,0.57577
2.41682,0.236577,1,0.75487,0.57577
2.41707,0.0675183,1,0.619403,0.57577
2.41732,-0.131108,1,0.412703,0.57577
2.41757,-0.332379,1,0.181809,0.57577
2.41782,-0.507182,0.606299,-0.0583498,0.57577
2.41807,-0.629692,-0.133858,-0.263944,0.57577
2.41832,-0.682827,-0.897638,-0.413108,0.57577
2.41857,-0.661532,-1,-0.495326,0.57577
2.41882,-0.573871,-1,-0.501672,0.57577
2.41907,-0.438494,-1,-0.468383,0.57577
2.41932,-0.280632,-1,-0.416934,0.57577
2.41957,-0.126472,-1,-0.367218,0.57577
2.41982,0.00289765,-1,-0.335473,0.57577
2.42007,0.095099,-1,-0.32085,0.57577
2.42032,0.149001,-0.992126,-0.311542,0.57577
2.42057,0.173144,-0.582677,-0.313077,0.57577
2.42082,0.183409,-0.259843,-0.297607,0.57577
2.42107,0.196788,-0.023622,-0.252719,0.57577
2.42132,0.22757,0.141732,-0.167142,0.57577
2.42157,0.281879,0.307087,-0.032785,0.57577
2.42182,0.356097,0.496063,0.137391,0.57577
2.42207,0.436746,0.755906,0.32515,0.57577
2.42232,0.504007,1,0.511418,0.57577
2.42257,0.536052,1,0.663516,0.57577
2.42282,0.51467,1,0.751357,0.57577
2.42307,0.430581,1,0.760336,0.57577
2.42332,0.28588,1,0.682762,0.57577
2.42357,0.0951846,1,0.551363,0.57577
2.42382,-0.117487,1,0.353727,0.57577
2.42407,-0.322363,1,0.146167,0.460327
2.42432,-0.491102,0.566929,-0.0521958,0.460327
2.42457,-0.601095,-0.314961,-0.214932,0.460327
2.42482,-0.640999,-1,-0.319407,0.460327
2.42507,-0.612015,-1,-0.358711,0.460327
2.42532,-0.527162,-1,-0.364202,0.460327
2.42557,-0.407923,-1,-0.347619,0.460327
2.42582,-0.27887,-1,-0.33394,0.460327
2.42607,-0.162207,-1,-0.342089,0.460327
2.42632,-0.0725445,-0.543307,-0.369654,0.460327
2.42657,-0.0144327,0.0629921,-0.418035,0.460327
2.42682,0.0176199,0.566929,-0.457802,0.460327
2.42707,0.037413,0.88189,-0.486663,0.460327
2.42732,0.0617729,1,-0.456149,0.460327
2.42757,0.10587,0.976378,-0.363424,0.460327
2.42782,0.178078,0.850394,-0.197678,0.460327
2.42807,0.27732,0.716535,0.0561139,0.460327
2.42832,0.39179,0.622047,0.33859,0.460327
2.42857,0.501925,0.614173,0.641051,0.460327
2.42882,0.58394,0.653543,0.908438,0.460327
2.42907,0.61575,0.716535,1.08616,0.460327
2.42932,0.582439,0.716535,1.1639,0.460327
2.42957,0.480026,0.574803,1.12632,0.460327
2.42982,0.317383,0.244094,0.967079,0.460327
2.43007,0.114504,-0.291339,0.726625,0.460327
2.43032,-0.10045,-1,0.433154,0.460327
2.43057,-0.297978,-1,0.115688,0.460327
2.43082,-0.451677,-1,-0.190733,0.460327
2.43107,-0.544651,-1,-0.454908,0.460327
2.43132,-0.571637,-1,-0.657566,0.460327
2.43158,-0.539797,-1,-0.817892,0.460327
2.43183,-0.465961,-1,-0.90002,0.460327
2.43208,-0.372314,-1,-0.945086,0.460327
2.43233,-0.280667,-0.724409,-0.946114,0.460327
2.43258,-0.20722,0.385827,-0.909913,0.460327
2.43283,-0.159211,1,-0.853854,0.460327
2.43308,-0.133418,1,-0.768348,0.460327
2.43333,-0.118237,1,-0.651194,0.460327
2.43358,-0.096677,1,-0.47656,0.460327
2.43383,-0.0527538,1,-0.237315,0.460327
2.43408,0.0249084,1,0.0593716,0.460327
2.43433,0.137891,1,0.396376,0.460327
2.43458,0.277326,1,0.743546,0.460327
2.43483,0.424546,1,1.05817,0.460327
2.43508,0.555011,1,1.30133,0.460327
2.43533,0.643361,1,1.44687,0.460327
2.43558,0.66935,1,1.46941,0.460327
2.43583,0.622767,0.818898,1.36078,0.460327
2.43608,0.505658,0.433071,1.13638,0.460327
2.43633,0.332935,-0.11811,0.823558,0.460327
2.43658,0.129127,-0.826772,0.45517,0.460327
2.43683,-0.0768086,-1,0.0807725,0.460327
2.43708,-0.256395,-1,-0.265585,0.460327
2.43733,-0.38845,-1,-0.55898,0.460327
2.43758,-0.461996,-1,-0.777605,0.460327
2.43783,-0.478676,-1,-0.917798,0.460327
2.43808,-0.450225,-1,-0.984173,0.460327
2.43833,-0.395828,-1,-0.990863,0.460327
2.43858,-0.336102,-1,-0.949048,0.460327
2.43883,-0.288098,-1,-0.870728,0.460327
2.43908,-0.260857,-0.23622,-0.787622,0.460327
2.43933,-0.253481,0.622047,-0.698961,0.460327
2.43958,-0.255875,1,-0.599109,0.460327
2.43983,-0.251316,1,-0.476927,0.460327
2.44008,-0.222367,1,-0.323487,0.460327
2.44033,-0.154775,1,-0.116203,0.460327
2.44058,-0.0432804,1,0.133542,0.460327
2.44083,0.106834,1,0.416297,0.460327
2.44108,0.279173,1,0.706595,0.460327
2.44133,0.449632,1,0.969136,0.460327
2.44158,0.590657,1,1.16232,0.460327
2.44183,0.67761,1,1.26471,0.460327
2.44208,0.694009,1,1.25762,0.460327
2.44233,0.635058,1,1.13773,0.460327
2.44258,0.509152,1,0.936507,0.460327
2.44283,0.335869,0.897638,0.661179,0.460327
2.44308,0.142368,0.149606,0.364995,0.460327
2.44333,-0.0432834,-0.692913,0.0824717,0.460327
2.44358,-0.196557,-1,-0.161779,0.460327
2.44383,-0.302442,-1,-0.339113,0.460327
2.44408,-0.356954,-1,-0.452421,0.460327
2.44433,-0.36752,-1,-0.51872,0.460327
2.44458,-0.34956,-1,-0.562164,0.460327
2.44483,-0.32234,-1,-0.584137,0.460327
2.44508,-0.302991,-1,-0.614492,0.460327
2.44533,-0.302078,-1,-0.644198,0.460327
2.44558,-0.320789,-0.480315,-0.67374,0.460327
2.44583,-0.350397,0.0393701,-0.708963,0.460327
2.44608,-0.374735,0.401575,-0.718746,0.460327
2.44633,-0.374585,0.606299,-0.685266,0.460327
2.44658,-0.333027,0.677165,-0.593162,0.460327
2.44683,-0.240238,0.685039,-0.429849,0.460327
2.44708,-0.0971235,0.708661,-0.194693,0.460327
2.44733,0.0834921,0.811024,0.0853112,0.460327
2.44758,0.279377,1,0.402134,0.460327
2.44783,0.462273,1,0.684114,0.460327
2.44808,0.604407,1,0.924728,0.460327
2.44833,0.683607,1,1.07648,0.460327
2.44858,0.688556,1,1.12598,0.460327
2.44883,0.620566,1,1.08141,0.460327
2.44908,0.493413,1,0.953064,0.460327
2.44933,0.330307,1,0.764994,0.460327
2.44958,0.158051,0.307087,0.54547,0.460327
2.44983,0.00232815,-0.535433,0.327234,0.460327
2.45008,-0.118614,-1,0.13115,0.460327
2.45033,-0.196489,-1,-0.0155546,0.460327
2.45058,-0.234462,-1,-0.142739,0.460327
2.45083,-0.244532,-1,-0.246534,0.460327
2.45108,-0.244229,-1,-0.353164,0.460327
2.45133,-0.250574,-1,-0.467902,0.460327
2.45158,-0.275516,-1,-0.586908,0.460327
2.45183,-0.322156,-0.984252,-0.718271,0.460327
2.45208,-0.383581,-0.496063,-0.842588,0.460327
2.45233,-0.444095,-0.11811,-0.93107,0.460327
2.45258,-0.48338,0.11811,-0.980772,0.460327
2.45283,-0.481403,0.259843,-0.949923,0.460327
2.45308,-0.423728,0.338583,-0.828647,0.460327
2.45333,-0.306312,0.417323,-0.619298,0.460327
2.45358,-0.136819,0.582677,-0.331848,0.460327
2.45383,0.0655103,0.858268,0.00865529,0.460327
2.45408,0.27386,1,0.348753,0.460327
2.45433,0.458368,1,0.667085,0.460327
2.45458,0.592937,1,0.912389,0.460327
2.45483,0.659941,1,1.07219,0.460327
2.45508,0.653925,1,1.14017,0.460327
2.45533,0.58215,1,1.09661,0.460327
2.45558,0.462785,1,0.982682,0.460327
2.45583,0.320086,1,0.809269,0.460327
2.45608,0.179192,0.23622,0.615497,0.460327
2.45634,0.0605946,-0.629921,0.425454,0.460327
2.45659,-0.0244193,-1,0.260453,0.460327
2.45684,-0.0752634,-1,0.115328,0.460327
2.45709,-0.100831,-1,-0.0136642,0.460327
2.45734,-0.116927,-1,-0.139848,0.460327
2.45759,-0.140439,-1,-0.277442,0.460327
2.45784,-0.184711,-1,-0.449032,0.460327
2.45809,-0.254964,-1,-0.61928,0.460327
2.45834,-0.346488,-1,-0.798199,0.460327
2.45859,-0.444699,-0.874016,-0.952969,0.460327
2.45884,-0.528444,-0.637795,-1.05246,0.460327
2.45909,-0.575214,-0.488189,-1.09272,0.460327
2.45934,-0.566028,-0.377953,-1.04219,0.460327
2.45959,-0.491091,-0.267717,-0.897957,0.460327
2.45984,-0.352288,-0.0708661,-0.670632,0.460327
2.46009,-0.164086,0.251969,-0.377824,0.460327
2.46034,0.049458,0.708661,-0.055603,0.460327
2.46059,0.258555,1,0.267988,0.460327
2.46084,0.434461,1,0.538552,0.460327
2.46109,0.554571,1,0.759588,0.460327
2.46134,0.607154,1,0.887581,0.460327
2.46159,0.592839,1,0.938453,0.460327
2.46184,0.524286,1,0.923195,0.460327
2.46209,0.4219,1,0.838833,0.460327
2.46234,0.309407,1,0.737409,0.460327
2.46259,0.207903,0.535433,0.61635,0.460327
2.46284,0.130931,-0.275591,0.499472,0.460327
2.46309,0.0823182,-0.992126,0.404691,0.460327
2.46334,0.0554469,-1,0.321051,0.460327
2.46359,0.036556,-1,0.224957,0.460327
2.46384,0.00836107,-1,0.105376,0.460327
2.46409,-0.0437555,-1,-0.062714,0.460327
2.46434,-0.127734,-1,-0.26796,0.460327
2.46459,-0.241313,-1,-0.501725,0.460327
2.46484,-0.372043,-1,-0.741593,0.460327
2.46509,-0.498849,-1,-0.948105,0.460327
2.46534,-0.597317,-1,-1.10844,0.460327
2.46559,-0.644444,-1,-1.17874,0.460327
2.46584,-0.624516,-1,-1.15017,0.460327
2.46609,-0.533251,-0.944882,-1.01886,0.460327
2.46634,-0.378843,-0.669291,-0.799395,0.460327
2.46659,-0.181404,-0.220472,-0.520948,0.460327
2.46684,0.0315216,0.370079,-0.215114,0.460327
2.46709,0.230188,1,0.0697947,0.460327
2.46734,0.38853,1,0.317927,0.460327
2.46759,0.489529,1,0.506878,0.460327
2.46784,0.527636,1,0.629929,0.460327
2.46809,0.50983,1,0.698715,0.460327
2.46834,0.452073,1,0.729566,0.460327
2.46859,0.375776,1,0.725464,0.460327
2.46884,0.301661,1,0.702857,0.460327
2.46909,0.244808,0.661417,0.674892,0.460327
2.46934,0.211242,-0.00787402,0.650262,0.460327
2.46959,0.196766,-0.566929,0.622897,0.460327
2.46984,0.188954,-0.968504,0.578235,0.460327
2.47009,0.170448,-1,0.496859,0.460327
2.47034,0.124895,-1,0.36656,0.460327
2.47059,0.0414231,-1,0.168124,0.460327
2.47084,-0.0810754,-1,-0.0977252,0.460327
2.47109,-0.233059,-1,-0.390875,0.460327
2.47134,-0.394726,-1,-0.695987,0.460327
2.47159,-0.540893,-1,-0.959256,0.460327
2.47184,-0.645238,-1,-1.16569,0.460327
2.47209,-0.686823,-1,-1.26233,0.460327
2.47234,-0.654675,-1,-1.24668,0.460327
2.47259,-0.550393,-1,-1.12254,0.460327
2.47284,-0.388338,-1,-0.906223,0.460327
2.47309,-0.192398,-0.472441,-0.635462,0.460327
2.47334,0.0082736,0.188976,-0.329117,0.460327
2.47359,0.18632,0.92126,-0.0514077,0.460327
2.47384,0.320268,1,0.188676,0.460327
2.47409,0.399734,1,0.37084,0.460327
2.47434,0.425753,1,0.499718,0.460327
2.47459,0.41033,1,0.59804,0.460327
2.47484,0.371454,1,0.652888,0.460327
2.47509,0.32911,1,0.692244,0.460327
2.47534,0.299126,1,0.736386,0.460327
2.47559,0.289333,0.740157,0.761899,0.460327
2.47584,0.297724,0.212598,0.77671,0.460327
2.47609,0.312917,-0.19685,0.773856,0.460327
2.47634,0.31779,-0.480315,0.740666,0.460327
2.47659,0.293848,-0.645669,0.649257,0.460327
2.47684,0.22706,-0.724409,0.487695,0.460327
2.47709,0.112236,-0.771654,0.264484,0.460327
2.47734,-0.044984,-0.850394,-0.023783,0.460327
2.47759,-0.227396,-1,-0.341513,0.460327
2.47784,-0.410404,-1,-0.654679,0.460327
2.47809,-0.565643,-1,-0.931252,0.460327
2.47834,-0.667851,-1,-1.12343,0.460327
2.47859,-0.699729,-1,-1.21287,0.460327
2.47884,-0.656021,-1,-1.18963,0.460327
2.47909,-0.544436,-1,-1.07554,0.460327
2.47934,-0.383962,-1,-0.877386,0.460327
2.47959,-0.201004,-0.669291,-0.623865,0.460327
2.47984,-0.0232782,0.0472441,-0.372862,0.460327
2.48009,0.125555,0.795276,-0.129716,0.460327
2.48034,0.230863,1,0.0623896,0.460327
2.48059,0.288856,1,0.211892,0.460327
2.48084,0.307196,1,0.33035,0.460327
2.4811,0.300745,1,0.418589,0.460327
2.48135,0.288223,1,0.511644,0.460327
2.4816,0.285767,1,0.596507,0.460327
2.48185,0.302919,1,0.686643,0.460327
2.4821,0.339506,0.897638,0.782938,0.460327
2.48235,0.385659,0.535433,0.856872,0.460327
2.4826,0.424213,0.259843,0.896007,0.460327
2.48285,0.434876,0.0708661,0.876872,0.460327
2.4831,0.400476,-0.0393701,0.793611,0.460327
2.48335,0.310774,-0.149606,0.627094,0.460327
2.4836,0.167044,-0.291339,0.389416,0.460327
2.48385,-0.0179515,-0.519685,0.100069,0.460327
2.4841,-0.221245,-0.84252,-0.222008,0.460327
2.48435,-0.414472,-1,-0.517653,0.460327
2.4846,-0.568965,-1,-0.770297,0.460327
2.48485,-0.662324,-1,-0.955649,0.460327
2.4851,-0.682437,-1,-1.04222,0.460327
2.48535,-0.630149,-1,-1.03261,0.460327
2.4856,-0.518574,-1,-0.951038,0.460327
2.48585,-0.369951,-1,-0.799969,0.460327
2.4861,-0.210786,-0.874016,-0.622413,0.460327
2.48635,-0.0653232,-0.149606,-0.439092,0.460327
2.4866,0.0484755,0.566929,-0.272242,0.460327
2.48685,0.123221,1,-0.132841,0.460327
2.4871,0.162543,1,-0.0258011,0.460327
2.48735,0.178328,1,0.06858,0.460327
2.4876,0.187903,1,0.171046,0.460327
2.48785,0.207595,1,0.301185,0.460327
2.4881,0.248599,1,0.45456,0.460327
2.48835,0.312726,1,0.620727,0.460327
2.4886,0.39194,1,0.782286,0.460327
2.48885,0.469446,0.826772,0.923144,0.460327
2.4891,0.523656,0.700787,1.02105,0.460327
2.48935,0.534005,0.614173,1.03764,0.460327
2.4896,0.485454,0.535433,0.960526,0.460327
2.48985,0.373657,0.409449,0.801116,0.460327
2.4901,0.206152,0.173228,0.557561,0.460327
2.49035,0.00247497,-0.173228,0.253604,0.460327
2.4906,-0.210578,-0.629921,-0.0527756,0.460327
2.49085,-0.402801,-1,-0.346356,0.460327
2.4911,-0.547835,-1,-0.594599,0.460327
2.49135,-0.627558,-1,-0.769678,0.460327
2.4916,-0.636175,-1,-0.859739,0.460327
2.49185,-0.580297,-1,-0.88264,0.460327
2.4921,-0.477303,-1,-0.84053,0.460327
2.49235,-0.350839,-1,-0.749464,0.460327
2.4926,-0.224813,-0.976378,-0.649127,0.460327
2.49285,-0.118792,-0.314961,-0.540691,0.460327
2.4931,-0.0430808,0.314961,-0.44136,0.460327
2.49335,0.00228932,0.834646,-0.358902,0.460327
2.4936,0.0270172,1,-0.28095,0.460327
2.49385,0.046611,1,-0.185246,0.460327
2.4941,0.0781311,1,-0.0513261,0.460327
2.49435,0.134087,1,0.12902,0.460327
2.4946,0.219022,1,0.342093,0.460327
2.49485,0.326943,1,0.579245,0.460327
2.4951,0.442349,1,0.809308,0.460327
2.49535,0.543019,1,1.0109,0.460327
2.4956,0.605203,1,1.13233,0.460327
2.49585,0.609586,1,1.1709,0.460327
2.4961,0.545494,1,1.09866,0.460327
2.49635,0.414719,0.866142,0.930551,0.460327
2.4966,0.2314,0.551181,0.68043,0.460327
2.49685,0.0194091,0.102362,0.380015,0.460327
2.4971,-0.191449,-0.456693,0.0674764,0.460327
2.49735,-0.37246,-1,-0.206073,0.460327
2.4976,-0.500748,-1,-0.438867,0.460327
2.49785,-0.564528,-1,-0.603533,0.460327
2.4981,-0.563974,-1,-0.700787,0.460327
2.49835,-0.5111,-1,-0.742749,0.460327
2.4986,-0.425785,-1,-0.7454,0.460327
2.49885,-0.330529,-1,-0.711877,0.460327
2.4991,-0.245397,-1,-0.681377,0.460327
2.49935,-0.182869,-0.496063,-0.63661,0.460327
2.4996,-0.14562,0.015748,-0.598571,0.460327
2.49985,-0.1263,0.425197,-0.556913,0.460327
2.5001,-0.110563,0.708661,-0.488161,0.460327
2.50035,-0.080945,0.874016,-0.384716,0.460327
2.5006,-0.023051,0.944882,-0.23806,0.460327
2.50085,0.0706601,0.96063,-0.0204764,0.460327
2.5011,0.197024,0.992126,0.241963,0.460327
2.50135,0.342719,1,0.522521,0.460327
2.5016,0.485751,1,0.795155,0.460327
2.50185,0.600502,1,1.01736,0.460327
2.5021,0.663388,1,1.17029,0.460327
2.50235,0.657929,1,1.20995,0.460327
2.5026,0.579201,1,1.1499,0.460327
2.50285,0.435093,1,0.974551,0.460327
2.5031,0.245189,0.866142,0.73077,0.460327
2.50335,0.0366455,0.338583,0.443697,0.460327
2.5036,-0.160776,-0.275591,0.161264,0.460327
2.50385,-0.321494,-0.905512,-0.10355,0.460327
2.5041,-0.428306,-1,-0.306549,0.460327
2.50435,-0.475942,-1,-0.456874,0.460327
2.5046,-0.47061,-1,-0.556714,0.460327
2.50485,-0.428266,-1,-0.614623,0.460327
2.5051,-0.369024,-1,-0.648397,0.460327
2.50535,-0.312738,-1,-0.670004,0.460327
2.5056,-0.273333,-1,-0.700783,0.460327
2.50586,-0.255551,-0.685039,-0.718481,0.460327
2.50611,-0.254169,-0.307087,-0.729102,0.460327
2.50636,-0.255711,-0.015748,-0.709299,0.460327
2.50661,-0.242584,0.181102,-0.662252,0.460327
2.50686,-0.197932,0.314961,-0.54771,0.460327
2.50711,-0.110952,0.425197,-0.368012,0.460327
2.50736,0.0188815,0.535433,-0.139169,0.460327
2.50761,0.181445,0.700787,0.142,0.460327
2.50786,0.356241,0.929134,0.443095,0.460327
2.50811,0.517003,1,0.711584,0.460327
2.50836,0.636877,1,0.928456,0.460327
2.50861,0.694136,1,1.06663,0.460327
2.50886,0.677097,1,1.11091,0.460327
2.50911,0.586866,1,1.04743,0.460327
2.50936,0.437142,1,0.899711,0.460327
2.50961,0.251313,1,0.695141,0.460327
2.50986,0.057897,0.559055,0.457627,0.460327
2.51011,-0.116008,-0.0629921,0.223421,0.460327
2.51036,-0.249579,-0.692913,0.0171633,0.460327
2.51061,-0.332618,-1,-0.137587,0.460327
2.51086,-0.366183,-1,-0.253401,0.460327
2.51111,-0.361947,-1,-0.329149,0.460327
2.51136,-0.337605,-1,-0.400647,0.460327
2.51161,-0.312022,-1,-0.470981,0.460327
2.51186,-0.300004,-1,-0.557978,0.460327
2.51211,-0.308229,-1,-0.656158,0.460327
2.51236,-0.33331,-0.874016,-0.750281,0.460327
2.51261,-0.362893,-0.645669,-0.825399,0.460327
2.51286,-0.378892,-0.472441,-0.851494,0.460327
2.51311,-0.362188,-0.338583,-0.826382,0.460327
2.51336,-0.298605,-0.220472,-0.719381,0.460327
2.51361,-0.182731,-0.0708661,-0.543718,0.460327
2.51386,-0.0209108,0.133858,-0.295235,0.460327
2.51411,0.169734,0.425197,-0.0066352,0.460327
2.51436,0.363322,0.795276,0.299777,0.460327
2.51461,0.531511,1,0.571333,0.460327
2.51486,0.648039,1,0.781767,0.460327
2.51511,0.695187,1,0.915942,0.460327
2.51536,0.667024,1,0.962311,0.460327
2.51561,0.570588,1,0.925776,0.460327
2.51586,0.424339,1,0.824251,0.460327
2.51611,0.253726,1,0.679458,0.460327
2.51636,0.0859968,0.724409,0.504548,0.460327
2.51661,-0.0561289,0.11811,0.345219,0.460327
2.51686,-0.158336,-0.448819,0.200139,0.460327
2.51711,-0.21754,-0.929134,0.0818913,0.460327
2.51736,-0.241324,-1,-0.00727729,0.460327
2.51761,-0.244622,-1,-0.0881158,0.460327
2.51786,-0.245343,-1,-0.19436,0.460327
2.51811,-0.258836,-1,-0.322234,0.460327
2.51836,-0.293601,-1,-0.474027,0.460327
2.51861,-0.348159,-1,-0.649648,0.460327
2.51886,-0.411521,-1,-0.808906,0.460327
2.51911,-0.465377,-0.952756,-0.942294,0.460327
2.51936,-0.488669,-0.889764,-1.002,0.460327
2.51961,-0.463353,-0.826772,-0.988033,0.460327
2.51986,-0.379126,-0.716535,-0.883742,0.460327
2.52011,-0.237104,-0.527559,-0.691108,0.460327
2.52036,-0.0501108,-0.228346,-0.433039,0.460327
2.52061,0.158356,0.165354,-0.130521,0.460327
2.52086,0.359832,0.645669,0.168505,0.460327
2.52111,0.525138,1,0.432783,0.460327
2.52136,0.631455,1,0.639673,0.460327
2.52161,0.666119,1,0.775735,0.460327
2.52186,0.629541,1,0.829185,0.460327
2.52211,0.534032,1,0.81695,0.460327
2.52236,0.401119,1,0.76113,0.460327
2.52261,0.256332,1,0.670421,0.460327
2.52286,0.123232,0.866142,0.562263,0.460327
2.52311,0.0186631,0.338583,0.462113,0.460327
2.52336,-0.0507745,-0.141732,0.373042,0.460327
2.52361,-0.0887822,-0.551181,0.297465,0.460327
2.52386,-0.108201,-0.834646,0.222239,0.460327
2.52411,-0.125467,-1,0.125988,0.659174
2.52436,-0.156912,-1,-0.00808172,0.659174
2.52461,-0.212535,-1,-0.186657,0.659174
2.52486,-0.293385,-1,-0.392791,0.659174
2.52511,-0.390082,-1,-0.622397,0.659174
2.52536,-0.48477,-1,-0.840996,0.659174
2.52561,-0.554951,-1,-1.00961,0.659174
2.52586,-0.578823,-1,-1.09515,0.659174
2.52611,-0.541247,-1,-1.09799,0.659174
2.52636,-0.437081,-1,-0.993813,0.659174
2.52661,-0.274077,-0.92126,-0.787525,0.659174
2.52686,-0.071308,-0.559055,-0.522382,0.659174
2.52711,0.14398,-0.0787402,-0.228489,0.659174
2.52736,0.341733,0.464567,0.0702453,0.659174
2.52761,0.495319,1,0.319123,0.659174
2.52786,0.586314,1,0.51038,0.659174
2.52811,0.608613,1,0.634255,0.659174
2.52836,0.568213,1,0.688101,0.659174
2.52861,0.481836,1,0.708026,0.659174
2.52886,0.372132,1,0.690842,0.659174
2.52911,0.262279,1,0.648913,0.659174
2.52936,0.170498,0.992126,0.616174,0.659174
2.52961,0.106181,0.574803,0.578012,0.659174
2.52986,0.0685535,0.19685,0.539175,0.659174
2.53011,0.0470843,-0.102362,0.485822,0.659174
2.53036,0.0262386,-0.338583,0.412845,0.659174
2.53062,-0.0110201,-0.503937,0.303805,0.659174
2.53087,-0.0767085,-0.629921,0.143389,0.659174
2.53112,-0.174679,-0.748031,-0.0614744,0.659174
2.53137,-0.297903,-0.889764,-0.303083,0.659174
2.53162,-0.429871,-1,-0.562393,0.659174
2.53187,-0.5473,-1,-0.796178,0.659174
2.53212,-0.625614,-1,-0.970215,0.659174
2.53237,-0.644473,-1,-1.07058,0.659174
2.53262,-0.592846,-1,-1.0685,0.659174
2.53287,-0.471978,-1,-0.963698,0.659174
2.53312,-0.295501,-1,-0.785081,0.659174
2.53337,-0.0876495,-0.826772,-0.535456,0.659174
2.53362,0.122673,-0.307087,-0.272873,0.659174
2.53387,0.306296,0.259843,-0.0197473,0.659174
2.53412,0.440838,0.818898,0.199467,0.659174
2.53437,0.51397,1,0.349422,0.659174
2.53462,0.525955,1,0.452099,0.659174
2.53487,0.488011,1,0.510737,0.659174
2.53512,0.419373,1,0.540726,0.659174
2.53537,0.341768,1,0.571513,0.659174
2.53562,0.273849,1,0.594447,0.659174
2.53587,0.22715,1,0.623853,0.659174
2.53612,0.203061,0.818898,0.650567,0.659174
2.53637,0.193419,0.566929,0.668768,0.659174
2.53662,0.183029,0.354331,0.659571,0.659174
2.53687,0.154497,0.181102,0.596442,0.659174
2.53712,0.0931301,0.015748,0.481436,0.659174
2.53737,-0.00812341,-0.15748,0.305458,0.659174
2.53762,-0.145392,-0.385827,0.0711526,0.659174
2.53787,-0.304583,-0.669291,-0.18882,0.659174
2.53812,-0.46276,-0.984252,-0.462961,0.659174
2.53837,-0.593533,-1,-0.69351,0.659174
2.53862,-0.672223,-1,-0.870839,0.659174
2.53887,-0.681926,-1,-0.974118,0.659174
2.53912,-0.616996,-1,-0.976563,0.659174
2.53937,-0.484747,-1,-0.894935,0.659174
2.53962,-0.3045,-1,-0.747261,0.659174
2.53987,-0.102753,-1,-0.546128,0.659174
2.54012,0.0910699,-0.519685,-0.335955,0.659174
2.54037,0.251744,0.0393701,-0.132815,0.659174
2.54062,0.36222,0.574803,0.03464,0.659174
2.54087,0.417341,1,0.152339,0.659174
2.54112,0.42307,1,0.232687,0.659174
2.54137,0.394807,1,0.303073,0.659174
2.54162,0.352152,1,0.362991,0.659174
2.54187,0.313689,1,0.436176,0.659174
2.54212,0.292224,1,0.530698,0.659174
2.54237,0.291299,1,0.632285,0.659174
2.54262,0.304587,1,0.733262,0.659174
2.54287,0.317414,0.913386,0.802145,0.659174
2.54312,0.311743,0.795276,0.824161,0.659174
2.54337,0.270175,0.669291,0.776758,0.659174
2.54362,0.182264,0.503937,0.655229,0.659174
2.54387,0.0472775,0.267717,0.460529,0.659174
2.54412,-0.123662,-0.0314961,0.205656,0.659174
2.54437,-0.309832,-0.425197,-0.069043,0.659174
2.54462,-0.483973,-0.850394,-0.346886,0.659174
2.54487,-0.618529,-1,-0.585605,0.659174
2.54512,-0.69118,-1,-0.759896,0.659174
2.54537,-0.689592,-1,-0.85561,0.659174
2.54562,-0.614228,-1,-0.870113,0.659174
2.54587,-0.47823,-1,-0.812825,0.659174
2.54612,-0.304401,-1,-0.708154,0.659174
2.54637,-0.120352,-1,-0.559572,0.659174
2.54662,0.0470768,-0.724409,-0.406075,0.659174
2.54687,0.177824,-0.212598,-0.261722,0.659174
2.54712,0.262091,0.251969,-0.143085,0.659174
2.54737,0.301053,0.653543,-0.0547443,0.659174
2.54762,0.306261,0.944882,0.0237311,0.659174
2.54787,0.29484,1,0.0996593,0.659174
2.54812,0.285158,1,0.196604,0.659174
2.54837,0.290695,1,0.321131,0.659174
2.54862,0.317048,1,0.472512,0.659174
2.54887,0.35963,1,0.643443,0.659174
2.54912,0.404734,1,0.793673,0.659174
2.54937,0.433516,1,0.903139,0.659174
2.54962,0.426116,1,0.951534,0.659174
2.54987,0.367982,1,0.911932,0.659174
2.55012,0.253553,0.944882,0.778229,0.659174
2.55037,0.0894024,0.661417,0.569023,0.659174
2.55062,-0.107032,0.275591,0.307472,0.659174
2.55087,-0.309499,-0.19685,0.0150147,0.659174
2.55112,-0.488879,-0.708661,-0.255413,0.659174
2.55137,-0.618645,-1,-0.487538,0.659174
2.55162,-0.680468,-1,-0.650276,0.659174
2.55187,-0.66776,-1,-0.742872,0.659174
2.55212,-0.587122,-1,-0.763319,0.659174
2.55237,-0.456119,-1,-0.72962,0.659174
2.55262,-0.299504,-1,-0.653143,0.659174
2.55287,-0.143668,-1,-0.564865,0.659174
2.55312,-0.0105229,-0.905512,-0.471506,0.659174
2.55337,0.0863262,-0.480315,-0.388462,0.659174
2.55362,0.144473,-0.0866142,-0.315135,0.659174
2.55387,0.171388,0.23622,-0.251903,0.659174
2.55412,0.182302,0.488189,-0.178834,0.659174
2.55437,0.194539,0.685039,-0.0819874,0.659174
2.55462,0.222772,0.84252,0.0394815,0.659174
2.55487,0.274287,0.976378,0.20993,0.659174
2.55512,0.346684,1,0.409321,0.659174
2.55538,0.427506,1,0.6076,0.659174
2.55563,0.497495,1,0.798005,0.659174
2.55588,0.53475,1,0.926449,0.659174
2.55613,0.520347,1,0.990748,0.659174
2.55638,0.443771,1,0.951927,0.659174
2.55663,0.305677,1,0.832493,0.659174
2.55688,0.119307,0.992126,0.617085,0.659174
2.55713,-0.0921508,0.551181,0.364003,0.659174
2.55738,-0.299599,0.023622,0.0891441,0.659174
2.55763,-0.473855,-0.519685,-0.167503,0.659174
2.55788,-0.591684,-1,-0.379021,0.659174
2.55813,-0.639985,-1,-0.521826,0.659174
2.55838,-0.618612,-1,-0.600042,0.659174
2.55863,-0.539418,-1,-0.626631,0.659174
2.55888,-0.422948,-1,-0.618454,0.659174
2.55913,-0.293856,-1,-0.58763,0.659174
2.55938,-0.174712,-1,-0.559239,0.659174
2.55963,-0.0814376,-1,-0.526497,0.659174
2.55988,-0.0197044,-0.76378,-0.506202,0.659174
2.56013,0.0148194,-0.480315,-0.476771,0.659174
2.56038,0.0352071,-0.228346,-0.436659,0.659174
2.56063,0.0581552,0,-0.365631,0.659174
2.56088,0.0993205,0.212598,-0.25645,0.659174
2.56113,0.168061,0.433071,-0.0963927,0.659174
2.56138,0.264534,0.677165,0.101772,0.659174
2.56163,0.378091,0.952756,0.33052,0.659174
2.56188,0.489947,1,0.552967,0.659174
2.56213,0.576498,1,0.752292,0.659174
2.56238,0.615175,1,0.894471,0.659174
2.56263,0.589973,1,0.951768,0.659174
2.56288,0.495486,1,0.924592,0.659174
2.56313,0.339093,1,0.801722,0.659174
2.56338,0.139595,1,0.613121,0.659174
2.56363,-0.0755758,0.811024,0.380437,0.659174
2.56388,-0.27657,0.275591,0.14756,0.659174
2.56413,-0.436516,-0.275591,-0.0750063,0.659174
2.56438,-0.537167,-0.527559,-0.244771,0.659174
2.56463,-0.571708,-0.929134,-0.361424,0.659174
2.56488,-0.546137,-1,-0.429593,0.659174
2.56513,-0.476139,-1,-0.457922,0.659174
2.56538,-0.383632,-1,-0.469243,0.659174
2.56563,-0.29075,-1,-0.487685,0.659174
2.56588,-0.214585,-0.811024,-0.508243,0.659174
2.56613,-0.163543,0.771654,-0.55017,0.659174
2.56638,-0.135592,1,-0.585103,0.659174
2.56663,-0.119987,1,-0.603746,0.659174
2.56688,-0.100059,1,-0.577492,0.659174
2.56713,-0.0595169,1,-0.486171,0.659174
2.56738,0.0137749,-0.188976,-0.296261,0.659174
2.56763,0.122948,-1,-0.0357461,0.659174
2.56788,0.26,-1,0.282469,0.659174
2.56813,0.407575,-1,0.608652,0.659174
2.56838,0.541347,-0.582677,0.890916,0.659174
2.56863,0.635871,0.0472441,1.07144,0.659174
2.56888,0.670023,0.582677,1.1287,0.659174
2.56913,0.632069,0.984252,1.05461,0.659174
2.56938,0.522802,1,0.860579,0.659174
2.56963,0.35543,1,0.580829,0.659174
2.56988,0.153715,1,0.260594,0.659174
2.57013,-0.0534383,1,-0.0444787,0.659174
2.57038,-0.237403,0.330709,-0.311733,0.659174
2.57063,-0.375859,-0.551181,-0.494343,0.659174
2.57088,-0.456445,-1,-0.596381,0.659174
2.57113,-0.479394,-1,-0.60371,0.659174
2.57138,-0.455341,-1,-0.549515,0.659174
2.57163,-0.402909,-1,-0.467511,0.659174
2.57188,-0.3428,-1,-0.389511,0.659174
2.57213,-0.292763,-0.377953,-0.342097,0.659174
2.57238,-0.262913,0.496063,-0.318335,0.659174
2.57263,-0.253556,1,-0.335325,0.659174
2.57288,-0.255576,1,-0.370644,0.659174
2.57313,-0.25276,1,-0.395178,0.659174
2.57338,-0.227553,1,-0.371879,0.659174
2.57363,-0.164981,0.480315,-0.28395,0.659174
2.57388,-0.058613,-0.283465,-0.118599,0.659174
2.57413,0.0876707,-0.929134,0.104487,0.659174
2.57438,0.258463,-1,0.363569,0.659174
2.57463,0.430565,-1,0.613197,0.659174
2.57488,0.576433,-0.76378,0.813438,0.659174
2.57513,0.670856,-0.0472441,0.922334,0.659174
2.57538,0.696016,0.755906,0.922846,0.659174
2.57563,0.645752,1,0.79729,0.659174
2.57588,0.5269,1,0.590208,0.659174
2.57613,0.357881,1,0.329615,0.659174
2.57638,0.165275,1,0.0664921,0.659174
2.57663,-0.0227166,0.724409,-0.164808,0.659174
2.57688,-0.180791,-0.165354,-0.326008,0.659174
2.57713,-0.292582,-1,-0.408393,0.659174
2.57738,-0.353072,-1,-0.420317,0.659174
2.57763,-0.368039,-1,-0.36445,0.659174
2.57788,-0.352545,-1,-0.286017,0.659174
2.57813,-0.325391,-1,-0.218861,0.659174
2.57838,-0.304446,-0.692913,-0.198957,0.659174
2.57863,-0.301101,0.188976,-0.214958,0.659174
2.57888,-0.317759,0.944882,-0.283937,0.659174
2.57913,-0.346865,1,-0.386334,0.659174
2.57938,-0.372839,1,-0.474508,0.659174
2.57963,-0.376555,1,-0.531164,0.659174
2.57989,-0.340468,0.551181,-0.520297,0.659174
2.58014,-0.25389,-0.181102,-0.416616,0.659174
2.58039,-0.116211,-0.866142,-0.228373,0.659174
2.58064,0.0609358,-1,0.0206966,0.659174
2.58089,0.256431,-1,0.301826,0.659174
2.58114,0.44235,-1,0.554662,0.659174
2.58139,0.590601,-0.409449,0.743106,0.659174
2.58164,0.678026,0.409449,0.839433,0.659174
2.58189,0.691913,1,0.824963,0.659174
2.58214,0.632013,1,0.712151,0.659174
2.58239,0.510763,1,0.522199,0.659174
2.58264,0.350521,1,0.304078,0.659174
2.58289,0.177913,1,0.0933542,0.659174
2.58314,0.0191158,0.299213,-0.0611859,0.659174
2.58339,-0.106578,-0.614173,-0.164479,0.659174
2.58364,-0.189568,-1,-0.207685,0.659174
2.58389,-0.231766,-1,-0.19007,0.659174
2.58414,-0.24426,-1,-0.144181,0.659174
2.58439,-0.244245,-1,-0.107799,0.659174
2.58464,-0.248987,-0.937008,-0.107171,0.659174
2.58489,-0.271428,-0.110236,-0.161779,0.659174
2.58514,-0.31567,0.669291,-0.262634,0.659174
2.58539,-0.37602,1,-0.402322,0.659174
2.58564,-0.437735,1,-0.551432,0.659174
2.58589,-0.480526,1,-0.664311,0.659174
2.58614,-0.484313,0.724409,-0.703774,0.659174
2.58639,-0.433629,-0.00787402,-0.652669,0.659174
2.58664,-0.323094,-0.748031,-0.505718,0.659174
2.58689,-0.15893,-1,-0.26176,0.659174
2.58714,0.0408136,-1,0.0258926,0.659174
2.58739,0.249901,-1,0.324575,0.659174
2.58764,0.438795,-0.811024,0.576998,0.659174
2.58789,0.580293,-0.015748,0.741853,0.659174
2.58814,0.655863,0.850394,0.811955,0.659174
2.58839,0.658288,1,0.774844,0.659174
2.58864,0.593509,1,0.649712,0.659174
2.58889,0.478597,1,0.466684,0.659174
2.58914,0.337254,1,0.284901,0.659174
2.58939,0.195024,0.76378,0.119392,0.659174
2.58964,0.0729288,-0.165354,0.00723684,0.659174
2.58989,-0.0162485,-1,-0.0462993,0.659174
2.59014,-0.0708654,-1,-0.0522119,0.659174
2.59039,-0.0986718,-1,-0.0232051,0.659174
2.59064,-0.114989,-1,0.0111181,0.659174
2.59089,-0.136748,-1,0.00104035,0.659174
2.59114,-0.178177,-0.338583,-0.0565589,0.659174
2.59139,-0.245403,0.456693,-0.176179,0.659174
2.59164,-0.335009,1,-0.333513,0.659174
2.59189,-0.433429,1,-0.509138,0.659174
2.59214,-0.520062,1,-0.674829,0.659174
2.59239,-0.5723,0.929134,-0.77594,0.659174
2.59264,-0.570421,0.228346,-0.780594,0.659174
2.59289,-0.503376,-0.566929,-0.685262,0.659174
2.59314,-0.371568,-1,-0.492696,0.659174
2.59339,-0.188091,-1,-0.222925,0.659174
2.59364,0.0239665,-1,0.0784147,0.659174
2.59389,0.235143,-1,0.362104,0.659174
2.59414,0.416303,-0.433071,0.573775,0.659174
2.59439,0.54383,0.464567,0.701117,0.659174
2.59464,0.604581,1,0.725353,0.659174
2.59489,0.59769,1,0.662357,0.659174
2.59514,0.534484,1,0.5261,0.659174
2.59539,0.434939,1,0.371022,0.659174
2.59564,0.322437,1,0.22559,0.659174
2.59589,0.218749,0.244094,0.123775,0.659174
2.59614,0.138504,-0.629921,0.0724454,0.659174
2.59639,0.0866853,-1,0.0634022,0.659174
2.59664,0.057854,-1,0.107026,0.659174
2.59689,0.0389097,-1,0.142859,0.659174
2.59714,0.0127776,-1,0.158937,0.659174
2.59739,-0.0360546,-0.582677,0.107112,0.659174
2.59764,-0.116089,0.251969,0.0049805,0.659174
2.59789,-0.226721,0.992126,-0.16927,0.659174
2.59814,-0.356344,1,-0.366611,0.659174
2.59839,-0.484895,1,-0.582793,0.659174
2.59864,-0.587994,1,-0.74684,0.659174
2.59889,-0.642155,0.480315,-0.822134,0.659174
2.59914,-0.630653,-0.354331,-0.804521,0.659174
2.59939,-0.547544,-1,-0.679839,0.659174
2.59964,-0.399827,-1,-0.454831,0.659174
2.59989,-0.206031,-1,-0.181033,0.659174
2.60014,0.00663303,-1,0.0925905,0.659174
2.60039,0.208528,-0.858268,0.33771,0.659174
2.60064,0.372646,0.023622,0.50982,0.659174
2.60089,0.480931,0.929134,0.58674,0.659174
2.60114,0.526304,1,0.580739,0.659174
2.60139,0.514313,1,0.50347,0.659174
2.60164,0.460275,1,0.381399,0.659174
2.60189,0.385022,1,0.268854,0.659174
2.60214,0.309708,0.582677,0.188418,0.659174
2.60239,0.250306,-0.299213,0.154208,0.659174
2.60264,0.214018,-1,0.168396,0.659174
2.60289,0.197801,-1,0.220371,0.659174
2.60314,0.190059,-1,0.290096,0.659174
2.60339,0.173719,-1,0.326484,0.659174
2.60364,0.132069,-0.771654,0.300008,0.659174
2.60389,0.0533348,0.0472441,0.205119,0.659174
2.60414,-0.0648436,0.834646,0.0392747,0.659174
2.60439,-0.214213,1,-0.184244,0.659174
2.60465,-0.375969,1,-0.427534,0.659174
2.6049,-0.525375,1,-0.649157,0.659174
2.60515,-0.635876,0.80315,-0.810802,0.659174
2.6054,-0.685651,-0.00787402,-0.863646,0.659174
2.60565,-0.662334,-0.866142,-0.810036,0.659174
2.6059,-0.566048,-1,-0.653538,0.659174
2.60615,-0.409704,-1,-0.423564,0.659174
2.6064,-0.216283,-1,-0.153926,0.659174
2.60665,-0.0145906,-1,0.0953271,0.659174
2.6069,0.167338,-0.433071,0.295772,0.659174
2.60715,0.307245,0.480315,0.418167,0.659174
2.6074,0.393195,1,0.465866,0.659174
2.60765,0.425171,1,0.433158,0.659174
2.6079,0.413706,1,0.354854,0.659174
2.60815,0.37659,1,0.267144,0.659174
2.6084,0.333689,0.88189,0.208409,0.659174
2.60865,0.301669,0.00787402,0.184212,0.659174
2.6089,0.28944,-0.826772,0.21156,0.659174
2.60915,0.296078,-1,0.283502,0.659174
2.6094,0.311365,-1,0.380259,0.659174
2.60965,0.318357,-1,0.448809,0.659174
2.6099,0.298658,-1,0.469003,0.659174
2.61015,0.237393,-0.204724,0.405911,0.659174
2.6104,0.128163,0.637795,0.261518,0.659174
2.61065,-0.0247558,1,0.0434594,0.659174
2.6109,-0.205445,1,-0.219884,0.659174
2.61115,-0.389762,1,-0.483695,0.659174
2.6114,-0.549684,1,-0.702192,0.659174
2.61165,-0.659238,0.354331,-0.833726,0.659174
2.6119,-0.699915,-0.543307,-0.850212,0.659174
2.61215,-0.664958,-1,-0.769716,0.659174
2.6124,-0.560566,-1,-0.593173,0.659174
2.61265,-0.404568,-1,-0.362545,0.659174
2.6129,-0.222792,-1,-0.120176,0.659174
2.61315,-0.0430889,-0.787402,0.0894132,0.659174
2.6134,0.110119,0.102362,0.239632,0.659174
2.61365,0.220978,0.968504,0.310632,0.659174
2.6139,0.284343,1,0.315639,0.659174
2.61415,0.306698,1,0.269044,0.659174
2.6144,0.302196,1,0.202217,0.659174
2.61465,0.289459,1,0.156242,0.659174
2.6149,0.285145,0.314961,0.157717,0.659174
2.61515,0.299798,-0.582677,0.195339,0.659174
2.6154,0.334421,-1,0.296286,0.659174
2.61565,0.380228,-1,0.416527,0.659174
2.6159,0.420713,-1,0.527482,0.659174
2.61615,0.435731,-1,0.591072,0.659174
2.6164,0.407278,-0.464567,0.576917,0.659174
2.61665,0.324255,0.409449,0.47035,0.659174
2.6169,0.186455,1,0.276959,0.659174
2.61715,0.00520658,1,0.0193626,0.659174
2.6174,-0.197263,1,-0.257184,0.659174
2.61765,-0.393129,1,-0.513087,0.659174
2.6179,-0.553599,0.748031,-0.708452,0.659174
2.61815,-0.654977,-0.141732,-0.808849,0.659174
2.6184,-0.683967,-1,-0.796108,0.659174
2.61865,-0.639753,-1,-0.686289,0.659174
2.6189,-0.534127,-1,-0.508879,0.659174
2.61915,-0.388579,-1,-0.294616,0.659174
2.6194,-0.229244,-1,-0.0934605,0.659174
2.61965,-0.0811549,-0.259843,0.0601413,0.659174
2.6199,0.0370723,0.637795,0.150631,0.659174
2.62015,0.116445,1,0.166161,0.659174
2.6204,0.159464,1,0.1357,0.659174
2.62065,0.17716,1,0.0838999,0.659174
2.6209,0.186559,1,0.0526961,0.659174
2.62115,0.204324,0.590551,0.0499767,0.659174
2.6214,0.242524,-0.291339,0.110694,0.659174
2.62165,0.304144,-1,0.221426,0.659174
2.6219,0.382312,-1,0.372269,0.659174
2.62215,0.461082,-1,0.531952,0.659174
2.6224,0.519254,-1,0.643863,0.659174
2.62265,0.535624,-0.811024,0.695335,0.659174
2.6229,0.494462,0.0708661,0.646911,0.659174
2.62315,0.389963,0.968504,0.505617,0.659174
2.6234,0.228208,1,0.278389,0.659174
2.62365,0.0275132,1,0.00319184,0.659174
2.6239,-0.186013,1,-0.286204,0.659174
2.62415,-0.382173,1,-0.524353,0.518131
2.6244,-0.533916,0.259843,-0.678603,0.518131
2.62465,-0.621873,-0.653543,-0.741208,0.518131
2.6249,-0.638761,-1,-0.702409,0.518131
2.62515,-0.589742,-1,-0.58462,0.518131
2.6254,-0.491143,-1,-0.413105,0.518131
2.62565,-0.366155,-1,-0.234821,0.518131
2.6259,-0.238913,-0.614173,-0.0899092,0.518131
2.62615,-0.129796,0.299213,-0.00117939,0.518131
2.6264,-0.0502994,1,0.0320244,0.518131
2.62665,-0.00177479,1,0.0101678,0.518131
2.6269,0.0247325,1,-0.0317057,0.518131
2.62715,0.0440144,1,-0.0732674,0.518131
2.6274,0.0732476,0.834646,-0.0807655,0.518131
2.62765,0.125982,-0.0393701,-0.0160784,0.518131
2.6279,0.207555,-0.92126,0.101991,0.518131
2.62815,0.313469,-1,0.27124,0.518131
2.6284,0.429039,-1,0.460921,0.518131
2.62865,0.532709,-1,0.628648,0.518131
2.6289,0.600592,-1,0.739794,0.518131
2.62915,0.612514,-0.275591,0.759949,0.518131
2.62941,0.556728,0.637795,0.672874,0.518131
2.62966,0.433225,1,0.497746,0.518131
2.62991,0.255006,1,0.24562,0.518131
2.63016,0.04489,1,-0.0406389,0.518131
2.63041,-0.167658,1,-0.303945,0.518131
2.63066,-0.353544,0.700787,-0.508511,0.518131
2.63091,-0.48888,-0.212598,-0.620727,0.518131
2.63116,-0.560497,-1,-0.649535,0.518131
2.63141,-0.567088,-1,-0.581976,0.518131
2.63166,-0.51946,-1,-0.458569,0.518131
2.63191,-0.436701,-1,-0.311883,0.518131
2.63216,-0.341555,-0.952756,-0.186751,0.518131
2.63241,-0.254398,-0.0393701,-0.0962809,0.518131
2.63266,-0.188858,0.874016,-0.0719019,0.518131
2.63291,-0.148897,1,-0.0926829,0.518131
2.63316,-0.12804,1,-0.150488,0.518131
2.63341,-0.112783,1,-0.207515,0.518131
2.63366,-0.0856446,1,-0.23286,0.518131
2.63391,-0.0316552,0.251969,-0.185854,0.518131
2.63416,0.0577915,-0.669291,-0.0719092,0.518131
2.63441,0.180797,-1,0.101188,0.518131
2.63466,0.325229,-1,0.322195,0.518131
2.63491,0.46987,-1,0.531428,0.518131
2.63516,0.589263,-1,0.708087,0.518131
2.63541,0.659301,-0.669291,0.801265,0.518131
2.63566,0.662392,0.275591,0.790072,0.518131
2.63591,0.592133,1,0.676421,0.518131
2.63616,0.454904,1,0.472418,0.518131
2.63641,0.269081,1,0.210518,0.518131
2.63666,0.0611721,1,-0.0534672,0.518131
2.63691,-0.139011,1,-0.282709,0.518131
2.63716,-0.305178,0.133858,-0.444721,0.518131
2.63741,-0.418825,-0.748031,-0.522736,0.518131
2.63766,-0.473234,-1,-0.511788,0.518131
2.63791,-0.473547,-1,-0.429761,0.518131
2.63816,-0.434417,-1,-0.319637,0.518131
2.63841,-0.376199,-1,-0.220231,0.518131
2.63866,-0.318696,-0.322835,-0.146838,0.518131
2.63891,-0.276843,0.590551,-0.13801,0.518131
2.63916,-0.256652,1,-0.171899,0.518131
2.63941,-0.253839,1,-0.243437,0.518131
2.63966,-0.256017,1,-0.327298,0.518131
2.63991,-0.245464,1,-0.369415,0.518131
2.64016,-0.205239,0.606299,-0.357387,0.518131
2.64041,-0.123482,-0.338583,-0.266955,0.518131
2.64066,0.00160459,-1,-0.0973771,0.518131
2.64091,0.161213,-1,0.122692,0.518131
2.64116,0.335848,-1,0.372105,0.518131
2.64141,0.499699,-1,0.602255,0.518131
2.64166,0.625668,-1,0.757107,0.518131
2.64191,0.691138,-0.15748,0.817555,0.518131
2.64216,0.683046,0.779528,0.777689,0.518131
2.64241,0.600888,1,0.634855,0.518131
2.64266,0.457163,1,0.425234,0.518131
2.64291,0.274143,1,0.169769,0.518131
2.64316,0.0801365,1,-0.062825,0.518131
2.64341,-0.0973627,0.503937,-0.25839,0.518131
2.64366,-0.236398,-0.425197,-0.37102,0.518131
2.64391,-0.32556,-1,-0.398,0.518131
2.64416,-0.364512,-1,-0.362023,0.518131
2.64441,-0.363892,-1,-0.283413,0.518131
2.64466,-0.340903,-1,-0.204376,0.518131
2.64491,-0.314566,-0.566929,-0.146408,0.518131
2.64516,-0.300408,0.346457,-0.143952,0.518131
2.64541,-0.306222,1,-0.192995,0.518131
2.64566,-0.329798,1,-0.284824,0.518131
2.64591,-0.359719,1,-0.391193,0.518131
2.64616,-0.378341,1,-0.476442,0.518131
2.64641,-0.366358,0.952756,-0.493089,0.518131
2.64666,-0.308782,0.0393701,-0.438769,0.518131
2.64691,-0.198972,-0.905512,-0.303906,0.518131
2.64716,-0.041877,-1,-0.0890733,0.518131
2.64741,0.146485,-1,0.174801,0.518131
2.64766,0.341388,-1,0.436809,0.518131
2.64791,0.513878,-1,0.648955,0.518131
2.64816,0.637677,-0.606299,0.775779,0.518131
2.64841,0.69354,0.370079,0.808563,0.518131
2.64866,0.674092,1,0.728495,0.518131
2.64891,0.58501,1,0.565701,0.518131
2.64916,0.443354,1,0.34596,0.518131
2.64941,0.274253,1,0.125641,0.518131
2.64966,0.104784,0.795276,-0.0720952,0.518131
2.64991,-0.0411859,-0.102362,-0.206176,0.518131
2.65016,-0.14859,-0.968504,-0.261606,0.518131
2.65041,-0.21266,-1,-0.25466,0.518131
2.65066,-0.239955,-1,-0.199635,0.518131
2.65091,-0.244738,-1,-0.124119,0.518131
2.65116,-0.244862,-0.874016,-0.0814552,0.518131
2.65141,-0.25623,0.0393701,-0.0945557,0.518131
2.65166,-0.288361,0.976378,-0.15311,0.518131
2.65191,-0.340976,1,-0.261855,0.518131
2.65216,-0.404146,1,-0.399324,0.518131
2.65241,-0.460206,1,-0.524158,0.518131
2.65266,-0.488136,1,-0.594912,0.518131
2.65291,-0.469313,0.425197,-0.594067,0.518131
2.65316,-0.39216,-0.566929,-0.498496,0.518131
2.65341,-0.256506,-1,-0.318102,0.518131
2.65366,-0.0737573,-1,-0.0718703,0.518131
2.65391,0.133691,-1,0.211018,0.518131
2.65417,0.337471,-1,0.455376,0.518131
2.65442,0.50838,-1,0.650405,0.518131
2.65467,0.622539,-0.0629921,0.748684,0.518131
2.65492,0.665871,0.858268,0.736684,0.518131
2.65517,0.63726,1,0.644773,0.518131
2.65542,0.547698,1,0.476331,0.518131
2.65567,0.417886,1,0.27061,0.518131
2.65592,0.273181,1,0.0934393,0.518131
2.65617,0.137657,0.181102,-0.0447935,0.518131
2.65642,0.0291647,-0.732283,-0.119188,0.518131
2.65667,-0.0444195,-1,-0.127362,0.518131
2.65692,-0.0856016,-1,-0.0815043,0.518131
2.65717,-0.106397,-1,-0.0239439,0.518131
2.65742,-0.122992,-1,0.0229872,0.518131
2.65767,-0.152001,-0.275591,0.0151154,0.518131
2.65792,-0.204605,0.700787,-0.0532985,0.518131
2.65817,-0.282774,1,-0.167569,0.518131
2.65842,-0.378389,1,-0.341696,0.518131
2.65867,-0.474447,1,-0.502081,0.518131
2.65892,-0.548694,1,-0.632006,0.518131
2.65917,-0.579096,0.905512,-0.695846,0.518131
2.65942,-0.549132,-0.0944882,-0.658613,0.518131
2.65967,-0.452754,-1,-0.523906,0.518131
2.65992,-0.295793,-1,-0.308358,0.518131
2.66017,-0.0964044,-1,-0.0432664,0.518131
2.66042,0.118972,-1,0.224317,0.518131
2.66067,0.320293,-1,0.459179,0.518131
2.66092,0.480247,-0.456693,0.620187,0.518131
2.66117,0.579175,0.488189,0.679222,0.518131
2.66142,0.609487,1,0.650353,0.518131
2.66167,0.575764,1,0.531356,0.518131
2.66192,0.493692,1,0.375861,0.518131
2.66217,0.385483,1,0.217979,0.518131
2.66242,0.274562,0.440945,0.0821148,0.518131
2.66267,0.179955,-0.464567,0.0123827,0.518131
2.66292,0.112238,-1,-0.00445252,0.518131
2.66317,0.0718505,-1,0.0365033,0.518131
2.66342,0.0493095,-1,0.101276,0.518131
2.66367,0.0292206,-1,0.146049,0.518131
2.66392,-0.00535052,-0.653543,0.147524,0.518131
2.66417,-0.0672882,0.346457,0.0805,0.518131
2.66442,-0.161641,1,-0.0455439,0.518131
2.66467,-0.282543,1,-0.225625,0.518131
2.66492,-0.414605,1,-0.430175,0.518131
2.66517,-0.535039,1,-0.603808,0.518131
2.66542,-0.619147,1,-0.721812,0.518131
2.66567,-0.645788,0.385827,-0.759845,0.518131
2.66592,-0.602654,-0.645669,-0.686725,0.518131
2.66617,-0.489462,-1,-0.524659,0.518131
2.66642,-0.31844,-1,-0.278126,0.518131
2.66667,-0.112835,-1,-0.00897316,0.518131
2.66692,0.0987855,-1,0.2438,0.518131
2.66717,0.286882,-0.811024,0.443949,0.518131
2.66742,0.428079,0.141732,0.558395,0.518131
2.66767,0.508663,1,0.580496,0.518131
2.66792,0.527391,1,0.527858,0.518131
2.66817,0.4945,1,0.404071,0.518131
2.66842,0.42833,1,0.279064,0.518131
2.66867,0.350655,0.653543,0.160247,0.518131
2.66892,0.280915,-0.244094,0.0945965,0.518131
2.66917,0.231397,-1,0.0849836,0.518131
2.66942,0.204975,-1,0.129038,0.518131
2.66967,0.194324,-1,0.203544,0.518131
2.66992,0.184953,-1,0.262701,0.518131
2.67017,0.159318,-1,0.282527,0.518131
2.67042,0.102364,-0.0551181,0.238476,0.518131
2.67067,0.00582723,0.984252,0.118839,0.518131
2.67092,-0.12773,1,-0.0652117,0.518131
2.67117,-0.285403,1,-0.289002,0.518131
2.67142,-0.445039,1,-0.511168,0.518131
2.67167,-0.580411,1,-0.69048,0.518131
2.67192,-0.666292,0.850394,-0.776393,0.518131
2.67217,-0.684666,-0.165354,-0.779683,0.518131
2.67242,-0.628391,-1,-0.673156,0.518131
2.67267,-0.503271,-1,-0.484319,0.518131
2.67292,-0.327401,-1,-0.22718,0.518131
2.67317,-0.126639,-1,0.033003,0.518131
2.67342,0.0695515,-1,0.249775,0.518131
2.67367,0.235223,-0.173228,0.406157,0.518131
2.67392,0.352087,0.708661,0.471276,0.518131
2.67417,0.413654,1,0.454502,0.518131
2.67442,0.424533,1,0.378489,0.518131
2.67467,0.399297,1,0.276682,0.518131
2.67492,0.357218,0.889764,0.174418,0.518131
2.67517,0.317512,0,0.11698,0.518131
2.67542,0.293656,-0.937008,0.120338,0.518131
2.67567,0.290451,-1,0.1659,0.518131
2.67592,0.302689,-1,0.259279,0.518131
2.67617,0.316473,-1,0.351308,0.518131
2.67642,0.313962,-1,0.406852,0.518131
2.67667,0.27733,-0.488189,0.392596,0.518131
2.67692,0.195139,0.559055,0.306721,0.518131
2.67717,0.0653364,1,0.141332,0.518131
2.67742,-0.102272,1,-0.0883253,0.518131
2.67767,-0.287899,1,-0.33401,0.518131
2.67792,-0.465014,1,-0.559117,0.518131
2.67817,-0.605496,1,-0.710452,0.518131
2.67842,-0.686353,0.322835,-0.776652,0.518131
2.67867,-0.693753,-0.685039,-0.752002,0.518131
2.67893,-0.626612,-1,-0.622578,0.518131
2.67918,-0.496693,-1,-0.416563,0.518131
2.67943,-0.325943,-1,-0.184005,0.518131
2.67968,-0.141731,-1,0.0474318,0.518131
2.67993,0.0289678,-0.464567,0.210335,0.518131
2.68018,0.164766,0.433071,0.315601,0.518131
2.68043,0.254673,1,0.336375,0.518131
2.68068,0.298532,1,0.297273,0.518131
2.68093,0.306899,1,0.218648,0.518131
2.68118,0.296442,1,0.139201,0.518131
2.68143,0.285729,0.291339,0.0930124,0.518131
2.68168,0.288981,-0.677165,0.098729,0.518131
2.68193,0.312922,-1,0.173178,0.518131
2.68218,0.354139,-1,0.278387,0.518131
2.68243,0.399856,-1,0.40538,0.518131
2.68268,0.431632,-1,0.494603,0.518131
2.68293,0.429389,-0.976378,0.533815,0.518131
2.68318,0.377733,0.0787402,0.48619,0.518131
2.68343,0.269824,1,0.346588,0.518131
2.68368,0.11083,1,0.139918,0.518131
2.68393,-0.0830453,1,-0.118032,0.518131
2.68418,-0.286296,1,-0.378161,0.518131
2.68443,-0.46996,-0.409449,-0.590669,0.518131
2.68468,-0.606641,-1,-0.726956,0.518131
2.68493,-0.67706,-1,-0.757961,0.518131
2.68518,-0.673031,-1,-0.704952,0.518131
2.68543,-0.599585,-1,-0.587909,0.518131
2.68568,-0.473389,-0.984252,-0.427224,0.518131
2.68593,-0.318392,-0.228346,-0.274678,0.518131
2.68618,-0.161191,0.590551,-0.135867,0.518131
2.68643,-0.0244633,1,-0.0420729,0.518131
2.68668,0.0770019,1,0.00198733,0.518131
2.68693,0.139503,1,0.024472,0.518131
2.68718,0.169406,1,0.028799,0.518131
2.68743,0.181308,1,0.0526967,0.518131
2.68768,0.192522,0.409449,0.0976573,0.518131
2.68793,0.218239,-0.307087,0.195595,0.518131
2.68818,0.266997,-0.874016,0.32668,0.518131
2.68843,0.337382,-1,0.4813,0.518131
2.68868,0.418119,-1,0.638256,0.518131
2.68893,0.490565,-0.771654,0.760414,0.518131
2.68918,0.532723,-0.23622,0.801982,0.518131
2.68943,0.525234,0.338583,0.754846,0.518131
2.68968,0.456095,0.80315,0.611844,0.518131
2.68993,0.324906,1,0.375738,0.518131
2.69018,0.143075,0.929134,0.0865763,0.518131
2.69043,-0.0668775,0.519685,-0.204886,0.518131
2.69068,-0.276459,-0.0866142,-0.46974,0.518131
2.69093,-0.455905,-0.779528,-0.668237,0.518131
2.69118,-0.581294,-1,-0.77062,0.518131
2.69143,-0.638037,-1,-0.773651,0.518131
2.69168,-0.624474,-1,-0.712434,0.518131
2.69193,-0.551146,-1,-0.583166,0.518131
2.69218,-0.437801,-0.685039,-0.448062,0.518131
2.69243,-0.308928,0.11811,-0.299981,0.518131
2.69268,-0.18761,0.897638,-0.192146,0.518131
2.69293,-0.0907834,1,-0.123067,0.518131
2.69318,-0.0253625,1,-0.0869268,0.518131
2.69343,0.0118161,1,-0.0756602,0.518131
2.69368,0.033039,1,-0.0469032,0.518131
2.69393,0.0547979,0.637795,-0.00317699,0.518131
2.69418,0.0931669,-0.0629921,0.0820321,0.518131
2.69443,0.15844,-0.669291,0.218569,0.518131
2.69468,0.251999,-1,0.387634,0.518131
2.69493,0.364455,-1,0.569696,0.518131
2.69518,0.477618,-0.795276,0.725625,0.518131
2.69543,0.568385,-0.291339,0.819776,0.518131
2.69568,0.613702,0.291339,0.831299,0.518131
2.69593,0.59655,0.818898,0.744625,0.518131
2.69618,0.510072,1,0.561886,0.518131
2.69643,0.360196,1,0.306353,0.518131
2.69668,0.164463,0.811024,0.0313098,0.518131
2.69693,-0.050408,0.220472,-0.237952,0.518131
2.69718,-0.254583,-0.496063,-0.453427,0.518131
2.69743,-0.420518,-1,-0.590335,0.518131
2.69768,-0.528661,-1,-0.649252,0.518131
2.69793,-0.570998,-1,-0.625379,0.518131
2.69818,-0.551811,-1,-0.549904,0.518131
2.69843,-0.486005,-1,-0.448464,0.518131
2.69868,-0.394963,-0.330709,-0.339307,0.518131
2.69893,-0.301077,0.472441,-0.256271,0.518131
2.69918,-0.222377,1,-0.213873,0.518131
2.69943,-0.168208,1,-0.212868,0.518131
2.69968,-0.138047,1,-0.22655,0.518131
2.69993,-0.12168,1,-0.235955,0.518131
2.70018,-0.103359,0.834646,-0.217247,0.518131
2.70043,-0.0658148,0.165354,-0.151101,0.518131
2.70068,0.0032605,-0.456693,-0.0273326,0.518131
2.70093,0.108407,-0.889764,0.152377,0.518131
2.70118,0.242969,-1,0.364543,0.518131
2.70143,0.390416,-0.84252,0.57609,0.518131
2.70168,0.527154,-0.401575,0.752783,0.518131
2.70193,0.627533,0.181102,0.848022,0.518131
2.70218,0.669618,0.76378,0.853995,0.518131
2.70243,0.640367,1,0.74576,0.518131
2.70268,0.539044,1,0.566236,0.518131
2.70293,0.377441,1,0.322346,0.518131
2.70318,0.178325,0.543307,0.0693939,0.518131
2.70343,-0.029739,-0.173228,-0.159333,0.518131
2.70369,-0.217765,-0.92126,-0.339504,0.518131
2.70394,-0.362454,-1,-0.450014,0.518131
2.70419,-0.450078,-1,-0.483792,0.518131
2.70444,-0.479453,-1,-0.463092,0.518131
2.70469,-0.460061,-1,-0.414076,0.518131
2.70494,-0.40989,-0.716535,-0.358324,0.518131
2.70519,-0.349647,0.0787402,-0.319799,0.518131
2.70544,-0.297699,0.834646,-0.303968,0.518131
2.70569,-0.265266,1,-0.327195,0.518131
2.70594,-0.253797,1,-0.368445,0.518131
2.70619,-0.255217,1,-0.412957,0.518131
2.70644,-0.253984,0.984252,-0.426466,0.518131
2.70669,-0.232214,0.354331,-0.371047,0.518131
2.70694,-0.174565,-0.283465,-0.260489,0.518131
2.70719,-0.0733797,-0.787402,-0.0775044,0.518131
2.70744,0.0687981,-1,0.151672,0.518131
2.70769,0.237775,-0.92126,0.411528,0.518131
2.70794,0.411065,-0.535433,0.64276,0.518131
2.70819,0.561488,0.0314961,0.810802,0.518131
2.70844,0.663069,0.661417,0.888368,0.518131
2.70869,0.696962,1,0.866365,0.518131
2.70894,0.65552,1,0.740304,0.518131
2.70919,0.543944,1,0.553015,0.518131
2.70944,0.379648,0.850394,0.311995,0.518131
2.70969,0.188255,0.173228,0.0808663,0.518131
2.70994,-0.00160895,-0.606299,-0.108595,0.518131
2.71019,-0.164369,-1,-0.25195,0.518131
2.71044,-0.282112,-1,-0.328283,0.518131
2.71069,-0.348485,-1,-0.353645,0.518131
2.71094,-0.368223,-1,-0.331687,0.518131
2.71119,-0.355371,-1,-0.310153,0.518131
2.71144,-0.328582,-0.283465,-0.298107,0.518131
2.71169,-0.306119,0.488189,-0.303242,0.518131
2.71194,-0.300405,1,-0.346718,0.518131
2.71219,-0.314913,1,-0.422144,0.518131
2.71244,-0.343233,1,-0.499135,0.518131
2.71269,-0.370537,1,-0.55169,0.518131
2.71294,-0.377861,0.527559,-0.547805,0.518131
2.71319,-0.347195,-0.110236,-0.465655,0.518131
2.71344,-0.26682,-0.661417,-0.320594,0.518131
2.71369,-0.134783,-0.984252,-0.0941634,0.518131
2.71394,0.0386399,-0.992126,0.172299,0.518131
2.71419,0.233354,-0.685039,0.441505,0.518131
2.71444,0.421898,-0.149606,0.665139,0.518131
2.71469,0.57594,0.488189,0.81125,0.518131
2.71494,0.67141,1,0.855281,0.518131
2.71519,0.694233,1,0.814805,0.518131
2.71544,0.642598,1,0.679188,0.518131
2.71569,0.527565,1,0.490154,0.518131
2.71594,0.370471,0.535433,0.284135,0.518131
2.71619,0.197973,-0.228346,0.0922697,0.518131
2.71644,0.0363769,-1,-0.0530402,0.518131
2.71669,-0.0939376,-1,-0.141732,0.518131
2.71694,-0.182017,-1,-0.180577,0.518131
2.71719,-0.228654,-1,-0.193,0.518131
2.71744,-0.243814,-1,-0.182975,0.518131
2.71769,-0.244244,-0.614173,-0.188082,0.518131
2.71794,-0.247703,0.15748,-0.222695,0.518131
2.71819,-0.267614,0.834646,-0.291983,0.518131
2.71844,-0.309419,1,-0.392007,0.518131
2.71869,-0.368497,1,-0.515764,0.518131
2.71894,-0.431019,1,-0.614486,0.518131
2.71919,-0.47719,0.653543,-0.668886,0.518131
2.71944,-0.486458,0.0314961,-0.649342,0.518131
2.71969,-0.442791,-0.551181,-0.534016,0.518131
2.71994,-0.339118,-0.96063,-0.345874,0.518131
2.72019,-0.180657,-1,-0.100465,0.518131
2.72044,0.0162508,-0.850394,0.178478,0.518131
2.72069,0.225765,-0.354331,0.443747,0.518131
2.72094,0.418556,0.291339,0.645935,0.518131
2.72119,0.566835,0.937008,0.75911,0.518131
2.72144,0.650757,1,0.787098,0.518131
2.72169,0.661726,1,0.714162,0.518131
2.72194,0.604165,1,0.585637,0.518131
2.72219,0.493909,0.889764,0.4253,0.518131
2.72244,0.354415,0.141732,0.272072,0.518131
2.72269,0.211062,-0.645669,0.133441,0.518131
2.72294,0.085732,-1,0.0372224,0.518131
2.72319,-0.00762753,-1,-0.00620823,0.518131
2.72344,-0.0660891,-1,-0.0159445,0.518131
2.72369,-0.0963488,-1,-0.0146524,0.518131
2.72394,-0.113133,-0.905512,-0.0310586,0.518131
2.72419,-0.133399,-0.15748,-0.0723457,0.432957
2.72444,-0.172017,0.559055,-0.162637,0.432957
2.72469,-0.236165,1,-0.288407,0.432957
2.72494,-0.323662,1,-0.438217,0.432957
2.72519,-0.422001,1,-0.594922,0.432957
2.72544,-0.511199,0.779528,-0.709442,0.432957
2.72569,-0.568626,0.188976,-0.761908,0.432957
2.72594,-0.573895,-0.425197,-0.718765,0.432957
2.72619,-0.514748,-0.913386,-0.579162,0.432957
2.72644,-0.39007,-1,-0.364447,0.432957
2.72669,-0.211694,-1,-0.0976069,0.432957
2.72694,-0.00153536,-0.582677,0.175583,0.432957
2.72719,0.211307,0.0472441,0.407998,0.432957
2.72744,0.397448,0.740157,0.585882,0.432957
2.72769,0.532147,1,0.67401,0.432957
2.72794,0.600989,1,0.67393,0.432957
2.72819,0.601749,1,0.613587,0.432957
2.72845,0.544254,1,0.501199,0.432957
2.7287,0.447803,0.535433,0.372217,0.432957
2.72895,0.335639,-0.275591,0.26465,0.432957
2.7292,0.229935,-1,0.180467,0.432957
2.72945,0.146546,-1,0.145984,0.432957
2.7297,0.0913827,-1,0.141044,0.432957
2.72995,0.0605185,-1,0.144178,0.432957
2.7302,0.0411618,-1,0.142503,0.432957
2.73045,0.0167547,-0.448819,0.0980206,0.432957
2.7307,-0.0288015,0.283465,0.0105038,0.432957
2.73095,-0.104973,0.889764,-0.128845,0.432957
2.7312,-0.212406,1,-0.304103,0.432957
2.73145,-0.340683,1,-0.505481,0.432957
2.7317,-0.470684,0.88189,-0.676725,0.432957
2.73195,-0.577975,0.330709,-0.794936,0.432957
2.7322,-0.638943,-0.299213,-0.818923,0.432957
2.73245,-0.635718,-0.850394,-0.750528,0.432957
2.7327,-0.560895,-1,-0.588689,0.432957
2.73295,-0.42006,-1,-0.352878,0.432957
2.7332,-0.230392,-0.811024,-0.0878172,0.432957
2.73345,-0.0184105,-0.204724,0.16232,0.432957
2.7337,0.186271,0.503937,0.373927,0.432957
2.73395,0.355971,1,0.505543,0.432957
2.7342,0.471449,1,0.568524,0.432957
2.73445,0.524163,1,0.548657,0.432957
2.7347,0.518299,1,0.491503,0.432957
2.73495,0.468184,0.88189,0.404769,0.432957
2.7352,0.394275,0.102362,0.319888,0.432957
2.73545,0.317988,-0.692913,0.267961,0.432957
2.7357,0.256138,-1,0.25114,0.432957
2.73595,0.217086,-1,0.263069,0.432957
2.7362,0.198959,-1,0.28802,0.432957
2.73645,0.191047,-1,0.304316,0.432957
2.7367,0.176632,-0.700787,0.286649,0.432957
2.73695,0.13878,0.015748,0.215263,0.432957
2.7372,0.0646841,0.669291,0.083934,0.432957
2.73745,-0.049056,1,-0.100536,0.432957
2.7377,-0.195551,1,-0.32502,0.432957
2.73795,-0.357135,0.976378,-0.543793,0.432957
2.7382,-0.50927,0.480315,-0.724844,0.432957
2.73845,-0.62566,-0.141732,-0.829037,0.432957
2.7387,-0.683465,-0.740157,-0.836666,0.432957
2.73895,-0.668989,-1,-0.740077,0.432957
2.7392,-0.580926,-1,-0.564687,0.432957
2.73945,-0.430551,-1,-0.330825,0.432957
2.7397,-0.240158,-0.488189,-0.0867621,0.432957
2.73995,-0.0378153,0.220472,0.12453,0.432957
2.7402,0.147638,0.952756,0.300908,0.432957
2.74045,0.293459,1,0.399775,0.432957
2.7407,0.386,1,0.422293,0.432957
2.74095,0.423977,1,0.40504,0.432957
2.7412,0.416795,1,0.357185,0.432957
2.74145,0.381652,0.480315,0.317888,0.432957
2.7417,0.338447,-0.330709,0.282898,0.432957
2.74195,0.304499,-1,0.285279,0.432957
2.7422,0.28981,-1,0.329313,0.432957
2.74245,0.294561,-1,0.382449,0.432957
2.7427,0.309616,-1,0.438298,0.432957
2.74295,0.31855,-0.92126,0.454326,0.432957
2.7432,0.302957,-0.228346,0.410009,0.432957
2.74345,0.247045,0.440945,0.304805,0.432957
2.7437,0.143472,0.952756,0.122696,0.432957
2.74395,-0.00492532,1,-0.105805,0.432957
2.7442,-0.183457,1,-0.352869,0.432957
2.74445,-0.36878,0.629921,-0.588264,0.432957
2.7447,-0.533016,0.023622,-0.753843,0.432957
2.74495,-0.649656,-0.606299,-0.83521,0.432957
2.7452,-0.699041,-1,-0.822913,0.432957
2.74545,-0.672919,-1,-0.704126,0.432957
2.7457,-0.575972,-1,-0.525757,0.432957
2.74595,-0.424813,-0.76378,-0.312076,0.432957
2.7462,-0.244614,-0.0787402,-0.0970059,0.432957
2.74645,-0.0632777,0.677165,0.078559,0.432957
2.7467,0.0940797,1,0.201715,0.432957
2.74695,0.210423,1,0.261696,0.432957
2.7472,0.279248,1,0.273961,0.432957
2.74745,0.305733,1,0.260758,0.432957
2.7477,0.303534,0.834646,0.236982,0.432957
2.74795,0.290754,0.0393701,0.23288,0.432957
2.7482,0.284799,-0.740157,0.257569,0.432957
2.74845,0.296962,-1,0.318084,0.432957
2.7487,0.329502,-1,0.411129,0.432957
2.74895,0.37477,-1,0.508028,0.432957
2.7492,0.416859,-1,0.566895,0.432957
2.74945,0.435985,-0.448819,0.577329,0.432957
2.7497,0.413312,0.228346,0.506876,0.432957
2.74995,0.337078,0.811024,0.35691,0.432957
2.7502,0.205252,1,0.146064,0.432957
2.75045,0.0282624,1,-0.106533,0.432957
2.7507,-0.173189,0.771654,-0.367152,0.432957
2.75095,-0.371379,0.19685,-0.596827,0.432957
2.7512,-0.537402,-0.456693,-0.738462,0.432957
2.75145,-0.646655,-1,-0.795289,0.432957
2.7517,-0.684468,-1,-0.753359,0.432957
2.75195,-0.648483,-1,-0.637898,0.432957
2.7522,-0.54912,-1,-0.47361,0.432957
2.75245,-0.406953,-0.401575,-0.286127,0.432957
2.7527,-0.24779,0.370079,-0.116385,0.432957
2.75295,-0.09731,1,0.00507945,0.432957
2.75321,0.0251179,1,0.0781398,0.432957
2.75346,0.109151,1,0.105725,0.432957
2.75371,0.155946,1,0.104995,0.432957
2.75396,0.175875,1,0.103916,0.432957
2.75421,0.18534,0.393701,0.1149,0.432957
2.75446,0.201346,-0.401575,0.158551,0.432957
2.75471,0.236788,-1,0.246085,0.432957
2.75496,0.295803,-1,0.366563,0.432957
2.75521,0.3727,-1,0.497702,0.432957
2.75546,0.452433,-1,0.616967,0.432957
2.75571,0.514178,-0.661417,0.678946,0.432957
2.75596,0.536433,0.015748,0.66759,0.432957
2.75621,0.502576,0.645669,0.575291,0.432957
2.75646,0.405462,1,0.397804,0.432957
2.75671,0.249711,1,0.146509,0.432957
2.75696,0.0523719,0.913386,-0.118477,0.432957
2.75721,-0.161207,0.393701,-0.377537,0.432957
2.75746,-0.360918,-0.267717,-0.57203,0.432957
2.75771,-0.5191,-0.913386,-0.699106,0.432957
2.75796,-0.615182,-1,-0.726495,0.432957
2.75821,-0.64038,-1,-0.672505,0.432957
2.75846,-0.598492,-1,-0.557071,0.432957
2.75871,-0.50463,-0.724409,-0.412243,0.432957
2.75896,-0.38136,0.023622,-0.269513,0.432957
2.75921,-0.253343,0.818898,-0.145792,0.432957
2.75946,-0.141226,1,-0.0775358,0.432957
2.75971,-0.0580651,1,-0.0449801,0.432957
2.75996,-0.00607446,1,-0.0445751,0.432957
2.76021,0.0222261,1,-0.0504582,0.432957
2.76046,0.0415604,0.732283,-0.0319224,0.432957
2.76071,0.0688065,-0.0472441,0.016236,0.432957
2.76096,0.11831,-0.787402,0.111176,0.432957
2.76121,0.196508,-1,0.2458,0.432957
2.76146,0.300139,-1,0.414018,0.432957
2.76171,0.415584,-1,0.5746,0.432957
2.76196,0.5219,-0.826772,0.69909,0.432957
2.76221,0.595155,-0.181102,0.755722,0.432957
2.76246,0.614489,0.464567,0.719144,0.432957
2.76271,0.566922,0.952756,0.59407,0.432957
2.76296,0.450958,1,0.398294,0.432957
2.76321,0.278082,1,0.142831,0.432957
2.76346,0.0703354,0.582677,-0.128163,0.432957
2.76371,-0.143489,-0.0629921,-0.352238,0.432957
2.76396,-0.333917,-0.748031,-0.520786,0.432957
2.76421,-0.476126,-1,-0.613313,0.432957
2.76446,-0.555552,-1,-0.612873,0.432957
2.76471,-0.569441,-1,-0.54872,0.432957
2.76496,-0.527331,-1,-0.451753,0.432957
2.76521,-0.447538,-0.338583,-0.350419,0.432957
2.76546,-0.352702,0.472441,-0.249054,0.432957
2.76571,-0.263712,1,-0.188911,0.432957
2.76596,-0.195213,1,-0.175933,0.432957
2.76621,-0.152383,1,-0.188683,0.432957
2.76646,-0.12986,1,-0.210963,0.432957
2.76671,-0.114837,1,-0.203592,0.432957
2.76696,-0.0899617,0.291339,-0.168365,0.432957
2.76721,-0.0397563,-0.472441,-0.0795093,0.432957
2.76746,0.0454042,-1,0.0639011,0.432957
2.76771,0.164877,-1,0.253601,0.432957
2.76796,0.307683,-1,0.460163,0.432957
2.76821,0.453638,-0.976378,0.643959,0.432957
2.76846,0.577407,-0.385827,0.764283,0.432957
2.76871,0.654273,0.275591,0.80525,0.432957
2.76896,0.665865,0.84252,0.752169,0.432957
2.76921,0.604121,1,0.596616,0.432957
2.76946,0.474048,1,0.381513,0.432957
2.76971,0.292665,0.779528,0.130955,0.432957
2.76996,0.085926,0.165354,-0.113251,0.432957
2.77021,-0.116763,-0.535433,-0.311995,0.432957
2.77046,-0.287981,-1,-0.44328,0.432957
2.77071,-0.408509,-1,-0.498137,0.432957
2.77096,-0.469854,-1,-0.492584,0.432957
2.77121,-0.475934,-1,-0.431825,0.432957
2.77146,-0.440443,-0.708661,-0.36302,0.432957
2.77171,-0.383393,0.0944882,-0.296916,0.432957
2.77196,-0.324871,0.897638,-0.257611,0.432957
2.77221,-0.280666,1,-0.251593,0.432957
2.77246,-0.257941,1,-0.284625,0.432957
2.77271,-0.253583,1,-0.323263,0.432957
2.77296,-0.256044,1,-0.347766,0.432957
2.77321,-0.247924,0.606299,-0.339683,0.432957
2.77346,-0.211961,-0.15748,-0.267674,0.432957
2.77371,-0.135413,-0.834646,-0.131378,0.432957
2.77396,-0.015182,-1,0.0532856,0.432957
2.77421,0.141199,-1,0.284068,0.432957
2.77446,0.315309,-1,0.498931,0.432957
2.77471,0.48196,-0.551181,0.68155,0.432957
2.77496,0.613609,0.102362,0.795145,0.432957
2.77521,0.687105,0.724409,0.808919,0.432957
2.77546,0.687953,1,0.729621,0.432957
2.77571,0.614109,1,0.564751,0.432957
2.77596,0.476634,0.968504,0.340537,0.432957
2.77621,0.296821,0.409449,0.112053,0.432957
2.77646,0.102614,-0.299213,-0.0935665,0.432957
2.77671,-0.0781342,-1,-0.247106,0.432957
2.77696,-0.22251,-1,-0.334802,0.432957
2.77721,-0.317795,-1,-0.354924,0.432957
2.77746,-0.362282,-1,-0.336754,0.432957
2.77771,-0.365526,-1,-0.294034,0.432957
2.77797,-0.344161,-0.283465,-0.265438,0.432957
2.77822,-0.317248,0.543307,-0.243897,0.432957
2.77847,-0.301103,1,-0.270329,0.432957
2.77872,-0.30449,1,-0.327235,0.432957
2.77897,-0.326452,1,-0.40682,0.432957
2.77922,-0.356459,1,-0.46841,0.432957
2.77947,-0.377363,0.88189,-0.495974,0.432957
2.77972,-0.369992,0.141732,-0.461383,0.432957
2.77997,-0.318257,-0.566929,-0.361062,0.432957
2.78022,-0.214663,-1,-0.187125,0.432957
2.78047,-0.0623987,-1,0.048105,0.432957
2.78072,0.123437,-1,0.296353,0.432957
2.78097,0.319048,-0.685039,0.531815,0.432957
2.78122,0.495627,-0.0551181,0.703121,0.432957
2.78147,0.62636,0.582677,0.792039,0.432957
2.78172,0.69085,1,0.779746,0.432957
2.78197,0.680232,1,0.681796,0.432957
2.78222,0.598656,1,0.513339,0.432957
2.78247,0.461985,0.653543,0.317646,0.432957
2.78272,0.294693,-0.0393701,0.130261,0.432957
2.78297,0.123906,-0.795276,-0.03385,0.432957
2.78322,-0.0258089,-1,-0.144763,0.432957
2.78347,-0.138232,-1,-0.192943,0.432957
2.78372,-0.207258,-1,-0.204042,0.432957
2.78397,-0.23827,-1,-0.187826,0.432957
2.78422,-0.244696,-0.661417,-0.176709,0.432957
2.78447,-0.244547,0.165354,-0.176833,0.432957
2.78472,-0.253924,0.952756,-0.223809,0.432957
2.78497,-0.28342,1,-0.306315,0.432957
2.78522,-0.334004,1,-0.408354,0.432957
2.78547,-0.396677,1,-0.509382,0.432957
2.78572,-0.454644,1,-0.581946,0.432957
2.78597,-0.486945,0.433071,-0.603796,0.432957
2.78622,-0.47441,-0.291339,-0.54439,0.432957
2.78647,-0.404366,-0.889764,-0.401182,0.432957
2.78672,-0.275244,-1,-0.188443,0.432957
2.78697,-0.0970517,-1,0.0623164,0.432957
2.78722,0.108877,-0.818898,0.315687,0.432957
2.78747,0.314648,-0.228346,0.533837,0.432957
2.78772,0.490822,0.433071,0.683363,0.432957
2.78797,0.612626,1,0.751472,0.432957
2.78822,0.66461,1,0.7176,0.432957
2.78847,0.64411,1,0.60221,0.432957
2.78872,0.560801,0.92126,0.454121,0.432957
2.78897,0.434491,0.259843,0.282686,0.432957
2.78922,0.290167,-0.511811,0.131311,0.432957
2.78947,0.152521,-1,0.0231256,0.432957
2.78972,0.0401657,-1,-0.0314452,0.432957
2.78997,-0.0374875,-1,-0.0533502,0.432957
2.79022,-0.0821292,-1,-0.0393705,0.432957
2.79047,-0.104322,-1,-0.0328933,0.432957
2.79072,-0.120696,-0.23622,-0.0501035,0.432957
2.79097,-0.14752,0.590551,-0.101961,0.432957
2.79122,-0.197044,1,-0.199951,0.432957
2.79147,-0.272413,1,-0.336486,0.432957
2.79172,-0.366709,1,-0.484301,0.432957
2.79197,-0.463809,1,-0.614512,0.432957
2.79222,-0.541822,0.685039,-0.688117,0.432957
2.79247,-0.578397,-0.0314961,-0.687309,0.432957
2.79272,-0.556079,-0.685039,-0.601313,0.432957
2.79297,-0.467469,-1,-0.432468,0.432957
2.79322,-0.316909,-1,-0.201335,0.432957
2.79347,-0.121275,-0.92126,0.0676034,0.432957
2.79372,0.0937667,-0.377953,0.309972,0.432957
2.79397,0.29827,0.283465,0.513095,0.432957
2.79422,0.464316,0.92126,0.632039,0.432957
2.79447,0.571069,1,0.666535,0.432957
2.79472,0.60941,1,0.614471,0.432957
2.79497,0.582636,1,0.513951,0.432957
2.79522,0.505186,0.566929,0.386792,0.432957
2.79547,0.398802,-0.204724,0.264026,0.432957
2.79572,0.287027,-0.992126,0.172896,0.432957
2.79597,0.189801,-1,0.117151,0.432957
2.79622,0.118686,-1,0.100503,0.432957
2.79647,0.0754046,-1,0.103494,0.432957
2.79672,0.051473,-1,0.117936,0.432957
2.79697,0.0319971,-0.622047,0.100131,0.432957
2.79722,-7.25235e-05,0.212598,0.0415105,0.432957
2.79747,-0.0583296,0.96063,-0.063673,0.432957
2.79772,-0.148955,1,-0.207426,0.432957
2.79797,-0.267346,1,-0.384401,0.432957
2.79822,-0.39914,1,-0.558271,0.432957
2.79847,-0.52227,0.88189,-0.689962,0.432957
2.79872,-0.61189,0.19685,-0.750004,0.432957
2.79897,-0.646122,-0.472441,-0.731761,0.432957
2.79922,-0.611545,-0.976378,-0.616835,0.432957
2.79947,-0.506133,-1,-0.419371,0.432957
2.79972,-0.340996,-1,-0.171308,0.432957
2.79997,-0.137842,-0.551181,0.0846763,0.432957
2.80022,0.0744444,0.102362,0.310035,0.432957
2.80047,0.266803,0.779528,0.46276,0.432957
2.80072,0.414357,1,0.548888,0.432957
2.80097,0.50245,1,0.551578,0.432957
2.80122,0.528171,1,0.501667,0.432957
2.80147,0.500525,0.905512,0.41193,0.432957
2.80172,0.437148,0.15748,0.315123,0.432957
2.80197,0.359724,-0.661417,0.243143,0.432957
2.80222,0.288234,-1,0.203303,0.432957
2.80247,0.235977,-1,0.200776,0.432957
2.80273,0.207029,-1,0.230397,0.432957
2.80298,0.195156,-1,0.252529,0.432957
2.80323,0.186533,-0.984252,0.255407,0.432957
2.80348,0.163694,-0.173228,0.217919,0.432957
2.80373,0.111037,0.614173,0.135953,0.432957
2.80398,0.0192483,1,-0.0101808,0.432957
2.80423,-0.110412,1,-0.206849,0.432957
2.80448,-0.266257,1,-0.416568,0.432957
2.80473,-0.426981,1,-0.602532,0.432957
2.80498,-0.566596,0.409449,-0.734233,0.432957
2.80523,-0.65947,-0.267717,-0.780735,0.432957
2.80548,-0.686355,-0.84252,-0.737929,0.432957
2.80573,-0.638819,-1,-0.604498,0.432957
2.80598,-0.521079,-1,-0.402934,0.432957
2.80623,-0.349863,-0.716535,-0.160029,0.432957
2.80648,-0.150591,-0.0866142,0.0701534,0.432957
2.80673,0.047598,0.622047,0.254902,0.432957
2.80698,0.218013,1,0.381237,0.432957
2.80723,0.341197,1,0.434871,0.432957
2.80748,0.409255,1,0.420705,0.432957
2.80773,0.425489,1,0.374477,0.432957
2.80798,0.403555,0.543307,0.313692,0.432957
2.80823,0.362399,-0.291339,0.262536,0.432957
2.80848,0.321557,-1,0.25027,0.432957
2.80873,0.295388,-1,0.264786,0.432957
2.80898,0.289873,-1,0.30843,0.432957
2.80923,0.300822,-1,0.366802,0.432957
2.80948,0.315395,-1,0.400455,0.432957
2.80973,0.315704,-0.559055,0.388122,0.432957
2.80998,0.283958,0.244094,0.321574,0.432957
2.81023,0.20734,0.944882,0.191361,0.432957
2.81048,0.0829445,1,0.00200104,0.432957
2.81073,-0.0811406,1,-0.229914,0.432957
2.81098,-0.26594,1,-0.45322,0.432957
2.81123,-0.445544,0.582677,-0.642651,0.432957
2.81148,-0.591739,-0.0787402,-0.759963,0.432957
2.81173,-0.680493,-0.700787,-0.780511,0.432957
2.81198,-0.696852,-1,-0.71486,0.432957
2.81223,-0.638113,-1,-0.558197,0.432957
2.81248,-0.514609,-0.874016,-0.354996,0.432957
2.81273,-0.3473,-0.299213,-0.14102,0.432957
2.81298,-0.1632,0.417323,0.0524206,0.432957
2.81323,0.0103639,1,0.186526,0.432957
2.81348,0.151064,1,0.272256,0.432957
2.81373,0.246606,1,0.293517,0.432957
2.81398,0.295509,1,0.277263,0.432957
2.81423,0.307275,0.92126,0.241588,0.432957
2.81448,0.298046,0.110236,0.215895,0.432957
2.81473,0.286507,-0.740157,0.214512,0.432957
2.81498,0.287567,-1,0.25265,0.432957
2.81523,0.309048,-1,0.326638,0.432957
2.81548,0.34872,-1,0.417366,0.432957
2.81573,0.394879,-1,0.48608,0.432957
2.81598,0.429273,-0.88189,0.517233,0.432957
2.81623,0.431966,-0.0944882,0.492201,0.432957
2.81648,0.386691,0.637795,0.396669,0.432957
2.81673,0.285358,1,0.232776,0.432957
2.81698,0.131765,1,0.000800799,0.432957
2.81723,-0.0591954,1,-0.242373,0.432957
2.81748,-0.262818,0.708661,-0.476001,0.432957
2.81773,-0.450304,0.0629921,-0.644519,0.432957
2.81798,-0.593703,-0.574803,-0.741588,0.432957
2.81823,-0.672566,-1,-0.740524,0.432957
2.81848,-0.677327,-1,-0.656577,0.432957
2.81873,-0.611408,-1,-0.50462,0.432957
2.81898,-0.490261,-0.527559,-0.326996,0.432957
2.81923,-0.337324,0.181102,-0.143742,0.432957
2.81948,-0.179011,0.937008,-0.00311404,0.432957
2.81973,-0.0390132,1,0.0956835,0.432957
2.81998,0.0671222,1,0.136055,0.432957
2.82023,0.133952,1,0.130328,0.432957
2.82048,0.167169,1,0.123542,0.432957
2.82073,0.180199,0.535433,0.110589,0.432957
2.82098,0.190641,-0.330709,0.13203,0.432957
2.82123,0.214106,-1,0.186146,0.432957
2.82148,0.260021,-1,0.275665,0.432957
2.82173,0.328249,-1,0.394906,0.432957
2.82198,0.408709,-1,0.512101,0.432957
2.82223,0.483171,-1,0.603835,0.432957
2.82248,0.529998,-0.425197,0.619661,0.432957
2.82273,0.529164,0.322835,0.574326,0.432957
2.82298,0.467547,0.92126,0.444132,0.432957
2.82323,0.343304,1,0.236264,0.432957
2.82348,0.166443,1,-0.011342,0.432957
2.82373,-0.0415986,0.811024,-0.26378,0.432957
2.82398,-0.252809,0.204724,-0.484235,0.432957
2.82423,-0.437191,-0.448819,-0.633012,0.429136
2.82448,-0.56994,-1,-0.697919,0.429136
2.82473,-0.635099,-1,-0.670576,0.429136
2.82498,-0.629496,-1,-0.578138,0.429136
2.82523,-0.562316,-0.590551,-0.433107,0.429136
2.82548,-0.452441,0.267717,-0.28389,0.429136
2.82573,-0.324115,1,-0.150031,0.429136
2.82598,-0.20086,1,-0.062175,0.429136
2.82623,-0.100589,1,-0.016506,0.429136
2.82648,-0.0314218,1,0.00198279,0.429136
2.82673,0.00858412,1,0.0091039,0.429136
2.82698,0.0308796,1,0.0175736,0.429136
2.82723,0.0515924,0.740157,0.0438209,0.429136
2.82749,0.0873997,-0.291339,0.106079,0.429136
2.82774,0.149224,-1,0.203173,0.429136
2.82799,0.239738,-1,0.348435,0.429136
2.82824,0.350754,-1,0.509668,0.429136
2.82849,0.464967,-1,0.651858,0.429136
2.82874,0.559636,-1,0.73563,0.429136
2.82899,0.611395,-0.511811,0.742065,0.429136
2.82924,0.602139,0.0708661,0.658631,0.429136
2.82949,0.523855,0.448819,0.495031,0.429136
2.82974,0.380655,0.503937,0.248844,0.429136
2.82999,0.189179,0.228346,-0.0304375,0.429136
2.83024,-0.0250882,-0.299213,-0.309162,0.429136
2.83049,-0.231937,-0.929134,-0.546413,0.429136
2.83074,-0.403704,-1,-0.707832,0.429136
2.83099,-0.519316,-1,-0.776211,0.429136
2.83124,-0.569422,-1,-0.766689,0.429136
2.83149,-0.556789,-1,-0.697311,0.429136
2.83174,-0.495521,-0.346457,-0.583592,0.429136
2.83199,-0.406246,0.661417,-0.459035,0.429136
2.83224,-0.311626,1,-0.341596,0.429136
2.83249,-0.230447,1,-0.256599,0.429136
2.83274,-0.173218,1,-0.190101,0.429136
2.83299,-0.140597,1,-0.151592,0.429136
2.83324,-0.123346,1,-0.1,0.429136
2.83349,-0.106178,1,-0.0314084,0.429136
2.83374,-0.0716617,0.354331,0.0505184,0.429136
2.83399,-0.00674156,-0.566929,0.179926,0.429136
2.83424,0.0942886,-1,0.331962,0.429136
2.83449,0.226054,-1,0.515713,0.429136
2.83474,0.373112,-1,0.682813,0.429136
2.83499,0.512453,-1,0.802192,0.429136
2.83524,0.618378,-0.559055,0.849158,0.429136
2.83549,0.668211,0.015748,0.802033,0.429136
2.83574,0.647649,0.425197,0.651619,0.429136
2.83599,0.554439,0.543307,0.431313,0.429136
2.83624,0.398923,0.314961,0.150942,0.429136
2.83649,0.202812,-0.19685,-0.14258,0.429136
2.83674,-0.0058425,-0.874016,-0.399158,0.429136
2.83699,-0.197513,-1,-0.590457,0.429136
2.83724,-0.348244,-1,-0.70192,0.429136
2.83749,-0.442889,-1,-0.723454,0.429136
2.83774,-0.478754,-1,-0.687554,0.429136
2.83799,-0.464351,-1,-0.598691,0.429136
2.83824,-0.416735,-0.023622,-0.487217,0.429136
2.83849,-0.356619,1,-0.380761,0.429136
2.83874,-0.302954,1,-0.295195,0.429136
2.83899,-0.267924,1,-0.251785,0.429136
2.83924,-0.254296,1,-0.227892,0.429136
2.83949,-0.254825,1,-0.207168,0.429136
2.83974,-0.254933,1,-0.174127,0.429136
2.83999,-0.236368,0.929134,-0.11885,0.429136
2.84024,-0.183653,0.00787402,-0.0134406,0.429136
2.84049,-0.0875656,-0.748031,0.126556,0.429136
2.84074,0.0502021,-1,0.306124,0.429136
2.84099,0.217152,-1,0.502393,0.429136
2.84124,0.391313,-0.984252,0.679612,0.429136
2.84149,0.545858,-0.480315,0.800693,0.429136
2.84174,0.654344,0.0708661,0.825878,0.429136
2.84199,0.696861,0.511811,0.76473,0.429136
2.84224,0.66426,0.677165,0.60914,0.429136
2.84249,0.560246,0.503937,0.379322,0.429136
2.84274,0.400946,0,0.126352,0.429136
2.84299,0.211165,-0.708661,-0.114921,0.429136
2.84324,0.0197687,-1,-0.32377,0.429136
2.84349,-0.14731,-1,-0.459237,0.429136
2.84374,-0.270915,-1,-0.520671,0.429136
2.84399,-0.34331,-1,-0.525353,0.429136
2.84424,-0.367949,-1,-0.493772,0.429136
2.84449,-0.358007,-0.748031,-0.42828,0.429136
2.84474,-0.331841,0.330709,-0.363759,0.429136
2.84499,-0.308072,1,-0.324561,0.429136
2.84524,-0.300004,1,-0.317873,0.429136
2.84549,-0.312269,1,-0.338024,0.429136
2.84574,-0.339593,1,-0.368906,0.429136
2.84599,-0.367957,1,-0.372358,0.429136
2.84624,-0.378633,1,-0.347286,0.429136
2.84649,-0.353219,0.488189,-0.27571,0.429136
2.84674,-0.279022,-0.283465,-0.137469,0.429136
2.84699,-0.152765,-0.811024,0.0458618,0.429136
2.84724,0.0167182,-0.984252,0.266304,0.429136
2.84749,0.210196,-0.80315,0.495198,0.429136
2.84774,0.400962,-0.362205,0.688442,0.429136
2.84799,0.560458,0.188976,0.8079,0.429136
2.84824,0.663802,0.669291,0.840809,0.429136
2.84849,0.695495,0.905512,0.764986,0.429136
2.84874,0.652293,0.80315,0.608639,0.429136
2.84899,0.543824,0.330709,0.407338,0.429136
2.84924,0.390305,-0.401575,0.183032,0.429136
2.84949,0.218285,-1,-0.00902482,0.429136
2.84974,0.0540859,-1,-0.164386,0.429136
2.84999,-0.0805802,-1,-0.271684,0.429136
2.85024,-0.173932,-1,-0.313647,0.429136
2.85049,-0.224981,-1,-0.325317,0.429136
2.85074,-0.243162,-1,-0.317987,0.429136
2.85099,-0.244378,-0.401575,-0.304751,0.429136
2.85124,-0.246659,0.692913,-0.313787,0.429136
2.85149,-0.264158,1,-0.339751,0.429136
2.85174,-0.30342,1,-0.399135,0.429136
2.85199,-0.361016,1,-0.474603,0.429136
2.85225,-0.424079,1,-0.534695,0.429136
2.8525,-0.473363,1,-0.552603,0.429136
2.85275,-0.487856,0.834646,-0.502101,0.429136
2.853,-0.451001,0.0787402,-0.390465,0.429136
2.85325,-0.354366,-0.472441,-0.213457,0.429136
2.8535,-0.201662,-0.724409,0.0194967,0.429136
2.85375,-0.00813047,-0.614173,0.286461,0.429136
2.854,0.201395,-0.220472,0.531834,0.429136
2.85425,0.397693,0.322835,0.734427,0.429136
2.8545,0.552431,0.84252,0.83827,0.429136
2.85475,0.644624,1,0.853492,0.429136
2.855,0.664199,1,0.774567,0.429136
2.85525,0.614082,0.76378,0.632002,0.429136
2.8555,0.50891,0.0393701,0.448218,0.429136
2.85575,0.371528,-0.866142,0.259783,0.429136
2.856,0.227362,-1,0.101909,0.429136
2.85625,0.0989909,-1,-0.0266354,0.429136
2.8565,0.00149309,-1,-0.104102,0.429136
2.85675,-0.0609145,-1,-0.146329,0.429136
2.857,-0.093834,-1,-0.181499,0.429136
2.85725,-0.111331,-1,-0.206558,0.429136
2.8575,-0.130313,-0.0393701,-0.234252,0.429136
2.85775,-0.166191,0.984252,-0.295285,0.429136
2.858,-0.227264,1,-0.392496,0.429136
2.85825,-0.312477,1,-0.505149,0.429136
2.8585,-0.410452,1,-0.608388,0.429136
2.85875,-0.502009,1,-0.67322,0.429136
2.859,-0.564221,1,-0.678612,0.429136
2.85925,-0.576534,0.338583,-0.599664,0.429136
2.8595,-0.525199,-0.23622,-0.455883,0.429136
2.85975,-0.407973,-0.543307,-0.22679,0.429136
2.86,-0.234851,-0.496063,0.0455081,0.429136
2.86025,-0.0271194,-0.141732,0.323843,0.429136
2.8605,0.187093,0.409449,0.576177,0.429136
2.86075,0.377706,1,0.753585,0.429136
2.861,0.519535,1,0.832023,0.429136
2.86125,0.596504,1,0.823107,0.429136
2.8615,0.604991,1,0.741303,0.429136
2.86175,0.553491,0.606299,0.600334,0.429136
2.862,0.460453,-0.314961,0.447629,0.429136
2.86225,0.348896,-1,0.289395,0.429136
2.8625,0.241442,-1,0.16295,0.429136
2.86275,0.154904,-1,0.0779282,0.429136
2.863,0.0964816,-1,0.0240619,0.429136
2.86325,0.0632317,-1,-0.0133598,0.429136
2.8635,0.0433411,-1,-0.0500806,0.429136
2.86375,0.0204332,-0.755906,-0.102578,0.429136
2.864,-0.0219359,0.283465,-0.174868,0.429136
2.86425,-0.0943031,1,-0.281433,0.429136
2.8645,-0.198392,1,-0.422492,0.429136
2.86475,-0.325052,1,-0.571922,0.429136
2.865,-0.456062,1,-0.691424,0.429136
2.86525,-0.567306,1,-0.755448,0.429136
2.8655,-0.634828,0.464567,-0.746941,0.429136
2.86575,-0.639777,-0.102362,-0.642452,0.429136
2.866,-0.573351,-0.448819,-0.465359,0.429136
2.86625,-0.439607,-0.464567,-0.213653,0.429136
2.8665,-0.254437,-0.149606,0.0742621,0.429136
2.86675,-0.0435601,0.409449,0.339996,0.429136
2.867,0.163521,1,0.558837,0.429136
2.86725,0.338529,1,0.701456,0.429136
2.8675,0.461083,1,0.751643,0.429136
2.86775,0.521197,1,0.729543,0.429136
2.868,0.521665,1,0.649855,0.429136
2.86825,0.475667,0.346457,0.529323,0.429136
2.8685,0.403492,-0.700787,0.408718,0.429136
2.86875,0.32648,-1,0.298085,0.429136
2.869,0.262346,-1,0.223703,0.429136
2.86925,0.220496,-1,0.185602,0.429136
2.8695,0.200358,-1,0.154928,0.429136
2.86975,0.191947,-1,0.126069,0.429136
2.87,0.179332,-1,0.0828422,0.429136
2.87025,0.144921,-0.370079,0.0103414,0.429136
2.8705,0.075586,0.559055,-0.107298,0.429136
2.87075,-0.0337345,1,-0.262475,0.429136
2.871,-0.177017,1,-0.43409,0.429136
2.87125,-0.338079,1,-0.613204,0.429136
2.8715,-0.492704,1,-0.740632,0.429136
2.87175,-0.614623,0.456693,-0.802767,0.429136
2.872,-0.680245,-0.102362,-0.775723,0.429136
2.87225,-0.674608,-0.480315,-0.658005,0.429136
2.8725,-0.594858,-0.535433,-0.446076,0.429136
2.87275,-0.450835,-0.251969,-0.189993,0.429136
2.873,-0.263762,0.314961,0.0686452,0.429136
2.87325,-0.061279,1,0.312042,0.429136
2.8735,0.127496,1,0.487417,0.429136
2.87375,0.278921,1,0.591393,0.429136
2.874,0.378035,1,0.620401,0.429136
2.87425,0.422149,1,0.589738,0.429136
2.8745,0.419398,1,0.531917,0.429136
2.87475,0.386607,0.00787402,0.44441,0.429136
2.875,0.343342,-1,0.366387,0.429136
2.87525,0.30761,-1,0.311283,0.429136
2.8755,0.290431,-1,0.291937,0.429136
2.87575,0.293194,-1,0.297061,0.429136
2.876,0.307786,-1,0.296279,0.429136
2.87625,0.318398,-1,0.274686,0.429136
2.8765,0.306618,-0.929134,0.219975,0.429136
2.87675,0.256021,0,0.113997,0.429136
2.87701,0.158147,0.724409,-0.0412993,0.429136
2.87726,0.0144742,1,-0.231973,0.429136
2.87751,-0.161569,1,-0.446661,0.429136
2.87776,-0.347504,0.874016,-0.648117,0.429136
2.87801,-0.515681,0.362205,-0.778455,0.429136
2.87826,-0.63913,-0.188976,-0.829498,0.429136
2.87851,-0.697105,-0.606299,-0.789176,0.429136
2.87876,-0.679904,-0.724409,-0.648436,0.429136
2.87901,-0.590617,-0.488189,-0.441059,0.429136
2.87926,-0.444724,0.0708661,-0.201325,0.429136
2.87951,-0.266424,0.84252,0.0359155,0.429136
2.87976,-0.0838486,1,0.226276,0.429136
2.88001,0.0774565,1,0.364021,0.429136
2.88026,0.199075,1,0.428983,0.429136
2.88051,0.273553,1,0.455616,0.429136
2.88076,0.304351,1,0.435268,0.429136
2.88101,0.304728,0.76378,0.388267,0.429136
2.88126,0.292216,-0.354331,0.348396,0.429136
2.88151,0.284717,-1,0.327384,0.429136
2.88176,0.29442,-1,0.339367,0.429136
2.88201,0.32477,-1,0.381973,0.429136
2.88226,0.369229,-1,0.425871,0.429136
2.88251,0.412686,-1,0.444139,0.429136
2.88276,0.435562,-1,0.415649,0.429136
2.88301,0.418588,-0.480315,0.342405,0.429136
2.88326,0.348999,0.275591,0.212948,0.429136
2.88351,0.223409,0.771654,0.0148062,0.429136
2.88376,0.0508515,0.905512,-0.218237,0.429136
2.88401,-0.149073,0.685039,-0.457294,0.429136
2.88426,-0.349177,0.220472,-0.666797,0.429136
2.88451,-0.520409,-0.322835,-0.794928,0.429136
2.88476,-0.637328,-0.787402,-0.829436,0.429136
2.88501,-0.683913,-0.992126,-0.772966,0.429136
2.88526,-0.656323,-0.834646,-0.633869,0.429136
2.88551,-0.563514,-0.314961,-0.445791,0.429136
2.88576,-0.425094,0.472441,-0.247383,0.429136
2.88601,-0.266536,1,-0.0586117,0.429136
2.88626,-0.113869,1,0.0883328,0.429136
2.88651,0.0126186,1,0.183684,0.429136
2.88676,0.101326,1,0.233498,0.429136
2.88701,0.152135,1,0.249519,0.429136
2.88726,0.174445,1,0.26026,0.429136
2.88751,0.184219,0.433071,0.262088,0.429136
2.88776,0.198648,-0.692913,0.273313,0.429136
2.88801,0.231393,-1,0.325074,0.429136
2.88826,0.287723,-1,0.402807,0.429136
2.88851,0.363135,-1,0.494748,0.429136
2.88876,0.443537,-1,0.572547,0.429136
2.88901,0.508598,-1,0.598725,0.429136
2.88926,0.536453,-0.826772,0.562707,0.429136
2.88951,0.509891,-0.0787402,0.453659,0.429136
2.88976,0.420136,0.456693,0.284768,0.429136
2.89001,0.270743,0.669291,0.0445107,0.429136
2.89026,0.0769138,0.527559,-0.22383,0.429136
2.89051,-0.136089,0.102362,-0.484507,0.429136
2.89076,-0.339077,-0.464567,-0.6889,0.429136
2.89101,-0.503318,-0.992126,-0.805745,0.429136
2.89126,-0.607502,-1,-0.836671,0.429136
2.89151,-0.641094,-1,-0.766887,0.429136
2.89176,-0.606514,-0.80315,-0.644074,0.429136
2.89201,-0.517691,-0.023622,-0.476364,0.429136
2.89226,-0.396589,0.929134,-0.310185,0.429136
2.89251,-0.267935,1,-0.156783,0.429136
2.89276,-0.15307,1,-0.052844,0.429136
2.89301,-0.0661694,1,0.0169846,0.429136
2.89326,-0.0107115,1,0.0735915,0.429136
2.89351,0.019714,1,0.100502,0.429136
2.89376,0.0392215,1,0.137344,0.429136
2.89401,0.0646824,0.0708661,0.186293,0.429136
2.89426,0.111051,-0.968504,0.259555,0.429136
2.89451,0.185826,-1,0.367619,0.429136
2.89476,0.286984,-1,0.494904,0.429136
2.89501,0.402008,-1,0.621781,0.429136
2.89526,0.510631,-1,0.701694,0.429136
2.89551,0.589043,-1,0.717875,0.429136
2.89576,0.615522,-0.307087,0.646548,0.429136
2.89601,0.576153,0.23622,0.506315,0.429136
2.89626,0.467887,0.503937,0.283555,0.429136
2.89651,0.300752,0.417323,0.0126617,0.429136
2.89676,0.0956952,0.023622,-0.274422,0.429136
2.89701,-0.118988,-0.551181,-0.519909,0.429136
2.89726,-0.313611,-1,-0.700061,0.429136
2.89751,-0.462476,-1,-0.790113,0.429136
2.89776,-0.549685,-1,-0.796672,0.429136
2.89801,-0.571006,-1,-0.729015,0.429136
2.89826,-0.534675,-0.629921,-0.608567,0.429136
2.89851,-0.458169,0.338583,-0.462843,0.429136
2.89876,-0.363962,1,-0.320752,0.429136
2.89901,-0.273324,1,-0.207287,0.429136
2.89926,-0.20201,1,-0.131858,0.429136
2.89951,-0.156164,1,-0.0871564,0.429136
2.89976,-0.131896,1,-0.0537574,0.429136
2.90001,-0.116756,1,-0.0148017,0.429136
2.90026,-0.09404,0.787402,0.0426219,0.429136
2.90051,-0.0473619,-0.259843,0.121989,0.429136
2.90076,0.0333955,-1,0.237604,0.429136
2.90101,0.149293,-1,0.389378,0.429136
2.90126,0.29025,-1,0.5475,0.429136
2.90152,0.4371,-1,0.678538,0.429136
2.90177,0.564818,-1,0.758049,0.429136
2.90202,0.648326,-0.393701,0.75882,0.429136
2.90227,0.66826,0.149606,0.669857,0.429136
2.90252,0.615147,0.456693,0.503537,0.429136
2.90277,0.492454,0.425197,0.261304,0.429136
2.90302,0.315894,0.0551181,-0.0178744,0.429136
2.90327,0.110622,-0.543307,-0.278928,0.429136
2.90352,-0.0940708,-1,-0.49362,0.429136
2.90377,-0.270184,-1,-0.632651,0.429136
2.90402,-0.397359,-1,-0.697742,0.429136
2.90427,-0.465695,-1,-0.680587,0.429136
2.90452,-0.477738,-1,-0.615413,0.429136
2.90477,-0.446169,-0.362205,-0.509323,0.429136
2.90502,-0.390575,0.724409,-0.407435,0.429136
2.90527,-0.331256,1,-0.308709,0.429136
2.90552,-0.2848,1,-0.250782,0.429136
2.90577,-0.259499,1,-0.222424,0.429136
2.90602,-0.253505,1,-0.208823,0.429136
2.90627,-0.255926,1,-0.186293,0.429136
2.90652,-0.249991,1,-0.145711,0.429136
2.90677,-0.218111,0.401575,-0.0775917,0.429136
2.90702,-0.14671,-0.519685,0.0380968,0.429136
2.90727,-0.0314553,-1,0.201658,0.429136
2.90752,0.121441,-1,0.385686,0.429136
2.90777,0.294668,-1,0.574662,0.429136
2.90802,0.463639,-0.929134,0.716941,0.429136
2.90827,0.600731,-0.362205,0.797002,0.429136
2.90852,0.682051,0.181102,0.781959,0.429136
2.90877,0.691811,0.519685,0.675841,0.429136
2.90902,0.626482,0.535433,0.48865,0.429136
2.90927,0.495513,0.204724,0.247447,0.429136
2.90952,0.319392,-0.409449,-0.00918873,0.429136
2.90977,0.125287,-1,-0.235301,0.429136
2.91002,-0.0582717,-1,-0.409569,0.429136
2.91027,-0.207924,-1,-0.512976,0.429136
2.91052,-0.309196,-1,-0.54469,0.429136
2.91077,-0.359471,-1,-0.53405,0.429136
2.91102,-0.366724,-1,-0.478884,0.429136
2.91127,-0.347255,-0.015748,-0.405689,0.429136
2.91152,-0.320127,1,-0.349133,0.429136
2.91177,-0.302081,1,-0.316906,0.429136
2.91202,-0.30301,1,-0.313733,0.429136
2.91227,-0.323155,1,-0.338866,0.429136
2.91252,-0.353004,1,-0.34842,0.429136
2.91277,-0.375988,1,-0.332179,0.429136
2.91302,-0.372894,0.937008,-0.28704,0.429136
2.91327,-0.326968,0.023622,-0.188289,0.429136
2.91352,-0.229545,-0.692913,-0.0291155,0.429136
2.91377,-0.0824418,-1,0.167139,0.429136
2.91402,0.100529,-1,0.391606,0.429136
2.91427,0.296445,-0.755906,0.598119,0.429136
2.91452,0.476731,-0.23622,0.747283,0.429136
2.91477,0.614112,0.307087,0.82263,0.429136
2.91502,0.687102,0.700787,0.78193,0.429136
2.91527,0.685373,0.779528,0.667373,0.429136
2.91552,0.611529,0.496063,0.479531,0.429136
2.91577,0.480188,-0.11811,0.256856,0.429136
2.91602,0.31509,-0.937008,0.031971,0.429136
2.91627,0.143329,-1,-0.140733,0.429136
2.91652,-0.00992586,-1,-0.268927,0.429136
2.91677,-0.12726,-1,-0.337707,0.429136
2.91702,-0.201317,-1,-0.363169,0.429136
2.91727,-0.236242,-1,-0.359463,0.429136
2.91752,-0.244657,-0.826772,-0.336045,0.429136
2.91777,-0.244376,0.330709,-0.310294,0.429136
2.91802,-0.251909,1,-0.306318,0.429136
2.91827,-0.278785,1,-0.344699,0.429136
2.91852,-0.327152,1,-0.397873,0.429136
2.91877,-0.389169,1,-0.466291,0.429136
2.91902,-0.448725,1,-0.493893,0.429136
2.91927,-0.485198,1,-0.490471,0.429136
2.91952,-0.478699,0.488189,-0.423514,0.429136
2.91977,-0.415846,-0.244094,-0.283175,0.429136
2.92002,-0.293291,-0.716535,-0.0901946,0.429136
2.92027,-0.120073,-0.818898,0.15552,0.429136
2.92052,0.0840635,-0.574803,0.401563,0.429136
2.92077,0.291303,-0.0787402,0.615207,0.429136
2.92102,0.472498,0.472441,0.768657,0.429136
2.92127,0.601662,0.92126,0.821553,0.429136
2.92152,0.662327,1,0.784,0.429136
2.92177,0.650026,0.889764,0.658895,0.429136
2.92202,0.573302,0.307087,0.49505,0.429136
2.92227,0.450802,-0.527559,0.307742,0.429136
2.92252,0.307252,-1,0.137987,0.429136
2.92277,0.167692,-1,0.000677751,0.429136
2.92302,0.0516609,-1,-0.0889149,0.429136
2.92327,-0.0302031,-1,-0.142364,0.429136
2.92352,-0.0783404,-1,-0.175021,0.429136
2.92377,-0.102379,-1,-0.190385,0.429136
2.92402,-0.118554,-0.480315,-0.200358,0.429136
2.92427,-0.143363,0.661417,-0.24326,0.463575
2.92452,-0.189856,1,-0.309606,0.463575
2.92477,-0.262327,1,-0.407711,0.463575
2.92502,-0.355075,1,-0.512702,0.463575
2.92527,-0.452908,1,-0.608556,0.463575
2.92552,-0.534371,1,-0.649948,0.463575
2.92577,-0.576872,0.787402,-0.622624,0.463575
2.92602,-0.562091,0.0708661,-0.515813,0.463575
2.92628,-0.481311,-0.425197,-0.341326,0.463575
2.92653,-0.337388,-0.590551,-0.0988205,0.463575
2.92678,-0.145872,-0.401575,0.170319,0.463575
2.92703,0.0685108,0.0551181,0.428913,0.463575
2.92728,0.275702,0.637795,0.643987,0.463575
2.92753,0.44755,1,0.77724,0.463575
2.92778,0.561999,1,0.817065,0.463575
2.92803,0.608473,1,0.767373,0.463575
2.92828,0.588799,0.84252,0.650708,0.463575
2.92853,0.516277,0.00787402,0.510259,0.463575
2.92878,0.412053,-1,0.352134,0.463575
2.92903,0.299805,-1,0.217711,0.463575
2.92928,0.200024,-1,0.113106,0.463575
2.92953,0.125626,-1,0.0513854,0.463575
2.92978,0.0792375,-1,0.000912011,0.463575
2.93003,0.05382,-1,-0.0362751,0.463575
2.93028,0.0345952,-1,-0.0777413,0.463575
2.93053,0.00494874,-0.102362,-0.136734,0.463575
2.93078,-0.0498318,0.944882,-0.225455,0.463575
2.93103,-0.136579,1,-0.340586,0.463575
2.93128,-0.252345,1,-0.485775,0.463575
2.93153,-0.383597,1,-0.625467,0.463575
2.93178,-0.509034,1,-0.712201,0.463575
2.93203,-0.603837,0.929134,-0.736071,0.463575
2.93228,-0.645534,0.251969,-0.681352,0.463575
2.93253,-0.619367,-0.251969,-0.547599,0.463575
2.93278,-0.521962,-0.472441,-0.332284,0.463575
2.93303,-0.362911,-0.338583,-0.0595118,0.463575
2.93328,-0.162816,0.102362,0.215688,0.463575
2.93353,0.04994,0.724409,0.468155,0.463575
2.93378,0.246093,1,0.645103,0.463575
2.93403,0.399902,1,0.741087,0.463575
2.93428,0.495398,1,0.754293,0.463575
2.93453,0.5282,1,0.699271,0.463575
2.93478,0.506052,0.677165,0.587858,0.463575
2.93503,0.445773,-0.338583,0.461489,0.463575
2.93528,0.368883,-1,0.341671,0.463575
2.93553,0.295835,-1,0.242691,0.463575
2.93578,0.240892,-1,0.177847,0.463575
2.93603,0.209332,-1,0.149302,0.463575
2.93628,0.196039,-1,0.118465,0.463575
2.93653,0.187915,-1,0.0777769,0.463575
2.93678,0.167647,-0.84252,0.0226554,0.463575
2.93703,0.119156,0.220472,-0.0592146,0.463575
2.93728,0.032128,1,-0.181168,0.463575
2.93753,-0.0935114,1,-0.340451,0.463575
2.93778,-0.247188,1,-0.51773,0.463575
2.93803,-0.40863,1,-0.666755,0.463575
2.93828,-0.552127,0.929134,-0.755417,0.463575
2.93853,-0.651667,0.299213,-0.775259,0.463575
2.93878,-0.686997,-0.212598,-0.698547,0.463575
2.93903,-0.64826,-0.480315,-0.536121,0.463575
2.93928,-0.538209,-0.385827,-0.303033,0.463575
2.93953,-0.372027,0.0314961,-0.045017,0.463575
2.93978,-0.174672,0.692913,0.21697,0.463575
2.94003,0.0252481,1,0.424459,0.463575
2.94028,0.200014,1,0.562102,0.463575
2.94053,0.329527,1,0.629732,0.463575
2.94078,0.40402,1,0.627178,0.463575
2.94103,0.425909,1,0.573505,0.463575
2.94128,0.40748,0.393701,0.484383,0.463575
2.94153,0.36759,-0.740157,0.393689,0.463575
2.94178,0.325826,-1,0.318168,0.463575
2.94203,0.29742,-1,0.283973,0.463575
2.94228,0.289487,-1,0.267587,0.463575
2.94253,0.299012,-1,0.267281,0.463575
2.94278,0.314123,-1,0.254303,0.463575
2.94303,0.316993,-1,0.213164,0.463575
2.94328,0.289835,-0.425197,0.141982,0.463575
2.94353,0.218864,0.488189,0.024797,0.463575
2.94378,0.0999073,1,-0.137332,0.463575
2.94403,-0.0603067,1,-0.330074,0.463575
2.94428,-0.24391,1,-0.527704,0.463575
2.94453,-0.425608,0.913386,-0.693151,0.463575
2.94478,-0.577106,0.188976,-0.779258,0.463575
2.94503,-0.673615,-0.472441,-0.784963,0.463575
2.94528,-0.698895,-0.905512,-0.684409,0.463575
2.94553,-0.648704,-0.992126,-0.507707,0.463575
2.94578,-0.53191,-0.716535,-0.285265,0.463575
2.94603,-0.368424,-0.141732,-0.0536349,0.463575
2.94628,-0.184824,0.559055,0.150857,0.463575
2.94653,-0.00870635,1,0.299689,0.463575
2.94678,0.13672,1,0.378757,0.463575
2.94703,0.237881,1,0.388478,0.463575
2.94728,0.291962,1,0.35695,0.463575
2.94753,0.30736,0.629921,0.301172,0.463575
2.94778,0.29962,-0.299213,0.243639,0.463575
2.94803,0.287406,-1,0.205795,0.463575
2.94828,0.286448,-1,0.212447,0.463575
2.94853,0.305439,-1,0.253403,0.463575
2.94878,0.343401,-1,0.308575,0.463575
2.94903,0.389698,-1,0.367201,0.463575
2.94928,0.42647,-1,0.39297,0.463575
2.94953,0.433962,-0.173228,0.371733,0.463575
2.94978,0.394859,0.724409,0.299641,0.463575
2.95003,0.300288,1,0.159526,0.463575
2.95028,0.152171,1,-0.0293363,0.463575
2.95053,-0.035411,1,-0.242322,0.463575
2.95078,-0.239114,1,-0.443716,0.463575
2.95104,-0.429941,0.464567,-0.59302,0.463575
2.95129,-0.579856,-0.19685,-0.669727,0.463575
2.95154,-0.667066,-0.700787,-0.653965,0.463575
2.95179,-0.680629,-0.889764,-0.564817,0.463575
2.95204,-0.622436,-0.708661,-0.40269,0.463575
2.95229,-0.506689,-0.204724,-0.21747,0.463575
2.95254,-0.356114,0.488189,-0.0474936,0.463575
2.95279,-0.197093,1,0.0925037,0.463575
2.95304,-0.0539388,1,0.177261,0.463575
2.95329,0.0566634,1,0.203213,0.463575
2.95354,0.128045,1,0.199416,0.463575
2.95379,0.16465,1,0.169153,0.463575
2.95404,0.179163,0.141732,0.142106,0.463575
2.95429,0.189021,-0.866142,0.128686,0.463575
2.95454,0.210298,-1,0.154041,0.463575
2.95479,0.253368,-1,0.225168,0.463575
2.95504,0.319296,-1,0.320729,0.463575
2.95529,0.399132,-1,0.420413,0.463575
2.95554,0.475392,-1,0.486928,0.463575
2.95579,0.526604,-0.677165,0.518101,0.463575
2.95604,0.53224,0.244094,0.479751,0.463575
2.95629,0.478114,1,0.371501,0.463575
2.95654,0.360961,1,0.191737,0.463575
2.95679,0.189368,1,-0.0264071,0.463575
2.95704,-0.016364,1,-0.251578,0.463575
2.95729,-0.228785,0.582677,-0.444166,0.463575
2.95754,-0.417747,-0.0708661,-0.580234,0.463575
2.95779,-0.557634,-0.622047,-0.630302,0.463575
2.95804,-0.631165,-0.905512,-0.594385,0.463575
2.95829,-0.633652,-0.826772,-0.49911,0.463575
2.95854,-0.572799,-0.393701,-0.344036,0.463575
2.95879,-0.466827,0.283465,-0.194253,0.463575
2.95904,-0.339381,1,-0.0604541,0.463575
2.95929,-0.214515,1,0.0316901,0.463575
2.95954,-0.110828,1,0.071858,0.463575
2.95979,-0.0380062,1,0.0742918,0.463575
2.96004,0.00509833,1,0.0524812,0.463575
2.96029,0.028578,0.708661,0.0331786,0.463575
2.96054,0.0486834,-0.299213,0.0324918,0.463575
2.96079,0.081901,-1,0.0626581,0.463575
2.96104,0.140419,-1,0.14027,0.463575
2.96129,0.227708,-1,0.256789,0.463575
2.96154,0.337105,-1,0.386334,0.463575
2.96179,0.452053,-1,0.49429,0.463575
2.96204,0.550287,-1,0.56832,0.463575
2.96229,0.608184,-0.204724,0.585391,0.463575
2.96254,0.606755,0.598425,0.523502,0.463575
2.96279,0.536631,1,0.383961,0.463575
2.96304,0.400432,1,0.192175,0.463575
2.96329,0.213456,1,-0.0402884,0.463575
2.96354,0.000334018,0.606299,-0.26081,0.463575
2.96379,-0.208992,-0.0314961,-0.438996,0.463575
2.96404,-0.3861,-0.629921,-0.543746,0.463575
2.96429,-0.509047,-1,-0.557942,0.463575
2.96454,-0.566964,-1,-0.506984,0.463575
2.96479,-0.561171,-0.669291,-0.400496,0.463575
2.96504,-0.504649,-0.00787402,-0.284031,0.463575
2.96529,-0.417462,0.80315,-0.168239,0.463575
2.96554,-0.322372,1,-0.0937193,0.463575
2.96579,-0.238868,1,-0.0616431,0.463575
2.96604,-0.17858,1,-0.0587703,0.463575
2.96629,-0.143369,1,-0.0836252,0.463575
2.96654,-0.125014,1,-0.105956,0.463575
2.96679,-0.108756,0.338583,-0.117078,0.463575
2.96704,-0.077074,-0.692913,-0.0806595,0.463575
2.96729,-0.0162309,-1,-0.00385756,0.463575
2.96754,0.0806111,-1,0.126513,0.463575
2.96779,0.209361,-1,0.287861,0.463575
2.96804,0.355705,-1,0.445558,0.463575
2.96829,0.497285,-1,0.572048,0.463575
2.96854,0.608435,-0.582677,0.637413,0.463575
2.96879,0.665815,0.220472,0.64109,0.463575
2.96904,0.653959,0.834646,0.552651,0.463575
2.96929,0.568958,1,0.393232,0.463575
2.96954,0.41993,1,0.17973,0.463575
2.96979,0.227125,0.574803,-0.0454939,0.463575
2.97004,0.0184978,-0.0393701,-0.244806,0.463575
2.97029,-0.176678,-0.677165,-0.390373,0.463575
2.97054,-0.333126,-1,-0.457506,0.463575
2.97079,-0.434869,-1,-0.465025,0.463575
2.97104,-0.477337,-0.984252,-0.403677,0.463575
2.97129,-0.468176,-0.362205,-0.324993,0.463575
2.97154,-0.423369,0.472441,-0.239505,0.463575
2.97179,-0.36369,1,-0.183093,0.463575
2.97204,-0.30846,1,-0.164507,0.463575
2.97229,-0.270892,1,-0.17916,0.463575
2.97254,-0.254929,1,-0.204985,0.463575
2.97279,-0.254432,1,-0.242111,0.463575
2.97304,-0.255514,0.952756,-0.253759,0.463575
2.97329,-0.240037,-0.0629921,-0.236305,0.463575
2.97354,-0.192006,-1,-0.166702,0.463575
2.97379,-0.101158,-1,-0.038497,0.463575
2.97404,0.0321302,-1,0.136597,0.463575
2.97429,0.196716,-1,0.334109,0.463575
2.97454,0.371288,-1,0.511261,0.463575
2.97479,0.529583,-0.866142,0.641446,0.463575
2.97504,0.644692,-0.0866142,0.692859,0.463575
2.97529,0.695695,0.551181,0.661034,0.463575
2.97554,0.671995,0.913386,0.554876,0.463575
2.9758,0.575772,0.897638,0.37198,0.463575
2.97605,0.42182,0.543307,0.153757,0.463575
2.9763,0.234147,-0.0472441,-0.0649116,0.463575
2.97655,0.041496,-0.708661,-0.234566,0.463575
2.9768,-0.129637,-1,-0.344243,0.463575
2.97705,-0.258991,-1,-0.38772,0.463575
2.9773,-0.337462,-1,-0.373219,0.463575
2.97755,-0.36719,-0.80315,-0.328478,0.463575
2.9778,-0.36042,0.023622,-0.262591,0.463575
2.97805,-0.335139,0.968504,-0.218616,0.463575
2.9783,-0.310255,1,-0.205722,0.463575
2.97855,-0.299899,1,-0.220782,0.463575
2.9788,-0.309846,1,-0.267582,0.463575
2.97905,-0.335976,1,-0.316048,0.463575
2.9793,-0.365209,1,-0.3507,0.463575
2.97955,-0.37899,0.566929,-0.352803,0.463575
2.9798,-0.358664,-0.433071,-0.301331,0.463575
2.98005,-0.290489,-1,-0.194801,0.463575
2.9803,-0.170255,-1,-0.0231386,0.463575
2.98055,-0.00493758,-1,0.177358,0.463575
2.9808,0.186898,-1,0.378742,0.463575
2.98105,0.379586,-1,0.551802,0.463575
2.9813,0.544121,-0.307087,0.662935,0.463575
2.98155,0.65516,0.346457,0.687752,0.463575
2.9818,0.69571,0.771654,0.621447,0.463575
2.98205,0.66107,0.84252,0.483737,0.463575
2.9823,0.559403,0.551181,0.299642,0.463575
2.98255,0.40988,-0.00787402,0.100059,0.463575
2.9828,0.238621,-0.708661,-0.0803374,0.463575
2.98305,0.0722152,-1,-0.210502,0.463575
2.9833,-0.0667534,-1,-0.277571,0.463575
2.98355,-0.165249,-1,-0.28541,0.463575
2.9838,-0.220961,-1,-0.257127,0.463575
2.98405,-0.242275,-0.496063,-0.21865,0.463575
2.9843,-0.24453,0.472441,-0.182344,0.463575
2.98455,-0.245837,1,-0.169705,0.463575
2.9848,-0.260995,1,-0.207662,0.463575
2.98505,-0.297689,1,-0.26379,0.463575
2.9853,-0.353619,1,-0.343465,0.463575
2.98555,-0.41695,1,-0.40557,0.463575
2.9858,-0.468959,1,-0.444811,0.463575
2.98605,-0.488531,0.149606,-0.433172,0.463575
2.9863,-0.45837,-0.755906,-0.359188,0.463575
2.98655,-0.368821,-1,-0.224463,0.463575
2.9868,-0.222153,-1,-0.0258454,0.463575
2.98705,-0.0322832,-1,0.186766,0.463575
2.9873,0.176838,-1,0.398871,0.463575
2.98755,0.376248,-0.401575,0.550274,0.463575
2.9878,0.537146,0.251969,0.633643,0.463575
2.98805,0.637469,0.724409,0.63231,0.463575
2.9883,0.665693,0.874016,0.557528,0.463575
2.98855,0.623226,0.653543,0.413058,0.463575
2.9888,0.523462,0.102362,0.242234,0.463575
2.98905,0.388605,-0.622047,0.0828728,0.463575
2.9893,0.243892,-1,-0.0451995,0.463575
2.98955,0.112787,-1,-0.124487,0.463575
2.9898,0.0111162,-1,-0.147274,0.463575
2.99005,-0.0551378,-1,-0.13872,0.463575
2.9903,-0.0910996,-1,-0.113918,0.463575
2.99055,-0.109436,-0.125984,-0.0888821,0.463575
2.9908,-0.127469,0.913386,-0.0926995,0.463575
2.99105,-0.16067,1,-0.125794,0.463575
2.9913,-0.21871,1,-0.20453,0.463575
2.99155,-0.301439,1,-0.317141,0.463575
2.9918,-0.39882,1,-0.419725,0.463575
2.99205,-0.492292,1,-0.499279,0.463575
2.9923,-0.559115,0.685039,-0.539013,0.463575
2.99255,-0.578204,-0.228346,-0.512159,0.463575
2.9928,-0.53472,-0.976378,-0.407474,0.463575
2.99305,-0.424978,-1,-0.238153,0.463575
2.9933,-0.257518,-1,-0.0230252,0.463575
2.99355,-0.0524913,-1,0.200525,0.463575
2.9938,0.162548,-0.440945,0.388293,0.463575
2.99405,0.357383,0.204724,0.529723,0.463575
2.9943,0.50601,0.732283,0.587819,0.463575
2.99455,0.591054,0.96063,0.556808,0.463575
2.9948,0.607391,0.818898,0.468476,0.463575
2.99505,0.562146,0.330709,0.339247,0.463575
2.9953,0.472752,-0.409449,0.204357,0.463575
2.99555,0.362219,-1,0.0904644,0.463575
2.9958,0.25325,-1,0.0193017,0.463575
2.99605,0.163666,-1,-0.0112087,0.463575
2.9963,0.101881,-1,-0.0046926,0.463575
2.99655,0.0661373,-1,0.0271815,0.463575
2.9968,0.0454766,-0.771654,0.0428624,0.463575
2.99705,0.0238365,0.275591,0.036738,0.463575
2.9973,-0.0155465,1,-0.00871636,0.463575
2.99755,-0.0840862,1,-0.0904911,0.463575
2.9978,-0.184705,1,-0.228645,0.463575
2.99805,-0.309489,1,-0.373173,0.463575
2.9983,-0.44117,1,-0.499997,0.463575
2.99855,-0.556024,1,-0.58788,0.463575
2.9988,-0.629834,0.23622,-0.620236,0.463575
2.99905,-0.642832,-0.543307,-0.56826,0.463575
2.9993,-0.584933,-1,-0.442302,0.463575
2.99955,-0.458432,-1,-0.248217,0.463575
2.9998,-0.278232,-0.937008,-0.0194583,0.463575
3.00005,-0.0687663,-0.409449,0.203754,0.463575
3.0003,0.140198,0.220472,0.381666,0.463575
3.00056,0.320387,0.779528,0.485398,0.463575
3.00081,0.449732,1,0.518535,0.463575
3.00106,0.517391,1,0.483401,0.463575
3.00131,0.524313,0.622047,0.39497,0.463575
3.00156,0.482882,-0.102362,0.290936,0.463575
3.00181,0.412656,-0.968504,0.196124,0.463575
3.00206,0.335162,-1,0.139407,0.463575
3.00231,0.268828,-1,0.11308,0.463575
3.00256,0.224176,-1,0.12955,0.463575
3.00281,0.201834,-1,0.149385,0.463575
3.00306,0.19279,-1,0.174741,0.463575
3.00331,0.181606,-0.393701,0.165873,0.463575
3.00356,0.150567,0.669291,0.129402,0.463575
3.00381,0.0858027,1,0.0420402,0.463575
3.00406,-0.0188989,1,-0.0937503,0.463575
3.00431,-0.158828,1,-0.266803,0.463575
3.00456,-0.31894,1,-0.435236,0.463575
3.00481,-0.47568,1,-0.570896,0.463575
3.00506,-0.602796,0.598425,-0.651385,0.463575
3.00531,-0.676024,-0.173228,-0.659403,0.463575
3.00556,-0.679183,-0.748031,-0.582572,0.463575
3.00581,-0.607841,-0.984252,-0.428438,0.463575
3.00606,-0.470513,-0.84252,-0.215406,0.463575
3.00631,-0.287153,-0.385827,0.00498962,0.463575
3.00656,-0.0849368,0.23622,0.20782,0.463575
3.00681,0.106881,0.850394,0.354055,0.463575
3.00706,0.263645,1,0.426167,0.463575
3.00731,0.369292,1,0.436483,0.463575
3.00756,0.419662,1,0.387853,0.463575
3.00781,0.421676,0.314961,0.322244,0.463575
3.00806,0.391422,-0.574803,0.250541,0.463575
3.00831,0.348352,-1,0.20092,0.463575
3.00856,0.310991,-1,0.19067,0.463575
3.00881,0.291344,-1,0.204998,0.463575
3.00906,0.292001,-1,0.250178,0.463575
3.00931,0.305907,-1,0.285712,0.463575
3.00956,0.318029,-1,0.296314,0.463575
3.00981,0.309734,0,0.272518,0.463575
3.01006,0.264445,1,0.199995,0.463575
3.01031,0.172174,1,0.0674953,0.463575
3.01056,0.0335283,1,-0.106429,0.463575
3.01081,-0.139826,1,-0.313352,0.463575
3.01106,-0.325991,1,-0.489461,0.463575
3.01131,-0.497717,0.834646,-0.61707,0.463575
3.01156,-0.627643,0.0787402,-0.68649,0.463575
3.01181,-0.69411,-0.519685,-0.664482,0.463575
3.01206,-0.685822,-0.826772,-0.556691,0.463575
3.01231,-0.604468,-0.771654,-0.382203,0.463575
3.01256,-0.464108,-0.370079,-0.175482,0.463575
3.01281,-0.288178,0.244094,0.0332489,0.463575
3.01306,-0.10468,0.913386,0.1933,0.463575
3.01331,0.0602701,1,0.301122,0.463575
3.01356,0.187179,1,0.345912,0.463575
3.01381,0.267243,1,0.334095,0.463575
3.01406,0.302646,0.818898,0.296809,0.463575
3.01431,0.305747,-0.0629921,0.244936,0.463575
3.01456,0.293754,-1,0.206415,0.463575
3.01481,0.284886,-1,0.204817,0.463575
3.01506,0.292179,-1,0.230754,0.463575
3.01531,0.320246,-1,0.286509,0.463575
3.01556,0.363682,-1,0.339676,0.463575
3.01581,0.408226,-1,0.377835,0.463575
3.01606,0.434582,-0.637795,0.383626,0.463575
3.01631,0.423182,0.370079,0.339669,0.463575
3.01656,0.36013,1,0.236283,0.463575
3.01681,0.240899,1,0.0656324,0.463575
3.01706,0.073052,1,-0.136761,0.463575
3.01731,-0.125056,1,-0.346268,0.463575
3.01756,-0.326569,0.952756,-0.513122,0.463575
3.01781,-0.502653,0.244094,-0.62796,0.463575
3.01806,-0.62701,-0.370079,-0.658836,0.463575
3.01831,-0.682337,-0.748031,-0.606358,0.463575
3.01856,-0.663247,-0.76378,-0.483148,0.463575
3.01881,-0.577269,-0.425197,-0.303553,0.463575
3.01906,-0.442956,0.181102,-0.1228,0.463575
3.01931,-0.285447,0.905512,0.0505745,0.463575
3.01956,-0.130806,1,0.164971,0.463575
3.01981,-0.00052894,1,0.223757,0.463575
3.02006,0.0929615,1,0.231033,0.463575
3.02031,0.147801,1,0.206126,0.463575
3.02056,0.172839,0.527559,0.179067,0.463575
3.02081,0.183064,-0.488189,0.150366,0.463575
3.02106,0.196214,-1,0.14993,0.463575
3.02131,0.226275,-1,0.183111,0.463575
3.02156,0.279945,-1,0.258559,0.463575
3.02181,0.353637,-1,0.352052,0.463575
3.02206,0.434431,-1,0.426869,0.463575
3.02231,0.502448,-1,0.469798,0.463575
3.02256,0.535782,-0.228346,0.468824,0.463575
3.02281,0.516221,0.669291,0.406238,0.463575
3.02306,0.433967,1,0.266764,0.463575
3.02331,0.291028,1,0.0803849,0.463575
3.02356,0.101272,1,-0.138096,0.463575
3.02381,-0.110946,0.952756,-0.343784,0.463575
3.02406,-0.316693,0.307087,-0.509609,0.463575
3.02431,-0.48678,-0.314961,-0.602175,0.380757
3.02456,-0.59883,-0.740157,-0.608901,0.380757
3.02481,-0.640849,-0.834646,-0.534449,0.380757
3.02506,-0.613775,-0.551181,-0.401221,0.380757
3.02532,-0.530302,0.0314961,-0.249191,0.380757
3.02557,-0.411717,0.787402,-0.103701,0.380757
3.02582,-0.282732,1,0.00880457,0.380757
3.02607,-0.165314,1,0.0734172,0.380757
3.02632,-0.0747244,1,0.0914109,0.380757
3.02657,-0.015705,1,0.0858029,0.380757
3.02682,0.0169535,1,0.0572052,0.380757
3.02707,0.0369699,0.149606,0.0423851,0.380757
3.02732,0.0608558,-0.92126,0.0410604,0.380757
3.02757,0.1042,-1,0.0930802,0.380757
3.02782,0.175532,-1,0.185667,0.380757
3.02807,0.274033,-1,0.305342,0.380757
3.02832,0.388348,-1,0.414756,0.380757
3.02857,0.498942,-1,0.51265,0.380757
3.02882,0.582125,-0.732283,0.551404,0.380757
3.02907,0.615627,0.165354,0.5342,0.380757
3.02932,0.584415,0.88189,0.447124,0.380757
3.02957,0.484083,1,0.28849,0.380757
3.02982,0.322889,1,0.0734455,0.380757
3.03007,0.121039,0.88189,-0.147659,0.380757
3.03032,-0.0942019,0.283465,-0.348213,0.380757
3.03057,-0.292545,-0.338583,-0.479533,0.380757
3.03082,-0.447956,-0.818898,-0.54347,0.380757
3.03107,-0.542803,-1,-0.524391,0.380757
3.03132,-0.571761,-0.795276,-0.449981,0.380757
3.03157,-0.541419,-0.23622,-0.331221,0.380757
3.03182,-0.468555,0.551181,-0.215991,0.380757
3.03207,-0.375178,1,-0.115391,0.380757
3.03232,-0.283216,1,-0.0616337,0.380757
3.03257,-0.2091,1,-0.0524514,0.380757
3.03282,-0.160255,1,-0.0641667,0.380757
3.03307,-0.134039,1,-0.0870716,0.380757
3.03332,-0.118566,0.834646,-0.100247,0.380757
3.03357,-0.0976586,-0.244094,-0.0928456,0.380757
3.03382,-0.0544813,-1,-0.0466755,0.380757
3.03407,0.021993,-1,0.0568902,0.380757
3.03432,0.134069,-1,0.197702,0.380757
3.03457,0.272907,-1,0.358377,0.380757
3.03482,0.420298,-1,0.501132,0.380757
3.03507,0.551611,-1,0.598443,0.380757
3.03532,0.641485,-0.259843,0.638264,0.380757
3.03557,0.669629,0.488189,0.600538,0.380757
3.03582,0.625193,0.952756,0.477344,0.380757
3.03607,0.510102,1,0.288682,0.380757
3.03632,0.338719,0.779528,0.0653091,0.380757
3.03657,0.135331,0.23622,-0.156103,0.380757
3.03682,-0.0709748,-0.393701,-0.325565,0.380757
3.03707,-0.251693,-0.929134,-0.440034,0.380757
3.03732,-0.385375,-1,-0.474405,0.380757
3.03757,-0.460741,-1,-0.444115,0.380757
3.03782,-0.478932,-0.606299,-0.375196,0.380757
3.03807,-0.45156,0.173228,-0.288142,0.380757
3.03832,-0.397625,1,-0.217134,0.380757
3.03857,-0.337832,1,-0.16936,0.380757
3.03882,-0.28924,1,-0.162197,0.380757
3.03907,-0.261338,1,-0.179221,0.380757
3.03932,-0.253549,1,-0.207467,0.380757
3.03957,-0.255694,1,-0.229763,0.380757
3.03982,-0.251804,0.464567,-0.227926,0.380757
3.04007,-0.223703,-0.614173,-0.183842,0.380757
3.04032,-0.157505,-1,-0.0889554,0.380757
3.04057,-0.0471943,-1,0.0582844,0.380757
3.04082,0.101873,-1,0.243957,0.380757
3.04107,0.273971,-1,0.422084,0.380757
3.04132,0.444811,-1,0.571329,0.380757
3.04157,0.587069,-0.590551,0.657937,0.380757
3.04182,0.67598,0.15748,0.667576,0.380757
3.04207,0.694612,0.685039,0.60329,0.380757
3.04232,0.63788,0.874016,0.446152,0.380757
3.04257,0.513676,0.685039,0.251529,0.380757
3.04282,0.341617,0.19685,0.0309808,0.380757
3.04307,0.148112,-0.440945,-0.165922,0.380757
3.04332,-0.0380456,-1,-0.309206,0.380757
3.04357,-0.192669,-1,-0.382935,0.380757
3.04382,-0.299991,-1,-0.40064,0.380757
3.04407,-0.356055,-1,-0.367214,0.380757
3.04432,-0.367637,-0.291339,-0.306875,0.380757
3.04457,-0.350338,0.653543,-0.246855,0.380757
3.04482,-0.323143,1,-0.214394,0.380757
3.04507,-0.303337,1,-0.214834,0.380757
3.04532,-0.30181,1,-0.241172,0.380757
3.04557,-0.320003,1,-0.284931,0.380757
3.04582,-0.349459,1,-0.320684,0.380757
3.04607,-0.374248,1,-0.338362,0.380757
3.04632,-0.375195,0.0551181,-0.313374,0.380757
3.04657,-0.334949,-0.937008,-0.235597,0.380757
3.04682,-0.243724,-1,-0.106834,0.380757
3.04707,-0.101974,-1,0.0743816,0.380757
3.04732,0.0778063,-1,0.276577,0.380757
3.04757,0.273627,-1,0.466688,0.380757
3.04782,0.45732,-0.76378,0.599436,0.380757
3.04807,0.60096,-0.0393701,0.666282,0.380757
3.04832,0.682304,0.511811,0.654187,0.380757
3.04857,0.6895,0.76378,0.552078,0.380757
3.04882,0.623525,0.645669,0.389944,0.380757
3.04907,0.497919,0.19685,0.189831,0.380757
3.04932,0.3354,-0.456693,-0.00475585,0.380757
3.04957,0.163116,-1,-0.158605,0.380757
3.04982,0.0064923,-1,-0.257482,0.380757
3.05008,-0.115554,-1,-0.303158,0.380757
3.05033,-0.19482,-1,-0.298047,0.380757
3.05058,-0.233725,-0.858268,-0.257932,0.380757
3.05083,-0.244497,0.0787402,-0.215984,0.380757
3.05108,-0.244236,1,-0.188572,0.380757
3.05133,-0.250174,1,-0.186608,0.380757
3.05158,-0.274424,1,-0.231428,0.380757
3.05183,-0.320502,1,-0.295099,0.380757
3.05208,-0.381609,1,-0.359668,0.380757
3.05233,-0.442486,1,-0.409774,0.380757
3.05258,-0.482773,0.708661,-0.418304,0.380757
3.05283,-0.482193,-0.299213,-0.376391,0.380757
3.05308,-0.426391,-1,-0.27915,0.380757
3.05333,-0.310619,-1,-0.118752,0.380757
3.05358,-0.142537,-1,0.0858163,0.380757
3.05383,0.0592985,-1,0.293046,0.380757
3.05408,0.26779,-0.826772,0.472343,0.380757
3.05433,0.453444,-0.149606,0.592901,0.380757
3.05458,0.589799,0.425197,0.63245,0.380757
3.05483,0.659019,0.740157,0.589356,0.380757
3.05508,0.655102,0.692913,0.475301,0.380757
3.05533,0.585163,0.291339,0.306724,0.380757
3.05558,0.466823,-0.362205,0.14218,0.380757
3.05583,0.324399,-1,-0.0141522,0.380757
3.05608,0.183201,-1,-0.111367,0.380757
3.05633,0.0636429,-1,-0.167484,0.380757
3.05658,-0.0224372,-1,-0.173528,0.380757
3.05683,-0.0742114,-1,-0.150398,0.380757
3.05708,-0.100323,-0.566929,-0.121493,0.380757
3.05733,-0.11654,0.503937,-0.107382,0.380757
3.05758,-0.139516,1,-0.117634,0.380757
3.05783,-0.183043,1,-0.162677,0.380757
3.05808,-0.252535,1,-0.249674,0.380757
3.05833,-0.34359,1,-0.351022,0.380757
3.05858,-0.441783,1,-0.439486,0.380757
3.05883,-0.526374,1,-0.491111,0.380757
3.05908,-0.574543,0.275591,-0.504187,0.380757
3.05933,-0.567208,-0.606299,-0.445729,0.380757
3.05958,-0.494265,-1,-0.31599,0.380757
3.05983,-0.357306,-1,-0.130127,0.380757
3.06008,-0.170148,-1,0.0905102,0.380757
3.06033,0.0429384,-0.795276,0.297646,0.380757
3.06058,0.252634,-0.15748,0.463845,0.380757
3.06083,0.429873,0.425197,0.550968,0.380757
3.06108,0.551969,0.80315,0.568891,0.380757
3.06133,0.606542,0.834646,0.509227,0.380757
3.06158,0.59422,0.496063,0.393035,0.380757
3.06183,0.526917,-0.149606,0.258715,0.380757
3.06208,0.425197,-0.96063,0.124671,0.380757
3.06233,0.312714,-1,0.0340921,0.380757
3.06258,0.210612,-1,-0.0174165,0.380757
3.06283,0.132872,-1,-0.0312272,0.380757
3.06308,0.0833691,-1,-0.0182478,0.380757
3.06333,0.0561392,-1,0.00877415,0.380757
3.06358,0.0371385,-0.204724,0.0237104,0.380757
3.06383,0.00949667,0.897638,0.00966181,0.380757
3.06408,-0.0417918,1,-0.0497447,0.380757
3.06433,-0.124707,1,-0.152401,0.380757
3.06458,-0.237625,1,-0.281018,0.380757
3.06483,-0.367978,1,-0.418906,0.380757
3.06508,-0.495372,1,-0.524492,0.380757
3.06533,-0.59504,0.779528,-0.57338,0.380757
3.06558,-0.643949,-0.0944882,-0.564117,0.380757
3.06583,-0.626187,-0.787402,-0.485581,0.380757
3.06608,-0.536922,-1,-0.327164,0.380757
3.06633,-0.384249,-1,-0.120004,0.380757
3.06658,-0.187611,-0.708661,0.101953,0.380757
3.06683,0.0251968,-0.110236,0.294376,0.380757
3.06708,0.224786,0.488189,0.440996,0.380757
3.06733,0.384623,0.929134,0.508148,0.380757
3.06758,0.487464,1,0.492816,0.380757
3.06783,0.527455,0.795276,0.427234,0.380757
3.06808,0.511047,0.181102,0.328177,0.380757
3.06833,0.45417,-0.653543,0.227745,0.380757
3.06858,0.378104,-1,0.152673,0.380757
3.06883,0.303661,-1,0.108735,0.380757
3.06908,0.246145,-1,0.100561,0.380757
3.06933,0.211901,-1,0.118895,0.380757
3.06958,0.197097,-1,0.14195,0.380757
3.06983,0.189225,-0.937008,0.16166,0.380757
3.07008,0.17132,0.165354,0.144918,0.380757
3.07033,0.126731,1,0.0918533,0.380757
3.07058,0.0445727,1,-0.0146418,0.380757
3.07083,-0.0769633,1,-0.163532,0.380757
3.07108,-0.228148,1,-0.335717,0.380757
3.07133,-0.390029,1,-0.495715,0.380757
3.07158,-0.537005,1,-0.601857,0.380757
3.07183,-0.642962,0.291339,-0.647601,0.380757
3.07208,-0.686615,-0.417323,-0.618582,0.380757
3.07233,-0.656697,-0.850394,-0.507533,0.380757
3.07258,-0.554474,-0.913386,-0.3194,0.380757
3.07283,-0.393752,-0.614173,-0.10593,0.380757
3.07308,-0.198611,-0.0551181,0.112598,0.380757
3.07333,0.00254203,0.574803,0.29253,0.380757
3.07358,0.181495,1,0.39628,0.380757
3.07383,0.31708,1,0.438945,0.380757
3.07408,0.398096,1,0.429784,0.380757
3.07433,0.425764,0.614173,0.370383,0.380757
3.07458,0.411173,-0.220472,0.297209,0.380757
3.07484,0.372762,-1,0.232172,0.380757
3.07509,0.330237,-1,0.194989,0.380757
3.07534,0.299749,-1,0.19284,0.380757
3.07559,0.289357,-1,0.214957,0.380757
3.07584,0.297287,-1,0.244787,0.380757
3.07609,0.312588,-1,0.270784,0.380757
3.07634,0.317858,-0.559055,0.266288,0.380757
3.07659,0.295096,0.527559,0.22492,0.380757
3.07684,0.229707,1,0.131025,0.380757
3.07709,0.116285,1,-0.0225783,0.380757
3.07734,-0.0398084,1,-0.212623,0.380757
3.07759,-0.221857,1,-0.395617,0.380757
3.07784,-0.405251,1,-0.547115,0.380757
3.07809,-0.5617,0.559055,-0.645598,0.380757
3.07834,-0.665735,-0.141732,-0.67138,0.380757
3.07859,-0.699876,-0.622047,-0.601823,0.380757
3.07884,-0.658359,-0.76378,-0.464448,0.380757
3.07909,-0.548557,-0.527559,-0.264531,0.380757
3.07934,-0.389172,-0.00787402,-0.0570022,0.380757
3.07959,-0.206559,0.645669,0.127403,0.380757
3.07984,-0.0283254,1,0.267382,0.380757
3.08009,0.121745,1,0.345728,0.380757
3.08034,0.228335,1,0.359874,0.380757
3.08059,0.287867,1,0.33344,0.380757
3.08084,0.307019,0.314961,0.283907,0.380757
3.08109,0.301135,-0.685039,0.23269,0.380757
3.08134,0.288469,-1,0.20965,0.380757
3.08159,0.28562,-1,0.216064,0.380757
3.08184,0.302098,-1,0.246787,0.380757
3.08209,0.338207,-1,0.296703,0.380757
3.08234,0.384337,-1,0.338103,0.380757
3.08259,0.423256,-1,0.36324,0.380757
3.08284,0.435206,-0.15748,0.346622,0.380757
3.08309,0.402244,0.834646,0.273518,0.380757
3.08334,0.314341,1,0.145161,0.380757
3.08359,0.172017,1,-0.033857,0.380757
3.08384,-0.0119721,1,-0.236031,0.380757
3.08409,-0.215233,1,-0.422949,0.380757
3.08434,-0.409091,0.692913,-0.565188,0.380757
3.08459,-0.565186,0,-0.63719,0.380757
3.08484,-0.660528,-0.511811,-0.627633,0.380757
3.08509,-0.682923,-0.708661,-0.541722,0.380757
3.08534,-0.632655,-0.543307,-0.385936,0.380757
3.08559,-0.522537,-0.0472441,-0.205655,0.380757
3.08584,-0.374792,0.629921,-0.0204984,0.380757
3.08609,-0.215404,1,0.120287,0.380757
3.08634,-0.0693307,1,0.213316,0.380757
3.08659,0.0456751,1,0.254304,0.380757
3.08684,0.121644,1,0.244585,0.380757
3.08709,0.16182,0.937008,0.212114,0.380757
3.08734,0.178063,-0.0472441,0.17034,0.380757
3.08759,0.187569,-1,0.151286,0.380757
3.08784,0.206803,-1,0.160136,0.380757
3.08809,0.247047,-1,0.217303,0.380757
3.08834,0.310547,-1,0.289173,0.380757
3.08859,0.389514,-1,0.372629,0.380757
3.08884,0.467265,-1,0.428677,0.380757
3.08909,0.52257,-0.787402,0.45436,0.380757
3.08934,0.534476,0.204724,0.420852,0.380757
3.08959,0.487889,1,0.330381,0.380757
3.08984,0.37782,1,0.165208,0.380757
3.09009,0.21193,1,-0.0327433,0.380757
3.09034,0.00877668,1,-0.243882,0.380757
3.09059,-0.204318,0.700787,-0.427823,0.380757
3.09084,-0.397683,0.0472441,-0.549551,0.380757
3.09109,-0.54431,-0.488189,-0.600087,0.380757
3.09134,-0.626231,-0.748031,-0.566886,0.380757
3.09159,-0.636882,-0.645669,-0.458617,0.380757
3.09184,-0.582742,-0.188976,-0.308999,0.380757
3.09209,-0.480937,0.503937,-0.162011,0.380757
3.09234,-0.354689,1,-0.0214539,0.380757
3.09259,-0.2284,1,0.064939,0.380757
3.09284,-0.121507,1,0.106318,0.380757
3.09309,-0.0449041,1,0.111183,0.380757
3.09334,0.00133473,1,0.0959428,0.380757
3.09359,0.026349,0.637795,0.0662212,0.380757
3.09384,0.0459629,-0.456693,0.0485317,0.380757
3.09409,0.0768689,-1,0.0695983,0.380757
3.09434,0.132028,-1,0.131926,0.380757
3.09459,0.21606,-1,0.224347,0.380757
3.09484,0.323544,-1,0.336132,0.380757
3.09509,0.439003,-1,0.440107,0.380757
3.09534,0.540373,-1,0.511045,0.380757
3.09559,0.60414,-0.338583,0.532512,0.380757
3.09584,0.610403,0.511811,0.479175,0.380757
3.09609,0.548464,1,0.361159,0.380757
3.09634,0.419492,1,0.181273,0.380757
3.09659,0.237367,1,-0.037526,0.380757
3.09684,0.0258086,0.622047,-0.240203,0.380757
3.09709,-0.185514,0,-0.410733,0.380757
3.09734,-0.367732,-0.566929,-0.506954,0.380757
3.09759,-0.49786,-0.889764,-0.528633,0.380757
3.09784,-0.563612,-0.866142,-0.482517,0.380757
3.09809,-0.564839,-0.456693,-0.385363,0.380757
3.09834,-0.513352,0.244094,-0.260908,0.380757
3.09859,-0.428573,1,-0.149959,0.380757
3.09884,-0.333289,1,-0.0796141,0.380757
3.09909,-0.247625,1,-0.0421178,0.380757
3.09934,-0.184302,1,-0.0325509,0.380757
3.0996,-0.146386,1,-0.0540983,0.380757
3.09985,-0.126826,1,-0.0786673,0.380757
3.1001,-0.111118,0.283465,-0.0841005,0.380757
3.10035,-0.0822663,-0.850394,-0.0663137,0.380757
3.1006,-0.0252094,-1,0.0018791,0.380757
3.10085,0.0672878,-1,0.115308,0.380757
3.1011,0.192923,-1,0.264975,0.380757
3.10135,0.338262,-1,0.411648,0.380757
3.1016,0.481694,-1,0.523103,0.380757
3.10185,0.59773,-0.795276,0.601459,0.380757
3.1021,0.662444,0.0472441,0.599136,0.380757
3.10235,0.659191,0.700787,0.525752,0.380757
3.1026,0.582575,1,0.373315,0.380757
3.10285,0.440224,0.929134,0.169216,0.380757
3.1031,0.251216,0.519685,-0.0541944,0.380757
3.10335,0.0429105,-0.0708661,-0.251865,0.380757
3.1036,-0.155296,-0.669291,-0.38801,0.380757
3.10385,-0.31735,-1,-0.458568,0.380757
3.1041,-0.426015,-1,-0.461483,0.380757
3.10435,-0.475279,-0.818898,-0.415135,0.380757
3.1046,-0.471505,-0.141732,-0.331263,0.380757
3.10485,-0.429838,0.748031,-0.239554,0.380757
3.1051,-0.370831,1,-0.182244,0.380757
3.10535,-0.314223,1,-0.152274,0.380757
3.1056,-0.274181,1,-0.149461,0.380757
3.10585,-0.255789,1,-0.175049,0.380757
3.1061,-0.254064,1,-0.19812,0.380757
3.10635,-0.255866,1,-0.214096,0.380757
3.1066,-0.24333,-0.102362,-0.19539,0.380757
3.10685,-0.199754,-1,-0.13652,0.380757
3.1071,-0.114146,-1,-0.018013,0.380757
3.10735,0.0145032,-1,0.137038,0.380757
3.1076,0.176346,-1,0.32286,0.380757
3.10785,0.351036,-1,0.478618,0.380757
3.1081,0.512704,-1,0.601433,0.380757
3.10835,0.634139,-0.283465,0.659524,0.380757
3.1086,0.693478,0.377953,0.63049,0.380757
3.10885,0.678711,0.755906,0.522559,0.380757
3.1091,0.590485,0.76378,0.344489,0.380757
3.10935,0.442222,0.417323,0.136371,0.380757
3.1096,0.25706,-0.15748,-0.0766193,0.380757
3.10985,0.0635337,-0.787402,-0.246179,0.380757
3.1101,-0.111252,-1,-0.359611,0.380757
3.11035,-0.246346,-1,-0.414272,0.380757
3.1106,-0.330811,-1,-0.403017,0.380757
3.11085,-0.365832,-0.629921,-0.351201,0.380757
3.1111,-0.362493,0.259843,-0.291284,0.380757
3.11135,-0.338449,1,-0.233405,0.380757
3.1116,-0.312616,1,-0.21436,0.380757
3.11185,-0.300079,1,-0.212334,0.380757
3.1121,-0.307679,1,-0.249441,0.380757
3.11235,-0.332409,1,-0.274811,0.380757
3.1126,-0.36217,1,-0.308258,0.380757
3.11285,-0.378778,0.629921,-0.300596,0.380757
3.1131,-0.363322,-0.456693,-0.25848,0.380757
3.11335,-0.301218,-1,-0.167145,0.380757
3.1136,-0.186986,-1,-0.0111324,0.380757
3.11385,-0.0262127,-1,0.175534,0.380757
3.1141,0.163717,-1,0.36636,0.380757
3.11435,0.357819,-1,0.522633,0.380757
3.1146,0.527095,-0.488189,0.624163,0.380757
3.11485,0.645527,0.173228,0.654547,0.380757
3.1151,0.694867,0.598425,0.595518,0.380757
3.11535,0.668906,0.677165,0.463887,0.380757
3.1156,0.574312,0.377953,0.275157,0.380757
3.11585,0.429152,-0.181102,0.0825205,0.380757
3.1161,0.258946,-0.866142,-0.103738,0.380757
3.11635,0.0907352,-1,-0.228934,0.380757
3.1166,-0.0523497,-1,-0.304395,0.380757
3.11685,-0.155959,-1,-0.316535,0.380757
3.1171,-0.21638,-1,-0.29911,0.380757
3.11735,-0.241123,-0.338583,-0.255387,0.380757
3.1176,-0.244673,0.700787,-0.20797,0.380757
3.11785,-0.245219,1,-0.185369,0.380757
3.1181,-0.25816,1,-0.199979,0.380757
3.11835,-0.292238,1,-0.248497,0.380757
3.1186,-0.346335,1,-0.306004,0.380757
3.11885,-0.409668,1,-0.360997,0.380757
3.1191,-0.464103,1,-0.391366,0.380757
3.11935,-0.488503,0.228346,-0.380508,0.380757
3.1196,-0.464903,-0.740157,-0.314788,0.380757
3.11985,-0.382582,-1,-0.194291,0.380757
3.1201,-0.242032,-1,-0.010743,0.380757
3.12035,-0.056283,-1,0.189766,0.380757
3.1206,0.152145,-1,0.3826,0.380757
3.12085,0.354159,-0.559055,0.522963,0.380757
3.1211,0.521007,0.0787402,0.610404,0.380757
3.12135,0.629252,0.543307,0.602873,0.380757
3.1216,0.666192,0.677165,0.526034,0.380757
3.12185,0.631559,0.440945,0.383948,0.380757
3.1221,0.537523,-0.102362,0.210165,0.380757
3.12235,0.405401,-0.826772,0.0505472,0.380757
3.1226,0.26062,-1,-0.0814573,0.380757
3.12285,0.126907,-1,-0.163866,0.380757
3.1231,0.0212424,-1,-0.190389,0.380757
3.12335,-0.0491177,-1,-0.187987,0.380757
3.1236,-0.0881186,-1,-0.1526,0.380757
3.12385,-0.107653,0.015748,-0.123021,0.380757
3.1241,-0.124844,1,-0.110403,0.380757
3.12436,-0.15559,1,-0.131228,0.338016
3.12461,-0.210514,1,-0.198527,0.338016
3.12486,-0.290653,1,-0.280975,0.338016
3.12511,-0.387139,1,-0.371816,0.338016
3.12536,-0.482207,1,-0.445864,0.338016
3.12561,-0.553337,0.84252,-0.482644,0.338016
3.12586,-0.578995,-0.133858,-0.462789,0.338016
3.12611,-0.543306,-0.937008,-0.37116,0.338016
3.12636,-0.44117,-1,-0.21668,0.338016
3.12661,-0.279583,-1,-0.01999,0.338016
3.12686,-0.0777233,-1,0.192133,0.338016
3.12711,0.137721,-0.519685,0.375054,0.338016
3.12736,0.336407,0.110236,0.509017,0.338016
3.12761,0.491621,0.598425,0.557721,0.338016
3.12786,0.584636,0.80315,0.538035,0.338016
3.12811,0.608926,0.622047,0.444652,0.338016
3.12836,0.570182,0.102362,0.308477,0.338016
3.12861,0.484855,-0.653543,0.173533,0.338016
3.12886,0.375574,-1,0.0562461,0.338016
3.12911,0.265339,-1,-0.0183142,0.338016
3.12936,0.172829,-1,-0.0446243,0.338016
3.12961,0.107653,-1,-0.0499733,0.338016
3.12986,0.0692599,-1,-0.0271229,0.338016
3.13011,0.0477182,-0.732283,0.00457663,0.338016
3.13036,0.0269892,0.401575,0.0111189,0.338016
3.13061,-0.00945902,1,-0.0137023,0.338016
3.13086,-0.0743273,1,-0.0926677,0.338016
3.13111,-0.171283,1,-0.201262,0.338016
3.13136,-0.29403,1,-0.336036,0.338016
3.13161,-0.426013,1,-0.451767,0.338016
3.13186,-0.544262,1,-0.533511,0.338016
3.13211,-0.624007,0.393701,-0.56583,0.338016
3.13236,-0.644889,-0.425197,-0.521529,0.338016
3.13261,-0.595471,-0.976378,-0.410039,0.338016
3.13286,-0.476442,-1,-0.229917,0.338016
3.13311,-0.301504,-0.937008,-0.0173914,0.338016
3.13336,-0.0939793,-0.433071,0.190078,0.338016
3.13361,0.116587,0.181102,0.363056,0.338016
3.13386,0.301489,0.716535,0.466695,0.338016
3.13411,0.437613,1,0.497129,0.338016
3.13436,0.51273,0.905512,0.461605,0.338016
3.13461,0.526345,0.433071,0.371978,0.338016
3.13486,0.489695,-0.322835,0.271641,0.338016
3.13511,0.421725,-1,0.174945,0.338016
3.13536,0.344009,-1,0.12048,0.338016
3.13561,0.275625,-1,0.0918018,0.338016
3.13586,0.228178,-1,0.0949408,0.338016
3.13611,0.203504,-1,0.122344,0.338016
3.13636,0.193604,-1,0.137718,0.338016
3.13661,0.183603,-0.362205,0.149752,0.338016
3.13686,0.155733,0.779528,0.124655,0.338016
3.13711,0.0954884,1,0.0424378,0.338016
3.13736,-0.00456701,1,-0.0866987,0.338016
3.13761,-0.140928,1,-0.235561,0.338016
3.13786,-0.299762,1,-0.397742,0.338016
3.13811,-0.458339,1,-0.526567,0.338016
3.13836,-0.590214,0.779528,-0.614755,0.338016
3.13861,-0.670818,-0.023622,-0.620188,0.338016
3.13886,-0.68271,-0.629921,-0.556097,0.338016
3.13911,-0.619947,-0.88189,-0.412633,0.338016
3.13936,-0.489544,-0.755906,-0.216253,0.338016
3.13961,-0.310282,-0.314961,0.00380655,0.338016
3.13986,-0.108857,0.291339,0.200392,0.338016
3.14011,0.0857124,0.874016,0.345189,0.338016
3.14036,0.247526,1,0.426244,0.338016
3.14061,0.359767,1,0.435684,0.338016
3.14086,0.416394,0.874016,0.395075,0.338016
3.14111,0.423499,0.125984,0.333743,0.338016
3.14136,0.396004,-0.811024,0.262029,0.338016
3.14161,0.353449,-1,0.212337,0.338016
3.14186,0.314624,-1,0.187523,0.338016
3.14211,0.292553,-1,0.202206,0.338016
3.14236,0.291106,-1,0.219626,0.338016
3.14261,0.304008,-1,0.247409,0.338016
3.14286,0.317278,-1,0.261554,0.338016
3.14311,0.312329,0.00787402,0.243927,0.338016
3.14336,0.272138,1,0.175302,0.338016
3.14361,0.185542,1,0.0502448,0.338016
3.14386,0.0519742,1,-0.114038,0.338016
3.14411,-0.118269,1,-0.300985,0.338016
3.14436,-0.304267,1,-0.471767,0.338016
3.14461,-0.479167,1,-0.595302,0.338016
3.14486,-0.615302,0.251969,-0.655851,0.338016
3.14511,-0.690064,-0.362205,-0.631477,0.338016
3.14536,-0.690747,-0.685039,-0.526797,0.338016
3.14561,-0.617489,-0.629921,-0.363619,0.338016
3.14586,-0.482995,-0.23622,-0.156234,0.338016
3.14611,-0.309828,0.370079,0.0532557,0.338016
3.14636,-0.125779,1,0.221258,0.338016
3.14661,0.0425435,1,0.333468,0.338016
3.14686,0.174618,1,0.3789,0.338016
3.14711,0.260304,1,0.365017,0.338016
3.14736,0.300484,0.700787,0.333499,0.338016
3.14761,0.306462,-0.251969,0.273534,0.338016
3.14786,0.295342,-1,0.231427,0.338016
3.14811,0.285291,-1,0.21148,0.338016
3.14836,0.290239,-1,0.226214,0.338016
3.14861,0.315985,-1,0.26315,0.338016
3.14886,0.358159,-1,0.302335,0.338016
3.14912,0.403515,-1,0.33976,0.338016
3.14937,0.433073,-0.732283,0.343523,0.338016
3.14962,0.42699,0.354331,0.299704,0.338016
3.14987,0.370469,1,0.200923,0.338016
3.15012,0.25782,1,0.0527309,0.338016
3.15037,0.0948246,1,-0.139046,0.338016
3.15062,-0.100883,1,-0.334429,0.338016
3.15087,-0.303603,1,-0.498651,0.338016
3.15112,-0.484087,0.401575,-0.601894,0.338016
3.15137,-0.61572,-0.212598,-0.633737,0.338016
3.15162,-0.67968,-0.590551,-0.581984,0.338016
3.15187,-0.669232,-0.598425,-0.456487,0.338016
3.15212,-0.59037,-0.259843,-0.286988,0.338016
3.15237,-0.460497,0.346457,-0.100151,0.338016
3.15262,-0.304325,1,0.0658542,0.338016
3.15287,-0.148037,1,0.185868,0.338016
3.15312,-0.0140889,1,0.255929,0.338016
3.15337,0.0840501,1,0.264343,0.338016
3.15362,0.143163,1,0.242399,0.338016
3.15387,0.170932,0.409449,0.20697,0.338016
3.15412,0.182056,-0.677165,0.168679,0.338016
3.15437,0.194026,-1,0.16394,0.338016
3.15462,0.221559,-1,0.186274,0.338016
3.15487,0.272429,-1,0.241141,0.338016
3.15512,0.344255,-1,0.307998,0.338016
3.15537,0.425151,-1,0.372678,0.338016
3.15562,0.495815,-1,0.41662,0.338016
3.15587,0.534295,-0.314961,0.423573,0.338016
3.15612,0.521669,0.645669,0.357053,0.338016
3.15637,0.44694,1,0.239751,0.338016
3.15662,0.310655,1,0.0674015,0.338016
3.15687,0.125309,1,-0.140245,0.338016
3.15712,-0.0857095,1,-0.332405,0.338016
3.15737,-0.293808,0.409449,-0.483384,0.338016
3.15762,-0.469422,-0.19685,-0.567756,0.338016
3.15787,-0.589171,-0.614173,-0.570712,0.338016
3.15812,-0.639596,-0.685039,-0.50479,0.338016
3.15837,-0.620245,-0.385827,-0.371346,0.338016
3.15862,-0.542423,0.220472,-0.21897,0.338016
3.15887,-0.426703,0.992126,-0.076984,0.338016
3.15912,-0.297631,1,0.038901,0.338016
3.15937,-0.177942,1,0.107943,0.338016
3.15962,-0.0837319,1,0.124701,0.338016
3.15987,-0.0210727,1,0.117223,0.338016
3.16012,0.0141043,1,0.0959487,0.338016
3.16037,0.0346558,0.0551181,0.0643092,0.338016
3.16062,0.057306,-1,0.0661933,0.338016
3.16087,0.0976492,-1,0.0958694,0.338016
3.16112,0.165614,-1,0.171984,0.338016
3.16137,0.261253,-1,0.274918,0.338016
3.16162,0.374641,-1,0.381216,0.338016
3.16187,0.486867,-1,0.466679,0.338016
3.16212,0.574511,-0.889764,0.507148,0.338016
3.16237,0.614871,0.0629921,0.49498,0.338016
3.16262,0.591704,0.826772,0.414228,0.338016
3.16287,0.499323,1,0.264218,0.338016
3.16312,0.344449,1,0.0754338,0.338016
3.16337,0.145982,0.92126,-0.141355,0.338016
3.16362,-0.0691784,0.338583,-0.331354,0.338016
3.16387,-0.270986,-0.267717,-0.467798,0.338016
3.16412,-0.432582,-0.732283,-0.525912,0.338016
3.16437,-0.53506,-0.88189,-0.507128,0.338016
3.16462,-0.571682,-0.653543,-0.426028,0.338016
3.16487,-0.547603,-0.0629921,-0.312702,0.338016
3.16512,-0.478658,0.748031,-0.196159,0.338016
3.16537,-0.386497,1,-0.0938757,0.338016
3.16562,-0.293368,1,-0.0412388,0.338016
3.16587,-0.216554,1,-0.0154005,0.338016
3.16612,-0.16467,1,-0.0228518,0.338016
3.16637,-0.136254,1,-0.0455465,0.338016
3.16662,-0.120299,0.850394,-0.0686713,0.338016
3.16687,-0.100964,-0.307087,-0.0699939,0.338016
3.16712,-0.0611258,-1,-0.036902,0.338016
3.16737,0.0110971,-1,0.04803,0.338016
3.16762,0.119231,-1,0.179559,0.338016
3.16787,0.255689,-1,0.324421,0.338016
3.16812,0.403276,-1,0.458181,0.338016
3.16837,0.537825,-1,0.552726,0.338016
3.16862,0.633848,-0.425197,0.595576,0.338016
3.16887,0.669978,0.362205,0.560022,0.338016
3.16912,0.634244,0.874016,0.456888,0.338016
3.16937,0.526958,1,0.279952,0.338016
3.16962,0.361005,0.755906,0.0719216,0.338016
3.16987,0.160002,0.23622,-0.145559,0.338016
3.17012,-0.0473962,-0.370079,-0.313692,0.338016
3.17037,-0.232536,-0.889764,-0.43025,0.338016
3.17062,-0.372464,-1,-0.466109,0.338016
3.17087,-0.454981,-0.992126,-0.437764,0.338016
3.17112,-0.479404,-0.456693,-0.366452,0.338016
3.17137,-0.45658,0.362205,-0.285006,0.338016
3.17162,-0.404652,1,-0.207362,0.338016
3.17187,-0.344574,1,-0.156022,0.338016
3.17212,-0.294004,1,-0.144113,0.338016
3.17237,-0.263468,1,-0.162217,0.338016
3.17262,-0.253662,1,-0.180433,0.338016
3.17287,-0.255379,1,-0.203451,0.338016
3.17312,-0.253164,0.480315,-0.207288,0.338016
3.17337,-0.228755,-0.669291,-0.165965,0.338016
3.17362,-0.167555,-1,-0.084918,0.338016
3.17388,-0.0623669,-1,0.0481423,0.338016
3.17413,0.0827356,-1,0.222432,0.338016
3.17438,0.253263,-1,0.39084,0.338016
3.17463,0.425646,-1,0.530506,0.338016
3.17488,0.572741,-0.76378,0.628503,0.338016
3.17513,0.668928,0.00787402,0.640453,0.338016
3.17538,0.696352,0.559055,0.584222,0.338016
3.17563,0.648329,0.771654,0.444844,0.338016
3.17588,0.53125,0.598425,0.24613,0.338016
3.17613,0.363547,0.125984,0.0307209,0.338016
3.17638,0.171042,-0.496063,-0.159131,0.338016
3.17663,-0.0173693,-1,-0.308373,0.338016
3.17688,-0.176735,-1,-0.396617,0.338016
3.17713,-0.290061,-1,-0.416172,0.338016
3.17738,-0.352014,-0.968504,-0.388,0.338016
3.17763,-0.368144,-0.165354,-0.330346,0.338016
3.17788,-0.353286,0.834646,-0.272018,0.338016
3.17813,-0.326271,1,-0.222081,0.338016
3.17838,-0.304858,1,-0.2164,0.338016
3.17863,-0.300897,1,-0.227692,0.338016
3.17888,-0.317018,1,-0.264237,0.338016
3.17913,-0.345942,1,-0.287383,0.338016
3.17938,-0.372175,1,-0.297352,0.338016
3.17963,-0.376917,0.0944882,-0.279075,0.338016
3.17988,-0.34221,-0.968504,-0.208521,0.338016
3.18013,-0.257195,-1,-0.0868982,0.338016
3.18038,-0.121086,-1,0.0761368,0.338016
3.18063,0.0553119,-1,0.270377,0.338016
3.18088,0.250543,-1,0.44797,0.338016
3.18113,0.43726,-0.937008,0.576053,0.338016
3.18138,0.586873,-0.19685,0.639286,0.338016
3.18163,0.676462,0.370079,0.621947,0.338016
3.18188,0.692593,0.637795,0.53189,0.338016
3.18213,0.634758,0.527559,0.372205,0.338016
3.18238,0.515185,0.0866142,0.17451,0.338016
3.18263,0.355576,-0.559055,-0.0275711,0.338016
3.18288,0.183029,-1,-0.180644,0.338016
3.18313,0.0234018,-1,-0.282433,0.338016
3.18338,-0.103361,-1,-0.332953,0.338016
3.18363,-0.187755,-1,-0.320203,0.338016
3.18388,-0.230926,-0.795276,-0.285749,0.338016
3.18413,-0.244184,0.204724,-0.242235,0.338016
3.18438,-0.244188,1,-0.201025,0.338016
3.18463,-0.248705,1,-0.195006,0.338016
3.18488,-0.270414,1,-0.219203,0.338016
3.18513,-0.314074,1,-0.261783,0.338016
3.18538,-0.37413,1,-0.322875,0.338016
3.18563,-0.435962,1,-0.358543,0.338016
3.18588,-0.479776,0.834646,-0.373638,0.338016
3.18613,-0.484909,-0.244094,-0.342254,0.338016
3.18638,-0.436079,-1,-0.255439,0.338016
3.18663,-0.327206,-1,-0.106462,0.338016
3.18688,-0.164523,-1,0.0830145,0.338016
3.18713,0.0346311,-1,0.282839,0.338016
3.18738,0.243864,-0.976378,0.454949,0.338016
3.18763,0.433696,-0.299213,0.567741,0.338016
3.18788,0.576991,0.283465,0.603306,0.338016
3.18813,0.654683,0.598425,0.562187,0.338016
3.18838,0.659249,0.559055,0.450805,0.338016
3.18863,0.596347,0.15748,0.2936,0.338016
3.18888,0.48251,-0.503937,0.121639,0.338016
3.18913,0.34157,-1,-0.0365977,0.338016
3.18938,0.199024,-1,-0.140717,0.338016
3.18963,0.0760931,-1,-0.193675,0.338016
3.18988,-0.0141815,-1,-0.203553,0.338016
3.19013,-0.0695987,-1,-0.191019,0.338016
3.19038,-0.0981246,-0.511811,-0.151092,0.338016
3.19063,-0.114421,0.622047,-0.119964,0.338016
3.19088,-0.135964,1,-0.121594,0.338016
3.19113,-0.176523,1,-0.150674,0.338016
3.19138,-0.243055,1,-0.219916,0.338016
3.19163,-0.33211,1,-0.309708,0.338016
3.19188,-0.430472,1,-0.392007,0.338016
3.19213,-0.517893,1,-0.444014,0.338016
3.19238,-0.571435,0.401575,-0.453846,0.338016
3.19263,-0.571445,-0.527559,-0.412405,0.338016
3.19288,-0.506316,-1,-0.292138,0.338016
3.19313,-0.376403,-1,-0.124181,0.338016
3.19338,-0.194056,-1,0.0779026,0.338016
3.19363,0.0174394,-0.874016,0.279882,0.338016
3.19388,0.229108,-0.259843,0.430537,0.338016
3.19413,0.41152,0.322835,0.531107,0.338016
3.19438,0.54099,0.685039,0.545026,0.338016
3.19463,0.603728,0.708661,0.487761,0.338016
3.19488,0.598796,0.346457,0.376217,0.338016
3.19513,0.537084,-0.314961,0.239368,0.338016
3.19538,0.438195,-1,0.102362,0.338016
3.19563,0.325778,-1,0.0129001,0.338016
3.19588,0.221524,-1,-0.0505142,0.338016
3.19613,0.140524,-1,-0.0652449,0.338016
3.19638,0.0878181,-1,-0.0545233,0.338016
3.19663,0.0585784,-1,-0.0232906,0.338016
3.19688,0.0394639,-0.15748,-4.14664e-05,0.338016
3.19713,0.0137082,1,-0.00681211,0.338016
3.19738,-0.0342047,1,-0.0486386,0.338016
3.19763,-0.113264,1,-0.137817,0.338016
3.19788,-0.2231,1,-0.250168,0.338016
3.19813,-0.352322,1,-0.378097,0.338016
3.19839,-0.481325,1,-0.471893,0.338016
3.19864,-0.585531,0.937008,-0.533765,0.338016
3.19889,-0.641426,0.015748,-0.531304,0.338016
3.19914,-0.632001,-0.708661,-0.460258,0.338016
3.19939,-0.550987,-1,-0.316306,0.338016
3.19964,-0.40497,-1,-0.127702,0.338016
3.19989,-0.212176,-0.724409,0.0948588,0.338016
3.20014,0.000356899,-0.149606,0.2836,0.338016
3.20039,0.202798,0.440945,0.421052,0.338016
3.20064,0.368538,0.858268,0.491087,0.338016
3.20089,0.478543,0.952756,0.478854,0.338016
3.20114,0.525856,0.661417,0.414597,0.338016
3.20139,0.515417,0.015748,0.315118,0.338016
3.20164,0.462302,-0.84252,0.213477,0.338016
3.20189,0.387352,-1,0.139196,0.338016
3.20214,0.311769,-1,0.0903401,0.338016
3.20239,0.251786,-1,0.0745788,0.338016
3.20264,0.21475,-1,0.0861189,0.338016
3.20289,0.19816,-1,0.109345,0.338016
3.20314,0.190298,-0.952756,0.129075,0.338016
3.20339,0.174495,0.212598,0.121691,0.338016
3.20364,0.133771,1,0.0836621,0.338016
3.20389,0.056344,1,-0.0113362,0.338016
3.20414,-0.0608416,1,-0.156732,0.338016
3.20439,-0.209347,1,-0.309436,0.338016
3.20464,-0.371226,1,-0.45659,0.338016
3.20489,-0.521343,1,-0.569587,0.338016
3.20514,-0.633383,0.433071,-0.613976,0.338016
3.20539,-0.685206,-0.299213,-0.590017,0.338016
3.20564,-0.664117,-0.755906,-0.489466,0.338016
3.20589,-0.569918,-0.834646,-0.320824,0.338016
3.20614,-0.414991,-0.551181,-0.111264,0.338016
3.20639,-0.222373,-0.015748,0.0995998,0.338016
3.20664,-0.0204786,0.590551,0.277718,0.338016
3.20689,0.162359,1,0.391631,0.338016
3.20714,0.303864,1,0.440871,0.338016
3.20739,0.391474,1,0.424879,0.338016
3.20764,0.425027,0.488189,0.370638,0.338016
3.20789,0.414532,-0.385827,0.300168,0.338016
3.20814,0.377883,-1,0.2317,0.338016
3.20839,0.334877,-1,0.194367,0.338016
3.20864,0.302371,-1,0.19315,0.338016
3.20889,0.289494,-1,0.20312,0.338016
3.20914,0.295672,-1,0.228607,0.338016
3.20939,0.310919,-1,0.246228,0.338016
3.20964,0.318327,-0.590551,0.246981,0.338016
3.20989,0.299756,0.566929,0.203365,0.338016
3.21014,0.239989,1,0.11543,0.338016
3.21039,0.132058,1,-0.0245819,0.338016
3.21064,-0.0196265,1,-0.194928,0.338016
3.21089,-0.199826,1,-0.376333,0.338016
3.21114,-0.384438,1,-0.521487,0.338016
3.21139,-0.545559,0.700787,-0.621306,0.338016
3.21164,-0.656888,-0.015748,-0.642024,0.338016
3.21189,-0.699793,-0.519685,-0.584558,0.338016
3.21214,-0.667078,-0.669291,-0.45652,0.338016
3.21239,-0.564508,-0.440945,-0.26394,0.338016
3.21264,-0.409768,0.0708661,-0.0572619,0.338016
3.21289,-0.228362,0.716535,0.135436,0.338016
3.21314,-0.0482335,1,0.272066,0.338016
3.21339,0.106155,1,0.362483,0.338016
3.21364,0.218282,1,0.381036,0.338016
3.21389,0.283205,1,0.355037,0.338016
3.21414,0.306428,0.212598,0.305404,0.338016
3.21439,0.30256,-0.834646,0.254162,0.338016
3.21464,0.289737,-1,0.216582,0.338016
3.21489,0.285075,-1,0.215253,0.338016
3.21514,0.299047,-1,0.243577,0.338016
3.21539,0.333162,-1,0.278334,0.338016
3.21564,0.378883,-1,0.309748,0.338016
3.21589,0.419761,-1,0.334375,0.338016
3.21614,0.43582,-0.204724,0.317716,0.338016
3.21639,0.408852,0.850394,0.253573,0.338016
3.21664,0.327627,1,0.131148,0.338016
3.21689,0.191229,1,-0.0321593,0.338016
3.21714,0.0111937,1,-0.231404,0.338016
3.21739,-0.191223,1,-0.403425,0.338016
3.21764,-0.38771,0.826772,-0.539754,0.338016
3.21789,-0.549608,0.133858,-0.612764,0.338016
3.21814,-0.652964,-0.385827,-0.612099,0.338016
3.21839,-0.684195,-0.598425,-0.521305,0.338016
3.21864,-0.642034,-0.425197,-0.37182,0.338016
3.21889,-0.537953,0.0629921,-0.184861,0.338016
3.21914,-0.393313,0.748031,-0.00966253,0.338016
3.21939,-0.233908,1,0.136653,0.338016
3.21964,-0.0851679,1,0.23829,0.338016
3.21989,0.0341323,1,0.277414,0.338016
3.22014,0.114734,1,0.266782,0.338016
3.22039,0.158534,0.897638,0.235506,0.338016
3.22064,0.176868,-0.149606,0.193998,0.338016
3.22089,0.186159,-1,0.16634,0.338016
3.22114,0.203561,-1,0.160471,0.338016
3.22139,0.241005,-1,0.202497,0.338016
3.22164,0.302025,-1,0.270934,0.338016
3.22189,0.379885,-1,0.331871,0.338016
3.22214,0.458923,-1,0.389738,0.338016
3.22239,0.517981,-0.905512,0.414504,0.338016
3.22264,0.535889,0.149606,0.394499,0.338016
3.22289,0.496671,1,0.305201,0.338016
3.22315,0.393925,1,0.164085,0.338016
3.2234,0.233846,1,-0.0276862,0.338016
3.22365,0.0337742,1,-0.230731,0.338016
3.2239,-0.179687,0.795276,-0.410001,0.338016
3.22415,-0.376893,0.141732,-0.52491,0.338016
3.2244,-0.530155,-0.385827,-0.569356,0.330067
3.22465,-0.620294,-0.637795,-0.54288,0.330067
3.2249,-0.639235,-0.527559,-0.441774,0.330067
3.22515,-0.592016,-0.0551181,-0.300829,0.330067
3.2254,-0.494686,0.653543,-0.143794,0.330067
3.22565,-0.370004,1,-0.0117024,0.330067
3.2259,-0.242566,1,0.0838386,0.330067
3.22615,-0.13262,1,0.133831,0.330067
3.2264,-0.052276,1,0.142466,0.330067
3.22665,-0.00272954,1,0.117734,0.330067
3.2269,0.0240419,0.614173,0.0911265,0.330067
3.22715,0.0434049,-0.543307,0.0681127,0.330067
3.2274,0.0721172,-1,0.0740868,0.330067
3.22765,0.124051,-1,0.122505,0.330067
3.2279,0.20475,-1,0.208072,0.330067
3.22815,0.310104,-1,0.313388,0.330067
3.2284,0.425666,-1,0.402336,0.330067
3.22865,0.529933,-1,0.471917,0.330067
3.2289,0.599289,-0.456693,0.492093,0.330067
3.22915,0.613091,0.448819,0.460944,0.330067
3.2294,0.559372,1,0.352637,0.330067
3.22965,0.437802,1,0.178988,0.330067
3.2299,0.260865,1,-0.0195553,0.330067
3.23015,0.0512854,0.669291,-0.228345,0.330067
3.2304,-0.161624,0.0551181,-0.387255,0.330067
3.23065,-0.348516,-0.488189,-0.484074,0.330067
3.2309,-0.485765,-0.811024,-0.511577,0.330067
3.23115,-0.559271,-0.76378,-0.463716,0.330067
3.2314,-0.567764,-0.330709,-0.367509,0.330067
3.23165,-0.521466,0.393701,-0.247894,0.330067
3.2319,-0.439542,1,-0.14014,0.330067
3.23215,-0.344375,1,-0.0561089,0.330067
3.2324,-0.256707,1,-0.0215541,0.330067
3.23265,-0.190488,1,-0.0102561,0.330067
3.2329,-0.149667,1,-0.0241564,0.330067
3.23315,-0.128582,1,-0.0482588,0.330067
3.2334,-0.113294,0.267717,-0.06646,0.330067
3.23365,-0.0868677,-0.92126,-0.0528562,0.330067
3.2339,-0.0336808,-1,-0.00427014,0.330067
3.23415,0.054538,-1,0.0982101,0.330067
3.2344,0.176771,-1,0.234255,0.330067
3.23465,0.320769,-1,0.376476,0.330067
3.2349,0.46572,-1,0.485165,0.330067
3.23515,0.586311,-0.937008,0.561406,0.330067
3.2354,0.658118,-0.0551181,0.568554,0.330067
3.23565,0.663391,0.614173,0.50742,0.330067
3.2359,0.595266,0.952756,0.371594,0.330067
3.23615,0.459864,0.897638,0.176083,0.330067
3.2364,0.275036,0.503937,-0.0359495,0.330067
3.23665,0.0674687,-0.0708661,-0.235781,0.330067
3.2369,-0.133471,-0.653543,-0.376218,0.330067
3.23715,-0.300818,-1,-0.456835,0.330067
3.2374,-0.416324,-1,-0.461247,0.330067
3.23765,-0.472472,-0.724409,-0.406761,0.330067
3.2379,-0.474215,-0.00787402,-0.325276,0.330067
3.23815,-0.436068,0.913386,-0.239549,0.330067
3.2384,-0.378014,1,-0.177144,0.330067
3.23865,-0.320229,1,-0.141321,0.330067
3.2389,-0.27777,1,-0.144138,0.330067
3.23915,-0.256892,1,-0.154856,0.330067
3.2394,-0.253751,1,-0.172888,0.330067
3.23965,-0.256021,1,-0.189441,0.330067
3.2399,-0.246102,-0.110236,-0.173526,0.330067
3.24015,-0.206908,-1,-0.121199,0.330067
3.2404,-0.126642,-1,-0.0210738,0.330067
3.24065,-0.00265223,-1,0.128289,0.330067
3.2409,0.156066,-1,0.297305,0.330067
3.24115,0.330604,-1,0.454184,0.330067
3.2414,0.495206,-1,0.570842,0.330067
3.24165,0.622714,-0.409449,0.631878,0.330067
3.2419,0.690217,0.283465,0.612394,0.330067
3.24215,0.684376,0.685039,0.507586,0.330067
3.2424,0.604408,0.708661,0.343459,0.330067
3.24265,0.462108,0.370079,0.134119,0.330067
3.2429,0.279954,-0.19685,-0.0714395,0.330067
3.24315,0.0857597,-0.818898,-0.248527,0.330067
3.2434,-0.0924233,-1,-0.366086,0.330067
3.24365,-0.232987,-1,-0.416447,0.330067
3.2439,-0.323575,-1,-0.4015,0.330067
3.24415,-0.364022,-0.566929,-0.358142,0.330067
3.2444,-0.36436,0.370079,-0.293695,0.330067
3.24465,-0.341741,1,-0.245949,0.330067
3.2449,-0.315204,1,-0.214853,0.330067
3.24515,-0.300558,1,-0.212166,0.330067
3.2454,-0.305739,1,-0.236022,0.330067
3.24565,-0.328919,1,-0.264413,0.330067
3.2459,-0.358952,1,-0.283975,0.330067
3.24615,-0.378118,0.708661,-0.280425,0.330067
3.2464,-0.367323,-0.440945,-0.251028,0.330067
3.24665,-0.311209,-1,-0.158413,0.330067
3.2469,-0.20306,-1,-0.0119372,0.330067
3.24715,-0.0470701,-1,0.167914,0.330067
3.2474,0.140686,-1,0.347018,0.330067
3.24765,0.335705,-1,0.508247,0.330067
3.24791,0.509355,-0.629921,0.609796,0.330067
3.24816,0.634923,0.0472441,0.635734,0.330067
3.24841,0.692965,0.488189,0.58457,0.330067
3.24866,0.675776,0.582677,0.461655,0.330067
3.24891,0.588513,0.299213,0.281721,0.330067
3.24916,0.448075,-0.259843,0.0825335,0.330067
3.24941,0.27939,-0.937008,-0.105657,0.330067
3.24966,0.109615,-1,-0.236577,0.330067
3.24991,-0.0373831,-1,-0.318939,0.330067
3.25016,-0.146059,-1,-0.338469,0.330067
3.25041,-0.21137,-1,-0.318166,0.330067
3.25066,-0.239562,-0.283465,-0.275095,0.330067
3.25091,-0.244776,0.811024,-0.232507,0.330067
3.25116,-0.244702,1,-0.206465,0.330067
3.25141,-0.255631,1,-0.209463,0.330067
3.25166,-0.287049,1,-0.238325,0.330067
3.25191,-0.33919,1,-0.288128,0.330067
3.25216,-0.402294,1,-0.329356,0.330067
3.25241,-0.45883,1,-0.357386,0.330067
3.25266,-0.487961,0.307087,-0.351824,0.330067
3.25291,-0.470608,-0.724409,-0.299478,0.330067
3.25316,-0.395407,-1,-0.176215,0.330067
3.25341,-0.26127,-1,-0.0114686,0.330067
3.25366,-0.079762,-1,0.18444,0.330067
3.25391,0.127365,-1,0.368614,0.330067
3.25416,0.331676,-0.685039,0.508894,0.330067
3.25441,0.504045,-0.0314961,0.588352,0.330067
3.25466,0.620081,0.433071,0.586447,0.330067
3.25491,0.665684,0.574803,0.509205,0.330067
3.25516,0.639062,0.346457,0.370936,0.330067
3.25541,0.551051,-0.19685,0.20205,0.330067
3.25566,0.422118,-0.92126,0.0402412,0.330067
3.25591,0.277511,-1,-0.0961773,0.330067
3.25616,0.14143,-1,-0.18452,0.330067
3.25641,0.0318705,-1,-0.213261,0.330067
3.25666,-0.0426489,-1,-0.212669,0.330067
3.25691,-0.0848645,-1,-0.182167,0.330067
3.25716,-0.105838,0.0629921,-0.148797,0.330067
3.25741,-0.122417,1,-0.121629,0.330067
3.25766,-0.150857,1,-0.132551,0.330067
3.25791,-0.202678,1,-0.17939,0.330067
3.25816,-0.280105,1,-0.259749,0.330067
3.25841,-0.375446,1,-0.345249,0.330067
3.25866,-0.471791,1,-0.409871,0.330067
3.25891,-0.547012,0.976378,-0.44466,0.330067
3.25916,-0.578924,-0.0393701,-0.430834,0.330067
3.25941,-0.550955,-0.88189,-0.354292,0.330067
3.25966,-0.456524,-1,-0.21388,0.330067
3.25991,-0.301151,-1,-0.0234325,0.330067
3.26016,-0.102766,-1,0.183477,0.330067
3.26041,0.112538,-0.606299,0.364032,0.330067
3.26066,0.314817,0.00787402,0.488965,0.330067
3.26091,0.476231,0.496063,0.545926,0.330067
3.26116,0.577248,0.700787,0.521971,0.330067
3.26141,0.60952,0.519685,0.43529,0.330067
3.26166,0.577566,-0.00787402,0.306381,0.330067
3.26191,0.496623,-0.771654,0.163055,0.330067
3.26216,0.388923,-1,0.0446256,0.330067
3.26241,0.27774,-1,-0.0345895,0.330067
3.26266,0.182386,-1,-0.0741432,0.330067
3.26291,0.113907,-1,-0.0790106,0.330067
3.26316,0.0727009,-1,-0.0548263,0.330067
3.26341,0.0498527,-0.740157,-0.0259626,0.330067
3.26366,0.0299168,0.448819,-0.0156701,0.330067
3.26391,-0.00388875,1,-0.0313129,0.330067
3.26416,-0.0650059,1,-0.082154,0.330067
3.26441,-0.158312,1,-0.186894,0.330067
3.26466,-0.278708,1,-0.305863,0.330067
3.26491,-0.4107,1,-0.408686,0.330067
3.26516,-0.531869,1,-0.490499,0.330067
3.26541,-0.617328,0.511811,-0.530083,0.330067
3.26566,-0.645956,-0.354331,-0.493843,0.330067
3.26591,-0.605029,-0.944882,-0.393785,0.330067
3.26616,-0.493724,-1,-0.227083,0.330067
3.26641,-0.324319,-0.944882,-0.0234583,0.330067
3.26666,-0.119149,-0.464567,0.173149,0.330067
3.26691,0.092612,0.133858,0.339011,0.330067
3.26716,0.281905,0.669291,0.450825,0.330067
3.26741,0.424631,0.944882,0.483559,0.330067
3.26766,0.507205,0.84252,0.439964,0.330067
3.26791,0.52767,0.354331,0.365575,0.330067
3.26816,0.496072,-0.433071,0.2641,0.330067
3.26841,0.430572,-1,0.166989,0.330067
3.26866,0.352996,-1,0.100571,0.330067
3.26891,0.282725,-1,0.0769039,0.330067
3.26916,0.232509,-1,0.0813325,0.330067
3.26941,0.205455,-1,0.0993547,0.330067
3.26966,0.19442,-1,0.120704,0.330067
3.26991,0.185351,-0.385827,0.136471,0.330067
3.27016,0.16044,0.811024,0.113481,0.330067
3.27041,0.10458,1,0.0471033,0.330067
3.27066,0.0093584,1,-0.0647288,0.330067
3.27091,-0.12335,1,-0.216436,0.330067
3.27116,-0.280508,1,-0.370977,0.330067
3.27141,-0.440529,1,-0.499014,0.330067
3.27166,-0.576883,0.92126,-0.583668,0.330067
3.27191,-0.664647,0.0787402,-0.602125,0.330067
3.27216,-0.685214,-0.543307,-0.5434,0.330067
3.27241,-0.631101,-0.826772,-0.414771,0.330067
3.27267,-0.507967,-0.724409,-0.216989,0.330067
3.27292,-0.333102,-0.299213,-0.00838318,0.330067
3.27317,-0.132763,0.299213,0.186922,0.330067
3.27342,0.0640807,0.874016,0.334534,0.330067
3.27367,0.23085,1,0.418056,0.330067
3.27392,0.349458,1,0.439738,0.330067
3.27417,0.412528,0.811024,0.401793,0.330067
3.27442,0.424838,0.0393701,0.333599,0.330067
3.27467,0.40034,-0.937008,0.265243,0.330067
3.27492,0.358607,-1,0.212099,0.330067
3.27517,0.318505,-1,0.188801,0.330067
3.27542,0.294061,-1,0.191209,0.330067
3.27567,0.290311,-1,0.210738,0.330067
3.27592,0.302118,-1,0.230752,0.330067
3.27617,0.316275,-1,0.237891,0.330067
3.27642,0.314426,-0.015748,0.223952,0.330067
3.27667,0.279128,1,0.161314,0.330067
3.27692,0.198243,1,0.0458929,0.330067
3.27717,0.0699003,1,-0.108374,0.330067
3.27742,-0.0969409,1,-0.28375,0.330067
3.27767,-0.282392,1,-0.44944,0.330067
3.27792,-0.460074,1,-0.572029,0.330067
3.27817,-0.602097,0.385827,-0.632967,0.330067
3.27842,-0.684977,-0.251969,-0.612798,0.330067
3.27867,-0.694631,-0.598425,-0.518631,0.330067
3.27892,-0.629588,-0.574803,-0.354379,0.330067
3.27917,-0.501342,-0.19685,-0.154827,0.330067
3.27942,-0.331329,0.393701,0.0496603,0.330067
3.27967,-0.147105,1,0.222228,0.330067
3.27992,0.0243463,1,0.330401,0.330067
3.28017,0.161398,1,0.378595,0.330067
3.28042,0.252723,1,0.3808,0.330067
3.28067,0.297839,0.653543,0.338358,0.330067
3.28092,0.306938,-0.322835,0.283874,0.330067
3.28117,0.29695,-1,0.231517,0.330067
3.28142,0.285861,-1,0.210623,0.330067
3.28167,0.288602,-1,0.216849,0.330067
3.28192,0.311922,-1,0.245555,0.330067
3.28217,0.352687,-1,0.281744,0.330067
3.28242,0.398641,-1,0.311868,0.330067
3.28267,0.431067,-0.826772,0.317844,0.330067
3.28292,0.430185,0.307087,0.283232,0.330067
3.28317,0.380014,1,0.200027,0.330067
3.28342,0.27391,1,0.0561519,0.330067
3.28367,0.116131,1,-0.123744,0.330067
3.28392,-0.0769256,1,-0.316919,0.330067
3.28417,-0.280423,1,-0.469683,0.330067
3.28442,-0.464915,0.535433,-0.58474,0.330067
3.28467,-0.603479,-0.0944882,-0.619094,0.330067
3.28492,-0.676006,-0.480315,-0.569424,0.330067
3.28517,-0.674208,-0.511811,-0.454614,0.330067
3.28542,-0.602729,-0.173228,-0.280998,0.330067
3.28567,-0.477672,0.425197,-0.100734,0.330067
3.28592,-0.323208,1,0.0741509,0.330067
3.28617,-0.165638,1,0.198579,0.330067
3.28642,-0.0281616,1,0.272051,0.330067
3.28667,0.074586,1,0.290618,0.330067
3.28692,0.138079,1,0.268331,0.330067
3.28717,0.168889,0.377953,0.230937,0.330067
3.28742,0.181064,-0.748031,0.187292,0.330067
3.28767,0.192064,-1,0.170503,0.330067
3.28792,0.21718,-1,0.185185,0.330067
3.28817,0.265217,-1,0.232709,0.330067
3.28842,0.335009,-1,0.290337,0.330067
3.28867,0.415733,-1,0.34515,0.330067
3.28892,0.488733,-1,0.387412,0.330067
3.28917,0.53209,-0.409449,0.392251,0.330067
3.28942,0.52629,0.598425,0.341627,0.330067
3.28967,0.459043,1,0.232507,0.330067
3.28992,0.32959,1,0.0682794,0.330067
3.29017,0.14898,1,-0.123593,0.330067
3.29042,-0.0605278,1,-0.312788,0.330067
3.29067,-0.270355,0.519685,-0.456737,0.330067
3.29092,-0.451277,-0.0944882,-0.550339,0.330067
3.29117,-0.578459,-0.511811,-0.552957,0.330067
3.29142,-0.6374,-0.590551,-0.48762,0.330067
3.29167,-0.625867,-0.291339,-0.362067,0.330067
3.29192,-0.554015,0.307087,-0.21731,0.330067
3.29217,-0.441536,1,-0.0667172,0.330067
3.29242,-0.312736,1,0.0467195,0.330067
3.29267,-0.191016,1,0.119696,0.330067
3.29292,-0.093192,1,0.147894,0.330067
3.29317,-0.0269439,1,0.145572,0.330067
3.29342,0.0110458,1,0.116006,0.330067
3.29367,0.0324927,0.0314961,0.0788107,0.330067
3.29392,0.0540109,-1,0.0695869,0.330067
3.29417,0.0915925,-1,0.0919227,0.330067
3.29442,0.156095,-1,0.153164,0.330067
3.29467,0.248831,-1,0.243401,0.330067
3.29492,0.360927,-1,0.342541,0.330067
3.29517,0.474454,-1,0.423932,0.330067
3.29542,0.566235,-1,0.477423,0.330067
3.29567,0.61323,-0.023622,0.473153,0.330067
3.29592,0.598017,0.779528,0.406705,0.330067
3.29617,0.513684,1,0.267567,0.330067
3.29642,0.365394,1,0.0815363,0.330067
3.29667,0.170786,0.968504,-0.126203,0.330067
3.29692,-0.0439664,0.409449,-0.310768,0.330067
3.29717,-0.248859,-0.19685,-0.442839,0.330067
3.29743,-0.416376,-0.661417,-0.507633,0.330067
3.29768,-0.52641,-0.80315,-0.497476,0.330067
3.29793,-0.570751,-0.566929,-0.419251,0.330067
3.29818,-0.553158,0.023622,-0.309689,0.330067
3.29843,-0.48844,0.858268,-0.186634,0.330067
3.29868,-0.397809,1,-0.086854,0.330067
3.29893,-0.303759,1,-0.023479,0.330067
3.29918,-0.224369,1,0.00740822,0.330067
3.29943,-0.169422,1,0.00141747,0.330067
3.29968,-0.138651,1,-0.0193374,0.330067
3.29993,-0.12208,0.874016,-0.047491,0.330067
3.30018,-0.10398,-0.322835,-0.057832,0.330067
3.30043,-0.0673085,-1,-0.0277883,0.330067
3.30068,0.000711872,-1,0.0447083,0.330067
3.30093,0.104728,-1,0.159843,0.330067
3.30118,0.238634,-1,0.290158,0.330067
3.30143,0.386023,-1,0.42667,0.330067
3.30168,0.523501,-1,0.515527,0.330067
3.30193,0.625303,-0.543307,0.56146,0.330067
3.30218,0.669315,0.275591,0.540525,0.330067
3.30243,0.642344,0.811024,0.447512,0.330067
3.30268,0.54299,0.968504,0.283472,0.330067
3.30293,0.382987,0.748031,0.0792198,0.330067
3.30318,0.184586,0.244094,-0.121017,0.330067
3.30343,-0.0236213,-0.362205,-0.296168,0.330067
3.30368,-0.21274,-0.866142,-0.412333,0.330067
3.30393,-0.358853,-1,-0.459991,0.330067
3.30418,-0.448403,-0.944882,-0.436238,0.330067
3.30443,-0.479291,-0.393701,-0.368583,0.330067
3.30468,-0.461195,0.448819,-0.290624,0.330067
3.30493,-0.411599,1,-0.209821,0.330067
3.30518,-0.351394,1,-0.159767,0.330067
3.30543,-0.299033,1,-0.140497,0.330067
3.30568,-0.265898,1,-0.14343,0.330067
3.30593,-0.253946,1,-0.163939,0.330067
3.30618,-0.255103,1,-0.189638,0.330067
3.30643,-0.254215,0.535433,-0.188788,0.330067
3.30668,-0.233286,-0.669291,-0.165064,0.330067
3.30693,-0.176983,-1,-0.0823875,0.330067
3.30718,-0.0769885,-1,0.0362199,0.330067
3.30743,0.0639606,-1,0.19727,0.330067
3.30768,0.232587,-1,0.363148,0.330067
3.30793,0.406129,-1,0.509381,0.330067
3.30818,0.55762,-0.897638,0.606405,0.330067
3.30843,0.660908,-0.110236,0.626529,0.330067
3.30868,0.697031,0.464567,0.572449,0.330067
3.30893,0.657809,0.700787,0.440396,0.330067
3.30918,0.548111,0.551181,0.254631,0.330067
3.30943,0.385133,0.102362,0.0425136,0.330067
3.30968,0.194032,-0.503937,-0.155769,0.330067
3.30993,0.00372192,-1,-0.306909,0.330067
3.31018,-0.160151,-1,-0.393718,0.330067
3.31043,-0.279381,-1,-0.421562,0.330067
3.31068,-0.347216,-0.92126,-0.395701,0.330067
3.31093,-0.368216,-0.102362,-0.342893,0.330067
3.31118,-0.35599,0.92126,-0.282964,0.330067
3.31143,-0.329408,1,-0.234337,0.330067
3.31168,-0.306608,1,-0.212929,0.330067
3.31193,-0.300276,1,-0.219884,0.330067
3.31218,-0.314252,1,-0.237036,0.330067
3.31243,-0.342305,1,-0.263591,0.330067
3.31268,-0.36988,1,-0.278885,0.330067
3.31293,-0.378087,0.149606,-0.259066,0.330067
3.31318,-0.348872,-0.952756,-0.195073,0.330067
3.31343,-0.269942,-1,-0.0869849,0.330067
3.31368,-0.139507,-1,0.0754072,0.330067
3.31393,0.0330885,-1,0.253605,0.330067
3.31418,0.22744,-1,0.423524,0.330067
3.31443,0.416682,-1,0.552358,0.330067
3.31468,0.571996,-0.330709,0.615227,0.330067
3.31493,0.669587,0.259843,0.609359,0.330067
3.31518,0.694646,0.543307,0.517128,0.330067
3.31543,0.645122,0.448819,0.364086,0.330067
3.31568,0.531748,0.015748,0.162584,0.330067
3.31593,0.375574,-0.606299,-0.0245485,0.330067
3.31618,0.203132,-1,-0.18692,0.330067
3.31643,0.0407785,-1,-0.295595,0.330067
3.31668,-0.0905598,-1,-0.347215,0.330067
3.31693,-0.180107,-1,-0.342638,0.330067
3.31718,-0.227704,-0.755906,-0.302243,0.330067
3.31743,-0.243689,0.275591,-0.258284,0.330067
3.31768,-0.24429,1,-0.21058,0.330067
3.31793,-0.247488,1,-0.191498,0.330067
3.31818,-0.266721,1,-0.203438,0.330067
3.31843,-0.307886,1,-0.245816,0.330067
3.31868,-0.366604,1,-0.290588,0.330067
3.31893,-0.429187,1,-0.333386,0.330067
3.31918,-0.476238,0.913386,-0.351478,0.330067
3.31943,-0.486864,-0.19685,-0.32601,0.330067
3.31968,-0.444921,-1,-0.242708,0.330067
3.31993,-0.343032,-1,-0.110324,0.330067
3.32018,-0.185996,-1,0.0684786,0.330067
3.32043,0.0101097,-1,0.265912,0.330067
3.32068,0.219665,-1,0.427207,0.330067
3.32093,0.413276,-0.385827,0.536519,0.330067
3.32118,0.563259,0.188976,0.586914,0.330067
3.32143,0.649264,0.511811,0.54786,0.330067
3.32168,0.662445,0.472441,0.438331,0.330067
3.32193,0.606736,0.0708661,0.28745,0.330067
3.32219,0.497821,-0.582677,0.117199,0.330067
3.32244,0.35878,-1,-0.0328076,0.330067
3.32269,0.215131,-1,-0.150574,0.330067
3.32294,0.0891128,-1,-0.208945,0.330067
3.32319,-0.00542942,-1,-0.223955,0.330067
3.32344,-0.0647242,-1,-0.203381,0.330067
3.32369,-0.0957559,-0.496063,-0.16728,0.330067
3.32394,-0.11258,0.669291,-0.135657,0.330067
3.32419,-0.132687,1,-0.121999,0.330067
3.32444,-0.170454,1,-0.143348,0.318574
3.32469,-0.233901,1,-0.210791,0.318574
3.32494,-0.320798,1,-0.290427,0.318574
3.32519,-0.419013,1,-0.356794,0.318574
3.32544,-0.508912,1,-0.421364,0.318574
3.32569,-0.567575,0.488189,-0.435254,0.318574
3.32594,-0.574688,-0.488189,-0.397417,0.318574
3.32619,-0.517452,-1,-0.287538,0.318574
3.32644,-0.394763,-1,-0.133004,0.318574
3.32669,-0.217551,-1,0.0617237,0.318574
3.32694,-0.00805728,-0.937008,0.255832,0.318574
3.32719,0.20526,-0.322835,0.410383,0.318574
3.32744,0.392419,0.259843,0.508553,0.318574
3.32769,0.529072,0.622047,0.529004,0.318574
3.32794,0.599962,0.645669,0.471741,0.318574
3.32819,0.602652,0.275591,0.367438,0.318574
3.32844,0.546732,-0.393701,0.22481,0.318574
3.32869,0.45101,-1,0.0978732,0.318574
3.32894,0.338964,-1,-0.00328298,0.318574
3.32919,0.232793,-1,-0.0570099,0.318574
3.32944,0.148584,-1,-0.0771674,0.318574
3.32969,0.0926016,-1,-0.0619454,0.318574
3.32994,0.0611646,-1,-0.036252,0.318574
3.33019,0.041695,-0.149606,-0.0120491,0.318574
3.33044,0.0176046,1,-0.00461367,0.318574
3.33069,-0.0270635,1,-0.0393905,0.318574
3.33094,-0.102259,1,-0.119968,0.318574
3.33119,-0.208781,1,-0.231627,0.318574
3.33144,-0.336749,1,-0.340153,0.318574
3.33169,-0.466909,1,-0.445563,0.318574
3.33194,-0.575346,1,-0.505821,0.318574
3.33219,-0.638016,0.0866142,-0.50792,0.318574
3.33244,-0.636826,-0.661417,-0.451878,0.318574
3.33269,-0.564218,-1,-0.319042,0.318574
3.33294,-0.425034,-1,-0.136822,0.318574
3.33319,-0.236576,-0.732283,0.0716823,0.318574
3.33344,-0.0247181,-0.165354,0.254438,0.318574
3.33369,0.180409,0.417323,0.396944,0.318574
3.33394,0.351668,0.834646,0.466224,0.318574
3.33419,0.468835,0.92126,0.470131,0.318574
3.33444,0.523509,0.614173,0.41023,0.318574
3.33469,0.519244,-0.0472441,0.312249,0.318574
3.33494,0.470133,-0.937008,0.215455,0.318574
3.33519,0.396598,-1,0.134442,0.318574
3.33544,0.320105,-1,0.0879041,0.318574
3.33569,0.257704,-1,0.0746754,0.318574
3.33594,0.217893,-1,0.0829631,0.318574
3.33619,0.199351,-1,0.100489,0.318574
3.33644,0.191261,-1,0.113428,0.318574
3.33669,0.177411,0.212598,0.122344,0.318574
3.33694,0.14029,1,0.0816407,0.318574
3.33719,0.0675517,1,-0.00773677,0.318574
3.33744,-0.0451697,1,-0.14179,0.318574
3.33769,-0.190807,1,-0.291742,0.318574
3.33794,-0.352262,1,-0.433631,0.318574
3.33819,-0.505149,1,-0.545844,0.318574
3.33844,-0.622958,0.535433,-0.598471,0.318574
3.33869,-0.682746,-0.23622,-0.583337,0.318574
3.33894,-0.670507,-0.716535,-0.484179,0.318574
3.33919,-0.584508,-0.818898,-0.329135,0.318574
3.33944,-0.435701,-0.543307,-0.123415,0.318574
3.33969,-0.246105,-0.015748,0.0871064,0.318574
3.33994,-0.0437709,0.590551,0.267615,0.318574
3.34019,0.142636,1,0.385253,0.318574
3.34044,0.289887,1,0.436107,0.318574
3.34069,0.384086,1,0.425856,0.318574
3.34094,0.423576,0.448819,0.373342,0.318574
3.34119,0.417527,-0.448819,0.309901,0.318574
3.34144,0.382868,-1,0.241079,0.318574
3.34169,0.339673,-1,0.201907,0.318574
3.34194,0.30526,-1,0.185599,0.318574
3.34219,0.289908,-1,0.193309,0.318574
3.34244,0.294249,-1,0.215176,0.318574
3.34269,0.309146,-1,0.235169,0.318574
3.34294,0.318626,-0.653543,0.231009,0.318574
3.34319,0.303835,0.551181,0.202231,0.318574
3.34344,0.24947,1,0.121839,0.318574
3.34369,0.147208,1,-0.0120521,0.318574
3.34394,9.9428e-05,1,-0.185036,0.318574
3.34419,-0.177863,1,-0.356832,0.318574
3.34444,-0.363375,1,-0.500367,0.318574
3.34469,-0.52872,0.826772,-0.59806,0.318574
3.34494,-0.647063,0.0787402,-0.630021,0.318574
3.34519,-0.698646,-0.440945,-0.580092,0.318574
3.34544,-0.674787,-0.614173,-0.458123,0.318574
3.34569,-0.579726,-0.409449,-0.273906,0.318574
3.34594,-0.429913,0.0866142,-0.0655097,0.318574
3.34619,-0.250188,0.732283,0.12607,0.318574
3.34644,-0.0685108,1,0.268998,0.318574
3.34669,0.0899666,1,0.357349,0.318574
3.34695,0.207557,1,0.391473,0.318574
3.3472,0.277891,1,0.369387,0.318574
3.34745,0.305455,0.173228,0.325058,0.318574
3.3477,0.303865,-0.897638,0.263268,0.318574
3.34795,0.291126,-1,0.22675,0.318574
3.3482,0.284761,-1,0.209844,0.318574
3.34845,0.29629,-1,0.232525,0.318574
3.3487,0.328289,-1,0.264186,0.318574
3.34895,0.373369,-1,0.295751,0.318574
3.3492,0.415824,-1,0.310226,0.318574
3.34945,0.43583,-0.275591,0.302236,0.318574
3.3497,0.414693,0.818898,0.243132,0.318574
3.34995,0.340135,1,0.128215,0.318574
3.3502,0.209867,1,-0.032162,0.318574
3.35045,0.0340432,1,-0.216877,0.318574
3.3507,-0.167134,1,-0.38887,0.318574
3.35095,-0.365843,0.937008,-0.526092,0.318574
3.3512,-0.533131,0.228346,-0.594145,0.318574
3.35145,-0.644382,-0.299213,-0.595048,0.318574
3.3517,-0.68441,-0.519685,-0.513961,0.318574
3.35195,-0.650543,-0.362205,-0.364405,0.318574
3.3522,-0.552832,0.11811,-0.184297,0.318574
3.35245,-0.411537,0.80315,-0.00500506,0.318574
3.3527,-0.252649,1,0.14814,0.318574
3.35295,-0.101428,1,0.239182,0.318574
3.3532,0.0219256,1,0.288787,0.318574
3.35345,0.107251,1,0.284935,0.318574
3.3537,0.155007,0.88189,0.253967,0.318574
3.35395,0.17555,-0.188976,0.208997,0.318574
3.3542,0.184965,-1,0.176489,0.318574
3.35445,0.200656,-1,0.16981,0.318574
3.3547,0.235358,-1,0.194264,0.318574
3.35495,0.293748,-1,0.244687,0.318574
3.3552,0.370279,-1,0.305667,0.318574
3.35545,0.450209,-1,0.357984,0.318574
3.3557,0.512758,-1,0.388512,0.318574
3.35595,0.536498,0.0866142,0.365833,0.318574
3.3562,0.504558,1,0.296209,0.318574
3.35645,0.409219,1,0.166138,0.318574
3.3567,0.255199,1,-0.0221428,0.318574
3.35695,0.05858,1,-0.208779,0.318574
3.3572,-0.154827,0.874016,-0.388821,0.318574
3.35745,-0.355487,0.228346,-0.509688,0.318574
3.3577,-0.515154,-0.307087,-0.553014,0.318574
3.35795,-0.613356,-0.574803,-0.533743,0.318574
3.3582,-0.640657,-0.464567,-0.438646,0.318574
3.35845,-0.600586,0,-0.289465,0.318574
3.3587,-0.507959,0.716535,-0.142847,0.318574
3.35895,-0.385286,1,0.000192414,0.318574
3.3592,-0.256987,1,0.0958585,0.318574
3.35945,-0.144156,1,0.14992,0.318574
3.3597,-0.0600461,1,0.160851,0.318574
3.35995,-0.00711611,1,0.137456,0.318574
3.3602,0.021628,0.629921,0.104363,0.318574
3.36045,0.0409826,-0.566929,0.0789235,0.318574
3.3607,0.067758,-1,0.0721229,0.318574
3.36095,0.116393,-1,0.110418,0.318574
3.3612,0.193795,-1,0.182597,0.318574
3.36145,0.296764,-1,0.286907,0.318574
3.3617,0.412178,-1,0.378545,0.318574
3.36195,0.519008,-1,0.443789,0.318574
3.3622,0.593658,-0.566929,0.468198,0.318574
3.36245,0.614886,0.370079,0.442026,0.318574
3.3627,0.569324,1,0.343824,0.318574
3.36295,0.455383,1,0.187976,0.318574
3.3632,0.283904,1,-0.00968745,0.318574
3.36345,0.0768352,0.732283,-0.207002,0.318574
3.3637,-0.137367,0.125984,-0.367156,0.318574
3.36395,-0.328769,-0.417323,-0.465605,0.318574
3.3642,-0.472772,-0.740157,-0.499575,0.318574
3.36445,-0.554092,-0.700787,-0.452723,0.318574
3.3647,-0.569921,-0.275591,-0.363156,0.318574
3.36495,-0.529204,0.448819,-0.240324,0.318574
3.3652,-0.450334,1,-0.134885,0.318574
3.36545,-0.355546,1,-0.055351,0.318574
3.3657,-0.266098,1,-0.00176193,0.318574
3.36595,-0.196935,1,0.00168365,0.318574
3.3662,-0.153231,1,-0.00665946,0.318574
3.36645,-0.130425,1,-0.0389066,0.318574
3.3667,-0.115311,0.299213,-0.0521659,0.318574
3.36695,-0.091092,-0.929134,-0.0479752,0.318574
3.3672,-0.041651,-1,-0.00278089,0.318574
3.36745,0.0422723,-1,0.0835056,0.318574
3.3677,0.160934,-1,0.213864,0.318574
3.36795,0.303296,-1,0.33931,0.318574
3.3682,0.449506,-1,0.455724,0.318574
3.36845,0.574208,-1,0.529598,0.318574
3.3687,0.652857,-0.141732,0.550238,0.318574
3.36895,0.666558,0.559055,0.498394,0.318574
3.3692,0.606979,0.929134,0.374384,0.318574
3.36945,0.47881,0.897638,0.184917,0.318574
3.3697,0.298535,0.527559,-0.0217953,0.318574
3.36995,0.0921242,-0.0314961,-0.210016,0.318574
3.3702,-0.111107,-0.614173,-0.363008,0.318574
3.37045,-0.283551,-1,-0.442144,0.318574
3.3707,-0.405798,-1,-0.449292,0.318574
3.37095,-0.468897,-0.685039,-0.398635,0.318574
3.3712,-0.476382,0.023622,-0.321167,0.318574
3.37145,-0.442023,0.96063,-0.24387,0.318574
3.37171,-0.385185,1,-0.181813,0.318574
3.37196,-0.32646,1,-0.141326,0.318574
3.37221,-0.281705,1,-0.136842,0.318574
3.37246,-0.258253,1,-0.140578,0.318574
3.37271,-0.253601,1,-0.16145,0.318574
3.37296,-0.256008,1,-0.176622,0.318574
3.37321,-0.248575,-0.0551181,-0.17115,0.318574
3.37346,-0.213542,-1,-0.123782,0.318574
3.37371,-0.138399,-1,-0.0280168,0.318574
3.37396,-0.0193114,-1,0.109869,0.318574
3.37421,0.136111,-1,0.2776,0.318574
3.37446,0.31013,-1,0.433836,0.318574
3.37471,0.477243,-1,0.547577,0.318574
3.37496,0.610446,-0.535433,0.608932,0.318574
3.37521,0.685923,0.181102,0.604195,0.318574
3.37546,0.68902,0.614173,0.515308,0.318574
3.37571,0.617398,0.669291,0.349659,0.318574
3.37596,0.481435,0.362205,0.149515,0.318574
3.37621,0.302584,-0.188976,-0.0595563,0.318574
3.37646,0.108291,-0.811024,-0.235979,0.318574
3.37671,-0.0730578,-1,-0.358896,0.318574
3.37696,-0.218922,-1,-0.408078,0.318574
3.37721,-0.315629,-1,-0.413636,0.318574
3.37746,-0.361648,-0.543307,-0.366643,0.318574
3.37771,-0.365907,0.409449,-0.312457,0.318574
3.37796,-0.344984,1,-0.251226,0.318574
3.37821,-0.317967,1,-0.220453,0.318574
3.37846,-0.301325,1,-0.210343,0.318574
3.37871,-0.304088,1,-0.222611,0.318574
3.37896,-0.325533,1,-0.250446,0.318574
3.37921,-0.355587,1,-0.263449,0.318574
3.37946,-0.377037,0.779528,-0.273877,0.318574
3.37971,-0.370762,-0.401575,-0.239013,0.318574
3.37996,-0.320463,-1,-0.156252,0.318574
3.38021,-0.218457,-1,-0.0195917,0.318574
3.38046,-0.0674743,-1,0.150244,0.318574
3.38071,0.117669,-1,0.332194,0.318574
3.38096,0.313294,-1,0.485051,0.318574
3.38121,0.490938,-0.732283,0.592908,0.318574
3.38146,0.623318,-0.0393701,0.625567,0.318574
3.38171,0.690009,0.409449,0.575787,0.318574
3.38196,0.681667,0.511811,0.460407,0.318574
3.38221,0.601968,0.251969,0.282287,0.318574
3.38246,0.466663,-0.291339,0.0855733,0.318574
3.38271,0.299824,-0.96063,-0.0964168,0.318574
3.38296,0.128922,-1,-0.238374,0.318574
3.38321,-0.0218697,-1,-0.319211,0.318574
3.38346,-0.135425,-1,-0.348443,0.318574
3.38371,-0.205834,-1,-0.330858,0.318574
3.38396,-0.237698,-0.259843,-0.295315,0.318574
3.38421,-0.24481,0.858268,-0.246009,0.318574
3.38446,-0.244424,1,-0.20571,0.318574
3.38471,-0.2534,1,-0.205499,0.318574
3.38496,-0.282196,1,-0.230841,0.318574
3.38521,-0.332207,1,-0.269714,0.318574
3.38546,-0.394804,1,-0.309652,0.318574
3.38571,-0.453175,1,-0.335244,0.318574
3.38596,-0.486607,0.385827,-0.334898,0.318574
3.38621,-0.475496,-0.685039,-0.280761,0.318574
3.38646,-0.407401,-1,-0.176846,0.318574
3.38671,-0.279837,-1,-0.0173074,0.318574
3.38696,-0.102961,-1,0.169335,0.318574
3.38721,0.102548,-1,0.342427,0.318574
3.38746,0.308743,-0.771654,0.490962,0.318574
3.38771,0.486292,-0.110236,0.569993,0.318574
3.38796,0.609917,0.362205,0.567513,0.318574
3.38821,0.664161,0.519685,0.4995,0.318574
3.38846,0.645703,0.291339,0.369964,0.318574
3.38871,0.564006,-0.244094,0.199219,0.318574
3.38896,0.438618,-0.968504,0.0365925,0.318574
3.38921,0.294452,-1,-0.0964652,0.318574
3.38946,0.156335,-1,-0.192557,0.318574
3.38971,0.0429969,-1,-0.223883,0.318574
3.38996,-0.0357178,-1,-0.22161,0.318574
3.39021,-0.081227,-1,-0.199259,0.318574
3.39046,-0.10396,0.0629921,-0.15636,0.318574
3.39071,-0.120162,1,-0.124989,0.318574
3.39096,-0.146459,1,-0.128439,0.318574
3.39121,-0.195136,1,-0.17578,0.318574
3.39146,-0.269817,1,-0.240518,0.318574
3.39171,-0.363752,1,-0.317825,0.318574
3.39196,-0.461084,1,-0.389926,0.318574
3.39221,-0.540026,1,-0.420823,0.318574
3.39246,-0.578011,0.015748,-0.418218,0.318574
3.39271,-0.557751,-0.858268,-0.347956,0.318574
3.39296,-0.471021,-1,-0.218076,0.318574
3.39321,-0.322225,-1,-0.0384272,0.318574
3.39346,-0.127571,-1,0.157037,0.318574
3.39371,0.0872906,-0.669291,0.333815,0.318574
3.39396,0.292653,-0.0472441,0.469823,0.318574
3.39421,0.460086,0.440945,0.525287,0.318574
3.39446,0.568893,0.645669,0.505708,0.318574
3.39471,0.609263,0.480315,0.428029,0.318574
3.39496,0.584263,-0.0472441,0.299163,0.318574
3.39521,0.508017,-0.818898,0.165782,0.318574
3.39546,0.402145,-1,0.0497038,0.318574
3.39571,0.290315,-1,-0.035056,0.318574
3.39596,0.192328,-1,-0.0806613,0.318574
3.39621,0.120452,-1,-0.0899416,0.318574
3.39647,0.0763236,-1,-0.061698,0.318574
3.39672,0.0520302,-0.779528,-0.0342607,0.318574
3.39697,0.0326458,0.440945,-0.0186009,0.318574
3.39722,0.001294,1,-0.0259813,0.318574
3.39747,-0.0561639,1,-0.0722646,0.318574
3.39772,-0.145729,1,-0.163596,0.318574
3.39797,-0.263559,1,-0.285008,0.318574
3.39822,-0.39524,1,-0.391248,0.318574
3.39847,-0.51898,1,-0.470855,0.318574
3.39872,-0.60985,0.622047,-0.516924,0.318574
3.39897,-0.646045,-0.267717,-0.487871,0.318574
3.39922,-0.613598,-0.897638,-0.395258,0.318574
3.39947,-0.510186,-1,-0.241119,0.318574
3.39972,-0.346634,-0.968504,-0.0466312,0.318574
3.39997,-0.144226,-0.503937,0.159992,0.318574
3.40022,0.0683166,0.0866142,0.324243,0.318574
3.40047,0.261664,0.614173,0.428416,0.318574
3.40072,0.410813,0.889764,0.469955,0.318574
3.40097,0.500806,0.787402,0.441906,0.318574
3.40122,0.528263,0.307087,0.366693,0.318574
3.40147,0.501925,-0.480315,0.261969,0.318574
3.40172,0.439345,-1,0.167328,0.318574
3.40197,0.3621,-1,0.0992203,0.318574
3.40222,0.290118,-1,0.0688343,0.318574
3.40247,0.237234,-1,0.0640194,0.318574
3.40272,0.207571,-1,0.0842651,0.318574
3.40297,0.195367,-1,0.110038,0.318574
3.40322,0.186879,-0.440945,0.120621,0.318574
3.40347,0.164829,0.795276,0.112441,0.318574
3.40372,0.113113,1,0.0511166,0.318574
3.40397,0.0226394,1,-0.0560418,0.318574
3.40422,-0.106125,1,-0.191841,0.318574
3.40447,-0.261376,1,-0.344682,0.318574
3.40472,-0.422393,1,-0.469617,0.318574
3.40497,-0.562894,1,-0.551833,0.318574
3.40522,-0.657531,0.181102,-0.583784,0.318574
3.40547,-0.686636,-0.472441,-0.536186,0.318574
3.40572,-0.641282,-0.795276,-0.409369,0.318574
3.40597,-0.525512,-0.716535,-0.234394,0.318574
3.40622,-0.355564,-0.314961,-0.0237679,0.318574
3.40647,-0.156723,0.267717,0.175772,0.318574
3.40672,0.0420235,0.84252,0.325003,0.318574
3.40697,0.21347,1,0.414328,0.318574
3.40722,0.338366,1,0.432513,0.318574
3.40747,0.407945,0.795276,0.398391,0.318574
3.40772,0.425663,0.023622,0.341796,0.318574
3.40797,0.404533,-0.968504,0.273587,0.318574
3.40822,0.363797,-1,0.215699,0.318574
3.40847,0.322615,-1,0.186197,0.318574
3.40872,0.295869,-1,0.186746,0.318574
3.40897,0.289745,-1,0.197673,0.318574
3.40922,0.300266,-1,0.218481,0.318574
3.40947,0.315051,-1,0.228846,0.318574
3.40972,0.316051,-0.0708661,0.212684,0.318574
3.40997,0.285477,1,0.164611,0.318574
3.41022,0.210268,1,0.0563935,0.318574
3.41047,0.0872811,1,-0.0870422,0.318574
3.41072,-0.075881,1,-0.264186,0.318574
3.41097,-0.260411,1,-0.428291,0.318574
3.41122,-0.440502,1,-0.548198,0.318574
3.41147,-0.588061,0.480315,-0.611895,0.318574
3.41172,-0.678837,-0.181102,-0.605317,0.318574
3.41197,-0.697465,-0.551181,-0.519516,0.318574
3.41222,-0.640897,-0.543307,-0.364932,0.318574
3.41247,-0.519105,-0.173228,-0.170773,0.318574
3.41272,-0.352715,0.409449,0.0324944,0.318574
3.41297,-0.168618,1,0.203631,0.318574
3.41322,0.00550684,1,0.324647,0.318574
3.41347,0.147528,1,0.382578,0.318574
3.41372,0.24437,1,0.386229,0.318574
3.41397,0.294686,0.653543,0.349788,0.318574
3.41422,0.307243,-0.346457,0.290427,0.318574
3.41447,0.298552,-1,0.238961,0.318574
3.41472,0.286685,-1,0.212613,0.318574
3.41497,0.287263,-1,0.213179,0.318574
3.41522,0.308111,-1,0.236101,0.318574
3.41547,0.347296,-1,0.273285,0.318574
3.41572,0.393524,-1,0.295518,0.318574
3.41597,0.428593,-0.905512,0.308438,0.318574
3.41622,0.432587,0.259843,0.273339,0.318574
3.41647,0.388803,1,0.202112,0.318574
3.41672,0.28927,1,0.0679602,0.318574
3.41697,0.136936,1,-0.105916,0.318574
3.41722,-0.0531167,1,-0.294214,0.318574
3.41747,-0.256883,1,-0.453204,0.318574
3.41772,-0.445095,0.622047,-0.56542,0.318574
3.41797,-0.59031,-0.015748,-0.603094,0.318574
3.41822,-0.671286,-0.417323,-0.571077,0.318574
3.41847,-0.678256,-0.456693,-0.458776,0.318574
3.41872,-0.614337,-0.133858,-0.295375,0.318574
3.41897,-0.494436,0.456693,-0.107744,0.318574
3.41922,-0.342055,1,0.0638205,0.318574
3.41947,-0.183527,1,0.19022,0.318574
3.41972,-0.0427319,1,0.269307,0.318574
3.41997,0.0645659,1,0.294695,0.318574
3.42022,0.132531,1,0.284794,0.318574
3.42047,0.166583,0.385827,0.248506,0.318574
3.42072,0.180058,-0.76378,0.200347,0.318574
3.42097,0.190308,-1,0.179632,0.318574
3.42123,0.21313,-1,0.1809,0.318574
3.42148,0.258273,-1,0.217302,0.318574
3.42173,0.325979,-1,0.278194,0.318574
3.42198,0.406221,-1,0.327117,0.318574
3.42223,0.481239,-1,0.371573,0.318574
3.42248,0.529256,-0.503937,0.376555,0.318574
3.42273,0.530004,0.535433,0.329253,0.318574
3.42298,0.47037,1,0.230585,0.318574
3.42323,0.347804,1,0.0746538,0.318574
3.42348,0.172362,1,-0.110662,0.318574
3.42373,-0.0352554,1,-0.295357,0.318574
3.42398,-0.246604,0.606299,-0.446187,0.318574
3.42423,-0.432377,-0.00787402,-0.526374,0.318574
3.42448,-0.566861,-0.440945,-0.544179,0.316162
3.42473,-0.634212,-0.543307,-0.481715,0.316162
3.42498,-0.630666,-0.259843,-0.367286,0.316162
3.42523,-0.565039,0.338583,-0.218111,0.316162
3.42548,-0.456113,1,-0.0700445,0.316162
3.42573,-0.327946,1,0.0557914,0.316162
3.42598,-0.204355,1,0.129059,0.316162
3.42623,-0.103102,1,0.159555,0.316162
3.42648,-0.0331054,1,0.159381,0.316162
3.42673,0.00775205,1,0.127878,0.316162
3.42698,0.0302333,0.0629921,0.0931545,0.316162
3.42723,0.0509474,-1,0.0770757,0.316162
3.42748,0.0859196,-1,0.0869817,0.316162
3.42773,0.146982,-1,0.144999,0.316162
3.42798,0.236641,-1,0.22738,0.316162
3.42823,0.347239,-1,0.323307,0.316162
3.42848,0.461739,-1,0.399236,0.316162
3.42873,0.557332,-1,0.456615,0.316162
3.42898,0.610658,-0.11811,0.460745,0.316162
3.42923,0.603356,0.716535,0.393303,0.316162
3.42948,0.527145,1,0.268588,0.316162
3.42973,0.385685,1,0.0954734,0.316162
3.42998,0.195307,1,-0.105239,0.316162
3.43023,-0.0186151,0.456693,-0.285586,0.316162
3.43048,-0.226202,-0.133858,-0.423492,0.316162
3.43073,-0.399361,-0.590551,-0.491686,0.316162
3.43098,-0.516832,-0.740157,-0.479642,0.316162
3.43123,-0.568951,-0.511811,-0.409882,0.316162
3.43148,-0.558052,0.0629921,-0.303385,0.316162
3.43173,-0.497841,0.889764,-0.189146,0.316162
3.43198,-0.409079,1,-0.083523,0.316162
3.43223,-0.314345,1,-0.0168082,0.316162
3.43248,-0.232537,1,0.016661,0.316162
3.43273,-0.174605,1,0.012892,0.316162
3.43298,-0.141255,1,-0.00909343,0.316162
3.43323,-0.123859,0.937008,-0.031831,0.316162
3.43348,-0.106734,-0.291339,-0.0510045,0.316162
3.43373,-0.0731652,-1,-0.0288858,0.316162
3.43398,-0.00916072,-1,0.0361766,0.316162
3.43423,0.0907177,-1,0.140157,0.316162
3.43448,0.221777,-1,0.267175,0.316162
3.43473,0.368687,-1,0.400093,0.316162
3.43498,0.508679,-1,0.498626,0.316162
3.43523,0.615944,-0.653543,0.543559,0.316162
3.43548,0.667652,0.19685,0.529723,0.316162
3.43573,0.649366,0.76378,0.446444,0.316162
3.43598,0.558167,0.96063,0.292308,0.316162
3.43623,0.404328,0.76378,0.0979986,0.316162
3.43648,0.209034,0.275591,-0.109532,0.316162
3.43673,0.00042667,-0.314961,-0.277609,0.316162
3.43698,-0.192338,-0.826772,-0.39783,0.316162
3.43723,-0.344442,-1,-0.44262,0.316162
3.43748,-0.440965,-0.905512,-0.428054,0.316162
3.43773,-0.478489,-0.362205,-0.371298,0.316162
3.43798,-0.465371,0.488189,-0.284558,0.316162
3.43823,-0.418402,1,-0.208408,0.316162
3.43848,-0.358395,1,-0.157726,0.316162
3.43873,-0.304343,1,-0.131184,0.316162
3.43898,-0.268634,1,-0.140082,0.316162
3.43923,-0.254423,1,-0.152453,0.316162
3.43948,-0.254709,1,-0.17511,0.316162
3.43973,-0.254986,0.582677,-0.175896,0.316162
3.43998,-0.237316,-0.645669,-0.154054,0.316162
3.44023,-0.185793,-1,-0.0880058,0.316162
3.44048,-0.0910257,-1,0.0285461,0.316162
3.44073,0.0455796,-1,0.184246,0.316162
3.44098,0.211987,-1,0.341434,0.316162
3.44123,0.386304,-1,0.479784,0.316162
3.44148,0.541776,-1,0.578401,0.316162
3.44173,0.651943,-0.19685,0.614353,0.316162
3.44198,0.696658,0.401575,0.564823,0.316162
3.44223,0.666298,0.661417,0.443687,0.316162
3.44248,0.564284,0.543307,0.262391,0.316162
3.44273,0.406233,0.102362,0.0528453,0.316162
3.44298,0.217139,-0.496063,-0.144526,0.316162
3.44323,0.0251915,-1,-0.294297,0.316162
3.44348,-0.142814,-1,-0.387323,0.316162
3.44373,-0.268,-1,-0.424325,0.316162
3.44398,-0.341868,-0.905512,-0.402452,0.316162
3.44423,-0.367823,-0.0866142,-0.344998,0.316162
3.44448,-0.358571,0.952756,-0.28701,0.316162
3.44473,-0.332679,1,-0.241661,0.316162
3.44498,-0.308623,1,-0.21594,0.316162
3.44523,-0.29995,1,-0.211281,0.316162
3.44548,-0.311659,1,-0.229864,0.316162
3.44573,-0.338669,1,-0.245627,0.316162
3.44599,-0.367234,1,-0.261509,0.316162
3.44624,-0.378729,0.220472,-0.242686,0.316162
3.44649,-0.354719,-0.92126,-0.191405,0.316162
3.44674,-0.281959,-1,-0.0884307,0.316162
3.44699,-0.157332,-1,0.0611887,0.316162
3.44724,0.0111772,-1,0.24095,0.316162
3.44749,0.204267,-1,0.401314,0.316162
3.44774,0.395631,-1,0.527227,0.316162
3.44799,0.556378,-0.417323,0.605671,0.316162
3.44824,0.661693,0.181102,0.596928,0.316162
3.44849,0.695651,0.488189,0.515205,0.316162
3.44874,0.654589,0.417323,0.363023,0.316162
3.44899,0.547803,0.00787402,0.178377,0.316162
3.44924,0.395348,-0.614173,-0.0167625,0.316162
3.44949,0.223384,-1,-0.176315,0.316162
3.44974,0.0585964,-1,-0.284661,0.316162
3.44999,-0.0771722,-1,-0.343482,0.316162
3.45024,-0.171867,-1,-0.34224,0.316162
3.45049,-0.224034,-0.779528,-0.315657,0.316162
3.45074,-0.242981,0.267717,-0.265385,0.316162
3.45099,-0.244432,1,-0.212606,0.316162
3.45124,-0.246507,1,-0.190036,0.316162
3.45149,-0.263346,1,-0.198023,0.316162
3.45174,-0.301933,1,-0.235512,0.316162
3.45199,-0.359142,1,-0.277837,0.316162
3.45224,-0.422235,1,-0.320364,0.316162
3.45249,-0.472191,1,-0.33596,0.316162
3.45274,-0.488164,-0.133858,-0.312725,0.316162
3.45299,-0.452919,-1,-0.24526,0.316162
3.45324,-0.358179,-1,-0.119312,0.316162
3.45349,-0.206917,-1,0.0554484,0.316162
3.45374,-0.0143391,-1,0.240303,0.316162
3.45399,0.195243,-1,0.405191,0.316162
3.45424,0.392261,-0.472441,0.529489,0.316162
3.45449,0.548626,0.125984,0.572326,0.316162
3.45474,0.642871,0.472441,0.547926,0.316162
3.45499,0.664674,0.448819,0.448573,0.316162
3.45524,0.616459,0.0629921,0.288087,0.316162
3.45549,0.512713,-0.590551,0.121324,0.316162
3.45574,0.375872,-1,-0.0284453,0.316162
3.45599,0.231493,-1,-0.144306,0.316162
3.45624,0.102482,-1,-0.20541,0.316162
3.45649,0.00382327,-1,-0.231324,0.316162
3.45674,-0.0594467,-1,-0.216791,0.316162
3.45699,-0.0931884,-0.543307,-0.171953,0.316162
3.45724,-0.110786,0.645669,-0.135946,0.316162
3.45749,-0.129668,1,-0.122029,0.316162
3.45774,-0.164753,1,-0.145239,0.316162
3.45799,-0.225087,1,-0.19133,0.316162
3.45824,-0.309656,1,-0.274539,0.316162
3.45849,-0.40753,1,-0.346174,0.316162
3.45874,-0.499496,1,-0.399881,0.316162
3.45899,-0.562991,0.598425,-0.42221,0.316162
3.45924,-0.577026,-0.409449,-0.393792,0.316162
3.45949,-0.52767,-1,-0.299663,0.316162
3.45974,-0.412355,-1,-0.144547,0.316162
3.45999,-0.240589,-1,0.0454655,0.316162
3.46024,-0.0335013,-1,0.237164,0.316162
3.46049,0.180959,-0.401575,0.389854,0.316162
3.46074,0.372603,0.181102,0.492248,0.316162
3.46099,0.516229,0.559055,0.513633,0.316162
3.46124,0.595235,0.590551,0.469098,0.316162
3.46149,0.605637,0.244094,0.363077,0.316162
3.46174,0.555825,-0.417323,0.2305,0.316162
3.46199,0.463609,-1,0.104092,0.316162
3.46224,0.352242,-1,0.000449623,0.316162
3.46249,0.244441,-1,-0.0683687,0.316162
3.46274,0.15705,-1,-0.0923208,0.316162
3.46299,0.0978388,-1,-0.0786091,0.316162
3.46324,0.0639241,-1,-0.0584748,0.316162
3.46349,0.0439821,-0.19685,-0.0216637,0.316162
3.46374,0.0212942,1,-0.0138787,0.316162
3.46399,-0.0202461,1,-0.0347667,0.316162
3.46424,-0.0917034,1,-0.111541,0.316162
3.46449,-0.194846,1,-0.205897,0.316162
3.46474,-0.321133,1,-0.322178,0.316162
3.46499,-0.452213,1,-0.420235,0.316162
3.46524,-0.56452,1,-0.479218,0.316162
3.46549,-0.633674,0.188976,-0.495753,0.316162
3.46574,-0.640631,-0.606299,-0.439706,0.316162
3.46599,-0.576428,-1,-0.324327,0.316162
3.46624,-0.444403,-1,-0.15243,0.316162
3.46649,-0.260533,-0.787402,0.0544791,0.316162
3.46674,-0.0498867,-0.228346,0.23485,0.316162
3.46699,0.157538,0.346457,0.378708,0.316162
3.46724,0.334036,0.779528,0.453049,0.316162
3.46749,0.458246,0.88189,0.460276,0.316162
3.46774,0.520333,0.590551,0.404015,0.316162
3.46799,0.522443,-0.0629921,0.306903,0.316162
3.46824,0.477625,-0.944882,0.215591,0.316162
3.46849,0.40581,-1,0.131208,0.316162
3.46874,0.328648,-1,0.0735056,0.316162
3.46899,0.263941,-1,0.0630973,0.316162
3.46924,0.221343,-1,0.0635373,0.316162
3.46949,0.200697,-1,0.089613,0.316162
3.46974,0.192144,-1,0.108026,0.316162
3.46999,0.179911,0.149606,0.117606,0.316162
3.47024,0.1463,1,0.0902116,0.316162
3.47049,0.0781927,1,0.0126076,0.316162
3.47075,-0.0299691,1,-0.117223,0.316162
3.471,-0.172425,1,-0.261878,0.316162
3.47125,-0.333184,1,-0.399842,0.316162
3.4715,-0.488464,1,-0.511844,0.316162
3.47175,-0.6117,0.653543,-0.578672,0.316162
3.472,-0.679274,-0.133858,-0.567354,0.316162
3.47225,-0.675895,-0.661417,-0.490866,0.316162
3.4725,-0.598216,-0.80315,-0.337094,0.316162
3.47275,-0.455922,-0.559055,-0.140923,0.316162
3.473,-0.26966,-0.0551181,0.0626104,0.316162
3.47325,-0.0674066,0.543307,0.247205,0.316162
3.4735,0.122357,1,0.364355,0.316162
3.47375,0.275042,1,0.425839,0.316162
3.474,0.375925,1,0.427517,0.316162
3.47425,0.421504,0.448819,0.377494,0.316162
3.4745,0.420123,-0.448819,0.310744,0.316162
3.47475,0.387789,-1,0.24301,0.316162
3.475,0.3446,-1,0.203256,0.316162
3.47525,0.308437,-1,0.186384,0.316162
3.4755,0.290609,-1,0.185909,0.316162
3.47575,0.292922,-1,0.210809,0.316162
3.476,0.307302,-1,0.223223,0.316162
3.47625,0.31839,-0.732283,0.226892,0.316162
3.4765,0.307354,0.496063,0.19768,0.316162
3.47675,0.258275,1,0.121249,0.316162
3.477,0.161721,1,-0.000777953,0.316162
3.47725,0.0193862,1,-0.165106,0.316162
3.4775,-0.156011,1,-0.340635,0.316162
3.47775,-0.342031,1,-0.486751,0.316162
3.478,-0.511223,0.937008,-0.591127,0.316162
3.47825,-0.6363,0.173228,-0.621512,0.316162
3.4785,-0.696438,-0.362205,-0.579241,0.316162
3.47875,-0.681495,-0.559055,-0.459355,0.316162
3.479,-0.594175,-0.385827,-0.287587,0.316162
3.47925,-0.44964,0.0866142,-0.0839561,0.316162
3.4795,-0.271897,0.716535,0.114472,0.316162
3.47975,-0.0891215,1,0.272718,0.316162
3.48,0.0731992,1,0.364782,0.316162
3.48025,0.196162,1,0.39499,0.316162
3.4805,0.272043,1,0.376498,0.316162
3.48075,0.304073,0.181102,0.335579,0.316162
3.481,0.305019,-0.897638,0.278611,0.316162
3.48125,0.29261,-1,0.230647,0.316162
3.4815,0.284698,-1,0.219971,0.316162
3.48175,0.29383,-1,0.225525,0.316162
3.482,0.323618,-1,0.248598,0.316162
3.48225,0.367824,-1,0.277902,0.316162
3.4825,0.41164,-1,0.289441,0.316162
3.48275,0.435262,-0.362205,0.28504,0.316162
3.483,0.419885,0.76378,0.228896,0.316162
3.48325,0.351857,1,0.1312,0.316162
3.4835,0.22798,1,-0.0210468,0.316162
3.48375,0.0565344,1,-0.20165,0.316162
3.484,-0.142902,1,-0.366336,0.316162
3.48425,-0.343534,1,-0.506523,0.316162
3.4845,-0.51594,0.330709,-0.584215,0.316162
3.48475,-0.63483,-0.220472,-0.584532,0.316162
3.485,-0.683607,-0.464567,-0.506513,0.316162
3.48525,-0.658155,-0.338583,-0.372602,0.316162
3.4855,-0.567066,0.11811,-0.194611,0.316162
3.48575,-0.429613,0.787402,-0.0080512,0.316162
3.486,-0.271422,1,0.146923,0.316162
3.48625,-0.118085,1,0.2499,0.316162
3.4865,0.0092913,1,0.290924,0.316162
3.48675,0.0992909,1,0.297673,0.316162
3.487,0.151094,0.92126,0.263143,0.316162
3.48725,0.174078,-0.149606,0.220655,0.316162
3.4875,0.183863,-1,0.178557,0.316162
3.48775,0.198026,-1,0.166305,0.316162
3.488,0.230053,-1,0.183139,0.316162
3.48825,0.285736,-1,0.22964,0.316162
3.4885,0.360729,-1,0.293962,0.316162
3.48875,0.441257,-1,0.338238,0.316162
3.489,0.506992,-1,0.369117,0.316162
3.48925,0.536323,0,0.359751,0.316162
3.4895,0.511553,0.944882,0.291391,0.316162
3.48975,0.423682,1,0.16757,0.316162
3.49,0.275893,1,0.000316144,0.316162
3.49025,0.083146,1,-0.193274,0.316162
3.4905,-0.129786,0.952756,-0.360193,0.316162
3.49075,-0.333506,0.314961,-0.480616,0.316162
3.491,-0.499246,-0.228346,-0.537647,0.316162
3.49125,-0.60542,-0.503937,-0.52241,0.316162
3.4915,-0.641131,-0.425197,-0.433575,0.316162
3.49175,-0.608401,0.015748,-0.291913,0.316162
3.492,-0.520911,0.716535,-0.14364,0.316162
3.49225,-0.400534,1,-0.00619567,0.316162
3.4925,-0.271634,1,0.100097,0.316162
3.49275,-0.156189,1,0.148792,0.316162
3.493,-0.0682639,1,0.170779,0.316162
3.49325,-0.0119615,1,0.150494,0.316162
3.4935,0.0190791,0.677165,0.11669,0.316162
3.49375,0.038548,-0.527559,0.0772795,0.316162
3.494,0.063711,-1,0.0752543,0.316162
3.49425,0.109241,-1,0.107433,0.316162
3.4945,0.183208,-1,0.175507,0.316162
3.49475,0.283655,-1,0.265934,0.316162
3.495,0.398577,-1,0.348298,0.316162
3.49525,0.507725,-1,0.427805,0.316162
3.49551,0.587278,-0.669291,0.456397,0.316162
3.49576,0.615681,0.299213,0.431637,0.316162
3.49601,0.578312,1,0.351731,0.316162
3.49626,0.472104,1,0.197447,0.316162
3.49651,0.306441,1,0.00752651,0.316162
3.49676,0.102165,0.779528,-0.178004,0.316162
3.49701,-0.112789,0.181102,-0.339829,0.316162
3.49726,-0.308296,-0.370079,-0.454382,0.316162
3.49751,-0.458896,-0.700787,-0.485971,0.316162
3.49776,-0.54799,-0.677165,-0.453418,0.316162
3.49801,-0.571285,-0.259843,-0.362974,0.316162
3.49826,-0.536408,0.456693,-0.250086,0.316162
3.49851,-0.460908,1,-0.13642,0.316162
3.49876,-0.3668,1,-0.0509361,0.316162
3.49901,-0.275783,1,-0.00568913,0.316162
3.49926,-0.203749,1,0.0155538,0.316162
3.49951,-0.157093,1,0.00546579,0.316162
3.49976,-0.132382,1,-0.0273306,0.316162
3.50001,-0.1172,0.354331,-0.0498375,0.316162
3.50026,-0.094961,-0.897638,-0.0514889,0.316162
3.50051,-0.0491802,-1,-0.0097491,0.316162
3.50076,0.0305008,-1,0.0721141,0.316162
3.50101,0.145438,-1,0.195784,0.316162
3.50126,0.285883,-1,0.320615,0.316162
3.50151,0.432897,-1,0.436205,0.316162
3.50176,0.561458,-1,0.510963,0.316162
3.50201,0.646694,-0.23622,0.536527,0.316162
3.50226,0.668695,0.503937,0.497248,0.316162
3.50251,0.617825,0.913386,0.376611,0.316162
3.50276,0.497025,0.92126,0.202559,0.316162
3.50301,0.321771,0.566929,0.00420762,0.316162
3.50326,0.116828,0,-0.194826,0.316162
3.50351,-0.0881874,-0.566929,-0.34202,0.316162
3.50376,-0.265571,-0.968504,-0.422864,0.316162
3.50401,-0.394326,-1,-0.436354,0.316162
3.50426,-0.464539,-0.685039,-0.404515,0.316162
3.50451,-0.478033,0.023622,-0.328927,0.316162
3.50476,-0.447668,0.96063,-0.24652,0.316162
3.50501,-0.392356,1,-0.182985,0.316162
3.50526,-0.332896,1,-0.141656,0.316162
3.50551,-0.285914,1,-0.131039,0.316162
3.50576,-0.259925,1,-0.138328,0.316162
3.50601,-0.253473,1,-0.153329,0.316162
3.50626,-0.255859,1,-0.173225,0.316162
3.50651,-0.250546,0,-0.167733,0.316162
3.50676,-0.21955,-1,-0.126999,0.316162
3.50701,-0.149534,-1,-0.0437581,0.316162
3.50726,-0.0354517,-1,0.0939869,0.316162
3.50751,0.116423,-1,0.253451,0.316162
3.50776,0.289471,-1,0.413747,0.316162
3.50801,0.458803,-1,0.532916,0.316162
3.50826,0.597368,-0.629921,0.599001,0.316162
3.50851,0.680611,0.110236,0.594472,0.316162
3.50876,0.692613,0.566929,0.511281,0.316162
3.50901,0.629485,0.645669,0.369017,0.316162
3.50926,0.500159,0.362205,0.166954,0.316162
3.50951,0.325001,-0.173228,-0.040228,0.316162
3.50976,0.131007,-0.779528,-0.220123,0.316162
3.51001,-0.0531853,-1,-0.344519,0.316162
3.51026,-0.204162,-1,-0.406751,0.316162
3.51051,-0.306966,-1,-0.4093,0.316162
3.51076,-0.358687,-0.551181,-0.371709,0.316162
3.51101,-0.367007,0.401575,-0.31831,0.316162
3.51126,-0.348149,1,-0.259332,0.316162
3.51151,-0.320883,1,-0.223877,0.316162
3.51176,-0.302357,1,-0.206452,0.316162
3.51201,-0.302679,1,-0.219741,0.316162
3.51226,-0.322314,1,-0.234537,0.316162
3.51251,-0.352107,1,-0.259063,0.316162
3.51276,-0.375655,0.874016,-0.262587,0.316162
3.51301,-0.373511,-0.346457,-0.232117,0.316162
3.51326,-0.329101,-1,-0.156943,0.316162
3.51351,-0.233163,-1,-0.0303092,0.316162
3.51376,-0.0875117,-1,0.139165,0.316162
3.51401,0.0948043,-1,0.311789,0.316162
3.51426,0.290535,-1,0.472938,0.316162
3.51451,0.471886,-0.84252,0.575591,0.316162
3.51476,0.610838,-0.133858,0.610283,0.316162
3.51501,0.685997,0.354331,0.572717,0.316162
3.51526,0.686546,0.496063,0.464483,0.316162
3.51551,0.614642,0.259843,0.297048,0.316162
3.51576,0.484749,-0.267717,0.09277,0.316162
3.51601,0.320203,-0.937008,-0.0865754,0.316162
3.51626,0.148349,-1,-0.236172,0.316162
3.51651,-0.00582792,-1,-0.325346,0.316162
3.51676,-0.124299,-1,-0.355293,0.316162
3.51701,-0.199754,-1,-0.344106,0.316162
3.51726,-0.235578,-0.291339,-0.301914,0.316162
3.51751,-0.244745,0.834646,-0.24943,0.316162
3.51776,-0.244282,1,-0.210554,0.316162
3.51801,-0.251457,1,-0.203576,0.316162
3.51826,-0.277637,1,-0.226751,0.316162
3.51851,-0.32541,1,-0.25635,0.316162
3.51876,-0.387262,1,-0.289912,0.316162
3.51901,-0.447173,1,-0.321179,0.316162
3.51926,-0.484629,0.472441,-0.319552,0.316162
3.51951,-0.479579,-0.629921,-0.275634,0.316162
3.51976,-0.418559,-1,-0.17854,0.316162
3.52002,-0.297704,-1,-0.0289654,0.316162
3.52027,-0.125755,-1,0.146299,0.316162
3.52052,0.0777427,-1,0.322189,0.316162
3.52077,0.285406,-0.850394,0.464924,0.316162
3.52102,0.467781,-0.188976,0.550534,0.316162
3.52127,0.598775,0.299213,0.560334,0.316162
3.52152,0.661599,0.472441,0.492474,0.316162
3.52177,0.651456,0.267717,0.366387,0.316162
3.52202,0.576362,-0.251969,0.210129,0.316162
3.52227,0.454861,-0.976378,0.0425531,0.316162
3.52252,0.311622,-1,-0.0978769,0.316162
3.52277,0.171599,-1,-0.193586,0.316162
3.52302,0.0547209,-1,-0.236512,0.316162
3.52327,-0.0283128,-1,-0.236187,0.316162
3.52352,-0.0772328,-1,-0.207449,0.316162
3.52377,-0.101991,0.0393701,-0.160938,0.316162
3.52402,-0.117943,1,-0.131664,0.316162
3.52427,-0.142382,1,-0.126124,0.316162
3.52452,-0.18804,1,-0.159813,0.307182
3.52477,-0.259809,1,-0.226942,0.307182
3.52502,-0.352133,1,-0.303479,0.307182
3.52527,-0.450124,1,-0.362328,0.307182
3.52552,-0.532431,1,-0.409725,0.307182
3.52577,-0.576277,0.102362,-0.401153,0.307182
3.52602,-0.563525,-0.811024,-0.34728,0.307182
3.52627,-0.484642,-1,-0.224712,0.307182
3.52652,-0.342536,-1,-0.0582218,0.307182
3.52677,-0.152,-1,0.139459,0.307182
3.52702,0.0619078,-0.740157,0.312224,0.307182
3.52727,0.269956,-0.11811,0.449042,0.307182
3.52752,0.443113,0.385827,0.513335,0.307182
3.52777,0.559577,0.606299,0.502674,0.307182
3.52802,0.608085,0.456693,0.419909,0.307182
3.52827,0.590242,-0.0551181,0.302031,0.307182
3.52852,0.518998,-0.826772,0.171634,0.307182
3.52877,0.415373,-1,0.0489094,0.307182
3.52902,0.303094,-1,-0.0337336,0.307182
3.52927,0.202645,-1,-0.0859045,0.307182
3.52952,0.127397,-1,-0.0925597,0.307182
3.52977,0.0802301,-1,-0.077671,0.307182
3.53002,0.0542793,-0.834646,-0.0432536,0.307182
3.53027,0.0352032,0.409449,-0.0183565,0.307182
3.53052,0.0061065,1,-0.021744,0.307182
3.53077,-0.0477821,1,-0.0706027,0.307182
3.53102,-0.133551,1,-0.152675,0.307182
3.53127,-0.248612,1,-0.25858,0.307182
3.53152,-0.379675,1,-0.362891,0.307182
3.53177,-0.505616,1,-0.450032,0.307182
3.53202,-0.601687,0.700787,-0.492767,0.307182
3.53227,-0.645207,-0.220472,-0.487255,0.307182
3.53252,-0.621169,-0.874016,-0.405041,0.307182
3.53277,-0.525887,-1,-0.252163,0.307182
3.53302,-0.368325,-1,-0.068855,0.307182
3.53327,-0.169276,-0.543307,0.129798,0.307182
3.53352,0.0437475,0.0393701,0.299043,0.307182
3.53377,0.24068,0.582677,0.415773,0.307182
3.53402,0.396149,0.874016,0.456514,0.307182
3.53427,0.49343,0.787402,0.435384,0.307182
3.53452,0.5281,0.307087,0.362131,0.307182
3.53477,0.507318,-0.472441,0.266898,0.307182
3.53502,0.447916,-1,0.173259,0.307182
3.53527,0.371279,-1,0.100542,0.307182
3.53552,0.297787,-1,0.069178,0.307182
3.53577,0.242231,-1,0.0619813,0.307182
3.53602,0.209939,-1,0.0730652,0.307182
3.53627,0.196267,-1,0.0998557,0.307182
3.53652,0.188215,-0.511811,0.117066,0.307182
3.53677,0.168678,0.748031,0.110022,0.307182
3.53702,0.121094,1,0.0593552,0.307182
3.53727,0.0353815,1,-0.0409312,0.307182
3.53752,-0.0892794,1,-0.177685,0.307182
3.53777,-0.24233,1,-0.321021,0.307182
3.53802,-0.403975,1,-0.454534,0.307182
3.53827,-0.548353,1,-0.542825,0.307182
3.53852,-0.649495,0.275591,-0.572231,0.307182
3.53877,-0.687012,-0.417323,-0.534287,0.307182
3.53902,-0.650472,-0.771654,-0.424058,0.307182
3.53927,-0.54237,-0.724409,-0.245914,0.307182
3.53952,-0.37762,-0.346457,-0.0420491,0.307182
3.53977,-0.180689,0.220472,0.152605,0.307182
3.54002,0.0195799,0.80315,0.301879,0.307182
3.54027,0.195429,1,0.399024,0.307182
3.54052,0.326494,1,0.428521,0.307182
3.54077,0.40263,0.80315,0.399581,0.307182
3.54102,0.425943,0.0393701,0.345837,0.307182
3.54127,0.408453,-0.952756,0.275752,0.307182
3.54152,0.368989,-1,0.215663,0.307182
3.54177,0.326937,-1,0.184774,0.307182
3.54202,0.297989,-1,0.185562,0.307182
3.54227,0.289423,-1,0.195437,0.307182
3.54252,0.298623,-1,0.21066,0.307182
3.54277,0.313638,-1,0.215862,0.307182
3.54302,0.317336,-0.15748,0.211113,0.307182
3.54327,0.291198,1,0.161634,0.307182
3.54352,0.221761,1,0.0665156,0.307182
3.54377,0.104093,1,-0.0761709,0.307182
3.54402,-0.0550167,1,-0.246198,0.307182
3.54427,-0.238371,1,-0.397551,0.307182
3.54452,-0.420453,1,-0.52602,0.307182
3.54478,-0.573227,0.590551,-0.599067,0.307182
3.54503,-0.671702,-0.0944882,-0.599265,0.307182
3.54528,-0.699242,-0.496063,-0.525971,0.307182
3.54553,-0.651252,-0.519685,-0.371733,0.307182
3.54578,-0.536243,-0.188976,-0.180468,0.307182
3.54603,-0.373772,0.377953,0.0205367,0.307182
3.54628,-0.190274,1,0.190182,0.307182
3.54653,-0.0136752,1,0.312452,0.307182
3.54678,0.133018,1,0.379614,0.307182
3.54703,0.235478,1,0.383494,0.307182
3.54728,0.291003,0.677165,0.359419,0.307182
3.54753,0.307248,-0.322835,0.304924,0.307182
3.54778,0.300023,-1,0.254481,0.307182
3.54803,0.287692,-1,0.213386,0.307182
3.54828,0.286219,-1,0.212886,0.307182
3.54853,0.304568,-1,0.226719,0.307182
3.54878,0.342076,-1,0.255918,0.307182
3.54903,0.388257,-1,0.289722,0.307182
3.54928,0.425684,-1,0.291086,0.307182
3.54953,0.434319,0.181102,0.270513,0.307182
3.54978,0.396774,1,0.19815,0.307182
3.55003,0.303885,1,0.0738325,0.307182
3.55028,0.157204,1,-0.0922208,0.307182
3.55053,-0.0295026,1,-0.280989,0.307182
3.55078,-0.23313,1,-0.438568,0.307182
3.55103,-0.424669,0.724409,-0.552683,0.307182
3.55128,-0.576239,0.0629921,-0.593387,0.307182
3.55153,-0.665524,-0.354331,-0.564658,0.307182
3.55178,-0.681305,-0.425197,-0.457265,0.307182
3.55203,-0.625161,-0.133858,-0.297912,0.307182
3.55228,-0.510787,0.440945,-0.115092,0.307182
3.55253,-0.360821,1,0.0553015,0.307182
3.55278,-0.20176,1,0.189684,0.307182
3.55303,-0.0577553,1,0.278318,0.307182
3.55328,0.0538712,1,0.308398,0.307182
3.55353,0.126501,1,0.290277,0.307182
3.55378,0.163868,0.425197,0.255925,0.307182
3.55403,0.178913,-0.732283,0.213986,0.307182
3.55428,0.18864,-1,0.17649,0.307182
3.55453,0.209402,-1,0.179296,0.307182
3.55478,0.251701,-1,0.205648,0.307182
3.55503,0.317076,-1,0.261576,0.307182
3.55528,0.39663,-1,0.312168,0.307182
3.55553,0.47337,-1,0.351894,0.307182
3.55578,0.525695,-0.590551,0.358181,0.307182
3.55603,0.532867,0.472441,0.320459,0.307182
3.55628,0.480706,1,0.232169,0.307182
3.55653,0.36527,1,0.0902653,0.307182
3.55678,0.195169,1,-0.0904465,0.307182
3.55703,-0.0100399,1,-0.277533,0.307182
3.55728,-0.22249,0.669291,-0.426354,0.307182
3.55753,-0.412755,0.0472441,-0.510501,0.307182
3.55778,-0.554317,-0.385827,-0.530453,0.307182
3.55803,-0.630027,-0.503937,-0.477345,0.307182
3.55828,-0.634532,-0.23622,-0.364973,0.307182
3.55853,-0.575457,0.338583,-0.216953,0.307182
3.55878,-0.470425,1,-0.0740773,0.307182
3.55903,-0.343227,1,0.0536679,0.307182
3.55928,-0.217973,1,0.127553,0.307182
3.55953,-0.113458,1,0.168159,0.307182
3.55978,-0.0396842,1,0.160568,0.307182
3.56003,0.00419837,1,0.137314,0.307182
3.56028,0.0280438,0.102362,0.0981009,0.307182
3.56053,0.0480909,-1,0.0730605,0.307182
3.56078,0.0806185,-1,0.0777525,0.307182
3.56103,0.138282,-1,0.131984,0.307182
3.56128,0.224754,-1,0.211611,0.307182
3.56153,0.333614,-1,0.301647,0.307182
3.56178,0.448764,-1,0.378402,0.307182
3.56203,0.547851,-1,0.438521,0.307182
3.56228,0.607235,-0.19685,0.440621,0.307182
3.56253,0.607789,0.669291,0.398054,0.307182
3.56278,0.539688,1,0.278057,0.307182
3.56303,0.405391,1,0.110547,0.307182
3.56328,0.219497,1,-0.0845654,0.307182
3.56353,0.00685032,0.519685,-0.257871,0.307182
3.56378,-0.203057,-0.0787402,-0.396944,0.307182
3.56403,-0.381451,-0.551181,-0.469929,0.307182
3.56428,-0.506332,-0.724409,-0.469926,0.307182
3.56453,-0.566142,-0.503937,-0.403191,0.307182
3.56478,-0.562254,0.0629921,-0.305969,0.307182
3.56503,-0.506863,0.889764,-0.184496,0.307182
3.56528,-0.420272,1,-0.089539,0.307182
3.56553,-0.325134,1,-0.0151393,0.307182
3.56578,-0.241049,1,0.0138803,0.307182
3.56603,-0.180055,1,0.018581,0.307182
3.56628,-0.144088,1,-0.00461719,0.307182
3.56653,-0.125531,1,-0.0271046,0.307182
3.56678,-0.109253,-0.244094,-0.0522163,0.307182
3.56703,-0.078471,-1,-0.0315831,0.307182
3.56728,-0.0185209,-1,0.0175784,0.307182
3.56753,0.0771525,-1,0.123135,0.307182
3.56778,0.20515,-1,0.248855,0.307182
3.56803,0.351258,-1,0.380557,0.307182
3.56828,0.493401,-1,0.474118,0.307182
3.56853,0.605805,-0.740157,0.537032,0.307182
3.56878,0.665052,0.125984,0.52998,0.307182
3.56903,0.655363,0.724409,0.452216,0.307182
3.56928,0.572462,0.944882,0.305435,0.307182
3.56954,0.425086,0.771654,0.114989,0.307182
3.56979,0.233199,0.307087,-0.0838442,0.307182
3.57004,0.024702,-0.275591,-0.25847,0.307182
3.57029,-0.171362,-0.787402,-0.388042,0.307182
3.57054,-0.329244,-1,-0.442263,0.307182
3.57079,-0.432736,-0.897638,-0.429335,0.307182
3.57104,-0.476974,-0.370079,-0.376195,0.307182
3.57129,-0.469075,0.472441,-0.300589,0.307182
3.57154,-0.425028,1,-0.216915,0.307182
3.57179,-0.365487,1,-0.167923,0.307182
3.57204,-0.309921,1,-0.137455,0.307182
3.57229,-0.271723,1,-0.133338,0.307182
3.57254,-0.255112,1,-0.146838,0.307182
3.57279,-0.254409,1,-0.164995,0.307182
3.57304,-0.255506,0.661417,-0.172474,0.307182
3.57329,-0.240984,-0.590551,-0.151633,0.307182
3.57354,-0.193993,-1,-0.0983848,0.307182
3.57379,-0.104586,-1,0.0183161,0.307182
3.57404,0.0276653,-1,0.164566,0.307182
3.57429,0.191409,-1,0.325486,0.307182
3.57454,0.366218,-1,0.471421,0.307182
3.57479,0.525343,-1,0.568638,0.307182
3.57504,0.642121,-0.283465,0.598379,0.307182
3.57529,0.695219,0.338583,0.56399,0.307182
3.57554,0.673778,0.637795,0.451172,0.307182
3.57579,0.579606,0.543307,0.278211,0.307182
3.57604,0.426992,0.125984,0.0731278,0.307182
3.57629,0.240108,-0.456693,-0.123005,0.307182
3.57654,0.047001,-1,-0.27914,0.307182
3.57679,-0.12499,-1,-0.379763,0.307182
3.57704,-0.255894,-1,-0.415672,0.307182
3.57729,-0.335842,-0.929134,-0.403717,0.307182
3.57754,-0.366937,-0.110236,-0.3572,0.307182
3.57779,-0.360921,0.929134,-0.290104,0.307182
3.57804,-0.335984,1,-0.237632,0.307182
3.57829,-0.310863,1,-0.217516,0.307182
3.57854,-0.29992,1,-0.211246,0.307182
3.57879,-0.309291,1,-0.225686,0.307182
3.57904,-0.335062,1,-0.237288,0.307182
3.57929,-0.364448,1,-0.25404,0.307182
3.57954,-0.378872,0.299213,-0.247579,0.307182
3.57979,-0.359881,-0.874016,-0.19984,0.307182
3.58004,-0.293241,-1,-0.0923091,0.307182
3.58029,-0.17451,-1,0.0492163,0.307182
3.58054,-0.0103821,-1,0.223928,0.307182
3.58079,0.181073,-1,0.384741,0.307182
3.58104,0.374152,-1,0.511364,0.307182
3.58129,0.539912,-0.511811,0.59219,0.307182
3.58154,0.652795,0.102362,0.589627,0.307182
3.58179,0.695601,0.440945,0.514676,0.307182
3.58204,0.663146,0.401575,0.372966,0.307182
3.58229,0.563217,0.015748,0.18904,0.307182
3.58254,0.41492,-0.582677,-0.000415876,0.307182
3.58279,0.243743,-1,-0.167513,0.307182
3.58304,0.0769337,-1,-0.286143,0.307182
3.58329,-0.0631987,-1,-0.341276,0.307182
3.58354,-0.162904,-1,-0.348419,0.307182
3.58379,-0.219893,-0.80315,-0.317593,0.307182
3.58404,-0.24192,0.228346,-0.272051,0.307182
3.58429,-0.244585,1,-0.219907,0.307182
3.58454,-0.245601,1,-0.189822,0.307182
3.58479,-0.260285,1,-0.200975,0.307182
3.58504,-0.296269,1,-0.228286,0.307182
3.58529,-0.351772,1,-0.26532,0.307182
3.58554,-0.415156,1,-0.301453,0.307182
3.58579,-0.467669,1,-0.32115,0.307182
3.58604,-0.488657,-0.0393701,-0.313628,0.307182
3.58629,-0.460076,-1,-0.24448,0.307182
3.58654,-0.372431,-1,-0.125452,0.307182
3.58679,-0.227252,-1,0.0443846,0.307182
3.58704,-0.0384273,-1,0.225209,0.307182
3.58729,0.170647,-1,0.39163,0.307182
3.58754,0.370673,-0.566929,0.502643,0.307182
3.58779,0.533118,0.0314961,0.556194,0.307182
3.58804,0.635457,0.401575,0.535455,0.307182
3.58829,0.665919,0.409449,0.44883,0.307182
3.58854,0.625401,0.0472441,0.294985,0.307182
3.58879,0.527145,-0.582677,0.130509,0.307182
3.58904,0.392866,-1,-0.0255551,0.307182
3.58929,0.248077,-1,-0.145323,0.307182
3.58954,0.116288,-1,-0.209464,0.307182
3.58979,0.0136006,-1,-0.241161,0.307182
3.59004,-0.053748,-1,-0.227633,0.307182
3.59029,-0.0903945,-0.574803,-0.187255,0.307182
3.59054,-0.109009,0.622047,-0.146113,0.307182
3.59079,-0.126806,1,-0.126999,0.307182
3.59104,-0.159414,1,-0.132864,0.307182
3.59129,-0.216623,1,-0.182202,0.307182
3.59154,-0.298708,1,-0.247645,0.307182
3.59179,-0.395882,1,-0.321463,0.307182
3.59204,-0.489684,1,-0.377774,0.307182
3.59229,-0.557756,0.677165,-0.406263,0.307182
3.59254,-0.578473,-0.346457,-0.377889,0.307182
3.59279,-0.537046,-1,-0.297132,0.307182
3.59304,-0.429153,-1,-0.150249,0.307182
3.59329,-0.263244,-1,0.0260142,0.307182
3.59354,-0.0588426,-1,0.218531,0.307182
3.59379,0.156219,-0.464567,0.375483,0.307182
3.59404,0.352108,0.11811,0.470961,0.307182
3.5943,0.502381,0.511811,0.506957,0.307182
3.59455,0.589541,0.566929,0.467076,0.307182
3.5948,0.607818,0.244094,0.361181,0.307182
3.59505,0.564235,-0.401575,0.232293,0.307182
3.5953,0.475932,-1,0.109273,0.307182
3.59555,0.365577,-1,0.00313043,0.307182
3.5958,0.25632,-1,-0.0672732,0.307182
3.59605,0.165923,-1,-0.0962739,0.307182
3.5963,0.103334,-1,-0.0880312,0.307182
3.59655,0.0668823,-1,-0.0598446,0.307182
3.5968,0.0461109,-0.267717,-0.0327386,0.307182
3.59705,0.024632,0.984252,-0.0111957,0.307182
3.5973,-0.0139667,1,-0.0331662,0.307182
3.59755,-0.0816018,1,-0.0895813,0.307182
3.5978,-0.181243,1,-0.189495,0.307182
3.59805,-0.305593,1,-0.296342,0.307182
3.5983,-0.437257,1,-0.39952,0.307182
3.59855,-0.55309,1,-0.465613,0.307182
3.5988,-0.62846,0.275591,-0.486331,0.307182
3.59905,-0.643434,-0.535433,-0.445513,0.307182
3.5993,-0.587684,-1,-0.329988,0.307182
3.59955,-0.46304,-1,-0.163336,0.307182
3.5998,-0.284116,-0.826772,0.0290233,0.307182
3.60005,-0.0750994,-0.291339,0.209793,0.307182
3.6003,0.134307,0.283465,0.353442,0.307182
3.60055,0.315667,0.724409,0.433092,0.307182
3.6008,0.446779,0.850394,0.445452,0.307182
3.60105,0.516313,0.590551,0.401088,0.307182
3.6013,0.524902,-0.0393701,0.309704,0.307182
3.60155,0.484743,-0.913386,0.217418,0.307182
3.6018,0.414953,-1,0.134937,0.307182
3.60205,0.337374,-1,0.0742784,0.307182
3.6023,0.270504,-1,0.0506446,0.307182
3.60255,0.225178,-1,0.0580314,0.307182
3.6028,0.20222,-1,0.0781634,0.307182
3.60305,0.193084,-1,0.107314,0.307182
3.6033,0.182114,0.0708661,0.117669,0.307182
3.60355,0.151942,1,0.0930263,0.307182
3.6038,0.0882663,1,0.0160859,0.307182
3.60405,-0.0151486,1,-0.0931621,0.307182
3.6043,-0.154306,1,-0.237611,0.307182
3.60455,-0.313959,1,-0.380407,0.307182
3.6048,-0.471332,1,-0.493238,0.307182
3.60505,-0.599677,0.755906,-0.560898,0.307182
3.6053,-0.674804,-0.0551181,-0.558664,0.307182
3.60555,-0.680199,-0.606299,-0.487196,0.307182
3.6058,-0.611015,-0.787402,-0.344968,0.307182
3.60605,-0.47544,-0.574803,-0.163181,0.307182
3.6063,-0.29299,-0.0944882,0.0405668,0.307182
3.60655,-0.0910177,0.496063,0.228258,0.307182
3.6068,0.101553,1,0.354746,0.307182
3.60705,0.259582,1,0.42438,0.307182
3.6073,0.366986,1,0.424088,0.307182
3.60755,0.418846,0.472441,0.376359,0.307182
3.6078,0.422288,-0.417323,0.31689,0.307182
3.60805,0.392561,-1,0.253964,0.307182
3.6083,0.349635,-1,0.20662,0.307182
3.60855,0.311881,-1,0.181711,0.307182
3.6088,0.291602,-1,0.186907,0.307182
3.60905,0.291773,-1,0.19961,0.307182
3.6093,0.305415,-1,0.215127,0.307182
3.60955,0.317848,-0.834646,0.222559,0.307182
3.6098,0.310334,0.417323,0.198404,0.307182
3.61005,0.266411,1,0.127756,0.307182
3.6103,0.175583,1,0.00703749,0.307182
3.61055,0.0382029,1,-0.143171,0.307182
3.6108,-0.134394,1,-0.317308,0.307182
3.61105,-0.320453,1,-0.464959,0.307182
3.6113,-0.493108,1,-0.574584,0.307182
3.61155,-0.624624,0.259843,-0.614626,0.307182
3.6118,-0.693192,-0.307087,-0.581411,0.307182
3.61205,-0.687186,-0.551181,-0.474397,0.307182
3.6123,-0.607864,-0.401575,-0.297203,0.307182
3.61255,-0.468903,0.0472441,-0.0950176,0.307182
3.6128,-0.29372,0.669291,0.0963503,0.307182
3.61305,-0.110028,1,0.258362,0.307182
3.6133,0.0557565,1,0.35238,0.307182
3.61355,0.184099,1,0.394839,0.307182
3.6138,0.265456,1,0.38505,0.307182
3.61405,0.302253,0.23622,0.345828,0.307182
3.6143,0.305894,-0.850394,0.284598,0.307182
3.61455,0.294164,-1,0.24233,0.307182
3.6148,0.284925,-1,0.217623,0.307182
3.61505,0.29167,-1,0.217103,0.307182
3.6153,0.319146,-1,0.243275,0.307182
3.61555,0.362281,-1,0.265087,0.307182
3.6158,0.407111,-1,0.285502,0.307182
3.61605,0.434235,-0.448819,0.27455,0.307182
3.6163,0.42423,0.708661,0.233945,0.307182
3.61655,0.362789,1,0.142685,0.307182
3.6168,0.245298,1,-0.00227753,0.307182
3.61705,0.0785586,1,-0.173448,0.307182
3.6173,-0.1188,1,-0.348667,0.307182
3.61755,-0.320832,1,-0.488488,0.307182
3.6178,-0.497995,0.401575,-0.564325,0.307182
3.61805,-0.624266,-0.165354,-0.579736,0.307182
3.6183,-0.681759,-0.433071,-0.508657,0.307182
3.61855,-0.664845,-0.338583,-0.382283,0.307182
3.6188,-0.580651,0.102362,-0.209269,0.307182
3.61906,-0.447399,0.76378,-0.0218193,0.307182
3.61931,-0.290272,1,0.12971,0.307182
3.61956,-0.135113,1,0.239039,0.307182
3.61981,-0.00387684,1,0.290175,0.307182
3.62006,0.0907892,1,0.302433,0.307182
3.62031,0.146772,0.992126,0.271941,0.307182
3.62056,0.172424,-0.0866142,0.224593,0.307182
3.62081,0.182825,-1,0.177687,0.307182
3.62106,0.195656,-1,0.158554,0.307182
3.62131,0.225067,-1,0.181591,0.307182
3.62156,0.278006,-1,0.222945,0.307182
3.62181,0.351264,-1,0.276956,0.307182
3.62206,0.432105,-1,0.332243,0.307182
3.62231,0.500813,-1,0.36756,0.307182
3.62256,0.535456,-0.0866142,0.35876,0.307182
3.62281,0.517661,0.897638,0.297013,0.307182
3.62306,0.437405,1,0.188711,0.307182
3.62331,0.296016,1,0.0210301,0.307182
3.62356,0.107547,1,-0.163199,0.307182
3.62381,-0.104615,1,-0.339915,0.307182
3.62406,-0.310881,0.385827,-0.461916,0.307182
3.62431,-0.482499,-0.173228,-0.529243,0.307182
3.62456,-0.596419,-0.480315,-0.51895,0.30702
3.62481,-0.640643,-0.425197,-0.441567,0.30702
3.62506,-0.615463,0,-0.306074,0.30702
3.62531,-0.533403,0.692913,-0.150467,0.30702
3.62556,-0.415629,1,-0.0184504,0.30702
3.62581,-0.286478,1,0.0882944,0.30702
3.62606,-0.168529,1,0.154988,0.30702
3.62631,-0.0769331,1,0.166188,0.30702
3.62656,-0.0171163,1,0.158836,0.30702
3.62681,0.0163674,0.740157,0.122317,0.30702
3.62706,0.0363135,-0.472441,0.0900595,0.30702
3.62731,0.0599563,-1,0.0718114,0.30702
3.62756,0.102455,-1,0.0969393,0.30702
3.62781,0.173003,-1,0.162644,0.30702
3.62806,0.270758,-1,0.251385,0.30702
3.62831,0.384902,-1,0.340844,0.30702
3.62856,0.495933,-1,0.414986,0.30702
3.62881,0.580179,-0.771654,0.452557,0.30702
3.62906,0.615552,0.220472,0.434728,0.30702
3.62931,0.58633,0.96063,0.351031,0.30702
3.62956,0.487987,1,0.217851,0.30702
3.62981,0.328433,1,0.0294549,0.30702
3.63006,0.127346,0.834646,-0.162324,0.30702
3.63031,-0.0879387,0.251969,-0.331498,0.30702
3.63056,-0.287189,-0.307087,-0.435352,0.30702
3.63081,-0.444153,-0.661417,-0.482874,0.30702
3.63106,-0.54096,-0.661417,-0.444711,0.30702
3.63131,-0.571832,-0.267717,-0.367656,0.30702
3.63156,-0.543042,0.433071,-0.257304,0.30702
3.63181,-0.471131,1,-0.139663,0.30702
3.63206,-0.378105,1,-0.0569909,0.30702
3.63231,-0.285787,1,-0.00135093,0.30702
3.63256,-0.210931,1,0.0191909,0.30702
3.63281,-0.161412,1,0.0100068,0.30702
3.63306,-0.134478,1,-0.018903,0.30702
3.63331,-0.119106,0.425197,-0.0364853,0.30702
3.63356,-0.0984982,-0.834646,-0.0431783,0.30702
3.63381,-0.0562979,-1,-0.01626,0.30702
3.63406,0.0192313,-1,0.0629628,0.30702
3.63431,0.130216,-1,0.175737,0.30702
3.63456,0.268568,-1,0.297102,0.30702
3.63481,0.415988,-1,0.409223,0.30702
3.63506,0.5481,-1,0.493108,0.30702
3.63531,0.639629,-0.330709,0.527972,0.30702
3.63556,0.669807,0.433071,0.489019,0.30702
3.63581,0.627619,0.866142,0.383376,0.30702
3.63606,0.514473,0.905512,0.223445,0.30702
3.63631,0.344486,0.590551,0.0214971,0.30702
3.63656,0.141532,0.0472441,-0.166097,0.30702
3.63681,-0.0649966,-0.519685,-0.321719,0.30702
3.63706,-0.246949,-0.929134,-0.413612,0.30702
3.63731,-0.382137,-1,-0.433838,0.30702
3.63756,-0.459384,-0.692913,-0.401834,0.30702
3.63781,-0.479066,0,-0.332056,0.30702
3.63806,-0.452871,0.92126,-0.24966,0.30702
3.63831,-0.399476,1,-0.182044,0.30702
3.63856,-0.339516,1,-0.137632,0.30702
3.63881,-0.290428,1,-0.130916,0.30702
3.63906,-0.261837,1,-0.128539,0.30702
3.63931,-0.253476,1,-0.152221,0.30702
3.63956,-0.255604,1,-0.172942,0.30702
3.63981,-0.252157,0.0866142,-0.167766,0.30702
3.64006,-0.225005,-1,-0.136413,0.30702
3.64031,-0.160044,-1,-0.0537375,0.30702
3.64056,-0.0510528,-1,0.0817985,0.30702
3.64081,0.0970369,-1,0.238511,0.30702
3.64106,0.268768,-1,0.391627,0.30702
3.64131,0.439932,-1,0.507602,0.30702
3.64156,0.583514,-0.732283,0.58361,0.30702
3.64181,0.674297,0.0314961,0.588516,0.30702
3.64206,0.695147,0.519685,0.52062,0.30702
3.64231,0.640595,0.637795,0.372799,0.30702
3.64256,0.518309,0.385827,0.189628,0.30702
3.64281,0.347157,-0.125984,-0.0149396,0.30702
3.64306,0.15397,-0.732283,-0.203715,0.30702
3.64331,-0.0328977,-1,-0.335066,0.30702
3.64356,-0.1886,-1,-0.396464,0.30702
3.64382,-0.297579,-1,-0.415095,0.30702
3.64407,-0.355006,-0.590551,-0.374859,0.30702
3.64432,-0.367821,0.354331,-0.322619,0.30702
3.64457,-0.351129,1,-0.265274,0.30702
3.64482,-0.32393,1,-0.217133,0.30702
3.64507,-0.303678,1,-0.202733,0.30702
3.64532,-0.301551,1,-0.211499,0.30702
3.64557,-0.319204,1,-0.227292,0.30702
3.64582,-0.348544,1,-0.248726,0.30702
3.64607,-0.373826,0.976378,-0.258081,0.30702
3.64632,-0.375664,-0.251969,-0.233984,0.30702
3.64657,-0.336894,-1,-0.168486,0.30702
3.64682,-0.247163,-1,-0.0489869,0.30702
3.64707,-0.106911,-1,0.116875,0.30702
3.64732,0.0721352,-1,0.291989,0.30702
3.64757,0.267768,-1,0.454156,0.30702
3.64782,0.452241,-0.937008,0.561784,0.30702
3.64807,0.59746,-0.204724,0.612238,0.30702
3.64832,0.680935,0.299213,0.578482,0.30702
3.64857,0.690376,0.472441,0.470458,0.30702
3.64882,0.626502,0.259843,0.305526,0.30702
3.64907,0.502351,-0.244094,0.112466,0.30702
3.64932,0.340484,-0.897638,-0.0755468,0.30702
3.64957,0.168096,-1,-0.218829,0.30702
3.64982,0.0107218,-1,-0.314613,0.30702
3.65007,-0.112561,-1,-0.354936,0.30702
3.65032,-0.193116,-1,-0.349925,0.30702
3.65057,-0.233079,-0.354331,-0.310954,0.30702
3.65082,-0.24455,0.771654,-0.26383,0.30702
3.65107,-0.244253,1,-0.214979,0.30702
3.65132,-0.249791,1,-0.20487,0.30702
3.65157,-0.273391,1,-0.211864,0.30702
3.65182,-0.318819,1,-0.246911,0.30702
3.65207,-0.3797,1,-0.279783,0.30702
3.65232,-0.440859,1,-0.306313,0.30702
3.65257,-0.482058,0.582677,-0.31718,0.30702
3.65282,-0.483026,-0.543307,-0.272925,0.30702
3.65307,-0.428873,-1,-0.182265,0.30702
3.65332,-0.314967,-1,-0.0425124,0.30702
3.65357,-0.148101,-1,0.12522,0.30702
3.65382,0.0529739,-1,0.300963,0.30702
3.65407,0.261714,-0.944882,0.452271,0.30702
3.65432,0.448454,-0.267717,0.538644,0.30702
3.65457,0.586673,0.244094,0.552725,0.30702
3.65482,0.657984,0.456693,0.496906,0.30702
3.65507,0.656295,0.291339,0.373371,0.30702
3.65532,0.588053,-0.212598,0.218234,0.30702
3.65557,0.470802,-0.92126,0.0503432,0.30702
3.65582,0.328777,-1,-0.085963,0.30702
3.65607,0.187196,-1,-0.190598,0.30702
3.65632,0.0668228,-1,-0.237093,0.30702
3.65657,-0.020424,-1,-0.243797,0.30702
3.65682,-0.0730147,-1,-0.20813,0.30702
3.65707,-0.0999015,-0.0393701,-0.172457,0.30702
3.65732,-0.115957,1,-0.129785,0.30702
3.65757,-0.138612,1,-0.12563,0.30702
3.65782,-0.18132,1,-0.15607,0.30702
3.65807,-0.250127,1,-0.209537,0.30702
3.65832,-0.340601,1,-0.280019,0.30702
3.65857,-0.438949,1,-0.347279,0.30702
3.65882,-0.5243,1,-0.389301,0.30702
3.65907,-0.573822,0.188976,-0.397227,0.30702
3.65932,-0.56837,-0.748031,-0.345588,0.30702
3.65957,-0.49737,-1,-0.23552,0.30702
3.65982,-0.362166,-1,-0.0770916,0.30702
3.66007,-0.176188,-1,0.112866,0.30702
3.66032,0.0364397,-0.811024,0.284715,0.30702
3.66057,0.246768,-0.188976,0.423177,0.30702
3.66082,0.425339,0.330709,0.493589,0.30702
3.66107,0.549308,0.582677,0.493496,0.30702
3.66132,0.605974,0.464567,0.418504,0.30702
3.66157,0.595472,-0.023622,0.305161,0.30702
3.66182,0.529528,-0.779528,0.17154,0.30702
3.66207,0.428484,-1,0.0488778,0.30702
3.66232,0.31605,-1,-0.0315728,0.30702
3.66257,0.213394,-1,-0.0801639,0.30702
3.66282,0.134745,-1,-0.0977305,0.30702
3.66307,0.0845485,-1,-0.0724206,0.30702
3.66332,0.0567204,-0.92126,-0.0496131,0.30702
3.66357,0.0377389,0.314961,-0.0194749,0.30702
3.66382,0.0105676,1,-0.0166567,0.30702
3.66407,-0.0397478,1,-0.0508196,0.30702
3.66432,-0.121799,1,-0.136405,0.30702
3.66457,-0.233827,1,-0.242046,0.30702
3.66482,-0.364043,1,-0.353845,0.30702
3.66507,-0.491851,1,-0.442862,0.30702
3.66532,-0.592708,0.811024,-0.49478,0.30702
3.66557,-0.643377,-0.125984,-0.485577,0.30702
3.66582,-0.627736,-0.818898,-0.412594,0.30702
3.66607,-0.540622,-1,-0.277681,0.30702
3.66632,-0.389512,-1,-0.0936486,0.30702
3.66657,-0.194016,-0.598425,0.113206,0.30702
3.66682,0.0189518,-0.015748,0.279829,0.30702
3.66707,0.219229,0.519685,0.408423,0.30702
3.66732,0.380666,0.826772,0.455511,0.30702
3.66757,0.485265,0.771654,0.440758,0.30702
3.66782,0.527158,0.322835,0.369217,0.30702
3.66807,0.512171,-0.440945,0.276414,0.30702
3.66832,0.456251,-1,0.18636,0.30702
3.66858,0.380433,-1,0.110453,0.30702
3.66883,0.305718,-1,0.0641354,0.30702
3.66908,0.247566,-1,0.0545945,0.30702
3.66933,0.212578,-1,0.0660585,0.30702
3.66958,0.197337,-1,0.0907876,0.30702
3.66983,0.189389,-0.598425,0.106991,0.30702
3.67008,0.172133,0.661417,0.103216,0.30702
3.67033,0.128533,1,0.0653199,0.30702
3.67058,0.047571,1,-0.0279806,0.30702
3.67083,-0.0728419,1,-0.16271,0.30702
3.67108,-0.22341,1,-0.303477,0.30702
3.67133,-0.38532,1,-0.436152,0.30702
3.67158,-0.533118,1,-0.524331,0.30702
3.67183,-0.640563,0.362205,-0.563866,0.30702
3.67208,-0.686346,-0.346457,-0.537786,0.30702
3.67233,-0.658655,-0.740157,-0.433236,0.30702
3.67258,-0.558432,-0.732283,-0.262373,0.30702
3.67283,-0.399318,-0.377953,-0.0619543,0.30702
3.67308,-0.204613,0.173228,0.134512,0.30702
3.67333,-0.00332811,0.748031,0.295887,0.30702
3.67358,0.176751,1,0.388714,0.30702
3.67383,0.313725,1,0.425262,0.30702
3.67408,0.396568,0.818898,0.400828,0.30702
3.67433,0.425558,0.0708661,0.34533,0.30702
3.67458,0.412065,-0.905512,0.281543,0.30702
3.67483,0.374019,-1,0.222132,0.30702
3.67508,0.331451,-1,0.183258,0.30702
3.67533,0.30039,-1,0.173622,0.30702
3.67558,0.289359,-1,0.18121,0.30702
3.67583,0.296921,-1,0.197245,0.30702
3.67608,0.312068,-1,0.213447,0.30702
3.67633,0.318097,-0.251969,0.206033,0.30702
3.67658,0.296305,0.96063,0.170624,0.30702
3.67683,0.232431,1,0.0755691,0.30702
3.67708,0.120314,1,-0.0611754,0.30702
3.67733,-0.0346077,1,-0.216219,0.30702
3.67758,-0.21632,1,-0.378908,0.30702
3.67783,-0.399995,1,-0.511884,0.30702
3.67808,-0.55763,0.685039,-0.581386,0.30702
3.67833,-0.663569,-0.015748,-0.593068,0.30702
3.67858,-0.699956,-0.440945,-0.523325,0.30702
3.67883,-0.660664,-0.503937,-0.38669,0.30702
3.67908,-0.552633,-0.204724,-0.197685,0.30702
3.67933,-0.394537,0.346457,0.00144959,0.30702
3.67958,-0.212031,0.968504,0.176557,0.30702
3.67983,-0.033285,1,0.303593,0.30702
3.68008,0.117895,1,0.372482,0.30702
3.68033,0.225919,1,0.3837,0.30702
3.68058,0.286767,0.708661,0.359927,0.30702
3.68083,0.306923,-0.275591,0.309291,0.30702
3.68108,0.301519,-1,0.252977,0.30702
3.68133,0.288859,-1,0.22292,0.30702
3.68158,0.285463,-1,0.213202,0.30702
3.68183,0.301304,-1,0.223918,0.30702
3.68208,0.336918,-1,0.247067,0.30702
3.68233,0.382873,-1,0.280356,0.30702
3.68258,0.422444,-1,0.29136,0.30702
3.68283,0.435402,0.102362,0.2695,0.30702
3.68308,0.404071,1,0.199512,0.30702
3.68333,0.317741,1,0.086854,0.30702
3.68358,0.177026,1,-0.0778687,0.30702
3.68383,-0.00612849,1,-0.252411,0.30702
3.68408,-0.209103,1,-0.413345,0.30702
3.68433,-0.403769,0.795276,-0.52769,0.30702
3.68458,-0.56122,0.125984,-0.578103,0.30702
3.68483,-0.658727,-0.314961,-0.559762,0.30702
3.68508,-0.683324,-0.417323,-0.462446,0.30702
3.68533,-0.635097,-0.141732,-0.305021,0.30702
3.68558,-0.526598,0.409449,-0.130968,0.30702
3.68583,-0.379464,1,0.0472287,0.30702
3.68608,-0.220121,1,0.177397,0.30702
3.68633,-0.0732617,1,0.264333,0.30702
3.68658,0.0427381,1,0.308237,0.30702
3.68683,0.119973,1,0.295366,0.30702
3.68708,0.160956,0.496063,0.254912,0.30702
3.68733,0.177792,-0.669291,0.216017,0.30702
3.68758,0.187228,-1,0.175337,0.30702
3.68783,0.205985,-1,0.170714,0.30702
3.68808,0.245461,-1,0.199495,0.30702
3.68833,0.308383,-1,0.251252,0.30702
3.68858,0.387007,-1,0.296156,0.30702
3.68883,0.465161,-1,0.341254,0.30702
3.68908,0.521502,-0.692913,0.359602,0.30702
3.68933,0.534895,0.401575,0.324338,0.30702
3.68958,0.490169,1,0.246702,0.30702
3.68983,0.381963,1,0.105068,0.30702
3.69008,0.217482,1,-0.0699479,0.30702
3.69033,0.0150693,1,-0.249807,0.30702
3.69058,-0.198157,0.748031,-0.405695,0.30702
3.69083,-0.392449,0.110236,-0.498926,0.30702
3.69108,-0.540844,-0.346457,-0.53144,0.30702
3.69133,-0.624841,-0.496063,-0.480805,0.30702
3.69158,-0.637569,-0.259843,-0.379669,0.30702
3.69183,-0.585233,0.307087,-0.233623,0.30702
3.69208,-0.484431,1,-0.0883412,0.30702
3.69233,-0.358541,1,0.0457796,0.30702
3.69258,-0.231931,1,0.128833,0.30702
3.69283,-0.124347,1,0.163395,0.30702
3.69308,-0.0466911,1,0.164159,0.30702
3.69334,0.000242236,1,0.146998,0.30702
3.69359,0.0257979,0.188976,0.105964,0.30702
3.69384,0.0452976,-1,0.0806204,0.30702
3.69409,0.0756757,-1,0.0846473,0.30702
3.69434,0.129902,-1,0.123839,0.30702
3.69459,0.213191,-1,0.19714,0.30702
3.69484,0.320107,-1,0.283144,0.30702
3.69509,0.435569,-1,0.367672,0.30702
3.69534,0.537799,-1,0.419446,0.30702
3.69559,0.602985,-0.283465,0.434419,0.30702
3.69584,0.611223,0.614173,0.394467,0.30702
3.69609,0.551298,1,0.292763,0.30702
3.69634,0.424263,1,0.129419,0.30702
3.69659,0.243308,1,-0.0559351,0.30702
3.69684,0.03233,0.582677,-0.241915,0.30702
3.69709,-0.179468,-0.015748,-0.382856,0.30702
3.69734,-0.362894,-0.503937,-0.454862,0.30702
3.69759,-0.494915,-0.708661,-0.464083,0.30702
3.69784,-0.562559,-0.519685,-0.404693,0.30702
3.69809,-0.565735,0.023622,-0.312992,0.30702
3.69834,-0.51545,0.84252,-0.190873,0.30702
3.69859,-0.431352,1,-0.0878527,0.30702
3.69884,-0.336087,1,-0.0205253,0.30702
3.69909,-0.249896,1,0.0165317,0.30702
3.69934,-0.185867,1,0.0216798,0.30702
3.69959,-0.14717,1,-0.00129186,0.30702
3.69984,-0.127241,1,-0.0229525,0.30702
3.70009,-0.111661,-0.149606,-0.0499975,0.30702
3.70034,-0.0833645,-1,-0.0408395,0.30702
3.70059,-0.0273709,-1,0.00664451,0.30702
3.70084,0.0640486,-1,0.103168,0.30702
3.70109,0.18884,-1,0.227135,0.30702
3.70134,0.333779,-1,0.353686,0.30702
3.70159,0.47771,-1,0.462717,0.30702
3.70184,0.594921,-0.84252,0.522796,0.30702
3.70209,0.66144,0.0393701,0.528051,0.30702
3.70234,0.66033,0.685039,0.458042,0.30702
3.70259,0.585848,0.944882,0.324107,0.30702
3.70284,0.44522,0.818898,0.135202,0.30702
3.70309,0.257335,0.370079,-0.0646823,0.30702
3.70334,0.049158,-0.204724,-0.240724,0.30702
3.70359,-0.149725,-0.732283,-0.368475,0.30702
3.70384,-0.313276,-1,-0.433351,0.30702
3.70409,-0.423563,-0.913386,-0.424419,0.30702
3.70434,-0.474725,-0.409449,-0.379854,0.30702
3.70459,-0.472204,0.409449,-0.295406,0.30702
3.70484,-0.43144,1,-0.218804,0.30702
3.70509,-0.372623,1,-0.16203,0.30702
3.70534,-0.315713,1,-0.13788,0.30702
3.70559,-0.27508,1,-0.130121,0.30702
3.70584,-0.256032,1,-0.143447,0.30702
3.70609,-0.254051,1,-0.157287,0.30702
3.70634,-0.255904,0.771654,-0.172047,0.30702
3.70659,-0.244078,-0.488189,-0.161179,0.30702
3.70684,-0.201591,-1,-0.107054,0.30702
3.70709,-0.117421,-1,-0.00153648,0.30702
3.70734,0.010155,-1,0.149865,0.30702
3.70759,0.171085,-1,0.302217,0.30702
3.70784,0.345917,-1,0.451733,0.30702
3.70809,0.508316,-1,0.549204,0.30702
3.70834,0.631346,-0.377953,0.597047,0.30702
3.70859,0.69273,0.267717,0.570579,0.30702
3.70884,0.680236,0.598425,0.463841,0.30702
3.70909,0.594107,0.551181,0.298093,0.30702
3.70934,0.447269,0.165354,0.0984484,0.30702
3.70959,0.262995,-0.409449,-0.0993845,0.30702
3.70984,0.0691107,-0.976378,-0.264128,0.30702
3.71009,-0.106581,-1,-0.373824,0.30702
3.71034,-0.243069,-1,-0.413832,0.30702
3.71059,-0.329075,-0.952756,-0.404184,0.30702
3.71084,-0.36553,-0.165354,-0.365766,0.30702
3.71109,-0.363007,0.858268,-0.299916,0.30702
3.71134,-0.339293,1,-0.254229,0.30702
3.71159,-0.313257,1,-0.220458,0.30702
3.71184,-0.300186,1,-0.214975,0.30702
3.71209,-0.307163,1,-0.217581,0.30702
3.71234,-0.331513,1,-0.237765,0.30702
3.71259,-0.361362,1,-0.246799,0.30702
3.71284,-0.378637,0.417323,-0.241492,0.30702
3.71309,-0.364372,-0.779528,-0.193958,0.30702
3.71334,-0.303903,-1,-0.102926,0.30702
3.71359,-0.191077,-1,0.0286507,0.30702
3.71384,-0.0316694,-1,0.199884,0.30702
3.71409,0.157903,-1,0.370854,0.30702
3.71434,0.352202,-1,0.498852,0.30702
3.71459,0.522704,-0.598425,0.580303,0.30702
3.71484,0.642865,0.0393701,0.588094,0.30702
3.71509,0.694491,0.409449,0.530202,0.30702
3.71534,0.670738,0.401575,0.391478,0.30702
3.71559,0.577952,0.0472441,0.207775,0.30702
3.71584,0.434008,-0.543307,0.0213497,0.30702
3.71609,0.264169,-1,-0.152654,0.30702
3.71634,0.0955459,-1,-0.274743,0.30702
3.71659,-0.0486517,-1,-0.336753,0.30702
3.71684,-0.153422,-1,-0.356825,0.30702
3.71709,-0.215261,-0.866142,-0.331934,0.30702
3.71734,-0.240695,0.165354,-0.279199,0.30702
3.71759,-0.244721,1,-0.226471,0.30702
3.71784,-0.245028,1,-0.194912,0.30702
3.7181,-0.257534,1,-0.200308,0.30702
3.71835,-0.290888,1,-0.22192,0.30702
3.7186,-0.344521,1,-0.256968,0.30702
3.71885,-0.407837,1,-0.292187,0.30702
3.7191,-0.462705,1,-0.315067,0.30702
3.71935,-0.488455,0.0393701,-0.305139,0.30702
3.7196,-0.4664,-1,-0.244779,0.30702
3.71985,-0.385871,-1,-0.132398,0.30702
3.7201,-0.246968,-1,0.0248826,0.30702
3.72035,-0.0622295,-1,0.201588,0.30702
3.7206,0.145927,-1,0.365189,0.30702
3.72085,0.348557,-0.637795,0.486811,0.30702
3.7211,0.516825,-0.00787402,0.550923,0.30702
3.72135,0.627031,0.370079,0.536881,0.30702
3.7216,0.666165,0.409449,0.442369,0.30702
3.72185,0.633531,0.0787402,0.306597,0.30702
3.7221,0.54098,-0.535433,0.137212,0.30702
3.72235,0.409717,-1,-0.0176875,0.30702
3.7226,0.26485,-1,-0.132037,0.30702
3.72285,0.130512,-1,-0.210914,0.30702
3.7231,0.0239633,-1,-0.239244,0.30702
3.72335,-0.0476117,-1,-0.227401,0.30702
3.7236,-0.087225,-0.661417,-0.192424,0.30702
3.72385,-0.107221,0.527559,-0.151686,0.30702
3.7241,-0.124126,1,-0.12438,0.30702
3.72435,-0.154429,1,-0.133207,0.30702
3.7246,-0.208448,1,-0.168411,0.300195
3.72485,-0.28798,1,-0.244108,0.300195
3.7251,-0.384178,1,-0.311046,0.300195
3.72535,-0.479513,1,-0.370353,0.300195
3.7256,-0.551812,0.795276,-0.399067,0.300195
3.72585,-0.579046,-0.251969,-0.389814,0.300195
3.7261,-0.545394,-1,-0.31083,0.300195
3.72635,-0.4451,-1,-0.172243,0.300195
3.7266,-0.28524,-1,0.000520998,0.300195
3.72685,-0.0840316,-1,0.193685,0.300195
3.7271,0.131327,-0.543307,0.35704,0.300195
3.72735,0.331044,0.0472441,0.459661,0.300195
3.7276,0.487736,0.464567,0.495932,0.300195
3.72785,0.582879,0.559055,0.470823,0.300195
3.7281,0.60913,0.259843,0.377641,0.300195
3.72835,0.57211,-0.354331,0.25036,0.300195
3.7286,0.487952,-1,0.116401,0.300195
3.72885,0.378934,-1,0.00956928,0.300195
3.7291,0.268474,-1,-0.0604372,0.300195
3.72935,0.175186,-1,-0.0944505,0.300195
3.7296,0.109205,-1,-0.0945456,0.300195
3.72985,0.0700636,-1,-0.0699763,0.300195
3.7301,0.0482321,-0.370079,-0.0343047,0.300195
3.73035,0.0277255,0.889764,-0.0226398,0.300195
3.7306,-0.00810091,1,-0.0338877,0.300195
3.73085,-0.0719592,1,-0.0888134,0.300195
3.7311,-0.167994,1,-0.176216,0.300195
3.73135,-0.290166,1,-0.286209,0.300195
3.7316,-0.422177,1,-0.386331,0.300195
3.73185,-0.541094,1,-0.459938,0.300195
3.7321,-0.622397,0.385827,-0.47667,0.300195
3.73235,-0.645242,-0.456693,-0.446365,0.300195
3.7326,-0.597959,-0.992126,-0.347099,0.300195
3.73285,-0.481006,-1,-0.189766,0.300195
3.7331,-0.307278,-0.874016,0.00315591,0.300195
3.73335,-0.100426,-0.362205,0.193664,0.300195
3.7336,0.1106,0.220472,0.338663,0.300195
3.73385,0.296471,0.685039,0.42716,0.300195
3.7341,0.434442,0.84252,0.441967,0.300195
3.73435,0.511345,0.606299,0.406681,0.300195
3.7346,0.526759,0,0.314838,0.300195
3.73485,0.491405,-0.866142,0.220808,0.300195
3.7351,0.423994,-1,0.130357,0.300195
3.73535,0.346271,-1,0.0795824,0.300195
3.7356,0.277378,-1,0.0459009,0.300195
3.73585,0.229265,-1,0.0484669,0.300195
3.7361,0.203943,-1,0.0710854,0.300195
3.73635,0.193895,-1,0.0945898,0.300195
3.7366,0.184045,-0.015748,0.113782,0.300195
3.73685,0.157062,1,0.098056,0.300195
3.7371,0.0977739,1,0.0267097,0.300195
3.73735,-0.000945075,1,-0.0775998,0.300195
3.7376,-0.136485,1,-0.21849,0.300195
3.73785,-0.294865,1,-0.359768,0.300195
3.7381,-0.453796,1,-0.474401,0.300195
3.73835,-0.586907,0.850394,-0.542032,0.300195
3.7386,-0.669353,0.00787402,-0.55492,0.300195
3.73885,-0.683458,-0.566929,-0.492161,0.300195
3.7391,-0.622878,-0.771654,-0.362449,0.300195
3.73935,-0.494299,-0.598425,-0.181611,0.300195
3.7396,-0.316046,-0.133858,0.0236027,0.300195
3.73985,-0.114853,0.448819,0.20684,0.300195
3.7401,0.0802601,0.96063,0.336322,0.300195
3.74035,0.243404,1,0.414941,0.300195
3.7406,0.357264,1,0.418488,0.300195
3.74085,0.415505,0.503937,0.377304,0.300195
3.7411,0.423991,-0.370079,0.317198,0.300195
3.74135,0.397153,-1,0.255309,0.300195
3.7416,0.354751,-1,0.206518,0.300195
3.74185,0.315581,-1,0.179413,0.300195
3.7421,0.292901,-1,0.187299,0.300195
3.74235,0.290823,-1,0.195688,0.300195
3.7426,0.303517,-1,0.211216,0.300195
3.74286,0.317031,-0.929134,0.217104,0.300195
3.74311,0.312993,0.322835,0.201293,0.300195
3.74336,0.273886,1,0.134523,0.300195
3.74361,0.188906,1,0.0259803,0.300195
3.74386,0.0565202,1,-0.124507,0.300195
3.74411,-0.112784,1,-0.29779,0.300195
3.74436,-0.298688,1,-0.449385,0.300195
3.74461,-0.474348,1,-0.559195,0.300195
3.74486,-0.612063,0.346457,-0.612559,0.300195
3.74511,-0.688866,-0.251969,-0.587537,0.300195
3.74536,-0.691845,-0.519685,-0.481387,0.300195
3.74561,-0.620669,-0.409449,-0.314694,0.300195
3.74586,-0.487659,0.023622,-0.114157,0.300195
3.74611,-0.315334,0.637795,0.0828096,0.300195
3.74636,-0.131192,1,0.239342,0.300195
3.74661,0.0378984,1,0.34714,0.300195
3.74686,0.171371,1,0.397571,0.300195
3.74711,0.258356,1,0.391122,0.300195
3.74736,0.299884,0.283465,0.353493,0.300195
3.74761,0.306648,-0.787402,0.293794,0.300195
3.74786,0.29576,-1,0.246679,0.300195
3.74811,0.285385,-1,0.219687,0.300195
3.74836,0.289803,-1,0.222152,0.300195
3.74861,0.314903,-1,0.239991,0.300195
3.74886,0.356768,-1,0.257667,0.300195
3.74911,0.402339,-1,0.274862,0.300195
3.74936,0.432599,-0.551181,0.273561,0.300195
3.74961,0.427851,0.614173,0.232579,0.300195
3.74986,0.372928,1,0.142835,0.300195
3.75011,0.261921,1,0.0116599,0.300195
3.75036,0.100217,1,-0.162216,0.300195
3.75061,-0.0947641,1,-0.326402,0.300195
3.75086,-0.297783,1,-0.474039,0.300195
3.75111,-0.479335,0.488189,-0.552335,0.300195
3.75136,-0.612735,-0.0944882,-0.574075,0.300195
3.75161,-0.678864,-0.393701,-0.515069,0.300195
3.75186,-0.67059,-0.330709,-0.392625,0.300195
3.75211,-0.593549,0.0708661,-0.220726,0.300195
3.75236,-0.464852,0.708661,-0.0396618,0.300195
3.75261,-0.309071,1,0.117134,0.300195
3.75286,-0.152578,1,0.235509,0.300195
3.75311,-0.0175676,1,0.28992,0.300195
3.75336,0.0816195,1,0.308314,0.300195
3.75361,0.141946,1,0.279865,0.300195
3.75386,0.170439,-0.015748,0.233836,0.300195
3.75411,0.181825,-1,0.186049,0.300195
3.75436,0.193436,-1,0.16344,0.300195
3.75461,0.220437,-1,0.180057,0.300195
3.75486,0.270527,-1,0.216961,0.300195
3.75511,0.341915,-1,0.267033,0.300195
3.75536,0.4228,-1,0.316826,0.300195
3.75561,0.494064,-1,0.353588,0.300195
3.75586,0.53378,-0.181102,0.352539,0.300195
3.75611,0.522887,0.818898,0.296685,0.300195
3.75636,0.450159,1,0.196369,0.300195
3.75661,0.315471,1,0.033184,0.300195
3.75686,0.131494,1,-0.148913,0.300195
3.75711,-0.0793632,1,-0.322309,0.300195
3.75736,-0.287876,0.464567,-0.452032,0.300195
3.75761,-0.464941,-0.102362,-0.51993,0.300195
3.75786,-0.58652,-0.433071,-0.518582,0.300195
3.75811,-0.639178,-0.409449,-0.437625,0.300195
3.75836,-0.621726,-0.023622,-0.308255,0.300195
3.75861,-0.545395,0.645669,-0.167827,0.300195
3.75886,-0.430478,1,-0.0215068,0.300195
3.75911,-0.301485,1,0.080724,0.300195
3.75936,-0.18125,1,0.153931,0.300195
3.75961,-0.0860551,1,0.176253,0.300195
3.75986,-0.02258,1,0.165008,0.300195
3.76011,0.0134659,0.826772,0.129676,0.300195
3.76036,0.0341306,-0.370079,0.0907195,0.300195
3.76061,0.0564731,-1,0.0735405,0.300195
3.76086,0.0961045,-1,0.094125,0.300195
3.76111,0.163191,-1,0.14678,0.300195
3.76136,0.258098,-1,0.233076,0.300195
3.76161,0.371191,-1,0.32487,0.300195
3.76186,0.483771,-1,0.394711,0.300195
3.76211,0.572393,-0.874016,0.445833,0.300195
3.76236,0.614516,0.125984,0.429064,0.300195
3.76261,0.593373,0.897638,0.366276,0.300195
3.76286,0.503008,1,0.232533,0.300195
3.76311,0.349877,1,0.0541749,0.300195
3.76336,0.15233,0.897638,-0.141259,0.300195
3.76361,-0.0627411,0.322835,-0.305156,0.300195
3.76386,-0.265484,-0.23622,-0.427094,0.300195
3.76411,-0.428488,-0.606299,-0.479365,0.300195
3.76436,-0.533,-0.637795,-0.450923,0.300195
3.76461,-0.571472,-0.283465,-0.37121,0.300195
3.76486,-0.549071,0.385827,-0.265095,0.300195
3.76511,-0.481142,1,-0.150151,0.300195
3.76536,-0.389429,1,-0.0568237,0.300195
3.76561,-0.295999,1,0.000507786,0.300195
3.76586,-0.218477,1,0.0275695,0.300195
3.76611,-0.165909,1,0.0239981,0.300195
3.76636,-0.13674,1,-0.00382499,0.300195
3.76661,-0.120823,0.535433,-0.0314161,0.300195
3.76686,-0.101728,-0.732283,-0.0442596,0.300195
3.76711,-0.0628253,-1,-0.019374,0.300195
3.76736,0.00846966,-1,0.0516546,0.300195
3.76762,0.115477,-1,0.162917,0.300195
3.76787,0.251388,-1,0.285278,0.300195
3.76812,0.398915,-1,0.400181,0.300195
3.76837,0.534269,-1,0.483835,0.300195
3.76862,0.631702,-0.433071,0.515062,0.300195
3.76887,0.6699,0.354331,0.493559,0.300195
3.76912,0.636415,0.834646,0.398079,0.300195
3.76937,0.531062,0.913386,0.239249,0.300195
3.76962,0.366739,0.629921,0.0462446,0.300195
3.76987,0.166186,0.110236,-0.149804,0.300195
3.77012,-0.0414552,-0.456693,-0.309408,0.300195
3.77037,-0.227628,-0.88189,-0.396507,0.300195
3.77062,-0.369128,-0.984252,-0.430459,0.300195
3.77087,-0.453419,-0.700787,-0.405316,0.300195
3.77112,-0.479454,-0.0393701,-0.334362,0.300195
3.77137,-0.457793,0.874016,-0.26012,0.300195
3.77162,-0.406511,1,-0.183793,0.300195
3.77187,-0.346298,1,-0.139516,0.300195
3.77212,-0.29524,1,-0.121849,0.300195
3.77237,-0.264043,1,-0.127981,0.300195
3.77262,-0.253634,1,-0.144657,0.300195
3.77287,-0.255273,1,-0.163833,0.300195
3.77312,-0.253437,0.173228,-0.169402,0.300195
3.77337,-0.230044,-1,-0.139903,0.300195
3.77362,-0.169967,-1,-0.0633452,0.300195
3.77387,-0.066214,-1,0.0598403,0.300195
3.77412,0.0779883,-1,0.209917,0.300195
3.77437,0.247974,-1,0.364271,0.300195
3.77462,0.420772,-1,0.487516,0.300195
3.77487,0.568877,-0.811024,0.567516,0.300195
3.77512,0.667,-0.0393701,0.580156,0.300195
3.77537,0.696634,0.472441,0.519955,0.300195
3.77562,0.650803,0.629921,0.387998,0.300195
3.77587,0.535702,0.409449,0.20627,0.300195
3.77612,0.369005,-0.0866142,0.000876384,0.300195
3.77637,0.176918,-0.685039,-0.17803,0.300195
3.77662,-0.0121134,-1,-0.311926,0.300195
3.77687,-0.172495,-1,-0.388995,0.300195
3.77712,-0.287465,-1,-0.402399,0.300195
3.77737,-0.350803,-0.622047,-0.373057,0.300195
3.77762,-0.368221,0.299213,-0.321838,0.300195
3.77787,-0.354038,1,-0.260755,0.300195
3.77812,-0.327083,1,-0.216495,0.300195
3.77837,-0.305262,1,-0.19892,0.300195
3.77862,-0.300712,1,-0.206748,0.300195
3.77887,-0.316322,1,-0.222022,0.300195
3.77912,-0.34493,1,-0.243525,0.300195
3.77937,-0.371671,1,-0.251578,0.300195
3.77962,-0.377245,-0.165354,-0.231523,0.300195
3.77987,-0.34402,-1,-0.172718,0.300195
3.78012,-0.260447,-1,-0.058499,0.300195
3.78037,-0.125761,-1,0.101081,0.300195
3.78062,0.0497053,-1,0.268153,0.300195
3.78087,0.244749,-1,0.428858,0.300195
3.78112,0.432044,-1,0.543878,0.300195
3.78137,0.583213,-0.267717,0.598288,0.300195
3.78162,0.674833,0.251969,0.572279,0.300195
3.78187,0.693209,0.448819,0.477003,0.300195
3.78212,0.637515,0.275591,0.326739,0.300195
3.78237,0.519427,-0.204724,0.130162,0.300195
3.78262,0.36062,-0.858268,-0.0542677,0.300195
3.78287,0.188062,-1,-0.206422,0.300195
3.78312,0.0278676,-1,-0.307951,0.300195
3.78337,-0.100214,-1,-0.353092,0.300195
3.78362,-0.185783,-1,-0.35538,0.300195
3.78387,-0.230176,-0.417323,-0.311889,0.300195
3.78412,-0.24399,0.700787,-0.2636,0.300195
3.78437,-0.244311,1,-0.221351,0.300195
3.78462,-0.248319,1,-0.202257,0.300195
3.78487,-0.269461,1,-0.215292,0.300195
3.78512,-0.31248,1,-0.238374,0.300195
3.78537,-0.37215,1,-0.277904,0.300195
3.78562,-0.434311,1,-0.308062,0.300195
3.78587,-0.478922,0.669291,-0.311247,0.300195
3.78612,-0.485546,-0.472441,-0.282347,0.300195
3.78637,-0.438342,-1,-0.196964,0.300195
3.78662,-0.331363,-1,-0.0671085,0.300195
3.78687,-0.169962,-1,0.105248,0.300195
3.78712,0.0283382,-1,0.285581,0.300195
3.78737,0.237713,-1,0.426141,0.300195
3.78762,0.428536,-0.330709,0.528165,0.300195
3.78787,0.573631,0.204724,0.550543,0.300195
3.78812,0.653385,0.433071,0.503027,0.300195
3.78837,0.6602,0.291339,0.383116,0.300195
3.78862,0.599057,-0.181102,0.23293,0.300195
3.78887,0.486399,-0.88189,0.0691811,0.300195
3.78912,0.345944,-1,-0.0752093,0.300195
3.78937,0.203042,-1,-0.175314,0.300195
3.78962,0.0793993,-1,-0.23412,0.300195
3.78987,-0.0120435,-1,-0.237028,0.300195
3.79012,-0.0684289,-1,-0.218563,0.300195
3.79037,-0.0975665,-0.11811,-0.174972,0.300195
3.79062,-0.114065,1,-0.133366,0.300195
3.79087,-0.135131,1,-0.12613,0.300195
3.79112,-0.174973,1,-0.14487,0.300195
3.79137,-0.240728,1,-0.199902,0.300195
3.79162,-0.329188,1,-0.268926,0.300195
3.79187,-0.427598,1,-0.328304,0.300195
3.79212,-0.515669,1,-0.376595,0.300195
3.79238,-0.570523,0.283465,-0.386376,0.300195
3.79263,-0.572292,-0.685039,-0.351254,0.300195
3.79288,-0.509192,-1,-0.242052,0.300195
3.79313,-0.381081,-1,-0.0878554,0.300195
3.79338,-0.200116,-1,0.0955624,0.300195
3.79363,0.0109367,-0.874016,0.26486,0.300195
3.79388,0.223017,-0.259843,0.405902,0.300195
3.79413,0.406795,0.275591,0.478487,0.300195
3.79438,0.538002,0.559055,0.48113,0.300195
3.79463,0.602882,0.464567,0.427651,0.300195
3.79488,0.599883,0.00787402,0.313811,0.300195
3.79513,0.539568,-0.724409,0.181256,0.300195
3.79538,0.441455,-1,0.0551606,0.300195
3.79563,0.329082,-1,-0.0349255,0.300195
3.79588,0.224418,-1,-0.0803647,0.300195
3.79613,0.1425,-1,-0.101664,0.300195
3.79638,0.0890789,-1,-0.081123,0.300195
3.79663,0.0591943,-1,-0.0507077,0.300195
3.79688,0.040037,0.212598,-0.022128,0.300195
3.79713,0.0146975,1,-0.0131454,0.300195
3.79738,-0.0322725,1,-0.0449684,0.300195
3.79763,-0.110466,1,-0.116249,0.300195
3.79788,-0.219374,1,-0.227497,0.300195
3.79813,-0.348385,1,-0.335642,0.300195
3.79838,-0.477711,1,-0.428683,0.300195
3.79863,-0.583026,0.92126,-0.484269,0.300195
3.79888,-0.640613,-0.0314961,-0.482921,0.300195
3.79913,-0.633296,-0.748031,-0.425918,0.300195
3.79938,-0.554456,-1,-0.289575,0.300195
3.79963,-0.410071,-1,-0.107636,0.300195
3.79988,-0.218418,-0.653543,0.0850109,0.300195
3.80013,-0.00602273,-0.0866142,0.261508,0.300195
3.80038,0.197226,0.456693,0.388693,0.300195
3.80063,0.364381,0.779528,0.45075,0.300195
3.80088,0.476198,0.755906,0.446836,0.300195
3.80113,0.525417,0.346457,0.381047,0.300195
3.80138,0.516449,-0.393701,0.286699,0.300195
3.80163,0.464311,-1,0.190658,0.300195
3.80188,0.389684,-1,0.116293,0.300195
3.80213,0.313891,-1,0.0709876,0.300195
3.80238,0.253237,-1,0.0446879,0.300195
3.80263,0.2155,-1,0.0511584,0.300195
3.80288,0.198429,-1,0.0743809,0.300195
3.80313,0.190544,-0.692913,0.0983863,0.300195
3.80338,0.175218,0.574803,0.0974378,0.300195
3.80363,0.135563,1,0.0624517,0.300195
3.80388,0.0592005,1,-0.0223627,0.300195
3.80413,-0.0567309,1,-0.143682,0.300195
3.80438,-0.204654,1,-0.286106,0.300195
3.80463,-0.366405,1,-0.418393,0.300195
3.80488,-0.517319,1,-0.507398,0.300195
3.80513,-0.630823,0.440945,-0.554295,0.300195
3.80538,-0.684647,-0.291339,-0.535059,0.300195
3.80563,-0.66586,-0.716535,-0.441605,0.300195
3.80588,-0.573664,-0.748031,-0.274477,0.300195
3.80613,-0.420335,-0.417323,-0.0868294,0.300195
3.80638,-0.228445,0.125984,0.111536,0.300195
3.80663,-0.0264206,0.708661,0.276368,0.300195
3.80688,0.157465,1,0.376574,0.300195
3.80713,0.300315,1,0.421135,0.300195
3.80738,0.389749,0.850394,0.407651,0.300195
3.80763,0.424666,0.125984,0.350801,0.300195
3.80788,0.415336,-0.84252,0.278493,0.300195
3.80813,0.37912,-1,0.218021,0.300195
3.80838,0.336138,-1,0.183841,0.300195
3.80863,0.303082,-1,0.176363,0.300195
3.80888,0.289566,-1,0.18345,0.300195
3.80913,0.295335,-1,0.197298,0.300195
3.80938,0.310372,-1,0.212289,0.300195
3.80963,0.31847,-0.338583,0.207338,0.300195
3.80988,0.300818,0.889764,0.177057,0.300195
3.81013,0.24242,1,0.091534,0.300195
3.81038,0.135913,1,-0.0387052,0.300195
3.81063,-0.0145793,1,-0.195932,0.300195
3.81088,-0.194302,1,-0.358608,0.300195
3.81113,-0.379174,1,-0.491494,0.300195
3.81138,-0.541391,0.748031,-0.572428,0.300195
3.81163,-0.654458,0.023622,-0.589164,0.300195
3.81188,-0.699605,-0.433071,-0.536921,0.300195
3.81213,-0.66911,-0.519685,-0.407519,0.300195
3.81238,-0.568404,-0.244094,-0.220722,0.300195
3.81263,-0.414964,0.291339,-0.0255215,0.300195
3.81288,-0.233844,0.92126,0.149872,0.300195
3.81313,-0.0532897,1,0.287448,0.300195
3.81338,0.102033,1,0.36322,0.300195
3.81363,0.215692,1,0.386597,0.300195
3.81388,0.281842,0.779528,0.36207,0.300195
3.81413,0.306239,-0.188976,0.306962,0.300195
3.81438,0.302829,-1,0.254093,0.300195
3.81463,0.290164,-1,0.221675,0.300195
3.81488,0.284947,-1,0.215016,0.300195
3.81513,0.298327,-1,0.22518,0.300195
3.81538,0.33193,-1,0.250603,0.300195
3.81563,0.377491,-1,0.271232,0.300195
3.81588,0.418759,-1,0.293068,0.300195
3.81613,0.435862,0,0.269935,0.300195
3.81638,0.410483,1,0.21962,0.300195
3.81663,0.330831,1,0.0992478,0.300195
3.81688,0.196126,1,-0.0529988,0.300195
3.81714,0.0169615,1,-0.228235,0.300195
3.81739,-0.185068,1,-0.394334,0.300195
3.81764,-0.382261,0.874016,-0.514135,0.300195
3.81789,-0.545425,0.188976,-0.578722,0.300195
3.81814,-0.650905,-0.275591,-0.562319,0.300195
3.81839,-0.684334,-0.409449,-0.474103,0.300195
3.81864,-0.64426,-0.173228,-0.323025,0.300195
3.81889,-0.54187,0.362205,-0.142834,0.300195
3.81914,-0.397939,1,0.0311443,0.300195
3.81939,-0.238665,1,0.17016,0.300195
3.81964,-0.0892079,1,0.258853,0.300195
3.81989,0.0310515,1,0.297353,0.300195
3.82014,0.112932,1,0.294187,0.300195
3.82039,0.157702,0.574803,0.26943,0.300195
3.82064,0.176569,-0.574803,0.216301,0.300195
3.82089,0.185866,-1,0.18676,0.300195
3.82114,0.202869,-1,0.167996,0.300195
3.82139,0.23956,-1,0.200454,0.300195
3.82164,0.299921,-1,0.241789,0.300195
3.82189,0.377462,-1,0.28762,0.300195
3.82214,0.456651,-1,0.331199,0.300195
3.82239,0.516708,-0.80315,0.348191,0.300195
3.82264,0.536104,0.307087,0.334214,0.300195
3.82289,0.498725,1,0.251052,0.300195
3.82314,0.39786,1,0.120703,0.300195
3.82339,0.239259,1,-0.0496342,0.300195
3.82364,0.0401449,1,-0.234145,0.300195
3.82389,-0.173464,0.811024,-0.391641,0.300195
3.82414,-0.371392,0.173228,-0.487242,0.300195
3.82439,-0.526463,-0.307087,-0.525444,0.300195
3.82464,-0.618585,-0.488189,-0.486768,0.302014
3.82489,-0.639689,-0.283465,-0.38924,0.302014
3.82514,-0.594318,0.259843,-0.249919,0.302014
3.82539,-0.498089,1,-0.0991071,0.302014
3.82564,-0.373895,1,0.0291879,0.302014
3.82589,-0.246164,1,0.124318,0.302014
3.82614,-0.135562,1,0.161763,0.302014
3.82639,-0.0541351,1,0.172236,0.302014
3.82664,-0.00390058,1,0.15363,0.302014
3.82689,0.0234665,0.291339,0.116254,0.302014
3.82714,0.0426847,-0.968504,0.0833667,0.302014
3.82739,0.0710755,-1,0.0844938,0.302014
3.82764,0.122029,-1,0.112788,0.302014
3.82789,0.201969,-1,0.182565,0.302014
3.82814,0.3067,-1,0.27461,0.302014
3.82839,0.422192,-1,0.346199,0.302014
3.82864,0.527229,-1,0.409456,0.302014
3.82889,0.597936,-0.385827,0.429922,0.302014
3.82914,0.613668,0.527559,0.397175,0.302014
3.82939,0.56196,1,0.296865,0.302014
3.82964,0.442377,1,0.14239,0.302014
3.82989,0.266695,1,-0.0403657,0.302014
3.83014,0.0577992,0.637795,-0.224276,0.302014
3.83039,-0.155478,0.0393701,-0.366212,0.302014
3.83064,-0.34361,-0.448819,-0.4475,0.302014
3.83089,-0.482593,-0.677165,-0.46506,0.302014
3.83114,-0.558067,-0.527559,-0.411362,0.302014
3.83139,-0.568392,-0.00787402,-0.311108,0.302014
3.83164,-0.523565,0.779528,-0.205309,0.302014
3.83189,-0.44228,1,-0.0962537,0.302014
3.83214,-0.347176,1,-0.0179031,0.302014
3.83239,-0.259035,1,0.0216712,0.302014
3.83264,-0.192044,1,0.0216821,0.302014
3.83289,-0.150521,1,0.0119312,0.302014
3.83314,-0.129017,1,-0.0163382,0.302014
3.83339,-0.113914,-0.0551181,-0.0443529,0.302014
3.83364,-0.0878654,-1,-0.0455346,0.302014
3.83389,-0.0358322,-1,-0.000141737,0.302014
3.83414,0.05142,-1,0.0847846,0.302014
3.83439,0.172677,-1,0.209476,0.302014
3.83464,0.316291,-1,0.337964,0.302014
3.83489,0.461607,-1,0.441946,0.302014
3.83514,0.583326,-0.937008,0.511758,0.302014
3.83539,0.656894,-0.0314961,0.514481,0.302014
3.83564,0.664265,0.637795,0.463608,0.302014
3.83589,0.598373,0.937008,0.331993,0.302014
3.83614,0.464689,0.834646,0.15499,0.302014
3.83639,0.281077,0.417323,-0.0389779,0.302014
3.83664,0.073653,-0.15748,-0.226303,0.302014
3.83689,-0.127708,-0.692913,-0.349691,0.302014
3.83714,-0.296557,-0.992126,-0.421022,0.302014
3.83739,-0.41366,-0.92126,-0.428617,0.302014
3.83764,-0.471661,-0.440945,-0.376915,0.302014
3.83789,-0.474863,0.362205,-0.303328,0.302014
3.83814,-0.437604,1,-0.225043,0.302014
3.83839,-0.37981,1,-0.168371,0.302014
3.83864,-0.321778,1,-0.130668,0.302014
3.83889,-0.278752,1,-0.121126,0.302014
3.83914,-0.257199,1,-0.135409,0.302014
3.83939,-0.253753,1,-0.154166,0.302014
3.83964,-0.256014,0.866142,-0.168528,0.302014
3.83989,-0.24674,-0.401575,-0.158328,0.302014
3.84014,-0.208597,-1,-0.111069,0.302014
3.84039,-0.129641,-1,-0.0169965,0.302014
3.84064,-0.00687742,-1,0.131839,0.302014
3.84089,0.15096,-1,0.286181,0.302014
3.84114,0.325447,-1,0.43172,0.302014
3.84139,0.490737,-1,0.539622,0.302014
3.84165,0.619706,-0.440945,0.59182,0.302014
3.8419,0.689232,0.23622,0.576848,0.302014
3.84215,0.685657,0.598425,0.473608,0.302014
3.8424,0.607755,0.574803,0.319618,0.302014
3.84265,0.467019,0.212598,0.116462,0.302014
3.8429,0.285656,-0.354331,-0.0803269,0.302014
3.84315,0.0914793,-0.937008,-0.245888,0.302014
3.8434,-0.0876145,-1,-0.354542,0.302014
3.84365,-0.229409,-1,-0.406874,0.302014
3.8439,-0.321661,-1,-0.400237,0.302014
3.84415,-0.363473,-0.23622,-0.358367,0.302014
3.8444,-0.364797,0.779528,-0.302053,0.302014
3.84465,-0.34251,1,-0.255099,0.302014
3.8449,-0.315891,1,-0.219674,0.302014
3.84515,-0.300732,1,-0.214463,0.302014
3.8454,-0.305288,1,-0.225181,0.302014
3.84565,-0.328092,1,-0.242123,0.302014
3.8459,-0.358104,1,-0.248242,0.302014
3.84615,-0.377864,0.511811,-0.251483,0.302014
3.8464,-0.368211,-0.700787,-0.205252,0.302014
3.84665,-0.313707,-1,-0.127381,0.302014
3.8469,-0.206982,-1,0.00633414,0.302014
3.84715,-0.0523536,-1,0.176101,0.302014
3.8474,0.134805,-1,0.348118,0.302014
3.84765,0.330007,-1,0.484392,0.302014
3.8479,0.50479,-0.669291,0.570115,0.302014
3.84815,0.63206,0,0.596227,0.302014
3.8484,0.692322,0.385827,0.537131,0.302014
3.84865,0.677359,0.417323,0.411155,0.302014
3.8489,0.591969,0.0866142,0.237655,0.302014
3.84915,0.452833,-0.488189,0.0478587,0.302014
3.8494,0.284617,-1,-0.13033,0.302014
3.84965,0.114509,-1,-0.256933,0.302014
3.8499,-0.0335455,-1,-0.337274,0.302014
3.85015,-0.143368,-1,-0.350634,0.302014
3.8504,-0.210116,-0.944882,-0.336824,0.302014
3.85065,-0.239168,0.0629921,-0.289874,0.302014
3.8509,-0.24481,1,-0.236621,0.302014
3.85115,-0.244632,1,-0.208468,0.302014
3.8514,-0.255087,1,-0.199456,0.302014
3.85165,-0.285801,1,-0.226866,0.302014
3.8519,-0.337414,1,-0.262081,0.302014
3.85215,-0.400409,1,-0.28956,0.302014
3.8524,-0.45743,1,-0.313284,0.302014
3.85265,-0.487582,0.15748,-0.310077,0.302014
3.8529,-0.471899,-0.905512,-0.260218,0.302014
3.85315,-0.398488,-1,-0.150913,0.302014
3.8534,-0.266112,-1,0.00402195,0.302014
3.85365,-0.085701,-1,0.186799,0.302014
3.8539,0.121017,-1,0.353265,0.302014
3.85415,0.325957,-0.716535,0.473765,0.302014
3.8544,0.499573,-0.0866142,0.541665,0.302014
3.85465,0.617604,0.330709,0.54181,0.302014
3.8549,0.665364,0.401575,0.463127,0.302014
3.85515,0.64082,0.102362,0.319615,0.302014
3.8554,0.554385,-0.480315,0.159364,0.302014
3.85565,0.426385,-1,4.1421e-05,0.302014
3.8559,0.281847,-1,-0.129398,0.302014
3.85615,0.145134,-1,-0.211005,0.302014
3.8564,0.0347161,-1,-0.237829,0.302014
3.85665,-0.0410228,-1,-0.233545,0.302014
3.8569,-0.0838981,-0.748031,-0.197736,0.302014
3.85715,-0.105393,0.433071,-0.16066,0.302014
3.8574,-0.121743,1,-0.126109,0.302014
3.85765,-0.149735,1,-0.133255,0.302014
3.8579,-0.200707,1,-0.170058,0.302014
3.85815,-0.277496,1,-0.233869,0.302014
3.8584,-0.372485,1,-0.299381,0.302014
3.85865,-0.469118,1,-0.362701,0.302014
3.8589,-0.545237,0.889764,-0.390402,0.302014
3.85915,-0.578761,-0.165354,-0.378861,0.302014
3.8594,-0.552805,-1,-0.313314,0.302014
3.85965,-0.460241,-1,-0.182273,0.302014
3.8599,-0.306653,-1,-0.0112493,0.302014
3.86015,-0.109019,-1,0.176607,0.302014
3.8604,0.106213,-0.598425,0.336391,0.302014
3.86065,0.309305,0,0.446512,0.302014
3.8609,0.472221,0.433071,0.491956,0.302014
3.86115,0.575248,0.543307,0.466685,0.302014
3.8614,0.609551,0.283465,0.380223,0.302014
3.86165,0.579325,-0.314961,0.255645,0.302014
3.8619,0.499629,-1,0.129439,0.302014
3.86215,0.392278,-1,0.0132156,0.302014
3.8624,0.280878,-1,-0.0596955,0.302014
3.86265,0.184841,-1,-0.0933106,0.302014
3.8629,0.115502,-1,-0.0934677,0.302014
3.86315,0.0734913,-1,-0.0733037,0.302014
3.8634,0.0503748,-0.456693,-0.0479565,0.302014
3.86365,0.0307223,0.80315,-0.0212706,0.302014
3.8639,-0.00256769,1,-0.0263105,0.302014
3.86415,-0.062673,1,-0.0821258,0.302014
3.8644,-0.155119,1,-0.163973,0.302014
3.86465,-0.27482,1,-0.268442,0.302014
3.8649,-0.406824,1,-0.364475,0.302014
3.86515,-0.528561,1,-0.441343,0.302014
3.8654,-0.615515,0.464567,-0.478759,0.302014
3.86565,-0.646108,-0.401575,-0.446242,0.302014
3.8659,-0.607269,-0.96063,-0.357876,0.302014
3.86615,-0.498078,-1,-0.207601,0.302014
3.86641,-0.329972,-0.897638,-0.0159045,0.302014
3.86666,-0.125576,-0.401575,0.168274,0.302014
3.86691,0.0865401,0.173228,0.324242,0.302014
3.86716,0.276712,0.645669,0.412446,0.302014
3.86741,0.421245,0.818898,0.442737,0.302014
3.86766,0.505598,0.622047,0.402453,0.302014
3.86791,0.527902,0.0393701,0.327805,0.302014
3.86816,0.497566,-0.80315,0.229704,0.302014
3.86841,0.432896,-1,0.145313,0.302014
3.86866,0.355286,-1,0.0786182,0.302014
3.86891,0.284554,-1,0.0553233,0.302014
3.86916,0.233704,-1,0.0528384,0.302014
3.86941,0.205886,-1,0.0710534,0.302014
3.86966,0.194714,-1,0.0974856,0.302014
3.86991,0.185735,-0.11811,0.110981,0.302014
3.87016,0.161656,1,0.0939478,0.302014
3.87041,0.106719,1,0.0369276,0.302014
3.87066,0.0127355,1,-0.060357,0.302014
3.87091,-0.118993,1,-0.198553,0.302014
3.87116,-0.275696,1,-0.33703,0.302014
3.87141,-0.435901,1,-0.454142,0.302014
3.87166,-0.573426,0.937008,-0.53104,0.302014
3.87191,-0.662942,0.0866142,-0.550619,0.302014
3.87216,-0.685666,-0.527559,-0.501831,0.302014
3.87241,-0.633784,-0.779528,-0.373427,0.302014
3.87266,-0.512462,-0.637795,-0.199025,0.302014
3.87291,-0.33878,-0.19685,0.00339766,0.302014
3.87316,-0.138777,0.385827,0.188793,0.302014
3.87341,0.0585828,0.913386,0.328044,0.302014
3.87366,0.226528,1,0.403536,0.302014
3.87391,0.346641,1,0.418352,0.302014
3.87416,0.41146,0.566929,0.382692,0.302014
3.87441,0.425024,-0.283465,0.31698,0.302014
3.87466,0.401529,-1,0.254606,0.302014
3.87491,0.359881,-1,0.201388,0.302014
3.87516,0.319522,-1,0.181421,0.302014
3.87541,0.294503,-1,0.180002,0.302014
3.87566,0.290089,-1,0.187531,0.302014
3.87591,0.301705,-1,0.209808,0.302014
3.87616,0.31597,-1,0.220128,0.302014
3.87641,0.314968,0.204724,0.206581,0.302014
3.87666,0.280709,1,0.150652,0.302014
3.87691,0.201437,1,0.046808,0.302014
3.87716,0.0743111,1,-0.106753,0.302014
3.87741,-0.0915177,1,-0.2717,0.302014
3.87766,-0.276782,1,-0.42564,0.302014
3.87791,-0.455123,1,-0.541921,0.302014
3.87816,-0.598646,0.425197,-0.605376,0.302014
3.87841,-0.683515,-0.188976,-0.584916,0.302014
3.87866,-0.695443,-0.496063,-0.493983,0.302014
3.87891,-0.632605,-0.425197,-0.335066,0.302014
3.87916,-0.505863,-0.015748,-0.13813,0.302014
3.87941,-0.336787,0.574803,0.0588393,0.302014
3.87966,-0.152491,1,0.225449,0.302014
3.87991,0.0195321,1,0.334654,0.302014
3.88016,0.157986,1,0.390153,0.302014
3.88041,0.250612,1,0.387503,0.302014
3.88066,0.297113,0.354331,0.352045,0.302014
3.88091,0.307156,-0.700787,0.300609,0.302014
3.88116,0.29737,-1,0.251327,0.302014
3.88141,0.286061,-1,0.225298,0.302014
3.88166,0.288241,-1,0.221741,0.302014
3.88191,0.310905,-1,0.227811,0.302014
3.88216,0.351315,-1,0.259198,0.302014
3.88241,0.397358,-1,0.269985,0.302014
3.88266,0.430472,-0.661417,0.279749,0.302014
3.88291,0.430765,0.519685,0.236612,0.302014
3.88316,0.382274,1,0.158154,0.302014
3.88341,0.277828,1,0.0312056,0.302014
3.88366,0.121522,1,-0.142079,0.302014
3.88391,-0.0709311,1,-0.309112,0.302014
3.88416,-0.274331,1,-0.454619,0.302014
3.88441,-0.459996,0.559055,-0.551171,0.302014
3.88466,-0.600195,-0.0393701,-0.578936,0.302014
3.88491,-0.674922,-0.370079,-0.524288,0.302014
3.88516,-0.675358,-0.330709,-0.410676,0.302014
3.88541,-0.605723,0.0472441,-0.243607,0.302014
3.88566,-0.481974,0.669291,-0.0621837,0.302014
3.88591,-0.32795,1,0.0983256,0.302014
3.88616,-0.170257,1,0.217418,0.302014
3.88641,-0.0317674,1,0.292614,0.302014
3.88666,0.0720162,1,0.30294,0.302014
3.88691,0.136747,1,0.290456,0.302014
3.88716,0.16833,0.0629921,0.245871,0.302014
3.88741,0.180832,-1,0.199106,0.302014
3.88766,0.191527,-1,0.166664,0.302014
3.88791,0.216141,-1,0.171123,0.302014
3.88816,0.263397,-1,0.209376,0.302014
3.88841,0.332707,-1,0.259226,0.302014
3.88866,0.41335,-1,0.303086,0.302014
3.88891,0.486876,-1,0.339775,0.302014
3.88916,0.531476,-0.291339,0.348546,0.302014
3.88941,0.527242,0.732283,0.298675,0.302014
3.88966,0.46204,1,0.203798,0.302014
3.88991,0.334227,1,0.0489704,0.302014
3.89016,0.154982,1,-0.126362,0.302014
3.89041,-0.0540816,1,-0.303983,0.302014
3.89066,-0.264427,0.535433,-0.434319,0.302014
3.89091,-0.446602,-0.0472441,-0.507927,0.302014
3.89117,-0.575641,-0.401575,-0.516225,0.302014
3.89142,-0.636729,-0.409449,-0.442925,0.302014
3.89167,-0.627162,-0.0472441,-0.326241,0.302014
3.89192,-0.556848,0.598425,-0.176461,0.302014
3.89217,-0.445227,1,-0.0352522,0.302014
3.89242,-0.316624,1,0.0774291,0.302014
3.89267,-0.194331,1,0.147764,0.302014
3.89292,-0.0956293,1,0.17814,0.302014
3.89317,-0.0284377,1,0.164035,0.302014
3.89342,0.010348,0.913386,0.134551,0.302014
3.89367,0.0319707,-0.291339,0.0976437,0.302014
3.89392,0.0531227,-1,0.0709286,0.302014
3.89417,0.0901458,-1,0.0879251,0.302014
3.89442,0.153689,-1,0.140902,0.302014
3.89467,0.245701,-1,0.221552,0.302014
3.89492,0.357443,-1,0.308465,0.302014
3.89517,0.471278,-1,0.38673,0.302014
3.89542,0.564065,-0.968504,0.428232,0.302014
3.89567,0.612591,0.0472441,0.435695,0.302014
3.89592,0.599513,0.850394,0.368639,0.302014
3.89617,0.517145,1,0.244331,0.302014
3.89642,0.37066,1,0.0718144,0.302014
3.89667,0.177066,0.937008,-0.122008,0.302014
3.89692,-0.0374893,0.377953,-0.295363,0.302014
3.89717,-0.243219,-0.19685,-0.414207,0.302014
3.89742,-0.412075,-0.582677,-0.466753,0.302014
3.89767,-0.52411,-0.645669,-0.450914,0.302014
3.89792,-0.570321,-0.330709,-0.37774,0.302014
3.89817,-0.554463,0.330709,-0.272618,0.302014
3.89842,-0.490834,1,-0.157224,0.302014
3.89867,-0.400737,1,-0.0624034,0.302014
3.89892,-0.306444,1,0.00219219,0.302014
3.89917,-0.226382,1,0.0246847,0.302014
3.89942,-0.170745,1,0.0291111,0.302014
3.89967,-0.139269,1,-0.000456783,0.302014
3.89992,-0.122499,0.637795,-0.027983,0.302014
3.90017,-0.104676,-0.637795,-0.0370798,0.302014
3.90042,-0.0688944,-1,-0.0244569,0.302014
3.90067,-0.00180408,-1,0.0368823,0.302014
3.90092,0.10115,-1,0.145963,0.302014
3.90117,0.23438,-1,0.270949,0.302014
3.90142,0.381676,-1,0.383972,0.302014
3.90167,0.519816,-1,0.471805,0.302014
3.90192,0.622943,-0.511811,0.514053,0.302014
3.90217,0.668984,0.299213,0.500475,0.302014
3.90242,0.6442,0.811024,0.404756,0.302014
3.90267,0.546882,0.929134,0.25467,0.302014
3.90292,0.388485,0.677165,0.0705376,0.302014
3.90317,0.190741,0.165354,-0.130961,0.302014
3.90342,-0.0176072,-0.401575,-0.28147,0.302014
3.90367,-0.207555,-0.850394,-0.392037,0.302014
3.90392,-0.355309,-0.992126,-0.422776,0.302014
3.90417,-0.44653,-0.748031,-0.408432,0.302014
3.90442,-0.47917,-0.110236,-0.344739,0.302014
3.90467,-0.462238,0.787402,-0.26281,0.302014
3.90492,-0.413335,1,-0.190072,0.302014
3.90517,-0.353208,1,-0.146703,0.302014
3.90542,-0.300341,1,-0.125879,0.302014
3.90567,-0.266597,1,-0.122995,0.302014
3.90592,-0.254034,1,-0.140202,0.302014
3.90617,-0.25499,1,-0.15987,0.302014
3.90642,-0.254415,0.299213,-0.171598,0.302014
3.90667,-0.234446,-0.952756,-0.140972,0.302014
3.90692,-0.179239,-1,-0.0738287,0.302014
3.90717,-0.0806846,-1,0.0369561,0.302014
3.90742,0.05931,-1,0.18787,0.302014
3.90767,0.227311,-1,0.346893,0.302014
3.90792,0.401173,-1,0.469312,0.302014
3.90817,0.553577,-0.913386,0.552572,0.302014
3.90842,0.658741,-0.11811,0.573635,0.302014
3.90867,0.697044,0.433071,0.523151,0.302014
3.90892,0.660035,0.629921,0.407578,0.302014
3.90917,0.552371,0.448819,0.227901,0.302014
3.90942,0.390497,-0.023622,0.027255,0.302014
3.90967,0.199915,-0.622047,-0.160546,0.302014
3.90992,0.0090769,-1,-0.308137,0.302014
3.91017,-0.155772,-1,-0.388288,0.302014
3.91042,-0.276624,-1,-0.410135,0.302014
3.91067,-0.345951,-0.692913,-0.383752,0.302014
3.91092,-0.368179,0.204724,-0.33358,0.302014
3.91117,-0.356675,1,-0.268116,0.302014
3.91142,-0.330316,1,-0.221941,0.302014
3.91167,-0.307099,1,-0.203779,0.302014
3.91192,-0.300165,1,-0.203001,0.302014
3.91217,-0.313573,1,-0.220231,0.302014
3.91242,-0.341294,1,-0.242135,0.302014
3.91267,-0.369223,1,-0.251274,0.302014
3.91292,-0.37828,-0.0472441,-0.231691,0.302014
3.91317,-0.35039,-1,-0.182389,0.302014
3.91342,-0.273005,-1,-0.0719333,0.302014
3.91367,-0.144034,-1,0.0736896,0.302014
3.91392,0.0274411,-1,0.24457,0.302014
3.91417,0.221624,-1,0.410946,0.302014
3.91442,0.411256,-1,0.525391,0.302014
3.91467,0.568128,-0.354331,0.585015,0.302014
3.91492,0.667663,0.204724,0.577667,0.302014
3.91517,0.695,0.440945,0.49207,0.302014
3.91542,0.647672,0.299213,0.338896,0.302014
3.91567,0.535933,-0.149606,0.150477,0.302014
3.91593,0.38064,-0.787402,-0.0418354,0.302014
3.91618,0.208206,-1,-0.196069,0.302014
3.91643,0.0453175,-1,-0.295939,0.302014
3.91668,-0.0872656,-1,-0.347902,0.302014
3.91693,-0.177987,-1,-0.344897,0.302014
3.91718,-0.226843,-0.503937,-0.31612,0.302014
3.91743,-0.243443,0.598425,-0.263131,0.302014
3.91768,-0.244429,1,-0.221975,0.302014
3.91793,-0.247161,1,-0.195219,0.302014
3.91818,-0.265849,1,-0.19996,0.302014
3.91843,-0.306352,1,-0.2339,0.302014
3.91868,-0.364642,1,-0.266976,0.302014
3.91893,-0.427477,1,-0.302771,0.302014
3.91918,-0.475253,0.795276,-0.312092,0.302014
3.91943,-0.487311,-0.346457,-0.2832,0.302014
3.91968,-0.446966,-1,-0.212652,0.302014
3.91993,-0.346993,-1,-0.0858482,0.302014
3.92018,-0.191299,-1,0.0832542,0.302014
3.92043,0.00386053,-1,0.260219,0.302014
3.92068,0.213453,-1,0.415399,0.302014
3.92093,0.407973,-0.417323,0.516707,0.302014
3.92118,0.559669,0.125984,0.554226,0.302014
3.92143,0.647759,0.393701,0.51231,0.302014
3.92168,0.663104,0.291339,0.40838,0.302014
3.92193,0.60934,-0.149606,0.247329,0.302014
3.92218,0.501609,-0.818898,0.0841304,0.302014
3.92243,0.363084,-1,-0.0663934,0.302014
3.92268,0.219217,-1,-0.171625,0.302014
3.92293,0.0924383,-1,-0.231627,0.302014
3.92318,-0.00316543,-1,-0.248996,0.302014
3.92343,-0.0634546,-1,-0.221832,0.302014
3.92368,-0.0951505,-0.220472,-0.18881,0.302014
3.92393,-0.11224,0.992126,-0.147804,0.302014
3.92418,-0.131818,1,-0.129981,0.302014
3.92443,-0.168998,1,-0.144706,0.302014
3.92468,-0.231596,1,-0.197015,0.296069
3.92493,-0.317921,1,-0.258999,0.296069
3.92518,-0.4161,1,-0.319322,0.296069
3.92543,-0.506576,1,-0.3719,0.296069
3.92568,-0.566527,0.409449,-0.385423,0.296069
3.92593,-0.575301,-0.574803,-0.347168,0.296069
3.92618,-0.52019,-1,-0.250837,0.296069
3.92643,-0.39925,-1,-0.104015,0.296069
3.92668,-0.223499,-1,0.0785923,0.296069
3.92693,-0.0144538,-0.937008,0.255147,0.296069
3.92718,0.198982,-0.330709,0.387712,0.296069
3.92743,0.387511,0.212598,0.474834,0.296069
3.92768,0.525847,0.519685,0.490004,0.296069
3.92793,0.598874,0.464567,0.431857,0.296069
3.92818,0.603528,0.0472441,0.320868,0.296069
3.92843,0.54908,-0.661417,0.186215,0.296069
3.92868,0.454214,-1,0.0655239,0.296069
3.92893,0.342296,-1,-0.0287509,0.296069
3.92918,0.235771,-1,-0.0886579,0.296069
3.92943,0.150663,-1,-0.102968,0.296069
3.92968,0.0939478,-1,-0.0958111,0.296069
3.92993,0.0618219,-1,-0.0633757,0.296069
3.93018,0.0422483,0.102362,-0.0239518,0.296069
3.93043,0.018518,1,-0.00925933,0.296069
3.93068,-0.0252412,1,-0.0369692,0.296069
3.93093,-0.0995744,1,-0.105746,0.296069
3.93118,-0.205211,1,-0.205292,0.296069
3.93143,-0.332739,1,-0.307151,0.296069
3.93168,-0.463237,1,-0.410218,0.296069
3.93193,-0.572676,1,-0.465584,0.296069
3.93218,-0.637,0.0472441,-0.479924,0.296069
3.93243,-0.637849,-0.700787,-0.424599,0.296069
3.93268,-0.567369,-1,-0.304241,0.296069
3.93293,-0.429963,-1,-0.134107,0.296069
3.93318,-0.242625,-0.708661,0.0601422,0.296069
3.93343,-0.0311273,-0.149606,0.241239,0.296069
3.93368,0.174711,0.401575,0.378033,0.296069
3.93393,0.347201,0.755906,0.442467,0.296069
3.93418,0.466268,0.771654,0.441281,0.296069
3.93443,0.522774,0.393701,0.384097,0.296069
3.93468,0.520122,-0.314961,0.285864,0.296069
3.93493,0.472025,-1,0.19825,0.296069
3.93518,0.398925,-1,0.116068,0.296069
3.93543,0.322308,-1,0.0718002,0.296069
3.93568,0.259239,-1,0.0503104,0.296069
3.93593,0.218794,-1,0.0515817,0.296069
3.93618,0.199658,-1,0.0757523,0.296069
3.93643,0.191483,-0.811024,0.100869,0.296069
3.93668,0.177957,0.456693,0.105989,0.296069
3.93693,0.141952,1,0.074981,0.296069
3.93718,0.0702654,1,-0.00377386,0.296069
3.93743,-0.0412056,1,-0.121572,0.296069
3.93768,-0.186101,1,-0.266354,0.296069
3.93793,-0.347406,1,-0.402336,0.296069
3.93818,-0.500997,1,-0.503778,0.296069
3.93843,-0.620188,0.535433,-0.551523,0.296069
3.93868,-0.681926,-0.220472,-0.539486,0.296069
3.93893,-0.671986,-0.669291,-0.448886,0.296069
3.93918,-0.588035,-0.740157,-0.301827,0.296069
3.93943,-0.440902,-0.448819,-0.107531,0.296069
3.93968,-0.252137,0.0708661,0.0892764,0.296069
3.93993,-0.0497736,0.653543,0.25176,0.296069
3.94018,0.137599,1,0.369202,0.296069
3.94043,0.286148,1,0.414485,0.296069
3.94069,0.382163,0.874016,0.413673,0.296069
3.94094,0.423151,0.188976,0.359381,0.296069
3.94119,0.418234,-0.76378,0.291404,0.296069
3.94144,0.38413,-1,0.231674,0.296069
3.94169,0.340974,-1,0.189165,0.296069
3.94194,0.306058,-1,0.182227,0.296069
3.94219,0.290052,-1,0.180295,0.296069
3.94244,0.293889,-1,0.196418,0.296069
3.94269,0.308673,-1,0.207355,0.296069
3.94294,0.318483,-0.456693,0.205645,0.296069
3.94319,0.304754,0.779528,0.179243,0.296069
3.94344,0.251731,1,0.106167,0.296069
3.94369,0.150904,1,-0.0219693,0.296069
3.94394,0.0050341,1,-0.182189,0.296069
3.94419,-0.17226,1,-0.345761,0.296069
3.94444,-0.358037,1,-0.475774,0.296069
3.94469,-0.524321,0.834646,-0.566219,0.296069
3.94494,-0.644391,0.102362,-0.589955,0.296069
3.94519,-0.698184,-0.377953,-0.54354,0.296069
3.94544,-0.676569,-0.496063,-0.422014,0.296069
3.94569,-0.583481,-0.251969,-0.245254,0.296069
3.94594,-0.435008,0.259843,-0.0440223,0.296069
3.94619,-0.255763,0.874016,0.140887,0.296069
3.94644,-0.0736548,1,0.280427,0.296069
3.94669,0.0856973,1,0.365626,0.296069
3.94694,0.204793,1,0.391794,0.296069
3.94719,0.276442,0.826772,0.370318,0.296069
3.94744,0.305166,-0.110236,0.325407,0.296069
3.94769,0.304097,-1,0.272811,0.296069
3.94794,0.291504,-1,0.22694,0.296069
3.94819,0.284738,-1,0.213536,0.296069
3.94844,0.295644,-1,0.224486,0.296069
3.94869,0.327101,-1,0.236805,0.296069
3.94894,0.371966,-1,0.268237,0.296069
3.94919,0.414739,-1,0.279067,0.296069
3.94944,0.435724,-0.110236,0.269648,0.296069
3.94969,0.416132,1,0.210862,0.296069
3.94994,0.343142,1,0.108327,0.296069
3.95019,0.214599,1,-0.0409964,0.296069
3.95044,0.0397245,1,-0.219005,0.296069
3.95069,-0.160966,1,-0.371622,0.296069
3.95094,-0.360278,0.952756,-0.493784,0.296069
3.95119,-0.528817,0.267717,-0.561216,0.296069
3.95144,-0.642071,-0.228346,-0.555552,0.296069
3.95169,-0.68431,-0.401575,-0.473811,0.296069
3.95194,-0.652546,-0.19685,-0.333282,0.296069
3.95219,-0.556563,0.307087,-0.15157,0.296069
3.95244,-0.416203,0.976378,0.0169648,0.296069
3.95269,-0.257356,1,0.166258,0.296069
3.95294,-0.105571,1,0.257355,0.296069
3.95319,0.0188132,1,0.298897,0.296069
3.95344,0.105367,1,0.296723,0.296069
3.95369,0.15408,0.661417,0.267635,0.296069
3.95394,0.1751,-0.472441,0.219174,0.296069
3.95419,0.184698,-1,0.180673,0.296069
3.95444,0.199956,-1,0.165776,0.296069
3.95469,0.234,-1,0.182171,0.296069
3.95494,0.291675,-1,0.228743,0.296069
3.95519,0.367867,-1,0.280571,0.296069
3.95544,0.447897,-1,0.31964,0.296069
3.95569,0.511346,-0.913386,0.351588,0.296069
3.95594,0.536588,0.204724,0.330776,0.296069
3.95619,0.506388,1,0.265077,0.296069
3.95644,0.413051,1,0.14206,0.296069
3.95669,0.260465,1,-0.0261749,0.296069
3.95694,0.0648948,1,-0.206896,0.296069
3.95719,-0.148553,0.889764,-0.369682,0.296069
3.95744,-0.349832,0.251969,-0.478141,0.296069
3.95769,-0.511197,-0.244094,-0.522682,0.296069
3.95794,-0.611393,-0.456693,-0.488087,0.296069
3.95819,-0.640874,-0.291339,-0.398419,0.296069
3.95844,-0.602618,0.204724,-0.259293,0.296069
3.95869,-0.511359,0.937008,-0.107206,0.296069
3.95894,-0.38916,1,0.0204485,0.296069
3.95919,-0.260646,1,0.113863,0.296069
3.95944,-0.1472,1,0.16939,0.296069
3.95969,-0.0620231,1,0.180159,0.296069
3.95994,-0.00837086,1,0.160259,0.296069
3.96019,0.0210213,0.393701,0.121049,0.296069
3.96044,0.0402917,-0.84252,0.0872838,0.296069
3.96069,0.066801,-1,0.0776394,0.296069
3.96094,0.114569,-1,0.103581,0.296069
3.96119,0.191106,-1,0.176856,0.296069
3.96144,0.293452,-1,0.25312,0.296069
3.96169,0.408675,-1,0.332825,0.296069
3.96194,0.516181,-1,0.406557,0.296069
3.96219,0.592115,-0.496063,0.427266,0.296069
3.96244,0.615164,0.440945,0.405579,0.296069
3.96269,0.571665,1,0.314478,0.296069
3.96294,0.459702,1,0.169397,0.296069
3.96319,0.289612,1,-0.0118868,0.296069
3.96344,0.0832074,0.700787,-0.199919,0.296069
3.96369,-0.131224,0.110236,-0.342485,0.296069
3.96394,-0.323632,-0.393701,-0.440818,0.296069
3.96419,-0.469274,-0.653543,-0.456908,0.296069
3.96444,-0.552656,-0.543307,-0.412163,0.296069
3.96469,-0.570291,-0.0629921,-0.329284,0.296069
3.96494,-0.531172,0.700787,-0.208905,0.296069
3.96519,-0.453015,1,-0.109587,0.296069
3.96545,-0.358371,1,-0.0229941,0.296069
3.9657,-0.268552,1,0.0124407,0.296069
3.96595,-0.198589,1,0.0272372,0.296069
3.9662,-0.154253,1,0.0109257,0.296069
3.96645,-0.130887,1,-0.0156489,0.296069
3.9667,-0.115896,0.0629921,-0.0417901,0.296069
3.96695,-0.0919948,-1,-0.050879,0.296069
3.9672,-0.0436781,-1,-0.0119537,0.296069
3.96745,0.0392783,-1,0.0744061,0.296069
3.9677,0.156921,-1,0.192882,0.296069
3.96795,0.298833,-1,0.316737,0.296069
3.9682,0.445214,-1,0.421977,0.296069
3.96845,0.571057,-1,0.497822,0.296069
3.9687,0.651397,-0.11811,0.514828,0.296069
3.96895,0.667186,0.574803,0.464638,0.296069
3.9692,0.609871,0.913386,0.350534,0.296069
3.96945,0.483455,0.858268,0.180651,0.296069
3.9697,0.304487,0.464567,-0.0235029,0.296069
3.96995,0.0983256,-0.0944882,-0.206329,0.296069
3.9702,-0.105228,-0.637795,-0.338184,0.296069
3.97045,-0.279108,-0.96063,-0.415155,0.296069
3.9707,-0.402922,-0.929134,-0.42787,0.296069
3.97095,-0.467891,-0.496063,-0.378193,0.296069
3.9712,-0.476956,0.267717,-0.305716,0.296069
3.97145,-0.443485,1,-0.232299,0.296069
3.9717,-0.386999,1,-0.16575,0.296069
3.97195,-0.328063,1,-0.129222,0.296069
3.9722,-0.282735,1,-0.121241,0.296069
3.97245,-0.258628,1,-0.13028,0.296069
3.9727,-0.253543,1,-0.154592,0.296069
3.97295,-0.255965,0.992126,-0.162579,0.296069
3.9732,-0.248995,-0.267717,-0.164874,0.296069
3.97345,-0.215024,-1,-0.119858,0.296069
3.9737,-0.141242,-1,-0.0304984,0.296069
3.97395,-0.0235226,-1,0.112675,0.296069
3.9742,0.131142,-1,0.264762,0.296069
3.97445,0.304769,-1,0.411401,0.296069
3.9747,0.47265,-1,0.531268,0.296069
3.97495,0.607197,-0.543307,0.590829,0.296069
3.9752,0.684681,0.15748,0.575859,0.296069
3.97545,0.690054,0.559055,0.487541,0.296069
3.9757,0.620521,0.582677,0.335762,0.296069
3.97595,0.486273,0.251969,0.14081,0.296069
3.9762,0.308237,-0.283465,-0.059075,0.296069
3.97645,0.114175,-0.874016,-0.225998,0.296069
3.9767,-0.0681182,-1,-0.348146,0.296069
3.97695,-0.215167,-1,-0.412025,0.296069
3.9772,-0.313535,-1,-0.409662,0.296069
3.97745,-0.360949,-0.307087,-0.375572,0.296069
3.9777,-0.366259,0.685039,-0.309232,0.296069
3.97795,-0.345734,1,-0.258322,0.296069
3.9782,-0.318696,1,-0.225211,0.296069
3.97845,-0.301574,1,-0.207649,0.296069
3.9787,-0.30368,1,-0.213128,0.296069
3.97895,-0.324733,1,-0.230172,0.296069
3.9792,-0.354707,1,-0.243898,0.296069
3.97945,-0.376775,0.637795,-0.248109,0.296069
3.9797,-0.371417,-0.582677,-0.210638,0.296069
3.97995,-0.322776,-1,-0.130036,0.296069
3.9802,-0.222207,-1,-0.00661907,0.296069
3.98045,-0.0726387,-1,0.157665,0.296069
3.9807,0.111826,-1,0.325799,0.296069
3.98095,0.307527,-1,0.471776,0.296069
3.9812,0.48621,-0.755906,0.56768,0.296069
3.98145,0.620269,-0.0787402,0.592454,0.296069
3.9817,0.689094,0.338583,0.547608,0.296069
3.98195,0.682991,0.409449,0.422356,0.296069
3.9822,0.605231,0.110236,0.256181,0.296069
3.98245,0.471253,-0.440945,0.06608,0.296069
3.9827,0.305044,-1,-0.116306,0.296069
3.98295,0.133791,-1,-0.250523,0.296069
3.9832,-0.0178969,-1,-0.325462,0.296069
3.98345,-0.132701,-1,-0.354569,0.296069
3.9837,-0.204441,-1,-0.337369,0.296069
3.98395,-0.237311,-0.00787402,-0.298484,0.296069
3.9842,-0.24472,1,-0.25046,0.296069
3.98445,-0.244391,1,-0.214226,0.296069
3.9847,-0.252834,1,-0.203851,0.296069
3.98495,-0.281017,1,-0.219419,0.296069
3.9852,-0.330471,1,-0.247959,0.296069
3.98545,-0.392903,1,-0.287752,0.296069
3.9857,-0.451736,1,-0.31132,0.296069
3.98595,-0.486066,0.251969,-0.303683,0.296069
3.9862,-0.476679,-0.826772,-0.259596,0.296069
3.98645,-0.410272,-1,-0.158519,0.296069
3.9867,-0.284504,-1,-0.00510316,0.296069
3.98695,-0.108798,-1,0.165495,0.296069
3.9872,0.0961975,-1,0.329536,0.296069
3.98745,0.302918,-0.787402,0.459071,0.296069
3.9877,0.481623,-0.141732,0.534557,0.296069
3.98795,0.607187,0.291339,0.531623,0.296069
3.9882,0.663581,0.401575,0.462281,0.296069
3.98845,0.64724,0.133858,0.329474,0.296069
3.9887,0.567187,-0.433071,0.166866,0.296069
3.98895,0.442827,-1,0.0162235,0.296069
3.9892,0.298889,-1,-0.115534,0.296069
3.98945,0.160133,-1,-0.204627,0.296069
3.9897,0.0459658,-1,-0.241709,0.296069
3.98995,-0.0339179,-1,-0.235394,0.296069
3.99021,-0.0802665,-0.834646,-0.209461,0.296069
3.99046,-0.103495,0.330709,-0.158075,0.296069
3.99071,-0.119527,1,-0.12887,0.296069
3.99096,-0.145419,1,-0.126982,0.296069
3.99121,-0.193338,1,-0.162133,0.296069
3.99146,-0.267277,1,-0.218443,0.296069
3.99171,-0.360822,1,-0.292801,0.296069
3.99196,-0.458344,1,-0.352296,0.296069
3.99221,-0.538065,1,-0.384869,0.296069
3.99246,-0.57764,-0.0708661,-0.388276,0.296069
3.99271,-0.559279,-0.944882,-0.326892,0.296069
3.99296,-0.474519,-1,-0.200196,0.296069
3.99321,-0.327448,-1,-0.0375194,0.296069
3.99346,-0.133756,-1,0.155912,0.296069
3.99371,0.0809271,-0.669291,0.323074,0.296069
3.99396,0.287003,-0.0629921,0.443107,0.296069
3.99421,0.45586,0.393701,0.491413,0.296069
3.99446,0.566568,0.543307,0.476351,0.296069
3.99471,0.609064,0.322835,0.388203,0.296069
3.99496,0.585811,-0.244094,0.27183,0.296069
3.99521,0.510825,-1,0.141945,0.296069
3.99546,0.405594,-1,0.0217589,0.296069
3.99571,0.293508,-1,-0.0504718,0.296069
3.99596,0.194955,-1,-0.0984051,0.296069
3.99621,0.122147,-1,-0.0972048,0.296069
3.99646,0.0772982,-1,-0.08022,0.296069
3.99671,0.0525678,-0.566929,-0.0523909,0.296069
3.99696,0.0334055,0.692913,-0.029553,0.296069
3.99721,0.00251989,1,-0.027738,0.296069
3.99746,-0.0539512,1,-0.0689035,0.296069
3.99771,-0.142637,1,-0.155642,0.296069
3.99796,-0.259716,1,-0.256785,0.296069
3.99821,-0.391334,1,-0.353924,0.296069
3.99846,-0.515549,1,-0.432136,0.296069
3.99871,-0.607841,0.559055,-0.474929,0.296069
3.99896,-0.645949,-0.338583,-0.448617,0.296069
3.99921,-0.615588,-0.937008,-0.37075,0.296069
3.99946,-0.514322,-1,-0.222615,0.296069
3.99971,-0.352154,-0.944882,-0.0394558,0.296069
3.99996,-0.150621,-0.472441,0.152724,0.296069
4.00021,0.0621715,0.110236,0.309605,0.296069
4.00046,0.256187,0.598425,0.403893,0.296069
4.00071,0.406947,0.818898,0.440278,0.296069
4.00096,0.498785,0.653543,0.404703,0.296069
4.00121,0.528293,0.110236,0.327089,0.296069
4.00146,0.503612,-0.716535,0.237487,0.296069
4.00171,0.441955,-1,0.14204,0.296069
4.00196,0.364939,-1,0.0825121,0.296069
4.00221,0.292542,-1,0.0491943,0.296069
4.00246,0.238789,-1,0.0463405,0.296069
4.00271,0.208363,-1,0.0625576,0.296069
4.00296,0.195694,-1,0.0897619,0.296069
4.00321,0.187418,-0.244094,0.109299,0.296069
4.00346,0.1662,1,0.106117,0.296069
4.00371,0.116065,1,0.0550455,0.296069
4.00396,0.0274645,1,-0.0479725,0.296069
4.00421,-0.0996611,1,-0.169763,0.296069
4.00446,-0.253882,1,-0.311967,0.296069
4.00471,-0.415026,1,-0.430585,0.296069
4.00496,-0.557054,1,-0.520549,0.296069
4.00521,-0.654334,0.165354,-0.547259,0.296069
4.00546,-0.686898,-0.472441,-0.500683,0.296069
4.00571,-0.645409,-0.76378,-0.393398,0.296069
4.00596,-0.533024,-0.661417,-0.214293,0.296069
4.00621,-0.365513,-0.244094,-0.0251796,0.296069
4.00646,-0.16758,0.330709,0.157168,0.296069
4.00671,0.031516,0.866142,0.308673,0.296069
4.00696,0.20503,1,0.387091,0.296069
4.00721,0.33277,1,0.409994,0.296069
4.00745,0.40543,0.629921,0.378574,0.296069
4.0077,0.425847,-0.19685,0.326734,0.296069
4.00795,0.406618,-1,0.26033,0.296069
4.0082,0.366439,-1,0.209062,0.296069
4.00845,0.324831,-1,0.180328,0.296069
4.0087,0.296952,-1,0.18065,0.296069
4.00895,0.28952,-1,0.184923,0.296069
4.0092,0.29932,-1,0.203974,0.296069
4.00945,0.314256,-1,0.215202,0.296069
4.0097,0.316837,0.0787402,0.202629,0.296069
4.00995,0.28878,1,0.153671,0.296069
4.0102,0.217028,1,0.0643398,0.296069
4.01045,0.0971934,1,-0.0862393,0.296069
4.0107,-0.0635062,1,-0.246436,0.296069
4.01095,-0.247122,1,-0.397015,0.296069
4.0112,-0.428365,1,-0.522988,0.296069
4.01145,-0.579028,0.511811,-0.584545,0.296069
4.0117,-0.674492,-0.133858,-0.588187,0.296069
4.01195,-0.69872,-0.480315,-0.502813,0.296069
4.0122,-0.647659,-0.448819,-0.359318,0.296069
4.01245,-0.530308,-0.0708661,-0.16442,0.296069
4.0127,-0.366529,0.503937,0.0286962,0.296069
4.01295,-0.183054,1,0.194812,0.296069
4.0132,-0.00739317,1,0.312019,0.296069
4.01345,0.137704,1,0.377957,0.296069
4.0137,0.238281,1,0.380335,0.296069
4.01395,0.29213,0.480315,0.355469,0.296069
4.0142,0.307325,-0.559055,0.305531,0.296069
4.01445,0.299626,-1,0.254011,0.296069
4.0147,0.287418,-1,0.21757,0.296069
4.01495,0.286451,-1,0.212281,0.296069
4.0152,0.305473,-1,0.230545,0.296069
4.01545,0.34336,-1,0.254037,0.296069
4.0157,0.389554,-1,0.273771,0.296069
4.01595,0.426476,-0.834646,0.280011,0.296069
4.0162,0.433971,0.370079,0.254288,0.296069
4.01645,0.395037,1,0.177376,0.296069
4.0167,0.300845,1,0.059109,0.296069
4.01695,0.153122,1,-0.107064,0.296069
4.0172,-0.034092,1,-0.280545,0.296069
4.01745,-0.237575,1,-0.432319,0.296069
4.0177,-0.428347,0.669291,-0.529827,0.296069
4.01795,-0.578683,0.0314961,-0.573428,0.296069
4.0182,-0.666559,-0.346457,-0.536547,0.296069
4.01845,-0.680897,-0.370079,-0.427873,0.296069
4.0187,-0.623554,-0.0314961,-0.271235,0.296069
4.01895,-0.508559,0.559055,-0.0958631,0.296069
4.0192,-0.35838,1,0.068241,0.296069
4.01945,-0.199526,1,0.196347,0.296069
4.0197,-0.0560058,1,0.276839,0.296069
4.01995,0.0550127,1,0.304182,0.296069
4.0202,0.127134,1,0.287372,0.296069
4.02045,0.164257,0.244094,0.250185,0.296069
4.0207,0.17902,-0.944882,0.202994,0.296069
4.02095,0.188778,-1,0.16774,0.296069
4.0212,0.209588,-1,0.168896,0.296069
4.02145,0.252098,-1,0.199942,0.296069
4.0217,0.317472,-1,0.243768,0.296069
4.02195,0.397062,-1,0.297337,0.296069
4.0222,0.473665,-1,0.328572,0.296069
4.02245,0.525809,-0.464567,0.337178,0.296069
4.0227,0.532773,0.598425,0.304116,0.296069
4.02295,0.480612,1,0.220542,0.296069
4.0232,0.365245,1,0.0817496,0.296069
4.02345,0.195324,1,-0.0964502,0.296069
4.0237,-0.00965441,1,-0.263168,0.296069
4.02395,-0.222025,0.653543,-0.403639,0.296069
4.0242,-0.412102,0.0393701,-0.488105,0.296069
4.02445,-0.553854,-0.370079,-0.511034,0.296069
4.0247,-0.629772,-0.456693,-0.455102,0.298502
