Time,Disturbance,Actuator,Error,RMS_E
0.400255,0.09972,0,0.102757,0
0.400505,0.28761,0,0.287504,0
0.400755,0.428468,0,0.429949,0
0.401005,0.508798,0,0.509019,0
0.401255,0.52734,0,0.53057,0
0.401505,0.494304,0,0.491942,0
0.401755,0.428134,0,0.425591,0
0.402005,0.3505,0,0.353163,0
0.402255,0.280775,0,0.279097,0
0.402505,0.23136,0,0.235426,0
0.402755,0.204938,0,0.202202,0
0.403005,0.194329,0,0.198207,0
0.403255,0.184977,0,0.189971,0
0.403505,0.159385,0,0.159617,0
0.403755,0.102369,0,0.105195,0
0.404005,0.00593806,0,0.00630049,0
0.404255,-0.127646,0,-0.13254,0
0.404505,-0.2852,0,-0.28964,0
0.404755,-0.444821,0,-0.449454,0
0.405005,-0.580169,0,-0.584533,0
0.405255,-0.666202,0,-0.669493,0
0.405505,-0.684734,0,-0.679739,0
0.405755,-0.628667,0,-0.631978,0
0.406005,-0.503836,0,-0.50752,0
0.406255,-0.328048,0,-0.330304,0
0.406505,-0.127483,0,-0.131126,0
0.406755,0.0687409,0,0.0647181,0
0.407005,0.234465,0,0.233715,0
0.407255,0.35162,0,0.347463,0
0.407505,0.413365,0,0.418237,0
0.407755,0.424555,0,0.425127,0
0.408005,0.399491,0,0.399024,0
0.408255,0.357523,0,0.358015,0
0.408505,0.317714,0,0.31498,0
0.408755,0.29376,-0.00787402,0.289632,0
0.409005,0.29044,-0.023622,0.289896,0
0.409255,0.302562,-0.0551181,0.303735,0
0.409505,0.316521,-0.102362,0.318232,0
0.409755,0.314161,-0.165354,0.311014,0
0.410005,0.277945,-0.228346,0.27486,0
0.410255,0.196166,-0.267717,0.19696,0
0.410505,0.0668801,-0.251969,0.0657317,0
0.410755,-0.100437,-0.165354,-0.112708,0
0.411005,-0.285984,0,-0.310818,0
0.411255,-0.463212,0.23622,-0.495731,0
0.411505,-0.604274,0.472441,-0.648136,0
0.411755,-0.68583,0.661417,-0.73789,0
0.412005,-0.694109,0.748031,-0.750638,0
0.412255,-0.627865,0.716535,-0.679381,0
0.412505,-0.498657,0.551181,-0.527536,0
0.412755,-0.328297,0.23622,-0.330798,0
0.413005,-0.14413,-0.204724,-0.094952,0
0.413255,0.0267858,-0.771654,0.125122,0
0.413505,0.163179,-1,0.307731,0
0.413755,0.253643,-1,0.431136,0
0.414005,0.298161,-1,0.487887,0
0.414255,0.306911,-1,0.474493,0
0.414505,0.296673,-1,0.419307,0
0.414755,0.285763,-1,0.324847,0
0.415005,0.288765,-1,0.223867,0
0.415255,0.312366,-0.566929,0.141392,0
0.415505,0.353345,0.0944882,0.089014,0
0.415755,0.39921,0.771654,0.0391053,0
0.416005,0.431345,1,0.00746648,0
0.416255,0.4299,1,-0.031935,0
0.416505,0.379193,1,-0.0677012,0
0.416755,0.27241,1,-0.102334,0
0.417005,0.114235,1,-0.139981,0
0.417255,-0.0790464,1,-0.184236,0
0.417506,-0.282359,1,-0.207467,0
0.417756,-0.466568,1,-0.216202,0
0.418006,-0.604467,1,-0.197539,0
0.418256,-0.676321,1,-0.138666,0
0.418506,-0.673877,0.433071,-0.0435854,0
0.418756,-0.60183,-0.370079,0.0724787,0
0.419006,-0.476516,-1,0.191524,0
0.419256,-0.321988,-1,0.296122,0
0.419506,-0.164615,-1,0.353904,0
0.419756,-0.0273318,-1,0.34618,0
0.420006,0.0750313,-1,0.253902,0
0.420256,0.13832,-1,0.100538,0
0.420506,0.168932,-1,-0.0818031,0
0.420756,0.181034,-1,-0.276506,0
0.421006,0.192055,-1,-0.424697,0
0.421256,0.217327,-1,-0.514921,0
0.421506,0.265446,-0.685039,-0.522818,0
0.421756,0.33536,0.0551181,-0.451716,0
0.422006,0.416077,0.732283,-0.315176,0
0.422256,0.488964,1,-0.133859,0
0.422506,0.532205,1,0.0527069,0
0.422756,0.526211,1,0.237088,0
0.423006,0.458905,1,0.383331,0
0.423256,0.329318,1,0.477003,0
0.423506,0.14878,1,0.51322,0
0.423756,-0.0607192,1,0.49438,0
0.424006,-0.270595,1,0.427642,0
0.424256,-0.451338,1,0.337713,0
0.424506,-0.578481,1,0.232279,0
0.424756,-0.637379,1,0.14474,0
0.425006,-0.625849,1,0.0662893,0
0.425256,-0.55407,1,0.012588,0
0.425506,-0.441687,1,-0.0264248,0
0.425756,-0.31299,1,-0.0683149,0
0.426006,-0.191216,0.795276,-0.106611,0
0.426256,-0.0934381,0.425197,-0.147712,0
0.426506,-0.0270932,-0.0472441,-0.190261,0
0.426756,0.0109046,-0.590551,-0.213174,0
0.427006,0.032357,-1,-0.228298,0
0.427256,0.0538061,-1,-0.193776,0
0.427506,0.0913659,-1,-0.133348,0
0.427756,0.155692,-1,-0.0257864,0
0.428006,0.248306,-1,0.102716,0
0.428256,0.360334,-1,0.242861,0
0.428506,0.473877,-1,0.372152,0
0.428756,0.565809,-1,0.468827,0
0.429006,0.613111,-1,0.522362,0
0.429256,0.598408,-0.598425,0.496279,0
0.429506,0.514514,-0.173228,0.392395,0
0.429756,0.366753,0.251969,0.212197,0
0.430006,0.172448,0.692913,-0.0061406,0
0.430256,-0.0422028,1,-0.245239,0
0.430506,-0.24725,1,-0.453365,0
0.430756,-0.415052,1,-0.591035,0
0.431006,-0.525672,1,-0.657079,0
0.431256,-0.570556,1,-0.625121,0
0.431506,-0.553545,1,-0.507734,0
0.431756,-0.489242,1,-0.344856,0
0.432006,-0.398834,1,-0.144974,0
0.432256,-0.304735,1,0.0422124,0
0.432506,-0.225158,0.511811,0.192477,0
0.432756,-0.169999,-0.551181,0.301,0
0.433006,-0.138937,-1,0.347233,0
0.433256,-0.122325,-1,0.350718,0
0.433506,-0.104376,-1,0.321796,0
0.433756,-0.0680879,-1,0.269855,0
0.434006,-0.000489818,-1,0.195927,0
0.434256,0.103064,-1,0.138518,0
0.434506,0.236594,-1,0.0855276,0
0.434756,0.383924,-1,0.0650729,0
0.435006,0.521645,-1,0.051008,0
0.435256,0.624128,-0.519685,0.0427639,0
0.435506,0.669189,0.314961,0.00620827,0
0.435756,0.643352,1,-0.0364111,0
0.436006,0.545181,1,-0.118039,0
0.436256,0.386062,1,-0.190824,0
0.436506,0.188129,1,-0.260645,0
0.436756,-0.0201252,1,-0.280883,0
0.437006,-0.20965,1,-0.254549,0
0.437256,-0.356683,1,-0.179653,0
0.437506,-0.447211,1,-0.052063,0
0.437756,-0.47917,1,0.104586,0
0.438006,-0.461841,1,0.25915,0
0.438256,-0.412733,1,0.380219,0
0.438506,-0.352582,1,0.462322,0
0.438756,-0.299917,0.748031,0.472299,0
0.439007,-0.26639,-0.0551181,0.41479,0
0.439257,-0.254033,-0.92126,0.290242,0
0.439507,-0.25508,-1,0.132696,0
0.439757,-0.254455,-1,-0.0420254,0
0.440007,-0.23419,-1,-0.205424,0
0.440257,-0.178726,-1,-0.347988,0
0.440507,-0.0798297,-1,-0.430146,0
0.440757,0.060329,-1,-0.441304,0
0.441007,0.228435,-1,-0.393442,0
0.441257,0.40213,-1,-0.290482,0
0.441507,0.554378,-0.929134,-0.157501,0
0.441757,0.659149,-0.370079,-0.0234164,0
0.442007,0.697051,0.0472441,0.0844919,0
0.442257,0.659718,0.322835,0.1602,0
0.442507,0.55174,0.472441,0.186583,0
0.442757,0.38981,0.559055,0.171506,0
0.443007,0.19922,0.653543,0.15295,0
0.443257,0.00858537,0.811024,0.122594,0
0.443507,-0.156139,1,0.114194,0
0.443757,-0.276763,1,0.126268,0
0.444007,-0.346001,1,0.145318,0
0.444257,-0.368097,1,0.184129,0
0.444507,-0.356634,1,0.220254,0
0.444757,-0.330195,1,0.224923,0
0.445007,-0.307063,1,0.198338,0
0.445257,-0.300168,1,0.134205,0
0.445507,-0.313581,1,0.0287052,0
0.445757,-0.341384,0.401575,-0.0979042,0
0.446007,-0.369275,-0.488189,-0.22851,0
0.446257,-0.378388,-1,-0.328223,0
0.446507,-0.350506,-1,-0.372824,0
0.446757,-0.273317,-1,-0.347727,0
0.447007,-0.144407,-1,-0.276226,0
0.447257,0.0269835,-1,-0.156772,0
0.447507,0.221009,-1,-0.0212903,0
0.447757,0.410748,-1,0.118179,0
0.448007,0.567663,-1,0.244262,0
0.448257,0.667414,-1,0.323949,0
0.448507,0.695041,-1,0.342342,0
0.448757,0.648009,-1,0.305497,0
0.449007,0.536608,-0.92126,0.217241,0
0.449257,0.381511,-0.740157,0.0917007,0
0.449507,0.209234,-0.417323,-0.0411863,0
0.449757,0.0462502,0.0787402,-0.162512,0
0.450007,-0.086466,0.740157,-0.257003,0
0.450257,-0.177486,1,-0.30364,0
0.450507,-0.226543,1,-0.312266,0
0.450757,-0.243389,1,-0.277726,0
0.451007,-0.244325,1,-0.214835,0
0.451257,-0.247057,1,-0.138103,0
0.451507,-0.265566,1,-0.0763233,0
0.451757,-0.305888,1,-0.0483622,0
0.452007,-0.36411,1,-0.0417714,0
0.452257,-0.42696,0.440945,-0.0508707,0
0.452507,-0.474987,-0.614173,-0.0691405,0
0.452757,-0.487442,-1,-0.069533,0
0.453007,-0.447807,-1,-0.0519959,0
0.453257,-0.348446,-1,0.00631472,0
0.453507,-0.193424,-1,0.0779342,0
0.453757,0.0013792,-1,0.141296,0
0.454007,0.210911,-1,0.205071,0
0.454257,0.405753,-1,0.245145,0
0.454507,0.558042,-1,0.248128,0
0.454757,0.647046,-1,0.197403,0
0.455007,0.663367,-1,0.119231,0
0.455257,0.610463,-1,0.00262159,0
0.455507,0.503427,-0.984252,-0.125152,0
0.455757,0.365225,-0.700787,-0.237003,0
0.456007,0.221383,-0.259843,-0.325732,0
0.456257,0.0942132,0.346457,-0.358385,0
0.456507,-0.00182779,1,-0.349601,0
0.456757,-0.0626838,1,-0.289043,0
0.457007,-0.0946831,1,-0.18663,0
0.457257,-0.111859,1,-0.0606293,0
0.457507,-0.131337,1,0.0616392,0
0.457757,-0.168087,1,0.161632,0
0.458007,-0.230242,1,0.21193,0
0.458257,-0.316219,1,0.209867,0
0.458507,-0.41432,1,0.167319,0
0.458757,-0.505107,0.11811,0.0791791,0
0.459007,-0.565797,-0.850394,-0.0105024,0
0.459257,-0.575795,-1,-0.0795339,0
0.459507,-0.521966,-1,-0.112797,0
0.459757,-0.402376,-1,-0.108482,0
0.460007,-0.227574,-1,-0.0934936,0
0.460258,-0.019108,-1,-0.056977,0
0.460508,0.194596,-1,-0.0226373,0
0.460758,0.383813,-1,-0.0035526,0
0.461008,0.52344,-1,0.0010105,0
0.461258,0.59795,-1,-0.0294576,0
0.461508,0.604086,-1,-0.0731922,0
0.461758,0.550847,-1,-0.1375,0
0.462008,0.456737,-1,-0.189006,0
0.462258,0.345026,-1,-0.218213,0
0.462508,0.238147,-0.76378,-0.210439,0
0.462758,0.152498,-0.110236,-0.177024,0
0.463008,0.0950706,0.700787,-0.0975502,0
0.463258,0.0625016,1,-0.00628303,0
0.463508,0.0428289,1,0.0816813,0
0.463758,0.0194623,1,0.161206,0
0.464008,-0.0236737,1,0.214311,0
0.464258,-0.0970739,1,0.220357,0
0.464508,-0.201987,1,0.179341,0
0.464758,-0.329083,1,0.0953455,0
0.465008,-0.459784,1,-0.0182494,0
0.465258,-0.570105,0.291339,-0.135245,0
0.465508,-0.63597,-0.472441,-0.225887,0
0.465758,-0.638877,-1,-0.271322,0
0.466008,-0.570463,-1,-0.260274,0
0.466258,-0.434953,-1,-0.21554,0
0.466508,-0.248814,-1,-0.127461,0
0.466758,-0.0376865,-1,-0.0433412,0
0.467008,0.168712,-1,0.0187839,0
0.467258,0.342579,-1,0.0569291,0
0.467508,0.463416,-1,0.0628788,0
0.467758,0.521901,-1,0.0286577,0
0.468008,0.520945,-1,-0.0315424,0
0.468258,0.474086,-1,-0.104315,0
0.468508,0.401493,-1,-0.156864,0
0.468758,0.324677,-1,-0.182817,0
0.469008,0.261035,-1,-0.171739,0
0.469258,0.219793,-0.566929,-0.127059,0
0.469508,0.2001,0.417323,-0.0442692,0
0.469758,0.191841,1,0.0510458,0
0.470008,0.178842,1,0.127449,0
0.470258,0.143818,1,0.167822,0
0.470508,0.0736001,1,0.184965,0
0.470758,-0.0365102,1,0.156047,0
0.471008,-0.180384,1,0.0832395,0
0.471258,-0.341464,1,-0.0104404,0
0.471508,-0.495721,1,-0.11323,0
0.471758,-0.616611,0.527559,-0.207327,0
0.472008,-0.680867,-0.0551181,-0.264203,0
0.472258,-0.673761,-0.440945,-0.270172,0
0.472508,-0.592591,-0.622047,-0.224733,0
0.472758,-0.447609,-0.653543,-0.130788,0
0.473008,-0.260026,-0.629921,-0.0341763,0
0.473258,-0.0576952,-0.653543,0.0600682,0
0.473508,0.130623,-0.80315,0.129873,0
0.473758,0.281071,-1,0.142534,0
0.474008,0.379227,-1,0.120713,0
0.474258,0.422403,-1,0.0647078,0
0.474508,0.419071,-1,-0.0172639,0
0.474758,0.385865,-1,-0.101703,0
0.475008,0.342657,-1,-0.163281,0
0.475258,0.307187,-1,-0.1887,0
0.475508,0.290336,-1,-0.168095,0
0.475758,0.293427,-0.76378,-0.101135,0
0.476008,0.308052,0.338583,-0.0114643,0
0.476258,0.318506,1,0.0754276,0
0.476508,0.306228,1,0.143324,0
0.476758,0.255151,1,0.182125,0
0.477008,0.156595,1,0.164498,0
0.477258,0.0125121,1,0.125795,0
0.477508,-0.163794,1,0.044423,0
0.477758,-0.349649,1,-0.0431183,0
0.478008,-0.517419,1,-0.13883,0
0.478258,-0.640143,0.700787,-0.202155,0
0.478508,-0.697322,0.314961,-0.228217,0
0.478758,-0.679299,0.11811,-0.211564,0
0.479008,-0.589379,0.0787402,-0.144811,0
0.479258,-0.443079,0.0944882,-0.0457347,0
0.479508,-0.26474,0.0629921,0.0450473,0
0.479758,-0.0822733,-0.110236,0.126112,0
0.480008,0.0786682,-0.480315,0.176841,0
0.480258,0.199895,-1,0.184523,0
0.480508,0.273906,-1,0.149256,0
0.480758,0.304476,-1,0.0929344,0
0.481008,0.30457,-1,0.0165866,0
0.481258,0.292101,-1,-0.0574011,0
0.481508,0.284692,-1,-0.10624,0
0.481759,0.294546,-1,-0.119434,0
0.482009,0.32503,-1,-0.0879382,0
0.482259,0.369509,-0.771654,-0.025538,0
0.482509,0.41292,0.370079,0.0586403,0
0.482759,0.435585,1,0.135344,0
0.483009,0.418504,1,0.175026,0
0.483259,0.348612,1,0.168556,0
0.483509,0.222919,1,0.126978,0
0.483759,0.0502376,1,0.0631209,0
0.484009,-0.149671,1,-0.0185797,0
0.484259,-0.349694,1,-0.106729,0
0.484509,-0.520695,1,-0.167067,0
0.484759,-0.637469,0.874016,-0.201208,0
0.485009,-0.683914,0.708661,-0.188869,0
0.485259,-0.656221,0.692913,-0.137819,0
0.485509,-0.563418,0.748031,-0.0522887,0
0.485759,-0.425041,0.76378,0.0543594,0
0.486009,-0.266605,0.629921,0.142961,0
0.486259,-0.113914,0.275591,0.209282,0
0.486509,0.0124606,-0.314961,0.233926,0
0.486759,0.101217,-1,0.227401,0
0.487009,0.152019,-1,0.178716,0
0.487259,0.174343,-1,0.11101,0
0.487509,0.184096,-1,0.0452786,0
0.487759,0.198562,-1,-0.0228107,0
0.488009,0.231219,-1,-0.066241,0
0.488259,0.287516,-1,-0.0719685,0
0.488509,0.362869,-1,-0.0353968,0
0.488759,0.443255,-0.669291,0.0311136,0
0.489009,0.508373,0.456693,0.0890013,0
0.489259,0.536513,1,0.144365,0
0.489509,0.510177,1,0.156711,0
0.489759,0.420819,1,0.129103,0
0.490009,0.271731,1,0.077139,0
0.490259,0.0782438,1,0.000134032,0
0.490509,-0.134795,1,-0.0663055,0
0.490759,-0.337788,1,-0.126379,0
0.491009,-0.502351,1,-0.155429,0
0.491259,-0.60695,1,-0.151275,0
0.491509,-0.641081,1,-0.0968268,0
0.491759,-0.607007,1,-0.0215838,0
0.492009,-0.518614,1,0.0677342,0
0.492259,-0.39777,1,0.162066,0
0.492509,-0.269055,1,0.225488,0
0.492759,-0.154091,0.519685,0.253306,0
0.493009,-0.0668844,-0.251969,0.232295,0
0.493259,-0.011193,-1,0.180959,0
0.493509,0.019408,-1,0.116893,0
0.493759,0.0388968,-1,0.0368415,0
0.494009,0.0642788,-1,-0.0344435,0
0.494259,0.110295,-1,-0.0803378,0
0.494509,0.184751,-1,-0.0958563,0
0.494759,0.285594,-1,-0.0769477,0
0.495009,0.400534,-1,-0.012483,0
0.495259,0.509347,-0.535433,0.0615504,0
0.495509,0.588272,0.480315,0.126817,0
0.495759,0.61565,1,0.179104,0
0.496009,0.577218,1,0.181546,0
0.496259,0.469999,1,0.141376,0
0.496509,0.303633,1,0.0733156,0
0.496759,0.0990201,1,0.0123444,0
0.497009,-0.115698,1,-0.0522581,0
0.497259,-0.310705,1,-0.0868762,0
0.497509,-0.460467,1,-0.0936681,0
0.497759,-0.548696,1,-0.0551687,0
0.498009,-0.571122,1,0.00963277,0
0.498259,-0.535675,1,0.0899175,0
0.498509,-0.459767,1,0.168883,0
0.498759,-0.365654,1,0.226937,0
0.499009,-0.27487,1,0.240362,0
0.499259,-0.20312,0.787402,0.214701,0
0.499509,-0.15684,-0.149606,0.153348,0
0.499759,-0.132274,-1,0.0600478,0
0.500009,-0.117157,-1,-0.0329024,0.24453
0.500259,-0.0946925,-1,-0.116182,0.24453
0.500509,-0.0487107,-1,-0.158832,0.24453
0.500759,0.0312987,-1,-0.175487,0.24453
0.501009,0.146433,-1,-0.14738,0.24453
0.501259,0.286988,-1,-0.0764296,0.24453
0.501509,0.433863,-1,0.0140399,0.24453
0.501759,0.562247,-0.496063,0.113297,0.24453
0.502009,0.647063,0.322835,0.200105,0.24453
0.502259,0.668631,0.913386,0.23868,0.24453
0.502509,0.61736,1,0.233152,0.24453
0.502759,0.496295,1,0.184203,0.24453
0.503009,0.320895,1,0.107867,0.24453
0.503259,0.11606,0.897638,0.0295316,0.24453
0.503509,-0.0888379,0.795276,-0.0246137,0.24453
0.503759,-0.265988,0.858268,-0.0496077,0.24453
0.504009,-0.394558,1,-0.0348548,0.24453
0.504259,-0.464563,1,0.0112634,0.24453
0.504509,-0.478024,1,0.0722402,0.24453
0.504759,-0.447518,1,0.149193,0.24453
0.505009,-0.39228,1,0.196382,0.24453
0.505259,-0.332882,1,0.226259,0.24453
0.505509,-0.285932,1,0.200792,0.24453
0.505759,-0.25996,1,0.129404,0.24453
0.506009,-0.253524,-0.015748,0.0374036,0.24453
0.506259,-0.25595,-1,-0.0734925,0.24453
0.506509,-0.250606,-1,-0.166447,0.24453
0.506759,-0.219746,-1,-0.224799,0.24453
0.507009,-0.149871,-1,-0.240474,0.24453
0.507259,-0.0360338,-1,-0.204989,0.24453
0.507509,0.115697,-1,-0.134106,0.24453
0.507759,0.288567,-1,-0.0313032,0.24453
0.508009,0.45803,-1,0.0784106,0.24453
0.508259,0.596721,-0.606299,0.189095,0.24453
0.508509,0.680309,-0.015748,0.25495,0.24453
0.508759,0.692801,0.307087,0.27877,0.24453
0.509009,0.630165,0.401575,0.250094,0.24453
0.509259,0.501361,0.322835,0.172703,0.24453
0.509509,0.326537,0.19685,0.077993,0.24453
0.509759,0.13276,0.149606,-0.00807622,0.24453
0.510009,-0.0516482,0.291339,-0.0799836,0.24453
0.510259,-0.202849,0.653543,-0.105948,0.24453
0.510509,-0.306148,1,-0.107677,0.24453
0.510759,-0.358299,1,-0.069806,0.24453
0.511009,-0.367085,1,-0.021549,0.24453
0.511259,-0.348335,1,0.0398182,0.24453
0.511509,-0.321146,1,0.0729446,0.24453
0.511759,-0.302483,1,0.0941576,0.24453
0.512008,-0.302543,1,0.0692764,0.24453
0.512258,-0.321983,1,0.00853897,0.24453
0.512508,-0.351755,0.015748,-0.0701703,0.24453
0.512758,-0.375459,-1,-0.144999,0.24453
0.513008,-0.373853,-1,-0.196175,0.24453
0.513258,-0.330179,-1,-0.201794,0.24453
0.513508,-0.235124,-1,-0.167066,0.24453
0.513758,-0.0901986,-1,-0.10488,0.24453
0.514008,0.091518,-1,-0.0159364,0.24453
0.514258,0.287276,-1,0.0840013,0.24453
0.514508,0.468982,-1,0.17945,0.24453
0.514758,0.608853,-0.76378,0.24471,0.24453
0.515008,0.685252,-0.425197,0.266438,0.24453
0.515258,0.687215,-0.307087,0.243387,0.24453
0.515508,0.616651,-0.362205,0.163718,0.24453
0.515758,0.487747,-0.472441,0.0589562,0.24453
0.516008,0.323782,-0.519685,-0.0505929,0.24453
0.516258,0.151874,-0.370079,-0.143753,0.24453
0.516508,-0.00279149,0.015748,-0.196325,0.24453
0.516758,-0.122128,0.669291,-0.223107,0.24453
0.517008,-0.198453,1,-0.204915,0.24453
0.517258,-0.235118,1,-0.152877,0.24453
0.517508,-0.244588,1,-0.0889916,0.24453
0.517758,-0.244212,1,-0.0296958,0.24453
0.518008,-0.251042,1,0.0206729,0.24453
0.518258,-0.27671,1,0.0418327,0.24453
0.518508,-0.324002,1,0.0319432,0.24453
0.518758,-0.385646,1,-0.012316,0.24453
0.519008,-0.445843,-0.0866142,-0.0759232,0.24453
0.519258,-0.4841,-1,-0.13386,0.24453
0.519508,-0.480529,-1,-0.158943,0.24453
0.519758,-0.421099,-1,-0.147347,0.24453
0.520008,-0.301957,-1,-0.0944265,0.24453
0.520258,-0.131255,-1,-0.0226162,0.24453
0.520508,0.0716024,-1,0.0542777,0.24453
0.520758,0.279501,-1,0.134899,0.24453
0.521008,0.462878,-1,0.186646,0.24453
0.521258,0.5957,-0.889764,0.202114,0.24453
0.521508,0.660726,-0.787402,0.179051,0.24453
0.521758,0.652791,-0.858268,0.112279,0.24453
0.522008,0.57956,-1,0.0225585,0.24453
0.522258,0.459284,-1,-0.0877635,0.24453
0.522508,0.31642,-1,-0.180295,0.24453
0.522758,0.175993,-0.724409,-0.237279,0.24453
0.523008,0.0581452,-0.0944882,-0.25767,0.24453
0.523258,-0.0260019,0.771654,-0.241328,0.24453
0.523508,-0.0760331,1,-0.194424,0.24453
0.523758,-0.101246,1,-0.13243,0.24453
0.524008,-0.117281,1,-0.0570804,0.24453
0.524258,-0.141121,1,0.00993505,0.24453
0.524508,-0.185899,1,0.052288,0.24453
0.524758,-0.256699,1,0.0574278,0.24453
0.525008,-0.348467,1,0.0278312,0.24453
0.525258,-0.446547,0.968504,-0.0302432,0.24453
0.525508,-0.529819,-0.220472,-0.0883655,0.24453
0.525757,-0.575611,-1,-0.137688,0.24453
0.526007,-0.565284,-1,-0.16033,0.24453
0.526257,-0.489126,-1,-0.135593,0.24453
0.526507,-0.349379,-1,-0.0808334,0.24453
0.526757,-0.160557,-1,-0.00315546,0.24453
0.527007,0.0529752,-1,0.0605627,0.24453
0.527257,0.261702,-1,0.108082,0.24453
0.527507,0.436784,-1,0.137243,0.24453
0.527757,0.555883,-1,0.121723,0.24453
0.528007,0.607377,-1,0.0693192,0.24453
0.528257,0.592213,-1,-0.00977825,0.24453
0.528507,0.522992,-1,-0.102341,0.24453
0.528757,0.420395,-1,-0.188504,0.24453
0.529007,0.308027,-1,-0.241925,0.24453
0.529257,0.206805,-1,-0.258699,0.24453
0.529507,0.130263,-0.188976,-0.229305,0.24453
0.529757,0.081944,0.84252,-0.165011,0.24453
0.530007,0.0553075,1,-0.0771398,0.24453
0.530257,0.0363395,1,0.0114285,0.24453
0.530507,0.00804866,1,0.080398,0.24453
0.530757,-0.0443607,1,0.11643,0.24453
0.531007,-0.12857,1,0.12762,0.24453
0.531257,-0.242354,1,0.0988184,0.24453
0.531507,-0.373041,1,0.0323605,0.24453
0.531757,-0.499763,0.80315,-0.0544133,0.24453
0.532007,-0.597871,-0.244094,-0.144053,0.24453
0.532257,-0.644547,-1,-0.192157,0.24453
0.532507,-0.624225,-1,-0.207947,0.24453
0.532757,-0.532552,-1,-0.175998,0.24453
0.533007,-0.377971,-1,-0.114604,0.24453
0.533257,-0.180452,-1,-0.0470607,0.24453
0.533507,0.0324039,-1,0.0107795,0.24453
0.533757,0.230853,-0.944882,0.0519311,0.24453
0.534007,0.388985,-0.976378,0.0601819,0.24453
0.534257,0.489688,-1,0.0306051,0.24453
0.534507,0.527684,-1,-0.0277684,0.24453
0.534757,0.509669,-1,-0.102376,0.24453
0.535007,0.451939,-1,-0.182386,0.24453
0.535257,0.375698,-1,-0.227312,0.24453
0.535507,0.301637,-1,-0.230751,0.24453
0.535757,0.244834,-1,-0.202863,0.24453
0.536007,0.211273,-0.322835,-0.123075,0.24453
0.536257,0.196822,0.850394,-0.0187629,0.24453
0.536507,0.188945,1,0.0817132,0.24453
0.536757,0.170527,1,0.163634,0.24453
0.537007,0.125083,1,0.209245,0.24453
0.537257,0.0417966,1,0.211078,0.24453
0.537507,-0.0805986,1,0.178452,0.24453
0.537757,-0.232366,1,0.0982264,0.24453
0.538007,-0.394073,1,-0.00874522,0.24453
0.538257,-0.54026,0.755906,-0.118282,0.24453
0.538507,-0.644827,-0.0708661,-0.209933,0.24453
0.538757,-0.686792,-0.653543,-0.260293,0.24453
0.539007,-0.655101,-0.929134,-0.256976,0.24453
0.539257,-0.551335,-0.937008,-0.216669,0.24453
0.539506,-0.389672,-0.771654,-0.132894,0.24453
0.539756,-0.194045,-0.574803,-0.0531209,0.24453
0.540006,0.00671649,-0.480315,0.0055302,0.24453
0.540256,0.184874,-0.598425,0.0386033,0.24453
0.540506,0.319258,-0.952756,0.0390515,0.24453
0.540756,0.399166,-1,0.00486034,0.24453
0.541006,0.425751,-1,-0.0558792,0.24453
0.541256,0.410553,-1,-0.109398,0.24453
0.541506,0.371906,-1,-0.157394,0.24453
0.541756,0.32954,-1,-0.169826,0.24453
0.542006,0.299378,-1,-0.149468,0.24453
0.542256,0.289373,-1,-0.0838835,0.24453
0.542506,0.297569,-0.425197,0.00532459,0.24453
0.542756,0.312801,0.84252,0.108739,0.24453
0.543006,0.317883,1,0.197092,0.24453
0.543256,0.294469,1,0.246874,0.24453
0.543506,0.228452,1,0.256245,0.24453
0.543756,0.114328,1,0.211965,0.24453
0.544006,-0.0421873,1,0.132968,0.24453
0.544256,-0.2244,1,0.030693,0.24453
0.544506,-0.407476,1,-0.0957019,0.24453
0.544756,-0.563352,0.795276,-0.191107,0.24453
0.545006,-0.666598,0.228346,-0.2702,0.24453
0.545256,-0.699825,-0.0708661,-0.291834,0.24453
0.545506,-0.657503,-0.125984,-0.256054,0.24453
0.545756,-0.547087,-0.015748,-0.176171,0.24453
0.546006,-0.387465,0.133858,-0.0774509,0.24453
0.546256,-0.204751,0.188976,0.00899392,0.24453
0.546506,-0.026753,0.023622,0.0845766,0.24453
0.546756,0.122828,-0.401575,0.131776,0.24453
0.547006,0.22903,-1,0.129678,0.24453
0.547256,0.288092,-1,0.113671,0.24453
0.547506,0.307046,-1,0.0650057,0.24453
0.547756,0.301003,-1,0.015802,0.24453
0.548006,0.288418,-1,-0.0249977,0.24453
0.548256,0.285621,-1,-0.0480091,0.24453
0.548506,0.302253,-1,-0.0362753,0.24453
0.548756,0.338439,-1,0.0140207,0.24453
0.549006,0.384531,-0.393701,0.0800766,0.24453
0.549256,0.42347,0.889764,0.148709,0.24453
0.549506,0.435191,1,0.195931,0.24453
0.549756,0.40211,1,0.198106,0.24453
0.550006,0.314038,1,0.163394,0.24453
0.550256,0.171695,1,0.0936336,0.24453
0.550506,-0.0123276,1,0.0120592,0.24453
0.550756,-0.215423,1,-0.0897685,0.24453
0.551006,-0.409195,1,-0.175753,0.24453
0.551256,-0.565144,0.874016,-0.236044,0.24453
0.551506,-0.660508,0.574803,-0.245517,0.24453
0.551756,-0.68292,0.511811,-0.215313,0.24453
0.552006,-0.632766,0.622047,-0.136673,0.24453
0.552256,-0.5228,0.795276,-0.0429374,0.24453
0.552506,-0.375089,0.88189,0.0660853,0.24453
0.552756,-0.215855,0.755906,0.158653,0.24453
0.553006,-0.0697667,0.330709,0.216676,0.24453
0.553255,0.0452453,-0.377953,0.230022,0.24453
0.553505,0.121346,-1,0.221089,0.24453
0.553755,0.161581,-1,0.170818,0.24453
0.554005,0.178,-1,0.118981,0.24453
0.554255,0.187441,-1,0.0588621,0.24453
0.554505,0.206584,-1,0.00278925,0.24453
0.554755,0.246668,-1,-0.02086,0.24453
0.555005,0.310038,-1,-0.0149594,0.24453
0.555255,0.3889,-1,0.0235088,0.24453
0.555505,0.466781,-0.23622,0.0776969,0.24453
0.555755,0.522345,0.976378,0.133325,0.24453
0.556005,0.534653,1,0.164447,0.24453
0.556255,0.488589,1,0.146987,0.24453
0.556505,0.379229,1,0.100107,0.24453
0.556755,0.213803,1,0.0297755,0.24453
0.557005,0.0110832,1,-0.0440314,0.24453
0.557255,-0.201994,1,-0.110073,0.24453
0.557505,-0.395581,1,-0.15616,0.24453
0.557755,-0.542905,0.929134,-0.172981,0.24453
0.558005,-0.625604,0.905512,-0.150461,0.24453
0.558255,-0.63719,1,-0.0853016,0.24453
0.558505,-0.583873,1,0.0091994,0.24453
0.558755,-0.482533,1,0.103143,0.24453
0.559005,-0.356571,1,0.190066,0.24453
0.559255,-0.230186,1,0.249941,0.24453
0.559505,-0.122996,0.503937,0.256628,0.24453
0.559755,-0.0459075,-0.425197,0.23061,0.24453
0.560005,0.000686132,-1,0.174125,0.24453
0.560255,0.0259979,-1,0.0935049,0.24453
0.560505,0.0455113,-1,0.0252069,0.24453
0.560755,0.0760765,-1,-0.0399818,0.24453
0.561005,0.130698,-1,-0.0733439,0.24453
0.561255,0.21423,-1,-0.0801668,0.24453
0.561505,0.321301,-1,-0.0402677,0.24453
0.561755,0.436743,-1,0.0265163,0.24453
0.562005,0.538662,-0.110236,0.100497,0.24453
0.562255,0.603365,0.944882,0.152778,0.24453
0.562505,0.611004,1,0.186689,0.24453
0.562755,0.550576,1,0.166405,0.24453
0.563005,0.423052,1,0.118368,0.24453
0.563255,0.241906,1,0.0509617,0.24453
0.563505,0.0308878,1,-0.0149926,0.24453
0.563755,-0.180715,1,-0.0633309,0.24453
0.564005,-0.363827,0.984252,-0.0891724,0.24453
0.564255,-0.495384,1,-0.0804848,0.24453
0.564505,-0.562714,1,-0.0353469,0.24453
0.564755,-0.565534,1,0.0379222,0.24453
0.565005,-0.515138,1,0.113946,0.24453
0.565255,-0.431008,1,0.195472,0.24453
0.565505,-0.335816,1,0.238296,0.24453
0.565755,-0.249729,1,0.239546,0.24453
0.566005,-0.185795,0.669291,0.203109,0.24453
0.566255,-0.147217,-0.440945,0.11737,0.24453
0.566505,-0.127254,-1,0.0270152,0.24453
0.566755,-0.11172,-1,-0.0642364,0.24453
0.567005,-0.0834381,-1,-0.13214,0.24453
0.567254,-0.0275116,-1,-0.16223,0.24453
0.567504,0.0639066,-1,-0.158387,0.24453
0.567754,0.188582,-1,-0.120069,0.24453
0.568004,0.33354,-1,-0.0436112,0.24453
0.568254,0.477399,-1,0.0600431,0.24453
0.568504,0.594657,-0.110236,0.152811,0.24453
0.568754,0.661333,0.708661,0.221264,0.24453
0.569004,0.660496,1,0.246799,0.24453
0.569254,0.586371,1,0.218095,0.24453
0.569504,0.446039,1,0.163296,0.24453
0.569754,0.258393,1,0.0836824,0.24453
0.570004,0.050311,0.811024,0.0080479,0.24453
0.570254,-0.148635,0.708661,-0.0341669,0.24453
0.570504,-0.312311,0.834646,-0.0493141,0.24453
0.570754,-0.422996,1,-0.0169441,0.24453
0.571004,-0.474465,1,0.0282006,0.24453
0.571254,-0.472363,1,0.100613,0.24453
0.571504,-0.431855,1,0.164854,0.24453
0.571754,-0.373161,1,0.209267,0.24453
0.572004,-0.316205,1,0.206477,0.24453
0.572254,-0.275381,1,0.171793,0.24453
0.572504,-0.256173,0.818898,0.0957422,0.24453
0.572754,-0.254027,-0.433071,-0.0092711,0.24453
0.573004,-0.255961,-1,-0.114484,0.24453
0.573254,-0.244423,-1,-0.201877,0.24453
0.573504,-0.202446,-1,-0.238591,0.24453
0.573754,-0.118804,-1,-0.230242,0.24453
0.574004,0.00812403,-1,-0.181349,0.24453
0.574254,0.168747,-1,-0.0994579,0.24453
0.574504,0.343446,-1,0.0109886,0.24453
0.574754,0.506158,-1,0.129107,0.24453
0.575004,0.629867,-0.251969,0.220561,0.24453
0.575254,0.692337,0.291339,0.279827,0.24453
0.575504,0.681054,0.543307,0.279818,0.24453
0.575754,0.596095,0.527559,0.23427,0.24453
0.576004,0.450251,0.362205,0.153483,0.24453
0.576254,0.266358,0.181102,0.0587611,0.24453
0.576504,0.0725818,0.141732,-0.0192318,0.24453
0.576754,-0.103592,0.330709,-0.0689603,0.24453
0.577004,-0.240843,0.787402,-0.089478,0.24453
0.577254,-0.327878,1,-0.0706059,0.24453
0.577504,-0.365114,1,-0.024639,0.24453
0.577754,-0.363289,1,0.0191084,0.24453
0.578004,-0.339826,1,0.066033,0.24453
0.578254,-0.313709,1,0.0968688,0.24453
0.578504,-0.30025,1,0.0943382,0.24453
0.578754,-0.306811,1,0.0433553,0.24453
0.579004,-0.330893,0.858268,-0.0239135,0.24453
0.579254,-0.360741,-0.464567,-0.11431,0.24453
0.579504,-0.37856,-1,-0.188496,0.24453
0.579754,-0.365285,-1,-0.227374,0.24453
0.580004,-0.30602,-1,-0.214656,0.24453
0.580254,-0.194603,-1,-0.167308,0.24453
0.580504,-0.0361867,-1,-0.0904862,0.24453
0.580754,0.152748,-1,0.0104259,0.24453
0.581003,0.347223,-1,0.120713,0.24453
0.581253,0.518592,-1,0.209846,0.24453
0.581503,0.640442,-0.480315,0.27139,0.24453
0.581753,0.69406,-0.204724,0.275937,0.24453
0.582003,0.672424,-0.188976,0.23324,0.24453
0.582253,0.581502,-0.330709,0.152469,0.24453
0.582503,0.4388,-0.503937,0.0414762,0.24453
0.582753,0.269372,-0.551181,-0.0602625,0.24453
0.583003,0.100415,-0.354331,-0.138914,0.24453
0.583253,-0.0446543,0.133858,-0.190244,0.24453
0.583503,-0.150773,0.897638,-0.192621,0.24453
0.583753,-0.21381,1,-0.163357,0.24453
0.584003,-0.240265,1,-0.12334,0.24453
0.584253,-0.244684,1,-0.0683105,0.24453
0.584503,-0.2449,1,-0.0115247,0.24453
0.584753,-0.256745,1,0.0246804,0.24453
0.585003,-0.289378,1,0.0268313,0.24453
0.585253,-0.342422,1,0.00225358,0.24453
0.585503,-0.405632,0.755906,-0.0536301,0.24453
0.585753,-0.461235,-0.574803,-0.118441,0.24453
0.586003,-0.488306,-1,-0.165642,0.24453
0.586253,-0.468278,-1,-0.175231,0.24453
0.586503,-0.389967,-1,-0.146903,0.24453
0.586753,-0.253195,-1,-0.0789536,0.24453
0.587003,-0.0698486,-1,0.000124139,0.24453
0.587253,0.137748,-1,0.0854128,0.24453
0.587503,0.341081,-1,0.153755,0.24453
0.587753,0.511062,-0.984252,0.206476,0.24453
0.588003,0.62392,-0.740157,0.212979,0.24453
0.588253,0.66598,-0.732283,0.174428,0.24453
0.588503,0.636158,-0.905512,0.100041,0.24453
0.588753,0.545793,-1,-0.00254826,0.24453
0.589003,0.415643,-1,-0.108407,0.24453
0.589253,0.270958,-1,-0.190919,0.24453
0.589503,0.135826,-0.692913,-0.239501,0.24453
0.589753,0.0278635,0.0629921,-0.247623,0.24453
0.590003,-0.0451078,1,-0.232707,0.24453
0.590253,-0.0859591,1,-0.174786,0.24453
0.590503,-0.106472,1,-0.113083,0.24453
0.590753,-0.123207,1,-0.0513716,0.24453
0.591003,-0.152513,1,0.00601032,0.24453
0.591253,-0.205366,1,0.0381286,0.24453
0.591503,-0.283783,1,0.0362627,0.24453
0.591753,-0.379499,1,-0.00628919,0.24453
0.592003,-0.47539,0.574803,-0.0621378,0.24453
0.592253,-0.549255,-0.653543,-0.117033,0.24453
0.592503,-0.579094,-1,-0.152165,0.24453
0.592753,-0.548617,-1,-0.15839,0.24453
0.593003,-0.451636,-1,-0.115812,0.24453
0.593253,-0.294384,-1,-0.0492762,0.24453
0.593503,-0.0948054,-1,0.0143506,0.24453
0.593753,0.120481,-1,0.0772253,0.24453
0.594003,0.321534,-1,0.124464,0.24453
0.594253,0.481001,-0.96063,0.137197,0.24453
0.594503,0.579537,-1,0.109026,0.24453
0.594752,0.609405,-1,0.046,0.24453
0.595002,0.575451,-1,-0.0346279,0.24453
0.595252,0.493277,-1,-0.128263,0.24453
0.595502,0.385084,-1,-0.206085,0.24453
0.595752,0.274212,-1,-0.250827,0.24453
0.596002,0.17973,-0.929134,-0.256664,0.24453
0.596252,0.112182,0.0472441,-0.210898,0.24453
0.596502,0.0718042,1,-0.13358,0.24453
0.596752,0.0493302,1,-0.0526861,0.24453
0.597002,0.0292584,1,0.0258449,0.24453
0.597252,-0.00527523,1,0.0868401,0.24453
0.597502,-0.0672809,1,0.12362,0.24453
0.597752,-0.161518,1,0.114482,0.24453
0.598002,-0.282437,1,0.0660579,0.24453
0.598252,-0.414408,1,-0.0080798,0.24453
0.598502,-0.534826,0.448819,-0.0886763,0.24453
0.598752,-0.618998,-0.598425,-0.167623,0.24453
0.599002,-0.64584,-1,-0.208558,0.24453
0.599252,-0.602982,-1,-0.205853,0.24453
0.599502,-0.490064,-1,-0.164877,0.24453
0.599752,-0.319382,-1,-0.0976363,0.24453
0.600002,-0.113854,-1,-0.0272674,0.14277
0.600252,0.0976407,-0.976378,0.0269838,0.14277
0.600502,0.285881,-0.866142,0.0564803,0.14277
0.600752,0.427285,-1,0.051168,0.14277
0.601002,0.508275,-1,0.0113207,0.14277
0.601252,0.527442,-1,-0.0514929,0.14277
0.601502,0.494882,-1,-0.123809,0.14277
0.601752,0.428968,-1,-0.194164,0.14277
0.602002,0.351352,-1,-0.234013,0.14277
0.602252,0.281453,-1,-0.225343,0.14277
0.602502,0.231787,-1,-0.180304,0.14277
0.602752,0.205131,0.00787402,-0.0895045,0.14277
0.603002,0.194416,1,0.0100108,0.14277
0.603252,0.185151,1,0.114785,0.14277
0.603502,0.159843,1,0.175442,0.14277
0.603752,0.103276,1,0.208342,0.14277
0.604002,0.00734396,1,0.199603,0.14277
0.604252,-0.125839,1,0.145212,0.14277
0.604502,-0.283214,1,0.0516248,0.14277
0.604752,-0.442936,1,-0.0538761,0.14277
0.605002,-0.578731,0.448819,-0.158919,0.14277
0.605252,-0.665507,-0.346457,-0.236959,0.14277
0.605502,-0.684965,-0.850394,-0.265888,0.14277
0.605752,-0.629854,-1,-0.255285,0.14277
0.606002,-0.505848,-0.929134,-0.192829,0.14277
0.606252,-0.330607,-0.700787,-0.106701,0.14277
0.606502,-0.130178,-0.496063,-0.0333671,0.14277
0.606752,0.0662852,-0.448819,0.0237431,0.14277
0.607002,0.232536,-0.653543,0.0366489,0.14277
0.607252,0.350405,-1,0.0252792,0.14277
0.607502,0.412892,-1,-0.0159776,0.14277
0.607752,0.424697,-1,-0.0790625,0.14277
0.608002,0.400005,-1,-0.13145,0.14277
0.608252,0.358141,-1,-0.161336,0.14277
0.608501,0.318198,-1,-0.166625,0.14277
0.608751,0.293954,-1,-0.129038,0.14277
0.609001,0.290352,-1,-0.0597485,0.14277
0.609251,0.302327,0,0.0418008,0.14277
0.609501,0.316383,1,0.141481,0.14277
0.609751,0.3144,1,0.220527,0.14277
0.610001,0.278801,1,0.254196,0.14277
0.610251,0.197762,1,0.246054,0.14277
0.610501,0.0691717,1,0.186214,0.14277
0.610751,-0.0976687,1,0.094266,0.14277
0.611001,-0.283113,1,-0.0170704,0.14277
0.611251,-0.460683,1,-0.125997,0.14277
0.611501,-0.602479,0.527559,-0.230913,0.14277
0.611751,-0.685093,0.015748,-0.281012,0.14277
0.612001,-0.694574,-0.19685,-0.285176,0.14277
0.612251,-0.629473,-0.165354,-0.23861,0.14277
0.612501,-0.501146,0.00787402,-0.151978,0.14277
0.612751,-0.331263,0.181102,-0.0564166,0.14277
0.613001,-0.147117,0.204724,0.0324213,0.14277
0.613251,0.0241899,-0.0314961,0.0883645,0.14277
0.613501,0.161284,-0.559055,0.118311,0.14277
0.613751,0.252533,-1,0.119794,0.14277
0.614001,0.297757,-1,0.0811673,0.14277
0.614251,0.306981,-1,0.046525,0.14277
0.614501,0.296908,-1,-0.00593146,0.14277
0.614751,0.285869,-1,-0.0312632,0.14277
0.615001,0.288543,-1,-0.036798,0.14277
0.615251,0.311777,-1,-0.012256,0.14277
0.615501,0.352545,-1,0.0478171,0.14277
0.615751,0.39846,0.0629921,0.11309,0.14277
0.616001,0.431009,1,0.183311,0.14277
0.616251,0.43031,1,0.209094,0.14277
0.616501,0.380587,1,0.199965,0.14277
0.616751,0.274829,1,0.151225,0.14277
0.617001,0.117515,1,0.0692701,0.14277
0.617251,-0.0753021,1,-0.0272784,0.14277
0.617501,-0.278677,1,-0.123731,0.14277
0.617751,-0.463481,1,-0.203326,0.14277
0.618001,-0.602455,0.685039,-0.252085,0.14277
0.618251,-0.675653,0.464567,-0.253317,0.14277
0.618501,-0.674606,0.488189,-0.207556,0.14277
0.618751,-0.603781,0.669291,-0.124604,0.14277
0.619001,-0.479294,0.874016,-0.0156145,0.14277
0.619251,-0.325098,0.929134,0.0888677,0.14277
0.619501,-0.167559,0.724409,0.175839,0.14277
0.619751,-0.0297184,0.188976,0.220503,0.14277
0.620001,0.0733906,-0.629921,0.2271,0.14277
0.620251,0.137442,-1,0.204519,0.14277
0.620501,0.168565,-1,0.15973,0.14277
0.620751,0.180865,-1,0.104885,0.14277
0.621001,0.191739,-1,0.048737,0.14277
0.621251,0.216608,-1,0.00533755,0.14277
0.621501,0.264223,-1,-0.000681725,0.14277
0.621751,0.333755,-1,0.0130474,0.14277
0.622001,0.414425,-1,0.0587962,0.14277
0.62225,0.487691,0.19685,0.110788,0.14277
0.6225,0.531738,1,0.156178,0.14277
0.62275,0.526933,1,0.165357,0.14277
0.623,0.46098,1,0.130891,0.14277
0.62325,0.332656,1,0.0675844,0.14277
0.6235,0.15303,1,-0.00653085,0.14277
0.62375,-0.0560948,1,-0.0816616,0.14277
0.624,-0.266264,1,-0.150889,0.14277
0.62425,-0.447902,1,-0.190343,0.14277
0.6245,-0.576394,0.858268,-0.183836,0.14277
0.62475,-0.636863,0.913386,-0.146744,0.14277
0.625,-0.626821,1,-0.066283,0.14277
0.62525,-0.556197,1,0.0323352,0.14277
0.6255,-0.444471,1,0.136791,0.14277
0.62575,-0.315881,1,0.214146,0.14277
0.626,-0.193753,1,0.268789,0.14277
0.62625,-0.095322,0.275591,0.265909,0.14277
0.6265,-0.0282676,-0.771654,0.225138,0.14277
0.62675,0.0102666,-1,0.154975,0.14277
0.627,0.0319184,-1,0.0816945,0.14277
0.62725,0.0532001,-1,0.0156425,0.14277
0.6275,0.0902288,-1,-0.040458,0.14277
0.62775,0.153853,-1,-0.0753797,0.14277
0.628,0.245846,-1,-0.0668271,0.14277
0.62825,0.357575,-1,-0.0209085,0.14277
0.6285,0.471346,-0.937008,0.0379639,0.14277
0.62875,0.564061,0.283465,0.110451,0.14277
0.629,0.612651,1,0.161231,0.14277
0.62925,0.599574,1,0.177457,0.14277
0.6295,0.517342,1,0.142111,0.14277
0.62975,0.37099,1,0.0922505,0.14277
0.63,0.177561,1,0.0185031,0.14277
0.63025,-0.0369076,1,-0.0479379,0.14277
0.6305,-0.242522,1,-0.0830198,0.14277
0.63075,-0.411523,0.944882,-0.0980641,0.14277
0.631,-0.523703,1,-0.0761118,0.14277
0.63125,-0.570215,1,-0.0117594,0.14277
0.6315,-0.554632,1,0.0599567,0.14277
0.63175,-0.491296,1,0.149625,0.14277
0.632,-0.401273,1,0.211333,0.14277
0.63225,-0.30702,1,0.245175,0.14277
0.6325,-0.226912,1,0.240832,0.14277
0.63275,-0.171091,0.362205,0.186717,0.14277
0.633,-0.139511,-0.850394,0.0931175,0.14277
0.63325,-0.122711,-1,-0.00588968,0.14277
0.6335,-0.105023,-1,-0.0889501,0.14277
0.63375,-0.0694127,-1,-0.147213,0.14277
0.634,-0.00271757,-1,-0.171784,0.14277
0.63425,0.0998943,-1,-0.158464,0.14277
0.6345,0.232774,-1,-0.104106,0.14277
0.63475,0.379986,-1,-0.0168723,0.14277
0.635,0.518308,-0.80315,0.0833524,0.14277
0.63525,0.622034,0.220472,0.169503,0.14277
0.6355,0.668868,0.976378,0.235222,0.14277
0.63575,0.645038,1,0.240227,0.14277
0.636,0.548758,1,0.20401,0.14277
0.636249,0.391051,1,0.136905,0.14277
0.636499,0.193856,0.968504,0.0631026,0.14277
0.636749,-0.0144765,0.740157,0.00706234,0.14277
0.636999,-0.204858,0.700787,-0.0329706,0.14277
0.637249,-0.353308,0.913386,-0.0227081,0.14277
0.637499,-0.445486,1,0.0123327,0.14277
0.637749,-0.479004,1,0.0634146,0.14277
0.637999,-0.462866,1,0.125267,0.14277
0.638249,-0.414381,1,0.181238,0.14277
0.638499,-0.354274,1,0.20917,0.14277
0.638749,-0.301193,1,0.200737,0.14277
0.638999,-0.267039,1,0.143039,0.14277
0.639249,-0.254143,0.440945,0.0527303,0.14277
0.639499,-0.254989,-0.889764,-0.0556521,0.14277
0.639749,-0.254665,-1,-0.159321,0.14277
0.639999,-0.23522,-1,-0.227027,0.14277
0.640249,-0.18097,-1,-0.2526,0.14277
0.640499,-0.0833871,-1,-0.23654,0.14277
0.640749,0.0556984,-1,-0.173965,0.14277
0.640999,0.223235,-1,-0.0713176,0.14277
0.641249,0.397119,-1,0.0425628,0.14277
0.641499,0.550407,-0.740157,0.158122,0.14277
0.641749,0.656904,0.00787402,0.244557,0.14277
0.641999,0.696999,0.472441,0.29173,0.14277
0.642249,0.661945,0.622047,0.275981,0.14277
0.642499,0.555936,0.519685,0.218707,0.14277
0.642749,0.39533,0.299213,0.13811,0.14277
0.642999,0.205231,0.125984,0.0499365,0.14277
0.643249,0.014177,0.133858,-0.0230715,0.14277
0.643499,-0.151654,0.417323,-0.0586538,0.14277
0.643749,-0.273784,0.976378,-0.0618264,0.14277
0.643999,-0.344598,1,-0.0387376,0.14277
0.644249,-0.368003,1,0.00412094,0.14277
0.644499,-0.357324,1,0.0422532,0.14277
0.644749,-0.331065,1,0.076127,0.14277
0.644999,-0.307594,1,0.0941845,0.14277
0.645249,-0.30007,1,0.0680374,0.14277
0.645499,-0.312862,1,0.0169167,0.14277
0.645749,-0.340383,0.425197,-0.0688788,0.14277
0.645999,-0.368571,-0.944882,-0.151231,0.14277
0.646249,-0.378586,-1,-0.213136,0.14277
0.646499,-0.352137,-1,-0.238815,0.14277
0.646749,-0.27665,-1,-0.224313,0.14277
0.646999,-0.149358,-1,-0.161594,0.14277
0.647249,0.0208844,-1,-0.0762863,0.14277
0.647499,0.214531,-1,0.0315777,0.14277
0.647749,0.404872,-1,0.136955,0.14277
0.647999,0.563286,-0.771654,0.23126,0.14277
0.648249,0.665215,-0.314961,0.276075,0.14277
0.648499,0.695344,-0.133858,0.268658,0.14277
0.648749,0.650707,-0.19685,0.216314,0.14277
0.648999,0.541184,-0.385827,0.126879,0.14277
0.649249,0.38718,-0.559055,0.0214982,0.14277
0.649499,0.215057,-0.559055,-0.0716905,0.14277
0.649749,0.0513896,-0.267717,-0.143184,0.14277
0.649998,-0.0826197,0.322835,-0.172175,0.14277
0.650248,-0.17511,1,-0.172865,0.14277
0.650498,-0.225478,1,-0.147657,0.14277
0.650748,-0.243189,1,-0.0932417,0.14277
0.650998,-0.244358,1,-0.043983,0.14277
0.651248,-0.246758,1,-0.00559189,0.14277
0.651498,-0.264563,1,0.0191568,0.14277
0.651748,-0.304129,1,0.00903935,0.14277
0.651998,-0.361887,1,-0.0368971,0.14277
0.652248,-0.424861,0.314961,-0.0921485,0.14277
0.652498,-0.473783,-1,-0.15511,0.14277
0.652748,-0.487818,-1,-0.18562,0.14277
0.652998,-0.45022,-1,-0.176378,0.14277
0.653248,-0.352993,-1,-0.138442,0.14277
0.653498,-0.199768,-1,-0.0616973,0.14277
0.653748,-0.006023,-1,0.0210279,0.14277
0.653998,0.203453,-1,0.104718,0.14277
0.654248,0.399311,-1,0.176559,0.14277
0.654498,0.553554,-0.84252,0.211501,0.14277
0.654748,0.645073,-0.685039,0.212447,0.14277
0.654998,0.664045,-0.755906,0.161836,0.14277
0.655248,0.613464,-0.984252,0.0731984,0.14277
0.655498,0.508047,-1,-0.0245104,0.14277
0.655748,0.370563,-1,-0.128185,0.14277
0.655998,0.226512,-1,-0.197501,0.14277
0.656248,0.098422,-0.535433,-0.236497,0.14277
0.656498,0.00110989,0.330709,-0.244072,0.14277
0.656748,-0.0610064,1,-0.20566,0.14277
0.656998,-0.0938687,1,-0.15606,0.14277
0.657248,-0.111291,1,-0.0939175,0.14277
0.657498,-0.130379,1,-0.0372739,0.14277
0.657748,-0.16627,1,0.00898025,0.14277
0.657998,-0.22742,1,0.021054,0.14277
0.658248,-0.312623,1,0.00584429,0.14277
0.658498,-0.410568,1,-0.0426702,0.14277
0.658748,-0.502037,0.173228,-0.102027,0.14277
0.658998,-0.564295,-1,-0.144386,0.14277
0.659248,-0.576533,-1,-0.169337,0.14277
0.659498,-0.525274,-1,-0.149294,0.14277
0.659748,-0.408118,-1,-0.094508,0.14277
0.659998,-0.23515,-1,-0.0263255,0.14277
0.660248,-0.0275164,-1,0.0420879,0.14277
0.660498,0.186525,-1,0.100127,0.14277
0.660748,0.377188,-1,0.134656,0.14277
0.660998,0.519114,-0.937008,0.136214,0.14277
0.661248,0.596322,-1,0.103227,0.14277
0.661498,0.605068,-1,0.0303749,0.14277
0.661748,0.553872,-1,-0.064192,0.14277
0.661998,0.460964,-1,-0.150901,0.14277
0.662248,0.349525,-1,-0.221597,0.14277
0.662498,0.242094,-1,-0.25734,0.14277
0.662748,0.1554,-0.692913,-0.249379,0.14277
0.662998,0.0968414,0.393701,-0.19339,0.14277
0.663248,0.0634795,1,-0.105692,0.14277
0.663498,0.0436008,1,-0.0264633,0.14277
0.663747,0.0206904,1,0.0475464,0.14277
0.663997,-0.0213798,1,0.101292,0.14277
0.664247,-0.0934423,1,0.115701,0.14277
0.664497,-0.197166,1,0.107166,0.14277
0.664747,-0.323639,1,0.0453559,0.14277
0.664997,-0.454624,1,-0.0314704,0.14277
0.665247,-0.566265,0.0944882,-0.114622,0.14277
0.665497,-0.634406,-0.889764,-0.182147,0.14277
0.665747,-0.640167,-1,-0.210965,0.14277
0.665997,-0.574714,-1,-0.194277,0.14277
0.666247,-0.441766,-1,-0.136389,0.14277
0.666497,-0.2573,-1,-0.0717775,0.14277
0.666747,-0.0466576,-1,-0.00639295,0.14277
0.666997,0.160509,-0.897638,0.0435502,0.14277
0.667247,0.336188,-0.866142,0.06365,0.14277
0.667497,0.459534,-1,0.0422541,0.14277
0.667747,0.520676,-1,-0.00144222,0.14277
0.667997,0.522035,-1,-0.0734449,0.14277
0.668247,0.476768,-1,-0.148678,0.14277
0.668497,0.40484,-1,-0.201984,0.14277
0.668747,0.327806,-1,-0.225956,0.14277
0.668997,0.263346,-1,-0.214365,0.14277
0.669247,0.221086,-0.818898,-0.150479,0.14277
0.669497,0.200612,0.433071,-0.0549873,0.14277
0.669747,0.192177,1,0.0541593,0.14277
0.669997,0.179758,1,0.141801,0.14277
0.670247,0.14602,1,0.190768,0.14277
0.670497,0.0774899,1,0.213325,0.14277
0.670747,-0.030891,1,0.189076,0.14277
0.670997,-0.173533,1,0.122003,0.14277
0.671247,-0.334298,1,0.0173548,0.14277
0.671497,-0.489399,1,-0.0885989,0.14277
0.671747,-0.612292,0.149606,-0.19515,0.14277
0.671997,-0.679462,-0.559055,-0.261748,0.14277
0.672247,-0.675685,-0.952756,-0.27702,0.14277
0.672497,-0.597715,-1,-0.23821,0.14277
0.672747,-0.455206,-0.858268,-0.164696,0.14277
0.672997,-0.26899,-0.614173,-0.0874144,0.14277
0.673247,-0.0667137,-0.440945,-0.00871614,0.14277
0.673497,0.122785,-0.480315,0.0280111,0.14277
0.673747,0.275322,-0.787402,0.0404329,0.14277
0.673997,0.375993,-1,0.0153451,0.14277
0.674247,0.421533,-1,-0.0365376,0.14277
0.674497,0.420005,-1,-0.0916071,0.14277
0.674747,0.387741,-1,-0.136023,0.14277
0.674997,0.344594,-1,-0.16367,0.14277
0.675247,0.308463,-1,-0.16012,0.14277
0.675497,0.290642,-1,-0.113099,0.14277
0.675747,0.292923,-0.897638,-0.0212316,0.14277
0.675997,0.307313,0.456693,0.0816819,0.14277
0.676247,0.318367,1,0.170462,0.14277
0.676497,0.307571,1,0.236529,0.14277
0.676747,0.258576,1,0.253706,0.14277
0.676997,0.162299,1,0.231681,0.14277
0.677247,0.0201564,1,0.163649,0.14277
0.677496,-0.155078,1,0.062062,0.14277
0.677746,-0.341058,1,-0.052671,0.14277
0.677996,-0.510288,1,-0.171631,0.14277
0.678246,-0.635669,0.322835,-0.251455,0.14277
0.678496,-0.696279,-0.0866142,-0.29659,0.14277
0.678746,-0.681869,-0.212598,-0.277127,0.14277
0.678996,-0.595129,-0.110236,-0.213395,0.14277
0.679246,-0.451043,0.0866142,-0.119574,0.14277
0.679496,-0.273633,0.23622,-0.0213101,0.14277
0.679746,-0.0907471,0.181102,0.0561355,0.14277
0.679996,0.0717028,-0.15748,0.114217,0.14277
0.680246,0.195106,-0.795276,0.13428,0.14277
0.680496,0.271402,-1,0.120711,0.14277
0.680746,0.30382,-1,0.0771661,0.14277
0.680996,0.305001,-1,0.030372,0.14277
0.681246,0.292725,-1,-0.00653198,0.14277
0.681496,0.284717,-1,-0.0363729,0.14277
0.681746,0.293565,-1,-0.0378202,0.14277
0.681996,0.323105,-1,0.00470379,0.14277
0.682246,0.367181,-0.866142,0.0609868,0.14277
0.682496,0.41107,0.527559,0.133275,0.14277
0.682746,0.435235,1,0.186094,0.14277
0.682996,0.420527,1,0.206679,0.14277
0.683246,0.353449,1,0.180813,0.14277
0.683496,0.230445,1,0.12239,0.14277
0.683746,0.0597529,1,0.0352172,0.14277
0.683996,-0.139369,1,-0.0625258,0.14277
0.684246,-0.34009,1,-0.150884,0.14277
0.684496,-0.513191,0.96063,-0.228608,0.14277
0.684746,-0.633168,0.559055,-0.263742,0.14277
0.684996,-0.683368,0.425197,-0.248217,0.14277
0.685246,-0.659321,0.527559,-0.184787,0.14277
0.685496,-0.569443,0.748031,-0.083609,0.14277
0.685746,-0.432818,0.929134,0.0239071,0.14277
0.685996,-0.274781,0.913386,0.120524,0.14277
0.686246,-0.121252,0.606299,0.193163,0.14277
0.686496,0.00684978,-0.0314961,0.229809,0.14277
0.686746,0.0976393,-0.952756,0.229933,0.14277
0.686996,0.150223,-1,0.194318,0.14277
0.687246,0.173638,-1,0.147461,0.14277
0.687496,0.183605,-1,0.0844218,0.14277
0.687746,0.19745,-1,0.0371618,0.14277
0.687996,0.228939,-1,-0.00598686,0.14277
0.688246,0.284019,-1,-0.00523483,0.14277
0.688496,0.358641,-1,0.0227642,0.14277
0.688746,0.43922,-0.692913,0.0714686,0.14277
0.688996,0.50567,0.637795,0.122897,0.14277
0.689246,0.536252,1,0.157594,0.14277
0.689496,0.513116,1,0.155233,0.14277
0.689746,0.427125,1,0.119755,0.14277
0.689996,0.280933,1,0.0553368,0.14277
0.690246,0.0892783,1,-0.0241237,0.14277
0.690496,-0.123406,1,-0.0936301,0.14277
0.690746,-0.327664,1,-0.155167,0.14277
0.690996,-0.494917,0.937008,-0.182356,0.14277
0.691245,-0.603094,0.84252,-0.171014,0.14277
0.691495,-0.641069,0.976378,-0.117616,0.14277
0.691745,-0.610394,1,-0.0326761,0.14277
0.691995,-0.524432,1,0.0661703,0.14277
0.692245,-0.404731,1,0.168846,0.14277
0.692495,-0.275857,1,0.236128,0.14277
0.692745,-0.159721,0.889764,0.267591,0.14277
0.692995,-0.0708182,-0.00787402,0.253861,0.14277
0.693245,-0.0134928,-1,0.203493,0.14277
0.693495,0.0181977,-1,0.130572,0.14277
0.693745,0.0378323,-1,0.0495102,0.14277
0.693995,0.0624578,-1,-0.00767519,0.14277
0.694245,0.107048,-1,-0.0637226,0.14277
0.694495,0.179883,-1,-0.0721083,0.14277
0.694745,0.279489,-1,-0.0581562,0.14277
0.694995,0.394108,-1,0.00109182,0.14277
0.695245,0.503851,-0.527559,0.0640315,0.14277
0.695495,0.585046,0.645669,0.137815,0.14277
0.695745,0.615752,1,0.176645,0.14277
0.695995,0.58121,1,0.173362,0.14277
0.696245,0.477711,1,0.139715,0.14277
0.696495,0.314228,1,0.0732197,0.14277
0.696745,0.11109,1,0.0082308,0.14277
0.696995,-0.103838,1,-0.0527107,0.14277
0.697245,-0.30068,0.976378,-0.0862527,0.14277
0.697495,-0.453524,0.952756,-0.0934946,0.14277
0.697745,-0.545456,1,-0.0552995,0.14277
0.697995,-0.571542,1,0.00475289,0.14277
0.698245,-0.538978,1,0.0837119,0.14277
0.698495,-0.464807,1,0.166368,0.14277
0.698745,-0.371132,1,0.22561,0.14277
0.698995,-0.27967,1,0.247619,0.14277
0.699245,-0.206564,1,0.21776,0.14277
0.699495,-0.158839,0,0.147699,0.14277
0.699745,-0.133291,-1,0.0607815,0.14277
0.699995,-0.118068,-1,-0.0337406,0.144581
0.700245,-0.0964753,-1,-0.111037,0.144581
0.700495,-0.0522299,-1,-0.159094,0.144581
0.700745,0.025676,-1,-0.169002,0.144581
0.700995,0.138925,-1,-0.136448,0.144581
0.701245,0.278451,-1,-0.0673394,0.144581
0.701495,0.425595,-1,0.0255534,0.144581
0.701745,0.555759,-0.448819,0.118028,0.144581
0.701995,0.643718,0.496063,0.201125,0.144581
0.702245,0.669336,1,0.241946,0.144581
0.702495,0.62232,1,0.236228,0.144581
0.702745,0.504984,1,0.191553,0.144581
0.702995,0.332121,1,0.115132,0.144581
0.703245,0.128218,0.866142,0.037352,0.144581
0.703495,-0.0774767,0.685039,-0.0125349,0.144581
0.703745,-0.256887,0.740157,-0.0421917,0.144581
0.703995,-0.388666,1,-0.0307094,0.144581
0.704245,-0.462116,1,0.0129893,0.144581
0.704495,-0.478603,1,0.0785003,0.144581
0.704745,-0.450167,1,0.145648,0.144581
0.704994,-0.395786,1,0.190381,0.144581
0.705244,-0.336112,1,0.205229,0.144581
0.705494,-0.288117,1,0.182113,0.144581
0.705744,-0.260873,1,0.115285,0.144581
0.705994,-0.25351,0.00787402,0.0187532,0.144581
0.706244,-0.255837,-1,-0.0904822,0.144581
0.706494,-0.251443,-1,-0.182752,0.144581
0.706744,-0.222511,-1,-0.229009,0.144581
0.706994,-0.15511,-1,-0.242438,0.144581
0.707244,-0.0437633,-1,-0.211112,0.144581
0.707494,0.106135,-1,-0.135645,0.144581
0.707744,0.278383,-1,-0.0350938,0.144581
0.707994,0.448778,-1,0.0884467,0.144581
0.708244,0.589975,-0.480315,0.185643,0.144581
0.708494,0.677298,0.181102,0.258721,0.144581
0.708744,0.694151,0.543307,0.291249,0.144581
0.708994,0.635745,0.598425,0.260339,0.144581
0.709244,0.510308,0.448819,0.18885,0.144581
0.709494,0.337452,0.228346,0.094771,0.144581
0.709744,0.143982,0.102362,0.0136324,0.144581
0.709994,-0.0416743,0.204724,-0.0386696,0.144581
0.710244,-0.195301,0.582677,-0.0661635,0.144581
0.710494,-0.301583,1,-0.0644832,0.144581
0.710744,-0.356587,1,-0.0304778,0.144581
0.710994,-0.367515,1,0.0139496,0.144581
0.711244,-0.349825,1,0.0524487,0.144581
0.711494,-0.32262,1,0.0887733,0.144581
0.711744,-0.303112,1,0.0876057,0.144581
0.711994,-0.301968,1,0.0627248,0.144581
0.712244,-0.320448,1,-0.0100955,0.144581
0.712494,-0.350006,-0.023622,-0.0944734,0.144581
0.712744,-0.374583,-1,-0.174451,0.144581
0.712994,-0.374952,-1,-0.22314,0.144581
0.713244,-0.334065,-1,-0.235251,0.144581
0.713494,-0.24208,-1,-0.200573,0.144581
0.713744,-0.0997946,-1,-0.133902,0.144581
0.713994,0.0803641,-1,-0.0370243,0.144581
0.714244,0.276048,-1,0.0756434,0.144581
0.714494,0.459344,-1,0.180084,0.144581
0.714744,0.602308,-0.590551,0.252418,0.144581
0.714994,0.682808,-0.212598,0.280833,0.144581
0.715244,0.689164,-0.125984,0.264268,0.144581
0.715494,0.622528,-0.244094,0.18667,0.144581
0.715744,0.496433,-0.448819,0.0927051,0.144581
0.715994,0.333774,-0.582677,-0.0145796,0.144581
0.716244,0.161572,-0.496063,-0.0958947,0.144581
0.716494,0.00532366,-0.110236,-0.154581,0.144581
0.716744,-0.116381,0.582677,-0.180335,0.144581
0.716994,-0.195199,1,-0.169591,0.144581
0.717244,-0.233896,1,-0.129816,0.144581
0.717494,-0.244493,1,-0.0786034,0.144581
0.717744,-0.244182,1,-0.0325701,0.144581
0.717994,-0.250198,1,0.000928401,0.144581
0.718244,-0.274606,1,0.0208674,0.144581
0.718494,-0.320756,1,-0.00473512,0.144581
0.718744,-0.38193,1,-0.053325,0.144581
0.718993,-0.442745,-0.125984,-0.117253,0.144581
0.719243,-0.482854,-1,-0.163855,0.144581
0.719493,-0.482155,-1,-0.190649,0.144581
0.719743,-0.426188,-1,-0.172273,0.144581
0.719993,-0.310405,-1,-0.11712,0.144581
0.720243,-0.142272,-1,-0.029088,0.144581
0.720493,0.0594103,-1,0.0521146,0.144581
0.720743,0.267857,-1,0.136563,0.144581
0.720993,0.453425,-1,0.195848,0.144581
0.721243,0.589749,-0.755906,0.221749,0.144581
0.721493,0.65896,-0.677165,0.207716,0.144581
0.721743,0.655176,-0.826772,0.137488,0.144581
0.721993,0.585324,-1,0.0485876,0.144581
0.722243,0.467119,-1,-0.057637,0.144581
0.722493,0.324859,-1,-0.154239,0.144581
0.722743,0.183683,-0.96063,-0.215876,0.144581
0.722993,0.0641008,-0.291339,-0.250347,0.144581
0.723243,-0.0221148,0.661417,-0.236425,0.144581
0.723493,-0.0739507,1,-0.203903,0.144581
0.723743,-0.100224,1,-0.14437,0.144581
0.723993,-0.116313,1,-0.0851584,0.144581
0.724243,-0.139261,1,-0.0202808,0.144581
0.724493,-0.182596,1,0.0144909,0.144581
0.724743,-0.251926,1,0.0242443,0.144581
0.724993,-0.342794,1,-0.00671563,0.144581
0.725243,-0.441048,1,-0.0516129,0.144581
0.725493,-0.525805,-0.244094,-0.108488,0.144581
0.725743,-0.574338,-1,-0.15934,0.144581
0.725993,-0.567631,-1,-0.15838,0.144581
0.726243,-0.49536,-1,-0.128397,0.144581
0.726493,-0.35901,-1,-0.0655258,0.144581
0.726743,-0.172443,-1,0.00091651,0.144581
0.726993,0.0404399,-1,0.0754696,0.144581
0.727243,0.250253,-1,0.125388,0.144581
0.727493,0.427981,-0.976378,0.148829,0.144581
0.727743,0.550782,-0.952756,0.141047,0.144581
0.727993,0.606287,-1,0.0877199,0.144581
0.728243,0.594753,-1,0.00109741,0.144581
0.728493,0.52816,-1,-0.0910347,0.144581
0.728743,0.426831,-1,-0.187944,0.144581
0.728993,0.314408,-1,-0.246633,0.144581
0.729243,0.212083,-1,-0.267215,0.144581
0.729493,0.133926,-0.370079,-0.236549,0.144581
0.729743,0.0840634,0.779528,-0.173363,0.144581
0.729993,0.0564714,1,-0.095089,0.144581
0.730243,0.0375185,1,-0.00738542,0.144581
0.730493,0.0101987,1,0.0619157,0.144581
0.730743,-0.040495,1,0.107694,0.144581
0.730993,-0.12281,1,0.122507,0.144581
0.731243,-0.235132,1,0.0936855,0.144581
0.731493,-0.365348,1,0.0347045,0.144581
0.731743,-0.49296,0.88189,-0.0494,0.144581
0.731993,-0.593397,-0.251969,-0.129914,0.144581
0.732243,-0.643564,-1,-0.185596,0.144581
0.732493,-0.627359,-1,-0.205468,0.144581
0.732742,-0.539721,-1,-0.170965,0.144581
0.732992,-0.388338,-1,-0.111112,0.144581
0.733242,-0.192605,-1,-0.0422904,0.144581
0.733492,0.0201825,-1,0.0133168,0.144581
0.733742,0.220237,-0.84252,0.0519114,0.144581
0.733992,0.381261,-0.897638,0.0544276,0.144581
0.734242,0.485557,-1,0.0274481,0.144581
0.734492,0.527134,-1,-0.033107,0.144581
0.734742,0.512014,-1,-0.107939,0.144581
0.734992,0.456028,-1,-0.179518,0.144581
0.735242,0.380237,-1,-0.223342,0.144581
0.735492,0.305565,-1,-0.229124,0.144581
0.735742,0.247502,-1,-0.197275,0.144581
0.735992,0.212613,-0.433071,-0.122758,0.144581
0.736242,0.197344,0.866142,-0.0207618,0.144581
0.736492,0.189535,1,0.0843466,0.144581
0.736742,0.17218,1,0.166892,0.144581
0.736992,0.128659,1,0.210449,0.144581
0.737242,0.0477135,1,0.212639,0.144581
0.737492,-0.0725598,1,0.177597,0.144581
0.737742,-0.223075,1,0.103345,0.144581
0.737992,-0.384867,1,-0.000939624,0.144581
0.738242,-0.532688,0.771654,-0.118091,0.144581
0.738492,-0.640314,-0.11811,-0.204348,0.144581
0.738742,-0.686324,-0.732283,-0.25978,0.144581
0.738992,-0.658981,-1,-0.262621,0.144581
0.739242,-0.559125,-0.984252,-0.219464,0.144581
0.739492,-0.400219,-0.771654,-0.149167,0.144581
0.739742,-0.205805,-0.527559,-0.0707686,0.144581
0.739992,-0.00454686,-0.409449,-0.00574543,0.144581
0.740242,0.175583,-0.527559,0.0241238,0.144581
0.740492,0.312908,-0.92126,0.0265683,0.144581
0.740742,0.396054,-1,-0.00842563,0.144581
0.740992,0.425488,-1,-0.0551433,0.144581
0.741242,0.412298,-1,-0.109379,0.144581
0.741492,0.374454,-1,-0.149773,0.144581
0.741742,0.331785,-1,-0.162159,0.144581
0.741992,0.300607,-1,-0.142757,0.144581
0.742242,0.289392,-1,-0.0802352,0.144581
0.742492,0.296761,-0.464567,0.0118628,0.144581
0.742742,0.312017,0.905512,0.114876,0.144581
0.742992,0.318202,1,0.20587,0.144581
0.743242,0.296903,1,0.260399,0.144581
0.743492,0.233599,1,0.26552,0.144581
0.743742,0.122199,1,0.217608,0.144581
0.743992,-0.0322229,1,0.143037,0.144581
0.744242,-0.213565,1,0.0356673,0.144581
0.744492,-0.39735,1,-0.0823109,0.144581
0.744742,-0.555546,0.748031,-0.197404,0.144581
0.744992,-0.662406,0.141732,-0.272532,0.144581
0.745242,-0.69997,-0.173228,-0.292049,0.144581
0.745492,-0.661948,-0.19685,-0.262946,0.144581
0.745742,-0.55508,-0.0393701,-0.189703,0.144581
0.745992,-0.39763,0.165354,-0.100644,0.144581
0.746242,-0.215458,0.259843,-0.00757117,0.144581
0.746491,-0.0364734,0.110236,0.0637449,0.144581
0.746741,0.115264,-0.322835,0.107471,0.144581
0.746991,0.224194,-1,0.112484,0.144581
0.747241,0.285861,-1,0.0930738,0.144581
0.747491,0.306784,-1,0.0577042,0.144581
0.747741,0.301719,-1,0.019635,0.144581
0.747991,0.289022,-1,-0.0137652,0.144581
0.748241,0.285308,-1,-0.0358188,0.144581
0.748491,0.30071,-1,-0.019074,0.144581
0.748741,0.335937,-1,0.0249102,0.144581
0.748991,0.381863,-0.409449,0.0895107,0.144581
0.749241,0.421757,0.96063,0.15944,0.144581
0.749491,0.435605,1,0.20805,0.144581
0.749741,0.405492,1,0.209172,0.144581
0.749991,0.320703,1,0.174875,0.144581
0.750241,0.181283,1,0.105806,0.144581
0.750491,-0.000902805,1,0.0205775,0.144581
0.750741,-0.203637,1,-0.0854735,0.144581
0.750991,-0.398752,1,-0.176574,0.144581
0.751241,-0.557592,0.787402,-0.2389,0.144581
0.751491,-0.656917,0.480315,-0.255146,0.144581
0.751741,-0.683664,0.448819,-0.222545,0.144581
0.751991,-0.637479,0.606299,-0.150442,0.144581
0.752241,-0.530472,0.834646,-0.0577442,0.144581
0.752491,-0.38425,0.968504,0.0532434,0.144581
0.752741,-0.224927,0.874016,0.14532,0.144581
0.752991,-0.0775018,0.456693,0.198256,0.144581
0.753241,0.0396317,-0.283465,0.223786,0.144581
0.753491,0.118004,-1,0.211887,0.144581
0.753741,0.16006,-1,0.171245,0.144581
0.753991,0.177394,-1,0.12602,0.144581
0.754241,0.186777,-1,0.0751289,0.144581
0.754491,0.204975,-1,0.0256323,0.144581
0.754741,0.243677,-1,0.0022822,0.144581
0.754991,0.305826,-1,0.00728537,0.144581
0.755241,0.384168,-1,0.047878,0.144581
0.755491,0.462662,-0.259843,0.0946295,0.144581
0.755741,0.520117,1,0.141888,0.144581
0.755991,0.535421,1,0.172249,0.144581
0.756241,0.493007,1,0.152269,0.144581
0.756491,0.387246,1,0.102951,0.144581
0.756741,0.224668,1,0.0290287,0.144581
0.756991,0.0234131,1,-0.044018,0.144581
0.757241,-0.189908,1,-0.121759,0.144581
0.757491,-0.385411,1,-0.173026,0.144581
0.757741,-0.536016,0.858268,-0.183796,0.144581
0.757991,-0.622758,0.850394,-0.155212,0.144581
0.758241,-0.63841,1,-0.0979119,0.144581
0.758491,-0.588473,1,-0.00220854,0.144581
0.758741,-0.489342,1,0.10233,0.144581
0.758991,-0.36413,1,0.182292,0.144581
0.759241,-0.237149,1,0.241931,0.144581
0.759491,-0.128432,0.645669,0.256072,0.144581
0.759741,-0.0494857,-0.338583,0.232458,0.144581
0.759991,-0.00129486,-1,0.177371,0.144581
0.76024,0.024867,-1,0.102156,0.144581
0.76049,0.0442443,-1,0.0268937,0.144581
0.76074,0.0737539,-1,-0.0324033,0.144581
0.76099,0.126737,-1,-0.0645944,0.144581
0.76124,0.208629,-1,-0.0731714,0.144581
0.76149,0.314677,-1,-0.0367275,0.144581
0.76174,0.430192,-1,0.0220644,0.144581
0.76199,0.533551,-0.133858,0.0919358,0.144581
0.76224,0.601012,0.96063,0.158065,0.144581
0.76249,0.61236,1,0.188522,0.144581
0.76274,0.555969,1,0.165795,0.144581
0.76299,0.43209,1,0.125083,0.144581
0.76324,0.253519,1,0.0520008,0.144581
0.76349,0.0434403,1,-0.00828126,0.144581
0.76374,-0.168953,1,-0.0698252,0.144581
0.76399,-0.354428,0.92126,-0.0936672,0.144581
0.76424,-0.489459,0.984252,-0.0814589,0.144581
0.76449,-0.560637,1,-0.0425934,0.144581
0.76474,-0.566984,1,0.0300131,0.144581
0.76499,-0.519193,1,0.111528,0.144581
0.76524,-0.436423,1,0.188857,0.144581
0.76549,-0.341271,1,0.231257,0.144581
0.76574,-0.254202,1,0.235539,0.144581
0.76599,-0.188801,0.795276,0.197416,0.144581
0.76624,-0.148853,-0.377953,0.126595,0.144581
0.76649,-0.128118,-1,0.0257673,0.144581
0.76674,-0.112791,-1,-0.0661006,0.144581
0.76699,-0.0857009,-1,-0.130486,0.144581
0.76724,-0.031677,-1,-0.164865,0.144581
0.76749,0.0576385,-1,-0.165734,0.144581
0.76774,0.18061,-1,-0.114725,0.144581
0.76799,0.324927,-1,-0.0345508,0.144581
0.76824,0.469535,-1,0.063061,0.144581
0.76849,0.589034,-0.11811,0.155548,0.144581
0.76874,0.659194,0.724409,0.222105,0.144581
0.76899,0.662544,1,0.254845,0.144581
0.76924,0.592593,1,0.228787,0.144581
0.76949,0.455698,1,0.16825,0.144581
0.76974,0.270117,1,0.0892595,0.144581
0.76999,0.0624136,0.755906,0.0209997,0.144581
0.77024,-0.137832,0.645669,-0.0308673,0.144581
0.77049,-0.304136,0.787402,-0.0446837,0.144581
0.77074,-0.41818,1,-0.0228797,0.144581
0.77099,-0.47306,1,0.0235657,0.144581
0.77124,-0.47372,1,0.0888396,0.144581
0.77149,-0.434906,1,0.151664,0.144581
0.77174,-0.376709,1,0.194825,0.144581
0.77199,-0.319176,1,0.201611,0.144581
0.77224,-0.277167,1,0.164223,0.144581
0.77249,-0.256741,0.889764,0.0891212,0.144581
0.77274,-0.253898,-0.417323,-0.01035,0.144581
0.77299,-0.256056,-1,-0.119463,0.144581
0.77324,-0.245766,-1,-0.198366,0.144581
0.77349,-0.205934,-1,-0.238516,0.144581
0.77374,-0.124855,-1,-0.233355,0.144581
0.773989,-0.000290755,-1,-0.183569,0.144581
0.774239,0.158821,-1,-0.101158,0.144581
0.774489,0.333374,-1,0.00958959,0.144581
0.774739,0.497538,-1,0.130674,0.144581
0.774989,0.62419,-0.228346,0.224839,0.144581
0.775239,0.690665,0.322835,0.281422,0.144581
0.775489,0.683778,0.574803,0.281633,0.144581
0.775739,0.602851,0.551181,0.235495,0.144581
0.775989,0.459986,0.354331,0.154449,0.144581
0.776239,0.277575,0.149606,0.0648193,0.144581
0.776489,0.0835827,0.0944882,-0.0186547,0.144581
0.776739,-0.0942968,0.283465,-0.0688743,0.144581
0.776989,-0.23419,0.755906,-0.0795823,0.144581
0.777239,-0.324234,1,-0.0665958,0.144581
0.777489,-0.36415,1,-0.0275237,0.144581
0.777739,-0.364157,1,0.015553,0.144581
0.777989,-0.341439,1,0.0633258,0.144581
0.778239,-0.315011,1,0.0866132,0.144581
0.778489,-0.300514,1,0.0816756,0.144581
0.778739,-0.30588,1,0.0405231,0.144581
0.778989,-0.329186,0.897638,-0.0312677,0.144581
0.779239,-0.359163,-0.480315,-0.110042,0.144581
0.779489,-0.378217,-1,-0.185233,0.144581
0.779739,-0.367216,-1,-0.225566,0.144581
0.779989,-0.310886,-1,-0.222564,0.144581
0.780239,-0.202433,-1,-0.172138,0.144581
0.780489,-0.0464064,-1,-0.0950977,0.144581
0.780739,0.141371,-1,0.00071612,0.144581
0.780989,0.336319,-1,0.114872,0.144581
0.781239,0.509795,-0.968504,0.206826,0.144581
0.781489,0.635107,-0.425197,0.266959,0.144581
0.781739,0.692997,-0.149606,0.281712,0.144581
0.781989,0.675686,-0.141732,0.238688,0.144581
0.782239,0.588402,-0.314961,0.152795,0.144581
0.782489,0.448052,-0.519685,0.0498285,0.144581
0.782739,0.279443,-0.598425,-0.0482954,0.144581
0.782989,0.109751,-0.417323,-0.131773,0.144581
0.783239,-0.0372275,0.0629921,-0.171724,0.144581
0.783489,-0.145826,0.84252,-0.18513,0.144581
0.783739,-0.211246,1,-0.158334,0.144581
0.783989,-0.239482,1,-0.117698,0.144581
0.784239,-0.2447,1,-0.0688458,0.144581
0.784489,-0.244687,1,-0.015962,0.144581
0.784739,-0.255544,1,0.0168697,0.144581
0.784989,-0.286878,1,0.013556,0.144581
0.785239,-0.338917,1,-0.00867677,0.144581
0.785489,-0.40198,0.787402,-0.0708566,0.144581
0.785739,-0.458586,-0.574803,-0.125036,0.144581
0.785989,-0.487882,-1,-0.172409,0.144581
0.786239,-0.470983,-1,-0.188406,0.144581
0.786489,-0.396171,-1,-0.156889,0.144581
0.786739,-0.262577,-1,-0.093208,0.144581
0.786989,-0.0813937,-1,-0.00489026,0.144581
0.787239,0.125535,-1,0.0830974,0.144581
0.787489,0.329956,-1,0.152359,0.144581
0.787739,0.502592,-0.929134,0.209601,0.144581
0.787988,0.619245,-0.677165,0.216088,0.144581
0.788238,0.66555,-0.692913,0.179499,0.144581
0.788488,0.639697,-0.889764,0.110336,0.144581
0.788738,0.552348,-1,0.0089878,0.144581
0.788988,0.423835,-1,-0.0876041,0.144581
0.789238,0.279301,-1,-0.180065,0.144581
0.789488,0.143042,-0.771654,-0.228357,0.144581
0.789738,0.0331774,-0.00787402,-0.247099,0.144581
0.789988,-0.0418432,1,-0.222118,0.144581
0.790238,-0.0843051,1,-0.180298,0.144581
0.790488,-0.105538,1,-0.110955,0.144581
0.790738,-0.122018,1,-0.0491088,0.144581
0.790988,-0.150227,1,-0.0047896,0.144581
0.791238,-0.201566,1,0.0243554,0.144581
0.791488,-0.278636,1,0.0278677,0.144581
0.791738,-0.373734,1,-0.0144619,0.144581
0.791988,-0.470211,0.629921,-0.061808,0.144581
0.792238,-0.545979,-0.622047,-0.128666,0.144581
0.792488,-0.578889,-1,-0.157562,0.144581
0.792738,-0.552185,-1,-0.164524,0.144581
0.792988,-0.459033,-1,-0.121742,0.144581
0.793238,-0.304888,-1,-0.0568245,0.144581
0.793488,-0.107121,-1,0.0196635,0.144581
0.793738,0.108067,-1,0.078838,0.144581
0.793988,0.310797,-1,0.124169,0.144581
0.794238,0.473298,-0.913386,0.140261,0.144581
0.794488,0.575695,-0.976378,0.117712,0.144581
0.794738,0.609525,-1,0.0512804,0.144581
0.794988,0.578927,-1,-0.0316132,0.144581
0.795238,0.498978,-1,-0.117338,0.144581
0.795488,0.391643,-1,-0.195976,0.144581
0.795738,0.280359,-1,-0.250167,0.144581
0.795988,0.184537,-1,-0.253503,0.144581
0.796238,0.115298,-0.0314961,-0.211747,0.144581
0.796488,0.0735176,1,-0.138287,0.144581
0.796738,0.0503894,1,-0.0511462,0.144581
0.796988,0.0306504,1,0.0259886,0.144581
0.797238,-0.00263018,1,0.0878833,0.144581
0.797488,-0.0627935,1,0.110638,0.144581
0.797738,-0.155213,1,0.108998,0.144581
0.797988,-0.274913,1,0.0695941,0.144581
0.798238,-0.406811,1,-0.00562439,0.144581
0.798488,-0.528609,0.488189,-0.0851531,0.144581
0.798738,-0.615514,-0.566929,-0.162191,0.144581
0.798988,-0.646116,-1,-0.209656,0.144581
0.799238,-0.607427,-1,-0.209149,0.144581
0.799488,-0.498347,-1,-0.161445,0.144581
0.799738,-0.330496,-1,-0.101082,0.144581
0.799988,-0.126232,-1,-0.0271436,0.143865
0.800238,0.0857177,-0.92126,0.0238971,0.143865
0.800488,0.276035,-0.818898,0.0564044,0.143865
0.800738,0.420676,-0.96063,0.0530565,0.143865
0.800988,0.505323,-1,0.0132496,0.143865
0.801238,0.527894,-1,-0.0464501,0.143865
0.801488,0.497886,-1,-0.120994,0.143865
0.801737,0.433316,-1,-0.187149,0.143865
0.801987,0.355802,-1,-0.224593,0.143865
0.802237,0.28504,-1,-0.224552,0.143865
0.802487,0.23402,-1,-0.168881,0.143865
0.802737,0.206144,-0.0314961,-0.0894161,0.143865
0.802987,0.194824,1,0.0145524,0.143865
0.803237,0.185947,1,0.11223,0.143865
0.803487,0.162029,1,0.176695,0.143865
0.803737,0.107582,1,0.208741,0.143865
0.803987,0.0139795,1,0.201384,0.143865
0.804237,-0.117277,1,0.146794,0.143865
0.804487,-0.273759,1,0.0611438,0.143865
0.804737,-0.434043,1,-0.0427264,0.143865
0.804987,-0.571977,0.456693,-0.149968,0.143865
0.805237,-0.662186,-0.346457,-0.232386,0.143865
0.805487,-0.68586,-0.84252,-0.274823,0.143865
0.805737,-0.635037,-1,-0.259093,0.143865
0.805987,-0.514641,-0.897638,-0.196936,0.143865
0.806237,-0.341714,-0.661417,-0.116246,0.143865
0.806487,-0.141975,-0.448819,-0.0461007,0.143865
0.806737,0.0554692,-0.409449,0.0155312,0.143865
0.806987,0.224073,-0.622047,0.0386798,0.143865
0.807237,0.345059,-1,0.0181146,0.143865
0.807487,0.410761,-1,-0.0156392,0.143865
0.807737,0.425188,-1,-0.0681749,0.143865
0.807987,0.402105,-1,-0.119977,0.143865
0.808237,0.360685,-1,-0.15556,0.143865
0.808487,0.320181,-1,-0.159322,0.143865
0.808737,0.294798,-1,-0.124505,0.143865
0.808987,0.290037,-1,-0.0502638,0.143865
0.809237,0.301427,-0.015748,0.0454981,0.143865
0.809487,0.315838,1,0.142489,0.143865
0.809737,0.31527,1,0.221051,0.143865
0.809987,0.282018,1,0.26201,0.143865
0.810237,0.203775,1,0.242015,0.143865
0.810487,0.0777964,1,0.187059,0.143865
0.810737,-0.0872766,1,0.103233,0.143865
0.810987,-0.272298,1,-0.0109066,0.143865
0.811237,-0.451079,1,-0.128952,0.143865
0.811487,-0.595682,0.519685,-0.22706,0.143865
0.811737,-0.68222,0.015748,-0.286951,0.143865
0.811987,-0.696109,-0.19685,-0.291049,0.143865
0.812237,-0.635131,-0.15748,-0.245739,0.143865
0.812487,-0.509954,0.0314961,-0.159529,0.143865
0.812737,-0.341759,0.212598,-0.0675191,0.143865
0.812987,-0.157669,0.23622,0.030435,0.143865
0.813237,0.0150342,0,0.0849891,0.143865
0.813487,0.154516,-0.527559,0.117016,0.143865
0.813737,0.248534,-1,0.120931,0.143865
0.813987,0.296238,-1,0.0885981,0.143865
0.814237,0.307136,-1,0.0460696,0.143865
0.814487,0.297695,-1,0.0107657,0.143865
0.814737,0.286251,-1,-0.0278303,0.143865
0.814987,0.287851,-1,-0.0349844,0.143865
0.815237,0.309876,-1,-0.0105996,0.143865
0.815486,0.349867,-1,0.0435161,0.143865
0.815736,0.395954,0.0472441,0.111967,0.143865
0.815986,0.42986,1,0.18263,0.143865
0.816236,0.431585,1,0.213677,0.143865
0.816486,0.384998,1,0.203065,0.143865
0.816736,0.282451,1,0.157841,0.143865
0.816986,0.12779,1,0.0734357,0.143865
0.817236,-0.0635849,1,-0.0188488,0.143865
0.817486,-0.267105,1,-0.119811,0.143865
0.817736,-0.453775,1,-0.19934,0.143865
0.817986,-0.596046,0.653543,-0.251837,0.143865
0.818236,-0.673411,0.440945,-0.260591,0.143865
0.818486,-0.676672,0.480315,-0.209937,0.143865
0.818736,-0.609552,0.677165,-0.122143,0.143865
0.818986,-0.487565,0.889764,-0.0238602,0.143865
0.819236,-0.334364,0.952756,0.0861689,0.143865
0.819486,-0.176331,0.755906,0.167796,0.143865
0.819736,-0.0368477,0.23622,0.210504,0.143865
0.819986,0.0685121,-0.582677,0.226486,0.143865
0.820236,0.134716,-1,0.20374,0.143865
0.820486,0.167418,-1,0.163871,0.143865
0.820736,0.180343,-1,0.110086,0.143865
0.820986,0.190837,-1,0.0520436,0.143865
0.821236,0.214596,-1,0.0116796,0.143865
0.821486,0.260815,-1,-0.00106977,0.143865
0.821736,0.329278,-1,0.0120498,0.143865
0.821986,0.409728,-1,0.0617466,0.143865
0.822236,0.484005,0.173228,0.110453,0.143865
0.822486,0.530365,1,0.154882,0.143865
0.822736,0.528821,1,0.166136,0.143865
0.822986,0.466565,1,0.137395,0.143865
0.823236,0.34167,1,0.0727194,0.143865
0.823486,0.164481,1,-0.00210677,0.143865
0.823736,-0.0436725,1,-0.0735942,0.143865
0.823986,-0.254583,1,-0.148995,0.143865
0.824236,-0.438623,0.984252,-0.180928,0.143865
0.824486,-0.570727,0.811024,-0.187215,0.143865
0.824736,-0.635313,0.889764,-0.147198,0.143865
0.824986,-0.629199,1,-0.0682382,0.143865
0.825236,-0.56163,1,0.0277064,0.143865
0.825486,-0.451648,1,0.13383,0.143865
0.825736,-0.323354,1,0.208662,0.143865
0.825986,-0.2003,1,0.259893,0.143865
0.826236,-0.10018,0.354331,0.259149,0.143865
0.826486,-0.0312756,-0.692913,0.219136,0.143865
0.826736,0.0086502,-1,0.153845,0.143865
0.826986,0.0308541,-1,0.0796331,0.143865
0.827236,0.0516599,-1,0.0157216,0.143865
0.827486,0.0874086,-1,-0.0449513,0.143865
0.827736,0.149347,-1,-0.0770407,0.143865
0.827986,0.239837,-1,-0.0623616,0.143865
0.828236,0.350846,-1,-0.0193521,0.143865
0.828486,0.465074,-0.96063,0.0409376,0.143865
0.828736,0.559663,0.244094,0.117778,0.143865
0.828986,0.611386,1,0.162068,0.143865
0.829235,0.602196,1,0.177423,0.143865
0.829485,0.523978,1,0.15575,0.143865
0.829735,0.380984,1,0.0985379,0.143865
0.829985,0.189639,1,0.0233608,0.143865
0.830235,-0.0244161,1,-0.0431975,0.143865
0.830485,-0.23138,1,-0.0875301,0.143865
0.830735,-0.403138,0.889764,-0.105118,0.143865
0.830985,-0.51898,1,-0.0810237,0.143865
0.831235,-0.569313,1,-0.0213146,0.143865
0.831485,-0.557021,1,0.0553215,0.143865
0.831735,-0.495911,1,0.143466,0.143865
0.831985,-0.406812,1,0.208358,0.143865
0.832235,-0.312245,1,0.243546,0.143865
0.832485,-0.230951,1,0.23179,0.143865
0.832735,-0.173598,0.425197,0.186916,0.143865
0.832985,-0.14078,-0.787402,0.10143,0.143865
0.833235,-0.12353,-1,0.000336139,0.143865
0.833485,-0.106369,-1,-0.0839286,0.143865
0.833735,-0.0722169,-1,-0.146516,0.143865
0.833985,-0.00757839,-1,-0.170043,0.143865
0.834235,0.0930024,-1,-0.161803,0.143865
0.834485,0.224476,-1,-0.106182,0.143865
0.834735,0.371446,-1,-0.023399,0.143865
0.834985,0.510975,-0.811024,0.0849027,0.143865
0.835235,0.617374,0.188976,0.169265,0.143865
0.835485,0.668,0.937008,0.231078,0.143865
0.835735,0.648434,1,0.245515,0.143865
0.835985,0.556167,1,0.203755,0.143865
0.836235,0.401531,1,0.137841,0.143865
0.836485,0.205889,0.905512,0.0726708,0.143865
0.836735,-0.00261179,0.685039,0.00891067,0.143865
0.836985,-0.194761,0.645669,-0.0232099,0.143865
0.837235,-0.346168,0.874016,-0.0326454,0.143865
0.837485,-0.441799,1,-0.000953484,0.143865
0.837735,-0.478559,1,0.0541351,0.143865
0.837985,-0.464883,1,0.120806,0.143865
0.838235,-0.417711,1,0.173007,0.143865
0.838485,-0.357719,1,0.202198,0.143865
0.838735,-0.303827,1,0.194497,0.143865
0.838985,-0.26842,1,0.138779,0.143865
0.839235,-0.254397,0.464567,0.0457953,0.143865
0.839485,-0.254773,-0.850394,-0.0573179,0.143865
0.839735,-0.255023,-1,-0.15937,0.143865
0.839985,-0.237159,-1,-0.228997,0.143865
0.840235,-0.185246,-1,-0.24787,0.143865
0.840485,-0.090232,-1,-0.235939,0.143865
0.840735,0.0466742,-1,-0.172852,0.143865
0.840985,0.213096,-1,-0.0795533,0.143865
0.841235,0.38733,-1,0.039853,0.143865
0.841485,0.542543,-0.748031,0.150038,0.143865
0.841735,0.652389,-0.00787402,0.241321,0.143865
0.841985,0.696701,0.440945,0.287205,0.143865
0.842235,0.66601,0.582677,0.275213,0.143865
0.842485,0.563768,0.488189,0.22432,0.143865
0.842735,0.4057,0.275591,0.140224,0.143865
0.842984,0.216534,0.102362,0.0467041,0.143865
0.843234,0.0247985,0.11811,-0.0224296,0.143865
0.843484,-0.143089,0.393701,-0.0605861,0.143865
0.843734,-0.268077,0.952756,-0.0744043,0.143865
0.843984,-0.341875,1,-0.0476941,0.143865
0.844234,-0.367749,1,-0.0110626,0.143865
0.844484,-0.358563,1,0.0283195,0.143865
0.844734,-0.332676,1,0.0743236,0.143865
0.844984,-0.308612,1,0.0877137,0.143865
0.845234,-0.299946,1,0.0705306,0.143865
0.845484,-0.311625,1,0.0135708,0.143865
0.845734,-0.338613,0.440945,-0.0605345,0.143865
0.845984,-0.367233,-0.905512,-0.141269,0.143865
0.846234,-0.378835,-1,-0.20852,0.143865
0.846484,-0.354915,-1,-0.235132,0.143865
0.846734,-0.282452,-1,-0.214641,0.143865
0.846984,-0.158033,-1,-0.1637,0.143865
0.847234,0.0101636,-1,-0.0760999,0.143865
0.847484,0.203136,-1,0.031424,0.143865
0.847734,0.394437,-1,0.136669,0.143865
0.847984,0.55542,-0.755906,0.21957,0.143865
0.848234,0.661161,-0.307087,0.26763,0.143865
0.848484,0.695671,-0.133858,0.265864,0.143865
0.848734,0.655213,-0.204724,0.218522,0.143865
0.848984,0.548973,-0.393701,0.13006,0.143865
0.849234,0.396856,-0.566929,0.0282843,0.143865
0.849484,0.22503,-0.566929,-0.0684684,0.143865
0.849734,0.0602171,-0.291339,-0.134806,0.143865
0.849984,-0.0759092,0.283465,-0.174369,0.143865
0.850234,-0.170939,1,-0.166107,0.143865
0.850484,-0.223583,1,-0.140943,0.143865
0.850734,-0.24277,1,-0.0993265,0.143865
0.850984,-0.244429,1,-0.0460495,0.143865
0.851234,-0.246312,1,-0.00256119,0.143865
0.851484,-0.262959,1,0.0145718,0.143865
0.851734,-0.301261,1,0.0102628,0.143865
0.851984,-0.358235,1,-0.0330514,0.143865
0.852234,-0.421399,0.346457,-0.0893137,0.143865
0.852484,-0.471696,-0.952756,-0.144991,0.143865
0.852734,-0.48828,-1,-0.187061,0.143865
0.852984,-0.454016,-1,-0.181744,0.143865
0.853234,-0.360235,-1,-0.140376,0.143865
0.853484,-0.209938,-1,-0.0719245,0.143865
0.853734,-0.0179357,-1,0.011017,0.143865
0.853984,0.191412,-1,0.0975395,0.143865
0.854234,0.388863,-1,0.166794,0.143865
0.854484,0.54615,-0.80315,0.20498,0.143865
0.854734,0.641705,-0.653543,0.205117,0.143865
0.854984,0.664928,-0.740157,0.16429,0.143865
0.855234,0.618079,-0.976378,0.0789012,0.143865
0.855484,0.51527,-1,-0.0214446,0.143865
0.855734,0.378944,-1,-0.117423,0.143865
0.855984,0.234602,-1,-0.186184,0.143865
0.856234,0.10509,-0.574803,-0.234616,0.143865
0.856484,0.0057675,0.267717,-0.237136,0.143865
0.856734,-0.0583062,1,-0.204409,0.143865
0.856983,-0.0925488,1,-0.15097,0.143865
0.857233,-0.110384,1,-0.0889854,0.143865
0.857483,-0.12892,1,-0.0389961,0.143865
0.857733,-0.16355,1,0.0102536,0.143865
0.857983,-0.223166,1,0.0264396,0.143865
0.858233,-0.307191,1,0.00235297,0.143865
0.858483,-0.40486,1,-0.043059,0.143865
0.858733,-0.497313,0.212598,-0.0937889,0.143865
0.858983,-0.561864,-0.952756,-0.150728,0.143865
0.859233,-0.577471,-1,-0.170789,0.143865
0.859483,-0.530091,-1,-0.158543,0.143865
0.859733,-0.416599,-1,-0.106233,0.143865
0.859983,-0.246352,-1,-0.0390927,0.143865
0.860233,-0.0399993,-1,0.0344779,0.143865
0.860483,0.174497,-1,0.0977692,0.143865
0.860733,0.367274,-0.992126,0.137172,0.143865
0.860983,0.512567,-0.889764,0.144801,0.143865
0.861233,0.593755,-1,0.102681,0.143865
0.861483,0.606341,-1,0.0377344,0.143865
0.861733,0.558182,-1,-0.051165,0.143865
0.861983,0.467085,-1,-0.147045,0.143865
0.862233,0.356076,-1,-0.214829,0.143865
0.862483,0.247868,-1,-0.251194,0.143865
0.862733,0.159669,-0.740157,-0.243014,0.143865
0.862983,0.0994623,0.314961,-0.186909,0.143865
0.863233,0.0648684,1,-0.110644,0.143865
0.863483,0.0446306,1,-0.028761,0.143865
0.863733,0.0224187,1,0.0472237,0.143865
0.863983,-0.0181731,1,0.10103,0.143865
0.864233,-0.0883549,1,0.114609,0.143865
0.864483,-0.190389,1,0.103923,0.143865
0.864733,-0.315983,1,0.045083,0.143865
0.864983,-0.447325,1,-0.0375502,0.143865
0.865233,-0.560767,0.141732,-0.114428,0.143865
0.865483,-0.632,-0.818898,-0.182485,0.143865
0.865733,-0.641736,-1,-0.214727,0.143865
0.865983,-0.580455,-1,-0.194128,0.143865
0.866233,-0.451094,-1,-0.14233,0.143865
0.866483,-0.268994,-1,-0.0713221,0.143865
0.866733,-0.0590739,-1,-0.00800973,0.143865
0.866983,0.149132,-0.84252,0.0425536,0.143865
0.867233,0.327295,-0.818898,0.0615132,0.143865
0.867483,0.454058,-1,0.0490878,0.143865
0.867733,0.518865,-1,0.00206033,0.143865
0.867983,0.523424,-1,-0.0635315,0.143865
0.868233,0.480323,-1,-0.138551,0.143865
0.868483,0.409344,-1,-0.199501,0.143865
0.868733,0.332067,-1,-0.225473,0.143865
0.868983,0.266528,-1,-0.206793,0.143865
0.869233,0.222881,-0.858268,-0.151038,0.143865
0.869483,0.20133,0.362205,-0.0611634,0.143865
0.869733,0.192571,1,0.048124,0.143865
0.869983,0.180866,1,0.131469,0.143865
0.870233,0.148796,1,0.191456,0.143865
0.870483,0.0825636,1,0.209476,0.143865
0.870732,-0.0235539,1,0.187122,0.143865
0.870982,-0.164562,1,0.11533,0.143865
0.871232,-0.324875,1,0.0267056,0.143865
0.871482,-0.481044,1,-0.0835142,0.143865
0.871732,-0.606498,0.181102,-0.183899,0.143865
0.871982,-0.6774,-0.519685,-0.259486,0.143865
0.872232,-0.677955,-0.897638,-0.275284,0.143865
0.872482,-0.604138,-0.968504,-0.24085,0.143865
0.872732,-0.46491,-0.811024,-0.166079,0.143865
0.872982,-0.280516,-0.574803,-0.0897068,0.143865
0.873232,-0.0783678,-0.409449,-0.0101298,0.143865
0.873482,0.1126,-0.440945,0.0311715,0.143865
0.873732,0.267821,-0.740157,0.0462521,0.143865
0.873982,0.371701,-1,0.0218278,0.143865
0.874232,0.42033,-1,-0.0185708,0.143865
0.874482,0.421147,-1,-0.0767821,0.143865
0.874732,0.390105,-1,-0.128005,0.143865
0.874982,0.347047,-1,-0.15284,0.143865
0.875232,0.310123,-1,-0.1448,0.143865
0.875482,0.2911,-1,-0.105612,0.143865
0.875732,0.29235,-0.905512,-0.0284349,0.143865
0.875982,0.30639,0.409449,0.0718613,0.143865
0.876232,0.318136,1,0.163454,0.143865
0.876482,0.309077,1,0.232562,0.143865
0.876732,0.262639,1,0.247554,0.143865
0.876982,0.169185,1,0.222423,0.143865
0.877232,0.0294561,1,0.154575,0.143865
0.877482,-0.144369,1,0.0613203,0.143865
0.877732,-0.330453,1,-0.0584603,0.143865
0.877982,-0.501428,1,-0.161457,0.143865
0.878232,-0.630008,0.330709,-0.248109,0.143865
0.878482,-0.694773,-0.0708661,-0.294358,0.143865
0.878732,-0.684771,-0.19685,-0.277816,0.143865
0.878982,-0.601909,-0.0944882,-0.221241,0.143865
0.879232,-0.460554,0.0944882,-0.123428,0.143865
0.879482,-0.284321,0.23622,-0.0231413,0.143865
0.879732,-0.101024,0.188976,0.0560399,0.143865
0.879982,0.0632046,-0.141732,0.112439,0.143865
0.880232,0.1892,-0.755906,0.136377,0.143865
0.880482,0.268241,-1,0.117318,0.143865
0.880732,0.302981,-1,0.0864326,0.143865
0.880982,0.305514,-1,0.0435379,0.143865
0.881232,0.293482,-1,-0.0102523,0.143865
0.881482,0.284811,-1,-0.0357825,0.143865
0.881732,0.292479,-1,-0.0368713,0.143865
0.881982,0.320894,-1,-0.00753227,0.143865
0.882232,0.364465,-0.850394,0.0591677,0.143865
0.882482,0.408878,0.488189,0.124416,0.143865
0.882732,0.434742,1,0.182787,0.143865
0.882982,0.422693,1,0.203768,0.143865
0.883232,0.358865,1,0.190269,0.143865
0.883482,0.238995,1,0.12924,0.143865
0.883732,0.0706355,1,0.0473581,0.143865
0.883982,-0.12752,1,-0.0538825,0.143865
0.884232,-0.328926,1,-0.141893,0.143865
0.884481,-0.504386,0.92126,-0.217958,0.143865
0.884731,-0.628006,0.543307,-0.249725,0.143865
0.884981,-0.6825,0.417323,-0.245324,0.143865
0.885231,-0.662662,0.519685,-0.187756,0.143865
0.885481,-0.576168,0.732283,-0.0917723,0.143865
0.885731,-0.44157,0.913386,0.0136756,0.143865
0.885981,-0.284042,0.905512,0.116366,0.143865
0.886231,-0.129607,0.614173,0.18586,0.143865
0.886481,0.000366281,0,0.216517,0.143865
0.886731,0.0934456,-0.88189,0.215851,0.143865
0.886981,0.14808,-1,0.191463,0.143865
0.887231,0.172823,-1,0.135824,0.143865
0.887481,0.183115,-1,0.0796896,0.143865
0.887731,0.196277,-1,0.0275977,0.143865
0.887981,0.22649,-1,-0.00775022,0.143865
0.888231,0.280212,-1,-0.0079125,0.143865
0.888481,0.353987,-1,0.0172945,0.143865
0.888731,0.434729,-0.716535,0.0647534,0.143865
0.888981,0.502604,0.566929,0.123415,0.143865
0.889231,0.535818,1,0.158565,0.143865
0.889481,0.516141,1,0.165516,0.143865
0.889731,0.433826,1,0.123578,0.143865
0.889981,0.290826,1,0.0610661,0.143865
0.890231,0.101213,1,-0.0143657,0.143865
0.890481,-0.111034,1,-0.0861008,0.143865
0.890731,-0.316597,1,-0.155248,0.143865
0.890981,-0.486659,0.889764,-0.186778,0.143865
0.891231,-0.598683,0.80315,-0.175996,0.143865
0.891481,-0.640809,0.944882,-0.128178,0.143865
0.891731,-0.613871,1,-0.0403886,0.143865
0.891981,-0.530588,1,0.0580128,0.143865
0.892231,-0.412147,1,0.154592,0.143865
0.892481,-0.283154,1,0.220895,0.143865
0.892731,-0.165793,0.913386,0.250793,0.143865
0.892981,-0.0750886,0.0472441,0.247313,0.143865
0.893231,-0.0160024,-1,0.197314,0.143865
0.893481,0.0168289,-1,0.129977,0.143865
0.893731,0.0367276,-1,0.0592845,0.143865
0.893981,0.0606089,-1,-0.00863941,0.143865
0.894231,0.103717,-1,-0.0547287,0.143865
0.894481,0.174877,-1,-0.0769926,0.143865
0.894731,0.273156,-1,-0.0559288,0.143865
0.894981,0.387384,-1,-0.00620522,0.143865
0.895231,0.498042,-0.559055,0.0683854,0.143865
0.895481,0.581529,0.574803,0.132097,0.143865
0.895731,0.615666,1,0.176513,0.143865
0.895981,0.585126,1,0.176163,0.143865
0.896231,0.485513,1,0.14152,0.143865
0.896481,0.325039,1,0.0749459,0.143865
0.896731,0.123457,1,0.0112242,0.143865
0.896981,-0.0916111,1,-0.0536586,0.143865
0.897231,-0.290272,0.92126,-0.0888314,0.143865
0.897481,-0.446231,0.897638,-0.0903841,0.143865
0.897731,-0.541948,1,-0.0592789,0.143865
0.897981,-0.571744,1,0.0014301,0.143865
0.89823,-0.542214,1,0.0832846,0.143865
0.89848,-0.46988,1,0.155853,0.143865
0.89873,-0.376693,1,0.211743,0.143865
0.89898,-0.284581,1,0.240326,0.143865
0.89923,-0.21012,1,0.214781,0.143865
0.89948,-0.160913,0.0551181,0.152924,0.143865
0.89973,-0.134333,-1,0.0625838,0.143865
0.89998,-0.118942,-1,-0.0267528,0.142983
2.02416,-0.387465,0,-0.382628,0.142983
2.02441,-0.537493,0.015748,-0.537096,0.142983
2.02466,-0.623415,0.0944882,-0.619069,0.142983
2.02491,-0.638161,0.314961,-0.638914,0.142983
2.02516,-0.58743,0.566929,-0.585247,0.142983
2.02541,-0.487692,0.685039,-0.491713,0.142983
2.02566,-0.362239,0.669291,-0.360954,0.142983
2.02591,-0.235322,0.551181,-0.226575,0.142983
2.02616,-0.126953,0.385827,-0.10123,0.142983
2.02641,-0.0484585,0.220472,0.00741131,0.142983
2.02666,-0.000703996,0.0866142,0.0820489,0.142983
2.02691,0.0252463,-0.00787402,0.138478,0.142983
2.02716,0.0446467,-0.0787402,0.190302,0.142983
2.02741,0.0745083,-0.141732,0.228765,0.142983
2.02766,0.128011,-0.220472,0.290386,0.142983
2.02791,0.210466,-0.330709,0.35758,0.142983
2.02816,0.316901,-0.480315,0.431732,0.142983
2.02841,0.432421,-0.653543,0.512916,0.142983
2.02866,0.535352,-0.84252,0.565162,0.142983
2.02891,0.601846,-1,0.569391,0.142983
2.02916,0.611865,-1,0.519158,0.142983
2.02941,0.553981,-1,0.401747,0.142983
2.02966,0.428652,-0.968504,0.220582,0.142983
2.02991,0.249018,-0.677165,-0.013934,0.142983
2.03016,0.0384436,-0.275591,-0.267776,0.142983
2.03041,-0.173729,0.188976,-0.507127,0.142983
2.03066,-0.358359,0.669291,-0.711226,0.142983
2.03091,-0.491991,1,-0.837338,0.142983
2.03116,-0.561564,1,-0.87511,0.142983
2.03141,-0.566392,1,-0.809203,0.142983
2.03166,-0.517393,1,-0.669775,0.142983
2.03191,-0.433942,1,-0.459018,0.142983
2.03216,-0.338736,1,-0.228795,0.142983
2.03241,-0.25207,0.724409,-0.00481079,0.142983
2.03266,-0.187328,0.346457,0.187426,0.142983
2.03291,-0.148032,0,0.317604,0.142983
2.03316,-0.127661,-0.259843,0.406703,0.142983
2.03341,-0.11225,-0.464567,0.450975,0.142983
2.03366,-0.0845189,-0.614173,0.455242,0.142983
2.03391,-0.0294974,-0.740157,0.442911,0.142983
2.03416,0.0609745,-0.858268,0.41013,0.142983
2.03441,0.184913,-0.984252,0.388837,0.142983
2.03466,0.329626,-1,0.353023,0.142983
2.03491,0.473918,-1,0.319646,0.142983
2.03516,0.592203,-1,0.269572,0.142983
2.03541,0.660441,-1,0.185991,0.142983
2.03567,0.661373,-1,0.0764639,0.142983
2.03592,0.588939,-1,-0.0687387,0.142983
2.03617,0.449953,-0.732283,-0.22712,0.142983
2.03642,0.263005,-0.244094,-0.390436,0.142983
2.03667,0.0550008,0.307087,-0.530756,0.142983
2.03692,-0.144582,0.874016,-0.631961,0.142983
2.03717,-0.309345,1,-0.66929,0.142983
2.03742,-0.421317,1,-0.635422,0.142983
2.03767,-0.474009,1,-0.518517,0.142983
2.03792,-0.472881,1,-0.34256,0.142983
2.03817,-0.432894,1,-0.131176,0.142983
2.03842,-0.374355,1,0.0747774,0.142983
2.03867,-0.317147,1,0.254,0.142983
2.03892,-0.275917,0.598425,0.365338,0.142983
2.03917,-0.256315,0.204724,0.419931,0.142983
2.03942,-0.253974,-0.125984,0.397084,0.142983
2.03967,-0.256,-0.385827,0.334589,0.142983
2.03992,-0.2448,-0.574803,0.242547,0.142983
2.04017,-0.203415,-0.732283,0.151741,0.142983
2.04042,-0.12041,-0.866142,0.0592706,0.142983
2.04067,0.00596728,-1,0.0139987,0.142983
2.04092,0.166274,-1,-0.0143543,0.142983
2.04117,0.341028,-1,-0.00527454,0.142983
2.04142,0.504148,-1,0.0161968,0.142983
2.04167,0.628617,-1,0.0365969,0.142983
2.04192,0.691991,-1,0.0408742,0.142983
2.04217,0.681635,-1,0.0116191,0.142983
2.04242,0.597428,-1,-0.0367175,0.142983
2.04267,0.452097,-0.622047,-0.114342,0.142983
2.04292,0.268372,-0.0866142,-0.200796,0.142983
2.04317,0.0744722,0.488189,-0.274486,0.142983
2.04342,-0.102102,1,-0.320189,0.142983
2.04367,-0.239824,1,-0.328689,0.142983
2.04392,-0.327359,1,-0.280491,0.142983
2.04417,-0.365018,1,-0.199559,0.142983
2.04442,-0.363415,1,-0.0728798,0.142983
2.04467,-0.340051,1,0.0516591,0.142983
2.04492,-0.313872,1,0.158544,0.142983
2.04517,-0.300282,0.976378,0.218465,0.142983
2.04542,-0.306707,0.614173,0.231497,0.142983
2.04567,-0.330697,0.299213,0.189946,0.142983
2.04592,-0.360595,0.0393701,0.113036,0.142983
2.04617,-0.378492,-0.165354,0.0185259,0.142983
2.04642,-0.365388,-0.338583,-0.0562812,0.142983
2.04667,-0.306264,-0.511811,-0.113411,0.142983
2.04692,-0.194955,-0.708661,-0.117635,0.142983
2.04717,-0.0365963,-0.92126,-0.082425,0.142983
2.04742,0.152398,-1,-0.0150859,0.142983
2.04767,0.347,-1,0.0758377,0.142983
2.04792,0.518469,-1,0.157784,0.142983
2.04817,0.640416,-1,0.217205,0.142983
2.04842,0.694066,-1,0.228088,0.142983
2.04867,0.672386,-1,0.196427,0.142983
2.04892,0.581381,-1,0.118716,0.142983
2.04917,0.438527,-0.708661,0.0225251,0.142983
2.04942,0.269073,-0.15748,-0.0927417,0.142983
2.04967,0.100036,0.409449,-0.194678,0.142983
2.04992,-0.0450191,0.944882,-0.261783,0.142983
2.05017,-0.151065,1,-0.287741,0.142983
2.05042,-0.213977,1,-0.260983,0.142983
2.05067,-0.240309,1,-0.195145,0.142983
2.05092,-0.244698,1,-0.110386,0.142983
2.05117,-0.244917,1,-0.0119944,0.142983
2.05142,-0.256876,1,0.0669179,0.142983
2.05167,-0.289649,1,0.107176,0.142983
2.05192,-0.342802,0.787402,0.0986389,0.142983
2.05217,-0.406065,0.566929,0.0594118,0.142983
2.05242,-0.461529,0.377953,0.000896589,0.142983
2.05267,-0.488347,0.188976,-0.057854,0.142983
2.05292,-0.467868,0,-0.0909958,0.142983
2.05317,-0.388974,-0.220472,-0.0882233,0.142983
2.05342,-0.251617,-0.503937,-0.0417549,0.142983
2.05367,-0.067852,-0.826772,0.0411944,0.142983
2.05392,0.139974,-1,0.141187,0.142983
2.05417,0.343177,-1,0.2314,0.142983
2.05442,0.512737,-1,0.301592,0.142983
2.05467,0.624868,-1,0.332032,0.142983
2.05492,0.666041,-1,0.294367,0.142983
2.05517,0.635357,-1,0.218889,0.142983
2.05542,0.544252,-1,0.0983876,0.142983
2.05567,0.413687,-0.826772,-0.0399495,0.142983
2.05592,0.268898,-0.267717,-0.161506,0.142983
2.05617,0.133985,0.291339,-0.25787,0.142983
2.05642,0.0264435,0.795276,-0.307537,0.142983
2.05667,-0.0460424,1,-0.305246,0.142983
2.05692,-0.0864689,1,-0.257594,0.142983
2.05717,-0.106786,1,-0.175994,0.142983
2.05742,-0.123591,1,-0.0746295,0.142983
2.05767,-0.153259,1,0.0174813,0.142983
2.05792,-0.206591,1,0.0883096,0.142983
2.05817,-0.285464,1,0.107981,0.142983
2.05842,-0.381381,1,0.0933788,0.142983
2.05867,-0.477121,0.858268,0.03968,0.142983
2.05892,-0.550317,0.708661,-0.010611,0.142983
2.05917,-0.579086,0.535433,-0.0646443,0.142983
2.05942,-0.547258,0.307087,-0.0795381,0.142983
2.05967,-0.448863,0.015748,-0.0518536,0.142983
2.05992,-0.290397,-0.346457,0.00882837,0.142983
2.06017,-0.0900608,-0.76378,0.10984,0.142983
2.06043,0.12532,-1,0.206765,0.142983
2.06068,0.325825,-1,0.28921,0.142983
2.06093,0.484109,-1,0.338936,0.142983
2.06118,0.581091,-1,0.329859,0.142983
2.06143,0.609312,-1,0.271116,0.142983
2.06168,0.573888,-1,0.155587,0.142983
2.06193,0.490737,-1,0.0302669,0.142983
2.06218,0.382111,-0.913386,-0.104096,0.142983
2.06243,0.271428,-0.370079,-0.20661,0.142983
2.06268,0.177508,0.15748,-0.270556,0.142983
2.06293,0.110693,0.622047,-0.280735,0.142983
2.06318,0.0709599,0.984252,-0.249889,0.142983
2.06343,0.0487926,1,-0.171636,0.142983
2.06368,0.028496,1,-0.0846264,0.142983
2.06393,-0.0066893,1,0.00590666,0.142983
2.06418,-0.0696517,1,0.0768367,0.142983
2.06443,-0.164883,1,0.11697,0.142983
2.06468,-0.286454,1,0.111561,0.142983
2.06493,-0.418508,1,0.0605663,0.142983
2.06518,-0.53818,1,-0.000750841,0.142983
2.06543,-0.620858,1,-0.0559755,0.142983
2.06568,-0.645553,0.858268,-0.0973656,0.142983
2.06593,-0.600283,0.606299,-0.0953891,0.142983
2.06618,-0.485102,0.251969,-0.0507379,0.142983
2.06643,-0.312724,-0.181102,0.0329169,0.142983
2.06668,-0.106407,-0.677165,0.130708,0.142983
2.06693,0.104858,-1,0.233164,0.142983
2.06718,0.291876,-1,0.318243,0.142983
2.06743,0.431356,-1,0.350112,0.142983
2.06768,0.510091,-1,0.314543,0.142983
2.06793,0.527098,-1,0.241325,0.142983
2.06818,0.492922,-1,0.118376,0.142983
2.06843,0.426097,-1,-0.0138352,0.142983
2.06868,0.348385,-0.992126,-0.128267,0.142983
2.06893,0.279073,-0.496063,-0.201333,0.142983
2.06918,0.230288,-0.015748,-0.237327,0.142983
2.06943,0.204422,0.385827,-0.216851,0.142983
2.06968,0.194137,0.700787,-0.161898,0.142983
2.06993,0.184579,0.913386,-0.0843366,0.142983
2.07018,0.158168,1,-0.0063853,0.142983
2.07043,0.100051,1,0.0583475,0.142983
2.07068,0.00238135,1,0.0904029,0.142983
2.07093,-0.132235,1,0.0818507,0.142983
2.07118,-0.29022,1,0.0440021,0.142983
2.07143,-0.449556,1,-0.013236,0.142983
2.07168,-0.583779,1,-0.0685277,0.142983
2.07193,-0.667929,1,-0.112691,0.142983
2.07218,-0.68408,1,-0.133724,0.142983
2.07243,-0.625592,0.874016,-0.0984408,0.142983
2.07268,-0.498683,0.464567,-0.0349181,0.142983
2.07293,-0.321533,-0.023622,0.0625178,0.142983
2.07318,-0.120633,-0.566929,0.170711,0.142983
2.07343,0.075055,-1,0.266189,0.142983
2.07368,0.23943,-1,0.327404,0.142983
2.07393,0.354744,-1,0.332367,0.142983
2.07418,0.414565,-1,0.28208,0.142983
2.07443,0.424238,-1,0.189743,0.142983
2.07468,0.398175,-1,0.0659725,0.142983
2.07493,0.35593,-1,-0.0512592,0.142983
2.07518,0.316485,-1,-0.150237,0.142983
2.07543,0.293261,-0.629921,-0.191724,0.142983
2.07568,0.290653,-0.228346,-0.197574,0.142983
2.07593,0.303142,0.102362,-0.152467,0.142983
2.07618,0.316847,0.370079,-0.0872378,0.142983
2.07643,0.313414,0.582677,-0.00635656,0.142983
2.07668,0.27561,0.755906,0.0561105,0.142983
2.07693,0.191918,0.913386,0.0810047,0.142983
2.07718,0.0608191,1,0.0783788,0.142983
2.07743,-0.107674,1,0.0429156,0.142983
2.07768,-0.293491,1,-0.0263151,0.142983
2.07793,-0.469864,1,-0.103739,0.142983
2.07818,-0.608954,1,-0.161395,0.142983
2.07843,-0.687672,1,-0.185989,0.142983
2.07868,-0.692797,1,-0.163618,0.142983
2.07893,-0.623561,1,-0.110907,0.142983
2.07918,-0.492033,0.653543,-0.0225227,0.142983
2.07943,-0.320406,0.11811,0.085109,0.142983
2.07968,-0.136317,-0.440945,0.188405,0.142983
2.07993,0.0335579,-0.984252,0.273887,0.142983
2.08018,0.168155,-1,0.31447,0.142983
2.08043,0.256531,-1,0.300619,0.142983
2.08068,0.29925,-1,0.235387,0.142983
2.08093,0.306744,-1,0.127174,0.142983
2.08118,0.296062,-1,0.0147766,0.142983
2.08143,0.2855,-1,-0.092439,0.142983
2.08168,0.289393,-1,-0.155905,0.142983
2.08193,0.313939,-0.779528,-0.178095,0.142983
2.08218,0.355507,-0.472441,-0.140687,0.142983
2.08243,0.401211,-0.204724,-0.0874236,0.142983
2.08268,0.432127,0.015748,-0.0113147,0.142983
2.08293,0.428649,0.228346,0.0597366,0.142983
2.08318,0.375314,0.440945,0.0947429,0.142983
2.08343,0.265794,0.677165,0.0925286,0.142983
2.08368,0.105437,0.929134,0.0487171,0.142983
2.08393,-0.0890578,1,-0.0216194,0.142983
2.08418,-0.292204,1,-0.112797,0.142983
2.08443,-0.474795,1,-0.188381,0.142983
2.08468,-0.609818,1,-0.241152,0.142983
2.08493,-0.678011,1,-0.235316,0.142983
2.08519,-0.671797,1,-0.190792,0.142983
2.08544,-0.596495,1,-0.104222,0.142983
2.08569,-0.46896,0.80315,-0.000107361,0.142983
2.08594,-0.313647,0.251969,0.117709,0.142983
2.08619,-0.156716,-0.307087,0.207498,0.142983
2.08644,-0.0209222,-0.84252,0.277219,0.142983
2.08669,0.0794079,-1,0.285241,0.142983
2.08694,0.140776,-1,0.257535,0.142983
2.08719,0.169966,-1,0.182596,0.142983
2.08744,0.181539,-1,0.077444,0.142983
2.08769,0.192968,-1,-0.0271295,0.142983
2.08794,0.21939,-1,-0.107971,0.142983
2.08819,0.268819,-1,-0.14352,0.142983
2.08844,0.339722,-0.937008,-0.133756,0.142983
2.08869,0.420583,-0.724409,-0.0858524,0.142983
2.08894,0.49233,-0.527559,-0.0186899,0.142983
2.08919,0.53328,-0.330709,0.0542037,0.142983
2.08944,0.524035,-0.110236,0.100998,0.142983
2.08969,0.453089,0.133858,0.103061,0.142983
2.08994,0.320071,0.440945,0.0673669,0.142983
2.09019,0.137143,0.787402,-0.00567806,0.142983
2.09044,-0.073287,1,-0.0979313,0.142983
2.09069,-0.282333,1,-0.201132,0.142983
2.09094,-0.460592,1,-0.270201,0.142983
2.09119,-0.58399,1,-0.293015,0.142983
2.09144,-0.638638,1,-0.272477,0.142983
2.09169,-0.62307,1,-0.195634,0.142983
2.09194,-0.548146,1,-0.0861399,0.142983
2.09219,-0.434083,0.92126,0.0409519,0.142983
2.09244,-0.3051,0.385827,0.143112,0.142983
2.09269,-0.18434,-0.15748,0.2228,0.142983
2.09294,-0.0883697,-0.661417,0.262367,0.142983
2.09319,-0.0239198,-1,0.257975,0.142983
2.09344,0.0126323,-1,0.206306,0.142983
2.09369,0.0335617,-1,0.121089,0.142983
2.09394,0.0555757,-1,0.0223748,0.142983
2.09419,0.0946623,-1,-0.0646934,0.142983
2.09444,0.160854,-1,-0.118372,0.142983
2.09469,0.255122,-1,-0.12995,0.142983
2.09494,0.367923,-1,-0.103027,0.142983
2.09519,0.480851,-0.984252,-0.0372034,0.142983
2.09544,0.570483,-0.84252,0.033626,0.142983
2.09569,0.614165,-0.669291,0.0870245,0.142983
2.09594,0.594964,-0.433071,0.113582,0.142983
2.09619,0.506466,-0.133858,0.0956257,0.142983
2.09644,0.354902,0.228346,0.027833,0.142983
2.09669,0.158242,0.653543,-0.0665796,0.142983
2.09694,-0.0568053,1,-0.168656,0.142983
2.09719,-0.260228,1,-0.260628,0.142983
2.09744,-0.424661,1,-0.321987,0.142983
2.09769,-0.530944,1,-0.319312,0.142983
2.09794,-0.57128,1,-0.267047,0.142983
2.09819,-0.550379,1,-0.164252,0.142983
2.09844,-0.483555,1,-0.0445642,0.142983
2.09869,-0.392103,1,0.0812891,0.142983
2.09894,-0.29844,0.511811,0.176883,0.142983
2.09919,-0.220341,0.00787402,0.235507,0.142983
2.09944,-0.166972,-0.433071,0.23847,0.142983
2.09969,-0.137404,-0.795276,0.201825,0.142983
2.09994,-0.121278,-1,0.133741,0.142983
2.10019,-0.102567,-1,0.0492635,0.142983
2.10044,-0.0643547,-1,-0.0301893,0.142983
2.10069,0.00589763,-1,-0.0862287,0.142983
2.10094,0.112015,-1,-0.114473,0.142983
2.10119,0.247287,-1,-0.098683,0.142983
2.10144,0.394839,-1,-0.0470174,0.142983
2.10169,0.530788,-1,0.0113215,0.142983
2.10194,0.629713,-1,0.0741202,0.142983
2.10219,0.669805,-0.992126,0.113944,0.142983
2.10244,0.638369,-0.740157,0.113935,0.142983
2.10269,0.535004,-0.393701,0.0800939,0.142983
2.10294,0.37196,0.0314961,-0.00810494,0.142983
2.10319,0.172097,0.519685,-0.106607,0.142983
2.10344,-0.0358017,1,-0.211006,0.142983
2.10369,-0.222811,1,-0.297135,0.142983
2.10394,-0.365887,1,-0.327851,0.142983
2.10419,-0.451793,1,-0.310582,0.142983
2.10444,-0.479408,1,-0.229044,0.142983
2.10469,-0.458931,1,-0.112506,0.142983
2.10494,-0.408136,1,0.00660363,0.142983
2.10519,-0.347911,1,0.119339,0.142983
2.10544,-0.296428,0.637795,0.192509,0.142983
2.10569,-0.264655,0.19685,0.216144,0.142983
2.10594,-0.253732,-0.188976,0.194829,0.142983
2.10619,-0.255281,-0.503937,0.132976,0.142983
2.10644,-0.253747,-0.740157,0.0593307,0.142983
2.10669,-0.231125,-0.905512,-0.0205646,0.142983
2.10694,-0.17223,-1,-0.072289,0.142983
2.10719,-0.069675,-1,-0.104154,0.142983
2.10744,0.0734994,-1,-0.0946408,0.142983
2.10769,0.2431,-1,-0.0423414,0.142983
2.10794,0.41605,-1,0.0245236,0.142983
2.10819,0.565334,-1,0.0887878,0.142983
2.10844,0.665132,-1,0.138618,0.142983
2.10869,0.696826,-1,0.151793,0.142983
2.10894,0.653128,-0.992126,0.119671,0.142983
2.10919,0.539696,-0.606299,0.0568622,0.142983
2.10944,0.374147,-0.125984,-0.039745,0.142983
2.10969,0.182387,0.393701,-0.138701,0.142983
2.10995,-0.00697364,0.92126,-0.240479,0.142983
2.1102,-0.168546,1,-0.293149,0.142983
2.11045,-0.284858,1,-0.308921,0.142983
2.1107,-0.349665,1,-0.265068,0.142983
2.11095,-0.368157,1,-0.177184,0.142983
2.1112,-0.354662,1,-0.0623842,0.142983
2.11145,-0.327787,1,0.0538422,0.142983
2.1117,-0.305661,1,0.147157,0.142983
2.11195,-0.30056,0.76378,0.187831,0.142983
2.1122,-0.315618,0.401575,0.181694,0.142983
2.11245,-0.344131,0.0787402,0.127976,0.142983
2.1127,-0.371159,-0.181102,0.0602373,0.142983
2.11295,-0.377636,-0.401575,-0.0249988,0.142983
2.1132,-0.345587,-0.590551,-0.0798912,0.142983
2.11345,-0.263592,-0.771654,-0.106378,0.142983
2.1137,-0.130179,-0.968504,-0.0965597,0.142983
2.11395,0.044345,-1,-0.0444323,0.142983
2.1142,0.23916,-1,0.0286241,0.142983
2.11445,0.427126,-1,0.109841,0.142983
2.1147,0.579702,-1,0.174048,0.142983
2.11495,0.67321,-1,0.206686,0.142983
2.1152,0.693746,-1,0.185776,0.142983
2.11545,0.640006,-1,0.133137,0.142983
2.1157,0.523394,-0.787402,0.0410845,0.142983
2.11595,0.365414,-0.283465,-0.0622089,0.142983
2.1162,0.192841,0.259843,-0.162404,0.142983
2.11645,0.0319487,0.795276,-0.242421,0.142983
2.1167,-0.0971583,1,-0.283194,0.142983
2.11695,-0.184,1,-0.276137,0.142983
2.1172,-0.229373,1,-0.217499,0.142983
2.11745,-0.243979,1,-0.117247,0.142983
2.1177,-0.244291,1,-0.00601859,0.142983
2.11795,-0.248026,1,0.0832276,0.142983
2.1182,-0.26856,1,0.148694,0.142983
2.11845,-0.310976,0.889764,0.160048,0.142983
2.1187,-0.370382,0.622047,0.128537,0.142983
2.11895,-0.43272,0.385827,0.0659105,0.142983
2.1192,-0.478136,0.15748,-0.0166948,0.142983
2.11945,-0.48596,-0.0472441,-0.0797597,0.142983
2.1197,-0.440502,-0.267717,-0.115595,0.142983
2.11995,-0.335174,-0.511811,-0.10765,0.142983
2.1202,-0.17516,-0.795276,-0.0649972,0.142983
2.12045,0.0224035,-1,0.0156325,0.142983
2.1207,0.231907,-1,0.111899,0.142983
2.12095,0.423699,-1,0.203957,0.142983
2.1212,0.570347,-1,0.252349,0.142983
2.12145,0.652127,-1,0.25641,0.142983
2.1217,0.660958,-1,0.210277,0.142983
2.12195,0.601549,-1,0.130957,0.142983
2.1222,0.490052,-0.937008,0.0150029,0.142983
2.12245,0.350016,-0.425197,-0.090948,0.142983
2.1227,0.206969,0.110236,-0.191012,0.142983
2.12295,0.0824803,0.622047,-0.251869,0.142983
2.1232,-0.00988353,1,-0.260534,0.142983
2.12345,-0.0672335,1,-0.23807,0.142983
2.1237,-0.0969902,1,-0.159834,0.142983
2.12395,-0.113574,1,-0.0656382,0.228687
2.1242,-0.13425,1,0.0268222,0.228687
2.12445,-0.173491,1,0.107114,0.228687
2.1247,-0.238481,1,0.138066,0.228687
2.12495,-0.326501,1,0.134877,0.228687
2.1252,-0.424896,0.850394,0.0780415,0.228687
2.12545,-0.513577,0.685039,0.00398209,0.228687
2.1257,-0.569606,0.503937,-0.060223,0.228687
2.12595,-0.573119,0.283465,-0.113727,0.228687
2.1262,-0.511939,0.0314961,-0.122826,0.228687
2.12645,-0.385485,-0.267717,-0.079078,0.228687
2.1267,-0.205665,-0.629921,-0.00166911,0.228687
2.12695,0.00486705,-1,0.0897248,0.228687
2.1272,0.217388,-1,0.196651,0.228687
2.12745,0.402263,-1,0.26721,0.228687
2.1277,0.535222,-1,0.305289,0.228687
2.12795,0.602024,-1,0.277014,0.228687
2.1282,0.600816,-1,0.204045,0.228687
2.12845,0.541852,-1,0.093086,0.228687
2.1287,0.444481,-1,-0.0253617,0.228687
2.12895,0.332279,-0.551181,-0.13526,0.228687
2.1292,0.227063,-0.0314961,-0.209773,0.228687
2.12945,0.144431,0.433071,-0.245177,0.228687
2.1297,0.0901938,0.826772,-0.230717,0.228687
2.12995,0.0598244,1,-0.177532,0.228687
2.1302,0.0406241,1,-0.0939781,0.228687
2.13045,0.015743,1,-0.00977728,0.228687
2.1307,-0.0305218,1,0.0715615,0.228687
2.13095,-0.107763,1,0.122099,0.228687
2.1312,-0.215972,1,0.128802,0.228687
2.13145,-0.344644,1,0.0985437,0.228687
2.1317,-0.474316,1,0.0348118,0.228687
2.13195,-0.58065,0.968504,-0.0403122,0.228687
2.1322,-0.639844,0.818898,-0.100906,0.228687
2.13245,-0.634518,0.598425,-0.130316,0.228687
2.1327,-0.557624,0.307087,-0.112043,0.228687
2.13295,-0.414921,-0.0551181,-0.0528323,0.228687
2.1332,-0.224301,-0.480315,0.0457326,0.228687
2.13345,-0.0120491,-0.929134,0.155474,0.228687
2.1337,0.191905,-1,0.247212,0.228687
2.13395,0.360315,-1,0.312796,0.228687
2.1342,0.473903,-1,0.31876,0.228687
2.13445,0.524806,-1,0.260965,0.228687
2.13471,0.517342,-1,0.169863,0.228687
2.13496,0.466134,-1,0.0495202,0.228687
2.13521,0.391944,-1,-0.0695116,0.228687
2.13546,0.315874,-0.661417,-0.162671,0.228687
2.13571,0.254646,-0.19685,-0.211313,0.228687
2.13596,0.216306,0.220472,-0.214683,0.228687
2.13621,0.198671,0.566929,-0.182208,0.228687
2.13646,0.190771,0.826772,-0.109738,0.228687
2.13671,0.175952,1,-0.023003,0.228687
2.13696,0.137113,1,0.0504027,0.228687
2.13721,0.0619164,1,0.0969084,0.228687
2.13746,-0.0530254,1,0.115609,0.228687
2.13771,-0.200218,1,0.095076,0.228687
2.13796,-0.36194,1,0.0421441,0.228687
2.13821,-0.513497,1,-0.0278364,0.228687
2.13846,-0.628318,1,-0.0897962,0.228687
2.13871,-0.684104,1,-0.133202,0.228687
2.13896,-0.667396,0.874016,-0.136491,0.228687
2.13921,-0.577162,0.551181,-0.0891448,0.228687
2.13946,-0.42532,0.133858,-0.0149307,0.228687
2.13971,-0.234095,-0.338583,0.0830062,0.228687
2.13996,-0.0319598,-0.826772,0.185837,0.228687
2.14021,0.152714,-1,0.269045,0.228687
2.14046,0.296983,-1,0.310008,0.228687
2.14071,0.387921,-1,0.295767,0.228687
2.14096,0.42432,-1,0.220271,0.228687
2.14121,0.415979,-1,0.113831,0.228687
2.14146,0.380376,-1,-0.0053374,0.228687
2.14171,0.337241,-1,-0.112083,0.228687
2.14196,0.30376,-0.771654,-0.175378,0.228687
2.14221,0.289688,-0.377953,-0.191356,0.228687
2.14246,0.295009,-0.015748,-0.163235,0.228687
2.14271,0.310039,0.275591,-0.102299,0.228687
2.14296,0.318553,0.511811,-0.0275601,0.228687
2.14321,0.301909,0.692913,0.0446221,0.228687
2.14346,0.244735,0.850394,0.100002,0.228687
2.14371,0.139635,0.992126,0.113144,0.228687
2.14396,-0.00986246,1,0.0921518,0.228687
2.14421,-0.189022,1,0.0297697,0.228687
2.14446,-0.374179,1,-0.0401889,0.228687
2.14471,-0.5373,1,-0.11695,0.228687
2.14496,-0.652155,1,-0.163093,0.228687
2.14521,-0.699363,1,-0.179822,0.228687
2.14546,-0.670969,1,-0.150434,0.228687
2.14571,-0.572143,0.755906,-0.085465,0.228687
2.14596,-0.419762,0.307087,0.013436,0.228687
2.14621,-0.239083,-0.19685,0.121376,0.228687
2.14646,-0.0581123,-0.708661,0.216207,0.228687
2.14671,0.0982156,-1,0.281479,0.228687
2.14696,0.213124,-1,0.293235,0.228687
2.14721,0.280625,-1,0.254601,0.228687
2.14746,0.30597,-1,0.175275,0.228687
2.14771,0.303142,-1,0.0675569,0.228687
2.14796,0.290456,-1,-0.0476711,0.228687
2.14821,0.284874,-1,-0.129418,0.228687
2.14846,0.297661,-0.88189,-0.165345,0.228687
2.14871,0.330775,-0.566929,-0.15662,0.228687
2.14896,0.376126,-0.283465,-0.110285,0.228687
2.14921,0.41784,-0.0314961,-0.0409466,0.228687
2.14946,0.435926,0.181102,0.0386462,0.228687
2.14971,0.411882,0.385827,0.097651,0.228687
2.14996,0.333912,0.590551,0.12143,0.228687
2.15021,0.200597,0.811024,0.101054,0.228687
2.15046,0.0224755,1,0.0375306,0.228687
2.15071,-0.179338,1,-0.0382549,0.228687
2.15096,-0.376935,1,-0.125258,0.228687
2.15121,-0.541546,1,-0.195642,0.228687
2.15146,-0.648864,1,-0.2275,0.228687
2.15171,-0.684411,1,-0.212969,0.228687
2.15196,-0.646364,1,-0.15576,0.228687
2.15221,-0.545403,0.92126,-0.0677414,0.228687
2.15246,-0.402324,0.448819,0.0422976,0.228687
2.15271,-0.243099,-0.0551181,0.148186,0.228687
2.15296,-0.0931281,-0.566929,0.230293,0.228687
2.15321,0.0281614,-1,0.264245,0.228687
2.15346,0.111077,-1,0.265024,0.228687
2.15371,0.156823,-1,0.202434,0.228687
2.15396,0.176151,-1,0.111589,0.228687
2.15421,0.185619,-1,0.00759869,0.228687
2.15446,0.202096,-1,-0.0837294,0.228687
2.15471,0.23819,-1,-0.138884,0.228687
2.15496,0.29793,-0.984252,-0.15755,0.228687
2.15521,0.375118,-0.755906,-0.11705,0.228687
2.15546,0.454629,-0.543307,-0.0562899,0.228687
2.15571,0.51552,-0.346457,0.0210486,0.228687
2.15596,0.536347,-0.141732,0.086927,0.228687
2.15621,0.500633,0.0708661,0.126038,0.228687
2.15646,0.401598,0.330709,0.116829,0.228687
2.15671,0.244368,0.629921,0.063534,0.228687
2.15696,0.0459966,0.944882,-0.017067,0.228687
2.15721,-0.167457,1,-0.118055,0.228687
2.15746,-0.366365,1,-0.210035,0.228687
2.15771,-0.522901,1,-0.264846,0.228687
2.15796,-0.616981,1,-0.272465,0.228687
2.15821,-0.640033,1,-0.228758,0.228687
2.15846,-0.596359,1,-0.142122,0.228687
2.15871,-0.501261,1,-0.02617,0.228687
2.15896,-0.377498,0.582677,0.0838135,0.228687
2.15921,-0.249589,0.0708661,0.175897,0.228687
2.15947,-0.138277,-0.409449,0.233484,0.228687
2.15972,-0.0560058,-0.834646,0.240924,0.228687
2.15997,-0.00498099,-1,0.211686,0.228687
2.16022,0.0227814,-1,0.143487,0.228687
2.16047,0.0421455,-1,0.0475175,0.228687
2.16072,0.0699306,-1,-0.0422261,0.228687
2.16097,0.120187,-1,-0.11238,0.228687
2.16122,0.199302,-1,-0.143331,0.228687
2.16147,0.303474,-1,-0.131169,0.228687
2.16172,0.418995,-0.944882,-0.0759095,0.228687
2.16197,0.524669,-0.80315,0.00211522,0.228687
2.16222,0.596666,-0.653543,0.0762823,0.228687
2.16247,0.614092,-0.456693,0.12268,0.228687
2.16272,0.564416,-0.212598,0.131332,0.228687
2.16297,0.446582,0.0866142,0.094222,0.228687
2.16322,0.272253,0.448819,0.0241421,0.228687
2.16347,0.0638539,0.834646,-0.0791501,0.228687
2.16372,-0.149652,1,-0.180541,0.228687
2.16397,-0.338908,1,-0.2598,0.228687
2.16422,-0.479458,1,-0.303724,0.228687
2.16447,-0.556835,1,-0.283584,0.228687
2.16472,-0.568941,1,-0.209258,0.228687
2.16497,-0.52539,1,-0.110213,0.228687
2.16522,-0.444827,1,0.0158106,0.228687
2.16547,-0.349818,0.692913,0.117412,0.228687
2.16572,-0.26132,0.228346,0.190473,0.228687
2.16597,-0.193591,-0.212598,0.222899,0.228687
2.16622,-0.151447,-0.590551,0.200583,0.228687
2.16647,-0.129502,-0.88189,0.153262,0.228687
2.16672,-0.114295,-1,0.0688318,0.228687
2.16697,-0.0889304,-1,-0.0144592,0.228687
2.16722,-0.0377243,-1,-0.0785163,0.228687
2.16747,0.0484627,-1,-0.116232,0.228687
2.16772,0.168887,-1,-0.11681,0.228687
2.16797,0.312139,-1,-0.0783603,0.228687
2.16822,0.457772,-1,-0.0144272,0.228687
2.16847,0.580488,-1,0.0553394,0.228687
2.16872,0.655681,-0.944882,0.118272,0.228687
2.16897,0.665063,-0.748031,0.142412,0.228687
2.16922,0.601168,-0.472441,0.126686,0.228687
2.16947,0.469221,-0.11811,0.0670083,0.228687
2.16972,0.286625,0.291339,-0.025949,0.228687
2.16997,0.0796728,0.740157,-0.14304,0.228687
2.17022,-0.122391,1,-0.236009,0.228687
2.17047,-0.292391,1,-0.300895,0.228687
2.17072,-0.411151,1,-0.308817,0.228687
2.17097,-0.470809,1,-0.265447,0.228687
2.17122,-0.475373,1,-0.176407,0.228687
2.17147,-0.438968,1,-0.0524216,0.228687
2.17172,-0.381494,1,0.0567199,0.228687
2.17197,-0.323292,0.787402,0.145971,0.228687
2.17222,-0.279679,0.370079,0.202497,0.228687
2.17247,-0.257572,-0.00787402,0.196493,0.228687
2.17272,-0.253736,-0.338583,0.158811,0.228687
2.17297,-0.256019,-0.606299,0.0812282,0.228687
2.17322,-0.247363,-0.795276,0.00470883,0.228687
2.17347,-0.210222,-0.929134,-0.069307,0.228687
2.17372,-0.13249,-1,-0.113285,0.228687
2.17397,-0.0108748,-1,-0.116803,0.228687
2.17422,0.146201,-1,-0.0780005,0.228687
2.17447,0.320563,-1,-0.0239424,0.228687
2.17472,0.48649,-1,0.0487123,0.228687
2.17497,0.616824,-1,0.114307,0.228687
2.17522,0.688217,-1,0.155168,0.228687
2.17547,0.68682,-1,0.157833,0.228687
2.17572,0.61087,-0.700787,0.117158,0.228687
2.17597,0.471706,-0.307087,0.0324043,0.228687
2.17622,0.291141,0.141732,-0.0738748,0.228687
2.17647,0.0969501,0.614173,-0.175226,0.228687
2.17672,-0.0830078,1,-0.256857,0.228687
2.17697,-0.226056,1,-0.300702,0.228687
2.17722,-0.319798,1,-0.287948,0.228687
2.17747,-0.362879,1,-0.221931,0.228687
2.17772,-0.365129,1,-0.117796,0.228687
2.17797,-0.343244,1,-0.00776517,0.228687
2.17822,-0.31658,1,0.0977709,0.228687
2.17847,-0.300898,0.88189,0.161548,0.228687
2.17872,-0.304893,0.535433,0.187122,0.228687
2.17897,-0.327311,0.212598,0.156886,0.228687
2.17922,-0.357348,-0.0551181,0.087397,0.228687
2.17947,-0.377664,-0.291339,0.0128334,0.228687
2.17972,-0.369075,-0.488189,-0.0664048,0.228687
2.17997,-0.315968,-0.661417,-0.106204,0.228687
2.18022,-0.210691,-0.826772,-0.116882,0.228687
2.18047,-0.0572928,-1,-0.0948248,0.228687
2.18072,0.129323,-1,-0.0219451,0.228687
2.18097,0.324687,-1,0.057568,0.228687
2.18122,0.500433,-1,0.139313,0.228687
2.18147,0.629291,-1,0.192869,0.228687
2.18172,0.691645,-1,0.209749,0.228687
2.18197,0.67878,-1,0.180899,0.228687
2.18222,0.595181,-0.897638,0.108628,0.228687
2.18247,0.45734,-0.480315,0.00764365,0.228687
2.18272,0.289476,0,-0.103016,0.228687
2.18297,0.119076,0.488189,-0.192181,0.228687
2.18322,-0.0298496,0.937008,-0.257445,0.228687
2.18347,-0.140878,1,-0.277563,0.228687
2.18372,-0.208769,1,-0.245032,0.228687
2.18397,-0.238706,1,-0.165475,0.228687
2.18423,-0.244772,1,-0.0633916,0.228687
2.18448,-0.244523,1,0.0427262,0.228687
2.18473,-0.254525,1,0.115714,0.228687
2.18498,-0.284631,0.96063,0.158746,0.228687
2.18523,-0.335759,0.692913,0.144134,0.228687
2.18548,-0.398658,0.448819,0.100873,0.228687
2.18573,-0.45609,0.220472,0.022151,0.228687
2.18598,-0.487319,0.015748,-0.0513923,0.228687
2.18623,-0.47322,-0.181102,-0.108527,0.228687
2.18648,-0.401395,-0.393701,-0.126481,0.228687
2.18673,-0.270608,-0.629921,-0.106307,0.228687
2.18698,-0.0912393,-0.889764,-0.0468543,0.228687
2.18723,0.115111,-1,0.0501274,0.228687
2.18748,0.320513,-1,0.142368,0.228687
2.18773,0.495304,-1,0.219074,0.228687
2.18798,0.615205,-1,0.25446,0.228687
2.18823,0.665016,-1,0.237651,0.228687
2.18848,0.642406,-1,0.174729,0.228687
2.18873,0.557557,-1,0.0877188,0.228687
2.18898,0.430304,-0.614173,-0.0299924,0.228687
2.18923,0.285888,-0.133858,-0.129408,0.228687
2.18948,0.148681,0.338583,-0.208467,0.228687
2.18973,0.0373751,0.779528,-0.248156,0.228687
2.18998,-0.0393453,1,-0.245595,0.228687
2.19023,-0.0830114,1,-0.191896,0.228687
2.19048,-0.104895,1,-0.103731,0.228687
2.19073,-0.121154,1,-0.01063,0.228687
2.19098,-0.148695,1,0.0813115,0.228687
2.19123,-0.198901,1,0.131687,0.228687
2.19148,-0.275039,1,0.144555,0.228687
2.19173,-0.369722,0.858268,0.105551,0.228687
2.19198,-0.46651,0.685039,0.0371686,0.228687
2.19223,-0.543616,0.511811,-0.0386126,0.228687
2.19248,-0.578601,0.330709,-0.104714,0.228687
2.19273,-0.554456,0.11811,-0.132053,0.228687
2.19298,-0.463758,-0.133858,-0.129862,0.228687
2.19323,-0.311668,-0.440945,-0.0736048,0.228687
2.19348,-0.114932,-0.771654,0.0157615,0.228687
2.19373,0.100209,-1,0.122291,0.228687
2.19398,0.303965,-1,0.206577,0.228687
2.19423,0.468392,-1,0.272912,0.228687
2.19448,0.57327,-1,0.280974,0.228687
2.19473,0.609491,-1,0.24562,0.228687
2.19498,0.58091,-1,0.155455,0.228687
2.19523,0.502326,-1,0.0498433,0.228687
2.19548,0.395456,-0.724409,-0.0636722,0.228687
2.19573,0.283862,-0.259843,-0.155887,0.228687
2.19598,0.187288,0.188976,-0.219736,0.228687
2.19623,0.117042,0.590551,-0.22881,0.228687
2.19648,0.0745036,0.913386,-0.194534,0.228687
2.19673,0.0509443,1,-0.124184,0.228687
2.19698,0.03143,1,-0.0388156,0.228687
2.19723,-0.00134567,1,0.0415512,0.228687
2.19748,-0.0605248,1,0.112102,0.228687
2.19773,-0.152099,1,0.136201,0.228687
2.19798,-0.271211,1,0.116132,0.228687
2.19823,-0.403073,1,0.0666962,0.228687
2.19848,-0.525531,0.913386,-0.0121144,0.228687
2.19873,-0.613784,0.787402,-0.0802467,0.228687
2.19898,-0.646179,0.614173,-0.136926,0.228687
2.19923,-0.609359,0.377953,-0.14642,0.228687
2.19948,-0.502027,0.0866142,-0.108677,0.228687
2.19973,-0.3353,-0.259843,-0.0317611,0.228687
2.19998,-0.131547,-0.653543,0.0720203,0.228687
2.20023,0.0807635,-1,0.178971,0.228687
2.20048,0.271902,-1,0.259477,0.228687
2.20073,0.417957,-1,0.294986,0.228687
2.20098,0.504071,-1,0.279895,0.228687
2.20123,0.52803,-1,0.220349,0.228687
2.20148,0.499044,-1,0.108344,0.228687
2.20173,0.43496,-1,-0.00200915,0.228687
2.20198,0.35743,-0.818898,-0.105843,0.228687
2.20223,0.286306,-0.393701,-0.184137,0.228687
2.20248,0.234803,0.00787402,-0.208152,0.228687
2.20273,0.206419,0.370079,-0.191004,0.228687
2.20298,0.194961,0.653543,-0.136474,0.228687
2.20323,0.186157,0.866142,-0.0511104,0.228687
2.20348,0.162654,1,0.0274357,0.228687
2.20373,0.108804,1,0.0925676,0.228687
2.20398,0.0159373,1,0.121341,0.228687
2.20423,-0.114873,1,0.115008,0.228687
2.20448,-0.271061,1,0.0696201,0.228687
2.20473,-0.431608,1,0.004292,0.228687
2.20498,-0.570135,1,-0.0700838,0.228687
2.20523,-0.661291,1,-0.132479,0.228687
2.20548,-0.686047,0.88189,-0.160205,0.228687
2.20573,-0.636293,0.629921,-0.140569,0.228687
2.20598,-0.516675,0.299213,-0.0742811,0.228687
2.20623,-0.344231,-0.102362,0.0157521,0.228687
2.20648,-0.144478,-0.535433,0.127074,0.228687
2.20673,0.0531473,-0.96063,0.217077,0.228687
2.20698,0.222392,-1,0.282969,0.228687
2.20723,0.343994,-1,0.298186,0.228687
2.20748,0.410351,-1,0.263666,0.228687
2.20773,0.425282,-1,0.173781,0.228687
2.20798,0.402494,-1,0.0647721,0.228687
2.20823,0.361084,-1,-0.0505214,0.228687
2.20848,0.320479,-0.889764,-0.141957,0.228687
2.20873,0.294927,-0.519685,-0.184925,0.228687
2.20899,0.289971,-0.173228,-0.178583,0.228687
2.20924,0.301301,0.125984,-0.133817,0.228687
2.20949,0.315732,0.385827,-0.0682214,0.228687
2.20974,0.315328,0.582677,0.0130909,0.228687
2.20999,0.282281,0.740157,0.0881498,0.228687
2.21024,0.204351,0.866142,0.122311,0.228687
2.21049,0.0784826,0.984252,0.121059,0.228687
2.21074,-0.0864915,1,0.0813051,0.228687
2.21099,-0.271559,1,0.00833645,0.228687
2.21124,-0.450483,1,-0.0727608,0.228687
2.21149,-0.595339,1,-0.140814,0.228687
2.21174,-0.682094,1,-0.186727,0.228687
2.21199,-0.696164,1,-0.189852,0.228687
2.21224,-0.635307,0.834646,-0.144041,0.228687
2.21249,-0.510099,0.472441,-0.0571692,0.228687
2.21274,-0.341856,0.0393701,0.0458464,0.228687
2.21299,-0.157689,-0.417323,0.152754,0.228687
2.21324,0.0150762,-0.850394,0.23568,0.228687
2.21349,0.154678,-1,0.279465,0.228687
2.21374,0.248633,-1,0.27555,0.228687
2.21399,0.296413,-1,0.214967,0.228687
2.21424,0.307189,-1,0.117547,0.228687
2.21449,0.297709,-1,0.0062332,0.228687
2.21474,0.286222,-1,-0.0912689,0.228687
2.21499,0.28792,-0.952756,-0.152219,0.228687
2.21524,0.31,-0.661417,-0.168819,0.228687
2.21549,0.350082,-0.377953,-0.130344,0.228687
2.21574,0.396183,-0.125984,-0.0742347,0.228687
2.21599,0.430019,0.0866142,0.0113921,0.228687
2.21624,0.431399,0.283465,0.0782891,0.228687
2.21649,0.384528,0.464567,0.127301,0.228687
2.21674,0.28153,0.653543,0.130981,0.228687
2.21699,0.126501,0.850394,0.0865525,0.228687
2.21724,-0.0651689,1,0.0149801,0.228687
2.21749,-0.268739,1,-0.068373,0.228687
2.21774,-0.455301,1,-0.154976,0.228687
2.21799,-0.597087,1,-0.221228,0.228687
2.21824,-0.67382,1,-0.236922,0.228687
2.21849,-0.676336,1,-0.208781,0.228687
2.21874,-0.608491,1,-0.127131,0.228687
2.21899,-0.48596,0.622047,-0.0336005,0.228687
2.21924,-0.332519,0.181102,0.0794789,0.228687
2.21949,-0.174511,-0.283465,0.177987,0.228687
2.21974,-0.0352392,-0.724409,0.23742,0.228687
2.21999,0.0696144,-1,0.265719,0.228687
2.22024,0.135465,-1,0.22827,0.228687
2.22049,0.167737,-1,0.162686,0.228687
2.22074,0.180543,-1,0.0644014,0.228687
2.22099,0.191061,-1,-0.028076,0.228687
2.22124,0.215142,-1,-0.114144,0.228687
2.22149,0.26174,-1,-0.147477,0.228687
2.22174,0.330551,-0.795276,-0.139229,0.228687
2.22199,0.411113,-0.590551,-0.0799564,0.228687
2.22224,0.485139,-0.393701,-0.00682946,0.228687
2.22249,0.53076,-0.204724,0.0692889,0.228687
2.22274,0.528184,-0.00787402,0.118447,0.228687
2.22299,0.464763,0.204724,0.140857,0.228687
2.22324,0.338599,0.448819,0.107949,0.228687
2.22349,0.160616,0.724409,0.0459467,0.228687
2.22374,-0.0480654,1,-0.0504797,0.228687
2.22399,-0.258786,1,-0.150284,0.151325
2.22424,-0.442122,1,-0.225209,0.151325
2.22449,-0.572877,1,-0.26848,0.151325
2.22474,-0.635979,1,-0.256652,0.151325
2.22499,-0.628306,1,-0.195507,0.151325
2.22524,-0.559463,1,-0.0933684,0.151325
2.22549,-0.44878,0.748031,0.00942525,0.151325
2.22574,-0.320289,0.307087,0.113948,0.151325
2.22599,-0.197503,-0.141732,0.194435,0.151325
2.22624,-0.0980973,-0.559055,0.237032,0.151325
2.22649,-0.0299318,-0.897638,0.225066,0.151325
2.22674,0.00940001,-1,0.172084,0.151325
2.22699,0.0314028,-1,0.0907815,0.151325
2.22724,0.0523374,-1,-0.00230636,0.151325
2.22749,0.0887467,-1,-0.0833844,0.151325
2.22774,0.151493,-1,-0.126703,0.151325
2.22799,0.242789,-1,-0.141003,0.151325
2.22824,0.354196,-0.92126,-0.10432,0.151325
2.22849,0.468285,-0.795276,-0.0339733,0.151325
2.22874,0.561902,-0.653543,0.0457472,0.151325
2.22899,0.612032,-0.496063,0.114056,0.151325
2.22924,0.600835,-0.291339,0.145394,0.151325
2.22949,0.52039,-0.0393701,0.136532,0.151325
2.22974,0.375582,0.251969,0.0850805,0.151325
2.22999,0.182912,0.590551,-0.00752483,0.151325
2.23024,-0.0314581,0.929134,-0.113607,0.151325
2.23049,-0.237837,1,-0.210967,0.151325
2.23074,-0.407997,1,-0.271182,0.151325
2.23099,-0.521835,1,-0.289676,0.151325
2.23124,-0.569889,1,-0.249521,0.151325
2.23149,-0.555615,1,-0.168259,0.151325
2.23174,-0.493057,1,-0.0542799,0.151325
2.23199,-0.403401,0.84252,0.0561667,0.151325
2.23224,-0.308955,0.425197,0.145454,0.151325
2.23249,-0.228328,0,0.194031,0.151325
2.23274,-0.171977,-0.370079,0.20736,0.151325
2.23299,-0.139849,-0.685039,0.170393,0.151325
2.23324,-0.122947,-0.905512,0.104575,0.151325
2.23349,-0.105392,-1,0.0219063,0.151325
2.23375,-0.0703182,-1,-0.0537841,0.151325
2.234,-0.00417673,-1,-0.115483,0.151325
2.23425,0.0977877,-1,-0.133852,0.151325
2.2345,0.230362,-1,-0.104186,0.151325
2.23475,0.377566,-1,-0.0480266,0.151325
2.235,0.516227,-0.992126,0.0233445,0.151325
2.23525,0.62076,-0.905512,0.097034,0.151325
2.2355,0.668665,-0.755906,0.145115,0.151325
2.23575,0.645913,-0.551181,0.157445,0.151325
2.236,0.550655,-0.267717,0.119871,0.151325
2.23625,0.39358,0.0787402,0.04154,0.151325
2.2365,0.196676,0.464567,-0.068964,0.151325
2.23675,-0.0118882,0.858268,-0.1707,0.151325
2.237,-0.202705,1,-0.255843,0.151325
2.23725,-0.351879,1,-0.298402,0.151325
2.2375,-0.44476,1,-0.286463,0.151325
2.23775,-0.478961,1,-0.226503,0.151325
2.238,-0.463205,1,-0.121751,0.151325
2.23825,-0.415018,1,-0.00218342,0.151325
2.2385,-0.35485,0.913386,0.0998018,0.151325
2.23875,-0.301594,0.535433,0.163028,0.151325
2.239,-0.267255,0.165354,0.19118,0.151325
2.23925,-0.254111,-0.15748,0.167592,0.151325
2.2395,-0.254942,-0.433071,0.119509,0.151325
2.23975,-0.254658,-0.645669,0.0336032,0.151325
2.24,-0.235468,-0.80315,-0.0400677,0.151325
2.24025,-0.181351,-0.913386,-0.102195,0.151325
2.2405,-0.0840677,-0.992126,-0.127131,0.151325
2.24075,0.0549122,-1,-0.110576,0.151325
2.241,0.222407,-1,-0.0594265,0.151325
2.24125,0.396377,-1,0.0149489,0.151325
2.2415,0.54985,-1,0.0958181,0.151325
2.24175,0.656647,-1,0.158146,0.151325
2.242,0.69699,-0.992126,0.183294,0.151325
2.24225,0.662085,-0.76378,0.158245,0.151325
2.2425,0.556222,-0.456693,0.103671,0.151325
2.24275,0.395547,-0.0708661,-0.000255925,0.151325
2.243,0.205388,0.346457,-0.109121,0.151325
2.24325,0.0141827,0.76378,-0.204811,0.151325
2.2435,-0.151646,1,-0.271736,0.151325
2.24375,-0.273904,1,-0.291127,0.151325
2.244,-0.344657,1,-0.257605,0.151325
2.24425,-0.368054,1,-0.182526,0.151325
2.2445,-0.357349,1,-0.0651671,0.151325
2.24475,-0.33106,1,0.043011,0.151325
2.245,-0.307553,0.96063,0.123824,0.151325
2.24525,-0.30008,0.645669,0.174426,0.151325
2.2455,-0.31292,0.338583,0.162898,0.151325
2.24575,-0.340519,0.0551181,0.120229,0.151325
2.246,-0.368646,-0.173228,0.0432243,0.151325
2.24625,-0.378593,-0.370079,-0.0338141,0.151325
2.2465,-0.351786,-0.543307,-0.0925277,0.151325
2.24675,-0.276038,-0.692913,-0.129841,0.151325
2.247,-0.148313,-0.84252,-0.118362,0.151325
2.24725,0.0222098,-0.992126,-0.0728338,0.151325
2.2475,0.216113,-1,0.00165824,0.151325
2.24775,0.406265,-1,0.0987556,0.151325
2.248,0.564424,-1,0.167947,0.151325
2.24825,0.665815,-1,0.215194,0.151325
2.2485,0.695265,-1,0.211174,0.151325
2.24875,0.649939,-0.944882,0.162857,0.151325
2.249,0.539759,-0.622047,0.0770388,0.151325
2.24925,0.385342,-0.212598,-0.0293984,0.151325
2.2495,0.213021,0.220472,-0.131313,0.151325
2.24975,0.0496023,0.645669,-0.221749,0.151325
2.25,-0.0840694,1,-0.266745,0.151325
2.25025,-0.176004,1,-0.259392,0.151325
2.2505,-0.225935,1,-0.206824,0.151325
2.25075,-0.243328,1,-0.124376,0.151325
2.251,-0.244417,1,-0.0201205,0.151325
2.25125,-0.246888,1,0.0814935,0.151325
2.2515,-0.265022,1,0.139687,0.151325
2.25175,-0.304904,0.755906,0.156568,0.151325
2.252,-0.362886,0.511811,0.125565,0.151325
2.25225,-0.425853,0.299213,0.0540188,0.151325
2.2525,-0.474346,0.0944882,-0.0158929,0.151325
2.25275,-0.487661,-0.0866142,-0.0865054,0.151325
2.253,-0.448926,-0.275591,-0.131111,0.151325
2.25325,-0.350619,-0.472441,-0.134089,0.151325
2.2535,-0.196307,-0.692913,-0.0908165,0.151325
2.25375,-0.00193894,-0.92126,-0.0219049,0.151325
2.254,0.207648,-1,0.0740272,0.151325
2.25425,0.402989,-1,0.165187,0.151325
2.2545,0.556209,-1,0.23506,0.151325
2.25475,0.646257,-1,0.250451,0.151325
2.255,0.663691,-1,0.225446,0.151325
2.25525,0.611654,-1,0.154187,0.151325
2.2555,0.505176,-0.748031,0.0522121,0.151325
2.25575,0.367142,-0.346457,-0.0638109,0.151325
2.256,0.223246,0.0866142,-0.158602,0.151325
2.25625,0.0956254,0.503937,-0.215006,0.151325
2.2565,-0.000832273,0.866142,-0.236242,0.151325
2.25675,-0.062165,1,-0.21316,0.151325
2.257,-0.0944656,1,-0.141121,0.151325
2.25725,-0.111761,1,-0.0526522,0.151325
2.2575,-0.131049,1,0.0383454,0.151325
2.25775,-0.167602,1,0.109247,0.151325
2.258,-0.229477,1,0.137715,0.151325
2.25826,-0.315272,0.858268,0.125563,0.151325
2.25851,-0.41337,0.700787,0.0672986,0.151325
2.25876,-0.504378,0.535433,-0.00992766,0.151325
2.25901,-0.56549,0.370079,-0.0858663,0.151325
2.25926,-0.575913,0.181102,-0.138321,0.151325
2.25951,-0.52267,-0.023622,-0.149808,0.151325
2.25976,-0.403473,-0.267717,-0.121623,0.151325
2.26001,-0.229001,-0.551181,-0.0508405,0.151325
2.26026,-0.0206097,-0.850394,0.0395579,0.151325
2.26051,0.193206,-1,0.144704,0.151325
2.26076,0.382809,-1,0.234469,0.151325
2.26101,0.522803,-1,0.274385,0.151325
2.26126,0.597783,-1,0.264091,0.151325
2.26151,0.604244,-1,0.212664,0.151325
2.26176,0.551232,-1,0.113658,0.151325
2.26201,0.457194,-0.850394,0.00119744,0.151325
2.26226,0.345517,-0.448819,-0.0966379,0.151325
2.26251,0.238524,-0.0393701,-0.178697,0.151325
2.26276,0.152688,0.346457,-0.212255,0.151325
2.26301,0.095197,0.677165,-0.198954,0.151325
2.26326,0.0625228,0.929134,-0.156407,0.151325
2.26351,0.0428189,1,-0.0712883,0.151325
2.26376,0.0194342,1,0.00759664,0.151325
2.26401,-0.0235931,1,0.0786145,0.151325
2.26426,-0.097025,1,0.128878,0.151325
2.26451,-0.201879,1,0.127455,0.151325
2.26476,-0.329031,0.96063,0.0884473,0.151325
2.26501,-0.459769,0.874016,0.0191086,0.151325
2.26526,-0.570144,0.76378,-0.0611298,0.151325
2.26551,-0.635954,0.629921,-0.132,0.151325
2.26576,-0.638859,0.440945,-0.156416,0.151325
2.26601,-0.570315,0.204724,-0.143934,0.151325
2.26626,-0.434698,-0.0787402,-0.0919145,0.151325
2.26651,-0.248431,-0.409449,-0.00328594,0.151325
2.26676,-0.0372372,-0.76378,0.101509,0.151325
2.26701,0.169276,-1,0.200993,0.151325
2.26726,0.343012,-1,0.268613,0.151325
2.26751,0.463759,-1,0.291755,0.151325
2.26776,0.522008,-1,0.255841,0.151325
2.26801,0.520866,-1,0.177329,0.151325
2.26826,0.473783,-1,0.0639316,0.151325
2.26851,0.401094,-0.929134,-0.0442965,0.151325
2.26876,0.324325,-0.559055,-0.129924,0.151325
2.26901,0.260725,-0.181102,-0.187757,0.151325
2.26926,0.219632,0.165354,-0.18585,0.151325
2.26951,0.200015,0.464567,-0.153961,0.151325
2.26976,0.191746,0.692913,-0.0867707,0.151325
2.27001,0.178614,0.850394,-0.00682749,0.151325
2.27026,0.143443,0.944882,0.0674974,0.151325
2.27051,0.0728482,1,0.117563,0.151325
2.27076,-0.0375308,1,0.125083,0.151325
2.27101,-0.181717,1,0.0943454,0.151325
2.27126,-0.342877,1,0.0246178,0.151325
2.27151,-0.497057,1,-0.0505197,0.151325
2.27176,-0.617477,0.976378,-0.126521,0.151325
2.27201,-0.681143,0.866142,-0.174081,0.151325
2.27226,-0.673298,0.685039,-0.174033,0.151325
2.27251,-0.591325,0.417323,-0.136101,0.151325
2.27276,-0.445794,0.0866142,-0.051074,0.151325
2.27301,-0.257747,-0.283465,0.04682,0.151325
2.27326,-0.0553673,-0.669291,0.163368,0.151325
2.27351,0.132777,-1,0.247273,0.151325
2.27376,0.282642,-1,0.295694,0.151325
2.27401,0.380207,-1,0.291331,0.151325
2.27426,0.422653,-1,0.224375,0.151325
2.27451,0.418821,-1,0.129006,0.151325
2.27476,0.385268,-1,0.0151049,0.151325
2.27501,0.342119,-0.976378,-0.0870482,0.151325
2.27526,0.306801,-0.653543,-0.15771,0.151325
2.27551,0.290253,-0.330709,-0.184584,0.151325
2.27576,0.293598,-0.023622,-0.161037,0.151325
2.27601,0.308267,0.228346,-0.104203,0.151325
2.27626,0.318485,0.440945,-0.0179082,0.151325
2.27651,0.305768,0.606299,0.0558877,0.151325
2.27676,0.253885,0.732283,0.10739,0.151325
2.27701,0.154531,0.850394,0.129671,0.151325
2.27726,0.00964893,0.96063,0.101415,0.151325
2.27751,-0.167054,1,0.0421645,0.151325
2.27776,-0.352972,1,-0.0355631,0.151325
2.27801,-0.520098,1,-0.118767,0.151325
2.27826,-0.641863,1,-0.183868,0.151325
2.27851,-0.697691,1,-0.211667,0.151325
2.27876,-0.678191,0.874016,-0.193649,0.151325
2.27901,-0.586934,0.598425,-0.126317,0.151325
2.27926,-0.439706,0.23622,-0.0258121,0.151325
2.27951,-0.260949,-0.15748,0.0881717,0.151325
2.27976,-0.0785563,-0.566929,0.186464,0.151325
2.28001,0.0817051,-0.937008,0.259014,0.151325
2.28026,0.202067,-1,0.280425,0.151325
2.28051,0.275024,-1,0.249747,0.151325
2.28076,0.304801,-1,0.173768,0.151325
2.28101,0.304329,-1,0.0794355,0.151325
2.28126,0.291897,-1,-0.0252365,0.151325
2.28151,0.284705,-1,-0.108189,0.151325
2.28176,0.295047,-0.740157,-0.158735,0.151325
2.28201,0.325996,-0.472441,-0.151295,0.151325
2.28226,0.370595,-0.228346,-0.100723,0.151325
2.28251,0.413777,-0.00787402,-0.0302686,0.151325
2.28276,0.43565,0.173228,0.0453523,0.151325
2.28302,0.417405,0.346457,0.104848,0.151325
2.28327,0.345973,0.511811,0.133616,0.151325
2.28352,0.218917,0.685039,0.125751,0.151325
2.28377,0.0450957,0.866142,0.0730244,0.151325
2.28402,-0.155226,1,-0.0194146,0.151325
2.28427,-0.354986,1,-0.106276,0.151325
2.28452,-0.52475,1,-0.192959,0.151325
2.28477,-0.639816,1,-0.239353,0.151325
2.28502,-0.68414,1,-0.241631,0.151325
2.28527,-0.654369,1,-0.193263,0.151325
2.28552,-0.559951,0.740157,-0.100943,0.151325
2.28577,-0.420557,0.377953,0.00447336,0.151325
2.28602,-0.261817,-0.0314961,0.113532,0.151325
2.28627,-0.109633,-0.440945,0.197675,0.151325
2.28652,0.0157989,-0.80315,0.248813,0.151325
2.28677,0.103326,-1,0.249238,0.151325
2.28702,0.153111,-1,0.200157,0.151325
2.28727,0.174703,-1,0.120478,0.151325
2.28752,0.184475,-1,0.0219529,0.151325
2.28777,0.199288,-1,-0.0638247,0.151325
2.28802,0.232709,-1,-0.125855,0.151325
2.28827,0.28976,-0.826772,-0.139077,0.151325
2.28852,0.365538,-0.629921,-0.103028,0.151325
2.28877,0.445804,-0.440945,-0.038078,0.151325
2.28902,0.510027,-0.267717,0.0400345,0.151325
2.28927,0.536605,-0.0944882,0.107936,0.151325
2.28952,0.508109,0.0944882,0.150204,0.151325
2.28977,0.416537,0.299213,0.143281,0.151325
2.29002,0.265433,0.535433,0.0970855,0.151325
2.29027,0.0707525,0.779528,0.0199442,0.151325
2.29052,-0.142598,1,-0.0810449,0.151325
2.29077,-0.344615,1,-0.18211,0.151325
2.29102,-0.507428,1,-0.243957,0.151325
2.29127,-0.609519,1,-0.266656,0.151325
2.29152,-0.640994,1,-0.237724,0.151325
2.29177,-0.60456,1,-0.170392,0.151325
2.29202,-0.514431,0.858268,-0.0668219,0.151325
2.29227,-0.392767,0.488189,0.0460778,0.151325
2.29252,-0.264124,0.0866142,0.143545,0.151325
2.29277,-0.150063,-0.307087,0.202928,0.151325
2.29302,-0.0639985,-0.653543,0.226434,0.151325
2.29327,-0.00953095,-0.92126,0.200085,0.151325
2.29352,0.0203662,-1,0.130781,0.151325
2.29377,0.0397801,-1,0.0475744,0.151325
2.29402,0.0657847,-1,-0.0395133,0.151325
2.29427,0.112824,-1,-0.106049,0.151325
2.29452,0.188561,-1,-0.131442,0.151325
2.29477,0.290331,-0.897638,-0.111398,0.151325
2.29502,0.40546,-0.779528,-0.0595146,0.151325
2.29527,0.513512,-0.653543,0.017591,0.151325
2.29552,0.590648,-0.511811,0.0985416,0.151325
2.29577,0.615408,-0.346457,0.144479,0.151325
2.29602,0.573932,-0.141732,0.166962,0.151325
2.29627,0.463716,0.0944882,0.127987,0.151325
2.29652,0.295109,0.377953,0.0555341,0.151325
2.29677,0.0892403,0.685039,-0.039969,0.151325
2.29702,-0.125169,0.976378,-0.138847,0.151325
2.29727,-0.318769,1,-0.224433,0.151325
2.29752,-0.46598,1,-0.273741,0.151325
2.29777,-0.551206,1,-0.276217,0.151325
2.29802,-0.570677,1,-0.223017,0.151325
2.29827,-0.53287,1,-0.127539,0.151325
2.29852,-0.455511,0.944882,-0.0152889,0.151325
2.29877,-0.361032,0.590551,0.0837562,0.151325
2.29902,-0.270884,0.204724,0.157018,0.151325
2.29927,-0.200222,-0.15748,0.188241,0.151325
2.29952,-0.155199,-0.472441,0.180036,0.151325
2.29977,-0.131397,-0.716535,0.13145,0.151325
2.30002,-0.116402,-0.889764,0.0524826,0.151325
2.30027,-0.0929756,-0.992126,-0.0279918,0.151325
2.30052,-0.0455127,-1,-0.092577,0.151325
2.30077,0.0364364,-1,-0.12707,0.151325
2.30102,0.153213,-1,-0.113398,0.151325
2.30127,0.294693,-0.968504,-0.0719113,0.151325
2.30152,0.441286,-0.92126,0.0020642,0.151325
2.30177,0.568063,-0.850394,0.082426,0.151325
2.30202,0.649975,-0.748031,0.148919,0.151325
2.30227,0.667721,-0.590551,0.180491,0.151325
2.30252,0.612473,-0.370079,0.166604,0.151325
2.30277,0.487814,-0.0787402,0.102754,0.151325
2.30302,0.310002,0.244094,0.0152149,0.151325
2.30327,0.1043,0.590551,-0.0995431,0.151325
2.30352,-0.0998067,0.92126,-0.196472,0.151325
2.30377,-0.274833,1,-0.267275,0.151325
2.30402,-0.400216,1,-0.291681,0.151325
2.30427,-0.466897,1,-0.255506,0.151325
2.30452,-0.477326,1,-0.185276,0.151325
2.30477,-0.4448,1,-0.0742774,0.151325
2.30502,-0.388679,0.984252,0.0284659,0.151325
2.30527,-0.329575,0.661417,0.120261,0.151325
2.30552,-0.283735,0.330709,0.170451,0.151325
2.30577,-0.259091,0.00787402,0.169863,0.151325
2.30602,-0.253549,-0.259843,0.139903,0.151325
2.30627,-0.256082,-0.488189,0.0690336,0.151325
2.30652,-0.249526,-0.661417,-0.016685,0.151325
2.30677,-0.216636,-0.779528,-0.0799648,0.151325
2.30702,-0.143944,-0.866142,-0.126488,0.151325
2.30727,-0.0273992,-0.937008,-0.129894,0.151325
2.30752,0.126375,-0.992126,-0.0838194,0.151325
2.30778,0.299861,-1,-0.0131945,0.151325
2.30803,0.468288,-1,0.069655,0.151325
2.30828,0.604121,-1,0.151648,0.151325
2.30853,0.683418,-0.944882,0.200119,0.151325
2.30878,0.690942,-0.787402,0.20517,0.151325
2.30903,0.623422,-0.551181,0.163544,0.151325
2.30928,0.490741,-0.244094,0.0781226,0.151325
2.30953,0.313672,0.102362,-0.0240568,0.151325
2.30978,0.119578,0.488189,-0.143082,0.151325
2.31003,-0.0633913,0.84252,-0.234923,0.151325
2.31028,-0.21165,1,-0.282952,0.151325
2.31053,-0.311458,1,-0.279742,0.151325
2.31078,-0.360216,1,-0.234601,0.151325
2.31103,-0.366508,1,-0.142735,0.151325
2.31128,-0.346449,1,-0.0277332,0.151325
2.31153,-0.319358,1,0.0705615,0.151325
2.31178,-0.301805,0.740157,0.140017,0.151325
2.31203,-0.303346,0.456693,0.153108,0.151325
2.31228,-0.32398,0.188976,0.135754,0.151325
2.31253,-0.353922,-0.0393701,0.082384,0.151325
2.31278,-0.376386,-0.244094,-0.00193138,0.151325
2.31303,-0.372133,-0.417323,-0.0690634,0.151325
2.31328,-0.324863,-0.559055,-0.124532,0.151325
2.31353,-0.225753,-0.700787,-0.134226,0.151325
2.31378,-0.0774597,-0.834646,-0.106004,0.151325
2.31403,0.106377,-0.96063,-0.0397246,0.151325
2.31428,0.302145,-1,0.0559123,0.151325
2.31453,0.481701,-1,0.146582,0.151325
2.31478,0.617275,-1,0.21357,0.151325
2.31503,0.688167,-1,0.242763,0.151325
2.31528,0.684174,-0.968504,0.221345,0.151325
2.31553,0.608258,-0.724409,0.147269,0.151325
2.31578,0.475558,-0.393701,0.0549483,0.151325
2.31603,0.309971,-0.00787402,-0.0606966,0.151325
2.31628,0.138427,0.377953,-0.163194,0.151325
2.31653,-0.0139624,0.740157,-0.240975,0.151325
2.31678,-0.130039,1,-0.263506,0.151325
2.31703,-0.202844,1,-0.238745,0.151325
2.31728,-0.236766,1,-0.177573,0.151325
2.31753,-0.244659,1,-0.0848104,0.151325
2.31778,-0.244313,1,0.021532,0.151325
2.31803,-0.252379,1,0.0937312,0.151325
2.31828,-0.279918,0.811024,0.132216,0.151325
2.31853,-0.328859,0.590551,0.129664,0.151325
2.31878,-0.391137,0.377953,0.0892636,0.151325
2.31903,-0.450257,0.181102,0.0123038,0.151325
2.31928,-0.485654,0,-0.0673626,0.151325
2.31953,-0.477711,-0.165354,-0.119136,0.151325
2.31978,-0.412981,-0.346457,-0.144317,0.151325
2.32003,-0.288831,-0.535433,-0.130681,0.151325
2.32028,-0.114242,-0.732283,-0.0650718,0.151325
2.32053,0.0902923,-0.929134,0.0179089,0.151325
2.32078,0.297377,-1,0.11889,0.151325
2.32103,0.477239,-1,0.204183,0.151325
2.32128,0.604556,-1,0.25397,0.151325
2.32153,0.662991,-1,0.254387,0.151325
2.32178,0.648616,-1,0.212129,0.151325
2.32203,0.570122,-0.84252,0.115968,0.151325
2.32228,0.446684,-0.511811,0.0143363,0.151325
2.32253,0.302951,-0.133858,-0.090799,0.151325
2.32278,0.163763,0.251969,-0.176786,0.151325
2.32303,0.0487404,0.606299,-0.225961,0.151325
2.32328,-0.0321799,0.897638,-0.223487,0.151325
2.32353,-0.0793045,1,-0.1809,0.151325
2.32378,-0.102976,1,-0.105189,0.151325
2.32403,-0.118973,1,-0.0121744,0.150507
2.32428,-0.14446,1,0.0624162,0.150507
2.32453,-0.191618,1,0.11881,0.150507
2.32478,-0.264884,0.866142,0.130147,0.150507
2.32503,-0.358069,0.716535,0.0893579,0.150507
2.32528,-0.455674,0.566929,0.0287804,0.150507
2.32553,-0.536307,0.409449,-0.0489807,0.150507
2.32578,-0.577343,0.251969,-0.122787,0.150507
2.32603,-0.560708,0.0708661,-0.156702,0.150507
2.32628,-0.477906,-0.133858,-0.157772,0.150507
2.32653,-0.33231,-0.370079,-0.106756,0.150507
2.32678,-0.139725,-0.622047,-0.0199022,0.150507
2.32703,0.0748887,-0.88189,0.0826966,0.150507
2.32728,0.281498,-1,0.176251,0.150507
2.32753,0.451834,-1,0.254884,0.150507
2.32778,0.56436,-1,0.272418,0.150507
2.32803,0.608786,-1,0.255779,0.150507
2.32828,0.587226,-1,0.181762,0.150507
2.32853,0.513522,-0.937008,0.0826357,0.150507
2.32878,0.408726,-0.614173,-0.0252637,0.150507
2.32903,0.296539,-0.244094,-0.125134,0.150507
2.32928,0.197411,0.11811,-0.177588,0.150507
2.32953,0.123786,0.448819,-0.198701,0.150507
2.32978,0.078264,0.724409,-0.167776,0.150507
2.33003,0.053153,0.913386,-0.11377,0.150507
2.33028,0.0340721,1,-0.0263622,0.150507
2.33053,0.00365056,1,0.0450777,0.150507
2.33078,-0.0519108,1,0.105221,0.150507
2.33103,-0.139711,0.984252,0.118128,0.150507
2.33128,-0.256153,0.913386,0.0962851,0.150507
2.33153,-0.387647,0.834646,0.0420279,0.150507
2.33178,-0.512408,0.748031,-0.0434076,0.150507
2.33203,-0.605927,0.629921,-0.112533,0.150507
2.33228,-0.645791,0.488189,-0.169213,0.150507
2.33254,-0.617436,0.299213,-0.183267,0.150507
2.33279,-0.51807,0.0551181,-0.14714,0.150507
2.33304,-0.357354,-0.212598,-0.0709149,0.150507
2.33329,-0.156559,-0.519685,0.0264101,0.150507
2.33354,0.0563289,-0.826772,0.136877,0.150507
2.33379,0.251348,-1,0.225142,0.150507
2.33404,0.403714,-1,0.276132,0.150507
2.33429,0.497241,-1,0.276943,0.150507
2.33454,0.528256,-1,0.232234,0.150507
2.33479,0.504699,-1,0.140108,0.150507
2.33504,0.44364,-0.992126,0.0283825,0.150507
2.33529,0.366569,-0.692913,-0.0696881,0.150507
2.33554,0.293834,-0.354331,-0.141502,0.150507
2.33579,0.239633,-0.015748,-0.171062,0.150507
2.33604,0.208742,0.275591,-0.165073,0.150507
2.33629,0.195828,0.519685,-0.110055,0.150507
2.33654,0.187702,0.700787,-0.0432313,0.150507
2.33679,0.166794,0.818898,0.0381184,0.150507
2.33704,0.117184,0.889764,0.0965709,0.150507
2.33729,0.0289546,0.929134,0.124797,0.150507
2.33754,-0.0977273,0.944882,0.109083,0.150507
2.33779,-0.252049,0.952756,0.0521104,0.150507
2.33804,-0.413268,0.944882,-0.029256,0.150507
2.33829,-0.555826,0.905512,-0.109985,0.150507
2.33854,-0.653718,0.834646,-0.174552,0.150507
2.33879,-0.686957,0.700787,-0.211831,0.150507
2.33904,-0.645984,0.503937,-0.196176,0.150507
2.33929,-0.533924,0.244094,-0.135311,0.150507
2.33954,-0.366499,-0.0629921,-0.0356924,0.150507
2.33979,-0.168447,-0.409449,0.0770758,0.150507
2.34004,0.0308937,-0.755906,0.181977,0.150507
2.34029,0.20468,-1,0.256386,0.150507
2.34054,0.33252,-1,0.287726,0.150507
2.34079,0.405412,-1,0.260957,0.150507
2.34104,0.425839,-1,0.192853,0.150507
2.34129,0.406558,-1,0.0945431,0.150507
2.34154,0.366275,-1,-0.0114152,0.150507
2.34179,0.324693,-0.76378,-0.0961971,0.150507
2.34204,0.296878,-0.464567,-0.148244,0.150507
2.34229,0.289527,-0.173228,-0.150118,0.150507
2.34254,0.299473,0.0787402,-0.114944,0.150507
2.34279,0.314411,0.299213,-0.0493893,0.150507
2.34304,0.316819,0.472441,0.0312036,0.150507
2.34329,0.288317,0.606299,0.0869472,0.150507
2.34354,0.216046,0.716535,0.122952,0.150507
2.34379,0.0955889,0.818898,0.120432,0.150507
2.34404,-0.0655748,0.913386,0.0776517,0.150507
2.34429,-0.249544,0.992126,-0.00921993,0.150507
2.34454,-0.43066,1,-0.0969134,0.150507
2.34479,-0.580909,1,-0.182816,0.150507
2.34504,-0.675476,1,-0.227994,0.150507
2.34529,-0.698476,0.889764,-0.236331,0.150507
2.34554,-0.646129,0.677165,-0.195401,0.150507
2.34579,-0.527562,0.393701,-0.105038,0.150507
2.34604,-0.363043,0.0551181,0.00303518,0.150507
2.34629,-0.179381,-0.307087,0.124379,0.150507
2.34654,-0.00387913,-0.661417,0.214465,0.150507
2.34679,0.140372,-0.96063,0.273753,0.150507
2.34704,0.240079,-1,0.27381,0.150507
2.34729,0.292808,-1,0.234731,0.150507
2.34754,0.30735,-1,0.145631,0.150507
2.34779,0.299213,-1,0.0484366,0.150507
2.34804,0.287136,-1,-0.0564163,0.150507
2.34829,0.286674,-0.811024,-0.117296,0.150507
2.34854,0.306322,-0.566929,-0.14493,0.150507
2.34879,0.344735,-0.338583,-0.122003,0.150507
2.34904,0.390988,-0.11811,-0.0651342,0.150507
2.34929,0.427326,0.0629921,0.0168108,0.150507
2.34954,0.433467,0.228346,0.0856485,0.150507
2.34979,0.392895,0.385827,0.124857,0.150507
2.35004,0.296528,0.551181,0.142094,0.150507
2.35029,0.147049,0.700787,0.105447,0.150507
2.35054,-0.0414515,0.866142,0.0265635,0.150507
2.35079,-0.245087,1,-0.0647198,0.150507
2.35104,-0.43518,1,-0.161347,0.150507
2.35129,-0.583471,1,-0.227053,0.150507
2.35154,-0.668584,1,-0.257469,0.150507
2.35179,-0.679889,1,-0.235145,0.150507
2.35204,-0.61972,0.818898,-0.170126,0.150507
2.35229,-0.502505,0.519685,-0.0752574,0.150507
2.35254,-0.351332,0.173228,0.0463304,0.150507
2.35279,-0.19253,-0.19685,0.144367,0.150507
2.35304,-0.0500456,-0.543307,0.222426,0.150507
2.35329,0.0593235,-0.84252,0.247654,0.150507
2.35354,0.129614,-1,0.231943,0.150507
2.35379,0.165291,-1,0.167144,0.150507
2.35404,0.17952,-1,0.0764848,0.150507
2.35429,0.189395,-1,-0.0182524,0.150507
2.35454,0.211249,-1,-0.0828207,0.150507
2.35479,0.255004,-0.850394,-0.118864,0.150507
2.35504,0.321553,-0.669291,-0.111003,0.150507
2.35529,0.401551,-0.496063,-0.0651578,0.150507
2.35554,0.477457,-0.330709,0.00236834,0.150507
2.35579,0.527532,-0.165354,0.0860206,0.150507
2.35604,0.531559,0,0.140344,0.150507
2.35629,0.475553,0.173228,0.159024,0.150507
2.35654,0.356566,0.377953,0.13613,0.150507
2.35679,0.183657,0.590551,0.0763234,0.150507
2.35704,-0.0226941,0.811024,-0.0240287,0.150507
2.3573,-0.234851,1,-0.120264,0.150507
2.35755,-0.422763,1,-0.208783,0.150507
2.3578,-0.560809,1,-0.260752,0.150507
2.35805,-0.63224,1,-0.275191,0.150507
2.3583,-0.632682,1,-0.220836,0.150507
2.35855,-0.570192,0.92126,-0.136107,0.150507
2.3588,-0.463136,0.622047,-0.0351075,0.150507
2.35905,-0.335538,0.275591,0.0734628,0.150507
2.3593,-0.211002,-0.0787402,0.162954,0.150507
2.35955,-0.108223,-0.417323,0.199877,0.150507
2.3598,-0.0362949,-0.708661,0.201935,0.150507
2.36005,0.00598059,-0.913386,0.156721,0.150507
2.3603,0.029231,-1,0.0876281,0.150507
2.36055,0.0493767,-1,0.00365952,0.150507
2.3608,0.0832562,-1,-0.0684367,0.150507
2.36105,0.142583,-0.976378,-0.112394,0.150507
2.3613,0.230749,-0.874016,-0.11413,0.150507
2.36155,0.34053,-0.76378,-0.0742918,0.150507
2.3618,0.455437,-0.653543,-0.00897144,0.150507
2.36205,0.5527,-0.527559,0.0716355,0.150507
2.3623,0.609037,-0.393701,0.140847,0.150507
2.36255,0.605695,-0.220472,0.182859,0.150507
2.3628,0.533405,-0.023622,0.175474,0.150507
2.36305,0.395534,0.204724,0.121023,0.150507
2.3633,0.207275,0.472441,0.0386617,0.150507
2.36355,-0.00605701,0.740157,-0.0697879,0.150507
2.3638,-0.214936,0.992126,-0.176693,0.150507
2.36405,-0.390633,1,-0.246581,0.150507
2.3643,-0.5118,1,-0.285778,0.150507
2.36455,-0.567654,1,-0.257703,0.150507
2.3648,-0.560174,1,-0.191771,0.150507
2.36505,-0.502286,0.992126,-0.0933599,0.150507
2.3653,-0.41464,0.708661,0.00889515,0.150507
2.36555,-0.319653,0.377953,0.101445,0.150507
2.3658,-0.236664,0.0393701,0.163181,0.150507
2.36605,-0.177244,-0.267717,0.177951,0.150507
2.3663,-0.142667,-0.527559,0.154495,0.150507
2.36655,-0.124612,-0.724409,0.0935547,0.150507
2.3668,-0.108149,-0.850394,0.0170953,0.150507
2.36705,-0.0758425,-0.92126,-0.0593666,0.150507
2.3673,-0.0139084,-0.944882,-0.103405,0.150507
2.36755,0.0839971,-0.929134,-0.120102,0.150507
2.3678,0.21353,-0.897638,-0.0796855,0.150507
2.36805,0.360178,-0.866142,-0.0161168,0.150507
2.3683,0.501143,-0.811024,0.0600824,0.150507
2.36855,0.611012,-0.732283,0.142453,0.150507
2.3688,0.666515,-0.606299,0.198174,0.150507
2.36905,0.652435,-0.440945,0.210884,0.150507
2.3693,0.56535,-0.212598,0.179787,0.150507
2.36955,0.414638,0.0551181,0.0920917,0.150507
2.3698,0.221037,0.362205,-0.00990185,0.150507
2.37005,0.0122763,0.669291,-0.120503,0.150507
2.3703,-0.182019,0.952756,-0.222556,0.150507
2.37055,-0.337076,1,-0.279901,0.150507
2.3708,-0.436949,1,-0.288632,0.150507
2.37105,-0.477813,1,-0.244505,0.150507
2.3713,-0.467151,1,-0.150567,0.150507
2.37155,-0.42174,1,-0.0459072,0.150507
2.3718,-0.361898,0.771654,0.0535899,0.150507
2.37205,-0.307035,0.472441,0.123313,0.150507
2.3723,-0.270138,0.173228,0.147493,0.150507
2.37255,-0.254693,-0.0944882,0.139889,0.150507
2.3728,-0.254546,-0.330709,0.0946885,0.150507
2.37305,-0.255302,-0.519685,0.0163742,0.150507
2.3733,-0.23926,-0.653543,-0.0497592,0.150507
2.37355,-0.189858,-0.748031,-0.106899,0.150507
2.3738,-0.0978106,-0.818898,-0.121627,0.150507
2.37405,0.0367338,-0.874016,-0.0979183,0.150507
2.3743,0.201857,-0.92126,-0.0347355,0.150507
2.37455,0.376516,-0.944882,0.0428771,0.150507
2.3748,0.533734,-0.952756,0.138651,0.150507
2.37505,0.647229,-0.897638,0.211337,0.150507
2.3753,0.69609,-0.795276,0.238265,0.150507
2.37555,0.670083,-0.622047,0.225093,0.150507
2.3758,0.571946,-0.377953,0.160896,0.150507
2.37605,0.416618,-0.0787402,0.0573503,0.150507
2.3763,0.228379,0.251969,-0.059727,0.150507
2.37655,0.0359376,0.582677,-0.163457,0.150507
2.3768,-0.134125,0.88189,-0.248057,0.150507
2.37705,-0.262042,1,-0.280046,0.150507
2.3773,-0.33898,1,-0.269473,0.150507
2.37755,-0.367322,1,-0.20086,0.150507
2.3778,-0.35982,1,-0.108209,0.150507
2.37805,-0.334295,1,-0.00190394,0.150507
2.3783,-0.309679,0.818898,0.0772174,0.150507
2.37855,-0.299894,0.559055,0.124557,0.150507
2.3788,-0.310439,0.307087,0.135349,0.150507
2.37905,-0.336893,0.0708661,0.0942376,0.150507
2.3793,-0.365879,-0.11811,0.0323592,0.150507
2.37955,-0.378986,-0.299213,-0.046456,0.150507
2.3798,-0.357355,-0.440945,-0.109511,0.150507
2.38005,-0.28769,-0.566929,-0.135226,0.150507
2.3803,-0.165838,-0.692913,-0.120283,0.150507
2.38055,0.000463981,-0.811024,-0.0737836,0.150507
2.3808,0.192923,-0.92126,0.0120048,0.150507
2.38105,0.384996,-1,0.111772,0.150507
2.3813,0.548348,-1,0.193795,0.150507
2.38155,0.657425,-1,0.250432,0.150507
2.3818,0.695755,-0.952756,0.261036,0.150507
2.38206,0.658949,-0.771654,0.221909,0.150507
2.38231,0.555504,-0.519685,0.128384,0.150507
2.38256,0.404987,-0.204724,0.0240347,0.150507
2.38281,0.23333,0.133858,-0.0992259,0.150507
2.38306,0.0676281,0.480315,-0.196539,0.150507
2.38331,-0.0703892,0.779528,-0.253359,0.150507
2.38356,-0.167472,1,-0.263999,0.150507
2.38381,-0.222038,1,-0.21799,0.150507
2.38406,-0.242503,1,-0.142736,0.150507
2.38431,-0.24457,1,-0.0436085,0.150507
2.38456,-0.246011,1,0.0353113,0.150507
2.38481,-0.261799,0.84252,0.104532,0.150507
2.38506,-0.29913,0.645669,0.124487,0.150507
2.38531,-0.355468,0.456693,0.0911076,0.150507
2.38556,-0.418768,0.267717,0.0405038,0.150507
2.38581,-0.470062,0.0944882,-0.0347855,0.150507
2.38606,-0.488519,-0.0629921,-0.103884,0.150507
2.38631,-0.45661,-0.220472,-0.144858,0.150507
2.38656,-0.365275,-0.385827,-0.149151,0.150507
2.38681,-0.217067,-0.566929,-0.107883,0.150507
2.38706,-0.0261562,-0.748031,-0.028353,0.150507
2.38731,0.18302,-0.92126,0.0641432,0.150507
2.38756,0.381686,-1,0.164635,0.150507
2.38781,0.541064,-1,0.241977,0.150507
2.38806,0.639365,-1,0.274481,0.150507
2.38831,0.665404,-1,0.258655,0.150507
2.38856,0.620996,-0.897638,0.196096,0.150507
2.38881,0.519845,-0.629921,0.0895539,0.150507
2.38906,0.384191,-0.314961,-0.0188478,0.150507
2.38931,0.239721,0.0314961,-0.125761,0.150507
2.38956,0.109215,0.370079,-0.193275,0.150507
2.38981,0.0086638,0.669291,-0.22232,0.150507
2.39006,-0.0566844,0.889764,-0.210525,0.150507
2.39031,-0.0916966,1,-0.150584,0.150507
2.39056,-0.109979,1,-0.0715124,0.150507
2.39081,-0.128145,1,0.0141599,0.150507
2.39106,-0.162078,0.976378,0.0836533,0.150507
2.39131,-0.220828,0.858268,0.111337,0.150507
2.39156,-0.304225,0.732283,0.092403,0.150507
2.39181,-0.401755,0.590551,0.0480249,0.150507
2.39206,-0.494763,0.448819,-0.0280072,0.150507
2.39231,-0.56056,0.307087,-0.100666,0.150507
2.39256,-0.57781,0.15748,-0.158284,0.150507
2.39281,-0.532425,-0.015748,-0.17395,0.150507
2.39306,-0.420681,-0.220472,-0.149373,0.150507
2.39331,-0.251799,-0.448819,-0.0876778,0.150507
2.39356,-0.0460091,-0.677165,0.0147025,0.150507
2.39381,0.16874,-0.897638,0.122277,0.150507
2.39406,0.362658,-1,0.212392,0.150507
2.39431,0.509511,-1,0.271967,0.150507
2.39456,0.592579,-1,0.276184,0.150507
2.39481,0.606858,-1,0.237689,0.150507
2.39506,0.56004,-0.984252,0.152753,0.150507
2.39531,0.469656,-0.724409,0.0536856,0.150507
2.39556,0.358751,-0.409449,-0.0580508,0.150507
2.39581,0.250258,-0.0708661,-0.134186,0.150507
2.39606,0.161351,0.244094,-0.178556,0.150507
2.39631,0.100504,0.519685,-0.179153,0.150507
2.39656,0.065491,0.732283,-0.144295,0.150507
2.39681,0.0449626,0.874016,-0.0743121,0.150507
2.39706,0.0230251,0.944882,0.00694528,0.150507
2.39731,-0.0170964,0.952756,0.0695174,0.150507
2.39756,-0.0865891,0.929134,0.102552,0.150507
2.39781,-0.188107,0.874016,0.103062,0.150507
2.39806,-0.313392,0.80315,0.0585121,0.150507
2.39831,-0.44494,0.724409,-0.0140608,0.150507
2.39856,-0.559015,0.629921,-0.103998,0.150507
2.39881,-0.631178,0.511811,-0.167122,0.150507
2.39906,-0.642166,0.362205,-0.207276,0.150507
2.39931,-0.582062,0.173228,-0.195516,0.150507
2.39956,-0.453712,-0.0551181,-0.145542,0.150507
2.39981,-0.272209,-0.322835,-0.0541701,0.150507
2.40006,-0.0624337,-0.598425,0.0654183,0.150507
2.40031,0.146184,-0.858268,0.167286,0.150507
2.40056,0.325016,-1,0.250014,0.150507
2.40081,0.452731,-1,0.290841,0.150507
2.40106,0.518414,-1,0.274526,0.150507
2.40131,0.523746,-1,0.204431,0.150507
2.40156,0.481093,-1,0.109127,0.150507
2.40181,0.410276,-0.779528,0.00839186,0.150507
2.40206,0.332961,-0.496063,-0.0833235,0.150507
2.40231,0.267128,-0.188976,-0.143862,0.150507
2.40256,0.223231,0.0944882,-0.150237,0.150507
2.40281,0.201444,0.346457,-0.122539,0.150507
2.40306,0.1926,0.543307,-0.0689644,0.150507
2.40331,0.180963,0.685039,0.00819449,0.150507
2.40356,0.149212,0.771654,0.0681444,0.150507
2.40381,0.0832127,0.826772,0.113183,0.150507
2.40406,-0.0225708,0.858268,0.115726,0.150507
2.40431,-0.163463,0.874016,0.0683828,0.150507
2.40456,-0.323755,0.866142,-0.00123413,0.150507
2.40481,-0.480147,0.850394,-0.0923069,0.150507
2.40506,-0.605845,0.795276,-0.176589,0.150507
2.40531,-0.677175,0.700787,-0.231647,0.150507
2.40556,-0.678135,0.559055,-0.242747,0.150507
2.40581,-0.604592,0.354331,-0.205093,0.150507
2.40606,-0.465546,0.0944882,-0.123773,0.150507
2.40631,-0.2813,-0.19685,-0.0125513,0.150507
2.40656,-0.0789803,-0.511811,0.105636,0.150507
2.40682,0.112116,-0.795276,0.210199,0.150507
2.40707,0.267556,-1,0.269356,0.150507
2.40732,0.371548,-1,0.287321,0.150507
2.40757,0.420334,-1,0.250162,0.150507
2.40782,0.421129,-1,0.172161,0.150507
2.40807,0.390119,-1,0.070985,0.150507
2.40832,0.347075,-0.826772,-0.0303285,0.150507
2.40857,0.310114,-0.574803,-0.0999767,0.150507
2.40882,0.291091,-0.307087,-0.125281,0.150507
2.40907,0.292354,-0.0551181,-0.118184,0.150507
2.40932,0.306397,0.15748,-0.0712032,0.150507
2.40957,0.318095,0.338583,-0.00208474,0.150507
2.40982,0.309019,0.480315,0.072078,0.150507
2.41007,0.262363,0.598425,0.116144,0.150507
2.41032,0.168723,0.692913,0.125957,0.150507
2.41057,0.0287056,0.787402,0.0916578,0.150507
2.41082,-0.14527,0.866142,0.0231533,0.150507
2.41107,-0.331508,0.92126,-0.0608858,0.150507
2.41132,-0.502378,0.952756,-0.154893,0.150507
2.41157,-0.630646,0.944882,-0.235509,0.150507
2.41182,-0.694962,0.866142,-0.270368,0.150507
2.41207,-0.684404,0.724409,-0.250512,0.150507
2.41232,-0.600991,0.503937,-0.191201,0.150507
2.41257,-0.459211,0.228346,-0.0901374,0.150507
2.41282,-0.282721,-0.0866142,0.0358979,0.150507
2.41307,-0.0993156,-0.417323,0.146535,0.150507
2.41332,0.064664,-0.716535,0.231441,0.150507
2.41357,0.19034,-0.96063,0.275507,0.150507
2.41382,0.268871,-1,0.26144,0.150507
2.41407,0.303208,-1,0.205642,0.150507
2.41432,0.305394,-1,0.114484,0.150507
2.41457,0.293421,-1,0.0155775,0.150507
2.41482,0.284811,-0.858268,-0.0646119,0.150507
2.41507,0.292732,-0.645669,-0.108623,0.150507
2.41532,0.321412,-0.425197,-0.107133,0.150507
2.41557,0.365049,-0.220472,-0.0779667,0.150507
2.41582,0.409386,-0.0314961,-0.00667688,0.150507
2.41607,0.434809,0.125984,0.0636197,0.150507
2.41632,0.422127,0.275591,0.123729,0.150507
2.41657,0.357438,0.417323,0.141866,0.150507
2.41682,0.236577,0.559055,0.126625,0.150507
2.41707,0.0675183,0.708661,0.0714678,0.150507
2.41732,-0.131108,0.84252,-0.021504,0.150507
2.41757,-0.332379,0.96063,-0.115324,0.150507
2.41782,-0.507182,1,-0.206749,0.150507
2.41807,-0.629692,1,-0.264042,0.150507
2.41832,-0.682827,1,-0.276853,0.150507
2.41857,-0.661532,0.858268,-0.243082,0.150507
2.41882,-0.573871,0.629921,-0.15541,0.150507
2.41907,-0.438494,0.338583,-0.0449721,0.150507
2.41932,-0.280632,0.015748,0.0710205,0.150507
2.41957,-0.126472,-0.307087,0.16947,0.150507
2.41982,0.00289765,-0.606299,0.226721,0.150507
2.42007,0.095099,-0.850394,0.23721,0.150507
2.42032,0.149001,-1,0.208932,0.150507
2.42057,0.173144,-1,0.135916,0.150507
2.42082,0.183409,-1,0.0492942,0.150507
2.42107,0.196788,-0.992126,-0.0314762,0.150507
2.42132,0.22757,-0.866142,-0.0863768,0.150507
2.42157,0.281879,-0.716535,-0.0992587,0.150507
2.42182,0.356097,-0.551181,-0.0747899,0.150507
2.42207,0.436746,-0.393701,-0.0213513,0.150507
2.42232,0.504007,-0.23622,0.0525224,0.150507
2.42257,0.536052,-0.0866142,0.123061,0.150507
2.42282,0.51467,0.0629921,0.165288,0.150507
2.42307,0.430581,0.23622,0.16528,0.150507
2.42332,0.28588,0.425197,0.113405,0.150507
2.42357,0.0951846,0.622047,0.0395911,0.150507
2.42382,-0.117487,0.818898,-0.0730006,0.150507
2.42407,-0.322363,0.984252,-0.174526,0.149887
2.42432,-0.491102,1,-0.253638,0.149887
2.42457,-0.601095,1,-0.292322,0.149887
2.42482,-0.640999,1,-0.276424,0.149887
2.42507,-0.612015,0.952756,-0.205605,0.149887
2.42532,-0.527162,0.724409,-0.111832,0.149887
2.42557,-0.407923,0.433071,-0.00186297,0.149887
2.42582,-0.27887,0.11811,0.101277,0.149887
2.42607,-0.162207,-0.19685,0.172126,0.149887
2.42632,-0.0725445,-0.488189,0.202445,0.149887
2.42657,-0.0144327,-0.716535,0.181258,0.149887
2.42682,0.0176199,-0.874016,0.131384,0.149887
2.42707,0.037413,-0.952756,0.0502726,0.149887
2.42732,0.0617729,-0.968504,-0.0186789,0.149887
2.42757,0.10587,-0.929134,-0.0749766,0.149887
2.42782,0.178078,-0.858268,-0.102802,0.149887
2.42807,0.27732,-0.76378,-0.0735915,0.149887
2.42832,0.39179,-0.661417,-0.0263659,0.149887
2.42857,0.501925,-0.551181,0.0540495,0.149887
2.42882,0.58394,-0.433071,0.136142,0.149887
2.42907,0.61575,-0.291339,0.184753,0.149887
2.42932,0.582439,-0.125984,0.201957,0.149887
2.42957,0.480026,0.0629921,0.176492,0.149887
2.42982,0.317383,0.291339,0.0982003,0.149887
2.43007,0.114504,0.535433,-0.00238743,0.149887
2.43032,-0.10045,0.771654,-0.11037,0.149887
2.43057,-0.297978,0.976378,-0.210494,0.149887
2.43082,-0.451677,1,-0.279688,0.149887
2.43107,-0.544651,1,-0.295924,0.149887
2.43132,-0.571637,1,-0.250474,0.149887
2.43158,-0.539797,1,-0.179547,0.149887
2.43183,-0.465961,0.795276,-0.0670299,0.149887
2.43208,-0.372314,0.519685,0.0297665,0.149887
2.43233,-0.280667,0.220472,0.107513,0.149887
2.43258,-0.20722,-0.0708661,0.154729,0.149887
2.43283,-0.159211,-0.338583,0.15381,0.149887
2.43308,-0.133418,-0.551181,0.117512,0.149887
2.43333,-0.118237,-0.708661,0.0500679,0.149887
2.43358,-0.096677,-0.795276,-0.0216214,0.149887
2.43383,-0.0527538,-0.84252,-0.0793736,0.149887
2.43408,0.0249084,-0.850394,-0.106071,0.149887
2.43433,0.137891,-0.834646,-0.089467,0.149887
2.43458,0.277326,-0.811024,-0.0312637,0.149887
2.43483,0.424546,-0.771654,0.050485,0.149887
2.43508,0.555011,-0.708661,0.135388,0.149887
2.43533,0.643361,-0.622047,0.208058,0.149887
2.43558,0.66935,-0.488189,0.245412,0.149887
2.43583,0.622767,-0.314961,0.233393,0.149887
2.43608,0.505658,-0.0866142,0.17453,0.149887
2.43633,0.332935,0.165354,0.0780708,0.149887
2.43658,0.129127,0.448819,-0.0433555,0.149887
2.43683,-0.0768086,0.716535,-0.158559,0.149887
2.43708,-0.256395,0.944882,-0.247509,0.149887
2.43733,-0.38845,1,-0.294363,0.149887
2.43758,-0.461996,1,-0.284747,0.149887
2.43783,-0.478676,1,-0.225592,0.149887
2.43808,-0.450225,1,-0.134185,0.149887
2.43833,-0.395828,0.84252,-0.0355404,0.149887
2.43858,-0.336102,0.590551,0.0525636,0.149887
2.43883,-0.288098,0.322835,0.117274,0.149887
2.43908,-0.260857,0.0551181,0.131005,0.149887
2.43933,-0.253481,-0.173228,0.101767,0.149887
2.43958,-0.255875,-0.370079,0.0448872,0.149887
2.43983,-0.251316,-0.519685,-0.0199206,0.149887
2.44008,-0.222367,-0.629921,-0.0803835,0.149887
2.44033,-0.154775,-0.708661,-0.109935,0.149887
2.44058,-0.0432804,-0.771654,-0.107421,0.149887
2.44083,0.106834,-0.818898,-0.062869,0.149887
2.44108,0.279173,-0.850394,0.0182011,0.149887
2.44133,0.449632,-0.866142,0.117049,0.149887
2.44158,0.590657,-0.84252,0.203691,0.149887
2.44183,0.67761,-0.779528,0.262483,0.149887
2.44208,0.694009,-0.653543,0.274512,0.149887
2.44233,0.635058,-0.472441,0.230685,0.149887
2.44258,0.509152,-0.23622,0.152292,0.149887
2.44283,0.335869,0.0472441,0.033397,0.149887
2.44308,0.142368,0.354331,-0.0872623,0.149887
2.44333,-0.0432834,0.637795,-0.189541,0.149887
2.44358,-0.196557,0.88189,-0.261292,0.149887
2.44383,-0.302442,1,-0.27999,0.149887
2.44408,-0.356954,1,-0.245562,0.149887
2.44433,-0.36752,1,-0.170081,0.149887
2.44458,-0.34956,1,-0.0796682,0.149887
2.44483,-0.32234,0.866142,0.015797,0.149887
2.44508,-0.302991,0.653543,0.0768559,0.149887
2.44533,-0.302078,0.425197,0.105419,0.149887
2.44558,-0.320789,0.204724,0.0968206,0.149887
2.44583,-0.350397,0,0.0431833,0.149887
2.44608,-0.374735,-0.173228,-0.0240012,0.149887
2.44633,-0.374585,-0.322835,-0.0858132,0.149887
2.44658,-0.333027,-0.448819,-0.127125,0.149887
2.44683,-0.240238,-0.566929,-0.133331,0.149887
2.44708,-0.0971235,-0.685039,-0.095742,0.149887
2.44733,0.0834921,-0.787402,-0.027754,0.149887
2.44758,0.279377,-0.88189,0.0794526,0.149887
2.44783,0.462273,-0.944882,0.171173,0.149887
2.44808,0.604407,-0.96063,0.254872,0.149887
2.44833,0.683607,-0.92126,0.291996,0.149887
2.44858,0.688556,-0.80315,0.273532,0.149887
2.44883,0.620566,-0.614173,0.209303,0.149887
2.44908,0.493413,-0.354331,0.108319,0.149887
2.44933,0.330307,-0.0551181,-0.00993212,0.149887
2.44958,0.158051,0.251969,-0.124147,0.149887
2.44983,0.00232815,0.551181,-0.210124,0.149887
2.45008,-0.118614,0.80315,-0.256387,0.149887
2.45033,-0.196489,0.976378,-0.242165,0.149887
2.45058,-0.234462,1,-0.196927,0.149887
2.45083,-0.244532,1,-0.114874,0.149887
2.45108,-0.244229,1,-0.0276358,0.149887
2.45133,-0.250574,0.866142,0.0457838,0.149887
2.45158,-0.275516,0.700787,0.0927486,0.149887
2.45183,-0.322156,0.527559,0.0908523,0.149887
2.45208,-0.383581,0.346457,0.0487573,0.149887
2.45233,-0.444095,0.181102,-0.0117781,0.149887
2.45258,-0.48338,0.023622,-0.0903115,0.149887
2.45283,-0.481403,-0.11811,-0.144687,0.149887
2.45308,-0.423728,-0.267717,-0.163388,0.149887
2.45333,-0.306312,-0.425197,-0.1424,0.149887
2.45358,-0.136819,-0.582677,-0.0785727,0.149887
2.45383,0.0655103,-0.748031,0.02075,0.149887
2.45408,0.27386,-0.889764,0.121426,0.149887
2.45433,0.458368,-1,0.219864,0.149887
2.45458,0.592937,-1,0.27823,0.149887
2.45483,0.659941,-1,0.292757,0.149887
2.45508,0.653925,-0.913386,0.263116,0.149887
2.45533,0.58215,-0.716535,0.173616,0.149887
2.45558,0.462785,-0.456693,0.066153,0.149887
2.45583,0.320086,-0.15748,-0.0517228,0.149887
2.45608,0.179192,0.149606,-0.147347,0.149887
2.45634,0.0605946,0.440945,-0.204989,0.149887
2.45659,-0.0244193,0.685039,-0.213142,0.149887
2.45684,-0.0752634,0.858268,-0.184171,0.149887
2.45709,-0.100831,0.96063,-0.1223,0.149887
2.45734,-0.116927,0.976378,-0.0409906,0.149887
2.45759,-0.140439,0.937008,0.0369899,0.149887
2.45784,-0.184711,0.858268,0.073146,0.149887
2.45809,-0.254964,0.748031,0.085431,0.149887
2.45834,-0.346488,0.622047,0.048457,0.149887
2.45859,-0.444699,0.496063,-0.0166711,0.149887
2.45884,-0.528444,0.362205,-0.0856545,0.149887
2.45909,-0.575214,0.228346,-0.155923,0.149887
2.45934,-0.566028,0.0787402,-0.192344,0.149887
2.45959,-0.491091,-0.0944882,-0.185087,0.149887
2.45984,-0.352288,-0.283465,-0.134814,0.149887
2.46009,-0.164086,-0.496063,-0.0456012,0.149887
2.46034,0.049458,-0.700787,0.0622462,0.149887
2.46059,0.258555,-0.889764,0.175929,0.149887
2.46084,0.434461,-1,0.253162,0.149887
2.46109,0.554571,-1,0.304752,0.149887
2.46134,0.607154,-1,0.29074,0.149887
2.46159,0.592839,-0.984252,0.23066,0.149887
2.46184,0.524286,-0.80315,0.140852,0.149887
2.46209,0.4219,-0.543307,0.0227133,0.149887
2.46234,0.309407,-0.251969,-0.0708761,0.149887
2.46259,0.207903,0.0393701,-0.144718,0.149887
2.46284,0.130931,0.314961,-0.178813,0.149887
2.46309,0.0823182,0.551181,-0.160528,0.149887
2.46334,0.0554469,0.716535,-0.105781,0.149887
2.46359,0.036556,0.818898,-0.0391062,0.149887
2.46384,0.00836107,0.866142,0.0299769,0.149887
2.46409,-0.0437555,0.858268,0.0720067,0.149887
2.46434,-0.127734,0.826772,0.0837536,0.149887
2.46459,-0.241313,0.779528,0.054856,0.149887
2.46484,-0.372043,0.708661,-0.010098,0.149887
2.46509,-0.498849,0.637795,-0.0864617,0.149887
2.46534,-0.597317,0.535433,-0.171652,0.149887
2.46559,-0.644444,0.417323,-0.22658,0.149887
2.46584,-0.624516,0.267717,-0.241521,0.149887
2.46609,-0.533251,0.0708661,-0.206435,0.149887
2.46634,-0.378843,-0.149606,-0.125488,0.149887
2.46659,-0.181404,-0.401575,-0.0144773,0.149887
2.46684,0.0315216,-0.645669,0.109457,0.149887
2.46709,0.230188,-0.866142,0.210682,0.149887
2.46734,0.38853,-1,0.281662,0.149887
2.46759,0.489529,-1,0.303451,0.149887
2.46784,0.527636,-1,0.269312,0.149887
2.46809,0.50983,-1,0.192536,0.149887
2.46834,0.452073,-0.850394,0.0972702,0.149887
2.46859,0.375776,-0.614173,-0.00333206,0.149887
2.46884,0.301661,-0.346457,-0.0854331,0.149887
2.46909,0.244808,-0.0708661,-0.131746,0.149887
2.46934,0.211242,0.173228,-0.131761,0.149887
2.46959,0.196766,0.385827,-0.092236,0.149887
2.46984,0.188954,0.543307,-0.0300388,0.149887
2.47009,0.170448,0.661417,0.0343093,0.149887
2.47034,0.124895,0.732283,0.087685,0.149887
2.47059,0.0414231,0.779528,0.105476,0.149887
2.47084,-0.0810754,0.795276,0.0756056,0.149887
2.47109,-0.233059,0.80315,0.0190072,0.149887
2.47134,-0.394726,0.795276,-0.0698707,0.149887
2.47159,-0.540893,0.76378,-0.155675,0.149887
2.47184,-0.645238,0.700787,-0.237531,0.149887
2.47209,-0.686823,0.590551,-0.271021,0.149887
2.47234,-0.654675,0.433071,-0.25616,0.149887
2.47259,-0.550393,0.220472,-0.193466,0.149887
2.47284,-0.388338,-0.023622,-0.0910501,0.149887
2.47309,-0.192398,-0.299213,0.0252124,0.149887
2.47334,0.0082736,-0.574803,0.150542,0.149887
2.47359,0.18632,-0.811024,0.23557,0.149887
2.47384,0.320268,-1,0.283163,0.149887
2.47409,0.399734,-1,0.278058,0.149887
2.47434,0.425753,-1,0.22505,0.149887
2.47459,0.41033,-1,0.148901,0.149887
2.47484,0.371454,-0.874016,0.0456745,0.149887
2.47509,0.32911,-0.669291,-0.0438926,0.149887
2.47534,0.299126,-0.433071,-0.0890273,0.149887
2.47559,0.289333,-0.19685,-0.106446,0.149887
2.47584,0.297724,0.015748,-0.0847564,0.149887
2.47609,0.312917,0.204724,-0.0308966,0.149887
2.47634,0.31779,0.362205,0.0396588,0.149887
2.47659,0.293848,0.488189,0.0957034,0.149887
2.47684,0.22706,0.582677,0.120905,0.149887
2.47709,0.112236,0.669291,0.114967,0.149887
2.47734,-0.044984,0.748031,0.0604347,0.149887
2.47759,-0.227396,0.818898,-0.024598,0.149887
2.47784,-0.410404,0.866142,-0.124475,0.149887
2.47809,-0.565643,0.874016,-0.223412,0.149887
2.47834,-0.667851,0.834646,-0.28516,0.149887
2.47859,-0.699729,0.740157,-0.297874,0.149887
2.47884,-0.656021,0.582677,-0.254121,0.149887
2.47909,-0.544436,0.354331,-0.174223,0.149887
2.47934,-0.383962,0.0866142,-0.0592171,0.149887
2.47959,-0.201004,-0.19685,0.0712054,0.149887
2.47984,-0.0232782,-0.488189,0.170209,0.149887
2.48009,0.125555,-0.740157,0.244435,0.149887
2.48034,0.230863,-0.929134,0.261212,0.149887
2.48059,0.288856,-1,0.23412,0.149887
2.48084,0.307196,-1,0.17433,0.149887
2.4811,0.300745,-1,0.0835407,0.149887
2.48135,0.288223,-0.88189,0.00501154,0.149887
2.4816,0.285767,-0.708661,-0.060961,0.149887
2.48185,0.302919,-0.519685,-0.0881708,0.149887
2.4821,0.339506,-0.322835,-0.0660363,0.149887
2.48235,0.385659,-0.141732,-0.0166814,0.149887
2.4826,0.424213,0.015748,0.0499209,0.149887
2.48285,0.434876,0.165354,0.108609,0.149887
2.4831,0.400476,0.307087,0.149435,0.149887
2.48335,0.310774,0.433071,0.147349,0.149887
2.4836,0.167044,0.566929,0.104715,0.149887
2.48385,-0.0179515,0.700787,0.0271328,0.149887
2.4841,-0.221245,0.818898,-0.0824434,0.149887
2.48435,-0.414472,0.913386,-0.180327,0.149887
2.4846,-0.568965,0.96063,-0.262385,0.149887
2.48485,-0.662324,0.944882,-0.312055,0.149887
2.4851,-0.682437,0.866142,-0.30154,0.149887
2.48535,-0.630149,0.700787,-0.235618,0.149887
2.4856,-0.518574,0.472441,-0.139861,0.149887
2.48585,-0.369951,0.188976,-0.015844,0.149887
2.4861,-0.210786,-0.102362,0.0968556,0.149887
2.48635,-0.0653232,-0.393701,0.182912,0.149887
2.4866,0.0484755,-0.645669,0.226967,0.149887
2.48685,0.123221,-0.834646,0.225478,0.149887
2.4871,0.162543,-0.952756,0.177864,0.149887
2.48735,0.178328,-0.984252,0.103113,0.149887
2.4876,0.187903,-0.952756,0.021924,0.149887
2.48785,0.207595,-0.858268,-0.0388701,0.149887
2.4881,0.248599,-0.740157,-0.069365,0.149887
2.48835,0.312726,-0.590551,-0.0636805,0.149887
2.4886,0.39194,-0.448819,-0.0247806,0.149887
2.48885,0.469446,-0.307087,0.0422269,0.149887
2.4891,0.523656,-0.165354,0.121455,0.149887
2.48935,0.534005,-0.023622,0.175666,0.149887
2.4896,0.485454,0.11811,0.189076,0.149887
2.48985,0.373657,0.283465,0.166255,0.149887
2.4901,0.206152,0.464567,0.0947456,0.149887
2.49035,0.00247497,0.645669,-0.0156832,0.149887
2.4906,-0.210578,0.811024,-0.122157,0.149887
2.49085,-0.402801,0.944882,-0.223022,0.149887
2.4911,-0.547835,1,-0.295757,0.149887
2.49135,-0.627558,1,-0.318227,0.149887
2.4916,-0.636175,0.952756,-0.28089,0.149887
2.49185,-0.580297,0.787402,-0.204191,0.149887
2.4921,-0.477303,0.559055,-0.095153,0.149887
2.49235,-0.350839,0.283465,0.02581,0.149887
2.4926,-0.224813,0,0.117159,0.149887
2.49285,-0.118792,-0.275591,0.178031,0.149887
2.4931,-0.0430808,-0.519685,0.193788,0.149887
2.49335,0.00228932,-0.708661,0.161597,0.149887
2.4936,0.0270172,-0.826772,0.0979017,0.149887
2.49385,0.046611,-0.88189,0.025524,0.149887
2.4941,0.0781311,-0.874016,-0.0336392,0.149887
2.49435,0.134087,-0.826772,-0.06377,0.149887
2.4946,0.219022,-0.755906,-0.0638578,0.149887
2.49485,0.326943,-0.669291,-0.0239789,0.149887
2.4951,0.442349,-0.574803,0.0425126,0.149887
2.49535,0.543019,-0.472441,0.128569,0.149887
2.4956,0.605203,-0.354331,0.191896,0.149887
2.49585,0.609586,-0.212598,0.233489,0.149887
2.4961,0.545494,-0.0472441,0.22322,0.149887
2.49635,0.414719,0.141732,0.168614,0.149887
2.4966,0.2314,0.354331,0.0719273,0.149887
2.49685,0.0194091,0.574803,-0.0493881,0.149887
2.4971,-0.191449,0.779528,-0.171931,0.149887
2.49735,-0.37246,0.944882,-0.256927,0.149887
2.4976,-0.500748,1,-0.31071,0.149887
2.49785,-0.564528,1,-0.309844,0.149887
2.4981,-0.563974,1,-0.256162,0.149887
2.49835,-0.5111,0.850394,-0.164624,0.149887
2.4986,-0.425785,0.629921,-0.0589523,0.149887
2.49885,-0.330529,0.370079,0.0492003,0.149887
2.4991,-0.245397,0.102362,0.114859,0.149887
2.49935,-0.182869,-0.15748,0.151877,0.149887
2.4996,-0.14562,-0.385827,0.138528,0.149887
2.49985,-0.1263,-0.559055,0.0878702,0.149887
2.5001,-0.110563,-0.677165,0.0271971,0.149887
2.50035,-0.080945,-0.748031,-0.0334175,0.149887
2.5006,-0.023051,-0.779528,-0.0812206,0.149887
2.50085,0.0706601,-0.787402,-0.0791615,0.149887
2.5011,0.197024,-0.76378,-0.0392865,0.149887
2.50135,0.342719,-0.732283,0.0285876,0.149887
2.5016,0.485751,-0.685039,0.115814,0.149887
2.50185,0.600502,-0.622047,0.195114,0.149887
2.5021,0.663388,-0.519685,0.25858,0.149887
2.50235,0.657929,-0.385827,0.267926,0.149887
2.5026,0.579201,-0.204724,0.236899,0.149887
2.50285,0.435093,0.00787402,0.144915,0.149887
2.5031,0.245189,0.251969,0.0295638,0.149887
2.50335,0.0366455,0.503937,-0.0962909,0.149887
2.5036,-0.160776,0.740157,-0.198626,0.149887
2.50385,-0.321494,0.92126,-0.278022,0.149887
2.5041,-0.428306,1,-0.299911,0.149887
2.50435,-0.475942,1,-0.277136,0.149887
2.5046,-0.47061,1,-0.212218,0.149887
2.50485,-0.428266,0.88189,-0.116293,0.149887
2.5051,-0.369024,0.685039,-0.0156149,0.149887
2.50535,-0.312738,0.448819,0.0670656,0.149887
2.5056,-0.273333,0.204724,0.101756,0.149887
2.50586,-0.255551,-0.015748,0.104764,0.149887
2.50611,-0.254169,-0.220472,0.0672505,0.149887
2.50636,-0.255711,-0.385827,0.0136343,0.149887
2.50661,-0.242584,-0.511811,-0.0554857,0.149887
2.50686,-0.197932,-0.606299,-0.095274,0.149887
2.50711,-0.110952,-0.677165,-0.101372,0.149887
2.50736,0.0188815,-0.724409,-0.078897,0.149887
2.50761,0.181445,-0.771654,-0.010157,0.149887
2.50786,0.356241,-0.795276,0.0884201,0.149887
2.50811,0.517003,-0.787402,0.179388,0.149887
2.50836,0.636877,-0.755906,0.255729,0.149887
2.50861,0.694136,-0.677165,0.297521,0.149887
2.50886,0.677097,-0.535433,0.292378,0.149887
2.50911,0.586866,-0.346457,0.22667,0.149887
2.50936,0.437142,-0.110236,0.121662,0.149887
2.50961,0.251313,0.149606,-0.000428283,0.149887
2.50986,0.057897,0.425197,-0.123296,0.149887
2.51011,-0.116008,0.677165,-0.219914,0.149887
2.51036,-0.249579,0.874016,-0.275709,0.149887
2.51061,-0.332618,1,-0.275189,0.149887
2.51086,-0.366183,1,-0.23377,0.149887
2.51111,-0.361947,1,-0.149743,0.149887
2.51136,-0.337605,0.889764,-0.0601922,0.149887
2.51161,-0.312022,0.724409,0.0244661,0.149887
2.51186,-0.300004,0.527559,0.0741059,0.149887
2.51211,-0.308229,0.314961,0.0818111,0.149887
2.51236,-0.33331,0.11811,0.0527789,0.149887
2.51261,-0.362893,-0.0551181,-0.00480536,0.149887
2.51286,-0.378892,-0.204724,-0.0634005,0.149887
2.51311,-0.362188,-0.338583,-0.119224,0.149887
2.51336,-0.298605,-0.456693,-0.136984,0.149887
2.51361,-0.182731,-0.559055,-0.122316,0.149887
2.51386,-0.0209108,-0.661417,-0.0598426,0.149887
2.51411,0.169734,-0.755906,0.0316969,0.149887
2.51436,0.363322,-0.834646,0.144662,0.149887
2.51461,0.531511,-0.874016,0.239565,0.149887
2.51486,0.648039,-0.874016,0.299962,0.149887
2.51511,0.695187,-0.80315,0.316114,0.149887
2.51536,0.667024,-0.669291,0.27851,0.149887
2.51561,0.570588,-0.472441,0.193536,0.149887
2.51586,0.424339,-0.220472,0.0807519,0.149887
2.51611,0.253726,0.0551181,-0.0379721,0.149887
2.51636,0.0859968,0.338583,-0.151656,0.149887
2.51661,-0.0561289,0.590551,-0.218822,0.149887
2.51686,-0.158336,0.787402,-0.246771,0.149887
2.51711,-0.21754,0.929134,-0.229074,0.149887
2.51736,-0.241324,0.976378,-0.166827,0.149887
2.51761,-0.244622,0.96063,-0.0816539,0.149887
2.51786,-0.245343,0.874016,-0.0096491,0.149887
2.51811,-0.258836,0.748031,0.0453981,0.149887
2.51836,-0.293601,0.590551,0.0675488,0.149887
2.51861,-0.348159,0.425197,0.0409163,0.149887
2.51886,-0.411521,0.267717,-0.00845369,0.149887
2.51911,-0.465377,0.11811,-0.0815014,0.149887
2.51936,-0.488669,-0.015748,-0.136047,0.149887
2.51961,-0.463353,-0.15748,-0.172357,0.149887
2.51986,-0.379126,-0.299213,-0.168889,0.149887
2.52011,-0.237104,-0.448819,-0.118574,0.149887
2.52036,-0.0501108,-0.598425,-0.0320956,0.149887
2.52061,0.158356,-0.740157,0.0835345,0.149887
2.52086,0.359832,-0.858268,0.194066,0.149887
2.52111,0.525138,-0.937008,0.279694,0.149887
2.52136,0.631455,-0.952756,0.325741,0.149887
2.52161,0.666119,-0.897638,0.322917,0.149887
2.52186,0.629541,-0.771654,0.261027,0.149887
2.52211,0.534032,-0.574803,0.159513,0.149887
2.52236,0.401119,-0.322835,0.0454424,0.149887
2.52261,0.256332,-0.0393701,-0.0677682,0.149887
2.52286,0.123232,0.23622,-0.160295,0.149887
2.52311,0.0186631,0.488189,-0.206785,0.149887
2.52336,-0.0507745,0.685039,-0.206873,0.149887
2.52361,-0.0887822,0.818898,-0.162876,0.149887
2.52386,-0.108201,0.88189,-0.0921917,0.149887
2.52411,-0.125467,0.889764,-0.0190689,0.161644
2.52436,-0.156912,0.84252,0.0349202,0.161644
2.52461,-0.212535,0.755906,0.0541303,0.161644
2.52486,-0.293385,0.645669,0.0428367,0.161644
2.52511,-0.390082,0.535433,-0.0101334,0.161644
2.52536,-0.48477,0.417323,-0.0860179,0.161644
2.52561,-0.554951,0.291339,-0.15893,0.161644
2.52586,-0.578823,0.15748,-0.204027,0.161644
2.52611,-0.541247,0.00787402,-0.224339,0.161644
2.52636,-0.437081,-0.149606,-0.192663,0.161644
2.52661,-0.274077,-0.338583,-0.106118,0.161644
2.52686,-0.071308,-0.527559,0.00366617,0.161644
2.52711,0.14398,-0.716535,0.120667,0.161644
2.52736,0.341733,-0.866142,0.235587,0.161644
2.52761,0.495319,-0.976378,0.30569,0.161644
2.52786,0.586314,-1,0.330203,0.161644
2.52811,0.608613,-0.968504,0.302214,0.161644
2.52836,0.568213,-0.84252,0.219783,0.161644
2.52861,0.481836,-0.645669,0.121489,0.161644
2.52886,0.372132,-0.401575,0.011147,0.161644
2.52911,0.262279,-0.133858,-0.0907506,0.161644
2.52936,0.170498,0.125984,-0.144283,0.161644
2.52961,0.106181,0.362205,-0.160813,0.161644
2.52986,0.0685535,0.551181,-0.135667,0.161644
2.53011,0.0470843,0.692913,-0.0863256,0.161644
2.53036,0.0262386,0.76378,-0.0230553,0.161644
2.53062,-0.0110201,0.795276,0.0329258,0.161644
2.53087,-0.0767085,0.779528,0.0594882,0.161644
2.53112,-0.174679,0.748031,0.0528282,0.161644
2.53137,-0.297903,0.692913,0.00709805,0.161644
2.53162,-0.429871,0.629921,-0.0732673,0.161644
2.53187,-0.5473,0.559055,-0.158625,0.161644
2.53212,-0.625614,0.456693,-0.22526,0.161644
2.53237,-0.644473,0.338583,-0.265526,0.161644
2.53262,-0.592846,0.181102,-0.252999,0.161644
2.53287,-0.471978,0,-0.186359,0.161644
2.53312,-0.295501,-0.220472,-0.0898337,0.161644
2.53337,-0.0876495,-0.448819,0.0418391,0.161644
2.53362,0.122673,-0.669291,0.161043,0.161644
2.53387,0.306296,-0.850394,0.256987,0.161644
2.53412,0.440838,-0.984252,0.316111,0.161644
2.53437,0.51397,-1,0.310066,0.161644
2.53462,0.525955,-1,0.262918,0.161644
2.53487,0.488011,-0.88189,0.177853,0.161644
2.53512,0.419373,-0.708661,0.0724759,0.161644
2.53537,0.341768,-0.480315,-0.0165735,0.161644
2.53562,0.273849,-0.228346,-0.0878714,0.161644
2.53587,0.22715,0.00787402,-0.117737,0.161644
2.53612,0.203061,0.228346,-0.108511,0.161644
2.53637,0.193419,0.401575,-0.0626733,0.161644
2.53662,0.183029,0.535433,0.000159736,0.161644
2.53687,0.154497,0.629921,0.0492995,0.161644
2.53712,0.0931301,0.692913,0.0806822,0.161644
2.53737,-0.00812341,0.724409,0.0768557,0.161644
2.53762,-0.145392,0.740157,0.0291522,0.161644
2.53787,-0.304583,0.740157,-0.0430803,0.161644
2.53812,-0.46276,0.724409,-0.141828,0.161644
2.53837,-0.593533,0.685039,-0.221056,0.161644
2.53862,-0.672223,0.606299,-0.279427,0.161644
2.53887,-0.681926,0.496063,-0.300194,0.161644
2.53912,-0.616996,0.330709,-0.25815,0.161644
2.53937,-0.484747,0.11811,-0.171176,0.161644
2.53962,-0.3045,-0.110236,-0.0568453,0.161644
2.53987,-0.102753,-0.370079,0.0755356,0.161644
2.54012,0.0910699,-0.606299,0.187097,0.161644
2.54037,0.251744,-0.811024,0.269031,0.161644
2.54062,0.36222,-0.952756,0.301136,0.161644
2.54087,0.417341,-1,0.27609,0.161644
2.54112,0.42307,-1,0.208632,0.161644
2.54137,0.394807,-0.897638,0.126618,0.161644
2.54162,0.352152,-0.740157,0.0319902,0.161644
2.54187,0.313689,-0.543307,-0.0444135,0.161644
2.54212,0.292224,-0.322835,-0.0823753,0.161644
2.54237,0.291299,-0.110236,-0.0828912,0.161644
2.54262,0.304587,0.0708661,-0.0428472,0.161644
2.54287,0.317414,0.23622,0.0132528,0.161644
2.54312,0.311743,0.370079,0.0730002,0.161644
2.54337,0.270175,0.480315,0.111159,0.161644
2.54362,0.182264,0.566929,0.115954,0.161644
2.54387,0.0472775,0.645669,0.0783508,0.161644
2.54412,-0.123662,0.716535,-0.000704015,0.161644
2.54437,-0.309832,0.771654,-0.0940453,0.161644
2.54462,-0.483973,0.80315,-0.197533,0.161644
2.54487,-0.618529,0.795276,-0.279092,0.161644
2.54512,-0.69118,0.740157,-0.32017,0.161644
2.54537,-0.689592,0.629921,-0.309644,0.161644
2.54562,-0.614228,0.464567,-0.24621,0.161644
2.54587,-0.47823,0.23622,-0.141741,0.161644
2.54612,-0.304401,-0.00787402,-0.0236531,0.161644
2.54637,-0.120352,-0.275591,0.103237,0.161644
2.54662,0.0470768,-0.535433,0.200921,0.161644
2.54687,0.177824,-0.748031,0.258573,0.161644
2.54712,0.262091,-0.889764,0.265033,0.161644
2.54737,0.301053,-0.968504,0.221654,0.161644
2.54762,0.306261,-0.96063,0.152755,0.161644
2.54787,0.29484,-0.88189,0.0682844,0.161644
2.54812,0.285158,-0.755906,-0.00365846,0.161644
2.54837,0.290695,-0.590551,-0.0487474,0.161644
2.54862,0.317048,-0.417323,-0.0564213,0.161644
2.54887,0.35963,-0.244094,-0.0200384,0.161644
2.54912,0.404734,-0.0787402,0.0335505,0.161644
2.54937,0.433516,0.0551181,0.094176,0.161644
2.54962,0.426116,0.19685,0.146556,0.161644
2.54987,0.367982,0.322835,0.163473,0.161644
2.55012,0.253553,0.448819,0.133332,0.161644
2.55037,0.0894024,0.574803,0.0648087,0.161644
2.55062,-0.107032,0.692913,-0.031945,0.161644
2.55087,-0.309499,0.787402,-0.149854,0.161644
2.55112,-0.488879,0.858268,-0.248879,0.161644
2.55137,-0.618645,0.88189,-0.321694,0.161644
2.55162,-0.680468,0.850394,-0.342196,0.161644
2.55187,-0.66776,0.740157,-0.311569,0.161644
2.55212,-0.587122,0.566929,-0.228649,0.161644
2.55237,-0.456119,0.338583,-0.114454,0.161644
2.55262,-0.299504,0.0787402,0.0140461,0.161644
2.55287,-0.143668,-0.188976,0.120625,0.161644
2.55312,-0.0105229,-0.440945,0.195595,0.161644
2.55337,0.0863262,-0.653543,0.223279,0.161644
2.55362,0.144473,-0.80315,0.206927,0.161644
2.55387,0.171388,-0.88189,0.151314,0.161644
2.55412,0.182302,-0.897638,0.0818139,0.161644
2.55437,0.194539,-0.850394,0.0170495,0.161644
2.55462,0.222772,-0.755906,-0.0357428,0.161644
2.55487,0.274287,-0.637795,-0.0425633,0.161644
2.55512,0.346684,-0.503937,-0.0115962,0.161644
2.55538,0.427506,-0.377953,0.0395755,0.161644
2.55563,0.497495,-0.244094,0.115498,0.161644
2.55588,0.53475,-0.110236,0.171072,0.161644
2.55613,0.520347,0.015748,0.21011,0.161644
2.55638,0.443771,0.165354,0.195534,0.161644
2.55663,0.305677,0.322835,0.147088,0.161644
2.55688,0.119307,0.488189,0.0423718,0.161644
2.55713,-0.0921508,0.653543,-0.0706633,0.161644
2.55738,-0.299599,0.795276,-0.188411,0.161644
2.55763,-0.473855,0.897638,-0.283797,0.161644
2.55788,-0.591684,0.944882,-0.340193,0.161644
2.55813,-0.639985,0.92126,-0.338619,0.161644
2.55838,-0.618612,0.818898,-0.283966,0.161644
2.55863,-0.539418,0.653543,-0.189309,0.161644
2.55888,-0.422948,0.425197,-0.0743622,0.161644
2.55913,-0.293856,0.165354,0.0412802,0.161644
2.55938,-0.174712,-0.0866142,0.12393,0.161644
2.55963,-0.0814376,-0.330709,0.173912,0.161644
2.55988,-0.0197044,-0.535433,0.170823,0.161644
2.56013,0.0148194,-0.685039,0.136156,0.161644
2.56038,0.0352071,-0.771654,0.0751964,0.161644
2.56063,0.0581552,-0.80315,0.0143843,0.161644
2.56088,0.0993205,-0.795276,-0.032079,0.161644
2.56113,0.168061,-0.748031,-0.0430799,0.161644
2.56138,0.264534,-0.677165,-0.0207236,0.161644
2.56163,0.378091,-0.590551,0.0393961,0.161644
2.56188,0.489947,-0.503937,0.111976,0.161644
2.56213,0.576498,-0.401575,0.189863,0.161644
2.56238,0.615175,-0.283465,0.245494,0.161644
2.56263,0.589973,-0.141732,0.25483,0.161644
2.56288,0.495486,0.015748,0.220482,0.161644
2.56313,0.339093,0.204724,0.131186,0.161644
2.56338,0.139595,0.401575,0.0135535,0.161644
2.56363,-0.0755758,0.598425,-0.117093,0.161644
2.56388,-0.27657,0.779528,-0.22535,0.161644
2.56413,-0.436516,0.913386,-0.310424,0.161644
2.56438,-0.537167,0.976378,-0.339053,0.161644
2.56463,-0.571708,0.968504,-0.316546,0.161644
2.56488,-0.546137,0.88189,-0.248739,0.161644
2.56513,-0.476139,0.716535,-0.145593,0.161644
2.56538,-0.383632,0.503937,-0.0340447,0.161644
2.56563,-0.29075,0.259843,0.0557877,0.161644
2.56588,-0.214585,0.00787402,0.120436,0.161644
2.56613,-0.163543,-0.212598,0.131286,0.161644
2.56638,-0.135592,-0.401575,0.109671,0.161644
2.56663,-0.119987,-0.551181,0.0605671,0.161644
2.56688,-0.100059,-0.645669,0.00419315,0.161644
2.56713,-0.0595169,-0.700787,-0.0495056,0.161644
2.56738,0.0137749,-0.724409,-0.0627296,0.161644
2.56763,0.122948,-0.724409,-0.0445413,0.161644
2.56788,0.26,-0.708661,0.0156454,0.161644
2.56813,0.407575,-0.677165,0.0980996,0.161644
2.56838,0.541347,-0.622047,0.187874,0.161644
2.56863,0.635871,-0.551181,0.255659,0.161644
2.56888,0.670023,-0.440945,0.290012,0.161644
2.56913,0.632069,-0.299213,0.27829,0.161644
2.56938,0.522802,-0.11811,0.21491,0.161644
2.56963,0.35543,0.0866142,0.108561,0.161644
2.56988,0.153715,0.322835,-0.0224796,0.161644
2.57013,-0.0534383,0.543307,-0.145176,0.161644
2.57038,-0.237403,0.748031,-0.252474,0.161644
2.57063,-0.375859,0.897638,-0.307539,0.161644
2.57088,-0.456445,0.976378,-0.32035,0.161644
2.57113,-0.479394,0.976378,-0.275582,0.161644
2.57138,-0.455341,0.897638,-0.194897,0.161644
2.57163,-0.402909,0.755906,-0.0965414,0.161644
2.57188,-0.3428,0.559055,-0.0033674,0.161644
2.57213,-0.292763,0.338583,0.0588043,0.161644
2.57238,-0.262913,0.11811,0.0941111,0.161644
2.57263,-0.253556,-0.0787402,0.0818944,0.161644
2.57288,-0.255576,-0.251969,0.0379884,0.161644
2.57313,-0.25276,-0.393701,-0.0210072,0.161644
2.57338,-0.227553,-0.503937,-0.0709404,0.161644
2.57363,-0.164981,-0.582677,-0.0984101,0.161644
2.57388,-0.058613,-0.645669,-0.0827828,0.161644
2.57413,0.0876707,-0.692913,-0.0301634,0.161644
2.57438,0.258463,-0.724409,0.0555139,0.161644
2.57463,0.430565,-0.740157,0.15243,0.161644
2.57488,0.576433,-0.732283,0.245501,0.161644
2.57513,0.670856,-0.685039,0.309411,0.161644
2.57538,0.696016,-0.582677,0.330805,0.161644
2.57563,0.645752,-0.440945,0.28502,0.161644
2.57588,0.5269,-0.244094,0.200073,0.161644
2.57613,0.357881,-0.015748,0.0790749,0.161644
2.57638,0.165275,0.228346,-0.0516112,0.161644
2.57663,-0.0227166,0.472441,-0.173144,0.161644
2.57688,-0.180791,0.692913,-0.253842,0.161644
2.57713,-0.292582,0.850394,-0.286618,0.161644
2.57738,-0.353072,0.937008,-0.276817,0.161644
2.57763,-0.368039,0.952756,-0.216133,0.161644
2.57788,-0.352545,0.889764,-0.131517,0.161644
2.57813,-0.325391,0.771654,-0.0423781,0.161644
2.57838,-0.304446,0.606299,0.0178817,0.161644
2.57863,-0.301101,0.425197,0.055938,0.161644
2.57888,-0.317759,0.23622,0.0476788,0.161644
2.57913,-0.346865,0.0629921,0.00283654,0.161644
2.57938,-0.372839,-0.0866142,-0.0463174,0.161644
2.57963,-0.376555,-0.228346,-0.101903,0.161644
2.57989,-0.340468,-0.346457,-0.140847,0.161644
2.58014,-0.25389,-0.456693,-0.137439,0.161644
2.58039,-0.116211,-0.559055,-0.0905649,0.161644
2.58064,0.0609358,-0.653543,-0.00855878,0.161644
2.58089,0.256431,-0.740157,0.102637,0.161644
2.58114,0.44235,-0.795276,0.209221,0.161644
2.58139,0.590601,-0.818898,0.296233,0.161644
2.58164,0.678026,-0.787402,0.345622,0.161644
2.58189,0.691913,-0.700787,0.339002,0.161644
2.58214,0.632013,-0.559055,0.280945,0.161644
2.58239,0.510763,-0.354331,0.174812,0.161644
2.58264,0.350521,-0.110236,0.0470874,0.161644
2.58289,0.177913,0.141732,-0.0834912,0.161644
2.58314,0.0191158,0.393701,-0.175207,0.161644
2.58339,-0.106578,0.614173,-0.234148,0.161644
2.58364,-0.189568,0.771654,-0.250092,0.161644
2.58389,-0.231766,0.874016,-0.215795,0.161644
2.58414,-0.24426,0.897638,-0.149128,0.161644
2.58439,-0.244245,0.858268,-0.0722189,0.161644
2.58464,-0.248987,0.771654,-0.00532214,0.161644
2.58489,-0.271428,0.645669,0.0279104,0.161644
2.58514,-0.31567,0.496063,0.0273568,0.161644
2.58539,-0.37602,0.354331,-0.0108126,0.161644
2.58564,-0.437735,0.204724,-0.0730302,0.161644
2.58589,-0.480526,0.0708661,-0.135184,0.161644
2.58614,-0.484313,-0.0551181,-0.178327,0.161644
2.58639,-0.433629,-0.188976,-0.191302,0.161644
2.58664,-0.323094,-0.322835,-0.163426,0.161644
2.58689,-0.15893,-0.464567,-0.0802042,0.161644
2.58714,0.0408136,-0.606299,0.0264359,0.161644
2.58739,0.249901,-0.732283,0.151504,0.161644
2.58764,0.438795,-0.826772,0.262874,0.161644
2.58789,0.580293,-0.874016,0.333931,0.161644
2.58814,0.655863,-0.866142,0.362144,0.161644
2.58839,0.658288,-0.795276,0.332702,0.161644
2.58864,0.593509,-0.653543,0.253809,0.161644
2.58889,0.478597,-0.448819,0.135465,0.161644
2.58914,0.337254,-0.204724,0.0170418,0.161644
2.58939,0.195024,0.0472441,-0.0965183,0.161644
2.58964,0.0729288,0.291339,-0.17044,0.161644
2.58989,-0.0162485,0.511811,-0.198491,0.161644
2.59014,-0.0708654,0.677165,-0.187715,0.161644
2.59039,-0.0986718,0.779528,-0.140509,0.161644
2.59064,-0.114989,0.818898,-0.0698268,0.161644
2.59089,-0.136748,0.811024,-0.0135536,0.161644
2.59114,-0.178177,0.755906,0.0241573,0.161644
2.59139,-0.245403,0.669291,0.0199647,0.161644
2.59164,-0.335009,0.566929,-0.013169,0.161644
2.59189,-0.433429,0.464567,-0.0714292,0.161644
2.59214,-0.520062,0.354331,-0.148354,0.161644
2.59239,-0.5723,0.23622,-0.21085,0.161644
2.59264,-0.570421,0.102362,-0.238507,0.161644
2.59289,-0.503376,-0.0314961,-0.226477,0.161644
2.59314,-0.371568,-0.19685,-0.167745,0.161644
2.59339,-0.188091,-0.377953,-0.0648812,0.161644
2.59364,0.0239665,-0.551181,0.0626063,0.161644
2.59389,0.235143,-0.716535,0.192666,0.161644
2.59414,0.416303,-0.84252,0.289128,0.161644
2.59439,0.54383,-0.913386,0.347046,0.161644
2.59464,0.604581,-0.92126,0.348201,0.161644
2.59489,0.59769,-0.858268,0.302197,0.161644
2.59514,0.534484,-0.724409,0.207028,0.161644
2.59539,0.434939,-0.527559,0.0967226,0.161644
2.59564,0.322437,-0.291339,-0.0141831,0.161644
2.59589,0.218749,-0.0393701,-0.0957282,0.161644
2.59614,0.138504,0.188976,-0.139609,0.161644
2.59639,0.0866853,0.393701,-0.150336,0.161644
2.59664,0.057854,0.551181,-0.108861,0.161644
2.59689,0.0389097,0.661417,-0.0594824,0.161644
2.59714,0.0127776,0.716535,0.0015874,0.161644
2.59739,-0.0360546,0.732283,0.0314842,0.161644
2.59764,-0.116089,0.724409,0.0425902,0.161644
2.59789,-0.226721,0.685039,0.00250691,0.161644
2.59814,-0.356344,0.637795,-0.0545919,0.161644
2.59839,-0.484895,0.574803,-0.145688,0.161644
2.59864,-0.587994,0.496063,-0.224381,0.161644
2.59889,-0.642155,0.393701,-0.271439,0.161644
2.59914,-0.630653,0.267717,-0.28649,0.161644
2.59939,-0.547544,0.102362,-0.24985,0.161644
2.59964,-0.399827,-0.0787402,-0.155651,0.161644
2.59989,-0.206031,-0.283465,-0.0334891,0.161644
2.60014,0.00663303,-0.496063,0.0943085,0.161644
2.60039,0.208528,-0.685039,0.219975,0.161644
2.60064,0.372646,-0.834646,0.308356,0.161644
2.60089,0.480931,-0.929134,0.339267,0.161644
2.60114,0.526304,-0.944882,0.322522,0.161644
2.60139,0.514313,-0.889764,0.259634,0.161644
2.60164,0.460275,-0.76378,0.158086,0.161644
2.60189,0.385022,-0.582677,0.0550842,0.161644
2.60214,0.309708,-0.370079,-0.0323444,0.161644
2.60239,0.250306,-0.141732,-0.0877168,0.161644
2.60264,0.214018,0.0708661,-0.103684,0.161644
2.60289,0.197801,0.259843,-0.0821469,0.161644
2.60314,0.190059,0.409449,-0.0281239,0.161644
2.60339,0.173719,0.527559,0.0257763,0.161644
2.60364,0.132069,0.606299,0.0612123,0.161644
2.60389,0.0533348,0.653543,0.070936,0.161644
2.60414,-0.0648436,0.685039,0.0427909,0.161644
2.60439,-0.214213,0.692913,-0.0238792,0.161644
2.60465,-0.375969,0.692913,-0.111736,0.161644
2.6049,-0.525375,0.669291,-0.205643,0.161644
2.60515,-0.635876,0.622047,-0.289339,0.161644
2.6054,-0.685651,0.535433,-0.323508,0.161644
2.60565,-0.662334,0.409449,-0.309573,0.161644
2.6059,-0.566048,0.23622,-0.243349,0.161644
2.60615,-0.409704,0.0314961,-0.137896,0.161644
2.6064,-0.216283,-0.188976,-0.00208483,0.161644
2.60665,-0.0145906,-0.425197,0.127508,0.161644
2.6069,0.167338,-0.629921,0.235103,0.161644
2.60715,0.307245,-0.80315,0.295488,0.161644
2.6074,0.393195,-0.905512,0.31187,0.161644
2.60765,0.425171,-0.937008,0.27272,0.161644
2.6079,0.413706,-0.897638,0.198359,0.161644
2.60815,0.37659,-0.787402,0.107048,0.161644
2.6084,0.333689,-0.629921,0.0267467,0.161644
2.60865,0.301669,-0.440945,-0.0369227,0.161644
2.6089,0.28944,-0.244094,-0.0613846,0.161644
2.60915,0.296078,-0.0551181,-0.0453885,0.161644
2.6094,0.311365,0.110236,0.00503457,0.161644
2.60965,0.318357,0.251969,0.0569837,0.161644
2.6099,0.298658,0.370079,0.106665,0.161644
2.61015,0.237393,0.472441,0.122706,0.161644
2.6104,0.128163,0.559055,0.100566,0.161644
2.61065,-0.0247558,0.629921,0.0363765,0.161644
2.6109,-0.205445,0.692913,-0.0594815,0.161644
2.61115,-0.389762,0.740157,-0.168518,0.161644
2.6114,-0.549684,0.755906,-0.270735,0.161644
2.61165,-0.659238,0.732283,-0.339275,0.161644
2.6119,-0.699915,0.661417,-0.349399,0.161644
2.61215,-0.664958,0.535433,-0.31556,0.161644
2.6124,-0.560566,0.354331,-0.227758,0.161644
2.61265,-0.404568,0.141732,-0.107098,0.161644
2.6129,-0.222792,-0.0944882,0.0281632,0.161644
2.61315,-0.0430889,-0.338583,0.14971,0.161644
2.6134,0.110119,-0.566929,0.237009,0.161644
2.61365,0.220978,-0.740157,0.27068,0.161644
2.6139,0.284343,-0.850394,0.260539,0.161644
2.61415,0.306698,-0.897638,0.21032,0.161644
2.6144,0.302196,-0.866142,0.133324,0.161644
2.61465,0.289459,-0.779528,0.0561462,0.161644
2.6149,0.285145,-0.661417,0.00310124,0.161644
2.61515,0.299798,-0.503937,-0.0315104,0.161644
2.6154,0.334421,-0.346457,-0.012103,0.161644
2.61565,0.380228,-0.181102,0.0303752,0.161644
2.6159,0.420713,-0.0393701,0.087551,0.161644
2.61615,0.435731,0.0866142,0.141573,0.161644
2.6164,0.407278,0.212598,0.171572,0.161644
2.61665,0.324255,0.338583,0.16044,0.161644
2.6169,0.186455,0.456693,0.104357,0.161644
2.61715,0.00520658,0.574803,0.01032,0.161644
2.6174,-0.197263,0.685039,-0.100362,0.161644
2.61765,-0.393129,0.771654,-0.215273,0.161644
2.6179,-0.553599,0.818898,-0.31389,0.161644
2.61815,-0.654977,0.818898,-0.368916,0.161644
2.6184,-0.683967,0.755906,-0.36139,0.161644
2.61865,-0.639753,0.637795,-0.301079,0.161644
2.6189,-0.534127,0.456693,-0.202635,0.161644
2.61915,-0.388579,0.23622,-0.0738896,0.161644
2.6194,-0.229244,-0.00787402,0.0549263,0.161644
2.61965,-0.0811549,-0.251969,0.157239,0.161644
2.6199,0.0370723,-0.472441,0.217772,0.161644
2.62015,0.116445,-0.653543,0.22213,0.161644
2.6204,0.159464,-0.771654,0.191179,0.161644
2.62065,0.17716,-0.826772,0.133165,0.161644
2.6209,0.186559,-0.818898,0.0730864,0.161644
2.62115,0.204324,-0.76378,0.0119044,0.161644
2.6214,0.242524,-0.677165,-0.0120667,0.161644
2.62165,0.304144,-0.559055,-0.00368128,0.161644
2.6219,0.382312,-0.440945,0.0399511,0.161644
2.62215,0.461082,-0.314961,0.107078,0.161644
2.6224,0.519254,-0.19685,0.164326,0.161644
2.62265,0.535624,-0.0629921,0.214953,0.161644
2.6229,0.494462,0.0629921,0.222004,0.161644
2.62315,0.389963,0.204724,0.186177,0.161644
2.6234,0.228208,0.362205,0.102854,0.161644
2.62365,0.0275132,0.511811,-0.00951926,0.161644
2.6239,-0.186013,0.661417,-0.144795,0.161644
2.62415,-0.382173,0.779528,-0.261808,0.176012
2.6244,-0.533916,0.858268,-0.339115,0.176012
2.62465,-0.621873,0.88189,-0.370895,0.176012
2.6249,-0.638761,0.834646,-0.34486,0.176012
2.62515,-0.589742,0.716535,-0.273881,0.176012
2.6254,-0.491143,0.543307,-0.163949,0.176012
2.62565,-0.366155,0.322835,-0.0410848,0.176012
2.6259,-0.238913,0.0787402,0.0661944,0.176012
2.62615,-0.129796,-0.15748,0.137061,0.176012
2.6264,-0.0502994,-0.370079,0.169431,0.176012
2.62665,-0.00177479,-0.543307,0.15692,0.176012
2.6269,0.0247325,-0.661417,0.120589,0.176012
2.62715,0.0440144,-0.732283,0.0622258,0.176012
2.6274,0.0732476,-0.748031,0.0035632,0.176012
2.62765,0.125982,-0.732283,-0.0169007,0.176012
2.6279,0.207555,-0.677165,-0.0101259,0.176012
2.62815,0.313469,-0.614173,0.0332958,0.176012
2.6284,0.429039,-0.535433,0.100744,0.176012
2.62865,0.532709,-0.448819,0.174833,0.176012
2.6289,0.600592,-0.346457,0.241903,0.176012
2.62915,0.612514,-0.220472,0.27493,0.176012
2.62941,0.556728,-0.0787402,0.25487,0.176012
2.62966,0.433225,0.0708661,0.192971,0.176012
2.62991,0.255006,0.251969,0.0853085,0.176012
2.63016,0.04489,0.440945,-0.0497007,0.176012
2.63041,-0.167658,0.622047,-0.180917,0.176012
2.63066,-0.353544,0.771654,-0.28877,0.176012
2.63091,-0.48888,0.874016,-0.345104,0.176012
2.63116,-0.560497,0.913386,-0.358205,0.176012
2.63141,-0.567088,0.874016,-0.309451,0.176012
2.63166,-0.51946,0.771654,-0.225561,0.176012
2.63191,-0.436701,0.606299,-0.118409,0.176012
2.63216,-0.341555,0.393701,-0.0165874,0.176012
2.63241,-0.254398,0.165354,0.0711018,0.176012
2.63266,-0.188858,-0.0472441,0.110318,0.176012
2.63291,-0.148897,-0.251969,0.116239,0.176012
2.63316,-0.12804,-0.417323,0.0850805,0.176012
2.63341,-0.112783,-0.543307,0.034697,0.176012
2.63366,-0.0856446,-0.622047,-0.0211215,0.176012
2.63391,-0.0316552,-0.661417,-0.0458571,0.176012
2.63416,0.0577915,-0.677165,-0.0393749,0.176012
2.63441,0.180797,-0.677165,0.000528397,0.176012
2.63466,0.325229,-0.661417,0.0788201,0.176012
2.63491,0.46987,-0.622047,0.160591,0.176012
2.63516,0.589263,-0.566929,0.249763,0.176012
2.63541,0.659301,-0.488189,0.308854,0.176012
2.63566,0.662392,-0.370079,0.318915,0.176012
2.63591,0.592133,-0.220472,0.277234,0.176012
2.63616,0.454904,-0.0393701,0.185557,0.176012
2.63641,0.269081,0.15748,0.0571965,0.176012
2.63666,0.0611721,0.370079,-0.0777617,0.176012
2.63691,-0.139011,0.574803,-0.202993,0.176012
2.63716,-0.305178,0.748031,-0.294464,0.176012
2.63741,-0.418825,0.858268,-0.336358,0.176012
2.63766,-0.473234,0.913386,-0.321153,0.176012
2.63791,-0.473547,0.889764,-0.257336,0.176012
2.63816,-0.434417,0.795276,-0.169264,0.176012
2.63841,-0.376199,0.645669,-0.0776144,0.176012
2.63866,-0.318696,0.464567,0.00971139,0.176012
2.63891,-0.276843,0.259843,0.052324,0.176012
2.63916,-0.256652,0.0551181,0.0659534,0.176012
2.63941,-0.253839,-0.11811,0.044387,0.176012
2.63966,-0.256017,-0.275591,-0.00610759,0.176012
2.63991,-0.245464,-0.393701,-0.051245,0.176012
2.64016,-0.205239,-0.496063,-0.0881171,0.176012
2.64041,-0.123482,-0.566929,-0.0903805,0.176012
2.64066,0.00160459,-0.622047,-0.0487447,0.176012
2.64091,0.161213,-0.669291,0.0219117,0.176012
2.64116,0.335848,-0.692913,0.122271,0.176012
2.64141,0.499699,-0.700787,0.230417,0.176012
2.64166,0.625668,-0.677165,0.309962,0.176012
2.64191,0.691138,-0.614173,0.348469,0.176012
2.64216,0.683046,-0.503937,0.338423,0.176012
2.64241,0.600888,-0.354331,0.271163,0.176012
2.64266,0.457163,-0.15748,0.169437,0.176012
2.64291,0.274143,0.0629921,0.0307896,0.176012
2.64316,0.0801365,0.291339,-0.0995782,0.176012
2.64341,-0.0973627,0.511811,-0.220004,0.176012
2.64366,-0.236398,0.692913,-0.287514,0.176012
2.64391,-0.32556,0.818898,-0.297765,0.176012
2.64416,-0.364512,0.88189,-0.266719,0.176012
2.64441,-0.363892,0.874016,-0.199775,0.176012
2.64466,-0.340903,0.795276,-0.120357,0.176012
2.64491,-0.314566,0.677165,-0.0384952,0.176012
2.64516,-0.300408,0.519685,0.0115773,0.176012
2.64541,-0.306222,0.346457,0.0277811,0.176012
2.64566,-0.329798,0.173228,0.00817325,0.176012
2.64591,-0.359719,0.015748,-0.0369651,0.176012
2.64616,-0.378341,-0.11811,-0.0938413,0.176012
2.64641,-0.366358,-0.244094,-0.129454,0.176012
2.64666,-0.308782,-0.354331,-0.143117,0.176012
2.64691,-0.198972,-0.456693,-0.118813,0.176012
2.64716,-0.041877,-0.559055,-0.0464588,0.176012
2.64741,0.146485,-0.645669,0.0608906,0.176012
2.64766,0.341388,-0.716535,0.179284,0.176012
2.64791,0.513878,-0.755906,0.285363,0.176012
2.64816,0.637677,-0.76378,0.355004,0.176012
2.64841,0.69354,-0.716535,0.380791,0.176012
2.64866,0.674092,-0.614173,0.340295,0.176012
2.64891,0.58501,-0.456693,0.254478,0.176012
2.64916,0.443354,-0.259843,0.131155,0.176012
2.64941,0.274253,-0.023622,0.00314136,0.176012
2.64966,0.104784,0.204724,-0.123594,0.176012
2.64991,-0.0411859,0.433071,-0.213516,0.176012
2.65016,-0.14859,0.622047,-0.250477,0.176012
2.65041,-0.21266,0.755906,-0.245729,0.176012
2.65066,-0.239955,0.826772,-0.201545,0.176012
2.65091,-0.244738,0.826772,-0.126206,0.176012
2.65116,-0.244862,0.779528,-0.0575293,0.176012
2.65141,-0.25623,0.685039,-0.0155515,0.176012
2.65166,-0.288361,0.566929,0.00452347,0.176012
2.65191,-0.340976,0.433071,-0.0114047,0.176012
2.65216,-0.404146,0.291339,-0.0579621,0.176012
2.65241,-0.460206,0.165354,-0.117712,0.176012
2.65266,-0.488136,0.0314961,-0.16939,0.176012
2.65291,-0.469313,-0.0866142,-0.201709,0.176012
2.65316,-0.39216,-0.220472,-0.187953,0.176012
2.65341,-0.256506,-0.346457,-0.129844,0.176012
2.65366,-0.0737573,-0.488189,-0.0320291,0.176012
2.65391,0.133691,-0.614173,0.0997435,0.176012
2.65417,0.337471,-0.724409,0.216573,0.176012
2.65442,0.50838,-0.795276,0.324675,0.176012
2.65467,0.622539,-0.826772,0.381961,0.176012
2.65492,0.665871,-0.795276,0.37365,0.176012
2.65517,0.63726,-0.700787,0.325097,0.176012
2.65542,0.547698,-0.551181,0.227394,0.176012
2.65567,0.417886,-0.346457,0.0976783,0.176012
2.65592,0.273181,-0.11811,-0.0190249,0.176012
2.65617,0.137657,0.11811,-0.121101,0.176012
2.65642,0.0291647,0.338583,-0.183458,0.176012
2.65667,-0.0444195,0.519685,-0.19967,0.176012
2.65692,-0.0856016,0.661417,-0.171811,0.176012
2.65717,-0.106397,0.740157,-0.123419,0.176012
2.65742,-0.122992,0.76378,-0.0585761,0.176012
2.65767,-0.152001,0.740157,-0.0144639,0.176012
2.65792,-0.204605,0.685039,5.05159e-05,0.176012
2.65817,-0.282774,0.606299,-0.00854416,0.176012
2.65842,-0.378389,0.511811,-0.0685986,0.176012
2.65867,-0.474447,0.409449,-0.129738,0.176012
2.65892,-0.548694,0.307087,-0.198917,0.176012
2.65917,-0.579096,0.188976,-0.252909,0.176012
2.65942,-0.549132,0.0551181,-0.257782,0.176012
2.65967,-0.452754,-0.0787402,-0.211934,0.176012
2.65992,-0.295793,-0.23622,-0.122324,0.176012
2.66017,-0.0964044,-0.409449,-0.00266875,0.176012
2.66042,0.118972,-0.574803,0.126736,0.176012
2.66067,0.320293,-0.708661,0.254052,0.176012
2.66092,0.480247,-0.818898,0.347869,0.176012
2.66117,0.579175,-0.866142,0.38085,0.176012
2.66142,0.609487,-0.850394,0.364046,0.176012
2.66167,0.575764,-0.76378,0.286641,0.176012
2.66192,0.493692,-0.622047,0.184995,0.176012
2.66217,0.385483,-0.425197,0.0724929,0.176012
2.66242,0.274562,-0.204724,-0.0392719,0.176012
2.66267,0.179955,0.015748,-0.108056,0.176012
2.66292,0.112238,0.228346,-0.143107,0.176012
2.66317,0.0718505,0.409449,-0.130407,0.176012
2.66342,0.0493095,0.543307,-0.0869655,0.176012
2.66367,0.0292206,0.637795,-0.0370428,0.176012
2.66392,-0.00535052,0.677165,0.00729366,0.176012
2.66417,-0.0672882,0.692913,0.020418,0.176012
2.66442,-0.161641,0.677165,0.00454424,0.176012
2.66467,-0.282543,0.637795,-0.0475313,0.176012
2.66492,-0.414605,0.590551,-0.126605,0.176012
2.66517,-0.535039,0.527559,-0.203033,0.176012
2.66542,-0.619147,0.440945,-0.270855,0.176012
2.66567,-0.645788,0.338583,-0.31145,0.176012
2.66592,-0.602654,0.204724,-0.291165,0.176012
2.66617,-0.489462,0.0472441,-0.22541,0.176012
2.66642,-0.31844,-0.133858,-0.105605,0.176012
2.66667,-0.112835,-0.330709,0.0289713,0.176012
2.66692,0.0987855,-0.519685,0.164455,0.176012
2.66717,0.286882,-0.685039,0.279974,0.176012
2.66742,0.428079,-0.811024,0.346807,0.176012
2.66767,0.508663,-0.874016,0.356988,0.176012
2.66792,0.527391,-0.874016,0.322703,0.176012
2.66817,0.4945,-0.80315,0.234603,0.176012
2.66842,0.42833,-0.669291,0.141889,0.176012
2.66867,0.350655,-0.488189,0.0352393,0.176012
2.66892,0.280915,-0.283465,-0.0423558,0.176012
2.66917,0.231397,-0.0787402,-0.0841369,0.176012
2.66942,0.204975,0.110236,-0.0840952,0.176012
2.66967,0.194324,0.275591,-0.0496791,0.176012
2.66992,0.184953,0.409449,-0.00558514,0.176012
2.67017,0.159318,0.511811,0.0393881,0.176012
2.67042,0.102364,0.582677,0.0630347,0.176012
2.67067,0.00582723,0.622047,0.0477699,0.176012
2.67092,-0.12773,0.653543,-0.00480091,0.176012
2.67117,-0.285403,0.661417,-0.0866553,0.176012
2.67142,-0.445039,0.653543,-0.183094,0.176012
2.67167,-0.580411,0.622047,-0.277423,0.176012
2.67192,-0.666292,0.566929,-0.329286,0.176012
2.67217,-0.684666,0.472441,-0.349526,0.176012
2.67242,-0.628391,0.338583,-0.306469,0.176012
2.67267,-0.503271,0.165354,-0.218694,0.176012
2.67292,-0.327401,-0.0314961,-0.0832384,0.176012
2.67317,-0.126639,-0.244094,0.059954,0.176012
2.67342,0.0695515,-0.456693,0.185461,0.176012
2.67367,0.235223,-0.645669,0.284175,0.176012
2.67392,0.352087,-0.779528,0.324983,0.176012
2.67417,0.413654,-0.858268,0.313602,0.176012
2.67442,0.424533,-0.866142,0.262541,0.176012
2.67467,0.399297,-0.811024,0.18623,0.176012
2.67492,0.357218,-0.692913,0.0913238,0.176012
2.67517,0.317512,-0.535433,0.0151232,0.176012
2.67542,0.293656,-0.362205,-0.0246247,0.176012
2.67567,0.290451,-0.181102,-0.03939,0.176012
2.67592,0.302689,-0.00787402,-0.00939611,0.176012
2.67617,0.316473,0.133858,0.0386895,0.176012
2.67642,0.313962,0.267717,0.0894124,0.176012
2.67667,0.27733,0.377953,0.115981,0.176012
2.67692,0.195139,0.472441,0.11344,0.176012
2.67717,0.0653364,0.551181,0.0662371,0.176012
2.67742,-0.102272,0.622047,-0.0236571,0.176012
2.67767,-0.287899,0.677165,-0.130266,0.176012
2.67792,-0.465014,0.708661,-0.242822,0.176012
2.67817,-0.605496,0.708661,-0.324853,0.176012
2.67842,-0.686353,0.677165,-0.369771,0.176012
2.67867,-0.693753,0.590551,-0.369992,0.176012
2.67893,-0.626612,0.456693,-0.305903,0.176012
2.67918,-0.496693,0.275591,-0.193842,0.176012
2.67943,-0.325943,0.0629921,-0.0627168,0.176012
2.67968,-0.141731,-0.15748,0.082562,0.176012
2.67993,0.0289678,-0.385827,0.187081,0.176012
2.68018,0.164766,-0.574803,0.263745,0.176012
2.68043,0.254673,-0.724409,0.282705,0.176012
2.68068,0.298532,-0.811024,0.260415,0.176012
2.68093,0.306899,-0.834646,0.201056,0.176012
2.68118,0.296442,-0.795276,0.124007,0.176012
2.68143,0.285729,-0.700787,0.0517594,0.176012
2.68168,0.288981,-0.582677,0.00280257,0.176012
2.68193,0.312922,-0.440945,0.000422187,0.176012
2.68218,0.354139,-0.291339,0.0193453,0.176012
2.68243,0.399856,-0.141732,0.0723262,0.176012
2.68268,0.431632,-0.00787402,0.122439,0.176012
2.68293,0.429389,0.110236,0.169346,0.176012
2.68318,0.377733,0.23622,0.177019,0.176012
2.68343,0.269824,0.354331,0.134982,0.176012
2.68368,0.11083,0.472441,0.0587732,0.176012
2.68393,-0.0830453,0.582677,-0.0530559,0.176012
2.68418,-0.286296,0.677165,-0.178405,0.176012
2.68443,-0.46996,0.748031,-0.291068,0.176012
2.68468,-0.606641,0.779528,-0.372,0.176012
2.68493,-0.67706,0.76378,-0.392673,0.176012
2.68518,-0.673031,0.685039,-0.364187,0.176012
2.68543,-0.599585,0.551181,-0.284648,0.176012
2.68568,-0.473389,0.370079,-0.157247,0.176012
2.68593,-0.318392,0.149606,-0.0284291,0.176012
2.68618,-0.161191,-0.0708661,0.0964326,0.176012
2.68643,-0.0244633,-0.299213,0.184215,0.176012
2.68668,0.0770019,-0.496063,0.223155,0.176012
2.68693,0.139503,-0.645669,0.226706,0.176012
2.68718,0.169406,-0.740157,0.183376,0.176012
2.68743,0.181308,-0.779528,0.125218,0.176012
2.68768,0.192522,-0.76378,0.0579691,0.176012
2.68793,0.218239,-0.700787,0.023202,0.176012
2.68818,0.266997,-0.614173,0.0131228,0.176012
2.68843,0.337382,-0.503937,0.0340855,0.176012
2.68868,0.418119,-0.393701,0.0864035,0.176012
2.68893,0.490565,-0.275591,0.154522,0.176012
2.68918,0.532723,-0.15748,0.205774,0.176012
2.68943,0.525234,-0.0314961,0.233176,0.176012
2.68968,0.456095,0.0944882,0.220245,0.176012
2.68993,0.324906,0.23622,0.151558,0.176012
2.69018,0.143075,0.385827,0.0424099,0.176012
2.69043,-0.0668775,0.535433,-0.0821413,0.176012
2.69068,-0.276459,0.661417,-0.213858,0.176012
2.69093,-0.455905,0.76378,-0.324692,0.176012
2.69118,-0.581294,0.818898,-0.385997,0.176012
2.69143,-0.638037,0.818898,-0.385813,0.176012
2.69168,-0.624474,0.755906,-0.343896,0.176012
2.69193,-0.551146,0.622047,-0.240923,0.176012
2.69218,-0.437801,0.448819,-0.129802,0.176012
2.69243,-0.308928,0.23622,-0.000242207,0.176012
2.69268,-0.18761,0.00787402,0.0947298,0.176012
2.69293,-0.0907834,-0.204724,0.153599,0.176012
2.69318,-0.0253625,-0.393701,0.172899,0.176012
2.69343,0.0118161,-0.543307,0.145944,0.176012
2.69368,0.033039,-0.645669,0.104122,0.176012
2.69393,0.0547979,-0.692913,0.0448796,0.176012
2.69418,0.0931669,-0.700787,0.00244982,0.176012
2.69443,0.15844,-0.677165,-0.00252771,0.176012
2.69468,0.251999,-0.629921,0.0252303,0.176012
2.69493,0.364455,-0.566929,0.0853903,0.176012
2.69518,0.477618,-0.496063,0.160301,0.176012
2.69543,0.568385,-0.401575,0.230625,0.176012
2.69568,0.613702,-0.299213,0.281223,0.176012
2.69593,0.59655,-0.173228,0.290802,0.176012
2.69618,0.510072,-0.0314961,0.246011,0.176012
2.69643,0.360196,0.125984,0.14772,0.176012
2.69668,0.164463,0.299213,0.024713,0.176012
2.69693,-0.050408,0.480315,-0.118122,0.176012
2.69718,-0.254583,0.637795,-0.244782,0.176012
2.69743,-0.420518,0.76378,-0.333637,0.176012
2.69768,-0.528661,0.834646,-0.379532,0.176012
2.69793,-0.570998,0.850394,-0.363607,0.176012
2.69818,-0.551811,0.795276,-0.300086,0.176012
2.69843,-0.486005,0.677165,-0.202764,0.176012
2.69868,-0.394963,0.511811,-0.0862282,0.176012
2.69893,-0.301077,0.314961,0.0145171,0.176012
2.69918,-0.222377,0.102362,0.0816449,0.176012
2.69943,-0.168208,-0.0944882,0.106285,0.176012
2.69968,-0.138047,-0.275591,0.0997327,0.176012
2.69993,-0.12168,-0.425197,0.0642902,0.176012
2.70018,-0.103359,-0.527559,0.0155459,0.176012
2.70043,-0.0658148,-0.598425,-0.0245306,0.176012
2.70068,0.0032605,-0.637795,-0.0367101,0.176012
2.70093,0.108407,-0.653543,-0.00996353,0.176012
2.70118,0.242969,-0.645669,0.0504977,0.176012
2.70143,0.390416,-0.622047,0.134674,0.176012
2.70168,0.527154,-0.582677,0.229323,0.176012
2.70193,0.627533,-0.527559,0.300204,0.176012
2.70218,0.669618,-0.433071,0.340831,0.176012
2.70243,0.640367,-0.314961,0.316813,0.176012
2.70268,0.539044,-0.15748,0.253151,0.176012
2.70293,0.377441,0.015748,0.134633,0.176012
2.70318,0.178325,0.212598,-0.00361093,0.176012
2.70343,-0.029739,0.417323,-0.141238,0.176012
2.70369,-0.217765,0.598425,-0.259394,0.176012
2.70394,-0.362454,0.740157,-0.335627,0.176012
2.70419,-0.450078,0.826772,-0.353052,0.176012
2.70444,-0.479453,0.858268,-0.318141,0.176012
2.70469,-0.460061,0.811024,-0.244035,0.176012
2.70494,-0.40989,0.708661,-0.148432,0.176012
2.70519,-0.349647,0.559055,-0.0579452,0.176012
2.70544,-0.297699,0.385827,0.0167852,0.176012
2.70569,-0.265266,0.188976,0.0512539,0.176012
2.70594,-0.253797,0.00787402,0.0527181,0.176012
2.70619,-0.255217,-0.141732,0.0175649,0.176012
2.70644,-0.253984,-0.283465,-0.033858,0.176012
2.70669,-0.232214,-0.393701,-0.0659008,0.176012
2.70694,-0.174565,-0.488189,-0.0852268,0.176012
2.70719,-0.0733797,-0.551181,-0.0625516,0.176012
2.70744,0.0687981,-0.606299,-0.00650241,0.176012
2.70769,0.237775,-0.645669,0.0915303,0.176012
2.70794,0.411065,-0.669291,0.196652,0.176012
2.70819,0.561488,-0.661417,0.291643,0.176012
2.70844,0.663069,-0.629921,0.356001,0.176012
2.70869,0.696962,-0.551181,0.375983,0.176012
2.70894,0.65552,-0.433071,0.3327,0.176012
2.70919,0.543944,-0.275591,0.248584,0.176012
2.70944,0.379648,-0.0866142,0.110543,0.176012
2.70969,0.188255,0.125984,-0.0323162,0.176012
2.70994,-0.00160895,0.338583,-0.155081,0.176012
2.71019,-0.164369,0.535433,-0.254687,0.176012
2.71044,-0.282112,0.692913,-0.304813,0.176012
2.71069,-0.348485,0.787402,-0.308178,0.176012
2.71094,-0.368223,0.826772,-0.253822,0.176012
2.71119,-0.355371,0.80315,-0.182122,0.176012
2.71144,-0.328582,0.724409,-0.103225,0.176012
2.71169,-0.306119,0.598425,-0.0303394,0.176012
2.71194,-0.300405,0.448819,0.00800715,0.176012
2.71219,-0.314913,0.291339,0.00639582,0.176012
2.71244,-0.343233,0.133858,-0.0232428,0.176012
2.71269,-0.370537,-0.00787402,-0.0732565,0.176012
2.71294,-0.377861,-0.141732,-0.120486,0.176012
2.71319,-0.347195,-0.259843,-0.140419,0.176012
2.71344,-0.26682,-0.370079,-0.138577,0.176012
2.71369,-0.134783,-0.472441,-0.0809216,0.176012
2.71394,0.0386399,-0.559055,0.0137755,0.176012
2.71419,0.233354,-0.637795,0.133351,0.176012
2.71444,0.421898,-0.700787,0.250072,0.176012
2.71469,0.57594,-0.724409,0.343389,0.176012
2.71494,0.67141,-0.716535,0.388983,0.176012
2.71519,0.694233,-0.653543,0.39414,0.176012
2.71544,0.642598,-0.543307,0.330596,0.176012
2.71569,0.527565,-0.377953,0.220136,0.176012
2.71594,0.370471,-0.181102,0.0837114,0.176012
2.71619,0.197973,0.0393701,-0.0548776,0.176012
2.71644,0.0363769,0.259843,-0.16518,0.176012
2.71669,-0.0939376,0.456693,-0.234128,0.176012
2.71694,-0.182017,0.622047,-0.257714,0.176012
2.71719,-0.228654,0.724409,-0.243347,0.176012
2.71744,-0.243814,0.779528,-0.183208,0.176012
2.71769,-0.244244,0.771654,-0.11367,0.176012
2.71794,-0.247703,0.716535,-0.0546735,0.176012
2.71819,-0.267614,0.622047,-0.0193952,0.176012
2.71844,-0.309419,0.503937,-0.0153406,0.176012
2.71869,-0.368497,0.385827,-0.0527631,0.176012
2.71894,-0.431019,0.251969,-0.103411,0.176012
2.71919,-0.47719,0.125984,-0.162867,0.176012
2.71944,-0.486458,0,-0.204759,0.176012
2.71969,-0.442791,-0.11811,-0.201139,0.176012
2.71994,-0.339118,-0.244094,-0.162136,0.176012
2.72019,-0.180657,-0.377953,-0.083082,0.176012
2.72044,0.0162508,-0.503937,0.0370801,0.176012
2.72069,0.225765,-0.622047,0.173878,0.176012
2.72094,0.418556,-0.716535,0.292736,0.176012
2.72119,0.566835,-0.771654,0.372065,0.176012
2.72144,0.650757,-0.779528,0.409961,0.176012
2.72169,0.661726,-0.732283,0.376467,0.176012
2.72194,0.604165,-0.622047,0.29813,0.176012
2.72219,0.493909,-0.464567,0.182815,0.176012
2.72244,0.354415,-0.267717,0.0616998,0.176012
2.72269,0.211062,-0.0472441,-0.0593653,0.176012
2.72294,0.085732,0.165354,-0.150819,0.176012
2.72319,-0.00762753,0.370079,-0.19442,0.176012
2.72344,-0.0660891,0.527559,-0.193922,0.176012
2.72369,-0.0963488,0.645669,-0.156839,0.176012
2.72394,-0.113133,0.700787,-0.105688,0.176012
2.72419,-0.133399,0.716535,-0.0505871,0.196215
2.72444,-0.172017,0.692913,-0.0235126,0.196215
2.72469,-0.236165,0.637795,-0.0216591,0.196215
2.72494,-0.323662,0.559055,-0.0496098,0.196215
2.72519,-0.422001,0.472441,-0.1121,0.196215
2.72544,-0.511199,0.370079,-0.180198,0.196215
2.72569,-0.568626,0.267717,-0.244176,0.196215
2.72594,-0.573895,0.149606,-0.269425,0.196215
2.72619,-0.514748,0.015748,-0.245827,0.196215
2.72644,-0.39007,-0.125984,-0.177831,0.196215
2.72669,-0.211694,-0.283465,-0.0651028,0.196215
2.72694,-0.00153536,-0.440945,0.0703713,0.196215
2.72719,0.211307,-0.590551,0.199018,0.196215
2.72744,0.397448,-0.716535,0.31531,0.196215
2.72769,0.532147,-0.795276,0.382856,0.196215
2.72794,0.600989,-0.818898,0.392793,0.196215
2.72819,0.601749,-0.787402,0.356263,0.196215
2.72845,0.544254,-0.685039,0.26531,0.196215
2.7287,0.447803,-0.527559,0.14628,0.196215
2.72895,0.335639,-0.338583,0.0352399,0.196215
2.7292,0.229935,-0.125984,-0.0640321,0.196215
2.72945,0.146546,0.0708661,-0.119016,0.196215
2.7297,0.0913827,0.259843,-0.136457,0.196215
2.72995,0.0605185,0.417323,-0.120221,0.196215
2.7302,0.0411618,0.535433,-0.0713898,0.196215
2.73045,0.0167547,0.614173,-0.0277857,0.196215
2.7307,-0.0288015,0.645669,0.00322472,0.196215
2.73095,-0.104973,0.653543,0.00271692,0.196215
2.7312,-0.212406,0.637795,-0.0281596,0.196215
2.73145,-0.340683,0.606299,-0.100912,0.196215
2.7317,-0.470684,0.551181,-0.182291,0.196215
2.73195,-0.577975,0.488189,-0.265217,0.196215
2.7322,-0.638943,0.401575,-0.312761,0.196215
2.73245,-0.635718,0.283465,-0.321601,0.196215
2.7327,-0.560895,0.149606,-0.277356,0.196215
2.73295,-0.42006,-0.00787402,-0.178398,0.196215
2.7332,-0.230392,-0.188976,-0.0457691,0.196215
2.73345,-0.0184105,-0.370079,0.0954348,0.196215
2.7337,0.186271,-0.551181,0.231999,0.196215
2.73395,0.355971,-0.692913,0.324379,0.196215
2.7342,0.471449,-0.795276,0.377511,0.196215
2.73445,0.524163,-0.834646,0.362896,0.196215
2.7347,0.518299,-0.80315,0.309476,0.196215
2.73495,0.468184,-0.724409,0.213929,0.196215
2.7352,0.394275,-0.582677,0.105091,0.196215
2.73545,0.317988,-0.409449,0.0165329,0.196215
2.7357,0.256138,-0.212598,-0.0443058,0.196215
2.73595,0.217086,-0.023622,-0.0727683,0.196215
2.7362,0.198959,0.141732,-0.0666833,0.196215
2.73645,0.191047,0.299213,-0.0312647,0.196215
2.7367,0.176632,0.417323,0.0143658,0.196215
2.73695,0.13878,0.503937,0.046768,0.196215
2.7372,0.0646841,0.566929,0.0506477,0.196215
2.73745,-0.049056,0.606299,0.019507,0.196215
2.7377,-0.195551,0.629921,-0.0531355,0.196215
2.73795,-0.357135,0.637795,-0.145529,0.196215
2.7382,-0.50927,0.622047,-0.246116,0.196215
2.73845,-0.62566,0.582677,-0.326107,0.196215
2.7387,-0.683465,0.519685,-0.36573,0.196215
2.73895,-0.668989,0.409449,-0.348233,0.196215
2.7392,-0.580926,0.267717,-0.281222,0.196215
2.73945,-0.430551,0.0944882,-0.162624,0.196215
2.7397,-0.240158,-0.0944882,-0.0207943,0.196215
2.73995,-0.0378153,-0.299213,0.113514,0.196215
2.7402,0.147638,-0.488189,0.242494,0.196215
2.74045,0.293459,-0.653543,0.320631,0.196215
2.7407,0.386,-0.76378,0.337644,0.196215
2.74095,0.423977,-0.818898,0.313349,0.196215
2.7412,0.416795,-0.80315,0.243579,0.196215
2.74145,0.381652,-0.740157,0.163552,0.196215
2.7417,0.338447,-0.622047,0.071696,0.196215
2.74195,0.304499,-0.472441,0.00646859,0.196215
2.7422,0.28981,-0.299213,-0.0181301,0.196215
2.74245,0.294561,-0.133858,-0.0180539,0.196215
2.7427,0.309616,0.015748,0.0198887,0.196215
2.74295,0.31855,0.15748,0.065766,0.196215
2.7432,0.302957,0.283465,0.0996752,0.196215
2.74345,0.247045,0.385827,0.113848,0.196215
2.7437,0.143472,0.472441,0.0809697,0.196215
2.74395,-0.00492532,0.551181,0.0142104,0.196215
2.7442,-0.183457,0.614173,-0.0824849,0.196215
2.74445,-0.36878,0.661417,-0.202574,0.196215
2.7447,-0.533016,0.685039,-0.303334,0.196215
2.74495,-0.649656,0.677165,-0.37492,0.196215
2.7452,-0.699041,0.622047,-0.402779,0.196215
2.74545,-0.672919,0.519685,-0.360026,0.196215
2.7457,-0.575972,0.377953,-0.273282,0.196215
2.74595,-0.424813,0.19685,-0.146678,0.196215
2.7462,-0.244614,0,-0.000460306,0.196215
2.74645,-0.0632777,-0.220472,0.129886,0.196215
2.7467,0.0940797,-0.425197,0.23052,0.196215
2.74695,0.210423,-0.590551,0.282632,0.196215
2.7472,0.279248,-0.716535,0.286558,0.196215
2.74745,0.305733,-0.779528,0.249403,0.196215
2.7477,0.303534,-0.779528,0.178845,0.196215
2.74795,0.290754,-0.732283,0.106267,0.196215
2.7482,0.284799,-0.637795,0.0463081,0.196215
2.74845,0.296962,-0.519685,0.0146005,0.196215
2.7487,0.329502,-0.377953,0.0223284,0.196215
2.74895,0.37477,-0.244094,0.061438,0.196215
2.7492,0.416859,-0.102362,0.107974,0.196215
2.74945,0.435985,0.015748,0.158393,0.196215
2.7497,0.413312,0.141732,0.177082,0.196215
2.74995,0.337078,0.259843,0.156621,0.196215
2.7502,0.205252,0.370079,0.100851,0.196215
2.75045,0.0282624,0.488189,0.00658882,0.196215
2.7507,-0.173189,0.590551,-0.117162,0.196215
2.75095,-0.371379,0.677165,-0.250548,0.196215
2.7512,-0.537402,0.732283,-0.345574,0.196215
2.75145,-0.646655,0.740157,-0.404603,0.196215
2.7517,-0.684468,0.708661,-0.403708,0.196215
2.75195,-0.648483,0.614173,-0.350677,0.196215
2.7522,-0.54912,0.472441,-0.250517,0.196215
2.75245,-0.406953,0.291339,-0.11422,0.196215
2.7527,-0.24779,0.0787402,0.0232303,0.196215
2.75295,-0.09731,-0.133858,0.131512,0.196215
2.75321,0.0251179,-0.338583,0.205109,0.196215
2.75346,0.109151,-0.511811,0.233331,0.196215
2.75371,0.155946,-0.637795,0.216221,0.196215
2.75396,0.175875,-0.708661,0.170679,0.196215
2.75421,0.18534,-0.732283,0.108257,0.196215
2.75446,0.201346,-0.708661,0.0550461,0.196215
2.75471,0.236788,-0.645669,0.030512,0.196215
2.75496,0.295803,-0.559055,0.0367653,0.196215
2.75521,0.3727,-0.456693,0.0715805,0.196215
2.75546,0.452433,-0.354331,0.134178,0.196215
2.75571,0.514178,-0.23622,0.19273,0.196215
2.75596,0.536433,-0.11811,0.232767,0.196215
2.75621,0.502576,0,0.240386,0.196215
2.75646,0.405462,0.133858,0.199357,0.196215
2.75671,0.249711,0.275591,0.101648,0.196215
2.75696,0.0523719,0.417323,-0.0170173,0.196215
2.75721,-0.161207,0.551181,-0.15904,0.196215
2.75746,-0.360918,0.669291,-0.27899,0.196215
2.75771,-0.5191,0.748031,-0.377161,0.196215
2.75796,-0.615182,0.787402,-0.415349,0.196215
2.75821,-0.64038,0.76378,-0.397467,0.196215
2.75846,-0.598492,0.685039,-0.324559,0.196215
2.75871,-0.50463,0.543307,-0.213075,0.196215
2.75896,-0.38136,0.362205,-0.0873686,0.196215
2.75921,-0.253343,0.15748,0.0362883,0.196215
2.75946,-0.141226,-0.0472441,0.117588,0.196215
2.75971,-0.0580651,-0.244094,0.165521,0.196215
2.75996,-0.00607446,-0.409449,0.166488,0.196215
2.76021,0.0222261,-0.543307,0.131448,0.196215
2.76046,0.0415604,-0.622047,0.0863109,0.196215
2.76071,0.0688065,-0.661417,0.0399108,0.196215
2.76096,0.11831,-0.669291,0.0170965,0.196215
2.76121,0.196508,-0.645669,0.0221833,0.196215
2.76146,0.300139,-0.598425,0.0667603,0.196215
2.76171,0.415584,-0.535433,0.132386,0.196215
2.76196,0.5219,-0.456693,0.209489,0.196215
2.76221,0.595155,-0.362205,0.273896,0.196215
2.76246,0.614489,-0.259843,0.298079,0.196215
2.76271,0.566922,-0.133858,0.278179,0.196215
2.76296,0.450958,0.00787402,0.216126,0.196215
2.76321,0.278082,0.173228,0.100265,0.196215
2.76346,0.0703354,0.338583,-0.0483518,0.196215
2.76371,-0.143489,0.503937,-0.183431,0.196215
2.76396,-0.333917,0.645669,-0.302853,0.196215
2.76421,-0.476126,0.755906,-0.383612,0.196215
2.76446,-0.555552,0.80315,-0.39747,0.196215
2.76471,-0.569441,0.795276,-0.356372,0.196215
2.76496,-0.527331,0.724409,-0.275079,0.196215
2.76521,-0.447538,0.606299,-0.173405,0.196215
2.76546,-0.352702,0.433071,-0.0545471,0.196215
2.76571,-0.263712,0.244094,0.037365,0.196215
2.76596,-0.195213,0.0472441,0.0881056,0.196215
2.76621,-0.152383,-0.133858,0.102754,0.196215
2.76646,-0.12986,-0.299213,0.0790813,0.196215
2.76671,-0.114837,-0.425197,0.0457145,0.196215
2.76696,-0.0899617,-0.519685,0.000954594,0.196215
2.76721,-0.0397563,-0.582677,-0.0229157,0.196215
2.76746,0.0454042,-0.614173,-0.0153333,0.196215
2.76771,0.164877,-0.629921,0.0306539,0.196215
2.76796,0.307683,-0.622047,0.108297,0.196215
2.76821,0.453638,-0.598425,0.20125,0.196215
2.76846,0.577407,-0.551181,0.283109,0.196215
2.76871,0.654273,-0.480315,0.340746,0.196215
2.76896,0.665865,-0.385827,0.354583,0.196215
2.76921,0.604121,-0.259843,0.304285,0.196215
2.76946,0.474048,-0.102362,0.212521,0.196215
2.76971,0.292665,0.0708661,0.0801587,0.196215
2.76996,0.085926,0.259843,-0.0693476,0.196215
2.77021,-0.116763,0.448819,-0.206266,0.196215
2.77046,-0.287981,0.614173,-0.309283,0.196215
2.77071,-0.408509,0.732283,-0.361805,0.196215
2.77096,-0.469854,0.795276,-0.364797,0.196215
2.77121,-0.475934,0.80315,-0.306745,0.196215
2.77146,-0.440443,0.748031,-0.224139,0.196215
2.77171,-0.383393,0.637795,-0.125612,0.196215
2.77196,-0.324871,0.488189,-0.0382629,0.196215
2.77221,-0.280666,0.322835,0.0246527,0.196215
2.77246,-0.257941,0.141732,0.0438486,0.196215
2.77271,-0.253583,-0.023622,0.0332486,0.196215
2.77296,-0.256044,-0.173228,-0.00327306,0.196215
2.77321,-0.247924,-0.299213,-0.0516465,0.196215
2.77346,-0.211961,-0.401575,-0.0762836,0.196215
2.77371,-0.135413,-0.488189,-0.0683771,0.196215
2.77396,-0.015182,-0.551181,-0.0306871,0.196215
2.77421,0.141199,-0.598425,0.0545793,0.196215
2.77446,0.315309,-0.629921,0.149468,0.196215
2.77471,0.48196,-0.645669,0.256751,0.196215
2.77496,0.613609,-0.629921,0.347674,0.196215
2.77521,0.687105,-0.590551,0.390326,0.196215
2.77546,0.687953,-0.503937,0.382891,0.196215
2.77571,0.614109,-0.370079,0.315885,0.196215
2.77596,0.476634,-0.204724,0.193651,0.196215
2.77621,0.296821,-0.015748,0.0518784,0.196215
2.77646,0.102614,0.181102,-0.0935415,0.196215
2.77671,-0.0781342,0.377953,-0.216213,0.196215
2.77696,-0.22251,0.559055,-0.297488,0.196215
2.77721,-0.317795,0.685039,-0.322444,0.196215
2.77746,-0.362282,0.76378,-0.302818,0.196215
2.77771,-0.365526,0.787402,-0.239186,0.196215
2.77797,-0.344161,0.748031,-0.166794,0.196215
2.77822,-0.317248,0.661417,-0.0816732,0.196215
2.77847,-0.301103,0.535433,-0.0305073,0.196215
2.77872,-0.30449,0.393701,-0.00699667,0.196215
2.77897,-0.326452,0.244094,-0.0225519,0.196215
2.77922,-0.356459,0.0944882,-0.0566257,0.196215
2.77947,-0.377363,-0.0314961,-0.104152,0.196215
2.77972,-0.369992,-0.15748,-0.137082,0.196215
2.77997,-0.318257,-0.275591,-0.145383,0.196215
2.78022,-0.214663,-0.385827,-0.110558,0.196215
2.78047,-0.0623987,-0.480315,-0.0277632,0.196215
2.78072,0.123437,-0.566929,0.0785974,0.196215
2.78097,0.319048,-0.637795,0.205618,0.196215
2.78122,0.495627,-0.685039,0.315637,0.196215
2.78147,0.62636,-0.700787,0.393643,0.196215
2.78172,0.69085,-0.677165,0.415724,0.196215
2.78197,0.680232,-0.598425,0.384166,0.196215
2.78222,0.598656,-0.472441,0.294531,0.196215
2.78247,0.461985,-0.307087,0.170572,0.196215
2.78272,0.294693,-0.110236,0.0349774,0.196215
2.78297,0.123906,0.0944882,-0.101531,0.196215
2.78322,-0.0258089,0.307087,-0.206201,0.196215
2.78347,-0.138232,0.480315,-0.259127,0.196215
2.78372,-0.207258,0.622047,-0.269411,0.196215
2.78397,-0.23827,0.708661,-0.231906,0.196215
2.78422,-0.244696,0.740157,-0.172926,0.196215
2.78447,-0.244547,0.724409,-0.100454,0.196215
2.78472,-0.253924,0.661417,-0.0558968,0.196215
2.78497,-0.28342,0.574803,-0.0377212,0.196215
2.78522,-0.334004,0.464567,-0.0465437,0.196215
2.78547,-0.396677,0.338583,-0.0837185,0.196215
2.78572,-0.454644,0.220472,-0.138807,0.196215
2.78597,-0.486945,0.0944882,-0.194268,0.196215
2.78622,-0.47441,-0.023622,-0.215588,0.196215
2.78647,-0.404366,-0.149606,-0.19201,0.196215
2.78672,-0.275244,-0.275591,-0.123739,0.196215
2.78697,-0.0970517,-0.401575,-0.0205762,0.196215
2.78722,0.108877,-0.519685,0.106366,0.196215
2.78747,0.314648,-0.629921,0.237281,0.196215
2.78772,0.490822,-0.708661,0.346194,0.196215
2.78797,0.612626,-0.748031,0.418682,0.196215
2.78822,0.66461,-0.740157,0.424301,0.196215
2.78847,0.64411,-0.677165,0.366072,0.196215
2.78872,0.560801,-0.551181,0.273092,0.196215
2.78897,0.434491,-0.385827,0.140371,0.196215
2.78922,0.290167,-0.19685,0.00611741,0.196215
2.78947,0.152521,0.00787402,-0.105263,0.196215
2.78972,0.0401657,0.212598,-0.175655,0.196215
2.78997,-0.0374875,0.393701,-0.210367,0.196215
2.79022,-0.0821292,0.535433,-0.188806,0.196215
2.79047,-0.104322,0.629921,-0.14419,0.196215
2.79072,-0.120696,0.677165,-0.0920652,0.196215
2.79097,-0.14752,0.685039,-0.0484788,0.196215
2.79122,-0.197044,0.653543,-0.0328915,0.196215
2.79147,-0.272413,0.598425,-0.0514181,0.196215
2.79172,-0.366709,0.519685,-0.098508,0.196215
2.79197,-0.463809,0.433071,-0.167075,0.196215
2.79222,-0.541822,0.338583,-0.229965,0.196215
2.79247,-0.578397,0.228346,-0.270325,0.196215
2.79272,-0.556079,0.110236,-0.271783,0.196215
2.79297,-0.467469,-0.015748,-0.225746,0.196215
2.79322,-0.316909,-0.165354,-0.134435,0.196215
2.79347,-0.121275,-0.322835,0.00130919,0.196215
2.79372,0.0937667,-0.472441,0.138222,0.196215
2.79397,0.29827,-0.606299,0.275603,0.196215
2.79422,0.464316,-0.708661,0.370735,0.196215
2.79447,0.571069,-0.771654,0.416856,0.196215
2.79472,0.60941,-0.779528,0.397147,0.196215
2.79497,0.582636,-0.724409,0.331042,0.196215
2.79522,0.505186,-0.614173,0.225491,0.196215
2.79547,0.398802,-0.456693,0.105343,0.196215
2.79572,0.287027,-0.267717,-0.00175273,0.196215
2.79597,0.189801,-0.0708661,-0.0863523,0.196215
2.79622,0.118686,0.11811,-0.1314,0.196215
2.79647,0.0754046,0.291339,-0.137648,0.196215
2.79672,0.051473,0.433071,-0.0988995,0.196215
2.79697,0.0319971,0.535433,-0.0556963,0.196215
2.79722,-7.25235e-05,0.598425,-0.0210114,0.196215
2.79747,-0.0583296,0.629921,-0.00817274,0.196215
2.79772,-0.148955,0.629921,-0.0210159,0.196215
2.79797,-0.267346,0.606299,-0.0730026,0.196215
2.79822,-0.39914,0.574803,-0.151357,0.196215
2.79847,-0.52227,0.519685,-0.234962,0.196215
2.79872,-0.61189,0.448819,-0.299958,0.196215
2.79897,-0.646122,0.354331,-0.336618,0.196215
2.79922,-0.611545,0.23622,-0.31845,0.196215
2.79947,-0.506133,0.0944882,-0.244537,0.196215
2.79972,-0.340996,-0.0629921,-0.124622,0.196215
2.79997,-0.137842,-0.23622,0.0212685,0.196215
2.80022,0.0744444,-0.409449,0.16979,0.196215
2.80047,0.266803,-0.566929,0.284198,0.196215
2.80072,0.414357,-0.692913,0.36685,0.196215
2.80097,0.50245,-0.771654,0.388567,0.196215
2.80122,0.528171,-0.795276,0.362264,0.196215
2.80147,0.500525,-0.748031,0.284704,0.196215
2.80172,0.437148,-0.653543,0.180545,0.196215
2.80197,0.359724,-0.511811,0.0810503,0.196215
2.80222,0.288234,-0.338583,-0.00257131,0.196215
2.80247,0.235977,-0.15748,-0.0547822,0.196215
2.80273,0.207029,0.015748,-0.0624418,0.196215
2.80298,0.195156,0.173228,-0.0468388,0.196215
2.80323,0.186533,0.314961,-0.0106825,0.196215
2.80348,0.163694,0.417323,0.0243414,0.196215
2.80373,0.111037,0.503937,0.0481363,0.196215
2.80398,0.0192483,0.559055,0.0318913,0.196215
2.80423,-0.110412,0.598425,-0.0259589,0.196215
2.80448,-0.266257,0.614173,-0.111107,0.196215
2.80473,-0.426981,0.614173,-0.209308,0.196215
2.80498,-0.566596,0.598425,-0.302463,0.196215
2.80523,-0.65947,0.551181,-0.361465,0.196215
2.80548,-0.686355,0.472441,-0.377622,0.196215
2.80573,-0.638819,0.362205,-0.33843,0.196215
2.80598,-0.521079,0.212598,-0.246869,0.196215
2.80623,-0.349863,0.0393701,-0.107275,0.196215
2.80648,-0.150591,-0.149606,0.0436225,0.196215
2.80673,0.047598,-0.346457,0.181292,0.196215
2.80698,0.218013,-0.519685,0.29193,0.196215
2.80723,0.341197,-0.661417,0.351924,0.196215
2.80748,0.409255,-0.748031,0.350005,0.196215
2.80773,0.425489,-0.787402,0.305293,0.196215
2.80798,0.403555,-0.755906,0.225586,0.196215
2.80823,0.362399,-0.677165,0.133719,0.196215
2.80848,0.321557,-0.559055,0.0624417,0.196215
2.80873,0.295388,-0.409449,0.00788094,0.196215
2.80898,0.289873,-0.251969,-0.0116711,0.196215
2.80923,0.300822,-0.0944882,0.0099497,0.196215
2.80948,0.315395,0.0472441,0.0480979,0.196215
2.80973,0.315704,0.181102,0.0846993,0.196215
2.80998,0.283958,0.299213,0.107169,0.196215
2.81023,0.20734,0.393701,0.0981172,0.196215
2.81048,0.0829445,0.480315,0.0492648,0.196215
2.81073,-0.0811406,0.559055,-0.042792,0.196215
2.81098,-0.26594,0.614173,-0.150972,0.196215
2.81123,-0.445544,0.653543,-0.268317,0.196215
2.81148,-0.591739,0.661417,-0.363053,0.196215
2.81173,-0.680493,0.637795,-0.408554,0.196215
2.81198,-0.696852,0.574803,-0.407097,0.196215
2.81223,-0.638113,0.464567,-0.337648,0.196215
2.81248,-0.514609,0.314961,-0.223654,0.196215
2.81273,-0.3473,0.133858,-0.0823083,0.196215
2.81298,-0.1632,-0.0629921,0.0655433,0.196215
2.81323,0.0103639,-0.267717,0.182575,0.196215
2.81348,0.151064,-0.456693,0.272929,0.196215
2.81373,0.246606,-0.606299,0.305948,0.196215
2.81398,0.295509,-0.700787,0.291045,0.196215
2.81423,0.307275,-0.748031,0.234097,0.196215
2.81448,0.298046,-0.740157,0.161642,0.196215
2.81473,0.286507,-0.685039,0.0912082,0.196215
2.81498,0.287567,-0.590551,0.0444429,0.196215
2.81523,0.309048,-0.472441,0.0304247,0.196215
2.81548,0.34872,-0.338583,0.0508104,0.196215
2.81573,0.394879,-0.204724,0.0866351,0.196215
2.81598,0.429273,-0.0708661,0.131453,0.196215
2.81623,0.431966,0.0472441,0.16599,0.196215
2.81648,0.386691,0.165354,0.169992,0.196215
2.81673,0.285358,0.283465,0.135731,0.196215
2.81698,0.131765,0.393701,0.0469809,0.196215
2.81723,-0.0591954,0.503937,-0.0629865,0.196215
2.81748,-0.262818,0.598425,-0.195641,0.196215
2.81773,-0.450304,0.669291,-0.307786,0.196215
2.81798,-0.593703,0.708661,-0.395349,0.196215
2.81823,-0.672566,0.708661,-0.426337,0.196215
2.81848,-0.677327,0.661417,-0.402878,0.196215
2.81873,-0.611408,0.551181,-0.320543,0.196215
2.81898,-0.490261,0.401575,-0.20267,0.196215
2.81923,-0.337324,0.220472,-0.0571835,0.196215
2.81948,-0.179011,0.015748,0.0709736,0.196215
2.81973,-0.0390132,-0.181102,0.178041,0.196215
2.81998,0.0671222,-0.370079,0.234741,0.196215
2.82023,0.133952,-0.527559,0.235404,0.196215
2.82048,0.167169,-0.629921,0.210479,0.196215
2.82073,0.180199,-0.692913,0.150127,0.196215
2.82098,0.190641,-0.700787,0.0973872,0.196215
2.82123,0.214106,-0.669291,0.0563112,0.196215
2.82148,0.260021,-0.606299,0.040113,0.196215
2.82173,0.328249,-0.527559,0.0611819,0.196215
2.82198,0.408709,-0.425197,0.110002,0.196215
2.82223,0.483171,-0.314961,0.178894,0.196215
2.82248,0.529998,-0.204724,0.221148,0.196215
2.82273,0.529164,-0.0866142,0.24758,0.196215
2.82298,0.467547,0.0393701,0.22683,0.196215
2.82323,0.343304,0.173228,0.152758,0.196215
2.82348,0.166443,0.307087,0.0422575,0.196215
2.82373,-0.0415986,0.448819,-0.0934114,0.196215
2.82398,-0.252809,0.574803,-0.234518,0.196215
2.82423,-0.437191,0.677165,-0.347741,0.209556
2.82448,-0.56994,0.740157,-0.418538,0.209556
2.82473,-0.635099,0.755906,-0.428232,0.209556
2.82498,-0.629496,0.716535,-0.386481,0.209556
2.82523,-0.562316,0.622047,-0.286587,0.209556
2.82548,-0.452441,0.480315,-0.163508,0.209556
2.82573,-0.324115,0.299213,-0.0325661,0.209556
2.82598,-0.20086,0.0944882,0.0717863,0.209556
2.82623,-0.100589,-0.0944882,0.140915,0.209556
2.82648,-0.0314218,-0.275591,0.170959,0.209556
2.82673,0.00858412,-0.433071,0.162953,0.209556
2.82698,0.0308796,-0.543307,0.125473,0.209556
2.82723,0.0515924,-0.614173,0.0775324,0.209556
2.82749,0.0873997,-0.645669,0.0427374,0.209556
2.82774,0.149224,-0.645669,0.0276203,0.209556
2.82799,0.239738,-0.614173,0.0561801,0.209556
2.82824,0.350754,-0.566929,0.113589,0.209556
2.82849,0.464967,-0.503937,0.187676,0.209556
2.82874,0.559636,-0.425197,0.255016,0.209556
2.82899,0.611395,-0.330709,0.299042,0.209556
2.82924,0.602139,-0.212598,0.301312,0.209556
2.82949,0.523855,-0.0866142,0.2617,0.209556
2.82974,0.380655,0.0551181,0.162897,0.209556
2.82999,0.189179,0.220472,0.0334273,0.209556
2.83024,-0.0250882,0.385827,-0.114905,0.209556
2.83049,-0.231937,0.535433,-0.256587,0.209556
2.83074,-0.403704,0.661417,-0.362527,0.209556
2.83099,-0.519316,0.748031,-0.410493,0.209556
2.83124,-0.569422,0.779528,-0.403089,0.209556
2.83149,-0.556789,0.748031,-0.345179,0.209556
2.83174,-0.495521,0.669291,-0.244649,0.209556
2.83199,-0.406246,0.535433,-0.131739,0.209556
2.83224,-0.311626,0.370079,-0.0228322,0.209556
2.83249,-0.230447,0.181102,0.0537459,0.209556
2.83274,-0.173218,0,0.100207,0.209556
2.83299,-0.140597,-0.173228,0.0929517,0.209556
2.83324,-0.123346,-0.322835,0.0678342,0.209556
2.83349,-0.106178,-0.433071,0.0328656,0.209556
2.83374,-0.0716617,-0.519685,-0.00761577,0.209556
2.83399,-0.00674156,-0.574803,-0.00992547,0.209556
2.83424,0.0942886,-0.606299,0.0113812,0.209556
2.83449,0.226054,-0.614173,0.0786441,0.209556
2.83474,0.373112,-0.598425,0.162599,0.209556
2.83499,0.512453,-0.566929,0.25086,0.209556
2.83524,0.618378,-0.519685,0.326455,0.209556
2.83549,0.668211,-0.440945,0.363314,0.209556
2.83574,0.647649,-0.338583,0.341209,0.209556
2.83599,0.554439,-0.204724,0.277198,0.209556
2.83624,0.398923,-0.0393701,0.158648,0.209556
2.83649,0.202812,0.125984,0.00873963,0.209556
2.83674,-0.0058425,0.307087,-0.140176,0.209556
2.83699,-0.197513,0.480315,-0.26727,0.209556
2.83724,-0.348244,0.629921,-0.354446,0.209556
2.83749,-0.442889,0.724409,-0.379154,0.209556
2.83774,-0.478754,0.771654,-0.359153,0.209556
2.83799,-0.464351,0.76378,-0.289017,0.209556
2.83824,-0.416735,0.692913,-0.19386,0.209556
2.83849,-0.356619,0.574803,-0.0980748,0.209556
2.83874,-0.302954,0.433071,-0.0159997,0.209556
2.83899,-0.267924,0.267717,0.0261797,0.209556
2.83924,-0.254296,0.0944882,0.0356809,0.209556
2.83949,-0.254825,-0.0551181,0.0145227,0.209556
2.83974,-0.254933,-0.19685,-0.0237375,0.209556
2.83999,-0.236368,-0.314961,-0.0637103,0.209556
2.84024,-0.183653,-0.417323,-0.0701599,0.209556
2.84049,-0.0875656,-0.496063,-0.0499304,0.209556
2.84074,0.0502021,-0.551181,0.0115275,0.209556
2.84099,0.217152,-0.598425,0.105227,0.209556
2.84124,0.391313,-0.622047,0.214989,0.209556
2.84149,0.545858,-0.629921,0.31928,0.209556
2.84174,0.654344,-0.606299,0.381756,0.209556
2.84199,0.696861,-0.551181,0.405499,0.209556
2.84224,0.66426,-0.448819,0.368455,0.209556
2.84249,0.560246,-0.314961,0.270015,0.209556
2.84274,0.400946,-0.141732,0.138738,0.209556
2.84299,0.211165,0.0393701,-0.00796666,0.209556
2.84324,0.0197687,0.23622,-0.157699,0.209556
2.84349,-0.14731,0.417323,-0.267158,0.209556
2.84374,-0.270915,0.574803,-0.324062,0.209556
2.84399,-0.34331,0.685039,-0.330856,0.209556
2.84424,-0.367949,0.748031,-0.29771,0.209556
2.84449,-0.358007,0.748031,-0.222559,0.209556
2.84474,-0.331841,0.700787,-0.138811,0.209556
2.84499,-0.308072,0.606299,-0.0711211,0.209556
2.84524,-0.300004,0.480315,-0.0300149,0.209556
2.84549,-0.312269,0.346457,-0.0208811,0.209556
2.84574,-0.339593,0.19685,-0.0456005,0.209556
2.84599,-0.367957,0.0551181,-0.0784066,0.209556
2.84624,-0.378633,-0.0629921,-0.118747,0.209556
2.84649,-0.353219,-0.188976,-0.142848,0.209556
2.84674,-0.279022,-0.299213,-0.122379,0.209556
2.84699,-0.152765,-0.401575,-0.0690238,0.209556
2.84724,0.0167182,-0.496063,0.0223497,0.209556
2.84749,0.210196,-0.574803,0.141525,0.209556
2.84774,0.400962,-0.637795,0.26379,0.209556
2.84799,0.560458,-0.677165,0.362977,0.209556
2.84824,0.663802,-0.677165,0.42674,0.209556
2.84849,0.695495,-0.629921,0.422417,0.209556
2.84874,0.652293,-0.543307,0.360165,0.209556
2.84899,0.543824,-0.409449,0.254987,0.209556
2.84924,0.390305,-0.23622,0.111321,0.209556
2.84949,0.218285,-0.0393701,-0.0254862,0.209556
2.84974,0.0540859,0.149606,-0.150935,0.209556
2.84999,-0.0805802,0.346457,-0.244027,0.209556
2.85024,-0.173932,0.503937,-0.272645,0.209556
2.85049,-0.224981,0.622047,-0.260298,0.209556
2.85074,-0.243162,0.692913,-0.214696,0.209556
2.85099,-0.244378,0.716535,-0.149908,0.209556
2.85124,-0.246659,0.685039,-0.0968106,0.209556
2.85149,-0.264158,0.622047,-0.0543896,0.209556
2.85174,-0.30342,0.527559,-0.0475004,0.209556
2.85199,-0.361016,0.425197,-0.0754407,0.209556
2.85225,-0.424079,0.307087,-0.125316,0.209556
2.8525,-0.473363,0.181102,-0.17836,0.209556
2.85275,-0.487856,0.0629921,-0.205434,0.209556
2.853,-0.451001,-0.0551181,-0.205882,0.209556
2.85325,-0.354366,-0.181102,-0.164962,0.209556
2.8535,-0.201662,-0.307087,-0.0792702,0.209556
2.85375,-0.00813047,-0.433071,0.0467874,0.209556
2.854,0.201395,-0.543307,0.178908,0.209556
2.85425,0.397693,-0.637795,0.312662,0.209556
2.8545,0.552431,-0.700787,0.398046,0.209556
2.85475,0.644624,-0.724409,0.439883,0.209556
2.855,0.664199,-0.700787,0.418486,0.209556
2.85525,0.614082,-0.622047,0.345829,0.209556
2.8555,0.50891,-0.488189,0.227534,0.209556
2.85575,0.371528,-0.322835,0.08984,0.209556
2.856,0.227362,-0.125984,-0.0351133,0.209556
2.85625,0.0989909,0.0629921,-0.143439,0.209556
2.8565,0.00149309,0.251969,-0.199817,0.209556
2.85675,-0.0609145,0.417323,-0.206328,0.209556
2.857,-0.093834,0.543307,-0.1863,0.209556
2.85725,-0.111331,0.622047,-0.138829,0.209556
2.8575,-0.130313,0.661417,-0.0811079,0.209556
2.85775,-0.166191,0.661417,-0.049659,0.209556
2.858,-0.227264,0.622047,-0.0541713,0.209556
2.85825,-0.312477,0.566929,-0.0857522,0.209556
2.8585,-0.410452,0.488189,-0.13978,0.209556
2.85875,-0.502009,0.401575,-0.204379,0.209556
2.859,-0.564221,0.299213,-0.261248,0.209556
2.85925,-0.576534,0.188976,-0.278657,0.209556
2.8595,-0.525199,0.0708661,-0.265694,0.209556
2.85975,-0.407973,-0.0629921,-0.189073,0.209556
2.86,-0.234851,-0.204724,-0.0738946,0.209556
2.86025,-0.0271194,-0.362205,0.0647884,0.209556
2.8605,0.187093,-0.503937,0.214927,0.209556
2.86075,0.377706,-0.622047,0.337969,0.209556
2.861,0.519535,-0.708661,0.408765,0.209556
2.86125,0.596504,-0.755906,0.427808,0.209556
2.8615,0.604991,-0.740157,0.3924,0.209556
2.86175,0.553491,-0.669291,0.300325,0.209556
2.862,0.460453,-0.551181,0.189808,0.209556
2.86225,0.348896,-0.393701,0.0626679,0.209556
2.8625,0.241442,-0.204724,-0.0439361,0.209556
2.86275,0.154904,-0.015748,-0.112156,0.209556
2.863,0.0964816,0.15748,-0.1376,0.209556
2.86325,0.0632317,0.314961,-0.124542,0.209556
2.8635,0.0433411,0.448819,-0.0881491,0.209556
2.86375,0.0204332,0.535433,-0.0496848,0.209556
2.864,-0.0219359,0.590551,-0.0195823,0.209556
2.86425,-0.0943031,0.614173,-0.0197784,0.209556
2.8645,-0.198392,0.614173,-0.0595595,0.209556
2.86475,-0.325052,0.590551,-0.127646,0.209556
2.865,-0.456062,0.551181,-0.205652,0.209556
2.86525,-0.567306,0.496063,-0.280831,0.209556
2.8655,-0.634828,0.417323,-0.335315,0.209556
2.86575,-0.639777,0.314961,-0.336976,0.209556
2.866,-0.573351,0.188976,-0.297274,0.209556
2.86625,-0.439607,0.0472441,-0.197822,0.209556
2.8665,-0.254437,-0.110236,-0.0553957,0.209556
2.86675,-0.0435601,-0.283465,0.0926483,0.209556
2.867,0.163521,-0.448819,0.234809,0.209556
2.86725,0.338529,-0.590551,0.344188,0.209556
2.8675,0.461083,-0.700787,0.396563,0.209556
2.86775,0.521197,-0.755906,0.396966,0.209556
2.868,0.521665,-0.755906,0.345414,0.209556
2.86825,0.475667,-0.700787,0.250181,0.209556
2.8685,0.403492,-0.598425,0.147827,0.209556
2.86875,0.32648,-0.456693,0.046039,0.209556
2.869,0.262346,-0.283465,-0.0260762,0.209556
2.86925,0.220496,-0.110236,-0.0561237,0.209556
2.8695,0.200358,0.0472441,-0.0576958,0.209556
2.86975,0.191947,0.204724,-0.029961,0.209556
2.87,0.179332,0.330709,0.00843594,0.209556
2.87025,0.144921,0.433071,0.0365529,0.209556
2.8705,0.075586,0.503937,0.0308979,0.209556
2.87075,-0.0337345,0.559055,-0.00940115,0.209556
2.871,-0.177017,0.590551,-0.0748877,0.209556
2.87125,-0.338079,0.606299,-0.174661,0.209556
2.8715,-0.492704,0.606299,-0.267948,0.209556
2.87175,-0.614623,0.574803,-0.349265,0.209556
2.872,-0.680245,0.519685,-0.391165,0.209556
2.87225,-0.674608,0.433071,-0.382323,0.209556
2.8725,-0.594858,0.307087,-0.303968,0.209556
2.87275,-0.450835,0.15748,-0.184738,0.209556
2.873,-0.263762,-0.015748,-0.0444431,0.209556
2.87325,-0.061279,-0.204724,0.114069,0.209556
2.8735,0.127496,-0.385827,0.242726,0.209556
2.87375,0.278921,-0.543307,0.332337,0.209556
2.874,0.378035,-0.669291,0.365523,0.209556
2.87425,0.422149,-0.740157,0.343401,0.209556
2.8745,0.419398,-0.755906,0.290793,0.209556
2.87475,0.386607,-0.716535,0.201923,0.209556
2.875,0.343342,-0.629921,0.114206,0.209556
2.87525,0.30761,-0.503937,0.0411486,0.209556
2.8755,0.290431,-0.362205,0.00220125,0.209556
2.87575,0.293194,-0.204724,0.00295291,0.209556
2.876,0.307786,-0.0551181,0.0284167,0.209556
2.87625,0.318398,0.0787402,0.0664261,0.209556
2.8765,0.306618,0.204724,0.0997052,0.209556
2.87675,0.256021,0.314961,0.102928,0.209556
2.87701,0.158147,0.409449,0.0692063,0.209556
2.87726,0.0144742,0.496063,0.00243704,0.209556
2.87751,-0.161569,0.566929,-0.100649,0.209556
2.87776,-0.347504,0.614173,-0.223169,0.209556
2.87801,-0.515681,0.645669,-0.323543,0.209556
2.87826,-0.63913,0.645669,-0.397949,0.209556
2.87851,-0.697105,0.606299,-0.428304,0.209556
2.87876,-0.679904,0.527559,-0.391448,0.209556
2.87901,-0.590617,0.409449,-0.300708,0.209556
2.87926,-0.444724,0.251969,-0.168917,0.209556
2.87951,-0.266424,0.0629921,-0.0148053,0.209556
2.87976,-0.0838486,-0.11811,0.124132,0.209556
2.88001,0.0774565,-0.314961,0.238564,0.209556
2.88026,0.199075,-0.480315,0.295803,0.209556
2.88051,0.273553,-0.614173,0.315971,0.209556
2.88076,0.304351,-0.692913,0.282244,0.209556
2.88101,0.304728,-0.724409,0.212375,0.209556
2.88126,0.292216,-0.708661,0.139745,0.209556
2.88151,0.284717,-0.637795,0.0773585,0.209556
2.88176,0.29442,-0.543307,0.0433842,0.209556
2.88201,0.32477,-0.425197,0.0470412,0.209556
2.88226,0.369229,-0.299213,0.0774184,0.209556
2.88251,0.412686,-0.165354,0.119988,0.209556
2.88276,0.435562,-0.0393701,0.153907,0.209556
2.88301,0.418588,0.0787402,0.175137,0.209556
2.88326,0.348999,0.19685,0.163718,0.209556
2.88351,0.223409,0.314961,0.0970249,0.209556
2.88376,0.0508515,0.425197,-0.0045178,0.209556
2.88401,-0.149073,0.527559,-0.130757,0.209556
2.88426,-0.349177,0.606299,-0.265472,0.209556
2.88451,-0.520409,0.669291,-0.368396,0.209556
2.88476,-0.637328,0.692913,-0.427186,0.209556
2.88501,-0.683913,0.677165,-0.43368,0.209556
2.88526,-0.656323,0.606299,-0.378363,0.209556
2.88551,-0.563514,0.496063,-0.275023,0.209556
2.88576,-0.425094,0.338583,-0.145796,0.209556
2.88601,-0.266536,0.149606,-0.00198498,0.209556
2.88626,-0.113869,-0.0393701,0.122776,0.209556
2.88651,0.0126186,-0.228346,0.207909,0.209556
2.88676,0.101326,-0.401575,0.24436,0.209556
2.88701,0.152135,-0.543307,0.233143,0.209556
2.88726,0.174445,-0.629921,0.200094,0.209556
2.88751,0.184219,-0.677165,0.14322,0.209556
2.88776,0.198648,-0.677165,0.0840808,0.209556
2.88801,0.231393,-0.637795,0.058618,0.209556
2.88826,0.287723,-0.574803,0.0609826,0.209556
2.88851,0.363135,-0.488189,0.0963251,0.209556
2.88876,0.443537,-0.385827,0.155349,0.209556
2.88901,0.508598,-0.283465,0.209023,0.209556
2.88926,0.536453,-0.165354,0.244044,0.209556
2.88951,0.509891,-0.0472441,0.241828,0.209556
2.88976,0.420136,0.0708661,0.205141,0.209556
2.89001,0.270743,0.212598,0.109584,0.209556
2.89026,0.0769138,0.346457,-0.0190792,0.209556
2.89051,-0.136089,0.480315,-0.166287,0.209556
2.89076,-0.339077,0.590551,-0.299911,0.209556
2.89101,-0.503318,0.677165,-0.394194,0.209556
2.89126,-0.607502,0.724409,-0.445081,0.209556
2.89151,-0.641094,0.724409,-0.423506,0.209556
2.89176,-0.606514,0.669291,-0.358879,0.209556
2.89201,-0.517691,0.566929,-0.2439,0.209556
2.89226,-0.396589,0.409449,-0.116877,0.209556
2.89251,-0.267935,0.23622,0.012912,0.209556
2.89276,-0.15307,0.0393701,0.103512,0.209556
2.89301,-0.0661694,-0.141732,0.156086,0.209556
2.89326,-0.0107115,-0.307087,0.177508,0.209556
2.89351,0.019714,-0.448819,0.147195,0.209556
2.89376,0.0392215,-0.551181,0.107642,0.209556
2.89401,0.0646824,-0.606299,0.0659892,0.209556
2.89426,0.111051,-0.629921,0.0407943,0.209556
2.89451,0.185826,-0.622047,0.049749,0.209556
2.89476,0.286984,-0.590551,0.0892264,0.209556
2.89501,0.402008,-0.543307,0.159894,0.209556
2.89526,0.510631,-0.472441,0.232618,0.209556
2.89551,0.589043,-0.393701,0.293722,0.209556
2.89576,0.615522,-0.291339,0.31275,0.209556
2.89601,0.576153,-0.173228,0.297935,0.209556
2.89626,0.467887,-0.0393701,0.222916,0.209556
2.89651,0.300752,0.102362,0.105001,0.209556
2.89676,0.0956952,0.267717,-0.045959,0.209556
2.89701,-0.118988,0.417323,-0.19157,0.209556
2.89726,-0.313611,0.559055,-0.317607,0.209556
2.89751,-0.462476,0.669291,-0.397515,0.209556
2.89776,-0.549685,0.740157,-0.426396,0.209556
2.89801,-0.571006,0.748031,-0.397124,0.209556
2.89826,-0.534675,0.708661,-0.316948,0.209556
2.89851,-0.458169,0.614173,-0.205257,0.209556
2.89876,-0.363962,0.472441,-0.0868693,0.209556
2.89901,-0.273324,0.307087,0.0133195,0.209556
2.89926,-0.20201,0.125984,0.0776385,0.209556
2.89951,-0.156164,-0.0393701,0.098472,0.209556
2.89976,-0.131896,-0.204724,0.0848169,0.209556
2.90001,-0.116756,-0.338583,0.0531478,0.209556
2.90026,-0.09404,-0.448819,0.0212054,0.209556
2.90051,-0.0473619,-0.527559,-0.00114057,0.209556
2.90076,0.0333955,-0.574803,0.00782138,0.209556
2.90101,0.149293,-0.598425,0.0568562,0.209556
2.90126,0.29025,-0.598425,0.130608,0.209556
2.90152,0.4371,-0.590551,0.215526,0.209556
2.90177,0.564818,-0.551181,0.300319,0.209556
2.90202,0.648326,-0.488189,0.357257,0.209556
2.90227,0.66826,-0.409449,0.366886,0.209556
2.90252,0.615147,-0.291339,0.329941,0.209556
2.90277,0.492454,-0.149606,0.231567,0.209556
2.90302,0.315894,0.00787402,0.0890266,0.209556
2.90327,0.110622,0.181102,-0.0630401,0.209556
2.90352,-0.0940708,0.354331,-0.208263,0.209556
2.90377,-0.270184,0.511811,-0.31832,0.209556
2.90402,-0.397359,0.637795,-0.385758,0.209556
2.90427,-0.465695,0.724409,-0.387349,0.209556
2.90452,-0.477738,0.748031,-0.344164,0.209556
2.90477,-0.446169,0.724409,-0.255941,0.209556
2.90502,-0.390575,0.645669,-0.163993,0.209556
2.90527,-0.331256,0.527559,-0.0652766,0.209556
2.90552,-0.2848,0.377953,-0.000530424,0.209556
2.90577,-0.259499,0.220472,0.0287195,0.209556
2.90602,-0.253505,0.0551181,0.0214805,0.209556
2.90627,-0.255926,-0.0866142,-0.00526204,0.209556
2.90652,-0.249991,-0.220472,-0.0400378,0.209556
2.90677,-0.218111,-0.338583,-0.0676338,0.209556
2.90702,-0.14671,-0.433071,-0.0606994,0.209556
2.90727,-0.0314553,-0.503937,-0.0105893,0.209556
2.90752,0.121441,-0.559055,0.0666809,0.209556
2.90777,0.294668,-0.606299,0.173178,0.209556
2.90802,0.463639,-0.622047,0.275709,0.209556
2.90827,0.600731,-0.614173,0.367516,0.209556
2.90852,0.682051,-0.582677,0.412706,0.209556
2.90877,0.691811,-0.511811,0.405562,0.209556
2.90902,0.626482,-0.401575,0.340664,0.209556
2.90927,0.495513,-0.259843,0.223913,0.209556
2.90952,0.319392,-0.0866142,0.0731576,0.209556
2.90977,0.125287,0.0944882,-0.0791107,0.209556
2.91002,-0.0582717,0.283465,-0.214792,0.209556
2.91027,-0.207924,0.456693,-0.307747,0.209556
2.91052,-0.309196,0.598425,-0.343067,0.209556
2.91077,-0.359471,0.692913,-0.336943,0.209556
2.91102,-0.366724,0.732283,-0.28044,0.209556
2.91127,-0.347255,0.716535,-0.197315,0.209556
2.91152,-0.320127,0.661417,-0.121081,0.209556
2.91177,-0.302081,0.566929,-0.0601212,0.209556
2.91202,-0.30301,0.440945,-0.0263592,0.209556
2.91227,-0.323155,0.299213,-0.0364526,0.209556
2.91252,-0.353004,0.15748,-0.0623786,0.209556
2.91277,-0.375988,0.023622,-0.0970623,0.209556
2.91302,-0.372894,-0.0944882,-0.132811,0.209556
2.91327,-0.326968,-0.212598,-0.138052,0.209556
2.91352,-0.229545,-0.322835,-0.0973687,0.209556
2.91377,-0.0824418,-0.425197,-0.0241874,0.209556
2.91402,0.100529,-0.511811,0.0871994,0.209556
2.91427,0.296445,-0.590551,0.210933,0.209556
2.91452,0.476731,-0.637795,0.324166,0.209556
2.91477,0.614112,-0.661417,0.415445,0.209556
2.91502,0.687102,-0.653543,0.436535,0.209556
2.91527,0.685373,-0.590551,0.414841,0.209556
2.91552,0.611529,-0.496063,0.330648,0.209556
2.91577,0.480188,-0.346457,0.202011,0.209556
2.91602,0.31509,-0.173228,0.0467719,0.209556
2.91627,0.143329,0.00787402,-0.0860165,0.209556
2.91652,-0.00992586,0.204724,-0.198892,0.209556
2.91677,-0.12726,0.377953,-0.263174,0.209556
2.91702,-0.201317,0.527559,-0.280533,0.209556
2.91727,-0.236242,0.629921,-0.258139,0.209556
2.91752,-0.244657,0.685039,-0.204008,0.209556
2.91777,-0.244376,0.692913,-0.135868,0.209556
2.91802,-0.251909,0.661417,-0.0798209,0.209556
2.91827,-0.278785,0.590551,-0.0608519,0.209556
2.91852,-0.327152,0.496063,-0.0632548,0.209556
2.91877,-0.389169,0.385827,-0.106707,0.209556
2.91902,-0.448725,0.267717,-0.148425,0.209556
2.91927,-0.485198,0.149606,-0.198962,0.209556
2.91952,-0.478699,0.023622,-0.220054,0.209556
2.91977,-0.415846,-0.0944882,-0.193505,0.209556
2.92002,-0.293291,-0.212598,-0.129914,0.209556
2.92027,-0.120073,-0.338583,-0.0158179,0.209556
2.92052,0.0840635,-0.456693,0.115029,0.209556
2.92077,0.291303,-0.566929,0.249197,0.209556
2.92102,0.472498,-0.645669,0.370465,0.209556
2.92127,0.601662,-0.700787,0.438432,0.209556
2.92152,0.662327,-0.700787,0.452509,0.209556
2.92177,0.650026,-0.661417,0.398032,0.209556
2.92202,0.573302,-0.566929,0.304714,0.209556
2.92227,0.450802,-0.433071,0.172993,0.209556
2.92252,0.307252,-0.259843,0.0370734,0.209556
2.92277,0.167692,-0.0708661,-0.0858006,0.209556
2.92302,0.0516609,0.11811,-0.168827,0.209556
2.92327,-0.0302031,0.299213,-0.208253,0.209556
2.92352,-0.0783404,0.440945,-0.209585,0.209556
2.92377,-0.102379,0.551181,-0.174574,0.209556
2.92402,-0.118554,0.622047,-0.117498,0.209556
2.92427,-0.143363,0.645669,-0.080752,0.22329
2.92452,-0.189856,0.637795,-0.0604406,0.22329
2.92477,-0.262327,0.598425,-0.0739396,0.22329
2.92502,-0.355075,0.543307,-0.113332,0.22329
2.92527,-0.452908,0.464567,-0.182076,0.22329
2.92552,-0.534371,0.370079,-0.2439,0.22329
2.92577,-0.576872,0.267717,-0.282039,0.22329
2.92602,-0.562091,0.149606,-0.277891,0.22329
2.92628,-0.481311,0.023622,-0.232747,0.22329
2.92653,-0.337388,-0.110236,-0.133131,0.22329
2.92678,-0.145872,-0.251969,-0.00260686,0.22329
2.92703,0.0685108,-0.401575,0.142512,0.22329
2.92728,0.275702,-0.535433,0.285025,0.22329
2.92753,0.44755,-0.637795,0.391552,0.22329
2.92778,0.561999,-0.708661,0.444409,0.22329
2.92803,0.608473,-0.740157,0.433156,0.22329
2.92828,0.588799,-0.708661,0.363276,0.22329
2.92853,0.516277,-0.622047,0.264867,0.22329
2.92878,0.412053,-0.496063,0.1373,0.22329
2.92903,0.299805,-0.330709,0.0200027,0.22329
2.92928,0.200024,-0.149606,-0.075711,0.22329
2.92953,0.125626,0.023622,-0.122099,0.22329
2.92978,0.0792375,0.19685,-0.136713,0.22329
2.93003,0.05382,0.346457,-0.114339,0.22329
2.93028,0.0345952,0.456693,-0.0762893,0.22329
2.93053,0.00494874,0.543307,-0.041232,0.22329
2.93078,-0.0498318,0.590551,-0.0279937,0.22329
2.93103,-0.136579,0.606299,-0.0406433,0.22329
2.93128,-0.252345,0.606299,-0.0946863,0.22329
2.93153,-0.383597,0.574803,-0.174466,0.22329
2.93178,-0.509034,0.535433,-0.249873,0.22329
2.93203,-0.603837,0.464567,-0.314283,0.22329
2.93228,-0.645534,0.385827,-0.345351,0.22329
2.93253,-0.619367,0.275591,-0.332257,0.22329
2.93278,-0.521962,0.141732,-0.259451,0.22329
2.93303,-0.362911,0,-0.13354,0.22329
2.93328,-0.162816,-0.165354,0.0122016,0.22329
2.93353,0.04994,-0.330709,0.170853,0.22329
2.93378,0.246093,-0.488189,0.297784,0.22329
2.93403,0.399902,-0.614173,0.384588,0.22329
2.93428,0.495398,-0.700787,0.417071,0.22329
2.93453,0.5282,-0.740157,0.393836,0.22329
2.93478,0.506052,-0.732283,0.314502,0.22329
2.93503,0.445773,-0.661417,0.213778,0.22329
2.93528,0.368883,-0.551181,0.109513,0.22329
2.93553,0.295835,-0.401575,0.0159094,0.22329
2.93578,0.240892,-0.23622,-0.0455255,0.22329
2.93603,0.209332,-0.0629921,-0.0572816,0.22329
2.93628,0.196039,0.0866142,-0.0471509,0.22329
2.93653,0.187915,0.23622,-0.0221618,0.22329
2.93678,0.167647,0.354331,0.00848765,0.22329
2.93703,0.119156,0.448819,0.026274,0.22329
2.93728,0.032128,0.519685,0.0105204,0.22329
2.93753,-0.0935114,0.566929,-0.0445517,0.22329
2.93778,-0.247188,0.598425,-0.133645,0.22329
2.93803,-0.40863,0.606299,-0.230672,0.22329
2.93828,-0.552127,0.590551,-0.317394,0.22329
2.93853,-0.651667,0.551181,-0.385302,0.22329
2.93878,-0.686997,0.488189,-0.39854,0.22329
2.93903,-0.64826,0.385827,-0.356411,0.22329
2.93928,-0.538209,0.251969,-0.257359,0.22329
2.93953,-0.372027,0.0944882,-0.125568,0.22329
2.93978,-0.174672,-0.0787402,0.0373716,0.22329
2.94003,0.0252481,-0.259843,0.183384,0.22329
2.94028,0.200014,-0.425197,0.296595,0.22329
2.94053,0.329527,-0.574803,0.366429,0.22329
2.94078,0.40402,-0.677165,0.377941,0.22329
2.94103,0.425909,-0.724409,0.338763,0.22329
2.94128,0.40748,-0.724409,0.258566,0.22329
2.94153,0.36759,-0.677165,0.168022,0.22329
2.94178,0.325826,-0.582677,0.0824805,0.22329
2.94203,0.29742,-0.456693,0.0316012,0.22329
2.94228,0.289487,-0.307087,0.00498901,0.22329
2.94253,0.299012,-0.15748,0.0172762,0.22329
2.94278,0.314123,-0.015748,0.046716,0.22329
2.94303,0.316993,0.110236,0.0755923,0.22329
2.94328,0.289835,0.23622,0.0964495,0.22329
2.94353,0.218864,0.338583,0.0860723,0.22329
2.94378,0.0999073,0.433071,0.0371464,0.22329
2.94403,-0.0603067,0.511811,-0.0473913,0.22329
2.94428,-0.24391,0.574803,-0.159305,0.22329
2.94453,-0.425608,0.622047,-0.280126,0.22329
2.94478,-0.577106,0.637795,-0.371912,0.22329
2.94503,-0.673615,0.622047,-0.43098,0.22329
2.94528,-0.698895,0.574803,-0.421939,0.22329
2.94553,-0.648704,0.480315,-0.358841,0.22329
2.94578,-0.53191,0.354331,-0.249252,0.22329
2.94603,-0.368424,0.188976,-0.107579,0.22329
2.94628,-0.184824,0.00787402,0.0437154,0.22329
2.94653,-0.00870635,-0.181102,0.178805,0.22329
2.94678,0.13672,-0.362205,0.275161,0.22329
2.94703,0.237881,-0.511811,0.316579,0.22329
2.94728,0.291962,-0.622047,0.312403,0.22329
2.94753,0.30736,-0.692913,0.266269,0.22329
2.94778,0.29962,-0.708661,0.195395,0.22329
2.94803,0.287406,-0.677165,0.121069,0.22329
2.94828,0.286448,-0.606299,0.0726105,0.22329
2.94853,0.305439,-0.503937,0.0528329,0.22329
2.94878,0.343401,-0.385827,0.0613214,0.22329
2.94903,0.389698,-0.259843,0.102531,0.22329
2.94928,0.42647,-0.133858,0.144684,0.22329
2.94953,0.433962,-0.00787402,0.17192,0.22329
2.94978,0.394859,0.110236,0.176069,0.22329
2.95003,0.300288,0.228346,0.133414,0.22329
2.95028,0.152171,0.346457,0.0511709,0.22329
2.95053,-0.035411,0.456693,-0.0664647,0.22329
2.95078,-0.239114,0.551181,-0.203634,0.22329
2.95104,-0.429941,0.622047,-0.328706,0.22329
2.95129,-0.579856,0.669291,-0.420179,0.22329
2.95154,-0.667066,0.685039,-0.452385,0.22329
2.95179,-0.680629,0.645669,-0.433564,0.22329
2.95204,-0.622436,0.566929,-0.346534,0.22329
2.95229,-0.506689,0.440945,-0.22169,0.22329
2.95254,-0.356114,0.275591,-0.0835081,0.22329
2.95279,-0.197093,0.0944882,0.0572349,0.22329
2.95304,-0.0539388,-0.0944882,0.168509,0.22329
2.95329,0.0566634,-0.275591,0.231397,0.22329
2.95354,0.128045,-0.433071,0.256393,0.22329
2.95379,0.16465,-0.559055,0.232983,0.22329
2.95404,0.179163,-0.637795,0.18557,0.22329
2.95429,0.189021,-0.669291,0.124766,0.22329
2.95454,0.210298,-0.661417,0.0788846,0.22329
2.95479,0.253368,-0.614173,0.0648732,0.22329
2.95504,0.319296,-0.543307,0.0817523,0.22329
2.95529,0.399132,-0.456693,0.129938,0.22329
2.95554,0.475392,-0.354331,0.181604,0.22329
2.95579,0.526604,-0.251969,0.235251,0.22329
2.95604,0.53224,-0.133858,0.25363,0.22329
2.95629,0.478114,-0.00787402,0.230573,0.22329
2.95654,0.360961,0.11811,0.155005,0.22329
2.95679,0.189368,0.251969,0.0436059,0.22329
2.95704,-0.016364,0.385827,-0.0942225,0.22329
2.95729,-0.228785,0.511811,-0.235197,0.22329
2.95754,-0.417747,0.614173,-0.359297,0.22329
2.95779,-0.557634,0.685039,-0.433299,0.22329
2.95804,-0.631165,0.716535,-0.448308,0.22329
2.95829,-0.633652,0.700787,-0.415112,0.22329
2.95854,-0.572799,0.629921,-0.313998,0.22329
2.95879,-0.466827,0.511811,-0.194426,0.22329
2.95904,-0.339381,0.354331,-0.0601526,0.22329
2.95929,-0.214515,0.173228,0.0594748,0.22329
2.95954,-0.110828,-0.00787402,0.140896,0.22329
2.95979,-0.0380062,-0.188976,0.179517,0.22329
2.96004,0.00509833,-0.346457,0.172761,0.22329
2.96029,0.028578,-0.472441,0.140489,0.22329
2.96054,0.0486834,-0.559055,0.0982803,0.22329
2.96079,0.081901,-0.614173,0.0607002,0.22329
2.96104,0.140419,-0.629921,0.0507761,0.22329
2.96129,0.227708,-0.614173,0.0746633,0.22329
2.96154,0.337105,-0.574803,0.12818,0.22329
2.96179,0.452053,-0.519685,0.193365,0.22329
2.96204,0.550287,-0.448819,0.26294,0.22329
2.96229,0.608184,-0.362205,0.312259,0.22329
2.96254,0.606755,-0.251969,0.314767,0.22329
2.96279,0.536631,-0.125984,0.264781,0.22329
2.96304,0.400432,0,0.175262,0.22329
2.96329,0.213456,0.15748,0.037626,0.22329
2.96354,0.000334018,0.314961,-0.11532,0.22329
2.96379,-0.208992,0.456693,-0.263272,0.22329
2.96404,-0.3861,0.590551,-0.375129,0.22329
2.96429,-0.509047,0.685039,-0.426146,0.22329
2.96454,-0.566964,0.732283,-0.426765,0.22329
2.96479,-0.561171,0.724409,-0.367332,0.22329
2.96504,-0.504649,0.669291,-0.276343,0.22329
2.96529,-0.417462,0.566929,-0.155213,0.22329
2.96554,-0.322372,0.417323,-0.045845,0.22329
2.96579,-0.238868,0.251969,0.0391165,0.22329
2.96604,-0.17858,0.0787402,0.094062,0.22329
2.96629,-0.143369,-0.0866142,0.101852,0.22329
2.96654,-0.125014,-0.23622,0.0823917,0.22329
2.96679,-0.108756,-0.370079,0.041841,0.22329
2.96704,-0.077074,-0.464567,0.018047,0.22329
2.96729,-0.0162309,-0.535433,0.00831361,0.22329
2.96754,0.0806111,-0.574803,0.0359192,0.22329
2.96779,0.209361,-0.598425,0.0977517,0.22329
2.96804,0.355705,-0.598425,0.180959,0.22329
2.96829,0.497285,-0.574803,0.270064,0.22329
2.96854,0.608435,-0.527559,0.33711,0.22329
2.96879,0.665815,-0.464567,0.378619,0.22329
2.96904,0.653959,-0.370079,0.358405,0.22329
2.96929,0.568958,-0.244094,0.28777,0.22329
2.96954,0.41993,-0.0944882,0.167033,0.22329
2.96979,0.227125,0.0629921,0.0182562,0.22329
2.97004,0.0184978,0.23622,-0.135843,0.22329
2.97029,-0.176678,0.401575,-0.271983,0.22329
2.97054,-0.333126,0.551181,-0.360225,0.22329
2.97079,-0.434869,0.661417,-0.405572,0.22329
2.97104,-0.477337,0.724409,-0.38012,0.22329
2.97129,-0.468176,0.732283,-0.318502,0.22329
2.97154,-0.423369,0.692913,-0.221935,0.22329
2.97179,-0.36369,0.598425,-0.125524,0.22329
2.97204,-0.30846,0.480315,-0.0454953,0.22329
2.97229,-0.270892,0.330709,0.00586198,0.22329
2.97254,-0.254929,0.173228,0.0299039,0.22329
2.97279,-0.254432,0.015748,0.0121192,0.22329
2.97304,-0.255514,-0.125984,-0.015506,0.22329
2.97329,-0.240037,-0.251969,-0.0484415,0.22329
2.97354,-0.192006,-0.362205,-0.0597459,0.22329
2.97379,-0.101158,-0.448819,-0.0361467,0.22329
2.97404,0.0321302,-0.519685,0.0245768,0.22329
2.97429,0.196716,-0.574803,0.121324,0.22329
2.97454,0.371288,-0.606299,0.231732,0.22329
2.97479,0.529583,-0.614173,0.336258,0.22329
2.97504,0.644692,-0.598425,0.401726,0.22329
2.97529,0.695695,-0.551181,0.418943,0.22329
2.97554,0.671995,-0.464567,0.388828,0.22329
2.9758,0.575772,-0.346457,0.295015,0.22329
2.97605,0.42182,-0.19685,0.158944,0.22329
2.9763,0.234147,-0.023622,-0.00242823,0.22329
2.97655,0.041496,0.149606,-0.148379,0.22329
2.9768,-0.129637,0.330709,-0.265825,0.22329
2.97705,-0.258991,0.488189,-0.336875,0.22329
2.9773,-0.337462,0.614173,-0.352336,0.22329
2.97755,-0.36719,0.692913,-0.323165,0.22329
2.9778,-0.36042,0.716535,-0.248643,0.22329
2.97805,-0.335139,0.692913,-0.169763,0.22329
2.9783,-0.310255,0.622047,-0.0992008,0.22329
2.97855,-0.299899,0.519685,-0.0450041,0.22329
2.9788,-0.309846,0.401575,-0.0310175,0.22329
2.97905,-0.335976,0.259843,-0.0459247,0.22329
2.9793,-0.365209,0.11811,-0.081856,0.22329
2.97955,-0.37899,-0.00787402,-0.119886,0.22329
2.9798,-0.358664,-0.133858,-0.135779,0.22329
2.98005,-0.290489,-0.244094,-0.122352,0.22329
2.9803,-0.170255,-0.354331,-0.0597057,0.22329
2.98055,-0.00493758,-0.456693,0.0335579,0.22329
2.9808,0.186898,-0.535433,0.151492,0.22329
2.98105,0.379586,-0.606299,0.279347,0.22329
2.9813,0.544121,-0.645669,0.386155,0.22329
2.98155,0.65516,-0.653543,0.443616,0.22329
2.9818,0.69571,-0.629921,0.44004,0.22329
2.98205,0.66107,-0.559055,0.38286,0.22329
2.9823,0.559403,-0.440945,0.277951,0.22329
2.98255,0.40988,-0.291339,0.13711,0.22329
2.9828,0.238621,-0.110236,-0.0162934,0.22329
2.98305,0.0722152,0.0708661,-0.151838,0.22329
2.9833,-0.0667534,0.251969,-0.246955,0.22329
2.98355,-0.165249,0.417323,-0.288628,0.22329
2.9838,-0.220961,0.551181,-0.282425,0.22329
2.98405,-0.242275,0.637795,-0.243349,0.22329
2.9843,-0.24453,0.677165,-0.180433,0.22329
2.98455,-0.245837,0.677165,-0.116195,0.22329
2.9848,-0.260995,0.629921,-0.0838876,0.22329
2.98505,-0.297689,0.559055,-0.0666123,0.22329
2.9853,-0.353619,0.456693,-0.0902125,0.22329
2.98555,-0.41695,0.346457,-0.127503,0.22329
2.9858,-0.468959,0.23622,-0.17696,0.22329
2.98605,-0.488531,0.110236,-0.208881,0.22329
2.9863,-0.45837,0,-0.207497,0.22329
2.98655,-0.368821,-0.125984,-0.167835,0.22329
2.9868,-0.222153,-0.251969,-0.0745005,0.22329
2.98705,-0.0322832,-0.377953,0.0433481,0.22329
2.9873,0.176838,-0.488189,0.19113,0.22329
2.98755,0.376248,-0.590551,0.317231,0.22329
2.9878,0.537146,-0.661417,0.413148,0.22329
2.98805,0.637469,-0.692913,0.456436,0.22329
2.9883,0.665693,-0.685039,0.447214,0.22329
2.98855,0.623226,-0.622047,0.371148,0.22329
2.9888,0.523462,-0.519685,0.252309,0.22329
2.98905,0.388605,-0.370079,0.115662,0.22329
2.9893,0.243892,-0.19685,-0.0217599,0.22329
2.98955,0.112787,-0.00787402,-0.134529,0.22329
2.9898,0.0111162,0.165354,-0.198603,0.22329
2.99005,-0.0551378,0.330709,-0.220735,0.22329
2.9903,-0.0910996,0.472441,-0.203459,0.22329
2.99055,-0.109436,0.566929,-0.158229,0.22329
2.9908,-0.127469,0.622047,-0.114386,0.22329
2.99105,-0.16067,0.645669,-0.0754585,0.22329
2.9913,-0.21871,0.622047,-0.0676818,0.22329
2.99155,-0.301439,0.582677,-0.0997727,0.22329
2.9918,-0.39882,0.519685,-0.148464,0.22329
2.99205,-0.492292,0.433071,-0.209654,0.22329
2.9923,-0.559115,0.338583,-0.266878,0.22329
2.99255,-0.578204,0.23622,-0.290344,0.22329
2.9928,-0.53472,0.110236,-0.263257,0.22329
2.99305,-0.424978,-0.00787402,-0.189883,0.22329
2.9933,-0.257518,-0.149606,-0.0733108,0.22329
2.99355,-0.0524913,-0.299213,0.0702934,0.22329
2.9938,0.162548,-0.440945,0.212507,0.22329
2.99405,0.357383,-0.559055,0.346422,0.22329
2.9943,0.50601,-0.653543,0.43097,0.22329
2.99455,0.591054,-0.708661,0.450411,0.22329
2.9948,0.607391,-0.716535,0.419309,0.22329
2.99505,0.562146,-0.677165,0.334717,0.22329
2.9953,0.472752,-0.582677,0.217506,0.22329
2.99555,0.362219,-0.440945,0.0892666,0.22329
2.9958,0.25325,-0.275591,-0.0225594,0.22329
2.99605,0.163666,-0.0944882,-0.105003,0.22329
2.9963,0.101881,0.0708661,-0.142175,0.22329
2.99655,0.0661373,0.23622,-0.130392,0.22329
2.9968,0.0454766,0.370079,-0.104803,0.22329
2.99705,0.0238365,0.480315,-0.0704707,0.22329
2.9973,-0.0155465,0.551181,-0.0473779,0.22329
2.99755,-0.0840862,0.590551,-0.038801,0.22329
2.9978,-0.184705,0.606299,-0.0792461,0.22329
2.99805,-0.309489,0.598425,-0.140875,0.22329
2.9983,-0.44117,0.566929,-0.217061,0.22329
2.99855,-0.556024,0.511811,-0.292094,0.22329
2.9988,-0.629834,0.440945,-0.348046,0.22329
2.99905,-0.642832,0.346457,-0.351835,0.22329
2.9993,-0.584933,0.228346,-0.307184,0.22329
2.99955,-0.458432,0.0944882,-0.208082,0.22329
2.9998,-0.278232,-0.0551181,-0.0685727,0.22329
3.00005,-0.0687663,-0.212598,0.0906572,0.22329
3.0003,0.140198,-0.377953,0.240245,0.22329
3.00056,0.320387,-0.519685,0.35119,0.22329
3.00081,0.449732,-0.637795,0.418357,0.22329
3.00106,0.517391,-0.708661,0.427939,0.22329
3.00131,0.524313,-0.732283,0.375893,0.22329
3.00156,0.482882,-0.700787,0.284923,0.22329
3.00181,0.412656,-0.622047,0.173129,0.22329
3.00206,0.335162,-0.496063,0.0722031,0.22329
3.00231,0.268828,-0.346457,-0.0131145,0.22329
3.00256,0.224176,-0.181102,-0.050584,0.22329
3.00281,0.201834,-0.015748,-0.0615091,0.22329
3.00306,0.19279,0.133858,-0.0355113,0.22329
3.00331,0.181606,0.267717,-0.0113254,0.22329
3.00356,0.150567,0.377953,0.0156521,0.22329
3.00381,0.0858027,0.464567,0.0173524,0.22329
3.00406,-0.0188989,0.535433,-0.0137917,0.22329
3.00431,-0.158828,0.574803,-0.0857838,0.22329
3.00456,-0.31894,0.598425,-0.178571,0.22329
3.00481,-0.47568,0.598425,-0.276164,0.22329
3.00506,-0.602796,0.574803,-0.357826,0.22329
3.00531,-0.676024,0.527559,-0.402971,0.22329
3.00556,-0.679183,0.448819,-0.393128,0.22329
3.00581,-0.607841,0.338583,-0.325785,0.22329
3.00606,-0.470513,0.19685,-0.202892,0.22329
3.00631,-0.287153,0.0393701,-0.0561965,0.22329
3.00656,-0.0849368,-0.133858,0.104134,0.22329
3.00681,0.106881,-0.307087,0.24344,0.22329
3.00706,0.263645,-0.472441,0.33771,0.22329
3.00731,0.369292,-0.598425,0.38447,0.22329
3.00756,0.419662,-0.685039,0.368046,0.22329
3.00781,0.421676,-0.724409,0.314856,0.22329
3.00806,0.391422,-0.708661,0.228463,0.22329
3.00831,0.348352,-0.645669,0.136961,0.22329
3.00856,0.310991,-0.543307,0.0648911,0.22329
3.00881,0.291344,-0.409449,0.0145435,0.22329
3.00906,0.292001,-0.267717,0.012486,0.22329
3.00931,0.305907,-0.11811,0.0310811,0.22329
3.00956,0.318029,0.015748,0.0587599,0.22329
3.00981,0.309734,0.149606,0.0848256,0.22329
3.01006,0.264445,0.267717,0.0909416,0.22329
3.01031,0.172174,0.370079,0.0593933,0.22329
3.01056,0.0335283,0.456693,-0.00432029,0.22329
3.01081,-0.139826,0.535433,-0.114568,0.22329
3.01106,-0.325991,0.590551,-0.227908,0.22329
3.01131,-0.497717,0.622047,-0.333382,0.22329
3.01156,-0.627643,0.629921,-0.419287,0.22329
3.01181,-0.69411,0.606299,-0.447081,0.22329
3.01206,-0.685822,0.543307,-0.413853,0.22329
3.01231,-0.604468,0.433071,-0.324366,0.22329
3.01256,-0.464108,0.299213,-0.193471,0.22329
3.01281,-0.288178,0.125984,-0.0345006,0.22329
3.01306,-0.10468,-0.0472441,0.109282,0.22329
3.01331,0.0602701,-0.228346,0.230909,0.22329
3.01356,0.187179,-0.401575,0.306857,0.22329
3.01381,0.267243,-0.543307,0.325535,0.22329
3.01406,0.302646,-0.637795,0.302214,0.22329
3.01431,0.305747,-0.692913,0.240077,0.22329
3.01456,0.293754,-0.692913,0.165902,0.22329
3.01481,0.284886,-0.653543,0.106409,0.22329
3.01506,0.292179,-0.574803,0.0631182,0.22329
3.01531,0.320246,-0.472441,0.0582732,0.22329
3.01556,0.363682,-0.346457,0.0777148,0.22329
3.01581,0.408226,-0.220472,0.11581,0.22329
3.01606,0.434582,-0.0944882,0.154609,0.22329
3.01631,0.423182,0.023622,0.173557,0.22329
3.01656,0.36013,0.149606,0.157489,0.22329
3.01681,0.240899,0.267717,0.0894872,0.22329
3.01706,0.073052,0.377953,-0.0114611,0.22329
3.01731,-0.125056,0.480315,-0.14225,0.22329
3.01756,-0.326569,0.566929,-0.267674,0.22329
3.01781,-0.502653,0.637795,-0.380815,0.22329
3.01806,-0.62701,0.669291,-0.445413,0.22329
3.01831,-0.682337,0.661417,-0.454621,0.22329
3.01856,-0.663247,0.614173,-0.408067,0.22329
3.01881,-0.577269,0.519685,-0.300822,0.22329
3.01906,-0.442956,0.385827,-0.16991,0.22329
3.01931,-0.285447,0.212598,-0.0140559,0.22329
3.01956,-0.130806,0.0314961,0.114269,0.22329
3.01981,-0.00052894,-0.149606,0.207449,0.22329
3.02006,0.0929615,-0.322835,0.251745,0.22329
3.02031,0.147801,-0.464567,0.249467,0.22329
3.02056,0.172839,-0.574803,0.221621,0.22329
3.02081,0.183064,-0.637795,0.166345,0.22329
3.02106,0.196214,-0.661417,0.114438,0.22329
3.02131,0.226275,-0.645669,0.0771841,0.22329
3.02156,0.279945,-0.590551,0.0783463,0.22329
3.02181,0.353637,-0.519685,0.114073,0.22329
3.02206,0.434431,-0.425197,0.161369,0.22329
3.02231,0.502448,-0.322835,0.210554,0.22329
3.02256,0.535782,-0.212598,0.247927,0.22329
3.02281,0.516221,-0.0944882,0.251598,0.22329
3.02306,0.433967,0.0314961,0.200045,0.22329
3.02331,0.291028,0.15748,0.111884,0.22329
3.02356,0.101272,0.299213,-0.0175187,0.22329
3.02381,-0.110946,0.425197,-0.162694,0.22329
3.02406,-0.316693,0.543307,-0.305651,0.22329
3.02431,-0.48678,0.629921,-0.412012,0.230815
3.02456,-0.59883,0.692913,-0.462921,0.230815
3.02481,-0.640849,0.700787,-0.451079,0.230815
3.02506,-0.613775,0.669291,-0.3804,0.230815
3.02532,-0.530302,0.582677,-0.272249,0.230815
3.02557,-0.411717,0.456693,-0.140435,0.230815
3.02582,-0.282732,0.299213,-0.0101196,0.230815
3.02607,-0.165314,0.11811,0.094527,0.230815
3.02632,-0.0747244,-0.0629921,0.157608,0.230815
3.02657,-0.015705,-0.228346,0.184248,0.230815
3.02682,0.0169535,-0.377953,0.164207,0.230815
3.02707,0.0369699,-0.488189,0.130522,0.230815
3.02732,0.0608558,-0.566929,0.0829828,0.230815
3.02757,0.1042,-0.606299,0.064326,0.230815
3.02782,0.175532,-0.622047,0.0712593,0.230815
3.02807,0.274033,-0.598425,0.110364,0.230815
3.02832,0.388348,-0.559055,0.164757,0.230815
3.02857,0.498942,-0.496063,0.241881,0.230815
3.02882,0.582125,-0.417323,0.294186,0.230815
3.02907,0.615627,-0.322835,0.321844,0.230815
3.02932,0.584415,-0.212598,0.305591,0.230815
3.02957,0.484083,-0.0787402,0.235346,0.230815
3.02982,0.322889,0.0551181,0.111504,0.230815
3.03007,0.121039,0.204724,-0.0358162,0.230815
3.03032,-0.0942019,0.362205,-0.195461,0.230815
3.03057,-0.292545,0.496063,-0.322754,0.230815
3.03082,-0.447956,0.614173,-0.415099,0.230815
3.03107,-0.542803,0.692913,-0.445458,0.230815
3.03132,-0.571761,0.724409,-0.42352,0.230815
3.03157,-0.541419,0.700787,-0.341497,0.230815
3.03182,-0.468555,0.629921,-0.234219,0.230815
3.03207,-0.375178,0.511811,-0.109269,0.230815
3.03232,-0.283216,0.370079,-0.00628757,0.230815
3.03257,-0.2091,0.19685,0.0603984,0.230815
3.03282,-0.160255,0.023622,0.0949025,0.230815
3.03307,-0.134039,-0.133858,0.0930898,0.230815
3.03332,-0.118566,-0.275591,0.0705234,0.230815
3.03357,-0.0976586,-0.393701,0.037629,0.230815
3.03382,-0.0544813,-0.488189,0.0150631,0.230815
3.03407,0.021993,-0.543307,0.0274785,0.230815
3.03432,0.134069,-0.582677,0.068762,0.230815
3.03457,0.272907,-0.598425,0.143857,0.230815
3.03482,0.420298,-0.590551,0.232849,0.230815
3.03507,0.551611,-0.559055,0.313843,0.230815
3.03532,0.641485,-0.503937,0.373386,0.230815
3.03557,0.669629,-0.425197,0.387087,0.230815
3.03582,0.625193,-0.322835,0.340395,0.230815
3.03607,0.510102,-0.19685,0.241623,0.230815
3.03632,0.338719,-0.0393701,0.102659,0.230815
3.03657,0.135331,0.11811,-0.0588387,0.230815
3.03682,-0.0709748,0.283465,-0.203345,0.230815
3.03707,-0.251693,0.448819,-0.327268,0.230815
3.03732,-0.385375,0.574803,-0.395251,0.230815
3.03757,-0.460741,0.669291,-0.405869,0.230815
3.03782,-0.478932,0.716535,-0.366626,0.230815
3.03807,-0.45156,0.716535,-0.284507,0.230815
3.03832,-0.397625,0.661417,-0.189063,0.230815
3.03857,-0.337832,0.559055,-0.0913756,0.230815
3.03882,-0.28924,0.433071,-0.0216319,0.230815
3.03907,-0.261338,0.283465,0.0166581,0.230815
3.03932,-0.253549,0.125984,0.0190822,0.230815
3.03957,-0.255694,-0.023622,-0.00438081,0.230815
3.03982,-0.251804,-0.165354,-0.035919,0.230815
3.04007,-0.223703,-0.283465,-0.0550859,0.230815
3.04032,-0.157505,-0.385827,-0.048445,0.230815
3.04057,-0.0471943,-0.472441,-0.0048667,0.230815
3.04082,0.101873,-0.535433,0.0800844,0.230815
3.04107,0.273971,-0.582677,0.182154,0.230815
3.04132,0.444811,-0.606299,0.29259,0.230815
3.04157,0.587069,-0.614173,0.379313,0.230815
3.04182,0.67598,-0.582677,0.424413,0.230815
3.04207,0.694612,-0.519685,0.424589,0.230815
3.04232,0.63788,-0.425197,0.350624,0.230815
3.04257,0.513676,-0.299213,0.241389,0.230815
3.04282,0.341617,-0.141732,0.0892132,0.230815
3.04307,0.148112,0.0314961,-0.0700673,0.230815
3.04332,-0.0380456,0.212598,-0.209815,0.230815
3.04357,-0.192669,0.377953,-0.306778,0.230815
3.04382,-0.299991,0.527559,-0.3592,0.230815
3.04407,-0.356055,0.637795,-0.35371,0.230815
3.04432,-0.367637,0.692913,-0.300615,0.230815
3.04457,-0.350338,0.708661,-0.221906,0.230815
3.04482,-0.323143,0.669291,-0.145423,0.230815
3.04507,-0.303337,0.590551,-0.0835527,0.230815
3.04532,-0.30181,0.480315,-0.0463978,0.230815
3.04557,-0.320003,0.354331,-0.0453394,0.230815
3.04582,-0.349459,0.220472,-0.0665336,0.230815
3.04607,-0.374248,0.0787402,-0.102584,0.230815
3.04632,-0.375195,-0.0393701,-0.127197,0.230815
3.04657,-0.334949,-0.165354,-0.126025,0.230815
3.04682,-0.243724,-0.283465,-0.0945198,0.230815
3.04707,-0.101974,-0.385827,-0.0187981,0.230815
3.04732,0.0778063,-0.480315,0.0914679,0.230815
3.04757,0.273627,-0.559055,0.223019,0.230815
3.04782,0.45732,-0.614173,0.337237,0.230815
3.04807,0.60096,-0.645669,0.423261,0.230815
3.04832,0.682304,-0.645669,0.462214,0.230815
3.04857,0.6895,-0.598425,0.433685,0.230815
3.04882,0.623525,-0.511811,0.352598,0.230815
3.04907,0.497919,-0.393701,0.221677,0.230815
3.04932,0.3354,-0.228346,0.0687735,0.230815
3.04957,0.163116,-0.0551181,-0.076798,0.230815
3.04982,0.0064923,0.125984,-0.195923,0.230815
3.05008,-0.115554,0.307087,-0.276497,0.230815
3.05033,-0.19482,0.456693,-0.302873,0.230815
3.05058,-0.233725,0.574803,-0.276498,0.230815
3.05083,-0.244497,0.645669,-0.224319,0.230815
3.05108,-0.244236,0.677165,-0.161826,0.230815
3.05133,-0.250174,0.661417,-0.102582,0.230815
3.05158,-0.274424,0.606299,-0.0783207,0.230815
3.05183,-0.320502,0.527559,-0.0809352,0.230815
3.05208,-0.381609,0.425197,-0.110424,0.230815
3.05233,-0.442486,0.314961,-0.157837,0.230815
3.05258,-0.482773,0.19685,-0.195347,0.230815
3.05283,-0.482193,0.0708661,-0.21093,0.230815
3.05308,-0.426391,-0.0472441,-0.194403,0.230815
3.05333,-0.310619,-0.173228,-0.129589,0.230815
3.05358,-0.142537,-0.299213,-0.020202,0.230815
3.05383,0.0592985,-0.417323,0.113228,0.230815
3.05408,0.26779,-0.527559,0.254951,0.230815
3.05433,0.453444,-0.614173,0.376531,0.230815
3.05458,0.589799,-0.669291,0.450933,0.230815
3.05483,0.659019,-0.685039,0.468117,0.230815
3.05508,0.655102,-0.661417,0.42564,0.230815
3.05533,0.585163,-0.590551,0.320879,0.230815
3.05558,0.466823,-0.464567,0.195617,0.230815
3.05583,0.324399,-0.314961,0.0459781,0.230815
3.05608,0.183201,-0.133858,-0.0744668,0.230815
3.05633,0.0636429,0.0393701,-0.171214,0.230815
3.05658,-0.0224372,0.220472,-0.217005,0.230815
3.05683,-0.0742114,0.377953,-0.216981,0.230815
3.05708,-0.100323,0.496063,-0.187063,0.230815
3.05733,-0.11654,0.582677,-0.145998,0.230815
3.05758,-0.139516,0.629921,-0.104179,0.230815
3.05783,-0.183043,0.637795,-0.0776262,0.230815
3.05808,-0.252535,0.614173,-0.0883853,0.230815
3.05833,-0.34359,0.566929,-0.129345,0.230815
3.05858,-0.441783,0.496063,-0.186948,0.230815
3.05883,-0.526374,0.401575,-0.24057,0.230815
3.05908,-0.574543,0.307087,-0.286752,0.230815
3.05933,-0.567208,0.188976,-0.288398,0.230815
3.05958,-0.494265,0.0629921,-0.23978,0.230815
3.05983,-0.357306,-0.0629921,-0.145338,0.230815
3.06008,-0.170148,-0.204724,-0.00796183,0.230815
3.06033,0.0429384,-0.346457,0.143002,0.230815
3.06058,0.252634,-0.480315,0.289399,0.230815
3.06083,0.429873,-0.590551,0.392189,0.230815
3.06108,0.551969,-0.669291,0.454048,0.230815
3.06133,0.606542,-0.708661,0.453096,0.230815
3.06158,0.59422,-0.700787,0.391667,0.230815
3.06183,0.526917,-0.637795,0.290791,0.230815
3.06208,0.425197,-0.527559,0.159008,0.230815
3.06233,0.312714,-0.385827,0.0399679,0.230815
3.06258,0.210612,-0.220472,-0.059863,0.230815
3.06283,0.132872,-0.0393701,-0.12333,0.230815
3.06308,0.0833691,0.125984,-0.143575,0.230815
3.06333,0.0561392,0.275591,-0.124296,0.230815
3.06358,0.0371385,0.401575,-0.0891251,0.230815
3.06383,0.00949667,0.503937,-0.0552698,0.230815
3.06408,-0.0417918,0.566929,-0.0421705,0.230815
3.06433,-0.124707,0.598425,-0.0570512,0.230815
3.06458,-0.237625,0.606299,-0.102264,0.230815
3.06483,-0.367978,0.590551,-0.181637,0.230815
3.06508,-0.495372,0.551181,-0.262633,0.230815
3.06533,-0.59504,0.488189,-0.321009,0.230815
3.06558,-0.643949,0.409449,-0.352215,0.230815
3.06583,-0.626187,0.307087,-0.339733,0.230815
3.06608,-0.536922,0.181102,-0.264845,0.230815
3.06633,-0.384249,0.0393701,-0.14463,0.230815
3.06658,-0.187611,-0.110236,0.00653106,0.230815
3.06683,0.0251968,-0.267717,0.159855,0.230815
3.06708,0.224786,-0.425197,0.30384,0.230815
3.06733,0.384623,-0.559055,0.399855,0.230815
3.06758,0.487464,-0.653543,0.431808,0.230815
3.06783,0.527455,-0.716535,0.413478,0.230815
3.06808,0.511047,-0.716535,0.343661,0.230815
3.06833,0.45417,-0.669291,0.242928,0.230815
3.06858,0.378104,-0.582677,0.136187,0.230815
3.06883,0.303661,-0.448819,0.0375775,0.230815
3.06908,0.246145,-0.299213,-0.0310097,0.230815
3.06933,0.211901,-0.133858,-0.0594045,0.230815
3.06958,0.197097,0.023622,-0.0568413,0.230815
3.06983,0.189225,0.173228,-0.0269768,0.230815
3.07008,0.17132,0.299213,-0.00287904,0.230815
3.07033,0.126731,0.409449,0.012893,0.230815
3.07058,0.0445727,0.488189,-0.00229218,0.230815
3.07083,-0.0769633,0.551181,-0.0504815,0.230815
3.07108,-0.228148,0.582677,-0.135,0.230815
3.07133,-0.390029,0.598425,-0.239046,0.230815
3.07158,-0.537005,0.590551,-0.326757,0.230815
3.07183,-0.642962,0.559055,-0.38997,0.230815
3.07208,-0.686615,0.503937,-0.409834,0.230815
3.07233,-0.656697,0.409449,-0.372298,0.230815
3.07258,-0.554474,0.291339,-0.270635,0.230815
3.07283,-0.393752,0.141732,-0.138109,0.230815
3.07308,-0.198611,-0.015748,0.0233834,0.230815
3.07333,0.00254203,-0.188976,0.180226,0.230815
3.07358,0.181495,-0.362205,0.293942,0.230815
3.07383,0.31708,-0.503937,0.368778,0.230815
3.07408,0.398096,-0.622047,0.396859,0.230815
3.07433,0.425764,-0.692913,0.362061,0.230815
3.07458,0.411173,-0.716535,0.289103,0.230815
3.07484,0.372762,-0.685039,0.196592,0.230815
3.07509,0.330237,-0.614173,0.108212,0.230815
3.07534,0.299749,-0.503937,0.0437075,0.230815
3.07559,0.289357,-0.370079,0.0119476,0.230815
3.07584,0.297287,-0.220472,0.012875,0.230815
3.07609,0.312588,-0.0787402,0.0412361,0.230815
3.07634,0.317858,0.0551181,0.0702909,0.230815
3.07659,0.295096,0.181102,0.0911106,0.230815
3.07684,0.229707,0.299213,0.0831472,0.230815
3.07709,0.116285,0.401575,0.0302342,0.230815
3.07734,-0.0398084,0.488189,-0.0616111,0.230815
3.07759,-0.221857,0.551181,-0.170332,0.230815
3.07784,-0.405251,0.606299,-0.284542,0.230815
3.07809,-0.5617,0.629921,-0.384343,0.230815
3.07834,-0.665735,0.622047,-0.446003,0.230815
3.07859,-0.699876,0.582677,-0.440133,0.230815
3.07884,-0.658359,0.503937,-0.383514,0.230815
3.07909,-0.548557,0.385827,-0.264766,0.230815
3.07934,-0.389172,0.244094,-0.120209,0.230815
3.07959,-0.206559,0.0708661,0.0320841,0.230815
3.07984,-0.0283254,-0.110236,0.173022,0.230815
3.08009,0.121745,-0.283465,0.277115,0.230815
3.08034,0.228335,-0.440945,0.325981,0.230815
3.08059,0.287867,-0.566929,0.32587,0.230815
3.08084,0.307019,-0.653543,0.282437,0.230815
3.08109,0.301135,-0.692913,0.212795,0.230815
3.08134,0.288469,-0.677165,0.147109,0.230815
3.08159,0.28562,-0.629921,0.093054,0.230815
3.08184,0.302098,-0.543307,0.0619399,0.230815
3.08209,0.338207,-0.433071,0.0681382,0.230815
3.08234,0.384337,-0.314961,0.0949293,0.230815
3.08259,0.423256,-0.181102,0.136639,0.230815
3.08284,0.435206,-0.0551181,0.165901,0.230815
3.08309,0.402244,0.0629921,0.163889,0.230815
3.08334,0.314341,0.188976,0.125857,0.230815
3.08359,0.172017,0.307087,0.0450954,0.230815
3.08384,-0.0119721,0.417323,-0.0710134,0.230815
3.08409,-0.215233,0.511811,-0.203386,0.230815
3.08434,-0.409091,0.590551,-0.329852,0.230815
3.08459,-0.565186,0.645669,-0.422568,0.230815
3.08484,-0.660528,0.669291,-0.464003,0.230815
3.08509,-0.682923,0.645669,-0.449452,0.230815
3.08534,-0.632655,0.582677,-0.369733,0.230815
3.08559,-0.522537,0.472441,-0.251245,0.230815
3.08584,-0.374792,0.322835,-0.0991383,0.230815
3.08609,-0.215404,0.15748,0.0418594,0.230815
3.08634,-0.0693307,-0.023622,0.162123,0.230815
3.08659,0.0456751,-0.204724,0.242396,0.230815
3.08684,0.121644,-0.370079,0.26629,0.230815
3.08709,0.16182,-0.503937,0.249037,0.230815
3.08734,0.178063,-0.590551,0.198624,0.230815
3.08759,0.187569,-0.645669,0.14596,0.230815
3.08784,0.206803,-0.653543,0.0981502,0.230815
3.08809,0.247047,-0.629921,0.0851738,0.230815
3.08834,0.310547,-0.574803,0.0933345,0.230815
3.08859,0.389514,-0.488189,0.137925,0.230815
3.08884,0.467265,-0.393701,0.186453,0.230815
3.08909,0.52257,-0.291339,0.235244,0.230815
3.08934,0.534476,-0.173228,0.252488,0.230815
3.08959,0.487889,-0.0472441,0.235471,0.230815
3.08984,0.37782,0.0787402,0.158901,0.230815
3.09009,0.21193,0.212598,0.0506353,0.230815
3.09034,0.00877668,0.338583,-0.0903174,0.230815
3.09059,-0.204318,0.464567,-0.238974,0.230815
3.09084,-0.397683,0.574803,-0.362922,0.230815
3.09109,-0.54431,0.653543,-0.448257,0.230815
3.09134,-0.626231,0.692913,-0.473325,0.230815
3.09159,-0.636882,0.685039,-0.431594,0.230815
3.09184,-0.582742,0.637795,-0.337783,0.230815
3.09209,-0.480937,0.543307,-0.220336,0.230815
3.09234,-0.354689,0.401575,-0.0765908,0.230815
3.09259,-0.2284,0.23622,0.0414365,0.230815
3.09284,-0.121507,0.0551181,0.12914,0.230815
3.09309,-0.0449041,-0.110236,0.176843,0.230815
3.09334,0.00133473,-0.275591,0.186517,0.230815
3.09359,0.026349,-0.417323,0.157036,0.230815
3.09384,0.0459629,-0.519685,0.113081,0.230815
3.09409,0.0768689,-0.582677,0.0822432,0.230815
3.09434,0.132028,-0.614173,0.0721849,0.230815
3.09459,0.21606,-0.614173,0.0858584,0.230815
3.09484,0.323544,-0.590551,0.133142,0.230815
3.09509,0.439003,-0.543307,0.20125,0.230815
3.09534,0.540373,-0.472441,0.268629,0.230815
3.09559,0.60414,-0.385827,0.317208,0.230815
3.09584,0.610403,-0.283465,0.317689,0.230815
3.09609,0.548464,-0.165354,0.274382,0.230815
3.09634,0.419492,-0.0314961,0.17992,0.230815
3.09659,0.237367,0.110236,0.0398329,0.230815
3.09684,0.0258086,0.259843,-0.109505,0.230815
3.09709,-0.185514,0.409449,-0.262042,0.230815
3.09734,-0.367732,0.535433,-0.375019,0.230815
3.09759,-0.49786,0.637795,-0.440042,0.230815
3.09784,-0.563612,0.700787,-0.448804,0.230815
3.09809,-0.564839,0.716535,-0.399036,0.230815
3.09834,-0.513352,0.677165,-0.298165,0.230815
3.09859,-0.428573,0.590551,-0.178671,0.230815
3.09884,-0.333289,0.464567,-0.0698663,0.230815
3.09909,-0.247625,0.314961,0.0234939,0.230815
3.09934,-0.184302,0.141732,0.0870839,0.230815
3.0996,-0.146386,-0.015748,0.100587,0.230815
3.09985,-0.126826,-0.173228,0.0839999,0.230815
3.1001,-0.111118,-0.314961,0.0575024,0.230815
3.10035,-0.0822663,-0.425197,0.0258181,0.230815
3.1006,-0.0252094,-0.503937,0.0194678,0.230815
3.10085,0.0672878,-0.566929,0.042349,0.230815
3.1011,0.192923,-0.590551,0.10459,0.230815
3.10135,0.338262,-0.598425,0.187859,0.230815
3.1016,0.481694,-0.582677,0.269746,0.230815
3.10185,0.59773,-0.543307,0.352775,0.230815
3.1021,0.662444,-0.480315,0.386308,0.230815
3.10235,0.659191,-0.393701,0.374577,0.230815
3.1026,0.582575,-0.275591,0.301517,0.230815
3.10285,0.440224,-0.141732,0.180722,0.230815
3.1031,0.251216,0.00787402,0.0255212,0.230815
3.10335,0.0429105,0.173228,-0.134552,0.230815
3.1036,-0.155296,0.338583,-0.268885,0.230815
3.10385,-0.31735,0.488189,-0.367706,0.230815
3.1041,-0.426015,0.606299,-0.414601,0.230815
3.10435,-0.475279,0.685039,-0.409375,0.230815
3.1046,-0.471505,0.716535,-0.346913,0.230815
3.10485,-0.429838,0.692913,-0.247302,0.230815
3.1051,-0.370831,0.629921,-0.152371,0.230815
3.10535,-0.314223,0.519685,-0.0638905,0.230815
3.1056,-0.274181,0.377953,0.00056184,0.230815
3.10585,-0.255789,0.228346,0.0204659,0.230815
3.1061,-0.254064,0.0708661,0.0155399,0.230815
3.10635,-0.255866,-0.0708661,-0.012938,0.230815
3.1066,-0.24333,-0.204724,-0.0369347,0.230815
3.10685,-0.199754,-0.322835,-0.0479457,0.230815
3.1071,-0.114146,-0.417323,-0.0211097,0.230815
3.10735,0.0145032,-0.496063,0.0329941,0.230815
3.1076,0.176346,-0.559055,0.130959,0.230815
3.10785,0.351036,-0.598425,0.231059,0.230815
3.1081,0.512704,-0.614173,0.3362,0.230815
3.10835,0.634139,-0.606299,0.412505,0.230815
3.1086,0.693478,-0.566929,0.432534,0.230815
3.10885,0.678711,-0.488189,0.39726,0.230815
3.1091,0.590485,-0.377953,0.303426,0.230815
3.10935,0.442222,-0.244094,0.172673,0.230815
3.1096,0.25706,-0.0787402,0.0125517,0.230815
3.10985,0.0635337,0.0866142,-0.137495,0.230815
3.1101,-0.111252,0.267717,-0.262791,0.230815
3.11035,-0.246346,0.433071,-0.349126,0.230815
3.1106,-0.330811,0.559055,-0.372074,0.230815
3.11085,-0.365832,0.653543,-0.340658,0.230815
3.1111,-0.362493,0.700787,-0.277928,0.230815
3.11135,-0.338449,0.692913,-0.191644,0.230815
3.1116,-0.312616,0.645669,-0.122164,0.230815
3.11185,-0.300079,0.559055,-0.0597962,0.230815
3.1121,-0.307679,0.440945,-0.0458419,0.230815
3.11235,-0.332409,0.314961,-0.0450479,0.230815
3.1126,-0.36217,0.173228,-0.0826328,0.230815
3.11285,-0.378778,0.0393701,-0.108807,0.230815
3.1131,-0.363322,-0.0866142,-0.127363,0.230815
3.11335,-0.301218,-0.212598,-0.118598,0.230815
3.1136,-0.186986,-0.322835,-0.0587211,0.230815
3.11385,-0.0262127,-0.425197,0.0343167,0.230815
3.1141,0.163717,-0.511811,0.154984,0.230815
3.11435,0.357819,-0.582677,0.277824,0.230815
3.1146,0.527095,-0.629921,0.384068,0.230815
3.11485,0.645527,-0.645669,0.452671,0.230815
3.1151,0.694867,-0.629921,0.458084,0.230815
3.11535,0.668906,-0.566929,0.40569,0.230815
3.1156,0.574312,-0.472441,0.293719,0.230815
3.11585,0.429152,-0.338583,0.157198,0.230815
3.1161,0.258946,-0.173228,-0.00485812,0.230815
3.11635,0.0907352,0,-0.138374,0.230815
3.1166,-0.0523497,0.188976,-0.244984,0.230815
3.11685,-0.155959,0.354331,-0.294289,0.230815
3.1171,-0.21638,0.496063,-0.303335,0.230815
3.11735,-0.241123,0.598425,-0.265664,0.230815
3.1176,-0.244673,0.661417,-0.200494,0.230815
3.11785,-0.245219,0.677165,-0.136306,0.230815
3.1181,-0.25816,0.645669,-0.0913984,0.230815
3.11835,-0.292238,0.590551,-0.0784624,0.230815
3.1186,-0.346335,0.503937,-0.0918039,0.230815
3.11885,-0.409668,0.393701,-0.130551,0.230815
3.1191,-0.464103,0.275591,-0.174372,0.230815
3.11935,-0.488503,0.15748,-0.204689,0.230815
3.1196,-0.464903,0.0314961,-0.203902,0.230815
3.11985,-0.382582,-0.0944882,-0.166526,0.230815
3.1201,-0.242032,-0.220472,-0.0738452,0.230815
3.12035,-0.056283,-0.338583,0.0467869,0.230815
3.1206,0.152145,-0.456693,0.189399,0.230815
3.12085,0.354159,-0.559055,0.316858,0.230815
3.1211,0.521007,-0.629921,0.42658,0.230815
3.12135,0.629252,-0.677165,0.47001,0.230815
3.1216,0.666192,-0.677165,0.461991,0.230815
3.12185,0.631559,-0.637795,0.389895,0.230815
3.1221,0.537523,-0.543307,0.268818,0.230815
3.12235,0.405401,-0.417323,0.131795,0.230815
3.1226,0.26062,-0.251969,-0.01046,0.230815
3.12285,0.126907,-0.0787402,-0.128013,0.230815
3.1231,0.0212424,0.102362,-0.198342,0.230815
3.12335,-0.0491177,0.267717,-0.231018,0.230815
3.1236,-0.0881186,0.417323,-0.2111,0.230815
3.12385,-0.107653,0.527559,-0.172976,0.230815
3.1241,-0.124844,0.598425,-0.126722,0.230815
3.12436,-0.15559,0.637795,-0.0903779,0.238685
3.12461,-0.210514,0.629921,-0.0859074,0.238685
3.12486,-0.290653,0.598425,-0.101899,0.238685
3.12511,-0.387139,0.543307,-0.150377,0.238685
3.12536,-0.482207,0.464567,-0.212728,0.238685
3.12561,-0.553337,0.370079,-0.26779,0.238685
3.12586,-0.578995,0.267717,-0.293261,0.238685
3.12611,-0.543306,0.149606,-0.269122,0.238685
3.12636,-0.44117,0.015748,-0.19727,0.238685
3.12661,-0.279583,-0.110236,-0.0852197,0.238685
3.12686,-0.0777233,-0.259843,0.0602611,0.238685
3.12711,0.137721,-0.393701,0.210104,0.238685
3.12736,0.336407,-0.519685,0.347661,0.238685
3.12761,0.491621,-0.622047,0.431851,0.238685
3.12786,0.584636,-0.685039,0.469325,0.238685
3.12811,0.608926,-0.708661,0.437919,0.238685
3.12836,0.570182,-0.677165,0.349468,0.238685
3.12861,0.484855,-0.606299,0.233849,0.238685
3.12886,0.375574,-0.480315,0.102759,0.238685
3.12911,0.265339,-0.330709,-0.0125951,0.238685
3.12936,0.172829,-0.15748,-0.0912917,0.238685
3.12961,0.107653,0.00787402,-0.142241,0.238685
3.12986,0.0692599,0.173228,-0.145159,0.238685
3.13011,0.0477182,0.322835,-0.113653,0.238685
3.13036,0.0269892,0.440945,-0.0801038,0.238685
3.13061,-0.00945902,0.527559,-0.0517353,0.238685
3.13086,-0.0743273,0.582677,-0.0561541,0.238685
3.13111,-0.171283,0.606299,-0.0823622,0.238685
3.13136,-0.29403,0.606299,-0.147839,0.238685
3.13161,-0.426013,0.574803,-0.222578,0.238685
3.13186,-0.544262,0.527559,-0.295623,0.238685
3.13211,-0.624007,0.464567,-0.349943,0.238685
3.13236,-0.644889,0.370079,-0.354448,0.238685
3.13261,-0.595471,0.259843,-0.312852,0.238685
3.13286,-0.476442,0.133858,-0.213832,0.238685
3.13311,-0.301504,-0.00787402,-0.0768665,0.238685
3.13336,-0.0939793,-0.165354,0.0789763,0.238685
3.13361,0.116587,-0.322835,0.234869,0.238685
3.13386,0.301489,-0.472441,0.355666,0.238685
3.13411,0.437613,-0.590551,0.428248,0.238685
3.13436,0.51273,-0.677165,0.443447,0.238685
3.13461,0.526345,-0.716535,0.394066,0.238685
3.13486,0.489695,-0.700787,0.308232,0.238685
3.13511,0.421725,-0.637795,0.193434,0.238685
3.13536,0.344009,-0.535433,0.092159,0.238685
3.13561,0.275625,-0.401575,0.00194252,0.238685
3.13586,0.228178,-0.244094,-0.0515626,0.238685
3.13611,0.203504,-0.0787402,-0.0596465,0.238685
3.13636,0.193604,0.0708661,-0.0513797,0.238685
3.13661,0.183603,0.220472,-0.0165942,0.238685
3.13686,0.155733,0.338583,0.00988288,0.238685
3.13711,0.0954884,0.440945,0.00446695,0.238685
3.13736,-0.00456701,0.511811,-0.0315592,0.238685
3.13761,-0.140928,0.566929,-0.0896049,0.238685
3.13786,-0.299762,0.598425,-0.184348,0.238685
3.13811,-0.458339,0.598425,-0.279761,0.238685
3.13836,-0.590214,0.582677,-0.369319,0.238685
3.13861,-0.670818,0.543307,-0.407682,0.238685
3.13886,-0.68271,0.472441,-0.4025,0.238685
3.13911,-0.619947,0.370079,-0.335653,0.238685
3.13936,-0.489544,0.23622,-0.219689,0.238685
3.13961,-0.310282,0.0866142,-0.065217,0.238685
3.13986,-0.108857,-0.0787402,0.0953697,0.238685
3.14011,0.0857124,-0.251969,0.23813,0.238685
3.14036,0.247526,-0.409449,0.344707,0.238685
3.14061,0.359767,-0.551181,0.392648,0.238685
3.14086,0.416394,-0.645669,0.385364,0.238685
3.14111,0.423499,-0.700787,0.337141,0.238685
3.14136,0.396004,-0.700787,0.251335,0.238685
3.14161,0.353449,-0.661417,0.160775,0.238685
3.14186,0.314624,-0.574803,0.0767201,0.238685
3.14211,0.292553,-0.456693,0.0316928,0.238685
3.14236,0.291106,-0.322835,0.00790128,0.238685
3.14261,0.304008,-0.173228,0.0228052,0.238685
3.14286,0.317278,-0.0314961,0.0543934,0.238685
3.14311,0.312329,0.102362,0.083227,0.238685
3.14336,0.272138,0.228346,0.0864704,0.238685
3.14361,0.185542,0.338583,0.0530719,0.238685
3.14386,0.0519742,0.433071,-0.0117464,0.238685
3.14411,-0.118269,0.511811,-0.113072,0.238685
3.14436,-0.304267,0.574803,-0.231228,0.238685
3.14461,-0.479167,0.614173,-0.340767,0.238685
3.14486,-0.615302,0.629921,-0.423169,0.238685
3.14511,-0.690064,0.606299,-0.450777,0.238685
3.14536,-0.690747,0.551181,-0.420308,0.238685
3.14561,-0.617489,0.464567,-0.340892,0.238685
3.14586,-0.482995,0.338583,-0.208049,0.238685
3.14611,-0.309828,0.181102,-0.0468532,0.238685
3.14636,-0.125779,0.00787402,0.106788,0.238685
3.14661,0.0425435,-0.165354,0.235359,0.238685
3.14686,0.174618,-0.338583,0.315242,0.238685
3.14711,0.260304,-0.488189,0.336015,0.238685
3.14736,0.300484,-0.598425,0.323978,0.238685
3.14761,0.306462,-0.669291,0.2611,0.238685
3.14786,0.295342,-0.685039,0.192126,0.238685
3.14811,0.285291,-0.661417,0.124001,0.238685
3.14836,0.290239,-0.598425,0.0803683,0.238685
3.14861,0.315985,-0.511811,0.06765,0.238685
3.14886,0.358159,-0.393701,0.0813378,0.238685
3.14912,0.403515,-0.267717,0.122395,0.238685
3.14937,0.433073,-0.141732,0.15795,0.238685
3.14962,0.42699,-0.00787402,0.171058,0.238685
3.14987,0.370469,0.110236,0.149558,0.238685
3.15012,0.25782,0.23622,0.0915267,0.238685
3.15037,0.0948246,0.346457,-0.0118143,0.238685
3.15062,-0.100883,0.456693,-0.141003,0.238685
3.15087,-0.303603,0.543307,-0.275161,0.238685
3.15112,-0.484087,0.614173,-0.385942,0.238685
3.15137,-0.61572,0.653543,-0.457788,0.238685
3.15162,-0.67968,0.661417,-0.470776,0.238685
3.15187,-0.669232,0.622047,-0.422605,0.238685
3.15212,-0.59037,0.543307,-0.325051,0.238685
3.15237,-0.460497,0.425197,-0.187053,0.238685
3.15262,-0.304325,0.267717,-0.0369146,0.238685
3.15287,-0.148037,0.0944882,0.0992883,0.238685
3.15312,-0.0140889,-0.0866142,0.206582,0.238685
3.15337,0.0840501,-0.259843,0.255768,0.238685
3.15362,0.143163,-0.417323,0.262086,0.238685
3.15387,0.170932,-0.535433,0.234123,0.238685
3.15412,0.182056,-0.614173,0.179673,0.238685
3.15437,0.194026,-0.653543,0.134851,0.238685
3.15462,0.221559,-0.653543,0.09834,0.238685
3.15487,0.272429,-0.614173,0.0908387,0.238685
3.15512,0.344255,-0.551181,0.111095,0.238685
3.15537,0.425151,-0.464567,0.155898,0.238685
3.15562,0.495815,-0.362205,0.208505,0.238685
3.15587,0.534295,-0.251969,0.250803,0.238685
3.15612,0.521669,-0.125984,0.242551,0.238685
3.15637,0.44694,0,0.201138,0.238685
3.15662,0.310655,0.125984,0.112692,0.238685
3.15687,0.125309,0.259843,-0.0204195,0.238685
3.15712,-0.0857095,0.385827,-0.165666,0.238685
3.15737,-0.293808,0.503937,-0.305684,0.238685
3.15762,-0.469422,0.606299,-0.413187,0.238685
3.15787,-0.589171,0.669291,-0.466657,0.238685
3.15812,-0.639596,0.692913,-0.466998,0.238685
3.15837,-0.620245,0.669291,-0.397638,0.238685
3.15862,-0.542423,0.606299,-0.288841,0.238685
3.15887,-0.426703,0.496063,-0.158644,0.238685
3.15912,-0.297631,0.346457,-0.0219004,0.238685
3.15937,-0.177942,0.173228,0.0909152,0.238685
3.15962,-0.0837319,0,0.156757,0.238685
3.15987,-0.0210727,-0.173228,0.186395,0.238685
3.16012,0.0141043,-0.322835,0.180958,0.238685
3.16037,0.0346558,-0.448819,0.140433,0.238685
3.16062,0.057306,-0.543307,0.107746,0.238685
3.16087,0.0976492,-0.598425,0.0788099,0.238685
3.16112,0.165614,-0.622047,0.0809225,0.238685
3.16137,0.261253,-0.614173,0.114041,0.238685
3.16162,0.374641,-0.574803,0.173834,0.238685
3.16187,0.486867,-0.519685,0.243048,0.238685
3.16212,0.574511,-0.448819,0.296803,0.238685
3.16237,0.614871,-0.354331,0.324575,0.238685
3.16262,0.591704,-0.244094,0.305698,0.238685
3.16287,0.499323,-0.11811,0.232831,0.238685
3.16312,0.344449,0.015748,0.124032,0.238685
3.16337,0.145982,0.165354,-0.0291351,0.238685
3.16362,-0.0691784,0.314961,-0.18744,0.238685
3.16387,-0.270986,0.456693,-0.328128,0.238685
3.16412,-0.432582,0.574803,-0.421737,0.238685
3.16437,-0.53506,0.661417,-0.458175,0.238685
3.16462,-0.571682,0.708661,-0.434007,0.238685
3.16487,-0.547603,0.700787,-0.360472,0.238685
3.16512,-0.478658,0.653543,-0.25362,0.238685
3.16537,-0.386497,0.551181,-0.127664,0.238685
3.16562,-0.293368,0.417323,-0.0256774,0.238685
3.16587,-0.216554,0.259843,0.0583452,0.238685
3.16612,-0.16467,0.0866142,0.0991856,0.238685
3.16637,-0.136254,-0.0708661,0.102823,0.238685
3.16662,-0.120299,-0.228346,0.0791865,0.238685
3.16687,-0.100964,-0.354331,0.0492123,0.238685
3.16712,-0.0611258,-0.456693,0.0267805,0.238685
3.16737,0.0110971,-0.527559,0.0338445,0.238685
3.16762,0.119231,-0.574803,0.0779696,0.238685
3.16787,0.255689,-0.598425,0.147323,0.238685
3.16812,0.403276,-0.598425,0.234094,0.238685
3.16837,0.537825,-0.574803,0.31483,0.238685
3.16862,0.633848,-0.527559,0.375474,0.238685
3.16887,0.669978,-0.448819,0.385285,0.238685
3.16912,0.634244,-0.354331,0.349126,0.238685
3.16937,0.526958,-0.228346,0.25084,0.238685
3.16962,0.361005,-0.0787402,0.116706,0.238685
3.16987,0.160002,0.0708661,-0.0495803,0.238685
3.17012,-0.0473962,0.23622,-0.200048,0.238685
3.17037,-0.232536,0.393701,-0.332247,0.238685
3.17062,-0.372464,0.535433,-0.406657,0.238685
3.17087,-0.454981,0.637795,-0.422852,0.238685
3.17112,-0.479404,0.700787,-0.38376,0.238685
3.17137,-0.45658,0.708661,-0.308603,0.238685
3.17162,-0.404652,0.677165,-0.206221,0.238685
3.17187,-0.344574,0.590551,-0.103472,0.238685
3.17212,-0.294004,0.472441,-0.027852,0.238685
3.17237,-0.263468,0.330709,0.0101479,0.238685
3.17262,-0.253662,0.181102,0.0249423,0.238685
3.17287,-0.255379,0.023622,0.00552869,0.238685
3.17312,-0.253164,-0.11811,-0.0248934,0.238685
3.17337,-0.228755,-0.244094,-0.038629,0.238685
3.17362,-0.167555,-0.354331,-0.0370187,0.238685
3.17388,-0.0623669,-0.448819,0.000818836,0.238685
3.17413,0.0827356,-0.519685,0.0817889,0.238685
3.17438,0.253263,-0.574803,0.180088,0.238685
3.17463,0.425646,-0.606299,0.284626,0.238685
3.17488,0.572741,-0.614173,0.383527,0.238685
3.17513,0.668928,-0.590551,0.428785,0.238685
3.17538,0.696352,-0.535433,0.432149,0.238685
3.17563,0.648329,-0.448819,0.369702,0.238685
3.17588,0.53125,-0.330709,0.25089,0.238685
3.17613,0.363547,-0.188976,0.0999718,0.238685
3.17638,0.171042,-0.015748,-0.0548581,0.238685
3.17663,-0.0173693,0.149606,-0.202275,0.238685
3.17688,-0.176735,0.322835,-0.314991,0.238685
3.17713,-0.290061,0.472441,-0.370422,0.238685
3.17738,-0.352014,0.598425,-0.371796,0.238685
3.17763,-0.368144,0.669291,-0.323979,0.238685
3.17788,-0.353286,0.700787,-0.250493,0.238685
3.17813,-0.326271,0.677165,-0.16065,0.238685
3.17838,-0.304858,0.622047,-0.0974571,0.238685
3.17863,-0.300897,0.519685,-0.0512498,0.238685
3.17888,-0.317018,0.401575,-0.0493381,0.238685
3.17913,-0.345942,0.267717,-0.0622328,0.238685
3.17938,-0.372175,0.125984,-0.0913464,0.238685
3.17963,-0.376917,0,-0.119822,0.238685
3.17988,-0.34221,-0.133858,-0.119779,0.238685
3.18013,-0.257195,-0.251969,-0.0868106,0.238685
3.18038,-0.121086,-0.362205,-0.0193472,0.238685
3.18063,0.0553119,-0.456693,0.0930331,0.238685
3.18088,0.250543,-0.543307,0.221541,0.238685
3.18113,0.43726,-0.606299,0.339075,0.238685
3.18138,0.586873,-0.637795,0.427081,0.238685
3.18163,0.676462,-0.645669,0.463533,0.238685
3.18188,0.692593,-0.606299,0.447571,0.238685
3.18213,0.634758,-0.535433,0.36876,0.238685
3.18238,0.515185,-0.425197,0.239978,0.238685
3.18263,0.355576,-0.275591,0.0788172,0.238685
3.18288,0.183029,-0.110236,-0.0675721,0.238685
3.18313,0.0234018,0.0708661,-0.192245,0.238685
3.18338,-0.103361,0.244094,-0.2814,0.238685
3.18363,-0.187755,0.409449,-0.305379,0.238685
3.18388,-0.230926,0.535433,-0.291981,0.238685
3.18413,-0.244184,0.622047,-0.24737,0.238685
3.18438,-0.244188,0.669291,-0.181053,0.238685
3.18463,-0.248705,0.669291,-0.12772,0.238685
3.18488,-0.270414,0.629921,-0.0925215,0.238685
3.18513,-0.314074,0.559055,-0.0825839,0.238685
3.18538,-0.37413,0.464567,-0.114052,0.238685
3.18563,-0.435962,0.354331,-0.148168,0.238685
3.18588,-0.479776,0.23622,-0.188957,0.238685
3.18613,-0.484909,0.110236,-0.207748,0.238685
3.18638,-0.436079,-0.015748,-0.191116,0.238685
3.18663,-0.327206,-0.141732,-0.125734,0.238685
3.18688,-0.164523,-0.267717,-0.0200781,0.238685
3.18713,0.0346311,-0.385827,0.115936,0.238685
3.18738,0.243864,-0.496063,0.259013,0.238685
3.18763,0.433696,-0.590551,0.379415,0.238685
3.18788,0.576991,-0.653543,0.453961,0.238685
3.18813,0.654683,-0.677165,0.475254,0.238685
3.18838,0.659249,-0.661417,0.436891,0.238685
3.18863,0.596347,-0.606299,0.344714,0.238685
3.18888,0.48251,-0.496063,0.212693,0.238685
3.18913,0.34157,-0.362205,0.0610007,0.238685
3.18938,0.199024,-0.188976,-0.067504,0.238685
3.18963,0.0760931,-0.00787402,-0.163348,0.238685
3.18988,-0.0141815,0.15748,-0.216943,0.238685
3.19013,-0.0695987,0.322835,-0.234289,0.238685
3.19038,-0.0981246,0.456693,-0.202905,0.238685
3.19063,-0.114421,0.559055,-0.15612,0.238685
3.19088,-0.135964,0.614173,-0.117618,0.238685
3.19113,-0.176523,0.637795,-0.0866954,0.238685
3.19138,-0.243055,0.629921,-0.0904296,0.238685
3.19163,-0.33211,0.582677,-0.128768,0.238685
3.19188,-0.430472,0.519685,-0.18556,0.238685
3.19213,-0.517893,0.433071,-0.240221,0.238685
3.19238,-0.571435,0.338583,-0.279114,0.238685
3.19263,-0.571445,0.220472,-0.289582,0.238685
3.19288,-0.506316,0.0944882,-0.239008,0.238685
3.19313,-0.376403,-0.0314961,-0.149573,0.238685
3.19338,-0.194056,-0.165354,-0.0186324,0.238685
3.19363,0.0174394,-0.307087,0.137636,0.238685
3.19388,0.229108,-0.440945,0.277369,0.238685
3.19413,0.41152,-0.559055,0.400571,0.238685
3.19438,0.54099,-0.645669,0.463374,0.238685
3.19463,0.603728,-0.692913,0.468301,0.238685
3.19488,0.598796,-0.700787,0.413855,0.238685
3.19513,0.537084,-0.653543,0.311554,0.238685
3.19538,0.438195,-0.559055,0.176695,0.238685
3.19563,0.325778,-0.433071,0.0575953,0.238685
3.19588,0.221524,-0.275591,-0.0561297,0.238685
3.19613,0.140524,-0.0944882,-0.123715,0.238685
3.19638,0.0878181,0.0708661,-0.151857,0.238685
3.19663,0.0585784,0.228346,-0.136999,0.238685
3.19688,0.0394639,0.370079,-0.104478,0.238685
3.19713,0.0137082,0.472441,-0.0754941,0.238685
3.19738,-0.0342047,0.551181,-0.0568891,0.238685
3.19763,-0.113264,0.598425,-0.0692232,0.238685
3.19788,-0.2231,0.614173,-0.107514,0.238685
3.19813,-0.352322,0.598425,-0.184003,0.238685
3.19839,-0.481325,0.566929,-0.256546,0.238685
3.19864,-0.585531,0.511811,-0.326662,0.238685
3.19889,-0.641426,0.433071,-0.359093,0.238685
3.19914,-0.632001,0.330709,-0.3449,0.238685
3.19939,-0.550987,0.212598,-0.273383,0.238685
3.19964,-0.40497,0.0787402,-0.161059,0.238685
3.19989,-0.212176,-0.0708661,-0.000160444,0.238685
3.20014,0.000356899,-0.228346,0.157246,0.238685
3.20039,0.202798,-0.385827,0.298808,0.238685
3.20064,0.368538,-0.519685,0.403418,0.238685
3.20089,0.478543,-0.622047,0.442965,0.238685
3.20114,0.525856,-0.692913,0.429221,0.238685
3.20139,0.515417,-0.716535,0.361072,0.238685
3.20164,0.462302,-0.685039,0.260033,0.238685
3.20189,0.387352,-0.606299,0.153973,0.238685
3.20214,0.311769,-0.488189,0.0500262,0.238685
3.20239,0.251786,-0.346457,-0.0263303,0.238685
3.20264,0.21475,-0.188976,-0.0622832,0.238685
3.20289,0.19816,-0.023622,-0.0626955,0.238685
3.20314,0.190298,0.125984,-0.0390197,0.238685
3.20339,0.174495,0.259843,-0.0142476,0.238685
3.20364,0.133771,0.377953,0.00629912,0.238685
3.20389,0.056344,0.472441,-0.0080466,0.238685
3.20414,-0.0608416,0.535433,-0.0628347,0.238685
3.20439,-0.209347,0.582677,-0.136662,0.238685
3.20464,-0.371226,0.606299,-0.23426,0.238685
3.20489,-0.521343,0.598425,-0.331951,0.238685
3.20514,-0.633383,0.574803,-0.393414,0.238685
3.20539,-0.685206,0.519685,-0.414484,0.238685
3.20564,-0.664117,0.433071,-0.380557,0.238685
3.20589,-0.569918,0.322835,-0.289895,0.238685
3.20614,-0.414991,0.181102,-0.15325,0.238685
3.20639,-0.222373,0.023622,0.00715014,0.238685
3.20664,-0.0204786,-0.141732,0.167281,0.238685
3.20689,0.162359,-0.307087,0.294884,0.238685
3.20714,0.303864,-0.464567,0.378815,0.238685
3.20739,0.391474,-0.590551,0.4017,0.238685
3.20764,0.425027,-0.669291,0.373235,0.238685
3.20789,0.414532,-0.708661,0.303907,0.238685
3.20814,0.377883,-0.692913,0.208495,0.238685
3.20839,0.334877,-0.637795,0.120485,0.238685
3.20864,0.302371,-0.535433,0.0585707,0.238685
3.20889,0.289494,-0.409449,0.0171567,0.238685
3.20914,0.295672,-0.267717,0.0151021,0.238685
3.20939,0.310919,-0.125984,0.0342079,0.238685
3.20964,0.318327,0.015748,0.0654227,0.238685
3.20989,0.299756,0.149606,0.0789721,0.238685
3.21014,0.239989,0.275591,0.0704924,0.238685
3.21039,0.132058,0.377953,0.0240942,0.238685
3.21064,-0.0196265,0.472441,-0.0549474,0.238685
3.21089,-0.199826,0.543307,-0.168336,0.238685
3.21114,-0.384438,0.598425,-0.281115,0.238685
3.21139,-0.545559,0.622047,-0.385174,0.238685
3.21164,-0.656888,0.622047,-0.44243,0.238685
3.21189,-0.699793,0.590551,-0.447011,0.238685
3.21214,-0.667078,0.519685,-0.396716,0.238685
3.21239,-0.564508,0.417323,-0.282522,0.238685
3.21264,-0.409768,0.283465,-0.136815,0.238685
3.21289,-0.228362,0.11811,0.0253375,0.238685
3.21314,-0.0482335,-0.0551181,0.164342,0.238685
3.21339,0.106155,-0.228346,0.282024,0.238685
3.21364,0.218282,-0.393701,0.337099,0.238685
3.21389,0.283205,-0.527559,0.339922,0.238685
3.21414,0.306428,-0.629921,0.300128,0.238685
3.21439,0.30256,-0.677165,0.235345,0.238685
3.21464,0.289737,-0.685039,0.160506,0.238685
3.21489,0.285075,-0.645669,0.104354,0.238685
3.21514,0.299047,-0.574803,0.0771687,0.238685
3.21539,0.333162,-0.472441,0.0745348,0.238685
3.21564,0.378883,-0.354331,0.0955708,0.238685
3.21589,0.419761,-0.228346,0.137658,0.238685
3.21614,0.43582,-0.0944882,0.164316,0.238685
3.21639,0.408852,0.0314961,0.165551,0.238685
3.21664,0.327627,0.15748,0.125242,0.238685
3.21689,0.191229,0.283465,0.0506044,0.238685
3.21714,0.0111937,0.393701,-0.0723226,0.238685
3.21739,-0.191223,0.496063,-0.198958,0.238685
3.21764,-0.38771,0.574803,-0.327327,0.238685
3.21789,-0.549608,0.629921,-0.426708,0.238685
3.21814,-0.652964,0.661417,-0.480049,0.238685
3.21839,-0.684195,0.645669,-0.461423,0.238685
3.21864,-0.642034,0.598425,-0.387895,0.238685
3.21889,-0.537953,0.503937,-0.262327,0.238685
3.21914,-0.393313,0.370079,-0.119278,0.238685
3.21939,-0.233908,0.204724,0.0288689,0.238685
3.21964,-0.0851679,0.023622,0.160181,0.238685
3.21989,0.0341323,-0.149606,0.24187,0.238685
3.22014,0.114734,-0.314961,0.269356,0.238685
3.22039,0.158534,-0.456693,0.259686,0.238685
3.22064,0.176868,-0.566929,0.217689,0.238685
3.22089,0.186159,-0.629921,0.165527,0.238685
3.22114,0.203561,-0.661417,0.112326,0.238685
3.22139,0.241005,-0.645669,0.0933462,0.238685
3.22164,0.302025,-0.598425,0.106163,0.238685
3.22189,0.379885,-0.527559,0.1336,0.238685
3.22214,0.458923,-0.433071,0.185456,0.238685
3.22239,0.517981,-0.322835,0.230847,0.238685
3.22264,0.535889,-0.204724,0.255407,0.238685
3.22289,0.496671,-0.0787402,0.230294,0.238685
3.22315,0.393925,0.0393701,0.16702,0.238685
3.2234,0.233846,0.173228,0.0546876,0.238685
3.22365,0.0337742,0.307087,-0.0872221,0.238685
3.2239,-0.179687,0.433071,-0.239135,0.238685
3.22415,-0.376893,0.543307,-0.362719,0.238685
3.2244,-0.530155,0.629921,-0.446421,0.242358
3.22465,-0.620294,0.677165,-0.480745,0.242358
3.2249,-0.639235,0.685039,-0.447516,0.242358
3.22515,-0.592016,0.653543,-0.362918,0.242358
3.2254,-0.494686,0.566929,-0.235163,0.242358
3.22565,-0.370004,0.440945,-0.0988536,0.242358
3.2259,-0.242566,0.291339,0.0300484,0.242358
3.22615,-0.13262,0.110236,0.128584,0.242358
3.2264,-0.052276,-0.0551181,0.183238,0.242358
3.22665,-0.00272954,-0.228346,0.18881,0.242358
3.2269,0.0240419,-0.370079,0.170335,0.242358
3.22715,0.0434049,-0.488189,0.130621,0.242358
3.2274,0.0721172,-0.566929,0.0948874,0.242358
3.22765,0.124051,-0.614173,0.0807775,0.242358
3.2279,0.20475,-0.622047,0.0966102,0.242358
3.22815,0.310104,-0.606299,0.144864,0.242358
3.2284,0.425666,-0.566929,0.202377,0.242358
3.22865,0.529933,-0.496063,0.268909,0.242358
3.2289,0.599289,-0.417323,0.312784,0.242358
3.22915,0.613091,-0.314961,0.328528,0.242358
3.2294,0.559372,-0.19685,0.28525,0.242358
3.22965,0.437802,-0.0629921,0.186158,0.242358
3.2299,0.260865,0.0708661,0.0561615,0.242358
3.23015,0.0512854,0.220472,-0.108128,0.242358
3.2304,-0.161624,0.370079,-0.256658,0.242358
3.23065,-0.348516,0.503937,-0.376307,0.242358
3.2309,-0.485765,0.614173,-0.451504,0.242358
3.23115,-0.559271,0.685039,-0.461358,0.242358
3.2314,-0.567764,0.708661,-0.414061,0.242358
3.23165,-0.521466,0.685039,-0.318322,0.242358
3.2319,-0.439542,0.622047,-0.201202,0.242358
3.23215,-0.344375,0.503937,-0.0771121,0.242358
3.2324,-0.256707,0.362205,0.0152254,0.242358
3.23265,-0.190488,0.19685,0.0832563,0.242358
3.2329,-0.149667,0.0314961,0.109248,0.242358
3.23315,-0.128582,-0.125984,0.100446,0.242358
3.2334,-0.113294,-0.275591,0.0702834,0.242358
3.23365,-0.0868677,-0.393701,0.0444069,0.242358
3.2339,-0.0336808,-0.488189,0.028289,0.242358
3.23415,0.054538,-0.559055,0.0489837,0.242358
3.2344,0.176771,-0.598425,0.10482,0.242358
3.23465,0.320769,-0.606299,0.188792,0.242358
3.2349,0.46572,-0.598425,0.270002,0.242358
3.23515,0.586311,-0.559055,0.349366,0.242358
3.2354,0.658118,-0.503937,0.387359,0.242358
3.23565,0.663391,-0.417323,0.379977,0.242358
3.2359,0.595266,-0.307087,0.314258,0.242358
3.23615,0.459864,-0.173228,0.19346,0.242358
3.2364,0.275036,-0.023622,0.0426465,0.242358
3.23665,0.0674687,0.133858,-0.125005,0.242358
3.2369,-0.133471,0.299213,-0.267653,0.242358
3.23715,-0.300818,0.448819,-0.379312,0.242358
3.2374,-0.416324,0.574803,-0.429387,0.242358
3.23765,-0.472472,0.661417,-0.416889,0.242358
3.2379,-0.474215,0.708661,-0.357016,0.242358
3.23815,-0.436068,0.700787,-0.262835,0.242358
3.2384,-0.378014,0.653543,-0.16186,0.242358
3.23865,-0.320229,0.551181,-0.0671938,0.242358
3.2389,-0.27777,0.425197,-0.00935999,0.242358
3.23915,-0.256892,0.275591,0.0238773,0.242358
3.2394,-0.253751,0.11811,0.0237653,0.242358
3.23965,-0.256021,-0.023622,-0.00325119,0.242358
3.2399,-0.246102,-0.165354,-0.0258794,0.242358
3.24015,-0.206908,-0.291339,-0.0375982,0.242358
3.2404,-0.126642,-0.401575,-0.0222909,0.242358
3.24065,-0.00265223,-0.488189,0.033287,0.242358
3.2409,0.156066,-0.551181,0.121143,0.242358
3.24115,0.330604,-0.590551,0.227761,0.242358
3.2414,0.495206,-0.614173,0.330149,0.242358
3.24165,0.622714,-0.606299,0.410457,0.242358
3.2419,0.690217,-0.574803,0.438749,0.242358
3.24215,0.684376,-0.503937,0.403191,0.242358
3.2424,0.604408,-0.409449,0.318748,0.242358
3.24265,0.462108,-0.275591,0.182549,0.242358
3.2429,0.279954,-0.11811,0.02642,0.242358
3.24315,0.0857597,0.0393701,-0.134167,0.242358
3.2434,-0.0924233,0.220472,-0.2664,0.242358
3.24365,-0.232987,0.385827,-0.351087,0.242358
3.2439,-0.323575,0.527559,-0.372856,0.242358
3.24415,-0.364022,0.629921,-0.352415,0.242358
3.2444,-0.36436,0.685039,-0.287813,0.242358
3.24465,-0.341741,0.700787,-0.214274,0.242358
3.2449,-0.315204,0.661417,-0.135173,0.242358
3.24515,-0.300558,0.590551,-0.0748125,0.242358
3.2454,-0.305739,0.488189,-0.050242,0.242358
3.24565,-0.328919,0.354331,-0.0537038,0.242358
3.2459,-0.358952,0.220472,-0.0764175,0.242358
3.24615,-0.378118,0.0787402,-0.103464,0.242358
3.2464,-0.367323,-0.0551181,-0.129501,0.242358
3.24665,-0.311209,-0.181102,-0.112798,0.242358
3.2469,-0.20306,-0.299213,-0.0554721,0.242358
3.24715,-0.0470701,-0.401575,0.0368569,0.242358
3.2474,0.140686,-0.496063,0.150691,0.242358
3.24765,0.335705,-0.574803,0.282139,0.242358
3.24791,0.509355,-0.622047,0.390545,0.242358
3.24816,0.634923,-0.645669,0.455149,0.242358
3.24841,0.692965,-0.637795,0.467126,0.242358
3.24866,0.675776,-0.582677,0.421184,0.242358
3.24891,0.588513,-0.496063,0.316256,0.242358
3.24916,0.448075,-0.370079,0.172411,0.242358
3.24941,0.27939,-0.212598,0.00819687,0.242358
3.24966,0.109615,-0.0393701,-0.131183,0.242358
3.24991,-0.0373831,0.133858,-0.245111,0.242358
3.25016,-0.146059,0.307087,-0.302708,0.242358
3.25041,-0.21137,0.456693,-0.31067,0.242358
3.25066,-0.239562,0.574803,-0.276937,0.242358
3.25091,-0.244776,0.645669,-0.22142,0.242358
3.25116,-0.244702,0.677165,-0.159568,0.242358
3.25141,-0.255631,0.661417,-0.109242,0.242358
3.25166,-0.287049,0.614173,-0.0832136,0.242358
3.25191,-0.33919,0.527559,-0.0951731,0.242358
3.25216,-0.402294,0.433071,-0.124605,0.242358
3.25241,-0.45883,0.314961,-0.167568,0.242358
3.25266,-0.487961,0.188976,-0.201582,0.242358
3.25291,-0.470608,0.0551181,-0.209714,0.242358
3.25316,-0.395407,-0.0629921,-0.162705,0.242358
3.25341,-0.26127,-0.188976,-0.0806809,0.242358
3.25366,-0.079762,-0.314961,0.0433639,0.242358
3.25391,0.127365,-0.433071,0.184667,0.242358
3.25416,0.331676,-0.535433,0.318561,0.242358
3.25441,0.504045,-0.614173,0.425492,0.242358
3.25466,0.620081,-0.661417,0.477921,0.242358
3.25491,0.665684,-0.677165,0.471408,0.242358
3.25516,0.639062,-0.645669,0.404562,0.242358
3.25541,0.551051,-0.566929,0.289606,0.242358
3.25566,0.422118,-0.448819,0.151077,0.242358
3.25591,0.277511,-0.299213,0.00422447,0.242358
3.25616,0.14143,-0.125984,-0.120582,0.242358
3.25641,0.0318705,0.0472441,-0.195653,0.242358
3.25666,-0.0426489,0.220472,-0.234229,0.242358
3.25691,-0.0848645,0.377953,-0.225452,0.242358
3.25716,-0.105838,0.496063,-0.191798,0.242358
3.25741,-0.122417,0.582677,-0.140392,0.242358
3.25766,-0.150857,0.629921,-0.103645,0.242358
3.25791,-0.202678,0.645669,-0.087482,0.242358
3.25816,-0.280105,0.622047,-0.108671,0.242358
3.25841,-0.375446,0.566929,-0.156556,0.242358
3.25866,-0.471791,0.496063,-0.210914,0.242358
3.25891,-0.547012,0.401575,-0.261861,0.242358
3.25916,-0.578924,0.299213,-0.287909,0.242358
3.25941,-0.550955,0.181102,-0.27072,0.242358
3.25966,-0.456524,0.0472441,-0.203608,0.242358
3.25991,-0.301151,-0.0787402,-0.0892854,0.242358
3.26016,-0.102766,-0.228346,0.0578495,0.242358
3.26041,0.112538,-0.362205,0.210814,0.242358
3.26066,0.314817,-0.488189,0.343724,0.242358
3.26091,0.476231,-0.598425,0.439358,0.242358
3.26116,0.577248,-0.669291,0.474736,0.242358
3.26141,0.60952,-0.700787,0.451942,0.242358
3.26166,0.577566,-0.685039,0.372762,0.242358
3.26191,0.496623,-0.622047,0.250628,0.242358
3.26216,0.388923,-0.519685,0.119804,0.242358
3.26241,0.27774,-0.377953,0.000491573,0.242358
3.26266,0.182386,-0.212598,-0.0916006,0.242358
3.26291,0.113907,-0.0393701,-0.143713,0.242358
3.26316,0.0727009,0.125984,-0.149574,0.242358
3.26341,0.0498527,0.283465,-0.128032,0.242358
3.26366,0.0299168,0.409449,-0.0999402,0.242358
3.26391,-0.00388875,0.511811,-0.0726435,0.242358
3.26416,-0.0650059,0.574803,-0.0590828,0.242358
3.26441,-0.158312,0.606299,-0.0905939,0.242358
3.26466,-0.278708,0.614173,-0.147701,0.242358
3.26491,-0.4107,0.590551,-0.214229,0.242358
3.26516,-0.531869,0.551181,-0.288611,0.242358
3.26541,-0.617328,0.488189,-0.347968,0.242358
3.26566,-0.645956,0.393701,-0.355085,0.242358
3.26591,-0.605029,0.291339,-0.316811,0.242358
3.26616,-0.493724,0.15748,-0.221815,0.242358
3.26641,-0.324319,0.015748,-0.0849018,0.242358
3.26666,-0.119149,-0.125984,0.0676875,0.242358
3.26691,0.092612,-0.283465,0.222969,0.242358
3.26716,0.281905,-0.433071,0.357276,0.242358
3.26741,0.424631,-0.559055,0.436262,0.242358
3.26766,0.507205,-0.653543,0.446431,0.242358
3.26791,0.52767,-0.700787,0.41438,0.242358
3.26816,0.496072,-0.708661,0.328482,0.242358
3.26841,0.430572,-0.661417,0.213284,0.242358
3.26866,0.352996,-0.566929,0.0991122,0.242358
3.26891,0.282725,-0.440945,0.0122638,0.242358
3.26916,0.232509,-0.291339,-0.0425824,0.242358
3.26941,0.205455,-0.125984,-0.0645528,0.242358
3.26966,0.19442,0.023622,-0.0568613,0.242358
3.26991,0.185351,0.173228,-0.0263441,0.242358
3.27016,0.16044,0.307087,-0.006476,0.242358
3.27041,0.10458,0.417323,-0.00465089,0.242358
3.27066,0.0093584,0.503937,-0.0309319,0.242358
3.27091,-0.12335,0.559055,-0.0976498,0.242358
3.27116,-0.280508,0.598425,-0.188474,0.242358
3.27141,-0.440529,0.606299,-0.284222,0.242358
3.27166,-0.576883,0.598425,-0.368489,0.242358
3.27191,-0.664647,0.559055,-0.415462,0.242358
3.27216,-0.685214,0.488189,-0.409044,0.242358
3.27241,-0.631101,0.393701,-0.349521,0.242358
3.27267,-0.507967,0.267717,-0.225552,0.242358
3.27292,-0.333102,0.11811,-0.0775947,0.242358
3.27317,-0.132763,-0.0393701,0.085138,0.242358
3.27342,0.0640807,-0.204724,0.232991,0.242358
3.27367,0.23085,-0.370079,0.343578,0.242358
3.27392,0.349458,-0.511811,0.404839,0.242358
3.27417,0.412528,-0.622047,0.401059,0.242358
3.27442,0.424838,-0.692913,0.346697,0.242358
3.27467,0.40034,-0.708661,0.264791,0.242358
3.27492,0.358607,-0.677165,0.171289,0.242358
3.27517,0.318505,-0.606299,0.0896666,0.242358
3.27542,0.294061,-0.496063,0.0339861,0.242358
3.27567,0.290311,-0.362205,0.0140625,0.242358
3.27592,0.302118,-0.220472,0.0216829,0.242358
3.27617,0.316275,-0.0708661,0.0446869,0.242358
3.27642,0.314426,0.0708661,0.0736884,0.242358
3.27667,0.279128,0.19685,0.0778338,0.242358
3.27692,0.198243,0.314961,0.0479609,0.242358
3.27717,0.0699003,0.417323,-0.013149,0.242358
3.27742,-0.0969409,0.503937,-0.108573,0.242358
3.27767,-0.282392,0.566929,-0.226206,0.242358
3.27792,-0.460074,0.614173,-0.3379,0.242358
3.27817,-0.602097,0.629921,-0.421967,0.242358
3.27842,-0.684977,0.614173,-0.453108,0.242358
3.27867,-0.694631,0.566929,-0.430637,0.242358
3.27892,-0.629588,0.488189,-0.346699,0.242358
3.27917,-0.501342,0.370079,-0.218777,0.242358
3.27942,-0.331329,0.220472,-0.0606375,0.242358
3.27967,-0.147105,0.0472441,0.0990584,0.242358
3.27992,0.0243463,-0.11811,0.225144,0.242358
3.28017,0.161398,-0.291339,0.309779,0.242358
3.28042,0.252723,-0.448819,0.349298,0.242358
3.28067,0.297839,-0.574803,0.329746,0.242358
3.28092,0.306938,-0.653543,0.276327,0.242358
3.28117,0.29695,-0.685039,0.20124,0.242358
3.28142,0.285861,-0.677165,0.136133,0.242358
3.28167,0.288602,-0.629921,0.0877582,0.242358
3.28192,0.311922,-0.543307,0.0699169,0.242358
3.28217,0.352687,-0.433071,0.0819803,0.242358
3.28242,0.398641,-0.307087,0.114711,0.242358
3.28267,0.431067,-0.173228,0.149073,0.242358
3.28292,0.430185,-0.0393701,0.165956,0.242358
3.28317,0.380014,0.0866142,0.153134,0.242358
3.28342,0.27391,0.212598,0.0922501,0.242358
3.28367,0.116131,0.330709,-0.00520782,0.242358
3.28392,-0.0769256,0.433071,-0.136665,0.242358
3.28417,-0.280423,0.527559,-0.262583,0.242358
3.28442,-0.464915,0.606299,-0.38706,0.242358
3.28467,-0.603479,0.653543,-0.461823,0.242358
3.28492,-0.676006,0.661417,-0.475877,0.242358
3.28517,-0.674208,0.637795,-0.436694,0.242358
3.28542,-0.602729,0.566929,-0.333892,0.242358
3.28567,-0.477672,0.456693,-0.202315,0.242358
3.28592,-0.323208,0.307087,-0.0437008,0.242358
3.28617,-0.165638,0.141732,0.0964719,0.242358
3.28642,-0.0281616,-0.0314961,0.207075,0.242358
3.28667,0.074586,-0.212598,0.267241,0.242358
3.28692,0.138079,-0.370079,0.275773,0.242358
3.28717,0.168889,-0.503937,0.250308,0.242358
3.28742,0.181064,-0.598425,0.196411,0.242358
3.28767,0.192064,-0.653543,0.146204,0.242358
3.28792,0.21718,-0.661417,0.108825,0.242358
3.28817,0.265217,-0.629921,0.100491,0.242358
3.28842,0.335009,-0.574803,0.117043,0.242358
3.28867,0.415733,-0.496063,0.155305,0.242358
3.28892,0.488733,-0.393701,0.206651,0.242358
3.28917,0.53209,-0.283465,0.244334,0.242358
3.28942,0.52629,-0.15748,0.246816,0.242358
3.28967,0.459043,-0.0314961,0.206303,0.242358
3.28992,0.32959,0.0944882,0.117806,0.242358
3.29017,0.14898,0.228346,-0.00709316,0.242358
3.29042,-0.0605278,0.362205,-0.155869,0.242358
3.29067,-0.270355,0.480315,-0.294403,0.242358
3.29092,-0.451277,0.582677,-0.415488,0.242358
3.29117,-0.578459,0.653543,-0.4714,0.242358
3.29142,-0.6374,0.685039,-0.473813,0.242358
3.29167,-0.625867,0.677165,-0.413446,0.242358
3.29192,-0.554015,0.622047,-0.313312,0.242358
3.29217,-0.441536,0.527559,-0.175216,0.242358
3.29242,-0.312736,0.385827,-0.0409814,0.242358
3.29267,-0.191016,0.220472,0.076621,0.242358
3.29292,-0.093192,0.0472441,0.156205,0.242358
3.29317,-0.0269439,-0.125984,0.195494,0.242358
3.29342,0.0110458,-0.283465,0.188528,0.242358
3.29367,0.0324927,-0.417323,0.15085,0.242358
3.29392,0.0540109,-0.527559,0.116239,0.242358
3.29417,0.0915925,-0.590551,0.0889719,0.242358
3.29442,0.156095,-0.622047,0.0842002,0.242358
3.29467,0.248831,-0.629921,0.110819,0.242358
3.29492,0.360927,-0.598425,0.167041,0.242358
3.29517,0.474454,-0.543307,0.232678,0.242358
3.29542,0.566235,-0.472441,0.296808,0.242358
3.29567,0.61323,-0.377953,0.326905,0.242358
3.29592,0.598017,-0.267717,0.314388,0.242358
3.29617,0.513684,-0.141732,0.243462,0.242358
3.29642,0.365394,-0.00787402,0.129337,0.242358
3.29667,0.170786,0.133858,-0.0211773,0.242358
3.29692,-0.0439664,0.283465,-0.178968,0.242358
3.29717,-0.248859,0.425197,-0.318982,0.242358
3.29743,-0.416376,0.543307,-0.421956,0.242358
3.29768,-0.52641,0.637795,-0.469134,0.242358
3.29793,-0.570751,0.692913,-0.449704,0.242358
3.29818,-0.553158,0.700787,-0.381493,0.242358
3.29843,-0.48844,0.661417,-0.269258,0.242358
3.29868,-0.397809,0.582677,-0.14642,0.242358
3.29893,-0.303759,0.456693,-0.0336957,0.242358
3.29918,-0.224369,0.299213,0.0560292,0.242358
3.29943,-0.169422,0.133858,0.100096,0.242358
3.29968,-0.138651,-0.023622,0.109552,0.242358
3.29993,-0.12208,-0.181102,0.0870924,0.242358
3.30018,-0.10398,-0.322835,0.0559791,0.242358
3.30043,-0.0673085,-0.433071,0.039278,0.242358
3.30068,0.000711872,-0.519685,0.0426229,0.242358
3.30093,0.104728,-0.574803,0.0780711,0.242358
3.30118,0.238634,-0.606299,0.138924,0.242358
3.30143,0.386023,-0.606299,0.232161,0.242358
3.30168,0.523501,-0.582677,0.308079,0.242358
3.30193,0.625303,-0.543307,0.369732,0.242358
3.30218,0.669315,-0.472441,0.389406,0.242358
3.30243,0.642344,-0.377953,0.356505,0.242358
3.30268,0.54299,-0.259843,0.263447,0.242358
3.30293,0.382987,-0.11811,0.126253,0.242358
3.30318,0.184586,0.0314961,-0.0281602,0.242358
3.30343,-0.0236213,0.19685,-0.189723,0.242358
3.30368,-0.21274,0.354331,-0.324644,0.242358
3.30393,-0.358853,0.496063,-0.413324,0.242358
3.30418,-0.448403,0.614173,-0.436042,0.242358
3.30443,-0.479291,0.685039,-0.401997,0.242358
3.30468,-0.461195,0.708661,-0.331115,0.242358
3.30493,-0.411599,0.685039,-0.225717,0.242358
3.30518,-0.351394,0.622047,-0.124007,0.242358
3.30543,-0.299033,0.511811,-0.0406938,0.242358
3.30568,-0.265898,0.377953,0.013194,0.242358
3.30593,-0.253946,0.220472,0.0276754,0.242358
3.30618,-0.255103,0.0629921,0.00927341,0.242358
3.30643,-0.254215,-0.0787402,-0.011288,0.242358
3.30668,-0.233286,-0.212598,-0.0364705,0.242358
3.30693,-0.176983,-0.338583,-0.0267826,0.242358
3.30718,-0.0769885,-0.433071,0.00241817,0.242358
3.30743,0.0639606,-0.511811,0.0745189,0.242358
3.30768,0.232587,-0.574803,0.172997,0.242358
3.30793,0.406129,-0.606299,0.285066,0.242358
3.30818,0.55762,-0.614173,0.382114,0.242358
3.30843,0.660908,-0.598425,0.432903,0.242358
3.30868,0.697031,-0.551181,0.43426,0.242358
3.30893,0.657809,-0.472441,0.374546,0.242358
3.30918,0.548111,-0.362205,0.265277,0.242358
3.30943,0.385133,-0.220472,0.115947,0.242358
3.30968,0.194032,-0.0551181,-0.0478178,0.242358
3.30993,0.00372192,0.110236,-0.197058,0.242358
3.31018,-0.160151,0.283465,-0.308287,0.242358
3.31043,-0.279381,0.440945,-0.372471,0.242358
3.31068,-0.347216,0.566929,-0.377433,0.242358
3.31093,-0.368216,0.653543,-0.336567,0.242358
3.31118,-0.35599,0.692913,-0.264166,0.242358
3.31143,-0.329408,0.692913,-0.17876,0.242358
3.31168,-0.306608,0.645669,-0.103493,0.242358
3.31193,-0.300276,0.559055,-0.0570511,0.242358
3.31218,-0.314252,0.440945,-0.0395061,0.242358
3.31243,-0.342305,0.307087,-0.0578829,0.242358
3.31268,-0.36988,0.165354,-0.0919365,0.242358
3.31293,-0.378087,0.023622,-0.116028,0.242358
3.31318,-0.348872,-0.102362,-0.117585,0.242358
3.31343,-0.269942,-0.228346,-0.0916722,0.242358
3.31368,-0.139507,-0.346457,-0.0178965,0.242358
3.31393,0.0330885,-0.440945,0.0847357,0.242358
3.31418,0.22744,-0.527559,0.210794,0.242358
3.31443,0.416682,-0.598425,0.333063,0.242358
3.31468,0.571996,-0.637795,0.423107,0.242358
3.31493,0.669587,-0.645669,0.471681,0.242358
3.31518,0.694646,-0.622047,0.452748,0.242358
3.31543,0.645122,-0.551181,0.37932,0.242358
3.31568,0.531748,-0.448819,0.245905,0.242358
3.31593,0.375574,-0.314961,0.0992776,0.242358
3.31618,0.203132,-0.149606,-0.0568876,0.242358
3.31643,0.0407785,0.023622,-0.189309,0.242358
3.31668,-0.0905598,0.19685,-0.281118,0.242358
3.31693,-0.180107,0.362205,-0.316,0.242358
3.31718,-0.227704,0.503937,-0.30091,0.242358
3.31743,-0.243689,0.606299,-0.261426,0.242358
3.31768,-0.24429,0.661417,-0.194939,0.242358
3.31793,-0.247488,0.677165,-0.135087,0.242358
3.31818,-0.266721,0.645669,-0.0940583,0.242358
3.31843,-0.307886,0.590551,-0.0895144,0.242358
3.31868,-0.366604,0.496063,-0.108197,0.242358
3.31893,-0.429187,0.385827,-0.150143,0.242358
3.31918,-0.476238,0.267717,-0.191675,0.242358
3.31943,-0.486864,0.141732,-0.211377,0.242358
3.31968,-0.444921,0.00787402,-0.191067,0.242358
3.31993,-0.343032,-0.11811,-0.134093,0.242358
3.32018,-0.185996,-0.244094,-0.03136,0.242358
3.32043,0.0101097,-0.370079,0.108978,0.242358
3.32068,0.219665,-0.480315,0.246866,0.242358
3.32093,0.413276,-0.566929,0.368046,0.242358
3.32118,0.563259,-0.637795,0.459949,0.242358
3.32143,0.649264,-0.669291,0.484009,0.242358
3.32168,0.662445,-0.669291,0.446937,0.242358
3.32193,0.606736,-0.622047,0.360175,0.242358
3.32219,0.497821,-0.527559,0.228976,0.242358
3.32244,0.35878,-0.393701,0.0845055,0.242358
3.32269,0.215131,-0.23622,-0.0589333,0.242358
3.32294,0.0891128,-0.0551181,-0.161878,0.242358
3.32319,-0.00542942,0.110236,-0.223146,0.242358
3.32344,-0.0647242,0.283465,-0.236489,0.242358
3.32369,-0.0957559,0.425197,-0.214512,0.242358
3.32394,-0.11258,0.535433,-0.173811,0.242358
3.32419,-0.132687,0.606299,-0.126876,0.242358
3.32444,-0.170454,0.645669,-0.0946477,0.24603
3.32469,-0.233901,0.637795,-0.102144,0.24603
3.32494,-0.320798,0.606299,-0.13451,0.24603
3.32519,-0.419013,0.543307,-0.177302,0.24603
3.32544,-0.508912,0.464567,-0.243707,0.24603
3.32569,-0.567575,0.362205,-0.283181,0.24603
3.32594,-0.574688,0.251969,-0.29146,0.24603
3.32619,-0.517452,0.125984,-0.243741,0.24603
3.32644,-0.394763,0,-0.159649,0.24603
3.32669,-0.217551,-0.141732,-0.0288358,0.24603
3.32694,-0.00805728,-0.283465,0.125565,0.24603
3.32719,0.20526,-0.417323,0.274112,0.24603
3.32744,0.392419,-0.535433,0.398492,0.24603
3.32769,0.529072,-0.629921,0.470033,0.24603
3.32794,0.599962,-0.685039,0.476228,0.24603
3.32819,0.602652,-0.700787,0.429582,0.24603
3.32844,0.546732,-0.669291,0.321311,0.24603
3.32869,0.45101,-0.582677,0.195526,0.24603
3.32894,0.338964,-0.464567,0.0629662,0.24603
3.32919,0.232793,-0.314961,-0.0434696,0.24603
3.32944,0.148584,-0.141732,-0.119733,0.24603
3.32969,0.0926016,0.023622,-0.148015,0.24603
3.32994,0.0611646,0.188976,-0.144727,0.24603
3.33019,0.041695,0.330709,-0.118166,0.24603
3.33044,0.0176046,0.448819,-0.082175,0.24603
3.33069,-0.0270635,0.535433,-0.0633048,0.24603
3.33094,-0.102259,0.590551,-0.0727506,0.24603
3.33119,-0.208781,0.614173,-0.114437,0.24603
3.33144,-0.336749,0.614173,-0.173472,0.24603
3.33169,-0.466909,0.582677,-0.257157,0.24603
3.33194,-0.575346,0.527559,-0.322807,0.24603
3.33219,-0.638016,0.456693,-0.354791,0.24603
3.33244,-0.636826,0.354331,-0.34886,0.24603
3.33269,-0.564218,0.244094,-0.280949,0.24603
3.33294,-0.425034,0.102362,-0.16809,0.24603
3.33319,-0.236576,-0.0393701,-0.0157253,0.24603
3.33344,-0.0247181,-0.188976,0.139864,0.24603
3.33369,0.180409,-0.346457,0.289581,0.24603
3.33394,0.351668,-0.488189,0.395497,0.24603
3.33419,0.468835,-0.598425,0.45226,0.24603
3.33444,0.523509,-0.677165,0.443183,0.24603
3.33469,0.519244,-0.708661,0.376205,0.24603
3.33494,0.470133,-0.692913,0.279081,0.24603
3.33519,0.396598,-0.629921,0.164876,0.24603
3.33544,0.320105,-0.527559,0.061628,0.24603
3.33569,0.257704,-0.385827,-0.0136674,0.24603
3.33594,0.217893,-0.228346,-0.0544026,0.24603
3.33619,0.199351,-0.0629921,-0.0630011,0.24603
3.33644,0.191261,0.0866142,-0.0499381,0.24603
3.33669,0.177411,0.228346,-0.013655,0.24603
3.33694,0.14029,0.354331,-0.00102721,0.24603
3.33719,0.0675517,0.456693,-0.0147015,0.24603
3.33744,-0.0451697,0.535433,-0.0620874,0.24603
3.33769,-0.190807,0.582677,-0.135893,0.24603
3.33794,-0.352262,0.606299,-0.229635,0.24603
3.33819,-0.505149,0.606299,-0.326386,0.24603
3.33844,-0.622958,0.582677,-0.39429,0.24603
3.33869,-0.682746,0.535433,-0.42094,0.24603
3.33894,-0.670507,0.456693,-0.384071,0.24603
3.33919,-0.584508,0.346457,-0.302469,0.24603
3.33944,-0.435701,0.212598,-0.166079,0.24603
3.33969,-0.246105,0.0551181,-0.0035579,0.24603
3.33994,-0.0437709,-0.102362,0.160773,0.24603
3.34019,0.142636,-0.267717,0.293573,0.24603
3.34044,0.289887,-0.425197,0.380431,0.24603
3.34069,0.384086,-0.559055,0.410285,0.24603
3.34094,0.423576,-0.653543,0.384687,0.24603
3.34119,0.417527,-0.700787,0.323379,0.24603
3.34144,0.382868,-0.700787,0.228329,0.24603
3.34169,0.339673,-0.653543,0.138909,0.24603
3.34194,0.30526,-0.566929,0.0622812,0.24603
3.34219,0.289908,-0.448819,0.0187919,0.24603
3.34244,0.294249,-0.314961,0.0123895,0.24603
3.34269,0.309146,-0.165354,0.031829,0.24603
3.34294,0.318626,-0.015748,0.05483,0.24603
3.34319,0.303835,0.11811,0.0788555,0.24603
3.34344,0.24947,0.251969,0.0729014,0.24603
3.34369,0.147208,0.362205,0.0278365,0.24603
3.34394,9.9428e-05,0.456693,-0.0574704,0.24603
3.34419,-0.177863,0.535433,-0.163595,0.24603
3.34444,-0.363375,0.590551,-0.275929,0.24603
3.34469,-0.52872,0.622047,-0.377791,0.24603
3.34494,-0.647063,0.629921,-0.444979,0.24603
3.34519,-0.698646,0.598425,-0.454668,0.24603
3.34544,-0.674787,0.543307,-0.407719,0.24603
3.34569,-0.579726,0.440945,-0.300081,0.24603
3.34594,-0.429913,0.314961,-0.151992,0.24603
3.34619,-0.250188,0.15748,0.00908992,0.24603
3.34644,-0.0685108,-0.015748,0.154418,0.24603
3.34669,0.0899666,-0.188976,0.27056,0.24603
3.34695,0.207557,-0.354331,0.342526,0.24603
3.3472,0.277891,-0.503937,0.351464,0.24603
3.34745,0.305455,-0.606299,0.319983,0.24603
3.3477,0.303865,-0.669291,0.24821,0.24603
3.34795,0.291126,-0.692913,0.178094,0.24603
3.3482,0.284761,-0.669291,0.109812,0.24603
3.34845,0.29629,-0.598425,0.0802384,0.24603
3.3487,0.328289,-0.503937,0.0771616,0.24603
3.34895,0.373369,-0.385827,0.0994007,0.24603
3.3492,0.415824,-0.259843,0.130257,0.24603
3.34945,0.43583,-0.125984,0.162494,0.24603
3.3497,0.414693,0.00787402,0.164006,0.24603
3.34995,0.340135,0.133858,0.125285,0.24603
3.3502,0.209867,0.259843,0.0474692,0.24603
3.35045,0.0340432,0.377953,-0.0661113,0.24603
3.3507,-0.167134,0.480315,-0.196654,0.24603
3.35095,-0.365843,0.566929,-0.328749,0.24603
3.3512,-0.533131,0.629921,-0.424815,0.24603
3.35145,-0.644382,0.661417,-0.480018,0.24603
3.3517,-0.68441,0.653543,-0.470543,0.24603
3.35195,-0.650543,0.606299,-0.396503,0.24603
3.3522,-0.552832,0.527559,-0.277719,0.24603
3.35245,-0.411537,0.401575,-0.130606,0.24603
3.3527,-0.252649,0.244094,0.0245149,0.24603
3.35295,-0.101428,0.0708661,0.145863,0.24603
3.3532,0.0219256,-0.102362,0.239397,0.24603
3.35345,0.107251,-0.275591,0.276072,0.24603
3.3537,0.155007,-0.425197,0.270548,0.24603
3.35395,0.17555,-0.543307,0.230277,0.24603
3.3542,0.184965,-0.622047,0.179232,0.24603
3.35445,0.200656,-0.661417,0.131315,0.24603
3.3547,0.235358,-0.661417,0.100509,0.24603
3.35495,0.293748,-0.614173,0.100112,0.24603
3.3552,0.370279,-0.551181,0.13056,0.24603
3.35545,0.450209,-0.456693,0.177419,0.24603
3.3557,0.512758,-0.354331,0.226616,0.24603
3.35595,0.536498,-0.23622,0.244261,0.24603
3.3562,0.504558,-0.102362,0.232759,0.24603
3.35645,0.409219,0.015748,0.173707,0.24603
3.3567,0.255199,0.15748,0.0586453,0.24603
3.35695,0.05858,0.291339,-0.0720663,0.24603
3.3572,-0.154827,0.417323,-0.229189,0.24603
3.35745,-0.355487,0.527559,-0.362249,0.24603
3.3577,-0.515154,0.614173,-0.447074,0.24603
3.35795,-0.613356,0.669291,-0.48977,0.24603
3.3582,-0.640657,0.692913,-0.46338,0.24603
3.35845,-0.600586,0.661417,-0.371394,0.24603
3.3587,-0.507959,0.590551,-0.254686,0.24603
3.35895,-0.385286,0.472441,-0.107463,0.24603
3.3592,-0.256987,0.330709,0.0223963,0.24603
3.35945,-0.144156,0.15748,0.126753,0.24603
3.3597,-0.0600461,-0.015748,0.186604,0.24603
3.35995,-0.00711611,-0.188976,0.197965,0.24603
3.3602,0.021628,-0.338583,0.17894,0.24603
3.36045,0.0409826,-0.464567,0.143643,0.24603
3.3607,0.067758,-0.559055,0.102141,0.24603
3.36095,0.116393,-0.614173,0.0842556,0.24603
3.3612,0.193795,-0.637795,0.0917504,0.24603
3.36145,0.296764,-0.622047,0.142348,0.24603
3.3617,0.412178,-0.582677,0.203724,0.24603
3.36195,0.519008,-0.519685,0.264597,0.24603
3.3622,0.593658,-0.440945,0.308977,0.24603
3.36245,0.614886,-0.338583,0.323987,0.24603
3.3627,0.569324,-0.220472,0.283744,0.24603
3.36295,0.455383,-0.0866142,0.195224,0.24603
3.3632,0.283904,0.0472441,0.0602775,0.24603
3.36345,0.0768352,0.19685,-0.0966493,0.24603
3.3637,-0.137367,0.338583,-0.249427,0.24603
3.36395,-0.328769,0.480315,-0.372756,0.24603
3.3642,-0.472772,0.590551,-0.455679,0.24603
3.36445,-0.554092,0.669291,-0.46761,0.24603
3.3647,-0.569921,0.708661,-0.42815,0.24603
3.36495,-0.529204,0.692913,-0.330401,0.24603
3.3652,-0.450334,0.637795,-0.216585,0.24603
3.36545,-0.355546,0.535433,-0.0974194,0.24603
3.3657,-0.266098,0.401575,0.0144294,0.24603
3.36595,-0.196935,0.23622,0.0763755,0.24603
3.3662,-0.153231,0.0708661,0.111448,0.24603
3.36645,-0.130425,-0.0866142,0.0998267,0.24603
3.3667,-0.115311,-0.244094,0.0812698,0.24603
3.36695,-0.091092,-0.377953,0.0533058,0.24603
3.3672,-0.041651,-0.480315,0.0410488,0.24603
3.36745,0.0422723,-0.551181,0.0518582,0.24603
3.3677,0.160934,-0.598425,0.106568,0.24603
3.36795,0.303296,-0.614173,0.176211,0.24603
3.3682,0.449506,-0.606299,0.265336,0.24603
3.36845,0.574208,-0.574803,0.34027,0.24603
3.3687,0.652857,-0.519685,0.38766,0.24603
3.36895,0.666558,-0.433071,0.383838,0.24603
3.3692,0.606979,-0.330709,0.323437,0.24603
3.36945,0.47881,-0.19685,0.202717,0.24603
3.3697,0.298535,-0.0551181,0.0526579,0.24603
3.36995,0.0921242,0.102362,-0.106571,0.24603
3.3702,-0.111107,0.259843,-0.264001,0.24603
3.37045,-0.283551,0.417323,-0.37585,0.24603
3.3707,-0.405798,0.551181,-0.430138,0.24603
3.37095,-0.468897,0.645669,-0.422959,0.24603
3.3712,-0.476382,0.700787,-0.36839,0.24603
3.37145,-0.442023,0.708661,-0.283163,0.24603
3.37171,-0.385185,0.669291,-0.182145,0.24603
3.37196,-0.32646,0.582677,-0.0817863,0.24603
3.37221,-0.281705,0.464567,-0.0151227,0.24603
3.37246,-0.258253,0.314961,0.0272893,0.24603
3.37271,-0.253601,0.165354,0.02754,0.24603
3.37296,-0.256008,0.00787402,0.00620516,0.24603
3.37321,-0.248575,-0.133858,-0.0217939,0.24603
3.37346,-0.213542,-0.267717,-0.033081,0.24603
3.37371,-0.138399,-0.385827,-0.016955,0.24603
3.37396,-0.0193114,-0.472441,0.0312587,0.24603
3.37421,0.136111,-0.543307,0.120176,0.24603
3.37446,0.31013,-0.590551,0.226767,0.24603
3.37471,0.477243,-0.614173,0.325314,0.24603
3.37496,0.610446,-0.614173,0.403584,0.24603
3.37521,0.685923,-0.582677,0.443031,0.24603
3.37546,0.68902,-0.519685,0.41887,0.24603
3.37571,0.617398,-0.425197,0.328457,0.24603
3.37596,0.481435,-0.307087,0.19851,0.24603
3.37621,0.302584,-0.15748,0.0377657,0.24603
3.37646,0.108291,0.00787402,-0.122057,0.24603
3.37671,-0.0730578,0.181102,-0.259139,0.24603
3.37696,-0.218922,0.346457,-0.342511,0.24603
3.37721,-0.315629,0.496063,-0.385426,0.24603
3.37746,-0.361648,0.606299,-0.362697,0.24603
3.37771,-0.365907,0.677165,-0.310198,0.24603
3.37796,-0.344984,0.700787,-0.225274,0.24603
3.37821,-0.317967,0.677165,-0.148636,0.24603
3.37846,-0.301325,0.614173,-0.08294,0.24603
3.37871,-0.304088,0.519685,-0.0484725,0.24603
3.37896,-0.325533,0.393701,-0.0520111,0.24603
3.37921,-0.355587,0.251969,-0.0673346,0.24603
3.37946,-0.377037,0.110236,-0.106042,0.24603
3.37971,-0.370762,-0.023622,-0.12297,0.24603
3.37996,-0.320463,-0.15748,-0.111503,0.24603
3.38021,-0.218457,-0.275591,-0.0592696,0.24603
3.38046,-0.0674743,-0.385827,0.0268552,0.24603
3.38071,0.117669,-0.488189,0.14624,0.24603
3.38096,0.313294,-0.559055,0.271174,0.24603
3.38121,0.490938,-0.614173,0.386884,0.24603
3.38146,0.623318,-0.645669,0.458188,0.24603
3.38171,0.690009,-0.637795,0.470499,0.24603
3.38196,0.681667,-0.598425,0.430662,0.24603
3.38221,0.601968,-0.519685,0.326718,0.24603
3.38246,0.466663,-0.401575,0.185346,0.24603
3.38271,0.299824,-0.251969,0.0278121,0.24603
3.38296,0.128922,-0.0787402,-0.122128,0.24603
3.38321,-0.0218697,0.0944882,-0.234629,0.24603
3.38346,-0.135425,0.267717,-0.303004,0.24603
3.38371,-0.205834,0.425197,-0.31595,0.24603
3.38396,-0.237698,0.551181,-0.293215,0.24603
3.38421,-0.24481,0.629921,-0.235363,0.24603
3.38446,-0.244424,0.677165,-0.164042,0.24603
3.38471,-0.2534,0.669291,-0.115224,0.24603
3.38496,-0.282196,0.629921,-0.0900614,0.24603
3.38521,-0.332207,0.559055,-0.0946753,0.24603
3.38546,-0.394804,0.456693,-0.124748,0.24603
3.38571,-0.453175,0.346457,-0.165054,0.24603
3.38596,-0.486607,0.220472,-0.201877,0.24603
3.38621,-0.475496,0.0866142,-0.203834,0.24603
3.38646,-0.407401,-0.0393701,-0.17031,0.24603
3.38671,-0.279837,-0.173228,-0.0871337,0.24603
3.38696,-0.102961,-0.299213,0.0333451,0.24603
3.38721,0.102548,-0.417323,0.168256,0.24603
3.38746,0.308743,-0.519685,0.314147,0.24603
3.38771,0.486292,-0.598425,0.42322,0.24603
3.38796,0.609917,-0.653543,0.476262,0.24603
3.38821,0.664161,-0.677165,0.479165,0.24603
3.38846,0.645703,-0.653543,0.421064,0.24603
3.38871,0.564006,-0.582677,0.304358,0.24603
3.38896,0.438618,-0.480315,0.164903,0.24603
3.38921,0.294452,-0.338583,0.0207712,0.24603
3.38946,0.156335,-0.165354,-0.113124,0.24603
3.38971,0.0429969,0,-0.192913,0.24603
3.38996,-0.0357178,0.181102,-0.23297,0.24603
3.39021,-0.081227,0.338583,-0.236771,0.24603
3.39046,-0.10396,0.472441,-0.199083,0.24603
3.39071,-0.120162,0.574803,-0.149487,0.24603
3.39096,-0.146459,0.629921,-0.111162,0.24603
3.39121,-0.195136,0.645669,-0.10061,0.24603
3.39146,-0.269817,0.629921,-0.109841,0.24603
3.39171,-0.363752,0.590551,-0.151226,0.24603
3.39196,-0.461084,0.519685,-0.212592,0.24603
3.39221,-0.540026,0.425197,-0.257116,0.24603
3.39246,-0.578011,0.322835,-0.290004,0.24603
3.39271,-0.557751,0.204724,-0.273208,0.24603
3.39296,-0.471021,0.0708661,-0.209918,0.24603
3.39321,-0.322225,-0.0551181,-0.099924,0.24603
3.39346,-0.127571,-0.19685,0.0411352,0.24603
3.39371,0.0872906,-0.338583,0.19441,0.24603
3.39396,0.292653,-0.464567,0.341262,0.24603
3.39421,0.460086,-0.574803,0.436996,0.24603
3.39446,0.568893,-0.653543,0.477338,0.24603
3.39471,0.609263,-0.692913,0.463655,0.24603
3.39496,0.584263,-0.692913,0.384349,0.24603
3.39521,0.508017,-0.637795,0.271674,0.24603
3.39546,0.402145,-0.543307,0.142278,0.24603
3.39571,0.290315,-0.409449,0.0158341,0.24603
3.39596,0.192328,-0.251969,-0.0846295,0.24603
3.39621,0.120452,-0.0787402,-0.14428,0.24603
3.39647,0.0763236,0.0866142,-0.150227,0.24603
3.39672,0.0520302,0.251969,-0.135198,0.24603
3.39697,0.0326458,0.385827,-0.107338,0.24603
3.39722,0.001294,0.496063,-0.0773654,0.24603
3.39747,-0.0561639,0.566929,-0.0640677,0.24603
3.39772,-0.145729,0.614173,-0.085477,0.24603
3.39797,-0.263559,0.622047,-0.146595,0.24603
3.39822,-0.39524,0.606299,-0.2164,0.24603
3.39847,-0.51898,0.566929,-0.286696,0.24603
3.39872,-0.60985,0.503937,-0.349013,0.24603
3.39897,-0.646045,0.417323,-0.358467,0.24603
3.39922,-0.613598,0.314961,-0.321928,0.24603
3.39947,-0.510186,0.188976,-0.234006,0.24603
3.39972,-0.346634,0.0472441,-0.102367,0.24603
3.39997,-0.144226,-0.102362,0.062169,0.24603
3.40022,0.0683166,-0.259843,0.216556,0.24603
3.40047,0.261664,-0.409449,0.34355,0.24603
3.40072,0.410813,-0.535433,0.431796,0.24603
3.40097,0.500806,-0.637795,0.458268,0.24603
3.40122,0.528263,-0.700787,0.426512,0.24603
3.40147,0.501925,-0.708661,0.338828,0.24603
3.40172,0.439345,-0.677165,0.227749,0.24603
3.40197,0.3621,-0.598425,0.113367,0.24603
3.40222,0.290118,-0.480315,0.0207178,0.24603
3.40247,0.237234,-0.330709,-0.0434794,0.24603
3.40272,0.207571,-0.165354,-0.0649608,0.24603
3.40297,0.195367,0,-0.0564316,0.24603
3.40322,0.186879,0.149606,-0.036232,0.24603
3.40347,0.164829,0.283465,-0.00769448,0.24603
3.40372,0.113113,0.401575,-0.00724437,0.24603
3.40397,0.0226394,0.496063,-0.0345288,0.24603
3.40422,-0.106125,0.559055,-0.08936,0.24603
3.40447,-0.261376,0.598425,-0.180715,0.24603
3.40472,-0.422393,0.614173,-0.273924,0.24603
3.40497,-0.562894,0.606299,-0.354617,0.24603
3.40522,-0.657531,0.566929,-0.412348,0.24603
3.40547,-0.686636,0.503937,-0.413002,0.24603
3.40572,-0.641282,0.417323,-0.35068,0.24603
3.40597,-0.525512,0.291339,-0.245644,0.24603
3.40622,-0.355564,0.149606,-0.0932662,0.24603
3.40647,-0.156723,0,0.0749767,0.24603
3.40672,0.0420235,-0.173228,0.225292,0.24603
3.40697,0.21347,-0.338583,0.342636,0.24603
3.40722,0.338366,-0.480315,0.401893,0.24603
3.40747,0.407945,-0.598425,0.404131,0.24603
3.40772,0.425663,-0.677165,0.363898,0.24603
3.40797,0.404533,-0.708661,0.284412,0.24603
3.40822,0.363797,-0.692913,0.187867,0.24603
3.40847,0.322615,-0.629921,0.10108,0.24603
3.40872,0.295869,-0.527559,0.043823,0.24603
3.40897,0.289745,-0.401575,0.0145776,0.24603
3.40922,0.300266,-0.251969,0.0209144,0.24603
3.40947,0.315051,-0.102362,0.0436499,0.24603
3.40972,0.316051,0.0393701,0.0657857,0.24603
3.40997,0.285477,0.173228,0.0791401,0.24603
3.41022,0.210268,0.299213,0.0509879,0.24603
3.41047,0.0872811,0.409449,-0.00407087,0.24603
3.41072,-0.075881,0.496063,-0.104631,0.24603
3.41097,-0.260411,0.566929,-0.222549,0.24603
3.41122,-0.440502,0.606299,-0.331956,0.24603
3.41147,-0.588061,0.629921,-0.417642,0.24603
3.41172,-0.678837,0.622047,-0.459825,0.24603
3.41197,-0.697465,0.582677,-0.44205,0.24603
3.41222,-0.640897,0.503937,-0.363854,0.24603
3.41247,-0.519105,0.393701,-0.23824,0.24603
3.41272,-0.352715,0.251969,-0.0792842,0.24603
3.41297,-0.168618,0.0866142,0.0803628,0.24603
3.41322,0.00550684,-0.0787402,0.220301,0.24603
3.41347,0.147528,-0.259843,0.315536,0.24603
3.41372,0.24437,-0.417323,0.35748,0.24603
3.41397,0.294686,-0.551181,0.345223,0.24603
3.41422,0.307243,-0.637795,0.288471,0.24603
3.41447,0.298552,-0.685039,0.215829,0.24603
3.41472,0.286685,-0.692913,0.146612,0.24603
3.41497,0.287263,-0.645669,0.0935956,0.24603
3.41522,0.308111,-0.566929,0.0705108,0.24603
3.41547,0.347296,-0.464567,0.0832357,0.24603
3.41572,0.393524,-0.338583,0.106615,0.24603
3.41597,0.428593,-0.204724,0.145427,0.24603
3.41622,0.432587,-0.0708661,0.158483,0.24603
3.41647,0.388803,0.0551181,0.15371,0.24603
3.41672,0.28927,0.188976,0.0987744,0.24603
3.41697,0.136936,0.314961,0.00466374,0.24603
3.41722,-0.0531167,0.425197,-0.123451,0.24603
3.41747,-0.256883,0.519685,-0.256471,0.24603
3.41772,-0.445095,0.590551,-0.378394,0.24603
3.41797,-0.59031,0.645669,-0.456036,0.24603
3.41822,-0.671286,0.661417,-0.486545,0.24603
3.41847,-0.678256,0.637795,-0.448487,0.24603
3.41872,-0.614337,0.582677,-0.355294,0.24603
3.41897,-0.494436,0.480315,-0.216721,0.24603
3.41922,-0.342055,0.338583,-0.0623462,0.24603
3.41947,-0.183527,0.181102,0.0787896,0.24603
3.41972,-0.0427319,0,0.194422,0.24603
3.41997,0.0645659,-0.173228,0.261762,0.24603
3.42022,0.132531,-0.338583,0.284368,0.24603
3.42047,0.166583,-0.480315,0.263016,0.24603
3.42072,0.180058,-0.582677,0.208566,0.24603
3.42097,0.190308,-0.645669,0.158914,0.24603
3.42123,0.21313,-0.669291,0.112555,0.24603
3.42148,0.258273,-0.653543,0.0969543,0.24603
3.42173,0.325979,-0.598425,0.119679,0.24603
3.42198,0.406221,-0.519685,0.153569,0.24603
3.42223,0.481239,-0.417323,0.206839,0.24603
3.42248,0.529256,-0.307087,0.242514,0.24603
3.42273,0.530004,-0.181102,0.244532,0.24603
3.42298,0.47037,-0.0472441,0.209504,0.24603
3.42323,0.347804,0.0787402,0.124148,0.24603
3.42348,0.172362,0.212598,0.00171014,0.24603
3.42373,-0.0352554,0.338583,-0.145388,0.24603
3.42398,-0.246604,0.464567,-0.292834,0.24603
3.42423,-0.432377,0.566929,-0.40186,0.24603
3.42448,-0.566861,0.645669,-0.473588,0.248065
3.42473,-0.634212,0.685039,-0.479209,0.248065
3.42498,-0.630666,0.685039,-0.430777,0.248065
3.42523,-0.565039,0.637795,-0.327671,0.248065
3.42548,-0.456113,0.551181,-0.19363,0.248065
3.42573,-0.327946,0.425197,-0.0479361,0.248065
3.42598,-0.204355,0.259843,0.0700728,0.248065
3.42623,-0.103102,0.0866142,0.153425,0.248065
3.42648,-0.0331054,-0.0866142,0.197951,0.248065
3.42673,0.00775205,-0.251969,0.193702,0.248065
3.42698,0.0302333,-0.393701,0.164256,0.248065
3.42723,0.0509474,-0.511811,0.129041,0.248065
3.42748,0.0859196,-0.590551,0.0954255,0.248065
3.42773,0.146982,-0.629921,0.092514,0.248065
3.42798,0.236641,-0.637795,0.11464,0.248065
3.42823,0.347239,-0.614173,0.169041,0.248065
3.42848,0.461739,-0.566929,0.228543,0.248065
3.42873,0.557332,-0.496063,0.293866,0.248065
3.42898,0.610658,-0.401575,0.327945,0.248065
3.42923,0.603356,-0.291339,0.308705,0.248065
3.42948,0.527145,-0.165354,0.245672,0.248065
3.42973,0.385685,-0.0314961,0.138213,0.248065
3.42998,0.195307,0.110236,-0.00992291,0.248065
3.43023,-0.0186151,0.259843,-0.166345,0.248065
3.43048,-0.226202,0.401575,-0.313828,0.248065
3.43073,-0.399361,0.527559,-0.420991,0.248065
3.43098,-0.516832,0.622047,-0.466572,0.248065
3.43123,-0.568951,0.692913,-0.455775,0.248065
3.43148,-0.558052,0.708661,-0.390891,0.248065
3.43173,-0.497841,0.677165,-0.287834,0.248065
3.43198,-0.409079,0.606299,-0.159391,0.248065
3.43223,-0.314345,0.488189,-0.0430475,0.248065
3.43248,-0.232537,0.338583,0.0504074,0.248065
3.43273,-0.174605,0.173228,0.0990012,0.248065
3.43298,-0.141255,0,0.110886,0.248065
3.43323,-0.123859,-0.149606,0.0987257,0.248065
3.43348,-0.106734,-0.299213,0.0644637,0.248065
3.43373,-0.0731652,-0.425197,0.0456961,0.248065
3.43398,-0.00916072,-0.511811,0.0466624,0.248065
3.43423,0.0907177,-0.574803,0.0742912,0.248065
3.43448,0.221777,-0.614173,0.133283,0.248065
3.43473,0.368687,-0.622047,0.222707,0.248065
3.43498,0.508679,-0.598425,0.306578,0.248065
3.43523,0.615944,-0.559055,0.364151,0.248065
3.43548,0.667652,-0.488189,0.386709,0.248065
3.43573,0.649366,-0.393701,0.358549,0.248065
3.43598,0.558167,-0.283465,0.27063,0.248065
3.43623,0.404328,-0.141732,0.140177,0.248065
3.43648,0.209034,0.00787402,-0.022882,0.248065
3.43673,0.00042667,0.165354,-0.177531,0.248065
3.43698,-0.192338,0.330709,-0.316237,0.248065
3.43723,-0.344442,0.472441,-0.401929,0.248065
3.43748,-0.440965,0.590551,-0.434236,0.248065
3.43773,-0.478489,0.677165,-0.412172,0.248065
3.43798,-0.465371,0.708661,-0.333901,0.248065
3.43823,-0.418402,0.700787,-0.234447,0.248065
3.43848,-0.358395,0.645669,-0.133256,0.248065
3.43873,-0.304343,0.543307,-0.0435379,0.248065
3.43898,-0.268634,0.409449,0.00423858,0.248065
3.43923,-0.254423,0.259843,0.0279639,0.248065
3.43948,-0.254709,0.102362,0.0151548,0.248065
3.43973,-0.254986,-0.0472441,-0.00326229,0.248065
3.43998,-0.237316,-0.188976,-0.0256762,0.248065
3.44023,-0.185793,-0.322835,-0.0275136,0.248065
3.44048,-0.0910257,-0.425197,0.00445051,0.248065
3.44073,0.0455796,-0.511811,0.074847,0.248065
3.44098,0.211987,-0.574803,0.166794,0.248065
3.44123,0.386304,-0.606299,0.271724,0.248065
3.44148,0.541776,-0.622047,0.369671,0.248065
3.44173,0.651943,-0.606299,0.434195,0.248065
3.44198,0.696658,-0.566929,0.436856,0.248065
3.44223,0.666298,-0.488189,0.384484,0.248065
3.44248,0.564284,-0.385827,0.276964,0.248065
3.44273,0.406233,-0.244094,0.128697,0.248065
3.44298,0.217139,-0.0866142,-0.0348699,0.248065
3.44323,0.0251915,0.0708661,-0.1832,0.248065
3.44348,-0.142814,0.244094,-0.301346,0.248065
3.44373,-0.268,0.409449,-0.375882,0.248065
3.44398,-0.341868,0.543307,-0.386567,0.248065
3.44423,-0.367823,0.637795,-0.343208,0.248065
3.44448,-0.358571,0.692913,-0.275051,0.248065
3.44473,-0.332679,0.700787,-0.195111,0.248065
3.44498,-0.308623,0.661417,-0.117405,0.248065
3.44523,-0.29995,0.582677,-0.0607093,0.248065
3.44548,-0.311659,0.472441,-0.0451222,0.248065
3.44573,-0.338669,0.338583,-0.0519873,0.248065
3.44599,-0.367234,0.19685,-0.0845082,0.248065
3.44624,-0.378729,0.0551181,-0.106207,0.248065
3.44649,-0.354719,-0.0787402,-0.11611,0.248065
3.44674,-0.281959,-0.212598,-0.0903985,0.248065
3.44699,-0.157332,-0.330709,-0.0247745,0.248065
3.44724,0.0111772,-0.433071,0.0828065,0.248065
3.44749,0.204267,-0.519685,0.201286,0.248065
3.44774,0.395631,-0.590551,0.321474,0.248065
3.44799,0.556378,-0.629921,0.426857,0.248065
3.44824,0.661693,-0.645669,0.471259,0.248065
3.44849,0.695651,-0.629921,0.460623,0.248065
3.44874,0.654589,-0.566929,0.385608,0.248065
3.44899,0.547803,-0.472441,0.267358,0.248065
3.44924,0.395348,-0.346457,0.112017,0.248065
3.44949,0.223384,-0.181102,-0.0415651,0.248065
3.44974,0.0585964,-0.00787402,-0.174029,0.248065
3.44999,-0.0771722,0.165354,-0.273988,0.248065
3.45024,-0.171867,0.330709,-0.313868,0.248065
3.45049,-0.224034,0.480315,-0.314879,0.248065
3.45074,-0.242981,0.590551,-0.271779,0.248065
3.45099,-0.244432,0.661417,-0.203041,0.248065
3.45124,-0.246507,0.685039,-0.142228,0.248065
3.45149,-0.263346,0.661417,-0.098992,0.248065
3.45174,-0.301933,0.606299,-0.0902924,0.248065
3.45199,-0.359142,0.527559,-0.106164,0.248065
3.45224,-0.422235,0.417323,-0.146331,0.248065
3.45249,-0.472191,0.291339,-0.182812,0.248065
3.45274,-0.488164,0.165354,-0.20134,0.248065
3.45299,-0.452919,0.0314961,-0.192833,0.248065
3.45324,-0.358179,-0.0944882,-0.138426,0.248065
3.45349,-0.206917,-0.220472,-0.0371776,0.248065
3.45374,-0.0143391,-0.346457,0.0917409,0.248065
3.45399,0.195243,-0.464567,0.233666,0.248065
3.45424,0.392261,-0.559055,0.369862,0.248065
3.45449,0.548626,-0.629921,0.453844,0.248065
3.45474,0.642871,-0.669291,0.49182,0.248065
3.45499,0.664674,-0.669291,0.464207,0.248065
3.45524,0.616459,-0.629921,0.367807,0.248065
3.45549,0.512713,-0.551181,0.240709,0.248065
3.45574,0.375872,-0.425197,0.0971524,0.248065
3.45599,0.231493,-0.275591,-0.0441203,0.248065
3.45624,0.102482,-0.102362,-0.150327,0.248065
3.45649,0.00382327,0.0708661,-0.224057,0.248065
3.45674,-0.0594467,0.244094,-0.246079,0.248065
3.45699,-0.0931884,0.401575,-0.218955,0.248065
3.45724,-0.110786,0.519685,-0.17809,0.248065
3.45749,-0.129668,0.606299,-0.135269,0.248065
3.45774,-0.164753,0.645669,-0.108666,0.248065
3.45799,-0.225087,0.653543,-0.0971237,0.248065
3.45824,-0.309656,0.622047,-0.133679,0.248065
3.45849,-0.40753,0.566929,-0.180851,0.248065
3.45874,-0.499496,0.488189,-0.234138,0.248065
3.45899,-0.562991,0.385827,-0.278576,0.248065
3.45924,-0.577026,0.275591,-0.29187,0.248065
3.45949,-0.52767,0.149606,-0.254967,0.248065
3.45974,-0.412355,0.015748,-0.165814,0.248065
3.45999,-0.240589,-0.11811,-0.0369877,0.248065
3.46024,-0.0335013,-0.259843,0.115975,0.248065
3.46049,0.180959,-0.393701,0.262749,0.248065
3.46074,0.372603,-0.519685,0.390941,0.248065
3.46099,0.516229,-0.614173,0.462907,0.248065
3.46124,0.595235,-0.677165,0.481989,0.248065
3.46149,0.605637,-0.700787,0.434809,0.248065
3.46174,0.555825,-0.677165,0.338547,0.248065
3.46199,0.463609,-0.606299,0.215532,0.248065
3.46224,0.352242,-0.496063,0.0824042,0.248065
3.46249,0.244441,-0.354331,-0.0381377,0.248065
3.46274,0.15705,-0.181102,-0.118667,0.248065
3.46299,0.0978388,-0.00787402,-0.150742,0.248065
3.46324,0.0639241,0.15748,-0.157081,0.248065
3.46349,0.0439821,0.307087,-0.123382,0.248065
3.46374,0.0212942,0.433071,-0.0933122,0.248065
3.46399,-0.0202461,0.535433,-0.0669056,0.248065
3.46424,-0.0917034,0.598425,-0.0780758,0.248065
3.46449,-0.194846,0.622047,-0.10635,0.248065
3.46474,-0.321133,0.622047,-0.175158,0.248065
3.46499,-0.452213,0.598425,-0.251558,0.248065
3.46524,-0.56452,0.543307,-0.314012,0.248065
3.46549,-0.633674,0.472441,-0.356787,0.248065
3.46574,-0.640631,0.377953,-0.34589,0.248065
3.46599,-0.576428,0.259843,-0.289639,0.248065
3.46624,-0.444403,0.125984,-0.181516,0.248065
3.46649,-0.260533,-0.00787402,-0.0265999,0.248065
3.46674,-0.0498867,-0.165354,0.129267,0.248065
3.46699,0.157538,-0.322835,0.282096,0.248065
3.46724,0.334036,-0.464567,0.394418,0.248065
3.46749,0.458246,-0.582677,0.455963,0.248065
3.46774,0.520333,-0.669291,0.452294,0.248065
3.46799,0.522443,-0.708661,0.388074,0.248065
3.46824,0.477625,-0.708661,0.298032,0.248065
3.46849,0.40581,-0.653543,0.181221,0.248065
3.46874,0.328648,-0.551181,0.0663029,0.248065
3.46899,0.263941,-0.425197,-0.00819679,0.248065
3.46924,0.221343,-0.267717,-0.060414,0.248065
3.46949,0.200697,-0.102362,-0.065527,0.248065
3.46974,0.192144,0.0551181,-0.0530668,0.248065
3.46999,0.179911,0.204724,-0.0227201,0.248065
3.47024,0.1463,0.338583,-0.00332575,0.248065
3.47049,0.0781927,0.448819,-0.0110546,0.248065
3.47075,-0.0299691,0.527559,-0.0584105,0.248065
3.471,-0.172425,0.582677,-0.128727,0.248065
3.47125,-0.333184,0.614173,-0.218087,0.248065
3.4715,-0.488464,0.614173,-0.312275,0.248065
3.47175,-0.6117,0.598425,-0.39039,0.248065
3.472,-0.679274,0.543307,-0.415597,0.248065
3.47225,-0.675895,0.472441,-0.395332,0.248065
3.4725,-0.598216,0.370079,-0.309239,0.248065
3.47275,-0.455922,0.23622,-0.178476,0.248065
3.473,-0.26966,0.0866142,-0.0213115,0.248065
3.47325,-0.0674066,-0.0708661,0.147214,0.248065
3.4735,0.122357,-0.244094,0.279051,0.248065
3.47375,0.275042,-0.401575,0.376236,0.248065
3.474,0.375925,-0.535433,0.418391,0.248065
3.47425,0.421504,-0.637795,0.396218,0.248065
3.4745,0.420123,-0.700787,0.332489,0.248065
3.47475,0.387789,-0.708661,0.239024,0.248065
3.475,0.3446,-0.677165,0.149069,0.248065
3.47525,0.308437,-0.598425,0.0713468,0.248065
3.4755,0.290609,-0.480315,0.0184244,0.248065
3.47575,0.292922,-0.346457,0.0130267,0.248065
3.476,0.307302,-0.19685,0.0220955,0.248065
3.47625,0.31839,-0.0393701,0.0495295,0.248065
3.4765,0.307354,0.0944882,0.0694436,0.248065
3.47675,0.258275,0.228346,0.0638556,0.248065
3.477,0.161721,0.346457,0.0278922,0.248065
3.47725,0.0193862,0.448819,-0.0497675,0.248065
3.4775,-0.156011,0.527559,-0.158963,0.248065
3.47775,-0.342031,0.590551,-0.272308,0.248065
3.478,-0.511223,0.622047,-0.378727,0.248065
3.47825,-0.6363,0.629921,-0.441779,0.248065
3.4785,-0.696438,0.614173,-0.45633,0.248065
3.47875,-0.681495,0.551181,-0.409155,0.248065
3.479,-0.594175,0.464567,-0.313273,0.248065
3.47925,-0.44964,0.338583,-0.171063,0.248065
3.4795,-0.271897,0.188976,-0.00539179,0.248065
3.47975,-0.0891215,0.015748,0.152657,0.248065
3.48,0.0731992,-0.15748,0.270478,0.248065
3.48025,0.196162,-0.322835,0.337778,0.248065
3.4805,0.272043,-0.472441,0.351101,0.248065
3.48075,0.304073,-0.590551,0.325155,0.248065
3.481,0.305019,-0.669291,0.261309,0.248065
3.48125,0.29261,-0.700787,0.183476,0.248065
3.4815,0.284698,-0.685039,0.125274,0.248065
3.48175,0.29383,-0.622047,0.0819106,0.248065
3.482,0.323618,-0.535433,0.0725605,0.248065
3.48225,0.367824,-0.417323,0.0935206,0.248065
3.4825,0.41164,-0.291339,0.120929,0.248065
3.48275,0.435262,-0.149606,0.154737,0.248065
3.483,0.419885,-0.00787402,0.155855,0.248065
3.48325,0.351857,0.11811,0.130027,0.248065
3.4835,0.22798,0.244094,0.0559553,0.248065
3.48375,0.0565344,0.362205,-0.0567518,0.248065
3.484,-0.142902,0.464567,-0.181875,0.248065
3.48425,-0.343534,0.551181,-0.318012,0.248065
3.4845,-0.51594,0.622047,-0.424189,0.248065
3.48475,-0.63483,0.653543,-0.478665,0.248065
3.485,-0.683607,0.661417,-0.471853,0.248065
3.48525,-0.658155,0.622047,-0.413592,0.248065
3.4855,-0.567066,0.543307,-0.298039,0.248065
3.48575,-0.429613,0.425197,-0.145325,0.248065
3.486,-0.271422,0.275591,0.0102681,0.248065
3.48625,-0.118085,0.110236,0.143289,0.248065
3.4865,0.0092913,-0.0629921,0.229558,0.248065
3.48675,0.0992909,-0.244094,0.279806,0.248065
3.487,0.151094,-0.401575,0.275041,0.248065
3.48725,0.174078,-0.527559,0.24247,0.248065
3.4875,0.183863,-0.614173,0.187398,0.248065
3.48775,0.198026,-0.661417,0.138971,0.248065
3.488,0.230053,-0.669291,0.104133,0.248065
3.48825,0.285736,-0.637795,0.101523,0.248065
3.4885,0.360729,-0.574803,0.13532,0.248065
3.48875,0.441257,-0.480315,0.172582,0.248065
3.489,0.506992,-0.377953,0.219064,0.248065
3.48925,0.536323,-0.259843,0.245642,0.248065
3.4895,0.511553,-0.125984,0.230129,0.248065
3.48975,0.423682,0,0.171711,0.248065
3.49,0.275893,0.133858,0.0726865,0.248065
3.49025,0.083146,0.267717,-0.0682348,0.248065
3.4905,-0.129786,0.393701,-0.213666,0.248065
3.49075,-0.333506,0.511811,-0.346492,0.248065
3.491,-0.499246,0.598425,-0.444368,0.248065
3.49125,-0.60542,0.661417,-0.490103,0.248065
3.4915,-0.641131,0.692913,-0.469503,0.248065
3.49175,-0.608401,0.669291,-0.385434,0.248065
3.492,-0.520911,0.606299,-0.268103,0.248065
3.49225,-0.400534,0.503937,-0.127629,0.248065
3.4925,-0.271634,0.362205,0.0122947,0.248065
3.49275,-0.156189,0.19685,0.111932,0.248065
3.493,-0.0682639,0.015748,0.185008,0.248065
3.49325,-0.0119615,-0.149606,0.203137,0.248065
3.4935,0.0190791,-0.314961,0.18822,0.248065
3.49375,0.038548,-0.448819,0.144447,0.248065
3.494,0.063711,-0.551181,0.113325,0.248065
3.49425,0.109241,-0.614173,0.0942377,0.248065
3.4945,0.183208,-0.637795,0.100868,0.248065
3.49475,0.283655,-0.637795,0.138789,0.248065
3.495,0.398577,-0.598425,0.190337,0.248065
3.49525,0.507725,-0.543307,0.263386,0.248065
3.49551,0.587278,-0.456693,0.308512,0.248065
3.49576,0.615681,-0.354331,0.320401,0.248065
3.49601,0.578312,-0.244094,0.29321,0.248065
3.49626,0.472104,-0.110236,0.20129,0.248065
3.49651,0.306441,0.023622,0.0707133,0.248065
3.49676,0.102165,0.173228,-0.0761328,0.248065
3.49701,-0.112789,0.314961,-0.231453,0.248065
3.49726,-0.308296,0.456693,-0.371266,0.248065
3.49751,-0.458896,0.566929,-0.451912,0.248065
3.49776,-0.54799,0.653543,-0.478466,0.248065
3.49801,-0.571285,0.700787,-0.43889,0.248065
3.49826,-0.536408,0.700787,-0.352107,0.248065
3.49851,-0.460908,0.653543,-0.231014,0.248065
3.49876,-0.3668,0.566929,-0.106351,0.248065
3.49901,-0.275783,0.433071,-0.00241455,0.248065
3.49926,-0.203749,0.275591,0.0789225,0.248065
3.49951,-0.157093,0.102362,0.115122,0.248065
3.49976,-0.132382,-0.0551181,0.106978,0.248065
3.50001,-0.1172,-0.220472,0.0840134,0.248065
3.50026,-0.094961,-0.354331,0.0553907,0.248065
3.50051,-0.0491802,-0.464567,0.0446559,0.248065
3.50076,0.0305008,-0.551181,0.0550152,0.248065
3.50101,0.145438,-0.598425,0.105203,0.248065
3.50126,0.285883,-0.622047,0.174531,0.248065
3.50151,0.432897,-0.614173,0.261611,0.248065
3.50176,0.561458,-0.582677,0.334856,0.248065
3.50201,0.646694,-0.535433,0.383458,0.248065
3.50226,0.668695,-0.448819,0.387697,0.248065
3.50251,0.617825,-0.346457,0.325811,0.248065
3.50276,0.497025,-0.220472,0.216185,0.248065
3.50301,0.321771,-0.0787402,0.07172,0.248065
3.50326,0.116828,0.0708661,-0.0995166,0.248065
3.50351,-0.0881874,0.23622,-0.251537,0.248065
3.50376,-0.265571,0.393701,-0.365396,0.248065
3.50401,-0.394326,0.527559,-0.426595,0.248065
3.50426,-0.464539,0.629921,-0.43911,0.248065
3.50451,-0.478033,0.700787,-0.387501,0.248065
3.50476,-0.447668,0.716535,-0.298075,0.248065
3.50501,-0.392356,0.685039,-0.195833,0.248065
3.50526,-0.332896,0.606299,-0.0939425,0.248065
3.50551,-0.285914,0.496063,-0.0194117,0.248065
3.50576,-0.259925,0.354331,0.022183,0.248065
3.50601,-0.253473,0.19685,0.0318764,0.248065
3.50626,-0.255859,0.0393701,0.00998179,0.248065
3.50651,-0.250546,-0.110236,-0.01352,0.248065
3.50676,-0.21955,-0.251969,-0.0270208,0.248065
3.50701,-0.149534,-0.370079,-0.0195094,0.248065
3.50726,-0.0354517,-0.472441,0.031286,0.248065
3.50751,0.116423,-0.543307,0.112911,0.248065
3.50776,0.289471,-0.598425,0.222949,0.248065
3.50801,0.458803,-0.622047,0.325026,0.248065
3.50826,0.597368,-0.622047,0.404953,0.248065
3.50851,0.680611,-0.590551,0.440609,0.248065
3.50876,0.692613,-0.535433,0.41758,0.248065
3.50901,0.629485,-0.448819,0.346299,0.248065
3.50926,0.500159,-0.330709,0.211664,0.248065
3.50951,0.325001,-0.181102,0.051772,0.248065
3.50976,0.131007,-0.015748,-0.111395,0.248065
3.51001,-0.0531853,0.149606,-0.249305,0.248065
3.51026,-0.204162,0.314961,-0.345095,0.248065
3.51051,-0.306966,0.472441,-0.384782,0.248065
3.51076,-0.358687,0.590551,-0.371759,0.248065
3.51101,-0.367007,0.669291,-0.320665,0.248065
3.51126,-0.348149,0.708661,-0.238697,0.248065
3.51151,-0.320883,0.692913,-0.157943,0.248065
3.51176,-0.302357,0.637795,-0.085093,0.248065
3.51201,-0.302679,0.543307,-0.0512247,0.248065
3.51226,-0.322314,0.425197,-0.0406439,0.248065
3.51251,-0.352107,0.283465,-0.065744,0.248065
3.51276,-0.375655,0.133858,-0.0952291,0.248065
3.51301,-0.373511,0,-0.11384,0.248065
3.51326,-0.329101,-0.141732,-0.107064,0.248065
3.51351,-0.233163,-0.267717,-0.0625094,0.248065
3.51376,-0.0875117,-0.377953,0.0240785,0.248065
3.51401,0.0948043,-0.480315,0.133563,0.248065
3.51426,0.290535,-0.559055,0.265552,0.248065
3.51451,0.471886,-0.614173,0.374467,0.248065
3.51476,0.610838,-0.645669,0.445992,0.248065
3.51501,0.685997,-0.645669,0.468633,0.248065
3.51526,0.686546,-0.606299,0.434618,0.248065
3.51551,0.614642,-0.535433,0.34162,0.248065
3.51576,0.484749,-0.417323,0.19456,0.248065
3.51601,0.320203,-0.275591,0.0421787,0.248065
3.51626,0.148349,-0.110236,-0.113287,0.248065
3.51651,-0.00582792,0.0629921,-0.23314,0.248065
3.51676,-0.124299,0.23622,-0.30274,0.248065
3.51701,-0.199754,0.401575,-0.324024,0.248065
3.51726,-0.235578,0.527559,-0.297627,0.248065
3.51751,-0.244745,0.629921,-0.240211,0.248065
3.51776,-0.244282,0.677165,-0.174136,0.248065
3.51801,-0.251457,0.685039,-0.121982,0.248065
3.51826,-0.277637,0.653543,-0.0969793,0.248065
3.51851,-0.32541,0.582677,-0.0931992,0.248065
3.51876,-0.387262,0.488189,-0.116408,0.248065
3.51901,-0.447173,0.370079,-0.160585,0.248065
3.51926,-0.484629,0.244094,-0.193109,0.248065
3.51951,-0.479579,0.110236,-0.201339,0.248065
3.51976,-0.418559,-0.023622,-0.170152,0.248065
3.52002,-0.297704,-0.149606,-0.0928253,0.248065
3.52027,-0.125755,-0.283465,0.0189414,0.248065
3.52052,0.0777427,-0.401575,0.157813,0.248065
3.52077,0.285406,-0.511811,0.298179,0.248065
3.52102,0.467781,-0.590551,0.413507,0.248065
3.52127,0.598775,-0.653543,0.477937,0.248065
3.52152,0.661599,-0.677165,0.479947,0.248065
3.52177,0.651456,-0.661417,0.424879,0.248065
3.52202,0.576362,-0.606299,0.323101,0.248065
3.52227,0.454861,-0.503937,0.179601,0.248065
3.52252,0.311622,-0.362205,0.0289395,0.248065
3.52277,0.171599,-0.204724,-0.104392,0.248065
3.52302,0.0547209,-0.023622,-0.196687,0.248065
3.52327,-0.0283128,0.149606,-0.24072,0.248065
3.52352,-0.0772328,0.314961,-0.241177,0.248065
3.52377,-0.101991,0.456693,-0.203692,0.248065
3.52402,-0.117943,0.566929,-0.16034,0.248065
3.52427,-0.142382,0.629921,-0.117047,0.248065
3.52452,-0.18804,0.661417,-0.0961849,0.248722
3.52477,-0.259809,0.645669,-0.109925,0.248722
3.52502,-0.352133,0.606299,-0.151273,0.248722
3.52527,-0.450124,0.535433,-0.198672,0.248722
3.52552,-0.532431,0.448819,-0.257499,0.248722
3.52577,-0.576277,0.338583,-0.280967,0.248722
3.52602,-0.563525,0.220472,-0.276252,0.248722
3.52627,-0.484642,0.0944882,-0.215536,0.248722
3.52652,-0.342536,-0.0393701,-0.114379,0.248722
3.52677,-0.152,-0.181102,0.0317408,0.248722
3.52702,0.0619078,-0.322835,0.182376,0.248722
3.52727,0.269956,-0.448819,0.330571,0.248722
3.52752,0.443113,-0.559055,0.435014,0.248722
3.52777,0.559577,-0.645669,0.48385,0.248722
3.52802,0.608085,-0.692913,0.465083,0.248722
3.52827,0.590242,-0.700787,0.397432,0.248722
3.52852,0.518998,-0.653543,0.288706,0.248722
3.52877,0.415373,-0.566929,0.153406,0.248722
3.52902,0.303094,-0.440945,0.0290934,0.248722
3.52927,0.202645,-0.283465,-0.0789805,0.248722
3.52952,0.127397,-0.110236,-0.138209,0.248722
3.52977,0.0802301,0.0551181,-0.160819,0.248722
3.53002,0.0542793,0.220472,-0.142991,0.248722
3.53027,0.0352032,0.370079,-0.110536,0.248722
3.53052,0.0061065,0.480315,-0.0812059,0.248722
3.53077,-0.0477821,0.566929,-0.0744104,0.248722
3.53102,-0.133551,0.614173,-0.0889629,0.248722
3.53127,-0.248612,0.629921,-0.135276,0.248722
3.53152,-0.379675,0.622047,-0.202455,0.248722
3.53177,-0.505616,0.582677,-0.278334,0.248722
3.53202,-0.601687,0.519685,-0.334263,0.248722
3.53227,-0.645207,0.433071,-0.363343,0.248722
3.53252,-0.621169,0.330709,-0.332741,0.248722
3.53277,-0.525887,0.204724,-0.241863,0.248722
3.53302,-0.368325,0.0629921,-0.118414,0.248722
3.53327,-0.169276,-0.0787402,0.0397404,0.248722
3.53352,0.0437475,-0.23622,0.199726,0.248722
3.53377,0.24068,-0.385827,0.339389,0.248722
3.53402,0.396149,-0.519685,0.42696,0.248722
3.53427,0.49343,-0.622047,0.460807,0.248722
3.53452,0.5281,-0.692913,0.431812,0.248722
3.53477,0.507318,-0.716535,0.354447,0.248722
3.53502,0.447916,-0.692913,0.244767,0.248722
3.53527,0.371279,-0.622047,0.125434,0.248722
3.53552,0.297787,-0.503937,0.0305392,0.248722
3.53577,0.242231,-0.362205,-0.0383179,0.248722
3.53602,0.209939,-0.204724,-0.0721228,0.248722
3.53627,0.196267,-0.0314961,-0.0663422,0.248722
3.53652,0.188215,0.11811,-0.0435682,0.248722
3.53677,0.168678,0.267717,-0.0179431,0.248722
3.53702,0.121094,0.393701,-0.0105711,0.248722
3.53727,0.0353815,0.488189,-0.0336959,0.248722
3.53752,-0.0892794,0.559055,-0.0903018,0.248722
3.53777,-0.24233,0.606299,-0.171041,0.248722
3.53802,-0.403975,0.622047,-0.270418,0.248722
3.53827,-0.548353,0.614173,-0.353933,0.248722
3.53852,-0.649495,0.582677,-0.405272,0.248722
3.53877,-0.687012,0.519685,-0.411425,0.248722
3.53902,-0.650472,0.433071,-0.361605,0.248722
3.53927,-0.54237,0.314961,-0.250178,0.248722
3.53952,-0.37762,0.173228,-0.103094,0.248722
3.53977,-0.180689,0.015748,0.0600548,0.248722
3.54002,0.0195799,-0.141732,0.209323,0.248722
3.54027,0.195429,-0.307087,0.333306,0.248722
3.54052,0.326494,-0.464567,0.40317,0.248722
3.54077,0.40263,-0.582677,0.410621,0.248722
3.54102,0.425943,-0.669291,0.37389,0.248722
3.54127,0.408453,-0.716535,0.293282,0.248722
3.54152,0.368989,-0.708661,0.194946,0.248722
3.54177,0.326937,-0.653543,0.106594,0.248722
3.54202,0.297989,-0.559055,0.0485992,0.248722
3.54227,0.289423,-0.433071,0.0164835,0.248722
3.54252,0.298623,-0.283465,0.0147574,0.248722
3.54277,0.313638,-0.133858,0.0293934,0.248722
3.54302,0.317336,0.015748,0.0597427,0.248722
3.54327,0.291198,0.15748,0.0685092,0.248722
3.54352,0.221761,0.283465,0.0505945,0.248722
3.54377,0.104093,0.401575,-0.00555663,0.248722
3.54402,-0.0550167,0.488189,-0.0991842,0.248722
3.54427,-0.238371,0.559055,-0.203257,0.248722
3.54452,-0.420453,0.614173,-0.319373,0.248722
3.54478,-0.573227,0.637795,-0.411944,0.248722
3.54503,-0.671702,0.629921,-0.458058,0.248722
3.54528,-0.699242,0.590551,-0.449783,0.248722
3.54553,-0.651252,0.519685,-0.369434,0.248722
3.54578,-0.536243,0.417323,-0.245789,0.248722
3.54603,-0.373772,0.275591,-0.0898879,0.248722
3.54628,-0.190274,0.11811,0.066535,0.248722
3.54653,-0.0136752,-0.0551181,0.206023,0.248722
3.54678,0.133018,-0.228346,0.309681,0.248722
3.54703,0.235478,-0.393701,0.352229,0.248722
3.54728,0.291003,-0.527559,0.353604,0.248722
3.54753,0.307248,-0.629921,0.303548,0.248722
3.54778,0.300023,-0.692913,0.234118,0.248722
3.54803,0.287692,-0.700787,0.152324,0.248722
3.54828,0.286219,-0.669291,0.0998492,0.248722
3.54853,0.304568,-0.598425,0.0683787,0.248722
3.54878,0.342076,-0.496063,0.0729033,0.248722
3.54903,0.388257,-0.370079,0.106759,0.248722
3.54928,0.425684,-0.228346,0.132012,0.248722
3.54953,0.434319,-0.0944882,0.156775,0.248722
3.54978,0.396774,0.0393701,0.147513,0.248722
3.55003,0.303885,0.173228,0.0993588,0.248722
3.55028,0.157204,0.299213,0.0114883,0.248722
3.55053,-0.0295026,0.409449,-0.117146,0.248722
3.55078,-0.23313,0.511811,-0.248108,0.248722
3.55103,-0.424669,0.590551,-0.371025,0.248722
3.55128,-0.576239,0.645669,-0.450635,0.248722
3.55153,-0.665524,0.661417,-0.483288,0.248722
3.55178,-0.681305,0.645669,-0.449396,0.248722
3.55203,-0.625161,0.590551,-0.360709,0.248722
3.55228,-0.510787,0.496063,-0.228635,0.248722
3.55253,-0.360821,0.370079,-0.0776689,0.248722
3.55278,-0.20176,0.204724,0.069506,0.248722
3.55303,-0.0577553,0.0314961,0.193801,0.248722
3.55328,0.0538712,-0.141732,0.266402,0.248722
3.55353,0.126501,-0.314961,0.282745,0.248722
3.55378,0.163868,-0.456693,0.266366,0.248722
3.55403,0.178913,-0.574803,0.221938,0.248722
3.55428,0.18864,-0.645669,0.159665,0.248722
3.55453,0.209402,-0.677165,0.118684,0.248722
3.55478,0.251701,-0.661417,0.0957607,0.248722
3.55503,0.317076,-0.622047,0.114791,0.248722
3.55528,0.39663,-0.543307,0.150281,0.248722
3.55553,0.47337,-0.440945,0.197537,0.248722
3.55578,0.525695,-0.330709,0.2321,0.248722
3.55603,0.532867,-0.204724,0.240297,0.248722
3.55628,0.480706,-0.0708661,0.211568,0.248722
3.55653,0.36527,0.0551181,0.136322,0.248722
3.55678,0.195169,0.19685,0.0158045,0.248722
3.55703,-0.0100399,0.322835,-0.135066,0.248722
3.55728,-0.22249,0.448819,-0.281238,0.248722
3.55753,-0.412755,0.551181,-0.394543,0.248722
3.55778,-0.554317,0.637795,-0.468243,0.248722
3.55803,-0.630027,0.685039,-0.482857,0.248722
3.55828,-0.634532,0.692913,-0.43654,0.248722
3.55853,-0.575457,0.653543,-0.335221,0.248722
3.55878,-0.470425,0.574803,-0.20726,0.248722
3.55903,-0.343227,0.448819,-0.0603287,0.248722
3.55928,-0.217973,0.291339,0.0583796,0.248722
3.55953,-0.113458,0.11811,0.153072,0.248722
3.55978,-0.0396842,-0.0551181,0.1926,0.248722
3.56003,0.00419837,-0.220472,0.199981,0.248722
3.56028,0.0280438,-0.377953,0.170084,0.248722
3.56053,0.0480909,-0.496063,0.130218,0.248722
3.56078,0.0806185,-0.582677,0.0955459,0.248722
3.56103,0.138282,-0.637795,0.0922053,0.248722
3.56128,0.224754,-0.645669,0.113527,0.248722
3.56153,0.333614,-0.629921,0.162551,0.248722
3.56178,0.448764,-0.582677,0.222037,0.248722
3.56203,0.547851,-0.511811,0.287871,0.248722
3.56228,0.607235,-0.417323,0.316489,0.248722
3.56253,0.607789,-0.307087,0.317815,0.248722
3.56278,0.539688,-0.188976,0.254735,0.248722
3.56303,0.405391,-0.0472441,0.148515,0.248722
3.56328,0.219497,0.0866142,0.00300197,0.248722
3.56353,0.00685032,0.23622,-0.147956,0.248722
3.56378,-0.203057,0.377953,-0.297354,0.248722
3.56403,-0.381451,0.511811,-0.409427,0.248722
3.56428,-0.506332,0.614173,-0.466903,0.248722
3.56453,-0.566142,0.685039,-0.459349,0.248722
3.56478,-0.562254,0.708661,-0.404391,0.248722
3.56503,-0.506863,0.692913,-0.294685,0.248722
3.56528,-0.420272,0.622047,-0.176925,0.248722
3.56553,-0.325134,0.511811,-0.0520821,0.248722
3.56578,-0.241049,0.370079,0.0387056,0.248722
3.56603,-0.180055,0.204724,0.098516,0.248722
3.56628,-0.144088,0.0314961,0.112692,0.248722
3.56653,-0.125531,-0.125984,0.10478,0.248722
3.56678,-0.109253,-0.275591,0.0687715,0.248722
3.56703,-0.078471,-0.409449,0.0525332,0.248722
3.56728,-0.0185209,-0.503937,0.0407289,0.248722
3.56753,0.0771525,-0.574803,0.0713372,0.248722
3.56778,0.20515,-0.614173,0.12868,0.248722
3.56803,0.351258,-0.622047,0.215327,0.248722
3.56828,0.493401,-0.606299,0.291756,0.248722
3.56853,0.605805,-0.566929,0.364106,0.248722
3.56878,0.665052,-0.503937,0.38982,0.248722
3.56903,0.655363,-0.409449,0.363456,0.248722
3.56928,0.572462,-0.299213,0.279777,0.248722
3.56954,0.425086,-0.165354,0.151609,0.248722
3.56979,0.233199,-0.00787402,-0.00269858,0.248722
3.57004,0.024702,0.141732,-0.162836,0.248722
3.57029,-0.171362,0.299213,-0.309515,0.248722
3.57054,-0.329244,0.448819,-0.403571,0.248722
3.57079,-0.432736,0.574803,-0.437223,0.248722
3.57104,-0.476974,0.669291,-0.419495,0.248722
3.57129,-0.469075,0.708661,-0.353889,0.248722
3.57154,-0.425028,0.708661,-0.248648,0.248722
3.57179,-0.365487,0.661417,-0.150575,0.248722
3.57204,-0.309921,0.566929,-0.0576334,0.248722
3.57229,-0.271723,0.440945,0.00342564,0.248722
3.57254,-0.255112,0.291339,0.0272162,0.248722
3.57279,-0.254409,0.125984,0.0209326,0.248722
3.57304,-0.255506,-0.023622,-0.00141224,0.248722
3.57329,-0.240984,-0.173228,-0.0215175,0.248722
3.57354,-0.193993,-0.307087,-0.0326489,0.248722
3.57379,-0.104586,-0.417323,0.00237454,0.248722
3.57404,0.0276653,-0.503937,0.0646846,0.248722
3.57429,0.191409,-0.574803,0.160181,0.248722
3.57454,0.366218,-0.614173,0.271638,0.248722
3.57479,0.525343,-0.629921,0.366591,0.248722
3.57504,0.642121,-0.614173,0.422884,0.248722
3.57529,0.695219,-0.574803,0.438343,0.248722
3.57554,0.673778,-0.503937,0.391755,0.248722
3.57579,0.579606,-0.401575,0.290471,0.248722
3.57604,0.426992,-0.267717,0.145883,0.248722
3.57629,0.240108,-0.11811,-0.0159525,0.248722
3.57654,0.047001,0.0472441,-0.169675,0.248722
3.57679,-0.12499,0.220472,-0.294685,0.248722
3.57704,-0.255894,0.385827,-0.368215,0.248722
3.57729,-0.335842,0.527559,-0.389814,0.248722
3.57754,-0.366937,0.629921,-0.358813,0.248722
3.57779,-0.360921,0.692913,-0.28301,0.248722
3.57804,-0.335984,0.708661,-0.197158,0.248722
3.57829,-0.310863,0.677165,-0.125581,0.248722
3.57854,-0.29992,0.606299,-0.0668416,0.248722
3.57879,-0.309291,0.496063,-0.045782,0.248722
3.57904,-0.335062,0.370079,-0.0465158,0.248722
3.57929,-0.364448,0.228346,-0.0774828,0.248722
3.57954,-0.378872,0.0787402,-0.108813,0.248722
3.57979,-0.359881,-0.0629921,-0.119421,0.248722
3.58004,-0.293241,-0.19685,-0.0864114,0.248722
3.58029,-0.17451,-0.314961,-0.0268648,0.248722
3.58054,-0.0103821,-0.425197,0.0761008,0.248722
3.58079,0.181073,-0.519685,0.193972,0.248722
3.58104,0.374152,-0.590551,0.313071,0.248722
3.58129,0.539912,-0.629921,0.4187,0.248722
3.58154,0.652795,-0.645669,0.466915,0.248722
3.58179,0.695601,-0.629921,0.460585,0.248722
3.58204,0.663146,-0.582677,0.394126,0.248722
3.58229,0.563217,-0.488189,0.2762,0.248722
3.58254,0.41492,-0.362205,0.127764,0.248722
3.58279,0.243743,-0.212598,-0.0313355,0.248722
3.58304,0.0769337,-0.0393701,-0.1722,0.248722
3.58329,-0.0631987,0.133858,-0.267465,0.248722
3.58354,-0.162904,0.307087,-0.315903,0.248722
3.58379,-0.219893,0.456693,-0.3139,0.248722
3.58404,-0.24192,0.574803,-0.277562,0.248722
3.58429,-0.244585,0.653543,-0.212012,0.248722
3.58454,-0.245601,0.692913,-0.146301,0.248722
3.58479,-0.260285,0.677165,-0.108282,0.248722
3.58504,-0.296269,0.629921,-0.0905444,0.248722
3.58529,-0.351772,0.551181,-0.101412,0.248722
3.58554,-0.415156,0.440945,-0.134605,0.248722
3.58579,-0.467669,0.314961,-0.173661,0.248722
3.58604,-0.488657,0.181102,-0.205519,0.248722
3.58629,-0.460076,0.0472441,-0.192329,0.248722
3.58654,-0.372431,-0.0787402,-0.141547,0.248722
3.58679,-0.227252,-0.212598,-0.042449,0.248722
3.58704,-0.0384273,-0.338583,0.0839358,0.248722
3.58729,0.170647,-0.448819,0.22796,0.248722
3.58754,0.370673,-0.551181,0.350917,0.248722
3.58779,0.533118,-0.622047,0.445093,0.248722
3.58804,0.635457,-0.669291,0.485729,0.248722
3.58829,0.665919,-0.677165,0.46997,0.248722
3.58854,0.625401,-0.645669,0.380399,0.248722
3.58879,0.527145,-0.566929,0.257017,0.248722
3.58904,0.392866,-0.448819,0.109142,0.248722
3.58929,0.248077,-0.299213,-0.0344087,0.248722
3.58954,0.116288,-0.125984,-0.143102,0.248722
3.58979,0.0136006,0.0472441,-0.223506,0.248722
3.59004,-0.053748,0.220472,-0.248804,0.248722
3.59029,-0.0903945,0.377953,-0.229495,0.248722
3.59054,-0.109009,0.511811,-0.18755,0.248722
3.59079,-0.126806,0.598425,-0.143858,0.248722
3.59104,-0.159414,0.653543,-0.103934,0.248722
3.59129,-0.216623,0.661417,-0.0986579,0.248722
3.59154,-0.298708,0.637795,-0.119123,0.248722
3.59179,-0.395882,0.582677,-0.168845,0.248722
3.59204,-0.489684,0.503937,-0.223799,0.248722
3.59229,-0.557756,0.401575,-0.272212,0.248722
3.59254,-0.578473,0.291339,-0.282325,0.248722
3.59279,-0.537046,0.165354,-0.254858,0.248722
3.59304,-0.429153,0.0314961,-0.170086,0.248722
3.59329,-0.263244,-0.102362,-0.0522684,0.248722
3.59354,-0.0588426,-0.244094,0.103019,0.248722
3.59379,0.156219,-0.377953,0.254933,0.248722
3.59404,0.352108,-0.503937,0.376709,0.248722
3.5943,0.502381,-0.598425,0.463387,0.248722
3.59455,0.589541,-0.669291,0.487135,0.248722
3.5948,0.607818,-0.700787,0.44061,0.248722
3.59505,0.564235,-0.685039,0.349222,0.248722
3.5953,0.475932,-0.622047,0.230988,0.248722
3.59555,0.365577,-0.519685,0.0962921,0.248722
3.5958,0.25632,-0.377953,-0.0259861,0.248722
3.59605,0.165923,-0.212598,-0.113055,0.248722
3.5963,0.103334,-0.0393701,-0.153282,0.248722
3.59655,0.0668823,0.125984,-0.155156,0.248722
3.5968,0.0461109,0.291339,-0.135333,0.248722
3.59705,0.024632,0.425197,-0.0959037,0.248722
3.5973,-0.0139667,0.527559,-0.0748117,0.248722
3.59755,-0.0816018,0.598425,-0.0688852,0.248722
3.5978,-0.181243,0.629921,-0.10416,0.248722
3.59805,-0.305593,0.637795,-0.163243,0.248722
3.5983,-0.437257,0.606299,-0.243206,0.248722
3.59855,-0.55309,0.559055,-0.31013,0.248722
3.5988,-0.62846,0.488189,-0.353534,0.248722
3.59905,-0.643434,0.393701,-0.353716,0.248722
3.5993,-0.587684,0.275591,-0.293001,0.248722
3.59955,-0.46304,0.149606,-0.186433,0.248722
3.5998,-0.284116,0,-0.0440244,0.248722
3.60005,-0.0750994,-0.141732,0.112613,0.248722
3.6003,0.134307,-0.299213,0.264784,0.248722
3.60055,0.315667,-0.440945,0.381761,0.248722
3.6008,0.446779,-0.566929,0.448103,0.248722
3.60105,0.516313,-0.661417,0.456813,0.248722
3.6013,0.524902,-0.708661,0.399674,0.248722
3.60155,0.484743,-0.708661,0.310476,0.248722
3.6018,0.414953,-0.669291,0.197128,0.248722
3.60205,0.337374,-0.574803,0.0797537,0.248722
3.6023,0.270504,-0.448819,-0.00904291,0.248722
3.60255,0.225178,-0.299213,-0.0569084,0.248722
3.6028,0.20222,-0.133858,-0.0716717,0.248722
3.60305,0.193084,0.0314961,-0.0528724,0.248722
3.6033,0.182114,0.188976,-0.0264595,0.248722
3.60355,0.151942,0.322835,-0.00893787,0.248722
3.6038,0.0882663,0.440945,-0.0201115,0.248722
3.60405,-0.0151486,0.527559,-0.0496313,0.248722
3.6043,-0.154306,0.582677,-0.120462,0.248722
3.60455,-0.313959,0.614173,-0.213699,0.248722
3.6048,-0.471332,0.622047,-0.306539,0.248722
3.60505,-0.599677,0.606299,-0.382255,0.248722
3.6053,-0.674804,0.559055,-0.412594,0.248722
3.60555,-0.680199,0.488189,-0.393055,0.248722
3.6058,-0.611015,0.385827,-0.314713,0.248722
3.60605,-0.47544,0.259843,-0.196153,0.248722
3.6063,-0.29299,0.110236,-0.0383945,0.248722
3.60655,-0.0910177,-0.0472441,0.132441,0.248722
3.6068,0.101553,-0.212598,0.272481,0.248722
3.60705,0.259582,-0.377953,0.377133,0.248722
3.6073,0.366986,-0.519685,0.417573,0.248722
3.60755,0.418846,-0.629921,0.398809,0.248722
3.6078,0.422288,-0.692913,0.343801,0.248722
3.60805,0.392561,-0.716535,0.256457,0.248722
3.6083,0.349635,-0.692913,0.159718,0.248722
3.60855,0.311881,-0.622047,0.0738371,0.248722
3.6088,0.291602,-0.511811,0.0254546,0.248722
3.60905,0.291773,-0.377953,0.00596318,0.248722
3.6093,0.305415,-0.220472,0.0156597,0.248722
3.60955,0.317848,-0.0708661,0.0439242,0.248722
3.6098,0.310334,0.0787402,0.0656975,0.248722
3.61005,0.266411,0.212598,0.0627506,0.248722
3.6103,0.175583,0.338583,0.0258278,0.248722
3.61055,0.0382029,0.440945,-0.0380472,0.248722
3.6108,-0.134394,0.527559,-0.144335,0.248722
3.61105,-0.320453,0.590551,-0.256852,0.248722
3.6113,-0.493108,0.622047,-0.365884,0.248722
3.61155,-0.624624,0.637795,-0.435875,0.248722
3.6118,-0.693192,0.614173,-0.456872,0.248722
3.61205,-0.687186,0.566929,-0.42057,0.248722
3.6123,-0.607864,0.480315,-0.318698,0.248722
3.61255,-0.468903,0.362205,-0.17911,0.248722
3.6128,-0.29372,0.212598,-0.0227513,0.248722
3.61305,-0.110028,0.0393701,0.136836,0.248722
3.6133,0.0557565,-0.125984,0.255293,0.248722
3.61355,0.184099,-0.299213,0.334953,0.248722
3.6138,0.265456,-0.456693,0.358419,0.248722
3.61405,0.302253,-0.574803,0.336352,0.248722
3.6143,0.305894,-0.661417,0.270727,0.248722
3.61455,0.294164,-0.700787,0.201048,0.248722
3.6148,0.284925,-0.692913,0.130642,0.248722
3.61505,0.29167,-0.645669,0.0817026,0.248722
3.6153,0.319146,-0.559055,0.0745789,0.248722
3.61555,0.362281,-0.440945,0.0863057,0.248722
3.6158,0.407111,-0.314961,0.120234,0.248722
3.61605,0.434235,-0.173228,0.144595,0.248722
3.6163,0.42423,-0.0314961,0.158047,0.248722
3.61655,0.362789,0.102362,0.135466,0.248722
3.6168,0.245298,0.228346,0.066217,0.248722
3.61705,0.0785586,0.354331,-0.0379278,0.248722
3.6173,-0.1188,0.456693,-0.172988,0.248722
3.61755,-0.320832,0.551181,-0.30744,0.248722
3.6178,-0.497995,0.614173,-0.410076,0.248722
3.61805,-0.624266,0.653543,-0.477698,0.248722
3.6183,-0.681759,0.661417,-0.475745,0.248722
3.61855,-0.664845,0.629921,-0.423309,0.248722
3.6188,-0.580651,0.559055,-0.31213,0.248722
3.61906,-0.447399,0.448819,-0.159059,0.248722
3.61931,-0.290272,0.307087,-0.00793819,0.248722
3.61956,-0.135113,0.133858,0.130637,0.248722
3.61981,-0.00387684,-0.0393701,0.226999,0.248722
3.62006,0.0907892,-0.212598,0.283658,0.248722
3.62031,0.146772,-0.377953,0.284501,0.248722
3.62056,0.172424,-0.511811,0.248967,0.248722
3.62081,0.182825,-0.614173,0.191116,0.248722
3.62106,0.195656,-0.669291,0.137465,0.248722
3.62131,0.225067,-0.677165,0.109271,0.248722
3.62156,0.278006,-0.653543,0.100623,0.248722
3.62181,0.351264,-0.590551,0.122458,0.248722
3.62206,0.432105,-0.503937,0.168674,0.248722
3.62231,0.500813,-0.393701,0.217274,0.248722
3.62256,0.535456,-0.275591,0.241998,0.248722
3.62281,0.517661,-0.149606,0.23074,0.248722
3.62306,0.437405,-0.00787402,0.185725,0.248722
3.62331,0.296016,0.11811,0.0850357,0.248722
3.62356,0.107547,0.251969,-0.046183,0.248722
3.62381,-0.104615,0.377953,-0.199805,0.248722
3.62406,-0.310881,0.496063,-0.332127,0.248722
3.62431,-0.482499,0.590551,-0.438192,0.248722
3.62456,-0.596419,0.661417,-0.487203,0.249307
3.62481,-0.640643,0.692913,-0.477517,0.249307
3.62506,-0.615463,0.677165,-0.40053,0.249307
3.62531,-0.533403,0.622047,-0.277756,0.249307
3.62556,-0.415629,0.527559,-0.144742,0.249307
3.62581,-0.286478,0.385827,-0.00581598,0.249307
3.62606,-0.168529,0.228346,0.111467,0.249307
3.62631,-0.0769331,0.0472441,0.174656,0.249307
3.62656,-0.0171163,-0.125984,0.207634,0.249307
3.62681,0.0163674,-0.291339,0.192654,0.249307
3.62706,0.0363135,-0.433071,0.159201,0.249307
3.62731,0.0599563,-0.543307,0.115207,0.249307
3.62756,0.102455,-0.614173,0.0918998,0.249307
3.62781,0.173003,-0.645669,0.097599,0.249307
3.62806,0.270758,-0.645669,0.133752,0.249307
3.62831,0.384902,-0.614173,0.191301,0.249307
3.62856,0.495933,-0.559055,0.25716,0.249307
3.62881,0.580179,-0.472441,0.308808,0.249307
3.62906,0.615552,-0.377953,0.324741,0.249307
3.62931,0.58633,-0.259843,0.290664,0.249307
3.62956,0.487987,-0.125984,0.2173,0.249307
3.62981,0.328433,0,0.087281,0.249307
3.63006,0.127346,0.149606,-0.0651682,0.249307
3.63031,-0.0879387,0.299213,-0.226371,0.249307
3.63056,-0.287189,0.433071,-0.353948,0.249307
3.63081,-0.444153,0.559055,-0.449592,0.249307
3.63106,-0.54096,0.645669,-0.470856,0.249307
3.63131,-0.571832,0.700787,-0.446472,0.249307
3.63156,-0.543042,0.708661,-0.365103,0.249307
3.63181,-0.471131,0.669291,-0.243162,0.249307
3.63206,-0.378105,0.582677,-0.123818,0.249307
3.63231,-0.285787,0.464567,-0.0106489,0.249307
3.63256,-0.210931,0.307087,0.0705011,0.249307
3.63281,-0.161412,0.133858,0.109607,0.249307
3.63306,-0.134478,-0.0314961,0.108559,0.249307
3.63331,-0.119106,-0.188976,0.0947112,0.249307
3.63356,-0.0984982,-0.338583,0.0658375,0.249307
3.63381,-0.0562979,-0.456693,0.0451422,0.249307
3.63406,0.0192313,-0.543307,0.0569534,0.249307
3.63431,0.130216,-0.598425,0.0985539,0.249307
3.63456,0.268568,-0.629921,0.164715,0.249307
3.63481,0.415988,-0.622047,0.247194,0.249307
3.63506,0.5481,-0.598425,0.327422,0.249307
3.63531,0.639629,-0.543307,0.382319,0.249307
3.63556,0.669807,-0.464567,0.383242,0.249307
3.63581,0.627619,-0.362205,0.332382,0.249307
3.63606,0.514473,-0.244094,0.233388,0.249307
3.63631,0.344486,-0.102362,0.0834075,0.249307
3.63656,0.141532,0.0472441,-0.0765779,0.249307
3.63681,-0.0649966,0.212598,-0.23613,0.249307
3.63706,-0.246949,0.370079,-0.359881,0.249307
3.63731,-0.382137,0.503937,-0.427195,0.249307
3.63756,-0.459384,0.622047,-0.4399,0.249307
3.63781,-0.479066,0.692913,-0.395414,0.249307
3.63806,-0.452871,0.716535,-0.307825,0.249307
3.63831,-0.399476,0.700787,-0.203113,0.249307
3.63856,-0.339516,0.629921,-0.0989124,0.249307
3.63881,-0.290428,0.519685,-0.0278178,0.249307
3.63906,-0.261837,0.385827,0.0252133,0.249307
3.63931,-0.253476,0.228346,0.028979,0.249307
3.63956,-0.255604,0.0629921,0.00964119,0.249307
3.63981,-0.252157,-0.0866142,-0.0104536,0.249307
3.64006,-0.225005,-0.23622,-0.02957,0.249307
3.64031,-0.160044,-0.362205,-0.0191738,0.249307
3.64056,-0.0510528,-0.464567,0.0317507,0.249307
3.64081,0.0970369,-0.543307,0.111209,0.249307
3.64106,0.268768,-0.598425,0.213248,0.249307
3.64131,0.439932,-0.622047,0.31037,0.249307
3.64156,0.583514,-0.629921,0.397664,0.249307
3.64181,0.674297,-0.598425,0.439619,0.249307
3.64206,0.695147,-0.551181,0.428465,0.249307
3.64231,0.640595,-0.464567,0.348717,0.249307
3.64256,0.518309,-0.346457,0.231599,0.249307
3.64281,0.347157,-0.204724,0.074561,0.249307
3.64306,0.15397,-0.0472441,-0.0964251,0.249307
3.64331,-0.0328977,0.11811,-0.240269,0.249307
3.64356,-0.1886,0.291339,-0.334973,0.249307
3.64382,-0.297579,0.448819,-0.391725,0.249307
3.64407,-0.355006,0.574803,-0.378103,0.249307
3.64432,-0.367821,0.661417,-0.330574,0.249307
3.64457,-0.351129,0.708661,-0.252453,0.249307
3.64482,-0.32393,0.708661,-0.160579,0.249307
3.64507,-0.303678,0.653543,-0.0910369,0.249307
3.64532,-0.301551,0.566929,-0.0515066,0.249307
3.64557,-0.319204,0.448819,-0.0397814,0.249307
3.64582,-0.348544,0.314961,-0.0589468,0.249307
3.64607,-0.373826,0.165354,-0.0909178,0.249307
3.64632,-0.375664,0.015748,-0.112327,0.249307
3.64657,-0.336894,-0.11811,-0.111701,0.249307
3.64682,-0.247163,-0.251969,-0.0715486,0.249307
3.64707,-0.106911,-0.370079,0.0121833,0.249307
3.64732,0.0721352,-0.472441,0.122911,0.249307
3.64757,0.267768,-0.551181,0.253802,0.249307
3.64782,0.452241,-0.614173,0.365334,0.249307
3.64807,0.59746,-0.645669,0.450148,0.249307
3.64832,0.680935,-0.645669,0.474214,0.249307
3.64857,0.690376,-0.614173,0.438745,0.249307
3.64882,0.626502,-0.551181,0.348132,0.249307
3.64907,0.502351,-0.440945,0.213751,0.249307
3.64932,0.340484,-0.307087,0.055057,0.249307
3.64957,0.168096,-0.141732,-0.0917197,0.249307
3.64982,0.0107218,0.0314961,-0.216652,0.249307
3.65007,-0.112561,0.212598,-0.296593,0.249307
3.65032,-0.193116,0.377953,-0.325617,0.249307
3.65057,-0.233079,0.511811,-0.305099,0.249307
3.65082,-0.24455,0.622047,-0.256251,0.249307
3.65107,-0.244253,0.677165,-0.183547,0.249307
3.65132,-0.249791,0.692913,-0.131045,0.249307
3.65157,-0.273391,0.669291,-0.091142,0.249307
3.65182,-0.318819,0.598425,-0.0924075,0.249307
3.65207,-0.3797,0.503937,-0.113428,0.249307
3.65232,-0.440859,0.393701,-0.15063,0.249307
3.65257,-0.482058,0.259843,-0.192817,0.249307
3.65282,-0.483026,0.125984,-0.197552,0.249307
3.65307,-0.428873,0,-0.169596,0.249307
3.65332,-0.314967,-0.133858,-0.0996368,0.249307
3.65357,-0.148101,-0.267717,0.00514469,0.249307
3.65382,0.0529739,-0.385827,0.142682,0.249307
3.65407,0.261714,-0.496063,0.289889,0.249307
3.65432,0.448454,-0.582677,0.404274,0.249307
3.65457,0.586673,-0.645669,0.471428,0.249307
3.65482,0.657984,-0.677165,0.484658,0.249307
3.65507,0.656295,-0.669291,0.432879,0.249307
3.65532,0.588053,-0.614173,0.33446,0.249307
3.65557,0.470802,-0.519685,0.193525,0.249307
3.65582,0.328777,-0.393701,0.0494115,0.249307
3.65607,0.187196,-0.228346,-0.0918282,0.249307
3.65632,0.0668228,-0.0551181,-0.188579,0.249307
3.65657,-0.020424,0.11811,-0.242347,0.249307
3.65682,-0.0730147,0.291339,-0.239734,0.249307
3.65707,-0.0999015,0.440945,-0.217441,0.249307
3.65732,-0.115957,0.551181,-0.165131,0.249307
3.65757,-0.138612,0.629921,-0.127326,0.249307
3.65782,-0.18132,0.661417,-0.106122,0.249307
3.65807,-0.250127,0.661417,-0.107224,0.249307
3.65832,-0.340601,0.622047,-0.141933,0.249307
3.65857,-0.438949,0.551181,-0.195928,0.249307
3.65882,-0.5243,0.464567,-0.246432,0.249307
3.65907,-0.573822,0.362205,-0.282512,0.249307
3.65932,-0.56837,0.23622,-0.27556,0.249307
3.65957,-0.49737,0.110236,-0.222748,0.249307
3.65982,-0.362166,-0.023622,-0.125748,0.249307
3.66007,-0.176188,-0.165354,0.0148609,0.249307
3.66032,0.0364397,-0.299213,0.165063,0.249307
3.66057,0.246768,-0.433071,0.314389,0.249307
3.66082,0.425339,-0.551181,0.423847,0.249307
3.66107,0.549308,-0.637795,0.482072,0.249307
3.66132,0.605974,-0.692913,0.47065,0.249307
3.66157,0.595472,-0.700787,0.40804,0.249307
3.66182,0.529528,-0.669291,0.297015,0.249307
3.66207,0.428484,-0.590551,0.162409,0.249307
3.66232,0.31605,-0.464567,0.0399505,0.249307
3.66257,0.213394,-0.314961,-0.0663232,0.249307
3.66282,0.134745,-0.141732,-0.139653,0.249307
3.66307,0.0845485,0.0314961,-0.155829,0.249307
3.66332,0.0567204,0.19685,-0.15382,0.249307
3.66357,0.0377389,0.346457,-0.120218,0.249307
3.66382,0.0105676,0.472441,-0.0882783,0.249307
3.66407,-0.0397478,0.559055,-0.0690874,0.249307
3.66432,-0.121799,0.614173,-0.0871192,0.249307
3.66457,-0.233827,0.637795,-0.130835,0.249307
3.66482,-0.364043,0.629921,-0.201933,0.249307
3.66507,-0.491851,0.590551,-0.275637,0.249307
3.66532,-0.592708,0.527559,-0.336515,0.249307
3.66557,-0.643377,0.448819,-0.357791,0.249307
3.66582,-0.627736,0.346457,-0.332771,0.249307
3.66607,-0.540622,0.220472,-0.257515,0.249307
3.66632,-0.389512,0.0866142,-0.133385,0.249307
3.66657,-0.194016,-0.0551181,0.0305765,0.249307
3.66682,0.0189518,-0.212598,0.184313,0.249307
3.66707,0.219229,-0.362205,0.332142,0.249307
3.66732,0.380666,-0.496063,0.423246,0.249307
3.66757,0.485265,-0.606299,0.462318,0.249307
3.66782,0.527158,-0.685039,0.435851,0.249307
3.66807,0.512171,-0.716535,0.363505,0.249307
3.66832,0.456251,-0.700787,0.261121,0.249307
3.66858,0.380433,-0.637795,0.142376,0.249307
3.66883,0.305718,-0.527559,0.035336,0.249307
3.66908,0.247566,-0.393701,-0.034533,0.249307
3.66933,0.212578,-0.228346,-0.0680653,0.249307
3.66958,0.197337,-0.0629921,-0.0657967,0.249307
3.66983,0.189389,0.0944882,-0.0467553,0.249307
3.67008,0.172133,0.251969,-0.0215995,0.249307
3.67033,0.128533,0.377953,-0.00579447,0.249307
3.67058,0.047571,0.480315,-0.02601,0.249307
3.67083,-0.0728419,0.559055,-0.0831389,0.249307
3.67108,-0.22341,0.606299,-0.162065,0.249307
3.67133,-0.38532,0.622047,-0.260351,0.249307
3.67158,-0.533118,0.622047,-0.342877,0.249307
3.67183,-0.640563,0.590551,-0.402851,0.249307
3.67208,-0.686346,0.527559,-0.4189,0.249307
3.67233,-0.658655,0.440945,-0.372493,0.249307
3.67258,-0.558432,0.330709,-0.266355,0.249307
3.67283,-0.399318,0.19685,-0.121879,0.249307
3.67308,-0.204613,0.0393701,0.042679,0.249307
3.67333,-0.00332811,-0.11811,0.203189,0.249307
3.67358,0.176751,-0.283465,0.322435,0.249307
3.67383,0.313725,-0.440945,0.39998,0.249307
3.67408,0.396568,-0.566929,0.413832,0.249307
3.67433,0.425558,-0.661417,0.378137,0.249307
3.67458,0.412065,-0.716535,0.30671,0.249307
3.67483,0.374019,-0.716535,0.211373,0.249307
3.67508,0.331451,-0.669291,0.116272,0.249307
3.67533,0.30039,-0.582677,0.0475042,0.249307
3.67558,0.289359,-0.456693,0.0111448,0.249307
3.67583,0.296921,-0.314961,0.0071741,0.249307
3.67608,0.312068,-0.15748,0.0290838,0.249307
3.67633,0.318097,0,0.0526545,0.249307
3.67658,0.296305,0.141732,0.0713285,0.249307
3.67683,0.232431,0.275591,0.0496264,0.249307
3.67708,0.120314,0.385827,-0.00325071,0.249307
3.67733,-0.0346077,0.488189,-0.0824508,0.249307
3.67758,-0.21632,0.559055,-0.196562,0.249307
3.67783,-0.399995,0.614173,-0.314871,0.249307
3.67808,-0.55763,0.637795,-0.400992,0.249307
3.67833,-0.663569,0.629921,-0.455294,0.249307
3.67858,-0.699956,0.598425,-0.447148,0.249307
3.67883,-0.660664,0.535433,-0.38163,0.249307
3.67908,-0.552633,0.433071,-0.259176,0.249307
3.67933,-0.394537,0.299213,-0.105921,0.249307
3.67958,-0.212031,0.141732,0.0541211,0.249307
3.67983,-0.033285,-0.023622,0.196452,0.249307
3.68008,0.117895,-0.204724,0.300659,0.249307
3.68033,0.225919,-0.370079,0.350551,0.249307
3.68058,0.286767,-0.511811,0.353347,0.249307
3.68083,0.306923,-0.622047,0.308947,0.249307
3.68108,0.301519,-0.685039,0.235725,0.249307
3.68133,0.288859,-0.708661,0.166888,0.249307
3.68158,0.285463,-0.677165,0.106297,0.249307
3.68183,0.301304,-0.614173,0.0717523,0.249307
3.68208,0.336918,-0.511811,0.0695315,0.249307
3.68233,0.382873,-0.393701,0.101624,0.249307
3.68258,0.422444,-0.251969,0.134754,0.249307
3.68283,0.435402,-0.110236,0.156078,0.249307
3.68308,0.404071,0.023622,0.146801,0.249307
3.68333,0.317741,0.15748,0.107844,0.249307
3.68358,0.177026,0.283465,0.0193837,0.249307
3.68383,-0.00612849,0.401575,-0.0958051,0.249307
3.68408,-0.209103,0.503937,-0.230095,0.249307
3.68433,-0.403769,0.582677,-0.352831,0.249307
3.68458,-0.56122,0.637795,-0.441379,0.249307
3.68483,-0.658727,0.661417,-0.483309,0.249307
3.68508,-0.683324,0.653543,-0.458471,0.249307
3.68533,-0.635097,0.606299,-0.371499,0.249307
3.68558,-0.526598,0.519685,-0.248878,0.249307
3.68583,-0.379464,0.393701,-0.0910494,0.249307
3.68608,-0.220121,0.23622,0.0514572,0.249307
3.68633,-0.0732617,0.0629921,0.17466,0.249307
3.68658,0.0427381,-0.110236,0.262892,0.249307
3.68683,0.119973,-0.291339,0.287137,0.249307
3.68708,0.160956,-0.440945,0.267775,0.249307
3.68733,0.177792,-0.559055,0.229692,0.249307
3.68758,0.187228,-0.645669,0.167356,0.249307
3.68783,0.205985,-0.677165,0.121152,0.249307
3.68808,0.245461,-0.677165,0.101046,0.249307
3.68833,0.308383,-0.637795,0.114475,0.249307
3.68858,0.387007,-0.559055,0.141758,0.249307
3.68883,0.465161,-0.464567,0.191231,0.249307
3.68908,0.521502,-0.346457,0.234254,0.249307
3.68933,0.534895,-0.220472,0.241154,0.249307
3.68958,0.490169,-0.0866142,0.219502,0.249307
3.68983,0.381963,0.0393701,0.1419,0.249307
3.69008,0.217482,0.181102,0.0264587,0.249307
3.69033,0.0150693,0.314961,-0.115972,0.249307
3.69058,-0.198157,0.433071,-0.267215,0.249307
3.69083,-0.392449,0.543307,-0.387396,0.249307
3.69108,-0.540844,0.629921,-0.471424,0.249307
3.69133,-0.624841,0.677165,-0.486801,0.249307
3.69158,-0.637569,0.692913,-0.451337,0.249307
3.69183,-0.585233,0.661417,-0.352968,0.249307
3.69208,-0.484431,0.590551,-0.224277,0.249307
3.69233,-0.358541,0.472441,-0.0725448,0.249307
3.69258,-0.231931,0.322835,0.0545976,0.249307
3.69283,-0.124347,0.149606,0.143599,0.249307
3.69308,-0.0466911,-0.023622,0.192708,0.249307
3.69334,0.000242236,-0.19685,0.208114,0.249307
3.69359,0.0257979,-0.354331,0.17892,0.249307
3.69384,0.0452976,-0.488189,0.14163,0.249307
3.69409,0.0756757,-0.582677,0.109194,0.249307
3.69434,0.129902,-0.637795,0.0929748,0.249307
3.69459,0.213191,-0.653543,0.108706,0.249307
3.69484,0.320107,-0.637795,0.15325,0.249307
3.69509,0.435569,-0.598425,0.21925,0.249307
3.69534,0.537799,-0.527559,0.274765,0.249307
3.69559,0.602985,-0.433071,0.313722,0.249307
3.69584,0.611223,-0.330709,0.314767,0.249307
3.69609,0.551298,-0.204724,0.266945,0.249307
3.69634,0.424263,-0.0708661,0.162387,0.249307
3.69659,0.243308,0.0708661,0.0255004,0.249307
3.69684,0.03233,0.212598,-0.138052,0.249307
3.69709,-0.179468,0.362205,-0.288781,0.249307
3.69734,-0.362894,0.496063,-0.39922,0.249307
3.69759,-0.494915,0.598425,-0.465516,0.249307
3.69784,-0.562559,0.677165,-0.465776,0.249307
3.69809,-0.565735,0.708661,-0.417767,0.249307
3.69834,-0.51545,0.700787,-0.309278,0.249307
3.69859,-0.431352,0.637795,-0.184987,0.249307
3.69884,-0.336087,0.535433,-0.0676184,0.249307
3.69909,-0.249896,0.401575,0.0324656,0.249307
3.69934,-0.185867,0.23622,0.0955362,0.249307
3.69959,-0.14717,0.0629921,0.113684,0.249307
3.69984,-0.127241,-0.102362,0.110788,0.249307
3.70009,-0.111661,-0.259843,0.0771703,0.249307
3.70034,-0.0833645,-0.393701,0.0535326,0.249307
3.70059,-0.0273709,-0.503937,0.0434691,0.249307
3.70084,0.0640486,-0.574803,0.0669596,0.249307
3.70109,0.18884,-0.622047,0.122307,0.249307
3.70134,0.333779,-0.629921,0.201896,0.249307
3.70159,0.47771,-0.622047,0.2908,0.249307
3.70184,0.594921,-0.574803,0.35647,0.249307
3.70209,0.66144,-0.511811,0.390138,0.249307
3.70234,0.66033,-0.425197,0.367037,0.249307
3.70259,0.585848,-0.314961,0.292455,0.249307
3.70284,0.44522,-0.181102,0.164071,0.249307
3.70309,0.257335,-0.0314961,0.00910334,0.249307
3.70334,0.049158,0.11811,-0.15086,0.249307
3.70359,-0.149725,0.283465,-0.294011,0.249307
3.70384,-0.313276,0.433071,-0.397817,0.249307
3.70409,-0.423563,0.559055,-0.435884,0.249307
3.70434,-0.474725,0.653543,-0.42843,0.249307
3.70459,-0.472204,0.708661,-0.356274,0.249307
3.70484,-0.43144,0.716535,-0.260027,0.249307
3.70509,-0.372623,0.677165,-0.15504,0.249307
3.70534,-0.315713,0.590551,-0.0677275,0.249307
3.70559,-0.27508,0.464567,-0.000710903,0.249307
3.70584,-0.256032,0.314961,0.0265759,0.249307
3.70609,-0.254051,0.15748,0.0284152,0.249307
3.70634,-0.255904,0,0.00279951,0.249307
3.70659,-0.244078,-0.149606,-0.0234207,0.249307
3.70684,-0.201591,-0.291339,-0.0302872,0.249307
3.70709,-0.117421,-0.409449,-0.00430993,0.249307
3.70734,0.010155,-0.503937,0.0628633,0.249307
3.70759,0.171085,-0.566929,0.147214,0.249307
3.70784,0.345917,-0.614173,0.258664,0.249307
3.70809,0.508316,-0.629921,0.350009,0.249307
3.70834,0.631346,-0.622047,0.420579,0.249307
3.70859,0.69273,-0.582677,0.44053,0.249307
3.70884,0.680236,-0.511811,0.397253,0.249307
3.70909,0.594107,-0.417323,0.301671,0.249307
3.70934,0.447269,-0.291339,0.163049,0.249307
3.70959,0.262995,-0.133858,0.00194107,0.249307
3.70984,0.0691107,0.023622,-0.157078,0.249307
3.71009,-0.106581,0.19685,-0.288192,0.249307
3.71034,-0.243069,0.362205,-0.364092,0.249307
3.71059,-0.329075,0.503937,-0.387711,0.249307
3.71084,-0.36553,0.622047,-0.365643,0.249307
3.71109,-0.363007,0.692913,-0.292596,0.249307
3.71134,-0.339293,0.716535,-0.215306,0.249307
3.71159,-0.313257,0.692913,-0.131485,0.249307
3.71184,-0.300186,0.622047,-0.0737926,0.249307
3.71209,-0.307163,0.519685,-0.0399036,0.249307
3.71234,-0.331513,0.393701,-0.0475852,0.249307
3.71259,-0.361362,0.251969,-0.068981,0.249307
3.71284,-0.378637,0.0944882,-0.0995054,0.249307
3.71309,-0.364372,-0.0393701,-0.108371,0.249307
3.71334,-0.303903,-0.181102,-0.090072,0.249307
3.71359,-0.191077,-0.307087,-0.0396033,0.249307
3.71384,-0.0316694,-0.417323,0.0587633,0.249307
3.71409,0.157903,-0.511811,0.184017,0.249307
3.71434,0.352202,-0.582677,0.301361,0.249307
3.71459,0.522704,-0.629921,0.404781,0.249307
3.71484,0.642865,-0.653543,0.461032,0.249307
3.71509,0.694491,-0.637795,0.470142,0.249307
3.71534,0.670738,-0.590551,0.406237,0.249307
3.71559,0.577952,-0.503937,0.289858,0.249307
3.71584,0.434008,-0.385827,0.147226,0.249307
3.71609,0.264169,-0.23622,-0.0155056,0.249307
3.71634,0.0955459,-0.0629921,-0.15703,0.249307
3.71659,-0.0486517,0.110236,-0.257684,0.249307
3.71684,-0.153422,0.283465,-0.319087,0.249307
3.71709,-0.215261,0.440945,-0.324182,0.249307
3.71734,-0.240695,0.566929,-0.282579,0.249307
3.71759,-0.244721,0.653543,-0.21891,0.249307
3.71784,-0.245028,0.692913,-0.154121,0.249307
3.7181,-0.257534,0.685039,-0.11174,0.249307
3.71835,-0.290888,0.645669,-0.0884763,0.249307
3.7186,-0.344521,0.566929,-0.0968503,0.249307
3.71885,-0.407837,0.456693,-0.128255,0.249307
3.7191,-0.462705,0.338583,-0.169245,0.249307
3.71935,-0.488455,0.204724,-0.197103,0.249307
3.7196,-0.4664,0.0629921,-0.190898,0.249307
3.71985,-0.385871,-0.0629921,-0.144894,0.249307
3.7201,-0.246968,-0.19685,-0.0569007,0.249307
3.72035,-0.0622295,-0.322835,0.0659133,0.249307
3.7206,0.145927,-0.440945,0.207064,0.249307
3.72085,0.348557,-0.535433,0.340353,0.249307
3.7211,0.516825,-0.614173,0.444629,0.249307
3.72135,0.627031,-0.661417,0.491333,0.249307
3.7216,0.666165,-0.677165,0.467258,0.249307
3.72185,0.633531,-0.653543,0.396087,0.249307
3.7221,0.54098,-0.582677,0.268763,0.249307
3.72235,0.409717,-0.472441,0.123081,0.249307
3.7226,0.26485,-0.322835,-0.0146624,0.249307
3.72285,0.130512,-0.15748,-0.139012,0.249307
3.7231,0.0239633,0.015748,-0.218335,0.249307
3.72335,-0.0476117,0.19685,-0.248415,0.249307
3.7236,-0.087225,0.354331,-0.237917,0.249307
3.72385,-0.107221,0.496063,-0.199834,0.249307
3.7241,-0.124126,0.590551,-0.151124,0.249307
3.72435,-0.154429,0.653543,-0.116283,0.249307
3.7246,-0.208448,0.669291,-0.0968649,0.248972
3.72485,-0.28798,0.653543,-0.12543,0.248972
3.7251,-0.384178,0.598425,-0.165012,0.248972
3.72535,-0.479513,0.519685,-0.219273,0.248972
3.7256,-0.551812,0.425197,-0.264019,0.248972
3.72585,-0.579046,0.307087,-0.289427,0.248972
3.7261,-0.545394,0.181102,-0.260295,0.248972
3.72635,-0.4451,0.0472441,-0.181595,0.248972
3.7266,-0.28524,-0.0866142,-0.0673795,0.248972
3.72685,-0.0840316,-0.228346,0.0863524,0.248972
3.7271,0.131327,-0.362205,0.241671,0.248972
3.72735,0.331044,-0.488189,0.36758,0.248972
3.7276,0.487736,-0.590551,0.451795,0.248972
3.72785,0.582879,-0.661417,0.48847,0.248972
3.7281,0.60913,-0.700787,0.454533,0.248972
3.72835,0.57211,-0.692913,0.366411,0.248972
3.7286,0.487952,-0.637795,0.239889,0.248972
3.72885,0.378934,-0.543307,0.107163,0.248972
3.7291,0.268474,-0.409449,-0.0129744,0.248972
3.72935,0.175186,-0.244094,-0.104676,0.248972
3.7296,0.109205,-0.0708661,-0.15403,0.248972
3.72985,0.0700636,0.102362,-0.161259,0.248972
3.7301,0.0482321,0.267717,-0.135447,0.248972
3.73035,0.0277255,0.409449,-0.109055,0.248972
3.7306,-0.00810091,0.519685,-0.0806077,0.248972
3.73085,-0.0719592,0.590551,-0.0758757,0.248972
3.7311,-0.167994,0.637795,-0.099416,0.248972
3.73135,-0.290166,0.645669,-0.160482,0.248972
3.7316,-0.422177,0.622047,-0.235331,0.248972
3.73185,-0.541094,0.574803,-0.307408,0.248972
3.7321,-0.622397,0.503937,-0.344249,0.248972
3.73235,-0.645242,0.409449,-0.3523,0.248972
3.7326,-0.597959,0.299213,-0.305312,0.248972
3.73285,-0.481006,0.165354,-0.206362,0.248972
3.7331,-0.307278,0.023622,-0.0635316,0.248972
3.73335,-0.100426,-0.125984,0.101135,0.248972
3.7336,0.1106,-0.275591,0.252535,0.248972
3.73385,0.296471,-0.425197,0.376685,0.248972
3.7341,0.434442,-0.551181,0.444978,0.248972
3.73435,0.511345,-0.645669,0.463835,0.248972
3.7346,0.526759,-0.708661,0.408602,0.248972
3.73485,0.491405,-0.716535,0.32057,0.248972
3.7351,0.423994,-0.677165,0.201837,0.248972
3.73535,0.346271,-0.598425,0.0958189,0.248972
3.7356,0.277378,-0.480315,-0.00329814,0.248972
3.73585,0.229265,-0.322835,-0.0579844,0.248972
3.7361,0.203943,-0.15748,-0.0733957,0.248972
3.73635,0.193895,0,-0.0641094,0.248972
3.7366,0.184045,0.165354,-0.0331574,0.248972
3.73685,0.157062,0.307087,-0.01098,0.248972
3.7371,0.0977739,0.425197,-0.0203791,0.248972
3.73735,-0.000945075,0.519685,-0.0476288,0.248972
3.7376,-0.136485,0.582677,-0.115747,0.248972
3.73785,-0.294865,0.622047,-0.20682,0.248972
3.7381,-0.453796,0.629921,-0.299809,0.248972
3.73835,-0.586907,0.614173,-0.372943,0.248972
3.7386,-0.669353,0.566929,-0.415096,0.248972
3.73885,-0.683458,0.496063,-0.400452,0.248972
3.7391,-0.622878,0.401575,-0.331108,0.248972
3.73935,-0.494299,0.275591,-0.21134,0.248972
3.7396,-0.316046,0.133858,-0.0514793,0.248972
3.73985,-0.114853,-0.023622,0.114571,0.248972
3.7401,0.0802601,-0.188976,0.256994,0.248972
3.74035,0.243404,-0.354331,0.37045,0.248972
3.7406,0.357264,-0.496063,0.41542,0.248972
3.74085,0.415505,-0.614173,0.404793,0.248972
3.7411,0.423991,-0.692913,0.351214,0.248972
3.74135,0.397153,-0.724409,0.26681,0.248972
3.7416,0.354751,-0.700787,0.169818,0.248972
3.74185,0.315581,-0.637795,0.0816342,0.248972
3.7421,0.292901,-0.535433,0.0343213,0.248972
3.74235,0.290823,-0.401575,0.00785214,0.248972
3.7426,0.303517,-0.251969,0.0143161,0.248972
3.74286,0.317031,-0.0866142,0.0374449,0.248972
3.74311,0.312993,0.0551181,0.0638725,0.248972
3.74336,0.273886,0.19685,0.061296,0.248972
3.74361,0.188906,0.330709,0.0339955,0.248972
3.74386,0.0565202,0.433071,-0.0306004,0.248972
3.74411,-0.112784,0.519685,-0.134414,0.248972
3.74436,-0.298688,0.590551,-0.248291,0.248972
3.74461,-0.474348,0.629921,-0.3546,0.248972
3.74486,-0.612063,0.637795,-0.434939,0.248972
3.74511,-0.688866,0.622047,-0.461338,0.248972
3.74536,-0.691845,0.574803,-0.423434,0.248972
3.74561,-0.620669,0.496063,-0.330472,0.248972
3.74586,-0.487659,0.377953,-0.19259,0.248972
3.74611,-0.315334,0.23622,-0.0321959,0.248972
3.74636,-0.131192,0.0708661,0.119717,0.248972
3.74661,0.0378984,-0.102362,0.250009,0.248972
3.74686,0.171371,-0.275591,0.336565,0.248972
3.74711,0.258356,-0.433071,0.363325,0.248972
3.74736,0.299884,-0.566929,0.343592,0.248972
3.74761,0.306648,-0.653543,0.280721,0.248972
3.74786,0.29576,-0.700787,0.207717,0.248972
3.74811,0.285385,-0.700787,0.136386,0.248972
3.74836,0.289803,-0.661417,0.090837,0.248972
3.74861,0.314903,-0.574803,0.0746641,0.248972
3.74886,0.356768,-0.464567,0.0809618,0.248972
3.74911,0.402339,-0.330709,0.110109,0.248972
3.74936,0.432599,-0.188976,0.142341,0.248972
3.74961,0.427851,-0.0472441,0.15353,0.248972
3.74986,0.372928,0.0866142,0.130613,0.248972
3.75011,0.261921,0.220472,0.0740374,0.248972
3.75036,0.100217,0.338583,-0.032158,0.248972
3.75061,-0.0947641,0.448819,-0.153967,0.248972
3.75086,-0.297783,0.543307,-0.293655,0.248972
3.75111,-0.479335,0.614173,-0.396485,0.248972
3.75136,-0.612735,0.653543,-0.468685,0.248972
3.75161,-0.678864,0.661417,-0.477662,0.248972
3.75186,-0.67059,0.637795,-0.429033,0.248972
3.75211,-0.593549,0.574803,-0.320487,0.248972
3.75236,-0.464852,0.464567,-0.176795,0.248972
3.75261,-0.309071,0.322835,-0.0239415,0.248972
3.75286,-0.152578,0.15748,0.120721,0.248972
3.75311,-0.0175676,-0.00787402,0.218967,0.248972
3.75336,0.0816195,-0.188976,0.282166,0.248972
3.75361,0.141946,-0.362205,0.286729,0.248972
3.75386,0.170439,-0.496063,0.255081,0.248972
3.75411,0.181825,-0.606299,0.199582,0.248972
3.75436,0.193436,-0.669291,0.145895,0.248972
3.75461,0.220437,-0.685039,0.114105,0.248972
3.75486,0.270527,-0.661417,0.102606,0.248972
3.75511,0.341915,-0.606299,0.121064,0.248972
3.75536,0.4228,-0.519685,0.161502,0.248972
3.75561,0.494064,-0.417323,0.210388,0.248972
3.75586,0.53378,-0.291339,0.240912,0.248972
3.75611,0.522887,-0.165354,0.232963,0.248972
3.75636,0.450159,-0.023622,0.192928,0.248972
3.75661,0.315471,0.102362,0.0940259,0.248972
3.75686,0.131494,0.23622,-0.0363723,0.248972
3.75711,-0.0793632,0.370079,-0.186584,0.248972
3.75736,-0.287876,0.488189,-0.326054,0.248972
3.75761,-0.464941,0.582677,-0.432085,0.248972
3.75786,-0.58652,0.653543,-0.489431,0.248972
3.75811,-0.639178,0.685039,-0.475912,0.248972
3.75836,-0.621726,0.685039,-0.405816,0.248972
3.75861,-0.545395,0.637795,-0.300068,0.248972
3.75886,-0.430478,0.543307,-0.155027,0.248972
3.75911,-0.301485,0.409449,-0.0224039,0.248972
3.75936,-0.18125,0.251969,0.101053,0.248972
3.75961,-0.0860551,0.0708661,0.176755,0.248972
3.75986,-0.02258,-0.102362,0.208465,0.248972
3.76011,0.0134659,-0.267717,0.198058,0.248972
3.76036,0.0341306,-0.417323,0.161723,0.248972
3.76061,0.0564731,-0.535433,0.122658,0.248972
3.76086,0.0961045,-0.614173,0.0979308,0.248972
3.76111,0.163191,-0.653543,0.0917786,0.248972
3.76136,0.258098,-0.653543,0.124576,0.248972
3.76161,0.371191,-0.622047,0.1824,0.248972
3.76186,0.483771,-0.566929,0.241349,0.248972
3.76211,0.572393,-0.488189,0.303561,0.248972
3.76236,0.614516,-0.385827,0.317454,0.248972
3.76261,0.593373,-0.275591,0.301379,0.248972
3.76286,0.503008,-0.141732,0.225448,0.248972
3.76311,0.349877,0,0.105398,0.248972
3.76336,0.15233,0.133858,-0.048685,0.248972
3.76361,-0.0627411,0.283465,-0.201491,0.248972
3.76386,-0.265484,0.425197,-0.344004,0.248972
3.76411,-0.428488,0.543307,-0.442049,0.248972
3.76436,-0.533,0.637795,-0.472367,0.248972
3.76461,-0.571472,0.692913,-0.446714,0.248972
3.76486,-0.549071,0.708661,-0.372699,0.248972
3.76511,-0.481142,0.677165,-0.2576,0.248972
3.76536,-0.389429,0.598425,-0.131719,0.248972
3.76561,-0.295999,0.480315,-0.0198148,0.248972
3.76586,-0.218477,0.330709,0.0666461,0.248972
3.76611,-0.165909,0.165354,0.111763,0.248972
3.76636,-0.13674,-0.00787402,0.113563,0.248972
3.76661,-0.120823,-0.173228,0.0926543,0.248972
3.76686,-0.101728,-0.322835,0.0615266,0.248972
3.76711,-0.0628253,-0.448819,0.0432916,0.248972
3.76736,0.00846966,-0.543307,0.0509375,0.248972
3.76762,0.115477,-0.598425,0.0931145,0.248972
3.76787,0.251388,-0.629921,0.160301,0.248972
3.76812,0.398915,-0.629921,0.244549,0.248972
3.76837,0.534269,-0.606299,0.323024,0.248972
3.76862,0.631702,-0.551181,0.372389,0.248972
3.76887,0.6699,-0.480315,0.388663,0.248972
3.76912,0.636415,-0.377953,0.345794,0.248972
3.76937,0.531062,-0.259843,0.246321,0.248972
3.76962,0.366739,-0.11811,0.105228,0.248972
3.76987,0.166186,0.0314961,-0.0618639,0.248972
3.77012,-0.0414552,0.188976,-0.223644,0.248972
3.77037,-0.227628,0.346457,-0.341381,0.248972
3.77062,-0.369128,0.488189,-0.422416,0.248972
3.77087,-0.453419,0.606299,-0.44353,0.248972
3.77112,-0.479454,0.685039,-0.400843,0.248972
3.77137,-0.457793,0.716535,-0.325141,0.248972
3.77162,-0.406511,0.708661,-0.215248,0.248972
3.77187,-0.346298,0.645669,-0.113591,0.248972
3.77212,-0.29524,0.543307,-0.032109,0.248972
3.77237,-0.264043,0.409449,0.0137888,0.248972
3.77262,-0.253634,0.251969,0.0273643,0.248972
3.77287,-0.255273,0.0866142,0.0133772,0.248972
3.77312,-0.253437,-0.0708661,-0.0129631,0.248972
3.77337,-0.230044,-0.220472,-0.029171,0.248972
3.77362,-0.169967,-0.346457,-0.0203376,0.248972
3.77387,-0.066214,-0.456693,0.0217168,0.248972
3.77412,0.0779883,-0.535433,0.0961929,0.248972
3.77437,0.247974,-0.590551,0.199623,0.248972
3.77462,0.420772,-0.622047,0.303117,0.248972
3.77487,0.568877,-0.629921,0.392526,0.248972
3.77512,0.667,-0.606299,0.439561,0.248972
3.77537,0.696634,-0.559055,0.432932,0.248972
3.77562,0.650803,-0.472441,0.365989,0.248972
3.77587,0.535702,-0.362205,0.248291,0.248972
3.77612,0.369005,-0.220472,0.0896775,0.248972
3.77637,0.176918,-0.0629921,-0.0714045,0.248972
3.77662,-0.0121134,0.102362,-0.217697,0.248972
3.77687,-0.172495,0.267717,-0.328562,0.248972
3.77712,-0.287465,0.425197,-0.381457,0.248972
3.77737,-0.350803,0.559055,-0.380721,0.248972
3.77762,-0.368221,0.653543,-0.336227,0.248972
3.77787,-0.354038,0.708661,-0.256062,0.248972
3.77812,-0.327083,0.708661,-0.169151,0.248972
3.77837,-0.305262,0.669291,-0.0963134,0.248972
3.77862,-0.300712,0.582677,-0.0543465,0.248972
3.77887,-0.316322,0.472441,-0.0397483,0.248972
3.77912,-0.34493,0.330709,-0.0561975,0.248972
3.77937,-0.371671,0.181102,-0.0837917,0.248972
3.77962,-0.377245,0.0314961,-0.106075,0.248972
3.77987,-0.34402,-0.102362,-0.10915,0.248972
3.78012,-0.260447,-0.23622,-0.0718853,0.248972
3.78037,-0.125761,-0.362205,0.00660661,0.248972
3.78062,0.0497053,-0.464567,0.108666,0.248972
3.78087,0.244749,-0.543307,0.236483,0.248972
3.78112,0.432044,-0.606299,0.353396,0.248972
3.78137,0.583213,-0.645669,0.439896,0.248972
3.78162,0.674833,-0.645669,0.469373,0.248972
3.78187,0.693209,-0.622047,0.444775,0.248972
3.78212,0.637515,-0.559055,0.368126,0.248972
3.78237,0.519427,-0.456693,0.230838,0.248972
3.78262,0.36062,-0.322835,0.0771822,0.248972
3.78287,0.188062,-0.165354,-0.0769174,0.248972
3.78312,0.0278676,0.00787402,-0.206777,0.248972
3.78337,-0.100214,0.181102,-0.29197,0.248972
3.78362,-0.185783,0.354331,-0.329863,0.248972
3.78387,-0.230176,0.496063,-0.307012,0.248972
3.78412,-0.24399,0.606299,-0.259449,0.248972
3.78437,-0.244311,0.677165,-0.195847,0.248972
3.78462,-0.248319,0.700787,-0.136297,0.248972
3.78487,-0.269461,0.677165,-0.102912,0.248972
3.78512,-0.31248,0.614173,-0.0911206,0.248972
3.78537,-0.37215,0.527559,-0.116784,0.248972
3.78562,-0.434311,0.409449,-0.155113,0.248972
3.78587,-0.478922,0.283465,-0.186819,0.248972
3.78612,-0.485546,0.141732,-0.203984,0.248972
3.78637,-0.438342,0.00787402,-0.178467,0.248972
3.78662,-0.331363,-0.125984,-0.116327,0.248972
3.78687,-0.169962,-0.251969,-0.00650409,0.248972
3.78712,0.0283382,-0.377953,0.13444,0.248972
3.78737,0.237713,-0.488189,0.26896,0.248972
3.78762,0.428536,-0.574803,0.396866,0.248972
3.78787,0.573631,-0.645669,0.470246,0.248972
3.78812,0.653385,-0.677165,0.490188,0.248972
3.78837,0.6602,-0.669291,0.441564,0.248972
3.78862,0.599057,-0.622047,0.348915,0.248972
3.78887,0.486399,-0.535433,0.213737,0.248972
3.78912,0.345944,-0.409449,0.0633388,0.248972
3.78937,0.203042,-0.251969,-0.0720549,0.248972
3.78962,0.0793993,-0.0787402,-0.180942,0.248972
3.78987,-0.0120435,0.0944882,-0.231979,0.248972
3.79012,-0.0684289,0.267717,-0.248433,0.248972
3.79037,-0.0975665,0.425197,-0.220551,0.248972
3.79062,-0.114065,0.543307,-0.171888,0.248972
3.79087,-0.135131,0.622047,-0.133576,0.248972
3.79112,-0.174973,0.669291,-0.102584,0.248972
3.79137,-0.240728,0.669291,-0.105871,0.248972
3.79162,-0.329188,0.637795,-0.138731,0.248972
3.79187,-0.427598,0.566929,-0.183803,0.248972
3.79212,-0.515669,0.480315,-0.238871,0.248972
3.79238,-0.570523,0.377953,-0.274531,0.248972
3.79263,-0.572292,0.251969,-0.28142,0.248972
3.79288,-0.509192,0.125984,-0.226641,0.248972
3.79313,-0.381081,-0.00787402,-0.131611,0.248972
3.79338,-0.200116,-0.149606,0.00322153,0.248972
3.79363,0.0109367,-0.283465,0.150306,0.248972
3.79388,0.223017,-0.417323,0.301194,0.248972
3.79413,0.406795,-0.535433,0.41178,0.248972
3.79438,0.538002,-0.629921,0.47207,0.248972
3.79463,0.602882,-0.685039,0.482538,0.248972
3.79488,0.599883,-0.700787,0.421059,0.248972
3.79513,0.539568,-0.677165,0.313448,0.248972
3.79538,0.441455,-0.606299,0.177652,0.248972
3.79563,0.329082,-0.488189,0.0468899,0.248972
3.79588,0.224418,-0.338583,-0.0565174,0.248972
3.79613,0.1425,-0.173228,-0.135621,0.248972
3.79638,0.0890789,0,-0.159802,0.248972
3.79663,0.0591943,0.173228,-0.154087,0.248972
3.79688,0.040037,0.330709,-0.126276,0.248972
3.79713,0.0146975,0.464567,-0.0923881,0.248972
3.79738,-0.0322725,0.559055,-0.0742842,0.248972
3.79763,-0.110466,0.614173,-0.0793985,0.248972
3.79788,-0.219374,0.645669,-0.127798,0.248972
3.79813,-0.348385,0.637795,-0.192944,0.248972
3.79838,-0.477711,0.606299,-0.267675,0.248972
3.79863,-0.583026,0.543307,-0.328776,0.248972
3.79888,-0.640613,0.464567,-0.354293,0.248972
3.79913,-0.633296,0.362205,-0.341748,0.248972
3.79938,-0.554456,0.23622,-0.262443,0.248972
3.79963,-0.410071,0.102362,-0.139801,0.248972
3.79988,-0.218418,-0.0393701,0.00834496,0.248972
3.80013,-0.00602273,-0.19685,0.169055,0.248972
3.80038,0.197226,-0.346457,0.31242,0.248972
3.80063,0.364381,-0.480315,0.416182,0.248972
3.80088,0.476198,-0.598425,0.465297,0.248972
3.80113,0.525417,-0.677165,0.445662,0.248972
3.80138,0.516449,-0.716535,0.374433,0.248972
3.80163,0.464311,-0.708661,0.26959,0.248972
3.80188,0.389684,-0.653543,0.155755,0.248972
3.80213,0.313891,-0.551181,0.0519171,0.248972
3.80238,0.253237,-0.417323,-0.0341377,0.248972
3.80263,0.2155,-0.251969,-0.0734769,0.248972
3.80288,0.198429,-0.0866142,-0.0746795,0.248972
3.80313,0.190544,0.0787402,-0.0508083,0.248972
3.80338,0.175218,0.228346,-0.0265018,0.248972
3.80363,0.135563,0.362205,-0.0117728,0.248972
3.80388,0.0592005,0.472441,-0.026917,0.248972
3.80413,-0.0567309,0.551181,-0.0722921,0.248972
3.80438,-0.204654,0.606299,-0.152757,0.248972
3.80463,-0.366405,0.629921,-0.249668,0.248972
3.80488,-0.517319,0.629921,-0.331605,0.248972
3.80513,-0.630823,0.598425,-0.397187,0.248972
3.80538,-0.684647,0.543307,-0.418059,0.248972
3.80563,-0.66586,0.456693,-0.380558,0.248972
3.80588,-0.573664,0.346457,-0.276349,0.248972
3.80613,-0.420335,0.212598,-0.143969,0.248972
3.80638,-0.228445,0.0629921,0.0221099,0.248972
3.80663,-0.0264206,-0.0944882,0.185382,0.248972
3.80688,0.157465,-0.267717,0.311714,0.248972
3.80713,0.300315,-0.417323,0.397872,0.248972
3.80738,0.389749,-0.551181,0.424279,0.248972
3.80763,0.424666,-0.653543,0.389406,0.248972
3.80788,0.415336,-0.708661,0.311513,0.248972
3.80813,0.37912,-0.716535,0.216525,0.248972
3.80838,0.336138,-0.677165,0.126301,0.248972
3.80863,0.303082,-0.598425,0.0581826,0.248972
3.80888,0.289566,-0.480315,0.0184016,0.248972
3.80913,0.295335,-0.338583,0.00872338,0.248972
3.80938,0.310372,-0.181102,0.0258229,0.248972
3.80963,0.31847,-0.023622,0.0483715,0.248972
3.80988,0.300818,0.11811,0.0690169,0.248972
3.81013,0.24242,0.259843,0.0542618,0.248972
3.81038,0.135913,0.377953,0.00649806,0.248972
3.81063,-0.0145793,0.480315,-0.0742752,0.248972
3.81088,-0.194302,0.551181,-0.185978,0.248972
3.81113,-0.379174,0.606299,-0.300983,0.248972
3.81138,-0.541391,0.637795,-0.395086,0.248972
3.81163,-0.654458,0.637795,-0.451059,0.248972
3.81188,-0.699605,0.606299,-0.457412,0.248972
3.81213,-0.66911,0.543307,-0.397036,0.248972
3.81238,-0.568404,0.440945,-0.276121,0.248972
3.81263,-0.414964,0.314961,-0.127351,0.248972
3.81288,-0.233844,0.165354,0.0318974,0.248972
3.81313,-0.0532897,0,0.183778,0.248972
3.81338,0.102033,-0.181102,0.294504,0.248972
3.81363,0.215692,-0.346457,0.357152,0.248972
3.81388,0.281842,-0.496063,0.360526,0.248972
3.81413,0.306239,-0.606299,0.3131,0.248972
3.81438,0.302829,-0.685039,0.244515,0.248972
3.81463,0.290164,-0.708661,0.173784,0.248972
3.81488,0.284947,-0.692913,0.115171,0.248972
3.81513,0.298327,-0.629921,0.0774517,0.248972
3.81538,0.33193,-0.535433,0.0742829,0.248972
3.81563,0.377491,-0.409449,0.0904952,0.248972
3.81588,0.418759,-0.275591,0.131398,0.248972
3.81613,0.435862,-0.125984,0.148716,0.248972
3.81638,0.410483,0.00787402,0.15691,0.248972
3.81663,0.330831,0.141732,0.108745,0.248972
3.81688,0.196126,0.275591,0.0325592,0.248972
3.81714,0.0169615,0.393701,-0.081767,0.248972
3.81739,-0.185068,0.496063,-0.218609,0.248972
3.81764,-0.382261,0.574803,-0.343891,0.248972
3.81789,-0.545425,0.629921,-0.443627,0.248972
3.81814,-0.650905,0.661417,-0.484683,0.248972
3.81839,-0.684334,0.653543,-0.466936,0.248972
3.81864,-0.64426,0.614173,-0.385925,0.248972
3.81889,-0.54187,0.527559,-0.258411,0.248972
3.81914,-0.397939,0.409449,-0.106941,0.248972
3.81939,-0.238665,0.259843,0.0423083,0.248972
3.81964,-0.0892079,0.0866142,0.166069,0.248972
3.81989,0.0310515,-0.0866142,0.24885,0.248972
3.82014,0.112932,-0.267717,0.283578,0.248972
3.82039,0.157702,-0.425197,0.281284,0.248972
3.82064,0.176569,-0.551181,0.230799,0.248972
3.82089,0.185866,-0.637795,0.181694,0.248972
3.82114,0.202869,-0.677165,0.123077,0.248972
3.82139,0.23956,-0.685039,0.106934,0.248972
3.82164,0.299921,-0.645669,0.108658,0.248972
3.82189,0.377462,-0.574803,0.134978,0.248972
3.82214,0.456651,-0.480315,0.18099,0.248972
3.82239,0.516708,-0.362205,0.220737,0.248972
3.82264,0.536104,-0.23622,0.247132,0.248972
3.82289,0.498725,-0.102362,0.218377,0.248972
3.82314,0.39786,0.023622,0.151322,0.248972
3.82339,0.239259,0.165354,0.0416524,0.248972
3.82364,0.0401449,0.299213,-0.102796,0.248972
3.82389,-0.173464,0.417323,-0.252784,0.248972
3.82414,-0.371392,0.527559,-0.372979,0.248972
3.82439,-0.526463,0.614173,-0.461039,0.248972
3.82464,-0.618585,0.677165,-0.487834,0.250665
3.82489,-0.639689,0.692913,-0.457132,0.250665
3.82514,-0.594318,0.669291,-0.368316,0.250665
3.82539,-0.498089,0.598425,-0.237777,0.250665
3.82564,-0.373895,0.488189,-0.0952971,0.250665
3.82589,-0.246164,0.346457,0.0417351,0.250665
3.82614,-0.135562,0.181102,0.133027,0.250665
3.82639,-0.0541351,0,0.19255,0.250665
3.82664,-0.00390058,-0.173228,0.208255,0.250665
3.82689,0.0234665,-0.338583,0.185423,0.250665
3.82714,0.0426847,-0.472441,0.144013,0.250665
3.82739,0.0710755,-0.574803,0.112418,0.250665
3.82764,0.122029,-0.637795,0.088421,0.250665
3.82789,0.201969,-0.661417,0.10216,0.250665
3.82814,0.3067,-0.645669,0.152898,0.250665
3.82839,0.422192,-0.606299,0.205326,0.250665
3.82864,0.527229,-0.535433,0.271014,0.250665
3.82889,0.597936,-0.448819,0.313526,0.250665
3.82914,0.613668,-0.338583,0.319396,0.250665
3.82939,0.56196,-0.220472,0.2704,0.250665
3.82964,0.442377,-0.0866142,0.172658,0.250665
3.82989,0.266695,0.0472441,0.0378539,0.250665
3.83014,0.0577992,0.19685,-0.122723,0.250665
3.83039,-0.155478,0.346457,-0.273228,0.250665
3.83064,-0.34361,0.480315,-0.392036,0.250665
3.83089,-0.482593,0.590551,-0.466432,0.250665
3.83114,-0.558067,0.669291,-0.473284,0.250665
3.83139,-0.568392,0.708661,-0.418837,0.250665
3.83164,-0.523565,0.708661,-0.32957,0.250665
3.83189,-0.44228,0.653543,-0.202127,0.250665
3.83214,-0.347176,0.559055,-0.0756528,0.250665
3.83239,-0.259035,0.425197,0.0267929,0.250665
3.83264,-0.192044,0.259843,0.0865038,0.250665
3.83289,-0.150521,0.0866142,0.120999,0.250665
3.83314,-0.129017,-0.0787402,0.115407,0.250665
3.83339,-0.113914,-0.244094,0.0851343,0.250665
3.83364,-0.0878654,-0.377953,0.0554417,0.250665
3.83389,-0.0358322,-0.496063,0.0471367,0.250665
3.83414,0.05142,-0.574803,0.0616186,0.250665
3.83439,0.172677,-0.622047,0.118326,0.250665
3.83464,0.316291,-0.637795,0.198963,0.250665
3.83489,0.461607,-0.629921,0.280917,0.250665
3.83514,0.583326,-0.590551,0.353536,0.250665
3.83539,0.656894,-0.527559,0.381249,0.250665
3.83564,0.664265,-0.440945,0.373509,0.250665
3.83589,0.598373,-0.330709,0.297876,0.250665
3.83614,0.464689,-0.19685,0.179429,0.250665
3.83639,0.281077,-0.0551181,0.0299983,0.250665
3.83664,0.073653,0.102362,-0.140625,0.250665
3.83689,-0.127708,0.259843,-0.278504,0.250665
3.83714,-0.296557,0.417323,-0.388272,0.250665
3.83739,-0.41366,0.551181,-0.44326,0.250665
3.83764,-0.471661,0.645669,-0.429971,0.250665
3.83789,-0.474863,0.708661,-0.370484,0.250665
3.83814,-0.437604,0.724409,-0.274181,0.250665
3.83839,-0.37981,0.692913,-0.170073,0.250665
3.83864,-0.321778,0.606299,-0.0686637,0.250665
3.83889,-0.278752,0.488189,0.00201889,0.250665
3.83914,-0.257199,0.346457,0.0310878,0.250665
3.83939,-0.253753,0.181102,0.031181,0.250665
3.83964,-0.256014,0.015748,0.00931319,0.250665
3.83989,-0.24674,-0.133858,-0.0142597,0.250665
3.84014,-0.208597,-0.275591,-0.024953,0.250665
3.84039,-0.129641,-0.401575,-0.00845078,0.250665
3.84064,-0.00687742,-0.496063,0.0559614,0.250665
3.84089,0.15096,-0.566929,0.14009,0.250665
3.84114,0.325447,-0.614173,0.244488,0.250665
3.84139,0.490737,-0.637795,0.343007,0.250665
3.84165,0.619706,-0.629921,0.414737,0.250665
3.8419,0.689232,-0.590551,0.443276,0.250665
3.84215,0.685657,-0.527559,0.40106,0.250665
3.8424,0.607755,-0.433071,0.315699,0.250665
3.84265,0.467019,-0.307087,0.173429,0.250665
3.8429,0.285656,-0.15748,0.0143743,0.250665
3.84315,0.0914793,0,-0.144109,0.250665
3.8434,-0.0876145,0.173228,-0.273157,0.250665
3.84365,-0.229409,0.338583,-0.361173,0.250665
3.8439,-0.321661,0.488189,-0.38857,0.250665
3.84415,-0.363473,0.606299,-0.364399,0.250665
3.8444,-0.364797,0.685039,-0.302207,0.250665
3.84465,-0.34251,0.716535,-0.224367,0.250665
3.8449,-0.315891,0.700787,-0.13834,0.250665
3.84515,-0.300732,0.637795,-0.0786667,0.250665
3.8454,-0.305288,0.543307,-0.0493239,0.250665
3.84565,-0.328092,0.417323,-0.049866,0.250665
3.8459,-0.358104,0.267717,-0.0647306,0.250665
3.84615,-0.377864,0.11811,-0.100646,0.250665
3.8464,-0.368211,-0.023622,-0.108274,0.250665
3.84665,-0.313707,-0.165354,-0.10142,0.250665
3.8469,-0.206982,-0.291339,-0.0485179,0.250665
3.84715,-0.0523536,-0.409449,0.0464889,0.250665
3.8474,0.134805,-0.503937,0.169058,0.250665
3.84765,0.330007,-0.574803,0.290357,0.250665
3.8479,0.50479,-0.629921,0.39392,0.250665
3.84815,0.63206,-0.653543,0.46486,0.250665
3.8484,0.692322,-0.645669,0.469912,0.250665
3.84865,0.677359,-0.598425,0.4172,0.250665
3.8489,0.591969,-0.519685,0.311287,0.250665
3.84915,0.452833,-0.401575,0.167119,0.250665
3.8494,0.284617,-0.259843,0.00277869,0.250665
3.84965,0.114509,-0.0866142,-0.140865,0.250665
3.8499,-0.0335455,0.0787402,-0.258414,0.250665
3.85015,-0.143368,0.259843,-0.312782,0.250665
3.8504,-0.210116,0.417323,-0.32934,0.250665
3.85065,-0.239168,0.551181,-0.29434,0.250665
3.8509,-0.24481,0.645669,-0.231335,0.250665
3.85115,-0.244632,0.692913,-0.170965,0.250665
3.8514,-0.255087,0.700787,-0.113996,0.250665
3.85165,-0.285801,0.661417,-0.0950181,0.250665
3.8519,-0.337414,0.582677,-0.10165,0.250665
3.85215,-0.400409,0.480315,-0.123511,0.250665
3.8524,-0.45743,0.354331,-0.163627,0.250665
3.85265,-0.487582,0.220472,-0.196657,0.250665
3.8529,-0.471899,0.0866142,-0.19967,0.250665
3.85315,-0.398488,-0.0472441,-0.155797,0.250665
3.8534,-0.266112,-0.181102,-0.0702066,0.250665
3.85365,-0.085701,-0.314961,0.0566747,0.250665
3.8539,0.121017,-0.425197,0.197194,0.250665
3.85415,0.325957,-0.527559,0.325767,0.250665
3.8544,0.499573,-0.606299,0.43086,0.250665
3.85465,0.617604,-0.661417,0.489612,0.250665
3.8549,0.665364,-0.677165,0.480585,0.250665
3.85515,0.64082,-0.661417,0.402952,0.250665
3.8554,0.554385,-0.598425,0.287969,0.250665
3.85565,0.426385,-0.488189,0.141981,0.250665
3.8559,0.281847,-0.346457,-0.00698071,0.250665
3.85615,0.145134,-0.181102,-0.131497,0.250665
3.8564,0.0347161,0,-0.208526,0.250665
3.85665,-0.0410228,0.173228,-0.246818,0.250665
3.8569,-0.0838981,0.338583,-0.237249,0.250665
3.85715,-0.105393,0.480315,-0.205461,0.250665
3.8574,-0.121743,0.582677,-0.152674,0.250665
3.85765,-0.149735,0.653543,-0.119109,0.250665
3.8579,-0.200707,0.677165,-0.102872,0.250665
3.85815,-0.277496,0.661417,-0.119577,0.250665
3.8584,-0.372485,0.614173,-0.157042,0.250665
3.85865,-0.469118,0.535433,-0.214315,0.250665
3.8589,-0.545237,0.440945,-0.25674,0.250665
3.85915,-0.578761,0.322835,-0.278311,0.250665
3.8594,-0.552805,0.19685,-0.260915,0.250665
3.85965,-0.460241,0.0629921,-0.188487,0.250665
3.8599,-0.306653,-0.0708661,-0.0761221,0.250665
3.86015,-0.109019,-0.212598,0.0709385,0.250665
3.8604,0.106213,-0.346457,0.221134,0.250665
3.86065,0.309305,-0.472441,0.353373,0.250665
3.8609,0.472221,-0.582677,0.446061,0.250665
3.86115,0.575248,-0.661417,0.482643,0.250665
3.8614,0.609551,-0.700787,0.456697,0.250665
3.86165,0.579325,-0.700787,0.373636,0.250665
3.8619,0.499629,-0.653543,0.257645,0.250665
3.86215,0.392278,-0.559055,0.117917,0.250665
3.8624,0.280878,-0.433071,-0.00392848,0.250665
3.86265,0.184841,-0.267717,-0.095531,0.250665
3.8629,0.115502,-0.0944882,-0.146437,0.250665
3.86315,0.0734913,0.0787402,-0.160426,0.250665
3.8634,0.0503748,0.244094,-0.147959,0.250665
3.86365,0.0307223,0.393701,-0.109942,0.250665
3.8639,-0.00256769,0.511811,-0.0787143,0.250665
3.86415,-0.062673,0.590551,-0.0775912,0.250665
3.8644,-0.155119,0.637795,-0.096512,0.250665
3.86465,-0.27482,0.645669,-0.151112,0.250665
3.8649,-0.406824,0.629921,-0.21993,0.250665
3.86515,-0.528561,0.582677,-0.292863,0.250665
3.8654,-0.615515,0.511811,-0.347745,0.250665
3.86565,-0.646108,0.417323,-0.350928,0.250665
3.8659,-0.607269,0.307087,-0.31235,0.250665
3.86615,-0.498078,0.181102,-0.218695,0.250665
3.86641,-0.329972,0.0393701,-0.076817,0.250665
3.86666,-0.125576,-0.102362,0.0803325,0.250665
3.86691,0.0865401,-0.259843,0.240775,0.250665
3.86716,0.276712,-0.409449,0.362793,0.250665
3.86741,0.421245,-0.535433,0.445511,0.250665
3.86766,0.505598,-0.637795,0.45948,0.250665
3.86791,0.527902,-0.700787,0.422717,0.250665
3.86816,0.497566,-0.724409,0.332713,0.250665
3.86841,0.432896,-0.692913,0.222304,0.250665
3.86866,0.355286,-0.614173,0.101932,0.250665
3.86891,0.284554,-0.496063,0.0133293,0.250665
3.86916,0.233704,-0.346457,-0.0478691,0.250665
3.86941,0.205886,-0.181102,-0.0701637,0.250665
3.86966,0.194714,-0.015748,-0.0608897,0.250665
3.86991,0.185735,0.141732,-0.0387658,0.250665
3.87016,0.161656,0.291339,-0.0209834,0.250665
3.87041,0.106719,0.417323,-0.0188107,0.250665
3.87066,0.0127355,0.511811,-0.0406912,0.250665
3.87091,-0.118993,0.582677,-0.106096,0.250665
3.87116,-0.275696,0.622047,-0.193185,0.250665
3.87141,-0.435901,0.629921,-0.286864,0.250665
3.87166,-0.573426,0.614173,-0.367001,0.250665
3.87191,-0.662942,0.574803,-0.413275,0.250665
3.87216,-0.685666,0.503937,-0.409949,0.250665
3.87241,-0.633784,0.409449,-0.339848,0.250665
3.87266,-0.512462,0.291339,-0.225946,0.250665
3.87291,-0.33878,0.149606,-0.0698413,0.250665
3.87316,-0.138777,0,0.0967244,0.250665
3.87341,0.0585828,-0.173228,0.247615,0.250665
3.87366,0.226528,-0.330709,0.357798,0.250665
3.87391,0.346641,-0.480315,0.415437,0.250665
3.87416,0.41146,-0.606299,0.413133,0.250665
3.87441,0.425024,-0.685039,0.357419,0.250665
3.87466,0.401529,-0.724409,0.27578,0.250665
3.87491,0.359881,-0.708661,0.176499,0.250665
3.87516,0.319522,-0.653543,0.0955193,0.250665
3.87541,0.294503,-0.551181,0.0368269,0.250665
3.87566,0.290089,-0.417323,0.00620524,0.250665
3.87591,0.301705,-0.267717,0.0155544,0.250665
3.87616,0.31597,-0.110236,0.0389706,0.250665
3.87641,0.314968,0.0393701,0.0636095,0.250665
3.87666,0.280709,0.181102,0.0682923,0.250665
3.87691,0.201437,0.314961,0.0431906,0.250665
3.87716,0.0743111,0.425197,-0.0248653,0.250665
3.87741,-0.0915177,0.519685,-0.118442,0.250665
3.87766,-0.276782,0.582677,-0.231656,0.250665
3.87791,-0.455123,0.622047,-0.341193,0.250665
3.87816,-0.598646,0.637795,-0.428359,0.250665
3.87841,-0.683515,0.629921,-0.456267,0.250665
3.87866,-0.695443,0.582677,-0.431056,0.250665
3.87891,-0.632605,0.503937,-0.344457,0.250665
3.87916,-0.505863,0.393701,-0.210498,0.250665
3.87941,-0.336787,0.251969,-0.0519538,0.250665
3.87966,-0.152491,0.0866142,0.107597,0.250665
3.87991,0.0195321,-0.0787402,0.237245,0.250665
3.88016,0.157986,-0.251969,0.327976,0.250665
3.88041,0.250612,-0.417323,0.358892,0.250665
3.88066,0.297113,-0.551181,0.342377,0.250665
3.88091,0.307156,-0.645669,0.289144,0.250665
3.88116,0.29737,-0.700787,0.215523,0.250665
3.88141,0.286061,-0.708661,0.146313,0.250665
3.88166,0.288241,-0.669291,0.0945977,0.250665
3.88191,0.310905,-0.590551,0.0651145,0.250665
3.88216,0.351315,-0.480315,0.083014,0.250665
3.88241,0.397358,-0.354331,0.103608,0.250665
3.88266,0.430472,-0.212598,0.144857,0.250665
3.88291,0.430765,-0.0629921,0.15205,0.250665
3.88316,0.382274,0.0708661,0.138878,0.250665
3.88341,0.277828,0.204724,0.0858616,0.250665
3.88366,0.121522,0.330709,-0.0185529,0.250665
3.88391,-0.0709311,0.440945,-0.140387,0.250665
3.88416,-0.274331,0.535433,-0.274789,0.250665
3.88441,-0.459996,0.606299,-0.393118,0.250665
3.88466,-0.600195,0.653543,-0.469147,0.250665
3.88491,-0.674922,0.669291,-0.480986,0.250665
3.88516,-0.675358,0.645669,-0.440828,0.250665
3.88541,-0.605723,0.582677,-0.338413,0.250665
3.88566,-0.481974,0.488189,-0.197028,0.250665
3.88591,-0.32795,0.346457,-0.0435578,0.250665
3.88616,-0.170257,0.188976,0.0991371,0.250665
3.88641,-0.0317674,0.00787402,0.216611,0.250665
3.88666,0.0720162,-0.165354,0.271617,0.250665
3.88691,0.136747,-0.338583,0.293193,0.250665
3.88716,0.16833,-0.480315,0.264852,0.250665
3.88741,0.180832,-0.598425,0.212751,0.250665
3.88766,0.191527,-0.661417,0.151866,0.250665
3.88791,0.216141,-0.692913,0.110172,0.250665
3.88816,0.263397,-0.677165,0.101217,0.250665
3.88841,0.332707,-0.622047,0.119801,0.250665
3.88866,0.41335,-0.543307,0.154088,0.250665
3.88891,0.486876,-0.433071,0.201981,0.250665
3.88916,0.531476,-0.314961,0.240686,0.250665
3.88941,0.527242,-0.181102,0.236486,0.250665
3.88966,0.46204,-0.0393701,0.19927,0.250665
3.88991,0.334227,0.0866142,0.106515,0.250665
3.89016,0.154982,0.228346,-0.0177992,0.250665
3.89041,-0.0540816,0.354331,-0.171488,0.250665
3.89066,-0.264427,0.472441,-0.31045,0.250665
3.89091,-0.446602,0.574803,-0.421199,0.250665
3.89117,-0.575641,0.645669,-0.487376,0.250665
3.89142,-0.636729,0.685039,-0.481317,0.250665
3.89167,-0.627162,0.692913,-0.424908,0.250665
3.89192,-0.556848,0.645669,-0.311841,0.250665
3.89217,-0.445227,0.559055,-0.174197,0.250665
3.89242,-0.316624,0.433071,-0.0327946,0.250665
3.89267,-0.194331,0.275591,0.0874541,0.250665
3.89292,-0.0956293,0.102362,0.172347,0.250665
3.89317,-0.0284377,-0.0708661,0.203387,0.250665
3.89342,0.010348,-0.251969,0.201688,0.250665
3.89367,0.0319707,-0.401575,0.170695,0.250665
3.89392,0.0531227,-0.519685,0.125555,0.250665
3.89417,0.0901458,-0.606299,0.100083,0.250665
3.89442,0.153689,-0.653543,0.0953096,0.250665
3.89467,0.245701,-0.661417,0.121701,0.250665
3.89492,0.357443,-0.637795,0.172997,0.250665
3.89517,0.471278,-0.582677,0.238307,0.250665
3.89542,0.564065,-0.503937,0.288489,0.250665
3.89567,0.612591,-0.401575,0.323961,0.250665
3.89592,0.599513,-0.291339,0.300872,0.250665
3.89617,0.517145,-0.15748,0.232217,0.250665
3.89642,0.37066,-0.023622,0.11743,0.250665
3.89667,0.177066,0.11811,-0.0339324,0.250665
3.89692,-0.0374893,0.267717,-0.194203,0.250665
3.89717,-0.243219,0.401575,-0.331623,0.250665
3.89742,-0.412075,0.527559,-0.428576,0.250665
3.89767,-0.52411,0.629921,-0.471265,0.250665
3.89792,-0.570321,0.692913,-0.453271,0.250665
3.89817,-0.554463,0.716535,-0.38242,0.250665
3.89842,-0.490834,0.692913,-0.269378,0.250665
3.89867,-0.400737,0.622047,-0.143875,0.250665
3.89892,-0.306444,0.503937,-0.0250929,0.250665
3.89917,-0.226382,0.354331,0.0579932,0.250665
3.89942,-0.170745,0.188976,0.113339,0.250665
3.89967,-0.139269,0.00787402,0.116239,0.250665
3.89992,-0.122499,-0.149606,0.0985836,0.250665
3.90017,-0.104676,-0.307087,0.0744114,0.250665
3.90042,-0.0688944,-0.433071,0.0467996,0.250665
3.90067,-0.00180408,-0.535433,0.0465411,0.250665
3.90092,0.10115,-0.598425,0.0861834,0.250665
3.90117,0.23438,-0.637795,0.153663,0.250665
3.90142,0.381676,-0.637795,0.232923,0.250665
3.90167,0.519816,-0.614173,0.312368,0.250665
3.90192,0.622943,-0.566929,0.36961,0.250665
3.90217,0.668984,-0.488189,0.390906,0.250665
3.90242,0.6442,-0.393701,0.345365,0.250665
3.90267,0.546882,-0.275591,0.25321,0.250665
3.90292,0.388485,-0.133858,0.121245,0.250665
3.90317,0.190741,0.00787402,-0.0494875,0.250665
3.90342,-0.0176072,0.173228,-0.199707,0.250665
3.90367,-0.207555,0.330709,-0.338776,0.250665
3.90392,-0.355309,0.472441,-0.415532,0.250665
3.90417,-0.44653,0.598425,-0.447752,0.250665
3.90442,-0.47917,0.677165,-0.41378,0.250665
3.90467,-0.462238,0.724409,-0.332338,0.250665
3.90492,-0.413335,0.716535,-0.227549,0.250665
3.90517,-0.353208,0.661417,-0.127016,0.250665
3.90542,-0.300341,0.559055,-0.0407535,0.250665
3.90567,-0.266597,0.425197,0.0173572,0.250665
3.90592,-0.254034,0.275591,0.0341407,0.250665
3.90617,-0.25499,0.110236,0.0232176,0.250665
3.90642,-0.254415,-0.0472441,-0.00619893,0.250665
3.90667,-0.234446,-0.19685,-0.018896,0.250665
3.90692,-0.179239,-0.338583,-0.0179019,0.250665
3.90717,-0.0806846,-0.448819,0.0118564,0.250665
3.90742,0.05931,-0.535433,0.0850599,0.250665
3.90767,0.227311,-0.590551,0.189466,0.250665
3.90792,0.401173,-0.629921,0.287976,0.250665
3.90817,0.553577,-0.637795,0.376559,0.250665
3.90842,0.658741,-0.614173,0.42831,0.250665
3.90867,0.697044,-0.566929,0.428324,0.250665
3.90892,0.660035,-0.488189,0.375992,0.250665
3.90917,0.552371,-0.377953,0.260782,0.250665
3.90942,0.390497,-0.244094,0.109467,0.250665
3.90967,0.199915,-0.0866142,-0.0569259,0.250665
3.90992,0.0090769,0.0787402,-0.21352,0.250665
3.91017,-0.155772,0.244094,-0.325324,0.250665
3.91042,-0.276624,0.409449,-0.386383,0.250665
3.91067,-0.345951,0.543307,-0.389956,0.250665
3.91092,-0.368179,0.645669,-0.348665,0.250665
3.91117,-0.356675,0.708661,-0.266491,0.250665
3.91142,-0.330316,0.716535,-0.179602,0.250665
3.91167,-0.307099,0.685039,-0.106665,0.250665
3.91192,-0.300165,0.606299,-0.0549442,0.250665
3.91217,-0.313573,0.488189,-0.0403619,0.250665
3.91242,-0.341294,0.354331,-0.0550102,0.250665
3.91267,-0.369223,0.204724,-0.0813021,0.250665
3.91292,-0.37828,0.0551181,-0.101646,0.250665
3.91317,-0.35039,-0.0866142,-0.112021,0.250665
3.91342,-0.273005,-0.228346,-0.0766817,0.250665
3.91367,-0.144034,-0.346457,-0.0113521,0.250665
3.91392,0.0274411,-0.456693,0.0936569,0.250665
3.91417,0.221624,-0.543307,0.225262,0.250665
3.91442,0.411256,-0.606299,0.339417,0.250665
3.91467,0.568128,-0.637795,0.428878,0.250665
3.91492,0.667663,-0.653543,0.474832,0.250665
3.91517,0.695,-0.629921,0.457892,0.250665
3.91542,0.647672,-0.566929,0.377064,0.250665
3.91567,0.535933,-0.472441,0.248133,0.250665
3.91593,0.38064,-0.346457,0.0878901,0.250665
3.91618,0.208206,-0.188976,-0.0668691,0.250665
3.91643,0.0453175,-0.00787402,-0.194343,0.250665
3.91668,-0.0872656,0.15748,-0.286985,0.250665
3.91693,-0.177987,0.330709,-0.3215,0.250665
3.91718,-0.226843,0.480315,-0.315711,0.250665
3.91743,-0.243443,0.598425,-0.265604,0.250665
3.91768,-0.244429,0.669291,-0.204904,0.250665
3.91793,-0.247161,0.700787,-0.138593,0.250665
3.91818,-0.265849,0.685039,-0.0958644,0.250665
3.91843,-0.306352,0.629921,-0.091961,0.250665
3.91868,-0.364642,0.543307,-0.1075,0.250665
3.91893,-0.427477,0.425197,-0.14786,0.250665
3.91918,-0.475253,0.299213,-0.18235,0.250665
3.91943,-0.487311,0.15748,-0.196614,0.250665
3.91968,-0.446966,0.023622,-0.183678,0.250665
3.91993,-0.346993,-0.110236,-0.123766,0.250665
3.92018,-0.191299,-0.244094,-0.018991,0.250665
3.92043,0.00386053,-0.362205,0.114501,0.250665
3.92068,0.213453,-0.472441,0.258987,0.250665
3.92093,0.407973,-0.566929,0.381991,0.250665
3.92118,0.559669,-0.637795,0.467126,0.250665
3.92143,0.647759,-0.677165,0.490393,0.250665
3.92168,0.663104,-0.677165,0.457145,0.250665
3.92193,0.60934,-0.637795,0.355366,0.250665
3.92218,0.501609,-0.551181,0.224582,0.250665
3.92243,0.363084,-0.433071,0.0728002,0.250665
3.92268,0.219217,-0.275591,-0.0634291,0.250665
3.92293,0.0924383,-0.102362,-0.170806,0.250665
3.92318,-0.00316543,0.0708661,-0.235569,0.250665
3.92343,-0.0634546,0.244094,-0.24414,0.250665
3.92368,-0.0951505,0.401575,-0.22876,0.250665
3.92393,-0.11224,0.527559,-0.183499,0.250665
3.92418,-0.131818,0.622047,-0.137949,0.250665
3.92443,-0.168998,0.669291,-0.106004,0.250665
3.92468,-0.231596,0.677165,-0.108507,0.24903
3.92493,-0.317921,0.645669,-0.135328,0.24903
3.92518,-0.4161,0.582677,-0.181704,0.24903
3.92543,-0.506576,0.496063,-0.240705,0.24903
3.92568,-0.566527,0.393701,-0.27904,0.24903
3.92593,-0.575301,0.267717,-0.281091,0.24903
3.92618,-0.52019,0.141732,-0.23696,0.24903
3.92643,-0.39925,0,-0.147367,0.24903
3.92668,-0.223499,-0.133858,-0.0129849,0.24903
3.92693,-0.0144538,-0.275591,0.140278,0.24903
3.92718,0.198982,-0.401575,0.281444,0.24903
3.92743,0.387511,-0.519685,0.405768,0.24903
3.92768,0.525847,-0.622047,0.478581,0.24903
3.92793,0.598874,-0.685039,0.485762,0.24903
3.92818,0.603528,-0.708661,0.430057,0.24903
3.92843,0.54908,-0.685039,0.324295,0.24903
3.92868,0.454214,-0.614173,0.197876,0.24903
3.92893,0.342296,-0.511811,0.0657251,0.24903
3.92918,0.235771,-0.362205,-0.051506,0.24903
3.92943,0.150663,-0.19685,-0.125213,0.24903
3.92968,0.0939478,-0.015748,-0.16591,0.24903
3.92993,0.0618219,0.149606,-0.162308,0.24903
3.93018,0.0422483,0.314961,-0.128409,0.24903
3.93043,0.018518,0.448819,-0.0936644,0.24903
3.93068,-0.0252412,0.551181,-0.075893,0.24903
3.93093,-0.0995744,0.614173,-0.0816216,0.24903
3.93118,-0.205211,0.645669,-0.119329,0.24903
3.93143,-0.332739,0.645669,-0.177575,0.24903
3.93168,-0.463237,0.614173,-0.260657,0.24903
3.93193,-0.572676,0.559055,-0.318915,0.24903
3.93218,-0.637,0.472441,-0.356778,0.24903
3.93243,-0.637849,0.370079,-0.342137,0.24903
3.93268,-0.567369,0.251969,-0.275294,0.24903
3.93293,-0.429963,0.11811,-0.162214,0.24903
3.93318,-0.242625,-0.023622,-0.0119028,0.24903
3.93343,-0.0311273,-0.173228,0.152862,0.24903
3.93368,0.174711,-0.322835,0.304975,0.24903
3.93393,0.347201,-0.464567,0.41056,0.24903
3.93418,0.466268,-0.582677,0.462788,0.24903
3.93443,0.522774,-0.669291,0.453363,0.24903
3.93468,0.520122,-0.716535,0.380664,0.24903
3.93493,0.472025,-0.716535,0.286593,0.24903
3.93518,0.398925,-0.661417,0.166252,0.24903
3.93543,0.322308,-0.566929,0.0629185,0.24903
3.93568,0.259239,-0.433071,-0.020767,0.24903
3.93593,0.218794,-0.275591,-0.0688213,0.24903
3.93618,0.199658,-0.110236,-0.0729697,0.24903
3.93643,0.191483,0.0551181,-0.0519417,0.24903
3.93668,0.177957,0.212598,-0.0252764,0.24903
3.93693,0.141952,0.354331,-0.00977319,0.24903
3.93718,0.0702654,0.464567,-0.0207573,0.24903
3.93743,-0.0412056,0.551181,-0.0619455,0.24903
3.93768,-0.186101,0.606299,-0.141643,0.24903
3.93793,-0.347406,0.629921,-0.238116,0.24903
3.93818,-0.500997,0.629921,-0.328291,0.24903
3.93843,-0.620188,0.606299,-0.39078,0.24903
3.93868,-0.681926,0.551181,-0.415491,0.24903
3.93893,-0.671986,0.472441,-0.378352,0.24903
3.93918,-0.588035,0.362205,-0.29318,0.24903
3.93943,-0.440902,0.228346,-0.155303,0.24903
3.93968,-0.252137,0.0787402,0.00608905,0.24903
3.93993,-0.0497736,-0.0787402,0.162917,0.24903
3.94018,0.137599,-0.244094,0.302581,0.24903
3.94043,0.286148,-0.401575,0.386781,0.24903
3.94069,0.382163,-0.535433,0.424995,0.24903
3.94094,0.423151,-0.645669,0.393493,0.24903
3.94119,0.418234,-0.708661,0.321757,0.24903
3.94144,0.38413,-0.724409,0.229704,0.24903
3.94169,0.340974,-0.692913,0.132999,0.24903
3.94194,0.306058,-0.614173,0.0660899,0.24903
3.94219,0.290052,-0.496063,0.0166801,0.24903
3.94244,0.293889,-0.362205,0.00804305,0.24903
3.94269,0.308673,-0.204724,0.0196477,0.24903
3.94294,0.318483,-0.0393701,0.0439024,0.24903
3.94319,0.304754,0.102362,0.0669111,0.24903
3.94344,0.251731,0.244094,0.0631742,0.24903
3.94369,0.150904,0.370079,0.016863,0.24903
3.94394,0.0050341,0.472441,-0.0656007,0.24903
3.94419,-0.17226,0.551181,-0.175186,0.24903
3.94444,-0.358037,0.606299,-0.284029,0.24903
3.94469,-0.524321,0.637795,-0.384855,0.24903
3.94494,-0.644391,0.637795,-0.4457,0.24903
3.94519,-0.698184,0.614173,-0.456503,0.24903
3.94544,-0.676569,0.551181,-0.403833,0.24903
3.94569,-0.583481,0.456693,-0.294723,0.24903
3.94594,-0.435008,0.338583,-0.143529,0.24903
3.94619,-0.255763,0.181102,0.020725,0.24903
3.94644,-0.0736548,0.015748,0.170277,0.24903
3.94669,0.0856973,-0.15748,0.287421,0.24903
3.94694,0.204793,-0.322835,0.351867,0.24903
3.94719,0.276442,-0.480315,0.359288,0.24903
3.94744,0.305166,-0.598425,0.324457,0.24903
3.94769,0.304097,-0.677165,0.259483,0.24903
3.94794,0.291504,-0.716535,0.178981,0.24903
3.94819,0.284738,-0.700787,0.116566,0.24903
3.94844,0.295644,-0.645669,0.0813427,0.24903
3.94869,0.327101,-0.551181,0.0659423,0.24903
3.94894,0.371966,-0.433071,0.0931844,0.24903
3.94919,0.414739,-0.291339,0.122568,0.24903
3.94944,0.435724,-0.149606,0.152365,0.24903
3.94969,0.416132,0,0.150216,0.24903
3.94994,0.343142,0.125984,0.11756,0.24903
3.95019,0.214599,0.259843,0.0422824,0.24903
3.95044,0.0397245,0.377953,-0.0757838,0.24903
3.95069,-0.160966,0.488189,-0.199483,0.24903
3.95094,-0.360278,0.566929,-0.327366,0.24903
3.95119,-0.528817,0.629921,-0.430109,0.24903
3.95144,-0.642071,0.661417,-0.481939,0.24903
3.95169,-0.68431,0.661417,-0.470879,0.24903
3.95194,-0.652546,0.622047,-0.401446,0.24903
3.95219,-0.556563,0.543307,-0.274264,0.24903
3.95244,-0.416203,0.433071,-0.130125,0.24903
3.95269,-0.257356,0.283465,0.0284075,0.24903
3.95294,-0.105571,0.110236,0.155222,0.24903
3.95319,0.0188132,-0.0629921,0.24359,0.24903
3.95344,0.105367,-0.244094,0.283248,0.24903
3.95369,0.15408,-0.401575,0.281155,0.24903
3.95394,0.1751,-0.535433,0.239889,0.24903
3.95419,0.184698,-0.629921,0.185962,0.24903
3.95444,0.199956,-0.685039,0.134155,0.24903
3.95469,0.234,-0.692913,0.102556,0.24903
3.95494,0.291675,-0.661417,0.107683,0.24903
3.95519,0.367867,-0.590551,0.136756,0.24903
3.95544,0.447897,-0.496063,0.174295,0.24903
3.95569,0.511346,-0.377953,0.224625,0.24903
3.95594,0.536588,-0.251969,0.239765,0.24903
3.95619,0.506388,-0.11811,0.224392,0.24903
3.95644,0.413051,0.00787402,0.161818,0.24903
3.95669,0.260465,0.149606,0.0538353,0.24903
3.95694,0.0648948,0.283465,-0.084946,0.24903
3.95719,-0.148553,0.409449,-0.237381,0.24903
3.95744,-0.349832,0.519685,-0.367438,0.24903
3.95769,-0.511197,0.606299,-0.458981,0.24903
3.95794,-0.611393,0.669291,-0.48774,0.24903
3.95819,-0.640874,0.692913,-0.464353,0.24903
3.95844,-0.602618,0.677165,-0.376974,0.24903
3.95869,-0.511359,0.614173,-0.247666,0.24903
3.95894,-0.38916,0.511811,-0.108686,0.24903
3.95919,-0.260646,0.370079,0.0245702,0.24903
3.95944,-0.1472,0.204724,0.133657,0.24903
3.95969,-0.0620231,0.023622,0.195026,0.24903
3.95994,-0.00837086,-0.149606,0.212122,0.24903
3.96019,0.0210213,-0.314961,0.190692,0.24903
3.96044,0.0402917,-0.456693,0.15185,0.24903
3.96069,0.066801,-0.566929,0.112798,0.24903
3.96094,0.114569,-0.629921,0.0888408,0.24903
3.96119,0.191106,-0.661417,0.106253,0.24903
3.96144,0.293452,-0.653543,0.139062,0.24903
3.96169,0.408675,-0.614173,0.196448,0.24903
3.96194,0.516181,-0.551181,0.269327,0.24903
3.96219,0.592115,-0.464567,0.308881,0.24903
3.96244,0.615164,-0.354331,0.322879,0.24903
3.96269,0.571665,-0.23622,0.280615,0.24903
3.96294,0.459702,-0.102362,0.190902,0.24903
3.96319,0.289612,0.0314961,0.0582789,0.24903
3.96344,0.0832074,0.181102,-0.103943,0.24903
3.96369,-0.131224,0.322835,-0.252107,0.24903
3.96394,-0.323632,0.464567,-0.385219,0.24903
3.96419,-0.469274,0.574803,-0.456178,0.24903
3.96444,-0.552656,0.661417,-0.471606,0.24903
3.96469,-0.570291,0.708661,-0.436022,0.24903
3.96494,-0.531172,0.708661,-0.334977,0.24903
3.96519,-0.453015,0.661417,-0.220405,0.24903
3.96545,-0.358371,0.574803,-0.0880161,0.24903
3.9657,-0.268552,0.440945,0.00972763,0.24903
3.96595,-0.198589,0.283465,0.0854861,0.24903
3.9662,-0.154253,0.110236,0.115755,0.24903
3.96645,-0.130887,-0.0551181,0.114715,0.24903
3.9667,-0.115896,-0.220472,0.0894704,0.24903
3.96695,-0.0919948,-0.362205,0.0550786,0.24903
3.9672,-0.0436781,-0.480315,0.0432973,0.24903
3.96745,0.0392783,-0.566929,0.0611555,0.24903
3.9677,0.156921,-0.622047,0.111822,0.24903
3.96795,0.298833,-0.637795,0.186806,0.24903
3.9682,0.445214,-0.629921,0.268463,0.24903
3.96845,0.571057,-0.598425,0.345087,0.24903
3.9687,0.651397,-0.535433,0.384693,0.24903
3.96895,0.667186,-0.448819,0.375096,0.24903
3.9692,0.609871,-0.346457,0.314794,0.24903
3.96945,0.483455,-0.212598,0.202469,0.24903
3.9697,0.304487,-0.0708661,0.0434353,0.24903
3.96995,0.0983256,0.0787402,-0.121014,0.24903
3.9702,-0.105228,0.23622,-0.265601,0.24903
3.97045,-0.279108,0.393701,-0.380124,0.24903
3.9707,-0.402922,0.527559,-0.440811,0.24903
3.97095,-0.467891,0.637795,-0.431751,0.24903
3.9712,-0.476956,0.700787,-0.376818,0.24903
3.97145,-0.443485,0.724409,-0.289217,0.24903
3.9717,-0.386999,0.692913,-0.178285,0.24903
3.97195,-0.328063,0.622047,-0.0791052,0.24903
3.9722,-0.282735,0.511811,-0.00880149,0.24903
3.97245,-0.258628,0.362205,0.0280503,0.24903
3.9727,-0.253543,0.204724,0.0258262,0.24903
3.97295,-0.255965,0.0393701,0.0141071,0.24903
3.9732,-0.248995,-0.11811,-0.0179305,0.24903
3.97345,-0.215024,-0.259843,-0.026977,0.24903
3.9737,-0.141242,-0.385827,-0.0123606,0.24903
3.97395,-0.0235226,-0.488189,0.0467163,0.24903
3.9742,0.131142,-0.566929,0.126423,0.24903
3.97445,0.304769,-0.614173,0.22881,0.24903
3.9747,0.47265,-0.637795,0.336192,0.24903
3.97495,0.607197,-0.629921,0.41237,0.24903
3.9752,0.684681,-0.598425,0.438341,0.24903
3.97545,0.690054,-0.535433,0.409006,0.24903
3.9757,0.620521,-0.440945,0.324991,0.24903
3.97595,0.486273,-0.322835,0.192071,0.24903
3.9762,0.308237,-0.181102,0.0328476,0.24903
3.97645,0.114175,-0.015748,-0.123421,0.24903
3.9767,-0.0681182,0.149606,-0.262938,0.24903
3.97695,-0.215167,0.322835,-0.361068,0.24903
3.9772,-0.313535,0.472441,-0.393423,0.24903
3.97745,-0.360949,0.598425,-0.379418,0.24903
3.9777,-0.366259,0.677165,-0.310323,0.24903
3.97795,-0.345734,0.716535,-0.23171,0.24903
3.9782,-0.318696,0.708661,-0.150523,0.24903
3.97845,-0.301574,0.653543,-0.079308,0.24903
3.9787,-0.30368,0.559055,-0.0436583,0.24903
3.97895,-0.324733,0.433071,-0.0422434,0.24903
3.9792,-0.354707,0.291339,-0.062218,0.24903
3.97945,-0.376775,0.141732,-0.0963203,0.24903
3.9797,-0.371417,-0.00787402,-0.109885,0.24903
3.97995,-0.322776,-0.149606,-0.0976661,0.24903
3.9802,-0.222207,-0.283465,-0.0533828,0.24903
3.98045,-0.0726387,-0.401575,0.0356062,0.24903
3.9807,0.111826,-0.496063,0.15169,0.24903
3.98095,0.307527,-0.574803,0.279475,0.24903
3.9812,0.48621,-0.622047,0.390219,0.24903
3.98145,0.620269,-0.653543,0.45727,0.24903
3.9817,0.689094,-0.645669,0.474648,0.24903
3.98195,0.682991,-0.606299,0.421882,0.24903
3.9822,0.605231,-0.535433,0.324453,0.24903
3.98245,0.471253,-0.417323,0.183,0.24903
3.9827,0.305044,-0.275591,0.0183452,0.24903
3.98295,0.133791,-0.110236,-0.129372,0.24903
3.9832,-0.0178969,0.0551181,-0.239345,0.24903
3.98345,-0.132701,0.23622,-0.308966,0.24903
3.9837,-0.204441,0.401575,-0.322966,0.24903
3.98395,-0.237311,0.543307,-0.297881,0.24903
3.9842,-0.24472,0.637795,-0.242775,0.24903
3.98445,-0.244391,0.692913,-0.177211,0.24903
3.9847,-0.252834,0.700787,-0.120986,0.24903
3.98495,-0.281017,0.669291,-0.0911514,0.24903
3.9852,-0.330471,0.598425,-0.0914715,0.24903
3.98545,-0.392903,0.496063,-0.125651,0.24903
3.9857,-0.451736,0.377953,-0.165202,0.24903
3.98595,-0.486066,0.244094,-0.192933,0.24903
3.9862,-0.476679,0.102362,-0.200385,0.24903
3.98645,-0.410272,-0.0314961,-0.163024,0.24903
3.9867,-0.284504,-0.173228,-0.0774124,0.24903
3.98695,-0.108798,-0.299213,0.037695,0.24903
3.9872,0.0961975,-0.417323,0.17509,0.24903
3.98745,0.302918,-0.519685,0.311774,0.24903
3.9877,0.481623,-0.606299,0.423743,0.24903
3.98795,0.607187,-0.661417,0.478971,0.24903
3.9882,0.663581,-0.677165,0.479437,0.24903
3.98845,0.64724,-0.661417,0.413724,0.24903
3.9887,0.567187,-0.606299,0.298526,0.24903
3.98895,0.442827,-0.503937,0.163576,0.24903
3.9892,0.298889,-0.370079,0.014036,0.24903
3.98945,0.160133,-0.204724,-0.117571,0.24903
3.9897,0.0459658,-0.023622,-0.205951,0.24903
3.98995,-0.0339179,0.149606,-0.244374,0.24903
3.99021,-0.0802665,0.322835,-0.247533,0.24903
3.99046,-0.103495,0.464567,-0.204703,0.24903
3.99071,-0.119527,0.574803,-0.160607,0.24903
3.99096,-0.145419,0.645669,-0.120662,0.24903
3.99121,-0.193338,0.677165,-0.103554,0.24903
3.99146,-0.267277,0.669291,-0.111551,0.24903
3.99171,-0.360822,0.622047,-0.155727,0.24903
3.99196,-0.458344,0.551181,-0.206782,0.24903
3.99221,-0.538065,0.456693,-0.251554,0.24903
3.99246,-0.57764,0.338583,-0.285555,0.24903
3.99271,-0.559279,0.212598,-0.269975,0.24903
3.99296,-0.474519,0.0787402,-0.200375,0.24903
3.99321,-0.327448,-0.0551181,-0.0967018,0.24903
3.99346,-0.133756,-0.19685,0.0536874,0.24903
3.99371,0.0809271,-0.330709,0.20815,0.24903
3.99396,0.287003,-0.456693,0.347381,0.24903
3.99421,0.45586,-0.566929,0.44073,0.24903
3.99446,0.566568,-0.653543,0.486543,0.24903
3.99471,0.609064,-0.700787,0.459812,0.24903
3.99496,0.585811,-0.700787,0.387682,0.24903
3.99521,0.510825,-0.661417,0.271715,0.24903
3.99546,0.405594,-0.574803,0.131506,0.24903
3.99571,0.293508,-0.448819,0.0124613,0.24903
3.99596,0.194955,-0.291339,-0.0930438,0.24903
3.99621,0.122147,-0.11811,-0.143408,0.24903
3.99646,0.0772982,0.0551181,-0.162247,0.24903
3.99671,0.0525678,0.228346,-0.149689,0.24903
3.99696,0.0334055,0.377953,-0.118435,0.24903
3.99721,0.00251989,0.496063,-0.0835211,0.24903
3.99746,-0.0539512,0.582677,-0.0702944,0.24903
3.99771,-0.142637,0.637795,-0.094704,0.24903
3.99796,-0.259716,0.653543,-0.144649,0.24903
3.99821,-0.391334,0.637795,-0.212568,0.24903
3.99846,-0.515549,0.590551,-0.284808,0.24903
3.99871,-0.607841,0.519685,-0.343043,0.24903
3.99896,-0.645949,0.433071,-0.350498,0.24903
3.99921,-0.615588,0.322835,-0.320719,0.24903
3.99946,-0.514322,0.19685,-0.228334,0.24903
3.99971,-0.352154,0.0551181,-0.0956935,0.24903
3.99996,-0.150621,-0.0866142,0.0674575,0.24903
4.00021,0.0621715,-0.244094,0.226454,0.24903
4.00046,0.256187,-0.393701,0.35272,0.24903
4.00071,0.406947,-0.519685,0.441035,0.24903
4.00096,0.498785,-0.629921,0.460933,0.24903
4.00121,0.528293,-0.700787,0.423884,0.24903
4.00146,0.503612,-0.724409,0.345766,0.24903
4.00171,0.441955,-0.700787,0.22732,0.24903
4.00196,0.364939,-0.629921,0.115682,0.24903
4.00221,0.292542,-0.519685,0.016396,0.24903
4.00246,0.238789,-0.370079,-0.047861,0.24903
4.00271,0.208363,-0.204724,-0.0758607,0.24903
4.00296,0.195694,-0.0314961,-0.0698642,0.24903
4.00321,0.187418,0.125984,-0.0457982,0.24903
4.00346,0.1662,0.275591,-0.0179583,0.24903
4.00371,0.116065,0.409449,-0.0129468,0.24903
4.00396,0.0274645,0.503937,-0.0420588,0.24903
4.00421,-0.0996611,0.574803,-0.090263,0.24903
4.00446,-0.253882,0.622047,-0.178766,0.24903
4.00471,-0.415026,0.637795,-0.270952,0.24903
4.00496,-0.557054,0.622047,-0.360759,0.24903
4.00521,-0.654334,0.582677,-0.410681,0.24903
4.00546,-0.686898,0.519685,-0.40622,0.24903
4.00571,-0.645409,0.425197,-0.354524,0.24903
4.00596,-0.533024,0.307087,-0.234692,0.24903
4.00621,-0.365513,0.165354,-0.0924847,0.24903
4.00646,-0.16758,0.00787402,0.0692071,0.24903
4.00671,0.031516,-0.149606,0.230245,0.24903
4.00696,0.20503,-0.314961,0.341856,0.24903
4.00721,0.33277,-0.464567,0.407211,0.24903
4.00745,0.40543,-0.590551,0.410018,0.24903
4.0077,0.425847,-0.677165,0.369947,0.24903
4.00795,0.406618,-0.724409,0.286241,0.24903
4.0082,0.366439,-0.716535,0.190305,0.24903
4.00845,0.324831,-0.661417,0.100539,0.24903
4.0087,0.296952,-0.566929,0.0420183,0.24903
4.00895,0.28952,-0.440945,0.00582153,0.24903
4.0092,0.29932,-0.291339,0.00944257,0.24903
4.00945,0.314256,-0.133858,0.0312532,0.24903
4.0097,0.316837,0.015748,0.0544689,0.24903
4.00995,0.28878,0.165354,0.0639512,0.24903
4.0102,0.217028,0.299213,0.0515717,0.24903
4.01045,0.0971934,0.417323,-0.0141675,0.24903
4.0107,-0.0635062,0.503937,-0.101902,0.24903
4.01095,-0.247122,0.574803,-0.209639,0.24903
4.0112,-0.428365,0.622047,-0.326513,0.24903
4.01145,-0.579028,0.637795,-0.409388,0.24903
4.0117,-0.674492,0.629921,-0.459195,0.24903
4.01195,-0.69872,0.590551,-0.437655,0.24903
4.0122,-0.647659,0.519685,-0.365363,0.24903
4.01245,-0.530308,0.409449,-0.233797,0.24903
4.0127,-0.366529,0.275591,-0.0806944,0.24903
4.01295,-0.183054,0.11811,0.0765863,0.24903
4.0132,-0.00739317,-0.0472441,0.213274,0.24903
4.01345,0.137704,-0.228346,0.314976,0.24903
4.0137,0.238281,-0.393701,0.352879,0.24903
4.01395,0.29213,-0.535433,0.349586,0.24903
4.0142,0.307325,-0.637795,0.300524,0.24903
4.01445,0.299626,-0.700787,0.22705,0.24903
4.0147,0.287418,-0.716535,0.148643,0.24903
4.01495,0.286451,-0.685039,0.0938141,0.24903
4.0152,0.305473,-0.614173,0.0726076,0.24903
4.01545,0.34336,-0.503937,0.0778044,0.24903
4.0157,0.389554,-0.377953,0.102681,0.24903
4.01595,0.426476,-0.23622,0.13617,0.24903
4.0162,0.433971,-0.0866142,0.157234,0.24903
4.01645,0.395037,0.0472441,0.143015,0.24903
4.0167,0.300845,0.188976,0.0980473,0.24903
4.01695,0.153122,0.314961,0.00354946,0.24903
4.0172,-0.034092,0.425197,-0.119074,0.24903
4.01745,-0.237575,0.519685,-0.253438,0.24903
4.0177,-0.428347,0.598425,-0.367042,0.24903
4.01795,-0.578683,0.645669,-0.454313,0.24903
4.0182,-0.666559,0.669291,-0.480787,0.24903
4.01845,-0.680897,0.653543,-0.444589,0.24903
4.0187,-0.623554,0.598425,-0.354533,0.24903
4.01895,-0.508559,0.503937,-0.223524,0.24903
4.0192,-0.35838,0.377953,-0.071581,0.24903
4.01945,-0.199526,0.220472,0.0759023,0.24903
4.0197,-0.0560058,0.0393701,0.196625,0.24903
4.01995,0.0550127,-0.133858,0.268918,0.24903
4.0202,0.127134,-0.307087,0.287843,0.24903
4.02045,0.164257,-0.456693,0.269288,0.24903
4.0207,0.17902,-0.582677,0.219592,0.24903
4.02095,0.188778,-0.661417,0.158875,0.24903
4.0212,0.209588,-0.692913,0.115814,0.24903
4.02145,0.252098,-0.685039,0.0991956,0.24903
4.0217,0.317472,-0.637795,0.109499,0.24903
4.02195,0.397062,-0.559055,0.150697,0.24903
4.0222,0.473665,-0.456693,0.190246,0.24903
4.02245,0.525809,-0.330709,0.22597,0.24903
4.0227,0.532773,-0.204724,0.235987,0.24903
4.02295,0.480612,-0.0629921,0.207865,0.24903
4.0232,0.365245,0.0629921,0.130292,0.24903
4.02345,0.195324,0.204724,0.00506875,0.24903
4.0237,-0.00965441,0.330709,-0.133525,0.24903
4.02395,-0.222025,0.456693,-0.278223,0.24903
4.0242,-0.412102,0.559055,-0.396291,0.24903
4.02445,-0.553854,0.637795,-0.474702,0.24903
4.0247,-0.629772,0.685039,-0.485442,0.250631
