Time,Disturbance,Actuator,Error,RMS_E
0.400255,0.0260099,0,0.0290466,0
0.400505,0.0486225,0,0.0485167,0
0.400755,0.0879997,0,0.0894799,0
0.401005,0.160864,0,0.161085,0
0.401255,0.269416,0,0.272646,0
0.401505,0.39893,0,0.396567,0
0.401755,0.520854,0,0.51831,0
0.402005,0.600836,0,0.6035,0
0.402255,0.609006,0,0.607329,0
0.402505,0.529555,0,0.533621,0
0.402755,0.366469,0,0.363734,0
0.403005,0.143809,0,0.147687,0
0.403255,-0.0997876,0,-0.0947934,0
0.403505,-0.32097,0,-0.320738,0
0.403755,-0.48261,0,-0.479784,0
0.404005,-0.563136,0,-0.562773,0
0.404255,-0.561044,0,-0.565937,0
0.404505,-0.493823,0,-0.498263,0
0.404755,-0.39137,0,-0.396004,0
0.405005,-0.286126,0,-0.290491,0
0.405255,-0.20302,0,-0.20631,0
0.405505,-0.152416,0,-0.147421,0
0.405755,-0.127888,0,-0.131199,0
0.406005,-0.109894,0,-0.113578,0
0.406255,-0.0735204,0,-0.0757762,0
0.406505,0.00153982,0,-0.00210312,0
0.406755,0.122605,0,0.118583,0
0.407005,0.279512,0,0.278762,0
0.407255,0.445872,0,0.441715,0
0.407505,0.585547,0,0.59042,0
0.407755,0.662773,0,0.663346,0
0.408005,0.652589,0,0.652121,0
0.408255,0.54864,0,0.549132,0
0.408505,0.365781,0,0.363047,0
0.408755,0.136752,0,0.132624,0
0.409005,-0.0961766,0,-0.0967212,0
0.409255,-0.292303,0,-0.291129,0
0.409505,-0.42271,-0.00787402,-0.420962,0
0.409755,-0.47701,-0.0551181,-0.479901,0
0.410005,-0.464413,-0.15748,-0.466538,0
0.410255,-0.408973,-0.283465,-0.405564,0
0.410505,-0.340893,-0.401575,-0.336436,0
0.410755,-0.286142,-0.488189,-0.288697,0
0.411005,-0.258151,-0.559055,-0.269207,0
0.411255,-0.253924,-0.622047,-0.270679,0
0.411505,-0.255754,-0.685039,-0.286507,0
0.411755,-0.238052,-0.740157,-0.287176,0
0.412005,-0.176969,-0.771654,-0.251318,0
0.412255,-0.0599452,-0.755906,-0.163401,0
0.412505,0.10831,-0.661417,-0.0213701,0
0.412755,0.304879,-0.480315,0.139197,0
0.413005,0.493705,-0.181102,0.308483,0
0.413255,0.634988,0.244094,0.427277,0
0.413505,0.696076,0.779528,0.474382,0
0.413755,0.66077,1,0.437757,0
0.414005,0.534182,1,0.330868,0
0.414255,0.341566,1,0.178653,0
0.414505,0.121464,1,0.0349952,0
0.414755,-0.0846144,1,-0.08373,0
0.415005,-0.243179,1,-0.144011,0
0.415255,-0.336974,1,-0.13134,0
0.415505,-0.367925,0.826772,-0.0536266,0
0.415755,-0.354554,0.0708661,0.0369193,0
0.416005,-0.324001,-0.629921,0.13084,0
0.416255,-0.302202,-1,0.178614,0
0.416505,-0.304572,-1,0.172843,0
0.416755,-0.330649,-1,0.102992,0
0.417005,-0.364205,-1,-0.024068,0
0.417255,-0.378806,-1,-0.183503,0
0.417506,-0.347209,-1,-0.314581,0
0.417756,-0.251343,-1,-0.399417,0
0.418006,-0.0899145,-1,-0.416398,0
0.418256,0.118878,-1,-0.360109,0
0.418506,0.340936,-1,-0.253114,0
0.418756,0.534293,-1,-0.132713,0
0.419006,0.660431,-0.826772,-0.0334261,0
0.419256,0.694586,-0.338583,0.0254793,0
0.419506,0.632402,0.251969,0.0300375,0
0.419756,0.490842,0.905512,-0.00569855,0
0.420006,0.303146,1,-0.067835,0
0.420256,0.109193,1,-0.112179,0
0.420506,-0.0554216,1,-0.103936,0
0.420756,-0.168707,1,-0.0470133,0
0.421006,-0.227089,1,0.0723354,0
0.421256,-0.244144,1,0.207515,0
0.421506,-0.244184,1,0.328705,0
0.421756,-0.252666,1,0.396766,0
0.422006,-0.286305,0.622047,0.391369,0
0.422256,-0.346653,0.188976,0.316227,0
0.422506,-0.418628,-0.141732,0.179641,0
0.422756,-0.475051,-0.409449,0.0322345,0
0.423006,-0.485284,-0.645669,-0.104972,0
0.423256,-0.425747,-0.897638,-0.199218,0
0.423506,-0.288756,-1,-0.228779,0
0.423756,-0.0866395,-1,-0.194037,0
0.424006,0.149722,-1,-0.119529,0
0.424256,0.378325,-1,-0.0302797,0
0.424506,0.556768,-1,0.0297292,0
0.424756,0.653378,-1,0.0550021,0
0.425006,0.655356,-1,0.0199663,0
0.425256,0.571482,-1,-0.0515273,0
0.425506,0.428776,-0.748031,-0.141051,0
0.425756,0.263987,0.125984,-0.228559,0
0.426006,0.112767,0.968504,-0.27482,0
0.426256,-0.000379371,1,-0.269654,0
0.426506,-0.0679678,1,-0.214192,0
0.426756,-0.0999861,1,-0.106466,0
0.427006,-0.118571,1,0.0065608,0
0.427256,-0.148702,1,0.122229,0
0.427506,-0.208325,1,0.181233,0
0.427756,-0.300788,0.976378,0.193266,0
0.428006,-0.412138,0.755906,0.147287,0
0.428256,-0.514446,0.637795,0.0718474,0
0.428506,-0.574044,0.566929,-0.00213054,0
0.428756,-0.562041,0.464567,-0.0410733,0
0.429006,-0.46409,0.251969,-0.0140835,0
0.429256,-0.28624,-0.0944882,0.0598016,0
0.429506,-0.0547098,-0.598425,0.171359,0
0.429756,0.190041,-1,0.283912,0
0.430006,0.403756,-1,0.377459,0
0.430256,0.54983,-1,0.402965,0
0.430506,0.608454,-1,0.355227,0
0.430756,0.581078,-1,0.243423,0
0.431006,0.48843,-1,0.0714959,0
0.431256,0.363294,-0.314961,-0.102639,0
0.431506,0.239915,0.440945,-0.24286,0
0.431756,0.14369,1,-0.338491,0
0.432006,0.0842201,1,-0.355828,0
0.432256,0.0537098,1,-0.315302,0
0.432506,0.0313515,1,-0.231271,0
0.432756,-0.00795949,0.677165,-0.121718,0
0.433006,-0.0836359,0.188976,-0.0369244,0
0.433256,-0.200842,-0.181102,0.0133758,0
0.433506,-0.346979,-0.354331,0.0252156,0
0.433756,-0.493726,-0.283465,0.00755758,0
0.434006,-0.604709,-0.0472441,-0.0351618,0
0.434256,-0.646163,0.244094,-0.0593098,0
0.434506,-0.597382,0.472441,-0.0684044,0
0.434756,-0.457786,0.511811,-0.0258407,0
0.435006,-0.248236,0.314961,0.0455003,0
0.435256,-0.00617095,-0.0629921,0.140348,0
0.435506,0.224094,-0.543307,0.212644,0
0.435756,0.402848,-0.968504,0.268565,0
0.436006,0.505182,-1,0.257786,0
0.436256,0.526465,-1,0.210542,0
0.436506,0.481855,-0.771654,0.108359,0
0.436756,0.399979,-0.19685,0.00053869,0
0.437006,0.312913,0.440945,-0.0964678,0
0.437256,0.245679,0.984252,-0.156321,0
0.437506,0.208557,1,-0.154031,0
0.437756,0.19471,1,-0.0977443,0
0.438006,0.183566,0.968504,-0.0108904,0
0.438256,0.149026,0.464567,0.0737659,0
0.438506,0.0699815,-0.0708661,0.143442,0
0.438756,-0.0610631,-0.496063,0.159129,0
0.439007,-0.233057,-0.685039,0.123739,0
0.439257,-0.417765,-0.598425,0.0366017,0
0.439507,-0.576797,-0.291339,-0.0685893,0
0.439757,-0.672122,0.102362,-0.172854,0
0.440007,-0.677185,0.440945,-0.242742,0
0.440257,-0.584987,0.566929,-0.271938,0
0.440507,-0.410678,0.417323,-0.238945,0
0.440757,-0.187767,0.00787402,-0.158893,0
0.441007,0.0408044,-0.551181,-0.0666319,0
0.441257,0.234128,-1,0.0204538,0
0.441507,0.364,-1,0.0778903,0
0.441757,0.421346,-1,0.0925703,0
0.442007,0.416917,-1,0.065936,0
0.442257,0.375619,-0.653543,0.027954,0
0.442507,0.327195,0.0944882,-0.00734004,0
0.442757,0.295528,0.826772,-0.020313,0
0.443007,0.290623,1,0.0180307,0
0.443257,0.305376,1,0.0774508,0
0.443507,0.318459,1,0.163691,0
0.443757,0.302215,1,0.244722,0
0.444007,0.233004,0.582677,0.279685,0
0.444257,0.100828,0.125984,0.269009,0
0.444507,-0.0853052,-0.141732,0.201861,0
0.444757,-0.297853,-0.15748,0.0817405,0
0.445007,-0.497044,0.0393701,-0.0512619,0
0.445257,-0.641482,0.338583,-0.167812,0
0.445507,-0.699588,0.590551,-0.249234,0
0.445757,-0.658514,0.629921,-0.273553,0
0.446007,-0.527782,0.377953,-0.245317,0
0.446257,-0.336584,-0.149606,-0.170753,0
0.446507,-0.125472,-0.866142,-0.0735233,0
0.446757,0.0650224,-1,0.0232466,0
0.447007,0.205182,-1,0.0771068,0
0.447257,0.283342,-1,0.0886392,0
0.447507,0.307123,-1,0.0464137,0
0.447757,0.298698,-1,-0.0169133,0
0.448007,0.285777,-0.480315,-0.0628322,0
0.448257,0.290897,0.425197,-0.0774182,0
0.448507,0.323078,1,-0.0517765,0
0.448757,0.374177,1,0.0166157,0
0.449007,0.421293,1,0.106685,0
0.449257,0.434468,1,0.19308,0
0.449507,0.387184,1,0.256889,0
0.449757,0.266464,0.614173,0.271431,0
0.450007,0.0788629,0.346457,0.225753,0
0.450257,-0.149244,0.307087,0.141743,0
0.450507,-0.377506,0.488189,0.0323012,0
0.450757,-0.562119,0.779528,-0.0643455,0
0.451007,-0.667516,1,-0.126537,0
0.451257,-0.675942,1,-0.134331,0
0.451507,-0.591909,0.755906,-0.0943948,0
0.451757,-0.440309,0.141732,-0.0252328,0
0.452007,-0.258618,-0.685039,0.0635792,0
0.452257,-0.0859408,-1,0.140621,0
0.452507,0.0481718,-1,0.171868,0
0.452757,0.131069,-1,0.151639,0
0.453007,0.168887,-1,0.0698868,0
0.453257,0.182335,-1,-0.0258734,0
0.453507,0.19761,-1,-0.115122,0
0.453757,0.236065,-0.125984,-0.174334,0
0.454007,0.305504,0.677165,-0.166648,0
0.454257,0.39618,1,-0.107495,0
0.454507,0.483049,1,-0.0173511,0
0.454757,0.53336,1,0.0710144,0
0.455007,0.517448,0.834646,0.158508,0
0.455257,0.419044,0.496063,0.201299,0
0.455507,0.24203,0.307087,0.197104,0
0.455757,0.0112441,0.377953,0.156398,0
0.456007,-0.23328,0.685039,0.0839528,0
0.456257,-0.446218,1,0.0224588,0
0.456507,-0.589298,1,-0.0252732,0
0.456757,-0.640993,1,-0.0301807,0
0.457007,-0.601788,1,0.0109887,0
0.457257,-0.492715,0.834646,0.0825068,0
0.457507,-0.34811,-0.0314961,0.152309,0
0.457757,-0.204673,-1,0.19973,0
0.458007,-0.0906747,-1,0.1995,0
0.458257,-0.0181116,-1,0.150851,0
0.458507,0.0192658,-1,0.0647883,0
0.458757,0.0418436,-1,-0.0607271,0
0.459007,0.0753439,-1,-0.170683,0
0.459257,0.140292,-0.614173,-0.234265,0
0.459507,0.243185,0.102362,-0.234901,0
0.459757,0.372452,0.574803,-0.172937,0
0.460007,0.500555,0.708661,-0.0847551,0
0.460258,0.591802,0.551181,0.0237415,0
0.460508,0.613175,0.244094,0.113726,0
0.460758,0.54518,-0.015748,0.163803,0
0.461008,0.388925,-0.0866142,0.173909,0
0.461258,0.167312,0.125984,0.130229,0
0.461508,-0.0802932,0.614173,0.0665003,0
0.461758,-0.308272,1,-0.0114725,0
0.462008,-0.476771,1,-0.0608003,0
0.462258,-0.561972,1,-0.0696407,0
0.462508,-0.561533,1,-0.0303859,0
0.462758,-0.493427,1,0.0286142,0
0.463008,-0.389024,0.645669,0.106557,0
0.463258,-0.282374,-0.401575,0.154987,0
0.463508,-0.199326,-1,0.157984,0
0.463758,-0.149906,-1,0.122276,0
0.464008,-0.126359,-1,0.0510243,0
0.464258,-0.107328,-1,-0.0473973,0
0.464508,-0.0666091,-1,-0.138564,0
0.464758,0.0158839,-0.866142,-0.191958,0
0.465008,0.145575,-0.244094,-0.191361,0
0.465258,0.308976,0.141732,-0.136137,0
0.465508,0.476019,0.212598,-0.0430741,0
0.465758,0.607956,0.023622,0.0551855,0
0.466008,0.66868,-0.283465,0.13287,0
0.466258,0.635677,-0.519685,0.155216,0
0.466508,0.507463,-0.527559,0.143415,0
0.466758,0.305031,-0.204724,0.0780551,0
0.467008,0.0664929,0.417323,-0.0215502,0
0.467258,-0.163013,1,-0.11622,0
0.467508,-0.343401,1,-0.178182,0
0.467758,-0.450048,1,-0.195406,0
0.468008,-0.479145,1,-0.156821,0
0.468258,-0.446779,1,-0.0789041,0
0.468508,-0.381801,1,0.0214282,0
0.468758,-0.31547,0.015748,0.0996909,0
0.469008,-0.27057,-1,0.133086,0
0.469258,-0.254084,-1,0.112997,0
0.469508,-0.255522,-1,0.0644085,0
0.469758,-0.251269,-1,-0.0028691,0
0.470008,-0.214093,-1,-0.0750883,0
0.470258,-0.123629,-0.858268,-0.125024,0
0.470508,0.0245709,-0.307087,-0.114922,0
0.470758,0.215138,0.00787402,-0.0665,0
0.471008,0.415621,0.00787402,0.00281952,0
0.471258,0.584489,-0.23622,0.0798641,0
0.471508,0.682853,-0.598425,0.133422,0
0.471758,0.685751,-0.866142,0.140763,0
0.472008,0.58964,-0.866142,0.101632,0
0.472258,0.413686,-0.511811,0.0210933,0
0.472508,0.194543,0.165354,-0.0838588,0
0.472758,-0.0238875,1,-0.175699,0
0.473008,-0.202583,1,-0.248545,0
0.473258,-0.317543,1,-0.261546,0
0.473508,-0.365084,1,-0.209292,0
0.473758,-0.360523,1,-0.124983,0
0.474008,-0.331016,1,-0.015301,0
0.474258,-0.305089,0.244094,0.0770706,0
0.474508,-0.302006,-0.755906,0.121427,0
0.474758,-0.324844,-1,0.11549,0
0.475008,-0.359343,-1,0.0729554,0
0.475258,-0.37897,-1,0.00647275,0
0.475508,-0.354492,-1,-0.0605477,0
0.475758,-0.265121,-0.653543,-0.0988136,0
0.476008,-0.107212,-0.165354,-0.0991388,0
0.476258,0.10223,0.0629921,-0.0636597,0
0.476508,0.328395,-0.015748,0.0004848,0
0.476758,0.527416,-0.370079,0.0760309,0
0.477008,0.658405,-0.818898,0.114603,0
0.477258,0.694694,-1,0.129591,0
0.477508,0.631378,-1,0.0859403,0
0.477758,0.486278,-0.826772,0.0134911,0
0.478008,0.294527,-0.110236,-0.0895973,0
0.478258,0.0980946,0.80315,-0.175721,0
0.478508,-0.0661792,1,-0.230594,0
0.478758,-0.176472,1,-0.24062,0
0.479008,-0.230635,1,-0.190633,0
0.479258,-0.244525,1,-0.0946955,0
0.479508,-0.244356,1,0.000232024,0
0.479758,-0.256176,0.401575,0.0805877,0
0.480008,-0.295373,-0.543307,0.118194,0
0.480258,-0.360578,-1,0.10272,0
0.480508,-0.433022,-1,0.0446625,0
0.480758,-0.482524,-1,-0.0236657,0
0.481008,-0.477669,-0.913386,-0.0930916,0
0.481258,-0.397005,-0.377953,-0.136077,0
0.481508,-0.237549,0.023622,-0.134418,0
0.481759,-0.0180801,0.15748,-0.0938884,0
0.482009,0.224566,-0.0472441,-0.0251111,0
0.482259,0.444895,-0.511811,0.0444149,0
0.482509,0.600816,-1,0.101177,0
0.482759,0.665067,-1,0.122108,0
0.483009,0.632292,-1,0.093394,0
0.483259,0.519628,-1,0.0231482,0
0.483509,0.360713,-0.370079,-0.0626231,0
0.483759,0.195069,0.606299,-0.13366,0
0.484009,0.0562754,1,-0.173154,0
0.484259,-0.0373547,1,-0.173443,0
0.484509,-0.0867124,1,-0.11794,0
0.484759,-0.109378,1,-0.0371291,0
0.485009,-0.13132,1,0.0520022,0
0.485259,-0.176275,0.519685,0.109158,0
0.485509,-0.255735,-0.354331,0.119178,0
0.485759,-0.363262,-0.968504,0.0863861,0
0.486009,-0.475234,-1,0.01003,0
0.486259,-0.557517,-1,-0.0721794,0
0.486509,-0.576393,-0.590551,-0.146433,0
0.486759,-0.509823,-0.102362,-0.180789,0
0.487009,-0.355849,0.204724,-0.180625,0
0.487259,-0.134932,0.212598,-0.136066,0
0.487509,0.114537,-0.11811,-0.053552,0
0.487759,0.345957,-0.700787,0.0250401,0
0.488009,0.51727,-1,0.085115,0
0.488259,0.601809,-1,0.108797,0
0.488509,0.594956,-1,0.0924908,0
0.488759,0.513856,-1,0.042006,0
0.489009,0.390848,-0.598425,-0.0393171,0
0.489259,0.26254,0.433071,-0.093396,0
0.489509,0.158247,1,-0.119827,0
0.489759,0.0914819,1,-0.103318,0
0.490009,0.057016,1,-0.0439102,0
0.490259,0.0346592,1,0.0278736,0
0.490509,-0.00201287,1,0.107334,0
0.490759,-0.0746256,0.622047,0.145122,0
0.491009,-0.190394,-0.173228,0.133505,0
0.491259,-0.337675,-0.708661,0.0676824,0
0.491509,-0.487708,-0.858268,-0.0164464,0
0.491759,-0.602466,-0.653543,-0.11358,0
0.492009,-0.646182,-0.228346,-0.190384,0
0.492259,-0.596788,0.181102,-0.217697,0
0.492509,-0.453651,0.385827,-0.203481,0
0.492759,-0.238939,0.251969,-0.142884,0
0.493009,0.00760851,-0.220472,-0.0613434,0
0.493259,0.239356,-0.92126,0.0284224,0
0.493509,0.415439,-1,0.104264,0
0.493759,0.511209,-1,0.128747,0
0.494009,0.524022,-1,0.106975,0
0.494259,0.471837,-1,0.0523642,0
0.494509,0.385853,-0.787402,-0.0173723,0
0.494759,0.299273,0.299213,-0.0743903,0
0.495009,0.236235,1,-0.0820353,0
0.495259,0.204297,1,-0.0572181,0
0.495509,0.192889,1,-0.00573925,0
0.495759,0.178316,1,0.0744392,0
0.496009,0.133483,1,0.136995,0
0.496259,0.0390194,0.685039,0.160747,0
0.496509,-0.107971,-0.023622,0.129623,0
0.496759,-0.290353,-0.456693,0.0654281,0
0.497009,-0.474273,-0.519685,-0.0358122,0
0.497259,-0.618223,-0.259843,-0.126226,0
0.497509,-0.685146,0.149606,-0.19422,0
0.497759,-0.653635,0.496063,-0.209079,0
0.498009,-0.524879,0.582677,-0.178493,0
0.498259,-0.323042,0.291339,-0.107063,0
0.498509,-0.0885765,-0.322835,-0.0118331,0
0.498759,0.132767,-1,0.0812905,0
0.499009,0.302671,-1,0.138637,0
0.499259,0.400122,-1,0.155096,0
0.499509,0.425558,-1,0.125851,0
0.499759,0.398616,-1,0.0539668,0
0.500009,0.349269,-0.905512,-0.0208797,0.19293
0.500259,0.306892,0.220472,-0.0787422,0.19293
0.500509,0.289549,1,-0.0818531,0.19293
0.500759,0.297841,1,-0.0523075,0.19293
0.501009,0.31509,1,0.00906723,0.19293
0.501259,0.313764,1,0.0841191,0.19293
0.501509,0.266108,1,0.138866,0.19293
0.501759,0.155165,0.629921,0.158283,0.19293
0.502009,-0.0171682,0.0314961,0.132925,0.19293
0.502259,-0.228329,-0.259843,0.0563515,0.19293
0.502509,-0.439746,-0.204724,-0.0328173,0.19293
0.502759,-0.607241,0.125984,-0.112593,0.19293
0.503009,-0.693383,0.559055,-0.164596,0.19293
0.503259,-0.678445,0.858268,-0.172872,0.19293
0.503509,-0.56621,0.826772,-0.128003,0.19293
0.503759,-0.382788,0.401575,-0.0490893,0.19293
0.504009,-0.16891,-0.362205,0.0471707,0.19293
0.504259,0.0317242,-1,0.129951,0.19293
0.504509,0.185091,-1,0.171603,0.19293
0.504759,0.275006,-1,0.175849,0.19293
0.505009,0.30633,-1,0.116404,0.19293
0.505259,0.30056,-1,0.04233,0.19293
0.505509,0.286624,-0.968504,-0.0408528,0.19293
0.505759,0.289302,0.149606,-0.0932234,0.19293
0.506009,0.319782,1,-0.0860934,0.19293
0.506259,0.371004,1,-0.0444263,0.19293
0.506509,0.419763,1,0.0235685,0.19293
0.506759,0.434783,1,0.0928751,0.19293
0.507009,0.387955,1,0.142483,0.19293
0.507259,0.265333,0.464567,0.160596,0.19293
0.507509,0.073755,0.00787402,0.126007,0.19293
0.507759,-0.158755,-0.110236,0.0563095,0.19293
0.508009,-0.389579,0.0944882,-0.0307004,0.19293
0.508259,-0.572915,0.527559,-0.0926202,0.19293
0.508509,-0.672334,0.984252,-0.132869,0.19293
0.508759,-0.671093,1,-0.121192,0.19293
0.509009,-0.576221,1,-0.0647243,0.19293
0.509259,-0.415832,0.527559,0.0151043,0.19293
0.509509,-0.230196,-0.362205,0.102834,0.19293
0.509759,-0.0594382,-1,0.1729,0.19293
0.510009,0.0678388,-1,0.19128,0.19293
0.510259,0.142015,-1,0.170287,0.19293
0.510509,0.173073,-1,0.0924468,0.19293
0.510759,0.184805,-1,0.0031495,0.19293
0.511009,0.204619,-0.968504,-0.0805188,0.19293
0.511259,0.25195,0.102362,-0.112915,0.19293
0.511509,0.330315,1,-0.108459,0.19293
0.511759,0.424484,1,-0.0455464,0.19293
0.512008,0.504764,1,0.0279762,0.19293
0.512258,0.53656,1,0.0981643,0.19293
0.512508,0.492292,0.716535,0.148621,0.19293
0.512758,0.361691,0.204724,0.161313,0.19293
0.513008,0.157122,-0.0708661,0.127633,0.19293
0.513258,-0.0883961,0,0.0660834,0.19293
0.513508,-0.329105,0.377953,-0.0057797,0.19293
0.513758,-0.519056,0.929134,-0.068097,0.19293
0.514008,-0.624548,1,-0.0935252,0.19293
0.514258,-0.633028,1,-0.0755276,0.19293
0.514508,-0.555565,1,-0.0146019,0.19293
0.514758,-0.422098,0.669291,0.0652904,0.19293
0.515008,-0.271387,-0.322835,0.137895,0.19293
0.515258,-0.138749,-1,0.18284,0.19293
0.515508,-0.0455048,-1,0.170669,0.19293
0.515758,0.00639402,-1,0.116229,0.19293
0.516008,0.0326012,-1,0.027535,0.19293
0.516258,0.0591308,-1,-0.0705421,0.19293
0.516508,0.110968,-0.92126,-0.135383,0.19293
0.516758,0.201498,0.0472441,-0.163257,0.19293
0.517008,0.325765,0.811024,-0.127794,0.19293
0.517258,0.460202,1,-0.0472428,0.19293
0.517508,0.569112,1,0.0421343,0.19293
0.517758,0.615623,0.755906,0.113805,0.19293
0.518008,0.573892,0.267717,0.160807,0.19293
0.518258,0.438333,-0.0944882,0.165846,0.19293
0.518508,0.226992,-0.165354,0.135017,0.19293
0.518758,-0.0224286,0.11811,0.0742489,0.19293
0.519008,-0.262529,0.692913,0.00469804,0.19293
0.519258,-0.449083,1,-0.0476558,0.19293
0.519508,-0.552881,1,-0.0607617,0.19293
0.519758,-0.567043,1,-0.0369653,0.19293
0.520008,-0.50698,1,0.0258971,0.19293
0.520258,-0.404013,0.80315,0.0961492,0.19293
0.520508,-0.29423,-0.267717,0.142984,0.19293
0.520758,-0.206328,-1,0.157667,0.19293
0.521008,-0.152911,-1,0.119025,0.19293
0.521258,-0.127593,-1,0.0422311,0.19293
0.521508,-0.108657,-1,-0.0505764,0.19293
0.521758,-0.068787,-1,-0.139555,0.19293
0.522008,0.0136871,-0.834646,-0.184512,0.19293
0.522258,0.144938,0,-0.183721,0.19293
0.522508,0.311046,0.582677,-0.123229,0.19293
0.522758,0.480457,0.771654,-0.0244747,0.19293
0.523008,0.612449,0.590551,0.0744621,0.19293
0.523258,0.669477,0.188976,0.148181,0.19293
0.523508,0.628982,-0.220472,0.181778,0.19293
0.523758,0.491068,-0.409449,0.165792,0.19293
0.524008,0.279643,-0.244094,0.117155,0.19293
0.524258,0.0359395,0.267717,0.0445017,0.19293
0.524508,-0.192651,1,-0.0290881,0.19293
0.524758,-0.365737,1,-0.0804312,0.19293
0.525008,-0.460596,1,-0.0893076,0.19293
0.525258,-0.476923,1,-0.0556276,0.19293
0.525508,-0.434792,1,0.0171042,0.19293
0.525757,-0.365966,0.866142,0.0865306,0.19293
0.526007,-0.302098,-0.267717,0.120081,0.19293
0.526257,-0.26373,-1,0.113976,0.19293
0.526507,-0.253538,-1,0.0640166,0.19293
0.526757,-0.256092,-1,-0.00399866,0.19293
0.527007,-0.244548,-1,-0.0925017,0.19293
0.527257,-0.191242,-1,-0.16386,0.19293
0.527507,-0.0794281,-0.692913,-0.180802,0.19293
0.527757,0.0889219,-0.015748,-0.149751,0.19293
0.528007,0.290797,0.354331,-0.0728559,0.19293
0.528257,0.487351,0.354331,0.0248447,0.19293
0.528507,0.634664,0.0551181,0.110334,0.19293
0.528757,0.696458,-0.362205,0.160029,0.19293
0.529007,0.655217,-0.669291,0.167996,0.19293
0.529257,0.51772,-0.669291,0.124131,0.19293
0.529507,0.3133,-0.283465,0.0469298,0.19293
0.529757,0.0854352,0.440945,-0.0445286,0.19293
0.530007,-0.1207,1,-0.117159,0.19293
0.530257,-0.270985,1,-0.150701,0.19293
0.530507,-0.350811,1,-0.139633,0.19293
0.530757,-0.367429,1,-0.0912365,0.19293
0.531007,-0.344883,1,-0.00817868,0.19293
0.531257,-0.313867,0.80315,0.0673784,0.19293
0.531507,-0.299894,-0.338583,0.103759,0.19293
0.531757,-0.313592,-1,0.090861,0.19293
0.532007,-0.346845,-1,0.0322238,0.19293
0.532257,-0.37568,-1,-0.0309891,0.19293
0.532507,-0.369121,-1,-0.103497,0.19293
0.532757,-0.30114,-1,-0.148378,0.19293
0.533007,-0.161361,-0.464567,-0.148126,0.19293
0.533257,0.0391134,0.00787402,-0.101027,0.19293
0.533507,0.268425,0.15748,-0.0227565,0.19293
0.533757,0.482182,-0.0314961,0.0655764,0.19293
0.534007,0.635369,-0.448819,0.131283,0.19293
0.534257,0.69546,-0.874016,0.154005,0.19293
0.534507,0.651766,-1,0.129216,0.19293
0.534757,0.518182,-0.874016,0.0609517,0.19293
0.535007,0.32875,-0.275591,-0.040913,0.19293
0.535257,0.127157,0.614173,-0.129358,0.19293
0.535507,-0.0463988,1,-0.187071,0.19293
0.535757,-0.16617,1,-0.212199,0.19293
0.536007,-0.2272,1,-0.173524,0.19293
0.536257,-0.24427,1,-0.0932394,0.19293
0.536507,-0.244278,1,-0.00368195,0.19293
0.536757,-0.254843,0.645669,0.0701701,0.19293
0.537007,-0.293205,-0.440945,0.0991471,0.19293
0.537257,-0.358774,-1,0.0748409,0.19293
0.537507,-0.432484,-1,0.0236006,0.19293
0.537757,-0.482752,-1,-0.0473047,0.19293
0.538007,-0.476682,-1,-0.107968,0.19293
0.538257,-0.392009,-0.708661,-0.13458,0.19293
0.538507,-0.226388,-0.181102,-0.117468,0.19293
0.538757,-0.00062729,0.0629921,-0.0588767,0.19293
0.539007,0.245892,-0.023622,0.0206004,0.19293
0.539257,0.46506,-0.417323,0.0812257,0.19293
0.539506,0.61389,-0.929134,0.126409,0.19293
0.539756,0.666145,-1,0.119845,0.19293
0.540006,0.619404,-1,0.0643295,0.19293
0.540256,0.494704,-1,-0.0190329,0.19293
0.540506,0.329132,-0.212598,-0.109449,0.19293
0.540756,0.163857,0.795276,-0.184481,0.19293
0.541006,0.0316426,1,-0.225153,0.19293
0.541256,-0.0525386,1,-0.203627,0.19293
0.541506,-0.0940025,1,-0.140425,0.19293
0.541756,-0.114211,1,-0.0393157,0.19293
0.542006,-0.140961,1,0.0528418,0.19293
0.542256,-0.196453,0.417323,0.114187,0.19293
0.542506,-0.287556,-0.535433,0.115913,0.19293
0.542756,-0.401585,-1,0.0730982,0.19293
0.543006,-0.509181,-1,0.00358621,0.19293
0.543256,-0.573298,-1,-0.0675408,0.19293
0.543506,-0.561684,-0.740157,-0.111543,0.19293
0.543756,-0.458435,-0.228346,-0.129217,0.19293
0.544006,-0.27069,0.0944882,-0.102508,0.19293
0.544256,-0.0284698,0.0787402,-0.0406881,0.19293
0.544506,0.222768,-0.267717,0.0160321,0.19293
0.544756,0.434725,-0.84252,0.0773299,0.19293
0.545006,0.569359,-1,0.0881226,0.19293
0.545256,0.609226,-1,0.0647298,0.19293
0.545506,0.56099,-1,0.00584062,0.19293
0.545756,0.451892,-1,-0.0742258,0.19293
0.546006,0.319637,-0.11811,-0.150063,0.19293
0.546256,0.19994,0.952756,-0.200511,0.19293
0.546506,0.115153,1,-0.191181,0.19293
0.546756,0.0682288,1,-0.130771,0.19293
0.547006,0.043656,1,-0.050194,0.19293
0.547256,0.0150426,1,0.0569468,0.19293
0.547506,-0.0435275,1,0.127951,0.19293
0.547756,-0.146082,0.204724,0.155783,0.19293
0.548006,-0.287464,-0.559055,0.128724,0.19293
0.548256,-0.442925,-0.968504,0.0557466,0.19293
0.548506,-0.574539,-0.96063,-0.0290496,0.19293
0.548756,-0.642755,-0.614173,-0.0954526,0.19293
0.549006,-0.619242,-0.141732,-0.136251,0.19293
0.549256,-0.496826,0.220472,-0.135555,0.19293
0.549506,-0.292883,0.291339,-0.0964856,0.19293
0.549756,-0.0456087,0,-0.0386369,0.19293
0.550006,0.196726,-0.590551,0.0268596,0.19293
0.550256,0.388887,-1,0.0685084,0.19293
0.550506,0.501247,-1,0.0819495,0.19293
0.550756,0.52689,-1,0.0412848,0.19293
0.551006,0.481555,-1,-0.0250976,0.19293
0.551256,0.39659,-1,-0.101278,0.19293
0.551506,0.30726,0.0393701,-0.145842,0.19293
0.551756,0.24037,1,-0.154328,0.19293
0.552006,0.20564,1,-0.110636,0.19293
0.552256,0.193347,1,-0.0449124,0.19293
0.552506,0.179223,1,0.0473969,0.19293
0.552756,0.134913,1,0.131138,0.19293
0.553006,0.0395904,0.811024,0.173591,0.19293
0.553255,-0.109907,0.023622,0.153503,0.19293
0.553505,-0.295558,-0.488189,0.0958274,0.19293
0.553755,-0.48166,-0.629921,-0.00307624,0.19293
0.554005,-0.624689,-0.409449,-0.0842499,0.19293
0.554255,-0.686347,0.00787402,-0.141553,0.19293
0.554505,-0.64564,0.401575,-0.161994,0.19293
0.554755,-0.505984,0.559055,-0.129374,0.19293
0.555005,-0.294791,0.346457,-0.0653696,0.19293
0.555255,-0.0557426,-0.220472,0.0153285,0.19293
0.555505,0.1635,-1,0.0840446,0.19293
0.555755,0.324923,-1,0.124753,0.19293
0.556005,0.410068,-1,0.12113,0.19293
0.556255,0.423452,-1,0.0644367,0.19293
0.556505,0.388526,-1,-0.0120554,0.19293
0.556755,0.337671,-0.818898,-0.0859793,0.19293
0.557005,0.299797,0.291339,-0.121136,0.19293
0.557255,0.289678,1,-0.106095,0.19293
0.557505,0.302933,1,-0.0507235,0.19293
0.557755,0.317972,1,0.0219384,0.19293
0.558005,0.304735,1,0.0932789,0.19293
0.558255,0.236431,1,0.144145,0.19293
0.558505,0.10112,0.456693,0.151403,0.19293
0.558755,-0.0917408,-0.102362,0.0991138,0.19293
0.559005,-0.311551,-0.346457,0.0180852,0.19293
0.559255,-0.514166,-0.228346,-0.0654077,0.19293
0.559505,-0.654464,0.149606,-0.139118,0.19293
0.559755,-0.699673,0.582677,-0.162686,0.19293
0.560005,-0.639198,0.84252,-0.136604,0.19293
0.560255,-0.487872,0.748031,-0.0776341,0.19293
0.560505,-0.281312,0.251969,0.0169216,0.19293
0.560755,-0.065382,-0.543307,0.100744,0.19293
0.561005,0.117624,-1,0.165378,0.19293
0.561255,0.2406,-1,0.176814,0.19293
0.561505,0.298214,-1,0.147797,0.19293
0.561755,0.305837,-1,0.0787019,0.19293
0.562005,0.291707,-1,-0.00496149,0.19293
0.562255,0.285104,-0.488189,-0.0765222,0.19293
0.562505,0.304581,0.582677,-0.088609,0.19293
0.562755,0.350529,1,-0.0640645,0.19293
0.563005,0.404432,1,-0.000893915,0.19293
0.563255,0.435373,1,0.067519,0.19293
0.563505,0.41129,1,0.122837,0.19293
0.563755,0.311587,0.708661,0.145723,0.19293
0.564005,0.136063,0.133858,0.116127,0.19293
0.564255,-0.0921183,-0.165354,0.0455012,0.19293
0.564505,-0.331805,-0.11811,-0.0404994,0.19293
0.564755,-0.534402,0.228346,-0.11265,0.19293
0.565005,-0.658141,0.708661,-0.157399,0.19293
0.565255,-0.679836,1,-0.13976,0.19293
0.565505,-0.601346,1,-0.0858222,0.19293
0.565755,-0.448104,0.76378,0.000275105,0.19293
0.566005,-0.260903,0.023622,0.10119,0.19293
0.566255,-0.0827045,-0.92126,0.169474,0.19293
0.566505,0.0539197,-1,0.209377,0.19293
0.566755,0.135882,-1,0.191914,0.19293
0.567005,0.171272,-1,0.127692,0.19293
0.567254,0.183892,-1,0.0429633,0.19293
0.567504,0.202539,-1,-0.0383082,0.19293
0.567754,0.248617,-0.110236,-0.0884304,0.19293
0.568004,0.327015,0.818898,-0.085089,0.19293
0.568254,0.422546,1,-0.0326068,0.19293
0.568504,0.504481,1,0.0299796,0.19293
0.568754,0.536515,1,0.0888062,0.19293
0.569004,0.489859,0.771654,0.123755,0.19293
0.569254,0.354142,0.228346,0.113757,0.19293
0.569504,0.143182,-0.102362,0.0730928,0.19293
0.569754,-0.10744,-0.102362,-0.00305445,0.19293
0.570004,-0.349297,0.220472,-0.0809548,0.19293
0.570254,-0.534926,0.740157,-0.123371,0.19293
0.570504,-0.630867,1,-0.131063,0.19293
0.570754,-0.626844,1,-0.0816434,0.19293
0.571004,-0.537477,1,-0.0113686,0.19293
0.571254,-0.396281,0.637795,0.0874232,0.19293
0.571504,-0.244186,-0.283465,0.167489,0.19293
0.571754,-0.116186,-1,0.209541,0.19293
0.572004,-0.0308444,-1,0.190422,0.19293
0.572254,0.0140481,-1,0.136859,0.19293
0.572504,0.0381753,-1,0.0515546,0.19293
0.572754,0.0697361,-1,-0.0398021,0.19293
0.573004,0.132619,-0.700787,-0.0993518,0.19293
0.573254,0.236042,0.228346,-0.114526,0.19293
0.573504,0.36874,0.92126,-0.0711376,0.19293
0.573754,0.501164,1,0.00174994,0.19293
0.574004,0.594079,1,0.0742612,0.19293
0.574254,0.611421,0.677165,0.120622,0.19293
0.574504,0.532871,0.181102,0.133814,0.19293
0.574754,0.361806,-0.15748,0.108731,0.19293
0.575004,0.126018,-0.181102,0.0445137,0.19293
0.575254,-0.129332,0.125984,-0.0225312,0.19293
0.575504,-0.354348,0.692913,-0.0823772,0.19293
0.575754,-0.508189,1,-0.102117,0.19293
0.576004,-0.57035,1,-0.0792344,0.19293
0.576254,-0.545018,1,-0.0212766,0.19293
0.576504,-0.457618,1,0.0621863,0.19293
0.576754,-0.345115,0.362205,0.138742,0.19293
0.577004,-0.242704,-0.661417,0.17476,0.19293
0.577254,-0.172305,-1,0.16853,0.19293
0.577504,-0.136087,-1,0.120611,0.19293
0.577754,-0.117396,-1,0.0293657,0.19293
0.578004,-0.0886521,-1,-0.0619102,0.19293
0.578254,-0.0233863,-1,-0.126172,0.19293
0.578504,0.0920956,-0.283465,-0.142114,0.19293
0.578754,0.251106,0.433071,-0.114315,0.19293
0.579004,0.426466,0.818898,-0.0337611,0.19293
0.579254,0.577384,0.811024,0.0463526,0.19293
0.579504,0.662027,0.480315,0.114436,0.19293
0.579754,0.650782,0.0314961,0.146837,0.19293
0.580004,0.536469,-0.307087,0.139971,0.19293
0.580254,0.337597,-0.362205,0.0870672,0.19293
0.580504,0.0936241,-0.0551181,0.0103359,0.19293
0.580754,-0.146116,0.535433,-0.0606445,0.19293
0.581003,-0.336493,1,-0.100946,0.19293
0.581253,-0.449084,1,-0.105596,0.19293
0.581503,-0.479035,1,-0.0597198,0.19293
0.581753,-0.443948,1,0.00797243,0.19293
0.582003,-0.375914,0.992126,0.084888,0.19293
0.582253,-0.308855,-0.00787402,0.140301,0.19293
0.582503,-0.266387,-1,0.139873,0.19293
0.582753,-0.253557,-1,0.098033,0.19293
0.583003,-0.256002,-1,0.0246515,0.19293
0.583253,-0.246153,-1,-0.0663913,0.19293
0.583503,-0.194758,-1,-0.130419,0.19293
0.583753,-0.0833253,-0.661417,-0.152474,0.19293
0.584003,0.0867078,0.0314961,-0.130511,0.19293
0.584253,0.291685,0.456693,-0.0588783,0.19293
0.584503,0.490956,0.519685,0.0349033,0.19293
0.584753,0.638537,0.259843,0.113866,0.19293
0.585003,0.696901,-0.149606,0.154216,0.19293
0.585253,0.648707,-0.503937,0.154374,0.19293
0.585503,0.5026,-0.598425,0.103299,0.19293
0.585753,0.29084,-0.322835,0.0213508,0.19293
0.586003,0.0596702,0.275591,-0.0626972,0.19293
0.586253,-0.144224,1,-0.122893,0.19293
0.586503,-0.28727,1,-0.146001,0.19293
0.586753,-0.357403,1,-0.113539,0.19293
0.587003,-0.365386,1,-0.048455,0.19293
0.587253,-0.338543,1,0.0338757,0.19293
0.587503,-0.308866,0.574803,0.0933486,0.19293
0.587753,-0.300569,-0.456693,0.121295,0.19293
0.588003,-0.320585,-1,0.0926294,0.19293
0.588253,-0.355971,-1,0.0261868,0.19293
0.588503,-0.378713,-1,-0.0505459,0.19293
0.588753,-0.356521,-1,-0.120251,0.19293
0.589003,-0.265807,-0.858268,-0.155879,0.19293
0.589253,-0.102132,-0.220472,-0.136054,0.19293
0.589503,0.115589,0.19685,-0.0682591,0.19293
0.589753,0.348479,0.291339,0.0242152,0.19293
0.590003,0.548113,0.0551181,0.0955617,0.19293
0.590253,0.670748,-0.354331,0.151211,0.19293
0.590503,0.690112,-0.740157,0.151102,0.19293
0.590753,0.605257,-0.88189,0.101558,0.19293
0.591003,0.440357,-0.653543,0.0231292,0.19293
0.591253,0.236906,-0.0472441,-0.0664937,0.19293
0.591503,0.0408228,0.771654,-0.138856,0.19293
0.591753,-0.11161,1,-0.180316,0.19293
0.592003,-0.203371,1,-0.165336,0.19293
0.592253,-0.239956,1,-0.103502,0.19293
0.592503,-0.244507,1,-0.0177178,0.19293
0.592753,-0.247236,1,0.0526878,0.19293
0.593003,-0.272519,0.0708661,0.0967141,0.19293
0.593253,-0.328552,-0.850394,0.0903029,0.19293
0.593503,-0.40333,-1,0.0313374,0.19293
0.593753,-0.468065,-1,-0.0404829,0.19293
0.594003,-0.487338,-1,-0.101289,0.19293
0.594253,-0.432146,-0.897638,-0.136146,0.19293
0.594503,-0.291666,-0.330709,-0.129127,0.19293
0.594752,-0.0791933,0.0708661,-0.0760066,0.19293
0.595002,0.169519,0.165354,0.0100576,0.19293
0.595252,0.405716,-0.0551181,0.086759,0.19293
0.595502,0.581155,-0.496063,0.136417,0.19293
0.595752,0.662308,-0.937008,0.141884,0.19293
0.596002,0.639508,-1,0.0946121,0.19293
0.596252,0.528933,-1,0.0182151,0.19293
0.596502,0.366441,-0.448819,-0.0735863,0.19293
0.596752,0.195303,0.377953,-0.160609,0.19293
0.597002,0.0526794,1,-0.203966,0.19293
0.597252,-0.0416485,1,-0.195255,0.19293
0.597502,-0.0896416,1,-0.135752,0.19293
0.597752,-0.111633,1,-0.0547375,0.19293
0.598002,-0.136481,1,0.0275959,0.19293
0.598252,-0.18881,0.527559,0.0832171,0.19293
0.598502,-0.278012,-0.385827,0.0937011,0.19293
0.598752,-0.392845,-1,0.0474377,0.19293
0.599002,-0.503663,-1,-0.0191175,0.19293
0.599252,-0.57189,-1,-0.0855756,0.19293
0.599502,-0.563176,-0.795276,-0.129938,0.19293
0.599752,-0.460155,-0.283465,-0.13066,0.19293
0.600002,-0.269766,0.0787402,-0.0878505,0.107712
0.600252,-0.0233694,0.149606,-0.0184527,0.107712
0.600502,0.231318,-0.0944882,0.0570886,0.107712
0.600752,0.44384,-0.574803,0.111375,0.107712
0.601002,0.575092,-1,0.125805,0.107712
0.601252,0.608309,-1,0.0957679,0.107712
0.601502,0.552327,-1,0.0260201,0.107712
0.601752,0.437141,-0.88189,-0.070246,0.107712
0.602002,0.302651,-0.0629921,-0.153981,0.107712
0.602252,0.185052,0.88189,-0.193025,0.107712
0.602502,0.105196,1,-0.18985,0.107712
0.602752,0.062939,1,-0.13117,0.107712
0.603002,0.0393148,1,-0.0512443,0.107712
0.603252,0.00597955,1,0.0460814,0.107712
0.603502,-0.0626643,0.866142,0.101174,0.107712
0.603752,-0.177217,0.00787402,0.116435,0.107712
0.604002,-0.327424,-0.669291,0.0781531,0.107712
0.604252,-0.48292,-1,0.00380771,0.107712
0.604502,-0.602249,-0.952756,-0.075977,0.107712
0.604752,-0.646101,-0.598425,-0.124557,0.107712
0.605002,-0.590529,-0.149606,-0.136283,0.107712
0.605252,-0.435953,0.173228,-0.104599,0.107712
0.605502,-0.208575,0.228346,-0.036826,0.107712
0.605752,0.04656,-0.0472441,0.0288627,0.107712
0.606002,0.278296,-0.574803,0.0892427,0.107712
0.606252,0.444178,-1,0.117676,0.107712
0.606502,0.521978,-1,0.0924389,0.107712
0.606752,0.51446,-1,0.0340132,0.107712
0.607002,0.446406,-1,-0.0561954,0.107712
0.607252,0.353968,-0.496063,-0.128974,0.107712
0.607502,0.271497,0.448819,-0.169056,0.107712
0.607752,0.219413,1,-0.166819,0.107712
0.608002,0.197857,1,-0.109279,0.107712
0.608252,0.187986,1,-0.0180645,0.107712
0.608501,0.160677,1,0.0689309,0.107712
0.608751,0.088881,1,0.131881,0.107712
0.609001,-0.0398895,0.307087,0.138281,0.107712
0.609251,-0.216513,-0.330709,0.0975951,0.107712
0.609501,-0.410491,-0.677165,0.0162458,0.107712
0.609751,-0.577933,-0.653543,-0.0672196,0.107712
0.610001,-0.675058,-0.354331,-0.129376,0.107712
0.610251,-0.671853,0.0472441,-0.144563,0.107712
0.610501,-0.562391,0.354331,-0.122997,0.107712
0.610751,-0.367341,0.370079,-0.0610101,0.107712
0.611001,-0.128078,0.0551181,0.0207768,0.107712
0.611251,0.105119,-0.519685,0.0975014,0.107712
0.611501,0.288286,-1,0.124787,0.107712
0.611751,0.395667,-1,0.120751,0.107712
0.612001,0.425719,-1,0.0661121,0.107712
0.612251,0.398921,-1,-0.0169822,0.107712
0.612501,0.348011,-0.889764,-0.0950215,0.107712
0.612751,0.305141,0.0393701,-0.144009,0.107712
0.613001,0.289375,0.968504,-0.138634,0.107712
0.613251,0.299945,1,-0.0922718,0.107712
0.613501,0.316811,1,-0.0102826,0.107712
0.613751,0.30916,1,0.0792413,0.107712
0.614001,0.247633,1,0.130301,0.107712
0.614251,0.117413,0.496063,0.152273,0.107712
0.614501,-0.074161,-0.0866142,0.103774,0.107712
0.614751,-0.296738,-0.401575,0.031482,0.107712
0.615001,-0.504842,-0.377953,-0.0558089,0.107712
0.615251,-0.650911,-0.0866142,-0.124775,0.107712
0.615501,-0.699815,0.307087,-0.145232,0.107712
0.615751,-0.639726,0.590551,-0.125813,0.107712
0.616001,-0.485825,0.590551,-0.0534796,0.107712
0.616251,-0.275477,0.244094,0.0245192,0.107712
0.616501,-0.0567363,-0.377953,0.104306,0.107712
0.616751,0.126497,-1,0.152603,0.107712
0.617001,0.246972,-1,0.148803,0.107712
0.617251,0.300553,-1,0.100064,0.107712
0.617501,0.304855,-1,0.0220342,0.107712
0.617751,0.290011,-1,-0.0589704,0.107712
0.618001,0.285998,-0.322835,-0.114005,0.107712
0.618251,0.310106,0.606299,-0.117432,0.107712
0.618501,0.359734,1,-0.0739095,0.107712
0.618751,0.412835,1,-0.00420294,0.107712
0.619001,0.435918,1,0.0743009,0.107712
0.619251,0.396683,1,0.129372,0.107712
0.619501,0.277476,0.543307,0.146776,0.107712
0.619751,0.0835456,0.0314961,0.105611,0.107712
0.620001,-0.155602,-0.228346,0.025917,0.107712
0.620251,-0.393624,-0.173228,-0.0603475,0.107712
0.620501,-0.580238,0.133858,-0.126182,0.107712
0.620751,-0.676127,0.543307,-0.148717,0.107712
0.621001,-0.664592,0.84252,-0.122432,0.107712
0.621251,-0.555889,0.84252,-0.0550456,0.107712
0.621501,-0.383246,0.488189,0.0437008,0.107712
0.621751,-0.19177,-0.173228,0.123419,0.107712
0.622001,-0.0238162,-0.976378,0.17704,0.107712
0.62225,0.093455,-1,0.178854,0.107712
0.6225,0.155208,-1,0.136322,0.107712
0.62275,0.177841,-1,0.054803,0.107712
0.623,0.189892,-1,-0.036896,0.107712
0.62325,0.219729,-0.622047,-0.0997255,0.107712
0.6235,0.282665,0.275591,-0.108515,0.107712
0.62375,0.373819,1,-0.0659642,0.107712
0.624,0.46841,1,0.00106097,0.107712
0.62425,0.52969,1,0.0731148,0.107712
0.6245,0.52217,0.984252,0.130291,0.107712
0.62475,0.424859,0.472441,0.135498,0.107712
0.625,0.240581,0.0314961,0.100313,0.107712
0.62525,-0.0024918,-0.15748,0.0263339,0.107712
0.6255,-0.257822,-0.0472441,-0.0513778,0.107712
0.62575,-0.47356,0.307087,-0.117143,0.107712
0.626,-0.607461,0.76378,-0.129685,0.107712
0.62625,-0.63917,1,-0.107189,0.107712
0.6265,-0.574958,1,-0.039551,0.107712
0.62675,-0.444315,0.755906,0.0475263,0.107712
0.627,-0.288965,0.0629921,0.134116,0.107712
0.62725,-0.148922,-0.771654,0.19015,0.107712
0.6275,-0.0494931,-1,0.192412,0.107712
0.62775,0.00554701,-1,0.139862,0.107712
0.628,0.0328037,-1,0.0601698,0.107712
0.62825,0.0605628,-1,-0.0250522,0.107712
0.6285,0.116148,-0.826772,-0.0954334,0.107712
0.62875,0.213117,0.00787402,-0.10656,0.107712
0.629,0.344137,0.708661,-0.0686687,0.107712
0.62925,0.481311,1,0.0050627,0.107712
0.6295,0.584408,1,0.0727377,0.107712
0.62975,0.614376,0.76378,0.131303,0.107712
0.63,0.546981,0.314961,0.135093,0.107712
0.63025,0.38249,-0.0472441,0.095663,0.107712
0.6305,0.147464,-0.173228,0.0346474,0.107712
0.63075,-0.1121,0,-0.047329,0.107712
0.631,-0.343801,0.433071,-0.111669,0.107712
0.63125,-0.503958,0.937008,-0.128031,0.107712
0.6315,-0.570003,1,-0.110255,0.107712
0.63175,-0.545431,1,-0.0358516,0.107712
0.632,-0.45674,1,0.0489179,0.107712
0.63225,-0.342419,0.322835,0.132623,0.107712
0.6325,-0.239228,-0.535433,0.186399,0.107712
0.63275,-0.169521,-1,0.183105,0.107712
0.633,-0.13451,-1,0.124935,0.107712
0.63325,-0.115773,-1,0.0416778,0.107712
0.6335,-0.0840954,-1,-0.0425275,0.107712
0.63375,-0.012499,-0.944882,-0.102385,0.107712
0.634,0.111063,-0.181102,-0.112159,0.107712
0.63425,0.276964,0.456693,-0.0706654,0.107712
0.6345,0.454005,0.795276,0.00358251,0.107712
0.63475,0.598485,0.779528,0.0804597,0.107712
0.635,0.667928,0.488189,0.131097,0.107712
0.63525,0.635106,0.0866142,0.13475,0.107712
0.6355,0.497866,-0.212598,0.104158,0.107712
0.63575,0.281162,-0.259843,0.0265496,0.107712
0.636,0.0297485,0,-0.0553391,0.107712
0.636249,-0.204402,0.496063,-0.121427,0.107712
0.636499,-0.377492,1,-0.148225,0.107712
0.636749,-0.466484,1,-0.119939,0.107712
0.636999,-0.473562,1,-0.0583116,0.107712
0.637249,-0.423139,1,0.0415832,0.107712
0.637499,-0.350831,0.574803,0.124823,0.107712
0.637749,-0.289801,-0.291339,0.163482,0.107712
0.637999,-0.258418,-1,0.152971,0.107712
0.638249,-0.254083,-1,0.0994424,0.107712
0.638499,-0.25524,-1,0.0179086,0.107712
0.638749,-0.230765,-1,-0.0606531,0.107712
0.638999,-0.15329,-0.968504,-0.117173,0.107712
0.639249,-0.0118559,-0.283465,-0.121033,0.107712
0.639499,0.181518,0.267717,-0.0732376,0.107712
0.639749,0.392652,0.551181,0.00342777,0.107712
0.639999,0.574498,0.503937,0.0838591,0.107712
0.640249,0.681665,0.212598,0.134432,0.107712
0.640499,0.684447,-0.15748,0.137602,0.107712
0.640749,0.578823,-0.417323,0.0972145,0.107712
0.640999,0.388048,-0.401575,0.0261236,0.107712
0.641249,0.155677,-0.0629921,-0.0636912,0.107712
0.641499,-0.0678235,0.496063,-0.130817,0.107712
0.641749,-0.24028,1,-0.159763,0.107712
0.641999,-0.339543,1,-0.132083,0.107712
0.642249,-0.368162,1,-0.0692916,0.107712
0.642499,-0.349586,1,0.0216739,0.107712
0.642749,-0.317078,0.771654,0.106946,0.107712
0.642999,-0.300039,-0.0787402,0.147129,0.107712
0.643249,-0.312126,-0.905512,0.130197,0.107712
0.643499,-0.345948,-1,0.0741622,0.107712
0.643749,-0.375755,-1,-0.00527454,0.107712
0.643999,-0.367815,-1,-0.0816009,0.107712
0.644249,-0.293773,-0.913386,-0.124486,0.107712
0.644499,-0.143525,-0.314961,-0.12751,0.107712
0.644749,0.0687047,0.141732,-0.0761259,0.107712
0.644999,0.305774,0.346457,0.0121279,0.107712
0.645249,0.518154,0.244094,0.0881566,0.107712
0.645499,0.657941,-0.0708661,0.14323,0.107712
0.645749,0.693968,-0.433071,0.140068,0.107712
0.645999,0.621085,-0.645669,0.0954679,0.107712
0.646249,0.461346,-0.566929,0.0165247,0.107712
0.646499,0.256654,-0.15748,-0.0754492,0.107712
0.646749,0.0552139,0.472441,-0.152429,0.107712
0.646999,-0.103543,1,-0.175922,0.107712
0.647249,-0.200273,1,-0.154489,0.107712
0.647499,-0.239385,1,-0.084987,0.107712
0.647749,-0.244522,1,0.00309716,0.107712
0.647999,-0.247208,0.92126,0.0903305,0.107712
0.648249,-0.273035,0.0866142,0.126588,0.107712
0.648499,-0.330482,-0.700787,0.106733,0.107712
0.648749,-0.406597,-1,0.0480373,0.107712
0.648999,-0.470816,-1,-0.0294125,0.107712
0.649249,-0.486087,-1,-0.0994747,0.107712
0.649499,-0.423052,-0.76378,-0.133442,0.107712
0.649749,-0.272352,-0.259843,-0.123917,0.107712
0.649998,-0.050315,0.102362,-0.0605291,0.107712
0.650248,0.2034,0.212598,0.0215169,0.107712
0.650498,0.437092,0.0314961,0.0965942,0.107712
0.650748,0.601778,-0.322835,0.151033,0.107712
0.650998,0.665736,-0.692913,0.145221,0.107712
0.651248,0.623755,-0.88189,0.0863691,0.107712
0.651498,0.497343,-0.748031,0.00301553,0.107712
0.651748,0.326699,-0.283465,-0.0890224,0.107712
0.651998,0.156972,0.401575,-0.162798,0.107712
0.652248,0.0233949,1,-0.182549,0.107712
0.652498,-0.0587956,1,-0.159517,0.107712
0.652748,-0.0974654,1,-0.0860529,0.107712
0.652998,-0.117592,1,0.00545038,0.107712
0.653248,-0.14936,0.984252,0.0734629,0.107712
0.653498,-0.214712,0.204724,0.112117,0.107712
0.653748,-0.316526,-0.527559,0.0890089,0.107712
0.653998,-0.435806,-1,0.0242622,0.107712
0.654248,-0.536798,-1,-0.0502407,0.107712
0.654498,-0.579099,-0.976378,-0.11461,0.107712
0.654748,-0.532387,-0.566929,-0.133443,0.107712
0.654998,-0.388221,-0.141732,-0.112052,0.107712
0.655248,-0.165088,0.11811,-0.0515216,0.107712
0.655498,0.0952321,0.11811,0.0366339,0.107712
0.655748,0.339862,-0.133858,0.104382,0.107712
0.655998,0.519712,-0.551181,0.147534,0.107712
0.656248,0.604105,-0.929134,0.136035,0.107712
0.656498,0.58893,-1,0.0693046,0.107712
0.656748,0.495688,-0.913386,-0.0145071,0.107712
0.656998,0.363085,-0.401575,-0.109071,0.107712
0.657248,0.232383,0.322835,-0.170966,0.107712
0.657498,0.13364,1,-0.187731,0.107712
0.657748,0.0763523,1,-0.148784,0.107712
0.657998,0.0480325,1,-0.0782263,0.107712
0.658248,0.0214358,1,0.011785,0.107712
0.658498,-0.0328507,0.992126,0.0786886,0.107712
0.658748,-0.132867,0.267717,0.102584,0.107712
0.658998,-0.275697,-0.393701,0.0815752,0.107712
0.659248,-0.43609,-0.811024,0.0101909,0.107712
0.659498,-0.573055,-0.905512,-0.0657033,0.107712
0.659748,-0.643159,-0.692913,-0.12016,0.107712
0.659998,-0.615536,-0.314961,-0.136762,0.107712
0.660248,-0.483173,0.0314961,-0.1072,0.107712
0.660498,-0.266758,0.188976,-0.0383894,0.107712
0.660748,-0.00967555,0.0787402,0.047182,0.107712
0.660998,0.234765,-0.275591,0.121231,0.107712
0.661248,0.418994,-0.748031,0.160155,0.107712
0.661498,0.51486,-1,0.140485,0.107712
0.661748,0.520593,-1,0.0709491,0.107712
0.661998,0.45868,-1,-0.0181434,0.107712
0.662248,0.366042,-0.503937,-0.108705,0.107712
0.662498,0.279611,0.251969,-0.167753,0.107712
0.662748,0.223051,1,-0.17625,0.107712
0.662998,0.198844,1,-0.127874,0.107712
0.663248,0.188902,1,-0.0420858,0.107712
0.663498,0.163057,1,0.0355155,0.107712
0.663747,0.0926853,0.929134,0.0964971,0.107712
0.663997,-0.0363045,0.275591,0.111675,0.107712
0.664247,-0.215044,-0.291339,0.0653344,0.107712
0.664497,-0.411917,-0.614173,-0.000275167,0.107712
0.664747,-0.581107,-0.629921,-0.0851922,0.107712
0.664997,-0.676875,-0.385827,-0.133764,0.107712
0.665247,-0.668633,-0.0393701,-0.138332,0.107712
0.665497,-0.551422,0.228346,-0.0959946,0.107712
0.665747,-0.348362,0.283465,-0.0169743,0.107712
0.665997,-0.104031,0.0551181,0.0714162,0.107712
0.666247,0.129185,-0.385827,0.145746,0.107712
0.666497,0.30672,-0.913386,0.168124,0.107712
0.666747,0.404531,-1,0.140771,0.107712
0.666997,0.424528,-1,0.0703306,0.107712
0.667247,0.390741,-1,-0.0224759,0.107712
0.667497,0.338439,-0.574803,-0.111653,0.107712
0.667747,0.299405,0.181102,-0.151083,0.107712
0.667997,0.289896,0.92126,-0.144182,0.107712
0.668247,0.304377,1,-0.0903419,0.107712
0.668497,0.318492,1,-0.0053348,0.107712
0.668747,0.299004,1,0.0728595,0.107712
0.668997,0.218082,0.818898,0.112173,0.107712
0.669247,0.0660151,0.23622,0.110089,0.107712
0.669497,-0.142182,-0.220472,0.0575823,0.107712
0.669747,-0.3688,-0.433071,-0.0202282,0.107712
0.669997,-0.563989,-0.362205,-0.100428,0.107712
0.670247,-0.680727,-0.0866142,-0.152499,0.107712
0.670497,-0.689932,0.23622,-0.14148,0.107712
0.670747,-0.589537,0.440945,-0.0859251,0.107712
0.670997,-0.405277,0.385827,0.000834259,0.107712
0.671247,-0.18233,0.0551181,0.0862933,0.107712
0.671497,0.0291017,-0.472441,0.157693,0.107712
0.671747,0.189125,-1,0.170216,0.107712
0.671997,0.279514,-1,0.135591,0.107712
0.672247,0.307075,-1,0.0604954,0.107712
0.672497,0.297836,-1,-0.029155,0.107712
0.672747,0.285118,-0.622047,-0.104463,0.107712
0.672997,0.294796,0.133858,-0.14299,0.107712
0.673247,0.334742,0.826772,-0.113265,0.107712
0.673497,0.390757,1,-0.0545172,0.107712
0.673747,0.431935,1,0.0318022,0.107712
0.673997,0.422095,1,0.100287,0.107712
0.674247,0.33497,0.653543,0.126518,0.107712
0.674497,0.165613,0.15748,0.106619,0.107712
0.674747,-0.0646039,-0.181102,0.0455977,0.107712
0.674997,-0.312623,-0.275591,-0.0413147,0.107712
0.675247,-0.525436,-0.110236,-0.1209,0.107712
0.675497,-0.656522,0.19685,-0.159383,0.107712
0.675747,-0.679535,0.503937,-0.135543,0.107712
0.675997,-0.596305,0.629921,-0.0704539,0.107712
0.676247,-0.435312,0.480315,0.0142093,0.107712
0.676497,-0.241512,0.0472441,0.10557,0.107712
0.676747,-0.061519,-0.551181,0.163291,0.107712
0.676997,0.0712413,-1,0.17718,0.107712
0.677247,0.145881,-1,0.132278,0.107712
0.677496,0.175075,-1,0.0491165,0.107712
0.677746,0.187028,-1,-0.0387059,0.107712
0.677996,0.212402,-0.606299,-0.110864,0.107712
0.678246,0.270474,0.11811,-0.121307,0.107712
0.678496,0.359872,0.755906,-0.0879636,0.107712
0.678746,0.457396,1,-0.00826643,0.107712
0.678996,0.525687,1,0.0724358,0.107712
0.679246,0.526676,0.88189,0.130171,0.107712
0.679496,0.436342,0.456693,0.143193,0.107712
0.679746,0.255201,0.0551181,0.100754,0.107712
0.679996,0.0109005,-0.165354,0.0302757,0.107712
0.680246,-0.248845,-0.133858,-0.0552295,0.107712
0.680496,-0.469597,0.110236,-0.123797,0.107712
0.680746,-0.606899,0.472441,-0.156853,0.107712
0.680996,-0.639002,0.748031,-0.129313,0.107712
0.681246,-0.572501,0.80315,-0.0492334,0.107712
0.681496,-0.438491,0.559055,0.0414318,0.107712
0.681746,-0.280726,0.0393701,0.120172,0.107712
0.681996,-0.140613,-0.606299,0.171277,0.107712
0.682246,-0.0432965,-1,0.157898,0.107712
0.682496,0.00904975,-1,0.103229,0.107712
0.682746,0.0353407,-1,0.0146991,0.107712
0.682996,0.0657107,-1,-0.0681716,0.107712
0.683246,0.12752,-0.559055,-0.119027,0.107712
0.683496,0.232222,0.11811,-0.112011,0.107712
0.683746,0.368683,0.661417,-0.0578836,0.107712
0.683996,0.50476,0.937008,0.0259482,0.107712
0.684246,0.597603,0.897638,0.111016,0.107712
0.684496,0.608331,0.614173,0.150971,0.107712
0.684746,0.516527,0.23622,0.144574,0.107712
0.684996,0.328865,-0.0472441,0.0908712,0.107712
0.685246,0.0789497,-0.141732,0.00548404,0.107712
0.685496,-0.181932,0.00787402,-0.0797304,0.107712
0.685746,-0.399952,0.346457,-0.142871,0.107712
0.685996,-0.534867,0.724409,-0.156488,0.107712
0.686246,-0.571065,0.968504,-0.112318,0.107712
0.686496,-0.52068,0.937008,-0.0284736,0.107712
0.686746,-0.416998,0.598425,0.0664604,0.107712
0.686996,-0.301328,0.00787402,0.134752,0.107712
0.687246,-0.207846,-0.661417,0.166255,0.107712
0.687496,-0.151997,-1,0.137166,0.107712
0.687746,-0.126335,-1,0.0777452,0.107712
0.687996,-0.105517,-1,-0.0146718,0.107712
0.688246,-0.058307,-1,-0.0810054,0.107712
0.688496,0.0379919,-0.472441,-0.110697,0.107712
0.688746,0.186161,0.125984,-0.0867876,0.107712
0.688996,0.364955,0.566929,-0.0188614,0.107712
0.689246,0.533986,0.732283,0.0667871,0.107712
0.689496,0.646243,0.629921,0.134871,0.107712
0.689746,0.663847,0.338583,0.166452,0.107712
0.689996,0.571474,0.023622,0.141495,0.107712
0.690246,0.382484,-0.15748,0.0659733,0.107712
0.690496,0.135985,-0.110236,-0.0247902,0.107712
0.690746,-0.114979,0.15748,-0.115808,0.107712
0.690996,-0.3194,0.566929,-0.16542,0.107712
0.691245,-0.443441,0.944882,-0.161921,0.107712
0.691495,-0.479313,1,-0.104621,0.107712
0.691745,-0.444871,1,-0.015126,0.107712
0.691995,-0.374791,0.590551,0.0756016,0.107712
0.692245,-0.306256,-0.0393701,0.14705,0.107712
0.692495,-0.264434,-0.708661,0.158154,0.107712
0.692745,-0.25353,-1,0.120065,0.107712
0.692995,-0.256085,-1,0.0446944,0.107712
0.693245,-0.241104,-1,-0.0376422,0.107712
0.693495,-0.177613,-0.905512,-0.0978564,0.107712
0.693745,-0.0488856,-0.354331,-0.115443,0.107712
0.693995,0.138186,0.149606,-0.0640297,0.107712
0.694245,0.352366,0.464567,0.00717348,0.107712
0.694495,0.546235,0.511811,0.100546,0.107712
0.694745,0.670714,0.330709,0.151681,0.107712
0.694995,0.69113,0.0393701,0.166454,0.107712
0.695245,0.598731,-0.188976,0.113042,0.107712
0.695495,0.413978,-0.251969,0.0335077,0.107712
0.695745,0.180382,-0.0629921,-0.0676796,0.107712
0.695995,-0.0494165,0.314961,-0.14973,0.107712
0.696245,-0.229828,0.771654,-0.176098,0.107712
0.696495,-0.33575,1,-0.155046,0.107712
0.696745,-0.368154,1,-0.078763,0.107712
0.696995,-0.350546,1,0.015255,0.107712
0.697245,-0.31753,0.551181,0.103346,0.107712
0.697495,-0.30004,-0.102362,0.144014,0.107712
0.697745,-0.312527,-0.748031,0.138592,0.107712
0.697995,-0.347059,-1,0.0762015,0.107712
0.698245,-0.376501,-1,-0.00852508,0.107712
0.698495,-0.365414,-1,-0.0806861,0.107712
0.698745,-0.285123,-0.716535,-0.119268,0.107712
0.698995,-0.126487,-0.228346,-0.105334,0.107712
0.699245,0.0932435,0.15748,-0.0492281,0.107712
0.699495,0.333617,0.330709,0.0335198,0.107712
0.699745,0.542161,0.259843,0.118122,0.107712
0.699995,0.670397,0.023622,0.160704,0.105802
0.700245,0.689171,-0.23622,0.147378,0.105802
0.700495,0.597754,-0.393701,0.081626,0.105802
0.700745,0.423502,-0.314961,-0.0122896,0.105802
0.700995,0.212646,0,-0.103551,0.105802
0.701245,0.0148121,0.464567,-0.164653,0.105802
0.701495,-0.132558,0.944882,-0.174702,0.105802
0.701745,-0.214989,1,-0.134587,0.105802
0.701995,-0.242834,1,-0.0461622,0.105802
0.702245,-0.244166,1,0.0487666,0.105802
0.702495,-0.251709,0.472441,0.122622,0.105802
0.702745,-0.287862,-0.173228,0.150005,0.105802
0.702995,-0.35468,-0.748031,0.111377,0.105802
0.703245,-0.431908,-1,0.0311418,0.105802
0.703495,-0.483761,-1,-0.0494662,0.105802
0.703745,-0.472705,-0.889764,-0.11917,0.105802
0.703995,-0.374573,-0.488189,-0.138683,0.105802
0.704245,-0.189511,-0.0944882,-0.104164,0.105802
0.704495,0.0548173,0.149606,-0.0250703,0.105802
0.704745,0.310242,0.173228,0.0665969,0.105802
0.704994,0.521877,0,0.130897,0.105802
0.705244,0.644897,-0.267717,0.150946,0.105802
0.705494,0.658146,-0.496063,0.119532,0.105802
0.705744,0.569818,-0.543307,0.0411532,0.105802
0.705994,0.41333,-0.346457,-0.0549697,0.105802
0.706244,0.235261,0.0787402,-0.139104,0.105802
0.706494,0.0791226,0.606299,-0.179407,0.105802
0.706744,-0.02837,1,-0.154697,0.105802
0.706994,-0.0847371,1,-0.0911283,0.105802
0.707244,-0.10945,1,0.00136986,0.105802
0.707494,-0.13344,0.929134,0.0918116,0.105802
0.707744,-0.18472,0.362205,0.138142,0.105802
0.707994,-0.275017,-0.244094,0.137706,0.105802
0.708244,-0.39309,-0.724409,0.0683933,0.105802
0.708494,-0.506774,-0.944882,-0.0202672,0.105802
0.708744,-0.573912,-0.889764,-0.0950743,0.105802
0.708994,-0.557686,-0.622047,-0.144534,0.105802
0.709244,-0.44092,-0.267717,-0.140367,0.105802
0.709494,-0.234391,0.00787402,-0.0893384,0.105802
0.709744,0.0244901,0.102362,7.83042e-05,0.105802
0.709994,0.282128,0,0.0943144,0.105802
0.710244,0.484577,-0.267717,0.148406,0.105802
0.710494,0.59412,-0.551181,0.146563,0.105802
0.710744,0.599625,-0.716535,0.0978706,0.105802
0.710994,0.518287,-0.645669,0.00989321,0.105802
0.711244,0.387929,-0.314961,-0.0898505,0.105802
0.711494,0.252334,0.19685,-0.15046,0.105802
0.711744,0.145818,0.755906,-0.169902,0.105802
0.711994,0.0819472,1,-0.121448,0.105802
0.712244,0.0507208,1,-0.0471301,0.105802
0.712494,0.0251011,1,0.0464621,0.105802
0.712744,-0.0261839,0.795276,0.11948,0.105802
0.712994,-0.123601,0.23622,0.146685,0.105802
0.713244,-0.266105,-0.291339,0.107368,0.105802
0.713494,-0.428832,-0.645669,0.0263184,0.105802
0.713744,-0.569545,-0.748031,-0.0708573,0.105802
0.713994,-0.642755,-0.614173,-0.142304,0.105802
0.714244,-0.61571,-0.338583,-0.162715,0.105802
0.714494,-0.480812,-0.0629921,-0.127361,0.105802
0.714744,-0.259909,0.0787402,-0.050707,0.105802
0.714994,0.00133848,0.015748,0.044162,0.105802
0.715244,0.247337,-0.220472,0.130124,0.105802
0.715494,0.429048,-0.543307,0.157977,0.105802
0.715744,0.51879,-0.811024,0.141761,0.105802
0.715994,0.516856,-0.88189,0.0677542,0.105802
0.716244,0.448702,-0.685039,-0.0209871,0.105802
0.716494,0.353623,-0.244094,-0.108154,0.105802
0.716744,0.269161,0.330709,-0.158557,0.105802
0.716994,0.217203,0.874016,-0.150053,0.105802
0.717244,0.196826,1,-0.0858586,0.105802
0.717494,0.186168,1,0.00438644,0.105802
0.717744,0.152952,1,0.0830281,0.105802
0.717994,0.0693833,0.629921,0.125484,0.105802
0.718244,-0.0746781,0.11811,0.125015,0.105802
0.718494,-0.264155,-0.307087,0.0584742,0.105802
0.718744,-0.461362,-0.527559,-0.0322819,0.105802
0.718993,-0.616959,-0.519685,-0.119995,0.105802
0.719243,-0.68602,-0.322835,-0.161425,0.105802
0.719493,-0.643512,-0.0708661,-0.157706,0.105802
0.719743,-0.493233,0.0944882,-0.0966635,0.105802
0.719993,-0.267632,0.0866142,-0.00156449,0.105802
0.720243,-0.0177304,-0.110236,0.104615,0.105802
0.720493,0.202832,-0.448819,0.161254,0.105802
0.720743,0.354018,-0.795276,0.170819,0.105802
0.720993,0.420841,-1,0.119462,0.105802
0.721243,0.415216,-0.96063,0.0314129,0.105802
0.721493,0.368589,-0.645669,-0.060207,0.105802
0.721743,0.318114,-0.125984,-0.138739,0.105802
0.721993,0.29121,0.456693,-0.154382,0.105802
0.722243,0.294851,0.944882,-0.120717,0.105802
0.722493,0.313315,1,-0.0473469,0.105802
0.722743,0.314978,1,0.0450226,0.105802
0.722993,0.26613,0.874016,0.10587,0.105802
0.723243,0.14592,0.433071,0.129145,0.105802
0.723493,-0.0425064,0,0.0846018,0.105802
0.723743,-0.269845,-0.283465,0.00826258,0.105802
0.723993,-0.488056,-0.362205,-0.0846718,0.105802
0.724243,-0.644694,-0.244094,-0.143233,0.105802
0.724493,-0.69994,-0.023622,-0.163726,0.105802
0.724743,-0.639638,0.15748,-0.120697,0.105802
0.724993,-0.47993,0.204724,-0.0396475,0.105802
0.725243,-0.261877,0.0472441,0.0684683,0.105802
0.725493,-0.03801,-0.267717,0.152698,0.105802
0.725743,0.144777,-0.669291,0.180571,0.105802
0.725993,0.2592,-0.992126,0.165731,0.105802
0.726243,0.304276,-1,0.0872092,0.105802
0.726493,0.302203,-0.952756,-0.0125,0.105802
0.726743,0.287103,-0.543307,-0.10962,0.105802
0.726993,0.289493,0.00787402,-0.153964,0.105802
0.727243,0.323079,0.566929,-0.148472,0.105802
0.727493,0.378515,0.96063,-0.0878882,0.105802
0.727743,0.426529,1,0.00654369,0.105802
0.727993,0.42932,0.96063,0.087045,0.105802
0.728243,0.356339,0.629921,0.126454,0.105802
0.728493,0.197717,0.244094,0.119092,0.105802
0.728743,-0.0288097,-0.0629921,0.0489039,0.105802
0.728993,-0.281014,-0.19685,-0.0368825,0.105802
0.729243,-0.504193,-0.141732,-0.118153,0.105802
0.729493,-0.647923,0.0393701,-0.154666,0.105802
0.729743,-0.681985,0.251969,-0.140588,0.105802
0.729993,-0.605398,0.346457,-0.0788526,0.105802
0.730243,-0.445889,0.251969,0.0233513,0.105802
0.730493,-0.249827,-0.0314961,0.11854,0.105802
0.730743,-0.0660664,-0.448819,0.176883,0.105802
0.730993,0.0698617,-0.858268,0.180094,0.105802
0.731243,0.145974,-1,0.121364,0.105802
0.731493,0.175357,-1,0.0300635,0.105802
0.731743,0.187518,-0.866142,-0.070375,0.105802
0.731993,0.214262,-0.385827,-0.13787,0.105802
0.732243,0.275103,0.149606,-0.149725,0.105802
0.732493,0.367263,0.622047,-0.109756,0.105802
0.732742,0.465284,0.889764,-0.021394,0.105802
0.732992,0.529523,0.905512,0.0692999,0.105802
0.733242,0.520992,0.700787,0.132771,0.105802
0.733492,0.417078,0.377953,0.139634,0.105802
0.733742,0.221996,0.0866142,0.0953688,0.105802
0.733992,-0.0317996,-0.0708661,0.00780015,0.105802
0.734242,-0.292341,-0.0472441,-0.0818055,0.105802
0.734492,-0.503516,0.11811,-0.148938,0.105802
0.734742,-0.622362,0.338583,-0.163655,0.105802
0.734992,-0.632026,0.488189,-0.12053,0.105802
0.735242,-0.54542,0.464567,-0.0283094,0.105802
0.735492,-0.399379,0.228346,0.0769317,0.105802
0.735742,-0.240446,-0.173228,0.15175,0.105802
0.735992,-0.108499,-0.637795,0.177475,0.105802
0.736242,-0.0236805,-1,0.144663,0.105802
0.736492,0.018665,-1,0.0649606,0.105802
0.736742,0.0432571,-1,-0.0330997,0.105802
0.736992,0.0821296,-0.716535,-0.116491,0.105802
0.737242,0.159651,-0.220472,-0.154186,0.105802
0.737492,0.280016,0.259843,-0.126936,0.105802
0.737742,0.422977,0.614173,-0.0496062,0.105802
0.737992,0.549226,0.748031,0.0450397,0.105802
0.738242,0.613674,0.653543,0.117466,0.105802
0.738492,0.581997,0.425197,0.157657,0.105802
0.738742,0.44416,0.165354,0.131184,0.105802
0.738992,0.219879,0,0.0556983,0.105802
0.739242,-0.0457257,0,-0.0448689,0.105802
0.739492,-0.295945,0.15748,-0.134225,0.105802
0.739742,-0.479366,0.393701,-0.174811,0.105802
0.739992,-0.565639,0.590551,-0.151655,0.105802
0.740242,-0.553454,0.645669,-0.0797119,0.105802
0.740492,-0.468294,0.480315,0.0265011,0.105802
0.740742,-0.351395,0.11811,0.11558,0.105802
0.740992,-0.243563,-0.354331,0.168857,0.105802
0.741242,-0.170471,-0.80315,0.15895,0.105802
0.741492,-0.134249,-1,0.0965565,0.105802
0.741742,-0.114961,-1,0.00446596,0.105802
0.741992,-0.0805707,-0.929134,-0.0896013,0.105802
0.742242,-0.00249272,-0.527559,-0.142396,0.105802
0.742492,0.130782,-0.0551181,-0.137615,0.105802
0.742742,0.305611,0.322835,-0.0766981,0.105802
0.742992,0.485379,0.535433,0.0187976,0.105802
0.743242,0.621514,0.535433,0.112219,0.105802
0.743492,0.669871,0.377953,0.165825,0.105802
0.743742,0.606633,0.165354,0.151782,0.105802
0.743992,0.437491,0.00787402,0.0919202,0.105802
0.744242,0.197037,0,-0.00701141,0.105802
0.744492,-0.0613697,0.141732,-0.105145,0.105802
0.744742,-0.282584,0.401575,-0.175972,0.105802
0.744992,-0.426385,0.653543,-0.181437,0.105802
0.745242,-0.478848,0.779528,-0.120158,0.105802
0.745492,-0.454047,0.708661,-0.0241845,0.105802
0.745742,-0.386064,0.409449,0.0775972,0.105802
0.745992,-0.314363,-0.0393701,0.142695,0.105802
0.746242,-0.267725,-0.527559,0.158894,0.105802
0.746491,-0.2536,-0.913386,0.114977,0.105802
0.746741,-0.256066,-1,0.0332584,0.105802
0.746991,-0.243662,-1,-0.0629837,0.105802
0.747241,-0.183465,-0.724409,-0.129381,0.105802
0.747491,-0.0566197,-0.314961,-0.141731,0.105802
0.747741,0.131195,0.0551181,-0.0917104,0.105802
0.747991,0.348257,0.307087,-0.00138666,0.105802
0.748241,0.545432,0.370079,0.08809,0.105802
0.748491,0.671463,0.275591,0.157218,0.105802
0.748741,0.690202,0.0944882,0.167902,0.105802
0.748991,0.593035,-0.0393701,0.117589,0.105802
0.749241,0.402313,-0.0629921,0.0260518,0.105802
0.749491,0.16409,0.0708661,-0.0777754,0.105802
0.749741,-0.0666803,0.338583,-0.164084,0.105802
0.749991,-0.243599,0.637795,-0.189615,0.105802
0.750241,-0.342763,0.84252,-0.154926,0.105802
0.750491,-0.368015,0.866142,-0.0653528,0.105802
0.750741,-0.345993,0.661417,0.03104,0.105802
0.750991,-0.313177,0.259843,0.114989,0.105802
0.751241,-0.299979,-0.220472,0.151579,0.105802
0.751491,-0.317826,-0.661417,0.131832,0.105802
0.751741,-0.354441,-0.944882,0.0627683,0.105802
0.751991,-0.378723,-0.984252,-0.0311407,0.105802
0.752241,-0.353908,-0.811024,-0.115715,0.105802
0.752491,-0.253652,-0.488189,-0.140045,0.105802
0.752741,-0.0746545,-0.141732,-0.107741,0.105802
0.752991,0.158532,0.110236,-0.0349643,0.105802
0.753241,0.398792,0.204724,0.0661896,0.105802
0.753491,0.59096,0.149606,0.14603,0.105802
0.753741,0.688762,0,0.173358,0.105802
0.753991,0.670411,-0.133858,0.148144,0.105802
0.754241,0.545091,-0.165354,0.0680689,0.105802
0.754491,0.349444,-0.0393701,-0.0434053,0.105802
0.754741,0.134938,0.228346,-0.137862,0.105802
0.754991,-0.0496847,0.559055,-0.188529,0.105802
0.755241,-0.173456,0.834646,-0.168971,0.105802
0.755491,-0.231901,0.952756,-0.102378,0.105802
0.755741,-0.244703,0.84252,-0.0016126,0.105802
0.755991,-0.245061,0.519685,0.0997801,0.105802
0.756241,-0.264108,0.0708661,0.148014,0.105802
0.756491,-0.316485,-0.385827,0.14223,0.105802
0.756741,-0.393106,-0.732283,0.076435,0.105802
0.756991,-0.463635,-0.874016,-0.0119298,0.105802
0.757241,-0.487877,-0.795276,-0.104856,0.105802
0.757491,-0.431961,-0.566929,-0.152415,0.105802
0.757741,-0.283008,-0.275591,-0.134788,0.105802
0.757991,-0.0569698,-0.0393701,-0.0635015,0.105802
0.758241,0.204057,0.0629921,0.0282237,0.105802
0.758491,0.443719,0.023622,0.125154,0.105802
0.758741,0.608816,-0.110236,0.181947,0.105802
0.758991,0.666156,-0.244094,0.165576,0.105802
0.759241,0.612292,-0.291339,0.0992732,0.105802
0.759491,0.473355,-0.188976,-0.00741446,0.105802
0.759741,0.29482,0.0708661,-0.108212,0.105802
0.759991,0.125081,0.425197,-0.169916,0.105802
0.76024,-0.00100556,0.76378,-0.175889,0.105802
0.76049,-0.072676,0.968504,-0.122155,0.105802
0.76074,-0.104033,0.96063,-0.0257239,0.105802
0.76099,-0.125312,0.732283,0.0777672,0.105802
0.76124,-0.168243,0.338583,0.137133,0.105802
0.76149,-0.250361,-0.102362,0.147243,0.105802
0.76174,-0.365862,-0.480315,0.0922132,0.105802
0.76199,-0.485548,-0.692913,-0.00092896,0.105802
0.76224,-0.566487,-0.708661,-0.0895181,0.105802
0.76249,-0.567782,-0.551181,-0.147647,0.105802
0.76274,-0.466912,-0.322835,-0.158099,0.105802
0.76299,-0.269836,-0.11811,-0.0912866,0.105802
0.76324,-0.0117652,-0.023622,-0.0003362,0.105802
0.76349,0.252856,-0.0629921,0.108661,0.105802
0.76374,0.46696,-0.19685,0.170051,0.105802
0.76399,0.588418,-0.354331,0.183626,0.105802
0.76424,0.602688,-0.433071,0.134898,0.105802
0.76449,0.525343,-0.354331,0.0324856,0.105802
0.76474,0.394739,-0.102362,-0.0726549,0.105802
0.76499,0.256653,0.251969,-0.150756,0.105802
0.76524,0.147527,0.629921,-0.168007,0.105802
0.76549,0.0822063,0.905512,-0.130087,0.105802
0.76574,0.050574,1,-0.0437926,0.105802
0.76599,0.0242722,0.866142,0.0564308,0.105802
0.76624,-0.0289297,0.543307,0.134822,0.105802
0.76649,-0.130006,0.133858,0.147968,0.105802
0.76674,-0.276708,-0.23622,0.103825,0.105802
0.76699,-0.441625,-0.496063,0.0179592,0.105802
0.76724,-0.580068,-0.566929,-0.082007,0.105802
0.76749,-0.645057,-0.480315,-0.15908,0.105802
0.76774,-0.604651,-0.307087,-0.169545,0.105802
0.76799,-0.454583,-0.141732,-0.122684,0.105802
0.76824,-0.221274,-0.0708661,-0.0297679,0.105802
0.76849,0.0450161,-0.11811,0.075212,0.105802
0.76874,0.286248,-0.267717,0.155688,0.105802
0.76899,0.454282,-0.440945,0.192125,0.105802
0.76924,0.525484,-0.551181,0.154961,0.105802
0.76949,0.506015,-0.511811,0.0690586,0.105802
0.76974,0.426852,-0.299213,-0.0398101,0.105802
0.76999,0.329979,0.0472441,-0.123984,0.105802
0.77024,0.251675,0.456693,-0.16263,0.105802
0.77049,0.208876,0.787402,-0.133536,0.105802
0.77074,0.194081,0.96063,-0.0539754,0.105802
0.77099,0.17984,0.92126,0.0413975,0.105802
0.77124,0.132289,0.685039,0.122715,0.105802
0.77149,0.0269909,0.330709,0.153831,0.105802
0.77174,-0.138135,-0.023622,0.122239,0.105802
0.77199,-0.338419,-0.283465,0.0379852,0.105802
0.77224,-0.528547,-0.401575,-0.067591,0.105802
0.77249,-0.65672,-0.362205,-0.151742,0.105802
0.77274,-0.682523,-0.23622,-0.182773,0.105802
0.77299,-0.591413,-0.110236,-0.155381,0.105802
0.77324,-0.400495,-0.0551181,-0.0667895,0.105802
0.77349,-0.153676,-0.125984,0.0428341,0.105802
0.77374,0.0923043,-0.299213,0.137361,0.105802
0.773989,0.286173,-0.503937,0.184657,0.105802
0.774239,0.397668,-0.645669,0.161542,0.105802
0.774489,0.425359,-0.653543,0.0848395,0.105802
0.774739,0.393365,-0.480315,-0.0136424,0.105802
0.774989,0.339631,-0.141732,-0.108337,0.105802
0.775239,0.299278,0.251969,-0.154567,0.105802
0.775489,0.290081,0.629921,-0.141216,0.105802
0.775739,0.305646,0.866142,-0.0665794,0.105802
0.775989,0.318613,0.905512,0.0344478,0.105802
0.776239,0.292793,0.755906,0.124048,0.105802
0.776489,0.199514,0.464567,0.160072,0.105802
0.776739,0.0316498,0.149606,0.137433,0.105802
0.776989,-0.189877,-0.0944882,0.0635811,0.105802
0.777239,-0.42027,-0.220472,-0.0456554,0.105802
0.777489,-0.60467,-0.212598,-0.139379,0.105802
0.777739,-0.695379,-0.125984,-0.191784,0.105802
0.777989,-0.668409,-0.023622,-0.170522,0.105802
0.778239,-0.53141,0,-0.0958058,0.105802
0.778489,-0.321023,-0.0944882,0.0136689,0.105802
0.778739,-0.090454,-0.283465,0.11506,0.105802
0.778989,0.108212,-0.519685,0.171014,0.105802
0.779239,0.240758,-0.700787,0.168957,0.105802
0.779489,0.299929,-0.755906,0.100569,0.105802
0.779739,0.304625,-0.629921,-6.7556e-05,0.105802
0.779989,0.289153,-0.330709,-0.0978448,0.105802
0.780239,0.287118,0.0551181,-0.147676,0.105802
0.780489,0.316426,0.440945,-0.14055,0.105802
0.780739,0.37095,0.724409,-0.0779714,0.105802
0.780989,0.422532,0.834646,0.0292333,0.105802
0.781239,0.432127,0.748031,0.121898,0.105802
0.781489,0.366149,0.535433,0.173031,0.105802
0.781739,0.211939,0.267717,0.162353,0.105802
0.781989,-0.0143248,0.0472441,0.0852664,0.105802
0.782239,-0.27006,-0.0629921,-0.0260527,0.105802
0.782489,-0.498399,-0.0629921,-0.127838,0.105802
0.782739,-0.646468,0,-0.185174,0.105802
0.782989,-0.682015,0.0787402,-0.185422,0.105802
0.783239,-0.603752,0.0787402,-0.112622,0.105802
0.783489,-0.440865,-0.015748,-0.0113205,0.105802
0.783739,-0.241652,-0.228346,0.0984159,0.105802
0.783989,-0.0569679,-0.496063,0.161532,0.105802
0.784239,0.0770803,-0.724409,0.159874,0.105802
0.784489,0.149892,-0.826772,0.102087,0.105802
0.784739,0.176672,-0.755906,0.0035019,0.105802
0.784989,0.189239,-0.503937,-0.100744,0.105802
0.785239,0.219915,-0.133858,-0.152501,0.105802
0.785489,0.286593,0.244094,-0.1576,0.105802
0.785739,0.383062,0.551181,-0.0858755,0.105802
0.785989,0.479739,0.700787,0.0153807,0.105802
0.786239,0.534355,0.685039,0.111961,0.105802
0.786489,0.508271,0.543307,0.174696,0.105802
0.786739,0.38256,0.338583,0.173846,0.105802
0.786989,0.168019,0.15748,0.114933,0.105802
0.787239,-0.0961446,0.0708661,0.00913048,0.105802
0.787489,-0.352991,0.0787402,-0.107214,0.105802
0.787739,-0.545875,0.149606,-0.171024,0.105802
0.787988,-0.636204,0.220472,-0.182692,0.105802
0.788238,-0.614975,0.212598,-0.127408,0.105802
0.788488,-0.50409,0.0944882,-0.0218942,0.105802
0.788738,-0.346692,-0.133858,0.0807453,0.105802
0.788988,-0.190967,-0.433071,0.155839,0.105802
0.789238,-0.0727263,-0.700787,0.156388,0.105802
0.789488,-0.00407341,-0.858268,0.105804,0.105802
0.789738,0.0284591,-0.834646,0.00456857,0.105802
0.789988,0.0552765,-0.637795,-0.0934501,0.105802
0.790238,0.108611,-0.314961,-0.165067,0.105802
0.790488,0.206334,0.0472441,-0.159912,0.105802
0.790738,0.342221,0.362205,-0.0996389,0.105802
0.790988,0.485193,0.543307,-0.00569097,0.105802
0.791238,0.589662,0.574803,0.100632,0.105802
0.791488,0.611681,0.488189,0.178888,0.105802
0.791738,0.526226,0.346457,0.180764,0.105802
0.791988,0.337939,0.220472,0.131633,0.105802
0.792238,0.0819122,0.165354,0.0188767,0.105802
0.792488,-0.186369,0.19685,-0.0834555,0.105802
0.792738,-0.408409,0.283465,-0.16728,0.105802
0.792988,-0.541083,0.362205,-0.178086,0.105802
0.793238,-0.569399,0.354331,-0.124942,0.105802
0.793488,-0.508964,0.228346,-0.0227848,0.105802
0.793738,-0.397911,-0.015748,0.0756953,0.105802
0.793988,-0.280876,-0.338583,0.147884,0.105802
0.794238,-0.192183,-0.637795,0.162701,0.105802
0.794488,-0.143506,-0.84252,0.112061,0.105802
0.794738,-0.121398,-0.874016,0.00856463,0.105802
0.794988,-0.0950956,-0.740157,-0.094338,0.105802
0.795238,-0.0319751,-0.464567,-0.160943,0.105802
0.795488,0.0867917,-0.125984,-0.173096,0.105802
0.795738,0.255053,0.165354,-0.125842,0.105802
0.795988,0.440556,0.354331,-0.0238785,0.105802
0.796238,0.594501,0.425197,0.0885644,0.105802
0.796488,0.668133,0.377953,0.16744,0.105802
0.796738,0.63023,0.291339,0.185481,0.105802
0.796988,0.479449,0.212598,0.133655,0.105802
0.797238,0.24611,0.212598,0.037651,0.105802
0.797488,-0.0169685,0.283465,-0.0815903,0.105802
0.797738,-0.251148,0.393701,-0.15854,0.105802
0.797988,-0.410871,0.488189,-0.173786,0.105802
0.798238,-0.47688,0.503937,-0.1272,0.105802
0.798488,-0.46007,0.377953,-0.024087,0.105802
0.798738,-0.394091,0.133858,0.0822745,0.105802
0.798988,-0.320209,-0.19685,0.155699,0.105802
0.799238,-0.270129,-0.527559,0.171608,0.105802
0.799488,-0.253719,-0.771654,0.126211,0.105802
0.799738,-0.255978,-0.858268,0.0219173,0.105802
0.799988,-0.244721,-0.779528,-0.0834302,0.117763
0.800238,-0.185366,-0.559055,-0.168611,0.117763
0.800488,-0.0577167,-0.275591,-0.185756,0.117763
0.800738,0.132721,-0.00787402,-0.136293,0.117763
0.800988,0.352893,0.165354,-0.0388578,0.117763
0.801238,0.551459,0.244094,0.0765914,0.117763
0.801488,0.675129,0.23622,0.156886,0.117763
0.801737,0.687376,0.188976,0.176242,0.117763
0.801987,0.581029,0.165354,0.129253,0.117763
0.802237,0.381484,0.204724,0.0296434,0.117763
0.802487,0.13822,0.322835,-0.071233,0.117763
0.802737,-0.0915664,0.472441,-0.155799,0.117763
0.802987,-0.261661,0.598425,-0.174532,0.117763
0.803237,-0.350736,0.629921,-0.125279,0.117763
0.803487,-0.366704,0.527559,-0.0307312,0.117763
0.803737,-0.339933,0.283465,0.0819894,0.117763
0.803987,-0.30845,-0.0314961,0.165571,0.117763
0.804237,-0.301168,-0.377953,0.182542,0.117763
0.804487,-0.32511,-0.645669,0.135969,0.117763
0.804737,-0.362565,-0.779528,0.0411449,0.117763
0.804987,-0.37844,-0.755906,-0.0719155,0.117763
0.805237,-0.335613,-0.606299,-0.156337,0.117763
0.805487,-0.211617,-0.377953,-0.184877,0.117763
0.805737,-0.0108851,-0.15748,-0.138969,0.117763
0.805987,0.233361,-0.00787402,-0.0388498,0.117763
0.806237,0.467719,0.0551181,0.0725243,0.117763
0.806487,0.635581,0.0629921,0.148003,0.117763
0.806737,0.695748,0.0472441,0.177168,0.117763
0.806987,0.636147,0.0629921,0.131936,0.117763
0.807237,0.477454,0.149606,0.0256657,0.117763
0.807487,0.265448,0.307087,-0.0811679,0.117763
0.807737,0.0547515,0.496063,-0.164023,0.117763
0.807987,-0.109485,0.653543,-0.185795,0.117763
0.808237,-0.205964,0.724409,-0.137471,0.117763
0.808487,-0.241422,0.645669,-0.0361,0.117763
0.808737,-0.244281,0.425197,0.0785605,0.117763
0.808987,-0.25034,0.110236,0.16591,0.117763
0.809237,-0.285456,-0.212598,0.188909,0.117763
0.809487,-0.353343,-0.496063,0.140156,0.117763
0.809737,-0.432691,-0.653543,0.0435912,0.117763
0.809987,-0.484728,-0.677165,-0.062601,0.117763
0.810237,-0.468904,-0.574803,-0.154882,0.117763
0.810487,-0.360072,-0.417323,-0.180585,0.117763
0.810737,-0.161029,-0.259843,-0.130963,0.117763
0.810987,0.0951692,-0.149606,-0.0367409,0.117763
0.811237,0.354048,-0.102362,0.0716763,0.117763
0.811487,0.556624,-0.110236,0.152695,0.117763
0.811737,0.658328,-0.110236,0.172275,0.117763
0.811987,0.643278,-0.0629921,0.12632,0.117763
0.812237,0.528176,0.0551181,0.0259245,0.117763
0.812487,0.354999,0.251969,-0.0848148,0.117763
0.812737,0.175261,0.480315,-0.173928,0.117763
0.812987,0.0312876,0.677165,-0.18635,0.117763
0.813237,-0.0571725,0.779528,-0.146094,0.117763
0.813487,-0.0978214,0.732283,-0.0426739,0.117763
0.813737,-0.118883,0.551181,0.0794917,0.117763
0.813987,-0.154422,0.259843,0.161465,0.117763
0.814237,-0.22774,-0.0551181,0.186191,0.117763
0.814487,-0.339032,-0.330709,0.150362,0.117763
0.814737,-0.462844,-0.503937,0.0476276,0.117763
0.814987,-0.5562,-0.551181,-0.0636267,0.117763
0.815237,-0.574643,-0.503937,-0.1476,0.117763
0.815486,-0.490226,-0.409449,-0.17066,0.117763
0.815736,-0.303879,-0.307087,-0.125676,0.117763
0.815986,-0.0478696,-0.251969,-0.0217347,0.117763
0.816236,0.222925,-0.251969,0.0845659,0.117763
0.816486,0.448288,-0.275591,0.162435,0.117763
0.816736,0.581787,-0.283465,0.184147,0.117763
0.816986,0.605219,-0.220472,0.125276,0.117763
0.817236,0.532313,-0.0708661,0.0245709,0.117763
0.817486,0.401729,0.149606,-0.0944282,0.117763
0.817736,0.261186,0.417323,-0.176289,0.117763
0.817986,0.14942,0.645669,-0.200902,0.117763
0.818236,0.0825307,0.771654,-0.155696,0.117763
0.818486,0.0503794,0.771654,-0.0471631,0.117763
0.818736,0.0235212,0.622047,0.0721933,0.117763
0.818986,-0.0316567,0.370079,0.151715,0.117763
0.819236,-0.136215,0.0866142,0.183995,0.117763
0.819486,-0.286919,-0.15748,0.139705,0.117763
0.819736,-0.453797,-0.322835,0.0384696,0.117763
0.819986,-0.589613,-0.385827,-0.0666063,0.117763
0.820236,-0.646104,-0.377953,-0.148819,0.117763
0.820486,-0.592361,-0.330709,-0.164314,0.117763
0.820736,-0.427468,-0.291339,-0.112688,0.117763
0.820986,-0.182832,-0.299213,-0.0147477,0.117763
0.821236,0.0870207,-0.354331,0.0983894,0.117763
0.821486,0.321932,-0.409449,0.179616,0.117763
0.821736,0.475366,-0.433071,0.190548,0.117763
0.821986,0.52812,-0.370079,0.140623,0.117763
0.822236,0.492576,-0.212598,0.0279087,0.117763
0.822486,0.404566,0.0314961,-0.0905227,0.117763
0.822736,0.30807,0.314961,-0.17847,0.117763
0.822986,0.237069,0.566929,-0.201348,0.117763
0.823236,0.202935,0.724409,-0.156429,0.117763
0.823486,0.191357,0.748031,-0.0536335,0.117763
0.823736,0.170476,0.645669,0.0677271,0.117763
0.823986,0.105989,0.440945,0.142234,0.117763
0.824236,-0.0212829,0.19685,0.171059,0.117763
0.824486,-0.2047,-0.00787402,0.118031,0.117763
0.824736,-0.410098,-0.149606,0.0200918,0.117763
0.824986,-0.585772,-0.220472,-0.0852811,0.117763
0.825236,-0.680227,-0.228346,-0.16203,0.117763
0.825486,-0.659993,-0.228346,-0.165377,0.117763
0.825736,-0.522753,-0.244094,-0.111062,0.117763
0.825986,-0.298891,-0.307087,0.00234836,0.117763
0.826236,-0.0419476,-0.409449,0.113919,0.117763
0.826486,0.189215,-0.503937,0.190242,0.117763
0.826736,0.349386,-0.543307,0.201855,0.117763
0.826986,0.420488,-0.488189,0.141651,0.117763
0.827236,0.41469,-0.322835,0.0368842,0.117763
0.827486,0.366228,-0.0708661,-0.088599,0.117763
0.827736,0.315175,0.212598,-0.17716,0.117763
0.827986,0.290302,0.472441,-0.189217,0.117763
0.828236,0.296946,0.645669,-0.13715,0.117763
0.828486,0.315573,0.700787,-0.041977,0.117763
0.828736,0.310566,0.629921,0.0745211,0.117763
0.828986,0.246665,0.472441,0.142099,0.117763
0.829235,0.105736,0.283465,0.154069,0.117763
0.829485,-0.102016,0.110236,0.104019,0.117763
0.829735,-0.338614,0,0.00281226,0.117763
0.829985,-0.548533,-0.0472441,-0.11012,0.117763
0.830235,-0.677369,-0.0708661,-0.180439,0.117763
0.830485,-0.690188,-0.102362,-0.17984,0.117763
0.830735,-0.583785,-0.173228,-0.113025,0.117763
0.830985,-0.387755,-0.283465,0.00461977,0.117763
0.831235,-0.15417,-0.433071,0.126969,0.117763
0.831485,0.0605719,-0.559055,0.202785,0.117763
0.831735,0.214323,-0.622047,0.215705,0.117763
0.831985,0.291774,-0.582677,0.147689,0.117763
0.832235,0.306658,-0.433071,0.0341948,0.117763
0.832485,0.292282,-0.181102,-0.0887566,0.117763
0.832735,0.28528,0.0944882,-0.162778,0.117763
0.832985,0.30861,0.354331,-0.177413,0.117763
0.833235,0.360909,0.535433,-0.125515,0.117763
0.833485,0.416241,0.606299,-0.0223781,0.117763
0.833735,0.434761,0.566929,0.0801389,0.117763
0.833985,0.379548,0.456693,0.149839,0.117763
0.834235,0.233869,0.322835,0.146136,0.117763
0.834485,0.0106994,0.204724,0.0814998,0.117763
0.834735,-0.248048,0.133858,-0.0297996,0.117763
0.834985,-0.483914,0.102362,-0.12861,0.117763
0.835235,-0.640669,0.0787402,-0.198203,0.117763
0.835485,-0.682966,0.023622,-0.188123,0.117763
0.835735,-0.60768,-0.0708661,-0.107764,0.117763
0.835985,-0.444132,-0.228346,0.00690103,0.117763
0.836235,-0.242333,-0.409449,0.126656,0.117763
0.836485,-0.055317,-0.566929,0.209259,0.117763
0.836735,0.0795431,-0.653543,0.209949,0.117763
0.836985,0.151556,-0.637795,0.145073,0.117763
0.837235,0.177408,-0.496063,0.0244787,0.117763
0.837485,0.190379,-0.267717,-0.089091,0.117763
0.837735,0.223843,0,-0.159822,0.117763
0.837985,0.294656,0.23622,-0.15834,0.117763
0.838235,0.394106,0.409449,-0.0953475,0.117763
0.838485,0.489498,0.480315,0.00951898,0.117763
0.838735,0.536211,0.472441,0.112101,0.117763
0.838985,0.495919,0.409449,0.163886,0.117763
0.839235,0.352926,0.330709,0.144599,0.117763
0.839485,0.123468,0.275591,0.0673269,0.117763
0.839735,-0.147492,0.244094,-0.0519961,0.117763
0.839985,-0.399249,0.23622,-0.161731,0.117763
0.840235,-0.575156,0.212598,-0.213178,0.117763
0.840485,-0.640874,0.141732,-0.202792,0.117763
0.840735,-0.594617,0.00787402,-0.113116,0.117763
0.840985,-0.46566,-0.173228,0.00976592,0.117763
0.841235,-0.302047,-0.377953,0.131452,0.117763
0.841485,-0.152086,-0.559055,0.195739,0.117763
0.841735,-0.0470199,-0.653543,0.192654,0.117763
0.841985,0.00881974,-0.645669,0.119646,0.117763
0.842235,0.0361955,-0.527559,0.00444307,0.117763
0.842485,0.0692425,-0.314961,-0.0951801,0.117763
0.842735,0.13814,-0.0787402,-0.15231,0.117763
0.842984,0.253398,0.125984,-0.145696,0.117763
0.843234,0.398633,0.275591,-0.0676477,0.117763
0.843484,0.534086,0.354331,0.0443376,0.117763
0.843734,0.610719,0.362205,0.135396,0.117763
0.843984,0.588936,0.338583,0.18599,0.117763
0.844234,0.454672,0.314961,0.155402,0.117763
0.844484,0.227203,0.314961,0.0566857,0.117763
0.844734,-0.0455978,0.330709,-0.0593573,0.117763
0.844984,-0.302127,0.354331,-0.170497,0.117763
0.845234,-0.486869,0.338583,-0.222142,0.117763
0.845484,-0.568211,0.259843,-0.202243,0.117763
0.845734,-0.546839,0.102362,-0.106793,0.117763
0.845984,-0.452764,-0.110236,0.021267,0.117763
0.846234,-0.331634,-0.338583,0.131274,0.117763
0.846484,-0.226043,-0.527559,0.18863,0.117763
0.846734,-0.15953,-0.637795,0.174376,0.117763
0.846984,-0.128931,-0.637795,0.0882468,0.117763
0.847234,-0.108184,-0.527559,-0.0211208,0.117763
0.847484,-0.0620689,-0.346457,-0.114116,0.117763
0.847734,0.0365024,-0.141732,-0.156005,0.117763
0.847984,0.191472,0.0314961,-0.129058,0.117763
0.848234,0.378427,0.149606,-0.0388738,0.117763
0.848484,0.551014,0.212598,0.0754699,0.117763
0.848734,0.656199,0.23622,0.172454,0.117763
0.848984,0.653941,0.251969,0.204924,0.117763
0.849234,0.532622,0.275591,0.162457,0.117763
0.849484,0.314653,0.330709,0.0540674,0.117763
0.849734,0.0500754,0.393701,-0.0738265,0.117763
0.849984,-0.199682,0.440945,-0.185632,0.117763
0.850234,-0.382308,0.433071,-0.221415,0.117763
0.850484,-0.470432,0.346457,-0.189833,0.117763
0.850734,-0.468764,0.173228,-0.0952579,0.117763
0.850984,-0.408327,-0.0472441,0.0305037,0.117763
0.851234,-0.332031,-0.283465,0.131369,0.117763
0.851484,-0.275831,-0.480315,0.168113,0.117763
0.851734,-0.25433,-0.590551,0.141837,0.117763
0.851984,-0.255671,-0.598425,0.0492901,0.117763
0.852234,-0.248037,-0.503937,-0.0570212,0.117763
0.852484,-0.19469,-0.362205,-0.136963,0.117763
0.852734,-0.07229,-0.19685,-0.164467,0.117763
0.852984,0.116238,-0.0629921,-0.111259,0.117763
0.853234,0.338816,0.0314961,-0.00649382,0.117763
0.853484,0.542772,0.0866142,0.113184,0.117763
0.853734,0.672418,0.125984,0.200257,0.117763
0.853984,0.68845,0.173228,0.221155,0.117763
0.854234,0.582509,0.251969,0.161913,0.117763
0.854484,0.38047,0.346457,0.0445943,0.117763
0.854734,0.133741,0.448819,-0.0850328,0.117763
0.854984,-0.0981602,0.511811,-0.179457,0.117763
0.855234,-0.267527,0.503937,-0.214821,0.117763
0.855484,-0.353532,0.409449,-0.170269,0.117763
0.855734,-0.365729,0.228346,-0.0682017,0.117763
0.855984,-0.336837,0,0.0545241,0.117763
0.856234,-0.306318,-0.23622,0.132858,0.117763
0.856484,-0.302453,-0.425197,0.154541,0.117763
0.856734,-0.329756,-0.527559,0.106434,0.117763
0.856983,-0.367059,-0.543307,0.00790319,0.117763
0.857233,-0.37645,-0.472441,-0.098129,0.117763
0.857483,-0.320617,-0.362205,-0.176272,0.117763
0.857733,-0.180006,-0.244094,-0.172431,0.117763
0.857983,0.0352113,-0.149606,-0.101947,0.117763
0.858233,0.285487,-0.0866142,0.00990181,0.117763
0.858483,0.512943,-0.0393701,0.13287,0.117763
0.858733,0.660631,0.00787402,0.221638,0.117763
0.858983,0.691758,0.0944882,0.223785,0.117763
0.859233,0.602175,0.220472,0.158114,0.117763
0.859483,0.421342,0.362205,0.0335934,0.117763
0.859733,0.20128,0.496063,-0.0914962,0.117763
0.859983,-0.00204962,0.574803,-0.179104,0.117763
0.860233,-0.148023,0.566929,-0.19263,0.117763
0.860483,-0.223518,0.464567,-0.132862,0.117763
0.860733,-0.244254,0.275591,-0.0254227,0.117763
0.860983,-0.244369,0.0393701,0.088337,0.117763
0.861233,-0.259342,-0.181102,0.149311,0.117763
0.861483,-0.308586,-0.354331,0.151777,0.117763
0.861733,-0.385846,-0.456693,0.0809688,0.117763
0.861983,-0.460127,-0.472441,-0.0371882,0.117763
0.862233,-0.488248,-0.425197,-0.142053,0.117763
0.862483,-0.432662,-0.354331,-0.201885,0.117763
0.862733,-0.279001,-0.291339,-0.18645,0.117763
0.862983,-0.0445811,-0.244094,-0.0929653,0.117763
0.863233,0.223974,-0.212598,0.0330547,0.117763
0.863483,0.465278,-0.165354,0.150731,0.117763
0.863733,0.623024,-0.0944882,0.222029,0.117763
0.863983,0.664646,0.023622,0.215971,0.117763
0.864233,0.591413,0.188976,0.127158,0.117763
0.864483,0.436371,0.370079,0.0114169,0.117763
0.864733,0.250882,0.527559,-0.108511,0.117763
0.864983,0.0855154,0.614173,-0.176199,0.117763
0.865233,-0.0280117,0.606299,-0.158694,0.117763
0.865483,-0.0861422,0.496063,-0.0821292,0.117763
0.865733,-0.110963,0.307087,0.0271718,0.117763
0.865983,-0.13784,0.0866142,0.13058,0.117763
0.866233,-0.197059,-0.110236,0.174533,0.117763
0.866483,-0.298287,-0.267717,0.147043,0.117763
0.866733,-0.423785,-0.354331,0.048985,0.117763
0.866983,-0.533275,-0.377953,-0.0738294,0.117763
0.867233,-0.579129,-0.370079,-0.179881,0.117763
0.867483,-0.525175,-0.346457,-0.220949,0.117763
0.867733,-0.362836,-0.338583,-0.184453,0.117763
0.867983,-0.117333,-0.338583,-0.078673,0.117763
0.868233,0.159204,-0.330709,0.0507116,0.117763
0.868483,0.403484,-0.291339,0.159709,0.117763
0.868733,0.562237,-0.19685,0.211025,0.117763
0.868983,0.609136,-0.0393701,0.185925,0.117763
0.869233,0.551813,0.15748,0.0892539,0.117763
0.869483,0.426523,0.370079,-0.0329071,0.117763
0.869733,0.282658,0.543307,-0.126278,0.117763
0.869983,0.163127,0.629921,-0.171392,0.117763
0.870233,0.0889965,0.622047,-0.131545,0.117763
0.870483,0.0533026,0.511811,-0.0346587,0.117763
0.870732,0.0272117,0.338583,0.0827906,0.117763
0.870982,-0.0245995,0.133858,0.163638,0.117763
0.871232,-0.126106,-0.0393701,0.1945,0.117763
0.871482,-0.276104,-0.173228,0.140864,0.117763
0.871732,-0.445515,-0.251969,0.0293567,0.117763
0.871982,-0.585656,-0.291339,-0.105866,0.117763
0.872232,-0.645957,-0.314961,-0.197809,0.117763
0.872482,-0.593538,-0.346457,-0.222638,0.117763
0.872732,-0.426901,-0.385827,-0.165374,0.117763
0.872982,-0.178453,-0.433071,-0.0607503,0.117763
0.873232,0.0948481,-0.448819,0.0728362,0.117763
0.873482,0.330616,-0.409449,0.162082,0.117763
0.873732,0.481089,-0.291339,0.191306,0.117763
0.873982,0.528231,-0.102362,0.137556,0.117763
0.874232,0.486545,0.11811,0.0369341,0.117763
0.874482,0.394804,0.354331,-0.0822877,0.117763
0.874732,0.298433,0.535433,-0.162489,0.117763
0.874982,0.230851,0.622047,-0.167143,0.117763
0.875232,0.200601,0.614173,-0.098772,0.117763
0.875482,0.1897,0.511811,0.00966709,0.117763
0.875732,0.163548,0.362205,0.125042,0.117763
0.875982,0.0879294,0.19685,0.200897,0.117763
0.876232,-0.0530569,0.0551181,0.198277,0.117763
0.876482,-0.246909,-0.0472441,0.127087,0.117763
0.876732,-0.453288,-0.110236,-0.000606449,0.117763
0.876982,-0.616843,-0.173228,-0.124518,0.117763
0.877232,-0.686573,-0.23622,-0.205974,0.117763
0.877482,-0.634762,-0.322835,-0.205642,0.117763
0.877732,-0.467944,-0.425197,-0.138952,0.117763
0.877982,-0.225577,-0.519685,-0.0127533,0.117763
0.878232,0.0330507,-0.551181,0.10318,0.117763
0.878482,0.248854,-0.511811,0.168352,0.117763
0.878732,0.382601,-0.377953,0.16827,0.117763
0.878982,0.425746,-0.165354,0.0867828,0.117763
0.879232,0.400218,0.0787402,-0.0240883,0.117763
0.879482,0.345729,0.314961,-0.130751,0.117763
0.879732,0.301675,0.496063,-0.19068,0.117763
0.879982,0.289751,0.582677,-0.167426,0.117763
0.880232,0.304977,0.582677,-0.071851,0.117763
0.880482,0.318552,0.503937,0.0479909,0.117763
0.880732,0.291488,0.385827,0.165506,0.117763
0.880982,0.192721,0.259843,0.225005,0.117763
0.881232,0.0158514,0.165354,0.193209,0.117763
0.881482,-0.214747,0.0866142,0.102916,0.117763
0.881732,-0.448809,0.023622,-0.0264848,0.117763
0.881982,-0.626588,-0.0472441,-0.144019,0.117763
0.882232,-0.69952,-0.15748,-0.192859,0.117763
0.882482,-0.647178,-0.307087,-0.175164,0.117763
0.882732,-0.484918,-0.464567,-0.0849799,0.117763
0.882982,-0.257971,-0.590551,0.0319797,0.117763
0.883232,-0.0255991,-0.645669,0.139245,0.117763
0.883482,0.159804,-0.606299,0.175696,0.117763
0.883732,0.269614,-0.456693,0.139484,0.117763
0.883982,0.306475,-0.228346,0.0349756,0.117763
0.884232,0.298577,0.023622,-0.0815586,0.117763
0.884481,0.285068,0.259843,-0.180519,0.117763
0.884731,0.29663,0.425197,-0.206754,0.117763
0.884981,0.341471,0.511811,-0.164393,0.117763
0.885231,0.400536,0.511811,-0.0539911,0.117763
0.885481,0.435446,0.456693,0.0799734,0.117763
0.885731,0.404781,0.385827,0.18029,0.117763
0.885981,0.283363,0.322835,0.219407,0.117763
0.886231,0.0753993,0.283465,0.172122,0.117763
0.886481,-0.182811,0.244094,0.0611012,0.117763
0.886731,-0.433144,0.181102,-0.0629694,0.117763
0.886981,-0.614694,0.0787402,-0.149858,0.117763
0.887231,-0.684249,-0.0787402,-0.181289,0.117763
0.887481,-0.630857,-0.275591,-0.128398,0.117763
0.887731,-0.478714,-0.480315,-0.0206924,0.117763
0.887981,-0.277005,-0.637795,0.0951799,0.117763
0.888231,-0.0818716,-0.700787,0.177096,0.117763
0.888481,0.0641582,-0.653543,0.180553,0.117763
0.888731,0.14547,-0.496063,0.107285,0.117763
0.888981,0.175776,-0.275591,-0.00982568,0.117763
0.889231,0.188589,-0.023622,-0.137169,0.117763
0.889481,0.219409,0.173228,-0.212429,0.117763
0.889731,0.288007,0.322835,-0.220756,0.117763
0.889981,0.3876,0.393701,-0.143908,0.117763
0.890231,0.485584,0.409449,-0.0177796,0.117763
0.890481,0.535864,0.393701,0.113029,0.117763
0.890731,0.497895,0.385827,0.184372,0.117763
0.890981,0.354553,0.385827,0.187398,0.117763
0.891231,0.122139,0.401575,0.118137,0.117763
0.891481,-0.152535,0.393701,0.00037622,0.117763
0.891731,-0.406237,0.330709,-0.106468,0.117763
0.891981,-0.580643,0.19685,-0.168522,0.117763
0.892231,-0.641128,0,-0.151531,0.117763
0.892481,-0.587518,-0.244094,-0.0702207,0.117763
0.892731,-0.452191,-0.480315,0.0485714,0.117763
0.892981,-0.285856,-0.653543,0.163855,0.117763
0.893231,-0.137647,-0.716535,0.212221,0.117763
0.893481,-0.037475,-0.661417,0.184771,0.117763
0.893731,0.0136309,-0.511811,0.0866509,0.117763
0.893981,0.0400467,-0.299213,-0.050575,0.117763
0.894231,0.0776267,-0.0866142,-0.16672,0.117763
0.894481,0.155554,0.0787402,-0.227843,0.117763
0.894731,0.280126,0.188976,-0.201316,0.117763
0.894981,0.429059,0.251969,-0.108695,0.117763
0.895231,0.557711,0.283465,0.022403,0.117763
0.895481,0.615481,0.322835,0.126856,0.117763
0.895731,0.565975,0.377953,0.176182,0.117763
0.895981,0.402819,0.448819,0.143304,0.117763
0.896231,0.154405,0.511811,0.0525055,0.117763
0.896481,-0.123765,0.527559,-0.0690065,0.117763
0.896731,-0.36728,0.456693,-0.154333,0.117763
0.896981,-0.524248,0.291339,-0.183385,0.117763
0.897231,-0.571563,0.0551181,-0.126405,0.117763
0.897481,-0.52077,-0.212598,-0.00937522,0.117763
0.897731,-0.410431,-0.456693,0.119366,0.117763
0.897981,-0.289128,-0.622047,0.21136,0.117763
0.89823,-0.195602,-0.677165,0.23462,0.117763
0.89848,-0.144186,-0.622047,0.168002,0.117763
0.89873,-0.121291,-0.488189,0.04539,0.117763
0.89898,-0.0938173,-0.314961,-0.0826215,0.117763
0.89923,-0.0264598,-0.15748,-0.184262,0.117763
0.89948,0.0998847,-0.0393701,-0.208937,0.117763
0.89973,0.276387,0.0314961,-0.155868,0.117763
0.89998,0.465639,0.0787402,-0.0427702,0.137067
2.02416,-0.196149,0,-0.191312,0.137067
2.02441,-0.0238061,0,-0.0234091,0.137067
2.02466,0.247357,0,0.251703,0.137067
2.02491,0.524516,0,0.523763,0.137067
2.02516,0.685612,-0.0551181,0.687721,0.137067
2.02541,0.649075,-0.275591,0.644318,0.137067
2.02566,0.423587,-0.322835,0.421116,0.137067
2.02591,0.104789,-0.141732,0.100906,0.137067
2.02616,-0.179003,0.133858,-0.185015,0.137067
2.02641,-0.338217,0.330709,-0.345814,0.137067
2.02666,-0.365325,0.385827,-0.387113,0.137067
2.02691,-0.325064,0.307087,-0.357544,0.137067
2.02716,-0.2999,0.19685,-0.329982,0.137067
2.02741,-0.327545,0.125984,-0.359294,0.137067
2.02766,-0.373557,0.102362,-0.384318,0.137067
2.02791,-0.355556,0.0551181,-0.347322,0.137067
2.02816,-0.205666,-0.0629921,-0.178941,0.137067
2.02841,0.0739322,-0.314961,0.127799,0.137067
2.02866,0.397235,-0.622047,0.466906,0.137067
2.02891,0.635682,-0.818898,0.708985,0.137067
2.02916,0.689218,-0.771654,0.761574,0.137067
2.02941,0.542719,-0.464567,0.601867,0.137067
2.02966,0.272804,0.023622,0.304148,0.137067
2.02991,0.0011838,0.535433,-0.0148845,0.137067
2.03016,-0.176646,0.88189,-0.246832,0.137067
2.03041,-0.24042,0.976378,-0.359519,0.137067
2.03066,-0.244141,0.850394,-0.40577,0.137067
2.03091,-0.266107,0.606299,-0.438332,0.137067
2.03116,-0.345154,0.362205,-0.498561,0.137067
2.03141,-0.447731,0.141732,-0.54398,0.137067
2.03166,-0.486724,-0.102362,-0.515637,0.137067
2.03191,-0.381222,-0.417323,-0.322167,0.137067
2.03216,-0.117691,-0.826772,0.0194138,0.137067
2.03241,0.228573,-1,0.430452,0.137067
2.03266,0.527055,-1,0.771273,0.137067
2.03291,0.663251,-1,0.903331,0.137067
2.03316,0.600151,-0.787402,0.80879,0.137067
2.03341,0.394566,-0.0314961,0.537392,0.137067
2.03366,0.157567,0.740157,0.202131,0.137067
2.03391,-0.0136042,1,-0.0780807,0.137067
2.03416,-0.0907836,1,-0.274423,0.137067
2.03441,-0.120475,1,-0.386873,0.137067
2.03466,-0.177916,1,-0.498279,0.137067
2.03491,-0.30388,0.897638,-0.61852,0.137067
2.03516,-0.466441,0.488189,-0.726488,0.137067
2.03541,-0.573094,0.015748,-0.744159,0.137067
2.03567,-0.529888,-0.559055,-0.576433,0.137067
2.03592,-0.30554,-1,-0.220502,0.137067
2.03617,0.0379758,-1,0.253158,0.137067
2.03642,0.374267,-1,0.687739,0.137067
2.03667,0.578006,-1,0.94654,0.137067
2.03692,0.593612,-1,0.95887,0.137067
2.03717,0.458724,-0.503937,0.768764,0.137067
2.03742,0.272571,0.551181,0.478479,0.137067
2.03767,0.12968,1,0.205419,0.137067
2.03792,0.061882,1,-0.0119009,0.137067
2.03817,0.0278267,1,-0.185394,0.137067
2.03842,-0.0477808,1,-0.368294,0.137067
2.03867,-0.209307,1,-0.576293,0.137067
2.03892,-0.426847,1,-0.793033,0.137067
2.03917,-0.604442,0.590551,-0.905132,0.137067
2.03942,-0.63522,-0.23622,-0.839658,0.137067
2.03967,-0.46956,-1,-0.537169,0.137067
2.03992,-0.152593,-1,-0.0698324,0.137067
2.04017,0.196092,-1,0.428533,0.137067
2.04042,0.446516,-1,0.777975,0.137067
2.04067,0.528218,-1,0.923281,0.137067
2.04092,0.461976,-1,0.844553,0.137067
2.04117,0.33453,-0.125984,0.658372,0.137067
2.04142,0.235515,1,0.452062,0.137067
2.04167,0.197675,1,0.274918,0.137067
2.04192,0.180711,1,0.106334,0.137067
2.04217,0.107038,1,-0.110181,0.137067
2.04242,-0.0728291,1,-0.381051,0.137067
2.04267,-0.333816,1,-0.686564,0.137067
2.04292,-0.5778,1,-0.921092,0.137067
2.04317,-0.686688,0.535433,-0.96629,0.137067
2.04342,-0.592893,-0.685039,-0.765155,0.137067
2.04367,-0.323348,-1,-0.362804,0.137067
2.04392,0.0132555,-1,0.126454,0.137067
2.04417,0.286396,-1,0.525401,0.137067
2.04442,0.415691,-1,0.754301,0.137067
2.04467,0.40808,-1,0.78287,0.137067
2.04492,0.338957,-1,0.696979,0.137067
2.04517,0.292342,0.212598,0.577947,0.137067
2.04542,0.299528,1,0.477116,0.137067
2.04567,0.318671,1,0.355128,0.137067
2.04592,0.267838,1,0.154984,0.137067
2.04617,0.0895384,1,-0.155324,0.137067
2.04642,-0.19798,1,-0.518514,0.137067
2.04667,-0.497001,1,-0.84945,0.137067
2.04692,-0.68054,1,-0.999481,0.137067
2.04717,-0.664515,0.19685,-0.906891,0.137067
2.04742,-0.457177,-1,-0.589385,0.137067
2.04767,-0.15457,-1,-0.147057,0.137067
2.04792,0.117197,-1,0.266243,0.137067
2.04817,0.272062,-1,0.546114,0.137067
2.04842,0.306877,-1,0.653553,0.137067
2.04867,0.288321,-1,0.656325,0.137067
2.04892,0.294833,-0.826772,0.625427,0.137067
2.04917,0.35528,0.448819,0.60955,0.137067
2.04942,0.425078,1,0.554278,0.137067
2.04967,0.415612,1,0.397602,0.137067
2.04992,0.259479,1,0.0988201,0.137067
2.05017,-0.0344334,1,-0.310395,0.137067
2.05042,-0.371568,1,-0.709022,0.137067
2.05067,-0.619461,1,-0.967903,0.137067
2.05092,-0.679489,1,-0.995054,0.137067
2.05117,-0.542587,-0.377953,-0.76946,0.137067
2.05142,-0.29006,-1,-0.391727,0.137067
2.05167,-0.0417016,-1,0.00233632,0.137067
2.05192,0.11555,-1,0.299478,0.137067
2.05217,0.172982,-1,0.47238,0.137067
2.05242,0.191036,-1,0.554078,0.137067
2.05267,0.244387,-1,0.610658,0.137067
2.05292,0.359658,-0.637795,0.677552,0.137067
2.05317,0.488359,0.645669,0.710756,0.137067
2.05342,0.53442,1,0.628986,0.137067
2.05367,0.418928,1,0.368039,0.137067
2.05392,0.139379,1,-0.0537104,0.137067
2.05417,-0.215802,1,-0.523401,0.137067
2.05442,-0.511918,1,-0.874654,0.137067
2.05467,-0.63937,1,-0.993844,0.137067
2.05492,-0.573605,0.779528,-0.879344,0.137067
2.05517,-0.381318,-1,-0.580206,0.137067
2.05542,-0.173777,-1,-0.242187,0.137067
2.05567,-0.0353185,-1,0.0398842,0.137067
2.05592,0.0233569,-1,0.240278,0.137067
2.05617,0.0599222,-1,0.373759,0.137067
2.05642,0.148053,-1,0.506801,0.137067
2.05667,0.312791,-1,0.663233,0.137067
2.05692,0.502204,-0.519685,0.790828,0.137067
2.05717,0.612321,0.88189,0.794035,0.137067
2.05742,0.551995,1,0.599074,0.137067
2.05767,0.306015,1,0.202674,0.137067
2.05792,-0.0464638,1,-0.279987,0.137067
2.05817,-0.371004,1,-0.703239,0.137067
2.05842,-0.55112,1,-0.919124,0.137067
2.05867,-0.550021,1,-0.906027,0.137067
2.05892,-0.421129,0.141732,-0.699597,0.137067
2.05917,-0.266041,-1,-0.440726,0.137067
2.05942,-0.164297,-1,-0.198287,0.137067
2.05967,-0.124822,-1,-0.00704864,0.137067
2.05992,-0.0891357,-1,0.154505,0.137067
2.06017,0.0175349,-1,0.353896,0.137067
2.06043,0.22062,-1,0.581577,0.137067
2.06068,0.466052,-1,0.79793,0.137067
2.06093,0.642338,-0.330709,0.902165,0.137067
2.06118,0.646296,1,0.790582,0.137067
2.06143,0.449279,1,0.45901,0.137067
2.06168,0.119733,1,-0.0252378,0.137067
2.06193,-0.212108,1,-0.479476,0.137067
2.06218,-0.426494,1,-0.781689,0.137067
2.06243,-0.477507,1,-0.85736,0.137067
2.06268,-0.408199,1,-0.760278,0.137067
2.06293,-0.310812,-0.425197,-0.579868,0.137067
2.06318,-0.2584,-1,-0.409523,0.137067
2.06343,-0.255542,-1,-0.251752,0.137067
2.06368,-0.239713,-1,-0.0891488,0.137067
2.06393,-0.132958,-1,0.140024,0.137067
2.06418,0.0936096,-1,0.439349,0.137067
2.06443,0.384778,-1,0.751585,0.137067
2.06468,0.622886,-1,0.952364,0.137067
2.06493,0.694345,0.023622,0.92912,0.137067
2.06518,0.556774,1,0.669894,0.137067
2.06543,0.267006,1,0.240668,0.137067
2.06568,-0.0515883,1,-0.228508,0.137067
2.06593,-0.279697,1,-0.575686,0.137067
2.06618,-0.365998,1,-0.732339,0.137067
2.06643,-0.346584,1,-0.72478,0.137067
2.06668,-0.30556,0.913386,-0.648074,0.137067
2.06693,-0.309177,-0.84252,-0.561941,0.137067
2.06718,-0.355854,-1,-0.473136,0.137067
2.06743,-0.376777,-1,-0.342527,0.137067
2.06768,-0.287637,-1,-0.113592,0.137067
2.06793,-0.0549919,-1,0.241647,0.137067
2.06818,0.267229,-1,0.620601,0.137067
2.06843,0.557621,-1,0.913272,0.137067
2.06868,0.693414,-1,1.00041,0.137067
2.06893,0.619983,0.622047,0.837597,0.137067
2.06918,0.382125,1,0.465756,0.137067
2.06943,0.0949032,1,0.034522,0.137067
2.06968,-0.126007,1,-0.329127,0.137067
2.06993,-0.228557,1,-0.539184,0.137067
2.07018,-0.244659,1,-0.612052,0.137067
2.07043,-0.252798,1,-0.617475,0.137067
2.07068,-0.313099,0.527559,-0.624147,0.137067
2.07093,-0.416694,-1,-0.633076,0.137067
2.07118,-0.487185,-1,-0.571661,0.137067
2.07143,-0.431867,-1,-0.365669,0.137067
2.07168,-0.210557,-1,0.00140065,0.137067
2.07193,0.126017,-1,0.438853,0.137067
2.07218,0.454595,-1,0.804825,0.137067
2.07243,0.645795,-1,0.993584,0.137067
2.07268,0.634978,-0.771654,0.917949,0.137067
2.07293,0.455997,1,0.637094,0.137067
2.07318,0.214287,1,0.263733,0.137067
2.07343,0.019496,1,-0.0780657,0.137067
2.07368,-0.0794792,1,-0.312557,0.137067
2.07393,-0.113854,1,-0.445926,0.137067
2.07418,-0.159689,1,-0.532551,0.137067
2.07443,-0.271633,1,-0.622595,0.137067
2.07468,-0.433933,0.267717,-0.717079,0.137067
2.07493,-0.561468,-1,-0.730679,0.137067
2.07518,-0.552333,-1,-0.588096,0.137067
2.07543,-0.358591,-1,-0.237621,0.137067
2.07568,-0.0253378,-1,0.220889,0.137067
2.07593,0.324462,-1,0.660383,0.137067
2.07618,0.557836,-1,0.92202,0.137067
2.07643,0.60273,-1,0.949236,0.137067
2.07668,0.483738,-0.023622,0.757054,0.137067
2.07693,0.29684,1,0.448251,0.137067
2.07718,0.143556,1,0.156102,0.137067
2.07743,0.0668382,1,-0.0636549,0.137067
2.07768,0.0324885,1,-0.228751,0.137067
2.07793,-0.0360472,1,-0.383547,0.137067
2.07818,-0.190205,1,-0.562205,0.137067
2.07843,-0.407559,1,-0.747199,0.137067
2.07868,-0.594413,0.015748,-0.84713,0.137067
2.07893,-0.63956,-1,-0.778695,0.137067
2.07918,-0.485924,-1,-0.484006,0.137067
2.07943,-0.172739,-1,-0.0219365,0.137067
2.07968,0.180298,-1,0.455769,0.137067
2.07993,0.439197,-1,0.796584,0.137067
2.08018,0.528172,-1,0.906261,0.137067
2.08043,0.464941,-1,0.805515,0.137067
2.08068,0.336802,0.708661,0.591413,0.137067
2.08093,0.236209,1,0.362739,0.137067
2.08118,0.197738,1,0.181779,0.137067
2.08143,0.180379,1,0.0123592,0.137067
2.08168,0.105453,1,-0.176227,0.137067
2.08193,-0.0776792,1,-0.428557,0.137067
2.08218,-0.341735,1,-0.69331,0.137067
2.08243,-0.58494,1,-0.901452,0.137067
2.08268,-0.687025,-0.401575,-0.911898,0.137067
2.08293,-0.582369,-1,-0.676422,0.137067
2.08318,-0.303414,-1,-0.254159,0.137067
2.08343,0.0352644,-1,0.228628,0.137067
2.08368,0.301774,-1,0.607392,0.137067
2.08393,0.419492,-1,0.790343,0.137067
2.08418,0.402857,-1,0.773998,0.137067
2.08443,0.332288,-0.708661,0.655322,0.137067
2.08468,0.29065,1,0.510867,0.137067
2.08493,0.302362,1,0.399087,0.137067
2.08519,0.317671,1,0.263279,0.137067
2.08544,0.252265,1,0.0561871,0.137067
2.08569,0.0546483,1,-0.251384,0.137067
2.08594,-0.244195,1,-0.595494,0.137067
2.08619,-0.535818,1,-0.887247,0.137067
2.08644,-0.692509,1,-0.97813,0.137067
2.08669,-0.641026,-1,-0.834131,0.137067
2.08694,-0.406621,-1,-0.462932,0.137067
2.08719,-0.0981498,-1,-0.00511973,0.137067
2.08744,0.15754,-1,0.388187,0.137067
2.08769,0.287254,-1,0.617954,0.137067
2.08794,0.304512,-1,0.678752,0.137067
2.08819,0.285543,-1,0.64995,0.137067
2.08844,0.304192,-0.11811,0.604343,0.137067
2.08869,0.373702,1,0.56451,0.137067
2.08894,0.4335,1,0.481711,0.137067
2.08919,0.391734,1,0.292937,0.137067
2.08944,0.194791,1,-0.0363349,0.137067
2.08969,-0.124478,1,-0.45038,0.137067
2.08994,-0.453209,1,-0.812795,0.137067
2.09019,-0.657449,1,-0.994998,0.137067
2.09044,-0.658195,0.330709,-0.920685,0.137067
2.09069,-0.474912,-1,-0.633356,0.137067
2.09094,-0.209249,-1,-0.22701,0.137067
2.09119,0.0189874,-1,0.152676,0.137067
2.09144,0.142865,-1,0.399649,0.137067
2.09169,0.179143,-1,0.520962,0.137067
2.09194,0.202129,-1,0.571002,0.137067
2.09219,0.277733,-1,0.62343,0.137067
2.09244,0.407674,0.299213,0.666815,0.137067
2.09269,0.519623,1,0.661512,0.137067
2.09294,0.513197,1,0.514647,0.137067
2.09319,0.330907,1,0.189535,0.137067
2.09344,0.00587047,1,-0.257525,0.137067
2.09369,-0.345554,1,-0.685006,0.137067
2.09394,-0.58622,1,-0.946805,0.137067
2.09419,-0.63399,1,-0.959645,0.137067
2.09444,-0.503523,-0.559055,-0.74385,0.137067
2.09469,-0.289868,-1,-0.408856,0.137067
2.09494,-0.103607,-1,-0.0821929,0.137067
2.09519,-0.00222649,-1,0.168626,0.137067
2.09544,0.037599,-1,0.322677,0.137067
2.09569,0.090249,-1,0.434145,0.137067
2.09594,0.215495,-1,0.568526,0.137067
2.09619,0.403854,-1,0.712871,0.137067
2.09644,0.571076,0.669291,0.784684,0.137067
2.09669,0.607634,1,0.697133,0.137067
2.09694,0.451746,1,0.400519,0.137067
2.09719,0.136059,1,-0.0567859,0.137067
2.09744,-0.222777,1,-0.530448,0.137067
2.09769,-0.48627,1,-0.845477,0.137067
2.09794,-0.571626,1,-0.933255,0.137067
2.09819,-0.491573,0.84252,-0.797409,0.137067
2.09844,-0.334787,-1,-0.546592,0.137067
2.09869,-0.201564,-1,-0.278473,0.137067
2.09894,-0.137488,-1,-0.0664916,0.137067
2.09919,-0.109468,-1,0.106677,0.137067
2.09944,-0.0406334,-1,0.273388,0.137067
2.09969,0.124387,-1,0.484606,0.137067
2.09994,0.365215,-1,0.716265,0.137067
2.10019,0.586254,-0.76378,0.876102,0.137067
2.10044,0.669429,1,0.856835,0.137067
2.10069,0.548459,1,0.604698,0.137067
2.10094,0.254809,1,0.158165,0.137067
2.10119,-0.0951855,1,-0.329313,0.137067
2.10144,-0.365893,1,-0.693842,0.137067
2.10169,-0.476851,1,-0.853303,0.137067
2.10194,-0.440969,1,-0.801785,0.137067
2.10219,-0.342065,-0.0472441,-0.635003,0.137067
2.10244,-0.269176,-1,-0.45361,0.137067
2.10269,-0.253894,-1,-0.290651,0.137067
2.10294,-0.251274,-1,-0.146451,0.137067
2.10319,-0.179796,-1,0.0603135,0.137067
2.10344,0.0127365,-1,0.338116,0.137067
2.10369,0.296932,-1,0.646634,0.137067
2.10394,0.566378,-1,0.896323,0.137067
2.10419,0.695295,-0.181102,0.947677,0.137067
2.10444,0.614246,1,0.759622,0.137067
2.10469,0.353467,1,0.363693,0.137067
2.10494,0.0268175,1,-0.114163,0.137067
2.10519,-0.234867,1,-0.497641,0.137067
2.10544,-0.357154,1,-0.698384,0.137067
2.10569,-0.356404,1,-0.721086,0.137067
2.10594,-0.312601,1,-0.643634,0.137067
2.10619,-0.30334,-0.787402,-0.556998,0.137067
2.10644,-0.344797,-1,-0.476004,0.137067
2.10669,-0.379024,-1,-0.36979,0.137067
2.10694,-0.316883,-1,-0.157002,0.137067
2.10719,-0.109377,-1,0.157714,0.137067
2.10744,0.206305,-1,0.533985,0.137067
2.10769,0.514917,-1,0.858688,0.137067
2.10794,0.684973,-1,0.987861,0.137067
2.10819,0.645084,0.653543,0.85831,0.137067
2.10844,0.424871,1,0.518267,0.137067
2.10869,0.134504,1,0.0848466,0.137067
2.10894,-0.102405,1,-0.296742,0.137067
2.10919,-0.221534,1,-0.51914,0.137067
2.10944,-0.244703,1,-0.599285,0.137067
2.10969,-0.249896,1,-0.597731,0.137067
2.10995,-0.303852,0.629921,-0.606426,0.137067
2.1102,-0.406407,-1,-0.603248,0.137067
2.11045,-0.484669,-1,-0.555894,0.137067
2.1107,-0.442575,-1,-0.367369,0.137067
2.11095,-0.232417,-1,-0.0238198,0.137067
2.1112,0.101892,-1,0.405645,0.137067
2.11145,0.437763,-1,0.786018,0.137067
2.1117,0.640724,-1,0.983195,0.137067
2.11195,0.639636,-0.708661,0.917818,0.137067
2.1122,0.464335,1,0.63954,0.137067
2.11245,0.220894,1,0.25831,0.137067
2.1127,0.0225113,1,-0.0808186,0.137067
2.11295,-0.0789439,1,-0.324933,0.137067
2.1132,-0.113655,1,-0.446749,0.137067
2.11345,-0.159866,1,-0.527542,0.137067
2.1137,-0.273145,1,-0.622864,0.137067
2.11395,-0.436849,0.0866142,-0.713033,0.137067
2.1142,-0.563305,-1,-0.7291,0.137067
2.11445,-0.548962,-1,-0.573803,0.137067
2.1147,-0.346801,-1,-0.222666,0.137067
2.11495,-0.00754527,-1,0.248195,0.137067
2.1152,0.341935,-1,0.673743,0.137067
2.11545,0.566611,-1,0.930249,0.137067
2.1157,0.598831,-1,0.933259,0.137067
2.11595,0.469827,0.362205,0.730844,0.137067
2.1162,0.280956,1,0.428544,0.137067
2.11645,0.132923,1,0.137965,0.137067
2.1167,0.0625631,1,-0.0795733,0.137067
2.11695,0.0278501,1,-0.237313,0.137067
2.1172,-0.0496297,1,-0.387208,0.137067
2.11745,-0.215502,1,-0.565433,0.137067
2.1177,-0.436927,1,-0.748668,0.137067
2.11795,-0.611686,-0.440945,-0.847174,0.137067
2.1182,-0.629395,-1,-0.740794,0.137067
2.11845,-0.444878,-1,-0.416506,0.137067
2.1187,-0.113649,-1,0.058654,0.137067
2.11895,0.234962,-1,0.523892,0.137067
2.1192,0.468636,-1,0.815391,0.137067
2.11945,0.5259,-1,0.882481,0.137067
2.1197,0.441593,-0.968504,0.751806,0.137067
2.11995,0.311848,1,0.532549,0.137067
2.1202,0.223271,1,0.312565,0.137067
2.12045,0.194743,1,0.138012,0.137067
2.1207,0.171335,1,-0.0252357,0.137067
2.12095,0.0725884,1,-0.221905,0.137067
2.1212,-0.137203,1,-0.487431,0.137067
2.12145,-0.409457,1,-0.757361,0.137067
2.1217,-0.628782,0.937008,-0.922967,0.137067
2.12195,-0.67993,-1,-0.868736,0.137067
2.1222,-0.519844,-1,-0.584104,0.137067
2.12245,-0.208408,-1,-0.118637,0.137067
2.1227,0.124483,-1,0.347486,0.137067
2.12295,0.353198,-1,0.674604,0.137067
2.1232,0.425819,-1,0.798016,0.137067
2.12345,0.382138,-1,0.733046,0.137067
2.1237,0.313072,0.0551181,0.606418,0.137067
2.12395,0.28972,1,0.474227,0.58171
2.1242,0.311318,1,0.353354,0.58171
2.12445,0.308374,1,0.20799,0.58171
2.1247,0.198513,1,-0.0344675,0.58171
2.12495,-0.0449526,1,-0.35455,0.58171
2.1252,-0.358683,1,-0.705284,0.58171
2.12545,-0.615846,1,-0.941012,0.58171
2.1257,-0.698367,0.11811,-0.945286,0.58171
2.12595,-0.566996,-1,-0.710139,0.58171
2.1262,-0.285754,-1,-0.294501,0.58171
2.12645,0.0175746,-1,0.158174,0.58171
2.1267,0.227358,-1,0.491169,0.58171
2.12695,0.304628,-1,0.636802,0.58171
2.1272,0.295757,-1,0.655749,0.58171
2.12745,0.286408,-1,0.607739,0.58171
2.1277,0.330791,0.84252,0.578036,0.58171
2.12795,0.40719,1,0.531841,0.58171
2.1282,0.431859,1,0.416183,0.58171
2.12845,0.319603,1,0.160039,0.58171
2.1287,0.0535098,1,-0.213986,0.58171
2.12895,-0.290145,1,-0.618964,0.58171
2.1292,-0.575486,1,-0.908606,0.58171
2.12945,-0.684462,1,-0.975125,0.58171
2.1297,-0.583784,-0.976378,-0.783781,0.58171
2.12995,-0.341159,-1,-0.419308,0.58171
2.1302,-0.0799148,-1,-0.01458,0.58171
2.13045,0.0981355,-1,0.293575,0.58171
2.1307,0.169212,-1,0.467112,0.58171
2.13095,0.187969,-1,0.534372,0.58171
2.1312,0.235185,-1,0.572931,0.58171
2.13145,0.346668,-0.480315,0.629352,0.58171
2.1317,0.479773,1,0.661381,0.58171
2.13195,0.53589,1,0.584823,0.58171
2.1322,0.428876,1,0.333496,0.58171
2.13245,0.150896,1,-0.0768869,0.58171
2.1327,-0.209627,1,-0.525218,0.58171
2.13295,-0.511396,1,-0.864481,0.58171
2.1332,-0.63965,1,-0.969866,0.58171
2.13345,-0.569307,0.267717,-0.829041,0.58171
2.1337,-0.371712,-1,-0.526978,0.58171
2.13395,-0.163073,-1,-0.177139,0.58171
2.1342,-0.0285729,-1,0.100704,0.58171
2.13445,0.0264298,-1,0.274316,0.58171
2.13471,0.0659481,-1,0.40097,0.58171
2.13496,0.164341,-1,0.525957,0.58171
2.13521,0.339255,-1,0.672124,0.58171
2.13546,0.526992,0.149606,0.782479,0.58171
2.13571,0.615677,1,0.757373,0.58171
2.13596,0.519523,1,0.51969,0.58171
2.13621,0.240359,1,0.0876296,0.58171
2.13646,-0.123322,1,-0.394799,0.58171
2.13671,-0.428158,1,-0.769101,0.58171
2.13696,-0.567058,1,-0.927901,0.58171
2.13721,-0.524779,1,-0.853478,0.58171
2.13746,-0.376548,-0.968504,-0.617559,0.58171
2.13771,-0.228884,-1,-0.346715,0.58171
2.13796,-0.1472,-1,-0.120285,0.58171
2.13821,-0.116724,-1,0.0520349,0.58171
2.13846,-0.0635805,-1,0.216599,0.58171
2.13871,0.0794832,-1,0.41379,0.58171
2.13896,0.311728,-1,0.647866,0.58171
2.13921,0.548823,-1,0.843107,0.58171
2.13946,0.668379,0.913386,0.866421,0.58171
2.13971,0.586914,1,0.656949,0.58171
2.13996,0.316395,1,0.243294,0.58171
2.14021,-0.0367297,1,-0.244804,0.58171
2.14046,-0.330964,1,-0.636646,0.58171
2.14071,-0.470485,1,-0.820645,0.58171
2.14096,-0.452894,1,-0.800191,0.58171
2.14121,-0.356352,0.244094,-0.643111,0.58171
2.14146,-0.275542,-1,-0.460219,0.58171
2.14171,-0.253534,-1,-0.308412,0.58171
2.14196,-0.253807,-1,-0.159745,0.58171
2.14221,-0.193467,-1,0.0336078,0.58171
2.14246,-0.012918,-1,0.302455,0.58171
2.14271,0.267928,-1,0.616238,0.58171
2.14296,0.546273,-1,0.871268,0.58171
2.14321,0.692312,-0.322835,0.946576,0.58171
2.14346,0.627447,1,0.777345,0.58171
2.14371,0.37452,1,0.386805,0.58171
2.14396,0.0454193,1,-0.0832218,0.58171
2.14421,-0.224565,1,-0.483918,0.58171
2.14446,-0.35492,1,-0.68969,0.58171
2.14471,-0.357825,1,-0.721137,0.58171
2.14496,-0.313607,1,-0.641774,0.58171
2.14521,-0.302924,-0.787402,-0.554567,0.58171
2.14546,-0.344188,-1,-0.478326,0.58171
2.14571,-0.378973,-1,-0.375279,0.58171
2.14596,-0.316728,-1,-0.167745,0.58171
2.14621,-0.106677,-1,0.156942,0.58171
2.14646,0.212233,-1,0.539235,0.58171
2.14671,0.521428,-1,0.860557,0.58171
2.14696,0.687139,-1,0.980752,0.58171
2.14721,0.639216,0.811024,0.845388,0.58171
2.14746,0.411498,1,0.501945,0.58171
2.14771,0.119007,1,0.0717913,0.58171
2.14796,-0.113601,1,-0.303455,0.58171
2.14821,-0.225631,1,-0.51673,0.58171
2.14846,-0.244673,1,-0.582675,0.58171
2.14871,-0.252074,1,-0.586651,0.58171
2.14896,-0.312118,0.456693,-0.596094,0.58171
2.14921,-0.417139,-1,-0.608649,0.58171
2.14946,-0.487524,-1,-0.54715,0.58171
2.14971,-0.426862,-1,-0.342013,0.58171
2.14996,-0.195506,-1,0.0208099,0.58171
2.15021,0.149211,-1,0.454396,0.58171
2.15046,0.476645,-1,0.812981,0.58171
2.15071,0.653759,-1,0.980853,0.58171
2.15096,0.621804,-0.338583,0.884389,0.58171
2.15121,0.426132,1,0.583062,0.58171
2.15146,0.181643,1,0.206992,0.58171
2.15171,-0.00266295,1,-0.119104,0.58171
2.15196,-0.0881926,1,-0.332219,0.58171
2.15221,-0.119194,1,-0.450714,0.58171
2.15246,-0.176475,1,-0.534282,0.58171
2.15271,-0.305122,1,-0.633725,0.58171
2.15296,-0.471188,-0.330709,-0.721333,0.58171
2.15321,-0.575234,-1,-0.717341,0.58171
2.15346,-0.51861,-1,-0.512664,0.58171
2.15371,-0.274559,-1,-0.13275,0.58171
2.15396,0.08322,-1,0.342534,0.58171
2.15421,0.415132,-1,0.745385,0.58171
2.15446,0.594097,-1,0.941624,0.58171
2.15471,0.57646,-1,0.890182,0.58171
2.15496,0.418579,1,0.642301,0.58171
2.15521,0.231586,1,0.34323,0.58171
2.15546,0.105029,1,0.0697164,0.58171
2.15571,0.0520042,1,-0.123119,0.58171
2.15596,0.0119504,1,-0.268158,0.58171
2.15621,-0.0920862,1,-0.421067,0.58171
2.15646,-0.284777,1,-0.615162,0.58171
2.15671,-0.505846,0.889764,-0.788193,0.58171
2.15696,-0.63936,-1,-0.825198,0.58171
2.15721,-0.587889,-1,-0.652171,0.58171
2.15746,-0.33899,-1,-0.265004,0.58171
2.15771,0.0178363,-1,0.227239,0.58171
2.15796,0.33961,-1,0.645037,0.58171
2.15821,0.510981,-1,0.858149,0.58171
2.15846,0.505792,-1,0.840509,0.58171
2.15871,0.390446,-0.0551181,0.667293,0.58171
2.15896,0.268684,1,0.43859,0.58171
2.15921,0.206202,1,0.242397,0.58171
2.15947,0.189209,1,0.0831295,0.58171
2.15972,0.142656,1,-0.0936559,0.58171
2.15997,-0.0044308,1,-0.319089,0.58171
2.16022,-0.254132,1,-0.595003,0.58171
2.16047,-0.521205,1,-0.84151,0.58171
2.16072,-0.677621,0.00787402,-0.923172,0.58171
2.16097,-0.631351,-1,-0.766694,0.58171
2.16122,-0.386251,-1,-0.386119,0.58171
2.16147,-0.0443865,-1,0.0952823,0.58171
2.16172,0.253213,-1,0.514817,0.58171
2.16197,0.407755,-1,0.745937,0.58171
2.16222,0.413336,-1,0.769937,0.58171
2.16247,0.344637,-1,0.661951,0.58171
2.16272,0.293509,1,0.526735,0.58171
2.16297,0.298568,1,0.411597,0.58171
2.16322,0.318501,1,0.29591,0.58171
2.16347,0.266486,1,0.101052,0.58171
2.16372,0.0809474,1,-0.190056,0.58171
2.16397,-0.216278,1,-0.542072,0.58171
2.16422,-0.517839,1,-0.853113,0.58171
2.16447,-0.688907,1,-0.973701,0.58171
2.16472,-0.647292,-1,-0.836098,0.58171
2.16497,-0.414305,-1,-0.486554,0.58171
2.16522,-0.101489,-1,-0.0245923,0.58171
2.16547,0.158441,-1,0.366341,0.58171
2.16572,0.288544,-1,0.594098,0.58171
2.16597,0.304014,-1,0.65648,0.58171
2.16622,0.285156,-1,0.620005,0.58171
2.16647,0.307515,0.0314961,0.587363,0.58171
2.16672,0.380054,1,0.550511,0.58171
2.16697,0.435186,1,0.473769,0.58171
2.16722,0.377715,1,0.279327,0.58171
2.16747,0.159397,1,-0.0616064,0.58171
2.16772,-0.173957,1,-0.476585,0.58171
2.16797,-0.496661,1,-0.827485,0.58171
2.16822,-0.67293,1,-0.981124,0.58171
2.16847,-0.63545,-0.15748,-0.876112,0.58171
2.16872,-0.423247,-1,-0.551941,0.58171
2.16897,-0.152566,-1,-0.150549,0.58171
2.16922,0.058186,-1,0.200039,0.58171
2.16947,0.157692,-1,0.416699,0.58171
2.16972,0.183165,-1,0.513499,0.58171
2.16997,0.216427,-1,0.553204,0.58171
2.17022,0.312524,-1,0.616461,0.58171
2.17047,0.449138,0.952756,0.668106,0.58171
2.17072,0.53486,1,0.639669,0.58171
2.17097,0.471241,1,0.435186,0.58171
2.17122,0.226686,1,0.0504097,0.58171
2.17147,-0.129144,1,-0.402464,0.58171
2.17172,-0.458329,1,-0.791106,0.58171
2.17197,-0.630159,1,-0.963141,0.58171
2.17222,-0.596913,0.826772,-0.870188,0.58171
2.17247,-0.414078,-1,-0.599743,0.58171
2.17272,-0.197638,-1,-0.254284,0.58171
2.17297,-0.0456473,-1,0.0314586,0.58171
2.17322,0.0204765,-1,0.234262,0.58171
2.17347,0.0571712,-1,0.361597,0.58171
2.17372,0.14353,-1,0.48756,0.58171
2.17397,0.310464,-1,0.642311,0.58171
2.17422,0.504102,-0.15748,0.778136,0.58171
2.17447,0.613454,1,0.775067,0.58171
2.17472,0.542561,1,0.569917,0.58171
2.17497,0.279977,1,0.163901,0.58171
2.17522,-0.0838732,1,-0.323654,0.58171
2.17547,-0.403666,1,-0.722333,0.58171
2.17572,-0.562194,1,-0.905551,0.58171
2.17597,-0.534133,1,-0.855746,0.58171
2.17622,-0.389373,-0.724409,-0.640599,0.58171
2.17647,-0.237523,-1,-0.373822,0.58171
2.17672,-0.150265,-1,-0.148523,0.58171
2.17697,-0.118192,-1,0.0197856,0.58171
2.17722,-0.0680099,-1,0.181406,0.58171
2.17747,0.0715047,-1,0.385071,0.58171
2.17772,0.303221,-1,0.62838,0.58171
2.17797,0.543596,-1,0.822419,0.58171
2.17822,0.667916,0.834646,0.866591,0.58171
2.17847,0.588932,1,0.668713,0.58171
2.17872,0.317632,1,0.268358,0.58171
2.17897,-0.0379902,1,-0.22207,0.58171
2.17922,-0.33353,1,-0.623487,0.58171
2.17947,-0.471508,1,-0.805851,0.58171
2.17972,-0.450978,1,-0.786343,0.58171
2.17997,-0.352773,0.23622,-0.624168,0.58171
2.18022,-0.273453,-1,-0.447756,0.58171
2.18047,-0.25361,-1,-0.309186,0.58171
2.18072,-0.252739,-1,-0.160737,0.58171
2.18097,-0.185758,-1,0.0277087,0.58171
2.18122,0.00482752,-1,0.304364,0.58171
2.18147,0.291878,-1,0.621835,0.58171
2.18172,0.565844,-1,0.876941,0.58171
2.18197,0.695653,-0.165354,0.940488,0.58171
2.18222,0.608848,1,0.747224,0.58171
2.18247,0.339577,1,0.344746,0.58171
2.18272,0.00852953,1,-0.128194,0.58171
2.18297,-0.249022,1,-0.499022,0.58171
2.18322,-0.361321,1,-0.687318,0.58171
2.18347,-0.352255,1,-0.700271,0.58171
2.18372,-0.308557,1,-0.623293,0.58171
2.18397,-0.306602,-1,-0.538609,0.58171
2.18423,-0.352752,-1,-0.469761,0.58171
2.18448,-0.3776,-1,-0.35367,0.58171
2.18473,-0.290291,-1,-0.134894,0.58171
2.18498,-0.0531783,-1,0.212839,0.58171
2.18523,0.27692,-1,0.593549,0.58171
2.18548,0.569591,-1,0.896631,0.58171
2.18573,0.695206,-1,0.970865,0.58171
2.18598,0.602282,1,0.790427,0.58171
2.18623,0.347234,1,0.412921,0.58171
2.18648,0.0566569,1,-0.0147866,0.58171
2.18673,-0.151617,1,-0.35909,0.58171
2.18698,-0.236232,1,-0.543057,0.58171
2.18723,-0.244328,1,-0.585336,0.58171
2.18748,-0.261465,1,-0.59217,0.58171
2.18773,-0.338064,-0.0393701,-0.605237,0.58171
2.18798,-0.444317,-1,-0.609761,0.58171
2.18823,-0.48695,-1,-0.525022,0.58171
2.18848,-0.376731,-1,-0.276671,0.58171
2.18873,-0.0997951,-1,0.130559,0.58171
2.18898,0.257922,-1,0.560408,0.58171
2.18923,0.553006,-1,0.886901,0.58171
2.18948,0.666142,-1,0.974272,0.58171
2.18973,0.570876,0.417323,0.806737,0.58171
2.18998,0.34328,1,0.465881,0.58171
2.19023,0.107891,1,0.0992208,0.58171
2.19048,-0.0430381,1,-0.184645,0.58171
2.19073,-0.101499,1,-0.358403,0.58171
2.19098,-0.133361,1,-0.448802,0.58171
2.19123,-0.216076,1,-0.546492,0.58171
2.19148,-0.368293,0.952756,-0.655567,0.58171
2.19173,-0.525068,-1,-0.732658,0.58171
2.19198,-0.575913,-1,-0.667692,0.58171
2.19223,-0.44096,-1,-0.392933,0.58171
2.19248,-0.134128,-1,0.0470835,0.58171
2.19273,0.233726,-1,0.519824,0.58171
2.19298,0.514837,-1,0.840367,0.58171
2.19323,0.609349,-1,0.931436,0.58171
2.19348,0.518106,-0.433071,0.786577,0.58171
2.19373,0.331782,1,0.508042,0.58171
2.19398,0.163587,1,0.204967,0.58171
2.19423,0.0738086,1,-0.0183776,0.58171
2.19448,0.036798,1,-0.185304,0.58171
2.19473,-0.0262861,1,-0.32765,0.58171
2.19498,-0.176261,1,-0.51439,0.58171
2.19523,-0.396712,1,-0.708848,0.58171
2.19548,-0.591009,-0.0629921,-0.835293,0.58171
2.19573,-0.63961,-1,-0.776903,0.58171
2.19598,-0.480731,-1,-0.493679,0.58171
2.19623,-0.157318,-1,-0.0287556,0.58171
2.19648,0.201798,-1,0.449908,0.58171
2.19673,0.454591,-1,0.778146,0.58171
2.19698,0.527597,-1,0.868971,0.58171
2.19723,0.448947,-1,0.752703,0.58171
2.19748,0.317226,1,0.549005,0.58171
2.19773,0.224895,1,0.339546,0.58171
2.19798,0.195034,1,0.168393,0.58171
2.19823,0.171205,1,0.0118841,0.58171
2.19848,0.070201,1,-0.197443,0.58171
2.19873,-0.145058,1,-0.461278,0.58171
2.19898,-0.421689,1,-0.746084,0.58171
2.19923,-0.637712,0.889764,-0.91371,0.58171
2.19948,-0.67503,-1,-0.859587,0.58171
2.19973,-0.495923,-1,-0.55978,0.58171
2.19998,-0.171332,-1,-0.0952813,0.58171
2.20023,0.159908,-1,0.369737,0.58171
2.20048,0.372577,-1,0.674575,0.58171
2.20073,0.424715,-1,0.763124,0.58171
2.20098,0.369786,-1,0.694523,0.58171
2.20123,0.304348,0.346457,0.574101,0.58171
2.20148,0.291899,1,0.450613,0.58171
2.20173,0.315784,1,0.349723,0.58171
2.20198,0.295102,1,0.190614,0.58171
2.20223,0.1508,1,-0.0780449,0.58171
2.20248,-0.123517,1,-0.423099,0.58171
2.20273,-0.440322,1,-0.763199,0.58171
2.20298,-0.661197,1,-0.956484,0.58171
2.20323,-0.680041,-0.480315,-0.894108,0.58171
2.20348,-0.488398,-1,-0.595763,0.58171
2.20373,-0.180497,-1,-0.154815,0.58171
2.20398,0.105311,-1,0.261764,0.58171
2.20423,0.270135,-1,0.534166,0.58171
2.20448,0.306973,-1,0.627797,0.58171
2.20473,0.287753,-1,0.616929,0.58171
2.20498,0.29744,-0.503937,0.581262,0.58171
2.20523,0.36336,1,0.555553,0.58171
2.20548,0.430386,1,0.500419,0.58171
2.20573,0.401197,1,0.33672,0.58171
2.20598,0.211373,1,0.0248508,0.58171
2.20623,-0.110988,1,-0.391379,0.58171
2.20648,-0.448545,1,-0.764454,0.58171
2.20673,-0.658191,1,-0.9688,0.58171
2.20698,-0.654978,0.291339,-0.904082,0.58171
2.20723,-0.461754,-1,-0.61178,0.58171
2.20748,-0.189336,-1,-0.208077,0.58171
2.20773,0.0361644,-1,0.15074,0.58171
2.20798,0.150745,-1,0.389766,0.58171
2.20823,0.181492,-1,0.496034,0.58171
2.20848,0.210115,-1,0.545325,0.58171
2.20873,0.299603,-1,0.608869,0.58171
2.20899,0.436424,0.692913,0.674042,0.58171
2.20924,0.532171,1,0.657677,0.58171
2.20949,0.483293,1,0.46658,0.58171
2.20974,0.2499,1,0.0972726,0.58171
2.20999,-0.104752,1,-0.357971,0.58171
2.21024,-0.44211,1,-0.758486,0.58171
2.21049,-0.626327,1,-0.948614,0.58171
2.21074,-0.602275,1,-0.879289,0.58171
2.21099,-0.42215,-1,-0.614898,0.58171
2.21124,-0.203395,-1,-0.277022,0.58171
2.21149,-0.0478859,-1,0.0189485,0.58171
2.21174,0.0199294,-1,0.21484,0.58171
2.21199,0.0566686,-1,0.344572,0.58171
2.21224,0.143675,-1,0.476419,0.58171
2.21249,0.312152,-1,0.639928,0.58171
2.21274,0.506717,-0.188976,0.774535,0.58171
2.21299,0.614103,1,0.783802,0.58171
2.21324,0.537107,1,0.576815,0.58171
2.21349,0.267197,1,0.166747,0.58171
2.21374,-0.10048,1,-0.321529,0.58171
2.21399,-0.416707,1,-0.72278,0.58171
2.21424,-0.565543,1,-0.902749,0.58171
2.21449,-0.526791,1,-0.842106,0.58171
2.21474,-0.376976,-0.795276,-0.621753,0.58171
2.21499,-0.227414,-1,-0.362292,0.58171
2.21524,-0.145946,-1,-0.148306,0.58171
2.21549,-0.115605,-1,0.0255799,0.58171
2.21574,-0.0583623,-1,0.181471,0.58171
2.21599,0.0938506,-1,0.400277,0.58171
2.21624,0.333789,-1,0.64441,0.58171
2.21649,0.568318,-1,0.842487,0.58171
2.21674,0.670004,1,0.859584,0.58171
2.21699,0.560506,1,0.628026,0.58171
2.21724,0.266327,1,0.200731,0.58171
2.21749,-0.0917925,1,-0.279722,0.58171
2.21774,-0.368184,1,-0.650246,0.58171
2.21799,-0.477707,1,-0.808326,0.58171
2.21824,-0.43599,1,-0.754431,0.58171
2.21849,-0.334232,-0.102362,-0.596226,0.58171
2.21874,-0.265092,-1,-0.419763,0.58171
2.21899,-0.254455,-1,-0.289822,0.58171
2.21924,-0.246892,-1,-0.142132,0.58171
2.21949,-0.155426,-1,0.0687148,0.58171
2.21974,0.0634278,-1,0.356149,0.58171
2.21999,0.361371,-1,0.684649,0.58171
2.22024,0.614246,-1,0.900522,0.58171
2.22049,0.694976,0.307087,0.913627,0.58171
2.22074,0.55421,1,0.662931,0.58171
2.22099,0.253282,1,0.237439,0.58171
2.22124,-0.0724272,1,-0.231792,0.58171
2.22149,-0.295157,1,-0.560055,0.58171
2.22174,-0.367996,1,-0.696535,0.58171
2.22199,-0.338825,1,-0.666977,0.58171
2.22224,-0.301632,0.590551,-0.587795,0.58171
2.22249,-0.317536,-1,-0.515418,0.58171
2.22274,-0.367283,-1,-0.450045,0.58171
2.22299,-0.365241,-1,-0.305335,0.58171
2.22324,-0.228334,-1,-0.0450654,0.58171
2.22349,0.0527116,-1,0.333372,0.58171
2.22374,0.388763,-1,0.707749,0.58171
2.22399,0.637395,-1,0.944256,0.576677
2.22424,0.686376,-0.377953,0.939483,0.576677
2.22449,0.522179,1,0.674144,0.576677
2.22474,0.23578,1,0.263159,0.576677
2.22499,-0.036306,1,-0.14462,0.576677
2.22524,-0.197969,1,-0.422011,0.576677
2.22549,-0.243744,1,-0.556778,0.576677
2.22574,-0.245593,1,-0.585603,0.576677
2.22599,-0.285336,1,-0.596956,0.576677
2.22624,-0.383187,-0.80315,-0.617163,0.576677
2.22649,-0.476312,-1,-0.604307,0.576677
2.22674,-0.461171,-1,-0.456963,0.576677
2.22699,-0.272806,-1,-0.132827,0.576677
2.22724,0.0578087,-1,0.303473,0.576677
2.22749,0.408287,-1,0.712354,0.576677
2.22774,0.63196,-1,0.949604,0.576677
2.22799,0.644856,-1,0.912797,0.576677
2.22824,0.471651,1,0.655529,0.576677
2.22849,0.223315,1,0.293671,0.576677
2.22874,0.0205894,1,-0.042917,0.576677
2.22899,-0.0808188,1,-0.27278,0.576677
2.22924,-0.115328,1,-0.404887,0.576677
2.22949,-0.166162,1,-0.497602,0.576677
2.22974,-0.288802,1,-0.607198,0.576677
2.22999,-0.457277,-0.023622,-0.72027,0.576677
2.23024,-0.572144,-1,-0.737646,0.576677
2.23049,-0.527361,-1,-0.566528,0.576677
2.23074,-0.288316,-1,-0.185866,0.576677
2.23099,0.0728699,-1,0.29226,0.576677
2.23124,0.411335,-1,0.709717,0.576677
2.23149,0.594215,-1,0.915366,0.576677
2.23174,0.574743,-1,0.874051,0.576677
2.23199,0.412643,0.905512,0.639131,0.576677
2.23224,0.223947,1,0.341429,0.576677
2.23249,0.0998449,1,0.0816669,0.576677
2.23274,0.0494402,1,-0.0955156,0.576677
2.23299,0.0061214,1,-0.243049,0.576677
2.23324,-0.10861,1,-0.409892,0.576677
2.23349,-0.311997,1,-0.61579,0.576677
2.23375,-0.531722,0.732283,-0.787734,0.576677
2.234,-0.644992,-1,-0.822372,0.576677
2.23425,-0.559094,-1,-0.620853,0.576677
2.2345,-0.278778,-1,-0.201505,0.576677
2.23475,0.0881005,-1,0.288606,0.576677
2.235,0.390634,-1,0.674055,0.576677
2.23525,0.524125,-1,0.844189,0.576677
2.2355,0.48419,-1,0.787752,0.576677
2.23575,0.35629,0.354331,0.600681,0.576677
2.236,0.245021,1,0.388384,0.576677
2.23625,0.199232,1,0.215531,0.576677
2.2365,0.182358,1,0.0581463,0.576677
2.23675,0.109097,1,-0.121566,0.576677
2.237,-0.0779957,1,-0.375945,0.576677
2.23725,-0.350495,1,-0.663867,0.576677
2.2375,-0.59652,1,-0.874829,0.576677
2.23775,-0.68627,-0.661417,-0.890648,0.576677
2.238,-0.555627,-1,-0.645976,0.576677
2.23825,-0.251674,-1,-0.206108,0.576677
2.2385,0.0933292,-1,0.268362,0.576677
2.23875,0.340718,-1,0.609396,0.576677
2.239,0.425637,-1,0.749017,0.576677
2.23925,0.384657,-1,0.7038,0.576677
2.2395,0.313776,-0.19685,0.590997,0.576677
2.23975,0.289794,1,0.465873,0.576677
2.24,0.312041,1,0.3695,0.576677
2.24025,0.305776,1,0.223463,0.576677
2.2405,0.184138,1,-0.0211247,0.576677
2.24075,-0.0750993,1,-0.362763,0.576677
2.241,-0.396144,1,-0.71691,0.576677
2.24125,-0.640814,1,-0.943037,0.576677
2.2415,-0.690713,-0.0708661,-0.924512,0.576677
2.24175,-0.521598,-1,-0.65026,0.576677
2.242,-0.218438,-1,-0.218794,0.576677
2.24225,0.0783996,-1,0.206951,0.576677
2.2425,0.259708,-1,0.509733,0.576677
2.24275,0.307353,-1,0.617765,0.576677
2.243,0.289268,-1,0.616142,0.576677
2.24325,0.29436,-0.76378,0.590042,0.576677
2.2435,0.357279,1,0.573194,0.576677
2.24375,0.42779,1,0.528913,0.576677
2.244,0.407096,1,0.372198,0.576677
2.24425,0.22539,1,0.0537596,0.576677
2.2445,-0.0950584,1,-0.354481,0.576677
2.24475,-0.437406,1,-0.745351,0.576677
2.245,-0.654766,1,-0.96324,0.576677
2.24525,-0.657468,0.433071,-0.906931,0.576677
2.2455,-0.465716,-1,-0.630192,0.576677
2.24575,-0.191495,-1,-0.231399,0.576677
2.246,0.0360438,-1,0.125435,0.576677
2.24625,0.151217,-1,0.363442,0.576677
2.2465,0.181611,-1,0.480712,0.576677
2.24675,0.211269,-1,0.535286,0.576677
2.247,0.303182,-1,0.607925,0.576677
2.24725,0.441303,0.677165,0.674043,0.576677
2.2475,0.533615,1,0.65685,0.576677
2.24775,0.475819,1,0.477414,0.576677
2.248,0.231621,1,0.093,0.576677
2.24825,-0.128916,1,-0.369745,0.576677
2.2485,-0.461975,1,-0.764965,0.576677
2.24875,-0.632063,1,-0.94423,0.576677
2.249,-0.591301,0.874016,-0.863549,0.576677
2.24925,-0.401156,-1,-0.590904,0.576677
2.2495,-0.183428,-1,-0.253964,0.576677
2.24975,-0.0366268,-1,0.0207676,0.576677
2.25,0.0241724,-1,0.210382,0.576677
2.25025,0.0635966,-1,0.345631,0.576677
2.2505,0.161479,-1,0.484919,0.576677
2.25075,0.339717,-1,0.645756,0.576677
2.251,0.530782,0.023622,0.777888,0.576677
2.25125,0.615694,1,0.772309,0.576677
2.2515,0.50536,1,0.533719,0.576677
2.25175,0.208482,1,0.103902,0.576677
2.252,-0.163683,1,-0.384632,0.576677
2.25225,-0.45849,1,-0.760049,0.576677
2.2525,-0.571262,1,-0.886595,0.576677
2.25275,-0.502468,1,-0.789803,0.576677
2.253,-0.343062,-1,-0.559059,0.576677
2.25325,-0.203781,-1,-0.3117,0.576677
2.2535,-0.137124,-1,-0.111381,0.576677
2.25375,-0.108038,-1,0.041031,0.576677
2.254,-0.0324054,-1,0.216602,0.576677
2.25425,0.146084,-1,0.445459,0.576677
2.2545,0.397719,-1,0.702231,0.576677
2.25475,0.611556,-0.582677,0.862976,0.576677
2.255,0.662647,1,0.830071,0.576677
2.25525,0.495425,1,0.54705,0.576677
2.2555,0.166611,1,0.0855949,0.576677
2.25575,-0.184405,1,-0.394192,0.576677
2.256,-0.418809,1,-0.711766,0.576677
2.25625,-0.477829,1,-0.795571,0.576677
2.2565,-0.406096,1,-0.705702,0.576677
2.25675,-0.306014,-0.708661,-0.543351,0.576677
2.257,-0.256611,-1,-0.38481,0.576677
2.25725,-0.256142,-1,-0.256639,0.576677
2.2575,-0.229472,-1,-0.0978873,0.576677
2.25775,-0.0943535,-1,0.143681,0.576677
2.258,0.164375,-1,0.458895,0.576677
2.25826,0.464629,-1,0.769885,0.576677
2.25851,0.668623,-1,0.929469,0.576677
2.25876,0.667401,1,0.845726,0.576677
2.25901,0.452184,1,0.517863,0.576677
2.25926,0.121826,1,0.0576081,0.576677
2.25951,-0.177645,1,-0.364309,0.576677
2.25976,-0.341571,1,-0.621045,0.576677
2.26001,-0.363321,1,-0.682803,0.576677
2.26026,-0.319268,1,-0.634001,0.576677
2.26051,-0.301024,-0.23622,-0.553818,0.576677
2.26076,-0.338939,-1,-0.487531,0.576677
2.26101,-0.378699,-1,-0.406005,0.576677
2.26126,-0.323852,-1,-0.220774,0.576677
2.26151,-0.115569,-1,0.106916,0.576677
2.26176,0.208998,-1,0.497474,0.576677
2.26201,0.524625,-1,0.831008,0.576677
2.26226,0.68918,-1,0.971167,0.576677
2.26251,0.630151,0.645669,0.832367,0.576677
2.26276,0.388689,1,0.485228,0.576677
2.26301,0.0908404,1,0.0618299,0.576677
2.26326,-0.134347,1,-0.300575,0.576677
2.26351,-0.232595,1,-0.491716,0.576677
2.26376,-0.244363,1,-0.562317,0.576677
2.26401,-0.258536,1,-0.578319,0.576677
2.26426,-0.332609,0.244094,-0.595349,0.576677
2.26451,-0.440684,-1,-0.615914,0.576677
2.26476,-0.487479,-1,-0.541622,0.576677
2.26501,-0.378466,-1,-0.299049,0.576677
2.26526,-0.0978277,-1,0.100818,0.576677
2.26551,0.265189,-1,0.540106,0.576677
2.26576,0.560595,-1,0.875198,0.576677
2.26601,0.666073,-1,0.962601,0.576677
2.26626,0.558887,0.330709,0.786475,0.576677
2.26651,0.323178,1,0.447152,0.576677
2.26676,0.0892512,1,0.085575,0.576677
2.26701,-0.0531383,1,-0.186634,0.576677
2.26726,-0.105142,1,-0.345631,0.576677
2.26751,-0.140428,1,-0.439874,0.576677
2.26776,-0.235489,1,-0.547733,0.576677
2.26801,-0.397115,0.740157,-0.669006,0.576677
2.26826,-0.545605,-1,-0.741967,0.576677
2.26851,-0.565017,-1,-0.64587,0.576677
2.26876,-0.387629,-1,-0.333213,0.576677
2.26901,-0.0508845,-1,0.122505,0.576677
2.26926,0.314612,-1,0.586299,0.576677
2.26951,0.558767,-1,0.866874,0.576677
2.26976,0.600421,-1,0.89853,0.576677
2.27001,0.469304,0.0472441,0.71,0.576677
2.27026,0.27507,1,0.421426,0.576677
2.27051,0.126258,1,0.153074,0.576677
2.27076,0.0589889,1,-0.0472376,0.576677
2.27101,0.0221534,1,-0.196397,0.576677
2.27126,-0.0690843,1,-0.364764,0.576677
2.27151,-0.254358,1,-0.56622,0.576677
2.27176,-0.48227,1,-0.767217,0.576677
2.27201,-0.633742,-0.700787,-0.845363,0.576677
2.27226,-0.598524,-1,-0.695912,0.576677
2.27251,-0.354652,-1,-0.3246,0.576677
2.27276,0.00834585,-1,0.172251,0.576677
2.27301,0.338716,-1,0.594322,0.576677
2.27326,0.512399,-1,0.827608,0.576677
2.27351,0.50266,-1,0.814567,0.576677
2.27376,0.38207,-0.204724,0.648226,0.576677
2.27401,0.26064,1,0.439657,0.576677
2.27426,0.203186,1,0.254724,0.576677
2.27451,0.18664,1,0.108133,0.576677
2.27476,0.127888,1,-0.070185,0.576677
2.27501,-0.0420288,1,-0.320052,0.576677
2.27526,-0.309155,1,-0.618581,0.576677
2.27551,-0.569167,1,-0.86196,0.576677
2.27576,-0.686713,-0.275591,-0.913377,0.576677
2.27601,-0.583327,-1,-0.710189,0.576677
2.27626,-0.292341,-1,-0.28466,0.576677
2.27651,0.0580496,-1,0.193823,0.576677
2.27676,0.322395,-1,0.562114,0.576677
2.27701,0.424205,-1,0.729714,0.576677
2.27726,0.391009,-1,0.702137,0.576677
2.27751,0.318359,-0.472441,0.591441,0.576677
2.27776,0.289415,1,0.485587,0.576677
2.27801,0.310365,1,0.392865,0.576677
2.27826,0.30867,1,0.257968,0.576677
2.27851,0.194027,1,0.0178824,0.576677
2.27876,-0.061376,1,-0.327389,0.576677
2.27901,-0.384662,1,-0.686421,0.576677
2.27926,-0.635881,1,-0.923085,0.576677
2.27951,-0.692164,0.0551181,-0.919368,0.576677
2.27976,-0.525504,-1,-0.661688,0.576677
2.28001,-0.220922,-1,-0.234063,0.576677
2.28026,0.0780948,-1,0.192373,0.576677
2.28051,0.260251,-1,0.483872,0.576677
2.28076,0.307145,-1,0.598186,0.576677
2.28101,0.288865,-1,0.606106,0.576677
2.28126,0.295389,-0.771654,0.581477,0.576677
2.28151,0.360138,1,0.570613,0.576677
2.28176,0.429425,1,0.521859,0.576677
2.28201,0.402051,1,0.366469,0.576677
2.28226,0.209864,1,0.0517349,0.576677
2.28251,-0.118018,1,-0.371092,0.576677
2.28276,-0.458857,1,-0.758196,0.576677
2.28302,-0.663281,1,-0.95946,0.576677
2.28327,-0.647466,0.314961,-0.891669,0.576677
2.28352,-0.44137,-1,-0.589366,0.576677
2.28377,-0.164734,-1,-0.192296,0.576677
2.28402,0.054205,-1,0.14837,0.576677
2.28427,0.157671,-1,0.374937,0.576677
2.28452,0.183422,-1,0.470551,0.576677
2.28477,0.219009,-1,0.531411,0.576677
2.28502,0.320777,-1,0.605443,0.576677
2.28527,0.460188,0.84252,0.674859,0.576677
2.28552,0.536465,1,0.651177,0.576677
2.28577,0.448808,1,0.432258,0.576677
2.28602,0.176483,1,0.0314945,0.576677
2.28627,-0.193105,1,-0.440517,0.576677
2.28652,-0.507701,1,-0.804386,0.576677
2.28677,-0.640002,1,-0.937933,0.576677
2.28702,-0.562511,0.496063,-0.816866,0.576677
2.28727,-0.355292,-1,-0.521256,0.576677
2.28752,-0.144896,-1,-0.1968,0.576677
2.28777,-0.0174396,-1,0.0632449,0.576677
2.28802,0.0315247,-1,0.227012,0.576677
2.28827,0.0786118,-1,0.355971,0.576677
2.28852,0.197726,-1,0.511325,0.576677
2.28877,0.38977,-1,0.685198,0.576677
2.28902,0.566903,0.440945,0.798717,0.576677
2.28927,0.607502,1,0.737741,0.576677
2.28952,0.441213,1,0.447824,0.576677
2.28977,0.107298,1,-0.0224913,0.576677
2.29002,-0.260827,1,-0.497857,0.576677
2.29027,-0.511866,1,-0.806211,0.576677
2.29052,-0.567126,1,-0.873234,0.576677
2.29077,-0.458258,0.629921,-0.732029,0.576677
2.29102,-0.29354,-1,-0.480635,0.576677
2.29127,-0.174777,-1,-0.248832,0.576677
2.29152,-0.127292,-1,-0.070432,0.576677
2.29177,-0.0923104,-1,0.0816116,0.576677
2.29202,0.0160479,-1,0.278878,0.576677
2.29227,0.229266,-1,0.533839,0.576677
2.29252,0.484761,-1,0.780404,0.576677
2.29277,0.653939,0.0708661,0.889147,0.576677
2.29302,0.625899,1,0.770114,0.576677
2.29327,0.384465,1,0.406907,0.576677
2.29352,0.0263909,1,-0.0866872,0.576677
2.29377,-0.295338,1,-0.517676,0.576677
2.29402,-0.462977,1,-0.75618,0.576677
2.29427,-0.459332,1,-0.772984,0.576677
2.29452,-0.362409,0.755906,-0.643041,0.576677
2.29477,-0.277143,-1,-0.479149,0.576677
2.29502,-0.253468,-1,-0.348967,0.576677
2.29527,-0.253303,-1,-0.218432,0.576677
2.29552,-0.186519,-1,-0.0209051,0.576677
2.29577,0.00896782,-1,0.258942,0.576677
2.29602,0.303626,-1,0.604279,0.576677
2.29627,0.579126,-1,0.864691,0.576677
2.29652,0.696955,-0.220472,0.929145,0.576677
2.29677,0.587607,1,0.732203,0.576677
2.29702,0.297791,1,0.329379,0.576677
2.29727,-0.0374226,1,-0.134264,0.576677
2.29752,-0.279163,1,-0.491601,0.576677
2.29777,-0.366848,1,-0.65855,0.576677
2.29802,-0.342436,1,-0.658238,0.576677
2.29827,-0.302665,0.897638,-0.588657,0.576677
2.29852,-0.315654,-1,-0.527302,0.576677
2.29877,-0.365978,-1,-0.474074,0.576677
2.29902,-0.366234,-1,-0.346155,0.576677
2.29927,-0.228659,-1,-0.0831363,0.576677
2.29952,0.05682,-1,0.300679,0.576677
2.29977,0.397462,-1,0.690028,0.576677
2.30002,0.644016,-1,0.930645,0.576677
2.30027,0.682307,-0.409449,0.920377,0.576677
2.30052,0.504163,1,0.65542,0.576677
2.30077,0.209983,1,0.243968,0.576677
2.30102,-0.0585965,1,-0.146874,0.576677
2.30127,-0.20843,1,-0.417137,0.576677
2.30152,-0.244563,1,-0.528841,0.576677
2.30177,-0.247651,1,-0.557852,0.576677
2.30202,-0.297701,1,-0.582883,0.576677
2.30227,-0.402579,-0.913386,-0.619111,0.576677
2.30252,-0.48471,-1,-0.597674,0.576677
2.30277,-0.437699,-1,-0.427996,0.576677
2.30302,-0.210065,-1,-0.0655733,0.576677
2.30327,0.142835,-1,0.38065,0.576677
2.30352,0.479892,-1,0.773297,0.576677
2.30377,0.656587,-1,0.951039,0.576677
2.30402,0.612164,-0.511811,0.85962,0.576677
2.30427,0.401522,1,0.569412,0.576677
2.30452,0.152464,1,0.198368,0.576677
2.30477,-0.0226424,1,-0.10068,0.576677
2.30502,-0.0959634,1,-0.298916,0.576677
2.30527,-0.12704,1,-0.406852,0.576677
2.30552,-0.201757,1,-0.510921,0.576677
2.30577,-0.351172,1,-0.644692,0.576677
2.30602,-0.515254,-0.582677,-0.735492,0.576677
2.30627,-0.577532,-1,-0.699106,0.576677
2.30652,-0.448752,-1,-0.450525,0.576677
2.30677,-0.138612,-1,-0.00385025,0.576677
2.30702,0.237031,-1,0.470729,0.576677
2.30727,0.520996,-1,0.811281,0.576677
2.30752,0.608685,-1,0.913238,0.576677
2.30778,0.505883,-0.535433,0.769019,0.576677
2.30803,0.313103,1,0.491092,0.576677
2.30828,0.148498,1,0.21703,0.576677
2.30853,0.066855,1,0.0046389,0.576677
2.30878,0.0304375,1,-0.154297,0.576677
2.30903,-0.0467522,1,-0.316335,0.576677
2.30928,-0.218472,1,-0.525246,0.576677
2.30953,-0.448209,1,-0.733086,0.576677
2.30978,-0.620906,-0.322835,-0.851976,0.576677
2.31003,-0.617001,-1,-0.750809,0.576677
2.31028,-0.397675,-1,-0.40563,0.576677
2.31053,-0.0397414,-1,0.0839726,0.576677
2.31078,0.305204,-1,0.528828,0.576677
2.31103,0.50244,-1,0.789726,0.576677
2.31128,0.510876,-1,0.817413,0.576677
2.31153,0.395786,-0.543307,0.665547,0.576677
2.31178,0.269583,1,0.463169,0.576677
2.31203,0.205615,1,0.279024,0.576677
2.31228,0.188435,1,0.138953,0.576677
2.31253,0.135207,1,-0.0308714,0.576677
2.31278,-0.0276308,1,-0.288228,0.576677
2.31303,-0.292971,1,-0.585118,0.576677
2.31328,-0.558558,1,-0.844265,0.576677
2.31353,-0.686038,-0.110236,-0.912139,0.576677
2.31378,-0.590628,-1,-0.724849,0.576677
2.31403,-0.302027,-1,-0.317763,0.576677
2.31428,0.0513888,-1,0.169374,0.576677
2.31453,0.319822,-1,0.546393,0.576677
2.31478,0.424011,-1,0.715341,0.576677
2.31503,0.390884,-1,0.698714,0.576677
2.31528,0.317897,-0.551181,0.591302,0.576677
2.31553,0.289452,1,0.478809,0.576677
2.31578,0.311023,1,0.398268,0.576677
2.31603,0.307315,1,0.264312,0.576677
2.31628,0.187074,1,0.024768,0.576677
2.31653,-0.0748966,1,-0.32791,0.576677
2.31678,-0.400482,1,-0.686679,0.576677
2.31703,-0.645317,1,-0.919438,0.576677
2.31728,-0.687661,0,-0.912508,0.576677
2.31753,-0.506491,-1,-0.641365,0.576677
2.31778,-0.195068,-1,-0.204769,0.576677
2.31803,0.0995772,-1,0.209585,0.576677
2.31828,0.269844,-1,0.486381,0.576677
2.31853,0.306781,-1,0.593125,0.576677
2.31878,0.287022,-1,0.595625,0.576677
2.31903,0.300128,-0.614173,0.570478,0.576677
2.31928,0.37033,1,0.561229,0.576677
2.31953,0.433553,1,0.523012,0.576677
2.31978,0.385972,1,0.34744,0.576677
2.32003,0.169069,1,0.00404986,0.576677
2.32028,-0.172599,1,-0.419676,0.576677
2.32053,-0.503387,1,-0.796374,0.576677
2.32078,-0.676526,1,-0.957955,0.576677
2.32103,-0.623045,0.00787402,-0.849462,0.576677
2.32128,-0.392841,-1,-0.527709,0.576677
2.32153,-0.116284,-1,-0.134671,0.576677
2.32178,0.0833625,-1,0.197012,0.576677
2.32203,0.166615,-1,0.379757,0.576677
2.32228,0.187244,-1,0.473752,0.576677
2.32253,0.234898,-1,0.540215,0.576677
2.32278,0.351286,-0.732283,0.624077,0.576677
2.32303,0.487497,1,0.683494,0.576677
2.32328,0.533254,1,0.624368,0.576677
2.32353,0.398056,1,0.359859,0.576677
2.32378,0.087559,1,-0.0747557,0.576677
2.32403,-0.285881,1,-0.534532,0.566269
2.32428,-0.563629,1,-0.859247,0.566269
2.32453,-0.638005,1,-0.9201,0.566269
2.32478,-0.512389,-0.0551181,-0.738253,0.566269
2.32503,-0.290136,-1,-0.431318,0.566269
2.32528,-0.0973192,-1,-0.115233,0.566269
2.32553,0.00289457,-1,0.112249,0.566269
2.32578,0.0421087,-1,0.254625,0.566269
2.32603,0.106578,-1,0.391199,0.566269
2.32628,0.254396,-1,0.55206,0.566269
2.32653,0.45585,-0.889764,0.725408,0.566269
2.32678,0.601161,0.976378,0.799634,0.566269
2.32703,0.574231,1,0.665567,0.566269
2.32728,0.338012,1,0.297172,0.566269
2.32753,-0.0287833,1,-0.186876,0.566269
2.32778,-0.372162,1,-0.631309,0.566269
2.32803,-0.555922,1,-0.849993,0.566269
2.32828,-0.540197,1,-0.830328,0.566269
2.32853,-0.394573,-0.149606,-0.630079,0.566269
2.32878,-0.237751,-1,-0.381685,0.566269
2.32903,-0.148869,-1,-0.181044,0.566269
2.32928,-0.116685,-1,-0.0134677,0.566269
2.32953,-0.0600645,-1,0.148798,0.566269
2.32978,0.0945821,-1,0.375871,0.566269
2.33003,0.340517,-1,0.632755,0.566269
2.33028,0.577055,-1,0.847018,0.566269
2.33053,0.669547,0.858268,0.861703,0.566269
2.33078,0.54014,1,0.632455,0.566269
2.33103,0.226295,1,0.186997,0.566269
2.33128,-0.136596,1,-0.30022,0.566269
2.33153,-0.397097,1,-0.651123,0.566269
2.33178,-0.47926,1,-0.787229,0.566269
2.33203,-0.41689,1,-0.713806,0.566269
2.33228,-0.313811,-0.23622,-0.56336,0.566269
2.33254,-0.258041,-1,-0.417539,0.566269
2.33279,-0.255697,-1,-0.292608,0.566269
2.33304,-0.2326,-1,-0.139322,0.566269
2.33329,-0.101168,-1,0.0975029,0.566269
2.33354,0.158415,-1,0.428729,0.566269
2.33379,0.463064,-1,0.75231,0.566269
2.33404,0.669596,-1,0.930897,0.566269
2.33429,0.664683,0.84252,0.85625,0.566269
2.33454,0.440926,1,0.535341,0.566269
2.33479,0.104212,1,0.072018,0.566269
2.33504,-0.19312,1,-0.353354,0.566269
2.33529,-0.348014,1,-0.599208,0.566269
2.33554,-0.360279,1,-0.656657,0.566269
2.33579,-0.314779,1,-0.605108,0.566269
2.33604,-0.303033,-0.267717,-0.548939,0.566269
2.33629,-0.34632,-1,-0.497387,0.566269
2.33654,-0.378658,-1,-0.418461,0.566269
2.33679,-0.299968,-1,-0.208031,0.566269
2.33704,-0.0625972,-1,0.13662,0.566269
2.33729,0.275935,-1,0.544914,0.566269
2.33754,0.575551,-1,0.863164,0.566269
2.33779,0.695743,-1,0.951915,0.566269
2.33804,0.585392,0.929134,0.769168,0.566269
2.33829,0.313122,1,0.398094,0.566269
2.33854,0.0196507,1,-0.0156845,0.566269
2.33879,-0.174711,1,-0.337507,0.566269
2.33904,-0.241334,1,-0.493869,0.566269
2.33929,-0.244514,1,-0.540506,0.566269
2.33954,-0.275394,1,-0.562524,0.566269
2.33979,-0.369332,-0.23622,-0.605017,0.566269
2.34004,-0.469924,-1,-0.616106,0.566269
2.34029,-0.468584,-1,-0.498424,0.566269
2.34054,-0.288935,-1,-0.190238,0.566269
2.34079,0.0438819,-1,0.24637,0.566269
2.34104,0.403123,-1,0.673897,0.566269
2.34129,0.632628,-1,0.922797,0.566269
2.34154,0.642275,-1,0.902111,0.566269
2.34179,0.460275,1,0.649601,0.566269
2.34204,0.20628,1,0.28776,0.566269
2.34229,0.0070353,1,-0.0346115,0.566269
2.34254,-0.0865531,1,-0.253284,0.566269
2.34279,-0.119445,1,-0.376677,0.566269
2.34304,-0.180331,1,-0.474304,0.566269
2.34329,-0.317739,1,-0.612242,0.566269
2.34354,-0.488462,-0.15748,-0.727894,0.566269
2.34379,-0.578871,-1,-0.722954,0.566269
2.34404,-0.486013,-1,-0.506701,0.566269
2.34429,-0.199089,-1,-0.10031,0.566269
2.34454,0.179222,-1,0.390827,0.566269
2.34479,0.488891,-1,0.764174,0.566269
2.34504,0.609185,-1,0.90863,0.566269
2.34529,0.528283,-0.905512,0.795237,0.566269
2.34554,0.338897,1,0.530697,0.566269
2.34579,0.16463,1,0.254915,0.566269
2.34604,0.0725272,1,0.031989,0.566269
2.34629,0.0346896,1,-0.124485,0.566269
2.34654,-0.0347044,1,-0.290861,0.566269
2.34679,-0.198127,1,-0.493288,0.566269
2.34704,-0.428109,1,-0.720968,0.566269
2.34729,-0.612171,-0.0944882,-0.845203,0.566269
2.34754,-0.624997,-1,-0.771226,0.566269
2.34779,-0.418379,-1,-0.440107,0.566269
2.34804,-0.0628361,-1,0.0342629,0.566269
2.34829,0.289611,-1,0.501463,0.566269
2.34854,0.497532,-1,0.772596,0.566269
2.34879,0.513533,-1,0.808015,0.566269
2.34904,0.400293,-0.685039,0.665025,0.566269
2.34929,0.272103,1,0.472199,0.566269
2.34954,0.206198,1,0.299228,0.566269
2.34979,0.188421,1,0.148758,0.566269
2.35004,0.135658,1,-0.0158955,0.566269
2.35029,-0.0282469,1,-0.269349,0.566269
2.35054,-0.295811,1,-0.58391,0.566269
2.35079,-0.562314,1,-0.839844,0.566269
2.35104,-0.686528,-0.0944882,-0.914198,0.566269
2.35129,-0.584122,-1,-0.716972,0.566269
2.35154,-0.288554,-1,-0.306054,0.566269
2.35179,0.0662924,-1,0.175572,0.566269
2.35204,0.329712,-1,0.543375,0.566269
2.35229,0.425116,-1,0.698719,0.566269
2.35254,0.386189,-1,0.684168,0.566269
2.35279,0.313679,-0.480315,0.573962,0.566269
2.35304,0.289974,1,0.480811,0.566269
2.35329,0.313132,1,0.394226,0.566269
2.35354,0.301922,1,0.263428,0.566269
2.35379,0.166333,1,0.00822703,0.566269
2.35404,-0.109643,1,-0.353381,0.566269
2.35429,-0.435898,1,-0.71847,0.566269
2.35454,-0.663014,1,-0.925824,0.566269
2.35479,-0.675807,-0.19685,-0.883585,0.566269
2.35504,-0.468444,-1,-0.585952,0.566269
2.35529,-0.148397,-1,-0.151965,0.566269
2.35554,0.13474,-1,0.249621,0.566269
2.35579,0.283356,-1,0.509149,0.566269
2.35604,0.304724,-1,0.58772,0.566269
2.35629,0.285155,-1,0.575781,0.566269
2.35654,0.309309,-0.338583,0.562629,0.566269
2.35679,0.385645,1,0.565831,0.566269
2.35704,0.435846,1,0.50063,0.566269
2.3573,0.356325,1,0.303337,0.566269
2.35755,0.104877,1,-0.0629204,0.566269
2.3578,-0.249969,1,-0.495418,0.566269
2.35805,-0.559697,1,-0.846529,0.566269
2.3583,-0.684366,1,-0.946843,0.566269
2.35855,-0.580627,-0.409449,-0.785454,0.566269
2.3588,-0.3245,-1,-0.44143,0.566269
2.35905,-0.0559935,-1,-0.0518831,0.566269
2.3593,0.114932,-1,0.247796,0.566269
2.35955,0.174278,-1,0.39782,0.566269
2.3598,0.19429,-1,0.475366,0.566269
2.36005,0.260697,-1,0.545792,0.566269
2.3603,0.392361,-0.251969,0.64081,0.566269
2.36055,0.515336,1,0.682693,0.566269
2.3608,0.51368,1,0.570527,0.566269
2.36105,0.318147,1,0.248992,0.566269
2.3613,-0.0301748,1,-0.212045,0.566269
2.36155,-0.392158,1,-0.648858,0.566269
2.3618,-0.61278,1,-0.900806,0.566269
2.36205,-0.614664,1,-0.881768,0.566269
2.3623,-0.440664,-0.700787,-0.644334,0.566269
2.36255,-0.214474,-1,-0.316884,0.566269
2.3628,-0.0508357,-1,-0.0348839,0.566269
2.36305,0.0199292,-1,0.154949,0.566269
2.3633,0.0583592,-1,0.294537,0.566269
2.36355,0.151705,-1,0.436378,0.566269
2.3638,0.330024,-1,0.611891,0.566269
2.36405,0.526493,-0.212598,0.769471,0.566269
2.3643,0.615641,1,0.767212,0.566269
2.36455,0.501887,1,0.548501,0.566269
2.3648,0.194755,1,0.114329,0.566269
2.36505,-0.184661,1,-0.377289,0.566269
2.3653,-0.475039,1,-0.745267,0.566269
2.36555,-0.571685,1,-0.865154,0.566269
2.3658,-0.485266,1,-0.751659,0.566269
2.36605,-0.319419,-0.992126,-0.520311,0.566269
2.3663,-0.187493,-1,-0.28431,0.566269
2.36655,-0.131101,-1,-0.105266,0.566269
2.3668,-0.0989148,-1,0.0504549,0.566269
2.36705,-0.0010215,-1,0.236208,0.566269
2.3673,0.206041,-1,0.491945,0.566269
2.36755,0.465882,-1,0.741343,0.566269
2.3678,0.648095,-0.15748,0.883715,0.566269
2.36805,0.632763,1,0.779693,0.566269
2.3683,0.39624,1,0.422213,0.566269
2.36855,0.0345508,1,-0.0615631,0.566269
2.3688,-0.293252,1,-0.497879,0.566269
2.36905,-0.463408,1,-0.738666,0.566269
2.3693,-0.457834,1,-0.750195,0.566269
2.36955,-0.358836,0.80315,-0.633066,0.566269
2.3698,-0.274507,-1,-0.473595,0.566269
2.37005,-0.253726,-1,-0.346091,0.566269
2.3703,-0.251653,-1,-0.225657,0.566269
2.37055,-0.174233,-1,-0.0258974,0.566269
2.3708,0.0368364,-1,0.273501,0.566269
2.37105,0.34049,-1,0.619524,0.566269
2.3713,0.60663,-1,0.888569,0.566269
2.37155,0.69533,-0.023622,0.926498,0.566269
2.3718,0.550084,1,0.693238,0.566269
2.37205,0.237646,1,0.263523,0.566269
2.3723,-0.0939166,1,-0.199912,0.566269
2.37255,-0.309616,1,-0.519084,0.566269
2.3728,-0.368004,1,-0.641252,0.566269
2.37305,-0.331126,1,-0.630134,0.566269
2.3733,-0.299961,0.519685,-0.562712,0.566269
2.37355,-0.327962,-1,-0.522345,0.566269
2.3738,-0.375556,-1,-0.46091,0.566269
2.37405,-0.343068,-1,-0.30423,0.566269
2.3743,-0.155353,-1,0.00316765,0.566269
2.37455,0.165848,-1,0.400461,0.566269
2.3748,0.496824,-1,0.775278,0.566269
2.37505,0.683809,-1,0.954046,0.566269
2.3753,0.639787,0.220472,0.85007,0.566269
2.37555,0.400057,1,0.522875,0.566269
2.3758,0.0956202,1,0.10298,0.566269
2.37605,-0.135187,1,-0.25259,0.566269
2.3763,-0.233633,1,-0.451941,0.566269
2.37655,-0.244185,1,-0.515395,0.566269
2.3768,-0.261485,1,-0.547629,0.566269
2.37705,-0.342028,0.307087,-0.589934,0.566269
2.3773,-0.451119,-1,-0.629712,0.566269
2.37755,-0.483276,-1,-0.550385,0.566269
2.3778,-0.345319,-1,-0.291632,0.566269
2.37805,-0.0362715,-1,0.134986,0.566269
2.3783,0.333474,-1,0.577345,0.566269
2.37855,0.602325,-1,0.876374,0.566269
2.3788,0.658053,-1,0.922803,0.566269
2.37905,0.504529,0.566929,0.705893,0.566269
2.3793,0.251664,1,0.361976,0.566269
2.37955,0.0344157,1,0.0220413,0.566269
2.3798,-0.0773537,1,-0.212683,0.566269
2.38005,-0.114538,1,-0.341028,0.566269
2.3803,-0.166223,1,-0.440531,0.566269
2.38055,-0.293249,1,-0.576954,0.566269
2.3808,-0.466338,0.15748,-0.70575,0.566269
2.38105,-0.575789,-1,-0.73028,0.566269
2.3813,-0.509399,-1,-0.557782,0.566269
2.38155,-0.241,-1,-0.164338,0.566269
2.3818,0.137127,-1,0.325826,0.566269
2.38206,0.463778,-1,0.727463,0.566269
2.38231,0.606997,-1,0.88674,0.566269
2.38256,0.542193,-1,0.806531,0.566269
2.38281,0.355924,0.952756,0.547973,0.566269
2.38306,0.175465,1,0.267966,0.566269
2.38331,0.0765331,1,0.0490748,0.566269
2.38356,0.0371365,1,-0.113685,0.566269
2.38381,-0.0286295,1,-0.264481,0.566269
2.38406,-0.187798,1,-0.469762,0.566269
2.38431,-0.418249,1,-0.691538,0.566269
2.38456,-0.607872,0.023622,-0.841696,0.566269
2.38481,-0.627724,-1,-0.766069,0.566269
2.38506,-0.424964,-1,-0.448259,0.566269
2.38531,-0.0683907,-1,0.0233735,0.566269
2.38556,0.287294,-1,0.494005,0.566269
2.38581,0.497417,-1,0.770291,0.566269
2.38606,0.513163,-1,0.804278,0.566269
2.38631,0.398367,-0.708661,0.662572,0.566269
2.38656,0.270078,1,0.462235,0.566269
2.38681,0.205295,1,0.294096,0.566269
2.38706,0.18809,1,0.154401,0.566269
2.38731,0.131507,1,-0.028818,0.566269
2.38756,-0.0392294,1,-0.284872,0.566269
2.38781,-0.311735,1,-0.594856,0.566269
2.38806,-0.575491,1,-0.85088,0.566269
2.38831,-0.687042,-0.15748,-0.907635,0.566269
2.38856,-0.567197,-1,-0.695145,0.566269
2.38881,-0.259171,-1,-0.278571,0.566269
2.38906,0.0955263,-1,0.203958,0.566269
2.38931,0.346449,-1,0.55543,0.566269
2.38956,0.425774,-1,0.703688,0.566269
2.38981,0.377817,-1,0.670458,0.566269
2.39006,0.307492,-0.322835,0.561023,0.566269
2.39031,0.291305,1,0.472273,0.566269
2.39056,0.315931,1,0.388173,0.566269
2.39081,0.292062,1,0.243098,0.566269
2.39106,0.134022,1,-0.0243465,0.566269
2.39131,-0.159358,1,-0.39875,0.566269
2.39156,-0.482603,1,-0.76068,0.566269
2.39181,-0.681789,1,-0.939501,0.566269
2.39206,-0.653927,-0.456693,-0.857408,0.566269
2.39231,-0.414565,-1,-0.523517,0.566269
2.39256,-0.0881341,-1,-0.0829696,0.566269
2.39281,0.175436,-1,0.304978,0.566269
2.39306,0.295761,-1,0.521325,0.566269
2.39331,0.300673,-1,0.573396,0.566269
2.39356,0.284866,-1,0.567089,0.566269
2.39381,0.323332,0,0.564948,0.566269
2.39406,0.403441,1,0.561784,0.566269
2.39431,0.432089,1,0.482682,0.566269
2.39456,0.310347,1,0.234067,0.566269
2.39481,0.0210758,1,-0.159436,0.566269
2.39506,-0.340242,1,-0.592412,0.566269
2.39531,-0.614358,1,-0.883487,0.566269
2.39556,-0.677598,1,-0.9313,0.566269
2.39581,-0.519325,-0.874016,-0.702968,0.566269
2.39606,-0.243264,-1,-0.32947,0.566269
2.39631,0.00661227,-1,0.03878,0.566269
2.39656,0.14242,-1,0.287246,0.566269
2.39681,0.180261,-1,0.415309,0.566269
2.39706,0.207325,-1,0.48881,0.566269
2.39731,0.297447,-1,0.571456,0.566269
2.39756,0.438944,0.23622,0.661561,0.566269
2.39781,0.533972,1,0.675494,0.566269
2.39806,0.469593,1,0.49728,0.566269
2.39831,0.209176,1,0.114551,0.566269
2.39856,-0.165195,1,-0.371455,0.566269
2.39881,-0.494574,1,-0.757796,0.566269
2.39906,-0.639078,1,-0.920679,0.566269
2.39931,-0.564477,0.685039,-0.810939,0.566269
2.39956,-0.353121,-1,-0.532235,0.566269
2.39981,-0.139526,-1,-0.216094,0.566269
2.40006,-0.0134007,-1,0.0397468,0.566269
2.40031,0.0341669,-1,0.197779,0.566269
2.40056,0.0862427,-1,0.334656,0.566269
2.40081,0.217254,-1,0.505306,0.566269
2.40106,0.417622,-1,0.692193,0.566269
2.40131,0.585317,0.448819,0.79639,0.566269
2.40156,0.593365,1,0.711966,0.566269
2.40181,0.384433,1,0.389101,0.566269
2.40206,0.0228872,1,-0.0975477,0.566269
2.40231,-0.337253,1,-0.561299,0.566269
2.40256,-0.546207,1,-0.818541,0.566269
2.40281,-0.548746,1,-0.828369,0.566269
2.40306,-0.408025,0.188976,-0.654511,0.566269
2.40331,-0.246294,-1,-0.410252,0.566269
2.40356,-0.151546,-1,-0.213185,0.566269
2.40381,-0.117633,-1,-0.0512766,0.566269
2.40406,-0.0623071,-1,0.116601,0.566269
2.40431,0.0927009,-1,0.33918,0.566269
2.40456,0.34185,-1,0.619699,0.566269
2.40481,0.580662,-1,0.837744,0.566269
2.40506,0.668943,0.716535,0.863716,0.566269
2.40531,0.528622,1,0.628949,0.566269
2.40556,0.203964,1,0.187446,0.566269
2.40581,-0.161205,1,-0.297814,0.566269
2.40606,-0.412102,1,-0.642797,0.566269
2.40631,-0.478035,1,-0.757017,0.566269
2.40656,-0.404893,1,-0.684072,0.566269
2.40682,-0.302724,-0.275591,-0.532971,0.566269
2.40707,-0.255508,-1,-0.406172,0.566269
2.40732,-0.256129,-1,-0.29018,0.566269
2.40757,-0.219516,-1,-0.131279,0.566269
2.40782,-0.0613079,-1,0.131457,0.566269
2.40807,0.220239,-1,0.475695,0.566269
2.40832,0.520718,-1,0.788238,0.566269
2.40857,0.689389,-0.732283,0.929101,0.566269
2.40882,0.628028,1,0.804345,0.566269
2.40907,0.359292,1,0.430652,0.566269
2.40932,0.0141336,1,-0.0338653,0.566269
2.40957,-0.254011,1,-0.415165,0.566269
2.40982,-0.363775,1,-0.600468,0.566269
2.41007,-0.347252,1,-0.62228,0.566269
2.41032,-0.304303,1,-0.568818,0.566269
2.41057,-0.313364,-0.669291,-0.525726,0.566269
2.41082,-0.364391,-1,-0.485513,0.566269
2.41107,-0.367238,-1,-0.364307,0.566269
2.41132,-0.227466,-1,-0.103805,0.566269
2.41157,0.0660729,-1,0.278644,0.566269
2.41182,0.412607,-1,0.676998,0.566269
2.41207,0.654133,-1,0.927682,0.566269
2.41232,0.674333,-0.346457,0.901975,0.566269
2.41257,0.474721,1,0.621848,0.566269
2.41282,0.170221,1,0.215415,0.566269
2.41307,-0.0902974,1,-0.169573,0.566269
2.41332,-0.221172,1,-0.409849,0.566269
2.41357,-0.244774,1,-0.50137,0.566269
2.41382,-0.252937,1,-0.5361,0.566269
2.41407,-0.319388,0.755906,-0.577667,0.566269
2.41432,-0.430517,-0.976378,-0.626418,0.566269
2.41457,-0.48856,-1,-0.588274,0.566269
2.41482,-0.387772,-1,-0.367202,0.566269
2.41507,-0.104152,-1,0.0359963,0.566269
2.41532,0.268663,-1,0.499993,0.566269
2.41557,0.568645,-1,0.833562,0.566269
2.41582,0.665126,-1,0.931924,0.566269
2.41607,0.540053,0.149606,0.756549,0.566269
2.41632,0.291743,1,0.424918,0.566269
2.41657,0.0605703,1,0.0741101,0.566269
2.41682,-0.0678094,1,-0.173513,0.566269
2.41707,-0.110671,1,-0.315193,0.566269
2.41732,-0.155763,1,-0.425046,0.566269
2.41757,-0.273887,1,-0.548877,0.566269
2.41782,-0.447381,0.417323,-0.690309,0.566269
2.41807,-0.570909,-1,-0.73966,0.566269
2.41832,-0.52583,-1,-0.592024,0.566269
2.41857,-0.273116,-1,-0.225144,0.566269
2.41882,0.103777,-1,0.267691,0.566269
2.41907,0.443191,-1,0.684063,0.566269
2.41932,0.604059,-1,0.876038,0.566269
2.41957,0.551613,-1,0.809169,0.566269
2.41982,0.367956,0.700787,0.565196,0.566269
2.42007,0.183038,1,0.286915,0.566269
2.42032,0.0792068,1,0.0742914,0.566269
2.42057,0.0386747,1,-0.0874552,0.566269
2.42082,-0.0252162,1,-0.244498,0.566269
2.42107,-0.182768,1,-0.45133,0.566269
2.42132,-0.413956,1,-0.684926,0.566269
2.42157,-0.606511,0.0944882,-0.832488,0.566269
2.42182,-0.628168,-1,-0.775226,0.566269
2.42207,-0.424156,-1,-0.467149,0.566269
2.42232,-0.0647561,-1,0.0138819,0.566269
2.42257,0.292125,-1,0.481472,0.566269
2.42282,0.4999,-1,0.760259,0.566269
2.42307,0.510895,-1,0.792884,0.566269
2.42332,0.393214,-0.661417,0.642887,0.566269
2.42357,0.265691,1,0.457177,0.566269
2.42382,0.203845,1,0.287078,0.566269
2.42407,0.186627,1,0.151744,0.558267
2.42432,0.124238,1,-0.0262497,0.558267
2.42457,-0.0561538,1,-0.292134,0.558267
2.42482,-0.334462,1,-0.606726,0.558267
2.42507,-0.592676,1,-0.848192,0.558267
2.42532,-0.685959,-0.275591,-0.893212,0.558267
2.42557,-0.54357,-1,-0.663991,0.558267
2.42582,-0.221203,-1,-0.226983,0.558267
2.42607,0.131069,-1,0.243949,0.558267
2.42632,0.365031,-1,0.578135,0.558267
2.42657,0.424871,-1,0.69089,0.558267
2.42682,0.367273,-1,0.647741,0.558267
2.42707,0.301214,-0.110236,0.540182,0.558267
2.42732,0.293865,1,0.463876,0.558267
2.42757,0.31795,1,0.380959,0.558267
2.42782,0.277035,1,0.212103,0.558267
2.42807,0.0926496,1,-0.0723054,0.558267
2.42832,-0.217738,1,-0.463938,0.558267
2.42857,-0.532047,1,-0.80097,0.558267
2.42882,-0.695201,1,-0.939283,0.558267
2.42907,-0.621171,-0.755906,-0.81106,0.558267
2.42932,-0.350802,-1,-0.446405,0.558267
2.42957,-0.0239482,-1,0.000913084,0.558267
2.42982,0.213995,-1,0.3517,0.558267
2.43007,0.303864,-1,0.535,0.558267
2.43032,0.294947,-1,0.576129,0.558267
2.43057,0.287863,-1,0.56492,0.558267
2.43082,0.341604,0.354331,0.565127,0.558267
2.43107,0.419861,1,0.556342,0.558267
2.43132,0.417782,1,0.449901,0.558267
2.43158,0.248479,1,0.15069,0.558267
2.43183,-0.0755868,1,-0.265581,0.558267
2.43208,-0.431747,1,-0.688776,0.558267
2.43233,-0.656707,1,-0.93103,0.558267
2.43258,-0.651566,0.543307,-0.891431,0.558267
2.43283,-0.442727,-1,-0.613101,0.558267
2.43308,-0.15842,-1,-0.224432,0.558267
2.43333,0.0623454,-1,0.112875,0.558267
2.43358,0.161486,-1,0.323568,0.558267
2.43383,0.185359,-1,0.424531,0.558267
2.43408,0.228601,-1,0.497438,0.558267
2.43433,0.343204,-0.929134,0.59782,0.558267
2.43458,0.483397,0.732283,0.684175,0.558267
2.43483,0.533621,1,0.643134,0.558267
2.43508,0.396785,1,0.387955,0.558267
2.43533,0.0777663,1,-0.048445,0.558267
2.43558,-0.302309,1,-0.519495,0.558267
2.43583,-0.575922,1,-0.842116,0.558267
2.43608,-0.633891,1,-0.899762,0.558267
2.43633,-0.490223,-0.0551181,-0.709899,0.558267
2.43658,-0.26096,-1,-0.401785,0.558267
2.43683,-0.0757794,-1,-0.107488,0.558267
2.43708,0.0120871,-1,0.0990593,0.558267
2.43733,0.050061,-1,0.23737,0.558267
2.43758,0.130615,-1,0.383509,0.558267
2.43783,0.300083,-1,0.572695,0.558267
2.43808,0.503648,-0.535433,0.748498,0.558267
2.43833,0.614686,1,0.787544,0.558267
2.43858,0.524243,1,0.596024,0.558267
2.43883,0.22823,1,0.189336,0.558267
2.43908,-0.156596,1,-0.309887,0.558267
2.43933,-0.461806,1,-0.698637,0.558267
2.43958,-0.571745,1,-0.843103,0.558267
2.43983,-0.490534,1,-0.745314,0.558267
2.44008,-0.323086,-0.677165,-0.522564,0.558267
2.44033,-0.188374,-1,-0.294404,0.558267
2.44058,-0.130924,-1,-0.126651,0.558267
2.44083,-0.0978914,-1,0.021173,0.558267
2.44108,0.00417099,-1,0.217072,0.558267
2.44133,0.217744,-1,0.483974,0.558267
2.44158,0.480592,-1,0.748617,0.558267
2.44183,0.654772,-0.125984,0.881739,0.558267
2.44208,0.620235,1,0.766824,0.558267
2.44233,0.362719,1,0.396501,0.558267
2.44258,-0.00815319,1,-0.0877531,0.558267
2.44283,-0.325735,1,-0.515213,0.558267
2.44308,-0.472312,1,-0.728302,0.558267
2.44333,-0.445673,1,-0.719085,0.558267
2.44358,-0.340939,0.551181,-0.592256,0.558267
2.44383,-0.266033,-1,-0.450328,0.558267
2.44408,-0.254615,-1,-0.336923,0.558267
2.44433,-0.244595,-1,-0.205264,0.558267
2.44458,-0.138631,-1,0.0107084,0.558267
2.44483,0.104851,-1,0.339131,0.558267
2.44508,0.417486,-1,0.68105,0.558267
2.44533,0.652023,-1,0.904617,0.558267
2.44558,0.677484,0.362205,0.881248,0.558267
2.44583,0.46951,1,0.579077,0.558267
2.44608,0.129998,1,0.126397,0.558267
2.44633,-0.180305,1,-0.298963,0.558267
2.44658,-0.345407,1,-0.558685,0.558267
2.44683,-0.360774,1,-0.628476,0.558267
2.44708,-0.314505,1,-0.588095,0.558267
2.44733,-0.303641,-0.0314961,-0.545077,0.558267
2.44758,-0.349139,-1,-0.503313,0.558267
2.44783,-0.377684,-1,-0.432229,0.558267
2.44808,-0.284818,-1,-0.213864,0.558267
2.44833,-0.0274218,-1,0.149052,0.558267
2.44858,0.321937,-1,0.56201,0.558267
2.44883,0.608577,-1,0.870731,0.558267
2.44908,0.69259,-0.818898,0.933186,0.558267
2.44933,0.540864,0.968504,0.720166,0.558267
2.44958,0.246022,1,0.330173,0.558267
2.44983,-0.0384756,1,-0.070175,0.558267
2.45008,-0.202884,1,-0.35292,0.558267
2.45033,-0.244319,1,-0.471473,0.558267
2.45058,-0.24765,1,-0.519338,0.558267
2.45083,-0.299638,1,-0.56118,0.558267
2.45108,-0.40816,-0.527559,-0.618573,0.558267
2.45133,-0.486867,-1,-0.609469,0.558267
2.45158,-0.422002,-1,-0.425241,0.558267
2.45183,-0.167223,-1,-0.053083,0.558267
2.45208,0.203229,-1,0.409993,0.558267
2.45233,0.529372,-1,0.793386,0.558267
2.45258,0.665602,-1,0.927927,0.558267
2.45283,0.571347,-0.181102,0.796068,0.558267
2.45308,0.331185,1,0.482144,0.558267
2.45333,0.0883694,1,0.133278,0.558267
2.45358,-0.0566283,1,-0.130758,0.558267
2.45383,-0.107035,1,-0.283612,0.558267
2.45408,-0.147159,1,-0.399863,0.558267
2.45433,-0.25607,1,-0.528603,0.558267
2.45458,-0.428473,0.629921,-0.681614,0.558267
2.45483,-0.564429,-0.968504,-0.752945,0.558267
2.45508,-0.539282,-1,-0.622568,0.558267
2.45533,-0.302578,-1,-0.275959,0.558267
2.45558,0.0720997,-1,0.214402,0.558267
2.45583,0.422676,-1,0.643813,0.558267
2.45608,0.600179,-1,0.859041,0.558267
2.45634,0.55996,-1,0.811415,0.558267
2.45659,0.379164,0.511811,0.583617,0.558267
2.45684,0.190474,1,0.304936,0.558267
2.45709,0.0817796,1,0.0810876,0.558267
2.45734,0.0397836,1,-0.0758869,0.558267
2.45759,-0.0222677,1,-0.225715,0.558267
2.45784,-0.178281,1,-0.442349,0.558267
2.45809,-0.410696,1,-0.6741,0.558267
2.45834,-0.605595,0.149606,-0.833372,0.558267
2.45859,-0.628183,-1,-0.780153,0.558267
2.45884,-0.422323,-1,-0.461457,0.558267
2.45909,-0.0598431,-1,0.0163024,0.558267
2.45934,0.298209,-1,0.481396,0.558267
2.45959,0.502635,-1,0.756811,0.558267
2.45984,0.508384,-1,0.783439,0.558267
2.46009,0.387582,-0.590551,0.637776,0.558267
2.46034,0.261095,1,0.442399,0.558267
2.46059,0.202368,1,0.289734,0.558267
2.46084,0.185142,1,0.14753,0.558267
2.46109,0.116259,1,-0.0244679,0.558267
2.46134,-0.0741921,1,-0.299721,0.558267
2.46159,-0.358151,1,-0.619677,0.558267
2.46184,-0.609222,1,-0.85492,0.558267
2.46209,-0.68273,-0.377953,-0.884418,0.558267
2.46234,-0.517025,-1,-0.624476,0.558267
2.46259,-0.181557,-1,-0.179538,0.558267
2.46284,0.166054,-1,0.281506,0.558267
2.46309,0.3814,-1,0.596281,0.558267
2.46334,0.421995,-1,0.694362,0.558267
2.46359,0.356614,-1,0.631027,0.558267
2.46384,0.296168,0.0708661,0.53132,0.558267
2.46409,0.29747,1,0.449017,0.558267
2.46434,0.318583,1,0.363066,0.558267
2.46459,0.257813,1,0.183005,0.558267
2.46484,0.0469031,1,-0.134162,0.558267
2.46509,-0.277162,1,-0.51955,0.558267
2.46534,-0.577055,1,-0.845694,0.558267
2.46559,-0.699965,0.692913,-0.943338,0.558267
2.46584,-0.580142,-1,-0.75898,0.558267
2.46609,-0.283848,-1,-0.365046,0.558267
2.46634,0.0369599,-1,0.0730797,0.558267
2.46659,0.245924,-1,0.394388,0.558267
2.46684,0.307287,-1,0.539557,0.558267
2.46709,0.290029,-1,0.552416,0.558267
2.46734,0.294771,-0.976378,0.54694,0.558267
2.46759,0.361753,0.653543,0.561739,0.558267
2.46784,0.431378,1,0.541026,0.558267
2.46809,0.392056,1,0.387944,0.558267
2.46834,0.174776,1,0.0593526,0.558267
2.46859,-0.175609,1,-0.382138,0.558267
2.46884,-0.513292,1,-0.770652,0.558267
2.46909,-0.679973,1,-0.942118,0.558267
2.46934,-0.607563,0.023622,-0.826696,0.558267
2.46959,-0.359248,-1,-0.496746,0.558267
2.46984,-0.079963,-1,-0.110326,0.558267
2.47009,0.105914,-1,0.191244,0.558267
2.47034,0.172879,-1,0.364063,0.558267
2.47059,0.193114,-1,0.449188,0.558267
2.47084,0.258827,-1,0.525982,0.558267
2.47109,0.392625,-0.401575,0.636691,0.558267
2.47134,0.517156,1,0.690614,0.558267
2.47159,0.509405,1,0.589157,0.558267
2.47184,0.299349,1,0.254547,0.558267
2.47209,-0.0625382,1,-0.213496,0.558267
2.47234,-0.424226,1,-0.648711,0.558267
2.47259,-0.62531,1,-0.880461,0.558267
2.47284,-0.597674,1,-0.838172,0.558267
2.47309,-0.402684,-0.700787,-0.593956,0.558267
2.47334,-0.176584,-1,-0.272171,0.558267
2.47359,-0.0292381,-1,-0.0195306,0.558267
2.47384,0.0281782,-1,0.153223,0.558267
2.47409,0.0737914,-1,0.287497,0.558267
2.47434,0.192637,-1,0.451475,0.558267
2.47459,0.390441,-1,0.657823,0.558267
2.47484,0.571805,0.125984,0.788842,0.558267
2.47509,0.602547,1,0.733987,0.558267
2.47534,0.411255,1,0.443572,0.558267
2.47559,0.0523845,1,-0.0370397,0.558267
2.47584,-0.317948,1,-0.513017,0.558267
2.47609,-0.540775,1,-0.799382,0.558267
2.47634,-0.551783,1,-0.821662,0.558267
2.47659,-0.411742,0.291339,-0.651917,0.558267
2.47684,-0.247436,-1,-0.420096,0.558267
2.47709,-0.151382,-1,-0.216595,0.558267
2.47734,-0.117246,-1,-0.065777,0.558267
2.47759,-0.0590458,-1,0.101727,0.558267
2.47784,0.10275,-1,0.337964,0.558267
2.47809,0.357972,-1,0.614473,0.558267
2.47834,0.593764,-0.874016,0.832791,0.558267
2.47859,0.666073,0.700787,0.849014,0.558267
2.47884,0.502584,1,0.600366,0.558267
2.47909,0.160906,1,0.141015,0.558267
2.47934,-0.202256,1,-0.336712,0.558267
2.47959,-0.432835,1,-0.647684,0.558267
2.47984,-0.473439,1,-0.740108,0.558267
2.48009,-0.386448,1,-0.646294,0.558267
2.48034,-0.288863,-0.425197,-0.50731,0.558267
2.48059,-0.253642,-1,-0.388643,0.558267
2.48084,-0.254808,-1,-0.273816,0.558267
2.4811,-0.196805,-1,-0.102496,0.558267
2.48135,-0.00354168,-1,0.194034,0.558267
2.4816,0.299415,-1,0.549339,0.558267
2.48185,0.583655,-1,0.841484,0.558267
2.4821,0.696945,-0.267717,0.927276,0.558267
2.48235,0.56701,1,0.725398,0.558267
2.4826,0.254608,1,0.311554,0.558267
2.48285,-0.0856109,1,-0.148997,0.558267
2.4831,-0.308508,1,-0.47623,0.558267
2.48335,-0.367826,1,-0.608864,0.558267
2.4836,-0.32934,1,-0.594469,0.558267
2.48385,-0.299894,0.527559,-0.540146,0.558267
2.4841,-0.331866,-1,-0.515662,0.558267
2.48435,-0.377555,-1,-0.459675,0.558267
2.4846,-0.329986,-1,-0.297707,0.558267
2.48485,-0.117505,-1,0.015733,0.558267
2.4851,0.22113,-1,0.432264,0.558267
2.48535,0.544338,-1,0.793546,0.558267
2.4856,0.694148,-1,0.927379,0.558267
2.48585,0.600641,0.440945,0.786293,0.558267
2.4861,0.327433,1,0.425993,0.558267
2.48635,0.0244913,1,0.0133062,0.558267
2.4866,-0.175905,1,-0.300381,0.558267
2.48685,-0.241985,1,-0.45423,0.558267
2.4871,-0.24489,1,-0.506769,0.558267
2.48735,-0.28156,1,-0.54631,0.558267
2.4876,-0.383003,-0.102362,-0.607157,0.558267
2.48785,-0.478809,-1,-0.619937,0.558267
2.4881,-0.450889,-1,-0.483133,0.558267
2.48835,-0.231017,-1,-0.147118,0.558267
2.4886,0.130233,-1,0.311053,0.558267
2.48885,0.480007,-1,0.724056,0.558267
2.4891,0.658847,-1,0.928399,0.558267
2.48935,0.601452,-0.472441,0.843798,0.558267
2.4896,0.374654,1,0.544651,0.558267
2.48985,0.121588,1,0.196859,0.558267
2.4901,-0.0421391,1,-0.0837461,0.558267
2.49035,-0.102946,1,-0.262082,0.558267
2.4906,-0.138777,1,-0.366444,0.558267
2.49085,-0.236982,1,-0.494357,0.558267
2.4911,-0.406344,0.811024,-0.653551,0.558267
2.49135,-0.554758,-0.692913,-0.748906,0.558267
2.4916,-0.552739,-1,-0.653331,0.558267
2.49185,-0.335986,-1,-0.327198,0.558267
2.4921,0.0335765,-1,0.156966,0.558267
2.49235,0.396266,-1,0.614531,0.558267
2.4926,0.593969,-1,0.85189,0.558267
2.49285,0.569631,-1,0.826615,0.558267
2.4931,0.393774,0.322835,0.606766,0.558267
2.49335,0.200677,1,0.329043,0.558267
2.4936,0.085595,1,0.102808,0.558267
2.49385,0.0416031,1,-0.0570539,0.558267
2.4941,-0.0179632,1,-0.20973,0.558267
2.49435,-0.170731,1,-0.414373,0.558267
2.4946,-0.403389,1,-0.661153,0.558267
2.49485,-0.602471,0.212598,-0.828574,0.558267
2.4951,-0.629742,-1,-0.787483,0.558267
2.49535,-0.425434,-1,-0.475952,0.558267
2.4956,-0.0612002,-1,-0.00106559,0.558267
2.49585,0.298768,-1,0.468794,0.558267
2.4961,0.503554,-1,0.741515,0.558267
2.49635,0.507278,-1,0.771385,0.558267
2.4966,0.384346,-0.543307,0.627242,0.558267
2.49685,0.258228,1,0.43715,0.558267
2.4971,0.201387,1,0.281519,0.558267
2.49735,0.184105,1,0.158981,0.558267
2.4976,0.110025,1,-0.0283671,0.558267
2.49785,-0.0885991,1,-0.306853,0.558267
2.4981,-0.376536,1,-0.628225,0.558267
2.49835,-0.621437,1,-0.861141,0.558267
2.4986,-0.678388,-0.440945,-0.866893,0.558267
2.49885,-0.493783,-1,-0.587668,0.558267
2.4991,-0.148186,-1,-0.139037,0.558267
2.49935,0.194149,-1,0.322623,0.558267
2.4996,0.393246,-1,0.6109,0.558267
2.49985,0.417861,-1,0.679921,0.558267
2.5001,0.347492,-1,0.615149,0.558267
2.50035,0.292911,0.220472,0.518944,0.558267
2.5006,0.300975,1,0.43813,0.558267
2.50085,0.317442,1,0.351573,0.558267
2.5011,0.2373,1,0.156225,0.558267
2.50135,0.00298415,1,-0.181535,0.558267
2.5016,-0.330066,1,-0.576804,0.558267
2.50185,-0.612478,1,-0.878599,0.558267
2.5021,-0.696554,0.393701,-0.926758,0.558267
2.50235,-0.537104,-1,-0.703041,0.558267
2.5026,-0.222045,-1,-0.283134,0.558267
2.50285,0.0879784,-1,0.133771,0.558267
2.5031,0.268618,-1,0.421994,0.558267
2.50335,0.306459,-1,0.533265,0.558267
2.5036,0.286347,-1,0.550125,0.558267
2.50385,0.304568,-0.614173,0.547108,0.558267
2.5041,0.380763,0.88189,0.569099,0.558267
2.50435,0.43594,1,0.529726,0.558267
2.5046,0.357215,1,0.334531,0.558267
2.50485,0.0975319,1,-0.0337845,0.558267
2.5051,-0.268024,1,-0.476712,0.558267
2.50535,-0.577347,1,-0.818514,0.558267
2.5056,-0.683766,1,-0.925467,0.558267
2.50586,-0.552428,-0.393701,-0.743792,0.558267
2.50611,-0.278496,-1,-0.388995,0.558267
2.50636,-0.014415,-1,-0.0128916,0.558267
2.50661,0.13562,-1,0.24296,0.558267
2.50686,0.179092,-1,0.382839,0.558267
2.50711,0.205199,-1,0.464164,0.558267
2.50736,0.294782,-1,0.550263,0.558267
2.50761,0.438799,0.0393701,0.65514,0.558267
2.50786,0.53457,1,0.679774,0.558267
2.50811,0.462713,1,0.497439,0.558267
2.50836,0.188448,1,0.105741,0.558267
2.50861,-0.195821,1,-0.376886,0.558267
2.50886,-0.519129,1,-0.757302,0.558267
2.50911,-0.641042,1,-0.899645,0.558267
2.50936,-0.539673,0.393701,-0.772341,0.558267
2.50961,-0.3152,-1,-0.478099,0.558267
2.50986,-0.108753,-1,-0.174934,0.558267
2.51011,0.00054347,-1,0.0477951,0.558267
2.51036,0.0419142,-1,0.192288,0.558267
2.51061,0.109538,-1,0.335248,0.558267
2.51086,0.266242,-1,0.516276,0.558267
2.51111,0.474565,-0.76378,0.714007,0.558267
2.51136,0.609494,0.692913,0.791343,0.558267
2.51161,0.548562,1,0.645739,0.558267
2.51186,0.26988,1,0.255411,0.558267
2.51211,-0.118144,1,-0.247282,0.558267
2.51236,-0.441665,1,-0.657161,0.558267
2.51261,-0.570898,1,-0.830814,0.558267
2.51286,-0.499414,1,-0.749633,0.558267
2.51311,-0.331143,-0.448819,-0.538081,0.558267
2.51336,-0.191678,-1,-0.31174,0.558267
2.51361,-0.131438,-1,-0.147898,0.558267
2.51386,-0.0982448,-1,0.00170179,0.558267
2.51411,0.00524334,-1,0.197809,0.558267
2.51436,0.222569,-1,0.475577,0.558267
2.51461,0.488422,-1,0.74759,0.558267
2.51486,0.658406,-0.0944882,0.877331,0.558267
2.51511,0.610647,1,0.754962,0.558267
2.51536,0.337569,1,0.37842,0.558267
2.51561,-0.0398549,1,-0.114979,0.558267
2.51586,-0.348903,1,-0.523663,0.558267
2.51611,-0.476901,1,-0.712177,0.558267
2.51636,-0.434061,1,-0.694913,0.558267
2.51661,-0.326822,0.307087,-0.557658,0.558267
2.51686,-0.260742,-1,-0.430036,0.558267
2.51711,-0.25541,-1,-0.33417,0.558267
2.51736,-0.235183,-1,-0.199293,0.558267
2.51761,-0.101678,-1,0.045215,0.558267
2.51786,0.168214,-1,0.383062,0.558267
2.51811,0.481465,-1,0.726163,0.558267
2.51836,0.679822,-0.858268,0.913484,0.558267
2.51861,0.645775,0.661417,0.818693,0.558267
2.51886,0.38742,1,0.4761,0.558267
2.51911,0.0353724,1,0.00999717,0.558267
2.51936,-0.245085,1,-0.372965,0.558267
2.51961,-0.362925,1,-0.574945,0.558267
2.51986,-0.34749,1,-0.601408,0.558267
2.52011,-0.303935,1,-0.552284,0.558267
2.52036,-0.314841,-0.448819,-0.518097,0.558267
2.52061,-0.366841,-1,-0.483064,0.558267
2.52086,-0.362284,-1,-0.371723,0.558267
2.52111,-0.204877,-1,-0.102328,0.558267
2.52136,0.10689,-1,0.303366,0.558267
2.52161,0.455871,-1,0.709698,0.558267
2.52186,0.673638,-1,0.931739,0.558267
2.52211,0.652639,-0.0629921,0.871552,0.558267
2.52236,0.417398,1,0.566379,0.558267
2.52261,0.104674,1,0.15158,0.558267
2.52286,-0.134352,1,-0.207964,0.558267
2.52311,-0.23455,1,-0.411393,0.558267
2.52336,-0.244234,1,-0.488056,0.558267
2.52361,-0.265289,1,-0.527159,0.558267
2.52386,-0.353615,0.291339,-0.586987,0.558267
2.52411,-0.462232,-1,-0.629468,0.548234
2.52436,-0.474179,-1,-0.546516,0.548234
2.52461,-0.298473,-1,-0.261585,0.548234
2.52486,0.0434927,-1,0.190365,0.548234
2.52511,0.413533,-1,0.630621,0.548234
2.52536,0.640481,-1,0.881934,0.548234
2.52561,0.63101,-0.76378,0.856663,0.548234
2.52586,0.426715,0.80315,0.60378,0.548234
2.52611,0.16569,1,0.248801,0.548234
2.52636,-0.0206984,1,-0.0475401,0.548234
2.52661,-0.09689,1,-0.223331,0.548234
2.52686,-0.129956,1,-0.337351,0.548234
2.52711,-0.2146,1,-0.464215,0.548234
2.52736,-0.377463,1,-0.613737,0.548234
2.52761,-0.538814,-0.385827,-0.730388,0.548234
2.52786,-0.566165,-1,-0.674526,0.548234
2.52811,-0.378275,-1,-0.377822,0.548234
2.52836,-0.0189968,-1,0.0885239,0.548234
2.52861,0.356904,-1,0.563842,0.548234
2.52886,0.582132,-1,0.841881,0.548234
2.52911,0.58224,-1,0.840201,0.548234
2.52936,0.415712,0.11811,0.641421,0.548234
2.52961,0.217212,1,0.36616,0.548234
2.52986,0.0923465,1,0.136015,0.548234
2.53011,0.044427,1,-0.0337132,0.548234
2.53036,-0.0103716,1,-0.191874,0.548234
2.53062,-0.156033,1,-0.399831,0.548234
2.53087,-0.387337,1,-0.649025,0.548234
2.53112,-0.594202,0.314961,-0.82417,0.548234
2.53137,-0.634209,-1,-0.794589,0.548234
2.53162,-0.439741,-1,-0.507649,0.548234
2.53187,-0.0771499,-1,-0.033249,0.548234
2.53212,0.288537,-1,0.440708,0.548234
2.53237,0.500748,-1,0.720009,0.548234
2.53262,0.508804,-1,0.756403,0.548234
2.53287,0.3863,-0.535433,0.622368,0.548234
2.53312,0.258946,0.952756,0.432316,0.548234
2.53337,0.201577,1,0.292821,0.548234
2.53362,0.183882,1,0.161936,0.548234
2.53387,0.108148,1,-0.0216196,0.548234
2.53412,-0.0936297,1,-0.294634,0.548234
2.53437,-0.384173,1,-0.625929,0.548234
2.53462,-0.626812,0.992126,-0.85647,0.548234
2.53487,-0.675653,-0.440945,-0.853726,0.548234
2.53512,-0.480443,-1,-0.577888,0.548234
2.53537,-0.128905,-1,-0.113281,0.548234
2.53562,0.210684,-1,0.334975,0.548234
2.53587,0.399781,-1,0.612347,0.548234
2.53612,0.414617,-1,0.671584,0.548234
2.53637,0.341356,-1,0.600259,0.548234
2.53662,0.291279,0.291339,0.509593,0.548234
2.53687,0.303701,1,0.435537,0.548234
2.53712,0.315503,1,0.340171,0.548234
2.53737,0.220134,1,0.130474,0.548234
2.53762,-0.0313862,1,-0.221174,0.548234
2.53787,-0.369179,1,-0.611922,0.548234
2.53812,-0.635965,1,-0.896943,0.548234
2.53837,-0.688902,0.19685,-0.910783,0.548234
2.53862,-0.499498,-1,-0.651314,0.548234
2.53887,-0.173221,-1,-0.232617,0.548234
2.53912,0.125207,-1,0.183624,0.548234
2.53937,0.282781,-1,0.445761,0.548234
2.53962,0.304284,-1,0.531829,0.548234
2.53987,0.28487,-1,0.539468,0.548234
2.54012,0.31499,-0.354331,0.545673,0.548234
2.54037,0.395933,1,0.568778,0.548234
2.54062,0.434178,1,0.516785,0.548234
2.54087,0.319719,1,0.288349,0.548234
2.54112,0.0270273,1,-0.111746,0.548234
2.54137,-0.34363,1,-0.54784,0.548234
2.54162,-0.620964,1,-0.857573,0.548234
2.54187,-0.673525,0.811024,-0.89985,0.548234
2.54212,-0.496785,-0.692913,-0.669291,0.548234
2.54237,-0.20973,-1,-0.29914,0.548234
2.54262,0.0342742,-1,0.0542712,0.548234
2.54287,0.153751,-1,0.279193,0.548234
2.54312,0.183108,-1,0.390313,0.548234
2.54337,0.220937,-1,0.465599,0.548234
2.54362,0.331179,-0.976378,0.570221,0.548234
2.54387,0.475609,0.370079,0.667281,0.548234
2.54412,0.535047,1,0.641372,0.548234
2.54437,0.402584,1,0.408824,0.548234
2.54462,0.0791938,1,-0.0283547,0.548234
2.54487,-0.308047,1,-0.507171,0.548234
2.54512,-0.58208,1,-0.831933,0.548234
2.54537,-0.630477,1,-0.885355,0.548234
2.54562,-0.473871,-0.102362,-0.689604,0.548234
2.54587,-0.239486,-1,-0.379194,0.548234
2.54612,-0.0604957,-1,-0.104425,0.548234
2.54637,0.0180202,-1,0.0922531,0.548234
2.54662,0.0576221,-1,0.231606,0.548234
2.54687,0.15443,-1,0.393601,0.548234
2.54712,0.340989,-1,0.598574,0.548234
2.54737,0.540398,-0.251969,0.768121,0.548234
2.54762,0.613725,1,0.778464,0.548234
2.54787,0.464944,1,0.531753,0.548234
2.54812,0.12336,1,0.0778194,0.548234
2.54837,-0.262728,1,-0.413491,0.548234
2.54862,-0.520149,1,-0.743224,0.548234
2.54887,-0.561887,1,-0.805918,0.548234
2.54912,-0.43363,0.456693,-0.662769,0.548234
2.54937,-0.263658,-0.992126,-0.438249,0.548234
2.54962,-0.157195,-1,-0.23939,0.548234
2.54987,-0.119466,-1,-0.0936082,0.548234
2.55012,-0.0662882,-1,0.0590275,0.548234
2.55037,0.0895005,-1,0.288306,0.548234
2.55062,0.344952,-1,0.578797,0.548234
2.55087,0.58764,-0.84252,0.805083,0.548234
2.55112,0.66695,0.527559,0.836839,0.548234
2.55137,0.504777,1,0.588163,0.548234
2.55162,0.159009,1,0.137851,0.548234
2.55187,-0.208088,1,-0.339402,0.548234
2.55212,-0.436843,1,-0.650299,0.548234
2.55237,-0.471526,1,-0.726585,0.548234
2.55262,-0.380007,0.992126,-0.626614,0.548234
2.55287,-0.283972,-0.417323,-0.487039,0.548234
2.55312,-0.253531,-1,-0.374677,0.548234
2.55337,-0.253475,-1,-0.26834,0.548234
2.55362,-0.182349,-1,-0.0816417,0.548234
2.55387,0.0300259,-1,0.222763,0.548234
2.55412,0.343244,-1,0.591417,0.548234
2.55437,0.614931,-1,0.873822,0.548234
2.55462,0.692329,-0.0314961,0.907146,0.548234
2.55487,0.521269,1,0.665,0.548234
2.55512,0.186886,1,0.231224,0.548234
2.55538,-0.143793,1,-0.220289,0.548234
2.55563,-0.334393,1,-0.506302,0.548234
2.55588,-0.36372,1,-0.606398,0.548234
2.55613,-0.31783,1,-0.573705,0.548234
2.55638,-0.302399,0.141732,-0.537947,0.548234
2.55663,-0.346935,-1,-0.50959,0.548234
2.55688,-0.378182,-1,-0.453426,0.548234
2.55713,-0.284884,-1,-0.24195,0.548234
2.55738,-0.0211092,-1,0.126229,0.548234
2.55763,0.335511,-1,0.55237,0.548234
2.55788,0.620086,-1,0.858784,0.548234
2.55813,0.688627,-0.566929,0.909904,0.548234
2.55838,0.515434,0.88189,0.680428,0.548234
2.55863,0.208551,1,0.285149,0.548234
2.55888,-0.0700077,1,-0.101139,0.548234
2.55913,-0.216213,1,-0.347642,0.548234
2.55938,-0.244806,1,-0.454892,0.548234
2.55963,-0.252386,1,-0.490775,0.548234
2.55988,-0.320372,0.685039,-0.551546,0.548234
2.56013,-0.434267,-0.614173,-0.611059,0.548234
2.56038,-0.487754,-1,-0.580823,0.548234
2.56063,-0.369143,-1,-0.354574,0.548234
2.56088,-0.062299,-1,0.0572677,0.548234
2.56113,0.320309,-1,0.522766,0.548234
2.56138,0.601746,-1,0.840929,0.548234
2.56163,0.65628,-1,0.892502,0.548234
2.56188,0.489852,0.377953,0.675583,0.548234
2.56213,0.226883,1,0.334985,0.548234
2.56238,0.0132908,1,0.0203345,0.548234
2.56263,-0.0864799,1,-0.192841,0.548234
2.56288,-0.120725,1,-0.314659,0.548234
2.56313,-0.188578,1,-0.438381,0.548234
2.56338,-0.338712,1,-0.594004,0.548234
2.56363,-0.512036,-0.0629921,-0.731042,0.548234
2.56388,-0.576791,-1,-0.71301,0.548234
2.56413,-0.431392,-1,-0.469229,0.548234
2.56438,-0.0930125,-1,-0.0148456,0.548234
2.56463,0.296126,-1,0.472188,0.548234
2.56488,0.558837,-1,0.793924,0.548234
2.56513,0.596943,-1,0.850875,0.548234
2.56538,0.448458,-0.110236,0.678067,0.548234
2.56563,0.244799,1,0.404976,0.548234
2.56588,0.104886,1,0.173475,0.548234
2.56613,0.0493876,1,-0.000338779,0.548234
2.56638,0.00123453,1,-0.149247,0.548234
2.56663,-0.131198,1,-0.34811,0.548234
2.56688,-0.357334,1,-0.595734,0.548234
2.56713,-0.576385,0.456693,-0.802084,0.548234
2.56738,-0.641051,-0.850394,-0.803923,0.548234
2.56763,-0.46946,-1,-0.545532,0.548234
2.56788,-0.115076,-1,-0.0810808,0.548234
2.56813,0.260411,-1,0.396787,0.548234
2.56838,0.491232,-1,0.701725,0.548234
2.56863,0.514304,-1,0.750944,0.548234
2.56888,0.396379,-0.582677,0.618757,0.548234
2.56913,0.265196,0.787402,0.436767,0.548234
2.56938,0.202877,1,0.290779,0.548234
2.56963,0.185111,1,0.167938,0.548234
2.56988,0.114053,1,-0.00871555,0.548234
2.57013,-0.0838796,1,-0.278013,0.548234
2.57038,-0.37494,1,-0.609052,0.548234
2.57063,-0.622741,0.952756,-0.845118,0.548234
2.57088,-0.677,-0.370079,-0.858429,0.548234
2.57113,-0.483983,-1,-0.584013,0.548234
2.57138,-0.130811,-1,-0.127675,0.548234
2.57163,0.211264,-1,0.323827,0.548234
2.57188,0.400599,-1,0.602418,0.548234
2.57213,0.413822,-1,0.659498,0.548234
2.57238,0.339728,-1,0.594998,0.548234
2.57263,0.290863,0.299213,0.505026,0.548234
2.57288,0.304545,1,0.440481,0.548234
2.57313,0.314313,1,0.343823,0.548234
2.57338,0.211626,1,0.128081,0.548234
2.57363,-0.04852,1,-0.230721,0.548234
2.57388,-0.389129,1,-0.626247,0.548234
2.57413,-0.647165,1,-0.897734,0.548234
2.57438,-0.68266,0.0708661,-0.901925,0.548234
2.57463,-0.476408,-1,-0.629889,0.548234
2.57488,-0.144091,-1,-0.19851,0.548234
2.57513,0.146518,-1,0.205751,0.548234
2.57538,0.289944,-1,0.455341,0.548234
2.57563,0.302025,-1,0.524898,0.548234
2.57588,0.284784,-1,0.530694,0.548234
2.57613,0.323101,-0.173228,0.54619,0.548234
2.57638,0.405508,1,0.568153,0.548234
2.57663,0.429447,1,0.496608,0.548234
2.57688,0.288884,1,0.249946,0.548234
2.57713,-0.0254694,1,-0.162528,0.548234
2.57738,-0.395708,1,-0.606325,0.548234
2.57763,-0.64602,1,-0.878844,0.548234
2.57788,-0.658257,0.503937,-0.871288,0.548234
2.57813,-0.45113,-0.889764,-0.604154,0.548234
2.57838,-0.159736,-1,-0.23237,0.548234
2.57863,0.0659692,-1,0.103078,0.548234
2.57888,0.163792,-1,0.298885,0.548234
2.57913,0.186863,-1,0.387072,0.548234
2.57938,0.237031,-1,0.474354,0.548234
2.57963,0.361864,-0.637795,0.585437,0.548234
2.57989,0.500382,0.598425,0.666059,0.548234
2.58014,0.524135,1,0.605673,0.548234
2.58039,0.342424,1,0.319898,0.548234
2.58064,-0.012843,1,-0.142138,0.548234
2.58089,-0.390921,1,-0.595824,0.548234
2.58114,-0.616757,1,-0.862255,0.548234
2.58139,-0.606259,0.905512,-0.84583,0.548234
2.58164,-0.413817,-0.472441,-0.602126,0.548234
2.58189,-0.182148,-1,-0.287805,0.548234
2.58214,-0.0300319,-1,-0.0268523,0.548234
2.58239,0.0287107,-1,0.140342,0.548234
2.58264,0.0761409,-1,0.275286,0.548234
2.58289,0.201273,-1,0.442986,0.548234
2.58314,0.40545,-1,0.658307,0.548234
2.58339,0.582675,0.141732,0.794791,0.548234
2.58364,0.592516,1,0.721438,0.548234
2.58389,0.371339,1,0.395855,0.548234
2.58414,-0.00679342,1,-0.094882,0.548234
2.58439,-0.369723,1,-0.553808,0.548234
2.58464,-0.558916,1,-0.79955,0.548234
2.58489,-0.531121,1,-0.787833,0.548234
2.58514,-0.371586,-0.0629921,-0.597019,0.548234
2.58539,-0.215495,-1,-0.373519,0.548234
2.58564,-0.138763,-1,-0.200567,0.548234
2.58589,-0.107485,-1,-0.0554348,0.548234
2.58614,-0.0219066,-1,0.133811,0.548234
2.58639,0.180036,-1,0.399579,0.548234
2.58664,0.450034,-1,0.685967,0.548234
2.58689,0.645749,-0.283465,0.866237,0.548234
2.58714,0.630479,0.992126,0.788067,0.548234
2.58739,0.377129,1,0.447361,0.548234
2.58764,-0.00191477,1,-0.037776,0.548234
2.58789,-0.328098,1,-0.468464,0.548234
2.58814,-0.473896,1,-0.679442,0.548234
2.58839,-0.439818,1,-0.669648,0.548234
2.58864,-0.331733,0.314961,-0.543175,0.548234
2.58889,-0.261717,-0.937008,-0.422888,0.548234
2.58914,-0.2553,-1,-0.325205,0.548234
2.58939,-0.235687,-1,-0.205937,0.548234
2.58964,-0.101041,-1,0.0285068,0.548234
2.58989,0.173329,-1,0.373309,0.548234
2.59014,0.489841,-1,0.712829,0.548234
2.59039,0.683589,-0.677165,0.889626,0.548234
2.59064,0.636515,0.622047,0.795153,0.548234
2.59089,0.364392,1,0.435499,0.548234
2.59114,0.00789499,1,-0.0225682,0.548234
2.59139,-0.263685,1,-0.401616,0.548234
2.59164,-0.366165,1,-0.577496,0.548234
2.59189,-0.341344,1,-0.581957,0.548234
2.59214,-0.301408,0.692913,-0.535587,0.548234
2.59239,-0.321559,-0.527559,-0.505189,0.548234
2.59264,-0.372972,-1,-0.468995,0.548234
2.59289,-0.347467,-1,-0.339002,0.548234
2.59314,-0.156301,-1,-0.0433523,0.548234
2.59339,0.178778,-1,0.375778,0.548234
2.59364,0.518235,-1,0.75976,0.548234
2.59389,0.691112,-1,0.935368,0.548234
2.59414,0.612187,0.267717,0.808163,0.548234
2.59439,0.339645,1,0.457712,0.548234
2.59464,0.029671,1,0.0418824,0.548234
2.59489,-0.175989,1,-0.271431,0.548234
2.59514,-0.242279,1,-0.43483,0.548234
2.59539,-0.245143,1,-0.489945,0.548234
2.59564,-0.286051,1,-0.540979,0.548234
2.59589,-0.392215,-0.11811,-0.608825,0.548234
2.59614,-0.48344,-1,-0.625324,0.548234
2.59639,-0.435017,-1,-0.483861,0.548234
2.59664,-0.186463,-1,-0.114894,0.548234
2.59689,0.191036,-1,0.355144,0.548234
2.59714,0.528085,-1,0.758953,0.548234
2.59739,0.665929,-1,0.907082,0.548234
2.59764,0.562115,-0.0629921,0.78435,0.548234
2.59789,0.311292,1,0.463291,0.548234
2.59814,0.0684703,1,0.13557,0.548234
2.59839,-0.0670796,1,-0.116565,0.548234
2.59864,-0.111386,1,-0.25857,0.548234
2.59889,-0.160454,1,-0.365844,0.548234
2.59914,-0.288709,1,-0.52039,0.548234
2.59939,-0.468449,0.267717,-0.683527,0.548234
2.59964,-0.577388,-0.905512,-0.72832,0.548234
2.59989,-0.49232,-1,-0.555135,0.548234
2.60014,-0.193367,-1,-0.157909,0.548234
2.60039,0.202655,-1,0.340125,0.548234
2.60064,0.513044,-1,0.719897,0.548234
2.60089,0.608447,-1,0.835478,0.548234
2.60114,0.493667,-0.377953,0.705595,0.548234
2.60139,0.288713,0.905512,0.448299,0.548234
2.60164,0.127388,1,0.195368,0.548234
2.60189,0.0571481,1,0.0220105,0.548234
2.60214,0.0158887,1,-0.116635,0.548234
2.60239,-0.0952585,1,-0.295695,0.548234
2.60264,-0.309124,1,-0.53715,0.548234
2.60289,-0.54232,0.637795,-0.756236,0.548234
2.60314,-0.646157,-0.559055,-0.800862,0.548234
2.60339,-0.5165,-1,-0.587637,0.548234
2.60364,-0.182004,-1,-0.15478,0.548234
2.60389,0.205341,-1,0.33511,0.548234
2.60414,0.468687,-1,0.676426,0.548234
2.60439,0.522825,-1,0.765691,0.548234
2.60465,0.417262,-0.685039,0.653962,0.548234
2.6049,0.280056,0.566929,0.468279,0.548234
2.60515,0.206994,1,0.304878,0.548234
2.6054,0.188077,1,0.18444,0.548234
2.60565,0.128421,1,0.0184214,0.548234
2.6059,-0.0552268,1,-0.248235,0.548234
2.60615,-0.343287,1,-0.582683,0.548234
2.6064,-0.604741,0.976378,-0.839963,0.548234
2.60665,-0.682588,-0.23622,-0.877717,0.548234
2.6069,-0.50932,-1,-0.62664,0.548234
2.60715,-0.161108,-1,-0.179001,0.548234
2.6074,0.189927,-1,0.287832,0.548234
2.60765,0.393702,-1,0.583284,0.548234
2.6079,0.416804,-1,0.660505,0.548234
2.60815,0.344001,-0.968504,0.595845,0.548234
2.6084,0.291612,0.228346,0.513018,0.548234
2.60865,0.30337,1,0.447971,0.548234
2.6089,0.31526,1,0.357168,0.548234
2.60915,0.216916,1,0.147724,0.548234
2.6094,-0.0412408,1,-0.200257,0.548234
2.60965,-0.383721,1,-0.605572,0.548234
2.6099,-0.645639,1,-0.87953,0.548234
2.61015,-0.682927,0.0629921,-0.891923,0.548234
2.6104,-0.475643,-1,-0.620853,0.548234
2.61065,-0.140903,-1,-0.193805,0.548234
2.6109,0.150222,-1,0.203931,0.548234
2.61115,0.291158,-1,0.441083,0.548234
2.6114,0.301447,-1,0.511042,0.548234
2.61165,0.284845,-1,0.512973,0.548234
2.6119,0.326104,-0.110236,0.540296,0.548234
2.61215,0.409067,1,0.560366,0.548234
2.6124,0.426786,1,0.489075,0.548234
2.61265,0.274062,1,0.230174,0.548234
2.6129,-0.0504356,1,-0.188365,0.548234
2.61315,-0.42034,1,-0.620363,0.548234
2.6134,-0.656423,1,-0.876346,0.548234
2.61365,-0.647615,0.338583,-0.852135,0.548234
2.6139,-0.424973,-0.929134,-0.570994,0.548234
2.61415,-0.132412,-1,-0.189969,0.548234
2.6144,0.0822902,-1,0.126295,0.548234
2.61465,0.168158,-1,0.308435,0.548234
2.6149,0.189653,-1,0.400694,0.548234
2.61515,0.248812,-1,0.474117,0.548234
2.6154,0.381829,-0.433071,0.595983,0.548234
2.61565,0.513408,0.685039,0.670481,0.548234
2.6159,0.511384,1,0.579866,0.548234
2.61615,0.297304,1,0.260954,0.548234
2.6164,-0.0754702,1,-0.212126,0.548234
2.61665,-0.442112,1,-0.652775,0.548234
2.6169,-0.631854,1,-0.875184,0.548234
2.61715,-0.582052,0.590551,-0.813043,0.548234
2.6174,-0.369959,-0.669291,-0.542175,0.548234
2.61765,-0.145245,-1,-0.229387,0.548234
2.6179,-0.0128008,-1,0.00485356,0.548234
2.61815,0.0357066,-1,0.154645,0.548234
2.6184,0.0940679,-1,0.295834,0.548234
2.61865,0.240619,-1,0.481601,0.548234
2.6189,0.452178,-0.740157,0.682669,0.548234
2.61915,0.603821,0.377953,0.789747,0.548234
2.6194,0.561027,1,0.669478,0.548234
2.61965,0.289299,1,0.294948,0.548234
2.6199,-0.105014,1,-0.207035,0.548234
2.62015,-0.438149,1,-0.634869,0.548234
2.6204,-0.571126,1,-0.81542,0.548234
2.62065,-0.495937,0.811024,-0.741255,0.548234
2.6209,-0.323689,-0.409449,-0.521386,0.548234
2.62115,-0.18553,-1,-0.312995,0.548234
2.6214,-0.12905,-1,-0.152169,0.548234
2.62165,-0.0925883,-1,-0.0084816,0.548234
2.6219,0.0256432,-1,0.199383,0.548234
2.62215,0.260216,-1,0.4882,0.548234
2.6224,0.526218,-1,0.753673,0.548234
2.62265,0.667925,0.0944882,0.866338,0.548234
2.6229,0.571671,1,0.698848,0.548234
2.62315,0.25758,1,0.290223,0.548234
2.6234,-0.125974,1,-0.2009,0.548234
2.62365,-0.401203,1,-0.565316,0.548234
2.6239,-0.478602,1,-0.705844,0.548234
2.62415,-0.403129,1,-0.643608,0.537772
2.6244,-0.298249,-0.141732,-0.504725,0.537772
2.62465,-0.254284,-1,-0.39522,0.537772
2.6249,-0.255587,-1,-0.301004,0.537772
2.62515,-0.201757,-1,-0.1446,0.537772
2.6254,-0.00859044,-1,0.142863,0.537772
2.62565,0.301539,-1,0.514218,0.537772
2.6259,0.590903,-1,0.819339,0.537772
2.62615,0.696093,-0.141732,0.894801,0.537772
2.6264,0.545656,1,0.682634,0.537772
2.62665,0.214924,1,0.259988,0.537772
2.6269,-0.125654,1,-0.178114,0.537772
2.62715,-0.328925,1,-0.476021,0.537772
2.6274,-0.364969,1,-0.579826,0.537772
2.62765,-0.319081,1,-0.545378,0.537772
2.6279,-0.302151,0.110236,-0.505941,0.537772
2.62815,-0.346927,-0.952756,-0.490423,0.537772
2.6284,-0.37781,-1,-0.433933,0.537772
2.62865,-0.280232,-1,-0.235923,0.537772
2.6289,-0.00817102,-1,0.13345,0.537772
2.62915,0.35338,-1,0.559158,0.537772
2.62941,0.632084,-1,0.853832,0.537772
2.62966,0.683183,-0.362205,0.887702,0.537772
2.62991,0.490997,0.858268,0.637211,0.537772
2.63016,0.176218,1,0.231527,0.537772
2.63041,-0.0943491,1,-0.142505,0.537772
2.63066,-0.224991,1,-0.371127,0.537772
2.63091,-0.244468,1,-0.450681,0.537772
2.63116,-0.257911,1,-0.493135,0.537772
2.63141,-0.33825,0.370079,-0.551538,0.537772
2.63166,-0.452139,-0.685039,-0.611295,0.537772
2.63191,-0.480494,-1,-0.552748,0.537772
2.63216,-0.319342,-1,-0.290048,0.537772
2.63241,0.0205467,-1,0.156344,0.537772
2.63266,0.400666,-1,0.603919,0.537772
2.63291,0.638198,-1,0.875893,0.537772
2.63316,0.630976,-0.551181,0.857244,0.537772
2.63341,0.421784,0.661417,0.597113,0.537772
2.63366,0.156448,1,0.241866,0.537772
2.63391,-0.027881,1,-0.0419723,0.537772
2.63416,-0.0995435,1,-0.21525,0.537772
2.63441,-0.134605,1,-0.330681,0.537772
2.63466,-0.230103,1,-0.459241,0.537772
2.63491,-0.402331,0.629921,-0.633443,0.537772
2.63516,-0.555053,-0.425197,-0.73479,0.537772
2.63541,-0.549402,-1,-0.646775,0.537772
2.63566,-0.318076,-1,-0.31511,0.537772
2.63591,0.06616,-1,0.173029,0.537772
2.63616,0.427767,-1,0.615808,0.537772
2.63641,0.603271,-1,0.831652,0.537772
2.63666,0.548321,-0.716535,0.779639,0.537772
2.63691,0.354986,0.472441,0.545331,0.537772
2.63716,0.168076,1,0.281675,0.537772
2.63741,0.0710807,1,0.0835899,0.537772
2.63766,0.0315768,1,-0.0584365,0.537772
2.63791,-0.0513184,1,-0.220965,0.537772
2.63816,-0.239727,1,-0.45636,0.537772
2.63841,-0.483083,0.866142,-0.707762,0.537772
2.63866,-0.638464,-0.19685,-0.820606,0.537772
2.63891,-0.575593,-1,-0.694115,0.537772
2.63916,-0.282791,-1,-0.302761,0.537772
2.63941,0.111578,-1,0.198495,0.537772
2.63966,0.421515,-1,0.592363,0.537772
2.63991,0.528315,-1,0.755185,0.537772
2.64016,0.450341,-0.866142,0.681843,0.537772
2.64041,0.308185,0.267717,0.504812,0.537772
2.64066,0.216528,1,0.346433,0.537772
2.64091,0.19197,1,0.22058,0.537772
2.64116,0.149977,1,0.0743342,0.537772
2.64141,-0.00623992,1,-0.164995,0.537772
2.64166,-0.282728,1,-0.496877,0.537772
2.64191,-0.564292,1,-0.791891,0.537772
2.64216,-0.686991,0,-0.882692,0.537772
2.64241,-0.557493,-1,-0.688465,0.537772
2.64266,-0.227229,-1,-0.256567,0.537772
2.64291,0.138441,-1,0.210682,0.537772
2.64316,0.37398,-1,0.543054,0.537772
2.64341,0.422591,-1,0.639087,0.537772
2.64366,0.355953,-1,0.586585,0.537772
2.64391,0.294934,0.0551181,0.503553,0.537772
2.64416,0.299288,1,0.441376,0.537772
2.64441,0.317606,1,0.364944,0.537772
2.64466,0.23776,1,0.17432,0.537772
2.64491,-0.00399837,1,-0.15686,0.537772
2.64516,-0.346504,1,-0.560886,0.537772
2.64541,-0.627096,1,-0.858345,0.537772
2.64566,-0.691012,0.165354,-0.8971,0.537772
2.64591,-0.50242,-0.984252,-0.645824,0.537772
2.64616,-0.170016,-1,-0.224984,0.537772
2.64641,0.132087,-1,0.189299,0.537772
2.64666,0.286316,-1,0.437829,0.537772
2.64691,0.302883,-1,0.51213,0.537772
2.64716,0.28472,-1,0.514912,0.537772
2.64741,0.322212,-0.141732,0.534019,0.537772
2.64766,0.405629,0.858268,0.559261,0.537772
2.64791,0.428753,1,0.492912,0.537772
2.64816,0.282565,1,0.238722,0.537772
2.64841,-0.0399043,1,-0.176949,0.537772
2.64866,-0.413113,1,-0.621547,0.537772
2.64891,-0.654523,1,-0.886396,0.537772
2.64916,-0.648949,0.307087,-0.863727,0.537772
2.64941,-0.426085,-0.850394,-0.577854,0.537772
2.64966,-0.13151,-1,-0.200876,0.537772
2.64991,0.0836104,-1,0.11667,0.537772
2.65016,0.168879,-1,0.304852,0.537772
2.65041,0.190167,-1,0.392016,0.537772
2.65066,0.251697,-1,0.477787,0.537772
2.65091,0.387131,-0.346457,0.604087,0.537772
2.65116,0.516933,0.653543,0.678898,0.537772
2.65141,0.506279,1,0.574581,0.537772
2.65166,0.280295,1,0.247724,0.537772
2.65191,-0.0995758,1,-0.228871,0.537772
2.65216,-0.461572,1,-0.661368,0.537772
2.65241,-0.636175,1,-0.865259,0.537772
2.65266,-0.569337,0.417323,-0.783663,0.537772
2.65291,-0.349216,-0.716535,-0.517065,0.537772
2.65316,-0.128495,-1,-0.213244,0.537772
2.65341,-0.00544362,-1,0.0105366,0.537772
2.65366,0.0392964,-1,0.153073,0.537772
2.65391,0.105286,-1,0.300471,0.537772
2.65417,0.263633,-1,0.484283,0.537772
2.65442,0.477188,-0.535433,0.695938,0.537772
2.65467,0.611322,0.472441,0.782448,0.537772
2.65492,0.536552,1,0.618234,0.537772
2.65517,0.236625,1,0.224113,0.537772
2.65542,-0.162928,1,-0.274507,0.537772
2.65567,-0.473844,1,-0.668528,0.537772
2.65592,-0.571149,1,-0.796673,0.537772
2.65617,-0.470003,0.519685,-0.691689,0.537772
2.65642,-0.294383,-0.574803,-0.472091,0.537772
2.65667,-0.169852,-1,-0.270074,0.537772
2.65692,-0.123875,-1,-0.122458,0.537772
2.65717,-0.0785342,-1,0.0191813,0.537772
2.65742,0.0641103,-1,0.243871,0.537772
2.65767,0.316973,-1,0.53282,0.537772
2.65792,0.571925,-0.700787,0.781388,0.537772
2.65817,0.668971,0.330709,0.845672,0.537772
2.65842,0.516574,1,0.608622,0.537772
2.65867,0.16847,1,0.171631,0.537772
2.65892,-0.206492,1,-0.304946,0.537772
2.65917,-0.438728,1,-0.625375,0.537772
2.65942,-0.469764,1,-0.697155,0.537772
2.65967,-0.374107,0.622047,-0.597108,0.537772
2.65992,-0.279362,-0.425197,-0.460812,0.537772
2.66017,-0.253502,-1,-0.363135,0.537772
2.66042,-0.251166,-1,-0.268846,0.537772
2.66067,-0.163139,-1,-0.0749087,0.537772
2.66092,0.0730051,-1,0.248291,0.537772
2.66117,0.396719,-1,0.612329,0.537772
2.66142,0.647723,-0.850394,0.868589,0.537772
2.66167,0.676509,0.212598,0.853003,0.537772
2.66192,0.454536,1,0.562857,0.537772
2.66217,0.0989346,1,0.11555,0.537772
2.66242,-0.210981,1,-0.304679,0.537772
2.66267,-0.356836,1,-0.531549,0.537772
2.66292,-0.352357,1,-0.578791,0.537772
2.66317,-0.30591,0.732283,-0.534376,0.537772
2.66342,-0.31271,-0.259843,-0.501642,0.537772
2.66367,-0.365545,-1,-0.485599,0.537772
2.66392,-0.362163,-1,-0.385735,0.537772
2.66417,-0.198367,-1,-0.124002,0.537772
2.66442,0.125205,-1,0.286951,0.537772
2.66467,0.479448,-1,0.691483,0.537772
2.66492,0.683265,-0.952756,0.901305,0.537772
2.66517,0.632233,0.125984,0.824756,0.537772
2.66542,0.369756,1,0.494717,0.537772
2.66567,0.0525159,1,0.0750653,0.537772
2.66592,-0.166402,1,-0.244586,0.537772
2.66617,-0.241233,1,-0.411555,0.537772
2.66642,-0.244808,1,-0.460583,0.537772
2.66667,-0.283663,0.84252,-0.511638,0.537772
2.66692,-0.390055,-0.0944882,-0.588539,0.537772
2.66717,-0.483255,-1,-0.611733,0.537772
2.66742,-0.433972,-1,-0.470377,0.537772
2.66767,-0.17993,-1,-0.115996,0.537772
2.66792,0.203556,-1,0.362622,0.537772
2.66817,0.539399,-1,0.74611,0.537772
2.66842,0.666165,-1,0.894827,0.537772
2.66867,0.547526,0.0551181,0.7412,0.537772
2.66892,0.289,1,0.418097,0.537772
2.66917,0.0501994,1,0.0867202,0.537772
2.66942,-0.0749256,1,-0.141163,0.537772
2.66967,-0.115129,1,-0.269251,0.537772
2.66992,-0.172485,1,-0.386771,0.537772
2.67017,-0.314003,0.968504,-0.541682,0.537772
2.67042,-0.494179,0.0551181,-0.69298,0.537772
2.67067,-0.578977,-0.889764,-0.716082,0.537772
2.67092,-0.451395,-1,-0.497698,0.537772
2.67117,-0.117543,-1,-0.0580974,0.537772
2.67142,0.280775,-1,0.434765,0.537772
2.67167,0.555046,-1,0.765084,0.537772
2.67192,0.59733,-1,0.833553,0.537772
2.67217,0.445439,0,0.650525,0.537772
2.67242,0.238541,1,0.383953,0.537772
2.67267,0.100083,1,0.150547,0.537772
2.67292,0.0470034,1,0.000311493,0.537772
2.67317,-0.00631794,1,-0.145087,0.537772
2.67342,-0.152453,1,-0.355451,0.537772
2.67367,-0.389282,1,-0.606926,0.537772
2.67392,-0.598971,0.181102,-0.798518,0.537772
2.67417,-0.629145,-0.795276,-0.773131,0.537772
2.67442,-0.413348,-1,-0.466747,0.537772
2.67467,-0.0331422,-1,0.0225583,0.537772
2.67492,0.329387,-1,0.474546,0.537772
2.67517,0.515458,-1,0.723369,0.537772
2.67542,0.491848,-1,0.726842,0.537772
2.67567,0.35543,-0.0708661,0.562839,0.537772
2.67592,0.238057,0.897638,0.391126,0.537772
2.67617,0.196416,1,0.262948,0.537772
2.67642,0.171995,1,0.137734,0.537772
2.67667,0.0585541,1,-0.0730496,0.537772
2.67692,-0.188981,1,-0.381444,0.537772
2.67717,-0.488061,1,-0.703492,0.537772
2.67742,-0.675141,0.283465,-0.877537,0.537772
2.67767,-0.621167,-0.732283,-0.766777,0.537772
2.67792,-0.333543,-1,-0.396605,0.537772
2.67817,0.0436719,-1,0.0882149,0.537772
2.67842,0.328485,-1,0.469817,0.537772
2.67867,0.42564,-1,0.624892,0.537772
2.67893,0.377347,-1,0.602039,0.537772
2.67918,0.304698,-0.149606,0.515135,0.537772
2.67943,0.293301,0.771654,0.444687,0.537772
2.67968,0.318078,1,0.392907,0.537772
2.67993,0.270599,1,0.23467,0.537772
2.68018,0.0645166,1,-0.061616,0.537772
2.68043,-0.269144,1,-0.463849,0.537772
2.68068,-0.580616,1,-0.797156,0.537772
2.68093,-0.699672,0.346457,-0.899206,0.537772
2.68118,-0.557823,-0.700787,-0.705682,0.537772
2.68143,-0.238862,-1,-0.306964,0.537772
2.68168,0.0835285,-1,0.11128,0.537772
2.68193,0.270074,-1,0.401143,0.537772
2.68218,0.30593,-1,0.499538,0.537772
2.68243,0.285402,-1,0.511474,0.537772
2.68268,0.311002,-0.244094,0.518496,0.537772
2.68293,0.392938,0.653543,0.555166,0.537772
2.68318,0.43431,1,0.513558,0.537772
2.68343,0.316767,1,0.28889,0.537772
2.68368,0.0130903,1,-0.108521,0.537772
2.68393,-0.366408,1,-0.557643,0.537772
2.68418,-0.636113,1,-0.85812,0.537772
2.68443,-0.663358,0.377953,-0.872938,0.537772
2.68468,-0.458974,-0.669291,-0.620922,0.537772
2.68493,-0.162166,-1,-0.236343,0.537772
2.68518,0.0674756,-1,0.0908376,0.537772
2.68543,0.165087,-1,0.281489,0.537772
2.68568,0.187846,-1,0.382154,0.537772
2.68593,0.243191,-1,0.463363,0.537772
2.68618,0.37487,-0.354331,0.586515,0.537772
2.68643,0.510638,0.543307,0.670854,0.537772
2.68668,0.513523,1,0.587651,0.537772
2.68693,0.299667,1,0.280764,0.537772
2.68718,-0.0777301,1,-0.195974,0.537772
2.68743,-0.447472,1,-0.634011,0.537772
2.68768,-0.633916,1,-0.858852,0.537772
2.68793,-0.575121,0.385827,-0.783306,0.537772
2.68818,-0.356382,-0.637795,-0.516765,0.537772
2.68843,-0.132587,-1,-0.217491,0.537772
2.68868,-0.00667933,-1,0.0070285,0.537772
2.68893,0.0391429,-1,0.15372,0.537772
2.68918,0.104979,-1,0.287331,0.537772
2.68943,0.26415,-1,0.480496,0.537772
2.68968,0.478744,-0.448819,0.690628,0.537772
2.68993,0.61198,0.456693,0.773064,0.537772
2.69018,0.532514,1,0.611979,0.537772
2.69043,0.226333,1,0.213268,0.537772
2.69068,-0.175613,1,-0.286997,0.537772
2.69093,-0.482115,1,-0.671558,0.537772
2.69118,-0.570248,1,-0.793953,0.537772
2.69143,-0.461385,0.385827,-0.671894,0.537772
2.69168,-0.284964,-0.598425,-0.457748,0.537772
2.69193,-0.164902,-1,-0.251473,0.537772
2.69218,-0.121943,-1,-0.119099,0.537772
2.69243,-0.0720514,-1,0.0369156,0.537772
2.69268,0.0817384,-1,0.259823,0.537772
2.69293,0.342,-1,0.553057,0.537772
2.69318,0.59037,-0.527559,0.79782,0.537772
2.69343,0.665149,0.409449,0.824157,0.537772
2.69368,0.486169,1,0.575306,0.537772
2.69393,0.123202,1,0.110234,0.537772
2.69418,-0.244462,1,-0.3583,0.537772
2.69443,-0.453399,1,-0.637937,0.537772
2.69468,-0.46158,1,-0.681916,0.537772
2.69493,-0.358195,0.393701,-0.571272,0.537772
2.69518,-0.271149,-0.535433,-0.440608,0.537772
2.69543,-0.254008,-1,-0.349251,0.537772
2.69568,-0.24546,-1,-0.241466,0.537772
2.69593,-0.134641,-1,-0.0308677,0.537772
2.69618,0.125435,-1,0.302025,0.537772
2.69643,0.451264,-1,0.657664,0.537772
2.69668,0.672493,-0.574803,0.877956,0.537772
2.69693,0.652006,0.393701,0.811704,0.537772
2.69718,0.390036,1,0.476449,0.537772
2.69743,0.0271666,1,0.022187,0.537772
2.69768,-0.256504,1,-0.362942,0.537772
2.69793,-0.365663,1,-0.546717,0.537772
2.69818,-0.341305,1,-0.561903,0.537772
2.69843,-0.301107,0.417323,-0.519442,0.537772
2.69868,-0.323606,-0.456693,-0.492919,0.537772
2.69893,-0.374738,-1,-0.466505,0.537772
2.69918,-0.339287,-1,-0.336075,0.537772
2.69943,-0.128983,-1,-0.0326685,0.537772
2.69968,0.220932,-1,0.396058,0.537772
2.69993,0.554257,-1,0.769804,0.537772
2.70018,0.695599,-0.582677,0.906965,0.537772
2.70043,0.575502,0.409449,0.742311,0.537772
2.70068,0.278163,1,0.368973,0.537772
2.70093,-0.0252164,1,-0.0294417,0.537772
2.70118,-0.20203,1,-0.3053,0.537772
2.70143,-0.244662,1,-0.426038,0.537772
2.70168,-0.249249,1,-0.465534,0.537772
2.70193,-0.311426,0.464567,-0.526912,0.537772
2.70218,-0.427554,-0.377953,-0.595462,0.537772
2.70243,-0.488229,-1,-0.589352,0.537772
2.70268,-0.371627,-1,-0.370911,0.537772
2.70293,-0.057319,-1,0.0367969,0.537772
2.70318,0.334304,-1,0.506578,0.537772
2.70343,0.612744,-1,0.827829,0.537772
2.70369,0.649024,-0.559055,0.860924,0.537772
2.70394,0.461344,0.425197,0.629551,0.537772
2.70419,0.190933,1,0.287423,0.537772
2.70444,-0.0111817,1,-0.00847353,0.537772
2.70469,-0.0951774,1,-0.190501,0.537772
2.70494,-0.129413,1,-0.300994,0.537772
2.70519,-0.217776,1,-0.431566,0.537772
2.70544,-0.387842,0.527559,-0.595895,0.537772
2.70569,-0.548499,-0.307087,-0.717074,0.537772
2.70594,-0.555236,-1,-0.6468,0.537772
2.70619,-0.33111,-1,-0.330566,0.537772
2.70644,0.0552468,-1,0.148366,0.537772
2.70669,0.423548,-1,0.602616,0.537772
2.70694,0.603155,-1,0.819419,0.537772
2.70719,0.546907,-0.519685,0.763599,0.537772
2.70744,0.350172,0.440945,0.521637,0.537772
2.70769,0.16294,1,0.266891,0.537772
2.70794,0.0683602,1,0.0760216,0.537772
2.70819,0.0287743,1,-0.063677,0.537772
2.70844,-0.0613723,1,-0.231987,0.537772
2.70869,-0.260007,1,-0.467451,0.537772
2.70894,-0.504782,0.582677,-0.714841,0.537772
2.70919,-0.643711,-0.275591,-0.806306,0.537772
2.70944,-0.550581,-1,-0.649993,0.537772
2.70969,-0.231342,-1,-0.23633,0.537772
2.70994,0.166748,-1,0.268538,0.537772
2.71019,0.453411,-1,0.631902,0.537772
2.71044,0.525377,-1,0.744678,0.537772
2.71069,0.424472,-0.464567,0.63722,0.537772
2.71094,0.283752,0.440945,0.463482,0.537772
2.71119,0.207417,1,0.310131,0.537772
2.71144,0.188035,1,0.192526,0.537772
2.71169,0.125576,1,0.0383876,0.537772
2.71194,-0.0661722,1,-0.22852,0.537772
2.71219,-0.362275,1,-0.56701,0.537772
2.71244,-0.619738,0.606299,-0.822354,0.537772
2.71269,-0.676359,-0.283465,-0.841091,0.537772
2.71294,-0.473916,-1,-0.56722,0.537772
2.71319,-0.108639,-1,-0.102995,0.537772
2.71344,0.234068,-1,0.3274,0.537772
2.71369,0.409634,-1,0.583706,0.537772
2.71394,0.406085,-1,0.622867,0.537772
2.71419,0.327875,-0.433071,0.546637,0.537772
2.71444,0.289375,0.417323,0.46654,0.537772
2.71469,0.310561,1,0.412184,0.537772
2.71494,0.303463,1,0.303832,0.537772
2.71519,0.157806,1,0.0705176,0.537772
2.71544,-0.144575,1,-0.309998,0.537772
2.71569,-0.486898,1,-0.694091,0.537772
2.71594,-0.688182,0.590551,-0.895451,0.537772
2.71619,-0.63188,-0.330709,-0.801114,0.537772
2.71644,-0.352716,-1,-0.445669,0.537772
2.71669,-0.00985688,-1,-0.00419194,0.537772
2.71694,0.229788,-1,0.333227,0.537772
2.71719,0.306628,-1,0.479515,0.537772
2.71744,0.290283,-1,0.507961,0.537772
2.71769,0.295606,-0.433071,0.512143,0.537772
2.71794,0.367538,0.377953,0.54102,0.537772
2.71819,0.434545,1,0.533362,0.537772
2.71844,0.36952,1,0.375511,0.537772
2.71869,0.109956,1,0.0130908,0.537772
2.71894,-0.268631,1,-0.438634,0.537772
2.71919,-0.586189,1,-0.797804,0.537772
2.71944,-0.681531,0.551181,-0.893041,0.537772
2.71969,-0.524781,-0.393701,-0.686998,0.537772
2.71994,-0.232849,-1,-0.323239,0.537772
2.72019,0.0251156,-1,0.0234893,0.537772
2.72044,0.15289,-1,0.2501,0.537772
2.72069,0.183608,-1,0.362317,0.537772
2.72094,0.224551,-1,0.44096,0.537772
2.72119,0.342863,-0.448819,0.55092,0.537772
2.72144,0.489141,0.330709,0.660427,0.537772
2.72169,0.529149,1,0.618255,0.537772
2.72194,0.356986,1,0.35136,0.537772
2.72219,-0.00225101,1,-0.103993,0.537772
2.72244,-0.39056,1,-0.5591,0.537772
2.72269,-0.619435,1,-0.828128,0.537772
2.72294,-0.59999,0.480315,-0.808787,0.537772
2.72319,-0.395984,-0.448819,-0.561975,0.537772
2.72344,-0.162018,-1,-0.253599,0.537772
2.72369,-0.0184599,-1,-0.0141566,0.537772
2.72394,0.0338824,-1,0.130874,0.537772
2.72419,0.0909456,-1,0.264537,0.5225
2.72444,0.238133,-1,0.443751,0.5225
2.72469,0.453307,-0.480315,0.656902,0.5225
2.72494,0.605537,0.314961,0.773657,0.5225
2.72519,0.553644,1,0.645935,0.5225
2.72544,0.266397,1,0.265936,0.5225
2.72569,-0.136763,1,-0.239141,0.5225
2.72594,-0.461709,1,-0.638309,0.5225
2.72619,-0.571592,1,-0.782212,0.5225
2.72644,-0.474605,0.393701,-0.682973,0.5225
2.72669,-0.297266,-0.488189,-0.461961,0.5225
2.72694,-0.170206,-1,-0.261037,0.5225
2.72719,-0.123503,-1,-0.127584,0.5225
2.72744,-0.0768179,-1,0.0178041,0.5225
2.72769,0.0711115,-1,0.238115,0.5225
2.72794,0.329741,-1,0.530751,0.5225
2.72819,0.583266,-0.488189,0.787584,0.5225
2.72845,0.666671,0.346457,0.827377,0.5225
2.7287,0.49355,1,0.576237,0.5225
2.72895,0.131101,1,0.125043,0.5225
2.7292,-0.240383,1,-0.34556,0.5225
2.72945,-0.452618,1,-0.628073,0.5225
2.7297,-0.461652,1,-0.674951,0.5225
2.72995,-0.357624,0.322835,-0.570931,0.5225
2.7302,-0.270606,-0.503937,-0.435458,0.5225
2.73045,-0.254227,-1,-0.34697,0.5225
2.7307,-0.244625,-1,-0.241382,0.5225
2.73095,-0.128959,-1,-0.0313808,0.5225
2.7312,0.136915,-1,0.311579,0.5225
2.73145,0.464023,-1,0.667545,0.5225
2.7317,0.677698,-0.456693,0.877076,0.5225
2.73195,0.64316,0.409449,0.794464,0.5225
2.7322,0.369048,1,0.449981,0.5225
2.73245,0.00401041,1,-0.010417,0.5225
2.7327,-0.270552,1,-0.380235,0.5225
2.73295,-0.367366,1,-0.545079,0.5225
2.7332,-0.336796,1,-0.547603,0.5225
2.73345,-0.300191,0.275591,-0.508036,0.5225
2.7337,-0.328861,-0.488189,-0.488698,0.5225
2.73395,-0.377484,-1,-0.466706,0.5225
2.7342,-0.325339,-1,-0.313229,0.5225
2.73445,-0.093526,-1,0.00712574,0.5225
2.7347,0.266437,-1,0.443395,0.5225
2.73495,0.585812,-1,0.793555,0.5225
2.7352,0.694349,-0.393701,0.890756,0.5225
2.73545,0.540906,0.496063,0.697634,0.5225
2.7357,0.22976,1,0.314267,0.5225
2.73595,-0.0622451,1,-0.0751962,0.5225
2.7362,-0.216195,1,-0.328012,0.5225
2.73645,-0.244732,1,-0.428272,0.5225
2.7367,-0.254348,0.984252,-0.469007,0.5225
2.73695,-0.33012,0.259843,-0.535698,0.5225
2.7372,-0.446907,-0.480315,-0.604895,0.5225
2.73745,-0.482431,-1,-0.559295,0.5225
2.7377,-0.323911,-1,-0.306949,0.5225
2.73795,0.0213214,-1,0.133563,0.5225
2.7382,0.40747,-1,0.586492,0.5225
2.73845,0.642741,-1,0.852507,0.5225
2.7387,0.623411,-0.291339,0.823689,0.5225
2.73895,0.401367,0.590551,0.558819,0.5225
2.7392,0.134039,1,0.212155,0.5225
2.73945,-0.0410553,1,-0.0550467,0.5225
2.7397,-0.103909,1,-0.210761,0.5225
2.73995,-0.143449,1,-0.327658,0.5225
2.7402,-0.255446,0.952756,-0.460919,0.5225
2.74045,-0.436949,0.259843,-0.63122,0.5225
2.7407,-0.57092,-0.488189,-0.724675,0.5225
2.74095,-0.51648,-1,-0.58904,0.5225
2.7412,-0.232504,-1,-0.212212,0.5225
2.74145,0.171897,-1,0.291874,0.5225
2.7417,0.501042,-1,0.682262,0.5225
2.74195,0.609016,-1,0.81838,0.5225
2.7422,0.494442,-0.173228,0.697616,0.5225
2.74245,0.284543,0.669291,0.432813,0.5225
2.7427,0.1223,1,0.195148,0.5225
2.74295,0.0543257,1,0.0310686,0.5225
2.7432,0.00936505,1,-0.108751,0.5225
2.74345,-0.116424,1,-0.295353,0.5225
2.7437,-0.345562,0.937008,-0.555343,0.5225
2.74395,-0.573548,0.23622,-0.767092,0.5225
2.7442,-0.640297,-0.535433,-0.779571,0.5225
2.74445,-0.455948,-1,-0.52165,0.5225
2.7447,-0.0837512,-1,-0.0502871,0.5225
2.74495,0.295166,-1,0.419623,0.5225
2.7452,0.506786,-1,0.689925,0.5225
2.74545,0.500548,-0.889764,0.716754,0.5225
2.7457,0.366407,-0.0708661,0.565189,0.5225
2.74595,0.243285,0.708661,0.388966,0.5225
2.7462,0.197137,1,0.264523,0.5225
2.74645,0.174136,1,0.142445,0.5225
2.7467,0.063111,1,-0.057681,0.5225
2.74695,-0.184723,1,-0.368282,0.5225
2.7472,-0.487749,0.92126,-0.692823,0.5225
2.74745,-0.675969,0.188976,-0.860632,0.5225
2.7477,-0.616853,-0.614173,-0.751798,0.5225
2.74795,-0.320565,-1,-0.373693,0.5225
2.7482,0.0605196,-1,0.101741,0.5225
2.74845,0.339723,-1,0.467731,0.5225
2.7487,0.42591,-1,0.617862,0.5225
2.74895,0.370447,-0.771654,0.588806,0.5225
2.7492,0.300417,0,0.496359,0.5225
2.74945,0.295863,0.716535,0.440677,0.5225
2.7497,0.318676,1,0.376572,0.5225
2.74995,0.253046,1,0.210719,0.5225
2.7502,0.0212634,1,-0.102971,0.5225
2.75045,-0.324727,1,-0.50163,0.5225
2.7507,-0.618243,0.88189,-0.814994,0.5225
2.75095,-0.692691,0.102362,-0.878242,0.5225
2.7512,-0.504407,-0.732283,-0.628336,0.5225
2.75145,-0.166172,-1,-0.209475,0.5225
2.7517,0.138999,-1,0.192547,0.5225
2.75195,0.289529,-1,0.425327,0.5225
2.7522,0.301505,-1,0.48988,0.5225
2.75245,0.285051,-0.685039,0.495109,0.5225
2.7527,0.329972,0.0314961,0.519921,0.5225
2.75295,0.414383,0.716535,0.54091,0.5225
2.75321,0.420072,1,0.461248,0.5225
2.75346,0.240919,1,0.188649,0.5225
2.75371,-0.108152,1,-0.243999,0.5225
2.75396,-0.47655,1,-0.663532,0.5225
2.75421,-0.675595,0.795276,-0.879801,0.5225
2.75446,-0.611983,-0.015748,-0.793464,0.5225
2.75471,-0.351301,-0.84252,-0.472146,0.5225
2.75496,-0.0605646,-1,-0.097651,0.5225
2.75521,0.120878,-1,0.174879,0.5225
2.75546,0.17706,-1,0.318287,0.5225
2.75571,0.201927,-1,0.393764,0.5225
2.75596,0.292039,-0.629921,0.495798,0.5225
2.75621,0.442209,0.0551181,0.623435,0.5225
2.75646,0.53599,0.740157,0.658689,0.5225
2.75671,0.441159,1,0.470192,0.5225
2.75696,0.1308,1,0.0708536,0.5225
2.75721,-0.272512,1,-0.41843,0.5225
2.75746,-0.571629,1,-0.76235,0.5225
2.75771,-0.631812,0.661417,-0.841207,0.5225
2.75796,-0.469908,-0.15748,-0.650914,0.5225
2.75821,-0.227187,-0.929134,-0.348089,0.5225
2.75846,-0.0492309,-1,-0.0837034,0.5225
2.75871,0.0233569,-1,0.0841379,0.5225
2.75896,0.0679777,-1,0.208666,0.5225
2.75921,0.186883,-1,0.382032,0.5225
2.75946,0.394215,-0.590551,0.591448,0.5225
2.75971,0.58016,0.0944882,0.749823,0.5225
2.75996,0.591391,0.80315,0.69659,0.5225
2.76021,0.357631,1,0.373213,0.5225
2.76046,-0.0360701,1,-0.109814,0.5225
2.76071,-0.399502,1,-0.552613,0.5225
2.76096,-0.567081,1,-0.765646,0.5225
2.76121,-0.509731,0.511811,-0.718796,0.5225
2.76146,-0.336202,-0.275591,-0.51155,0.5225
2.76171,-0.190118,-0.976378,-0.302184,0.5225
2.76196,-0.129609,-1,-0.151582,0.5225
2.76221,-0.0921647,-1,-0.0179627,0.5225
2.76246,0.0307816,-1,0.177476,0.5225
2.76271,0.274796,-1,0.463541,0.5225
2.76296,0.543892,-0.551181,0.744448,0.5225
2.76321,0.669942,0.165354,0.834447,0.5225
2.76346,0.541479,0.905512,0.630955,0.5225
2.76371,0.198518,1,0.206465,0.5225
2.76396,-0.187366,1,-0.273084,0.5225
2.76421,-0.433433,1,-0.601448,0.5225
2.76446,-0.470954,1,-0.676093,0.5225
2.76471,-0.374345,0.377953,-0.577456,0.5225
2.76496,-0.278479,-0.362205,-0.445799,0.5225
2.76521,-0.253827,-0.992126,-0.357678,0.5225
2.76546,-0.249613,-1,-0.253411,0.5225
2.76571,-0.151141,-1,-0.0600596,0.5225
2.76596,0.10044,-1,0.26026,0.5225
2.76621,0.430653,-1,0.628189,0.5225
2.76646,0.665769,-0.480315,0.857422,0.5225
2.76671,0.658368,0.283465,0.817582,0.5225
2.76696,0.400498,1,0.485234,0.5225
2.76721,0.0335678,1,0.0262076,0.5225
2.76746,-0.255241,1,-0.357289,0.5225
2.76771,-0.365778,1,-0.54039,0.5225
2.76796,-0.340551,0.952756,-0.550314,0.5225
2.76821,-0.300757,0.275591,-0.504419,0.5225
2.76846,-0.325857,-0.409449,-0.489917,0.5225
2.76871,-0.376292,-1,-0.464705,0.5225
2.76896,-0.331018,-1,-0.322533,0.5225
2.76921,-0.104841,-1,-0.00984472,0.5225
2.76946,0.255236,-1,0.424644,0.5225
2.76971,0.580297,-1,0.784568,0.5225
2.76996,0.694809,-0.354331,0.891617,0.5225
2.77021,0.544104,0.433071,0.698228,0.5225
2.77046,0.231804,1,0.311921,0.5225
2.77071,-0.062337,1,-0.0748702,0.5225
2.77096,-0.216609,1,-0.327181,0.5225
2.77121,-0.244535,1,-0.41875,0.5225
2.77146,-0.254973,0.84252,-0.46472,0.5225
2.77171,-0.332819,0.204724,-0.532983,0.5225
2.77196,-0.449916,-0.448819,-0.603599,0.5225
2.77221,-0.480344,-1,-0.553626,0.5225
2.77246,-0.312292,-1,-0.295386,0.5225
2.77271,0.0407805,-1,0.149765,0.5225
2.77296,0.425818,-1,0.601015,0.5225
2.77321,0.649057,-0.937008,0.846959,0.5225
2.77346,0.613378,-0.19685,0.803219,0.5225
2.77371,0.381172,0.582677,0.528001,0.5225
2.77396,0.115684,1,0.180975,0.5225
2.77421,-0.0502641,1,-0.0718266,0.5225
2.77446,-0.106844,1,-0.2246,0.5225
2.77471,-0.150236,1,-0.329376,0.5225
2.77496,-0.272175,0.76378,-0.47091,0.5225
2.77521,-0.456773,0.149606,-0.642587,0.5225
2.77546,-0.576349,-0.503937,-0.708964,0.5225
2.77571,-0.493485,-1,-0.547857,0.5225
2.77596,-0.183814,-1,-0.154416,0.5225
2.77621,0.224245,-1,0.340088,0.5225
2.77646,0.531034,-1,0.707431,0.5225
2.77671,0.604159,-0.787402,0.804565,0.5225
2.77696,0.464773,-0.023622,0.648898,0.5225
2.77721,0.253114,0.700787,0.389613,0.5225
2.77746,0.105572,1,0.160479,0.5225
2.77771,0.0482344,1,0.01404,0.5225
2.77797,-0.00467712,1,-0.130217,0.5225
2.77822,-0.151928,1,-0.325831,0.5225
2.77847,-0.393152,0.716535,-0.590009,0.5225
2.77872,-0.603682,0.0787402,-0.779417,0.5225
2.77897,-0.623781,-0.606299,-0.748596,0.5225
2.77922,-0.389786,-1,-0.430844,0.5225
2.77947,0.00309026,-1,0.0521695,0.5225
2.77972,0.359843,-1,0.493494,0.5225
2.77997,0.523072,-1,0.708732,0.5225
2.78022,0.475872,-0.622047,0.67785,0.5225
2.78047,0.331949,0.110236,0.516756,0.5225
2.78072,0.225218,0.771654,0.349418,0.5225
2.78097,0.193681,1,0.238976,0.5225
2.78122,0.158302,1,0.109391,0.5225
2.78147,0.0109398,1,-0.118292,0.5225
2.78172,-0.266293,1,-0.450409,0.5225
2.78197,-0.557765,0.653543,-0.753285,0.5225
2.78222,-0.686975,-0.015748,-0.859285,0.5225
2.78247,-0.551983,-0.740157,-0.662592,0.5225
2.78272,-0.209536,-1,-0.22962,0.5225
2.78297,0.160897,-1,0.229658,0.5225
2.78322,0.386466,-1,0.531856,0.5225
2.78347,0.418174,-1,0.615651,0.5225
2.78372,0.344232,-0.464567,0.547553,0.5225
2.78397,0.291145,0.212598,0.467227,0.5225
2.78422,0.305221,0.818898,0.415941,0.5225
2.78447,0.312442,1,0.34344,0.5225
2.78472,0.193663,1,0.126703,0.5225
2.78497,-0.0919249,1,-0.238334,0.5225
2.78522,-0.443636,1,-0.630851,0.5225
2.78547,-0.675776,0.551181,-0.865439,0.5225
2.78572,-0.651808,-0.173228,-0.810597,0.5225
2.78597,-0.38771,-0.889764,-0.490088,0.5225
2.78622,-0.038826,-1,-0.0546337,0.5225
2.78647,0.216942,-1,0.296641,0.5225
2.78672,0.305767,-1,0.463271,0.5225
2.78697,0.291583,-0.952756,0.487982,0.5225
2.78722,0.293965,-0.346457,0.489103,0.5225
2.78747,0.364785,0.283465,0.523216,0.5225
2.78772,0.43412,0.850394,0.52523,0.5225
2.78797,0.370551,1,0.382055,0.5225
2.78822,0.107968,1,0.0284883,0.5225
2.78847,-0.275486,1,-0.433013,0.5225
2.78872,-0.592963,1,-0.782064,0.5225
2.78897,-0.67956,0.393701,-0.872766,0.5225
2.78922,-0.510685,-0.346457,-0.668448,0.5225
2.78947,-0.212524,-1,-0.300611,0.5225
2.78972,0.0405641,-1,0.045528,0.5225
2.78997,0.158547,-1,0.247569,0.5225
2.79022,0.185362,-1,0.351866,0.5225
2.79047,0.234056,-0.834646,0.435994,0.5225
2.79072,0.362391,-0.259843,0.557459,0.5225
2.79097,0.504603,0.346457,0.657146,0.5225
2.79122,0.517717,0.92126,0.595978,0.5225
2.79147,0.307742,1,0.29432,0.5225
2.79172,-0.0746388,1,-0.175676,0.5225
2.79197,-0.450563,1,-0.621139,0.5225
2.79222,-0.635538,0.905512,-0.835967,0.5225
2.79247,-0.567206,0.204724,-0.757695,0.5225
2.79272,-0.340221,-0.519685,-0.485084,0.5225
2.79297,-0.117605,-1,-0.188695,0.5225
2.79322,0.000396507,-1,0.0170935,0.5225
2.79347,0.0439374,-1,0.154184,0.5225
2.79372,0.121043,-1,0.287804,0.5225
2.79397,0.297018,-0.755906,0.495319,0.5225
2.79422,0.512721,-0.181102,0.696059,0.5225
2.79447,0.615785,0.440945,0.751896,0.5225
2.79472,0.483832,1,0.537994,0.5225
2.79497,0.13516,1,0.100805,0.5225
2.79522,-0.267778,1,-0.387041,0.5225
2.79547,-0.528834,1,-0.70803,0.5225
2.79572,-0.554772,0.724409,-0.752698,0.5225
2.79597,-0.407878,0.015748,-0.591324,0.5225
2.79622,-0.236491,-0.645669,-0.370501,0.5225
2.79647,-0.144262,-1,-0.204087,0.5225
2.79672,-0.110892,-1,-0.0709138,0.5225
2.79697,-0.0291676,-1,0.0922185,0.5225
2.79722,0.176397,-1,0.34932,0.5225
2.79747,0.456059,-0.692913,0.644672,0.5225
2.79772,0.651913,-0.0866142,0.82605,0.5225
2.79797,0.615105,0.574803,0.735561,0.5225
2.79822,0.32889,1,0.368168,0.5225
2.79847,-0.0677384,1,-0.119236,0.5225
2.79872,-0.376293,1,-0.506718,0.5225
2.79897,-0.479263,1,-0.669141,0.5225
2.79922,-0.41053,0.543307,-0.616836,0.5225
2.79947,-0.30123,-0.11811,-0.482436,0.5225
2.79972,-0.254435,-0.724409,-0.375033,0.5225
2.79997,-0.255267,-1,-0.291442,0.5225
2.80022,-0.194853,-1,-0.138085,0.5225
2.80047,0.0154637,-1,0.141555,0.5225
2.80072,0.34076,-1,0.51916,0.5225
2.80097,0.621888,-0.598425,0.809447,0.5225
2.80122,0.68746,0.0551181,0.854089,0.5225
2.80147,0.485134,0.748031,0.59113,0.5225
2.80172,0.125572,1,0.146005,0.5225
2.80197,-0.199272,1,-0.265089,0.5225
2.80222,-0.355519,1,-0.498011,0.5225
2.80247,-0.35244,0.976378,-0.543549,0.5225
2.80273,-0.305223,0.385827,-0.50027,0.5225
2.80298,-0.314789,-0.228346,-0.48458,0.5225
2.80323,-0.369068,-0.771654,-0.477752,0.5225
2.80348,-0.354423,-1,-0.379424,0.5225
2.80373,-0.165815,-1,-0.093957,0.5225
2.80398,0.179978,-1,0.326551,0.5225
2.80423,0.529735,-1,0.71567,0.5225
2.80448,0.694221,-0.448819,0.884956,0.5225
2.80473,0.587909,0.251969,0.747431,0.5225
2.80498,0.289792,0.913386,0.383647,0.5225
2.80523,-0.0208032,1,-0.0099383,0.5225
2.80548,-0.202092,1,-0.282493,0.5225
2.80573,-0.244688,1,-0.399354,0.5225
2.80598,-0.250255,0.826772,-0.446457,0.5225
2.80623,-0.317101,0.267717,-0.506435,0.5225
2.80648,-0.435497,-0.307087,-0.58584,0.5225
2.80673,-0.486367,-0.84252,-0.57091,0.5225
2.80698,-0.345612,-1,-0.340518,0.5225
2.80723,-0.00726012,-1,0.0859694,0.5225
2.80748,0.38656,-1,0.541468,0.5225
2.80773,0.636963,-0.897638,0.826613,0.5225
2.80798,0.628417,-0.251969,0.812301,0.5225
2.80823,0.407883,0.448819,0.548896,0.5225
2.80848,0.136861,1,0.215183,0.5225
2.80873,-0.0410246,1,-0.0533101,0.5225
2.80898,-0.104296,1,-0.205628,0.5225
2.80923,-0.14527,1,-0.304969,0.5225
2.80948,-0.261213,0.716535,-0.44785,0.5225
2.80973,-0.445742,0.173228,-0.624502,0.5225
2.80998,-0.573995,-0.401575,-0.706436,0.5225
2.81023,-0.503087,-0.944882,-0.560084,0.5225
2.81048,-0.200256,-1,-0.167746,0.5225
2.81073,0.210111,-1,0.321264,0.5225
2.81098,0.524857,-1,0.69889,0.5225
2.81123,0.60526,-0.724409,0.799961,0.5225
2.81148,0.468724,-0.0472441,0.646314,0.5225
2.81173,0.255703,0.606299,0.387446,0.5225
2.81198,0.106288,1,0.156126,0.5225
2.81223,0.0482919,1,0.013769,0.5225
2.81248,-0.00492804,1,-0.119947,0.5225
2.81273,-0.154253,1,-0.325061,0.5225
2.81298,-0.397522,0.629921,-0.584806,0.5225
2.81323,-0.606803,0.0787402,-0.782173,0.5225
2.81348,-0.620506,-0.527559,-0.735718,0.5225
2.81373,-0.377996,-1,-0.414574,0.5225
2.81398,0.0197346,-1,0.0734887,0.5225
2.81423,0.372639,-1,0.503293,0.5225
2.81448,0.525211,-1,0.709271,0.5225
2.81473,0.468565,-0.519685,0.667445,0.5225
2.81498,0.322866,0.125984,0.499882,0.5225
2.81523,0.220777,0.708661,0.341758,0.5225
2.81548,0.192531,1,0.2341,0.5225
2.81573,0.151365,1,0.0975823,0.5225
2.81598,-0.0089607,1,-0.143206,0.5225
2.81623,-0.295855,1,-0.478254,0.5225
2.81648,-0.580942,0.543307,-0.773165,0.5225
2.81673,-0.685611,-0.0629921,-0.845763,0.5225
2.81698,-0.521232,-0.700787,-0.628036,0.5225
2.81723,-0.163149,-1,-0.18175,0.5225
2.81748,0.19923,-1,0.26625,0.5225
2.81773,0.400864,-1,0.550322,0.5225
2.81798,0.411357,-0.913386,0.603487,0.5225
2.81823,0.332942,-0.338583,0.534096,0.5225
2.81848,0.289562,0.259843,0.456453,0.5225
2.81873,0.309843,0.771654,0.413486,0.5225
2.81898,0.304358,1,0.319315,0.5225
2.81923,0.156648,1,0.0902012,0.5225
2.81948,-0.152558,1,-0.29351,0.5225
2.81973,-0.498928,0.929134,-0.674352,0.5225
2.81998,-0.692476,0.393701,-0.871089,0.5225
2.82023,-0.616812,-0.259843,-0.770326,0.5225
2.82048,-0.319584,-0.88189,-0.402918,0.5225
2.82073,0.0249268,-1,0.0197069,0.5225
2.82098,0.248867,-1,0.334312,0.5225
2.82123,0.307412,-1,0.460944,0.5225
2.82148,0.287258,-0.740157,0.471214,0.5225
2.82173,0.304592,-0.188976,0.484496,0.5225
2.82198,0.385709,0.354331,0.526187,0.5225
2.82223,0.435433,0.84252,0.516123,0.5225
2.82248,0.324519,1,0.31188,0.5225
2.82273,0.0171362,1,-0.0735153,0.5225
2.82298,-0.371134,1,-0.523512,0.5225
2.82323,-0.641983,0.811024,-0.82861,0.5225
2.82348,-0.656474,0.19685,-0.834376,0.5225
2.82373,-0.434401,-0.472441,-0.568414,0.5225
2.82398,-0.131159,-1,-0.196731,0.5225
2.82423,0.0883242,-1,0.110404,0.511251
2.82448,0.170739,-1,0.274281,0.511251
2.82473,0.192884,-1,0.358029,0.511251
2.82498,0.265116,-0.606299,0.448849,0.511251
2.82523,0.410876,-0.0787402,0.584783,0.511251
2.82548,0.529229,0.448819,0.653196,0.511251
2.82573,0.475478,0.937008,0.52715,0.511251
2.82598,0.194913,1,0.155817,0.511251
2.82623,-0.210926,1,-0.332204,0.511251
2.82648,-0.541142,1,-0.715676,0.511251
2.82673,-0.638576,0.629921,-0.828412,0.511251
2.82698,-0.497446,-0.015748,-0.666802,0.511251
2.82723,-0.252693,-0.645669,-0.369449,0.511251
2.82749,-0.0615344,-1,-0.0990039,0.511251
2.82774,0.0197719,-1,0.0642347,0.511251
2.82799,0.0631223,-1,0.189118,0.511251
2.82824,0.176397,-0.937008,0.354803,0.511251
2.82849,0.38308,-0.503937,0.576362,0.511251
2.82874,0.575402,0.015748,0.741502,0.511251
2.82899,0.594168,0.582677,0.700873,0.511251
2.82924,0.36224,1,0.38677,0.511251
2.82949,-0.0354531,1,-0.0908919,0.511251
2.82974,-0.402585,1,-0.53626,0.511251
2.82999,-0.568182,0.984252,-0.746593,0.511251
2.83024,-0.504869,0.409449,-0.694526,0.511251
2.83049,-0.327967,-0.220472,-0.494971,0.511251
2.83074,-0.184282,-0.771654,-0.29415,0.511251
2.83099,-0.127696,-1,-0.151896,0.511251
2.83124,-0.0866048,-1,-0.0234605,0.511251
2.83149,0.0492058,-1,0.181602,0.511251
2.83174,0.304939,-0.858268,0.481161,0.511251
2.83199,0.569398,-0.401575,0.748784,0.511251
2.83224,0.668463,0.165354,0.818428,0.511251
2.83249,0.502884,0.748031,0.588044,0.511251
2.83274,0.136671,1,0.146116,0.511251
2.83299,-0.24142,1,-0.324962,0.511251
2.83324,-0.45484,1,-0.604269,0.511251
2.83349,-0.458829,0.787402,-0.641003,0.511251
2.83374,-0.351047,0.204724,-0.541731,0.511251
2.83399,-0.26703,-0.370079,-0.416087,0.511251
2.83424,-0.25473,-0.834646,-0.343405,0.511251
2.83449,-0.238932,-1,-0.238545,0.511251
2.83474,-0.102427,-1,-0.0211763,0.511251
2.83499,0.185237,-1,0.32734,0.511251
2.83524,0.512218,-0.779528,0.687853,0.511251
2.83549,0.691951,-0.251969,0.863595,0.511251
2.83574,0.603829,0.362205,0.729425,0.511251
2.83599,0.2895,0.929134,0.354183,0.511251
2.83624,-0.0752982,1,-0.0944527,0.511251
2.83649,-0.312737,1,-0.416357,0.511251
2.83674,-0.366882,1,-0.529254,0.511251
2.83699,-0.321767,0.590551,-0.509257,0.511251
2.83724,-0.301807,0.0393701,-0.47948,0.511251
2.83749,-0.347943,-0.472441,-0.473389,0.511251
2.83774,-0.376791,-0.889764,-0.433805,0.511251
2.83799,-0.261991,-1,-0.233157,0.511251
2.83824,0.0369163,-1,0.144747,0.511251
2.83849,0.410622,-1,0.572559,0.511251
2.83874,0.663797,-0.645669,0.850817,0.511251
2.83899,0.656433,-0.0472441,0.82429,0.511251
2.83924,0.408396,0.574803,0.527455,0.511251
2.83949,0.0792208,1,0.123775,0.511251
2.83974,-0.157471,1,-0.199585,0.511251
2.83999,-0.240604,1,-0.366745,0.511251
2.84024,-0.244663,0.897638,-0.417482,0.511251
2.84049,-0.286175,0.433071,-0.477946,0.511251
2.84074,-0.397564,-0.0708661,-0.567752,0.511251
2.84099,-0.486289,-0.566929,-0.600805,0.511251
2.84124,-0.413409,-0.976378,-0.447744,0.511251
2.84149,-0.12567,-1,-0.0704826,0.511251
2.84174,0.274963,-1,0.397904,0.511251
2.84199,0.588076,-0.968504,0.762526,0.511251
2.84224,0.657697,-0.448819,0.844573,0.511251
2.84249,0.482891,0.181102,0.6383,0.511251
2.84274,0.206638,0.76378,0.305458,0.511251
2.84299,-0.0061329,1,0.0161124,0.511251
2.84324,-0.094754,1,-0.165868,0.511251
2.84349,-0.129933,1,-0.271444,0.511251
2.84374,-0.222818,0.771654,-0.400401,0.511251
2.84399,-0.39938,0.314961,-0.579112,0.511251
2.84424,-0.557086,-0.188976,-0.709891,0.511251
2.84449,-0.541967,-0.692913,-0.627301,0.511251
2.84474,-0.285647,-1,-0.287429,0.511251
2.84499,0.119871,-1,0.197892,0.511251
2.84524,0.473737,-1,0.616123,0.511251
2.84549,0.609479,-0.795276,0.788624,0.511251
2.84574,0.508273,-0.212598,0.684502,0.511251
2.84599,0.296321,0.393701,0.443746,0.511251
2.84624,0.126776,0.88189,0.208027,0.511251
2.84649,0.0551969,1,0.0497612,0.511251
2.84674,0.00962032,1,-0.0716958,0.511251
2.84699,-0.119348,1,-0.266038,0.511251
2.84724,-0.353964,0.669291,-0.533583,0.511251
2.84749,-0.582239,0.19685,-0.754156,0.511251
2.84774,-0.635795,-0.346457,-0.764684,0.511251
2.84799,-0.428748,-0.866142,-0.488882,0.511251
2.84824,-0.0405426,-1,-0.0105885,0.511251
2.84849,0.333076,-1,0.437798,0.511251
2.84874,0.51853,-1,0.678005,0.511251
2.84899,0.484216,-0.574803,0.671534,0.511251
2.84924,0.340467,0.00787402,0.509786,0.511251
2.84949,0.228321,0.543307,0.356889,0.511251
2.84974,0.193996,0.937008,0.247672,0.511251
2.84999,0.160178,1,0.121455,0.511251
2.85024,0.0134693,1,-0.0940058,0.511251
2.85049,-0.266538,0.944882,-0.424839,0.511251
2.85074,-0.560833,0.566929,-0.7377,0.511251
2.85099,-0.686953,0.0314961,-0.843434,0.511251
2.85124,-0.542365,-0.543307,-0.653175,0.511251
2.85149,-0.19046,-1,-0.220904,0.511251
2.85174,0.179742,-1,0.234563,0.511251
2.85199,0.39485,-1,0.522256,0.511251
2.85225,0.414199,-0.874016,0.587549,0.511251
2.8525,0.336474,-0.362205,0.520281,0.511251
2.85275,0.289789,0.173228,0.455966,0.511251
2.853,0.308776,0.637795,0.417547,0.511251
2.85325,0.305994,0.976378,0.33254,0.511251
2.8535,0.161844,1,0.101678,0.511251
2.85375,-0.146709,1,-0.273778,0.511251
2.854,-0.496167,0.874016,-0.670224,0.511251
2.85425,-0.692144,0.409449,-0.865276,0.511251
2.8545,-0.616556,-0.181102,-0.766301,0.511251
2.85475,-0.317039,-0.755906,-0.403857,0.511251
2.855,0.0288837,-1,0.0216209,0.511251
2.85525,0.251431,-1,0.331429,0.511251
2.8555,0.307257,-1,0.454038,0.511251
2.85575,0.286708,-0.685039,0.468387,0.511251
2.856,0.306721,-0.19685,0.491929,0.511251
2.85625,0.389496,0.291339,0.530057,0.511251
2.8565,0.434566,0.724409,0.510694,0.511251
2.85675,0.31248,1,0.312729,0.511251
2.857,-0.00580079,1,-0.0916184,0.511251
2.85725,-0.394783,1,-0.542869,0.511251
2.8575,-0.652387,0.732283,-0.823592,0.511251
2.85775,-0.64617,0.181102,-0.813013,0.511251
2.858,-0.409551,-0.417323,-0.543219,0.511251
2.85825,-0.10615,-0.92126,-0.172949,0.511251
2.8585,0.101656,-1,0.119306,0.511251
2.85875,0.173813,-1,0.27136,0.511251
2.859,0.196782,-0.92126,0.349222,0.511251
2.85925,0.278849,-0.527559,0.460935,0.511251
2.8595,0.429383,-0.0629921,0.588901,0.511251
2.85975,0.5345,0.409449,0.651594,0.511251
2.86,0.451119,0.850394,0.496583,0.511251
2.86025,0.142806,1,0.104087,0.511251
2.8605,-0.267513,1,-0.374559,0.511251
2.86075,-0.572485,0.992126,-0.729433,0.511251
2.861,-0.630395,0.527559,-0.811908,0.511251
2.86125,-0.460656,-0.0629921,-0.624611,0.511251
2.8615,-0.213908,-0.622047,-0.322839,0.511251
2.86175,-0.0403225,-1,-0.0783462,0.511251
2.862,0.0269492,-1,0.078509,0.511251
2.86225,0.0761152,-1,0.19515,0.511251
2.8625,0.210074,-0.811024,0.372399,0.511251
2.86275,0.426659,-0.417323,0.599976,0.511251
2.863,0.597696,0.0629921,0.74658,0.511251
2.86325,0.566484,0.566929,0.660576,0.511251
2.8635,0.285815,1,0.303845,0.511251
2.86375,-0.126025,1,-0.19237,0.511251
2.864,-0.46094,1,-0.593789,0.511251
2.86425,-0.571435,0.818898,-0.74536,0.511251
2.8645,-0.467188,0.283465,-0.651034,0.511251
2.86475,-0.285809,-0.283465,-0.441251,0.511251
2.865,-0.163115,-0.748031,-0.253344,0.511251
2.86525,-0.120423,-1,-0.128447,0.511251
2.8655,-0.0638234,-1,0.0062092,0.511251
2.86575,0.107807,-1,0.248001,0.511251
2.866,0.383302,-0.716535,0.551488,0.511251
2.86625,0.62021,-0.283465,0.788682,0.511251
2.8665,0.648919,0.244094,0.78731,0.511251
2.86675,0.41073,0.76378,0.480436,0.511251
2.867,0.0171764,1,0.00636432,0.511251
2.86725,-0.328317,1,-0.417382,0.511251
2.8675,-0.475948,1,-0.631297,0.511251
2.86775,-0.43021,0.590551,-0.614482,0.511251
2.868,-0.31685,0.0551181,-0.492218,0.511251
2.86825,-0.256679,-0.440945,-0.394037,0.511251
2.8685,-0.255893,-0.818898,-0.319691,0.511251
2.86875,-0.21068,-1,-0.195242,0.511251
2.869,-0.0182261,-1,0.0742392,0.511251
2.86925,0.3038,-0.952756,0.457085,0.511251
2.8695,0.601643,-0.606299,0.775313,0.511251
2.86975,0.692756,-0.0866142,0.85368,0.511251
2.87,0.507719,0.472441,0.623962,0.511251
2.87025,0.148814,0.952756,0.195858,0.511251
2.8705,-0.18633,1,-0.225781,0.511251
2.87075,-0.352856,1,-0.470151,0.511251
2.871,-0.353656,0.850394,-0.515337,0.511251
2.87125,-0.305702,0.385827,-0.48794,0.511251
2.8715,-0.314601,-0.0944882,-0.470348,0.511251
2.87175,-0.369483,-0.543307,-0.47348,0.511251
2.872,-0.352453,-0.889764,-0.383664,0.511251
2.87225,-0.156469,-1,-0.112126,0.511251
2.8725,0.196906,-1,0.3184,0.511251
2.87275,0.545361,-0.874016,0.711347,0.511251
2.873,0.695588,-0.425197,0.863938,0.511251
2.87325,0.569254,0.141732,0.718164,0.511251
2.8735,0.259259,0.700787,0.349511,0.511251
2.87375,-0.0468123,1,-0.0325756,0.511251
2.874,-0.212599,1,-0.281059,0.511251
2.87425,-0.24468,1,-0.383322,0.511251
2.8745,-0.254642,0.669291,-0.421875,0.511251
2.87475,-0.333538,0.228346,-0.505451,0.511251
2.875,-0.452407,-0.228346,-0.590231,0.511251
2.87525,-0.477785,-0.653543,-0.556556,0.511251
2.8755,-0.295325,-0.992126,-0.296805,0.511251
2.87575,0.07255,-1,0.152597,0.511251
2.876,0.456919,-1,0.598796,0.511251
2.87625,0.658326,-0.716535,0.833,0.511251
2.8765,0.590984,-0.181102,0.764815,0.511251
2.87675,0.339452,0.393701,0.472772,0.511251
2.87701,0.0788236,0.858268,0.143901,0.511251
2.87726,-0.0668158,1,-0.0777859,0.511251
2.87751,-0.112746,1,-0.201706,0.511251
2.87776,-0.168803,0.88189,-0.32097,0.511251
2.87801,-0.313995,0.535433,-0.484105,0.511251
2.87826,-0.49982,0.102362,-0.658125,0.511251
2.87851,-0.577567,-0.370079,-0.697551,0.511251
2.87876,-0.423273,-0.811024,-0.472549,0.511251
2.87901,-0.0586209,-1,-0.0287387,0.511251
2.87926,0.345253,-1,0.448451,0.511251
2.87951,0.585109,-0.944882,0.744482,0.511251
2.87976,0.572333,-0.488189,0.748334,0.511251
2.88001,0.383654,0.0708661,0.546788,0.511251
2.88026,0.18196,0.590551,0.289127,0.511251
2.88051,0.0735949,0.937008,0.116097,0.511251
2.88076,0.0315769,1,-0.00665426,0.511251
2.88101,-0.0565263,1,-0.171719,0.511251
2.88126,-0.259016,0.787402,-0.419107,0.511251
2.88151,-0.510613,0.417323,-0.68271,0.511251
2.88176,-0.645354,-0.0551181,-0.79254,0.511251
2.88201,-0.530597,-0.559055,-0.618347,0.511251
2.88226,-0.185394,-0.984252,-0.196896,0.511251
2.88251,0.219545,-1,0.284893,0.511251
2.88276,0.482532,-1,0.607011,0.511251
2.88301,0.514991,-0.748031,0.682109,0.511251
2.88326,0.389504,-0.23622,0.568875,0.511251
2.88351,0.255046,0.283465,0.399786,0.511251
2.88376,0.19927,0.700787,0.284352,0.511251
2.88401,0.177938,0.968504,0.186061,0.511251
2.88426,0.0735008,1,-0.00181703,0.511251
2.88451,-0.174556,0.968504,-0.307422,0.511251
2.88476,-0.485055,0.700787,-0.646491,0.511251
2.88501,-0.677007,0.259843,-0.837207,0.511251
2.88526,-0.609257,-0.267717,-0.732032,0.511251
2.88551,-0.296876,-0.779528,-0.357204,0.511251
2.88576,0.0906937,-1,0.10261,0.511251
2.88601,0.358897,-1,0.449937,0.511251
2.88626,0.42402,-0.944882,0.575535,0.511251
2.88651,0.357244,-0.519685,0.535954,0.511251
2.88676,0.294168,-0.0314961,0.462412,0.511251
2.88701,0.301559,0.417323,0.423097,0.511251
2.88726,0.315576,0.779528,0.376872,0.511251
2.88751,0.21047,1,0.191832,0.511251
2.88776,-0.0690185,1,-0.169146,0.511251
2.88801,-0.427676,0.92126,-0.577259,0.511251
2.88826,-0.671966,0.559055,-0.843581,0.511251
2.88851,-0.654047,0.0314961,-0.810368,0.511251
2.88876,-0.386246,-0.519685,-0.491103,0.511251
2.88901,-0.0316268,-0.952756,-0.0686529,0.511251
2.88926,0.223698,-1,0.264011,0.511251
2.88951,0.306643,-1,0.415358,0.511251
2.88976,0.289858,-0.755906,0.455299,0.511251
2.89001,0.297859,-0.330709,0.473497,0.511251
2.89026,0.374749,0.11811,0.526925,0.511251
2.89051,0.435887,0.535433,0.530044,0.511251
2.89076,0.34456,0.88189,0.36493,0.511251
2.89101,0.0491834,1,-0.00344214,0.511251
2.89126,-0.344105,1,-0.466943,0.511251
2.89151,-0.632057,0.80315,-0.787926,0.511251
2.89176,-0.662235,0.330709,-0.830946,0.511251
2.89201,-0.445462,-0.23622,-0.583044,0.511251
2.89226,-0.138583,-0.740157,-0.221985,0.511251
2.89251,0.0863203,-1,0.0843472,0.511251
2.89276,0.170588,-1,0.240029,0.511251
2.89301,0.193205,-0.92126,0.321342,0.511251
2.89326,0.26754,-0.598425,0.437425,0.511251
2.89351,0.416103,-0.181102,0.5761,0.511251
2.89376,0.531526,0.259843,0.657739,0.511251
2.89401,0.465685,0.685039,0.529337,0.511251
2.89426,0.169562,1,0.154815,0.511251
2.89451,-0.242416,1,-0.329671,0.511251
2.89476,-0.56099,0.992126,-0.705746,0.511251
2.89501,-0.633706,0.598425,-0.80007,0.511251
2.89526,-0.47134,0.0551181,-0.630104,0.511251
2.89551,-0.222998,-0.472441,-0.338848,0.511251
2.89576,-0.0442764,-0.866142,-0.0998566,0.511251
2.89601,0.026003,-1,0.0560251,0.511251
2.89626,0.0746133,-1,0.176059,0.511251
2.89651,0.206967,-0.811024,0.359655,0.511251
2.89676,0.424457,-0.472441,0.5903,0.511251
2.89701,0.597287,-0.0314961,0.749379,0.511251
2.89726,0.566332,0.440945,0.670434,0.511251
2.89751,0.283262,0.866142,0.319722,0.511251
2.89776,-0.130955,1,-0.175365,0.511251
2.89801,-0.465203,1,-0.582286,0.511251
2.89826,-0.57109,0.818898,-0.734895,0.511251
2.89851,-0.462277,0.338583,-0.637264,0.511251
2.89876,-0.279945,-0.188976,-0.42911,0.511251
2.89901,-0.160188,-0.629921,-0.253635,0.511251
2.89926,-0.119213,-0.92126,-0.139231,0.511251
2.89951,-0.058049,-1,-0.00425721,0.511251
2.89976,0.122015,-0.952756,0.237815,0.511251
2.90001,0.401506,-0.716535,0.557011,0.511251
2.90026,0.63058,-0.322835,0.795168,0.511251
2.90051,0.639659,0.165354,0.772813,0.511251
2.90076,0.38192,0.669291,0.456902,0.511251
2.90101,-0.0182385,1,-0.0134018,0.511251
2.90126,-0.3516,1,-0.4236,0.511251
2.90152,-0.478694,0.984252,-0.616917,0.511251
2.90177,-0.418725,0.582677,-0.58913,0.511251
2.90202,-0.306206,0.0944882,-0.473344,0.511251
2.90227,-0.254716,-0.370079,-0.385635,0.511251
2.90252,-0.255547,-0.732283,-0.314824,0.511251
2.90277,-0.195568,-0.96063,-0.17882,0.511251
2.90302,0.0195565,-1,0.10367,0.511251
2.90327,0.351472,-0.905512,0.491655,0.511251
2.90352,0.631395,-0.590551,0.796091,0.511251
2.90377,0.681821,-0.110236,0.838651,0.511251
2.90402,0.458234,0.425197,0.567269,0.511251
2.90427,0.0874026,0.88189,0.133256,0.511251
2.90452,-0.228316,1,-0.26337,0.511251
2.90477,-0.362706,1,-0.464469,0.511251
2.90502,-0.344468,0.787402,-0.502344,0.511251
2.90527,-0.301439,0.362205,-0.468654,0.511251
2.90552,-0.324227,-0.0787402,-0.473385,0.511251
2.90577,-0.376205,-0.496063,-0.475992,0.511251
2.90602,-0.328724,-0.826772,-0.360333,0.511251
2.90627,-0.0919315,-1,-0.045286,0.511251
2.90652,0.279562,-1,0.392772,0.511251
2.90677,0.60081,-0.818898,0.751415,0.511251
2.90702,0.690413,-0.385827,0.851492,0.511251
2.90727,0.507078,0.165354,0.649771,0.511251
2.90752,0.179028,0.677165,0.264464,0.511251
2.90777,-0.102506,1,-0.0878813,0.511251
2.90802,-0.229889,1,-0.297121,0.511251
2.90827,-0.244498,0.929134,-0.370519,0.511251
2.90852,-0.267289,0.606299,-0.429769,0.511251
2.90877,-0.365883,0.19685,-0.526903,0.511251
2.90902,-0.474833,-0.228346,-0.599694,0.511251
2.90927,-0.450098,-0.637795,-0.51444,0.511251
2.90952,-0.204359,-0.952756,-0.197507,0.511251
2.90977,0.191806,-1,0.27274,0.511251
2.91002,0.542557,-0.992126,0.677803,0.511251
2.91027,0.665549,-0.629921,0.828958,0.511251
2.91052,0.525613,-0.102362,0.687941,0.511251
2.91077,0.250697,0.425197,0.367219,0.511251
2.91102,0.017837,0.834646,0.0706467,0.511251
2.91127,-0.0882938,1,-0.108178,0.511251
2.91152,-0.124402,1,-0.220314,0.511251
2.91177,-0.207237,0.795276,-0.355244,0.511251
2.91202,-0.379375,0.464567,-0.543929,0.511251
2.91227,-0.547445,0.0472441,-0.703435,0.511251
2.91252,-0.552199,-0.401575,-0.657984,0.511251
2.91277,-0.310026,-0.818898,-0.342474,0.511251
2.91302,0.0961949,-1,0.134518,0.511251
2.91327,0.461816,-1,0.566239,0.511251
2.91352,0.609128,-0.834646,0.764566,0.511251
2.91377,0.512414,-0.362205,0.678064,0.511251
2.91402,0.298516,0.165354,0.445137,0.511251
2.91427,0.126684,0.622047,0.221134,0.511251
2.91452,0.0547979,0.905512,0.0756195,0.511251
2.91477,0.00785437,1,-0.0386879,0.511251
2.91502,-0.126256,0.929134,-0.246644,0.511251
2.91527,-0.36642,0.692913,-0.517708,0.511251
2.91552,-0.591802,0.322835,-0.746742,0.511251
2.91577,-0.629686,-0.149606,-0.756968,0.511251
2.91602,-0.401326,-0.629921,-0.48061,0.511251
2.91627,-0.00140865,-1,-0.000228263,0.511251
2.91652,0.363494,-1,0.436973,0.511251
2.91677,0.524635,-0.976378,0.659841,0.511251
2.91702,0.468255,-0.590551,0.634383,0.511251
2.91727,0.320203,-0.0944882,0.478664,0.511251
2.91752,0.218685,0.370079,0.338824,0.511251
2.91777,0.191834,0.732283,0.253576,0.511251
2.91802,0.144617,0.944882,0.135206,0.511251
2.91827,-0.0308057,0.992126,-0.117476,0.511251
2.91852,-0.32996,0.874016,-0.46371,0.511251
2.91877,-0.60688,0.574803,-0.771549,0.511251
2.91902,-0.678726,0.110236,-0.824832,0.511251
2.91927,-0.472593,-0.409449,-0.582743,0.511251
2.91952,-0.0931787,-0.866142,-0.139865,0.511251
2.91977,0.25466,-1,0.289096,0.511251
2.92002,0.417133,-1,0.517583,0.511251
2.92027,0.396329,-0.771654,0.550837,0.511251
2.92052,0.315543,-0.346457,0.482982,0.511251
2.92077,0.290722,0.102362,0.436622,0.511251
2.92102,0.31658,0.511811,0.419314,0.511251
2.92127,0.278624,0.818898,0.309146,0.511251
2.92152,0.0725713,1,0.0299206,0.511251
2.92177,-0.274093,1,-0.387409,0.511251
2.92202,-0.593832,0.787402,-0.742307,0.511251
2.92227,-0.697017,0.362205,-0.855572,0.511251
2.92252,-0.519773,-0.165354,-0.651576,0.511251
2.92277,-0.174196,-0.677165,-0.254196,0.511251
2.92302,0.14062,-1,0.134686,0.511251
2.92327,0.292332,-1,0.361492,0.511251
2.92352,0.299982,-0.905512,0.424967,0.511251
2.92377,0.286104,-0.574803,0.443671,0.511251
2.92402,0.340181,-0.15748,0.504639,0.511251
2.92427,0.424032,0.259843,0.548109,0.494835
2.92452,0.402584,0.645669,0.467507,0.494835
2.92477,0.176866,0.944882,0.167692,0.494835
2.92502,-0.204359,1,-0.281089,0.494835
2.92527,-0.554801,0.952756,-0.693192,0.494835
2.92552,-0.684072,0.598425,-0.849391,0.494835
2.92577,-0.539381,0.0708661,-0.695337,0.494835
2.92602,-0.239546,-0.456693,-0.350332,0.494835
2.92628,0.0278479,-0.858268,-0.0207231,0.494835
2.92653,0.155962,-1,0.186834,0.494835
2.92678,0.184757,-0.984252,0.283768,0.494835
2.92703,0.234582,-0.755906,0.379041,0.494835
2.92728,0.367029,-0.409449,0.532478,0.494835
2.92753,0.509652,0,0.659376,0.494835
2.92778,0.509817,0.440945,0.612179,0.494835
2.92803,0.27501,0.834646,0.305893,0.494835
2.92828,-0.125851,1,-0.175138,0.494835
2.92853,-0.493057,1,-0.601022,0.494835
2.92878,-0.640849,0.795276,-0.79518,0.494835
2.92903,-0.530585,0.314961,-0.694521,0.494835
2.92928,-0.286191,-0.220472,-0.429943,0.494835
2.92953,-0.0785949,-0.669291,-0.162072,0.494835
2.92978,0.015113,-0.937008,0.00117152,0.494835
2.93003,0.0581076,-1,0.1202,0.494835
2.93028,0.165368,-0.897638,0.288524,0.494835
2.93053,0.371599,-0.637795,0.528498,0.494835
2.93078,0.571093,-0.259843,0.727175,0.494835
2.93103,0.59571,0.204724,0.723835,0.494835
2.93128,0.361592,0.669291,0.42759,0.494835
2.93153,-0.0438563,1,-0.0557927,0.494835
2.93178,-0.412939,1,-0.491089,0.494835
2.93203,-0.570213,0.944882,-0.702769,0.494835
2.93228,-0.493966,0.535433,-0.654818,0.494835
2.93253,-0.311982,0.023622,-0.472179,0.494835
2.93278,-0.174505,-0.440945,-0.295212,0.494835
2.93303,-0.124066,-0.779528,-0.173805,0.494835
2.93328,-0.0751645,-0.96063,-0.0523796,0.494835
2.93353,0.0832927,-0.976378,0.181248,0.494835
2.93378,0.355971,-0.826772,0.49798,0.494835
2.93403,0.606535,-0.503937,0.765504,0.494835
2.93428,0.655904,-0.0393701,0.799924,0.494835
2.93453,0.430939,0.472441,0.53148,0.494835
2.93478,0.0361307,0.905512,0.0632274,0.494835
2.93503,-0.318896,1,-0.365709,0.494835
2.93528,-0.475177,1,-0.585847,0.494835
2.93553,-0.431545,0.724409,-0.588754,0.494835
2.93578,-0.316976,0.267717,-0.48756,0.494835
2.93603,-0.256395,-0.188976,-0.393728,0.494835
2.93628,-0.256066,-0.582677,-0.341647,0.494835
2.93653,-0.207103,-0.866142,-0.227459,0.494835
2.93678,-0.00572126,-1,0.0465461,0.494835
2.93703,0.323158,-0.968504,0.440049,0.494835
2.93728,0.616117,-0.724409,0.770625,0.494835
2.93753,0.687884,-0.283465,0.84452,0.494835
2.93778,0.479751,0.251969,0.601588,0.494835
2.93803,0.110289,0.748031,0.176536,0.494835
2.93828,-0.215205,1,-0.216966,0.494835
2.93853,-0.360172,1,-0.440774,0.494835
2.93878,-0.346721,0.866142,-0.48279,0.494835
2.93903,-0.302112,0.496063,-0.465742,0.494835
2.93928,-0.32248,0.0629921,-0.476267,0.494835
2.93953,-0.375473,-0.354331,-0.494789,0.494835
2.93978,-0.331602,-0.716535,-0.379625,0.494835
2.94003,-0.0966603,-0.976378,-0.0725814,0.494835
2.94028,0.276173,-1,0.366479,0.494835
2.94053,0.600139,-0.897638,0.743297,0.494835
2.94078,0.690279,-0.511811,0.854562,0.494835
2.94103,0.50467,0.023622,0.656313,0.494835
2.94128,0.174282,0.559055,0.276616,0.494835
2.94153,-0.106765,0.929134,-0.0722397,0.494835
2.94178,-0.231008,1,-0.275026,0.494835
2.94203,-0.244013,0.96063,-0.348129,0.494835
2.94228,-0.269536,0.685039,-0.419693,0.494835
2.94253,-0.371199,0.307087,-0.52821,0.494835
2.94278,-0.477902,-0.110236,-0.612084,0.494835
2.94303,-0.442459,-0.543307,-0.529612,0.494835
2.94328,-0.18314,-0.897638,-0.198807,0.494835
2.94353,0.218832,-1,0.277621,0.494835
2.94378,0.560441,-1,0.682305,0.494835
2.94403,0.663289,-0.708661,0.824724,0.494835
2.94428,0.505465,-0.19685,0.670323,0.494835
2.94453,0.226086,0.338583,0.355128,0.494835
2.94478,0.0022643,0.76378,0.0759267,0.494835
2.94503,-0.0932971,0.992126,-0.0999517,0.494835
2.94528,-0.129213,1,-0.203043,0.494835
2.94553,-0.222402,0.84252,-0.351183,0.494835
2.94578,-0.402145,0.543307,-0.560563,0.494835
2.94603,-0.559928,0.133858,-0.713233,0.494835
2.94628,-0.534862,-0.330709,-0.648325,0.494835
2.94653,-0.261066,-0.771654,-0.308903,0.494835
2.94678,0.154741,-1,0.183693,0.494835
2.94703,0.499445,-1,0.596129,0.494835
2.94728,0.608535,-0.874016,0.758807,0.494835
2.94753,0.482186,-0.409449,0.653495,0.494835
2.94778,0.264317,0.110236,0.418767,0.494835
2.94803,0.107986,0.566929,0.210402,0.494835
2.94828,0.0482861,0.874016,0.0837917,0.494835
2.94853,-0.00716411,1,-0.0469656,0.494835
2.94878,-0.164699,0.952756,-0.273501,0.494835
2.94903,-0.415993,0.748031,-0.560763,0.494835
2.94928,-0.618859,0.377953,-0.773696,0.494835
2.94953,-0.604451,-0.102362,-0.738456,0.494835
2.94978,-0.3263,-0.614173,-0.403554,0.494835
2.95003,0.087036,-1,0.0793044,0.494835
2.95028,0.419659,-1,0.488438,0.494835
2.95053,0.527943,-0.992126,0.658639,0.494835
2.95078,0.436142,-0.606299,0.597307,0.494835
2.95104,0.288521,-0.11811,0.448109,0.494835
2.95129,0.207423,0.338583,0.33112,0.494835
2.95154,0.186861,0.708661,0.254658,0.494835
2.95179,0.114551,0.937008,0.10304,0.494835
2.95204,-0.100358,1,-0.177568,0.494835
2.95229,-0.413596,0.913386,-0.543592,0.494835
2.95254,-0.65275,0.598425,-0.813868,0.494835
2.95279,-0.648283,0.11811,-0.799169,0.494835
2.95304,-0.374953,-0.425197,-0.484703,0.494835
2.95329,0.0191252,-0.889764,-0.0300829,0.494835
2.95354,0.324582,-1,0.357439,0.494835
2.95379,0.425818,-1,0.528665,0.494835
2.95404,0.370987,-0.771654,0.524897,0.494835
2.95429,0.299246,-0.346457,0.46461,0.494835
2.95454,0.29765,0.0944882,0.440853,0.494835
2.95479,0.318098,0.511811,0.412931,0.494835
2.95504,0.231577,0.84252,0.256815,0.494835
2.95529,-0.0335267,1,-0.0781872,0.494835
2.95554,-0.396126,1,-0.508599,0.494835
2.95579,-0.660953,0.795276,-0.807975,0.494835
2.95604,-0.664428,0.338583,-0.821758,0.494835
2.95629,-0.406019,-0.220472,-0.538624,0.494835
2.95654,-0.0467798,-0.732283,-0.12993,0.494835
2.95679,0.217652,-1,0.20905,0.494835
2.95704,0.306196,-1,0.374417,0.494835
2.95729,0.290116,-0.897638,0.420484,0.494835
2.95754,0.29784,-0.559055,0.456312,0.494835
2.95779,0.375917,-0.141732,0.533717,0.494835
2.95804,0.43603,0.291339,0.560816,0.494835
2.95829,0.337494,0.700787,0.391894,0.494835
2.95854,0.031711,1,0.0204914,0.494835
2.95879,-0.365553,1,-0.452507,0.494835
2.95904,-0.643132,0.952756,-0.781077,0.494835
2.95929,-0.652588,0.543307,-0.810773,0.494835
2.95954,-0.418326,-0.00787402,-0.566012,0.494835
2.95979,-0.109475,-0.543307,-0.213401,0.494835
2.96004,0.102518,-0.913386,0.0622964,0.494835
2.96029,0.174433,-1,0.21131,0.494835
2.96054,0.198302,-0.984252,0.304951,0.494835
2.96079,0.286204,-0.740157,0.434751,0.494835
2.96104,0.440797,-0.377953,0.601152,0.494835
2.96129,0.536328,0.0629921,0.675263,0.494835
2.96154,0.427685,0.535433,0.515339,0.494835
2.96179,0.0923877,0.937008,0.104423,0.494835
2.96204,-0.322435,1,-0.384059,0.494835
2.96229,-0.600222,1,-0.721265,0.494835
2.96254,-0.613393,0.716535,-0.774222,0.494835
2.96279,-0.412684,0.19685,-0.580951,0.494835
2.96304,-0.16748,-0.338583,-0.297686,0.494835
2.96329,-0.0173066,-0.755906,-0.0908805,0.494835
2.96354,0.0361165,-0.984252,0.0370612,0.494835
2.96379,0.101061,-1,0.171846,0.494835
2.96404,0.266656,-0.889764,0.392757,0.494835
2.96429,0.4908,-0.598425,0.652112,0.494835
2.96454,0.61509,-0.165354,0.768149,0.494835
2.96479,0.497735,0.346457,0.614561,0.494835
2.96504,0.14573,0.826772,0.192788,0.494835
2.96529,-0.268978,1,-0.292231,0.494835
2.96554,-0.53354,1,-0.62982,0.494835
2.96579,-0.549118,0.866142,-0.697716,0.494835
2.96604,-0.390884,0.401575,-0.553113,0.494835
2.96629,-0.220232,-0.110236,-0.368756,0.494835
2.96654,-0.137482,-0.559055,-0.237269,0.494835
2.96679,-0.102986,-0.874016,-0.138919,0.494835
2.96704,0.00309723,-1,0.0486987,0.494835
2.96729,0.241217,-1,0.349516,0.494835
2.96754,0.524008,-0.795276,0.674831,0.494835
2.96779,0.669262,-0.385827,0.830804,0.494835
2.96804,0.545048,0.141732,0.680818,0.494835
2.96829,0.189904,0.685039,0.270838,0.494835
2.96854,-0.20638,1,-0.20432,0.494835
2.96879,-0.445596,1,-0.513564,0.494835
2.96904,-0.463214,0.984252,-0.597249,0.494835
2.96929,-0.355549,0.590551,-0.522074,0.494835
2.96954,-0.267677,0.110236,-0.433406,0.494835
2.96979,-0.254907,-0.346457,-0.383144,0.494835
2.97004,-0.23668,-0.724409,-0.300414,0.494835
2.97029,-0.0899386,-0.992126,-0.0785354,0.494835
2.97054,0.21194,-1,0.300516,0.494835
2.97079,0.54045,-0.968504,0.675391,0.494835
2.97104,0.696467,-0.598425,0.862184,0.494835
2.97129,0.568286,-0.0551181,0.719881,0.494835
2.97154,0.224785,0.511811,0.336285,0.494835
2.97179,-0.135345,0.96063,-0.0940434,0.494835
2.97204,-0.338895,1,-0.378658,0.494835
2.97229,-0.359969,1,-0.471331,0.494835
2.97254,-0.309957,0.755906,-0.460395,0.494835
2.97279,-0.309881,0.338583,-0.476553,0.494835
2.97304,-0.364775,-0.110236,-0.505097,0.494835
2.97329,-0.359381,-0.551181,-0.450691,0.494835
2.97354,-0.174106,-0.913386,-0.196062,0.494835
2.97379,0.180124,-1,0.232443,0.494835
2.97404,0.537993,-1,0.652254,0.494835
2.97429,0.695452,-0.787402,0.851367,0.494835
2.97454,0.567199,-0.259843,0.730643,0.494835
2.97479,0.250538,0.322835,0.388709,0.494835
2.97504,-0.0574241,0.811024,0.0182284,0.494835
2.97529,-0.218023,1,-0.221169,0.494835
2.97554,-0.244405,1,-0.315531,0.494835
2.9758,-0.258564,0.897638,-0.388054,0.494835
2.97605,-0.346844,0.551181,-0.504751,0.494835
2.9763,-0.464215,0.11811,-0.620937,0.494835
2.97655,-0.465361,-0.354331,-0.579398,0.494835
2.9768,-0.244945,-0.80315,-0.293953,0.494835
2.97705,0.146825,-1,0.172188,0.494835
2.9773,0.516359,-1,0.612536,0.494835
2.97755,0.666068,-0.944882,0.808442,0.494835
2.9778,0.543124,-0.456693,0.711745,0.494835
2.97805,0.268582,0.11811,0.419211,0.494835
2.9783,0.0269416,0.637795,0.127182,0.494835
2.97855,-0.0859001,0.968504,-0.0503902,0.494835
2.9788,-0.123374,1,-0.166805,0.494835
2.97905,-0.204933,1,-0.314204,0.494835
2.9793,-0.378161,0.748031,-0.529103,0.494835
2.97955,-0.548106,0.354331,-0.707758,0.494835
2.9798,-0.550183,-0.141732,-0.680359,0.494835
2.98005,-0.300094,-0.669291,-0.376876,0.494835
2.9803,0.112414,-1,0.114173,0.494835
2.98055,0.475143,-1,0.549537,0.494835
2.9808,0.609518,-1,0.742245,0.494835
2.98105,0.498675,-0.629921,0.667769,0.494835
2.9813,0.280584,-0.0787402,0.450782,0.494835
2.98155,0.115755,0.433071,0.24609,0.494835
2.9818,0.0505133,0.826772,0.110049,0.494835
2.98205,-0.00201129,1,-0.0197583,0.494835
2.9823,-0.152875,1,-0.239625,0.494835
2.98255,-0.403162,0.92126,-0.541612,0.494835
2.9828,-0.613483,0.574803,-0.777201,0.494835
2.98305,-0.61012,0.0551181,-0.763614,0.494835
2.9833,-0.338278,-0.511811,-0.447179,0.494835
2.98355,0.0763778,-0.992126,0.0398328,0.494835
2.9838,0.414864,-1,0.458779,0.494835
2.98405,0.528102,-1,0.639311,0.494835
2.9843,0.437713,-0.787402,0.595902,0.494835
2.98455,0.289126,-0.291339,0.462452,0.494835
2.9848,0.207408,0.212598,0.347469,0.494835
2.98505,0.186835,0.653543,0.278624,0.494835
2.9853,0.113043,0.968504,0.127995,0.494835
2.98555,-0.105467,1,-0.161636,0.494835
2.9858,-0.420995,1,-0.541244,0.494835
2.98605,-0.656777,0.771654,-0.811521,0.494835
2.9863,-0.642795,0.267717,-0.797478,0.494835
2.98655,-0.359863,-0.338583,-0.486552,0.494835
2.9868,0.0366571,-0.874016,-0.0255457,0.494835
2.98705,0.335062,-1,0.342699,0.494835
2.9873,0.425683,-1,0.516466,0.494835
2.98755,0.365585,-0.92126,0.507919,0.494835
2.9878,0.296635,-0.496063,0.462373,0.494835
2.98805,0.299607,-0.00787402,0.452596,0.494835
2.9883,0.316844,0.456693,0.432919,0.494835
2.98855,0.216035,0.858268,0.262459,0.494835
2.9888,-0.0647536,1,-0.0963872,0.494835
2.98905,-0.429363,1,-0.528265,0.494835
2.9893,-0.674793,0.952756,-0.823362,0.494835
2.98955,-0.647374,0.464567,-0.815575,0.494835
2.9898,-0.366026,-0.149606,-0.511873,0.494835
2.99005,-0.00724731,-0.724409,-0.103683,0.494835
2.9903,0.23828,-1,0.21315,0.494835
2.99055,0.307295,-1,0.362881,0.494835
2.9908,0.28755,-1,0.405467,0.494835
2.99105,0.305283,-0.685039,0.467297,0.494835
2.9913,0.389381,-0.244094,0.557138,0.494835
2.99155,0.433939,0.244094,0.564703,0.494835
2.9918,0.301713,0.724409,0.376364,0.494835
2.99205,-0.0325977,1,-0.03195,0.494835
2.9923,-0.426706,1,-0.505747,0.494835
2.99255,-0.665987,1,-0.80444,0.494835
2.9928,-0.624588,0.645669,-0.787666,0.494835
2.99305,-0.360419,0.0314961,-0.516844,0.494835
2.9933,-0.0575519,-0.551181,-0.174649,0.494835
2.99355,0.126545,-0.968504,0.0743767,0.494835
2.9938,0.178823,-1,0.198114,0.494835
2.99405,0.209252,-1,0.307181,0.494835
2.9943,0.316594,-0.866142,0.464493,0.494835
2.99455,0.47281,-0.472441,0.63023,0.494835
2.9948,0.533042,0.023622,0.674765,0.494835
2.99505,0.367068,0.574803,0.460115,0.494835
2.9953,-0.0067906,1,0.0162493,0.494835
2.99555,-0.409996,1,-0.466,0.494835
2.9958,-0.629299,1,-0.752326,0.494835
2.99605,-0.577082,0.80315,-0.744879,0.494835
2.9963,-0.345719,0.228346,-0.519468,0.494835
2.99655,-0.115309,-0.354331,-0.249685,0.494835
2.9968,0.00347646,-0.811024,-0.0750037,0.494835
2.99705,0.0475386,-1,0.0426087,0.494835
2.9973,0.136393,-1,0.204929,0.494835
2.99755,0.330593,-1,0.466581,0.494835
2.9978,0.545672,-0.685039,0.703088,0.494835
2.99805,0.608639,-0.181102,0.760827,0.494835
2.9983,0.409868,0.409449,0.525518,0.494835
2.99855,0.0129652,0.952756,0.0636214,0.494835
2.9988,-0.376929,1,-0.410209,0.494835
2.99905,-0.565318,1,-0.669444,0.494835
2.9993,-0.50901,0.929134,-0.667224,0.494835
2.99955,-0.327957,0.409449,-0.504473,0.494835
2.9998,-0.181576,-0.141732,-0.339195,0.494835
3.00005,-0.125961,-0.629921,-0.230739,0.494835
3.0003,-0.0799457,-0.976378,-0.110863,0.494835
3.00056,0.0737733,-1,0.117203,0.494835
3.00081,0.346893,-1,0.460619,0.494835
3.00106,0.603116,-0.874016,0.762306,0.494835
3.00131,0.656773,-0.385827,0.820775,0.494835
3.00156,0.43017,0.23622,0.565802,0.494835
3.00181,0.030584,0.834646,0.106369,0.494835
3.00206,-0.325544,1,-0.32196,0.494835
3.00231,-0.476539,1,-0.556139,0.494835
3.00256,-0.426561,1,-0.561085,0.494835
3.00281,-0.311166,0.598425,-0.48059,0.494835
3.00306,-0.255261,0.0708661,-0.414585,0.494835
3.00331,-0.255757,-0.433071,-0.384215,0.494835
3.00356,-0.195601,-0.858268,-0.255873,0.494835
3.00381,0.0243393,-1,0.0441436,0.494835
3.00406,0.362671,-1,0.45944,0.494835
3.00431,0.640342,-1,0.786724,0.494835
3.00456,0.674905,-0.574803,0.842404,0.494835
3.00481,0.429903,0.0629921,0.583469,0.494835
3.00506,0.0497665,0.692913,0.155444,0.494835
3.00531,-0.254616,1,-0.223189,0.494835
3.00556,-0.366646,1,-0.416632,0.494835
3.00581,-0.336182,1,-0.457108,0.494835
3.00606,-0.299924,0.771654,-0.459125,0.494835
3.00631,-0.334865,0.299213,-0.50495,0.494835
3.00656,-0.378845,-0.212598,-0.517884,0.494835
3.00681,-0.29338,-0.724409,-0.373592,0.494835
3.00706,-0.0101228,-1,-0.0177482,0.494835
3.00731,0.374697,-1,0.447746,0.494835
3.00756,0.653272,-1,0.783731,0.494835
3.00781,0.662569,-0.748031,0.830453,0.494835
3.00806,0.413218,-0.110236,0.577056,0.494835
3.00831,0.0750139,0.535433,0.200547,0.494835
3.00856,-0.163974,1,-0.10063,0.494835
3.00881,-0.242215,1,-0.263666,0.494835
3.00906,-0.245759,1,-0.333844,0.494835
3.00931,-0.297437,0.929134,-0.437714,0.494835
3.00956,-0.416839,0.519685,-0.580855,0.494835
3.00981,-0.488583,0,-0.637492,0.494835
3.01006,-0.368461,-0.574803,-0.467581,0.494835
3.01031,-0.0309263,-1,-0.0595493,0.494835
3.01056,0.377959,-1,0.434512,0.494835
3.01081,0.638393,-1,0.755689,0.494835
3.01106,0.622004,-0.897638,0.785951,0.494835
3.01131,0.38552,-0.283465,0.560932,0.494835
3.01156,0.109627,0.354331,0.248882,0.494835
3.01181,-0.0566387,0.866142,0.0239191,0.494835
3.01206,-0.110012,1,-0.10596,0.494835
3.01231,-0.162296,1,-0.237008,0.494835
3.01256,-0.30507,1,-0.442927,0.494835
3.01281,-0.495863,0.732283,-0.659025,0.494835
3.01306,-0.577627,0.204724,-0.740509,0.494835
3.01331,-0.417503,-0.409449,-0.539449,0.494835
3.01356,-0.0399504,-0.992126,-0.0936434,0.494835
3.01381,0.368325,-1,0.392055,0.494835
3.01406,0.594344,-1,0.69753,0.494835
3.01431,0.556951,-1,0.71163,0.494835
3.01456,0.353556,-0.464567,0.526227,0.494835
3.01481,0.157532,0.149606,0.317551,0.494835
3.01506,0.0640137,0.685039,0.169937,0.494835
3.01531,0.0211297,1,0.0554822,0.494835
3.01556,-0.0925006,1,-0.142098,0.494835
3.01581,-0.323001,1,-0.44316,0.494835
3.01606,-0.566306,0.929134,-0.727881,0.494835
3.01631,-0.639993,0.409449,-0.806737,0.494835
3.01656,-0.439903,-0.244094,-0.575352,0.494835
3.01681,-0.0427687,-0.889764,-0.125275,0.494835
3.01706,0.339916,-1,0.336722,0.494835
3.01731,0.521864,-1,0.59659,0.494835
3.01756,0.474234,-1,0.618886,0.494835
3.01781,0.324451,-0.629921,0.498707,0.494835
3.01806,0.219518,-0.0551181,0.391609,0.494835
3.01831,0.191631,0.496063,0.324494,0.494835
3.01856,0.142741,0.944882,0.20392,0.494835
3.01881,-0.0403299,1,-0.0555832,0.494835
3.01906,-0.347437,1,-0.443917,0.494835
3.01931,-0.620732,1,-0.76038,0.494835
3.01956,-0.671362,0.598425,-0.832685,0.494835
3.01981,-0.437372,-0.0787402,-0.583795,0.494835
3.02006,-0.0446966,-0.76378,-0.145931,0.494835
3.02031,0.290155,-1,0.258301,0.494835
3.02056,0.423676,-1,0.479988,0.494835
3.02081,0.382124,-1,0.506085,0.494835
3.02106,0.304683,-0.795276,0.469004,0.494835
3.02131,0.294693,-0.267717,0.458233,0.494835
3.02156,0.318609,0.283465,0.454202,0.494835
3.02181,0.245926,0.811024,0.328531,0.494835
3.02206,-0.00856107,1,-0.00536253,0.494835
3.02231,-0.373786,1,-0.451705,0.494835
3.02256,-0.652644,1,-0.788983,0.494835
3.02281,-0.670076,0.771654,-0.832732,0.494835
3.02306,-0.41623,0.0787402,-0.578314,0.494835
3.02331,-0.0531331,-0.622047,-0.170501,0.494835
3.02356,0.216288,-1,0.165856,0.494835
3.02381,0.306493,-1,0.337007,0.494835
3.02406,0.289874,-1,0.389297,0.494835
3.02431,0.299121,-0.96063,0.446283,0.487967
3.02456,0.379236,-0.488189,0.542833,0.487967
3.02481,0.435833,0.0708661,0.581608,0.487967
3.02506,0.324583,0.669291,0.421784,0.487967
3.02532,0.00429174,1,0.0244105,0.487967
3.02557,-0.395747,1,-0.457223,0.487967
3.02582,-0.65651,1,-0.785788,0.487967
3.02607,-0.637323,0.92126,-0.807209,0.487967
3.02632,-0.382384,0.244094,-0.558599,0.487967
3.02657,-0.0747192,-0.448819,-0.214146,0.487967
3.02682,0.119909,-1,0.038076,0.487967
3.02707,0.17786,-1,0.180172,0.487967
3.02732,0.206228,-1,0.281041,0.487967
3.02757,0.310266,-1,0.449785,0.487967
3.02782,0.467716,-0.700787,0.63553,0.487967
3.02807,0.534269,-0.125984,0.694118,0.487967
3.02832,0.374642,0.519685,0.483789,0.487967
3.02857,0.00165199,1,0.0482315,0.487967
3.02882,-0.404914,1,-0.44577,0.487967
3.02907,-0.628482,1,-0.742576,0.487967
3.02932,-0.57749,1,-0.737453,0.487967
3.02957,-0.345359,0.409449,-0.517646,0.487967
3.02982,-0.114116,-0.267717,-0.269338,0.487967
3.03007,0.00446378,-0.834646,-0.0955848,0.487967
3.03032,0.0484184,-1,0.0192888,0.487967
3.03057,0.139926,-1,0.198262,0.487967
3.03082,0.337462,-1,0.460204,0.487967
3.03107,0.551446,-0.905512,0.713534,0.487967
3.03132,0.605937,-0.322835,0.764165,0.487967
3.03157,0.394873,0.377953,0.524025,0.487967
3.03182,-0.00925787,1,0.0550945,0.487967
3.03207,-0.394498,1,-0.403512,0.487967
3.03232,-0.568397,1,-0.657999,0.487967
3.03257,-0.498781,1,-0.653408,0.487967
3.03282,-0.314329,0.574803,-0.492867,0.487967
3.03307,-0.174041,-0.0629921,-0.33904,0.487967
3.03332,-0.123479,-0.653543,-0.238096,0.487967
3.03357,-0.0716885,-1,-0.114916,0.487967
3.03382,0.0958862,-1,0.130936,0.487967
3.03407,0.376932,-1,0.488079,0.487967
3.03432,0.621138,-1,0.777082,0.487967
3.03457,0.644826,-0.511811,0.8147,0.487967
3.03482,0.388214,0.228346,0.534412,0.487967
3.03507,-0.0203355,0.937008,0.0677581,0.487967
3.03532,-0.358226,1,-0.344444,0.487967
3.03557,-0.479128,1,-0.545168,0.487967
3.03582,-0.4105,1,-0.545525,0.487967
3.03607,-0.297722,0.740157,-0.468143,0.487967
3.03632,-0.253725,0.133858,-0.421504,0.487967
3.03657,-0.25377,-0.464567,-0.38718,0.487967
3.03682,-0.17161,-0.992126,-0.232285,0.487967
3.03707,0.0765611,-1,0.0921534,0.487967
3.03732,0.421243,-1,0.515509,0.487967
3.03757,0.668087,-1,0.818644,0.487967
3.03782,0.648482,-0.677165,0.817679,0.487967
3.03807,0.361641,0.0787402,0.516427,0.487967
3.03832,-0.0214995,0.818898,0.0811905,0.487967
3.03857,-0.293112,1,-0.260412,0.487967
3.03882,-0.36805,1,-0.419504,0.487967
3.03907,-0.324552,1,-0.446241,0.487967
3.03932,-0.301438,0.905512,-0.465768,0.487967
3.03957,-0.348569,0.346457,-0.520143,0.487967
3.03982,-0.375532,-0.267717,-0.518271,0.487967
3.04007,-0.244358,-0.88189,-0.326706,0.487967
3.04032,0.0793932,-1,0.0750845,0.487967
3.04057,0.461,-1,0.536799,0.487967
3.04082,0.683929,-1,0.828415,0.487967
3.04107,0.618418,-0.818898,0.792844,0.487967
3.04132,0.324398,-0.0629921,0.495937,0.487967
3.04157,-0.00437664,0.677165,0.124825,0.487967
3.04182,-0.199939,1,-0.142174,0.487967
3.04207,-0.244687,1,-0.26259,0.487967
3.04232,-0.251875,1,-0.354564,0.487967
3.04257,-0.328016,1,-0.47441,0.487967
3.04282,-0.450272,0.566929,-0.615519,0.487967
3.04307,-0.477196,-0.0708661,-0.624197,0.487967
3.04332,-0.28444,-0.76378,-0.379895,0.487967
3.04357,0.0994577,-1,0.0817113,0.487967
3.04382,0.486134,-1,0.545396,0.487967
3.04407,0.664349,-1,0.792455,0.487967
3.04432,0.561034,-0.952756,0.732431,0.487967
3.04457,0.288166,-0.212598,0.465986,0.487967
3.04482,0.0375389,0.511811,0.179444,0.487967
3.04507,-0.0833702,1,-0.00671139,0.487967
3.04532,-0.12182,1,-0.124595,0.487967
3.04557,-0.201785,1,-0.286267,0.487967
3.04582,-0.375543,1,-0.51649,0.487967
3.04607,-0.547869,0.771654,-0.715069,0.487967
3.04632,-0.549248,0.102362,-0.702594,0.487967
3.04657,-0.293024,-0.645669,-0.399763,0.487967
3.04682,0.125899,-1,0.0837135,0.487967
3.04707,0.486502,-1,0.524237,0.487967
3.04732,0.609134,-1,0.721225,0.487967
3.04757,0.485768,-1,0.652197,0.487967
3.04782,0.264712,-0.377953,0.440556,0.487967
3.04807,0.10654,0.330709,0.259128,0.487967
3.04832,0.0470133,0.929134,0.148206,0.487967
3.04857,-0.0123711,1,0.00859174,0.487967
3.04882,-0.179327,1,-0.236809,0.487967
3.04907,-0.437365,1,-0.562096,0.487967
3.04932,-0.629154,0.968504,-0.789699,0.487967
3.04957,-0.584713,0.275591,-0.741492,0.487967
3.04982,-0.274202,-0.527559,-0.394388,0.487967
3.05008,0.147144,-1,0.0858658,0.487967
3.05033,0.454958,-1,0.473047,0.487967
3.05058,0.522726,-1,0.624728,0.487967
3.05083,0.406031,-1,0.56391,0.487967
3.05108,0.263179,-0.551181,0.441138,0.487967
3.05133,0.200322,0.125984,0.36725,0.487967
3.05158,0.178734,0.76378,0.291011,0.487967
3.05183,0.072209,1,0.109998,0.487967
3.05208,-0.185403,1,-0.229737,0.487967
3.05233,-0.502718,1,-0.620717,0.487967
3.05258,-0.682695,1,-0.840395,0.487967
3.05283,-0.582294,0.425197,-0.745859,0.487967
3.05308,-0.239049,-0.409449,-0.379968,0.487967
3.05333,0.151594,-1,0.0663811,0.487967
3.05358,0.388632,-1,0.382835,0.487967
3.05383,0.415299,-1,0.488552,0.487967
3.05408,0.335508,-1,0.47309,0.487967
3.05433,0.289528,-0.732283,0.459096,0.487967
3.05458,0.311049,-0.0708661,0.472213,0.487967
3.05483,0.298172,0.598425,0.418049,0.487967
3.05508,0.124019,1,0.178119,0.487967
3.05533,-0.214603,1,-0.248361,0.487967
3.05558,-0.559007,1,-0.660217,0.487967
3.05583,-0.699881,1,-0.858433,0.487967
3.05608,-0.546393,0.566929,-0.713275,0.487967
3.05633,-0.200076,-0.283465,-0.350162,0.487967
3.05658,0.128785,-1,0.0329835,0.487967
3.05683,0.290589,-1,0.273132,0.487967
3.05708,0.299844,-1,0.362835,0.487967
3.05733,0.286326,-1,0.409805,0.487967
3.05758,0.343944,-0.913386,0.501046,0.487967
3.05783,0.427194,-0.283465,0.587529,0.487967
3.05808,0.391388,0.433071,0.514142,0.487967
3.05833,0.140062,1,0.196843,0.487967
3.05858,-0.256975,1,-0.280305,0.487967
3.05883,-0.592777,1,-0.689123,0.487967
3.05908,-0.677021,1,-0.836883,0.487967
3.05933,-0.485988,0.692913,-0.668256,0.487967
3.05958,-0.171459,-0.141732,-0.33721,0.487967
3.05983,0.0730091,-0.897638,-0.0455975,0.487967
3.06008,0.168929,-1,0.128028,0.487967
3.06033,0.192193,-1,0.235401,0.487967
3.06058,0.267736,-1,0.386994,0.487967
3.06083,0.420837,-1,0.576136,0.487967
3.06108,0.533822,-0.488189,0.699807,0.487967
3.06133,0.44869,0.283465,0.588315,0.487967
3.06158,0.124369,1,0.204496,0.487967
3.06183,-0.298831,1,-0.294384,0.487967
3.06208,-0.593116,1,-0.67667,0.487967
3.06233,-0.616659,1,-0.760223,0.487967
3.06258,-0.415458,0.811024,-0.590629,0.487967
3.06283,-0.166321,0,-0.337238,0.487967
3.06308,-0.0153644,-0.732283,-0.145679,0.487967
3.06333,0.0373488,-1,-0.0196602,0.487967
3.06358,0.107053,-1,0.134247,0.487967
3.06383,0.282118,-1,0.385665,0.487967
3.06408,0.508503,-1,0.660403,0.487967
3.06433,0.615527,-0.669291,0.783087,0.487967
3.06458,0.464972,0.149606,0.615012,0.487967
3.06483,0.0864775,0.984252,0.177614,0.487967
3.06508,-0.324699,1,-0.309457,0.487967
3.06533,-0.554075,1,-0.613495,0.487967
3.06558,-0.527949,1,-0.655493,0.487967
3.06583,-0.351735,0.937008,-0.521727,0.487967
3.06608,-0.193329,0.173228,-0.360737,0.487967
3.06633,-0.129104,-0.559055,-0.261501,0.487967
3.06658,-0.0871052,-1,-0.155203,0.487967
3.06683,0.0557946,-1,0.0650563,0.487967
3.06708,0.32597,-1,0.420247,0.487967
3.06733,0.59176,-1,0.743017,0.487967
3.06758,0.660679,-0.834646,0.826925,0.487967
3.06783,0.443017,0.023622,0.596693,0.487967
3.06808,0.0418241,0.905512,0.148658,0.487967
3.06833,-0.321268,1,-0.285932,0.487967
3.06858,-0.476347,1,-0.521381,0.487967
3.06883,-0.425852,1,-0.546594,0.487967
3.06908,-0.309467,1,-0.476692,0.487967
3.06933,-0.254961,0.362205,-0.428999,0.487967
3.06958,-0.255268,-0.370079,-0.403247,0.487967
3.06983,-0.188653,-1,-0.273344,0.487967
3.07008,0.043162,-1,0.0335745,0.487967
3.07033,0.387586,-1,0.462855,0.487967
3.07058,0.654476,-1,0.794836,0.487967
3.07083,0.662418,-0.968504,0.8374,0.487967
3.07108,0.392191,-0.0866142,0.558737,0.487967
3.07133,0.00646057,0.818898,0.126657,0.487967
3.07158,-0.280033,1,-0.223626,0.487967
3.07183,-0.368408,1,-0.394997,0.487967
3.07208,-0.327912,1,-0.434891,0.487967
3.07233,-0.300664,1,-0.46066,0.487967
3.07258,-0.345396,0.559055,-0.513726,0.487967
3.07283,-0.376727,-0.181102,-0.529142,0.487967
3.07308,-0.253344,-0.944882,-0.349587,0.487967
3.07333,0.0666041,-1,0.0499373,0.487967
3.07358,0.451255,-1,0.50808,0.487967
3.07383,0.681828,-1,0.80739,0.487967
3.07408,0.622319,-1,0.79545,0.487967
3.07433,0.328789,-0.19685,0.502236,0.487967
3.07458,-0.00225899,0.700787,0.137061,0.487967
3.07484,-0.199618,1,-0.125965,0.487967
3.07509,-0.244735,1,-0.255121,0.487967
3.07534,-0.252228,1,-0.342975,0.487967
3.07559,-0.329662,1,-0.477226,0.487967
3.07584,-0.452302,0.755906,-0.622129,0.487967
3.07609,-0.475295,-0.00787402,-0.62682,0.487967
3.07634,-0.274734,-0.850394,-0.380477,0.487967
3.07659,0.115145,-1,0.0849817,0.487967
3.07684,0.499134,-1,0.556082,0.487967
3.07709,0.665676,-1,0.792725,0.487967
3.07734,0.549111,-1,0.715322,0.487967
3.07759,0.271158,-0.314961,0.44758,0.487967
3.07784,0.0256058,0.559055,0.175422,0.487967
3.07809,-0.0874148,1,-0.000304252,0.487967
3.07834,-0.124635,1,-0.123676,0.487967
3.07859,-0.212489,1,-0.287081,0.487967
3.07884,-0.392664,1,-0.531844,0.487967
3.07909,-0.557522,0.944882,-0.718273,0.487967
3.07934,-0.535589,0.133858,-0.690319,0.487967
3.07959,-0.254302,-0.771654,-0.371407,0.487967
3.07984,0.171478,-1,0.124071,0.487967
3.08009,0.514022,-1,0.551979,0.487967
3.08034,0.60548,-1,0.717935,0.487967
3.08059,0.459671,-1,0.622625,0.487967
3.08084,0.238386,-0.440945,0.414579,0.487967
3.08109,0.0939222,0.401575,0.24489,0.487967
3.08134,0.0416054,1,0.142285,0.487967
3.08159,-0.028535,1,-0.0052315,0.487967
3.08184,-0.215126,1,-0.279354,0.487967
3.08209,-0.476726,1,-0.605751,0.487967
3.08234,-0.641097,1,-0.80679,0.487967
3.08259,-0.549223,0.259843,-0.709394,0.487967
3.08284,-0.203164,-0.708661,-0.326267,0.487967
3.08309,0.216109,-1,0.155823,0.487967
3.08334,0.486092,-1,0.510108,0.487967
3.08359,0.510651,-1,0.615746,0.487967
3.08384,0.375213,-1,0.535346,0.487967
3.08409,0.243217,-0.582677,0.422513,0.487967
3.08434,0.196427,0.228346,0.35605,0.487967
3.08459,0.167615,0.984252,0.276352,0.487967
3.08484,0.0287817,1,0.0623706,0.487967
3.08509,-0.256824,1,-0.310978,0.487967
3.08534,-0.56294,1,-0.684574,0.487967
3.08559,-0.686347,1,-0.851152,0.487967
3.08584,-0.516952,0.362205,-0.678006,0.487967
3.08609,-0.139386,-0.637795,-0.271022,0.487967
3.08634,0.230298,-1,0.162869,0.487967
3.08659,0.413423,-1,0.431441,0.487967
3.08684,0.398322,-1,0.49331,0.487967
3.08709,0.315744,-1,0.467326,0.487967
3.08734,0.29117,-0.748031,0.460352,0.487967
3.08759,0.317511,0.0472441,0.474436,0.487967
3.08784,0.268809,0.858268,0.374647,0.487967
3.08809,0.0391229,1,0.0779269,0.487967
3.08834,-0.32473,1,-0.373867,0.487967
3.08859,-0.630003,1,-0.747113,0.487967
3.08884,-0.683254,1,-0.848555,0.487967
3.08909,-0.450721,0.448819,-0.621207,0.487967
3.08934,-0.0851135,-0.559055,-0.230347,0.487967
3.08959,0.201398,-1,0.119693,0.487967
3.08984,0.305141,-1,0.296461,0.487967
3.09009,0.291263,-1,0.369215,0.487967
3.09034,0.296874,-1,0.436904,0.487967
3.09059,0.375885,-0.92126,0.541534,0.487967
3.09084,0.435832,-0.11811,0.594861,0.487967
3.09109,0.327852,0.755906,0.441905,0.487967
3.09134,0.00598765,1,0.050242,0.487967
3.09159,-0.398229,1,-0.433139,0.487967
3.09184,-0.658749,1,-0.767514,0.487967
3.09209,-0.632549,1,-0.799664,0.487967
3.09234,-0.369375,0.535433,-0.543038,0.487967
3.09259,-0.0608389,-0.456693,-0.216306,0.487967
3.09284,0.1269,-1,0.0246036,0.487967
3.09309,0.179172,-1,0.156202,0.487967
3.09334,0.211427,-1,0.277017,0.487967
3.09359,0.324578,-1,0.453698,0.487967
3.09384,0.482083,-1,0.641199,0.487967
3.09409,0.52876,-0.283465,0.688456,0.487967
3.09434,0.33616,0.669291,0.460704,0.487967
3.09459,-0.0582057,1,-0.00451844,0.487967
3.09484,-0.454466,1,-0.484815,0.487967
3.09509,-0.638555,1,-0.747202,0.487967
3.09534,-0.545914,1,-0.708635,0.487967
3.09559,-0.298056,0.622047,-0.476224,0.487967
3.09584,-0.0814936,-0.338583,-0.24592,0.487967
3.09609,0.015625,-1,-0.0948019,0.487967
3.09634,0.0601511,-1,0.0280353,0.487967
3.09659,0.176335,-1,0.224033,0.487967
3.09684,0.393007,-1,0.515449,0.487967
3.09709,0.58637,-1,0.742111,0.487967
3.09734,0.577169,-0.409449,0.73771,0.487967
3.09759,0.297327,0.614173,0.425337,0.487967
3.09784,-0.129666,1,-0.0670396,0.487967
3.09809,-0.472367,1,-0.492678,0.487967
3.09834,-0.569375,1,-0.664309,0.487967
3.09859,-0.444632,1,-0.595265,0.487967
3.09884,-0.258527,0.716535,-0.438527,0.487967
3.09909,-0.149352,-0.19685,-0.314224,0.487967
3.09934,-0.112614,-1,-0.222478,0.487967
3.0996,-0.0283262,-1,-0.0683266,0.487967
3.09985,0.191583,-1,0.233214,0.487967
3.1001,0.485214,-1,0.60234,0.487967
3.10035,0.664239,-1,0.818419,0.487967
3.1006,0.572146,-0.496063,0.731589,0.487967
3.10085,0.225678,0.574803,0.353386,0.487967
3.1011,-0.183951,1,-0.11168,0.487967
3.10135,-0.440005,1,-0.446247,0.487967
3.1016,-0.464546,1,-0.558712,0.487967
3.10185,-0.355233,1,-0.499958,0.487967
3.1021,-0.266683,0.84252,-0.440494,0.487967
3.10235,-0.255355,-0.0314961,-0.415147,0.487967
3.1026,-0.232001,-0.897638,-0.348998,0.487967
3.10285,-0.0682565,-1,-0.11394,0.487967
3.1031,0.251258,-1,0.287461,0.487967
3.10335,0.575662,-1,0.687192,0.487967
3.1036,0.695662,-1,0.860833,0.487967
3.10385,0.517772,-0.566929,0.694202,0.487967
3.1041,0.146319,0.527559,0.29491,0.487967
3.10435,-0.198301,1,-0.114762,0.487967
3.1046,-0.358497,1,-0.353607,0.487967
3.10485,-0.34754,1,-0.419195,0.487967
3.1051,-0.301796,1,-0.444075,0.487967
3.10535,-0.324831,0.984252,-0.497185,0.487967
3.1056,-0.377178,0.11811,-0.537574,0.487967
3.10585,-0.31693,-0.795276,-0.440184,0.487967
3.1061,-0.0533659,-1,-0.104664,0.487967
3.10635,0.335701,-1,0.367025,0.487967
3.1066,0.638251,-1,0.75076,0.487967
3.10685,0.671773,-1,0.833233,0.487967
3.1071,0.431232,-0.622047,0.610893,0.487967
3.10735,0.0869441,0.472441,0.238513,0.487967
3.1076,-0.16083,1,-0.0572839,0.487967
3.10785,-0.242285,1,-0.223745,0.487967
3.1081,-0.245987,1,-0.307479,0.487967
3.10835,-0.300117,1,-0.424128,0.487967
3.1086,-0.422235,1,-0.584183,0.487967
3.10885,-0.487873,0.275591,-0.648193,0.487967
3.1091,-0.34916,-0.716535,-0.475241,0.487967
3.10935,0.00784279,-1,-0.0482003,0.487967
3.1096,0.417757,-1,0.441992,0.487967
3.10985,0.652241,-1,0.759447,0.487967
3.1101,0.598013,-1,0.759386,0.487967
3.11035,0.339095,-0.677165,0.510756,0.487967
3.1106,0.0704495,0.393701,0.223906,0.487967
3.11085,-0.0729618,1,0.0327921,0.487967
3.1111,-0.116661,1,-0.0889328,0.487967
3.11135,-0.185625,1,-0.236783,0.487967
3.1116,-0.351756,1,-0.478332,0.487967
3.11185,-0.534634,1,-0.689278,0.487967
3.1121,-0.560121,0.393701,-0.722997,0.487967
3.11235,-0.323752,-0.677165,-0.442758,0.487967
3.1126,0.0933728,-1,0.0292908,0.487967
3.11285,0.469109,-1,0.49272,0.487967
3.1131,0.609617,-1,0.71097,0.487967
3.11335,0.494497,-1,0.645133,0.487967
3.1136,0.271198,-0.740157,0.4462,0.487967
3.11385,0.108477,0.283465,0.265532,0.487967
3.1141,0.0474607,1,0.155545,0.487967
3.11435,-0.0123298,1,0.0186827,0.487967
3.1146,-0.181894,1,-0.234253,0.487967
3.11485,-0.44291,1,-0.560901,0.487967
3.1151,-0.632297,1,-0.790947,0.487967
3.11535,-0.576095,0.480315,-0.735581,0.487967
3.1156,-0.252105,-0.653543,-0.38395,0.487967
3.11585,0.173517,-1,0.109607,0.487967
3.1161,0.469048,-1,0.477537,0.487967
3.11635,0.518014,-1,0.612562,0.487967
3.1166,0.39032,-1,0.539009,0.487967
3.11685,0.251795,-0.818898,0.427919,0.487967
3.1171,0.197796,0.149606,0.354441,0.487967
3.11735,0.172406,1,0.282662,0.487967
3.1176,0.0446428,1,0.0869322,0.487967
3.11785,-0.234588,1,-0.274308,0.487967
3.1181,-0.547069,1,-0.659724,0.487967
3.11835,-0.687022,1,-0.8453,0.487967
3.1186,-0.532701,0.527559,-0.695326,0.487967
3.11885,-0.158576,-0.653543,-0.293049,0.487967
3.1191,0.217674,-1,0.143281,0.487967
3.11935,0.410748,-1,0.417196,0.487967
3.1196,0.400685,-1,0.489408,0.487967
3.11985,0.317422,-1,0.460459,0.487967
3.1201,0.290682,-0.937008,0.463513,0.487967
3.12035,0.317061,0.00787402,0.475397,0.487967
3.1206,0.269803,0.976378,0.385074,0.487967
3.12085,0.0402911,1,0.078089,0.487967
3.1211,-0.32524,1,-0.3639,0.487967
3.12135,-0.631274,1,-0.751527,0.487967
3.1216,-0.68209,1,-0.84412,0.487967
3.12185,-0.444721,0.551181,-0.615883,0.487967
3.1221,-0.076644,-0.637795,-0.224066,0.487967
3.12235,0.207049,-1,0.12257,0.487967
3.1226,0.305566,-1,0.298966,0.487967
3.12285,0.290305,-1,0.364391,0.487967
3.1231,0.298978,-1,0.439798,0.487967
3.12335,0.380829,-1,0.545095,0.487967
3.1236,0.435284,-0.110236,0.597972,0.487967
3.12385,0.313949,0.92126,0.432768,0.487967
3.1241,-0.0211263,1,0.0273523,0.487967
3.12436,-0.424395,1,-0.459148,0.484821
3.12461,-0.667605,1,-0.783942,0.484821
3.12486,-0.617831,1,-0.776527,0.484821
3.12511,-0.34127,0.566929,-0.511685,0.484821
3.12536,-0.0369428,-0.606299,-0.185024,0.484821
3.12561,0.136566,-1,0.0415809,0.484821
3.12586,0.181044,-1,0.16287,0.484821
3.12611,0.219144,-1,0.287353,0.484821
3.12636,0.342573,-1,0.475558,0.484821
3.12661,0.496932,-1,0.65616,0.484821
3.12686,0.518954,-0.212598,0.672377,0.484821
3.12711,0.293334,0.913386,0.405474,0.484821
3.12736,-0.117101,1,-0.0663315,0.484821
3.12761,-0.496944,1,-0.534223,0.484821
3.12786,-0.641001,1,-0.749532,0.484821
3.12811,-0.513304,1,-0.673094,0.484821
3.12836,-0.257643,0.582677,-0.435697,0.484821
3.12861,-0.0574359,-0.543307,-0.209657,0.484821
3.12886,0.0235027,-1,-0.0753353,0.484821
3.12911,0.0724016,-1,0.0528139,0.484821
3.12936,0.209281,-1,0.278662,0.484821
3.12961,0.435811,-1,0.562514,0.484821
3.12986,0.604925,-1,0.764042,0.484821
3.13011,0.542607,-0.267717,0.703604,0.484821
3.13036,0.216719,0.929134,0.337322,0.484821
3.13061,-0.214537,1,-0.158875,0.484821
3.13086,-0.515559,1,-0.549454,0.484821
3.13111,-0.556938,1,-0.665015,0.484821
3.13136,-0.402255,1,-0.566522,0.484821
3.13161,-0.224441,0.629921,-0.399859,0.484821
3.13186,-0.13776,-0.448819,-0.28822,0.484821
3.13211,-0.101997,-1,-0.20058,0.484821
3.13236,0.0120796,-1,-0.00400794,0.484821
3.13261,0.263792,-1,0.3289,0.484821
3.13286,0.549471,-1,0.682942,0.484821
3.13311,0.669422,-1,0.835209,0.484821
3.13336,0.499822,-0.283465,0.659648,0.484821
3.13361,0.111282,0.976378,0.23681,0.484821
3.13386,-0.276515,1,-0.218085,0.484821
3.13411,-0.468809,1,-0.492501,0.484821
3.13436,-0.439779,1,-0.539161,0.484821
3.13461,-0.321847,1,-0.477425,0.484821
3.13486,-0.256737,0.708661,-0.425194,0.484821
3.13511,-0.25585,-0.338583,-0.408185,0.484821
3.13536,-0.200618,-1,-0.292924,0.484821
3.13561,0.0194312,-1,-0.000324443,0.484821
3.13586,0.364576,-1,0.426328,0.484821
3.13611,0.645094,-1,0.780653,0.484821
3.13636,0.668884,-1,0.832707,0.484821
3.13661,0.404986,-0.267717,0.572793,0.484821
3.13686,0.0155736,1,0.150036,0.484821
3.13711,-0.277657,1,-0.214837,0.484821
3.13736,-0.368388,1,-0.391895,0.484821
3.13761,-0.32733,1,-0.420774,0.484821
3.13786,-0.300904,1,-0.44926,0.484821
3.13811,-0.347443,0.811024,-0.508692,0.484821
3.13836,-0.375747,-0.244094,-0.524562,0.484821
3.13861,-0.241403,-1,-0.332626,0.484821
3.13886,0.0905518,-1,0.0713566,0.484821
3.13911,0.476068,-1,0.541048,0.484821
3.13936,0.688539,-1,0.821025,0.484821
3.13961,0.601794,-1,0.773996,0.484821
3.13986,0.291634,-0.228346,0.462741,0.484821
3.14011,-0.0342561,1,0.0996801,0.484821
3.14036,-0.212223,1,-0.14141,0.484821
3.14061,-0.244688,1,-0.259983,0.484821
3.14086,-0.258147,1,-0.353914,0.484821
3.14111,-0.349137,1,-0.491784,0.484821
3.14136,-0.467848,0.929134,-0.628828,0.484821
3.14161,-0.456983,-0.181102,-0.597605,0.484821
3.14186,-0.210458,-1,-0.305923,0.484821
3.14211,0.201111,-1,0.185835,0.484821
3.14236,0.557846,-1,0.619698,0.484821
3.14261,0.662389,-1,0.79727,0.484821
3.14286,0.491263,-1,0.667386,0.484821
3.14311,0.201637,-0.204724,0.381014,0.484821
3.14336,-0.0163254,0.992126,0.126068,0.484821
3.14361,-0.0996101,1,-0.0264311,0.484821
3.14386,-0.139968,1,-0.147218,0.484821
3.14411,-0.257096,1,-0.344914,0.484821
3.14436,-0.451657,1,-0.594389,0.484821
3.14461,-0.577273,1,-0.736957,0.484821
3.14486,-0.471763,-0.15748,-0.615945,0.484821
3.14511,-0.118852,-1,-0.21054,0.484821
3.14536,0.309576,-1,0.293673,0.484821
3.14561,0.578585,-1,0.639932,0.484821
3.14586,0.573273,-1,0.706964,0.484821
3.14611,0.375553,-1,0.553892,0.484821
3.14636,0.168969,-0.212598,0.348851,0.484821
3.14661,0.0666514,0.937008,0.214195,0.484821
3.14686,0.023077,1,0.104426,0.484821
3.14711,-0.0907565,1,-0.100474,0.484821
3.14736,-0.326334,1,-0.407208,0.484821
3.14761,-0.572763,1,-0.714612,0.484821
3.14786,-0.636067,1,-0.794191,0.484821
3.14811,-0.413215,-0.19685,-0.557038,0.484821
3.14836,0.000146861,-1,-0.095712,0.484821
3.14861,0.375464,-1,0.352512,0.484821
3.14886,0.527141,-1,0.585128,0.484821
3.14912,0.452009,-1,0.587274,0.484821
3.14937,0.298203,-1,0.47269,0.484821
3.14962,0.209229,-0.259843,0.382028,0.484821
3.14987,0.187189,0.866142,0.323122,0.484821
3.15012,0.111264,1,0.186446,0.484821
3.15037,-0.116905,1,-0.126271,0.484821
3.15062,-0.441651,1,-0.53217,0.484821
3.15087,-0.667798,1,-0.814181,0.484821
3.15112,-0.621025,1,-0.784128,0.484821
3.15137,-0.302532,-0.267717,-0.449872,0.484821
3.15162,0.102043,-1,0.00370568,0.484821
3.15187,0.371109,-1,0.346565,0.484821
3.15212,0.420456,-1,0.475718,0.484821
3.15237,0.343187,-1,0.469167,0.484821
3.15262,0.290043,-1,0.454981,0.484821
3.15287,0.309443,-0.330709,0.475703,0.484821
3.15312,0.301592,0.811024,0.439899,0.484821
3.15337,0.13166,1,0.200735,0.484821
3.15362,-0.210302,1,-0.224161,0.484821
3.15387,-0.560127,1,-0.651238,0.484821
3.15412,-0.699661,1,-0.849437,0.484821
3.15437,-0.5358,1,-0.698926,0.484821
3.15462,-0.180468,-0.354331,-0.330201,0.484821
3.15487,0.146075,-1,0.0422564,0.484821
3.15512,0.295714,-1,0.26144,0.484821
3.15537,0.297115,-1,0.346504,0.484821
3.15562,0.288941,-1,0.411451,0.484821
3.15587,0.356279,-1,0.525033,0.484821
3.15612,0.433101,-0.401575,0.594533,0.484821
3.15637,0.364799,0.795276,0.496478,0.484821
3.15662,0.0732992,1,0.145537,0.484821
3.15687,-0.336257,1,-0.349729,0.484821
3.15712,-0.63603,1,-0.728355,0.484821
3.15737,-0.653855,1,-0.802487,0.484821
3.15762,-0.411354,0.952756,-0.580231,0.484821
3.15787,-0.0940202,-0.417323,-0.244209,0.484821
3.15812,0.11398,-1,0.00673066,0.484821
3.15837,0.177217,-1,0.149105,0.484821
3.15862,0.206125,-1,0.260663,0.484821
3.15887,0.312759,-1,0.432541,0.484821
3.15912,0.472873,-1,0.632969,0.484821
3.15937,0.531801,-0.448819,0.695176,0.484821
3.15962,0.350506,0.834646,0.474792,0.484821
3.15987,-0.0431072,1,0.0208891,0.484821
3.16012,-0.446893,1,-0.458363,0.484821
3.16037,-0.637954,1,-0.734666,0.484821
3.16062,-0.546536,1,-0.691534,0.484821
3.16087,-0.295803,0.874016,-0.463511,0.484821
3.16112,-0.0784676,-0.448819,-0.229106,0.484821
3.16137,0.016941,-1,-0.0846415,0.484821
3.16162,0.0624656,-1,0.0363668,0.484821
3.16187,0.185214,-1,0.242984,0.484821
3.16212,0.407457,-1,0.528782,0.484821
3.16237,0.594387,-1,0.751974,0.484821
3.16262,0.563742,-0.440945,0.720864,0.484821
3.16287,0.260055,0.929134,0.38095,0.484821
3.16312,-0.173437,1,-0.106231,0.484821
3.16337,-0.497345,1,-0.515614,0.484821
3.16362,-0.563342,1,-0.662546,0.484821
3.16387,-0.418734,1,-0.574476,0.484821
3.16412,-0.235979,0.826772,-0.406695,0.484821
3.16437,-0.141062,-0.440945,-0.290635,0.484821
3.16462,-0.105573,-1,-0.202013,0.484821
3.16487,0.000627801,-1,-0.0217163,0.484821
3.16512,0.246693,-1,0.305047,0.484821
3.16537,0.536964,-1,0.667783,0.484821
3.16562,0.670012,-1,0.828663,0.484821
3.16587,0.512581,-0.385827,0.674519,0.484821
3.16612,0.127241,1,0.254036,0.484821
3.16637,-0.266409,1,-0.203343,0.484821
3.16662,-0.466891,1,-0.487205,0.484821
3.16687,-0.44189,1,-0.540332,0.484821
3.16712,-0.323468,1,-0.47697,0.484821
3.16737,-0.257022,0.818898,-0.425647,0.484821
3.16762,-0.255913,-0.401575,-0.400163,0.484821
3.16787,-0.200463,-1,-0.293345,0.484821
3.16812,0.0208447,-1,0.00370048,0.484821
3.16837,0.368163,-1,0.431659,0.484821
3.16862,0.647813,-1,0.781252,0.484821
3.16887,0.665939,-1,0.829965,0.484821
3.16912,0.395059,-0.267717,0.561809,0.484821
3.16937,0.00347162,1,0.131089,0.484821
3.16962,-0.284637,1,-0.217906,0.484821
3.16987,-0.368143,1,-0.39044,0.484821
3.17012,-0.324903,1,-0.420341,0.484821
3.17037,-0.301699,1,-0.454709,0.484821
3.17062,-0.351003,0.84252,-0.516833,0.484821
3.17087,-0.372874,-0.385827,-0.515956,0.484821
3.17112,-0.223841,-1,-0.31319,0.484821
3.17137,0.120517,-1,0.102712,0.484821
3.17162,0.502151,-1,0.569535,0.484821
3.17187,0.693144,-1,0.831959,0.484821
3.17212,0.580536,-1,0.752027,0.484821
3.17237,0.257991,-0.11811,0.420842,0.484821
3.17262,-0.06028,1,0.07135,0.484821
3.17287,-0.221024,1,-0.157229,0.484821
3.17312,-0.244363,1,-0.265285,0.484821
3.17337,-0.264213,1,-0.355941,0.484821
3.17362,-0.364765,1,-0.509743,0.484821
3.17388,-0.477067,0.874016,-0.638807,0.484821
3.17413,-0.438464,-0.409449,-0.574265,0.484821
3.17438,-0.159638,-1,-0.246639,0.484821
3.17463,0.261093,-1,0.246379,0.484821
3.17488,0.59249,-1,0.668832,0.484821
3.17513,0.651481,-1,0.78789,0.484821
3.17538,0.44747,-1,0.623024,0.484821
3.17563,0.156859,0,0.328058,0.484821
3.17588,-0.0391211,1,0.0896224,0.484821
3.17613,-0.105635,1,-0.0451585,0.484821
3.17638,-0.153099,1,-0.169894,0.484821
3.17663,-0.290102,1,-0.38544,0.484821
3.17688,-0.486722,1,-0.635874,0.484821
3.17713,-0.578349,0.889764,-0.740583,0.484821
3.17738,-0.417468,-0.496063,-0.558745,0.484821
3.17763,-0.0284465,-1,-0.115373,0.484821
3.17788,0.386838,-1,0.374414,0.484821
3.17813,0.600742,-1,0.67899,0.484821
3.17838,0.539944,-1,0.678106,0.484821
3.17863,0.322957,-1,0.497866,0.484821
3.17888,0.134931,0.0866142,0.297763,0.484821
3.17913,0.0555714,1,0.184382,0.484821
3.17938,0.0060311,1,0.0690398,0.484821
3.17963,-0.139598,1,-0.162415,0.484821
3.17988,-0.395313,1,-0.491315,0.484821
3.18013,-0.613737,1,-0.758152,0.484821
3.18038,-0.604822,0.834646,-0.768054,0.484821
3.18063,-0.312046,-0.653543,-0.448267,0.484821
3.18088,0.11777,-1,0.0383727,0.484821
3.18113,0.444335,-1,0.439633,0.484821
3.18138,0.524103,-1,0.600543,0.484821
3.18163,0.407342,-1,0.544051,0.484821
3.18188,0.26169,-1,0.432574,0.484821
3.18213,0.199399,0.125984,0.364483,0.484821
3.18238,0.17644,1,0.298659,0.484821
3.18263,0.0575231,1,0.101863,0.484821
3.18288,-0.217182,1,-0.251206,0.484821
3.18313,-0.53605,1,-0.642762,0.484821
3.18338,-0.686911,1,-0.84482,0.484821
3.18363,-0.538817,0.716535,-0.697553,0.484821
3.18388,-0.162994,-0.84252,-0.297819,0.484821
3.18413,0.218081,-1,0.135112,0.484821
3.18438,0.411653,-1,0.409976,0.484821
3.18463,0.399106,-1,0.475467,0.484821
3.18488,0.315215,-1,0.452372,0.484821
3.18513,0.291424,-1,0.459833,0.484821
3.18538,0.318024,0.133858,0.468528,0.484821
3.18563,0.261187,1,0.374592,0.484821
3.18588,0.0161478,1,0.0574041,0.484821
3.18613,-0.357019,1,-0.400504,0.484821
3.18638,-0.649403,1,-0.768937,0.484821
3.18663,-0.6691,1,-0.83055,0.484821
3.18688,-0.403858,0.543307,-0.571853,0.484821
3.18713,-0.0318526,-1,-0.168968,0.484821
3.18738,0.23161,-1,0.156752,0.484821
3.18763,0.307364,-1,0.311851,0.484821
3.18788,0.287016,-1,0.367234,0.484821
3.18813,0.308789,-1,0.444755,0.484821
3.18838,0.397288,-1,0.556156,0.484821
3.18863,0.429331,0.165354,0.576684,0.484821
3.18888,0.261401,1,0.362615,0.484821
3.18913,-0.108596,1,-0.0859623,0.484821
3.18938,-0.499911,1,-0.556871,0.484821
3.18963,-0.683081,1,-0.808052,0.484821
3.18988,-0.56468,1,-0.728902,0.484821
3.19013,-0.258004,0.338583,-0.43351,0.484821
3.19038,0.0250471,-1,-0.113376,0.484821
3.19063,0.157814,-1,0.0834221,0.484821
3.19088,0.186609,-1,0.189119,0.484821
3.19113,0.246275,-1,0.334851,0.484821
3.19138,0.393436,-1,0.53748,0.484821
3.19163,0.526444,-1,0.685746,0.484821
3.19188,0.473109,0.251969,0.614325,0.484821
3.19213,0.165586,1,0.262376,0.484821
3.19238,-0.266591,1,-0.241302,0.484821
3.19263,-0.582721,1,-0.647557,0.484821
3.19288,-0.620546,1,-0.749273,0.484821
3.19313,-0.419655,1,-0.59038,0.484821
3.19338,-0.165134,0.15748,-0.338273,0.484821
3.19363,-0.0129662,-1,-0.147339,0.484821
3.19388,0.0393218,-1,-0.0372604,0.484821
3.19413,0.115818,-1,0.129455,0.484821
3.19438,0.302978,-1,0.392758,0.484821
3.19463,0.530221,-1,0.672842,0.484821
3.19488,0.611607,-1,0.77164,0.484821
3.19513,0.41711,0.417323,0.558188,0.484821
3.19538,0.00871904,1,0.0924372,0.484821
3.19563,-0.390057,1,-0.371926,0.484821
3.19588,-0.56883,1,-0.641946,0.484821
3.19613,-0.492392,1,-0.632238,0.484821
3.19638,-0.302373,1,-0.478114,0.484821
3.19663,-0.166135,0.023622,-0.33362,0.484821
3.19688,-0.120023,-1,-0.248119,0.484821
3.19713,-0.055907,-1,-0.121422,0.484821
3.19738,0.139521,-1,0.158694,0.484821
3.19763,0.435771,-1,0.530736,0.484821
3.19788,0.651329,-1,0.800557,0.484821
3.19813,0.603681,-0.952756,0.758351,0.484821
3.19839,0.278246,0.645669,0.416908,0.484821
3.19864,-0.142669,1,-0.0600702,0.484821
3.19889,-0.425933,1,-0.41816,0.484821
3.19914,-0.469595,1,-0.545401,0.484821
3.19939,-0.363057,1,-0.501249,0.484821
3.19964,-0.268868,1,-0.443291,0.484821
3.19989,-0.254711,-0.0551181,-0.412814,0.484821
3.20014,-0.233123,-1,-0.353099,0.484821
3.20039,-0.068209,-1,-0.120084,0.484821
3.20064,0.257162,-1,0.292008,0.484821
3.20089,0.583636,-1,0.687873,0.484821
3.20114,0.693824,-1,0.845026,0.484821
3.20139,0.497513,-0.748031,0.657241,0.484821
3.20164,0.115151,0.905512,0.250128,0.484821
3.20189,-0.222805,1,-0.136503,0.484821
3.20214,-0.363539,1,-0.357328,0.484821
3.20239,-0.340463,1,-0.4189,0.484821
3.20264,-0.300078,1,-0.437994,0.484821
3.20289,-0.334508,1,-0.496519,0.484821
3.20314,-0.378813,-0.133858,-0.52838,0.484821
3.20339,-0.282243,-1,-0.391262,0.484821
3.20364,0.0234584,-1,-0.00934279,0.484821
3.20389,0.419266,-1,0.468739,0.484821
3.20414,0.674561,-1,0.790072,0.484821
3.20439,0.631781,-1,0.794498,0.484821
3.20464,0.338173,-0.488189,0.504741,0.484821
3.20489,-0.00061823,1,0.130945,0.484821
3.20514,-0.201294,1,-0.124936,0.484821
3.20539,-0.244934,1,-0.249243,0.484821
3.20564,-0.254312,1,-0.340408,0.484821
3.20589,-0.339257,1,-0.482106,0.484821
3.20614,-0.46204,1,-0.62482,0.484821
3.20639,-0.463726,-0.23622,-0.610694,0.484821
3.20664,-0.22671,-1,-0.323663,0.484821
3.20689,0.185425,-1,0.159557,0.484821
3.20714,0.55149,-1,0.611591,0.484821
3.20739,0.663067,-1,0.792138,0.484821
3.20764,0.492297,-1,0.661071,0.484821
3.20789,0.199884,-0.228346,0.371307,0.484821
3.20814,-0.0185299,1,0.11483,0.484821
3.20839,-0.10088,1,-0.0298136,0.484821
3.20864,-0.1421,1,-0.146604,0.484821
3.20889,-0.265354,1,-0.353482,0.484821
3.20914,-0.46259,1,-0.602097,0.484821
3.20939,-0.578798,1,-0.737521,0.484821
3.20964,-0.451449,-0.417323,-0.590214,0.484821
3.20989,-0.0795203,-1,-0.173929,0.484821
3.21014,0.347548,-1,0.328004,0.484821
3.21039,0.59178,-1,0.656348,0.484821
3.21064,0.556037,-1,0.693867,0.484821
3.21089,0.344821,-1,0.514575,0.484821
3.21114,0.147255,0,0.318807,0.484821
3.21139,0.0590585,1,0.189225,0.484821
3.21164,0.0121324,1,0.0788462,0.484821
3.21189,-0.124307,1,-0.140206,0.484821
3.21214,-0.376598,1,-0.474306,0.484821
3.21239,-0.605101,1,-0.747126,0.484821
3.21264,-0.61354,0.96063,-0.769595,0.484821
3.21289,-0.333264,-0.677165,-0.464574,0.484821
3.21314,0.0976078,-1,0.0123645,0.484821
3.21339,0.435248,-1,0.434568,0.484821
3.21364,0.525535,-1,0.603988,0.484821
3.21389,0.412322,-1,0.551705,0.484821
3.21414,0.264689,-1,0.432449,0.484821
3.21439,0.199924,0.15748,0.361465,0.484821
3.21464,0.176982,1,0.294539,0.484821
3.21489,0.0596735,1,0.110137,0.484821
3.21514,-0.215041,1,-0.244149,0.484821
3.21539,-0.535701,1,-0.641805,0.484821
3.21564,-0.686934,1,-0.842264,0.484821
3.21589,-0.535989,0.724409,-0.694229,0.484821
3.21614,-0.156465,-1,-0.289983,0.484821
3.21639,0.224389,-1,0.147137,0.484821
3.21664,0.413579,-1,0.412228,0.484821
3.21689,0.396643,-1,0.482031,0.484821
3.21714,0.312958,-1,0.448502,0.484821
3.21739,0.292158,-1,0.456559,0.484821
3.21764,0.318383,0.291339,0.468465,0.484821
3.21789,0.253731,1,0.356018,0.484821
3.21814,-0.0030833,1,0.0210485,0.484821
3.21839,-0.380191,1,-0.43473,0.484821
3.21864,-0.660649,1,-0.786349,0.484821
3.21889,-0.658196,1,-0.818947,0.484821
3.21914,-0.375884,0.417323,-0.543286,0.484821
3.21939,-0.00394652,-1,-0.13857,0.484821
3.21964,0.245477,-1,0.180407,0.484821
3.21989,0.307101,-1,0.322504,0.484821
3.22014,0.285619,-1,0.374258,0.484821
3.22039,0.315974,-1,0.46011,0.484821
3.22064,0.406505,-1,0.569185,0.484821
3.22089,0.4221,0.440945,0.569718,0.484821
3.22114,0.225664,1,0.317191,0.484821
3.22139,-0.161119,1,-0.140196,0.484821
3.22164,-0.53942,1,-0.597644,0.484821
3.22189,-0.684196,1,-0.819002,0.484821
3.22214,-0.528188,1,-0.696678,0.484821
3.22239,-0.210374,0.0787402,-0.377509,0.484821
3.22264,0.0555454,-1,-0.0719672,0.484821
3.22289,0.165899,-1,0.0978574,0.484821
3.22315,0.191053,-1,0.209063,0.484821
3.2234,0.265492,-1,0.358622,0.484821
3.22365,0.421896,-1,0.563047,0.484821
3.2239,0.534976,-0.92126,0.685793,0.484821
3.22415,0.434885,0.645669,0.570774,0.484821
3.2244,0.0873586,1,0.175728,0.480445
3.22465,-0.343633,1,-0.334361,0.480445
3.2249,-0.61404,1,-0.685629,0.480445
3.22515,-0.594368,1,-0.732334,0.480445
3.2254,-0.364495,1,-0.529186,0.480445
3.22565,-0.121468,-0.220472,-0.281656,0.480445
3.2259,0.0038687,-1,-0.114429,0.480445
3.22615,0.0496476,-1,0.0019026,0.480445
3.2264,0.14863,-1,0.184196,0.480445
3.22665,0.358459,-1,0.461147,0.480445
3.2269,0.570029,-1,0.719671,0.480445
3.22715,0.590913,-0.732283,0.746676,0.480445
3.2274,0.328641,0.944882,0.45683,0.480445
3.22765,-0.103638,1,-0.0316438,0.480445
3.2279,-0.462782,1,-0.468145,0.480445
3.22815,-0.569968,1,-0.652063,0.480445
3.2284,-0.443994,1,-0.589627,0.480445
3.22865,-0.254716,1,-0.420412,0.480445
3.2289,-0.146877,-0.480315,-0.299802,0.480445
3.22915,-0.109708,-1,-0.207025,0.480445
3.2294,-0.0149193,-1,-0.0395174,0.480445
3.22965,0.222809,-1,0.276886,0.480445
3.2299,0.519306,-1,0.647374,0.480445
3.23015,0.669735,-1,0.826308,0.480445
3.2304,0.526635,-0.448819,0.686477,0.480445
3.23065,0.143458,1,0.271102,0.480445
3.2309,-0.257743,1,-0.196697,0.480445
3.23115,-0.465737,1,-0.485081,0.480445
3.2314,-0.442757,1,-0.541797,0.480445
3.23165,-0.323073,1,-0.473384,0.480445
3.2319,-0.256636,0.897638,-0.425349,0.480445
3.23215,-0.255994,-0.677165,-0.401313,0.480445
3.2324,-0.195962,-1,-0.296876,0.480445
3.23265,0.0351123,-1,0.0144488,0.480445
3.2329,0.387885,-1,0.452587,0.480445
3.23315,0.658564,-1,0.789635,0.480445
3.2334,0.654247,-1,0.81543,0.480445
3.23365,0.362296,-0.0787402,0.521607,0.480445
3.2339,-0.0322153,1,0.0829085,0.480445
3.23415,-0.303548,1,-0.254018,0.480445
3.2344,-0.366689,1,-0.396505,0.480445
3.23465,-0.318094,1,-0.417492,0.480445
3.2349,-0.305032,1,-0.45722,0.480445
3.23515,-0.359829,0.692913,-0.517626,0.480445
3.2354,-0.363404,-0.866142,-0.498841,0.480445
3.23565,-0.176578,-1,-0.254283,0.480445
3.2359,0.193653,-1,0.193735,0.480445
3.23615,0.559564,-1,0.636179,0.480445
3.2364,0.694815,-1,0.830829,0.480445
3.23665,0.52277,-1,0.677038,0.480445
3.2369,0.17897,0.322835,0.324973,0.480445
3.23715,-0.11409,1,-0.0173461,0.480445
3.2374,-0.23513,1,-0.206828,0.480445
3.23765,-0.244498,1,-0.292617,0.480445
3.2379,-0.282941,1,-0.398507,0.480445
3.23815,-0.401066,1,-0.552459,0.480445
3.2384,-0.488232,0.496063,-0.643971,0.480445
3.23865,-0.380186,-1,-0.501549,0.480445
3.2389,-0.0358148,-1,-0.102813,0.480445
3.23915,0.387628,-1,0.404966,0.480445
3.2394,0.645966,-1,0.745287,0.480445
3.23965,0.605444,-1,0.754822,0.480445
3.2399,0.344868,-1,0.514882,0.480445
3.24015,0.0701291,0.716535,0.219806,0.480445
3.2404,-0.0749285,1,0.0190876,0.480445
3.24065,-0.118011,1,-0.101226,0.480445
3.2409,-0.193444,1,-0.26177,0.480445
3.24115,-0.369157,1,-0.503363,0.480445
3.2414,-0.547909,1,-0.714275,0.480445
3.24165,-0.544692,0.23622,-0.701732,0.480445
3.2419,-0.268376,-1,-0.387388,0.480445
3.24215,0.16742,-1,0.108854,0.480445
3.2424,0.517977,-1,0.545434,0.480445
3.24265,0.603154,-1,0.705697,0.480445
3.2429,0.444582,-1,0.599326,0.480445
3.24315,0.21948,-0.685039,0.384139,0.480445
3.2434,0.083946,1,0.224362,0.480445
3.24365,0.0355264,1,0.122114,0.480445
3.2439,-0.0521561,1,-0.0345671,0.480445
3.24415,-0.266788,1,-0.331579,0.480445
3.2444,-0.530583,1,-0.65098,0.480445
3.24465,-0.645462,1,-0.797783,0.480445
3.2449,-0.471589,-0.102362,-0.613497,0.480445
3.24515,-0.0693111,-1,-0.167309,0.480445
3.2454,0.332702,-1,0.29967,0.480445
3.24565,0.522514,-1,0.570409,0.480445
3.2459,0.467666,-1,0.588621,0.480445
3.24615,0.311695,-1,0.476118,0.480445
3.2464,0.212789,-0.346457,0.371006,0.480445
3.24665,0.188521,1,0.317953,0.480445
3.2469,0.118327,1,0.190336,0.480445
3.24715,-0.106933,1,-0.115032,0.480445
3.2474,-0.435968,1,-0.526992,0.480445
3.24765,-0.667499,1,-0.804967,0.480445
3.24791,-0.618101,1,-0.772146,0.480445
3.24816,-0.29056,-0.535433,-0.429895,0.480445
3.24841,0.118448,-1,0.0286807,0.480445
3.24866,0.380183,-1,0.368399,0.480445
3.24891,0.416974,-1,0.48821,0.480445
3.24916,0.335358,-1,0.472247,0.480445
3.24941,0.289384,-1,0.451595,0.480445
3.24966,0.313022,-0.0629921,0.476,0.480445
3.24991,0.289666,1,0.409766,0.480445
3.25016,0.0871782,1,0.143722,0.480445
3.25041,-0.275974,1,-0.300667,0.480445
3.25066,-0.607629,1,-0.707608,0.480445
3.25091,-0.690222,1,-0.84111,0.480445
3.25116,-0.467338,0.88189,-0.631578,0.480445
3.25141,-0.0934067,-1,-0.232872,0.480445
3.25166,0.201927,-1,0.121056,0.480445
3.25191,0.305637,-1,0.299415,0.480445
3.25216,0.28973,-1,0.369081,0.480445
3.25241,0.300987,-1,0.439066,0.480445
3.25266,0.386146,-1,0.545868,0.480445
3.25291,0.433834,0.19685,0.576062,0.480445
3.25316,0.288786,1,0.394497,0.480445
3.25341,-0.0710971,1,-0.0381991,0.480445
3.25366,-0.474123,1,-0.520985,0.480445
3.25391,-0.680316,1,-0.797072,0.480445
3.25416,-0.578494,1,-0.736556,0.480445
3.25441,-0.273411,0.401575,-0.433203,0.480445
3.25466,0.0171228,-1,-0.113738,0.480445
3.25491,0.156123,-1,0.0862025,0.480445
3.25516,0.186233,-1,0.196766,0.480445
3.25541,0.245601,-1,0.334691,0.480445
3.25566,0.394208,-1,0.53967,0.480445
3.25591,0.527442,-1,0.686768,0.480445
3.25616,0.468213,0.511811,0.605928,0.480445
3.25641,0.151135,1,0.246056,0.480445
3.25666,-0.285419,1,-0.268437,0.480445
3.25691,-0.592808,1,-0.657935,0.480445
3.25716,-0.613107,1,-0.748642,0.480445
3.25741,-0.399378,1,-0.563984,0.480445
3.25766,-0.14659,-0.0629921,-0.308444,0.480445
3.25791,-0.00492264,-1,-0.125635,0.480445
3.25816,0.0438089,-1,-0.0137777,0.480445
3.25841,0.132039,-1,0.153193,0.480445
3.25866,0.333374,-1,0.432291,0.480445
3.25891,0.554541,-1,0.700124,0.480445
3.25916,0.601106,-0.874016,0.7562,0.480445
3.25941,0.361832,0.929134,0.4928,0.480445
3.25966,-0.0668938,1,0.0100821,0.480445
3.25991,-0.442521,1,-0.440944,0.480445
3.26016,-0.571518,1,-0.647756,0.480445
3.26041,-0.456981,1,-0.591984,0.480445
3.26066,-0.265113,1,-0.426256,0.480445
3.26091,-0.150248,-0.472441,-0.297889,0.480445
3.26116,-0.112205,-1,-0.217187,0.480445
3.26141,-0.0222955,-1,-0.0544698,0.480445
3.26166,0.210481,-1,0.260575,0.480445
3.26191,0.509436,-1,0.622558,0.480445
3.26216,0.669171,-1,0.819079,0.480445
3.26241,0.534498,-0.464567,0.686901,0.480445
3.26266,0.153026,1,0.271676,0.480445
3.26291,-0.252249,1,-0.196674,0.480445
3.26316,-0.464824,1,-0.485089,0.480445
3.26341,-0.443359,1,-0.54028,0.480445
3.26366,-0.32315,1,-0.477484,0.480445
3.26391,-0.256551,0.905512,-0.426801,0.480445
3.26416,-0.256073,-0.818898,-0.397775,0.480445
3.26441,-0.194151,-1,-0.289647,0.480445
3.26466,0.0409405,-1,0.0204556,0.480445
3.26491,0.396175,-1,0.466482,0.480445
3.26516,0.663122,-1,0.797016,0.480445
3.26541,0.648291,-1,0.80493,0.480445
3.26566,0.346923,0.0472441,0.502118,0.480445
3.26591,-0.0485965,1,0.065117,0.480445
3.26616,-0.311314,1,-0.263186,0.480445
3.26641,-0.365593,1,-0.398169,0.480445
3.26666,-0.31517,1,-0.426814,0.480445
3.26691,-0.30721,1,-0.462807,0.480445
3.26716,-0.363797,0.551181,-0.519414,0.480445
3.26741,-0.357117,-1,-0.48418,0.480445
3.26766,-0.151853,-1,-0.229934,0.480445
3.26791,0.228616,-1,0.23598,0.480445
3.26816,0.584186,-1,0.668829,0.480445
3.26841,0.691,-1,0.824525,0.480445
3.26866,0.492346,-1,0.641833,0.480445
3.26891,0.141672,0.614173,0.279817,0.480445
3.26916,-0.136607,1,-0.0427628,0.480445
3.26941,-0.239477,1,-0.219528,0.480445
3.26966,-0.245021,1,-0.308831,0.480445
3.26991,-0.294316,1,-0.418589,0.480445
3.27016,-0.418029,1,-0.577259,0.480445
3.27041,-0.48807,0.204724,-0.643842,0.480445
3.27066,-0.344096,-1,-0.458943,0.480445
3.27091,0.0271325,-1,-0.0252037,0.480445
3.27116,0.442997,-1,0.470627,0.480445
3.27141,0.659868,-1,0.764833,0.480445
3.27166,0.573057,-1,0.724572,0.480445
3.27191,0.293984,-0.795276,0.456952,0.480445
3.27216,0.0341042,1,0.17446,0.480445
3.27241,-0.0866667,1,-0.00505878,0.480445
3.27267,-0.125591,1,-0.113704,0.480445
3.27292,-0.219647,1,-0.293327,0.480445
3.27317,-0.409112,1,-0.542974,0.480445
3.27342,-0.567238,1,-0.72625,0.480445
3.27367,-0.509804,-0.19685,-0.65743,0.480445
3.27392,-0.183039,-1,-0.282988,0.480445
3.27417,0.258083,-1,0.224537,0.480445
3.27442,0.562113,-1,0.606449,0.480445
3.27467,0.584103,-1,0.700338,0.480445
3.27492,0.391501,-1,0.548008,0.480445
3.27517,0.176803,-0.244094,0.338299,0.480445
3.27542,0.068176,1,0.199001,0.480445
3.27567,0.0234647,1,0.0957737,0.480445
3.27592,-0.0935718,1,-0.10108,0.480445
3.27617,-0.336127,1,-0.422789,0.480445
3.27642,-0.583087,1,-0.716791,0.480445
3.27667,-0.62903,1,-0.780846,0.480445
3.27692,-0.377707,-0.708661,-0.514172,0.480445
3.27717,0.0523637,-1,-0.0313312,0.480445
3.27742,0.41272,-1,0.404627,0.480445
3.27767,0.527634,-1,0.598136,0.480445
3.27792,0.424363,-1,0.556988,0.480445
3.27817,0.272213,-1,0.432712,0.480445
3.27842,0.201458,0.23622,0.35883,0.480445
3.27867,0.179046,1,0.294361,0.480445
3.27892,0.0664028,1,0.114489,0.480445
3.27917,-0.207398,1,-0.243235,0.480445
3.27942,-0.532402,1,-0.637738,0.480445
3.27967,-0.686966,1,-0.830548,0.480445
3.27992,-0.53361,0.677165,-0.688539,0.480445
3.28017,-0.149181,-1,-0.278659,0.480445
3.28042,0.232735,-1,0.16595,0.480445
3.28067,0.416113,-1,0.42433,0.480445
3.28092,0.392796,-1,0.48075,0.480445
3.28117,0.309325,-1,0.449079,0.480445
3.28142,0.29372,-1,0.456373,0.480445
3.28167,0.318628,0.653543,0.46451,0.480445
3.28192,0.238622,1,0.335903,0.480445
3.28217,-0.0383286,1,-0.0151291,0.480445
3.28242,-0.420131,1,-0.479187,0.480445
3.28267,-0.677316,1,-0.802702,0.480445
3.28292,-0.634427,1,-0.79354,0.480445
3.28317,-0.323005,0.0708661,-0.476015,0.480445
3.28342,0.0456513,-1,-0.0737402,0.480445
3.28367,0.266913,-1,0.213303,0.480445
3.28392,0.304631,-1,0.326688,0.480445
3.28417,0.284746,-1,0.388867,0.480445
3.28442,0.331353,-1,0.473606,0.480445
3.28467,0.421342,-0.708661,0.575514,0.480445
3.28492,0.400311,1,0.535818,0.480445
3.28517,0.150878,1,0.228459,0.480445
3.28542,-0.259858,1,-0.254338,0.480445
3.28567,-0.602631,1,-0.681726,0.480445
3.28592,-0.670615,1,-0.799108,0.480445
3.28617,-0.450902,1,-0.601288,0.480445
3.28642,-0.124704,-0.566929,-0.25861,0.480445
3.28667,0.102837,-1,0.0126591,0.480445
3.28692,0.175709,-1,0.151795,0.480445
3.28717,0.203824,-1,0.261835,0.480445
3.28742,0.30944,-1,0.428769,0.480445
3.28767,0.472942,-1,0.627933,0.480445
3.28792,0.530861,-0.283465,0.683274,0.480445
3.28817,0.337765,1,0.455763,0.480445
3.28842,-0.0695788,1,-0.0188396,0.480445
3.28867,-0.472812,1,-0.506629,0.480445
3.28892,-0.640857,1,-0.747734,0.480445
3.28917,-0.52,1,-0.672763,0.480445
3.28942,-0.258427,0.818898,-0.423734,0.480445
3.28967,-0.0545935,-1,-0.195285,0.480445
3.28992,0.0251722,-1,-0.060764,0.480445
3.29017,0.0787644,-1,0.0729994,0.480445
3.29042,0.229763,-1,0.30422,0.480445
3.29067,0.464874,-1,0.603064,0.480445
3.29092,0.613252,-1,0.767946,0.480445
3.29117,0.500776,0.228346,0.651387,0.480445
3.29142,0.127809,1,0.234184,0.480445
3.29167,-0.303988,1,-0.266109,0.480445
3.29192,-0.551798,1,-0.603433,0.480445
3.29217,-0.525862,1,-0.644912,0.480445
3.29242,-0.34137,1,-0.503344,0.480445
3.29267,-0.183752,0.204724,-0.347763,0.480445
3.29292,-0.12518,-1,-0.257125,0.480445
3.29317,-0.0730254,-1,-0.139234,0.480445
3.29342,0.102538,-1,0.11392,0.480445
3.29367,0.397806,-1,0.478829,0.480445
3.29392,0.637705,-1,0.773021,0.480445
3.29417,0.62197,-1,0.772628,0.480445
3.29442,0.31209,0.850394,0.440583,0.480445
3.29467,-0.116816,1,-0.0403614,0.480445
3.29492,-0.41724,1,-0.412983,0.480445
3.29517,-0.471583,1,-0.548516,0.480445
3.29542,-0.365393,1,-0.497158,0.480445
3.29567,-0.269167,1,-0.426397,0.480445
3.29592,-0.25506,-0.330709,-0.399662,0.480445
3.29617,-0.230957,-1,-0.336783,0.480445
3.29642,-0.0569559,-1,-0.0925281,0.480445
3.29667,0.278184,-1,0.321369,0.480445
3.29692,0.601279,-1,0.713553,0.480445
3.29717,0.688429,-1,0.840343,0.480445
3.29743,0.462447,-0.511811,0.615218,0.480445
3.29768,0.0676457,1,0.186798,0.480445
3.29793,-0.254898,1,-0.192877,0.480445
3.29818,-0.367509,1,-0.387555,0.480445
3.29843,-0.330784,1,-0.424904,0.480445
3.29868,-0.300519,1,-0.4471,0.480445
3.29893,-0.347001,1,-0.510652,0.480445
3.29918,-0.374857,-0.826772,-0.514688,0.480445
3.29943,-0.229661,-1,-0.321174,0.480445
3.29968,0.119526,-1,0.104775,0.480445
3.29993,0.507954,-1,0.573133,0.480445
3.30018,0.694522,-1,0.822494,0.480445
3.30043,0.56505,-1,0.72723,0.480445
3.30068,0.22893,0.19685,0.384945,0.480445
3.30093,-0.0850558,1,0.0309322,0.480445
3.30118,-0.229135,1,-0.185922,0.480445
3.30143,-0.244312,1,-0.273759,0.480445
3.30168,-0.275039,1,-0.383668,0.480445
3.30193,-0.389192,1,-0.538695,0.480445
3.30218,-0.486636,0.519685,-0.640875,0.480445
3.30243,-0.396127,-1,-0.519409,0.480445
3.30268,-0.0606715,-1,-0.128436,0.480445
3.30293,0.368752,-1,0.376835,0.480445
3.30318,0.641285,-1,0.731865,0.480445
3.30343,0.610348,-1,0.750262,0.480445
3.30368,0.350393,-1,0.503807,0.480445
3.30393,0.0715314,0.92126,0.202143,0.480445
3.30418,-0.0749059,1,0.00987485,0.480445
3.30443,-0.118633,1,-0.104395,0.480445
3.30468,-0.196489,1,-0.267357,0.480445
3.30493,-0.375985,1,-0.502155,0.480445
3.30518,-0.552897,1,-0.705196,0.480445
3.30543,-0.536747,-0.015748,-0.679418,0.480445
3.30568,-0.242828,-1,-0.340956,0.480445
3.30593,0.199425,-1,0.168175,0.480445
3.30618,0.536608,-1,0.580893,0.480445
3.30643,0.596735,-1,0.717929,0.480445
3.30668,0.420527,-1,0.578247,0.480445
3.30693,0.197735,-0.433071,0.367057,0.480445
3.30718,0.0751935,1,0.206373,0.480445
3.30743,0.0293729,1,0.0999488,0.480445
3.30768,-0.0751323,1,-0.084952,0.480445
3.30793,-0.308811,1,-0.392294,0.480445
3.30818,-0.565464,1,-0.698082,0.480445
3.30843,-0.636877,1,-0.792441,0.480445
3.30868,-0.40824,-0.669291,-0.547911,0.480445
3.30893,0.0176588,-1,-0.0761778,0.480445
3.30918,0.39368,-1,0.375177,0.480445
3.30943,0.528246,-1,0.590988,0.480445
3.30968,0.434409,-1,0.560475,0.480445
3.30993,0.279409,-1,0.436843,0.480445
3.31018,0.202914,0.220472,0.357597,0.480445
3.31043,0.181133,1,0.295119,0.480445
3.31068,0.074694,1,0.123944,0.480445
3.31093,-0.195047,1,-0.226764,0.480445
3.31118,-0.523047,1,-0.626056,0.480445
3.31143,-0.686609,1,-0.828815,0.480445
3.31168,-0.540535,0.669291,-0.6862,0.480445
3.31193,-0.156638,-1,-0.274845,0.480445
3.31218,0.228924,-1,0.170683,0.480445
3.31243,0.41564,-1,0.429918,0.480445
3.31268,0.393101,-1,0.479908,0.480445
3.31293,0.309131,-1,0.45094,0.480445
3.31318,0.293864,-1,0.455666,0.480445
3.31343,0.318478,0.795276,0.456799,0.480445
3.31368,0.235385,1,0.326473,0.480445
3.31393,-0.0466845,1,-0.0333141,0.480445
3.31418,-0.430116,1,-0.497217,0.480445
3.31443,-0.681232,1,-0.810113,0.480445
3.31468,-0.626628,1,-0.787113,0.480445
3.31493,-0.306595,-0.0866142,-0.456022,0.480445
3.31518,0.060971,-1,-0.0516436,0.480445
3.31543,0.27284,-1,0.230212,0.480445
3.31568,0.303821,-1,0.334018,0.480445
3.31593,0.284976,-1,0.393296,0.480445
3.31618,0.337511,-1,0.486989,0.480445
3.31643,0.42578,-0.527559,0.581025,0.480445
3.31668,0.389483,1,0.514334,0.480445
3.31693,0.120235,1,0.190913,0.480445
3.31718,-0.296828,1,-0.299336,0.480445
3.31743,-0.62257,1,-0.709505,0.480445
3.31768,-0.659854,1,-0.796603,0.480445
3.31793,-0.417974,1,-0.571672,0.480445
3.31818,-0.0924475,-0.889764,-0.226213,0.480445
3.31843,0.118011,-1,0.0288403,0.480445
3.31868,0.178771,-1,0.164407,0.480445
3.31893,0.211175,-1,0.27342,0.480445
3.31918,0.32969,-1,0.450056,0.480445
3.31943,0.490948,-1,0.637783,0.480445
3.31968,0.520631,0.0629921,0.663126,0.480445
3.31993,0.28865,1,0.386782,0.480445
3.32018,-0.137054,1,-0.106224,0.480445
3.32043,-0.51818,1,-0.56018,0.480445
3.32068,-0.639167,1,-0.755085,0.480445
3.32093,-0.480928,1,-0.64102,0.480445
3.32118,-0.215609,0.425197,-0.372684,0.480445
3.32143,-0.0326289,-1,-0.163167,0.480445
3.32168,0.0323072,-1,-0.0406026,0.480445
3.32193,0.0970422,-1,0.107906,0.480445
3.32219,0.271385,-1,0.359427,0.480445
3.32244,0.507156,-1,0.649717,0.480445
3.32269,0.615013,-1,0.768053,0.480445
3.32294,0.441326,0.748031,0.579138,0.480445
3.32319,0.0334096,1,0.122413,0.480445
3.32344,-0.379155,1,-0.362112,0.480445
3.32369,-0.568446,1,-0.633483,0.480445
3.32394,-0.49117,1,-0.622548,0.480445
3.32419,-0.29727,1,-0.455722,0.480445
3.32444,-0.162216,-0.330709,-0.309793,0.476868
3.32469,-0.117569,-1,-0.232495,0.476868
3.32494,-0.044316,-1,-0.0941803,0.476868
3.32519,0.169674,-1,0.208862,0.476868
3.32544,0.47331,-1,0.57166,0.476868
3.32569,0.663852,-1,0.80295,0.476868
3.32594,0.564597,-0.543307,0.706236,0.476868
3.32619,0.197209,1,0.317027,0.476868
3.32644,-0.220891,1,-0.164324,0.476868
3.32669,-0.456895,1,-0.476612,0.476868
3.32694,-0.450236,1,-0.543219,0.476868
3.32719,-0.330063,1,-0.474112,0.476868
3.32744,-0.257653,0.96063,-0.412317,0.476868
3.32769,-0.256228,-1,-0.390023,0.476868
3.32794,-0.198238,-1,-0.284467,0.476868
3.32819,0.0348357,-1,0.0278955,0.476868
3.32844,0.392695,-1,0.457719,0.476868
3.32869,0.663122,-1,0.789461,0.476868
3.32894,0.646347,-1,0.795648,0.476868
3.32919,0.338885,0.259843,0.482502,0.476868
3.32944,-0.0594104,1,0.0406468,0.476868
3.32969,-0.31758,1,-0.281294,0.476868
3.32994,-0.36405,1,-0.409656,0.476868
3.33019,-0.312387,1,-0.428469,0.476868
3.33044,-0.31002,1,-0.461496,0.476868
3.33069,-0.368095,0.275591,-0.522333,0.476868
3.33094,-0.34786,-1,-0.471955,0.476868
3.33119,-0.119102,-1,-0.184428,0.476868
3.33144,0.274403,-1,0.294647,0.476868
3.33169,0.613832,-1,0.702369,0.476868
3.33194,0.680725,-1,0.82007,0.476868
3.33219,0.446282,-1,0.604059,0.476868
3.33244,0.0899799,1,0.222385,0.476868
3.33269,-0.165044,1,-0.0808148,0.476868
3.33294,-0.243132,1,-0.236136,0.476868
3.33319,-0.247601,1,-0.318841,0.476868
3.33344,-0.314555,1,-0.45114,0.476868
3.33369,-0.442623,1,-0.60005,0.476868
3.33394,-0.478885,-0.385827,-0.626797,0.476868
3.33419,-0.276984,-1,-0.37695,0.476868
3.33444,0.129617,-1,0.0982915,0.476868
3.33469,0.52179,-1,0.566467,0.476868
3.33494,0.66562,-1,0.780318,0.476868
3.33519,0.509788,-1,0.660882,0.476868
3.33544,0.212914,-0.133858,0.366995,0.476868
3.33569,-0.0149749,1,0.10924,0.476868
3.33594,-0.10041,1,-0.0366922,0.476868
3.33619,-0.143341,1,-0.16069,0.476868
3.33644,-0.271895,1,-0.368347,0.476868
3.33669,-0.473401,1,-0.60685,0.476868
3.33694,-0.57911,0.889764,-0.726898,0.476868
3.33719,-0.424092,-1,-0.552186,0.476868
3.33744,-0.0269483,-1,-0.104981,0.476868
3.33769,0.396683,-1,0.396133,0.476868
3.33794,0.604392,-1,0.683964,0.476868
3.33819,0.525557,-1,0.658439,0.476868
3.33844,0.298714,-1,0.454194,0.476868
3.33869,0.118744,0.716535,0.258696,0.476868
3.33894,0.0493533,1,0.149365,0.476868
3.33919,-0.0107291,1,0.0114953,0.476868
3.33944,-0.187026,1,-0.243332,0.476868
3.33969,-0.458001,1,-0.575801,0.476868
3.33994,-0.639312,1,-0.784132,0.476868
3.34019,-0.546595,0.141732,-0.689001,0.476868
3.34044,-0.180733,-1,-0.287951,0.476868
3.34069,0.25109,-1,0.206101,0.476868
3.34094,0.503653,-1,0.536218,0.476868
3.34119,0.493563,-1,0.604567,0.476868
3.34144,0.34054,-1,0.491748,0.476868
3.34169,0.222739,-0.551181,0.384694,0.476868
3.34194,0.191701,1,0.323753,0.476868
3.34219,0.136693,1,0.210665,0.476868
3.34244,-0.0690805,1,-0.0705421,0.476868
3.34269,-0.399028,1,-0.476394,0.476868
3.34294,-0.655247,1,-0.791458,0.476868
3.34319,-0.634621,1,-0.784719,0.476868
3.34344,-0.318416,-0.732283,-0.45186,0.476868
3.34369,0.0987196,-1,0.0106553,0.476868
3.34394,0.374562,-1,0.353583,0.476868
3.34419,0.418018,-1,0.478891,0.476868
3.34444,0.33593,-1,0.463345,0.476868
3.34469,0.289347,-1,0.445688,0.476868
3.34494,0.313632,0.228346,0.46054,0.476868
3.34519,0.28578,1,0.393818,0.476868
3.34544,0.0709132,1,0.108935,0.476868
3.34569,-0.302526,1,-0.342563,0.476868
3.34594,-0.626522,1,-0.732738,0.476868
3.34619,-0.680643,1,-0.825544,0.476868
3.34644,-0.427519,0.519685,-0.580334,0.476868
3.34669,-0.0462742,-1,-0.168287,0.476868
3.34695,0.229058,-1,0.172064,0.476868
3.3472,0.307471,-1,0.325116,0.476868
3.34745,0.286407,-1,0.383428,0.476868
3.3477,0.312991,-1,0.453896,0.476868
3.34795,0.404823,-1,0.564578,0.476868
3.3482,0.421948,0.96063,0.555897,0.476868
3.34845,0.219157,1,0.308956,0.476868
3.3487,-0.178707,1,-0.162359,0.476868
3.34895,-0.556794,1,-0.621504,0.476868
3.3492,-0.682029,1,-0.81133,0.476868
3.34945,-0.49952,1,-0.651184,0.476868
3.3497,-0.171475,-0.448819,-0.316118,0.476868
3.34995,0.0807194,-1,-0.0265645,0.476868
3.3502,0.172103,-1,0.132375,0.476868
3.35045,0.197728,-1,0.237299,0.476868
3.3507,0.292872,-1,0.40147,0.476868
3.35095,0.457909,-1,0.599578,0.476868
3.3512,0.534682,-0.275591,0.682225,0.476868
3.35145,0.363115,1,0.475457,0.476868
3.3517,-0.0382335,1,0.0147351,0.476868
3.35195,-0.453382,1,-0.473517,0.476868
3.3522,-0.639762,1,-0.733706,0.476868
3.35245,-0.528911,1,-0.670626,0.476868
3.3527,-0.26627,0.787402,-0.415232,0.476868
3.35295,-0.0571538,-1,-0.191172,0.476868
3.3532,0.0250807,-1,-0.0512236,0.476868
3.35345,0.0786132,-1,0.0743431,0.476868
3.3537,0.231838,-1,0.307089,0.476868
3.35395,0.469495,-1,0.600746,0.476868
3.3542,0.614398,-1,0.770688,0.476868
3.35445,0.489929,0.535433,0.633731,0.476868
3.3547,0.105436,1,0.20048,0.476868
3.35495,-0.326341,1,-0.305027,0.476868
3.3552,-0.558846,1,-0.618145,0.476868
3.35545,-0.514282,1,-0.638787,0.476868
3.3557,-0.323728,1,-0.476752,0.476868
3.35595,-0.173874,-0.149606,-0.329311,0.476868
3.3562,-0.12194,-1,-0.237159,0.476868
3.35645,-0.0601368,-1,-0.107717,0.476868
3.3567,0.136778,-1,0.159972,0.476868
3.35695,0.44008,-1,0.541214,0.476868
3.3572,0.655257,-1,0.789042,0.476868
3.35745,0.589677,-0.677165,0.729683,0.476868
3.3577,0.239779,1,0.361045,0.476868
3.35795,-0.186707,1,-0.127441,0.476868
3.3582,-0.446399,1,-0.463105,0.476868
3.35845,-0.457519,1,-0.542116,0.476868
3.3587,-0.339268,1,-0.4831,0.476868
3.35895,-0.259836,1,-0.413301,0.476868
3.3592,-0.256177,-0.992126,-0.393171,0.476868
3.35945,-0.206168,-1,-0.291467,0.476868
3.3597,0.0162679,-1,0.00509526,0.476868
3.35995,0.373766,-1,0.438665,0.476868
3.3602,0.655582,-1,0.781061,0.476868
3.36045,0.654007,-1,0.807765,0.476868
3.3607,0.354047,0.291339,0.493943,0.476868
3.36095,-0.0471205,1,0.0518762,0.476868
3.3612,-0.313424,1,-0.285374,0.476868
3.36145,-0.364905,1,-0.406743,0.476868
3.3617,-0.313211,1,-0.423047,0.476868
3.36195,-0.309445,1,-0.460587,0.476868
3.3622,-0.367732,0.212598,-0.523658,0.476868
3.36245,-0.348512,-1,-0.468236,0.476868
3.3627,-0.118898,-1,-0.179733,0.476868
3.36295,0.27671,-1,0.295359,0.476868
3.3632,0.616192,-1,0.706003,0.476868
3.36345,0.679154,-1,0.81502,0.476868
3.3637,0.439014,-0.913386,0.588211,0.476868
3.36395,0.0812694,1,0.211175,0.476868
3.3642,-0.170129,1,-0.0977427,0.476868
3.36445,-0.243562,1,-0.240808,0.476868
3.3647,-0.248394,1,-0.328189,0.476868
3.36495,-0.319765,1,-0.45013,0.476868
3.3652,-0.448341,1,-0.605732,0.476868
3.36545,-0.47449,-0.606299,-0.622151,0.476868
3.3657,-0.256456,-1,-0.351162,0.476868
3.36595,0.158911,-1,0.127359,0.476868
3.3662,0.54208,-1,0.596473,0.476868
3.36645,0.66335,-1,0.776414,0.476868
3.3667,0.488042,-1,0.641481,0.476868
3.36695,0.188357,0.133858,0.33984,0.476868
3.3672,-0.0279174,1,0.0880369,0.476868
3.36745,-0.10387,1,-0.0569326,0.476868
3.3677,-0.151105,1,-0.176899,0.476868
3.36795,-0.291701,1,-0.392881,0.476868
3.3682,-0.493627,1,-0.633008,0.476868
3.36845,-0.576155,0.574803,-0.722459,0.476868
3.3687,-0.386308,-1,-0.501712,0.476868
3.36895,0.0302979,-1,-0.0278769,0.476868
3.3692,0.439683,-1,0.45801,0.476868
3.36945,0.609203,-1,0.695265,0.476868
3.3697,0.497787,-1,0.634554,0.476868
3.36995,0.266031,-1,0.422067,0.476868
3.3702,0.102005,1,0.231061,0.476868
3.37045,0.0433665,1,0.122538,0.476868
3.3707,-0.0291423,1,-0.0201696,0.476868
3.37095,-0.228641,1,-0.293867,0.476868
3.3712,-0.501524,1,-0.625395,0.476868
3.37145,-0.645892,1,-0.799165,0.476868
3.37171,-0.497126,-0.338583,-0.643328,0.476868
3.37196,-0.0974529,-1,-0.196828,0.476868
3.37221,0.318666,-1,0.284656,0.476868
3.37246,0.521026,-1,0.574771,0.476868
3.37271,0.468168,-1,0.588492,0.476868
3.37296,0.309214,-1,0.465838,0.476868
3.37321,0.210972,-0.0314961,0.366443,0.476868
3.37346,0.187207,1,0.310383,0.476868
3.37371,0.106883,1,0.16757,0.476868
3.37396,-0.137471,1,-0.159767,0.476868
3.37421,-0.473276,1,-0.564338,0.476868
3.37446,-0.679915,1,-0.814293,0.476868
3.37471,-0.581241,0.818898,-0.730505,0.476868
3.37496,-0.215476,-1,-0.341579,0.476868
3.37521,0.188191,-1,0.120999,0.476868
3.37546,0.406318,-1,0.413667,0.476868
3.37571,0.401768,-1,0.479001,0.476868
3.37596,0.315411,-1,0.448408,0.476868
3.37621,0.291917,-1,0.442218,0.476868
3.37646,0.318155,0.874016,0.453484,0.476868
3.37671,0.247287,1,0.334656,0.476868
3.37696,-0.0256839,1,-0.00179571,0.476868
3.37721,-0.412862,1,-0.474783,0.476868
3.37746,-0.676742,1,-0.793781,0.476868
3.37771,-0.63233,1,-0.783049,0.476868
3.37796,-0.313542,-0.251969,-0.453188,0.476868
3.37821,0.0584577,-1,-0.0469395,0.476868
3.37846,0.27338,-1,0.236337,0.476868
3.37871,0.303287,-1,0.346281,0.476868
3.37896,0.285238,-1,0.391091,0.476868
3.37921,0.340392,-1,0.491042,0.476868
3.37946,0.42797,-0.275591,0.572189,0.476868
3.37971,0.381464,1,0.495984,0.476868
3.37996,0.0964239,1,0.152268,0.476868
3.38021,-0.32636,1,-0.344741,0.476868
3.38046,-0.638008,1,-0.73212,0.476868
3.38071,-0.647279,1,-0.786095,0.476868
3.38096,-0.384556,0.88189,-0.536471,0.476868
3.38121,-0.0607535,-1,-0.18585,0.476868
3.38146,0.131598,-1,0.0571358,0.476868
3.38171,0.180985,-1,0.176097,0.476868
3.38196,0.221709,-1,0.300387,0.476868
3.38221,0.354959,-1,0.487745,0.476868
3.38246,0.50971,-1,0.664425,0.476868
3.38271,0.500442,0.637795,0.642349,0.476868
3.38296,0.220246,1,0.315212,0.476868
3.38321,-0.221853,1,-0.194592,0.476868
3.38346,-0.567513,1,-0.621241,0.476868
3.38371,-0.625108,1,-0.740061,0.476868
3.38396,-0.423512,1,-0.576212,0.476868
3.38421,-0.161594,-0.23622,-0.309717,0.476868
3.38446,-0.0088172,-1,-0.113829,0.476868
3.38471,0.042771,-1,-0.00193208,0.476868
3.38496,0.130726,-1,0.162588,0.476868
3.38521,0.335809,-1,0.435481,0.476868
3.38546,0.559576,-1,0.697971,0.476868
3.38571,0.596039,-0.488189,0.739275,0.476868
3.38596,0.335032,1,0.4454,0.476868
3.38621,-0.107181,1,-0.0504938,0.476868
3.38646,-0.471022,1,-0.491866,0.476868
3.38671,-0.567892,1,-0.660157,0.476868
3.38696,-0.427897,1,-0.567138,0.476868
3.38721,-0.237433,0.866142,-0.394943,0.476868
3.38746,-0.139782,-1,-0.267434,0.476868
3.38771,-0.102228,-1,-0.178721,0.476868
3.38796,0.0187685,-1,0.00942816,0.476868
3.38821,0.286958,-1,0.360026,0.476868
3.38846,0.576019,-1,0.710297,0.476868
3.38871,0.66238,-1,0.814637,0.476868
3.38896,0.433108,0.559055,0.57527,0.476868
3.38921,0.00739269,1,0.107479,0.476868
3.38946,-0.356219,1,-0.333792,0.476868
3.38971,-0.479447,1,-0.528829,0.476868
3.38996,-0.397409,1,-0.510645,0.476868
3.39021,-0.284334,1,-0.437027,0.476868
3.39046,-0.253804,-0.173228,-0.400479,0.476868
3.39071,-0.244613,-1,-0.35282,0.476868
3.39096,-0.105395,-1,-0.151518,0.476868
3.39121,0.213115,-1,0.238668,0.476868
3.39146,0.559932,-1,0.658719,0.476868
3.39171,0.69599,-1,0.834697,0.476868
3.39196,0.507027,-0.535433,0.646071,0.476868
3.39221,0.114497,1,0.233755,0.476868
3.39246,-0.230758,1,-0.17266,0.476868
3.39271,-0.365811,1,-0.37948,0.476868
3.39296,-0.334988,1,-0.422831,0.476868
3.39321,-0.300054,1,-0.437594,0.476868
3.39346,-0.344191,0.92126,-0.498467,0.476868
3.39371,-0.376062,-1,-0.511428,0.476868
3.39396,-0.232938,-1,-0.310512,0.476868
3.39421,0.120538,-1,0.112314,0.476868
3.39446,0.513863,-1,0.580842,0.476868
3.39471,0.69531,-1,0.824724,0.476868
3.39496,0.551918,-1,0.700172,0.476868
3.39521,0.205894,0.645669,0.345198,0.476868
3.39546,-0.103306,1,-0.00413104,0.476868
3.39571,-0.233964,1,-0.205123,0.476868
3.39596,-0.244482,1,-0.297578,0.476868
3.39621,-0.285064,1,-0.403832,0.476868
3.39647,-0.407616,1,-0.547851,0.476868
3.39672,-0.488752,-0.0472441,-0.627278,0.476868
3.39697,-0.355141,-1,-0.462704,0.476868
3.39722,0.0182852,-1,-0.0258158,0.476868
3.39747,0.442672,-1,0.48043,0.476868
3.39772,0.661094,-1,0.768024,0.476868
3.39797,0.564425,-1,0.702909,0.476868
3.39822,0.276173,-0.425197,0.422616,0.476868
3.39847,0.0190327,1,0.141666,0.476868
3.39872,-0.0920588,1,-0.0335496,0.476868
3.39897,-0.131887,1,-0.14251,0.476868
3.39922,-0.241693,1,-0.325473,0.476868
3.39947,-0.441601,1,-0.576268,0.476868
3.39972,-0.577078,1,-0.72839,0.476868
3.39997,-0.463726,-1,-0.589857,0.476868
3.40022,-0.0869561,-1,-0.167272,0.476868
3.40047,0.352598,-1,0.340843,0.476868
3.40072,0.595928,-1,0.667625,0.476868
3.40097,0.54402,-1,0.675565,0.476868
3.40122,0.320356,-1,0.478039,0.476868
3.40147,0.128718,0.740157,0.269329,0.476868
3.40172,0.0523692,1,0.148328,0.476868
3.40197,-0.00443505,1,0.0217333,0.476868
3.40222,-0.174195,1,-0.223174,0.476868
3.40247,-0.446501,1,-0.558637,0.476868
3.40272,-0.637089,1,-0.775395,0.476868
3.40297,-0.552504,-0.015748,-0.684945,0.476868
3.40322,-0.18699,-1,-0.288091,0.476868
3.40347,0.24979,-1,0.21538,0.476868
3.40372,0.504505,-1,0.541593,0.476868
3.40397,0.491643,-1,0.59507,0.476868
3.40422,0.336396,-1,0.484383,0.476868
3.40447,0.220543,-0.307087,0.368055,0.476868
3.40472,0.190867,1,0.312824,0.476868
3.40497,0.130152,1,0.198407,0.476868
3.40522,-0.0882259,1,-0.102682,0.476868
3.40547,-0.423886,1,-0.511849,0.476868
3.40572,-0.66622,1,-0.797495,0.476868
3.40597,-0.615466,1,-0.766454,0.476868
3.40622,-0.274601,-1,-0.402354,0.476868
3.40647,0.141164,-1,0.067741,0.476868
3.40672,0.391953,-1,0.39016,0.476868
3.40697,0.410176,-1,0.488754,0.476868
3.40722,0.324151,-1,0.456006,0.476868
3.40747,0.290146,-1,0.44108,0.476868
3.40772,0.317285,0.76378,0.461076,0.476868
3.40797,0.263543,1,0.364548,0.476868
3.40822,0.00962148,1,0.0384767,0.476868
3.40847,-0.377569,1,-0.428564,0.476868
3.40872,-0.664214,1,-0.774218,0.476868
3.40897,-0.648955,1,-0.791253,0.476868
3.40922,-0.344468,-0.188976,-0.480267,0.476868
3.40947,0.0343445,-1,-0.0663236,0.476868
3.40972,0.265087,-1,0.223791,0.476868
3.40997,0.304763,-1,0.344356,0.476868
3.41022,0.284831,-1,0.385864,0.476868
3.41047,0.335294,-1,0.479901,0.476868
3.41072,0.425194,-0.275591,0.567403,0.476868
3.41097,0.388642,1,0.497883,0.476868
3.41122,0.112172,1,0.167113,0.476868
3.41147,-0.311754,1,-0.330557,0.476868
3.41172,-0.632394,1,-0.724086,0.476868
3.41197,-0.65108,1,-0.788749,0.476868
3.41222,-0.391572,0.818898,-0.540177,0.476868
3.41247,-0.0652245,-1,-0.193027,0.476868
3.41272,0.130818,-1,0.0576769,0.476868
3.41297,0.180826,-1,0.181767,0.476868
3.41322,0.221763,-1,0.30305,0.476868
3.41347,0.355498,-1,0.49266,0.476868
3.41372,0.510856,-1,0.668891,0.476868
3.41397,0.498518,0.787402,0.640309,0.476868
3.41422,0.213098,1,0.303045,0.476868
3.41447,-0.231784,1,-0.213861,0.476868
3.41472,-0.573426,1,-0.632691,0.476868
3.41497,-0.621781,1,-0.74324,0.476868
3.41522,-0.41312,1,-0.563548,0.476868
3.41547,-0.1521,-0.448819,-0.291386,0.476868
3.41572,-0.00503619,-1,-0.111782,0.476868
3.41597,0.0449096,-1,0.00797025,0.476868
3.41622,0.139216,-1,0.172828,0.476868
3.41647,0.351141,-1,0.456797,0.476868
3.41672,0.570074,-1,0.709044,0.476868
3.41697,0.586964,-0.220472,0.727163,0.476868
3.41722,0.304547,1,0.409628,0.476868
3.41747,-0.143801,1,-0.0959412,0.476868
3.41772,-0.491039,1,-0.520533,0.476868
3.41797,-0.56254,1,-0.658359,0.476868
3.41822,-0.408405,1,-0.552583,0.476868
3.41847,-0.222428,0.543307,-0.374014,0.476868
3.41872,-0.13508,-1,-0.262623,0.476868
3.41897,-0.0954996,-1,-0.165665,0.476868
3.41922,0.0430032,-1,0.0486972,0.476868
3.41947,0.32511,-1,0.402065,0.476868
3.41972,0.602569,-1,0.732795,0.476868
3.41997,0.650265,-1,0.796492,0.476868
3.42022,0.38173,0.984252,0.514697,0.476868
3.42047,-0.0533294,1,0.033882,0.476868
3.42072,-0.390703,1,-0.380499,0.476868
3.42097,-0.476623,1,-0.539438,0.476868
3.42123,-0.377447,1,-0.503127,0.476868
3.42148,-0.273338,1,-0.42359,0.476868
3.42173,-0.254664,-0.629921,-0.387076,0.476868
3.42198,-0.234084,-1,-0.329744,0.476868
3.42223,-0.0607828,-1,-0.0834623,0.476868
3.42248,0.279954,-1,0.333559,0.476868
3.42273,0.60725,-1,0.71839,0.476868
3.42298,0.684685,-1,0.828189,0.476868
3.42323,0.439199,0.015748,0.577706,0.476868
3.42348,0.0338091,1,0.138021,0.476868
3.42373,-0.277111,1,-0.236131,0.476868
3.42398,-0.368312,1,-0.407347,0.476868
3.42423,-0.322621,1,-0.422263,0.476868
3.42448,-0.303565,1,-0.446893,0.472233
3.42473,-0.358421,0.354331,-0.505054,0.472233
3.42498,-0.363205,-1,-0.487167,0.472233
3.42523,-0.165965,-1,-0.234245,0.472233
3.42548,0.220621,-1,0.227442,0.472233
3.42573,0.585653,-1,0.671808,0.472233
3.42598,0.689106,-1,0.82084,0.472233
3.42623,0.47442,-0.937008,0.618983,0.472233
3.42648,0.113956,1,0.243295,0.472233
3.42673,-0.155797,1,-0.0791522,0.472233
3.42698,-0.242661,1,-0.238286,0.472233
3.42723,-0.247064,1,-0.315972,0.472233
3.42748,-0.313208,1,-0.441657,0.472233
3.42773,-0.442857,1,-0.590015,0.472233
3.42798,-0.477553,-0.76378,-0.614535,0.472233
3.42823,-0.265913,-1,-0.356096,0.472233
3.42848,0.150949,-1,0.12425,0.472233
3.42873,0.53987,-1,0.597102,0.472233
3.42898,0.663339,-1,0.782938,0.472233
3.42923,0.48471,-1,0.624575,0.472233
3.42948,0.181982,0.409449,0.315703,0.472233
3.42973,-0.0325549,1,0.0678957,0.472233
3.42998,-0.10509,1,-0.0701098,0.472233
3.43023,-0.155389,1,-0.193813,0.472233
3.43048,-0.303548,1,-0.408315,0.472233
3.43073,-0.50579,1,-0.645049,0.472233
3.43098,-0.571855,0.188976,-0.705661,0.472233
3.43123,-0.355229,-1,-0.457002,0.472233
3.43148,0.0767301,-1,0.0317613,0.472233
3.43173,0.473191,-1,0.499131,0.472233
3.43198,0.608953,-1,0.708525,0.472233
3.43223,0.470011,-1,0.61112,0.472233
3.43248,0.236171,-0.527559,0.387796,0.472233
3.43273,0.0881793,1,0.21021,0.472233
3.43298,0.0368036,1,0.102439,0.472233
3.43323,-0.052901,1,-0.0578163,0.472233
3.43348,-0.276739,1,-0.361342,0.472233
3.43373,-0.545384,1,-0.676152,0.472233
3.43398,-0.641976,1,-0.7874,0.472233
3.43423,-0.428786,-1,-0.560037,0.472233
3.43448,0.00116165,-1,-0.0854508,0.472233
3.43473,0.388716,-1,0.381025,0.472233
3.43498,0.528253,-1,0.598644,0.472233
3.43523,0.43075,-1,0.55304,0.472233
3.43548,0.274096,-1,0.41974,0.472233
3.43573,0.200951,0.740157,0.338245,0.472233
3.43598,0.177356,1,0.271011,0.472233
3.43623,0.0542766,1,0.0824927,0.472233
3.43648,-0.23565,1,-0.288029,0.472233
3.43673,-0.56134,1,-0.668444,0.472233
3.43698,-0.684992,1,-0.823944,0.472233
3.43723,-0.482854,-0.133858,-0.613075,0.472233
3.43748,-0.0708281,-1,-0.165346,0.472233
3.43773,0.29111,-1,0.254803,0.472233
3.43798,0.425312,-1,0.470047,0.472233
3.43823,0.370006,-1,0.480267,0.472233
3.43848,0.295752,-1,0.440511,0.472233
3.43873,0.302634,-0.173228,0.452816,0.472233
3.43898,0.311064,1,0.423128,0.472233
3.43923,0.161194,1,0.218788,0.472233
3.43948,-0.184013,1,-0.204847,0.472233
3.43973,-0.554058,1,-0.639197,0.472233
3.43998,-0.699213,1,-0.830127,0.472233
3.44023,-0.514378,0.755906,-0.657383,0.472233
3.44048,-0.13582,-1,-0.257216,0.472233
3.44073,0.184152,-1,0.116342,0.472233
3.44098,0.304438,-1,0.305381,0.472233
3.44123,0.290398,-1,0.365361,0.472233
3.44148,0.301353,-1,0.432947,0.472233
3.44173,0.389588,-1,0.544633,0.472233
3.44198,0.431355,1,0.565674,0.472233
3.44223,0.261745,1,0.349129,0.472233
3.44248,-0.125349,1,-0.109285,0.472233
3.44273,-0.525,1,-0.58792,0.472233
3.44298,-0.684297,1,-0.805441,0.472233
3.44323,-0.521999,1,-0.662532,0.472233
3.44348,-0.191993,-0.645669,-0.322207,0.472233
3.44373,0.072533,-1,-0.0233398,0.472233
3.44398,0.171036,-1,0.14251,0.472233
3.44423,0.197039,-1,0.249963,0.472233
3.44448,0.292332,-1,0.402153,0.472233
3.44473,0.459486,-1,0.594035,0.472233
3.44498,0.533928,0.102362,0.665731,0.472233
3.44523,0.350484,1,0.452019,0.472233
3.44548,-0.0629917,1,-0.0266065,0.472233
3.44573,-0.47572,1,-0.511082,0.472233
3.44599,-0.64109,1,-0.747612,0.472233
3.44624,-0.506085,1,-0.645214,0.472233
3.44649,-0.236723,0.212598,-0.381607,0.472233
3.44674,-0.0399519,-1,-0.156402,0.472233
3.44699,0.0305343,-1,-0.0294635,0.472233
3.44724,0.0943636,-1,0.114424,0.472233
3.44749,0.270395,-1,0.356789,0.472233
3.44774,0.51055,-1,0.640505,0.472233
3.44799,0.614044,-0.787402,0.764328,0.472233
3.44824,0.423685,1,0.546801,0.472233
3.44849,-0.000480083,1,0.0707956,0.472233
3.44874,-0.409025,1,-0.414515,0.472233
3.44899,-0.57146,1,-0.649305,0.472233
3.44924,-0.467562,1,-0.602154,0.472233
3.44949,-0.269668,1,-0.419904,0.472233
3.44974,-0.150047,-1,-0.281231,0.472233
3.44999,-0.110725,-1,-0.200395,0.472233
3.45024,-0.0119085,-1,-0.0261921,0.472233
3.45049,0.238338,-1,0.295319,0.472233
3.45074,0.541375,-1,0.655924,0.472233
3.45099,0.668996,-1,0.813819,0.472233
3.45124,0.477579,0.527559,0.612751,0.472233
3.45149,0.0592656,1,0.155463,0.472233
3.45174,-0.327195,1,-0.300369,0.472233
3.45199,-0.478462,1,-0.526489,0.472233
3.45224,-0.408689,1,-0.522208,0.472233
3.45249,-0.290642,1,-0.432491,0.472233
3.45274,-0.253384,-0.244094,-0.388552,0.472233
3.45299,-0.247388,-1,-0.351421,0.472233
3.45324,-0.116526,-1,-0.160773,0.472233
3.45349,0.198233,-1,0.230706,0.472233
3.45374,0.551752,-1,0.647317,0.472233
3.45399,0.696475,-1,0.828496,0.472233
3.45424,0.510373,-0.314961,0.653359,0.472233
3.45449,0.114546,1,0.222125,0.472233
3.45474,-0.233359,1,-0.178953,0.472233
3.45499,-0.366147,1,-0.384783,0.472233
3.45524,-0.333341,1,-0.432123,0.472233
3.45549,-0.300336,1,-0.442185,0.472233
3.45574,-0.347443,0.606299,-0.495386,0.472233
3.45599,-0.373614,-1,-0.498768,0.472233
3.45624,-0.214743,-1,-0.282113,0.472233
3.45649,0.153117,-1,0.153316,0.472233
3.45674,0.54135,-1,0.614943,0.472233
3.45699,0.695381,-1,0.829107,0.472233
3.45724,0.520493,-1,0.670306,0.472233
3.45749,0.163533,1,0.294263,0.472233
3.45774,-0.130053,1,-0.0500746,0.472233
3.45799,-0.23912,1,-0.221664,0.472233
3.45824,-0.245304,1,-0.314896,0.472233
3.45849,-0.299977,1,-0.424309,0.472233
3.45874,-0.429079,1,-0.573644,0.472233
3.45899,-0.48425,-0.645669,-0.619449,0.472233
3.45924,-0.301052,-1,-0.397488,0.472233
3.45949,0.105566,-1,0.0769905,0.472233
3.45974,0.511162,-1,0.562548,0.472233
3.45999,0.665938,-1,0.779257,0.472233
3.46024,0.508658,-1,0.652542,0.472233
3.46049,0.205867,0.346457,0.340414,0.472233
3.46074,-0.0212325,1,0.0804152,0.472233
3.46099,-0.102591,1,-0.0685036,0.472233
3.46124,-0.149679,1,-0.187661,0.472233
3.46149,-0.291079,1,-0.394479,0.472233
3.46174,-0.495573,1,-0.633584,0.472233
3.46199,-0.574932,0.181102,-0.709635,0.472233
3.46224,-0.372294,-1,-0.475798,0.472233
3.46249,0.0563772,-1,0.00619878,0.472233
3.46274,0.461614,-1,0.486074,0.472233
3.46299,0.609377,-1,0.70923,0.472233
3.46324,0.476294,-1,0.611891,0.472233
3.46349,0.241178,-0.448819,0.391822,0.472233
3.46374,0.0896851,1,0.21106,0.472233
3.46399,0.0371844,1,0.108186,0.472233
3.46424,-0.0515654,1,-0.0619656,0.472233
3.46449,-0.275271,1,-0.351696,0.472233
3.46474,-0.545449,1,-0.677184,0.472233
3.46499,-0.64174,0.992126,-0.789442,0.472233
3.46524,-0.425672,-1,-0.549043,0.472233
3.46549,0.0075351,-1,-0.0706566,0.472233
3.46574,0.393945,-1,0.392247,0.472233
3.46599,0.528354,-1,0.600182,0.472233
3.46624,0.426094,-1,0.551248,0.472233
3.46649,0.270012,-1,0.424039,0.472233
3.46674,0.200296,0.937008,0.335435,0.472233
3.46699,0.175503,1,0.270115,0.472233
3.46724,0.0439849,1,0.0691066,0.472233
3.46749,-0.253875,1,-0.302599,0.472233
3.46774,-0.576012,1,-0.684555,0.472233
3.46799,-0.681892,1,-0.822591,0.472233
3.46824,-0.458988,-0.417323,-0.584483,0.472233
3.46849,-0.0400041,-1,-0.128921,0.472233
3.46874,0.310337,-1,0.278942,0.472233
3.46899,0.425614,-1,0.477595,0.472233
3.46924,0.361529,-1,0.469933,0.472233
3.46949,0.292991,-1,0.437926,0.472233
3.46974,0.305921,0.149606,0.443931,0.472233
3.46999,0.305139,1,0.412013,0.472233
3.47024,0.132649,1,0.179901,0.472233
3.47049,-0.228373,1,-0.256864,0.472233
3.47075,-0.58654,1,-0.687545,0.472233
3.471,-0.693906,1,-0.830068,0.472233
3.47125,-0.472654,0.330709,-0.60853,0.472233
3.4715,-0.0863779,-1,-0.193563,0.472233
3.47175,0.212792,-1,0.15626,0.472233
3.472,0.306987,-1,0.329262,0.472233
3.47225,0.287285,-1,0.375253,0.472233
3.4725,0.310853,-1,0.447139,0.472233
3.47275,0.403979,-0.637795,0.550577,0.472233
3.473,0.421491,1,0.542715,0.472233
3.47325,0.21016,1,0.285416,0.472233
3.4735,-0.199159,1,-0.204254,0.472233
3.47375,-0.575205,1,-0.651983,0.472233
3.474,-0.677293,1,-0.801508,0.472233
3.47425,-0.467111,1,-0.612224,0.472233
3.4745,-0.131232,-1,-0.25972,0.472233
3.47475,0.103776,-1,0.0187807,0.472233
3.475,0.176762,-1,0.166305,0.472233
3.47525,0.207652,-1,0.273516,0.472233
3.4755,0.324507,-1,0.440874,0.472233
3.47575,0.489935,-1,0.636443,0.472233
3.476,0.518968,0.677165,0.648905,0.472233
3.47625,0.273009,1,0.361475,0.472233
3.4765,-0.166999,1,-0.145808,0.472233
3.47675,-0.542048,1,-0.598827,0.472233
3.477,-0.632971,1,-0.746277,0.472233
3.47725,-0.444803,1,-0.587161,0.472233
3.4775,-0.1764,-0.456693,-0.316518,0.472233
3.47775,-0.0132046,-1,-0.113022,0.472233
3.478,0.0412078,-1,0.00231505,0.472233
3.47825,0.127579,-1,0.16891,0.472233
3.4785,0.334362,-1,0.438654,0.472233
3.47875,0.560942,-1,0.699218,0.472233
3.479,0.593331,-0.0629921,0.723855,0.472233
3.47925,0.320443,1,0.416742,0.472233
3.4795,-0.130531,1,-0.089412,0.472233
3.47975,-0.486624,1,-0.514253,0.472233
3.48,-0.563438,1,-0.660599,0.472233
3.48025,-0.408623,1,-0.549397,0.472233
3.4805,-0.221082,0.251969,-0.370758,0.472233
3.48075,-0.134315,-1,-0.251116,0.472233
3.481,-0.0932834,-1,-0.154437,0.472233
3.48125,0.0513375,-1,0.0611294,0.472233
3.4815,0.340037,-1,0.427658,0.472233
3.48175,0.613119,-1,0.743205,0.472233
3.482,0.641664,-0.795276,0.7829,0.472233
3.48225,0.351045,1,0.473153,0.472233
3.4825,-0.0897614,1,-0.0240357,0.472233
3.48275,-0.41056,1,-0.412389,0.472233
3.483,-0.472226,1,-0.554635,0.472233
3.48325,-0.362502,1,-0.492858,0.472233
3.4835,-0.266436,0.96063,-0.415966,0.472233
3.48375,-0.25556,-1,-0.3915,0.472233
3.484,-0.220884,-1,-0.303585,0.472233
3.48425,-0.0170194,-1,-0.0343252,0.472233
3.4845,0.341224,-1,0.399584,0.472233
3.48475,0.643573,-1,0.761903,0.472233
3.485,0.662001,-1,0.807596,0.472233
3.48525,0.36585,0.732283,0.494528,0.472233
3.4855,-0.043308,1,0.0434748,0.472233
3.48575,-0.314866,1,-0.289188,0.472233
3.486,-0.36393,1,-0.411183,0.472233
3.48625,-0.311126,1,-0.418251,0.472233
3.4865,-0.312382,1,-0.455221,0.472233
3.48675,-0.371317,-0.425197,-0.503293,0.472233
3.487,-0.334595,-1,-0.432056,0.472233
3.48725,-0.0742334,-1,-0.10367,0.472233
3.4875,0.336644,-1,0.38127,0.472233
3.48775,0.649691,-1,0.758901,0.472233
3.488,0.654092,-1,0.791225,0.472233
3.48825,0.367041,0.0472441,0.50085,0.472233
3.4885,0.00982596,1,0.116402,0.472233
3.48875,-0.202455,1,-0.164159,0.472233
3.489,-0.244669,1,-0.279784,0.472233
3.48925,-0.258739,1,-0.359112,0.472233
3.4895,-0.35801,1,-0.50072,0.472233
3.48975,-0.477137,0.299213,-0.623992,0.472233
3.49,-0.430043,-1,-0.543606,0.472233
3.49025,-0.119607,-1,-0.18055,0.472233
3.4905,0.323639,-1,0.340451,0.472233
3.49075,0.629641,-1,0.720226,0.472233
3.491,0.619334,-1,0.755294,0.472233
3.49125,0.357345,-0.606299,0.500865,0.472233
3.4915,0.0701715,1,0.191187,0.472233
3.49175,-0.0779808,1,-0.00347274,0.472233
3.492,-0.121046,1,-0.122955,0.472233
3.49225,-0.209618,1,-0.285298,0.472233
3.4925,-0.402213,1,-0.523544,0.472233
3.49275,-0.567296,0.992126,-0.712765,0.472233
3.493,-0.502534,-1,-0.623746,0.472233
3.49325,-0.152732,-1,-0.230192,0.472233
3.4935,0.30106,-1,0.294624,0.472233
3.49375,0.583037,-1,0.645755,0.472233
3.494,0.560744,-1,0.68583,0.472233
3.49425,0.341343,-1,0.490035,0.472233
3.4945,0.138969,0.952756,0.274557,0.472233
3.49475,0.0546431,1,0.147376,0.472233
3.495,-0.000131596,1,0.0164486,0.472233
3.49525,-0.167024,1,-0.218145,0.472233
3.49551,-0.442094,1,-0.554652,0.472233
3.49576,-0.63685,1,-0.776401,0.472233
3.49601,-0.549169,-0.440945,-0.6729,0.472233
3.49626,-0.174202,-1,-0.264505,0.472233
3.49651,0.26558,-1,0.238804,0.472233
3.49676,0.51053,-1,0.566921,0.472233
3.49701,0.482819,-1,0.601089,0.472233
3.49726,0.322906,-1,0.462241,0.472233
3.49751,0.214469,0.291339,0.35248,0.472233
3.49776,0.18859,1,0.287453,0.472233
3.49801,0.111736,1,0.15012,0.472233
3.49826,-0.133238,1,-0.171358,0.472233
3.49851,-0.475285,1,-0.575294,0.472233
3.49876,-0.68158,1,-0.817345,0.472233
3.49901,-0.569383,0.19685,-0.711034,0.472233
3.49926,-0.187798,-1,-0.292511,0.472233
3.49951,0.215532,-1,0.169889,0.472233
3.49976,0.414748,-1,0.436425,0.472233
3.50001,0.391521,-1,0.483648,0.472233
3.50026,0.306442,-1,0.441685,0.472233
3.50051,0.295849,-0.362205,0.443345,0.472233
3.50076,0.317676,1,0.437495,0.472233
3.50101,0.208915,1,0.279129,0.472233
3.50126,-0.108339,1,-0.114837,0.472233
3.50151,-0.496838,1,-0.573218,0.472233
3.50176,-0.697966,1,-0.825219,0.472233
3.50201,-0.563774,0.811024,-0.702676,0.472233
3.50226,-0.196077,-1,-0.310404,0.472233
3.50251,0.149564,-1,0.0787339,0.472233
3.50276,0.299394,-1,0.299066,0.472233
3.50301,0.293808,-1,0.371086,0.472233
3.50326,0.295441,-1,0.417411,0.472233
3.50351,0.379501,-1,0.520147,0.472233
3.50376,0.434582,1,0.562746,0.472233
3.50401,0.286184,1,0.371274,0.472233
3.50426,-0.0918116,1,-0.0845753,0.472233
3.50451,-0.503573,1,-0.570878,0.472233
3.50476,-0.684278,1,-0.806674,0.472233
3.50501,-0.535573,1,-0.6834,0.472233
3.50526,-0.204583,-0.834646,-0.338129,0.472233
3.50551,0.0674015,-1,-0.0237435,0.472233
3.50576,0.170557,-1,0.148547,0.472233
3.50601,0.196588,-1,0.254511,0.472233
3.50626,0.292366,-1,0.405181,0.472233
3.50651,0.460997,-1,0.601989,0.472233
3.50676,0.532988,0.409449,0.666533,0.472233
3.50701,0.341055,1,0.429797,0.472233
3.50726,-0.0809177,1,-0.0546787,0.472233
3.50751,-0.490944,1,-0.540615,0.472233
3.50776,-0.640691,1,-0.74575,0.472233
3.50801,-0.489491,1,-0.62784,0.472233
3.50826,-0.216983,-0.244094,-0.353794,0.472233
3.50851,-0.0299511,-1,-0.133827,0.472233
3.50876,0.0348023,-1,-0.0111309,0.472233
3.50901,0.106626,-1,0.142972,0.472233
3.50926,0.297908,-1,0.39296,0.472233
3.50951,0.535506,-1,0.665284,0.472233
3.50976,0.606939,-0.212598,0.7386,0.472233
3.51001,0.372495,1,0.477093,0.472233
3.51026,-0.0716463,1,-0.0222237,0.472233
3.51051,-0.456088,1,-0.477257,0.472233
3.51076,-0.569466,1,-0.658682,0.472233
3.51101,-0.432046,1,-0.569054,0.472233
3.51126,-0.237781,0.330709,-0.382002,0.472233
3.51151,-0.139017,-1,-0.261565,0.472233
3.51176,-0.100177,-1,-0.163239,0.472233
3.51201,0.0301299,-1,0.0360186,0.472233
3.51226,0.310748,-1,0.39279,0.472233
3.51251,0.596368,-1,0.719597,0.472233
3.51276,0.652006,-0.80315,0.788179,0.472233
3.51301,0.382058,1,0.499725,0.472233
3.51326,-0.0590544,1,0.00962492,0.472233
3.51351,-0.396768,1,-0.398987,0.472233
3.51376,-0.474881,1,-0.548335,0.472233
3.51401,-0.370095,1,-0.499785,0.472233
3.51426,-0.269214,0.905512,-0.409444,0.472233
3.51451,-0.255175,-1,-0.382885,0.472233
3.51476,-0.225028,-1,-0.311296,0.472233
3.51501,-0.0284994,-1,-0.0448524,0.472233
3.51526,0.328508,-1,0.3927,0.472233
3.51551,0.637885,-1,0.760781,0.472233
3.51576,0.665785,-1,0.802059,0.472233
3.51601,0.373884,0.818898,0.503624,0.472233
3.51626,-0.0375484,1,0.0446595,0.472233
3.51651,-0.313,1,-0.298254,0.472233
3.51676,-0.364046,1,-0.421637,0.472233
3.51701,-0.311184,1,-0.427123,0.472233
3.51726,-0.312519,1,-0.452616,0.472233
3.51751,-0.371771,-0.574803,-0.501281,0.472233
3.51776,-0.332806,-1,-0.422071,0.472233
3.51801,-0.0678625,-1,-0.0949584,0.472233
3.51826,0.345748,-1,0.38898,0.472233
3.51851,0.654386,-1,0.763057,0.472233
3.51876,0.648699,-1,0.791155,0.472233
3.51901,0.353338,0.283465,0.487339,0.472233
3.51926,-0.00304328,1,0.0964232,0.472233
3.51951,-0.207765,1,-0.170387,0.472233
3.51976,-0.244728,1,-0.282249,0.472233
3.52002,-0.261727,1,-0.36229,0.472233
3.52027,-0.366435,1,-0.505532,0.472233
3.52052,-0.481395,0.00787402,-0.620923,0.472233
3.52077,-0.416885,-1,-0.523111,0.472233
3.52102,-0.0881991,-1,-0.133735,0.472233
3.52127,0.356879,-1,0.383617,0.472233
3.52152,0.641957,-1,0.732046,0.472233
3.52177,0.603312,-1,0.73476,0.472233
3.52202,0.327804,-0.220472,0.471832,0.472233
3.52227,0.0486688,1,0.163119,0.472233
3.52252,-0.0846493,1,-0.0280684,0.472233
3.52277,-0.126051,1,-0.145331,0.472233
3.52302,-0.226999,1,-0.314478,0.472233
3.52327,-0.427084,1,-0.555768,0.472233
3.52352,-0.575124,0.574803,-0.712898,0.472233
3.52377,-0.472109,-1,-0.581462,0.472233
3.52402,-0.092784,-1,-0.154423,0.472233
3.52427,0.354925,-1,0.366116,0.472233
3.52452,0.598292,-1,0.681729,0.470393
3.52477,0.536136,-1,0.663747,0.470393
3.52502,0.305064,-0.724409,0.443208,0.470393
3.52527,0.118147,1,0.244016,0.470393
3.52552,0.0480335,1,0.118882,0.470393
3.52577,-0.0174067,1,-0.0104272,0.470393
3.52602,-0.209456,1,-0.280575,0.470393
3.52627,-0.488942,1,-0.609349,0.470393
3.52652,-0.645701,1,-0.788748,0.470393
3.52677,-0.497849,-0.976378,-0.620255,0.470393
3.52702,-0.0877738,-1,-0.168385,0.470393
3.52727,0.334058,-1,0.328689,0.470393
3.52752,0.524805,-1,0.594376,0.470393
3.52777,0.454151,-1,0.577928,0.470393
3.52802,0.29212,-1,0.431386,0.470393
3.52827,0.205008,0.889764,0.334926,0.470393
3.52852,0.182312,1,0.273652,0.470393
3.52877,0.0732721,1,0.0944506,0.470393
3.52902,-0.208714,1,-0.259681,0.470393
3.52927,-0.544309,1,-0.65909,0.470393
3.52952,-0.686426,1,-0.82316,0.470393
3.52977,-0.494705,-0.496063,-0.625245,0.470393
3.53002,-0.0796972,-1,-0.166998,0.470393
3.53027,0.289361,-1,0.26694,0.470393
3.53052,0.425487,-1,0.476351,0.470393
3.53077,0.367665,-1,0.474304,0.470393
3.53102,0.29455,-1,0.434425,0.470393
3.53127,0.304605,0.362205,0.442646,0.470393
3.53152,0.307534,1,0.412762,0.470393
3.53177,0.139957,1,0.181615,0.470393
3.53202,-0.222031,1,-0.253464,0.470393
3.53227,-0.584587,1,-0.688058,0.470393
3.53252,-0.693717,1,-0.831032,0.470393
3.53277,-0.468518,-0.023622,-0.599757,0.470393
3.53302,-0.0781252,-1,-0.184962,0.470393
3.53327,0.21867,-1,0.17066,0.470393
3.53352,0.307285,-1,0.332349,0.470393
3.53377,0.286383,-1,0.381122,0.470393
3.53402,0.315188,-1,0.446188,0.470393
3.53427,0.409807,-0.165354,0.548355,0.470393
3.53452,0.414261,1,0.525076,0.470393
3.53477,0.179396,1,0.236,0.470393
3.53502,-0.241963,1,-0.258603,0.470393
3.53527,-0.602059,1,-0.690602,0.470393
3.53552,-0.666871,1,-0.792816,0.470393
3.53577,-0.426285,0.433071,-0.561615,0.470393
3.53602,-0.0899519,-1,-0.204978,0.470393
3.53627,0.122954,-1,0.0626092,0.470393
3.53652,0.180011,-1,0.190161,0.470393
3.53677,0.219409,-1,0.299954,0.470393
3.53702,0.353874,-1,0.479353,0.470393
3.53727,0.511622,-0.685039,0.647571,0.470393
3.53752,0.49409,1,0.6084,0.470393
3.53777,0.192892,1,0.260282,0.470393
3.53802,-0.261382,1,-0.268257,0.470393
3.53827,-0.590586,1,-0.667278,0.470393
3.53852,-0.608997,1,-0.732502,0.470393
3.53877,-0.378619,0.874016,-0.51904,0.470393
3.53902,-0.121918,-1,-0.247654,0.470393
3.53927,0.00677696,-1,-0.0675066,0.470393
3.53952,0.0547016,-1,0.0502689,0.470393
3.53977,0.173366,-1,0.242451,0.470393
3.54002,0.406306,-1,0.523389,0.470393
3.54027,0.599784,-1,0.740105,0.470393
3.54052,0.541019,0.866142,0.668301,0.470393
3.54077,0.185107,1,0.264886,0.470393
3.54102,-0.269996,1,-0.253429,0.470393
3.54127,-0.546337,1,-0.606716,0.470393
3.54152,-0.52722,1,-0.647815,0.470393
3.54177,-0.33547,1,-0.479432,0.470393
3.54202,-0.176836,-0.818898,-0.304024,0.470393
3.54227,-0.121839,-1,-0.208771,0.470393
3.54252,-0.0566997,-1,-0.080015,0.470393
3.54277,0.152295,-1,0.196514,0.470393
3.54302,0.465377,-1,0.571591,0.470393
3.54327,0.664226,-1,0.794008,0.470393
3.54352,0.5535,0.417323,0.677072,0.470393
3.54377,0.163894,1,0.250276,0.470393
3.54402,-0.258696,1,-0.237488,0.470393
3.54427,-0.469469,1,-0.513186,0.470393
3.54452,-0.431485,1,-0.538696,0.470393
3.54478,-0.307038,1,-0.447218,0.470393
3.54503,-0.253987,-0.354331,-0.390975,0.470393
3.54528,-0.252369,-1,-0.358022,0.470393
3.54553,-0.145035,-1,-0.181342,0.470393
3.54578,0.154752,-1,0.192654,0.470393
3.54603,0.520779,-1,0.622556,0.470393
3.54628,0.696881,-1,0.828106,0.470393
3.54653,0.534174,0,0.664636,0.470393
3.54678,0.139543,1,0.242884,0.470393
3.54703,-0.221549,1,-0.180347,0.470393
3.54728,-0.365471,1,-0.38975,0.470393
3.54753,-0.334103,1,-0.426039,0.470393
3.54778,-0.300317,1,-0.428813,0.470393
3.54803,-0.348109,0.110236,-0.489698,0.470393
3.54828,-0.372542,-1,-0.482693,0.470393
3.54853,-0.203324,-1,-0.262268,0.470393
3.54878,0.176239,-1,0.190115,0.470393
3.54903,0.561943,-1,0.650246,0.470393
3.54928,0.692869,-1,0.81424,0.470393
3.54953,0.489929,-0.393701,0.622773,0.470393
3.54978,0.12387,1,0.231971,0.470393
3.55003,-0.153891,1,-0.096873,0.470393
3.55028,-0.242706,1,-0.253523,0.470393
3.55053,-0.247679,1,-0.334228,0.470393
3.55078,-0.31872,1,-0.446866,0.470393
3.55103,-0.450599,0.559055,-0.591052,0.470393
3.55128,-0.469915,-1,-0.582671,0.470393
3.55153,-0.228525,-1,-0.292372,0.470393
3.55178,0.207132,-1,0.216353,0.470393
3.55203,0.577733,-1,0.65684,0.470393
3.55228,0.652178,-1,0.778024,0.470393
3.55253,0.431635,-0.76378,0.56922,0.470393
3.55278,0.126989,1,0.245539,0.470393
3.55303,-0.0585292,1,0.0180745,0.470393
3.55328,-0.113185,1,-0.107039,0.470393
3.55353,-0.182747,1,-0.256933,0.470393
3.55378,-0.360963,1,-0.482852,0.470393
3.55403,-0.549182,0.992126,-0.685163,0.470393
3.55428,-0.535838,-1,-0.662481,0.470393
3.55453,-0.224307,-1,-0.302134,0.470393
3.55478,0.235928,-1,0.223098,0.470393
3.55503,0.560637,-1,0.6304,0.470393
3.55528,0.579733,-1,0.703348,0.470393
3.55553,0.372008,-1,0.516701,0.470393
3.55578,0.156278,1,0.28427,0.470393
3.55603,0.0594206,1,0.142037,0.470393
3.55628,0.00851381,1,0.026535,0.470393
3.55653,-0.146381,1,-0.199346,0.470393
3.55678,-0.420388,1,-0.529289,0.470393
3.55703,-0.630984,1,-0.76859,0.470393
3.55728,-0.563598,-0.622047,-0.691423,0.470393
3.55753,-0.196993,-1,-0.276541,0.470393
3.55778,0.250462,-1,0.236424,0.470393
3.55803,0.507239,-1,0.566751,0.470393
3.55828,0.485696,-1,0.601741,0.470393
3.55853,0.32497,-1,0.468822,0.470393
3.55878,0.214661,0.598425,0.346106,0.470393
3.55903,0.188416,1,0.28707,0.470393
3.55928,0.109509,1,0.137813,0.470393
3.55953,-0.141216,1,-0.182787,0.470393
3.55978,-0.485995,1,-0.59402,0.470393
3.56003,-0.683941,1,-0.81772,0.470393
3.56028,-0.554039,-0.244094,-0.686633,0.470393
3.56053,-0.15991,-1,-0.257957,0.470393
3.56078,0.238468,-1,0.199127,0.470393
3.56103,0.419677,-1,0.460075,0.470393
3.56128,0.383513,-1,0.487528,0.470393
3.56153,0.30108,-1,0.43974,0.470393
3.56178,0.298985,0.188976,0.433311,0.470393
3.56203,0.314479,1,0.422421,0.470393
3.56228,0.179061,1,0.220917,0.470393
3.56253,-0.163343,1,-0.187032,0.470393
3.56278,-0.54426,1,-0.637805,0.470393
3.56303,-0.699497,1,-0.828781,0.470393
3.56328,-0.51254,0.0866142,-0.646707,0.470393
3.56353,-0.126529,-1,-0.224591,0.470393
3.56378,0.193863,-1,0.149341,0.470393
3.56403,0.30593,-1,0.332039,0.470393
3.56428,0.28864,-1,0.380173,0.470393
3.56453,0.307537,-1,0.441344,0.470393
3.56478,0.40084,-0.204724,0.533436,0.470393
3.56503,0.423105,1,0.534708,0.470393
3.56528,0.211643,1,0.262666,0.470393
3.56553,-0.203339,1,-0.218597,0.470393
3.56578,-0.581399,1,-0.668025,0.470393
3.56603,-0.674426,1,-0.800463,0.470393
3.56628,-0.450486,0.409449,-0.588467,0.470393
3.56653,-0.111287,-1,-0.219575,0.470393
3.56678,0.114735,-1,0.0511803,0.470393
3.56703,0.178794,-1,0.194697,0.470393
3.56728,0.214923,-1,0.292111,0.470393
3.56753,0.345111,-1,0.470652,0.470393
3.56778,0.506821,-0.598425,0.642021,0.470393
3.56803,0.500228,1,0.619963,0.470393
3.56828,0.208162,1,0.269736,0.470393
3.56853,-0.247411,1,-0.250104,0.470393
3.56878,-0.585397,1,-0.661247,0.470393
3.56903,-0.611967,1,-0.737569,0.470393
3.56928,-0.383717,0.724409,-0.526589,0.470393
3.56954,-0.124554,-1,-0.248304,0.470393
3.56979,0.00633312,-1,-0.0657218,0.470393
3.57004,0.0546258,-1,0.0540238,0.470393
3.57029,0.173756,-1,0.238947,0.470393
3.57054,0.407952,-1,0.52531,0.470393
3.57079,0.600942,-0.968504,0.740174,0.470393
3.57104,0.537702,1,0.658445,0.470393
3.57129,0.176122,1,0.248297,0.470393
3.57154,-0.279436,1,-0.269139,0.470393
3.57179,-0.549707,1,-0.620764,0.470393
3.57204,-0.522344,1,-0.644374,0.470393
3.57229,-0.327748,1,-0.468707,0.470393
3.57254,-0.172424,-1,-0.300221,0.470393
3.57279,-0.120225,-1,-0.203788,0.470393
3.57304,-0.0501787,-1,-0.0643863,0.470393
3.57329,0.168747,-1,0.231793,0.470393
3.57354,0.483598,-1,0.593593,0.470393
3.57379,0.667729,-1,0.805533,0.470393
3.57404,0.533187,0.732283,0.656842,0.470393
3.57429,0.129198,1,0.213053,0.470393
3.57454,-0.285754,1,-0.262709,0.470393
3.57479,-0.474808,1,-0.527666,0.470393
3.57504,-0.420709,1,-0.538687,0.470393
3.57529,-0.297735,1,-0.438838,0.470393
3.57554,-0.253412,-0.716535,-0.38647,0.470393
3.57579,-0.248922,-1,-0.34123,0.470393
3.57604,-0.12169,-1,-0.149126,0.470393
3.57629,0.19719,-1,0.245759,0.470393
3.57654,0.55641,-1,0.665958,0.470393
3.57679,0.695522,-1,0.831206,0.470393
3.57704,0.491938,0.440945,0.622424,0.470393
3.57729,0.0843782,1,0.174513,0.470393
3.57754,-0.255379,1,-0.229539,0.470393
3.57779,-0.368028,1,-0.409195,0.470393
3.57804,-0.3255,1,-0.426067,0.470393
3.57829,-0.302795,1,-0.440772,0.470393
3.57854,-0.358186,-0.370079,-0.489296,0.470393
3.57879,-0.361518,-1,-0.460035,0.470393
3.57904,-0.152258,-1,-0.183575,0.470393
3.57929,0.248948,-1,0.285872,0.470393
3.57954,0.60829,-1,0.702843,0.470393
3.57979,0.679101,-1,0.805444,0.470393
3.58004,0.427566,0.181102,0.562876,0.470393
3.58029,0.0589265,1,0.158599,0.470393
3.58054,-0.184945,1,-0.140269,0.470393
3.58079,-0.244766,1,-0.27613,0.470393
3.58104,-0.253754,1,-0.351823,0.470393
3.58129,-0.344939,1,-0.471741,0.470393
3.58154,-0.470853,-0.0314961,-0.605285,0.470393
3.58179,-0.441754,-1,-0.547842,0.470393
3.58204,-0.142519,-1,-0.191963,0.470393
3.58229,0.306501,-1,0.329369,0.470393
3.58254,0.625295,-1,0.715308,0.470393
3.58279,0.621417,-1,0.748365,0.470393
3.58304,0.3569,-0.0629921,0.486836,0.470393
3.58329,0.066641,1,0.174002,0.470393
3.58354,-0.0800508,1,-0.0266358,0.470393
3.58379,-0.122993,1,-0.139709,0.470393
3.58404,-0.218408,1,-0.305329,0.470393
3.58429,-0.417606,1,-0.540905,0.470393
3.58454,-0.573109,0.291339,-0.699931,0.470393
3.58479,-0.478714,-1,-0.586934,0.470393
3.58504,-0.100585,-1,-0.154168,0.470393
3.58529,0.352184,-1,0.372118,0.470393
3.58554,0.598519,-1,0.687546,0.470393
3.58579,0.533984,-1,0.665652,0.470393
3.58604,0.300272,-0.307087,0.433116,0.470393
3.58629,0.114735,1,0.228475,0.470393
3.58654,0.0466889,1,0.107407,0.470393
3.58679,-0.0231744,1,-0.0292133,0.470393
3.58704,-0.224802,1,-0.300951,0.470393
3.58729,-0.506006,1,-0.623716,0.470393
3.58754,-0.646094,0.590551,-0.781651,0.470393
3.58779,-0.470131,-1,-0.584297,0.470393
3.58804,-0.0430851,-1,-0.106843,0.470393
3.58829,0.367703,-1,0.380484,0.470393
3.58854,0.528003,-1,0.603237,0.470393
3.58879,0.43473,-1,0.559513,0.470393
3.58904,0.274269,-0.551181,0.411691,0.470393
3.58929,0.200504,1,0.317517,0.470393
3.58954,0.175066,1,0.249939,0.470393
3.58979,0.0389513,1,0.0367653,0.470393
3.59004,-0.268459,1,-0.341149,0.470393
3.59029,-0.590629,1,-0.707593,0.470393
3.59054,-0.676107,0.84252,-0.807451,0.470393
3.59079,-0.422624,-1,-0.539818,0.470393
3.59104,0.00934837,-1,-0.0554278,0.470393
3.59129,0.340898,-1,0.342294,0.470393
3.59154,0.42374,-1,0.499796,0.470393
3.59179,0.345457,-1,0.469595,0.470393
3.59204,0.289645,-0.795276,0.431818,0.470393
3.59229,0.312919,1,0.43553,0.470393
3.59254,0.284788,1,0.365651,0.470393
3.59279,0.0557872,1,0.0649456,0.470393
3.59304,-0.336221,1,-0.395549,0.470393
3.59329,-0.651195,1,-0.768149,0.470393
3.59354,-0.657643,1,-0.788004,0.470393
3.59379,-0.35224,-1,-0.468548,0.470393
3.59404,0.0371741,-1,-0.0418646,0.470393
3.5943,0.269627,-1,0.262511,0.470393
3.59455,0.303436,-1,0.371368,0.470393
3.5948,0.285534,-1,0.400293,0.470393
3.59505,0.347041,-1,0.482591,0.470393
3.5953,0.432495,0.858268,0.561569,0.470393
3.59555,0.356918,1,0.441721,0.470393
3.5958,0.0287906,1,0.0423072,0.470393
3.59605,-0.407537,1,-0.470935,0.470393
3.5963,-0.670651,1,-0.787815,0.470393
3.59655,-0.595935,1,-0.735326,0.470393
3.5968,-0.280651,-0.811024,-0.414638,0.470393
3.59705,0.0241231,-1,-0.0635532,0.470393
3.5973,0.161317,-1,0.136265,0.470393
3.59755,0.189909,-1,0.245778,0.470393
3.5978,0.268805,-1,0.378777,0.470393
3.59805,0.436126,-1,0.572575,0.470393
3.5983,0.536485,0.598425,0.659872,0.470393
3.59855,0.3805,1,0.468457,0.470393
3.5988,-0.0299671,1,-0.00545061,0.470393
3.59905,-0.460252,1,-0.510179,0.470393
3.5993,-0.640909,1,-0.743264,0.470393
3.59955,-0.506329,1,-0.636433,0.470393
3.5998,-0.230804,-0.622047,-0.358067,0.470393
3.60005,-0.0344118,-1,-0.130549,0.470393
3.6003,0.0339297,-1,-0.000197555,0.470393
3.60055,0.105478,-1,0.143254,0.470393
3.6008,0.298512,-1,0.396381,0.470393
3.60105,0.538636,-1,0.669458,0.470393
3.6013,0.604489,0.354331,0.726286,0.470393
3.60155,0.355403,1,0.447316,0.470393
3.6018,-0.0989478,1,-0.0662344,0.470393
3.60205,-0.47471,1,-0.520509,0.470393
3.6023,-0.565269,1,-0.672905,0.470393
3.60255,-0.411166,1,-0.545988,0.470393
3.6028,-0.220326,-0.417323,-0.352665,0.470393
3.60305,-0.13353,-1,-0.226988,0.470393
3.6033,-0.0903037,-1,-0.123167,0.470393
3.60355,0.0659306,-1,0.103766,0.470393
3.6038,0.366236,-1,0.45791,0.470393
3.60405,0.630225,-1,0.76127,0.470393
3.6043,0.62258,0.149606,0.751314,0.470393
3.60455,0.293027,1,0.387716,0.470393
3.6048,-0.154294,1,-0.116196,0.470393
3.60505,-0.440248,1,-0.474755,0.470393
3.6053,-0.458393,1,-0.551449,0.470393
3.60555,-0.335587,1,-0.463716,0.470393
3.6058,-0.257898,-0.204724,-0.386558,0.470393
3.60605,-0.255902,-1,-0.362707,0.470393
3.6063,-0.185995,-1,-0.235805,0.470393
3.60655,0.0773236,-1,0.106219,0.470393
3.6068,0.452846,-1,0.541784,0.470393
3.60705,0.687716,-1,0.816849,0.470393
3.6073,0.589071,-0.023622,0.717056,0.470393
3.60755,0.215133,1,0.308958,0.470393
3.6078,-0.173322,1,-0.129432,0.470393
3.60805,-0.357907,1,-0.38254,0.470393
3.6083,-0.343351,1,-0.433139,0.470393
3.60855,-0.300019,1,-0.432233,0.470393
3.6088,-0.339315,0,-0.472361,0.470393
3.60905,-0.376911,-1,-0.484247,0.470393
3.6093,-0.234822,-1,-0.288473,0.470393
3.60955,0.131869,-1,0.151675,0.470393
3.6098,0.533018,-1,0.618001,0.470393
3.61005,0.695453,-1,0.816672,0.470393
3.6103,0.514408,-0.165354,0.639463,0.470393
3.61055,0.147856,1,0.255609,0.470393
3.6108,-0.143475,1,-0.0926575,0.470393
3.61105,-0.241662,1,-0.257957,0.470393
3.6113,-0.246912,1,-0.332107,0.470393
3.61155,-0.315269,1,-0.438189,0.470393
3.6118,-0.448264,0.228346,-0.578234,0.470393
3.61205,-0.471228,-1,-0.579543,0.470393
3.6123,-0.229308,-1,-0.280343,0.470393
3.61255,0.210805,-1,0.228749,0.470393
3.6128,0.581973,-1,0.661776,0.470393
3.61305,0.649501,-1,0.775461,0.470393
3.6133,0.420612,-0.299213,0.54881,0.470393
3.61355,0.115053,1,0.222219,0.470393
3.6138,-0.0640113,1,-0.00751333,0.470393
3.61405,-0.115243,1,-0.123804,0.470393
3.6143,-0.191857,1,-0.271868,0.470393
3.61455,-0.378833,1,-0.496158,0.470393
3.6148,-0.55945,0.433071,-0.688769,0.470393
3.61505,-0.517358,-1,-0.628751,0.470393
3.6153,-0.17598,-1,-0.230806,0.470393
3.61555,0.287253,-1,0.298085,0.470393
3.6158,0.581055,-1,0.662083,0.470393
3.61605,0.560107,-1,0.679563,0.470393
3.6163,0.335751,-0.409449,0.470018,0.470393
3.61655,0.132906,1,0.249225,0.470393
3.6168,0.0521268,1,0.117574,0.470393
3.61705,-0.00796656,1,-0.00921351,0.470393
3.6173,-0.19112,1,-0.265801,0.470393
3.61755,-0.473774,1,-0.596132,0.470393
3.6178,-0.644478,0.614173,-0.77311,0.470393
3.61805,-0.506636,-1,-0.619642,0.470393
3.6183,-0.0949012,-1,-0.153903,0.470393
3.61855,0.333546,-1,0.336957,0.470393
3.6188,0.525282,-1,0.597847,0.470393
3.61906,0.450243,-1,0.577286,0.470393
3.61931,0.286507,-0.535433,0.424077,0.470393
3.61956,0.203177,1,0.322684,0.470393
3.61981,0.179292,1,0.247,0.470393
3.62006,0.0562881,1,0.0604129,0.470393
3.62031,-0.242729,1,-0.310631,0.470393
3.62056,-0.573655,1,-0.689932,0.470393
3.62081,-0.681003,0.76378,-0.815444,0.470393
3.62106,-0.445165,-1,-0.562458,0.470393
3.62131,-0.0138518,-1,-0.0785036,0.470393
3.62156,0.330117,-1,0.330098,0.470393
3.62181,0.424947,-1,0.494008,0.470393
3.62206,0.349289,-1,0.470589,0.470393
3.62231,0.290094,-0.661417,0.430131,0.470393
3.62256,0.312087,1,0.431735,0.470393
3.62281,0.287963,1,0.357195,0.470393
3.62306,0.063092,1,0.0722806,0.470393
3.62331,-0.32912,1,-0.392414,0.470393
3.62356,-0.648617,1,-0.758782,0.470393
3.62381,-0.659034,0.874016,-0.790918,0.470393
3.62406,-0.353751,-1,-0.46444,0.470393
3.62431,0.0373721,-1,-0.0321459,0.470393
3.62456,0.270377,-1,0.2673,0.467767
3.62481,0.303108,-1,0.367201,0.467767
3.62506,0.285776,-1,0.404145,0.467767
3.62531,0.348819,-0.80315,0.489297,0.467767
3.62556,0.433099,1,0.5509,0.467767
3.62581,0.350884,1,0.425426,0.467767
3.62606,0.0145199,1,0.0273855,0.467767
3.62631,-0.422075,1,-0.488858,0.467767
3.62656,-0.674452,1,-0.785378,0.467767
3.62681,-0.584848,0.952756,-0.716892,0.467767
3.62706,-0.262921,-1,-0.378615,0.467767
3.62731,0.036676,-1,-0.0403765,0.467767
3.62756,0.164792,-1,0.155524,0.467767
3.62781,0.192131,-1,0.25794,0.467767
3.62806,0.278475,-1,0.399167,0.467767
3.62831,0.448906,-0.944882,0.589174,0.467767
3.62856,0.535092,0.905512,0.662578,0.467767
3.62881,0.353872,1,0.437552,0.467767
3.62906,-0.0711243,1,-0.0577511,0.467767
3.62931,-0.490215,1,-0.556265,0.467767
3.62956,-0.640457,1,-0.754102,0.467767
3.62981,-0.480545,1,-0.620313,0.467767
3.63006,-0.203493,-0.992126,-0.330516,0.467767
3.63031,-0.022035,-1,-0.111085,0.467767
3.63056,0.0380653,-1,0.0222777,0.467767
3.63081,0.121305,-1,0.172911,0.467767
3.63106,0.329558,-1,0.444737,0.467767
3.63131,0.561672,-1,0.692017,0.467767
3.63156,0.589733,0.787402,0.707318,0.467767
3.63181,0.299295,1,0.381799,0.467767
3.63206,-0.164245,1,-0.152723,0.467767
3.63231,-0.508137,1,-0.567768,0.467767
3.63256,-0.553517,1,-0.66731,0.467767
3.63281,-0.378177,1,-0.516195,0.467767
3.63306,-0.198413,-0.897638,-0.33048,0.467767
3.63331,-0.127396,-1,-0.210814,0.467767
3.63356,-0.0754215,-1,-0.0936622,0.467767
3.63381,0.110619,-1,0.162005,0.467767
3.63406,0.423751,-1,0.532787,0.467767
3.63431,0.654354,-1,0.786373,0.467767
3.63456,0.581921,0.700787,0.700326,0.467767
3.63481,0.206753,1,0.283712,0.467767
3.63506,-0.230219,1,-0.215216,0.467767
3.63531,-0.464386,1,-0.517525,0.467767
3.63556,-0.437648,1,-0.550619,0.467767
3.63581,-0.311111,1,-0.448674,0.467767
3.63606,-0.254096,-0.795276,-0.377237,0.467767
3.63631,-0.252559,-1,-0.341243,0.467767
3.63656,-0.144425,-1,-0.165224,0.467767
3.63681,0.161373,-1,0.209511,0.467767
3.63706,0.530304,-1,0.633436,0.467767
3.63731,0.697017,-1,0.828381,0.467767
3.63756,0.515358,0.653543,0.637285,0.467767
3.63781,0.109041,1,0.192873,0.467767
3.63806,-0.243331,1,-0.220159,0.467767
3.63831,-0.367585,1,-0.416898,0.467767
3.63856,-0.327349,1,-0.430855,0.467767
3.63881,-0.302298,1,-0.439246,0.467767
3.63906,-0.357352,-0.677165,-0.478474,0.467767
3.63931,-0.361675,-1,-0.45079,0.467767
3.63956,-0.15042,-1,-0.17984,0.467767
3.63981,0.254979,-1,0.303562,0.467767
3.64006,0.614105,-1,0.716569,0.467767
3.64031,0.675307,-1,0.804424,0.467767
3.64056,0.412113,0.637795,0.540365,0.467767
3.64081,0.0418067,1,0.133538,0.467767
3.64106,-0.193237,1,-0.162993,0.467767
3.64131,-0.244672,1,-0.293348,0.467767
3.64156,-0.257245,1,-0.359711,0.467767
3.64181,-0.357015,1,-0.486399,0.467767
3.64206,-0.478189,-0.566929,-0.598775,0.467767
3.64231,-0.422817,-1,-0.513386,0.467767
3.64256,-0.093212,-1,-0.115058,0.467767
3.64281,0.35953,-1,0.409233,0.467767
3.64306,0.645021,-1,0.745212,0.467767
3.64331,0.595005,-1,0.723259,0.467767
3.64356,0.30792,0.622047,0.438717,0.467767
3.64382,0.0315178,1,0.118096,0.467767
3.64407,-0.0903037,1,-0.0586321,0.467767
3.64432,-0.132401,1,-0.17756,0.467767
3.64457,-0.250113,1,-0.35452,0.467767
3.64482,-0.459209,1,-0.584279,0.467767
3.64507,-0.579035,-0.480315,-0.699387,0.467767
3.64532,-0.416876,-1,-0.503491,0.467767
3.64557,0.00615968,-1,-0.0167991,0.467767
3.64582,0.436736,-1,0.483654,0.467767
3.64607,0.609408,-1,0.711979,0.467767
3.64632,0.48131,-1,0.612899,0.467767
3.64657,0.240053,0.598425,0.364244,0.467767
3.64682,0.0868346,1,0.175044,0.467767
3.64707,0.0345681,1,0.0652074,0.467767
3.64732,-0.066277,1,-0.10832,0.467767
3.64757,-0.308961,1,-0.403108,0.467767
3.64782,-0.575793,1,-0.701595,0.467767
3.64807,-0.626853,-0.425197,-0.744611,0.467767
3.64832,-0.347281,-1,-0.43506,0.467767
3.64857,0.111923,-1,0.0813545,0.467767
3.64882,0.457109,-1,0.498546,0.467767
3.64907,0.516659,-1,0.618399,0.467767
3.64932,0.372911,-1,0.502916,0.467767
3.64957,0.234063,0.559055,0.366343,0.467767
3.64982,0.193366,1,0.290172,0.467767
3.65007,0.143096,1,0.17789,0.467767
3.65032,-0.0675238,1,-0.106922,0.467767
3.65057,-0.413489,1,-0.511469,0.467767
3.65082,-0.666971,1,-0.797832,0.467767
3.65107,-0.605263,-0.401575,-0.724985,0.467767
3.65132,-0.238797,-1,-0.328981,0.467767
3.65157,0.184399,-1,0.160147,0.467767
3.65182,0.40942,-1,0.452008,0.467767
3.65207,0.395608,-1,0.500342,0.467767
3.65232,0.307842,-1,0.443699,0.467767
3.65257,0.295736,0.503937,0.420523,0.467767
3.65282,0.317257,1,0.414172,0.467767
3.65307,0.198526,1,0.236004,0.467767
3.65332,-0.136321,1,-0.172193,0.467767
3.65357,-0.527452,1,-0.629346,0.467767
3.65382,-0.699946,1,-0.830647,0.467767
3.65407,-0.52107,-0.425197,-0.640699,0.467767
3.65432,-0.131403,-1,-0.219567,0.467767
3.65457,0.194336,-1,0.160877,0.467767
3.65482,0.306159,-1,0.344599,0.467767
3.65507,0.288078,-1,0.383778,0.467767
3.65532,0.310614,-1,0.441443,0.467767
3.65557,0.405933,0.440945,0.531087,0.467767
3.65582,0.416708,1,0.512175,0.467767
3.65607,0.182007,1,0.209773,0.467767
3.65632,-0.247047,1,-0.289423,0.467767
3.65657,-0.609089,1,-0.712452,0.467767
3.65682,-0.661202,1,-0.785795,0.467767
3.65707,-0.404185,-0.456693,-0.532159,0.467767
3.65732,-0.0650276,-1,-0.153018,0.467767
3.65757,0.134734,-1,0.100955,0.467767
3.65782,0.182205,-1,0.217398,0.467767
3.65807,0.231987,-1,0.330918,0.467767
3.65832,0.382113,-1,0.510526,0.467767
3.65857,0.527086,0.393701,0.651086,0.467767
3.65882,0.456614,1,0.549518,0.467767
3.65907,0.0997685,1,0.130324,0.467767
3.65932,-0.359651,1,-0.398121,0.467767
3.65957,-0.626608,1,-0.72476,0.467767
3.65982,-0.562926,1,-0.69553,0.467767
3.66007,-0.296973,-0.496063,-0.424154,0.467767
3.66032,-0.0667416,-1,-0.16388,0.467767
3.66057,0.0241056,-1,-0.0087396,0.467767
3.66082,0.0814996,-1,0.119239,0.467767
3.66107,0.249068,-1,0.347054,0.467767
3.66132,0.497739,-1,0.61947,0.467767
3.66157,0.614912,0.370079,0.735612,0.467767
3.66182,0.421454,1,0.507158,0.467767
3.66207,-0.0192803,1,0.00509911,0.467767
3.66232,-0.430964,1,-0.469839,0.467767
3.66257,-0.57131,1,-0.669731,0.467767
3.66282,-0.440671,1,-0.575077,0.467767
3.66307,-0.240718,-0.519685,-0.363242,0.467767
3.66332,-0.138777,-1,-0.235767,0.467767
3.66357,-0.0983537,-1,-0.132725,0.467767
3.66382,0.0412917,-1,0.0781959,0.467767
3.66407,0.334856,-1,0.434317,0.467767
3.66432,0.615318,-1,0.739662,0.467767
3.66457,0.635747,0.377953,0.75764,0.467767
3.66482,0.32316,1,0.408081,0.467767
3.66507,-0.129637,1,-0.10307,0.467767
3.66532,-0.432274,1,-0.477399,0.467767
3.66557,-0.461518,1,-0.56199,0.467767
3.66582,-0.339505,1,-0.469375,0.467767
3.66607,-0.258465,-0.519685,-0.388419,0.467767
3.66632,-0.255917,-1,-0.353514,0.467767
3.66657,-0.186565,-1,-0.215752,0.467767
3.66682,0.0785455,-1,0.113487,0.467767
3.66707,0.457442,-1,0.559199,0.467767
3.66732,0.689462,-1,0.815741,0.467767
3.66757,0.580342,0.433071,0.704446,0.467767
3.66782,0.197461,1,0.283805,0.467767
3.66807,-0.188562,1,-0.159867,0.467767
3.66832,-0.361327,1,-0.399087,0.467767
3.66858,-0.339286,1,-0.438233,0.467767
3.66883,-0.299938,1,-0.432498,0.467767
3.66908,-0.345351,-0.511811,-0.471554,0.467767
3.66933,-0.373498,-1,-0.463982,0.467767
3.66958,-0.205606,-1,-0.233549,0.467767
3.66983,0.181007,-1,0.221772,0.467767
3.67008,0.570377,-1,0.668946,0.467767
3.67033,0.690232,-1,0.822583,0.467767
3.67058,0.4677,0.503937,0.593634,0.467767
3.67083,0.0939541,1,0.180304,0.467767
3.67108,-0.171774,1,-0.143286,0.467767
3.67133,-0.244137,1,-0.28956,0.467767
3.67158,-0.251496,1,-0.348982,0.467767
3.67183,-0.338871,1,-0.465699,0.467767
3.67208,-0.468215,-0.496063,-0.595276,0.467767
3.67233,-0.444974,-1,-0.536778,0.467767
3.67258,-0.144675,-1,-0.171798,0.467767
3.67283,0.310317,-1,0.354929,0.467767
3.67308,0.62904,-1,0.732192,0.467767
3.67333,0.615252,-1,0.749826,0.467767
3.67358,0.341098,0.590551,0.464379,0.467767
3.67383,0.0526144,1,0.142548,0.467767
3.67408,-0.0850334,1,-0.0596606,0.467767
3.67433,-0.127531,1,-0.172607,0.467767
3.67458,-0.235419,1,-0.333117,0.467767
3.67483,-0.442624,1,-0.568077,0.467767
3.67508,-0.578319,-0.503937,-0.702462,0.467767
3.67533,-0.438508,-1,-0.527023,0.467767
3.67558,-0.0253962,-1,-0.0535732,0.467767
3.67583,0.416051,-1,0.458365,0.467767
3.67608,0.60856,-1,0.71095,0.467767
3.67633,0.492953,-1,0.620653,0.467767
3.67658,0.25056,0.669291,0.378306,0.467767
3.67683,0.0907393,1,0.176084,0.467767
3.67708,0.0363634,1,0.0599839,0.467767
3.67733,-0.0604863,1,-0.0998224,0.467767
3.67758,-0.300049,1,-0.399256,0.467767
3.67783,-0.570882,1,-0.700957,0.467767
3.67808,-0.629269,-0.559055,-0.746159,0.467767
3.67833,-0.354109,-1,-0.438356,0.467767
3.67858,0.106547,-1,0.0852043,0.467767
3.67883,0.455611,-1,0.503869,0.467767
3.67908,0.516814,-1,0.624914,0.467767
3.67933,0.372694,-1,0.507498,0.467767
3.67958,0.233409,0.732283,0.359805,0.467767
3.67983,0.19307,1,0.280562,0.467767
3.68008,0.140977,1,0.165596,0.467767
3.68033,-0.0736033,1,-0.123381,0.467767
3.68058,-0.421824,1,-0.524085,0.467767
3.68083,-0.670353,1,-0.79766,0.467767
3.68108,-0.597015,-0.653543,-0.719914,0.467767
3.68133,-0.221921,-1,-0.301773,0.467767
3.68158,0.199146,-1,0.179936,0.467767
3.68183,0.4129,-1,0.461617,0.467767
3.68208,0.391235,-1,0.493532,0.467767
3.68233,0.304575,-1,0.439692,0.467767
3.68258,0.297681,0.771654,0.424425,0.467767
3.68283,0.315544,1,0.401972,0.467767
3.68308,0.18177,1,0.200414,0.467767
3.68333,-0.166536,1,-0.214384,0.467767
3.68358,-0.552239,1,-0.658148,0.467767
3.68383,-0.698287,1,-0.824806,0.467767
3.68408,-0.491499,-0.771654,-0.610558,0.467767
3.68433,-0.0949119,-1,-0.174247,0.467767
3.68458,0.214557,-1,0.199864,0.467767
3.68483,0.307101,-1,0.359782,0.467767
3.68508,0.286036,-1,0.394112,0.467767
3.68533,0.319105,-0.937008,0.453756,0.467767
3.68558,0.415405,0.795276,0.534029,0.467767
3.68583,0.403107,1,0.487789,0.467767
3.68608,0.135537,1,0.149851,0.467767
3.68633,-0.303789,1,-0.360222,0.467767
3.68658,-0.636709,1,-0.738109,0.467767
3.68683,-0.640724,0.984252,-0.770059,0.467767
3.68708,-0.354384,-0.897638,-0.477779,0.467767
3.68733,-0.0240941,-1,-0.100441,0.467767
3.68758,0.148707,-1,0.129666,0.467767
3.68783,0.185501,-1,0.237972,0.467767
3.68808,0.249421,-1,0.357192,0.467767
3.68833,0.411749,-0.889764,0.546039,0.467767
3.68858,0.535122,0.84252,0.65137,0.467767
3.68883,0.413539,1,0.491805,0.467767
3.68908,0.017027,1,0.0339952,0.467767
3.68933,-0.429858,1,-0.490644,0.467767
3.68958,-0.639273,1,-0.747028,0.467767
3.68983,-0.520458,0.834646,-0.651969,0.467767
3.69008,-0.242725,-1,-0.361072,0.467767
3.69033,-0.0382079,-1,-0.114059,0.467767
3.69058,0.0329597,-1,0.0173021,0.467767
3.69083,0.104674,-1,0.163477,0.467767
3.69108,0.300808,-1,0.40552,0.467767
3.69133,0.543268,-0.834646,0.671,0.467767
3.69158,0.600916,0.92126,0.707776,0.467767
3.69183,0.335062,1,0.401372,0.467767
3.69208,-0.128918,1,-0.130333,0.467767
3.69233,-0.493418,1,-0.555048,0.467767
3.69258,-0.5589,1,-0.671289,0.467767
3.69283,-0.389023,0.685039,-0.524088,0.467767
3.69308,-0.203887,-1,-0.325082,0.467767
3.69334,-0.128844,-1,-0.197283,0.467767
3.69359,-0.0778153,-1,-0.0840612,0.467767
3.69384,0.106752,-1,0.172443,0.467767
3.69409,0.42186,-1,0.538116,0.467767
3.69434,0.654574,-0.748031,0.783782,0.467767
3.69459,0.578759,1,0.690659,0.467767
3.69484,0.196586,1,0.262898,0.467767
3.69509,-0.241657,1,-0.238086,0.467767
3.69534,-0.467602,1,-0.539284,0.467767
3.69559,-0.431979,1,-0.551935,0.467767
3.69584,-0.304948,0.551181,-0.437906,0.467767
3.69609,-0.253574,-1,-0.365207,0.467767
3.69634,-0.250299,-1,-0.318291,0.467767
3.69659,-0.125866,-1,-0.123256,0.467767
3.69684,0.197012,-1,0.262462,0.467767
3.69709,0.561349,-1,0.67219,0.467767
3.69734,0.694134,-0.622047,0.824638,0.467767
3.69759,0.473,1,0.582924,0.467767
3.69784,0.0544086,1,0.119874,0.467767
3.69809,-0.275603,1,-0.285117,0.467767
3.69834,-0.367987,1,-0.43812,0.467767
3.69859,-0.318514,1,-0.433882,0.467767
3.69884,-0.307327,0.440945,-0.440194,0.467767
3.69909,-0.36742,-1,-0.479796,0.467767
3.69934,-0.341941,-1,-0.405646,0.467767
3.69959,-0.0822057,-1,-0.082627,0.467767
3.69984,0.341464,-1,0.416003,0.467767
3.70009,0.65723,-1,0.770391,0.467767
3.70034,0.640462,-0.456693,0.76799,0.467767
3.70059,0.326182,1,0.430644,0.467767
3.70084,-0.0327696,1,0.0239013,0.467767
3.70109,-0.219222,1,-0.229758,0.467767
3.70134,-0.244392,1,-0.320464,0.467767
3.70159,-0.273991,1,-0.389106,0.467767
3.70184,-0.395857,0.346457,-0.52451,0.467767
3.70209,-0.488612,-1,-0.594201,0.467767
3.70234,-0.35265,-1,-0.412524,0.467767
3.70259,0.0432747,-1,0.0522985,0.467767
3.70284,0.479011,-1,0.550556,0.467767
3.70309,0.666069,-1,0.781313,0.467767
3.70334,0.515061,-0.267717,0.643114,0.467767
3.70359,0.20183,1,0.308061,0.467767
3.70384,-0.0285979,1,0.0250584,0.467767
3.70409,-0.105797,1,-0.113543,0.467767
3.70434,-0.160878,1,-0.240916,0.467767
3.70459,-0.324011,1,-0.437813,0.467767
3.70484,-0.528682,0.251969,-0.65151,0.467767
3.70509,-0.554216,-1,-0.655052,0.467767
3.70534,-0.268155,-1,-0.324317,0.467767
3.70559,0.199958,-1,0.214681,0.467767
3.70584,0.549643,-1,0.628102,0.467767
3.70609,0.584217,-1,0.708406,0.467767
3.70634,0.375308,-0.0787402,0.503867,0.467767
3.70659,0.154671,1,0.256287,0.467767
3.70684,0.0576378,1,0.106706,0.467767
3.70709,0.00353133,1,-0.0145966,0.467767
3.70734,-0.165462,1,-0.240779,0.467767
3.70759,-0.449226,1,-0.569273,0.467767
3.70784,-0.640744,0.125984,-0.760691,0.467767
3.70809,-0.525213,-1,-0.626777,0.467767
3.70834,-0.117917,-1,-0.164845,0.467767
3.70859,0.321355,-1,0.343647,0.467767
3.70884,0.524313,-1,0.606488,0.467767
3.70909,0.45132,-1,0.572804,0.467767
3.70934,0.28573,0.0787402,0.414638,0.467767
3.70959,0.202725,1,0.306754,0.467767
3.70984,0.177831,1,0.227511,0.467767
3.71009,0.0461316,1,0.0242357,0.467767
3.71034,-0.263863,1,-0.343397,0.467767
3.71059,-0.592051,1,-0.707115,0.467767
3.71084,-0.673782,-0.023622,-0.798545,0.467767
3.71109,-0.406043,-1,-0.497289,0.467767
3.71134,0.0351787,-1,-0.00970622,0.467767
3.71159,0.356903,-1,0.383729,0.467767
3.71184,0.420058,-1,0.507496,0.467767
3.71209,0.335057,-1,0.464297,0.467767
3.71234,0.289433,0.220472,0.416953,0.467767
3.71259,0.316653,1,0.418267,0.467767
3.71284,0.262229,1,0.305754,0.467767
3.71309,-0.0107785,1,-0.033117,0.467767
3.71334,-0.417091,1,-0.50065,0.467767
3.71359,-0.684055,1,-0.809062,0.467767
3.71384,-0.606181,-0.23622,-0.729238,0.467767
3.71409,-0.247111,-1,-0.335224,0.467767
3.71434,0.124183,-1,0.0856287,0.467767
3.71459,0.296023,-1,0.327027,0.467767
3.71484,0.294534,-1,0.381543,0.467767
3.71509,0.295631,-1,0.421565,0.467767
3.71534,0.383054,0.354331,0.504097,0.467767
3.71559,0.432498,1,0.519348,0.467767
3.71584,0.256549,1,0.292377,0.467767
3.71609,-0.151183,1,-0.188674,0.467767
3.71634,-0.555577,1,-0.650179,0.467767
3.71659,-0.679411,1,-0.799284,0.467767
3.71684,-0.465935,-0.472441,-0.589427,0.467767
3.71709,-0.118887,-1,-0.210447,0.467767
3.71734,0.114438,-1,0.085131,0.467767
3.71759,0.179023,-1,0.221626,0.467767
3.71784,0.218541,-1,0.318813,0.467767
3.7181,0.356788,-1,0.479365,0.467767
3.71835,0.516115,0.488189,0.637317,0.467767
3.7186,0.481685,1,0.570163,0.467767
3.71885,0.150495,1,0.180768,0.467767
3.7191,-0.316412,1,-0.358088,0.467767
3.71935,-0.61529,1,-0.715373,0.467767
3.7196,-0.579929,1,-0.705672,0.467767
3.71985,-0.31885,-0.700787,-0.439889,0.467767
3.7201,-0.0779102,-1,-0.165969,0.467767
3.72035,0.0213481,-1,-0.00822644,0.467767
3.7206,0.0766065,-1,0.117836,0.467767
3.72085,0.239641,-1,0.337548,0.467767
3.7211,0.490437,-1,0.618872,0.467767
3.72135,0.615428,0.653543,0.737264,0.467767
3.7216,0.426341,1,0.50328,0.467767
3.72185,-0.0167887,1,0.00373662,0.467767
3.7221,-0.432147,1,-0.487319,0.467767
3.72235,-0.570879,1,-0.680937,0.467767
3.7226,-0.436146,0.850394,-0.563866,0.467767
3.72285,-0.235859,-0.889764,-0.360128,0.467767
3.7231,-0.13712,-1,-0.224231,0.467767
3.72335,-0.0951886,-1,-0.119138,0.467767
3.7236,0.0546123,-1,0.099003,0.467767
3.72385,0.356685,-1,0.451562,0.467767
3.7241,0.628282,-0.858268,0.745029,0.467767
3.72435,0.621123,0.866142,0.725627,0.467767
3.7246,0.281947,1,0.355194,0.466554
3.72485,-0.171692,1,-0.169769,0.466554
3.7251,-0.448742,1,-0.509761,0.466554
3.72535,-0.450986,1,-0.560007,0.466554
3.7256,-0.323786,0.622047,-0.448133,0.466554
3.72585,-0.255271,-1,-0.3722,0.466554
3.7261,-0.254256,-1,-0.324106,0.466554
3.72635,-0.158898,-1,-0.160734,0.466554
3.7266,0.139257,-1,0.199153,0.466554
3.72685,0.516224,-1,0.627498,0.466554
3.7271,0.696986,-0.653543,0.824368,0.466554
3.72735,0.521283,1,0.624935,0.466554
3.7276,0.110945,1,0.165513,0.466554
3.72785,-0.245678,1,-0.249227,0.466554
3.7281,-0.368081,1,-0.439479,0.466554
3.72835,-0.325161,1,-0.442467,0.466554
3.7286,-0.303491,0.425197,-0.436613,0.466554
3.72885,-0.361335,-1,-0.472721,0.466554
3.7291,-0.35473,-1,-0.416228,0.466554
3.72935,-0.119576,-1,-0.115184,0.466554
3.7296,0.299593,-1,0.370034,0.466554
3.72985,0.639995,-1,0.755031,0.466554
3.7301,0.656474,-0.393701,0.786822,0.466554
3.73035,0.358473,1,0.461119,0.466554
3.7306,-0.00866291,1,0.0477468,0.466554
3.73085,-0.212703,1,-0.221847,0.466554
3.7311,-0.244407,1,-0.315372,0.466554
3.73135,-0.269017,1,-0.38714,0.466554
3.7316,-0.386801,0.251969,-0.5167,0.466554
3.73185,-0.487935,-1,-0.597833,0.466554
3.7321,-0.367614,-1,-0.418592,0.466554
3.73235,0.0204382,-1,0.0324242,0.466554
3.7326,0.463028,-1,0.537371,0.466554
3.73285,0.665509,-1,0.777624,0.466554
3.7331,0.524923,-0.110236,0.645553,0.466554
3.73335,0.211562,1,0.312057,0.466554
3.7336,-0.02488,1,0.0217534,0.466554
3.73385,-0.105171,1,-0.12366,0.466554
3.7341,-0.159167,1,-0.242618,0.466554
3.73435,-0.321275,1,-0.433301,0.466554
3.7346,-0.527341,0.0708661,-0.65196,0.466554
3.73485,-0.554776,-1,-0.649934,0.466554
3.7351,-0.268012,-1,-0.315154,0.466554
3.73535,0.201781,-1,0.2298,0.466554
3.7356,0.551392,-1,0.633868,0.466554
3.73585,0.582476,-1,0.702978,0.466554
3.7361,0.370651,0.15748,0.497954,0.466554
3.73635,0.151186,1,0.248665,0.466554
3.7366,0.0565198,1,0.104779,0.466554
3.73685,0.000530175,1,-0.0192826,0.466554
3.7371,-0.174211,1,-0.263891,0.466554
3.73735,-0.460473,1,-0.57901,0.466554
3.7376,-0.643021,-0.133858,-0.765664,0.466554
3.73785,-0.510602,-1,-0.606291,0.466554
3.7381,-0.0922804,-1,-0.131488,0.466554
3.73835,0.341458,-1,0.375566,0.466554
3.7386,0.526758,-1,0.618553,0.466554
3.73885,0.440761,-1,0.566539,0.466554
3.7391,0.276007,0.401575,0.399558,0.466554
3.73935,0.200011,1,0.289887,0.466554
3.7396,0.173384,1,0.210183,0.466554
3.73985,0.0261473,1,-0.0048187,0.466554
3.7401,-0.296216,1,-0.389478,0.466554
3.74035,-0.613677,1,-0.729029,0.466554
3.7406,-0.662339,-0.393701,-0.781097,0.466554
3.74085,-0.364244,-1,-0.454038,0.466554
3.7411,0.0794482,-1,0.0496431,0.466554
3.74135,0.376521,-1,0.418799,0.466554
3.7416,0.414124,-1,0.512867,0.466554
3.74185,0.324696,-1,0.44725,0.466554
3.7421,0.290714,0.606299,0.417189,0.466554
3.74235,0.318243,1,0.405111,0.466554
3.7426,0.239201,1,0.264549,0.466554
3.74286,-0.0638738,1,-0.110193,0.466554
3.74311,-0.470209,1,-0.568846,0.466554
3.74336,-0.696106,1,-0.825647,0.466554
3.74361,-0.564838,-0.700787,-0.684279,0.466554
3.74386,-0.183012,-1,-0.262009,0.466554
3.74411,0.167368,-1,0.145328,0.466554
3.74436,0.303565,-1,0.352782,0.466554
3.74461,0.289705,-1,0.394878,0.466554
3.74486,0.305513,-0.787402,0.431133,0.466554
3.74511,0.40049,0.80315,0.517907,0.466554
3.74536,0.421144,1,0.504748,0.466554
3.74561,0.193978,1,0.216903,0.466554
3.74586,-0.238339,1,-0.283094,0.466554
3.74611,-0.607623,1,-0.703273,0.466554
3.74636,-0.660275,0.732283,-0.781526,0.466554
3.74661,-0.396751,-1,-0.505476,0.466554
3.74686,-0.0552034,-1,-0.120206,0.466554
3.74711,0.139528,-1,0.134707,0.466554
3.74736,0.183647,-1,0.246825,0.466554
3.74761,0.239767,-1,0.344148,0.466554
3.74786,0.398086,-0.582677,0.51834,0.466554
3.74811,0.532634,1,0.634588,0.466554
3.74836,0.428851,1,0.48866,0.466554
3.74861,0.0402845,1,0.0368176,0.466554
3.74886,-0.414939,1,-0.489588,0.466554
3.74911,-0.638023,1,-0.757079,0.466554
3.74936,-0.525787,0.409449,-0.654291,0.466554
3.74961,-0.246323,-1,-0.355192,0.466554
3.74986,-0.0387393,-1,-0.100135,0.466554
3.75011,0.0329855,-1,0.0458137,0.466554
3.75036,0.10668,-1,0.182039,0.466554
3.75061,0.306595,-1,0.430639,0.466554
3.75086,0.549026,-0.362205,0.675347,0.466554
3.75111,0.596626,1,0.709569,0.466554
3.75136,0.314999,1,0.374325,0.466554
3.75161,-0.155373,1,-0.163198,0.466554
3.75186,-0.507651,1,-0.585766,0.466554
3.75211,-0.551859,1,-0.67112,0.466554
3.75236,-0.370886,0.0944882,-0.499465,0.466554
3.75261,-0.192043,-1,-0.300265,0.466554
3.75286,-0.125332,-1,-0.179082,0.466554
3.75311,-0.0656863,-1,-0.0588176,0.466554
3.75336,0.140332,-1,0.216789,0.466554
3.75361,0.462415,-1,0.574325,0.466554
3.75386,0.665528,-0.0944882,0.784185,0.466554
3.75411,0.537928,1,0.630583,0.466554
3.75436,0.124034,1,0.167271,0.466554
3.75461,-0.298052,1,-0.315298,0.466554
3.75486,-0.477378,1,-0.55785,0.466554
3.75511,-0.409032,1,-0.527193,0.466554
3.75536,-0.286983,-0.173228,-0.409537,0.466554
3.75561,-0.25374,-1,-0.346142,0.466554
3.75586,-0.240231,-1,-0.279205,0.466554
3.75611,-0.0709218,-1,-0.0474077,0.466554
3.75636,0.28586,-1,0.376429,0.466554
3.75661,0.622329,-1,0.740708,0.466554
3.75686,0.671204,0.212598,0.789941,0.466554
3.75711,0.374449,1,0.460661,0.466554
3.75736,-0.0510214,1,-0.0201855,0.466554
3.75761,-0.323967,1,-0.360827,0.466554
3.75786,-0.360235,1,-0.459119,0.466554
3.75811,-0.305521,1,-0.43001,0.466554
3.75836,-0.322161,-0.417323,-0.443131,0.466554
3.75861,-0.3783,-1,-0.476008,0.466554
3.75886,-0.287403,-1,-0.321433,0.466554
3.75911,0.0482159,-1,0.0781444,0.466554
3.75936,0.473238,-1,0.570011,0.466554
3.75961,0.693462,-1,0.820055,0.466554
3.75986,0.553631,0.559055,0.678628,0.466554
3.76011,0.187428,1,0.277749,0.466554
3.76036,-0.126423,1,-0.0967442,0.466554
3.76061,-0.240051,1,-0.278878,0.466554
3.76086,-0.246085,1,-0.338757,0.466554
3.76111,-0.313438,0.897638,-0.438586,0.466554
3.76136,-0.449042,-0.645669,-0.566112,0.466554
3.76161,-0.468111,-1,-0.547062,0.466554
3.76186,-0.209581,-1,-0.23482,0.466554
3.76211,0.244676,-1,0.295741,0.466554
3.76236,0.603813,-1,0.698475,0.466554
3.76261,0.634662,-0.795276,0.759108,0.466554
3.76286,0.375566,0.897638,0.489804,0.466554
3.76311,0.0740693,1,0.151189,0.466554
3.76336,-0.0798332,1,-0.0665059,0.466554
3.76361,-0.124055,1,-0.172558,0.466554
3.76386,-0.226429,1,-0.327777,0.466554
3.76411,-0.434336,0.653543,-0.556311,0.466554
3.76436,-0.577705,-0.905512,-0.679273,0.466554
3.76461,-0.442604,-1,-0.501564,0.466554
3.76486,-0.0253442,-1,-0.0260889,0.466554
3.76511,0.420668,-1,0.486564,0.466554
3.76536,0.609353,-1,0.720522,0.466554
3.76561,0.483818,-0.425197,0.606301,0.466554
3.76586,0.238824,1,0.345886,0.466554
3.76611,0.0849257,1,0.146917,0.466554
3.76636,0.0326281,1,0.0249278,0.466554
3.76661,-0.0767442,1,-0.149567,0.466554
3.76686,-0.33154,1,-0.447983,0.466554
3.76711,-0.593599,0.385827,-0.718527,0.466554
3.76736,-0.611436,-1,-0.713236,0.466554
3.76762,-0.291427,-1,-0.340577,0.466554
3.76787,0.177276,-1,0.194473,0.466554
3.76812,0.487691,-1,0.57034,0.466554
3.76837,0.499261,-1,0.621259,0.466554
3.76862,0.33828,-0.0787402,0.463288,0.466554
3.76887,0.217838,1,0.325268,0.466554
3.76912,0.188659,1,0.246746,0.466554
3.76937,0.107328,1,0.0973673,0.466554
3.76962,-0.156462,1,-0.229134,0.466554
3.76987,-0.509608,1,-0.624698,0.466554
3.77012,-0.686979,0.0551181,-0.812171,0.466554
3.77037,-0.509716,-1,-0.600678,0.466554
3.77062,-0.0829721,-1,-0.126593,0.466554
3.77087,0.297083,-1,0.317254,0.466554
3.77112,0.425881,-1,0.511309,0.466554
3.77137,0.35804,-1,0.47312,0.466554
3.77162,0.290983,0.220472,0.415264,0.466554
3.77187,0.310581,1,0.405903,0.466554
3.77212,0.290418,1,0.331251,0.466554
3.77237,0.0633025,1,0.033504,0.466554
3.77262,-0.338157,1,-0.426897,0.466554
3.77287,-0.656829,1,-0.77798,0.466554
3.77312,-0.646777,-0.307087,-0.769128,0.466554
3.77337,-0.317671,-1,-0.408487,0.466554
3.77362,0.0745174,-1,0.0412692,0.466554
3.77387,0.284637,-1,0.320446,0.466554
3.77412,0.298901,-1,0.391242,0.466554
3.77437,0.290072,-1,0.415881,0.466554
3.77462,0.369774,0.488189,0.491283,0.466554
3.77487,0.435683,1,0.526426,0.466554
3.77512,0.28932,1,0.320936,0.466554
3.77537,-0.105183,1,-0.142809,0.466554
3.77562,-0.5268,1,-0.621669,0.466554
3.77587,-0.683172,0.96063,-0.804265,0.466554
3.77612,-0.489776,-0.700787,-0.610396,0.466554
3.77637,-0.139756,-1,-0.222176,0.466554
3.77662,0.106615,-1,0.0856097,0.466554
3.77687,0.178314,-1,0.224125,0.466554
3.77712,0.215547,-1,0.317799,0.466554
3.77737,0.351386,-0.748031,0.47737,0.466554
3.77762,0.51409,0.76378,0.628324,0.466554
3.77787,0.483747,1,0.562872,0.466554
3.77812,0.151568,1,0.171652,0.466554
3.77837,-0.318431,1,-0.36476,0.466554
3.77862,-0.617111,1,-0.715949,0.466554
3.77887,-0.575458,0.566929,-0.691171,0.466554
3.77912,-0.309792,-1,-0.414639,0.466554
3.77937,-0.0712424,-1,-0.13428,0.466554
3.77962,0.0239836,-1,0.023642,0.466554
3.77987,0.0821858,-1,0.142531,0.466554
3.78012,0.255464,-1,0.35945,0.466554
3.78037,0.507691,-0.472441,0.62564,0.466554
3.78062,0.612597,1,0.704797,0.466554
3.78087,0.392306,1,0.441877,0.466554
3.78112,-0.0659853,1,-0.0812029,0.466554
3.78137,-0.463876,1,-0.542247,0.466554
3.78162,-0.566185,1,-0.690729,0.466554
3.78187,-0.408832,0.173228,-0.53979,0.466554
3.78212,-0.214759,-1,-0.313065,0.466554
3.78237,-0.130901,-1,-0.183192,0.466554
3.78262,-0.0826464,-1,-0.0637057,0.466554
3.78287,0.0960455,-1,0.180125,0.466554
3.78312,0.413527,-1,0.535687,0.466554
3.78337,0.653431,-0.149606,0.781415,0.466554
3.78362,0.578732,1,0.676217,0.466554
3.78387,0.190449,1,0.242827,0.466554
3.78412,-0.25136,1,-0.270591,0.466554
3.78437,-0.470474,1,-0.555299,0.466554
3.78462,-0.425435,1,-0.548844,0.466554
3.78487,-0.298299,-0.165354,-0.431125,0.466554
3.78512,-0.253355,-1,-0.355392,0.466554
3.78537,-0.246255,-1,-0.299803,0.466554
3.78562,-0.100099,-1,-0.0864949,0.466554
3.78587,0.244058,-1,0.322265,0.466554
3.78612,0.597884,-1,0.70788,0.466554
3.78637,0.683062,0.228346,0.798594,0.466554
3.78662,0.412044,1,0.495306,0.466554
3.78687,-0.0161793,1,0.0155323,0.466554
3.78712,-0.310851,1,-0.339847,0.466554
3.78737,-0.362799,1,-0.454954,0.466554
3.78762,-0.308388,1,-0.423066,0.466554
3.78787,-0.318089,-0.472441,-0.434852,0.466554
3.78812,-0.376886,-1,-0.460642,0.466554
3.78837,-0.300373,-1,-0.331707,0.466554
3.78862,0.023716,-1,0.0673265,0.466554
3.78887,0.453335,-1,0.55419,0.466554
3.78912,0.690962,-0.976378,0.817578,0.466554
3.78937,0.566657,0.645669,0.68902,0.466554
3.78962,0.202688,1,0.283646,0.466554
3.78987,-0.118616,1,-0.091349,0.466554
3.79012,-0.23934,1,-0.287398,0.466554
3.79037,-0.245909,1,-0.346869,0.466554
3.79062,-0.310725,0.692913,-0.433144,0.466554
3.79087,-0.446737,-0.76378,-0.567875,0.466554
3.79112,-0.469535,-1,-0.548821,0.466554
3.79137,-0.213488,-1,-0.233505,0.466554
3.79162,0.241933,-1,0.286785,0.466554
3.79187,0.603552,-1,0.703907,0.466554
3.79212,0.634072,-0.551181,0.752731,0.466554
3.79238,0.373129,1,0.480629,0.466554
3.79263,0.0711232,1,0.13195,0.466554
3.79288,-0.0810509,1,-0.0733144,0.466554
3.79313,-0.125498,1,-0.181113,0.466554
3.79338,-0.230626,1,-0.3273,0.466554
3.79363,-0.440654,0.393701,-0.553835,0.466554
3.79388,-0.578549,-1,-0.66769,0.466554
3.79413,-0.430955,-1,-0.4781,0.466554
3.79438,-0.00462779,-1,0.00945701,0.466554
3.79463,0.436899,-1,0.52232,0.466554
3.79488,0.609465,-1,0.730554,0.466554
3.79513,0.471131,-0.110236,0.596016,0.466554
3.79538,0.22545,1,0.320137,0.466554
3.79563,0.0799893,1,0.123116,0.466554
3.79588,0.0288321,1,0.00949879,0.466554
3.79613,-0.0906887,1,-0.180357,0.466554
3.79638,-0.354793,1,-0.476869,0.466554
3.79663,-0.607193,0.0629921,-0.73555,0.466554
3.79688,-0.596239,-1,-0.699716,0.466554
3.79713,-0.24996,-1,-0.298698,0.466554
3.79738,0.218062,-1,0.239182,0.466554
3.79763,0.502046,-1,0.59213,0.466554
3.79788,0.486557,-1,0.607565,0.466554
3.79813,0.320386,0.275591,0.447029,0.466554
3.79838,0.211192,1,0.311003,0.466554
3.79863,0.185674,1,0.233079,0.466554
3.79888,0.0857033,1,0.0689824,0.466554
3.79913,-0.200016,1,-0.282548,0.466554
3.79938,-0.548856,1,-0.657995,0.466554
3.79963,-0.684571,-0.322835,-0.794064,0.466554
3.79988,-0.459798,-1,-0.546352,0.466554
3.80013,-0.0187788,-1,-0.0525805,0.466554
3.80038,0.333719,-1,0.366305,0.466554
3.80063,0.423944,-1,0.514711,0.466554
3.80088,0.342897,-0.850394,0.466593,0.466554
3.80113,0.28933,0.614173,0.406001,0.466554
3.80138,0.315035,1,0.39643,0.466554
3.80163,0.268936,1,0.292546,0.466554
3.80188,0.000964217,1,-0.0388689,0.466554
3.80213,-0.409763,1,-0.499639,0.466554
3.80238,-0.683531,0.818898,-0.805286,0.466554
3.80263,-0.604182,-0.771654,-0.717131,0.466554
3.80288,-0.238259,-1,-0.311092,0.466554
3.80313,0.134198,-1,0.125348,0.466554
3.80338,0.299067,-1,0.354701,0.466554
3.80363,0.292781,-1,0.398323,0.466554
3.80388,0.299493,-0.496063,0.421773,0.466554
3.80413,0.391944,0.92126,0.502768,0.466554
3.80438,0.427185,1,0.493117,0.466554
3.80463,0.219129,1,0.219591,0.466554
3.80488,-0.209521,1,-0.265447,0.466554
3.80513,-0.594413,1,-0.696535,0.466554
3.80538,-0.666044,0.370079,-0.784558,0.466554
3.80563,-0.409713,-1,-0.512192,0.466554
3.80588,-0.0631832,-1,-0.112168,0.466554
3.80613,0.137535,-1,0.144225,0.466554
3.80638,0.183118,-1,0.254979,0.466554
3.80663,0.239536,-1,0.354093,0.466554
3.80688,0.399171,-0.165354,0.516516,0.466554
3.80713,0.5332,1,0.631128,0.466554
3.80738,0.422328,1,0.472084,0.466554
3.80763,0.0238937,1,0.00322077,0.466554
3.80788,-0.430821,1,-0.518642,0.466554
3.80813,-0.639984,1,-0.765457,0.466554
3.80838,-0.511246,-0.0944882,-0.638324,0.466554
3.80863,-0.227893,-1,-0.323813,0.466554
3.80888,-0.0293302,-1,-0.0711873,0.466554
3.80913,0.0365547,-1,0.0601673,0.466554
3.80938,0.119715,-1,0.203775,0.466554
3.80963,0.33309,-1,0.447971,0.466554
3.80988,0.568468,0.173228,0.690498,0.466554
3.81013,0.580098,1,0.670258,0.466554
3.81038,0.259151,1,0.29509,0.466554
3.81063,-0.217564,1,-0.246695,0.466554
3.81088,-0.534505,1,-0.625826,0.466554
3.81113,-0.533215,1,-0.657368,0.466554
3.81138,-0.335712,-0.527559,-0.457192,0.466554
3.81163,-0.172822,-1,-0.263279,0.466554
3.81188,-0.119229,-1,-0.158902,0.466554
3.81213,-0.0403514,-1,-0.0117703,0.466554
3.81238,0.200771,-1,0.291781,0.466554
3.81263,0.523628,-0.897638,0.64006,0.466554
3.81288,0.669203,0.582677,0.777949,0.466554
3.81313,0.461998,1,0.541192,0.466554
3.81338,0.0137507,1,0.0357469,0.466554
3.81363,-0.369129,1,-0.410177,0.466554
3.81388,-0.477782,1,-0.572636,0.466554
3.81413,-0.373692,0.551181,-0.498372,0.466554
3.81438,-0.268181,-0.897638,-0.383713,0.466554
3.81463,-0.255719,-1,-0.328521,0.466554
3.81488,-0.213743,-1,-0.223233,0.466554
3.81513,0.0200815,-1,0.0710677,0.466554
3.81538,0.40392,-1,0.499301,0.466554
3.81563,0.677314,-0.503937,0.780892,0.466554
3.81588,0.607539,1,0.702904,0.466554
3.81613,0.232643,1,0.277328,0.466554
3.81638,-0.170611,1,-0.178322,0.466554
3.81663,-0.359431,1,-0.436863,0.466554
3.81688,-0.340189,1,-0.450967,0.466554
3.81714,-0.299964,0.15748,-0.415817,0.466554
3.81739,-0.347394,-1,-0.443314,0.466554
3.81764,-0.370947,-1,-0.415275,0.466554
3.81789,-0.18246,-1,-0.164777,0.466554
3.81814,0.223749,-1,0.306604,0.466554
3.81839,0.603041,-1,0.722887,0.466554
3.81864,0.677574,-0.0314961,0.804492,0.466554
3.81889,0.409121,1,0.510965,0.466554
3.81914,0.0303378,1,0.0784138,0.466554
3.81939,-0.200711,1,-0.22388,0.466554
3.81964,-0.244573,1,-0.333847,0.466554
3.81989,-0.263524,1,-0.391324,0.466554
3.82014,-0.376949,-0.188976,-0.508704,0.466554
3.82039,-0.486532,-1,-0.581863,0.466554
3.82064,-0.378554,-1,-0.426622,0.466554
3.82089,0.00688248,-1,0.0347801,0.466554
3.82114,0.457128,-1,0.535847,0.466554
3.82139,0.665357,-1,0.78784,0.466554
3.82164,0.522178,0.456693,0.643896,0.466554
3.82189,0.204186,1,0.292265,0.466554
3.82214,-0.0303141,1,0.0034467,0.466554
3.82239,-0.107308,1,-0.142402,0.466554
3.82264,-0.165716,1,-0.247767,0.466554
3.82289,-0.337781,0.826772,-0.454362,0.466554
3.82314,-0.540449,-0.551181,-0.651337,0.466554
3.82339,-0.540114,-1,-0.615551,0.466554
3.82364,-0.217837,-1,-0.240264,0.466554
3.82389,0.259963,-1,0.30012,0.466554
3.82414,0.576539,-1,0.675528,0.466554
3.82439,0.56019,-0.582677,0.678913,0.466554
3.82464,0.328101,0.913386,0.438049,0.463302
3.82489,0.124416,1,0.191605,0.463302
3.82514,0.0480343,1,0.0538126,0.463302
3.82539,-0.0223927,1,-0.0774577,0.463302
3.82564,-0.232902,1,-0.331166,0.463302
3.82589,-0.522461,0.464567,-0.627831,0.463302
3.82614,-0.643662,-0.96063,-0.739919,0.463302
3.82639,-0.421218,-1,-0.470204,0.463302
3.82664,0.0385146,-1,0.0554293,0.463302
3.82689,0.426174,-1,0.503968,0.463302
3.82714,0.523048,-1,0.637598,0.463302
3.82739,0.386792,-0.102362,0.512804,0.463302
3.82764,0.238815,1,0.333263,0.463302
3.82789,0.19368,1,0.237843,0.463302
3.82814,0.142845,1,0.128401,0.463302
3.82839,-0.0760323,1,-0.161354,0.463302
3.82864,-0.432426,1,-0.551251,0.463302
3.82889,-0.675385,0.0472441,-0.79859,0.463302
3.82914,-0.577492,-1,-0.672338,0.463302
3.82939,-0.178502,-1,-0.223289,0.463302
3.82964,0.238023,-1,0.260715,0.463302
3.82989,0.421528,-1,0.509095,0.463302
3.83014,0.375978,-1,0.496751,0.463302
3.83039,0.295898,0.307087,0.42175,0.463302
3.83064,0.304449,1,0.404915,0.463302
3.83089,0.304215,1,0.346134,0.463302
3.83114,0.11156,1,0.0873808,0.463302
3.83139,-0.280164,1,-0.359457,0.463302
3.83164,-0.630686,1,-0.749817,0.463302
3.83189,-0.668206,-0.440945,-0.782746,0.463302
3.83214,-0.364017,-1,-0.446116,0.463302
3.83239,0.0393644,-1,0.0118732,0.463302
3.83264,0.274734,-1,0.306555,0.463302
3.83289,0.301814,-1,0.396221,0.463302
3.83314,0.287784,-0.669291,0.410588,0.463302
3.83339,0.362415,0.677165,0.476643,0.463302
3.83364,0.43593,1,0.513175,0.463302
3.83389,0.304256,1,0.325967,0.463302
3.83414,-0.0850721,1,-0.132191,0.463302
3.83439,-0.515105,1,-0.605141,0.463302
3.83464,-0.683932,0.559055,-0.788661,0.463302
3.83489,-0.495311,-0.944882,-0.590984,0.463302
3.83514,-0.142635,-1,-0.197648,0.463302
3.83539,0.106714,-1,0.102191,0.463302
3.83564,0.178179,-1,0.24094,0.463302
3.83589,0.21676,-1,0.314415,0.463302
3.83614,0.356211,-0.291339,0.46563,0.463302
3.83639,0.517467,1,0.611243,0.463302
3.83664,0.475569,1,0.515835,0.463302
3.83689,0.128278,1,0.113502,0.463302
3.83714,-0.344616,1,-0.423712,0.463302
3.83739,-0.625575,1,-0.745923,0.463302
3.83764,-0.55958,0.023622,-0.680146,0.463302
3.83789,-0.284693,-1,-0.380328,0.463302
3.83814,-0.056209,-1,-0.098125,0.463302
3.83839,0.0282882,-1,0.0512513,0.463302
3.83864,0.0946296,-1,0.184271,0.463302
3.83889,0.285213,-1,0.412572,0.463302
3.83914,0.535181,0.0866142,0.661557,0.463302
3.83939,0.602754,1,0.701275,0.463302
3.83964,0.333849,1,0.377075,0.463302
3.83989,-0.140421,1,-0.165492,0.463302
3.84014,-0.503787,1,-0.592209,0.463302
3.84039,-0.552613,0.984252,-0.680085,0.463302
3.84064,-0.369217,-0.464567,-0.490811,0.463302
3.84089,-0.189552,-1,-0.285469,0.463302
3.84114,-0.124302,-1,-0.16473,0.463302
3.84139,-0.0600721,-1,-0.0337069,0.463302
3.84165,0.157773,-1,0.240748,0.463302
3.8419,0.484311,-0.858268,0.600188,0.463302
3.84215,0.66908,0.527559,0.77398,0.463302
3.8424,0.506609,1,0.586041,0.463302
3.84265,0.0718048,1,0.0909971,0.463302
3.8429,-0.336468,1,-0.379145,0.463302
3.84315,-0.479382,1,-0.57165,0.463302
3.8434,-0.388675,0.488189,-0.499856,0.463302
3.84365,-0.274579,-0.88189,-0.379157,0.463302
3.8439,-0.254959,-1,-0.319667,0.463302
3.84415,-0.223962,-1,-0.229897,0.463302
3.8444,-0.0100216,-1,0.0432016,0.463302
3.84465,0.370515,-1,0.458925,0.463302
3.8449,0.665856,-0.417323,0.769802,0.463302
3.84515,0.626515,1,0.710402,0.463302
3.8454,0.265312,1,0.303743,0.463302
3.84565,-0.147754,1,-0.170612,0.463302
3.8459,-0.354857,1,-0.429567,0.463302
3.84615,-0.343985,1,-0.462584,0.463302
3.8464,-0.299913,0.0472441,-0.415457,0.463302
3.84665,-0.343603,-1,-0.440849,0.463302
3.8469,-0.37372,-1,-0.419498,0.463302
3.84715,-0.196647,-1,-0.171488,0.463302
3.8474,0.205782,-1,0.296978,0.463302
3.84765,0.593567,-1,0.717293,0.463302
3.8479,0.681042,0.0944882,0.804594,0.463302
3.84815,0.41937,1,0.519793,0.463302
3.8484,0.0378781,1,0.0793563,0.463302
3.84865,-0.198751,1,-0.226544,0.463302
3.8489,-0.24463,1,-0.33193,0.463302
3.84915,-0.262899,0.944882,-0.383288,0.463302
3.8494,-0.37628,-0.338583,-0.5038,0.463302
3.84965,-0.48635,-1,-0.582201,0.463302
3.8499,-0.377746,-1,-0.424935,0.463302
3.85015,0.0101643,-1,0.038254,0.463302
3.8504,0.461547,-1,0.541017,0.463302
3.85065,0.665742,-0.826772,0.777347,0.463302
3.8509,0.516513,0.637795,0.630365,0.463302
3.85115,0.196688,1,0.274969,0.463302
3.8514,-0.034356,1,-0.00509181,0.463302
3.85165,-0.108435,1,-0.148171,0.463302
3.8519,-0.169881,1,-0.259483,0.463302
3.85215,-0.346976,0.559055,-0.449413,0.463302
3.8524,-0.546485,-0.740157,-0.640822,0.463302
3.85265,-0.53118,-1,-0.593202,0.463302
3.8529,-0.193201,-1,-0.201379,0.463302
3.85315,0.285848,-1,0.340481,0.463302
3.8534,0.585404,-1,0.682109,0.463302
3.85365,0.54863,-0.275591,0.66281,0.463302
3.8539,0.310155,1,0.406927,0.463302
3.85415,0.114556,1,0.160778,0.463302
3.8544,0.0450522,1,0.0305002,0.463302
3.85465,-0.0337482,1,-0.102184,0.463302
3.8549,-0.258257,1,-0.363092,0.463302
3.85515,-0.545049,0.149606,-0.662501,0.463302
3.8554,-0.637939,-1,-0.726934,0.463302
3.85565,-0.380962,-1,-0.419841,0.463302
3.8559,0.0886936,-1,0.113763,0.463302
3.85615,0.452849,-1,0.538339,0.463302
3.8564,0.515924,-1,0.643359,0.463302
3.85665,0.365566,0.23622,0.493426,0.463302
3.8569,0.228083,1,0.32938,0.463302
3.85715,0.191549,1,0.232051,0.463302
3.8574,0.126061,1,0.102031,0.463302
3.85765,-0.120061,1,-0.209855,0.463302
3.8579,-0.479928,1,-0.601719,0.463302
3.85815,-0.685059,-0.314961,-0.809115,0.463302
3.8584,-0.531988,-1,-0.622282,0.463302
3.85865,-0.107641,-1,-0.145078,0.463302
3.8589,0.285795,-1,0.322563,0.463302
3.85915,0.425837,-1,0.521141,0.463302
3.8594,0.359358,-0.645669,0.48212,0.463302
3.85965,0.291074,0.677165,0.414533,0.463302
3.8599,0.310655,1,0.399305,0.463302
3.86015,0.287664,1,0.321839,0.463302
3.8604,0.0503965,1,0.0183462,0.463302
3.86065,-0.358762,1,-0.441912,0.463302
3.8609,-0.667586,0.559055,-0.771474,0.463302
3.86115,-0.630746,-0.850394,-0.724186,0.463302
3.8614,-0.28083,-1,-0.336622,0.463302
3.86165,0.106368,-1,0.106346,0.463302
3.8619,0.293764,-1,0.356946,0.463302
3.86215,0.295189,-1,0.392759,0.463302
3.8624,0.295914,-0.181102,0.405324,0.463302
3.86265,0.385897,1,0.477353,0.463302
3.8629,0.430103,1,0.476838,0.463302
3.86315,0.233229,1,0.214671,0.463302
3.8634,-0.194553,1,-0.27938,0.463302
3.86365,-0.587973,1,-0.703223,0.463302
3.8639,-0.667732,0.00787402,-0.782904,0.463302
3.86415,-0.411965,-1,-0.505248,0.463302
3.8644,-0.0627159,-1,-0.0975831,0.463302
3.86465,0.138569,-1,0.170428,0.463302
3.8649,0.183717,-1,0.279552,0.463302
3.86515,0.242687,-1,0.371447,0.463302
3.8654,0.40587,0.220472,0.53101,0.463302
3.86565,0.535032,1,0.636434,0.463302
3.8659,0.407531,1,0.448188,0.463302
3.86615,-0.00549229,1,-0.0372376,0.463302
3.86641,-0.456462,1,-0.545864,0.463302
3.86666,-0.641102,0.866142,-0.767328,0.463302
3.86691,-0.48863,-0.551181,-0.611962,0.463302
3.86716,-0.202257,-1,-0.300464,0.463302
3.86741,-0.0177589,-1,-0.0549889,0.463302
3.86766,0.0418234,-1,0.0678523,0.463302
3.86791,0.138579,-1,0.223351,0.463302
3.86816,0.367549,-0.614173,0.476167,0.463302
3.86841,0.588436,0.645669,0.694919,0.463302
3.86866,0.552364,1,0.619904,0.463302
3.86891,0.186514,1,0.205265,0.463302
3.86916,-0.288619,1,-0.330833,0.463302
3.86941,-0.557082,1,-0.643185,0.463302
3.86966,-0.504817,0.291339,-0.606176,0.463302
3.86991,-0.296428,-1,-0.38663,0.463302
3.87016,-0.155487,-1,-0.209834,0.463302
3.87041,-0.111668,-1,-0.107669,0.463302
3.87066,-0.00343804,-1,0.0646306,0.463302
3.87091,0.274156,-1,0.373946,0.463302
3.87116,0.583748,-0.173228,0.687961,0.463302
3.87141,0.652499,1,0.73313,0.463302
3.87166,0.361782,1,0.392993,0.463302
3.87191,-0.103905,1,-0.139202,0.463302
3.87216,-0.427514,1,-0.526182,0.463302
3.87241,-0.461709,1,-0.589098,0.463302
3.87266,-0.335427,-0.228346,-0.466918,0.463302
3.87291,-0.256866,-1,-0.354899,0.463302
3.87316,-0.255188,-1,-0.294306,0.463302
3.87341,-0.164841,-1,-0.132041,0.463302
3.87366,0.136193,-1,0.229768,0.463302
3.87391,0.520715,-0.984252,0.648694,0.463302
3.87416,0.696972,0.330709,0.8244,0.463302
3.87441,0.501686,1,0.5947,0.463302
3.87466,0.0769956,1,0.116717,0.463302
3.87491,-0.269318,1,-0.301896,0.463302
3.87516,-0.368155,1,-0.454955,0.463302
3.87541,-0.317069,0.582677,-0.434721,0.463302
3.87566,-0.309384,-0.661417,-0.431401,0.463302
3.87591,-0.371004,-1,-0.457864,0.463302
3.87616,-0.326623,-1,-0.358877,0.463302
3.87641,-0.0312428,-1,-0.000907895,0.463302
3.87666,0.406068,-1,0.482918,0.463302
3.87691,0.682202,-0.488189,0.780539,0.463302
3.87716,0.592548,0.889764,0.678008,0.463302
3.87741,0.234659,1,0.287506,0.463302
3.87766,-0.102601,1,-0.10382,0.463302
3.87791,-0.237106,1,-0.294705,0.463302
3.87816,-0.245441,1,-0.345196,0.463302
3.87841,-0.307269,0.133858,-0.40828,0.463302
3.87866,-0.444966,-1,-0.524359,0.463302
3.87891,-0.469933,-1,-0.500223,0.463302
3.87916,-0.209652,-1,-0.175788,0.463302
3.87941,0.252315,-1,0.343497,0.463302
3.87966,0.61095,-1,0.735035,0.463302
3.87991,0.626814,0.0866142,0.747216,0.463302
3.88016,0.352988,1,0.444964,0.463302
3.88041,0.0537435,1,0.0858934,0.463302
3.88066,-0.0866216,1,-0.123965,0.463302
3.88091,-0.13031,1,-0.22682,0.463302
3.88116,-0.250604,0.897638,-0.380229,0.463302
3.88141,-0.46699,-0.291339,-0.594335,0.463302
3.88166,-0.578,-1,-0.674576,0.463302
3.88191,-0.38003,-1,-0.4278,0.463302
3.88216,0.0759221,-1,0.106711,0.463302
3.88241,0.492034,-1,0.573966,0.463302
3.88266,0.603308,-0.685039,0.7266,0.463302
3.88291,0.421326,0.661417,0.536,0.463302
3.88316,0.18202,1,0.270129,0.463302
3.88341,0.064401,1,0.103445,0.463302
3.88366,0.01228,1,-0.0173009,0.463302
3.88391,-0.146531,1,-0.220229,0.463302
3.88416,-0.434737,0.480315,-0.530855,0.463302
3.88441,-0.639149,-0.755906,-0.729644,0.463302
3.88466,-0.52489,-1,-0.581501,0.463302
3.88491,-0.104868,-1,-0.101019,0.463302
3.88516,0.339714,-1,0.395589,0.463302
3.88541,0.527338,-1,0.622656,0.463302
3.88566,0.434208,-0.110236,0.539664,0.463302
3.88591,0.268112,1,0.351493,0.463302
3.88616,0.19827,1,0.234445,0.463302
3.88641,0.166375,1,0.14772,0.463302
3.88666,-0.00643924,1,-0.0903978,0.463302
3.88691,-0.350209,1,-0.458718,0.463302
3.88716,-0.646602,0.00787402,-0.756873,0.463302
3.88741,-0.62919,-1,-0.71095,0.463302
3.88766,-0.271378,-1,-0.30426,0.463302
3.88791,0.170949,-1,0.20491,0.463302
3.88816,0.409094,-1,0.507811,0.463302
3.88841,0.392677,-0.858268,0.526508,0.463302
3.88866,0.303756,0.393701,0.43242,0.463302
3.88891,0.299105,1,0.397967,0.463302
3.88916,0.312846,1,0.359809,0.463302
3.88941,0.153981,1,0.126335,0.463302
3.88966,-0.223352,1,-0.303585,0.463302
3.88991,-0.600079,0.755906,-0.714029,0.463302
3.89016,-0.683866,-0.543307,-0.793442,0.463302
3.89041,-0.406784,-1,-0.492121,0.463302
3.89066,0.00381749,-1,-0.0237952,0.463302
3.89091,0.263349,-1,0.3002,0.463302
3.89117,0.303659,-1,0.38516,0.463302
3.89142,0.286241,-0.354331,0.394897,0.463302
3.89167,0.355674,0.818898,0.450131,0.463302
3.89192,0.435386,1,0.495691,0.463302
3.89217,0.316799,1,0.320335,0.463302
3.89242,-0.0673313,1,-0.120509,0.463302
3.89267,-0.504771,1,-0.595396,0.463302
3.89292,-0.684285,0.204724,-0.780583,0.463302
3.89317,-0.49977,-1,-0.58142,0.463302
3.89342,-0.144513,-1,-0.178213,0.463302
3.89367,0.107197,-1,0.135438,0.463302
3.89392,0.178356,-1,0.258485,0.463302
3.89417,0.218329,-1,0.334439,0.463302
3.89442,0.361573,0.0866142,0.477502,0.463302
3.89467,0.520961,1,0.607256,0.463302
3.89492,0.465952,1,0.496391,0.463302
3.89517,0.102871,1,0.0661905,0.463302
3.89542,-0.370882,1,-0.473238,0.463302
3.89567,-0.632293,0.929134,-0.758774,0.463302
3.89592,-0.541969,-0.393701,-0.673311,0.463302
3.89617,-0.259312,-1,-0.358041,0.463302
3.89642,-0.0422828,-1,-0.0811157,0.463302
3.89667,0.0330096,-1,0.0618484,0.463302
3.89692,0.108947,-1,0.194557,0.463302
3.89717,0.316776,-0.629921,0.436902,0.463302
3.89742,0.559814,0.527559,0.681697,0.463302
3.89767,0.585812,1,0.676689,0.463302
3.89792,0.269672,1,0.304564,0.463302
3.89817,-0.21266,1,-0.243772,0.463302
3.89842,-0.534664,1,-0.613955,0.463302
3.89867,-0.530856,0.330709,-0.632954,0.463302
3.89892,-0.330141,-0.929134,-0.422371,0.463302
3.89917,-0.168722,-1,-0.230592,0.463302
3.89942,-0.117175,-1,-0.117884,0.463302
3.89967,-0.0300554,-1,0.0173585,0.463302
3.89992,0.22579,-1,0.309217,0.463302
3.90017,0.548665,-0.181102,0.644076,0.463302
3.90042,0.664785,1,0.732986,0.463302
3.90067,0.417023,1,0.437146,0.463302
3.90092,-0.0462282,1,-0.080883,0.463302
3.90117,-0.402943,1,-0.489494,0.463302
3.90142,-0.470733,1,-0.590246,0.463302
3.90167,-0.350827,-0.228346,-0.469869,0.463302
3.90192,-0.260159,-1,-0.34762,0.463302
3.90217,-0.256171,-1,-0.280388,0.463302
3.90242,-0.183505,-1,-0.14471,0.463302
3.90267,0.0985516,-1,0.198579,0.463302
3.90292,0.48883,-0.874016,0.625904,0.463302
3.90317,0.695975,0.338583,0.821855,0.463302
3.90342,0.531405,1,0.633109,0.463302
3.90367,0.112192,1,0.147186,0.463302
3.90392,-0.251192,1,-0.280421,0.463302
3.90417,-0.368273,1,-0.465005,0.463302
3.90442,-0.320885,0.472441,-0.448258,0.463302
3.90467,-0.30682,-0.700787,-0.430019,0.463302
3.90492,-0.368264,-1,-0.458168,0.463302
3.90517,-0.335342,-1,-0.374554,0.463302
3.90542,-0.052422,-1,-0.030172,0.463302
3.90567,0.385931,-1,0.458813,0.463302
3.90592,0.67727,-0.354331,0.768152,0.463302
3.90617,0.602583,0.92126,0.683858,0.463302
3.90642,0.248709,1,0.289573,0.463302
3.90667,-0.0948297,1,-0.100664,0.463302
3.90692,-0.235832,1,-0.296945,0.463302
3.90717,-0.24518,1,-0.345288,0.463302
3.90742,-0.30507,-0.00787402,-0.406184,0.463302
3.90767,-0.443194,-1,-0.511326,0.463302
3.90792,-0.470888,-1,-0.495437,0.463302
3.90817,-0.212009,-1,-0.174376,0.463302
3.90842,0.251616,-1,0.343849,0.463302
3.90867,0.611299,-1,0.733002,0.463302
3.90892,0.625762,0.244094,0.751588,0.463302
3.90917,0.34948,1,0.440096,0.463302
3.90942,0.0503588,1,0.0817967,0.463302
3.90967,-0.0880147,1,-0.130082,0.463302
3.90992,-0.131978,1,-0.240592,0.463302
3.91017,-0.255852,0.661417,-0.394526,0.463302
3.91042,-0.473632,-0.448819,-0.610052,0.463302
3.91067,-0.577114,-1,-0.67874,0.463302
3.91092,-0.365411,-1,-0.411264,0.463302
3.91117,0.0978351,-1,0.125839,0.463302
3.91142,0.505974,-1,0.589913,0.463302
3.91167,0.599447,-0.425197,0.708584,0.463302
3.91192,0.406436,0.826772,0.514914,0.463302
3.91217,0.170411,1,0.244953,0.463302
3.91242,0.0610839,1,0.0796675,0.463302
3.91267,0.00647327,1,-0.0304237,0.463302
3.91292,-0.16463,1,-0.236413,0.463302
3.91317,-0.45711,0.212598,-0.547286,0.463302
3.91342,-0.643985,-0.92126,-0.713995,0.463302
3.91367,-0.497898,-1,-0.532676,0.463302
3.91392,-0.059912,-1,-0.0381401,0.463302
3.91417,0.371559,-1,0.454651,0.463302
3.91442,0.528147,-1,0.636427,0.463302
3.91467,0.416198,0.165354,0.522518,0.463302
3.91492,0.254938,1,0.335458,0.463302
3.91517,0.195961,1,0.223579,0.463302
3.91542,0.155963,1,0.114744,0.463302
3.91567,-0.0413135,1,-0.141119,0.463302
3.91593,-0.396144,0.858268,-0.530408,0.463302
3.91618,-0.665843,-0.283465,-0.794456,0.463302
3.91643,-0.597783,-1,-0.686584,0.463302
3.91668,-0.207603,-1,-0.239514,0.463302
3.91693,0.221691,-1,0.263968,0.463302
3.91718,0.419666,-1,0.515963,0.463302
3.91743,0.378212,-0.472441,0.50768,0.463302
3.91768,0.296354,0.677165,0.419566,0.463302
3.91793,0.304835,1,0.400119,0.463302
3.91818,0.303234,1,0.344579,0.463302
3.91843,0.102931,1,0.0752976,0.463302
3.91868,-0.296938,1,-0.369015,0.463302
3.91893,-0.64197,0.354331,-0.737905,0.463302
3.91918,-0.657345,-0.858268,-0.741721,0.463302
3.91943,-0.332092,-1,-0.377297,0.463302
3.91968,0.0701848,-1,0.0741191,0.463302
3.91993,0.285234,-1,0.341693,0.463302
3.92018,0.297916,-1,0.389504,0.463302
3.92043,0.291979,0.0393701,0.389107,0.463302
3.92068,0.377278,1,0.454323,0.463302
3.92093,0.433247,1,0.461211,0.463302
3.92118,0.254267,1,0.222141,0.463302
3.92143,-0.16899,1,-0.258376,0.463302
3.92168,-0.575104,0.968504,-0.689102,0.463302
3.92193,-0.67145,-0.23622,-0.790007,0.463302
3.92218,-0.422323,-1,-0.504988,0.463302
3.92243,-0.0690019,-1,-0.0964529,0.463302
3.92268,0.137368,-1,0.182459,0.463302
3.92293,0.183772,-1,0.287653,0.463302
3.92318,0.24327,-0.582677,0.375114,0.463302
3.92343,0.40838,0.488189,0.543696,0.463302
3.92368,0.535735,1,0.628937,0.463302
3.92393,0.398428,1,0.433535,0.463302
3.92418,-0.0250406,1,-0.0574375,0.463302
3.92443,-0.473057,1,-0.556459,0.463302
3.92468,-0.640571,0.385827,-0.753823,0.457135
3.92493,-0.471145,-0.834646,-0.577883,0.457135
3.92518,-0.183777,-1,-0.253649,0.457135
3.92543,-0.00998776,-1,-0.029985,0.457135
3.92568,0.0457942,-1,0.0836295,0.457135
3.92593,0.155445,-1,0.234801,0.457135
3.92618,0.39578,-0.125984,0.488109,0.457135
3.92643,0.601487,0.937008,0.674777,0.457135
3.92668,0.523101,1,0.557196,0.457135
3.92693,0.122646,1,0.0998268,0.457135
3.92718,-0.34463,1,-0.428036,0.457135
3.92743,-0.568182,0.976378,-0.67605,0.457135
3.92768,-0.475522,-0.220472,-0.578307,0.457135
3.92793,-0.264428,-1,-0.337265,0.457135
3.92818,-0.14395,-1,-0.164451,0.457135
3.92843,-0.101998,-1,-0.0596344,0.457135
3.92868,0.0371648,-1,0.139364,0.457135
3.92893,0.341545,-0.732283,0.47291,0.457135
3.92918,0.625881,0.354331,0.748486,0.457135
3.92943,0.618244,1,0.708953,0.457135
3.92968,0.260735,1,0.285748,0.457135
3.92993,-0.202319,1,-0.245967,0.457135
3.93018,-0.461335,1,-0.555339,0.457135
3.93043,-0.436197,0.377953,-0.557019,0.457135
3.93068,-0.304974,-0.755906,-0.42426,0.457135
3.93093,-0.253486,-1,-0.3379,0.457135
3.93118,-0.247523,-1,-0.275793,0.457135
3.93143,-0.100367,-1,-0.0632189,0.457135
3.93168,0.252003,-1,0.323729,0.457135
3.93193,0.608215,-0.244094,0.702132,0.457135
3.93218,0.675695,0.897638,0.752897,0.457135
3.93243,0.377492,1,0.417771,0.457135
3.93268,-0.0580596,1,-0.0733873,0.457135
3.93293,-0.330172,1,-0.402763,0.457135
3.93318,-0.356825,0.937008,-0.461874,0.457135
3.93343,-0.302705,-0.15748,-0.406758,0.457135
3.93368,-0.330195,-1,-0.401476,0.457135
3.93393,-0.378945,-1,-0.400194,0.457135
3.93418,-0.245671,-1,-0.202417,0.457135
3.93443,0.135083,-1,0.232931,0.457135
3.93468,0.550867,-0.826772,0.66719,0.457135
3.93493,0.691847,0.322835,0.810843,0.457135
3.93518,0.46269,1,0.543195,0.457135
3.93543,0.0749703,1,0.101602,0.457135
3.93568,-0.185942,1,-0.230296,0.457135
3.93593,-0.244729,1,-0.349185,0.457135
3.93618,-0.259006,0.425197,-0.387061,0.457135
3.93643,-0.368105,-0.614173,-0.487389,0.457135
3.93668,-0.484939,-1,-0.567924,0.457135
3.93693,-0.385682,-1,-0.410776,0.457135
3.93718,0.00162714,-1,0.0391733,0.457135
3.93743,0.459793,-1,0.547666,0.457135
3.93768,0.665846,-0.251969,0.768722,0.457135
3.93793,0.510641,0.92126,0.600047,0.457135
3.93818,0.186435,1,0.239836,0.457135
3.93843,-0.0406314,1,-0.038417,0.457135
3.93868,-0.110069,1,-0.164807,0.457135
3.93893,-0.178259,0.952756,-0.263198,0.457135
3.93918,-0.365833,-0.0393701,-0.460797,0.457135
3.93943,-0.558262,-1,-0.628412,0.457135
3.93968,-0.509189,-1,-0.532496,0.457135
3.93993,-0.135684,-1,-0.103242,0.457135
3.94018,0.343165,-1,0.432862,0.457135
3.94043,0.600999,-0.80315,0.713474,0.457135
3.94069,0.517413,0.362205,0.63242,0.457135
3.94094,0.267601,1,0.342521,0.457135
3.94119,0.0940351,1,0.10921,0.457135
3.94144,0.0363602,1,-0.013507,0.457135
3.94169,-0.0678058,1,-0.173388,0.457135
3.94194,-0.324782,0.519685,-0.446116,0.457135
3.94219,-0.594091,-0.503937,-0.712602,0.457135
3.94244,-0.606574,-1,-0.685684,0.457135
3.94269,-0.266959,-1,-0.29047,0.457135
3.94294,0.211966,-1,0.25171,0.457135
3.94319,0.502908,-1,0.597708,0.457135
3.94344,0.482711,-0.188976,0.602563,0.457135
3.94369,0.312304,0.905512,0.419465,0.457135
3.94394,0.207818,1,0.274175,0.457135
3.94419,0.182433,1,0.188443,0.457135
3.94444,0.0627035,1,0.0176181,0.457135
3.94469,-0.249297,1,-0.332437,0.457135
3.94494,-0.591085,0.0314961,-0.681489,0.457135
3.94519,-0.670752,-1,-0.744583,0.457135
3.94544,-0.379652,-1,-0.409714,0.457135
3.94569,0.0766872,-1,0.105782,0.457135
3.94594,0.380208,-1,0.465526,0.457135
3.94619,0.410579,-0.716535,0.525207,0.457135
3.94644,0.318062,0.370079,0.427838,0.457135
3.94669,0.292952,1,0.371753,0.457135
3.94694,0.318083,1,0.340576,0.457135
3.94719,0.202545,1,0.157885,0.457135
3.94744,-0.147208,1,-0.241466,0.457135
3.94769,-0.550237,0.582677,-0.665546,0.457135
3.94794,-0.696927,-0.519685,-0.808065,0.457135
3.94819,-0.465826,-1,-0.537059,0.457135
3.94844,-0.0513681,-1,-0.0599233,0.457135
3.94869,0.242455,-1,0.290277,0.457135
3.94894,0.306003,-1,0.410338,0.457135
3.94919,0.284782,-0.165354,0.405453,0.457135
3.94944,0.344025,0.818898,0.455334,0.457135
3.94969,0.43328,1,0.498837,0.457135
3.94994,0.340557,1,0.348654,0.457135
3.95019,-0.0278539,1,-0.0775103,0.457135
3.95044,-0.476791,1,-0.571107,0.457135
3.95069,-0.684254,0.00787402,-0.780733,0.457135
3.95094,-0.518942,-1,-0.596336,0.457135
3.95119,-0.162321,-1,-0.198521,0.457135
3.95144,0.1003,-1,0.122347,0.457135
3.95169,0.177783,-1,0.254207,0.457135
3.95194,0.216176,-0.685039,0.319396,0.457135
3.95219,0.358052,0.299213,0.465487,0.457135
3.95244,0.519973,1,0.591023,0.457135
3.95269,0.466181,1,0.489708,0.457135
3.95294,0.0997098,1,0.057331,0.457135
3.95319,-0.376998,1,-0.470919,0.457135
3.95344,-0.634046,0.527559,-0.75157,0.457135
3.95369,-0.534353,-0.606299,-0.639019,0.457135
3.95394,-0.247934,-1,-0.316136,0.457135
3.95419,-0.0358281,-1,-0.0441167,0.457135
3.95444,0.0354503,-1,0.0884441,0.457135
3.95469,0.118396,-1,0.214633,0.457135
3.95494,0.336076,-0.220472,0.453365,0.457135
3.95519,0.573659,0.740157,0.677194,0.457135
3.95544,0.570811,1,0.625239,0.457135
3.95569,0.22431,1,0.225934,0.457135
3.95594,-0.26005,1,-0.324166,0.457135
3.95619,-0.551017,1,-0.652873,0.457135
3.95644,-0.51194,-0.0944882,-0.622487,0.457135
3.95669,-0.302406,-1,-0.392669,0.457135
3.95694,-0.156839,-1,-0.200484,0.457135
3.95719,-0.11168,-1,-0.0978814,0.457135
3.95744,-0.00159562,-1,0.0692019,0.457135
3.95769,0.28118,-0.724409,0.382541,0.457135
3.95794,0.591578,0.244094,0.698468,0.457135
3.95819,0.646582,1,0.719283,0.457135
3.95844,0.335959,1,0.358364,0.457135
3.95869,-0.135655,1,-0.17123,0.457135
3.95894,-0.441419,1,-0.530966,0.457135
3.95919,-0.45267,0.401575,-0.566422,0.457135
3.95944,-0.321818,-0.653543,-0.422903,0.457135
3.95969,-0.254573,-1,-0.319679,0.457135
3.95994,-0.252787,-1,-0.26104,0.457135
3.96019,-0.1338,-1,-0.0848057,0.457135
3.96044,0.198737,-1,0.289809,0.457135
3.96069,0.57372,-0.259843,0.677528,0.457135
3.96094,0.688782,0.779528,0.772793,0.457135
3.96119,0.426339,1,0.476498,0.457135
3.96144,-0.0121487,1,-0.0275424,0.457135
3.96169,-0.313205,1,-0.388859,0.457135
3.96194,-0.361452,0.858268,-0.464252,0.457135
3.96219,-0.305846,-0.149606,-0.421353,0.457135
3.96244,-0.32356,-1,-0.410539,0.457135
3.96269,-0.378936,-1,-0.418979,0.457135
3.96294,-0.268626,-1,-0.244749,0.457135
3.96319,0.0968521,-1,0.176194,0.457135
3.96344,0.52392,-0.740157,0.626603,0.457135
3.96369,0.694929,0.307087,0.802185,0.457135
3.96394,0.488829,1,0.558679,0.457135
3.96419,0.100349,1,0.123065,0.457135
3.96444,-0.175888,1,-0.214363,0.457135
3.96469,-0.244467,1,-0.34176,0.457135
3.96494,-0.256064,0.338583,-0.367734,0.457135
3.96519,-0.360516,-0.606299,-0.470081,0.457135
3.96545,-0.482586,-1,-0.547551,0.457135
3.9657,-0.396546,-1,-0.412687,0.457135
3.96595,-0.0169796,-1,0.03093,0.457135
3.9662,0.445909,-1,0.535667,0.457135
3.96645,0.665217,-0.173228,0.772434,0.457135
3.9667,0.518351,0.897638,0.610577,0.457135
3.96695,0.19364,1,0.237747,0.457135
3.9672,-0.0381042,1,-0.0519499,0.457135
3.96745,-0.109612,1,-0.178051,0.457135
3.9677,-0.177098,0.787402,-0.277538,0.457135
3.96795,-0.364329,-0.125984,-0.468292,0.457135
3.9682,-0.557942,-1,-0.63983,0.457135
3.96845,-0.508924,-1,-0.538845,0.457135
3.9687,-0.133226,-1,-0.104124,0.457135
3.96895,0.347435,-1,0.426634,0.457135
3.9692,0.601905,-0.629921,0.710828,0.457135
3.96945,0.513521,0.448819,0.621152,0.457135
3.9697,0.262272,1,0.329539,0.457135
3.96995,0.0914344,1,0.10377,0.457135
3.9702,0.0342802,1,-0.00943332,0.457135
3.97045,-0.0743427,1,-0.167878,0.457135
3.9707,-0.336728,0.346457,-0.452797,0.457135
3.97095,-0.60163,-0.582677,-0.699315,0.457135
3.9712,-0.597907,-1,-0.65669,0.457135
3.97145,-0.242242,-1,-0.246875,0.457135
3.9717,0.23555,-1,0.295836,0.457135
3.97195,0.510252,-1,0.614195,0.457135
3.9722,0.47372,-0.00787402,0.589489,0.457135
3.97245,0.30149,0.968504,0.400173,0.457135
3.9727,0.204984,1,0.254204,0.457135
3.97295,0.179498,1,0.175741,0.457135
3.9732,0.0441794,1,-0.0234016,0.457135
3.97345,-0.281231,0.795276,-0.379737,0.457135
3.9737,-0.612356,-0.125984,-0.716459,0.457135
3.97395,-0.658301,-1,-0.730363,0.457135
3.9742,-0.337388,-1,-0.365461,0.457135
3.97445,0.11877,-1,0.15005,0.457135
3.9747,0.395409,-1,0.483818,0.457135
3.97495,0.40187,-0.456693,0.515454,0.457135
3.9752,0.309732,0.527559,0.412678,0.457135
3.97545,0.296295,1,0.362354,0.457135
3.9757,0.315515,1,0.327636,0.457135
3.97595,0.170187,1,0.122604,0.457135
3.9762,-0.203362,1,-0.29412,0.457135
3.97645,-0.590867,0.322835,-0.692867,0.457135
3.9767,-0.686199,-0.677165,-0.777142,0.457135
3.97695,-0.410613,-1,-0.467308,0.457135
3.9772,0.00517085,-1,0.0113289,0.457135
3.97745,0.265529,-1,0.326863,0.457135
3.9777,0.30304,-0.858268,0.412809,0.457135
3.97795,0.287071,0.0787402,0.401928,0.457135
3.9782,0.361118,0.937008,0.45237,0.457135
3.97845,0.435671,1,0.48577,0.457135
3.9787,0.295138,1,0.28461,0.457135
3.97895,-0.109899,1,-0.177018,0.457135
3.9792,-0.539648,0.748031,-0.637104,0.457135
3.97945,-0.680142,-0.251969,-0.784058,0.457135
3.9797,-0.457157,-1,-0.529736,0.457135
3.97995,-0.0978675,-1,-0.11825,0.457135
3.9802,0.128304,-1,0.163409,0.457135
3.98045,0.182026,-1,0.268041,0.457135
3.9807,0.235582,-0.354331,0.344806,0.457135
3.98095,0.397623,0.527559,0.502257,0.457135
3.9812,0.534151,1,0.604094,0.457135
3.98145,0.410829,1,0.420851,0.457135
3.9817,-0.00787115,1,-0.0553235,0.457135
3.98195,-0.46414,1,-0.560937,0.457135
3.9822,-0.641042,0.173228,-0.747145,0.457135
3.98245,-0.473784,-0.84252,-0.562991,0.457135
3.9827,-0.183835,-1,-0.236375,0.457135
3.98295,-0.00905918,-1,-0.000860183,0.457135
3.9832,0.0470811,-1,0.118537,0.457135
3.98345,0.15969,-0.755906,0.264656,0.457135
3.9837,0.404391,0.0866142,0.516299,0.457135
3.98395,0.605062,0.937008,0.688394,0.457135
3.9842,0.51006,1,0.541948,0.457135
3.98445,0.0944364,1,0.0656627,0.457135
3.9847,-0.369199,1,-0.448373,0.457135
3.98495,-0.570603,0.582677,-0.675931,0.457135
3.9852,-0.45906,-0.433071,-0.559583,0.457135
3.98545,-0.247982,-1,-0.32363,0.457135
3.9857,-0.138546,-1,-0.16164,0.457135
3.98595,-0.0946553,-1,-0.0547704,0.457135
3.9862,0.0651783,-1,0.147961,0.457135
3.98645,0.384033,-0.338583,0.486656,0.457135
3.9867,0.64624,0.551181,0.742301,0.457135
3.98695,0.586108,1,0.640104,0.457135
3.9872,0.19019,1,0.18496,0.457135
3.98745,-0.262331,1,-0.326449,0.457135
3.9877,-0.474164,0.944882,-0.57602,0.457135
3.98795,-0.414032,-0.015748,-0.532282,0.457135
3.9882,-0.287238,-0.92126,-0.384815,0.457135
3.98845,-0.254144,-1,-0.30878,0.457135
3.9887,-0.235136,-1,-0.230115,0.457135
3.98895,-0.0416165,-1,0.028283,0.457135
3.9892,0.339063,-0.732283,0.440292,0.457135
3.98945,0.656265,0.141732,0.756458,0.457135
3.9897,0.635048,1,0.709751,0.457135
3.98995,0.272797,1,0.301444,0.457135
3.99021,-0.149577,1,-0.186863,0.457135
3.99046,-0.35683,1,-0.43655,0.457135
3.99071,-0.340892,0.377953,-0.44911,0.457135
3.99096,-0.300019,-0.527559,-0.403189,0.457135
3.99121,-0.349762,-1,-0.419895,0.457135
3.99146,-0.36679,-1,-0.378502,0.457135
3.99171,-0.15344,-1,-0.111852,0.457135
3.99196,0.273705,-1,0.360943,0.457135
3.99221,0.635791,-0.251969,0.743392,0.457135
3.99246,0.653253,0.708661,0.738192,0.457135
3.99271,0.336182,1,0.380773,0.457135
3.99296,-0.0378099,1,-0.046251,0.457135
3.99321,-0.224277,1,-0.297222,0.457135
3.99346,-0.244354,0.740157,-0.347718,0.457135
3.99371,-0.2869,-0.125984,-0.397153,0.457135
3.99396,-0.422516,-0.913386,-0.509435,0.457135
3.99421,-0.482874,-1,-0.527702,0.457135
3.99446,-0.263053,-1,-0.244528,0.457135
3.99471,0.194787,-1,0.259511,0.457135
3.99496,0.587296,-0.637795,0.68591,0.457135
3.99521,0.640012,0.330709,0.73935,0.457135
3.99546,0.3768,1,0.44146,0.457135
3.99571,0.0668418,1,0.0884745,0.457135
3.99596,-0.0842421,1,-0.128321,0.457135
3.99621,-0.129202,1,-0.212038,0.457135
3.99646,-0.249742,0.267717,-0.354908,0.457135
3.99671,-0.46959,-0.543307,-0.568304,0.457135
3.99696,-0.577418,-1,-0.640088,0.457135
3.99721,-0.363379,-1,-0.364469,0.457135
3.99746,0.106527,-1,0.166764,0.457135
3.99771,0.514035,-0.968504,0.61055,0.457135
3.99796,0.596045,-0.0393701,0.70491,0.457135
3.99821,0.392212,0.897638,0.485603,0.457135
3.99846,0.158656,1,0.207946,0.457135
3.99871,0.0570043,1,0.0412083,0.457135
3.99896,-0.00253155,1,-0.0672026,0.457135
3.99921,-0.19234,0.637795,-0.297037,0.457135
3.99946,-0.490227,-0.15748,-0.595542,0.457135
3.99971,-0.646014,-0.96063,-0.726739,0.457135
3.99996,-0.448073,-1,-0.475131,0.457135
4.00021,0.0160033,-1,0.0489583,0.457135
4.00046,0.420511,-1,0.49848,0.457135
4.00071,0.523075,-0.409449,0.630699,0.457135
4.00096,0.381945,0.535433,0.480144,0.457135
4.00121,0.234083,1,0.29718,0.457135
4.00146,0.192219,1,0.206722,0.457135
4.00171,0.130042,1,0.0796424,0.457135
4.00196,-0.116423,0.968504,-0.205002,0.457135
4.00221,-0.482999,0.220472,-0.587198,0.457135
4.00246,-0.686024,-0.629921,-0.773938,0.457135
4.00271,-0.515675,-1,-0.562925,0.457135
4.00296,-0.0760381,-1,-0.0644122,0.457135
4.00321,0.310244,-1,0.379075,0.457135
4.00346,0.425327,-0.740157,0.535179,0.457135
4.00371,0.346404,0.165354,0.462548,0.457135
4.00396,0.289344,0.952756,0.377454,0.457135
4.00421,0.315488,1,0.365165,0.457135
4.00446,0.26176,1,0.246862,0.457135
4.00471,-0.0279237,1,-0.0928079,0.457135
4.00496,-0.450246,0.590551,-0.54976,0.457135
4.00521,-0.695141,-0.275591,-0.79289,0.457135
4.00546,-0.558233,-1,-0.622075,0.457135
4.00571,-0.158412,-1,-0.177178,0.457135
4.00596,0.190808,-1,0.239014,0.457135
4.00621,0.307032,-1,0.394128,0.457135
4.00646,0.286272,-0.19685,0.389856,0.457135
4.00671,0.321482,0.606299,0.42227,0.457135
4.00696,0.421199,1,0.477823,0.457135
4.00721,0.384833,1,0.385118,0.457135
4.00745,0.0666655,1,0.00593608,0.457135
4.0077,-0.395921,0.92126,-0.49018,0.457135
4.00795,-0.673687,0.0787402,-0.780409,0.457135
4.0082,-0.573183,-0.826772,-0.660364,0.457135
4.00845,-0.226766,-1,-0.270121,0.457135
4.0087,0.0693518,-1,0.0911846,0.457135
4.00895,0.173165,-1,0.24473,0.457135
4.0092,0.204924,-0.543307,0.311525,0.457135
4.00945,0.330341,0.23622,0.439122,0.457135
4.0097,0.504858,0.944882,0.584285,0.457135
4.00995,0.492961,1,0.52192,0.457135
4.0102,0.1602,1,0.138413,0.457135
4.01045,-0.324683,1,-0.402804,0.457135
4.0107,-0.623144,0.433071,-0.720724,0.457135
4.01095,-0.558972,-0.503937,-0.646272,0.457135
4.0112,-0.276595,-1,-0.335962,0.457135
4.01145,-0.0486093,-1,-0.0506077,0.457135
4.0117,0.0313787,-1,0.0785123,0.457135
4.01195,0.107124,-0.850394,0.200979,0.457135
4.0122,0.317351,-0.125984,0.420912,0.457135
4.01245,0.563217,0.622047,0.65614,0.457135
4.0127,0.580433,1,0.628553,0.457135
4.01295,0.246853,1,0.234786,0.457135
4.0132,-0.241753,1,-0.310913,0.457135
4.01345,-0.54672,0.748031,-0.646395,0.457135
4.0137,-0.516509,-0.15748,-0.62838,0.457135
4.01395,-0.306485,-0.984252,-0.389756,0.457135
4.0142,-0.157825,-1,-0.192622,0.457135
4.01445,-0.111561,-1,-0.0881388,0.457135
4.0147,-0.0013342,-1,0.0680824,0.457135
4.01495,0.284379,-0.472441,0.380773,0.457135
4.0152,0.59533,0.283465,0.693053,0.457135
4.01545,0.64331,1,0.710113,0.457135
4.0157,0.321997,1,0.334485,0.457135
4.01595,-0.151741,1,-0.197197,0.457135
4.0162,-0.448207,1,-0.537911,0.457135
4.01645,-0.44729,0.173228,-0.559307,0.457135
4.0167,-0.314731,-0.669291,-0.408932,0.457135
4.01695,-0.253776,-1,-0.31115,0.457135
4.0172,-0.250395,-1,-0.250564,0.457135
4.01745,-0.114091,-1,-0.057855,0.457135
4.0177,0.235006,-0.787402,0.335818,0.457135
4.01795,0.600543,-0.0551181,0.706703,0.457135
4.0182,0.678019,0.76378,0.766062,0.457135
4.01845,0.38059,1,0.425921,0.457135
4.0187,-0.059699,1,-0.0748769,0.457135
4.01895,-0.332114,1,-0.404713,0.457135
4.0192,-0.355493,0.488189,-0.462188,0.457135
4.01945,-0.301834,-0.338583,-0.4106,0.457135
4.0197,-0.333293,-0.992126,-0.411821,0.457135
4.01995,-0.377312,-1,-0.406126,0.457135
4.0202,-0.225089,-1,-0.200166,0.457135
4.02045,0.173437,-1,0.246415,0.457135
4.0207,0.580092,-0.385827,0.672607,0.457135
4.02095,0.683395,0.464567,0.763054,0.457135
4.0212,0.418957,1,0.465234,0.457135
4.02145,0.0292578,1,0.024256,0.457135
4.0217,-0.204374,1,-0.266475,0.457135
4.02195,-0.244481,0.76378,-0.34107,0.457135
4.0222,-0.269578,0,-0.38435,0.457135
4.02245,-0.394163,-0.700787,-0.491819,0.457135
4.0227,-0.488684,-1,-0.541124,0.457135
4.02295,-0.328571,-1,-0.318036,0.457135
4.0232,0.103938,-1,0.17083,0.457135
4.02345,0.535825,-0.692913,0.631083,0.457135
4.0237,0.659106,0.149606,0.76453,0.457135
4.02395,0.435542,0.976378,0.516297,0.457135
4.0242,0.111808,1,0.14596,0.457135
4.02445,-0.0707877,1,-0.100969,0.457135
4.0247,-0.120925,0.992126,-0.199078,0.447779
