Time,Disturbance,Actuator,Error,RMS_E
0.400255,0.102286,0,0.105322,0
0.400505,0.389459,0,0.389353,0
0.400755,0.521893,0,0.523373,0
0.401005,0.49364,0,0.493861,0
0.401255,0.375367,0,0.378597,0
0.401505,0.261037,0,0.258675,0
0.401755,0.204746,0,0.202202,0
0.402005,0.188904,0,0.191568,0
0.402255,0.143813,0,0.142135,0
0.402505,0.00448321,0,0.00854896,0
0.402755,-0.233249,0,-0.235984,0
0.403005,-0.495728,0,-0.491851,0
0.403255,-0.666879,0,-0.661885,0
0.403505,-0.65469,0,-0.654457,0
0.403755,-0.4476,0,-0.444773,0
0.404005,-0.124943,0,-0.124581,0
0.404255,0.185922,0,0.181028,0
0.404505,0.379246,0,0.374806,0
0.404755,0.424435,0,0.419801,0
0.405005,0.371593,0,0.367228,0
0.405255,0.307186,0,0.303895,0
0.405505,0.290514,0,0.295509,0
0.405755,0.312911,0,0.309601,0
0.406005,0.306239,0,0.302556,0
0.406255,0.194823,0,0.192567,0
0.406505,-0.0436541,0,-0.0472971,0
0.406755,-0.349659,0,-0.353682,0
0.407005,-0.605696,0,-0.606446,0
0.407255,-0.699779,0,-0.703936,0
0.407505,-0.589373,0,-0.5845,0
0.407755,-0.32602,0,-0.325447,0
0.408005,-0.0251246,0,-0.0255923,0
0.408255,0.199902,0,0.200394,0
0.408505,0.298457,0,0.295723,0
0.408755,0.30087,-0.00787402,0.296742,0
0.409005,0.284693,-0.0314961,0.284149,0
0.409255,0.312789,-0.0708661,0.313963,0
0.409505,0.385031,-0.133858,0.386741,0
0.409755,0.435573,-0.228346,0.432389,0
0.410005,0.378196,-0.338583,0.374892,0
0.410255,0.169803,-0.385827,0.169892,0
0.410505,-0.149669,-0.314961,-0.152585,0
0.410755,-0.468639,-0.0866142,-0.484779,0
0.411005,-0.66123,0.267717,-0.693449,0
0.411255,-0.656218,0.732283,-0.70067,0
0.411505,-0.474714,1,-0.534435,0
0.411755,-0.21388,1,-0.282265,0
0.412005,0.0124678,1,-0.0540023,0
0.412255,0.138877,0.527559,0.0928497,0
0.412505,0.178113,-0.0629921,0.177679,0
0.412755,0.198564,-0.637795,0.250303,0
0.413005,0.266198,-1,0.391817,0
0.413255,0.390032,-1,0.574906,0
0.413505,0.508374,-1,0.729861,0
0.413755,0.525765,-1,0.748871,0
0.414005,0.377235,-1,0.566011,0
0.414255,0.0782163,-1,0.195225,0
0.414505,-0.273092,-0.393701,-0.243961,0
0.414755,-0.544657,1,-0.630554,0
0.415005,-0.641076,1,-0.84868,0
0.415255,-0.552865,1,-0.866778,0
0.415505,-0.35455,1,-0.733213,0
0.415755,-0.154095,1,-0.559421,0
0.416005,-0.0264495,1,-0.390362,0
0.416255,0.0263116,1,-0.253698,0
0.416505,0.0642684,-0.291339,-0.0863885,0
0.416755,0.156671,-1,0.164055,0
0.417005,0.323226,-1,0.496679,0
0.417255,0.509352,-1,0.827904,0
0.417506,0.61334,-1,1.04629,0
0.417756,0.548893,-1,1.02695,0
0.418006,0.303622,-1,0.756096,0
0.418256,-0.0448873,-1,0.32478,0
0.418506,-0.36669,-0.15748,-0.127149,0
0.418756,-0.548697,1,-0.475425,0
0.419006,-0.552991,1,-0.664579,0
0.419256,-0.429275,1,-0.715937,0
0.419506,-0.274854,1,-0.701439,0
0.419756,-0.169465,1,-0.669528,0
0.420006,-0.126982,1,-0.636507,0
0.420256,-0.0947146,1,-0.543468,0
0.420506,0.000595099,0.377953,-0.323316,0
0.420756,0.1913,-1,0.0230593,0
0.421006,0.433954,-1,0.457756,0
0.421256,0.625086,-1,0.837794,0
0.421506,0.659714,-1,1.03541,0
0.421756,0.496105,-1,0.974888,0
0.422006,0.185527,-1,0.695726,0
0.422256,-0.152507,-1,0.323801,0
0.422506,-0.394746,-0.645669,-0.0212649,0
0.422756,-0.479215,1,-0.247486,0
0.423006,-0.430683,1,-0.37803,0
0.423256,-0.332743,1,-0.473122,0
0.423506,-0.266115,1,-0.578841,0
0.423756,-0.254108,1,-0.685464,0
0.424006,-0.250554,1,-0.735853,0
0.424256,-0.177774,1,-0.645145,0
0.424506,0.0114611,1,-0.383415,0
0.424756,0.2892,-1,0.0279,0
0.425006,0.556048,-1,0.456337,0
0.425256,0.692943,-1,0.779427,0
0.425506,0.629749,-1,0.893927,0
0.425756,0.387523,-1,0.776332,0
0.426006,0.0680431,-1,0.522638,0
0.426256,-0.203459,-1,0.251458,0
0.426506,-0.346523,-1,0.0440258,0
0.426756,-0.362879,1,-0.0809711,0
0.427006,-0.321003,1,-0.201893,0
0.427256,-0.300213,1,-0.349322,0
0.427506,-0.331633,1,-0.555407,0
0.427756,-0.375551,1,-0.721794,0
0.428006,-0.349872,1,-0.764314,0
0.428256,-0.191078,1,-0.611742,0
0.428506,0.0928104,1,-0.277615,0
0.428756,0.412982,-1,0.143216,0
0.429006,0.642782,-1,0.523804,0
0.429256,0.686952,-1,0.733143,0
0.429506,0.534869,-1,0.741439,0
0.429756,0.264701,-1,0.586674,0
0.430006,-0.00387066,-1,0.385891,0
0.430256,-0.178353,-1,0.211575,0
0.430506,-0.240578,-1,0.0974041,0
0.430756,-0.244211,1,0.00245175,0
0.431006,-0.265935,1,-0.160512,0
0.431256,-0.344132,1,-0.395553,0
0.431506,-0.446335,1,-0.645841,0
0.431756,-0.487318,1,-0.808018,0
0.432006,-0.386826,1,-0.760481,0
0.432256,-0.129426,1,-0.503103,0
0.432506,0.213511,1,-0.10858,0
0.432756,0.515297,-1,0.298853,0
0.433006,0.661006,-1,0.574156,0
0.433256,0.609406,-1,0.673719,0
0.433506,0.411384,-1,0.624583,0
0.433756,0.174564,-1,0.501833,0
0.434006,-0.00279565,-1,0.372,0
0.434256,-0.0867997,-1,0.287816,0
0.434506,-0.117457,-1,0.189576,0
0.434756,-0.168704,1,0.0388554,0
0.435006,-0.286567,1,-0.216562,0
0.435256,-0.447693,1,-0.526373,0
0.435506,-0.566279,1,-0.800494,0
0.435756,-0.546557,1,-0.879267,0
0.436006,-0.347271,1,-0.737506,0
0.436256,-0.0164092,1,-0.388679,0
0.436506,0.327474,1,0.013334,0
0.436756,0.557011,-1,0.355571,0
0.437006,0.603745,-1,0.541729,0
0.437256,0.489981,-1,0.579669,0
0.437506,0.306509,-1,0.547096,0
0.437756,0.151606,-1,0.503804,0
0.438006,0.070856,-1,0.471912,0
0.438256,0.0360533,-1,0.41839,0
0.438506,-0.0243815,-1,0.295672,0
0.438756,-0.165254,1,0.0419311,0
0.439007,-0.375044,1,-0.309197,0
0.439257,-0.571262,1,-0.669161,0
0.439507,-0.645565,1,-0.891506,0
0.439757,-0.530595,1,-0.885855,0
0.440007,-0.246244,1,-0.648856,0
0.440257,0.104831,1,-0.293964,0
0.440507,0.391086,1,0.0603847,0
0.440757,0.522238,-1,0.31055,0
0.441007,0.492954,-1,0.425596,0
0.441257,0.374381,-1,0.470327,0
0.441507,0.260378,-1,0.510676,0
0.441757,0.204535,-1,0.56549,0
0.442007,0.188795,-1,0.597139,0
0.442257,0.143189,-1,0.546039,0
0.442507,0.00300089,-1,0.339436,0
0.442757,-0.235259,1,-0.0186175,0
0.443007,-0.497505,1,-0.420004,0
0.443257,-0.66755,1,-0.758566,0
0.443507,-0.653804,1,-0.896281,0
0.443757,-0.445463,1,-0.79704,0
0.444007,-0.122405,1,-0.535064,0
0.444257,0.187927,1,-0.214966,0
0.444507,0.380105,1,0.045387,0
0.444757,0.424286,-1,0.195263,0
0.445007,0.371034,-1,0.286573,0
0.445257,0.306845,-1,0.389996,0
0.445507,0.290602,-1,0.529856,0
0.445757,0.313093,-1,0.668147,0
0.446007,0.305885,-1,0.711389,0
0.446257,0.193496,-1,0.589264,0
0.446507,-0.0458181,-1,0.285527,0
0.446757,-0.35193,1,-0.123914,0
0.447007,-0.607128,1,-0.524917,0
0.447257,-0.699705,1,-0.77528,0
0.447507,-0.587845,1,-0.822244,0
0.447757,-0.32374,1,-0.674942,0
0.448007,-0.0230449,1,-0.424074,0
0.448257,0.20111,1,-0.192488,0
0.448507,0.298734,1,-0.0355096,0
0.448757,0.300719,-1,0.0773677,0
0.449007,0.284685,-1,0.205813,0
0.449257,0.313218,-1,0.393108,0
0.449507,0.385615,-1,0.619737,0
0.449757,0.435656,-1,0.782506,0
0.450007,0.377213,-1,0.774359,0
0.450257,0.167721,-1,0.561087,0
0.450507,-0.152258,-1,0.175044,0
0.450757,-0.470693,1,-0.252604,0
0.451007,-0.661959,1,-0.586121,0
0.451257,-0.655422,1,-0.734993,0
0.451507,-0.472885,1,-0.703544,0
0.451757,-0.211929,1,-0.561434,0
0.452007,0.0138119,1,-0.389152,0
0.452257,0.139446,1,-0.25208,0
0.452507,0.178216,1,-0.150441,0
0.452757,0.198826,-1,-0.0168982,0
0.453007,0.266952,-1,0.186771,0
0.453257,0.39104,-1,0.476169,0
0.453507,0.508987,-1,0.748285,0
0.453757,0.525307,-1,0.867201,0
0.454007,0.375461,-1,0.772426,0
0.454257,0.0756388,-1,0.468377,0
0.454507,-0.275562,-1,0.0568435,0
0.454757,-0.546092,1,-0.330765,0
0.455007,-0.641068,1,-0.562084,0
0.455257,-0.551671,1,-0.634899,0
0.455507,-0.352941,1,-0.589826,0
0.455757,-0.152803,1,-0.496994,0
0.456007,-0.0258217,1,-0.427065,0
0.456257,0.0265586,1,-0.361553,0
0.456507,0.0646928,1,-0.264812,0
0.456757,0.157681,-1,-0.0640413,0
0.457007,0.324646,-1,0.247222,0
0.457257,0.510558,-1,0.596413,0
0.457507,0.613538,-1,0.850355,0
0.457757,0.547692,-1,0.897266,0
0.458007,0.301269,-1,0.700882,0
0.458257,-0.0475458,-1,0.34337,0
0.458507,-0.368691,-1,-0.0344281,0
0.458757,-0.549376,1,-0.332438,0
0.459007,-0.552442,1,-0.480374,0
0.459257,-0.428118,1,-0.516114,0
0.459507,-0.273826,1,-0.512708,0
0.459757,-0.168944,1,-0.513875,0
0.460007,-0.126792,1,-0.530952,0
0.460258,-0.0942815,1,-0.487458,0
0.460508,0.00166824,1,-0.327188,0
0.460758,0.193014,-1,-0.0283202,0
0.461008,0.435709,-1,0.362538,0
0.461258,0.626022,-1,0.709442,0
0.461508,0.659222,-1,0.899649,0
0.461758,0.49422,-1,0.840411,0
0.462008,0.18292,-1,0.583311,0
0.462258,-0.154789,-1,0.239673,0
0.462508,-0.395981,-1,-0.0609332,0
0.462758,-0.47927,1,-0.263199,0
0.463008,-0.430035,1,-0.352637,0
0.463258,-0.33206,1,-0.416641,0
0.463508,-0.265841,1,-0.506936,0
0.463758,-0.254115,1,-0.603211,0
0.464008,-0.250355,1,-0.646741,0
0.464258,-0.17681,1,-0.567021,0
0.464508,0.0132872,1,-0.314711,0
0.464758,0.291396,-1,0.0722663,0
0.465008,0.557675,-1,0.478585,0
0.465258,0.693245,-1,0.772477,0
0.465508,0.628512,-1,0.862347,0
0.465758,0.385276,-1,0.733456,0
0.466008,0.065706,-1,0.471214,0
0.466258,-0.20505,-1,0.184186,0
0.466508,-0.347091,-1,-0.0131419,0
0.466758,-0.36268,1,-0.138223,0
0.467008,-0.320694,1,-0.245893,0
0.467258,-0.300259,1,-0.387579,0
0.467508,-0.331998,1,-0.568358,0
0.467758,-0.375718,1,-0.723992,0
0.468008,-0.349221,1,-0.750581,0
0.468258,-0.189332,1,-0.587185,0
0.468508,0.0952052,1,-0.234109,0
0.468758,0.415177,-1,0.198545,0
0.469008,0.64388,-1,0.570446,0
0.469258,0.686498,-1,0.767218,0
0.469508,0.53316,-1,0.768391,0
0.469758,0.262552,-1,0.614223,0
0.470008,-0.00561912,-1,0.39873,0
0.470258,-0.179205,-1,0.211905,0
0.470508,-0.240731,-1,0.0945507,0
0.470758,-0.244226,1,-0.0188348,0
0.471008,-0.266304,1,-0.190571,0
0.471258,-0.344885,1,-0.429385,0
0.471508,-0.44698,1,-0.683029,0
0.471758,-0.487138,1,-0.838003,0
0.472008,-0.385453,1,-0.789878,0
0.472258,-0.127055,1,-0.523879,0
0.472508,0.216073,1,-0.1188,0
0.472758,0.517063,-1,0.299201,0
0.473008,0.661343,-1,0.580355,0
0.473258,0.608364,-1,0.689002,0
0.473508,0.409613,-1,0.649404,0
0.473758,0.172935,-1,0.515775,0
0.474008,-0.00375987,-1,0.392988,0
0.474258,-0.0871452,-1,0.30568,0
0.474508,-0.117707,-1,0.21125,0
0.474758,-0.169318,1,0.0486907,0
0.475008,-0.287681,1,-0.211174,0
0.475258,-0.448857,1,-0.533355,0
0.475508,-0.566738,1,-0.804146,0
0.475758,-0.545733,1,-0.890729,0
0.476008,-0.345182,1,-0.743034,0
0.476258,-0.0137007,1,-0.409929,0
0.476508,0.329737,1,-0.00524568,0
0.476758,0.558064,-1,0.34089,0
0.477008,0.603424,-1,0.521775,0
0.477258,0.488743,-1,0.57544,0
0.477508,0.305153,-1,0.539004,0
0.477758,0.150721,-1,0.501056,0
0.478008,0.070469,-1,0.467803,0
0.478258,0.0357864,-1,0.429202,0
0.478508,-0.025102,-1,0.306158,0
0.478758,-0.166645,1,0.0506741,0
0.479008,-0.376684,1,-0.301137,0
0.479258,-0.572386,1,-0.652408,0
0.479508,-0.645441,1,-0.885914,0
0.479758,-0.529,1,-0.880646,0
0.480008,-0.243718,1,-0.644353,0
0.480258,0.107351,1,-0.284491,0
0.480508,0.392727,1,0.0608245,0
0.480758,0.522566,-1,0.304543,0
0.481008,0.492288,-1,0.415996,0
0.481258,0.373415,-1,0.456108,0
0.481508,0.259712,-1,0.495709,0
0.481759,0.204331,-1,0.550307,0
0.482009,0.188659,-1,0.588538,0
0.482259,0.142544,-1,0.532882,0
0.482509,0.00154295,-1,0.332258,0
0.482759,-0.237252,1,-0.011911,0
0.483009,-0.499253,1,-0.417997,0
0.483259,-0.668196,1,-0.751829,0
0.483509,-0.652926,1,-0.890319,0
0.483759,-0.443342,1,-0.788597,0
0.484009,-0.11989,1,-0.516627,0
0.484259,0.189884,1,-0.204377,0
0.484509,0.380964,1,0.0550337,0
0.484759,0.424154,-1,0.205587,0
0.485009,0.370508,-1,0.29615,0
0.485259,0.306513,-1,0.389882,0
0.485509,0.290681,-1,0.525504,0
0.485759,0.313248,-1,0.665882,0
0.486009,0.305477,-1,0.707729,0
0.486259,0.192159,-1,0.588541,0
0.486509,-0.0479701,-1,0.282398,0
0.486759,-0.354194,1,-0.12866,0
0.487009,-0.608522,1,-0.530793,0
0.487259,-0.69962,1,-0.78529,0
0.487509,-0.586327,1,-0.817398,0
0.487759,-0.32146,1,-0.666816,0
0.488009,-0.0209839,1,-0.422504,0
0.488259,0.202315,1,-0.194636,0
0.488509,0.299054,1,-0.0325395,0
0.488759,0.300569,-1,0.0846452,0
0.489009,0.284689,-1,0.202666,0
0.489259,0.313641,-1,0.397457,0
0.489509,0.386163,-1,0.62069,0
0.489759,0.435711,-1,0.780909,0
0.490009,0.376214,-1,0.779151,0
0.490259,0.165614,-1,0.555869,0
0.490509,-0.154795,-1,0.178185,0
0.490759,-0.47272,1,-0.251567,0
0.491009,-0.662674,1,-0.584389,0
0.491259,-0.654632,1,-0.741758,0
0.491509,-0.471089,1,-0.70431,0
0.491759,-0.209998,1,-0.558327,0
0.492009,0.0151787,1,-0.390471,0
0.492259,0.139997,1,-0.252725,0
0.492509,0.178343,1,-0.152148,0
0.492759,0.199106,-1,-0.0203158,0
0.493009,0.267716,-1,0.185929,0
0.493259,0.392069,-1,0.470542,0
0.493509,0.509617,-1,0.748266,0
0.493759,0.524852,-1,0.872139,0
0.494009,0.373698,-1,0.772528,0
0.494259,0.073036,-1,0.468485,0
0.494509,-0.27805,-1,0.0549963,0
0.494759,-0.547546,1,-0.328784,0
0.495009,-0.641026,1,-0.558346,0
0.495259,-0.550447,1,-0.630089,0
0.495509,-0.351312,1,-0.58997,0
0.495759,-0.151533,1,-0.494594,0
0.496009,-0.025213,1,-0.422062,0
0.496259,0.0267805,1,-0.365352,0
0.496509,0.0651302,1,-0.269038,0
0.496759,0.158673,-1,-0.0574476,0
0.497009,0.326084,-1,0.24831,0
0.497259,0.511784,-1,0.596744,0
0.497509,0.613755,-1,0.84758,0
0.497759,0.546477,-1,0.896713,0
0.498009,0.29889,-1,0.702279,0
0.498259,-0.050257,-1,0.344799,0
0.498509,-0.370668,-1,-0.0386301,0
0.498759,-0.550038,1,-0.32599,0
0.499009,-0.551863,1,-0.475779,0
0.499259,-0.426936,1,-0.510918,0
0.499509,-0.272791,1,-0.504144,0
0.499759,-0.168438,1,-0.513087,0
0.500009,-0.126598,1,-0.52302,0.51247
0.500259,-0.0938963,1,-0.490027,0.51247
0.500509,0.00271897,1,-0.32537,0.51247
0.500759,0.194695,-1,-0.0281376,0.51247
0.501009,0.43739,-1,0.35685,0.51247
0.501259,0.626913,-1,0.710071,0.51247
0.501509,0.658763,-1,0.890913,0.51247
0.501759,0.492482,-1,0.836178,0.51247
0.502009,0.180632,-1,0.583297,0.51247
0.502259,-0.156785,-1,0.235773,0.51247
0.502509,-0.397025,-1,-0.064706,0.51247
0.502759,-0.479304,1,-0.253597,0.51247
0.503009,-0.429475,1,-0.34782,0.51247
0.503259,-0.331502,1,-0.413814,0.51247
0.503509,-0.265616,1,-0.498703,0.51247
0.503759,-0.254169,1,-0.599815,0.51247
0.504009,-0.25021,1,-0.647526,0.51247
0.504259,-0.176089,1,-0.56676,0.51247
0.504509,0.0146549,1,-0.319115,0.51247
0.504759,0.292949,-1,0.0754001,0.51247
0.505009,0.558837,-1,0.47682,0.51247
0.505259,0.69345,-1,0.780568,0.51247
0.505509,0.627681,-1,0.864452,0.51247
0.505759,0.383806,-1,0.727223,0.51247
0.506009,0.0642041,-1,0.467341,0.51247
0.506259,-0.206039,-1,0.188667,0.51247
0.506509,-0.347399,-1,-0.0150838,0.51247
0.506759,-0.362541,1,-0.142405,0.51247
0.507009,-0.320517,1,-0.247744,0.51247
0.507259,-0.300288,1,-0.384162,0.51247
0.507509,-0.332196,1,-0.569102,0.51247
0.507759,-0.375828,1,-0.723395,0.51247
0.508009,-0.34888,1,-0.753747,0.51247
0.508259,-0.188503,1,-0.578696,0.51247
0.508509,0.096354,1,-0.235122,0.51247
0.508759,0.416183,-1,0.196966,0.51247
0.509009,0.644363,-1,0.571602,0.51247
0.509259,0.686295,-1,0.771088,0.51247
0.509509,0.532441,-1,0.768932,0.51247
0.509759,0.261697,-1,0.612891,0.51247
0.510009,-0.00626339,-1,0.391492,0.51247
0.510259,-0.179487,-1,0.216164,0.51247
0.510509,-0.240774,-1,0.0852699,0.51247
0.510759,-0.244223,1,-0.023913,0.51247
0.511009,-0.266418,1,-0.192182,0.51247
0.511259,-0.345111,1,-0.424764,0.51247
0.511509,-0.447155,1,-0.688017,0.51247
0.511759,-0.487104,1,-0.831747,0.51247
0.512008,-0.385109,1,-0.784143,0.51247
0.512258,-0.126472,1,-0.521405,0.51247
0.512508,0.216648,1,-0.115662,0.51247
0.512758,0.517424,-1,0.297152,0.51247
0.513008,0.661402,-1,0.584527,0.51247
0.513258,0.608175,-1,0.695269,0.51247
0.513508,0.409339,-1,0.649849,0.51247
0.513758,0.172702,-1,0.519701,0.51247
0.514008,-0.00387954,-1,0.393886,0.51247
0.514258,-0.0871904,-1,0.301717,0.51247
0.514508,-0.117704,-1,0.210467,0.51247
0.514758,-0.169369,1,0.0495281,0.51247
0.515008,-0.287749,1,-0.211469,0.51247
0.515258,-0.448905,1,-0.527323,0.51247
0.515508,-0.566769,1,-0.802524,0.51247
0.515758,-0.545718,1,-0.893784,0.51247
0.516008,-0.345183,1,-0.74666,0.51247
0.516258,-0.0137564,1,-0.409628,0.51247
0.516508,0.329643,1,0.00275591,0.51247
0.516758,0.558019,-1,0.332888,0.51247
0.517008,0.60343,-1,0.521178,0.51247
0.517258,0.488841,-1,0.57285,0.51247
0.517508,0.305291,-1,0.543321,0.51247
0.517758,0.150812,-1,0.495091,0.51247
0.518008,0.0705311,-1,0.467767,0.51247
0.518258,0.035837,-1,0.426015,0.51247
0.518508,-0.0249738,-1,0.307168,0.51247
0.518758,-0.166389,1,0.0576996,0.51247
0.519008,-0.376363,1,-0.297413,0.51247
0.519258,-0.572141,1,-0.656455,0.51247
0.519508,-0.645464,1,-0.880632,0.51247
0.519758,-0.52939,1,-0.878738,0.51247
0.520008,-0.244363,1,-0.643321,0.51247
0.520258,0.106658,1,-0.284346,0.51247
0.520508,0.392252,1,0.0611507,0.51247
0.520758,0.522452,-1,0.30657,0.51247
0.521008,0.492503,-1,0.4177,0.51247
0.521258,0.373741,-1,0.456799,0.51247
0.521508,0.259945,-1,0.496856,0.51247
0.521758,0.204407,-1,0.551182,0.51247
0.522008,0.18871,-1,0.592809,0.51247
0.522258,0.142801,-1,0.532929,0.51247
0.522508,0.0021545,-1,0.32792,0.51247
0.522758,-0.236377,1,-0.0154391,0.51247
0.523008,-0.498463,1,-0.417945,0.51247
0.523258,-0.667888,1,-0.748129,0.51247
0.523508,-0.653349,1,-0.886882,0.51247
0.523758,-0.444404,1,-0.79345,0.51247
0.524008,-0.121172,1,-0.519558,0.51247
0.524258,0.188823,1,-0.200086,0.51247
0.524508,0.380504,1,0.0545823,0.51247
0.524758,0.424221,-1,0.205106,0.51247
0.525008,0.370814,-1,0.293519,0.51247
0.525258,0.306711,-1,0.387366,0.51247
0.525508,0.290626,-1,0.529679,0.51247
0.525757,0.313139,-1,0.664654,0.51247
0.526007,0.305734,-1,0.703693,0.51247
0.526257,0.193057,-1,0.583022,0.51247
0.526507,-0.0465223,-1,0.279073,0.51247
0.526757,-0.352616,1,-0.127901,0.51247
0.527007,-0.607526,1,-0.529369,0.51247
0.527257,-0.699682,1,-0.786371,0.51247
0.527507,-0.587445,1,-0.820337,0.51247
0.527757,-0.323166,1,-0.668784,0.51247
0.528007,-0.0225811,1,-0.421943,0.51247
0.528257,0.201389,1,-0.189947,0.51247
0.528507,0.298819,1,-0.0302349,0.51247
0.528757,0.300694,-1,0.0784123,0.51247
0.529007,0.284686,-1,0.207546,0.51247
0.529257,0.313278,-1,0.394698,0.51247
0.529507,0.385672,-1,0.619252,0.51247
0.529757,0.435642,-1,0.778461,0.51247
0.530007,0.377113,-1,0.775269,0.51247
0.530257,0.167523,-1,0.563357,0.51247
0.530507,-0.152412,-1,0.181012,0.51247
0.530757,-0.470797,1,-0.25466,0.51247
0.531007,-0.661984,1,-0.586332,0.51247
0.531257,-0.655404,1,-0.737352,0.51247
0.531507,-0.472884,1,-0.70695,0.51247
0.531757,-0.211948,1,-0.558219,0.51247
0.532007,0.0137796,1,-0.391889,0.51247
0.532257,0.139432,1,-0.249851,0.51247
0.532507,0.178197,1,-0.149598,0.51247
0.532757,0.198816,-1,-0.018527,0.51247
0.533007,0.266884,-1,0.193064,0.51247
0.533257,0.390942,-1,0.476075,0.51247
0.533507,0.508922,-1,0.743713,0.51247
0.533757,0.525373,-1,0.874424,0.51247
0.534007,0.375746,-1,0.78006,0.51247
0.534257,0.0760633,-1,0.473332,0.51247
0.534507,-0.275106,-1,0.0600653,0.51247
0.534757,-0.545816,1,-0.320223,0.51247
0.535007,-0.641076,1,-0.567594,0.51247
0.535257,-0.551931,1,-0.636502,0.51247
0.535507,-0.35332,1,-0.585017,0.51247
0.535757,-0.153147,1,-0.504911,0.51247
0.536007,-0.025992,1,-0.428018,0.51247
0.536257,0.0264875,1,-0.366171,0.51247
0.536507,0.0645684,1,-0.267779,0.51247
0.536757,0.157346,-1,-0.0636836,0.51247
0.537007,0.324167,-1,0.247613,0.51247
0.537257,0.510128,-1,0.591873,0.51247
0.537507,0.613461,-1,0.853294,0.51247
0.537757,0.54817,-1,0.897106,0.51247
0.538007,0.302207,-1,0.701466,0.51247
0.538257,-0.0464321,-1,0.346025,0.51247
0.538507,-0.367824,-1,-0.0384768,0.51247
0.538757,-0.549061,1,-0.327535,0.51247
0.539007,-0.55269,1,-0.470364,0.51247
0.539257,-0.42867,1,-0.514577,0.51247
0.539506,-0.274341,1,-0.506003,0.51247
0.539756,-0.169222,1,-0.51371,0.51247
0.540006,-0.126878,1,-0.529174,0.51247
0.540256,-0.0945209,1,-0.488603,0.51247
0.540506,0.00105651,1,-0.325828,0.51247
0.540756,0.192014,-1,-0.0250705,0.51247
0.541006,0.434667,-1,0.353029,0.51247
0.541256,0.625446,-1,0.708397,0.51247
0.541506,0.659532,-1,0.892765,0.51247
0.541756,0.495435,-1,0.845528,0.51247
0.542006,0.184633,-1,0.586303,0.51247
0.542256,-0.153223,-1,0.24427,0.51247
0.542506,-0.395128,-1,-0.0647907,0.51247
0.542756,-0.479235,1,-0.259116,0.51247
0.543006,-0.430499,1,-0.353893,0.51247
0.543256,-0.332563,1,-0.417423,0.51247
0.543506,-0.266047,1,-0.497283,0.51247
0.543756,-0.254092,1,-0.60059,0.51247
0.544006,-0.250513,1,-0.650585,0.51247
0.544256,-0.177578,1,-0.566324,0.51247
0.544506,0.0117949,1,-0.323635,0.51247
0.544756,0.289575,-1,0.072907,0.51247
0.545006,0.556281,-1,0.474481,0.51247
0.545256,0.69298,-1,0.772258,0.51247
0.545506,0.6296,-1,0.865547,0.51247
0.545756,0.387294,-1,0.738971,0.51247
0.546006,0.0678545,-1,0.473352,0.51247
0.546256,-0.203582,-1,0.185623,0.51247
0.546506,-0.346565,-1,-0.0186384,0.51247
0.546756,-0.362887,1,-0.138116,0.51247
0.547006,-0.320991,1,-0.246825,0.51247
0.547256,-0.300213,1,-0.378891,0.51247
0.547506,-0.331633,1,-0.568847,0.51247
0.547756,-0.375535,1,-0.723888,0.51247
0.548006,-0.349896,1,-0.749232,0.51247
0.548256,-0.191161,1,-0.585973,0.51247
0.548506,0.0926116,1,-0.240054,0.51247
0.548756,0.412779,-1,0.194672,0.51247
0.549006,0.642659,-1,0.566831,0.51247
0.549256,0.687012,-1,0.772132,0.51247
0.549506,0.53511,-1,0.773428,0.51247
0.549756,0.265031,-1,0.610519,0.51247
0.550006,-0.00357282,-1,0.395971,0.51247
0.550256,-0.17819,-1,0.212033,0.51247
0.550506,-0.240547,-1,0.0932062,0.51247
0.550756,-0.24421,1,-0.0259353,0.51247
0.551006,-0.26585,1,-0.190314,0.51247
0.551256,-0.34394,1,-0.431242,0.51247
0.551506,-0.446145,1,-0.679503,0.51247
0.551756,-0.487344,1,-0.834059,0.51247
0.552006,-0.387232,1,-0.783564,0.51247
0.552256,-0.130176,1,-0.528207,0.51247
0.552506,0.212674,1,-0.120071,0.51247
0.552756,0.514662,-1,0.294925,0.51247
0.553006,0.660885,-1,0.585289,0.51247
0.553255,0.609815,-1,0.689513,0.51247
0.553505,0.412071,-1,0.652027,0.51247
0.553755,0.175249,-1,0.51954,0.51247
0.554005,-0.00239176,-1,0.401064,0.51247
0.554255,-0.0866591,-1,0.310882,0.51247
0.554505,-0.117396,-1,0.211849,0.51247
0.554755,-0.168403,1,0.0529993,0.51247
0.555005,-0.286022,1,-0.209979,0.51247
0.555255,-0.447092,1,-0.532144,0.51247
0.555505,-0.566026,1,-0.805359,0.51247
0.555755,-0.547002,1,-0.894763,0.51247
0.556005,-0.348418,1,-0.745291,0.51247
0.556255,-0.0179396,1,-0.413174,0.51247
0.556505,0.326132,1,-0.00553427,0.51247
0.556755,0.556363,-1,0.331897,0.51247
0.557005,0.603965,-1,0.523745,0.51247
0.557255,0.490765,-1,0.574378,0.51247
0.557505,0.307397,-1,0.545592,0.51247
0.557755,0.152204,-1,0.499192,0.51247
0.558005,0.0710767,-1,0.467072,0.51247
0.558255,0.0362425,-1,0.425675,0.51247
0.558505,-0.0238826,-1,0.306201,0.51247
0.558755,-0.16427,1,0.0520225,0.51247
0.559005,-0.373804,1,-0.298239,0.51247
0.559255,-0.570387,1,-0.649728,0.51247
0.559505,-0.645645,1,-0.883948,0.51247
0.559755,-0.531831,1,-0.879016,0.51247
0.560005,-0.248304,1,-0.644775,0.51247
0.560255,0.102747,1,-0.292618,0.51247
0.560505,0.38972,1,0.0625916,0.51247
0.560755,0.521958,-1,0.300285,0.51247
0.561005,0.493554,-1,0.418326,0.51247
0.561255,0.375246,-1,0.455786,0.51247
0.561505,0.260972,-1,0.498593,0.51247
0.561755,0.204715,-1,0.557087,0.51247
0.562005,0.188908,-1,0.594543,0.51247
0.562255,0.143769,-1,0.533195,0.51247
0.562505,0.00443144,-1,0.336807,0.51247
0.562755,-0.233288,1,-0.0151693,0.51247
0.563005,-0.495731,1,-0.41814,0.51247
0.563255,-0.666869,1,-0.750849,0.51247
0.563505,-0.654715,1,-0.890817,0.51247
0.563755,-0.447709,1,-0.791349,0.51247
0.564005,-0.125101,1,-0.522263,0.51247
0.564255,0.185783,1,-0.205499,0.51247
0.564505,0.379141,1,0.0505678,0.51247
0.564755,0.424452,-1,0.206539,0.51247
0.565005,0.371667,-1,0.290022,0.51247
0.565255,0.307231,-1,0.39455,0.51247
0.565505,0.290513,-1,0.528446,0.51247
0.565755,0.312883,-1,0.660227,0.51247
0.566005,0.306311,-1,0.711383,0.51247
0.566255,0.195109,-1,0.584967,0.51247
0.566505,-0.0431646,-1,0.289063,0.51247
0.566755,-0.34913,1,-0.127469,0.51247
0.567005,-0.605348,1,-0.527964,0.51247
0.567254,-0.699797,1,-0.778844,0.51247
0.567504,-0.589806,1,-0.821066,0.51247
0.567754,-0.326688,1,-0.675732,0.51247
0.568004,-0.0257822,1,-0.431052,0.51247
0.568254,0.199486,1,-0.193798,0.51247
0.568504,0.298369,1,-0.0346479,0.51247
0.568754,0.300938,-1,0.0770206,0.51247
0.569004,0.2847,-1,0.2055,0.51247
0.569254,0.312624,-1,0.392091,0.51247
0.569504,0.384792,-1,0.62566,0.51247
0.569754,0.435555,-1,0.785608,0.51247
0.570004,0.37863,-1,0.775788,0.51247
0.570254,0.17077,-1,0.564728,0.51247
0.570504,-0.148477,-1,0.179147,0.51247
0.570754,-0.467618,1,-0.242141,0.51247
0.571004,-0.660856,1,-0.586924,0.51247
0.571254,-0.65663,1,-0.738493,0.51247
0.571504,-0.47569,1,-0.709724,0.51247
0.571754,-0.214969,1,-0.558472,0.51247
0.572004,0.0116987,1,-0.393111,0.51247
0.572254,0.138548,1,-0.255169,0.51247
0.572504,0.178036,1,-0.149686,0.51247
0.572754,0.198391,-1,-0.0203699,0.51247
0.573004,0.265725,-1,0.19086,0.51247
0.573254,0.389372,-1,0.469335,0.51247
0.573504,0.507958,-1,0.743252,0.51247
0.573754,0.526079,-1,0.875774,0.51247
0.574004,0.378451,-1,0.781955,0.51247
0.574254,0.0800884,-1,0.472497,0.51247
0.574504,-0.271272,-1,0.0577371,0.51247
0.574754,-0.543585,1,-0.321175,0.51247
0.575004,-0.641093,1,-0.566147,0.51247
0.575254,-0.553809,1,-0.636349,0.51247
0.575504,-0.355851,1,-0.593987,0.51247
0.575754,-0.155117,1,-0.50126,0.51247
0.576004,-0.0269869,1,-0.423395,0.51247
0.576254,0.0261178,1,-0.365225,0.51247
0.576504,0.0639155,1,-0.263317,0.51247
0.576754,0.155823,-1,-0.0615023,0.51247
0.577004,0.321953,-1,0.241924,0.51247
0.577254,0.508246,-1,0.590305,0.51247
0.577504,0.613129,-1,0.853561,0.51247
0.577754,0.550021,-1,0.895489,0.51247
0.578004,0.305898,-1,0.704882,0.51247
0.578254,-0.0423078,-1,0.353328,0.51247
0.578504,-0.364731,-1,-0.0292313,0.51247
0.578754,-0.548004,1,-0.330796,0.51247
0.579004,-0.553553,1,-0.47433,0.51247
0.579254,-0.430492,1,-0.517286,0.51247
0.579504,-0.275951,1,-0.515104,0.51247
0.579754,-0.170026,1,-0.519637,0.51247
0.580004,-0.127189,1,-0.523564,0.51247
0.580254,-0.0951272,1,-0.48539,0.51247
0.580504,-0.000614766,1,-0.33141,0.51247
0.580754,0.189348,-1,-0.0326301,0.51247
0.581003,0.431926,-1,0.356345,0.51247
0.581253,0.623977,-1,0.70657,0.51247
0.581503,0.660287,-1,0.899899,0.51247
0.581753,0.498362,-1,0.8449,0.51247
0.582003,0.188684,-1,0.588199,0.51247
0.582253,-0.149679,-1,0.247482,0.51247
0.582503,-0.393177,-1,-0.0632214,0.51247
0.582753,-0.479149,1,-0.257415,0.51247
0.583003,-0.431551,1,-0.351885,0.51247
0.583253,-0.333642,1,-0.421529,0.51247
0.583503,-0.266474,1,-0.502249,0.51247
0.583753,-0.254059,1,-0.596859,0.51247
0.584003,-0.250802,1,-0.65283,0.51247
0.584253,-0.179071,1,-0.5754,0.51247
0.584503,0.00896629,1,-0.321423,0.51247
0.584753,0.286179,-1,0.0662583,0.51247
0.585003,0.55374,-1,0.474884,0.51247
0.585253,0.69249,-1,0.779522,0.51247
0.585503,0.631495,-1,0.870006,0.51247
0.585753,0.390818,-1,0.737922,0.51247
0.586003,0.0714834,-1,0.470804,0.51247
0.586253,-0.201076,-1,0.192538,0.51247
0.586503,-0.345725,-1,-0.0173548,0.51247
0.586753,-0.36318,1,-0.138451,0.51247
0.587003,-0.321497,1,-0.240581,0.51247
0.587253,-0.300145,1,-0.379749,0.51247
0.587503,-0.331061,1,-0.569493,0.51247
0.587753,-0.375278,1,-0.720039,0.51247
0.588003,-0.350879,1,-0.749924,0.51247
0.588253,-0.193836,1,-0.58769,0.51247
0.588503,0.0888818,1,-0.240251,0.51247
0.588753,0.409341,-1,0.187663,0.51247
0.589003,0.640952,-1,0.559219,0.51247
0.589253,0.687693,-1,0.768613,0.51247
0.589503,0.537772,-1,0.774474,0.51247
0.589753,0.268409,-1,0.620967,0.51247
0.590003,-0.000897169,-1,0.394968,0.51247
0.590253,-0.176835,-1,0.219036,0.51247
0.590503,-0.240316,-1,0.0909389,0.51247
0.590753,-0.244221,1,-0.0256766,0.51247
0.591003,-0.265282,1,-0.187209,0.51247
0.591253,-0.342772,1,-0.423612,0.51247
0.591503,-0.445138,1,-0.676378,0.51247
0.591753,-0.48756,1,-0.836132,0.51247
0.592003,-0.389361,1,-0.789629,0.51247
0.592253,-0.133856,1,-0.524147,0.51247
0.592503,0.208643,1,-0.117296,0.51247
0.592753,0.511901,-1,0.288237,0.51247
0.593003,0.660325,-1,0.583081,0.51247
0.593253,0.611415,-1,0.698675,0.51247
0.593503,0.414834,-1,0.647891,0.51247
0.593753,0.177795,-1,0.521028,0.51247
0.594003,-0.000862392,-1,0.398704,0.51247
0.594253,-0.0861284,-1,0.3076,0.51247
0.594503,-0.11704,-1,0.212401,0.51247
0.594752,-0.167477,1,0.0517893,0.51247
0.595002,-0.284279,1,-0.202435,0.51247
0.595252,-0.445274,1,-0.526272,0.51247
0.595502,-0.565296,1,-0.800248,0.51247
0.595752,-0.548243,1,-0.895677,0.51247
0.596002,-0.351676,1,-0.757251,0.51247
0.596252,-0.0221145,1,-0.417307,0.51247
0.596502,0.322576,1,-0.00685342,0.51247
0.596752,0.554703,-1,0.329245,0.51247
0.597002,0.604449,-1,0.522219,0.51247
0.597252,0.492704,-1,0.573642,0.51247
0.597502,0.309535,-1,0.548932,0.51247
0.597752,0.153585,-1,0.501086,0.51247
0.598002,0.0716574,-1,0.46851,0.51247
0.598252,0.0366377,-1,0.426994,0.51247
0.598502,-0.0227623,-1,0.310478,0.51247
0.598752,-0.162133,1,0.0579467,0.51247
0.599002,-0.371232,1,-0.292553,0.51247
0.599252,-0.568616,1,-0.651079,0.51247
0.599502,-0.645796,1,-0.884063,0.51247
0.599752,-0.534259,1,-0.883505,0.51247
0.600002,-0.252231,1,-0.65343,0.518808
0.600252,0.0987756,1,-0.297151,0.518808
0.600502,0.387195,1,0.0541633,0.518808
0.600752,0.521406,-1,0.297831,0.518808
0.601002,0.49458,-1,0.414367,0.518808
0.601252,0.376771,-1,0.460489,0.518808
0.601502,0.261998,-1,0.50131,0.518808
0.601752,0.205051,-1,0.550952,0.518808
0.602002,0.189099,-1,0.585126,0.518808
0.602252,0.144769,-1,0.537799,0.518808
0.602502,0.0066681,-1,0.332285,0.518808
0.602752,-0.230162,1,-0.00953622,0.518808
0.603002,-0.492998,1,-0.420177,0.518808
0.603252,-0.665825,1,-0.745956,0.518808
0.603502,-0.656037,1,-0.895549,0.518808
0.603752,-0.450998,1,-0.798037,0.518808
0.604002,-0.129026,1,-0.526418,0.518808
0.604252,0.182685,1,-0.209224,0.518808
0.604502,0.377786,1,0.0436986,0.518808
0.604752,0.424626,-1,0.202668,0.518808
0.605002,0.372507,-1,0.293756,0.518808
0.605252,0.307766,-1,0.390804,0.518808
0.605502,0.290382,-1,0.531138,0.518808
0.605752,0.312645,-1,0.657122,0.518808
0.606002,0.306865,-1,0.705637,0.518808
0.606252,0.197176,-1,0.593799,0.518808
0.606502,-0.0398289,-1,0.290524,0.518808
0.606752,-0.345614,1,-0.120656,0.518808
0.607002,-0.603135,1,-0.527095,0.518808
0.607252,-0.699882,1,-0.780307,0.518808
0.607502,-0.592139,1,-0.824465,0.518808
0.607752,-0.330209,1,-0.682143,0.518808
0.608002,-0.0290368,1,-0.433044,0.518808
0.608252,0.197595,1,-0.193117,0.518808
0.608501,0.297878,1,-0.0311868,0.518808
0.608751,0.301179,-1,0.0825117,0.518808
0.609001,0.284698,-1,0.203158,0.518808
0.609251,0.311969,-1,0.392868,0.518808
0.609501,0.383899,-1,0.614985,0.518808
0.609751,0.435433,-1,0.779185,0.518808
0.610001,0.380161,-1,0.77662,0.518808
0.610251,0.173958,-1,0.568777,0.518808
0.610501,-0.144491,-1,0.182869,0.518808
0.610751,-0.464423,1,-0.248163,0.518808
0.611001,-0.659688,1,-0.584454,0.518808
0.611251,-0.657816,1,-0.736039,0.518808
0.611501,-0.478473,1,-0.71788,0.518808
0.611751,-0.217991,1,-0.562554,0.518808
0.612001,0.00957508,1,-0.388002,0.518808
0.612251,0.137683,1,-0.254397,0.518808
0.612501,0.17782,1,-0.149861,0.518808
0.612751,0.19798,-1,-0.0227509,0.518808
0.613001,0.264559,-1,0.187552,0.518808
0.613251,0.387781,-1,0.465929,0.518808
0.613501,0.506993,-1,0.740313,0.518808
0.613751,0.526751,-1,0.87844,0.518808
0.614001,0.381156,-1,0.777009,0.518808
0.614251,0.0840976,-1,0.481262,0.518808
0.614501,-0.267377,-1,0.0586442,0.518808
0.614751,-0.541309,1,-0.318421,0.518808
0.615001,-0.641096,1,-0.561207,0.518808
0.615251,-0.555648,1,-0.639638,0.518808
0.615501,-0.358349,1,-0.591616,0.518808
0.615751,-0.157124,1,-0.507808,0.518808
0.616001,-0.02795,1,-0.425355,0.518808
0.616251,0.0257155,1,-0.372343,0.518808
0.616501,0.0632802,1,-0.269968,0.518808
0.616751,0.154289,-1,-0.066292,0.518808
0.617001,0.319737,-1,0.240485,0.518808
0.617251,0.506329,-1,0.588305,0.518808
0.617501,0.612763,-1,0.850007,0.518808
0.617751,0.551865,-1,0.903465,0.518808
0.618001,0.309526,-1,0.713276,0.518808
0.618251,-0.0381253,-1,0.358758,0.518808
0.618501,-0.361633,-1,-0.0297077,0.518808
0.618751,-0.5469,1,-0.3296,0.518808
0.619001,-0.554388,1,-0.47932,0.518808
0.619251,-0.432287,1,-0.518143,0.518808
0.619501,-0.277567,1,-0.510587,0.518808
0.619751,-0.170851,1,-0.517647,0.518808
0.620001,-0.127473,1,-0.530354,0.518808
0.620251,-0.0957551,1,-0.491837,0.518808
0.620501,-0.00224977,1,-0.335631,0.518808
0.620751,0.186682,-1,-0.0359769,0.518808
0.621001,0.429165,-1,0.349439,0.518808
0.621251,0.622485,-1,0.702073,0.518808
0.621501,0.661,-1,0.90176,0.518808
0.621751,0.501273,-1,0.849641,0.518808
0.622001,0.192654,-1,0.596183,0.518808
0.62225,-0.146074,-1,0.248779,0.518808
0.6225,-0.391233,-1,-0.0564739,0.518808
0.62275,-0.479064,1,-0.255522,0.518808
0.623,-0.432561,1,-0.356468,0.518808
0.62325,-0.334699,1,-0.421224,0.518808
0.6235,-0.266915,1,-0.503546,0.518808
0.62375,-0.254006,1,-0.599111,0.518808
0.624,-0.251086,1,-0.65284,0.518808
0.62425,-0.180528,1,-0.57674,0.518808
0.6245,0.00612267,1,-0.321464,0.518808
0.62475,0.28278,-1,0.0587386,0.518808
0.625,0.55117,-1,0.470986,0.518808
0.62525,0.691964,-1,0.770321,0.518808
0.6255,0.633364,-1,0.867875,0.518808
0.62575,0.394309,-1,0.737148,0.518808
0.626,0.0751671,-1,0.48072,0.518808
0.62625,-0.198582,-1,0.195484,0.518808
0.6265,-0.344854,-1,-0.015273,0.518808
0.62675,-0.363487,1,-0.147075,0.518808
0.627,-0.321996,1,-0.246071,0.518808
0.62725,-0.300086,1,-0.379492,0.518808
0.6275,-0.330503,1,-0.561714,0.518808
0.62775,-0.374965,1,-0.722934,0.518808
0.628,-0.351871,1,-0.751146,0.518808
0.62825,-0.196462,1,-0.585133,0.518808
0.6285,0.0851502,1,-0.247639,0.518808
0.62875,0.405912,-1,0.185463,0.518808
0.629,0.639195,-1,0.561399,0.518808
0.62925,0.688347,-1,0.774102,0.518808
0.6295,0.54043,-1,0.77284,0.518808
0.62975,0.271744,-1,0.624251,0.518808
0.63,0.00182002,-1,0.401681,0.518808
0.63025,-0.175506,-1,0.21334,0.518808
0.6305,-0.240049,-1,0.0938701,0.518808
0.63075,-0.244213,1,-0.022823,0.518808
0.631,-0.26473,1,-0.188956,0.518808
0.63125,-0.341608,1,-0.420622,0.518808
0.6315,-0.444087,1,-0.684391,0.518808
0.63175,-0.487778,1,-0.833933,0.518808
0.632,-0.391439,1,-0.796181,0.518808
0.63225,-0.137537,1,-0.534548,0.518808
0.6325,0.204682,1,-0.122593,0.518808
0.63275,0.509081,-1,0.292302,0.518808
0.633,0.659749,-1,0.579568,0.518808
0.63325,0.613014,-1,0.69281,0.518808
0.6335,0.417556,-1,0.652902,0.518808
0.63375,0.180347,-1,0.528289,0.518808
0.634,0.000644756,-1,0.403098,0.518808
0.63425,-0.0855596,-1,0.309662,0.518808
0.6345,-0.116739,-1,0.215043,0.518808
0.63475,-0.166531,1,0.0559593,0.518808
0.635,-0.282576,1,-0.20335,0.518808
0.63525,-0.443426,1,-0.52946,0.518808
0.6355,-0.564535,1,-0.795819,0.518808
0.63575,-0.549476,1,-0.897884,0.518808
0.636,-0.354874,1,-0.755466,0.518808
0.636249,-0.0263178,1,-0.420448,0.518808
0.636499,0.319014,1,-0.0136013,0.518808
0.636749,0.552997,-1,0.333784,0.518808
0.636999,0.604939,-1,0.522377,0.518808
0.637249,0.494609,-1,0.582193,0.518808
0.637499,0.311666,-1,0.552329,0.518808
0.637749,0.154996,-1,0.500739,0.518808
0.637999,0.0722165,-1,0.468108,0.518808
0.638249,0.037036,-1,0.427097,0.518808
0.638499,-0.0216816,-1,0.305633,0.518808
0.638749,-0.160029,1,0.0614747,0.518808
0.638999,-0.36867,1,-0.292014,0.518808
0.639249,-0.566828,1,-0.649517,0.518808
0.639499,-0.645924,1,-0.88042,0.518808
0.639749,-0.536642,1,-0.88505,0.518808
0.639999,-0.256177,1,-0.656269,0.518808
0.640249,0.0948471,1,-0.29868,0.518808
0.640499,0.384619,1,0.051437,0.518808
0.640749,0.520866,-1,0.299087,0.518808
0.640999,0.495582,-1,0.422795,0.518808
0.641249,0.378296,-1,0.463489,0.518808
0.641499,0.263043,-1,0.502151,0.518808
0.641749,0.205372,-1,0.554117,0.518808
0.641999,0.189289,-1,0.594768,0.518808
0.642249,0.145726,-1,0.538971,0.518808
0.642499,0.00891839,-1,0.340011,0.518808
0.642749,-0.227081,1,-0.00147348,0.518808
0.642999,-0.490241,1,-0.409393,0.518808
0.643249,-0.664742,1,-0.749774,0.518808
0.643499,-0.657342,1,-0.893297,0.518808
0.643749,-0.45427,1,-0.800758,0.518808
0.643999,-0.132959,1,-0.532513,0.518808
0.644249,0.179623,1,-0.209704,0.518808
0.644499,0.37639,1,0.0438981,0.518808
0.644749,0.424807,-1,0.200053,0.518808
0.644999,0.373357,-1,0.297427,0.518808
0.645249,0.308301,-1,0.38905,0.518808
0.645499,0.290293,-1,0.529444,0.518808
0.645749,0.312358,-1,0.658289,0.518808
0.645999,0.307432,-1,0.709309,0.518808
0.646249,0.199192,-1,0.597186,0.518808
0.646499,-0.0365191,-1,0.297142,0.518808
0.646749,-0.342118,1,-0.125126,0.518808
0.646999,-0.600895,1,-0.523744,0.518808
0.647249,-0.699938,1,-0.78723,0.518808
0.647499,-0.594458,1,-0.833715,0.518808
0.647749,-0.333721,1,-0.686325,0.518808
0.647999,-0.0322743,1,-0.429647,0.518808
0.648249,0.195661,1,-0.196458,0.518808
0.648499,0.297401,1,-0.0353712,0.518808
0.648749,0.301419,-1,0.0800024,0.518808
0.648999,0.284714,-1,0.207649,0.518808
0.649249,0.311322,-1,0.393951,0.518808
0.649499,0.383014,-1,0.619619,0.518808
0.649749,0.435317,-1,0.779784,0.518808
0.649998,0.381634,-1,0.782948,0.518808
0.650248,0.177162,-1,0.569185,0.518808
0.650498,-0.140534,-1,0.185267,0.518808
0.650748,-0.461209,1,-0.235452,0.518808
0.650998,-0.658505,1,-0.576899,0.518808
0.651248,-0.658992,1,-0.742998,0.518808
0.651498,-0.481233,1,-0.714324,0.518808
0.651748,-0.221041,1,-0.565256,0.518808
0.651998,0.00746548,1,-0.394652,0.518808
0.652248,0.136774,1,-0.254125,0.518808
0.652498,0.177654,1,-0.15529,0.518808
0.652748,0.197576,-1,-0.0222905,0.518808
0.652998,0.263401,-1,0.189788,0.518808
0.653248,0.38621,-1,0.466439,0.518808
0.653498,0.506002,-1,0.745103,0.518808
0.653748,0.527388,-1,0.876614,0.518808
0.653998,0.383839,-1,0.784575,0.518808
0.654248,0.0881294,-1,0.48409,0.518808
0.654498,-0.263522,-1,0.0664809,0.518808
0.654748,-0.53903,1,-0.313268,0.518808
0.654998,-0.641085,1,-0.56027,0.518808
0.655248,-0.557472,1,-0.641667,0.518808
0.655498,-0.360879,1,-0.593509,0.518808
0.655748,-0.159115,1,-0.509608,0.518808
0.655998,-0.0289524,1,-0.427274,0.518808
0.656248,0.0253351,1,-0.364874,0.518808
0.656498,0.0626244,1,-0.27082,0.518808
0.656748,0.152788,-1,-0.0647595,0.518808
0.656998,0.317541,-1,0.239598,0.518808
0.657248,0.504449,-1,0.588537,0.518808
0.657498,0.612368,-1,0.847523,0.518808
0.657748,0.553662,-1,0.902986,0.518808
0.657998,0.313158,-1,0.711299,0.518808
0.658248,-0.0339634,-1,0.359036,0.518808
0.658498,-0.358514,-1,-0.031774,0.518808
0.658748,-0.545799,1,-0.329775,0.518808
0.658998,-0.555205,1,-0.474057,0.518808
0.659248,-0.434101,1,-0.516976,0.518808
0.659498,-0.279192,1,-0.513551,0.518808
0.659748,-0.171663,1,-0.515645,0.518808
0.659998,-0.127736,1,-0.526072,0.518808
0.660248,-0.0963743,1,-0.490891,0.518808
0.660498,-0.00389324,1,-0.337897,0.518808
0.660748,0.184045,-1,-0.0410657,0.518808
0.660998,0.426398,-1,0.346385,0.518808
0.661248,0.620953,-1,0.708317,0.518808
0.661498,0.661702,-1,0.90177,0.518808
0.661748,0.504159,-1,0.852943,0.518808
0.661998,0.196668,-1,0.602218,0.518808
0.662248,-0.142455,-1,0.254468,0.518808
0.662498,-0.38924,-1,-0.0589578,0.518808
0.662748,-0.4789,1,-0.262783,0.518808
0.662998,-0.4336,1,-0.358192,0.518808
0.663248,-0.335788,1,-0.413992,0.518808
0.663498,-0.267365,1,-0.505268,0.518808
0.663747,-0.253956,1,-0.603339,0.518808
0.663997,-0.251379,1,-0.651334,0.518808
0.664247,-0.181957,1,-0.580548,0.518808
0.664497,0.00331009,1,-0.322392,0.518808
0.664747,0.279359,-1,0.0571804,0.518808
0.664997,0.548572,-1,0.473217,0.518808
0.665247,0.691425,-1,0.779003,0.518808
0.665497,0.635221,-1,0.874872,0.518808
0.665747,0.397763,-1,0.748438,0.518808
0.665997,0.0788295,-1,0.480554,0.518808
0.666247,-0.196067,-1,0.201996,0.518808
0.666497,-0.343935,-1,-0.0136503,0.518808
0.666747,-0.363788,1,-0.144078,0.518808
0.666997,-0.322474,1,-0.244421,0.518808
0.667247,-0.300034,1,-0.381445,0.518808
0.667497,-0.329928,1,-0.568386,0.518808
0.667747,-0.374714,1,-0.718556,0.518808
0.667997,-0.352802,1,-0.751073,0.518808
0.668247,-0.199062,1,-0.592003,0.518808
0.668497,0.0814037,1,-0.244467,0.518808
0.668747,0.402426,-1,0.186464,0.518808
0.668997,0.637447,-1,0.556884,0.518808
0.669247,0.688982,-1,0.770623,0.518808
0.669497,0.543026,-1,0.778783,0.518808
0.669747,0.275123,-1,0.627164,0.518808
0.669997,0.00453021,-1,0.408022,0.518808
0.670247,-0.17416,-1,0.215899,0.518808
0.670497,-0.239853,-1,0.0941695,0.518808
0.670747,-0.244167,1,-0.0184249,0.518808
0.670997,-0.264179,1,-0.182274,0.518808
0.671247,-0.340433,1,-0.426361,0.518808
0.671497,-0.443029,1,-0.677269,0.518808
0.671747,-0.487959,1,-0.840675,0.518808
0.671997,-0.393524,1,-0.799303,0.518808
0.672247,-0.141191,1,-0.538247,0.518808
0.672497,0.200668,1,-0.129846,0.518808
0.672747,0.506239,-1,0.28709,0.518808
0.672997,0.659138,-1,0.577107,0.518808
0.673247,0.614553,-1,0.700715,0.518808
0.673497,0.420297,-1,0.652881,0.518808
0.673747,0.182931,-1,0.531891,0.518808
0.673997,0.00219385,-1,0.40408,0.518808
0.674247,-0.0850355,-1,0.305389,0.518808
0.674497,-0.116394,-1,0.212131,0.518808
0.674747,-0.165603,1,0.0586543,0.518808
0.674997,-0.280847,1,-0.199719,0.518808
0.675247,-0.441574,1,-0.525849,0.518808
0.675497,-0.563734,1,-0.802952,0.518808
0.675747,-0.550694,1,-0.89407,0.518808
0.675997,-0.358094,1,-0.75432,0.518808
0.676247,-0.0304398,1,-0.427659,0.518808
0.676497,0.315436,1,-0.0177495,0.518808
0.676747,0.551263,-1,0.327171,0.518808
0.676997,0.605361,-1,0.530854,0.518808
0.677247,0.496529,-1,0.583192,0.518808
0.677496,0.313768,-1,0.55182,0.518808
0.677746,0.156417,-1,0.508324,0.518808
0.677996,0.0727912,-1,0.471011,0.518808
0.678246,0.0374485,-1,0.433866,0.518808
0.678496,-0.0206255,-1,0.30761,0.518808
0.678746,-0.157947,1,0.0655017,0.518808
0.678996,-0.366084,1,-0.286451,0.518808
0.679246,-0.565001,1,-0.646903,0.518808
0.679496,-0.646033,1,-0.881627,0.518808
0.679746,-0.539011,1,-0.891345,0.518808
0.679996,-0.260066,1,-0.659353,0.518808
0.680246,0.0908578,1,-0.298275,0.518808
0.680496,0.382044,1,0.0563873,0.518808
0.680746,0.520277,-1,0.296315,0.518808
0.680996,0.496595,-1,0.414811,0.518808
0.681246,0.379784,-1,0.465851,0.518808
0.681496,0.264086,-1,0.500187,0.518808
0.681746,0.205682,-1,0.54964,0.518808
0.681996,0.189476,-1,0.593359,0.518808
0.682246,0.146684,-1,0.53832,0.518808
0.682496,0.0111232,-1,0.341909,0.518808
0.682746,-0.223985,1,-0.00623044,0.518808
0.682996,-0.487447,1,-0.412559,0.518808
0.683246,-0.663633,1,-0.750951,0.518808
0.683496,-0.658614,1,-0.895816,0.518808
0.683746,-0.457484,1,-0.807763,0.518808
0.683996,-0.136916,1,-0.539697,0.518808
0.684246,0.176492,1,-0.21304,0.518808
0.684496,0.375002,1,0.0426285,0.518808
0.684746,0.424997,-1,0.200122,0.518808
0.684996,0.374161,-1,0.292737,0.518808
0.685246,0.30885,-1,0.389113,0.518808
0.685496,0.290175,-1,0.527118,0.518808
0.685746,0.312067,-1,0.658817,0.518808
0.685996,0.307965,-1,0.706137,0.518808
0.686246,0.201226,-1,0.594743,0.518808
0.686496,-0.0331756,-1,0.300031,0.518808
0.686746,-0.338589,1,-0.112939,0.518808
0.686996,-0.598632,1,-0.520877,0.518808
0.687246,-0.699967,1,-0.780731,0.518808
0.687496,-0.596729,1,-0.835826,0.518808
0.687746,-0.33723,1,-0.680917,0.518808
0.687996,-0.035493,1,-0.439526,0.518808
0.688246,0.193708,1,-0.197179,0.518808
0.688496,0.296904,1,-0.029546,0.518808
0.688746,0.301631,-1,0.0847943,0.518808
0.688996,0.284749,-1,0.209548,0.518808
0.689246,0.310697,-1,0.395653,0.518808
0.689496,0.382116,-1,0.61754,0.518808
0.689746,0.435142,-1,0.785464,0.518808
0.689996,0.383103,-1,0.786771,0.518808
0.690246,0.18036,-1,0.573486,0.518808
0.690496,-0.136596,-1,0.198252,0.518808
0.690746,-0.457979,1,-0.236737,0.518808
0.690996,-0.65729,1,-0.579551,0.518808
0.691245,-0.660114,1,-0.74511,0.518808
0.691495,-0.484017,1,-0.72236,0.518808
0.691745,-0.224037,1,-0.575025,0.518808
0.691995,0.00534111,1,-0.400138,0.518808
0.692245,0.135871,1,-0.253482,0.518808
0.692495,0.177408,1,-0.149967,0.518808
0.692745,0.197172,-1,-0.0189036,0.518808
0.692995,0.262283,-1,0.188889,0.518808
0.693245,0.384619,-1,0.471939,0.518808
0.693495,0.504986,-1,0.743349,0.518808
0.693745,0.528023,-1,0.871402,0.518808
0.693995,0.386452,-1,0.791511,0.518808
0.694245,0.0921094,-1,0.481588,0.518808
0.694495,-0.259605,-1,0.0754141,0.518808
0.694745,-0.536697,1,-0.317913,0.518808
0.694995,-0.641035,1,-0.559205,0.518808
0.695245,-0.559303,1,-0.646057,0.518808
0.695495,-0.363367,1,-0.59604,0.518808
0.695745,-0.161144,1,-0.507785,0.518808
0.695995,-0.0299658,1,-0.433161,0.518808
0.696245,0.0250132,1,-0.365639,0.518808
0.696495,0.061995,1,-0.269926,0.518808
0.696745,0.151274,-1,-0.0681457,0.518808
0.696995,0.31532,-1,0.236843,0.518808
0.697245,0.50251,-1,0.587379,0.518808
0.697495,0.61195,-1,0.84527,0.518808
0.697745,0.555458,-1,0.905129,0.518808
0.697995,0.316765,-1,0.715095,0.518808
0.698245,-0.0298352,-1,0.359023,0.518808
0.698495,-0.355349,-1,-0.0257412,0.518808
0.698745,-0.544652,1,-0.322272,0.518808
0.698995,-0.556013,1,-0.473954,0.518808
0.699245,-0.435864,1,-0.519093,0.518808
0.699495,-0.280834,1,-0.520728,0.518808
0.699745,-0.172527,1,-0.519045,0.518808
0.699995,-0.128029,1,-0.52747,0.518088
0.700245,-0.0969023,1,-0.491134,0.518088
0.700495,-0.00553543,1,-0.339171,0.518088
0.700745,0.181381,-1,-0.0415695,0.518088
0.700995,0.423661,-1,0.34728,0.518088
0.701245,0.6194,-1,0.705326,0.518088
0.701495,0.662371,-1,0.900313,0.518088
0.701745,0.507012,-1,0.850083,0.518088
0.701995,0.200706,-1,0.599031,0.518088
0.702245,-0.138919,-1,0.251274,0.518088
0.702495,-0.387281,-1,-0.0579739,0.518088
0.702745,-0.478756,1,-0.253112,0.518088
0.702995,-0.434572,1,-0.355744,0.518088
0.703245,-0.336882,1,-0.424282,0.518088
0.703495,-0.26781,1,-0.503042,0.518088
0.703745,-0.253907,1,-0.605814,0.518088
0.703995,-0.251644,1,-0.656311,0.518088
0.704245,-0.183422,1,-0.580029,0.518088
0.704495,0.000549128,1,-0.328978,0.518088
0.704745,0.275982,-1,0.0592929,0.518088
0.704994,0.545944,-1,0.467674,0.518088
0.705244,0.690843,-1,0.770026,0.518088
0.705494,0.637028,-1,0.869641,0.518088
0.705744,0.401254,-1,0.74495,0.518088
0.705994,0.0824863,-1,0.480246,0.518088
0.706244,-0.193503,-1,0.195938,0.518088
0.706494,-0.343085,-1,-0.0168854,0.518088
0.706744,-0.36408,1,-0.139374,0.518088
0.706994,-0.322979,1,-0.244849,0.518088
0.707244,-0.299991,1,-0.384182,0.518088
0.707494,-0.329334,1,-0.563724,0.518088
0.707744,-0.374405,1,-0.723932,0.518088
0.707994,-0.353742,1,-0.749556,0.518088
0.708244,-0.201682,1,-0.599613,0.518088
0.708494,0.0777606,1,-0.257668,0.518088
0.708744,0.398927,-1,0.181405,0.518088
0.708994,0.635639,-1,0.559627,0.518088
0.709244,0.689588,-1,0.773713,0.518088
0.709494,0.545627,-1,0.777319,0.518088
0.709744,0.278457,-1,0.623746,0.518088
0.709994,0.00728208,-1,0.41257,0.518088
0.710244,-0.172745,-1,0.224343,0.518088
0.710494,-0.239592,-1,0.0899611,0.518088
0.710744,-0.244208,1,-0.0214191,0.518088
0.710994,-0.263628,1,-0.183898,0.518088
0.711244,-0.339262,1,-0.426834,0.518088
0.711494,-0.442023,1,-0.6773,0.518088
0.711744,-0.488077,1,-0.839545,0.518088
0.711994,-0.395585,1,-0.792395,0.518088
0.712244,-0.144829,1,-0.541832,0.518088
0.712494,0.196621,1,-0.137135,0.518088
0.712744,0.503451,-1,0.281238,0.518088
0.712994,0.658498,-1,0.585003,0.518088
0.713244,0.616111,-1,0.701096,0.518088
0.713494,0.422995,-1,0.660506,0.518088
0.713744,0.185481,-1,0.53088,0.518088
0.713994,0.00377031,-1,0.402354,0.518088
0.714244,-0.0844728,-1,0.310386,0.518088
0.714494,-0.11607,-1,0.217949,0.518088
0.714744,-0.16471,1,0.0573833,0.518088
0.714994,-0.279125,1,-0.202249,0.518088
0.715244,-0.439763,1,-0.518826,0.518088
0.715494,-0.562926,1,-0.80328,0.518088
0.715744,-0.551834,1,-0.899078,0.518088
0.715994,-0.361268,1,-0.764776,0.518088
0.716244,-0.0346382,1,-0.424613,0.518088
0.716494,0.311853,1,-0.016657,0.518088
0.716744,0.549547,-1,0.326242,0.518088
0.716994,0.605794,-1,0.52489,0.518088
0.717244,0.498438,-1,0.582782,0.518088
0.717494,0.315919,-1,0.555651,0.518088
0.717744,0.157811,-1,0.50497,0.518088
0.717994,0.0733731,-1,0.469181,0.518088
0.718244,0.0378402,-1,0.434863,0.518088
0.718494,-0.0195529,-1,0.309848,0.518088
0.718744,-0.155841,1,0.0640081,0.518088
0.718993,-0.363565,1,-0.289297,0.518088
0.719243,-0.563157,1,-0.643435,0.518088
0.719493,-0.646107,1,-0.88363,0.518088
0.719743,-0.541377,1,-0.89238,0.518088
0.719993,-0.263936,1,-0.669283,0.518088
0.720243,0.0869033,1,-0.301962,0.518088
0.720493,0.379419,1,0.0465185,0.518088
0.720743,0.51967,-1,0.297535,0.518088
0.720993,0.497619,-1,0.416499,0.518088
0.721243,0.381311,-1,0.462266,0.518088
0.721493,0.265145,-1,0.504874,0.518088
0.721743,0.206021,-1,0.5507,0.518088
0.721993,0.189652,-1,0.593359,0.518088
0.722243,0.147628,-1,0.543563,0.518088
0.722493,0.0133448,-1,0.3439,0.518088
0.722743,-0.22091,1,0.00474799,0.518088
0.722993,-0.484666,1,-0.407466,0.518088
0.723243,-0.662526,1,-0.741942,0.518088
0.723493,-0.65987,1,-0.89979,0.518088
0.723743,-0.460745,1,-0.80985,0.518088
0.723993,-0.140771,1,-0.545744,0.518088
0.724243,0.173345,1,-0.216351,0.518088
0.724493,0.373547,1,0.0436675,0.518088
0.724743,0.425151,-1,0.207199,0.518088
0.724993,0.375031,-1,0.294779,0.518088
0.725243,0.309391,-1,0.395156,0.518088
0.725493,0.290074,-1,0.528966,0.518088
0.725743,0.311843,-1,0.654608,0.518088
0.725993,0.308427,-1,0.71415,0.518088
0.726243,0.203175,-1,0.599454,0.518088
0.726493,-0.029873,-1,0.304348,0.518088
0.726743,-0.335032,1,-0.117658,0.518088
0.726993,-0.59637,1,-0.518423,0.518088
0.727243,-0.699967,1,-0.787021,0.518088
0.727493,-0.599016,1,-0.839253,0.518088
0.727743,-0.340707,1,-0.685698,0.518088
0.727993,-0.0387798,1,-0.436489,0.518088
0.728243,0.19179,1,-0.201864,0.518088
0.728493,0.296392,1,-0.0298619,0.518088
0.728743,0.301866,-1,0.0770044,0.518088
0.728993,0.284778,-1,0.205544,0.518088
0.729243,0.310063,-1,0.391187,0.518088
0.729493,0.38126,-1,0.620384,0.518088
0.729743,0.434974,-1,0.784985,0.518088
0.729993,0.384562,-1,0.78073,0.518088
0.730243,0.183481,-1,0.575177,0.518088
0.730493,-0.132611,-1,0.195353,0.518088
0.730743,-0.454752,1,-0.236668,0.518088
0.730993,-0.656035,1,-0.578376,0.518088
0.731243,-0.66124,1,-0.745454,0.518088
0.731493,-0.48679,1,-0.719698,0.518088
0.731743,-0.227096,1,-0.572635,0.518088
0.731993,0.0031758,1,-0.394293,0.518088
0.732243,0.135016,1,-0.253761,0.518088
0.732493,0.177208,1,-0.15333,0.518088
0.732742,0.196775,-1,-0.0197262,0.518088
0.732992,0.261142,-1,0.187777,0.518088
0.733242,0.383069,-1,0.471108,0.518088
0.733492,0.503955,-1,0.740246,0.518088
0.733742,0.52866,-1,0.877017,0.518088
0.733992,0.389099,-1,0.787017,0.518088
0.734242,0.096064,-1,0.489483,0.518088
0.734492,-0.255779,-1,0.0730816,0.518088
0.734742,-0.534338,1,-0.316271,0.518088
0.734992,-0.640938,1,-0.567776,0.518088
0.735242,-0.561119,1,-0.645329,0.518088
0.735492,-0.365874,1,-0.599002,0.518088
0.735742,-0.163171,1,-0.511287,0.518088
0.735992,-0.0309904,1,-0.433512,0.518088
0.736242,0.0245795,1,-0.370311,0.518088
0.736492,0.0614301,1,-0.268837,0.518088
0.736742,0.149774,-1,-0.0693302,0.518088
0.736992,0.313137,-1,0.235738,0.518088
0.737242,0.500561,-1,0.58084,0.518088
0.737492,0.611518,-1,0.846281,0.518088
0.737742,0.557228,-1,0.90633,0.518088
0.737992,0.320396,-1,0.722663,0.518088
0.738242,-0.0256912,-1,0.363442,0.518088
0.738492,-0.352221,-1,-0.0184607,0.518088
0.738742,-0.543467,1,-0.319545,0.518088
0.738992,-0.556803,1,-0.475119,0.518088
0.739242,-0.437669,1,-0.518646,0.518088
0.739492,-0.282441,1,-0.520255,0.518088
0.739742,-0.17338,1,-0.523173,0.518088
0.739992,-0.12837,1,-0.527931,0.518088
0.740242,-0.0974826,1,-0.491449,0.518088
0.740492,-0.00709469,1,-0.332907,0.518088
0.740742,0.178726,-1,-0.0410082,0.518088
0.740992,0.42087,-1,0.346105,0.518088
0.741242,0.617864,-1,0.701697,0.518088
0.741492,0.662989,-1,0.899948,0.518088
0.741742,0.509877,-1,0.860307,0.518088
0.741992,0.20474,-1,0.603774,0.518088
0.742242,-0.135274,-1,0.255653,0.518088
0.742492,-0.385241,-1,-0.0587402,0.518088
0.742742,-0.478636,1,-0.262644,0.518088
0.742992,-0.435585,1,-0.360394,0.518088
0.743242,-0.337981,1,-0.419392,0.518088
0.743492,-0.268277,1,-0.500131,0.518088
0.743742,-0.253859,1,-0.604571,0.518088
0.743992,-0.2519,1,-0.651366,0.518088
0.744242,-0.184849,1,-0.576665,0.518088
0.744492,-0.0022549,1,-0.329741,0.518088
0.744742,0.272603,-1,0.0478407,0.518088
0.744992,0.543343,-1,0.461708,0.518088
0.745242,0.690234,-1,0.776132,0.518088
0.745492,0.638809,-1,0.878593,0.518088
0.745742,0.40469,-1,0.756992,0.518088
0.745992,0.0861896,-1,0.485659,0.518088
0.746242,-0.190929,-1,0.201256,0.518088
0.746491,-0.34216,-1,-0.014345,0.518088
0.746741,-0.364359,1,-0.143931,0.518088
0.746991,-0.323486,1,-0.249666,0.518088
0.747241,-0.299955,1,-0.387725,0.518088
0.747491,-0.328801,1,-0.568766,0.518088
0.747741,-0.374044,1,-0.721245,0.518088
0.747991,-0.354694,1,-0.751432,0.518088
0.748241,-0.204285,1,-0.599564,0.518088
0.748491,0.0740262,1,-0.256278,0.518088
0.748741,0.395509,-1,0.17276,0.518088
0.748991,0.633805,-1,0.552204,0.518088
0.749241,0.690151,-1,0.771687,0.518088
0.749491,0.548234,-1,0.785489,0.518088
0.749741,0.281792,-1,0.626545,0.518088
0.749991,0.0100304,-1,0.410675,0.518088
0.750241,-0.171337,-1,0.221928,0.518088
0.750491,-0.239275,-1,0.0955747,0.518088
0.750741,-0.244208,1,-0.0264691,0.518088
0.750991,-0.263118,1,-0.189778,0.518088
0.751241,-0.338096,1,-0.425612,0.518088
0.751491,-0.44096,1,-0.677251,0.518088
0.751741,-0.488255,1,-0.832062,0.518088
0.751991,-0.397568,1,-0.794879,0.518088
0.752241,-0.148489,1,-0.546312,0.518088
0.752491,0.192568,1,-0.136297,0.518088
0.752741,0.500566,-1,0.284737,0.518088
0.752991,0.657849,-1,0.579795,0.518088
0.753241,0.617647,-1,0.703515,0.518088
0.753491,0.425736,-1,0.663058,0.518088
0.753741,0.188083,-1,0.53176,0.518088
0.753991,0.00529032,-1,0.406426,0.518088
0.754241,-0.0838584,-1,0.313138,0.518088
0.754491,-0.115749,-1,0.214625,0.518088
0.754741,-0.163801,1,0.0571286,0.518088
0.754991,-0.277434,1,-0.2021,0.518088
0.755241,-0.437901,1,-0.518964,0.518088
0.755491,-0.562142,1,-0.801221,0.518088
0.755741,-0.552991,1,-0.904728,0.518088
0.755991,-0.364394,1,-0.761928,0.518088
0.756241,-0.0388336,1,-0.43341,0.518088
0.756491,0.308216,1,-0.0216552,0.518088
0.756741,0.547766,-1,0.324626,0.518088
0.756991,0.606228,-1,0.530899,0.518088
0.757241,0.500288,-1,0.579718,0.518088
0.757491,0.318074,-1,0.5492,0.518088
0.757741,0.159254,-1,0.506966,0.518088
0.757991,0.0739446,-1,0.477572,0.518088
0.758241,0.0381677,-1,0.426987,0.518088
0.758491,-0.0184646,-1,0.310716,0.518088
0.758741,-0.153746,1,0.0702414,0.518088
0.758991,-0.360978,1,-0.287185,0.518088
0.759241,-0.561345,1,-0.64594,0.518088
0.759491,-0.646155,1,-0.885878,0.518088
0.759741,-0.5437,1,-0.893128,0.518088
0.759991,-0.267851,1,-0.667322,0.518088
0.76024,0.0829582,1,-0.311269,0.518088
0.76049,0.376786,1,0.0426392,0.518088
0.76074,0.51904,-1,0.2955,0.518088
0.76099,0.498559,-1,0.423289,0.518088
0.76124,0.38284,-1,0.46351,0.518088
0.76149,0.266217,-1,0.502991,0.518088
0.76174,0.206398,-1,0.552269,0.518088
0.76199,0.189832,-1,0.5865,0.518088
0.76224,0.148532,-1,0.543504,0.518088
0.76249,0.0155518,-1,0.349727,0.518088
0.76274,-0.217801,1,-0.00116507,0.518088
0.76299,-0.481848,1,-0.399334,0.518088
0.76324,-0.661367,1,-0.746837,0.518088
0.76349,-0.661089,1,-0.893157,0.518088
0.76374,-0.463988,1,-0.816205,0.518088
0.76399,-0.14473,1,-0.547209,0.518088
0.76424,0.170242,1,-0.221212,0.518088
0.76449,0.372088,1,0.0385391,0.518088
0.76474,0.425246,-1,0.202873,0.518088
0.76499,0.375876,-1,0.296141,0.518088
0.76524,0.309955,-1,0.395147,0.518088
0.76549,0.289979,-1,0.524436,0.518088
0.76574,0.311567,-1,0.656758,0.518088
0.76599,0.308971,-1,0.708301,0.518088
0.76624,0.205166,-1,0.602712,0.518088
0.76649,-0.026607,-1,0.302253,0.518088
0.76674,-0.331469,1,-0.113721,0.518088
0.76699,-0.594051,1,-0.517198,0.518088
0.76724,-0.699937,1,-0.783924,0.518088
0.76749,-0.601258,1,-0.841652,0.518088
0.76774,-0.344226,1,-0.688734,0.518088
0.76799,-0.0420771,1,-0.438302,0.518088
0.76824,0.189801,1,-0.200268,0.518088
0.76849,0.295882,1,-0.0348108,0.518088
0.76874,0.302097,-1,0.0772322,0.518088
0.76899,0.28479,-1,0.210015,0.518088
0.76924,0.309436,-1,0.394199,0.518088
0.76949,0.380335,-1,0.619502,0.518088
0.76974,0.434837,-1,0.783396,0.518088
0.76999,0.386,-1,0.789694,0.518088
0.77024,0.186625,-1,0.579199,0.518088
0.77049,-0.128684,-1,0.201339,0.518088
0.77074,-0.451466,1,-0.231264,0.518088
0.77099,-0.654762,1,-0.581531,0.518088
0.77124,-0.662341,1,-0.748832,0.518088
0.77149,-0.48948,1,-0.727244,0.518088
0.77174,-0.230159,1,-0.577949,0.518088
0.77199,0.00099482,1,-0.399544,0.518088
0.77224,0.134052,1,-0.260283,0.518088
0.77249,0.177061,1,-0.152978,0.518088
0.77274,0.196353,-1,-0.0215799,0.518088
0.77299,0.260011,-1,0.180507,0.518088
0.77324,0.381478,-1,0.464498,0.518088
0.77349,0.502937,-1,0.737499,0.518088
0.77374,0.529249,-1,0.875161,0.518088
0.773989,0.391712,-1,0.792972,0.518088
0.774239,0.100071,-1,0.491453,0.518088
0.774489,-0.251842,-1,0.0767033,0.518088
0.774739,-0.532,1,-0.307565,0.518088
0.774989,-0.640836,1,-0.562405,0.518088
0.775239,-0.562871,1,-0.646412,0.518088
0.775489,-0.368403,1,-0.609237,0.518088
0.775739,-0.165178,1,-0.516254,0.518088
0.775989,-0.0320262,1,-0.434792,0.518088
0.776239,0.0241914,1,-0.368984,0.518088
0.776489,0.0607777,1,-0.273569,0.518088
0.776739,0.148329,-1,-0.075564,0.518088
0.776989,0.310924,-1,0.236015,0.518088
0.777239,0.4986,-1,0.582565,0.518088
0.777489,0.611054,-1,0.849536,0.518088
0.777739,0.558925,-1,0.904586,0.518088
0.777989,0.32401,-1,0.725951,0.518088
0.778239,-0.0214962,-1,0.370102,0.518088
0.778489,-0.349018,-1,-0.020653,0.518088
0.778739,-0.542313,1,-0.323778,0.518088
0.778989,-0.557532,1,-0.482926,0.518088
0.779239,-0.43947,1,-0.520161,0.518088
0.779489,-0.284097,1,-0.518209,0.518088
0.779739,-0.1742,1,-0.519553,0.518088
0.779989,-0.128667,1,-0.529421,0.518088
0.780239,-0.098098,1,-0.488351,0.518088
0.780489,-0.00869655,1,-0.338071,0.518088
0.780739,0.176149,-1,-0.0490768,0.518088
0.780989,0.418072,-1,0.342423,0.518088
0.781239,0.616268,-1,0.69979,0.518088
0.781489,0.663609,-1,0.900003,0.518088
0.781739,0.512677,-1,0.863006,0.518088
0.781989,0.20872,-1,0.608524,0.518088
0.782239,-0.131616,-1,0.257775,0.518088
0.782489,-0.383181,-1,-0.0554845,0.518088
0.782739,-0.478416,1,-0.257178,0.518088
0.782989,-0.436615,1,-0.363064,0.518088
0.783239,-0.339055,1,-0.421133,0.518088
0.783489,-0.268751,1,-0.507748,0.518088
0.783739,-0.253815,1,-0.599006,0.518088
0.783989,-0.252138,1,-0.651675,0.518088
0.784239,-0.186259,1,-0.581684,0.518088
0.784489,-0.00502888,1,-0.334356,0.518088
0.784739,0.26918,-1,0.0497118,0.518088
0.784989,0.540705,-1,0.458165,0.518088
0.785239,0.689611,-1,0.775621,0.518088
0.785489,0.640589,-1,0.871602,0.518088
0.785739,0.408109,-1,0.75805,0.518088
0.785989,0.0898431,-1,0.491685,0.518088
0.786239,-0.188329,-1,0.201229,0.518088
0.786489,-0.341217,-1,-0.0142229,0.518088
0.786739,-0.364635,1,-0.14652,0.518088
0.786989,-0.323985,1,-0.242013,0.518088
0.787239,-0.299927,1,-0.378098,0.518088
0.787489,-0.328235,1,-0.567408,0.518088
0.787739,-0.373716,1,-0.718244,0.518088
0.787988,-0.355541,1,-0.757924,0.518088
0.788238,-0.206861,1,-0.605055,0.518088
0.788488,0.0702982,1,-0.260041,0.518088
0.788738,0.391987,-1,0.169028,0.518088
0.788988,0.63197,-1,0.557731,0.518088
0.789238,0.690702,-1,0.769829,0.518088
0.789488,0.550779,-1,0.787944,0.518088
0.789738,0.28517,-1,0.630515,0.518088
0.789988,0.0127525,-1,0.414729,0.518088
0.790238,-0.169974,-1,0.219143,0.518088
0.790488,-0.238997,-1,0.0964382,0.518088
0.790738,-0.244168,1,-0.0183811,0.518088
0.790988,-0.262593,1,-0.188696,0.518088
0.791238,-0.336964,1,-0.424734,0.518088
0.791488,-0.43989,1,-0.673412,0.518088
0.791738,-0.488377,1,-0.840115,0.518088
0.791988,-0.399587,1,-0.795414,0.518088
0.792238,-0.152074,1,-0.55026,0.518088
0.792488,0.18856,1,-0.13877,0.518088
0.792738,0.49766,-1,0.272341,0.518088
0.792988,0.657154,-1,0.578428,0.518088
0.793238,0.619124,-1,0.702482,0.518088
0.793488,0.42847,-1,0.669124,0.518088
0.793738,0.190667,-1,0.535865,0.518088
0.793988,0.00688022,-1,0.404063,0.518088
0.794238,-0.0833405,-1,0.30883,0.518088
0.794488,-0.115383,-1,0.2159,0.518088
0.794738,-0.162902,1,0.0533962,0.518088
0.794988,-0.275746,1,-0.199541,0.518088
0.795238,-0.436035,1,-0.514282,0.518088
0.795488,-0.561296,1,-0.792842,0.518088
0.795738,-0.554134,1,-0.905108,0.518088
0.795988,-0.367557,1,-0.77105,0.518088
0.796238,-0.0429168,1,-0.437027,0.518088
0.796488,0.304564,1,-0.0254776,0.518088
0.796738,0.545955,-1,0.327288,0.518088
0.796988,0.606582,-1,0.530332,0.518088
0.797238,0.502178,-1,0.590003,0.518088
0.797488,0.320199,-1,0.55137,0.518088
0.797738,0.160709,-1,0.505495,0.518088
0.797988,0.0745409,-1,0.475458,0.518088
0.798238,0.0385533,-1,0.430095,0.518088
0.798488,-0.0174715,-1,0.31718,0.518088
0.798738,-0.151673,1,0.0719817,0.518088
0.798988,-0.35839,1,-0.281391,0.518088
0.799238,-0.559469,1,-0.644082,0.518088
0.799488,-0.646154,1,-0.878509,0.518088
0.799738,-0.546017,1,-0.895688,0.518088
0.799988,-0.27171,1,-0.670033,0.523488
0.800238,0.0789439,1,-0.3183,0.523488
0.800488,0.374174,1,0.0412279,0.523488
0.800738,0.518387,-1,0.294983,0.523488
0.800988,0.499533,-1,0.417682,0.523488
0.801238,0.384328,-1,0.467688,0.523488
0.801488,0.267276,-1,0.502499,0.523488
0.801737,0.206749,-1,0.552174,0.523488
0.801987,0.190008,-1,0.588688,0.523488
0.802237,0.14945,-1,0.538361,0.523488
0.802487,0.0176859,-1,0.352231,0.523488
0.802737,-0.214698,1,0.0057641,0.523488
0.802987,-0.479068,1,-0.400464,0.523488
0.803237,-0.660182,1,-0.741336,0.523488
0.803487,-0.662267,1,-0.899781,0.523488
0.803737,-0.467173,1,-0.814525,0.523488
0.803987,-0.14869,1,-0.546873,0.523488
0.804237,0.167084,1,-0.227687,0.523488
0.804487,0.370665,1,0.0404207,0.523488
0.804737,0.425372,-1,0.208773,0.523488
0.804987,0.376674,-1,0.30229,0.523488
0.805237,0.310526,-1,0.395904,0.523488
0.805487,0.289892,-1,0.522576,0.523488
0.805737,0.311288,-1,0.65602,0.523488
0.805987,0.30946,-1,0.710809,0.523488
0.806237,0.207147,-1,0.602414,0.523488
0.806487,-0.023295,-1,0.30265,0.523488
0.806737,-0.327993,1,-0.104282,0.523488
0.806987,-0.59171,1,-0.509502,0.523488
0.807237,-0.699879,1,-0.787235,0.523488
0.807487,-0.603464,1,-0.839508,0.523488
0.807737,-0.347697,1,-0.696592,0.523488
0.807987,-0.0453541,1,-0.448235,0.523488
0.808237,0.187794,1,-0.208132,0.523488
0.808487,0.295342,1,-0.0362357,0.523488
0.808737,0.302322,-1,0.0808304,0.523488
0.808987,0.284832,-1,0.208438,0.523488
0.809237,0.308831,-1,0.391862,0.523488
0.809487,0.379431,-1,0.611898,0.523488
0.809737,0.434597,-1,0.780003,0.523488
0.809987,0.387416,-1,0.792398,0.523488
0.810237,0.189774,-1,0.580053,0.523488
0.810487,-0.124749,-1,0.201389,0.523488
0.810737,-0.448208,1,-0.226458,0.523488
0.810987,-0.653452,1,-0.576274,0.523488
0.811237,-0.663416,1,-0.748529,0.523488
0.811487,-0.492229,1,-0.73032,0.523488
0.811737,-0.233147,1,-0.583992,0.523488
0.811987,-0.00120053,1,-0.402451,0.523488
0.812237,0.13311,1,-0.261557,0.523488
0.812487,0.176855,1,-0.152179,0.523488
0.812737,0.196014,-1,-0.0290498,0.523488
0.812987,0.258893,-1,0.185991,0.523488
0.813237,0.379888,-1,0.458902,0.523488
0.813487,0.501881,-1,0.735388,0.523488
0.813737,0.529772,-1,0.880903,0.523488
0.813987,0.394259,-1,0.792928,0.523488
0.814237,0.104026,-1,0.494015,0.523488
0.814487,-0.247894,-1,0.0872442,0.523488
0.814737,-0.529612,1,-0.310186,0.523488
0.814987,-0.640731,1,-0.563969,0.523488
0.815237,-0.564654,1,-0.649357,0.523488
0.815486,-0.370889,1,-0.60836,0.523488
0.815736,-0.167238,1,-0.51729,0.523488
0.815986,-0.033044,1,-0.428939,0.523488
0.816236,0.0238005,1,-0.368322,0.523488
0.816486,0.0601711,1,-0.270443,0.523488
0.816736,0.146846,-1,-0.0697837,0.523488
0.816986,0.308739,-1,0.228891,0.523488
0.817236,0.496678,-1,0.580878,0.523488
0.817486,0.610566,-1,0.845145,0.523488
0.817736,0.560644,-1,0.910545,0.523488
0.817986,0.327516,-1,0.727835,0.523488
0.818236,-0.0172986,-1,0.371327,0.523488
0.818486,-0.345823,-1,-0.0144582,0.523488
0.818736,-0.54109,1,-0.317044,0.523488
0.818986,-0.558309,1,-0.485315,0.523488
0.819236,-0.441219,1,-0.522573,0.523488
0.819486,-0.28576,1,-0.51974,0.523488
0.819736,-0.175091,1,-0.526043,0.523488
0.819986,-0.128911,1,-0.528612,0.523488
0.820236,-0.0986614,1,-0.494036,0.523488
0.820486,-0.0102985,1,-0.340297,0.523488
0.820736,0.17351,-1,-0.0465957,0.523488
0.820986,0.415341,-1,0.33509,0.523488
0.821236,0.61465,-1,0.696615,0.523488
0.821486,0.664194,-1,0.901397,0.523488
0.821736,0.515499,-1,0.860827,0.523488
0.821986,0.212688,-1,0.618021,0.523488
0.822236,-0.128042,-1,0.265509,0.523488
0.822486,-0.381099,-1,-0.049357,0.523488
0.822736,-0.478213,1,-0.257115,0.523488
0.822986,-0.437613,1,-0.360042,0.523488
0.823236,-0.340163,1,-0.428058,0.523488
0.823486,-0.269243,1,-0.508682,0.523488
0.823736,-0.253773,1,-0.597809,0.523488
0.823986,-0.252376,1,-0.657875,0.523488
0.824236,-0.187592,1,-0.57762,0.523488
0.824486,-0.0078062,1,-0.338959,0.523488
0.824736,0.265803,-1,0.0441848,0.523488
0.824986,0.538026,-1,0.461356,0.523488
0.825236,0.688947,-1,0.770023,0.523488
0.825486,0.642342,-1,0.882333,0.523488
0.825736,0.411565,-1,0.757371,0.523488
0.825986,0.0935175,-1,0.497453,0.523488
0.826236,-0.185772,-1,0.206821,0.523488
0.826486,-0.340225,-1,-0.0135339,0.523488
0.826736,-0.364901,1,-0.148215,0.523488
0.826986,-0.324499,1,-0.250432,0.523488
0.827236,-0.299908,1,-0.380207,0.523488
0.827486,-0.327672,1,-0.565504,0.523488
0.827736,-0.373429,1,-0.725694,0.523488
0.827986,-0.356426,1,-0.75375,0.523488
0.828236,-0.209366,1,-0.598768,0.523488
0.828486,0.0666169,1,-0.265548,0.523488
0.828736,0.388454,-1,0.172299,0.523488
0.828986,0.630109,-1,0.548807,0.523488
0.829235,0.691226,-1,0.771076,0.523488
0.829485,0.553351,-1,0.792453,0.523488
0.829735,0.288502,-1,0.640268,0.523488
0.829985,0.0155439,-1,0.414135,0.523488
0.830235,-0.168511,-1,0.220775,0.523488
0.830485,-0.238766,-1,0.0890214,0.523488
0.830735,-0.244172,1,-0.0283542,0.523488
0.830985,-0.262066,1,-0.186672,0.523488
0.831235,-0.335807,1,-0.417478,0.523488
0.831485,-0.438839,1,-0.675433,0.523488
0.831735,-0.488479,1,-0.832002,0.523488
0.831985,-0.401581,1,-0.801389,0.523488
0.832235,-0.155707,1,-0.548674,0.523488
0.832485,0.184556,1,-0.149124,0.523488
0.832735,0.494765,-1,0.277684,0.523488
0.832985,0.65643,-1,0.581598,0.523488
0.833235,0.620618,-1,0.702478,0.523488
0.833485,0.431176,-1,0.667379,0.523488
0.833735,0.193285,-1,0.538344,0.523488
0.833985,0.00849616,-1,0.410057,0.523488
0.834235,-0.0827531,-1,0.307895,0.523488
0.834485,-0.115124,-1,0.214932,0.523488
0.834735,-0.162014,1,0.055462,0.523488
0.834985,-0.274045,1,-0.19143,0.523488
0.835235,-0.434209,1,-0.51935,0.523488
0.835485,-0.56041,1,-0.796319,0.523488
0.835735,-0.555241,1,-0.90089,0.523488
0.835985,-0.370699,1,-0.775864,0.523488
0.836235,-0.0471059,1,-0.445367,0.523488
0.836485,0.300992,1,-0.0264845,0.523488
0.836735,0.544119,-1,0.324019,0.523488
0.836985,0.606945,-1,0.533743,0.523488
0.837235,0.504056,-1,0.584169,0.523488
0.837485,0.322339,-1,0.5555,0.523488
0.837735,0.162177,-1,0.507724,0.523488
0.837985,0.0751447,-1,0.47824,0.523488
0.838235,0.0389843,-1,0.433625,0.523488
0.838485,-0.0164332,-1,0.315966,0.523488
0.838735,-0.149643,1,0.0752301,0.523488
0.838985,-0.355845,1,-0.277294,0.523488
0.839235,-0.557577,1,-0.644694,0.523488
0.839485,-0.64617,1,-0.882879,0.523488
0.839735,-0.548267,1,-0.899094,0.523488
0.839985,-0.275604,1,-0.680564,0.523488
0.840235,0.0749655,1,-0.316324,0.523488
0.840485,0.371485,1,0.0373185,0.523488
0.840735,0.51773,-1,0.296711,0.523488
0.840985,0.500493,-1,0.420233,0.523488
0.841235,0.385856,-1,0.469641,0.523488
0.841485,0.268359,-1,0.500403,0.523488
0.841735,0.207065,-1,0.552439,0.523488
0.841985,0.19023,-1,0.589335,0.523488
0.842235,0.150355,-1,0.539216,0.523488
0.842485,0.0198638,-1,0.351733,0.523488
0.842735,-0.21168,1,0.0111132,0.523488
0.842984,-0.476227,1,-0.40213,0.523488
0.843234,-0.659001,1,-0.744092,0.523488
0.843484,-0.663439,1,-0.898306,0.523488
0.843734,-0.47034,1,-0.822577,0.523488
0.843984,-0.152651,1,-0.551234,0.523488
0.844234,0.163888,1,-0.228945,0.523488
0.844484,0.369147,1,0.0344937,0.523488
0.844734,0.425527,-1,0.209136,0.523488
0.844984,0.377514,-1,0.302126,0.523488
0.845234,0.311103,-1,0.397242,0.523488
0.845484,0.289811,-1,0.524313,0.523488
0.845734,0.311011,-1,0.660559,0.523488
0.845984,0.30988,-1,0.714985,0.523488
0.846234,0.209102,-1,0.604786,0.523488
0.846484,-0.019994,-1,0.311887,0.523488
0.846734,-0.324419,1,-0.100752,0.523488
0.846984,-0.589408,1,-0.514625,0.523488
0.847234,-0.699792,1,-0.784578,0.523488
0.847484,-0.605684,1,-0.840802,0.523488
0.847734,-0.351204,1,-0.698865,0.523488
0.847984,-0.0486158,1,-0.452743,0.523488
0.848234,0.185763,1,-0.211259,0.523488
0.848484,0.294788,1,-0.0392957,0.523488
0.848734,0.302548,-1,0.0825793,0.523488
0.848984,0.284906,-1,0.208256,0.523488
0.849234,0.308218,-1,0.393556,0.523488
0.849484,0.378569,-1,0.614029,0.523488
0.849734,0.434386,-1,0.783599,0.523488
0.849984,0.388772,-1,0.785644,0.523488
0.850234,0.192907,-1,0.591018,0.523488
0.850484,-0.120768,-1,0.212342,0.523488
0.850734,-0.444931,1,-0.223926,0.523488
0.850984,-0.652139,1,-0.571153,0.523488
0.851234,-0.664437,1,-0.74478,0.523488
0.851484,-0.494966,1,-0.733548,0.523488
0.851734,-0.236219,1,-0.581806,0.523488
0.851984,-0.00335132,1,-0.405427,0.523488
0.852234,0.132155,1,-0.259908,0.523488
0.852484,0.176596,1,-0.149162,0.523488
0.852734,0.195637,-1,-0.0262671,0.523488
0.852984,0.257804,-1,0.181313,0.523488
0.853234,0.378338,-1,0.461935,0.523488
0.853484,0.500811,-1,0.736907,0.523488
0.853734,0.530341,-1,0.877628,0.523488
0.853984,0.396841,-1,0.798125,0.523488
0.854234,0.107955,-1,0.500247,0.523488
0.854484,-0.243982,-1,0.0829324,0.523488
0.854734,-0.527181,1,-0.308619,0.523488
0.854984,-0.640557,1,-0.560412,0.523488
0.855234,-0.566423,1,-0.650808,0.523488
0.855484,-0.373416,1,-0.610977,0.523488
0.855734,-0.169308,1,-0.518208,0.523488
0.855984,-0.0341022,1,-0.43026,0.523488
0.856234,0.0234195,1,-0.372947,0.523488
0.856484,0.059572,1,-0.273159,0.523488
0.856734,0.145379,-1,-0.0752187,0.523488
0.856983,0.306534,-1,0.231067,0.523488
0.857233,0.494699,-1,0.582599,0.523488
0.857483,0.610088,-1,0.843674,0.523488
0.857733,0.562336,-1,0.913684,0.523488
0.857983,0.331099,-1,0.735263,0.523488
0.858233,-0.0131596,-1,0.376676,0.523488
0.858483,-0.342582,-1,-0.0159079,0.523488
0.858733,-0.539831,1,-0.31458,0.523488
0.858983,-0.559043,1,-0.481797,0.523488
0.859233,-0.44301,1,-0.522783,0.523488
0.859483,-0.28743,1,-0.524313,0.523488
0.859733,-0.175972,1,-0.523675,0.523488
0.859983,-0.129258,1,-0.53247,0.523488
0.860233,-0.0991554,1,-0.494683,0.523488
0.860483,-0.0118728,1,-0.34395,0.523488
0.860733,0.170881,-1,-0.0505569,0.523488
0.860983,0.412532,-1,0.338776,0.523488
0.861233,0.613053,-1,0.69429,0.523488
0.861483,0.664751,-1,0.904179,0.523488
0.861733,0.518268,-1,0.870719,0.523488
0.861983,0.216706,-1,0.61651,0.523488
0.862233,-0.124359,-1,0.270882,0.523488
0.862483,-0.379051,-1,-0.0486298,0.523488
0.862733,-0.477992,1,-0.258422,0.523488
0.862983,-0.438555,1,-0.356566,0.523488
0.863233,-0.341275,1,-0.422075,0.523488
0.863483,-0.269713,1,-0.506365,0.523488
0.863733,-0.253774,1,-0.59946,0.523488
0.863983,-0.252604,1,-0.648754,0.523488
0.864233,-0.188992,1,-0.585371,0.523488
0.864483,-0.0105128,1,-0.337589,0.523488
0.864733,0.26238,-1,0.0403364,0.523488
0.864983,0.535374,-1,0.45339,0.523488
0.865233,0.688254,-1,0.775403,0.523488
0.865483,0.644025,-1,0.883582,0.523488
0.865733,0.415007,-1,0.763794,0.523488
0.865983,0.0972386,-1,0.502703,0.523488
0.866233,-0.183145,-1,0.213265,0.523488
0.866483,-0.339302,-1,-0.00504516,0.523488
0.866733,-0.36511,1,-0.145284,0.523488
0.866983,-0.325015,1,-0.248609,0.523488
0.867233,-0.299896,1,-0.386698,0.523488
0.867483,-0.32709,1,-0.564344,0.523488
0.867733,-0.373084,1,-0.720948,0.523488
0.867983,-0.357323,1,-0.754602,0.523488
0.868233,-0.211913,1,-0.604114,0.523488
0.868483,0.0629591,1,-0.268837,0.523488
0.868733,0.38491,-1,0.163449,0.523488
0.868983,0.628199,-1,0.552518,0.523488
0.869233,0.691706,-1,0.773522,0.523488
0.869483,0.555883,-1,0.788948,0.523488
0.869733,0.291879,-1,0.642869,0.523488
0.869983,0.0183483,-1,0.416556,0.523488
0.870233,-0.167054,-1,0.227932,0.523488
0.870483,-0.238423,-1,0.0946932,0.523488
0.870732,-0.244223,1,-0.0192394,0.523488
0.870982,-0.261558,1,-0.18709,0.523488
0.871232,-0.334655,1,-0.413532,0.523488
0.871482,-0.437755,1,-0.669837,0.523488
0.871732,-0.488559,1,-0.8325,0.523488
0.871982,-0.403553,1,-0.808113,0.523488
0.872232,-0.159293,1,-0.55358,0.523488
0.872482,0.180491,1,-0.149633,0.523488
0.872732,0.491862,-1,0.275452,0.523488
0.872982,0.655675,-1,0.574984,0.523488
0.873232,0.622091,-1,0.708316,0.523488
0.873482,0.433849,-1,0.667636,0.523488
0.873732,0.195868,-1,0.544525,0.523488
0.873982,0.0101131,-1,0.408305,0.523488
0.874232,-0.0821144,-1,0.312917,0.523488
0.874482,-0.114809,-1,0.213383,0.523488
0.874732,-0.161159,1,0.0559456,0.523488
0.874982,-0.272352,1,-0.193525,0.523488
0.875232,-0.432333,1,-0.510612,0.523488
0.875482,-0.559571,1,-0.79586,0.523488
0.875732,-0.556279,1,-0.906649,0.523488
0.875982,-0.373797,1,-0.775736,0.523488
0.876232,-0.0512916,1,-0.449069,0.523488
0.876482,0.29731,1,-0.0328332,0.523488
0.876732,0.542307,-1,0.318167,0.523488
0.876982,0.607285,-1,0.527874,0.523488
0.877232,0.505874,-1,0.585568,0.523488
0.877482,0.324505,-1,0.561582,0.523488
0.877732,0.163611,-1,0.507733,0.523488
0.877982,0.0757378,-1,0.481308,0.523488
0.878232,0.0393643,-1,0.436514,0.523488
0.878482,-0.015378,-1,0.313527,0.523488
0.878732,-0.14758,1,0.0751154,0.523488
0.878982,-0.353281,1,-0.28017,0.523488
0.879232,-0.555669,1,-0.639345,0.523488
0.879482,-0.646139,1,-0.881719,0.523488
0.879732,-0.550517,1,-0.902297,0.523488
0.879982,-0.279431,1,-0.681712,0.523488
0.880232,0.0709355,1,-0.319217,0.523488
0.880482,0.368773,1,0.0352923,0.523488
0.880732,0.517031,-1,0.2975,0.523488
0.880982,0.501418,-1,0.42858,0.523488
0.881232,0.387384,-1,0.467021,0.523488
0.881482,0.269457,-1,0.505747,0.523488
0.881732,0.20743,-1,0.554691,0.523488
0.881982,0.190344,-1,0.586834,0.523488
0.882232,0.151282,-1,0.547476,0.523488
0.882482,0.0220269,-1,0.350428,0.523488
0.882732,-0.208586,1,0.0108148,0.523488
0.882982,-0.4734,1,-0.399462,0.523488
0.883232,-0.657766,1,-0.737584,0.523488
0.883482,-0.664576,1,-0.900674,0.523488
0.883732,-0.473532,1,-0.820444,0.523488
0.883982,-0.156509,1,-0.561241,0.523488
0.884232,0.160676,1,-0.230697,0.523488
0.884481,0.367625,1,0.0365303,0.523488
0.884731,0.425579,-1,0.2082,0.523488
0.884981,0.378378,-1,0.297005,0.523488
0.885231,0.311671,-1,0.39013,0.523488
0.885481,0.289735,-1,0.523529,0.523488
0.885731,0.310727,-1,0.655257,0.523488
0.885981,0.310382,-1,0.714089,0.523488
0.886231,0.210977,-1,0.607226,0.523488
0.886481,-0.0167331,-1,0.312619,0.523488
0.886731,-0.32084,1,-0.100945,0.523488
0.886981,-0.587023,1,-0.505019,0.523488
0.887231,-0.699679,1,-0.786184,0.523488
0.887481,-0.607881,1,-0.847179,0.523488
0.887731,-0.354656,1,-0.704879,0.523488
0.887981,-0.0519436,1,-0.456003,0.523488
0.888231,0.183781,1,-0.209034,0.523488
0.888481,0.29418,1,-0.0380582,0.523488
0.888731,0.30277,-1,0.07741,0.523488
0.888981,0.284936,-1,0.206369,0.523488
0.889231,0.307615,-1,0.387075,0.523488
0.889481,0.377661,-1,0.614257,0.523488
0.889731,0.434206,-1,0.777467,0.523488
0.889981,0.390146,-1,0.788438,0.523488
0.890231,0.19594,-1,0.588922,0.523488
0.890481,-0.116789,-1,0.218107,0.523488
0.890731,-0.441595,1,-0.224388,0.523488
0.890981,-0.650774,1,-0.577191,0.523488
0.891231,-0.665463,1,-0.750809,0.523488
0.891481,-0.497642,1,-0.738134,0.523488
0.891731,-0.239296,1,-0.586794,0.523488
0.891981,-0.0055749,1,-0.406318,0.523488
0.892231,0.131248,1,-0.259029,0.523488
0.892481,0.176383,1,-0.153862,0.523488
0.892731,0.195234,-1,-0.0276308,0.523488
0.892981,0.256699,-1,0.18353,0.523488
0.893231,0.376751,-1,0.461318,0.523488
0.893481,0.499728,-1,0.738092,0.523488
0.893731,0.53086,-1,0.882342,0.523488
0.893981,0.399389,-1,0.800303,0.523488
0.894231,0.111936,-1,0.506808,0.523488
0.894481,-0.240072,-1,0.0870063,0.523488
0.894731,-0.524726,1,-0.305742,0.523488
0.894981,-0.640376,1,-0.566965,0.523488
0.895231,-0.568127,1,-0.651334,0.523488
0.895481,-0.37592,1,-0.615629,0.523488
0.895731,-0.171375,1,-0.52076,0.523488
0.895981,-0.0351719,1,-0.439768,0.523488
0.896231,0.0230226,1,-0.370982,0.523488
0.896481,0.0589979,1,-0.276036,0.523488
0.896731,0.143924,-1,-0.0760028,0.523488
0.896981,0.304366,-1,0.223463,0.523488
0.897231,0.492708,-1,0.576086,0.523488
0.897481,0.609533,-1,0.849777,0.523488
0.897731,0.564,-1,0.915869,0.523488
0.897981,0.334667,-1,0.737569,0.523488
0.89823,-0.00900593,-1,0.388534,0.523488
0.89848,-0.339378,-1,-0.0108219,0.523488
0.89873,-0.538558,1,-0.321644,0.523488
0.89898,-0.559716,1,-0.478925,0.523488
0.89923,-0.444796,1,-0.528062,0.523488
0.89948,-0.289064,1,-0.523839,0.523488
0.89973,-0.176864,1,-0.523984,0.523488
0.89998,-0.129563,1,-0.525451,0.522573
2.02416,-0.218121,0,-0.213284,0.522573
2.02441,-0.0746074,0,-0.0742104,0.522573
2.02466,0.17809,0,0.182436,0.522573
2.02491,0.463681,0,0.462928,0.522573
2.02516,0.662424,-0.015748,0.664532,0.522573
2.02541,0.67815,-0.0708661,0.673394,0.522573
2.02566,0.495388,-0.149606,0.492918,0.522573
2.02591,0.19014,-0.149606,0.186444,0.522573
2.02616,-0.113016,-0.0314961,-0.117338,0.522573
2.02641,-0.309274,0.125984,-0.310974,0.522573
2.02666,-0.368235,0.19685,-0.378152,0.522573
2.02691,-0.338106,0.133858,-0.354264,0.522573
2.02716,-0.302074,-0.023622,-0.31578,0.522573
2.02741,-0.314724,-0.19685,-0.335226,0.522573
2.02766,-0.362503,-0.362205,-0.371496,0.522573
2.02791,-0.372806,-0.519685,-0.37547,0.522573
2.02816,-0.26778,-0.629921,-0.267275,0.522573
2.02841,-0.0243297,-0.645669,-0.0149138,0.522573
2.02866,0.296491,-0.519685,0.300121,0.522573
2.02891,0.574709,-0.259843,0.55759,0.522573
2.02916,0.69498,0.0944882,0.6529,0.522573
2.02941,0.611423,0.464567,0.539081,0.522573
2.02966,0.372017,0.700787,0.270379,0.522573
2.02991,0.0890672,0.724409,-0.0388511,0.522573
2.03016,-0.127245,0.590551,-0.263507,0.522573
2.03041,-0.228294,0.377953,-0.348014,0.522573
2.03066,-0.244603,0.15748,-0.333525,0.522573
2.03091,-0.251857,-0.0314961,-0.285721,0.522573
2.03116,-0.308927,-0.212598,-0.280103,0.522573
2.03141,-0.410367,-0.385827,-0.310804,0.522573
2.03166,-0.485148,-0.519685,-0.336523,0.522573
2.03191,-0.443445,-0.598425,-0.252963,0.522573
2.03216,-0.24029,-0.551181,-0.0385753,0.522573
2.03241,0.084111,-0.354331,0.271936,0.522573
2.03266,0.416867,-0.0629921,0.567089,0.522573
2.03291,0.630001,0.23622,0.707467,0.522573
2.03316,0.650022,0.464567,0.651808,0.522573
2.03341,0.495091,0.551181,0.421006,0.522573
2.03366,0.259108,0.496063,0.115732,0.522573
2.03391,0.0516521,0.338583,-0.133552,0.522573
2.03416,-0.0655991,0.15748,-0.274798,0.522573
2.03441,-0.107749,0,-0.297497,0.522573
2.03466,-0.143293,-0.110236,-0.300895,0.522573
2.03491,-0.235468,-0.212598,-0.333293,0.522573
2.03516,-0.388213,-0.307087,-0.417105,0.522573
2.03541,-0.534402,-0.385827,-0.501547,0.522573
2.03567,-0.57419,-0.409449,-0.482342,0.522573
2.03592,-0.439768,-0.346457,-0.310664,0.522573
2.03617,-0.145827,-0.181102,0.00583673,0.522573
2.03642,0.20933,0.0629921,0.357299,0.522573
2.03667,0.492904,0.307087,0.6184,0.522573
2.03692,0.608463,0.472441,0.691674,0.522573
2.03717,0.544999,0.503937,0.579029,0.522573
2.03742,0.374355,0.401575,0.356323,0.522573
2.03767,0.199993,0.220472,0.146454,0.522573
2.03792,0.0918517,0.0314961,0.0150225,0.522573
2.03817,0.0474729,-0.11811,-0.0339897,0.522573
2.03842,0.00491693,-0.220472,-0.0699622,0.522573
2.03867,-0.10414,-0.283465,-0.154477,0.522573
2.03892,-0.29542,-0.346457,-0.326472,0.522573
2.03917,-0.509072,-0.393701,-0.510082,0.522573
2.03942,-0.63868,-0.393701,-0.628212,0.522573
2.03967,-0.59458,-0.307087,-0.571756,0.522573
2.03992,-0.362764,-0.11811,-0.338718,0.522573
2.04017,-0.0203521,0.125984,0.00225736,0.522573
2.04042,0.30315,0.385827,0.299766,0.522573
2.04067,0.495398,0.566929,0.479913,0.522573
2.04092,0.518535,0.598425,0.475391,0.522573
2.04117,0.42088,0.488189,0.366618,0.522573
2.04142,0.295784,0.283465,0.240836,0.522573
2.04167,0.217326,0.0629921,0.178115,0.522573
2.04192,0.193592,-0.11811,0.185101,0.522573
2.04217,0.167748,-0.259843,0.191583,0.522573
2.04242,0.0656449,-0.362205,0.13192,0.522573
2.04267,-0.142516,-0.440945,-0.0484905,0.522573
2.04292,-0.408671,-0.503937,-0.300716,0.522573
2.04317,-0.624814,-0.511811,-0.515549,0.522573
2.04342,-0.682446,-0.425197,-0.587162,0.522573
2.04367,-0.538102,-0.228346,-0.476752,0.522573
2.04392,-0.241991,0.0629921,-0.220398,0.522573
2.04417,0.0876208,0.370079,0.046994,0.522573
2.04442,0.329536,0.614173,0.239469,0.522573
2.04467,0.423777,0.708661,0.284094,0.522573
2.04492,0.395546,0.645669,0.227553,0.522573
2.04517,0.325774,0.472441,0.15018,0.522573
2.04542,0.289843,0.23622,0.140899,0.522573
2.04567,0.304228,0.00787402,0.203452,0.522573
2.04592,0.317106,-0.173228,0.282972,0.522573
2.04617,0.247872,-0.330709,0.283915,0.522573
2.04642,0.0503575,-0.480315,0.163392,0.522573
2.04667,-0.244048,-0.598425,-0.0792024,0.522573
2.04692,-0.531695,-0.661417,-0.325923,0.522573
2.04717,-0.690474,-0.614173,-0.476218,0.522573
2.04742,-0.648681,-0.440945,-0.459578,0.522573
2.04767,-0.426441,-0.133858,-0.285429,0.522573
2.04792,-0.123878,0.220472,-0.0577756,0.522573
2.04817,0.136735,0.543307,0.119318,0.522573
2.04842,0.278727,0.732283,0.171155,0.522573
2.04867,0.306436,0.76378,0.126977,0.522573
2.04892,0.287388,0.653543,0.0579036,0.522573
2.04917,0.296755,0.456693,0.0609416,0.522573
2.04942,0.358688,0.228346,0.142286,0.522573
2.04967,0.426593,0.015748,0.263617,0.522573
2.04992,0.413839,-0.188976,0.333055,0.522573
2.05017,0.256245,-0.393701,0.267374,0.522573
2.05042,-0.035658,-0.590551,0.0695484,0.522573
2.05067,-0.369676,-0.740157,-0.1899,0.522573
2.05092,-0.61677,-0.779528,-0.396423,0.522573
2.05117,-0.680617,-0.661417,-0.441662,0.522573
2.05142,-0.550294,-0.385827,-0.326229,0.522573
2.05167,-0.30262,-0.015748,-0.127999,0.522573
2.05192,-0.0538116,0.354331,0.0383471,0.522573
2.05217,0.108579,0.637795,0.107674,0.522573
2.05242,0.171135,0.771654,0.0755155,0.522573
2.05267,0.189003,0.76378,0.00999016,0.522573
2.05292,0.236304,0.637795,0.00457035,0.522573
2.05317,0.34511,0.456693,0.0963764,0.522573
2.05342,0.475522,0.251969,0.250455,0.522573
2.05367,0.53645,0.0314961,0.369908,0.522573
2.05392,0.445838,-0.212598,0.359418,0.522573
2.05417,0.189253,-0.472441,0.187899,0.522573
2.05442,-0.159162,-0.716535,-0.0697198,0.522573
2.05467,-0.471006,-0.858268,-0.297557,0.522573
2.05492,-0.631165,-0.850394,-0.411007,0.522573
2.05517,-0.599134,-0.645669,-0.351854,0.522573
2.05542,-0.425342,-0.307087,-0.197009,0.522573
2.05567,-0.214416,0.0866142,-0.0446469,0.522573
2.05592,-0.0586641,0.440945,0.0311719,0.522573
2.05617,0.0143949,0.677165,0.0037661,0.522573
2.05642,0.048664,0.779528,-0.0583708,0.522573
2.05667,0.117648,0.755906,-0.0658633,0.522573
2.05692,0.262385,0.653543,0.0304767,0.522573
2.05717,0.452199,0.503937,0.206638,0.522573
2.05742,0.594692,0.299213,0.375929,0.522573
2.05767,0.591115,0.0393701,0.429621,0.522573
2.05792,0.400336,-0.259843,0.327102,0.522573
2.05817,0.0724215,-0.590551,0.0892565,0.522573
2.05842,-0.272937,-0.84252,-0.160563,0.522573
2.05867,-0.509057,-0.952756,-0.325291,0.522573
2.05892,-0.569602,-0.866142,-0.327793,0.522573
2.05917,-0.477727,-0.598425,-0.229694,0.522573
2.05942,-0.322347,-0.220472,-0.0997856,0.522573
2.05967,-0.195788,0.15748,-0.0341029,0.522573
2.05992,-0.136105,0.480315,-0.0695479,0.522573
2.06017,-0.108777,0.677165,-0.137703,0.522573
2.06043,-0.0404658,0.771654,-0.172228,0.522573
2.06068,0.120532,0.771654,-0.0915971,0.522573
2.06093,0.355834,0.708661,0.102611,0.522573
2.06118,0.576448,0.574803,0.316864,0.522573
2.06143,0.670008,0.346457,0.450048,0.522573
2.06168,0.568887,0.023622,0.40994,0.522573
2.06193,0.294583,-0.346457,0.23361,0.522573
2.06218,-0.0496317,-0.708661,-0.0130747,0.522573
2.06243,-0.333279,-0.944882,-0.197194,0.522573
2.06268,-0.469574,-1,-0.256729,0.522573
2.06293,-0.456096,-0.850394,-0.193353,0.522573
2.06318,-0.363665,-0.543307,-0.0964744,0.522573
2.06343,-0.281005,-0.165354,-0.041378,0.522573
2.06368,-0.25369,0.181102,-0.0914616,0.522573
2.06393,-0.255431,0.464567,-0.19399,0.522573
2.06418,-0.212441,0.653543,-0.261701,0.522573
2.06443,-0.0610673,0.771654,-0.20851,0.522573
2.06468,0.196756,0.826772,-0.0291591,0.522573
2.06493,0.480496,0.795276,0.201302,0.522573
2.06518,0.669614,0.645669,0.387574,0.522573
2.06543,0.671952,0.362205,0.433009,0.522573
2.06568,0.478118,-0.015748,0.30981,0.522573
2.06593,0.168978,-0.440945,0.103056,0.522573
2.06618,-0.129698,-0.80315,-0.0823685,0.522573
2.06643,-0.317061,-1,-0.160828,0.522573
2.06668,-0.368058,-1,-0.132886,0.522573
2.06693,-0.335115,-0.80315,-0.0514458,0.522573
2.06718,-0.301157,-0.496063,-0.00518026,0.522573
2.06743,-0.317307,-0.15748,-0.0614625,0.522573
2.06768,-0.36516,0.149606,-0.198212,0.522573
2.06793,-0.370222,0.425197,-0.301306,0.522573
2.06818,-0.256045,0.645669,-0.307199,0.522573
2.06843,-0.00489998,0.818898,-0.165719,0.522573
2.06868,0.317211,0.913386,0.0732285,0.522573
2.06893,0.588173,0.88189,0.301488,0.522573
2.06918,0.695711,0.692913,0.397837,0.522573
2.06943,0.599684,0.346457,0.343623,0.522573
2.06968,0.35376,-0.0944882,0.176262,0.522573
2.06993,0.0721328,-0.535433,0.00282442,0.522573
2.07018,-0.137296,-0.866142,-0.0883045,0.522573
2.07043,-0.231133,-1,-0.0672516,0.522573
2.07068,-0.244507,-0.96063,0.00747858,0.522573
2.07093,-0.253767,-0.771654,0.0431968,0.522573
2.07118,-0.314652,-0.488189,-0.01574,0.522573
2.07143,-0.41698,-0.188976,-0.160879,0.522573
2.07168,-0.486888,0.102362,-0.307488,0.522573
2.07193,-0.435258,0.393701,-0.363478,0.522573
2.07218,-0.22212,0.669291,-0.276263,0.522573
2.07243,0.10684,0.889764,-0.0495082,0.522573
2.07268,0.435496,1,0.189351,0.522573
2.07293,0.637487,0.944882,0.342618,0.522573
2.07318,0.644612,0.700787,0.34469,0.522573
2.07343,0.481093,0.291339,0.220625,0.522573
2.07368,0.243793,-0.173228,0.0640943,0.522573
2.07393,0.041135,-0.598425,-0.0328408,0.522573
2.07418,-0.0700793,-0.874016,-0.0233757,0.522573
2.07443,-0.10953,-0.976378,0.057304,0.522573
2.07468,-0.1472,-0.92126,0.108533,0.522573
2.07493,-0.243885,-0.755906,0.0647895,0.522573
2.07518,-0.398852,-0.519685,-0.0942108,0.522573
2.07543,-0.541289,-0.244094,-0.274784,0.522573
2.07568,-0.571144,0.0551181,-0.395902,0.522573
2.07593,-0.424846,0.393701,-0.357754,0.522573
2.07618,-0.123187,0.724409,-0.178982,0.522573
2.07643,0.231235,0.984252,0.0700193,0.522573
2.07668,0.506056,1,0.257602,0.522573
2.07693,0.609322,0.968504,0.301728,0.522573
2.07718,0.536156,0.661417,0.224696,0.522573
2.07743,0.362108,0.220472,0.0971672,0.522573
2.07768,0.190573,-0.228346,0.0048366,0.522573
2.07793,0.0874562,-0.614173,0.0086077,0.522573
2.07818,0.0455965,-0.850394,0.0912422,0.522573
2.07843,0.000420932,-0.937008,0.163991,0.522573
2.07868,-0.114248,-0.905512,0.14587,0.522573
2.07893,-0.309523,-0.779528,-0.00541348,0.522573
2.07918,-0.521241,-0.582677,-0.218014,0.522573
2.07943,-0.641719,-0.307087,-0.383195,0.522573
2.07968,-0.584841,0.0393701,-0.410756,0.522573
2.07993,-0.342711,0.440945,-0.273953,0.522573
2.08018,0.00250655,0.811024,-0.0483464,0.522573
2.08043,0.320415,1,0.154371,0.522573
2.08068,0.501852,1,0.244929,0.522573
2.08093,0.514997,0.952756,0.201158,0.522573
2.08118,0.412549,0.606299,0.0984693,0.522573
2.08143,0.288812,0.165354,0.0136687,0.522573
2.08168,0.21452,-0.251969,0.0274726,0.522573
2.08193,0.192908,-0.590551,0.116403,0.522573
2.08218,0.164119,-0.80315,0.221904,0.522573
2.08243,0.0553472,-0.913386,0.220482,0.522573
2.08268,-0.15886,-0.92126,0.0967309,0.522573
2.08293,-0.425567,-0.84252,-0.115496,0.522573
2.08318,-0.634299,-0.653543,-0.324813,0.522573
2.08343,-0.679179,-0.346457,-0.414757,0.522573
2.08368,-0.522503,0.0629921,-0.343677,0.522573
2.08393,-0.220329,0.511811,-0.149546,0.522573
2.08418,0.106916,0.897638,0.0507329,0.522573
2.08443,0.340334,1,0.169889,0.522573
2.08468,0.425064,1,0.156847,0.522573
2.08493,0.391299,0.897638,0.0791197,0.522573
2.08519,0.321885,0.543307,0.00548478,0.522573
2.08544,0.289491,0.133858,0.0196071,0.522573
2.08569,0.30602,-0.23622,0.117735,0.522573
2.08594,0.315909,-0.535433,0.248107,0.522573
2.08619,0.239028,-0.76378,0.291054,0.522573
2.08644,0.0333821,-0.913386,0.209413,0.522573
2.08669,-0.264236,-0.976378,-0.00795647,0.522573
2.08694,-0.54705,-0.913386,-0.237001,0.522573
2.08719,-0.694118,-0.708661,-0.380684,0.522573
2.08744,-0.639003,-0.338583,-0.372516,0.522573
2.08769,-0.408026,0.11811,-0.226835,0.522573
2.08794,-0.104534,0.590551,-0.0375276,0.522573
2.08819,0.149987,0.952756,0.0943816,0.522573
2.08844,0.283591,1,0.110568,0.522573
2.08869,0.305624,1,0.0395178,0.522573
2.08894,0.286528,0.84252,-0.0338218,0.522573
2.08919,0.299311,0.511811,-0.0185923,0.522573
2.08944,0.363787,0.149606,0.0947422,0.522573
2.08969,0.429056,-0.181102,0.24372,0.522573
2.08994,0.408336,-0.488189,0.339942,0.522573
2.09019,0.240875,-0.755906,0.299043,0.522573
2.09044,-0.0572418,-0.96063,0.120669,0.522573
2.09069,-0.389655,-1,-0.129827,0.522573
2.09094,-0.627029,-0.984252,-0.315112,0.522573
2.09119,-0.677611,-0.724409,-0.358699,0.522573
2.09144,-0.536569,-0.299213,-0.268543,0.522573
2.09169,-0.285331,0.19685,-0.102942,0.522573
2.09194,-0.040144,0.653543,0.0254528,0.522573
2.09219,0.115323,0.968504,0.0573377,0.522573
2.09244,0.17272,1,-0.0142329,0.522573
2.09269,0.190429,1,-0.0887441,0.522573
2.09294,0.241511,0.811024,-0.0838607,0.522573
2.09319,0.353743,0.527559,0.0350415,0.522573
2.09344,0.48257,0.204724,0.215213,0.522573
2.09369,0.535839,-0.125984,0.358206,0.522573
2.09394,0.433941,-0.472441,0.371615,0.522573
2.09419,0.168351,-0.787402,0.231735,0.522573
2.09444,-0.181909,-1,6.00225e-05,0.522573
2.09469,-0.486809,-1,-0.213793,0.522573
2.09494,-0.634838,-1,-0.314931,0.522573
2.09519,-0.591179,-0.692913,-0.264137,0.522573
2.09544,-0.411679,-0.228346,-0.131688,0.522573
2.09569,-0.201974,0.259843,-0.0163816,0.522573
2.09594,-0.0516036,0.677165,0.0155804,0.522573
2.09619,0.016933,0.944882,-0.0460723,0.522573
2.09644,0.0513777,1,-0.137955,0.522573
2.09669,0.124716,0.976378,-0.15594,0.522573
2.09694,0.274112,0.811024,-0.0501652,0.522573
2.09719,0.463969,0.566929,0.143286,0.522573
2.09744,0.599792,0.267717,0.325189,0.522573
2.09769,0.584419,-0.0866142,0.406849,0.522573
2.09794,0.382315,-0.488189,0.320774,0.522573
2.09819,0.0489995,-0.850394,0.117622,0.522573
2.09844,-0.292698,-1,-0.109856,0.522573
2.09869,-0.518563,-1,-0.24018,0.522573
2.09894,-0.567491,-1,-0.239261,0.522573
2.09919,-0.468521,-0.637795,-0.134887,0.522573
2.09944,-0.312489,-0.165354,-0.0315384,0.522573
2.09969,-0.189934,0.291339,-0.00118102,0.522573
2.09994,-0.133951,0.661417,-0.066462,0.522573
2.10019,-0.106367,0.897638,-0.17113,0.522573
2.10044,-0.0329869,0.992126,-0.217534,0.522573
2.10069,0.134129,0.968504,-0.138458,0.522573
2.10094,0.371708,0.858268,0.0477956,0.522573
2.10119,0.587391,0.637795,0.266671,0.522573
2.10144,0.669662,0.314961,0.403249,0.522573
2.10169,0.555592,-0.0866142,0.37307,0.522573
2.10194,0.272907,-0.543307,0.208851,0.522573
2.10219,-0.0710169,-0.929134,-0.00607375,0.522573
2.10244,-0.347003,-1,-0.163464,0.522573
2.10269,-0.472708,-1,-0.18784,0.522573
2.10294,-0.45153,-0.96063,-0.123194,0.522573
2.10319,-0.357159,-0.574803,-0.0226887,0.522573
2.10344,-0.277443,-0.125984,0.00774103,0.522573
2.10369,-0.25349,0.283465,-0.0664692,0.522573
2.10394,-0.254969,0.614173,-0.185009,0.522573
2.10419,-0.206343,0.84252,-0.272355,0.522573
2.10444,-0.047156,0.968504,-0.228439,0.522573
2.10469,0.215466,1,-0.0537199,0.522573
2.10494,0.496811,0.92126,0.173646,0.522573
2.10519,0.676052,0.700787,0.357024,0.522573
2.10544,0.664894,0.330709,0.395693,0.522573
2.10569,0.460336,-0.125984,0.280913,0.522573
2.10594,0.148067,-0.614173,0.0889751,0.522573
2.10619,-0.14585,-0.992126,-0.0782953,0.522573
2.10644,-0.324205,-1,-0.131503,0.522573
2.10669,-0.367612,-1,-0.0842237,0.522573
2.10694,-0.332107,-0.897638,0.0074811,0.522573
2.10719,-0.300495,-0.535433,0.0308477,0.522573
2.10744,-0.320021,-0.125984,-0.0436979,0.522573
2.10769,-0.36781,0.23622,-0.178709,0.522573
2.10794,-0.367045,0.559055,-0.298084,0.522573
2.10819,-0.243711,0.818898,-0.307659,0.522573
2.10844,0.0150329,1,-0.166706,0.522573
2.10869,0.337711,1,0.0642485,0.522573
2.10894,0.601048,0.992126,0.273869,0.522573
2.10919,0.695552,0.732283,0.372198,0.522573
2.10944,0.58725,0.307087,0.310824,0.522573
2.10969,0.335262,-0.19685,0.155799,0.522573
2.10995,0.0555777,-0.685039,-0.0111489,0.522573
2.1102,-0.14693,-1,-0.0727571,0.522573
2.11045,-0.233822,-1,-0.0402423,0.522573
2.1107,-0.244405,-1,0.0437273,0.522573
2.11095,-0.255819,-0.850394,0.0785515,0.522573
2.1112,-0.32052,-0.519685,0.00889379,0.522573
2.11145,-0.423558,-0.165354,-0.146191,0.522573
2.1117,-0.488018,0.181102,-0.299754,0.522573
2.11195,-0.426278,0.519685,-0.362284,0.522573
2.1122,-0.203264,0.826772,-0.26906,0.522573
2.11245,0.129593,1,-0.0605012,0.522573
2.1127,0.453554,1,0.178008,0.522573
2.11295,0.644055,1,0.310629,0.522573
2.1132,0.638397,0.716535,0.310053,0.522573
2.11345,0.466686,0.244094,0.189146,0.522573
2.1137,0.228633,-0.267717,0.0407588,0.522573
2.11395,0.0309299,-0.724409,-0.0327123,0.522573
2.1142,-0.0741956,-1,-0.00625312,0.522573
2.11445,-0.111095,-1,0.0809895,0.522573
2.1147,-0.151226,-1,0.133957,0.522573
2.11495,-0.252552,-0.826772,0.082697,0.522573
2.1152,-0.409537,-0.551181,-0.0862719,0.522573
2.11545,-0.547563,-0.228346,-0.274429,0.522573
2.1157,-0.567212,0.133858,-0.39092,0.522573
2.11595,-0.409312,0.519685,-0.351216,0.522573
2.1162,-0.100528,0.874016,-0.169947,0.522573
2.11645,0.252762,1,0.0630027,0.522573
2.1167,0.518434,1,0.236045,0.522573
2.11695,0.609464,1,0.274924,0.522573
2.1172,0.526797,0.669291,0.192607,0.522573
2.11745,0.349929,0.173228,0.0708713,0.522573
2.1177,0.181532,-0.314961,-0.00262862,0.522573
2.11795,0.0833818,-0.716535,0.0150986,0.522573
2.1182,0.04361,-0.968504,0.113723,0.522573
2.11845,-0.00431877,-1,0.186116,0.522573
2.1187,-0.12472,-1,0.158254,0.522573
2.11895,-0.323843,-0.850394,0.0082297,0.522573
2.1192,-0.532937,-0.614173,-0.211626,0.522573
2.11945,-0.643964,-0.283465,-0.374736,0.522573
2.1197,-0.57435,0.11811,-0.400683,0.522573
2.11995,-0.322291,0.551181,-0.268163,0.522573
2.1202,0.025336,0.944882,-0.0565757,0.522573
2.12045,0.337154,1,0.134912,0.522573
2.1207,0.507698,1,0.215176,0.522573
2.12095,0.510927,1,0.176817,0.522573
2.1212,0.404213,0.606299,0.0684343,0.522573
2.12145,0.282078,0.125984,-0.00218756,0.522573
2.1217,0.211911,-0.322835,0.0215639,0.522573
2.12195,0.192105,-0.677165,0.133196,0.522573
2.1222,0.160096,-0.905512,0.230009,0.522573
2.12245,0.0444475,-1,0.243521,0.522573
2.1227,-0.175601,-1,0.108367,0.522573
2.12295,-0.44216,-0.905512,-0.113485,0.522573
2.1232,-0.642988,-0.677165,-0.312258,0.522573
2.12345,-0.675035,-0.314961,-0.407023,0.522573
2.1237,-0.506346,0.141732,-0.326521,0.522573
2.12395,-0.198358,0.622047,-0.142953,0.255782
2.1242,0.125975,1,0.0432885,0.255782
2.12445,0.350376,1,0.149677,0.255782
2.1247,0.425658,1,0.127112,0.255782
2.12495,0.386943,0.937008,0.0474943,0.255782
2.1252,0.31813,0.543307,-0.0237086,0.255782
2.12545,0.289402,0.102362,0.00108483,0.255782
2.1257,0.307627,-0.291339,0.123921,0.255782
2.12595,0.314317,-0.622047,0.250402,0.255782
2.1262,0.229703,-0.866142,0.29882,0.255782
2.12645,0.0160674,-1,0.213219,0.255782
2.1267,-0.284368,-1,0.00423674,0.255782
2.12695,-0.561735,-0.976378,-0.234697,0.255782
2.1272,-0.696901,-0.716535,-0.366627,0.255782
2.12745,-0.628583,-0.307087,-0.35662,0.255782
2.1277,-0.389127,0.19685,-0.204922,0.255782
2.12795,-0.0854474,0.692913,-0.0291344,0.255782
2.1282,0.162578,1,0.0861668,0.255782
2.12845,0.287779,1,0.0852542,0.255782
2.1287,0.304737,1,0.0107693,0.255782
2.12895,0.285762,0.88189,-0.057497,0.255782
2.1292,0.302133,0.519685,-0.0342029,0.255782
2.12945,0.368789,0.125984,0.0857668,0.255782
2.1297,0.43132,-0.23622,0.247884,0.255782
2.12995,0.402248,-0.566929,0.34407,0.255782
2.1302,0.224901,-0.850394,0.302245,0.255782
2.13045,-0.0790699,-1,0.11269,0.255782
2.1307,-0.409134,-1,-0.124379,0.255782
2.13095,-0.636566,-1,-0.302621,0.255782
2.1312,-0.673825,-0.724409,-0.343232,0.255782
2.13145,-0.522498,-0.259843,-0.24059,0.255782
2.1317,-0.268071,0.267717,-0.0811711,0.255782
2.13195,-0.0269021,0.740157,0.0338331,0.255782
2.1322,0.121575,1,0.0466599,0.255782
2.13245,0.174346,1,-0.0268467,0.255782
2.1327,0.192182,1,-0.100725,0.255782
2.13295,0.247052,0.84252,-0.0951193,0.255782
2.1332,0.362384,0.535433,0.0297466,0.255782
2.13345,0.48943,0.181102,0.214969,0.255782
2.1337,0.53449,-0.173228,0.35358,0.255782
2.13395,0.421338,-0.543307,0.3701,0.255782
2.1342,0.146877,-0.88189,0.226105,0.255782
2.13445,-0.204481,-1,-0.0131006,0.255782
2.13471,-0.502072,-1,-0.214652,0.255782
2.13496,-0.637642,-1,-0.301916,0.255782
2.13521,-0.582711,-0.685039,-0.249573,0.255782
2.13546,-0.397808,-0.188976,-0.116926,0.255782
2.13571,-0.189846,0.322835,-0.00154763,0.255782
2.13596,-0.0448434,0.755906,0.0189331,0.255782
2.13621,0.0195323,1,-0.0582573,0.255782
2.13646,0.0542369,1,-0.143699,0.255782
2.13671,0.132012,1,-0.152884,0.255782
2.13696,0.285919,0.850394,-0.046177,0.255782
2.13721,0.475612,0.582677,0.146108,0.255782
2.13746,0.604162,0.244094,0.334643,0.255782
2.13771,0.57682,-0.141732,0.406434,0.255782
2.13796,0.363546,-0.566929,0.31689,0.255782
2.13821,0.0257598,-0.944882,0.109261,0.255782
2.13846,-0.311901,-1,-0.106262,0.255782
2.13871,-0.527195,-1,-0.234315,0.255782
2.13896,-0.564816,-1,-0.226591,0.255782
2.13921,-0.458983,-0.629921,-0.119328,0.255782
2.13946,-0.302811,-0.125984,-0.0227551,0.255782
2.13971,-0.18433,0.346457,-0.00562201,0.255782
2.13996,-0.13212,0.724409,-0.0800491,0.255782
2.14021,-0.103785,0.96063,-0.184483,0.255782
2.14046,-0.0252471,1,-0.224791,0.255782
2.14071,0.148013,1,-0.1385,0.255782
2.14096,0.38759,0.889764,0.0520459,0.255782
2.14121,0.597855,0.645669,0.271268,0.255782
2.14146,0.668398,0.291339,0.398999,0.255782
2.14171,0.541589,-0.149606,0.367307,0.255782
2.14196,0.251169,-0.622047,0.205423,0.255782
2.14221,-0.0921788,-1,-0.00139704,0.255782
2.14246,-0.360079,-1,-0.146549,0.255782
2.14271,-0.475265,-1,-0.170741,0.255782
2.14296,-0.446612,-0.968504,-0.099045,0.255782
2.14321,-0.350813,-0.559055,-0.0119452,0.255782
2.14346,-0.27418,-0.0944882,0.0106012,0.255782
2.14371,-0.253564,0.330709,-0.0717883,0.255782
2.14396,-0.254196,0.669291,-0.19773,0.255782
2.14421,-0.199814,0.905512,-0.284245,0.255782
2.14446,-0.032685,1,-0.23341,0.255782
2.14471,0.234445,1,-0.059097,0.255782
2.14496,0.512837,0.952756,0.180628,0.255782
2.14521,0.681607,0.700787,0.354451,0.255782
2.14546,0.656996,0.299213,0.38688,0.255782
2.14571,0.44218,-0.188976,0.265743,0.255782
2.14596,0.127157,-0.685039,0.0782251,0.255782
2.14621,-0.161641,-1,-0.0737897,0.255782
2.14646,-0.33092,-1,-0.118923,0.255782
2.14671,-0.366825,-1,-0.0592962,0.255782
2.14696,-0.329153,-0.905512,0.0211043,0.255782
2.14721,-0.300077,-0.519685,0.0418123,0.255782
2.14746,-0.322935,-0.102362,-0.0353273,0.255782
2.14771,-0.37016,0.283465,-0.180725,0.255782
2.14796,-0.363293,0.614173,-0.307267,0.255782
2.14821,-0.230658,0.88189,-0.307967,0.255782
2.14846,0.0350654,1,-0.159801,0.255782
2.14871,0.35796,1,0.0726413,0.255782
2.14896,0.613072,1,0.2778,0.255782
2.14921,0.694496,0.716535,0.359081,0.255782
2.14946,0.574278,0.259843,0.296796,0.255782
2.14971,0.316667,-0.259843,0.137406,0.255782
2.14996,0.0392156,-0.748031,-0.0136733,0.255782
2.15021,-0.15596,-1,-0.0743457,0.255782
2.15046,-0.235972,-1,-0.0354569,0.255782
2.15071,-0.244312,-1,0.0565539,0.255782
2.15096,-0.258156,-0.858268,0.089621,0.255782
2.15121,-0.326619,-0.511811,0.0133491,0.255782
2.15146,-0.429848,-0.141732,-0.14686,0.255782
2.15171,-0.488604,0.220472,-0.304208,0.255782
2.15196,-0.41668,0.574803,-0.35994,0.255782
2.15221,-0.184102,0.889764,-0.265722,0.255782
2.15246,0.15229,1,-0.0488823,0.255782
2.15271,0.470959,1,0.181603,0.255782
2.15296,0.649773,1,0.316535,0.255782
2.15321,0.631541,0.692913,0.296161,0.255782
2.15346,0.452058,0.204724,0.178985,0.255782
2.15371,0.213677,-0.322835,0.0286719,0.255782
2.15396,0.0212369,-0.771654,-0.0394872,0.255782
2.15421,-0.0779293,-1,-0.0028449,0.255782
2.15446,-0.112679,-1,0.0875809,0.255782
2.15471,-0.155675,-1,0.139429,0.255782
2.15496,-0.26156,-0.84252,0.071632,0.255782
2.15521,-0.420075,-0.551181,-0.0878626,0.255782
2.15546,-0.553455,-0.204724,-0.284704,0.255782
2.15571,-0.56262,0.173228,-0.39281,0.255782
2.15596,-0.39316,0.574803,-0.347527,0.255782
2.15621,-0.0775809,0.937008,-0.158989,0.255782
2.15646,0.273937,1,0.0714057,0.255782
2.15671,0.530161,1,0.235398,0.255782
2.15696,0.60885,1,0.271653,0.255782
2.15721,0.51712,0.645669,0.182621,0.255782
2.15746,0.337763,0.133858,0.055681,0.255782
2.15771,0.17282,-0.362205,-0.0101979,0.255782
2.15796,0.0796405,-0.76378,0.0230628,0.255782
2.15821,0.0415643,-1,0.120197,0.255782
2.15846,-0.00956446,-1,0.191589,0.255782
2.15871,-0.135652,-1,0.159756,0.255782
2.15896,-0.338086,-0.866142,-0.00310742,0.255782
2.15921,-0.544297,-0.606299,-0.219855,0.255782
2.15947,-0.645478,-0.251969,-0.379375,0.255782
2.15972,-0.563088,0.165354,-0.401486,0.255782
2.15997,-0.301261,0.614173,-0.26143,0.255782
2.16022,0.0480351,1,-0.0428845,0.255782
2.16047,0.353194,1,0.13736,0.255782
2.16072,0.512681,1,0.209221,0.255782
2.16097,0.506419,0.992126,0.158395,0.255782
2.16122,0.395739,0.574803,0.0560591,0.255782
2.16147,0.275613,0.0866142,-0.0070634,0.255782
2.16172,0.209509,-0.362205,0.0301646,0.255782
2.16197,0.191241,-0.716535,0.143957,0.255782
2.16222,0.155747,-0.944882,0.245211,0.255782
2.16247,0.0332068,-1,0.240806,0.255782
2.16272,-0.192399,-1,0.102074,0.255782
2.16297,-0.45838,-0.913386,-0.123224,0.255782
2.16322,-0.651014,-0.661417,-0.319466,0.255782
2.16347,-0.669983,-0.275591,-0.40004,0.255782
2.16372,-0.489428,0.188976,-0.318102,0.255782
2.16397,-0.176526,0.677165,-0.131006,0.255782
2.16422,0.144414,1,0.0475225,0.255782
2.16447,0.359743,1,0.141883,0.255782
2.16472,0.425843,1,0.121157,0.255782
2.16497,0.382375,0.929134,0.0264789,0.255782
2.16522,0.314618,0.527559,-0.0244418,0.255782
2.16547,0.289461,0.0787402,0.00601937,0.255782
2.16572,0.309363,-0.322835,0.127513,0.255782
2.16597,0.312348,-0.661417,0.262457,0.255782
2.16622,0.219837,-0.905512,0.299268,0.255782
2.16647,-0.00158665,-1,0.205935,0.255782
2.16672,-0.304403,-1,-0.0141308,0.255782
2.16697,-0.575938,-0.976378,-0.241415,0.255782
2.16722,-0.698794,-0.692913,-0.366169,0.255782
2.16747,-0.617394,-0.259843,-0.340176,0.255782
2.16772,-0.370132,0.251969,-0.191938,0.255782
2.16797,-0.066684,0.740157,-0.0149966,0.255782
2.16822,0.174621,1,0.0887615,0.255782
2.16847,0.291681,1,0.0781192,0.255782
2.16872,0.303696,1,0.00167918,0.255782
2.16897,0.285277,0.866142,-0.0639976,0.255782
2.16922,0.305164,0.496063,-0.033955,0.255782
2.16947,0.373906,0.102362,0.0961898,0.255782
2.16972,0.433098,-0.267717,0.258609,0.255782
2.16997,0.395556,-0.606299,0.33975,0.255782
2.17022,0.20824,-0.889764,0.290681,0.255782
2.17047,-0.101044,-1,0.099336,0.255782
2.17072,-0.428348,-1,-0.135562,0.255782
2.17097,-0.645188,-1,-0.309197,0.255782
2.17122,-0.669162,-0.692913,-0.342037,0.255782
2.17147,-0.507891,-0.212598,-0.229645,0.255782
2.17172,-0.250965,0.314961,-0.0770269,0.255782
2.17197,-0.0139519,0.779528,0.0329806,0.255782
2.17222,0.127584,1,0.0476244,0.255782
2.17247,0.17561,1,-0.0333121,0.255782
2.17272,0.193942,1,-0.100649,0.255782
2.17297,0.252819,0.84252,-0.091767,0.255782
2.17322,0.371164,0.519685,0.0406596,0.255782
2.17347,0.495845,0.15748,0.221725,0.255782
2.17372,0.532431,-0.212598,0.357879,0.255782
2.17397,0.407903,-0.590551,0.360984,0.255782
2.17422,0.125266,-0.929134,0.216605,0.255782
2.17447,-0.226798,-1,-0.0242722,0.255782
2.17472,-0.516486,-1,-0.226984,0.255782
2.17497,-0.639589,-1,-0.306477,0.255782
2.17522,-0.573595,-0.653543,-0.24589,0.255782
2.17547,-0.383898,-0.149606,-0.109907,0.255782
2.17572,-0.177893,0.362205,0.000814757,0.255782
2.17597,-0.0385108,0.787402,0.00967367,0.255782
2.17622,0.021784,1,-0.0685526,0.255782
2.17647,0.0572088,1,-0.151654,0.255782
2.17672,0.139674,1,-0.15624,0.255782
2.17697,0.297957,0.84252,-0.0419143,0.255782
2.17722,0.486909,0.566929,0.159317,0.255782
2.17747,0.60789,0.212598,0.342696,0.255782
2.17772,0.568492,-0.181102,0.405432,0.255782
2.17797,0.344411,-0.614173,0.300916,0.255782
2.17822,0.00242473,-0.984252,0.0947244,0.255782
2.17847,-0.330504,-1,-0.121159,0.255782
2.17872,-0.535154,-1,-0.230009,0.255782
2.17897,-0.561492,-1,-0.214515,0.255782
2.17922,-0.44934,-0.598425,-0.11755,0.255782
2.17947,-0.293301,-0.0944882,-0.0168038,0.255782
2.17972,-0.179083,0.385827,-0.00984139,0.255782
2.17997,-0.130316,0.755906,-0.080958,0.255782
2.18022,-0.101072,0.984252,-0.187779,0.255782
2.18047,-0.0169313,1,-0.233304,0.255782
2.18072,0.162333,1,-0.133257,0.255782
2.18097,0.403316,0.889764,0.0642349,0.255782
2.18122,0.607622,0.629921,0.282813,0.255782
2.18147,0.666333,0.259843,0.401641,0.255782
2.18172,0.526928,-0.19685,0.365213,0.255782
2.18197,0.229108,-0.669291,0.195738,0.255782
2.18222,-0.113052,-1,-0.0130962,0.255782
2.18247,-0.372591,-1,-0.153271,0.255782
2.18272,-0.477219,-1,-0.171481,0.255782
2.18297,-0.441453,-0.952756,-0.0868492,0.255782
2.18322,-0.344491,-0.535433,-0.00174871,0.255782
2.18347,-0.271172,-0.0629921,0.0083619,0.255782
2.18372,-0.253668,0.362205,-0.0769187,0.255782
2.18397,-0.253171,0.700787,-0.203596,0.255782
2.18423,-0.192612,0.929134,-0.28099,0.255782
2.18448,-0.0178582,1,-0.226215,0.255782
2.18473,0.253304,1,-0.0498335,0.255782
2.18498,0.528243,0.952756,0.188861,0.255782
2.18523,0.686361,0.677165,0.352904,0.255782
2.18548,0.648309,0.259843,0.382627,0.255782
2.18573,0.423418,-0.23622,0.254316,0.255782
2.18598,0.106262,-0.732283,0.0669694,0.255782
2.18623,-0.176756,-1,-0.0814396,0.255782
2.18648,-0.336881,-1,-0.116301,0.255782
2.18673,-0.365725,-1,-0.0572309,0.255782
2.18698,-0.326174,-0.889764,0.0221759,0.255782
2.18723,-0.299894,-0.496063,0.0462143,0.255782
2.18748,-0.325867,-0.0787402,-0.0426521,0.255782
2.18773,-0.372299,0.307087,-0.190113,0.255782
2.18798,-0.359033,0.645669,-0.307024,0.255782
2.18823,-0.217132,0.905512,-0.3047,0.255782
2.18848,0.0554314,1,-0.15595,0.255782
2.18873,0.377825,1,0.0860478,0.255782
2.18898,0.624398,1,0.28259,0.255782
2.18923,0.692588,0.692913,0.36393,0.255782
2.18948,0.560586,0.228346,0.289442,0.255782
2.18973,0.297982,-0.307087,0.125841,0.255782
2.18998,0.0233759,-0.787402,-0.025759,0.255782
2.19023,-0.164443,-1,-0.0750377,0.255782
2.19048,-0.237901,-1,-0.0208474,0.255782
2.19073,-0.244256,-1,0.0588741,0.255782
2.19098,-0.260771,-0.84252,0.0900415,0.255782
2.19123,-0.332844,-0.496063,0.0026103,0.255782
2.19148,-0.436088,-0.11811,-0.15906,0.255782
2.19173,-0.488622,0.251969,-0.318205,0.255782
2.19198,-0.406392,0.614173,-0.365276,0.255782
2.19223,-0.16442,0.92126,-0.254571,0.255782
2.19248,0.174932,1,-0.0350647,0.255782
2.19273,0.487915,1,0.196559,0.255782
2.19298,0.654685,1,0.312904,0.255782
2.19323,0.623904,0.661417,0.292974,0.255782
2.19348,0.437126,0.165354,0.16563,0.255782
2.19373,0.198995,-0.362205,0.0308136,0.255782
2.19398,0.0119815,-0.80315,-0.0381969,0.255782
2.19423,-0.0815813,-1,0.00920204,0.255782
2.19448,-0.114514,-1,0.0941528,0.255782
2.19473,-0.160275,-1,0.142516,0.255782
2.19498,-0.270728,-0.834646,0.0678399,0.255782
2.19523,-0.430598,-0.535433,-0.0991441,0.255782
2.19548,-0.558723,-0.181102,-0.289632,0.255782
2.19573,-0.557218,0.204724,-0.389488,0.255782
2.19598,-0.37621,0.614173,-0.343162,0.255782
2.19623,-0.054448,0.968504,-0.151607,0.255782
2.19648,0.294661,1,0.080364,0.255782
2.19673,0.541004,1,0.242104,0.255782
2.19698,0.607501,1,0.265463,0.255782
2.19723,0.506976,0.614173,0.17076,0.255782
2.19748,0.325748,0.102362,0.0569898,0.255782
2.19773,0.164354,-0.393701,-0.00494818,0.255782
2.19798,0.0759683,-0.787402,0.0320842,0.255782
2.19823,0.039486,-1,0.135842,0.255782
2.19848,-0.0149704,-1,0.197865,0.255782
2.19873,-0.146824,-1,0.157159,0.255782
2.19898,-0.352441,-0.858268,-0.0172616,0.255782
2.19923,-0.555114,-0.590551,-0.234127,0.255782
2.19948,-0.646103,-0.228346,-0.387178,0.255782
2.19973,-0.550932,0.19685,-0.395024,0.255782
2.19998,-0.280047,0.653543,-0.249574,0.255782
2.20023,0.0705063,1,-0.0295636,0.255782
2.20048,0.368561,1,0.147593,0.255782
2.20073,0.516984,1,0.204667,0.255782
2.20098,0.50137,0.968504,0.147947,0.255782
2.20123,0.387326,0.543307,0.0538608,0.255782
2.20148,0.269341,0.0629921,-0.00945697,0.255782
2.20173,0.207414,-0.385827,0.0389875,0.255782
2.20198,0.190321,-0.732283,0.152854,0.255782
2.20223,0.151089,-0.96063,0.242903,0.255782
2.20248,0.0215001,-1,0.236021,0.255782
2.20273,-0.209544,-1,0.0888796,0.255782
2.20298,-0.474437,-0.913386,-0.138981,0.255782
2.20323,-0.658227,-0.645669,-0.328902,0.255782
2.20348,-0.66409,-0.244094,-0.399568,0.255782
2.20373,-0.472094,0.228346,-0.30863,0.255782
2.20398,-0.154569,0.716535,-0.121936,0.255782
2.20423,0.162436,1,0.0614207,0.255782
2.20448,0.368595,1,0.144493,0.255782
2.20473,0.425556,1,0.115856,0.255782
2.20498,0.377855,0.905512,0.026772,0.255782
2.20523,0.311264,0.496063,-0.0307941,0.255782
2.20548,0.289813,0.0551181,0.00892404,0.255782
2.20573,0.310944,-0.346457,0.136383,0.255782
2.20598,0.310048,-0.677165,0.270779,0.255782
2.20623,0.209256,-0.92126,0.301466,0.255782
2.20648,-0.0197742,-1,0.19562,0.255782
2.20673,-0.324315,-1,-0.0301147,0.255782
2.20698,-0.589366,-0.968504,-0.253429,0.255782
2.20723,-0.699797,-0.669291,-0.374618,0.255782
2.20748,-0.605552,-0.220472,-0.335068,0.255782
2.20773,-0.350802,0.291339,-0.183763,0.255782
2.20798,-0.048025,0.771654,-0.00397525,0.255782
2.20823,0.186243,1,0.0925843,0.255782
2.20848,0.294932,1,0.0753587,0.255782
2.20873,0.302535,1,-0.00372574,0.255782
2.20899,0.284868,0.850394,-0.059247,0.255782
2.20924,0.308451,0.480315,-0.023876,0.255782
2.20949,0.378911,0.0787402,0.102292,0.255782
2.20974,0.434468,-0.291339,0.261907,0.255782
2.20999,0.388057,-0.637795,0.350906,0.255782
2.21024,0.1912,-0.92126,0.283669,0.255782
2.21049,-0.123079,-1,0.0885326,0.255782
2.21074,-0.446905,-1,-0.14757,0.255782
2.21099,-0.652997,-1,-0.315022,0.255782
2.21124,-0.663747,-0.661417,-0.335447,0.255782
2.21149,-0.492928,-0.173228,-0.221014,0.255782
2.21174,-0.233796,0.346457,-0.0668099,0.255782
2.21199,-0.00155073,0.811024,0.0341557,0.255782
2.21224,0.132992,1,0.0338,0.255782
2.21249,0.176845,1,-0.039416,0.255782
2.21274,0.195961,1,-0.108672,0.255782
2.21299,0.258869,0.818898,-0.0831535,0.255782
2.21324,0.379916,0.496063,0.0506652,0.255782
2.21349,0.501939,0.133858,0.235897,0.255782
2.21374,0.529694,-0.23622,0.369878,0.255782
2.21399,0.393904,-0.622047,0.358008,0.255782
2.21424,0.103264,-0.952756,0.197242,0.255782
2.21449,-0.248751,-1,-0.0389562,0.255782
2.21474,-0.530306,-1,-0.235089,0.255782
2.21499,-0.640797,-1,-0.303506,0.255782
2.21524,-0.564041,-0.622047,-0.238562,0.255782
2.21549,-0.369882,-0.110236,-0.096899,0.255782
2.21574,-0.166357,0.393701,-0.00296674,0.255782
2.21599,-0.0325841,0.80315,0.00972315,0.255782
2.21624,0.0240201,1,-0.0730117,0.255782
2.21649,0.0605882,1,-0.152256,0.255782
2.21674,0.147757,1,-0.152018,0.255782
2.21699,0.310133,0.834646,-0.034202,0.255782
2.21724,0.498011,0.543307,0.169564,0.255782
2.21749,0.610959,0.188976,0.353696,0.255782
2.21774,0.55936,-0.220472,0.405174,0.255782
2.21799,0.324688,-0.645669,0.291449,0.255782
2.21824,-0.0208948,-1,0.0801798,0.255782
2.21849,-0.348717,-1,-0.13188,0.255782
2.21874,-0.542226,-1,-0.231026,0.255782
2.21899,-0.557598,-0.976378,-0.214429,0.255782
2.21924,-0.439416,-0.559055,-0.105225,0.255782
2.21949,-0.284038,-0.0551181,-0.0104385,0.255782
2.21974,-0.174169,0.409449,-0.0100162,0.255782
2.21999,-0.128583,0.771654,-0.0867026,0.255782
2.22024,-0.0979069,0.992126,-0.201191,0.255782
2.22049,-0.00833562,1,-0.226175,0.255782
2.22074,0.176799,1,-0.127362,0.255782
2.22099,0.418935,0.874016,0.0845787,0.255782
2.22124,0.616843,0.598425,0.288537,0.255782
2.22149,0.66339,0.220472,0.402235,0.255782
2.22174,0.511434,-0.23622,0.351305,0.255782
2.22199,0.206843,-0.700787,0.182804,0.255782
2.22224,-0.133509,-1,-0.0249824,0.255782
2.22249,-0.38431,-1,-0.155008,0.255782
2.22274,-0.478541,-1,-0.16765,0.255782
2.22299,-0.43594,-0.92126,-0.0808512,0.255782
2.22324,-0.338351,-0.496063,-0.00367073,0.255782
2.22349,-0.268395,-0.0314961,0.00659621,0.255782
2.22374,-0.253855,0.385827,-0.0872894,0.255782
2.22399,-0.251902,0.716535,-0.217803,0.19903
2.22424,-0.185076,0.944882,-0.2822,0.19903
2.22449,-0.00262759,1,-0.222296,0.19903
2.22474,0.27228,1,-0.0308992,0.19903
2.22499,0.543286,0.929134,0.203573,0.19903
2.22524,0.69023,0.637795,0.370684,0.19903
2.22549,0.638723,0.212598,0.373284,0.19903
2.22574,0.404433,-0.283465,0.241682,0.19903
2.22599,0.0857179,-0.755906,0.0540226,0.19903
2.22624,-0.191346,-1,-0.0829796,0.19903
2.22649,-0.342324,-1,-0.117097,0.19903
2.22674,-0.364324,-1,-0.0544679,0.19903
2.22699,-0.323392,-0.858268,0.0247909,0.19903
2.22724,-0.299967,-0.464567,0.0323237,0.19903
2.22749,-0.329012,-0.0472441,-0.0617684,0.19903
2.22774,-0.374168,0.330709,-0.205225,0.19903
2.22799,-0.354274,0.661417,-0.322197,0.19903
2.22824,-0.20304,0.92126,-0.304291,0.19903
2.22849,0.076059,1,-0.140041,0.19903
2.22874,0.397547,1,0.0985816,0.19903
2.22899,0.634945,0.976378,0.299541,0.19903
2.22924,0.689778,0.653543,0.364038,0.19903
2.22949,0.546458,0.181102,0.282729,0.19903
2.22974,0.279348,-0.338583,0.119785,0.19903
2.22999,0.00788946,-0.80315,-0.0275623,0.19903
2.23024,-0.172583,-1,-0.0748489,0.19903
2.23049,-0.23956,-1,-0.022707,0.19903
2.23074,-0.244251,-1,0.0628254,0.19903
2.23099,-0.263617,-0.818898,0.0789013,0.19903
2.23124,-0.339269,-0.472441,-0.00976321,0.19903
2.23149,-0.442024,-0.0944882,-0.179193,0.19903
2.23174,-0.488133,0.275591,-0.32483,0.19903
2.23199,-0.395283,0.629921,-0.360688,0.19903
2.23224,-0.144252,0.937008,-0.242812,0.19903
2.23249,0.197445,1,-0.0218049,0.19903
2.23274,0.504077,1,0.206318,0.19903
2.23299,0.658678,1,0.319728,0.19903
2.23324,0.61559,0.622047,0.290393,0.19903
2.23349,0.422078,0.11811,0.158257,0.19903
2.23375,0.184412,-0.393701,0.0246346,0.19903
2.234,0.00301227,-0.818898,-0.0361779,0.19903
2.23425,-0.0847583,-1,0.0102173,0.19903
2.2345,-0.116203,-1,0.104841,0.19903
2.23475,-0.165214,-1,0.139205,0.19903
2.235,-0.280168,-0.811024,0.0562059,0.19903
2.23525,-0.440905,-0.503937,-0.119961,0.19903
2.2355,-0.563473,-0.149606,-0.308066,0.19903
2.23575,-0.550975,0.244094,-0.395365,0.19903
2.236,-0.358805,0.645669,-0.329833,0.19903
2.23625,-0.0312211,0.984252,-0.132882,0.19903
2.2365,0.314857,1,0.0904376,0.19903
2.23675,0.551074,1,0.247714,0.19903
2.237,0.605411,0.976378,0.263568,0.19903
2.23725,0.496589,0.566929,0.168734,0.19903
2.2375,0.313722,0.0551181,0.0498796,0.19903
2.23775,0.1563,-0.425197,-0.00788355,0.19903
2.238,0.072717,-0.795276,0.0406506,0.19903
2.23825,0.0374254,-1,0.144033,0.19903
2.2385,-0.0207816,-1,0.202184,0.19903
2.23875,-0.158441,-1,0.140025,0.19903
2.239,-0.366763,-0.834646,-0.030415,0.19903
2.23925,-0.565548,-0.559055,-0.249508,0.19903
2.2395,-0.646004,-0.188976,-0.3867,0.19903
2.23975,-0.538125,0.23622,-0.391401,0.19903
2.24,-0.258397,0.685039,-0.234595,0.19903
2.24025,0.0926566,1,-0.019153,0.19903
2.2405,0.383414,1,0.153909,0.19903
2.24075,0.520611,1,0.207236,0.19903
2.241,0.496042,0.929134,0.144008,0.19903
2.24125,0.378826,0.503937,0.0415855,0.19903
2.2415,0.263387,0.023622,-0.00562962,0.19903
2.24175,0.205469,-0.409449,0.0444091,0.19903
2.242,0.189407,-0.748031,0.159351,0.19903
2.24225,0.145837,-0.968504,0.245449,0.19903
2.2425,0.00922484,-1,0.235117,0.19903
2.24275,-0.226687,-1,0.073655,0.19903
2.243,-0.490001,-0.889764,-0.153675,0.19903
2.24325,-0.664723,-0.606299,-0.340639,0.19903
2.2435,-0.657353,-0.204724,-0.397771,0.19903
2.24375,-0.454134,0.275591,-0.298617,0.19903
2.244,-0.132604,0.740157,-0.106394,0.19903
2.24425,0.180042,1,0.0663282,0.19903
2.2445,0.376647,1,0.152511,0.19903
2.24475,0.424815,1,0.1137,0.19903
2.245,0.373125,0.866142,0.0197256,0.19903
2.24525,0.308159,0.456693,-0.0224501,0.19903
2.2455,0.290324,0.023622,0.0183575,0.19903
2.24575,0.312447,-0.370079,0.149859,0.19903
2.246,0.307118,-0.692913,0.270033,0.19903
2.24625,0.198246,-0.929134,0.296888,0.19903
2.2465,-0.0381282,-1,0.183116,0.19903
2.24675,-0.343967,-1,-0.0445291,0.19903
2.247,-0.602197,-0.944882,-0.263373,0.19903
2.24725,-0.699908,-0.629921,-0.379049,0.19903
2.2475,-0.592898,-0.181102,-0.338778,0.19903
2.24775,-0.331284,0.330709,-0.170765,0.19903
2.248,-0.0298478,0.795276,-0.0039614,0.19903
2.24825,0.197173,1,0.0927238,0.19903
2.2485,0.297821,1,0.0712213,0.19903
2.24875,0.301178,1,-0.0111785,0.19903
2.249,0.284708,0.818898,-0.0648238,0.19903
2.24925,0.311934,0.448819,-0.0212035,0.19903
2.2495,0.383906,0.0551181,0.121455,0.19903
2.24975,0.435389,-0.314961,0.273212,0.19903
2.25,0.380044,-0.653543,0.347887,0.19903
2.25025,0.173598,-0.929134,0.277638,0.19903
2.2505,-0.145069,-1,0.0753801,0.19903
2.25075,-0.465122,-1,-0.16863,0.19903
2.251,-0.659982,-0.976378,-0.326796,0.19903
2.25125,-0.657489,-0.622047,-0.330755,0.19903
2.2515,-0.477534,-0.133858,-0.215872,0.19903
2.25175,-0.216916,0.385827,-0.0556987,0.19903
2.252,0.0104167,0.826772,0.0433777,0.19903
2.25225,0.138066,1,0.0296008,0.19903
2.2525,0.177992,1,-0.0411355,0.19903
2.25275,0.198207,1,-0.105175,0.19903
2.253,0.265228,0.795276,-0.0753756,0.19903
2.25325,0.388762,0.472441,0.0651938,0.19903
2.2535,0.507576,0.102362,0.252563,0.19903
2.25375,0.526298,-0.267717,0.368588,0.19903
2.254,0.379202,-0.645669,0.350135,0.19903
2.25425,0.0809549,-0.968504,0.183382,0.19903
2.2545,-0.270603,-1,-0.0471417,0.19903
2.25475,-0.543251,-1,-0.242368,0.19903
2.255,-0.6411,-0.968504,-0.299229,0.19903
2.25525,-0.553887,-0.574803,-0.224906,0.19903
2.2555,-0.355926,-0.0708661,-0.0910156,0.19903
2.25575,-0.155118,0.425197,-0.000673292,0.19903
2.256,-0.0268395,0.818898,-0.00109175,0.19903
2.25625,0.0261928,1,-0.0752867,0.19903
2.2565,0.0640061,1,-0.156546,0.19903
2.25675,0.156103,1,-0.150072,0.19903
2.257,0.322451,0.80315,-0.0115219,0.19903
2.25725,0.5087,0.519685,0.192379,0.19903
2.2575,0.613248,0.15748,0.363658,0.19903
2.25775,0.549336,-0.244094,0.405741,0.19903
2.258,0.304444,-0.669291,0.285592,0.19903
2.25826,-0.0441102,-1,0.0701813,0.19903
2.25851,-0.366172,-1,-0.141296,0.19903
2.25876,-0.548543,-1,-0.242824,0.19903
2.25901,-0.553044,-0.937008,-0.211772,0.19903
2.25926,-0.429436,-0.511811,-0.103343,0.19903
2.25951,-0.274902,-0.015748,-0.00997125,0.19903
2.25976,-0.169428,0.433071,-0.0107644,0.19903
2.26001,-0.126941,0.779528,-0.0976028,0.19903
2.26026,-0.0946898,0.984252,-0.20606,0.19903
2.26051,0.000716083,1,-0.224278,0.19903
2.26076,0.191579,1,-0.108141,0.19903
2.26101,0.434323,0.850394,0.0971775,0.19903
2.26126,0.62533,0.574803,0.303465,0.19903
2.26151,0.659548,0.188976,0.410394,0.19903
2.26176,0.495422,-0.267717,0.346791,0.19903
2.26201,0.184441,-0.724409,0.162227,0.19903
2.26226,-0.153501,-1,-0.0375227,0.19903
2.26251,-0.395346,-1,-0.168292,0.19903
2.26276,-0.47928,-1,-0.16695,0.19903
2.26301,-0.430342,-0.874016,-0.0784529,0.19903
2.26326,-0.332293,-0.456693,-0.0050826,0.19903
2.26351,-0.265902,0,0.00223169,0.19903
2.26376,-0.25411,0.401575,-0.0987853,0.19903
2.26401,-0.250446,0.724409,-0.226834,0.19903
2.26426,-0.176984,0.944882,-0.278509,0.19903
2.26451,0.0131644,1,-0.206669,0.19903
2.26476,0.291336,1,-0.00839322,0.19903
2.26501,0.557657,0.897638,0.223742,0.19903
2.26526,0.693262,0.606299,0.374975,0.19903
2.26551,0.628433,0.173228,0.369926,0.19903
2.26576,0.384992,-0.314961,0.238812,0.19903
2.26601,0.0652837,-0.779528,0.0482078,0.19903
2.26626,-0.205485,-1,-0.0935368,0.19903
2.26651,-0.347252,-1,-0.119822,0.19903
2.26676,-0.362664,-1,-0.0536254,0.19903
2.26701,-0.32058,-0.818898,0.0246868,0.19903
2.26726,-0.300283,-0.433071,0.027541,0.19903
2.26751,-0.332173,-0.023622,-0.0678918,0.19903
2.26776,-0.375859,0.354331,-0.219335,0.19903
2.26801,-0.348766,0.677165,-0.319236,0.19903
2.26826,-0.188245,0.929134,-0.296225,0.19903
2.26851,0.0968476,1,-0.123869,0.19903
2.26876,0.416725,1,0.118704,0.19903
2.26901,0.644696,0.944882,0.30478,0.19903
2.26926,0.686138,0.606299,0.369548,0.19903
2.26951,0.531709,0.133858,0.274567,0.19903
2.26976,0.260528,-0.377953,0.106426,0.19903
2.27001,-0.00726766,-0.818898,-0.0339944,0.19903
2.27026,-0.180053,-1,-0.0721481,0.19903
2.27051,-0.240928,-1,-0.0123214,0.19903
2.27076,-0.24424,-1,0.0651799,0.19903
2.27101,-0.266709,-0.779528,0.0771893,0.19903
2.27126,-0.345773,-0.433071,-0.0270074,0.19903
2.27151,-0.447772,-0.0629921,-0.192633,0.19903
2.27176,-0.48688,0.299213,-0.340199,0.19903
2.27201,-0.383594,0.653543,-0.365025,0.19903
2.27226,-0.123734,0.944882,-0.229253,0.19903
2.27251,0.219712,1,-0.00185166,0.19903
2.27276,0.519641,1,0.221661,0.19903
2.27301,0.661868,0.96063,0.320551,0.19903
2.27326,0.606704,0.574803,0.289119,0.19903
2.27351,0.406706,0.0787402,0.149903,0.19903
2.27376,0.170223,-0.425197,0.0197065,0.19903
2.27401,-0.00539725,-0.834646,-0.0249781,0.19903
2.27426,-0.0877733,-1,0.0184082,0.19903
2.27451,-0.118066,-1,0.107615,0.19903
2.27476,-0.170505,-1,0.135628,0.19903
2.27501,-0.289828,-0.779528,0.0485443,0.19903
2.27526,-0.45115,-0.472441,-0.134444,0.19903
2.27551,-0.5676,-0.11811,-0.32254,0.19903
2.27576,-0.544011,0.267717,-0.403814,0.19903
2.27601,-0.340751,0.661417,-0.32971,0.19903
2.27626,-0.00800859,0.992126,-0.11849,0.19903
2.27651,0.334761,1,0.10785,0.19903
2.27676,0.560428,1,0.249777,0.19903
2.27701,0.602631,0.937008,0.261407,0.19903
2.27726,0.485789,0.519685,0.157307,0.19903
2.27751,0.301932,0.023622,0.0407769,0.19903
2.27776,0.148594,-0.440945,-0.00200662,0.19903
2.27801,0.069608,-0.80315,0.0495907,0.19903
2.27826,0.0350457,-1,0.147154,0.19903
2.27851,-0.0270098,-1,0.198701,0.19903
2.27876,-0.17027,-0.992126,0.132243,0.19903
2.27901,-0.381093,-0.811024,-0.0450894,0.19903
2.27926,-0.575378,-0.527559,-0.257337,0.19903
2.27951,-0.645048,-0.15748,-0.392989,0.19903
2.27976,-0.52453,0.267717,-0.382397,0.19903
2.28001,-0.236415,0.700787,-0.220471,0.19903
2.28026,0.114747,1,-0.00305369,0.19903
2.28051,0.397475,1,0.162295,0.19903
2.28076,0.523498,1,0.205273,0.19903
2.28101,0.490173,0.88189,0.146221,0.19903
2.28126,0.370428,0.464567,0.045849,0.19903
2.28151,0.257693,-0.00787402,0.000965943,0.19903
2.28176,0.203697,-0.433071,0.0455745,0.19903
2.28201,0.188166,-0.755906,0.162709,0.19903
2.28226,0.140363,-0.96063,0.25234,0.19903
2.28251,-0.00337614,-1,0.221899,0.19903
2.28276,-0.244039,-1,0.0585789,0.19903
2.28302,-0.505284,-0.858268,-0.17325,0.19903
2.28327,-0.670373,-0.566929,-0.357781,0.19903
2.28352,-0.649693,-0.165354,-0.398692,0.19903
2.28377,-0.435659,0.307087,-0.287758,0.19903
2.28402,-0.110703,0.755906,-0.0991933,0.19903
2.28427,0.197054,1,0.0836334,0.19903
2.28452,0.384083,1,0.148709,0.19903
2.28477,0.423552,1,0.107455,0.19903
2.28502,0.368483,0.826772,0.0170622,0.19903
2.28527,0.305248,0.417323,-0.026081,0.19903
2.28552,0.291028,0,0.0342505,0.19903
2.28577,0.313829,-0.385827,0.162272,0.19903
2.28602,0.303927,-0.700787,0.283878,0.19903
2.28627,0.18666,-0.929134,0.296573,0.19903
2.28652,-0.0568585,-1,0.170215,0.19903
2.28677,-0.363602,-1,-0.057033,0.19903
2.28702,-0.614308,-0.905512,-0.277549,0.19903
2.28727,-0.699124,-0.590551,-0.378573,0.19903
2.28752,-0.579693,-0.141732,-0.32725,0.19903
2.28777,-0.311588,0.362205,-0.161843,0.19903
2.28802,-0.0119481,0.811024,0.00400238,0.19903
2.28827,0.207562,1,0.0900465,0.19903
2.28852,0.300314,1,0.0706649,0.19903
2.28877,0.299923,1,-0.0101843,0.19903
2.28902,0.284752,0.779528,-0.0568686,0.19903
2.28927,0.315661,0.409449,-0.00582252,0.19903
2.28952,0.38878,0.023622,0.138957,0.19903
2.28977,0.435938,-0.338583,0.287736,0.19903
2.29002,0.371338,-0.661417,0.351302,0.19903
2.29027,0.155423,-0.929134,0.270129,0.19903
2.29052,-0.167277,-1,0.0589355,0.19903
2.29077,-0.482627,-1,-0.183976,0.19903
2.29102,-0.666075,-0.937008,-0.328692,0.19903
2.29127,-0.650519,-0.574803,-0.330668,0.19903
2.29152,-0.461895,-0.0866142,-0.207163,0.19903
2.29177,-0.200123,0.417323,-0.0560719,0.19903
2.29202,0.0220503,0.834646,0.0386345,0.19903
2.29227,0.142803,1,0.0297806,0.19903
2.29252,0.179043,1,-0.046912,0.19903
2.29277,0.200644,1,-0.107483,0.19903
2.29302,0.271818,0.755906,-0.0624995,0.19903
2.29327,0.397523,0.440945,0.0849826,0.19903
2.29352,0.51288,0.0787402,0.26447,0.19903
2.29377,0.522042,-0.291339,0.382062,0.19903
2.29402,0.363753,-0.661417,0.349165,0.19903
2.29427,0.0584429,-0.968504,0.170602,0.19903
2.29452,-0.291907,-1,-0.066321,0.19903
2.29477,-0.555468,-1,-0.24826,0.19903
2.29502,-0.640644,-0.929134,-0.303715,0.19903
2.29527,-0.543348,-0.527559,-0.224209,0.19903
2.29552,-0.341839,-0.0314961,-0.0842451,0.19903
2.29577,-0.144141,0.448819,0.000320435,0.19903
2.29602,-0.0216031,0.826772,0.000818119,0.19903
2.29627,0.0281757,1,-0.0910167,0.19903
2.29652,0.0677444,1,-0.167013,0.19903
2.29677,0.164786,0.984252,-0.14466,0.19903
2.29702,0.334847,0.779528,0.00135656,0.19903
2.29727,0.519137,0.488189,0.20897,0.19903
2.29752,0.61482,0.125984,0.372976,0.19903
2.29777,0.538619,-0.275591,0.397796,0.19903
2.29802,0.28378,-0.692913,0.269408,0.19903
2.29827,-0.0671131,-1,0.0511742,0.19903
2.29852,-0.383065,-1,-0.148925,0.19903
2.29877,-0.55414,-1,-0.244055,0.19903
2.29902,-0.548068,-0.889764,-0.206605,0.19903
2.29927,-0.419242,-0.464567,-0.0999033,0.19903
2.29952,-0.266081,0.00787402,-0.0126411,0.19903
2.29977,-0.165103,0.448819,-0.0177306,0.19903
2.30002,-0.125444,0.787402,-0.11213,0.19903
2.30027,-0.0911086,0.984252,-0.210449,0.19903
2.30052,0.0102861,1,-0.221993,0.19903
2.30077,0.20663,0.984252,-0.104035,0.19903
2.30102,0.449546,0.818898,0.116365,0.19903
2.30127,0.633214,0.535433,0.318344,0.19903
2.30152,0.654881,0.149606,0.411487,0.19903
2.30177,0.478704,-0.299213,0.342726,0.19903
2.30202,0.162022,-0.740157,0.155864,0.19903
2.30227,-0.173255,-1,-0.048046,0.19903
2.30252,-0.405791,-1,-0.166953,0.19903
2.30277,-0.479433,-1,-0.166513,0.19903
2.30302,-0.424397,-0.834646,-0.0742537,0.19903
2.30327,-0.326442,-0.417323,-0.0033023,0.19903
2.30352,-0.263689,0.015748,-0.00658596,0.19903
2.30377,-0.254498,0.417323,-0.106452,0.19903
2.30402,-0.248481,0.732283,-0.232695,0.19903
2.30427,-0.168293,0.937008,-0.279088,0.19903
2.30452,0.0292008,1,-0.202174,0.19903
2.30477,0.310173,1,0.00669402,0.19903
2.30502,0.57155,0.874016,0.231533,0.19903
2.30527,0.695399,0.566929,0.379926,0.19903
2.30552,0.617315,0.133858,0.370901,0.19903
2.30577,0.365232,-0.346457,0.220417,0.19903
2.30602,0.0450361,-0.795276,0.0369317,0.19903
2.30627,-0.218941,-1,-0.0977195,0.19903
2.30652,-0.351579,-1,-0.12146,0.19903
2.30677,-0.360664,-1,-0.0441857,0.19903
2.30702,-0.317948,-0.779528,0.0246333,0.19903
2.30727,-0.300837,-0.393701,0.0185176,0.19903
2.30752,-0.335425,0,-0.0795914,0.19903
2.30778,-0.377062,0.370079,-0.2301,0.19903
2.30803,-0.342842,0.685039,-0.328432,0.19903
2.30828,-0.173042,0.929134,-0.285571,0.19903
2.30853,0.117713,1,-0.108132,0.19903
2.30878,0.435601,1,0.131013,0.19903
2.30903,0.653635,0.905512,0.317701,0.19903
2.30928,0.681606,0.566929,0.362907,0.19903
2.30953,0.516499,0.0944882,0.271658,0.19903
2.30978,0.241908,-0.401575,0.0954688,0.19903
2.31003,-0.0219138,-0.826772,-0.0401592,0.19903
2.31028,-0.187077,-1,-0.0702246,0.19903
2.31053,-0.241953,-1,-0.00761916,0.19903
2.31078,-0.244487,-1,0.0616912,0.19903
2.31103,-0.270121,-0.748031,0.066769,0.19903
2.31128,-0.352453,-0.409449,-0.0311747,0.19903
2.31153,-0.453205,-0.0393701,-0.202875,0.19903
2.31178,-0.485163,0.322835,-0.340091,0.19903
2.31203,-0.371213,0.661417,-0.363854,0.19903
2.31228,-0.10292,0.944882,-0.219469,0.19903
2.31253,0.242,1,0.0186407,0.19903
2.31278,0.534542,1,0.225657,0.19903
2.31303,0.664135,0.913386,0.330048,0.19903
2.31328,0.59711,0.527559,0.277282,0.19903
2.31353,0.391328,0.0393701,0.141435,0.19903
2.31378,0.15627,-0.448819,0.00981225,0.19903
2.31403,-0.0134204,-0.834646,-0.0324315,0.19903
2.31428,-0.0905907,-1,0.0286659,0.19903
2.31453,-0.120056,-1,0.113736,0.19903
2.31478,-0.176049,-0.976378,0.134136,0.19903
2.31503,-0.299688,-0.748031,0.0403311,0.19903
2.31528,-0.461119,-0.440945,-0.14526,0.19903
2.31553,-0.571203,-0.0866142,-0.333664,0.19903
2.31578,-0.536279,0.291339,-0.398621,0.19903
2.31603,-0.322075,0.677165,-0.314326,0.19903
2.31628,0.0154669,0.992126,-0.103504,0.19903
2.31653,0.353968,1,0.120045,0.19903
2.31678,0.568896,1,0.263764,0.19903
2.31703,0.599092,0.889764,0.26562,0.19903
2.31728,0.474806,0.480315,0.156645,0.19903
2.31753,0.290232,-0.00787402,0.0389385,0.19903
2.31778,0.141124,-0.464567,0.00381562,0.19903
2.31803,0.0666679,-0.811024,0.0519004,0.19903
2.31828,0.0327605,-1,0.147781,0.19903
2.31853,-0.0335391,-1,0.197034,0.19903
2.31878,-0.182439,-0.968504,0.129383,0.19903
2.31903,-0.395278,-0.779528,-0.062224,0.19903
2.31928,-0.584758,-0.496063,-0.280293,0.19903
2.31953,-0.643248,-0.125984,-0.403044,0.19903
2.31978,-0.510159,0.299213,-0.377795,0.19903
2.32003,-0.21418,0.716535,-0.214112,0.19903
2.32028,0.13633,1,0.0128689,0.19903
2.32053,0.41083,1,0.169614,0.19903
2.32078,0.525634,1,0.210177,0.19903
2.32103,0.484076,0.84252,0.140188,0.19903
2.32128,0.361997,0.417323,0.0410266,0.19903
2.32153,0.252227,-0.0314961,0.000891123,0.19903
2.32178,0.202125,-0.440945,0.0648686,0.19903
2.32203,0.186999,-0.755906,0.170834,0.19903
2.32228,0.1344,-0.952756,0.255698,0.19903
2.32253,-0.0164242,-1,0.218201,0.19903
2.32278,-0.261497,-0.992126,0.0472332,0.19903
2.32303,-0.520103,-0.826772,-0.186145,0.19903
2.32328,-0.675263,-0.535433,-0.361774,0.19903
2.32353,-0.641265,-0.125984,-0.399859,0.19903
2.32378,-0.416704,0.330709,-0.283308,0.19903
2.32403,-0.0889745,0.771654,-0.0807199,0.203458
2.32428,0.213495,1,0.0853122,0.203458
2.32453,0.390943,1,0.155119,0.203458
2.32478,0.422058,1,0.111387,0.203458
2.32503,0.363689,0.787402,0.0171864,0.203458
2.32528,0.302593,0.385827,-0.0155186,0.203458
2.32553,0.291903,-0.023622,0.0453844,0.203458
2.32578,0.315174,-0.401575,0.171776,0.203458
2.32603,0.300191,-0.708661,0.291213,0.203458
2.32628,0.1744,-0.929134,0.291205,0.203458
2.32653,-0.0759185,-1,0.154624,0.203458
2.32678,-0.382817,-1,-0.0746121,0.203458
2.32703,-0.625719,-0.874016,-0.289297,0.203458
2.32728,-0.69746,-0.551181,-0.387716,0.203458
2.32753,-0.565768,-0.102362,-0.317482,0.203458
2.32778,-0.291765,0.385827,-0.15886,0.203458
2.32803,0.00565237,0.818898,0.0183986,0.203458
2.32828,0.217489,1,0.096057,0.203458
2.32853,0.302375,1,0.0689639,0.203458
2.32878,0.298437,1,-0.0121415,0.203458
2.32903,0.284975,0.740157,-0.0612815,0.203458
2.32928,0.319554,0.377953,0.00451513,0.203458
2.32953,0.393646,0,0.146447,0.203458
2.32978,0.435827,-0.354331,0.30153,0.203458
2.33003,0.361879,-0.677165,0.348602,0.203458
2.33028,0.136846,-0.937008,0.259869,0.203458
2.33053,-0.189251,-1,0.0380877,0.203458
2.33078,-0.499639,-1,-0.191866,0.203458
2.33103,-0.671292,-0.897638,-0.339692,0.203458
2.33128,-0.642729,-0.527559,-0.331244,0.203458
2.33153,-0.445796,-0.0472441,-0.198705,0.203458
2.33178,-0.183494,0.440945,-0.0502995,0.203458
2.33203,0.0331116,0.84252,0.0443426,0.203458
2.33228,0.147118,1,0.0229285,0.203458
2.33254,0.179939,1,-0.0577815,0.203458
2.33279,0.203256,0.976378,-0.106856,0.203458
2.33304,0.278685,0.724409,-0.0568649,0.203458
2.33329,0.406331,0.409449,0.0910792,0.203458
2.33354,0.517584,0.0472441,0.277024,0.203458
2.33379,0.517186,-0.314961,0.383382,0.203458
2.33404,0.347737,-0.677165,0.341163,0.203458
2.33429,0.0358214,-0.968504,0.157365,0.203458
2.33454,-0.312922,-1,-0.0760046,0.203458
2.33479,-0.56696,-1,-0.257388,0.203458
2.33504,-0.639387,-0.88189,-0.30527,0.203458
2.33529,-0.53227,-0.480315,-0.217774,0.203458
2.33554,-0.327912,0,-0.0823354,0.203458
2.33579,-0.133582,0.472441,0.00685133,0.203458
2.33604,-0.0166327,0.826772,-0.0115987,0.203458
2.33629,0.0302109,1,-0.0905222,0.203458
2.33654,0.0717837,1,-0.166975,0.203458
2.33679,0.173884,0.952756,-0.134347,0.203458
2.33704,0.347347,0.748031,0.0126266,0.203458
2.33729,0.529102,0.456693,0.222774,0.203458
2.33754,0.615635,0.0944882,0.381435,0.203458
2.33779,0.527105,-0.299213,0.397637,0.203458
2.33804,0.262778,-0.700787,0.258325,0.203458
2.33829,-0.0901778,-1,0.0373406,0.203458
2.33854,-0.399388,-1,-0.158642,0.203458
2.33879,-0.558913,-1,-0.248195,0.203458
2.33904,-0.542428,-0.84252,-0.202459,0.203458
2.33929,-0.409046,-0.425197,-0.0931608,0.203458
2.33954,-0.257474,0.0393701,-0.010596,0.203458
2.33979,-0.161016,0.464567,-0.0238333,0.203458
2.34004,-0.123766,0.787402,-0.117722,0.203458
2.34029,-0.0871903,0.968504,-0.213512,0.203458
2.34054,0.0201883,1,-0.214795,0.203458
2.34079,0.221872,0.96063,-0.0900354,0.203458
2.34104,0.464424,0.787402,0.12941,0.203458
2.34129,0.640324,0.503937,0.332985,0.203458
2.34154,0.649355,0.110236,0.413848,0.203458
2.34179,0.461355,-0.330709,0.335008,0.203458
2.34204,0.139314,-0.755906,0.137415,0.203458
2.34229,-0.192372,-1,-0.0630758,0.203458
2.34254,-0.415441,-1,-0.17702,0.203458
2.34279,-0.478949,-1,-0.165033,0.203458
2.34304,-0.418372,-0.787402,-0.0718718,0.203458
2.34329,-0.320707,-0.377953,-0.00720265,0.203458
2.34354,-0.26168,0.0472441,-0.0193383,0.203458
2.34379,-0.254732,0.433071,-0.118424,0.203458
2.34404,-0.246396,0.732283,-0.235636,0.203458
2.34429,-0.15917,0.929134,-0.286545,0.203458
2.34454,0.0456569,1,-0.187374,0.203458
2.34479,0.329029,1,0.0193189,0.203458
2.34504,0.584805,0.834646,0.255271,0.203458
2.34529,0.69667,0.527559,0.389056,0.203458
2.34554,0.605446,0.0944882,0.366028,0.203458
2.34579,0.345172,-0.377953,0.217137,0.203458
2.34604,0.0250815,-0.80315,0.0208078,0.203458
2.34629,-0.231812,-1,-0.100826,0.203458
2.34654,-0.355298,-1,-0.118505,0.203458
2.34679,-0.358625,-1,-0.0429572,0.203458
2.34704,-0.31542,-0.740157,0.0222035,0.203458
2.34729,-0.301648,-0.362205,0.0173656,0.203458
2.34754,-0.338693,0.023622,-0.0970094,0.203458
2.34779,-0.378124,0.385827,-0.239815,0.203458
2.34804,-0.336271,0.692913,-0.335834,0.203458
2.34829,-0.157276,0.92126,-0.280161,0.203458
2.34854,0.138901,1,-0.097762,0.203458
2.34879,0.454036,1,0.145057,0.203458
2.34904,0.661742,0.866142,0.325855,0.203458
2.34929,0.676279,0.519685,0.371232,0.203458
2.34954,0.500774,0.0551181,0.263987,0.203458
2.34979,0.223261,-0.425197,0.0857621,0.203458
2.35004,-0.0360944,-0.834646,-0.0361762,0.203458
2.35029,-0.193682,-1,-0.0650156,0.203458
2.35054,-0.242958,-1,-0.00920701,0.203458
2.35079,-0.244689,-0.976378,0.0663132,0.203458
2.35104,-0.273748,-0.708661,0.0602355,0.203458
2.35129,-0.359166,-0.377953,-0.0461569,0.203458
2.35154,-0.458446,-0.015748,-0.219146,0.203458
2.35179,-0.482746,0.338583,-0.349949,0.203458
2.35204,-0.358046,0.677165,-0.354659,0.203458
2.35229,-0.0815678,0.944882,-0.210389,0.203458
2.35254,0.263856,1,0.0356493,0.203458
2.35279,0.548703,1,0.241764,0.203458
2.35304,0.66557,0.874016,0.335985,0.203458
2.35329,0.587003,0.480315,0.277008,0.203458
2.35354,0.375742,0,0.140126,0.203458
2.35379,0.142566,-0.464567,0.0113468,0.203458
2.35404,-0.0211061,-0.834646,-0.026566,0.203458
2.35429,-0.0931677,-1,0.0283512,0.203458
2.35454,-0.122144,-1,0.117723,0.203458
2.35479,-0.181878,-0.944882,0.130601,0.203458
2.35504,-0.30968,-0.716535,0.0263285,0.203458
2.35529,-0.470963,-0.417323,-0.164014,0.203458
2.35554,-0.574046,-0.0629921,-0.344596,0.203458
2.35579,-0.527662,0.314961,-0.39763,0.203458
2.35604,-0.302908,0.692913,-0.302396,0.203458
2.35629,0.0387282,0.992126,-0.0905102,0.203458
2.35654,0.372704,1,0.13479,0.203458
2.35679,0.576564,1,0.270042,0.203458
2.35704,0.594997,0.84252,0.255318,0.203458
2.3573,0.463468,0.433071,0.155042,0.203458
2.35755,0.278706,-0.0393701,0.041985,0.203458
2.3578,0.134103,-0.480315,0.00721644,0.203458
2.35805,0.0639429,-0.80315,0.0564733,0.203458
2.3583,0.0302378,-0.984252,0.160692,0.203458
2.35855,-0.0403977,-1,0.197568,0.203458
2.3588,-0.194949,-0.937008,0.108191,0.203458
2.35905,-0.409503,-0.748031,-0.0801412,0.203458
2.3593,-0.593575,-0.456693,-0.285682,0.203458
2.35955,-0.640634,-0.0866142,-0.414628,0.203458
2.3598,-0.495117,0.322835,-0.37504,0.203458
2.36005,-0.191803,0.732283,-0.20081,0.203458
2.3603,0.157657,1,0.0254955,0.203458
2.36055,0.423608,1,0.182706,0.203458
2.3608,0.527231,1,0.213714,0.203458
2.36105,0.477496,0.795276,0.13744,0.203458
2.3613,0.35371,0.377953,0.0402752,0.203458
2.36155,0.247091,-0.0629921,0.0082445,0.203458
2.3618,0.20079,-0.456693,0.0684116,0.203458
2.36205,0.185574,-0.755906,0.183974,0.203458
2.3623,0.127939,-0.937008,0.255908,0.203458
2.36255,-0.0299888,-1,0.209957,0.203458
2.3628,-0.279024,-0.96063,0.0296359,0.203458
2.36305,-0.534531,-0.795276,-0.205977,0.203458
2.3633,-0.679288,-0.496063,-0.371762,0.203458
2.36355,-0.631977,-0.0866142,-0.398525,0.203458
2.3638,-0.397393,0.362205,-0.275757,0.203458
2.36405,-0.0671587,0.779528,-0.0671501,0.203458
2.3643,0.229537,1,0.0935242,0.203458
2.36455,0.397096,1,0.159026,0.203458
2.3648,0.420001,1,0.10663,0.203458
2.36505,0.35898,0.740157,0.0200501,0.203458
2.3653,0.300161,0.346457,-0.0163173,0.203458
2.36555,0.292946,-0.0551181,0.0516718,0.203458
2.3658,0.316171,-0.417323,0.188326,0.203458
2.36605,0.295927,-0.708661,0.296034,0.203458
2.3663,0.161707,-0.913386,0.293061,0.203458
2.36655,-0.0951947,-1,0.14284,0.203458
2.3668,-0.401859,-1,-0.0925741,0.203458
2.36705,-0.636325,-0.834646,-0.307141,0.203458
2.3673,-0.694889,-0.503937,-0.387481,0.203458
2.36755,-0.551252,-0.0629921,-0.322144,0.203458
2.3678,-0.271852,0.409449,-0.141186,0.203458
2.36805,0.022804,0.826772,0.0235803,0.203458
2.3683,0.22676,1,0.0916735,0.203458
2.36855,0.303962,1,0.0620117,0.203458
2.3688,0.29701,0.984252,-0.0162853,0.203458
2.36905,0.285499,0.700787,-0.0521227,0.203458
2.3693,0.323672,0.346457,0.0175759,0.203458
2.36955,0.398238,-0.015748,0.157214,0.203458
2.3698,0.435384,-0.370079,0.308907,0.203458
2.37005,0.35185,-0.677165,0.356226,0.203458
2.3703,0.117877,-0.929134,0.242595,0.203458
2.37055,-0.21126,-1,0.0204011,0.203458
2.3708,-0.516054,-1,-0.214825,0.203458
2.37105,-0.675681,-0.850394,-0.349457,0.203458
2.3713,-0.634282,-0.480315,-0.32376,0.203458
2.37155,-0.429571,-0.00787402,-0.18969,0.203458
2.3718,-0.167103,0.464567,-0.0340311,0.203458
2.37205,0.0437232,0.84252,0.0466949,0.203458
2.3723,0.150996,1,0.017935,0.203458
2.37255,0.181004,1,-0.056795,0.203458
2.3728,0.206242,0.937008,-0.0995945,0.203458
2.37305,0.285782,0.692913,-0.0507594,0.203458
2.3733,0.415001,0.377953,0.112884,0.203458
2.37355,0.521949,0.023622,0.289917,0.203458
2.3738,0.511555,-0.338583,0.391685,0.203458
2.37405,0.331136,-0.685039,0.337792,0.203458
2.3743,0.012822,-0.968504,0.146467,0.203458
2.37455,-0.333548,-1,-0.102395,0.203458
2.3748,-0.577601,-1,-0.269508,0.203458
2.37505,-0.637303,-0.834646,-0.30285,0.203458
2.3753,-0.520874,-0.433071,-0.218171,0.203458
2.37555,-0.313967,0.0393701,-0.0808439,0.203458
2.3758,-0.123385,0.488189,0.00140549,0.203458
2.37605,-0.0119273,0.818898,-0.0178852,0.203458
2.3763,0.0322475,1,-0.100806,0.203458
2.37655,0.076054,1,-0.15727,0.203458
2.3768,0.183233,0.92126,-0.123431,0.203458
2.37705,0.359825,0.708661,0.0342913,0.203458
2.3773,0.538758,0.417323,0.235367,0.203458
2.37755,0.615688,0.0629921,0.390912,0.203458
2.3778,0.514753,-0.330709,0.396006,0.203458
2.37805,0.241189,-0.716535,0.252672,0.203458
2.3783,-0.112836,-1,0.0187428,0.203458
2.37855,-0.414985,-1,-0.177931,0.203458
2.3788,-0.562882,-1,-0.248081,0.203458
2.37905,-0.536378,-0.795276,-0.202022,0.203458
2.3793,-0.39869,-0.385827,-0.0886966,0.203458
2.37955,-0.249096,0.0708661,-0.0180601,0.203458
2.3798,-0.157158,0.480315,-0.0375494,0.203458
2.38005,-0.122307,0.779528,-0.126742,0.203458
2.3803,-0.0830007,0.952756,-0.211289,0.203458
2.38055,0.0305036,1,-0.210392,0.203458
2.3808,0.237244,0.929134,-0.0708377,0.203458
2.38105,0.479157,0.755906,0.152935,0.203458
2.3813,0.646772,0.464567,0.344586,0.203458
2.38155,0.64292,0.0787402,0.416166,0.203458
2.3818,0.443438,-0.354331,0.326555,0.203458
2.38206,0.116781,-0.76378,0.129155,0.203458
2.38231,-0.211066,-1,-0.0803906,0.203458
2.38256,-0.424373,-1,-0.178572,0.203458
2.38281,-0.478089,-1,-0.167739,0.203458
2.38306,-0.412143,-0.748031,-0.0786303,0.203458
2.38331,-0.315209,-0.338583,-0.00806499,0.203458
2.38356,-0.259933,0.0708661,-0.0292155,0.203458
2.38381,-0.25515,0.440945,-0.128408,0.203458
2.38406,-0.243879,0.732283,-0.247713,0.203458
2.38431,-0.149554,0.92126,-0.275943,0.203458
2.38456,0.062528,1,-0.179537,0.203458
2.38481,0.347758,0.968504,0.0451226,0.203458
2.38506,0.597478,0.795276,0.273227,0.203458
2.38531,0.697049,0.488189,0.390579,0.203458
2.38556,0.592833,0.0629921,0.36592,0.203458
2.38581,0.324955,-0.401575,0.203961,0.203458
2.38606,0.00548318,-0.811024,0.0109606,0.203458
2.38631,-0.244214,-1,-0.109084,0.203458
2.38656,-0.358671,-1,-0.116156,0.203458
2.38681,-0.356213,-0.992126,-0.0415336,0.203458
2.38706,-0.313056,-0.692913,0.0259372,0.203458
2.38731,-0.302685,-0.322835,0.000921363,0.203458
2.38756,-0.342067,0.0472441,-0.111882,0.203458
2.38781,-0.378742,0.401575,-0.256481,0.203458
2.38806,-0.329029,0.692913,-0.335564,0.203458
2.38831,-0.140901,0.913386,-0.271634,0.203458
2.38856,0.159982,1,-0.0730682,0.203458
2.38881,0.472015,1,0.162554,0.203458
2.38906,0.668977,0.826772,0.340347,0.203458
2.38931,0.670082,0.472441,0.363519,0.203458
2.38956,0.484651,0.015748,0.255766,0.203458
2.38981,0.204694,-0.448819,0.084037,0.203458
2.39006,-0.0499532,-0.834646,-0.048748,0.203458
2.39031,-0.199745,-1,-0.0683467,0.203458
2.39056,-0.243553,-1,-0.00632009,0.203458
2.39081,-0.245027,-0.937008,0.0646564,0.203458
2.39106,-0.277642,-0.669291,0.0588913,0.203458
2.39131,-0.366016,-0.338583,-0.0603288,0.203458
2.39156,-0.463216,0,-0.238484,0.203458
2.39181,-0.479648,0.354331,-0.357842,0.203458
2.39206,-0.344315,0.677165,-0.351615,0.203458
2.39231,-0.0601107,0.937008,-0.18924,0.203458
2.39256,0.285547,1,0.050147,0.203458
2.39281,0.562083,1,0.261233,0.203458
2.39306,0.666163,0.826772,0.340652,0.203458
2.39331,0.576227,0.440945,0.270023,0.203458
2.39356,0.360109,-0.023622,0.129877,0.203458
2.39381,0.129234,-0.488189,0.00669843,0.203458
2.39406,-0.0283084,-0.834646,-0.0264438,0.203458
2.39431,-0.0954622,-1,0.0357234,0.203458
2.39456,-0.124292,-1,0.10902,0.203458
2.39481,-0.188121,-0.905512,0.118124,0.203458
2.39506,-0.319927,-0.677165,0.00575032,0.203458
2.39531,-0.480476,-0.385827,-0.178192,0.203458
2.39556,-0.57637,-0.0314961,-0.356498,0.203458
2.39581,-0.518362,0.338583,-0.400921,0.203458
2.39606,-0.283296,0.700787,-0.290709,0.203458
2.39631,0.0620539,0.984252,-0.069449,0.203458
2.39656,0.390914,1,0.149067,0.203458
2.39681,0.583491,1,0.273637,0.203458
2.39706,0.590136,0.795276,0.261045,0.203458
2.39731,0.452012,0.385827,0.148094,0.203458
2.39756,0.267372,-0.0708661,0.0355362,0.203458
2.39781,0.127398,-0.496063,0.0106996,0.203458
2.39806,0.0614704,-0.80315,0.0730456,0.203458
2.39831,0.0275211,-0.968504,0.166132,0.203458
2.39856,-0.0477814,-1,0.188009,0.203458
2.39881,-0.207694,-0.905512,0.101231,0.203458
2.39906,-0.423475,-0.716535,-0.0985288,0.203458
2.39931,-0.601717,-0.425197,-0.303634,0.203458
2.39956,-0.637207,-0.0551181,-0.419151,0.203458
2.39981,-0.479441,0.346457,-0.370828,0.203458
2.40006,-0.169014,0.740157,-0.178167,0.203458
2.40031,0.178659,1,0.0390369,0.203458
2.40056,0.435556,1,0.193131,0.203458
2.40081,0.528014,1,0.22101,0.203458
2.40106,0.470702,0.748031,0.141161,0.203458
2.40131,0.34545,0.338583,0.0380065,0.203458
2.40156,0.242172,-0.0866142,0.00993682,0.203458
2.40181,0.199434,-0.472441,0.0809916,0.203458
2.40206,0.183947,-0.755906,0.191734,0.203458
2.40231,0.1211,-0.929134,0.251459,0.203458
2.40256,-0.0438754,-0.984252,0.199336,0.203458
2.40281,-0.296509,-0.929134,0.0144655,0.203458
2.40306,-0.54839,-0.755906,-0.22263,0.203458
2.40331,-0.682509,-0.456693,-0.381881,0.203458
2.40356,-0.621854,-0.0551181,-0.401386,0.203458
2.40381,-0.377483,0.385827,-0.259569,0.203458
2.40406,-0.0456982,0.787402,-0.0524077,0.203458
2.40431,0.24486,1,0.105549,0.203458
2.40456,0.402567,1,0.161217,0.203458
2.40481,0.41768,0.992126,0.105581,0.203458
2.40506,0.354253,0.692913,0.0199521,0.203458
2.40531,0.297973,0.314961,-0.00586298,0.203458
2.40556,0.294129,-0.0708661,0.067192,0.203458
2.40581,0.317174,-0.425197,0.200552,0.203458
2.40606,0.291209,-0.708661,0.301178,0.203458
2.40631,0.148466,-0.905512,0.283043,0.203458
2.40656,-0.114702,-1,0.122752,0.203458
2.40682,-0.420574,-0.976378,-0.113077,0.203458
2.40707,-0.646262,-0.795276,-0.322435,0.203458
2.40732,-0.691465,-0.464567,-0.39124,0.203458
2.40757,-0.53612,-0.023622,-0.308523,0.203458
2.40782,-0.251879,0.433071,-0.131393,0.203458
2.40807,0.0395044,0.826772,0.0317521,0.203458
2.40832,0.235439,1,0.0959513,0.203458
2.40857,0.305381,1,0.0601704,0.203458
2.40882,0.295565,0.944882,-0.0133241,0.203458
2.40907,0.286188,0.661417,-0.0482075,0.203458
2.40932,0.327926,0.314961,0.0232737,0.203458
2.40957,0.402825,-0.0393701,0.175232,0.203458
2.40982,0.434337,-0.377953,0.322419,0.203458
2.41007,0.341176,-0.685039,0.352097,0.203458
2.41032,0.098303,-0.92126,0.231049,0.203458
2.41057,-0.233178,-1,-0.00102342,0.203458
2.41082,-0.531829,-1,-0.232238,0.203458
2.41107,-0.679155,-0.811024,-0.349502,0.203458
2.41132,-0.625058,-0.440945,-0.321862,0.203458
2.41157,-0.413008,0.023622,-0.188578,0.203458
2.41182,-0.151012,0.480315,-0.0341846,0.203458
2.41207,0.0539732,0.834646,0.0485545,0.203458
2.41232,0.154736,1,0.0174394,0.203458
2.41257,0.181852,1,-0.0627242,0.203458
2.41282,0.209351,0.897638,-0.0974992,0.203458
2.41307,0.293084,0.653543,-0.0366856,0.203458
2.41332,0.423677,0.346457,0.125249,0.203458
2.41357,0.525662,0,0.307948,0.203458
2.41382,0.50512,-0.354331,0.394253,0.203458
2.41407,0.313768,-0.692913,0.329962,0.203458
2.41432,-0.0100878,-0.96063,0.125874,0.203458
2.41457,-0.353701,-1,-0.11814,0.203458
2.41482,-0.587419,-1,-0.284689,0.203458
2.41507,-0.634513,-0.795276,-0.309039,0.203458
2.41532,-0.508985,-0.393701,-0.207683,0.203458
2.41557,-0.300124,0.0708661,-0.0802453,0.203458
2.41582,-0.113451,0.503937,0.00544387,0.203458
2.41607,-0.00757015,0.818898,-0.0168094,0.203458
2.41632,0.034259,0.984252,-0.09822,0.203458
2.41657,0.0805499,1,-0.163679,0.203458
2.41682,0.192891,0.889764,-0.116151,0.203458
2.41707,0.372441,0.677165,0.0484762,0.203458
2.41732,0.547871,0.385827,0.25238,0.203458
2.41757,0.614972,0.0314961,0.403311,0.203458
2.41782,0.501711,-0.354331,0.397687,0.203458
2.41807,0.219452,-0.724409,0.240956,0.203458
2.41832,-0.135356,-1,0.0069495,0.203458
2.41857,-0.429871,-1,-0.191821,0.203458
2.41882,-0.566209,-1,-0.258201,0.203458
2.41907,-0.529793,-0.748031,-0.202782,0.203458
2.41932,-0.388388,-0.338583,-0.0916223,0.203458
2.41957,-0.24102,0.0944882,-0.0187041,0.203458
2.41982,-0.153601,0.488189,-0.0434863,0.203458
2.42007,-0.120736,0.779528,-0.138956,0.203458
2.42032,-0.0785569,0.937008,-0.214176,0.203458
2.42057,0.0413527,0.976378,-0.198638,0.203458
2.42082,0.252928,0.905512,-0.0514404,0.203458
2.42107,0.49344,0.716535,0.171519,0.203458
2.42132,0.652419,0.425197,0.361225,0.203458
2.42157,0.635678,0.0472441,0.421574,0.203458
2.42182,0.425047,-0.377953,0.316552,0.203458
2.42207,0.0941509,-0.771654,0.105281,0.203458
2.42232,-0.229372,-1,-0.0941525,0.203458
2.42257,-0.432737,-1,-0.190093,0.203458
2.42282,-0.476546,-1,-0.164272,0.203458
2.42307,-0.405844,-0.700787,-0.0730481,0.203458
2.42332,-0.309872,-0.307087,-0.0141733,0.203458
2.42357,-0.258463,0.0944882,-0.0298168,0.203458
2.42382,-0.255459,0.456693,-0.145507,0.203458
2.42407,-0.240968,0.732283,-0.256961,0.205184
2.42432,-0.139271,0.913386,-0.279535,0.205184
2.42457,0.0796738,0.984252,-0.164698,0.205184
2.42482,0.366359,0.944882,0.0582733,0.205184
2.42507,0.609424,0.76378,0.29017,0.205184
2.42532,0.696551,0.448819,0.4032,0.205184
2.42557,0.579515,0.023622,0.35933,0.205184
2.42582,0.304328,-0.425197,0.193691,0.205184
2.42607,-0.013986,-0.818898,0.000140049,0.205184
2.42632,-0.255904,-1,-0.115824,0.205184
2.42657,-0.36135,-1,-0.121346,0.205184
2.42682,-0.35373,-0.952756,-0.0414372,0.205184
2.42707,-0.310797,-0.661417,0.0157938,0.205184
2.42732,-0.303966,-0.291339,-0.00133869,0.205184
2.42757,-0.345301,0.0708661,-0.119748,0.205184
2.42782,-0.378986,0.409449,-0.270843,0.205184
2.42807,-0.321253,0.700787,-0.330807,0.205184
2.42832,-0.124111,0.913386,-0.26557,0.205184
2.42857,0.181211,1,-0.0582966,0.205184
2.42882,0.489409,0.984252,0.1897,0.205184
2.42907,0.675421,0.787402,0.349189,0.205184
2.42932,0.663111,0.433071,0.365989,0.205184
2.42957,0.468082,-0.00787402,0.248806,0.205184
2.42982,0.186261,-0.472441,0.0701235,0.205184
2.43007,-0.0632143,-0.84252,-0.0495574,0.205184
2.43032,-0.205278,-1,-0.061098,0.205184
2.43057,-0.244065,-1,0.00338115,0.205184
2.43082,-0.24566,-0.905512,0.0624825,0.205184
2.43107,-0.281834,-0.637795,0.0426153,0.205184
2.43132,-0.372856,-0.314961,-0.0727163,0.205184
2.43158,-0.467794,0.0314961,-0.25374,0.205184
2.43183,-0.475923,0.377953,-0.362228,0.205184
2.43208,-0.329947,0.692913,-0.347563,0.205184
2.43233,-0.0382978,0.937008,-0.181223,0.205184
2.43258,0.306951,1,0.0660754,0.205184
2.43283,0.574833,1,0.267109,0.205184
2.43308,0.665908,0.787402,0.341257,0.205184
2.43333,0.565006,0.393701,0.267547,0.205184
2.43358,0.34439,-0.0629921,0.121067,0.205184
2.43383,0.116268,-0.503937,0.00110153,0.205184
2.43408,-0.0350589,-0.834646,-0.0246273,0.205184
2.43433,-0.0978044,-1,0.0392929,0.205184
2.43458,-0.126789,-1,0.117937,0.205184
2.43483,-0.194581,-0.874016,0.11644,0.205184
2.43508,-0.330219,-0.645669,-0.00497377,0.205184
2.43533,-0.489815,-0.346457,-0.197165,0.205184
2.43558,-0.577954,0,-0.362029,0.205184
2.43583,-0.508192,0.362205,-0.402837,0.205184
2.43608,-0.263012,0.708661,-0.2814,0.205184
2.43633,0.0853319,0.976378,-0.052333,0.205184
2.43658,0.408481,1,0.16741,0.205184
2.43683,0.589542,1,0.28359,0.205184
2.43708,0.584729,0.748031,0.259035,0.205184
2.43733,0.440272,0.346457,0.141879,0.205184
2.43758,0.256238,-0.102362,0.0342763,0.205184
2.43783,0.120964,-0.503937,0.0107902,0.205184
2.43808,0.0590293,-0.795276,0.076475,0.205184
2.43833,0.0246509,-0.952756,0.163109,0.205184
2.43858,-0.0554043,-0.968504,0.183948,0.205184
2.43883,-0.220656,-0.874016,0.0897117,0.205184
2.43908,-0.437391,-0.677165,-0.113168,0.205184
2.43933,-0.609311,-0.393701,-0.322528,0.205184
2.43958,-0.632859,-0.023622,-0.423846,0.205184
2.43983,-0.462946,0.370079,-0.35872,0.205184
2.44008,-0.146278,0.755906,-0.166367,0.205184
2.44033,0.199214,1,0.060635,0.205184
2.44058,0.446788,1,0.203045,0.205184
2.44083,0.528216,0.992126,0.216225,0.205184
2.44108,0.463558,0.700787,0.13438,0.205184
2.44133,0.337351,0.299213,0.0438956,0.205184
2.44158,0.237602,-0.11811,0.0204789,0.205184
2.44183,0.19838,-0.480315,0.0928197,0.205184
2.44208,0.182135,-0.755906,0.203017,0.205184
2.44233,0.113857,-0.913386,0.252887,0.205184
2.44258,-0.0581313,-0.96063,0.187493,0.205184
2.44283,-0.314164,-0.905512,-0.010025,0.205184
2.44308,-0.561869,-0.724409,-0.240252,0.205184
2.44333,-0.684857,-0.417323,-0.392369,0.205184
2.44358,-0.610946,-0.015748,-0.397846,0.205184
2.44383,-0.357383,0.409449,-0.252348,0.205184
2.44408,-0.0243404,0.795276,-0.0415308,0.205184
2.44433,0.259619,1,0.122778,0.205184
2.44458,0.407574,1,0.165224,0.205184
2.44483,0.415004,0.952756,0.111404,0.205184
2.44508,0.349612,0.653543,0.0221784,0.205184
2.44533,0.296036,0.275591,0.000823902,0.205184
2.44558,0.295512,-0.102362,0.0818448,0.205184
2.44583,0.317873,-0.440945,0.208092,0.205184
2.44608,0.286044,-0.708661,0.301158,0.205184
2.44633,0.134579,-0.897638,0.274405,0.205184
2.44658,-0.134435,-0.984252,0.106429,0.205184
2.44683,-0.438964,-0.944882,-0.135719,0.205184
2.44708,-0.655323,-0.755906,-0.334453,0.205184
2.44733,-0.687145,-0.417323,-0.404013,0.205184
2.44758,-0.520518,0.00787402,-0.302718,0.205184
2.44783,-0.23188,0.456693,-0.129442,0.205184
2.44808,0.0559352,0.826772,0.0391253,0.205184
2.44833,0.24372,1,0.103475,0.205184
2.44858,0.306255,1,0.0591077,0.205184
2.44883,0.294141,0.905512,-0.0176515,0.205184
2.44908,0.287144,0.622047,-0.0394812,0.205184
2.44933,0.332396,0.283465,0.0418181,0.205184
2.44958,0.407079,-0.0629921,0.195005,0.205184
2.44983,0.43273,-0.401575,0.330606,0.205184
2.45008,0.329717,-0.692913,0.347684,0.205184
2.45033,0.0785206,-0.913386,0.222841,0.205184
2.45058,-0.254946,-1,-0.0191599,0.205184
2.45083,-0.546878,-0.984252,-0.247678,0.205184
2.45108,-0.681748,-0.76378,-0.3664,0.205184
2.45133,-0.615209,-0.393701,-0.330559,0.205184
2.45158,-0.396273,0.0551181,-0.179827,0.205184
2.45183,-0.135031,0.496063,-0.027848,0.205184
2.45208,0.0636616,0.834646,0.0422908,0.205184
2.45233,0.157946,1,0.0172151,0.205184
2.45258,0.182803,1,-0.0672096,0.205184
2.45283,0.212765,0.866142,-0.0994196,0.205184
2.45308,0.300675,0.622047,-0.0233684,0.205184
2.45333,0.432137,0.314961,0.142533,0.205184
2.45358,0.52899,-0.023622,0.317638,0.205184
2.45383,0.498028,-0.370079,0.400364,0.205184
2.45408,0.295984,-0.700787,0.316009,0.205184
2.45433,-0.0331818,-0.952756,0.110157,0.205184
2.45458,-0.373296,-1,-0.13497,0.205184
2.45483,-0.596513,-1,-0.295108,0.205184
2.45508,-0.630945,-0.748031,-0.304209,0.205184
2.45533,-0.49685,-0.346457,-0.208605,0.205184
2.45558,-0.28638,0.102362,-0.0716898,0.205184
2.45583,-0.103976,0.519685,-0.00205907,0.205184
2.45608,-0.00357386,0.818898,-0.0273874,0.205184
2.45634,0.0361949,0.968504,-0.109205,0.205184
2.45659,0.0855102,0.968504,-0.155758,0.205184
2.45684,0.202949,0.858268,-0.103627,0.205184
2.45709,0.384937,0.645669,0.0602214,0.205184
2.45734,0.556625,0.354331,0.268391,0.205184
2.45759,0.613518,0,0.409283,0.205184
2.45784,0.487963,-0.377953,0.3838,0.205184
2.45809,0.197308,-0.732283,0.222581,0.205184
2.45834,-0.157644,-1,-0.0156638,0.205184
2.45859,-0.444201,-1,-0.204407,0.205184
2.45884,-0.568661,-0.992126,-0.258597,0.205184
2.45909,-0.522816,-0.700787,-0.199093,0.205184
2.45934,-0.377996,-0.299213,-0.0854073,0.205184
2.45959,-0.233241,0.125984,-0.0153641,0.205184
2.45984,-0.150257,0.503937,-0.0435264,0.205184
2.46009,-0.119108,0.779528,-0.139159,0.205184
2.46034,-0.0735743,0.92126,-0.219245,0.205184
2.46059,0.0525065,0.952756,-0.188225,0.205184
2.46084,0.268603,0.866142,-0.0408777,0.205184
2.46109,0.507475,0.677165,0.193328,0.205184
2.46134,0.657366,0.385827,0.372962,0.205184
2.46159,0.627544,0.00787402,0.418954,0.205184
2.46184,0.405955,-0.401575,0.310247,0.205184
2.46209,0.0715358,-0.779528,0.0902136,0.205184
2.46234,-0.246978,-1,-0.100905,0.205184
2.46259,-0.440265,-1,-0.196615,0.205184
2.46284,-0.474597,-0.952756,-0.171563,0.205184
2.46309,-0.399359,-0.653543,-0.075982,0.205184
2.46334,-0.304766,-0.259843,-0.0104585,0.205184
2.46359,-0.257117,0.125984,-0.0439886,0.205184
2.46384,-0.255723,0.472441,-0.152178,0.205184
2.46409,-0.237709,0.732283,-0.26435,0.205184
2.46434,-0.128608,0.897638,-0.275166,0.205184
2.46459,0.0970706,0.96063,-0.146608,0.205184
2.46484,0.384682,0.905512,0.0795121,0.205184
2.46509,0.620801,0.716535,0.307051,0.205184
2.46534,0.695145,0.401575,0.409071,0.205184
2.46559,0.5655,-0.00787402,0.355733,0.205184
2.46584,0.283711,-0.448819,0.180839,0.205184
2.46609,-0.0329324,-0.818898,-0.0115372,0.205184
2.46634,-0.26698,-1,-0.123333,0.205184
2.46659,-0.363615,-1,-0.120075,0.205184
2.46684,-0.351081,-0.905512,-0.0417015,0.205184
2.46709,-0.308795,-0.614173,0.0108275,0.205184
2.46734,-0.305461,-0.259843,-0.0193128,0.205184
2.46759,-0.348659,0.0944882,-0.139335,0.205184
2.46784,-0.378839,0.425197,-0.281175,0.205184
2.46809,-0.312901,0.700787,-0.340387,0.205184
2.46834,-0.106881,0.897638,-0.248187,0.205184
2.46859,0.202473,0.992126,-0.0344735,0.205184
2.46884,0.506434,0.952756,0.207748,0.205184
2.46909,0.680945,0.740157,0.365089,0.205184
2.46934,0.655304,0.385827,0.373487,0.205184
2.46959,0.451143,-0.0472441,0.247693,0.205184
2.46984,0.168059,-0.496063,0.0732133,0.205184
2.47009,-0.0760032,-0.84252,-0.0486226,0.205184
2.47034,-0.210543,-1,-0.0589353,0.205184
2.47059,-0.244428,-1,0.00625762,0.205184
2.47084,-0.246316,-0.866142,0.0581573,0.205184
2.47109,-0.286242,-0.598425,0.0356328,0.205184
2.47134,-0.379807,-0.275591,-0.0971178,0.205184
2.47159,-0.471906,0.0551181,-0.263121,0.205184
2.47184,-0.471482,0.393701,-0.380552,0.205184
2.47209,-0.314797,0.692913,-0.343903,0.205184
2.47234,-0.0162102,0.929134,-0.160993,0.205184
2.47259,0.328006,1,0.0874586,0.205184
2.47284,0.586694,0.976378,0.286518,0.205184
2.47309,0.664782,0.732283,0.343537,0.205184
2.47334,0.55318,0.346457,0.271751,0.205184
2.47359,0.328677,-0.102362,0.11722,0.205184
2.47384,0.103529,-0.519685,0.0017843,0.205184
2.47409,-0.0415818,-0.826772,-0.0185313,0.205184
2.47434,-0.0997827,-0.984252,0.0443227,0.205184
2.47459,-0.12928,-0.976378,0.122829,0.205184
2.47484,-0.201365,-0.84252,0.104993,0.205184
2.47509,-0.340697,-0.606299,-0.0260964,0.205184
2.47534,-0.49874,-0.314961,-0.211355,0.205184
2.47559,-0.578861,0.015748,-0.374138,0.205184
2.47584,-0.497346,0.377953,-0.406172,0.205184
2.47609,-0.242467,0.716535,-0.275536,0.205184
2.47634,0.108475,0.968504,-0.0391299,0.205184
2.47659,0.42537,1,0.180242,0.205184
2.47684,0.594764,0.976378,0.286098,0.205184
2.47709,0.578667,0.700787,0.26137,0.205184
2.47734,0.428449,0.299213,0.144371,0.205184
2.47759,0.245348,-0.133858,0.0399394,0.205184
2.47784,0.114925,-0.519685,0.0201348,0.205184
2.47809,0.0567412,-0.795276,0.0802808,0.205184
2.47834,0.0216645,-0.937008,0.165599,0.205184
2.47859,-0.0634416,-0.944882,0.179714,0.205184
2.47884,-0.23398,-0.84252,0.0739377,0.205184
2.47909,-0.451058,-0.645669,-0.135906,0.205184
2.47934,-0.616197,-0.354331,-0.337443,0.205184
2.47959,-0.627741,0,-0.419809,0.205184
2.47984,-0.445967,0.393701,-0.354124,0.205184
2.48009,-0.123321,0.76378,-0.149914,0.205184
2.48034,0.219266,1,0.0687535,0.205184
2.48059,0.457399,1,0.20967,0.205184
2.48084,0.527784,0.952756,0.225293,0.205184
2.4811,0.456219,0.653543,0.135092,0.205184
2.48135,0.329339,0.259843,0.0487873,0.205184
2.4816,0.233297,-0.141732,0.0265899,0.205184
2.48185,0.197357,-0.496063,0.0980071,0.205184
2.4821,0.180192,-0.748031,0.211702,0.205184
2.48235,0.105986,-0.897638,0.257185,0.205184
2.4826,-0.0729031,-0.944882,0.174202,0.205184
2.48285,-0.331629,-0.874016,-0.0308154,0.205184
2.4831,-0.574686,-0.685039,-0.260361,0.205184
2.48335,-0.686381,-0.377953,-0.409894,0.205184
2.4836,-0.599302,0.00787402,-0.399068,0.205184
2.48385,-0.336843,0.433071,-0.239984,0.205184
2.4841,-0.00316777,0.80315,-0.0338639,0.205184
2.48435,0.27388,1,0.13155,0.205184
2.4846,0.411802,1,0.172653,0.205184
2.48485,0.411939,0.913386,0.103922,0.205184
2.4851,0.345035,0.614173,0.0233334,0.205184
2.48535,0.294352,0.23622,0.0122744,0.205184
2.4856,0.296878,-0.125984,0.0882975,0.205184
2.48585,0.318342,-0.456693,0.223572,0.205184
2.4861,0.280233,-0.716535,0.306991,0.205184
2.48635,0.120294,-0.889764,0.26379,0.205184
2.4866,-0.154222,-0.968504,0.0841061,0.205184
2.48685,-0.456881,-0.913386,-0.157648,0.205184
2.4871,-0.663633,-0.716535,-0.352372,0.205184
2.48735,-0.68194,-0.377953,-0.405445,0.205184
2.4876,-0.50433,0.0472441,-0.305361,0.205184
2.48785,-0.211988,0.480315,-0.116874,0.205184
2.4881,0.0717668,0.834646,0.0457289,0.205184
2.48835,0.251284,1,0.104033,0.205184
2.4886,0.306805,1,0.0572034,0.205184
2.48885,0.292751,0.866142,-0.0166008,0.205184
2.4891,0.288372,0.582677,-0.0245929,0.205184
2.48935,0.336938,0.251969,0.0619045,0.205184
2.4896,0.411285,-0.0866142,0.211607,0.205184
2.48985,0.430655,-0.417323,0.344931,0.205184
2.4901,0.317728,-0.692913,0.35391,0.205184
2.49035,0.0583757,-0.905512,0.203343,0.205184
2.4906,-0.276443,-1,-0.0297415,0.205184
2.49085,-0.561382,-0.952756,-0.256028,0.205184
2.4911,-0.68349,-0.724409,-0.370187,0.205184
2.49135,-0.604719,-0.346457,-0.329293,0.205184
2.4916,-0.379422,0.0866142,-0.177818,0.205184
2.49185,-0.119484,0.519685,-0.0298649,0.205184
2.4921,0.0728582,0.834646,0.0391035,0.205184
2.49235,0.160848,0.992126,0.014341,0.205184
2.4926,0.183708,0.984252,-0.0645098,0.205184
2.49285,0.216516,0.834646,-0.0891726,0.205184
2.4931,0.308402,0.582677,-0.00690323,0.205184
2.49335,0.440565,0.283465,0.160159,0.205184
2.4936,0.531764,-0.0472441,0.328387,0.205184
2.49385,0.490183,-0.393701,0.396858,0.205184
2.4941,0.277646,-0.708661,0.310856,0.205184
2.49435,-0.0563511,-0.944882,0.0995589,0.205184
2.4946,-0.392561,-1,-0.144567,0.205184
2.49485,-0.604702,-0.96063,-0.299547,0.205184
2.4951,-0.626608,-0.700787,-0.311639,0.205184
2.49535,-0.484394,-0.307087,-0.1982,0.205184
2.4956,-0.272841,0.133858,-0.0696054,0.205184
2.49585,-0.0947826,0.527559,0.00353689,0.205184
2.4961,0.000265436,0.811024,-0.0280388,0.205184
2.49635,0.0382959,0.952756,-0.108092,0.205184
2.4966,0.0906697,0.944882,-0.152226,0.205184
2.49685,0.213208,0.826772,-0.089831,0.205184
2.4971,0.397487,0.606299,0.0787413,0.205184
2.49735,0.564885,0.322835,0.291066,0.205184
2.4976,0.611202,-0.023622,0.411487,0.205184
2.49785,0.473401,-0.393701,0.379338,0.205184
2.4981,0.174857,-0.740157,0.202183,0.205184
2.49835,-0.179597,-0.992126,-0.0343956,0.205184
2.4986,-0.45771,-1,-0.217867,0.205184
2.49885,-0.570367,-0.952756,-0.262093,0.205184
2.4991,-0.515418,-0.661417,-0.199515,0.205184
2.49935,-0.367679,-0.259843,-0.0810922,0.205184
2.4996,-0.225674,0.15748,-0.0191945,0.205184
2.49985,-0.147251,0.519685,-0.05504,0.205184
2.5001,-0.117539,0.771654,-0.145812,0.205184
2.50035,-0.0683578,0.905512,-0.214548,0.205184
2.5006,0.0640632,0.929134,-0.185661,0.205184
2.50085,0.284467,0.84252,-0.0169865,0.205184
2.5011,0.521159,0.645669,0.211873,0.205184
2.50135,0.66151,0.354331,0.385965,0.205184
2.5016,0.618639,-0.015748,0.420311,0.205184
2.50185,0.386553,-0.425197,0.291806,0.205184
2.5021,0.0490191,-0.787402,0.0823345,0.205184
2.50235,-0.264077,-1,-0.117532,0.205184
2.5026,-0.447093,-1,-0.19882,0.205184
2.50285,-0.472249,-0.913386,-0.173367,0.205184
2.5031,-0.39292,-0.614173,-0.0813636,0.205184
2.50335,-0.299869,-0.228346,-0.0247295,0.205184
2.5036,-0.256097,0.149606,-0.0514253,0.205184
2.50385,-0.256021,0.480315,-0.16532,0.205184
2.5041,-0.234052,0.732283,-0.262572,0.205184
2.50435,-0.117411,0.889764,-0.266394,0.205184
2.5046,0.114914,0.944882,-0.132069,0.205184
2.50485,0.402959,0.874016,0.101144,0.205184
2.5051,0.631441,0.685039,0.32227,0.205184
2.50535,0.692871,0.362205,0.424563,0.205184
2.5056,0.550897,-0.0393701,0.351931,0.205184
2.50586,0.262853,-0.472441,0.1729,0.205184
2.50611,-0.0516878,-0.826772,-0.0218635,0.205184
2.50636,-0.277565,-1,-0.124949,0.205184
2.50661,-0.365511,-1,-0.124571,0.205184
2.50686,-0.348333,-0.866142,-0.0449763,0.205184
2.50711,-0.306902,-0.574803,0.0115322,0.205184
2.50736,-0.30721,-0.220472,-0.0348167,0.205184
2.50761,-0.351976,0.11811,-0.1597,0.205184
2.50786,-0.378178,0.440945,-0.289984,0.205184
2.50811,-0.303781,0.700787,-0.343248,0.205184
2.50836,-0.0890263,0.889764,-0.24524,0.205184
2.50861,0.223707,0.976378,-0.0214446,0.205184
2.50886,0.52282,0.913386,0.229143,0.205184
2.50911,0.685604,0.700787,0.37882,0.205184
2.50936,0.646783,0.346457,0.37481,0.205184
2.50961,0.433901,-0.0866142,0.242618,0.205184
2.50986,0.149866,-0.511811,0.0659048,0.205184
2.51011,-0.0884163,-0.84252,-0.0507645,0.205184
2.51036,-0.215247,-1,-0.0634047,0.205184
2.51061,-0.244649,-0.992126,0.00356252,0.205184
2.51086,-0.247216,-0.826772,0.0526728,0.205184
2.51111,-0.290916,-0.559055,0.0231757,0.205184
2.51136,-0.386751,-0.244094,-0.113249,0.205184
2.51161,-0.475559,0.0787402,-0.278551,0.205184
2.51186,-0.466406,0.409449,-0.380179,0.205184
2.51211,-0.299169,0.700787,-0.338043,0.205184
2.51236,0.00604794,0.92126,-0.14986,0.205184
2.51261,0.34869,1,0.0978663,0.205184
2.51286,0.597775,0.944882,0.296915,0.205184
2.51311,0.662901,0.692913,0.34796,0.205184
2.51336,0.540943,0.307087,0.267043,0.205184
2.51361,0.31295,-0.125984,0.113535,0.205184
2.51386,0.0912552,-0.535433,0.00314493,0.205184
2.51411,-0.0476028,-0.826772,-0.0132479,0.205184
2.51436,-0.101733,-0.96063,0.0581242,0.205184
2.51461,-0.132043,-0.944882,0.120689,0.205184
2.51486,-0.208525,-0.811024,0.0954737,0.205184
2.51511,-0.351304,-0.574803,-0.0399313,0.205184
2.51536,-0.507351,-0.283465,-0.236779,0.205184
2.51561,-0.579061,0.0472441,-0.39006,0.205184
2.51586,-0.485752,0.401575,-0.403145,0.205184
2.51611,-0.221423,0.724409,-0.254571,0.205184
2.51636,0.13147,0.96063,-0.0225603,0.205184
2.51661,0.441722,1,0.19999,0.205184
2.51686,0.599274,0.944882,0.297945,0.205184
2.51711,0.572081,0.661417,0.254302,0.205184
2.51736,0.416419,0.259843,0.137022,0.205184
2.51761,0.234711,-0.15748,0.0401844,0.205184
2.51786,0.109211,-0.535433,0.0201379,0.205184
2.51811,0.0544384,-0.795276,0.0903139,0.205184
2.51836,0.0182483,-0.92126,0.176164,0.205184
2.51861,-0.0719444,-0.92126,0.173704,0.205184
2.51886,-0.247453,-0.818898,0.0560103,0.205184
2.51911,-0.464478,-0.614173,-0.158077,0.205184
2.51936,-0.622422,-0.322835,-0.347191,0.205184
2.51961,-0.621772,0.0314961,-0.42586,0.205184
2.51986,-0.42821,0.417323,-0.340847,0.205184
2.52011,-0.10016,0.771654,-0.132533,0.205184
2.52036,0.238982,1,0.0885808,0.205184
2.52061,0.467175,1,0.227203,0.205184
2.52086,0.526737,0.913386,0.228067,0.205184
2.52111,0.448555,0.614173,0.13572,0.205184
2.52136,0.321483,0.220472,0.045595,0.205184
2.52161,0.229202,-0.165354,0.0369057,0.205184
2.52186,0.196324,-0.503937,0.110657,0.205184
2.52211,0.177789,-0.748031,0.212,0.205184
2.52236,0.0978113,-0.889764,0.252374,0.205184
2.52261,-0.0879359,-0.92126,0.158971,0.205184
2.52286,-0.349036,-0.84252,-0.0534528,0.205184
2.52311,-0.586941,-0.653543,-0.283715,0.205184
2.52336,-0.686993,-0.338583,-0.422422,0.205184
2.52361,-0.58678,0.0472441,-0.397864,0.205184
2.52386,-0.315903,0.456693,-0.229916,0.205184
2.52411,0.0177882,0.811024,-0.0147628,0.213044
2.52436,0.287413,1,0.138285,0.213044
2.52461,0.415491,1,0.169466,0.213044
2.52486,0.408689,0.874016,0.111391,0.213044
2.52511,0.340439,0.574803,0.0314186,0.213044
2.52536,0.29291,0.204724,0.0182681,0.213044
2.52561,0.298398,-0.149606,0.103755,0.213044
2.52586,0.318556,-0.464567,0.240059,0.213044
2.52611,0.273946,-0.716535,0.310186,0.213044
2.52636,0.105458,-0.88189,0.254209,0.213044
2.52661,-0.174312,-0.944882,0.0728258,0.213044
2.52686,-0.474459,-0.88189,-0.174902,0.213044
2.52711,-0.671107,-0.677165,-0.367781,0.213044
2.52736,-0.675933,-0.338583,-0.40379,0.213044
2.52761,-0.487526,0.0787402,-0.297149,0.213044
2.52786,-0.191968,0.503937,-0.108595,0.213044
2.52811,0.0871382,0.834646,0.0510911,0.213044
2.52836,0.25835,1,0.0998186,0.213044
2.52861,0.307252,1,0.0628061,0.213044
2.52886,0.291328,0.826772,-0.00647291,0.213044
2.52911,0.289792,0.551181,-0.022599,0.213044
2.52936,0.341621,0.220472,0.0762944,0.213044
2.52961,0.415164,-0.110236,0.231421,0.213044
2.52986,0.427933,-0.425197,0.353558,0.213044
2.53011,0.30497,-0.700787,0.345663,0.213044
2.53036,0.0376275,-0.897638,0.189415,0.213044
2.53062,-0.297829,-0.984252,-0.0552062,0.213044
2.53087,-0.575044,-0.913386,-0.279427,0.213044
2.53112,-0.684341,-0.677165,-0.37521,0.213044
2.53137,-0.593432,-0.307087,-0.318531,0.213044
2.53162,-0.362244,0.125984,-0.170731,0.213044
2.53187,-0.104141,0.535433,-0.0230683,0.213044
2.53212,0.081739,0.834646,0.0434132,0.213044
2.53237,0.163673,0.976378,0.00371987,0.213044
2.53262,0.184741,0.952756,-0.0669987,0.213044
2.53287,0.220405,0.795276,-0.0797396,0.213044
2.53312,0.316318,0.551181,0.00382,0.213044
2.53337,0.448734,0.251969,0.184317,0.213044
2.53362,0.533816,-0.0708661,0.346626,0.213044
2.53387,0.481472,-0.409449,0.401151,0.213044
2.53412,0.258535,-0.716535,0.303055,0.213044
2.53437,-0.0794118,-0.937008,0.0712735,0.213044
2.53462,-0.411108,-1,-0.167891,0.213044
2.53487,-0.61206,-0.929134,-0.313164,0.213044
2.53512,-0.621629,-0.661417,-0.315731,0.213044
2.53537,-0.47143,-0.267717,-0.195975,0.213044
2.53562,-0.259393,0.15748,-0.0652802,0.213044
2.53587,-0.0860505,0.543307,-0.00139641,0.213044
2.53612,0.00381007,0.811024,-0.0364946,0.213044
2.53637,0.040437,0.929134,-0.114855,0.213044
2.53662,0.0960533,0.92126,-0.14862,0.213044
2.53687,0.223749,0.795276,-0.0805587,0.213044
2.53712,0.409917,0.574803,0.0987706,0.213044
2.53737,0.572513,0.291339,0.303145,0.213044
2.53762,0.608109,-0.0472441,0.416595,0.213044
2.53787,0.458145,-0.417323,0.380177,0.213044
2.53812,0.152282,-0.748031,0.18858,0.213044
2.53837,-0.20113,-0.976378,-0.0431236,0.213044
2.53862,-0.470474,-1,-0.220854,0.213044
2.53887,-0.571467,-0.913386,-0.274016,0.213044
2.53912,-0.507458,-0.622047,-0.196889,0.213044
2.53937,-0.357416,-0.220472,-0.0840871,0.213044
2.53962,-0.21847,0.181102,-0.0295123,0.213044
2.53987,-0.144403,0.527559,-0.06212,0.213044
2.54012,-0.11579,0.771654,-0.15907,0.213044
2.54037,-0.0628958,0.897638,-0.21875,0.213044
2.54062,0.0761148,0.905512,-0.168054,0.213044
2.54087,0.300407,0.818898,0.000555787,0.213044
2.54112,0.534307,0.622047,0.224803,0.213044
2.54137,0.664824,0.322835,0.40191,0.213044
2.54162,0.608857,-0.0472441,0.422188,0.213044
2.54187,0.366696,-0.448819,0.283734,0.213044
2.54212,0.0265869,-0.795276,0.063991,0.213044
2.54237,-0.280682,-1,-0.130752,0.213044
2.54262,-0.45337,-1,-0.208234,0.213044
2.54287,-0.469194,-0.874016,-0.170759,0.213044
2.54312,-0.386403,-0.574803,-0.078606,0.213044
2.54337,-0.295231,-0.19685,-0.0280739,0.213044
2.54362,-0.255231,0.173228,-0.0686476,0.213044
2.54387,-0.256035,0.496063,-0.179086,0.213044
2.54412,-0.230013,0.732283,-0.277598,0.213044
2.54437,-0.105586,0.88189,-0.260381,0.213044
2.54462,0.132843,0.92126,-0.111817,0.213044
2.54487,0.420815,0.850394,0.125469,0.213044
2.54512,0.641291,0.645669,0.340287,0.213044
2.54537,0.689696,0.322835,0.428126,0.213044
2.54562,0.535598,-0.0787402,0.353584,0.213044
2.54587,0.241883,-0.488189,0.167204,0.213044
2.54612,-0.069874,-0.826772,-0.0328064,0.213044
2.54637,-0.287443,-1,-0.132893,0.213044
2.54662,-0.366675,-1,-0.1212,0.213044
2.54687,-0.34549,-0.826772,-0.0441189,0.213044
2.54712,-0.305251,-0.535433,0.00396782,0.213044
2.54737,-0.309112,-0.188976,-0.0437663,0.213044
2.54762,-0.355067,0.141732,-0.168627,0.213044
2.54787,-0.37735,0.456693,-0.302019,0.213044
2.54812,-0.294167,0.708661,-0.33885,0.213044
2.54837,-0.0709059,0.889764,-0.229368,0.213044
2.54862,0.244795,0.952756,-0.00372224,0.213044
2.54887,0.538537,0.88189,0.244184,0.213044
2.54912,0.68943,0.661417,0.385489,0.213044
2.54937,0.637488,0.307087,0.369531,0.213044
2.54962,0.41642,-0.11811,0.230741,0.213044
2.54987,0.132053,-0.527559,0.0543685,0.213044
2.55012,-0.100216,-0.84252,-0.0611158,0.213044
2.55037,-0.219373,-0.984252,-0.0648132,0.213044
2.55062,-0.244759,-0.96063,0.00528168,0.213044
2.55087,-0.248375,-0.795276,0.0499628,0.213044
2.55112,-0.295842,-0.527559,0.0118933,0.213044
2.55137,-0.393615,-0.212598,-0.130849,0.213044
2.55162,-0.479041,0.102362,-0.298134,0.213044
2.55187,-0.460644,0.425197,-0.39213,0.213044
2.55212,-0.282939,0.708661,-0.333195,0.213044
2.55237,0.0283846,0.913386,-0.134188,0.213044
2.55262,0.368981,0.992126,0.122595,0.213044
2.55287,0.608178,0.905512,0.307475,0.213044
2.55312,0.660184,0.653543,0.352775,0.213044
2.55337,0.528272,0.267717,0.259311,0.213044
2.55362,0.297347,-0.15748,0.110189,0.213044
2.55387,0.0793736,-0.551181,0.000244578,0.213044
2.55412,-0.053241,-0.826772,-0.00807981,0.213044
2.55437,-0.103701,-0.944882,0.0600698,0.213044
2.55462,-0.135117,-0.92126,0.111184,0.213044
2.55487,-0.21592,-0.779528,0.084403,0.213044
2.55512,-0.361886,-0.543307,-0.0541792,0.213044
2.55538,-0.515799,-0.251969,-0.256437,0.213044
2.55563,-0.578662,0.0708661,-0.395095,0.213044
2.55588,-0.473314,0.425197,-0.404275,0.213044
2.55613,-0.199953,0.740157,-0.243894,0.213044
2.55638,0.154303,0.952756,-0.00686153,0.213044
2.55663,0.457393,1,0.215261,0.213044
2.55688,0.602841,0.905512,0.299926,0.213044
2.55713,0.564944,0.614173,0.261171,0.213044
2.55738,0.404381,0.220472,0.141994,0.213044
2.55763,0.224303,-0.188976,0.0429893,0.213044
2.55788,0.103811,-0.543307,0.0282567,0.213044
2.55813,0.0525285,-0.787402,0.098449,0.213044
2.55838,0.0147138,-0.905512,0.174674,0.213044
2.55863,-0.0807477,-0.897638,0.167068,0.213044
2.55888,-0.261066,-0.787402,0.0355905,0.213044
2.55913,-0.477846,-0.574803,-0.17384,0.213044
2.55938,-0.628083,-0.283465,-0.369914,0.213044
2.55963,-0.614901,0.0629921,-0.433636,0.213044
2.55988,-0.410033,0.440945,-0.340545,0.213044
2.56013,-0.0771695,0.771654,-0.123239,0.213044
2.56038,0.25821,0.992126,0.0995885,0.213044
2.56063,0.476186,1,0.230768,0.213044
2.56088,0.525098,0.874016,0.2264,0.213044
2.56113,0.44081,0.574803,0.137386,0.213044
2.56138,0.313825,0.188976,0.0477895,0.213044
2.56163,0.225505,-0.188976,0.0424478,0.213044
2.56188,0.195638,-0.519685,0.117455,0.213044
2.56213,0.175237,-0.748031,0.220032,0.213044
2.56238,0.0891288,-0.874016,0.250072,0.213044
2.56263,-0.10327,-0.897638,0.142925,0.213044
2.56288,-0.366609,-0.818898,-0.0676878,0.213044
2.56313,-0.598791,-0.614173,-0.300407,0.213044
2.56338,-0.686759,-0.307087,-0.429002,0.213044
2.56363,-0.573635,0.0787402,-0.396891,0.213044
2.56388,-0.294886,0.480315,-0.217144,0.213044
2.56413,0.0383017,0.811024,-0.00694826,0.213044
2.56438,0.30033,1,0.144285,0.213044
2.56463,0.418698,1,0.171752,0.213044
2.56488,0.405246,0.834646,0.10334,0.213044
2.56513,0.336056,0.535433,0.0305523,0.213044
2.56538,0.291726,0.173228,0.0310054,0.213044
2.56563,0.300154,-0.173228,0.118718,0.213044
2.56588,0.318493,-0.480315,0.251914,0.213044
2.56613,0.266998,-0.716535,0.313642,0.213044
2.56638,0.0900489,-0.874016,0.248855,0.213044
2.56663,-0.194433,-0.929134,0.0519059,0.213044
2.56688,-0.491703,-0.858268,-0.193882,0.213044
2.56713,-0.677723,-0.637795,-0.381745,0.213044
2.56738,-0.669091,-0.299213,-0.408597,0.213044
2.56763,-0.470445,0.110236,-0.291803,0.213044
2.56788,-0.172103,0.519685,-0.0981211,0.213044
2.56813,0.102193,0.834646,0.0563065,0.213044
2.56838,0.265001,0.992126,0.106921,0.213044
2.56863,0.307319,0.968504,0.0556154,0.213044
2.56888,0.290069,0.795276,-0.0137063,0.213044
2.56913,0.29149,0.511811,-0.0145816,0.213044
2.56938,0.346549,0.188976,0.0847361,0.213044
2.56963,0.418719,-0.133858,0.239985,0.213044
2.56988,0.424521,-0.440945,0.353531,0.213044
2.57013,0.2917,-0.708661,0.34505,0.213044
2.57038,0.0168416,-0.897638,0.176295,0.213044
2.57063,-0.319055,-0.968504,-0.0693708,0.213044
2.57088,-0.587981,-0.88189,-0.295559,0.213044
2.57113,-0.684327,-0.637795,-0.385893,0.213044
2.57138,-0.58168,-0.267717,-0.324033,0.213044
2.57163,-0.34508,0.15748,-0.167179,0.213044
2.57188,-0.0891448,0.551181,-0.0182847,0.213044
2.57213,0.0900426,0.834646,0.0371515,0.213044
2.57238,0.166113,0.96063,0.00777372,0.213044
2.57263,0.185846,0.92126,-0.0606408,0.213044
2.57288,0.224637,0.76378,-0.0716207,0.213044
2.57313,0.324537,0.519685,0.0237321,0.213044
2.57338,0.456683,0.220472,0.20024,0.213044
2.57363,0.535339,-0.102362,0.35873,0.213044
2.57388,0.47212,-0.425197,0.406281,0.213044
2.57413,0.239156,-0.724409,0.289976,0.213044
2.57438,-0.102642,-0.929134,0.0582558,0.213044
2.57463,-0.429088,-1,-0.185386,0.213044
2.57488,-0.618657,-0.889764,-0.324558,0.213044
2.57513,-0.615985,-0.614173,-0.314966,0.213044
2.57538,-0.458423,-0.220472,-0.19221,0.213044
2.57563,-0.246082,0.188976,-0.0687113,0.213044
2.57588,-0.077692,0.559055,-0.00763024,0.213044
2.57613,0.00711857,0.80315,-0.0435872,0.213044
2.57638,0.0427832,0.913386,-0.119566,0.213044
2.57663,0.101961,0.889764,-0.15075,0.213044
2.57688,0.234698,0.76378,-0.0638409,0.213044
2.57713,0.422228,0.543307,0.123139,0.213044
2.57738,0.579616,0.259843,0.317363,0.213044
2.57763,0.604215,-0.0787402,0.425856,0.213044
2.57788,0.442297,-0.440945,0.373363,0.213044
2.57813,0.12919,-0.755906,0.18187,0.213044
2.57838,-0.222416,-0.968504,-0.0652835,0.213044
2.57863,-0.482608,-1,-0.233173,0.213044
2.57888,-0.571785,-0.874016,-0.274379,0.213044
2.57913,-0.499297,-0.574803,-0.202268,0.213044
2.57938,-0.347079,-0.181102,-0.0827609,0.213044
2.57963,-0.211561,0.204724,-0.0284477,0.213044
2.57989,-0.141659,0.535433,-0.0727951,0.213044
2.58014,-0.113817,0.76378,-0.164351,0.213044
2.58039,-0.0568044,0.88189,-0.218214,0.213044
2.58064,0.0884837,0.889764,-0.161321,0.213044
2.58089,0.316328,0.787402,0.0219103,0.213044
2.58114,0.547014,0.582677,0.246536,0.213044
2.58139,0.667333,0.283465,0.407698,0.213044
2.58164,0.598249,-0.0787402,0.421989,0.213044
2.58189,0.346134,-0.472441,0.277047,0.213044
2.58214,0.00441987,-0.80315,0.0558218,0.213044
2.58239,-0.29658,-0.992126,-0.136371,0.213044
2.58264,-0.458864,-1,-0.212128,0.213044
2.58289,-0.4659,-0.834646,-0.174231,0.213044
2.58314,-0.379702,-0.527559,-0.0749978,0.213044
2.58339,-0.290804,-0.15748,-0.0289771,0.213044
2.58364,-0.254486,0.19685,-0.0817577,0.213044
2.58389,-0.256038,0.503937,-0.193614,0.213044
2.58414,-0.225508,0.732283,-0.280982,0.213044
2.58439,-0.093377,0.866142,-0.257331,0.213044
2.58464,0.150997,0.905512,-0.0945553,0.213044
2.58489,0.438386,0.818898,0.143881,0.213044
2.58514,0.65042,0.614173,0.354347,0.213044
2.58539,0.685632,0.283465,0.429806,0.213044
2.58564,0.5196,-0.110236,0.341354,0.213044
2.58589,0.220941,-0.511811,0.151131,0.213044
2.58614,-0.0876446,-0.826772,-0.0356468,0.213044
2.58639,-0.296716,-0.992126,-0.134366,0.213044
2.58664,-0.367573,-0.976378,-0.122804,0.213044
2.58689,-0.34246,-0.795276,-0.0422221,0.213044
2.58714,-0.303763,-0.503937,-0.00333567,0.213044
2.58739,-0.311232,-0.165354,-0.051407,0.213044
2.58764,-0.358131,0.165354,-0.180619,0.213044
2.58789,-0.375893,0.464567,-0.312642,0.213044
2.58814,-0.283977,0.708661,-0.336581,0.213044
2.58839,-0.0521416,0.88189,-0.213318,0.213044
2.58864,0.265894,0.937008,0.0213519,0.213044
2.58889,0.553705,0.858268,0.256493,0.213044
2.58914,0.692327,0.622047,0.39666,0.213044
2.58939,0.627345,0.267717,0.368876,0.213044
2.58964,0.398478,-0.149606,0.22233,0.213044
2.58989,0.114476,-0.551181,0.0490589,0.213044
2.59014,-0.111638,-0.84252,-0.0610206,0.213044
2.59039,-0.223356,-0.968504,-0.062097,0.213044
2.59064,-0.244691,-0.937008,0.00958937,0.213044
2.59089,-0.249568,-0.76378,0.0491463,0.213044
2.59114,-0.300975,-0.496063,0.000854672,0.213044
2.59139,-0.400438,-0.188976,-0.148639,0.213044
2.59164,-0.48189,0.125984,-0.311065,0.213044
2.59189,-0.454159,0.440945,-0.387273,0.213044
2.59214,-0.26592,0.716535,-0.320204,0.213044
2.59239,0.0509709,0.913386,-0.112342,0.213044
2.59264,0.388732,0.976378,0.144488,0.213044
2.59289,0.617639,0.874016,0.324177,0.213044
2.59314,0.656561,0.606299,0.356172,0.213044
2.59339,0.514986,0.228346,0.256341,0.213044
2.59364,0.281741,-0.188976,0.10562,0.213044
2.59389,0.067771,-0.566929,0.00456174,0.213044
2.59414,-0.0585168,-0.826772,-0.00725513,0.213044
2.59439,-0.105273,-0.929134,0.0579556,0.213044
2.59464,-0.138182,-0.897638,0.108983,0.213044
2.59489,-0.223612,-0.748031,0.0747719,0.213044
2.59514,-0.372516,-0.511811,-0.0767853,0.213044
2.59539,-0.523638,-0.220472,-0.270251,0.213044
2.59564,-0.577345,0.102362,-0.407553,0.213044
2.59589,-0.460195,0.440945,-0.394261,0.213044
2.59614,-0.178249,0.748031,-0.226518,0.213044
2.59639,0.176795,0.944882,0.0120447,0.213044
2.59664,0.472285,1,0.230331,0.213044
2.59689,0.605676,0.866142,0.309606,0.213044
2.59714,0.557119,0.574803,0.262128,0.213044
2.59739,0.392243,0.181102,0.131988,0.213044
2.59764,0.214231,-0.212598,0.0427357,0.213044
2.59789,0.0987331,-0.559055,0.030301,0.213044
2.59814,0.050493,-0.787402,0.110423,0.213044
2.59839,0.011078,-0.889764,0.173561,0.213044
2.59864,-0.0899305,-0.874016,0.157513,0.213044
2.59889,-0.274916,-0.755906,0.0245578,0.213044
2.59914,-0.490762,-0.543307,-0.195235,0.213044
2.59939,-0.632913,-0.251969,-0.385163,0.213044
2.59964,-0.607253,0.0944882,-0.434928,0.213044
2.59989,-0.391303,0.464567,-0.325657,0.213044
2.60014,-0.0541702,0.787402,-0.111023,0.213044
2.60039,0.276919,0.976378,0.115792,0.213044
2.60064,0.484585,1,0.241256,0.213044
2.60089,0.522781,0.834646,0.22702,0.213044
2.60114,0.432864,0.527559,0.136691,0.213044
2.60139,0.306371,0.149606,0.0566571,0.213044
2.60164,0.222022,-0.220472,0.0495307,0.213044
2.60189,0.194827,-0.527559,0.131973,0.213044
2.60214,0.172454,-0.748031,0.228565,0.213044
2.60239,0.0798587,-0.866142,0.244854,0.213044
2.60264,-0.119022,-0.88189,0.127453,0.213044
2.60289,-0.3838,-0.787402,-0.0943382,0.213044
2.60314,-0.609827,-0.582677,-0.314516,0.213044
2.60339,-0.685679,-0.267717,-0.434646,0.213044
2.60364,-0.559774,0.110236,-0.394648,0.213044
2.60389,-0.273535,0.503937,-0.214757,0.213044
2.60414,0.0586211,0.818898,0.00222602,0.213044
2.60439,0.312724,0.992126,0.147084,0.213044
2.60465,0.421084,0.976378,0.173508,0.213044
2.6049,0.401501,0.795276,0.108391,0.213044
2.60515,0.331795,0.496063,0.030685,0.213044
2.6054,0.290787,0.141732,0.0388842,0.213044
2.60565,0.30174,-0.19685,0.135057,0.213044
2.6059,0.318216,-0.488189,0.261668,0.213044
2.60615,0.259623,-0.724409,0.317518,0.213044
2.6064,0.0742859,-0.866142,0.243091,0.213044
2.60665,-0.214515,-0.905512,0.0338532,0.213044
2.6069,-0.508285,-0.826772,-0.215117,0.213044
2.60715,-0.683559,-0.598425,-0.393156,0.213044
2.6074,-0.661402,-0.259843,-0.409402,0.213044
2.60765,-0.452867,0.141732,-0.283056,0.213044
2.6079,-0.152554,0.543307,-0.0898172,0.213044
2.60815,0.116587,0.834646,0.0612703,0.213044
2.6084,0.271004,0.976378,0.11014,0.213044
2.60865,0.307132,0.937008,0.0568346,0.213044
2.6089,0.288967,0.755906,-0.00976142,0.213044
2.60915,0.293437,0.480315,-0.00503905,0.213044
2.6094,0.35141,0.15748,0.104923,0.213044
2.60965,0.422325,-0.15748,0.256414,0.213044
2.6099,0.42061,-0.456693,0.367077,0.213044
2.61015,0.277689,-0.716535,0.338791,0.213044
2.6104,-0.0042147,-0.889764,0.163424,0.213044
2.61065,-0.3399,-0.944882,-0.0913785,0.213044
2.6109,-0.600266,-0.850394,-0.307522,0.213044
2.61115,-0.683474,-0.598425,-0.389653,0.213044
2.6114,-0.569404,-0.228346,-0.321405,0.213044
2.61165,-0.327909,0.188976,-0.162434,0.213044
2.6119,-0.0744745,0.566929,-0.0083961,0.213044
2.61215,0.0978016,0.834646,0.0429013,0.213044
2.6124,0.168427,0.944882,0.00437008,0.213044
2.61265,0.187041,0.897638,-0.062472,0.213044
2.6129,0.229213,0.732283,-0.0640481,0.213044
2.61315,0.332769,0.488189,0.0408248,0.213044
2.6134,0.464627,0.188976,0.219326,0.213044
2.61365,0.536181,-0.125984,0.368742,0.213044
2.6139,0.46203,-0.448819,0.402825,0.213044
2.61415,0.219183,-0.732283,0.276972,0.213044
2.6144,-0.125614,-0.929134,0.0372664,0.213044
2.61465,-0.446698,-0.976378,-0.201496,0.213044
2.6149,-0.624289,-0.858268,-0.327774,0.213044
2.61515,-0.60965,-0.574803,-0.320113,0.213044
2.6154,-0.44516,-0.181102,-0.190786,0.213044
2.61565,-0.233093,0.220472,-0.0609573,0.213044
2.6159,-0.0696587,0.574803,-0.00771645,0.213044
2.61615,0.0102086,0.80315,-0.0464617,0.213044
2.6164,0.0451158,0.905512,-0.120679,0.213044
2.61665,0.107999,0.874016,-0.14256,0.213044
2.6169,0.245765,0.732283,-0.0509627,0.213044
2.61715,0.434626,0.511811,0.138278,0.213044
2.6174,0.58615,0.220472,0.341113,0.213044
2.61765,0.599441,-0.110236,0.439459,0.213044
2.6179,0.425793,-0.456693,0.368456,0.213044
2.61815,0.10624,-0.76378,0.160311,0.213044
2.6184,-0.243454,-0.96063,-0.0785788,0.213044
2.61865,-0.493909,-0.992126,-0.244764,0.213044
2.6189,-0.571468,-0.834646,-0.280732,0.213044
2.61915,-0.490801,-0.535433,-0.196381,0.213044
2.6194,-0.336944,-0.149606,-0.0834116,0.213044
2.61965,-0.204971,0.228346,-0.03381,0.213044
2.6199,-0.139363,0.551181,-0.0775772,0.213044
2.62015,-0.111717,0.76378,-0.176368,0.213044
2.6204,-0.050443,0.874016,-0.223957,0.213044
2.62065,0.101293,0.866142,-0.152499,0.213044
2.6209,0.332446,0.755906,0.0435322,0.213044
2.62115,0.559453,0.551181,0.266679,0.213044
2.6214,0.669024,0.244094,0.424584,0.213044
2.62165,0.586915,-0.110236,0.423521,0.213044
2.6219,0.325359,-0.488189,0.26918,0.213044
2.62215,-0.0177378,-0.80315,0.0448554,0.213044
2.6224,-0.312041,-0.984252,-0.150212,0.213044
2.62265,-0.463684,-0.976378,-0.214098,0.213044
2.6229,-0.462273,-0.795276,-0.168965,0.213044
2.62315,-0.373169,-0.496063,-0.0777287,0.213044
2.6234,-0.286625,-0.125984,-0.0368387,0.213044
2.62365,-0.254043,0.220472,-0.0846872,0.213044
2.6239,-0.255908,0.519685,-0.202348,0.213044
2.62415,-0.220439,0.732283,-0.284363,0.218332
2.6244,-0.0806635,0.858268,-0.246841,0.218332
2.62465,0.169597,0.88189,-0.0779821,0.218332
2.6249,0.45583,0.795276,0.16623,0.218332
2.62515,0.658763,0.574803,0.365554,0.218332
2.6254,0.680692,0.251969,0.432389,0.218332
2.62565,0.503187,-0.141732,0.338779,0.218332
2.6259,0.199672,-0.527559,0.141594,0.218332
2.62615,-0.105061,-0.834646,-0.051099,0.218332
2.6264,-0.305505,-0.976378,-0.142819,0.218332
2.62665,-0.368058,-0.944882,-0.123157,0.218332
2.6269,-0.339498,-0.755906,-0.042135,0.218332
2.62715,-0.30256,-0.464567,-0.00577521,0.218332
2.6274,-0.313638,-0.133858,-0.0696315,0.218332
2.62765,-0.361005,0.188976,-0.194111,0.218332
2.6279,-0.373962,0.480315,-0.316492,0.218332
2.62815,-0.273009,0.716535,-0.3317,0.218332
2.6284,-0.0333419,0.874016,-0.200157,0.218332
2.62865,0.28696,0.913386,0.0359829,0.218332
2.6289,0.568224,0.826772,0.276657,0.218332
2.62915,0.694345,0.582677,0.404939,0.218332
2.62941,0.6166,0.228346,0.366706,0.218332
2.62966,0.380499,-0.181102,0.21603,0.218332
2.62991,0.0969397,-0.566929,0.039645,0.218332
2.63016,-0.122316,-0.834646,-0.0661011,0.218332
2.63041,-0.226826,-0.952756,-0.061965,0.218332
2.63066,-0.244747,-0.905512,0.00208791,0.218332
2.63091,-0.251084,-0.724409,0.0461423,0.218332
2.63116,-0.306417,-0.464567,-0.015617,0.218332
2.63141,-0.407195,-0.15748,-0.159473,0.218332
2.63166,-0.4842,0.149606,-0.32279,0.218332
2.63191,-0.447101,0.456693,-0.393625,0.218332
2.63216,-0.248534,0.724409,-0.313201,0.218332
2.63241,0.0738395,0.905512,-0.089923,0.218332
2.63266,0.408013,0.952756,0.159214,0.218332
2.63291,0.626341,0.84252,0.337538,0.218332
2.63316,0.652263,0.566929,0.364379,0.218332
2.63341,0.501473,0.188976,0.258627,0.218332
2.63366,0.266229,-0.220472,0.0997373,0.218332
2.63391,0.0566614,-0.574803,0.00295439,0.218332
2.63416,-0.0635625,-0.818898,0.00156388,0.218332
2.63441,-0.106982,-0.913386,0.0628645,0.218332
2.63466,-0.14172,-0.874016,0.113004,0.218332
2.63491,-0.231623,-0.716535,0.0566689,0.218332
2.63516,-0.383186,-0.488189,-0.0932569,0.218332
2.63541,-0.531117,-0.19685,-0.285878,0.218332
2.63566,-0.575358,0.125984,-0.41502,0.218332
2.63591,-0.446296,0.456693,-0.393113,0.218332
2.63616,-0.156049,0.748031,-0.21818,0.218332
2.63641,0.199146,0.937008,0.029076,0.218332
2.63666,0.486473,0.976378,0.239206,0.218332
2.63691,0.607786,0.834646,0.317134,0.218332
2.63716,0.548936,0.535433,0.257654,0.218332
2.63741,0.379919,0.149606,0.132273,0.218332
2.63766,0.204372,-0.23622,0.0419458,0.218332
2.63791,0.0939574,-0.566929,0.0445308,0.218332
2.63816,0.0483776,-0.787402,0.114906,0.218332
2.63841,0.00700829,-0.874016,0.175627,0.218332
2.63866,-0.0995802,-0.858268,0.15455,0.218332
2.63891,-0.288783,-0.732283,-0.00129448,0.218332
2.63916,-0.503345,-0.519685,-0.216976,0.218332
2.63941,-0.636989,-0.220472,-0.394666,0.218332
2.63966,-0.598783,0.11811,-0.442441,0.218332
2.63991,-0.371785,0.480315,-0.316087,0.218332
2.64016,-0.0312002,0.787402,-0.0923578,0.218332
2.64041,0.294971,0.968504,0.127514,0.218332
2.64066,0.492245,0.976378,0.246839,0.218332
2.64091,0.52001,0.80315,0.225607,0.218332
2.64116,0.424607,0.496063,0.13184,0.218332
2.64141,0.299114,0.11811,0.0577863,0.218332
2.64166,0.218727,-0.23622,0.0584986,0.218332
2.64191,0.194045,-0.535433,0.139183,0.218332
2.64216,0.169305,-0.748031,0.231726,0.218332
2.64241,0.0701644,-0.858268,0.236435,0.218332
2.64266,-0.13497,-0.866142,0.118271,0.218332
2.64291,-0.400895,-0.76378,-0.110689,0.218332
2.64316,-0.620218,-0.551181,-0.328337,0.218332
2.64341,-0.683663,-0.23622,-0.447045,0.218332
2.64366,-0.545088,0.141732,-0.389706,0.218332
2.64391,-0.25209,0.519685,-0.196223,0.218332
2.64416,0.0785971,0.826772,0.0185919,0.218332
2.64441,0.324363,0.976378,0.157218,0.218332
2.64466,0.423154,0.952756,0.170622,0.218332
2.64491,0.397355,0.76378,0.106235,0.218332
2.64516,0.32769,0.456693,0.0364116,0.218332
2.64541,0.290088,0.110236,0.0456565,0.218332
2.64566,0.303429,-0.212598,0.143623,0.218332
2.64591,0.317424,-0.503937,0.266758,0.218332
2.64616,0.251772,-0.724409,0.313904,0.218332
2.64641,0.0579482,-0.858268,0.231221,0.218332
2.64666,-0.234627,-0.889764,0.0154169,0.218332
2.64691,-0.524421,-0.795276,-0.238404,0.218332
2.64716,-0.688471,-0.566929,-0.403685,0.218332
2.64741,-0.652829,-0.220472,-0.409279,0.218332
2.64766,-0.434891,0.173228,-0.271322,0.218332
2.64791,-0.132943,0.559055,-0.0757638,0.218332
2.64816,0.130596,0.84252,0.0692428,0.218332
2.64841,0.276367,0.96063,0.111632,0.218332
2.64866,0.306616,0.913386,0.0545786,0.218332
2.64891,0.287848,0.724409,-0.00663485,0.218332
2.64916,0.295648,0.448819,0.0025648,0.218332
2.64941,0.356334,0.125984,0.117407,0.218332
2.64966,0.425287,-0.181102,0.266398,0.218332
2.64991,0.416092,-0.472441,0.363552,0.218332
2.65016,0.263269,-0.724409,0.33013,0.218332
2.65041,-0.0256269,-0.88189,0.143005,0.218332
2.65066,-0.360226,-0.929134,-0.115541,0.218332
2.65091,-0.611743,-0.818898,-0.319046,0.218332
2.65116,-0.681691,-0.559055,-0.391775,0.218332
2.65141,-0.556344,-0.188976,-0.320393,0.218332
2.65166,-0.310622,0.220472,-0.155156,0.218332
2.65191,-0.0603739,0.582677,-0.0102256,0.218332
2.65216,0.105312,0.834646,0.0404412,0.218332
2.65241,0.17009,0.929134,0.000520088,0.218332
2.65266,0.188284,0.874016,-0.0580947,0.218332
2.65291,0.234063,0.708661,-0.0573217,0.218332
2.65316,0.341176,0.456693,0.0547351,0.218332
2.65341,0.472097,0.15748,0.232776,0.218332
2.65366,0.536676,-0.149606,0.379763,0.218332
2.65391,0.451099,-0.464567,0.409449,0.218332
2.65417,0.199004,-0.740157,0.263225,0.218332
2.65442,-0.148601,-0.92126,0.0261038,0.218332
2.65467,-0.463552,-0.952756,-0.210531,0.218332
2.65492,-0.629181,-0.818898,-0.344636,0.218332
2.65517,-0.602523,-0.535433,-0.314541,0.218332
2.65542,-0.431758,-0.149606,-0.188794,0.218332
2.65567,-0.220254,0.244094,-0.0672496,0.218332
2.65592,-0.0621616,0.582677,-0.0107836,0.218332
2.65617,0.0130404,0.80315,-0.0532506,0.218332
2.65642,0.0475146,0.889764,-0.12557,0.218332
2.65667,0.114569,0.850394,-0.13782,0.218332
2.65692,0.25713,0.708661,-0.0327653,0.218332
2.65717,0.446652,0.488189,0.157575,0.218332
2.65742,0.592223,0.19685,0.356199,0.218332
2.65767,0.594035,-0.133858,0.43896,0.218332
2.65792,0.408551,-0.480315,0.356559,0.218332
2.65817,0.0830378,-0.771654,0.153938,0.218332
2.65842,-0.263666,-0.952756,-0.0985062,0.218332
2.65867,-0.504533,-0.96063,-0.252065,0.218332
2.65892,-0.5702,-0.80315,-0.276414,0.218332
2.65917,-0.482012,-0.496063,-0.19799,0.218332
2.65942,-0.326975,-0.110236,-0.0877454,0.218332
2.65967,-0.198601,0.251969,-0.0395425,0.218332
2.65992,-0.136987,0.559055,-0.0856796,0.218332
2.66017,-0.109902,0.76378,-0.177267,0.218332
2.66042,-0.043565,0.858268,-0.221462,0.218332
2.66067,0.114262,0.84252,-0.136969,0.218332
2.66092,0.34845,0.732283,0.0639709,0.218332
2.66117,0.571167,0.519685,0.28782,0.218332
2.66142,0.669925,0.212598,0.437135,0.218332
2.66167,0.574732,-0.141732,0.417772,0.218332
2.66192,0.304442,-0.511811,0.256378,0.218332
2.66217,-0.0396227,-0.811024,0.0296131,0.218332
2.66242,-0.326583,-0.968504,-0.160557,0.218332
2.66267,-0.467823,-0.952756,-0.218281,0.218332
2.66292,-0.458147,-0.76378,-0.170577,0.218332
2.66317,-0.366676,-0.456693,-0.0792968,0.218332
2.66342,-0.282694,-0.0944882,-0.0395909,0.218332
2.66367,-0.253784,0.23622,-0.0978735,0.218332
2.66392,-0.25571,0.527559,-0.207898,0.218332
2.66417,-0.215155,0.732283,-0.287378,0.218332
2.66442,-0.0673455,0.850394,-0.241379,0.218332
2.66467,0.188215,0.866142,-0.0617204,0.218332
2.66492,0.472787,0.76378,0.182696,0.218332
2.66517,0.666443,0.543307,0.388174,0.218332
2.66542,0.674948,0.212598,0.443576,0.218332
2.66567,0.486158,-0.173228,0.32846,0.218332
2.66592,0.178802,-0.551181,0.130154,0.218332
2.66617,-0.122044,-0.834646,-0.0600545,0.218332
2.66642,-0.31361,-0.96063,-0.139576,0.218332
2.66667,-0.368248,-0.92126,-0.117617,0.218332
2.66692,-0.336572,-0.724409,-0.0474291,0.218332
2.66717,-0.301544,-0.433071,-0.0143122,0.218332
2.66742,-0.316094,-0.102362,-0.0795664,0.218332
2.66767,-0.364075,0.204724,-0.216389,0.218332
2.66792,-0.371433,0.496063,-0.326069,0.218332
2.66817,-0.261434,0.716535,-0.336591,0.218332
2.66842,-0.0139496,0.866142,-0.181542,0.218332
2.66867,0.307767,0.897638,0.0580854,0.218332
2.66892,0.58208,0.795276,0.293718,0.218332
2.66917,0.695496,0.551181,0.410803,0.218332
2.66942,0.605232,0.188976,0.368623,0.218332
2.66967,0.362249,-0.212598,0.211621,0.218332
2.66992,0.0798131,-0.582677,0.032057,0.218332
2.67017,-0.132682,-0.834646,-0.0654657,0.218332
2.67042,-0.230037,-0.937008,-0.0568637,0.218332
2.67067,-0.244565,-0.88189,0.0045649,0.218332
2.67092,-0.252886,-0.700787,0.0344304,0.218332
2.67117,-0.311979,-0.433071,-0.0293976,0.218332
2.67142,-0.414012,-0.133858,-0.179878,0.218332
2.67167,-0.486014,0.173228,-0.341076,0.218332
2.67192,-0.439135,0.472441,-0.392797,0.218332
2.67217,-0.230487,0.724409,-0.303644,0.218332
2.67242,0.0963411,0.897638,-0.0766459,0.218332
2.67267,0.427047,0.929134,0.17384,0.218332
2.67292,0.634086,0.811024,0.349393,0.218332
2.67317,0.647218,0.527559,0.368163,0.218332
2.67342,0.487597,0.149606,0.25162,0.218332
2.67367,0.250845,-0.244094,0.102173,0.218332
2.67392,0.0458545,-0.590551,0.00019548,0.218332
2.67417,-0.068029,-0.818898,-0.0023356,0.218332
2.67442,-0.108773,-0.897638,0.0638208,0.218332
2.67467,-0.145313,-0.850394,0.110743,0.218332
2.67492,-0.239957,-0.692913,0.0490866,0.218332
2.67517,-0.394015,-0.456693,-0.112367,0.218332
2.67542,-0.538095,-0.165354,-0.30074,0.218332
2.67567,-0.572547,0.149606,-0.426732,0.218332
2.67592,-0.431905,0.480315,-0.388498,0.218332
2.67617,-0.133619,0.755906,-0.200942,0.218332
2.67642,0.221143,0.929134,0.054545,0.218332
2.67667,0.500037,0.952756,0.254164,0.218332
2.67692,0.609112,0.795276,0.32614,0.218332
2.67717,0.540319,0.496063,0.260672,0.218332
2.67742,0.367719,0.110236,0.129866,0.218332
2.67767,0.194928,-0.267717,0.0425063,0.218332
2.67792,0.0893671,-0.582677,0.0425069,0.218332
2.67817,0.0465232,-0.779528,0.120784,0.218332
2.67842,0.00253284,-0.866142,0.181635,0.218332
2.67867,-0.109615,-0.834646,0.13696,0.218332
2.67893,-0.303042,-0.700787,-0.0193241,0.218332
2.67918,-0.5156,-0.488189,-0.236032,0.218332
2.67943,-0.640386,-0.188976,-0.41383,0.218332
2.67968,-0.589421,0.149606,-0.437257,0.218332
2.67993,-0.352137,0.503937,-0.31402,0.218332
2.68018,-0.0079866,0.795276,-0.0765513,0.218332
2.68043,0.312578,0.952756,0.139718,0.218332
2.68068,0.498975,0.944882,0.253636,0.218332
2.68093,0.516769,0.76378,0.233841,0.218332
2.68118,0.416382,0.456693,0.137202,0.218332
2.68143,0.291972,0.0866142,0.0582824,0.218332
2.68168,0.215926,-0.259843,0.062835,0.218332
2.68193,0.193164,-0.551181,0.155418,0.218332
2.68218,0.165711,-0.748031,0.235971,0.218332
2.68243,0.0601829,-0.850394,0.236686,0.218332
2.68268,-0.151405,-0.84252,0.0949014,0.218332
2.68293,-0.417867,-0.732283,-0.128458,0.218332
2.68318,-0.629952,-0.519685,-0.347294,0.218332
2.68343,-0.680834,-0.19685,-0.453181,0.218332
2.68368,-0.529786,0.173228,-0.382687,0.218332
2.68393,-0.230187,0.535433,-0.18905,0.218332
2.68418,0.0980815,0.826772,0.0255295,0.218332
2.68443,0.335477,0.96063,0.160712,0.218332
2.68468,0.424491,0.92126,0.170545,0.218332
2.68493,0.393281,0.724409,0.107473,0.218332
2.68518,0.323608,0.425197,0.041889,0.218332
2.68543,0.289651,0.0866142,0.0543541,0.218332
2.68568,0.305057,-0.23622,0.163293,0.218332
2.68593,0.316498,-0.511811,0.277892,0.218332
2.68618,0.243152,-0.724409,0.320128,0.218332
2.68643,0.0413225,-0.850394,0.217036,0.218332
2.68668,-0.255016,-0.874016,-0.0109697,0.218332
2.68693,-0.539894,-0.771654,-0.253344,0.218332
2.68718,-0.692535,-0.527559,-0.414736,0.218332
2.68743,-0.64353,-0.181102,-0.410357,0.218332
2.68768,-0.416512,0.204724,-0.272162,0.218332
2.68793,-0.113354,0.574803,-0.0676933,0.218332
2.68818,0.143847,0.834646,0.0761645,0.218332
2.68843,0.281462,0.944882,0.106729,0.218332
2.68868,0.306085,0.88189,0.0546444,0.218332
2.68893,0.286852,0.692913,0.00165832,0.218332
2.68918,0.29812,0.417323,0.0162199,0.218332
2.68943,0.361369,0.102362,0.131323,0.218332
2.68968,0.427913,-0.204724,0.28772,0.218332
2.68993,0.411041,-0.488189,0.373877,0.218332
2.69018,0.248044,-0.724409,0.319422,0.218332
2.69043,-0.0474155,-0.874016,0.129315,0.218332
2.69068,-0.380389,-0.905512,-0.130913,0.218332
2.69093,-0.622431,-0.787402,-0.34047,0.218332
2.69118,-0.679094,-0.519685,-0.401998,0.218332
2.69143,-0.542941,-0.149606,-0.307593,0.218332
2.69168,-0.293304,0.244094,-0.149692,0.218332
2.69193,-0.0464406,0.598425,-0.00159325,0.218332
2.69218,0.112381,0.826772,0.0348188,0.218332
2.69243,0.171975,0.913386,0.000747782,0.218332
2.69268,0.189818,0.850394,-0.0604513,0.218332
2.69293,0.239057,0.677165,-0.0489944,0.218332
2.69318,0.349694,0.425197,0.0729351,0.218332
2.69343,0.47935,0.133858,0.249757,0.218332
2.69368,0.536228,-0.173228,0.398155,0.218332
2.69393,0.439433,-0.480315,0.40178,0.218332
2.69418,0.178014,-0.748031,0.247917,0.218332
2.69443,-0.171448,-0.913386,0.00257738,0.218332
2.69468,-0.479565,-0.929134,-0.23052,0.218332
2.69493,-0.633261,-0.787402,-0.345276,0.218332
2.69518,-0.594903,-0.496063,-0.313808,0.218332
2.69543,-0.417943,-0.110236,-0.188518,0.218332
2.69568,-0.207654,0.267717,-0.0611674,0.218332
2.69593,-0.0548242,0.590551,-0.0135297,0.218332
2.69618,0.0158676,0.80315,-0.0577819,0.218332
2.69643,0.0500069,0.874016,-0.131921,0.218332
2.69668,0.121421,0.826772,-0.130568,0.218332
2.69693,0.26859,0.677165,-0.0210264,0.218332
2.69718,0.458531,0.456693,0.179514,0.218332
2.69743,0.597502,0.165354,0.373655,0.218332
2.69768,0.587627,-0.165354,0.444431,0.218332
2.69793,0.390572,-0.496063,0.354209,0.218332
2.69818,0.0599859,-0.779528,0.133135,0.218332
2.69843,-0.283651,-0.944882,-0.11205,0.218332
2.69868,-0.514204,-0.937008,-0.262312,0.218332
2.69893,-0.568525,-0.76378,-0.277875,0.218332
2.69918,-0.472744,-0.456693,-0.190357,0.218332
2.69943,-0.317073,-0.0787402,-0.0888076,0.218332
2.69968,-0.192529,0.275591,-0.0462852,0.218332
2.69993,-0.134979,0.574803,-0.0942212,0.218332
2.70018,-0.107483,0.76378,-0.180815,0.218332
2.70043,-0.0366039,0.850394,-0.213396,0.218332
2.70068,0.127766,0.826772,-0.123809,0.218332
2.70093,0.36441,0.708661,0.0788544,0.218332
2.70118,0.582381,0.488189,0.304244,0.218332
2.70143,0.669904,0.181102,0.440103,0.218332
2.70168,0.561842,-0.173228,0.419657,0.218332
2.70193,0.282996,-0.535433,0.243734,0.218332
2.70218,-0.0610144,-0.811024,0.0164408,0.218332
2.70243,-0.340725,-0.952756,-0.170565,0.218332
2.70268,-0.47141,-0.92126,-0.220579,0.218332
2.70293,-0.4536,-0.724409,-0.170139,0.218332
2.70318,-0.360223,-0.417323,-0.0823449,0.218332
2.70343,-0.279081,-0.0629921,-0.048373,0.218332
2.70369,-0.253522,0.259843,-0.10979,0.218332
2.70394,-0.255349,0.535433,-0.221847,0.218332
2.70419,-0.20928,0.732283,-0.285963,0.218332
2.70444,-0.0535532,0.84252,-0.228185,0.218332
2.70469,0.206776,0.850394,-0.0402191,0.218332
2.70494,0.489352,0.740157,0.208296,0.218332
2.70519,0.673182,0.511811,0.397211,0.218332
2.70544,0.668225,0.173228,0.444878,0.218332
2.70569,0.468769,-0.204724,0.327026,0.218332
2.70594,0.157756,-0.566929,0.124582,0.218332
2.70619,-0.138547,-0.834646,-0.0630437,0.218332
2.70644,-0.320954,-0.952756,-0.149613,0.218332
2.70669,-0.367874,-0.889764,-0.113598,0.218332
2.70694,-0.333521,-0.692913,-0.0466411,0.218332
2.70719,-0.300789,-0.401575,-0.0206519,0.218332
2.70744,-0.318774,-0.0787402,-0.0948721,0.218332
2.70769,-0.366639,0.228346,-0.22285,0.218332
2.70794,-0.368539,0.511811,-0.332666,0.218332
2.70819,-0.249498,0.724409,-0.327234,0.218332
2.70844,0.00576909,0.858268,-0.172251,0.218332
2.70869,0.328182,0.88189,0.0811281,0.218332
2.70894,0.595223,0.76378,0.309434,0.218332
2.70919,0.695711,0.511811,0.425016,0.218332
2.70944,0.593142,0.149606,0.362249,0.218332
2.70969,0.343832,-0.23622,0.196933,0.218332
2.70994,0.0632112,-0.598425,0.0316583,0.218332
2.71019,-0.142578,-0.834646,-0.0629196,0.218332
2.71044,-0.232478,-0.92126,-0.0519039,0.218332
2.71069,-0.244556,-0.858268,0.004261,0.218332
2.71094,-0.254918,-0.669291,0.0359935,0.218332
2.71119,-0.317773,-0.401575,-0.0399765,0.218332
2.71144,-0.420525,-0.102362,-0.197841,0.218332
2.71169,-0.487635,0.19685,-0.345458,0.218332
2.71194,-0.430463,0.488189,-0.393788,0.218332
2.71219,-0.212163,0.732283,-0.289109,0.218332
2.71244,0.119097,0.889764,-0.0557604,0.218332
2.71269,0.44538,0.913386,0.196445,0.218332
2.71294,0.641122,0.779528,0.35642,0.218332
2.71319,0.641287,0.496063,0.36931,0.218332
2.71344,0.47346,0.11811,0.241583,0.218332
2.71369,0.235606,-0.267717,0.0917702,0.218332
2.71394,0.0356667,-0.606299,0.00127382,0.218332
2.71419,-0.0722582,-0.818898,0.00987166,0.218332
2.71444,-0.110357,-0.889764,0.0720238,0.218332
2.71469,-0.14936,-0.826772,0.104457,0.218332
2.71494,-0.248558,-0.661417,0.0331039,0.218332
2.71519,-0.404624,-0.425197,-0.123969,0.218332
2.71544,-0.544783,-0.133858,-0.318662,0.218332
2.71569,-0.569205,0.181102,-0.431284,0.218332
2.71594,-0.416618,0.496063,-0.386404,0.218332
2.71619,-0.110941,0.76378,-0.193223,0.218332
2.71644,0.242865,0.929134,0.0656804,0.218332
2.71669,0.512908,0.929134,0.267811,0.218332
2.71694,0.609445,0.76378,0.329796,0.218332
2.71719,0.531253,0.456693,0.252138,0.218332
2.71744,0.355596,0.0787402,0.13208,0.218332
2.71769,0.185677,-0.291339,0.0489248,0.218332
2.71794,0.0851857,-0.590551,0.0543793,0.218332
2.71819,0.0446192,-0.779528,0.125942,0.218332
2.71844,-0.00224346,-0.858268,0.181341,0.218332
2.71869,-0.119824,-0.818898,0.129303,0.218332
2.71894,-0.317253,-0.685039,-0.0327854,0.218332
2.71919,-0.527649,-0.456693,-0.256289,0.218332
2.71944,-0.643068,-0.15748,-0.425397,0.218332
2.71969,-0.579247,0.181102,-0.437698,0.218332
2.71994,-0.331814,0.527559,-0.296727,0.218332
2.72019,0.0149317,0.80315,-0.0659289,0.218332
2.72044,0.329449,0.944882,0.151594,0.218332
2.72069,0.505092,0.92126,0.260108,0.218332
2.72094,0.512903,0.732283,0.231928,0.218332
2.72119,0.408093,0.417323,0.130327,0.218332
2.72144,0.285121,0.0551181,0.063732,0.218332
2.72169,0.213135,-0.283465,0.0701153,0.218332
2.72194,0.192457,-0.559055,0.157354,0.218332
2.72219,0.162018,-0.748031,0.239237,0.218332
2.72244,0.0494989,-0.84252,0.234271,0.218332
2.72269,-0.167789,-0.826772,0.0862828,0.218332
2.72294,-0.434539,-0.708661,-0.150816,0.218332
2.72319,-0.639124,-0.488189,-0.364138,0.218332
2.72344,-0.677066,-0.165354,-0.452461,0.218332
2.72369,-0.513838,0.19685,-0.37242,0.218332
2.72394,-0.208572,0.559055,-0.17597,0.218332
2.72419,0.117276,0.826772,0.0411111,0.227027
2.72444,0.345672,0.952756,0.164415,0.227027
2.72469,0.425501,0.897638,0.172788,0.227027
2.72494,0.389045,0.692913,0.108072,0.227027
2.72519,0.319831,0.393701,0.0464719,0.227027
2.72544,0.289389,0.0551181,0.0701961,0.227027
2.72569,0.307008,-0.259843,0.168926,0.227027
2.72594,0.314995,-0.527559,0.285388,0.227027
2.72619,0.234211,-0.732283,0.319925,0.227027
2.72644,0.0241223,-0.84252,0.206504,0.227027
2.72669,-0.275177,-0.858268,-0.0211694,0.227027
2.72694,-0.555078,-0.740157,-0.269397,0.227027
2.72719,-0.695723,-0.496063,-0.428273,0.227027
2.72744,-0.633531,-0.149606,-0.413568,0.227027
2.72769,-0.397849,0.23622,-0.262981,0.227027
2.72794,-0.0943429,0.590551,-0.0673508,0.227027
2.72819,0.156811,0.84252,0.0803148,0.227027
2.72845,0.286063,0.929134,0.108562,0.227027
2.7287,0.30518,0.858268,0.0511474,0.227027
2.72895,0.286132,0.661417,0.00401493,0.227027
2.7292,0.300795,0.385827,0.0257491,0.227027
2.72945,0.366527,0.0787402,0.148334,0.227027
2.7297,0.430335,-0.220472,0.297679,0.227027
2.72995,0.405142,-0.503937,0.374001,0.227027
2.7302,0.23224,-0.732283,0.31588,0.227027
2.73045,-0.0689712,-0.866142,0.108075,0.227027
2.7307,-0.400336,-0.889764,-0.152789,0.227027
2.73095,-0.6322,-0.755906,-0.352201,0.227027
2.7312,-0.675692,-0.488189,-0.399559,0.227027
2.73145,-0.529121,-0.11811,-0.309154,0.227027
2.7317,-0.276031,0.267717,-0.138854,0.227027
2.73195,-0.0328614,0.606299,-0.00651363,0.227027
2.7322,0.118771,0.826772,0.0378259,0.227027
2.73245,0.173678,0.897638,-0.00772257,0.227027
2.7327,0.191309,0.826772,-0.0622819,0.227027
2.73295,0.244475,0.645669,-0.0373136,0.227027
2.7332,0.358423,0.401575,0.0896709,0.227027
2.73345,0.48623,0.110236,0.266691,0.227027
2.7337,0.535113,-0.19685,0.404357,0.227027
2.73395,0.427266,-0.496063,0.395666,0.227027
2.7342,0.156786,-0.748031,0.239728,0.227027
2.73445,-0.194073,-0.905512,-0.0199268,0.227027
2.7347,-0.495099,-0.913386,-0.244747,0.227027
2.73495,-0.636505,-0.755906,-0.355067,0.227027
2.7352,-0.586715,-0.456693,-0.318095,0.227027
2.73545,-0.404177,-0.0787402,-0.18098,0.227027
2.7357,-0.195398,0.291339,-0.0537027,0.227027
2.73595,-0.0478512,0.606299,-0.0153406,0.227027
2.7362,0.0182915,0.795276,-0.0655716,0.227027
2.73645,0.0528996,0.858268,-0.13092,0.227027
2.7367,0.128674,0.811024,-0.124106,0.227027
2.73695,0.280476,0.653543,-0.00325061,0.227027
2.7372,0.470194,0.425197,0.199363,0.227027
2.73745,0.602211,0.133858,0.387465,0.227027
2.7377,0.580404,-0.188976,0.448589,0.227027
2.73795,0.372346,-0.519685,0.346912,0.227027
2.7382,0.0364417,-0.787402,0.117146,0.227027
2.73845,-0.303144,-0.929134,-0.126446,0.227027
2.7387,-0.5233,-0.913386,-0.276247,0.227027
2.73895,-0.566198,-0.732283,-0.281937,0.227027
2.7392,-0.463396,-0.417323,-0.19064,0.227027
2.73945,-0.30721,-0.0472441,-0.0825488,0.227027
2.7397,-0.186915,0.299213,-0.0482519,0.227027
2.73995,-0.132896,0.582677,-0.110694,0.227027
2.7402,-0.104874,0.76378,-0.185006,0.227027
2.74045,-0.0288991,0.834646,-0.205938,0.227027
2.7407,0.141671,0.811024,-0.111726,0.227027
2.74095,0.380184,0.685039,0.0993915,0.227027
2.7412,0.59303,0.456693,0.321733,0.227027
2.74145,0.669107,0.149606,0.457553,0.227027
2.7417,0.548148,-0.19685,0.414833,0.227027
2.74195,0.261076,-0.551181,0.230833,0.227027
2.7422,-0.0823647,-0.818898,0.0016801,0.227027
2.74245,-0.354215,-0.944882,-0.178865,0.227027
2.7427,-0.474166,-0.897638,-0.224148,0.227027
2.74295,-0.44892,-0.692913,-0.16573,0.227027
2.7432,-0.353678,-0.385827,-0.0845821,0.227027
2.74345,-0.275654,-0.0393701,-0.0556151,0.227027
2.7437,-0.253386,0.283465,-0.124751,0.227027
2.74395,-0.25457,0.551181,-0.230418,0.227027
2.7442,-0.202797,0.740157,-0.284658,0.227027
2.74445,-0.0394878,0.834646,-0.223454,0.227027
2.7447,0.2258,0.834646,-0.02256,0.227027
2.74495,0.505379,0.716535,0.226961,0.227027
2.7452,0.679132,0.480315,0.406173,0.227027
2.74545,0.660708,0.141732,0.44628,0.227027
2.7457,0.450566,-0.228346,0.31782,0.227027
2.74595,0.136604,-0.582677,0.107439,0.227027
2.7462,-0.154308,-0.834646,-0.0707746,0.227027
2.74645,-0.327942,-0.937008,-0.149401,0.227027
2.7467,-0.367148,-0.866142,-0.11795,0.227027
2.74695,-0.330447,-0.661417,-0.0506859,0.227027
2.7472,-0.300239,-0.370079,-0.0310006,0.227027
2.74745,-0.321527,-0.0472441,-0.102543,0.227027
2.7477,-0.369007,0.251969,-0.239866,0.227027
2.74795,-0.365182,0.519685,-0.341259,0.227027
2.7482,-0.236718,0.724409,-0.322855,0.227027
2.74845,0.0257008,0.850394,-0.157973,0.227027
2.7487,0.34855,0.866142,0.0994597,0.227027
2.74895,0.607642,0.740157,0.33196,0.227027
2.7492,0.695089,0.480315,0.426453,0.227027
2.74945,0.580251,0.11811,0.366913,0.227027
2.7497,0.325253,-0.267717,0.192733,0.227027
2.74995,0.0467292,-0.614173,0.0152427,0.227027
2.7502,-0.151722,-0.834646,-0.0680583,0.227027
2.75045,-0.234985,-0.905512,-0.047907,0.227027
2.7507,-0.244366,-0.826772,0.0124868,0.227027
2.75095,-0.257015,-0.637795,0.0221596,0.227027
2.7512,-0.323748,-0.377953,-0.0507527,0.227027
2.75145,-0.426966,-0.0787402,-0.209684,0.227027
2.7517,-0.488394,0.220472,-0.355958,0.227027
2.75195,-0.421336,0.503937,-0.398402,0.227027
2.7522,-0.192984,0.740157,-0.282787,0.227027
2.75245,0.141834,0.88189,-0.0390515,0.227027
2.7527,0.462961,0.889764,0.216184,0.227027
2.75295,0.647286,0.748031,0.363853,0.227027
2.75321,0.634737,0.456693,0.361147,0.227027
2.75346,0.458764,0.0787402,0.238315,0.227027
2.75371,0.220699,-0.299213,0.0861813,0.227027
2.75396,0.0256739,-0.614173,0.00103432,0.227027
2.75421,-0.0763305,-0.811024,0.00836772,0.227027
2.75446,-0.111909,-0.874016,0.069562,0.227027
2.75471,-0.15358,-0.80315,0.0992982,0.227027
2.75496,-0.257306,-0.637795,0.0248487,0.227027
2.75521,-0.415198,-0.401575,-0.150475,0.227027
2.75546,-0.55086,-0.110236,-0.336522,0.227027
2.75571,-0.564856,0.204724,-0.438192,0.227027
2.75596,-0.400574,0.511811,-0.379326,0.227027
2.75621,-0.0882951,0.771654,-0.170928,0.227027
2.75646,0.264221,0.913386,0.0886537,0.227027
2.75671,0.524782,0.905512,0.272609,0.227027
2.75696,0.609234,0.732283,0.330783,0.227027
2.75721,0.521557,0.425197,0.249871,0.227027
2.75746,0.343439,0.0472441,0.130668,0.227027
2.75771,0.176736,-0.307087,0.0435379,0.227027
2.75796,0.0813649,-0.598425,0.0559585,0.227027
2.75821,0.0424949,-0.779528,0.125808,0.227027
2.75846,-0.00697629,-0.84252,0.172702,0.227027
2.75871,-0.130578,-0.795276,0.117548,0.227027
2.75896,-0.331527,-0.653543,-0.0545574,0.227027
2.75921,-0.539121,-0.425197,-0.268558,0.227027
2.75946,-0.644854,-0.125984,-0.433407,0.227027
2.75971,-0.568379,0.204724,-0.439048,0.227027
2.75996,-0.31106,0.543307,-0.286648,0.227027
2.76021,0.0374654,0.80315,-0.0487898,0.227027
2.76046,0.345855,0.937008,0.167818,0.227027
2.76071,0.510541,0.897638,0.26275,0.227027
2.76096,0.508482,0.700787,0.230387,0.227027
2.76121,0.399732,0.385827,0.129527,0.227027
2.76146,0.27858,0.023622,0.0631659,0.227027
2.76171,0.210575,-0.299213,0.079367,0.227027
2.76196,0.191741,-0.566929,0.168187,0.227027
2.76221,0.157875,-0.748031,0.24596,0.227027
2.76246,0.0383525,-0.826772,0.217606,0.227027
2.76271,-0.184585,-0.811024,0.0610892,0.227027
2.76296,-0.450945,-0.685039,-0.167431,0.227027
2.76321,-0.647411,-0.456693,-0.378088,0.227027
2.76346,-0.672405,-0.133858,-0.463776,0.227027
2.76371,-0.497433,0.228346,-0.366189,0.227027
2.76396,-0.186657,0.574803,-0.160216,0.227027
2.76421,0.136044,0.834646,0.0475901,0.227027
2.76446,0.355478,0.937008,0.175216,0.227027
2.76471,0.425833,0.874016,0.179551,0.227027
2.76496,0.384564,0.661417,0.105719,0.227027
2.76521,0.31623,0.362205,0.0432971,0.227027
2.76546,0.289424,0.023622,0.0794665,0.227027
2.76571,0.308596,-0.275591,0.187509,0.227027
2.76596,0.313277,-0.543307,0.293929,0.227027
2.76621,0.224463,-0.732283,0.313447,0.227027
2.76646,0.00652869,-0.834646,0.185908,0.227027
2.76671,-0.295075,-0.834646,-0.042558,0.227027
2.76696,-0.56949,-0.716535,-0.292015,0.227027
2.76721,-0.698032,-0.464567,-0.434452,0.227027
2.76746,-0.622711,-0.110236,-0.413435,0.227027
2.76771,-0.378894,0.259843,-0.254227,0.227027
2.76796,-0.0753514,0.606299,-0.0541374,0.227027
2.76821,0.169231,0.84252,0.0830786,0.227027
2.76846,0.289803,0.913386,0.104423,0.227027
2.76871,0.304302,0.834646,0.0521423,0.227027
2.76896,0.285459,0.629921,0.00774478,0.227027
2.76921,0.303728,0.354331,0.0346081,0.227027
2.76946,0.371526,0.0472441,0.162107,0.227027
2.76971,0.432407,-0.244094,0.311432,0.227027
2.76996,0.3986,-0.519685,0.382031,0.227027
2.77021,0.216116,-0.732283,0.307857,0.227027
2.77046,-0.0908947,-0.866142,0.0946663,0.227027
2.77071,-0.419486,-0.866142,-0.167457,0.227027
2.77096,-0.641322,-0.732283,-0.366388,0.227027
2.77121,-0.671463,-0.448819,-0.403795,0.227027
2.77146,-0.514773,-0.0787402,-0.303709,0.227027
2.77171,-0.258807,0.299213,-0.132729,0.227027
2.77196,-0.0199525,0.622047,0.00054168,0.227027
2.77221,0.124854,0.826772,0.0399075,0.227027
2.77246,0.17499,0.88189,-0.00853836,0.227027
2.77271,0.193149,0.80315,-0.0551141,0.227027
2.77296,0.250166,0.622047,-0.026086,0.227027
2.77321,0.367114,0.370079,0.0992432,0.227027
2.77346,0.492964,0.0787402,0.282896,0.227027
2.77371,0.533477,-0.220472,0.414043,0.227027
2.77396,0.414175,-0.519685,0.394285,0.227027
2.77421,0.135449,-0.755906,0.228442,0.227027
2.77446,-0.216524,-0.897638,-0.0378306,0.227027
2.77471,-0.510028,-0.889764,-0.263412,0.227027
2.77496,-0.638812,-0.724409,-0.35724,0.227027
2.77521,-0.577952,-0.417323,-0.310684,0.227027
2.77546,-0.390384,-0.0472441,-0.173857,0.227027
2.77571,-0.183345,0.322835,-0.0534559,0.227027
2.77596,-0.0415513,0.614173,-0.0261777,0.227027
2.77621,0.0206289,0.795276,-0.0728991,0.227027
2.77646,0.0559751,0.850394,-0.132828,0.227027
2.77671,0.136084,0.787402,-0.11813,0.227027
2.77696,0.292434,0.629921,0.011179,0.227027
2.77721,0.481792,0.393701,0.220481,0.227027
2.77746,0.606328,0.102362,0.398286,0.227027
2.77771,0.572532,-0.212598,0.453974,0.227027
2.77797,0.353349,-0.535433,0.33156,0.227027
2.77822,0.0130766,-0.795276,0.105834,0.227027
2.77847,-0.322008,-0.92126,-0.140119,0.227027
2.77872,-0.531593,-0.889764,-0.282245,0.227027
2.77897,-0.563133,-0.700787,-0.288529,0.227027
2.77922,-0.453846,-0.385827,-0.189647,0.227027
2.77947,-0.297706,-0.015748,-0.0895451,0.227027
2.77972,-0.181503,0.322835,-0.0587079,0.227027
2.77997,-0.131107,0.590551,-0.117601,0.227027
2.78022,-0.102299,0.76378,-0.197701,0.227027
2.78047,-0.0207783,0.826772,-0.204291,0.227027
2.78072,0.155629,0.795276,-0.0954193,0.227027
2.78097,0.396156,0.653543,0.123283,0.227027
2.78122,0.603253,0.425197,0.344156,0.227027
2.78147,0.667384,0.11811,0.462926,0.227027
2.78172,0.533731,-0.228346,0.410382,0.227027
2.78197,0.23932,-0.566929,0.220732,0.227027
2.78222,-0.103548,-0.826772,-0.0178155,0.227027
2.78247,-0.36682,-0.937008,-0.184576,0.227027
2.78272,-0.476478,-0.874016,-0.220435,0.227027
2.78297,-0.443941,-0.661417,-0.162268,0.227027
2.78322,-0.347383,-0.354331,-0.0831514,0.227027
2.78347,-0.272502,-0.00787402,-0.0610221,0.227027
2.78372,-0.253678,0.299213,-0.134367,0.227027
2.78397,-0.253563,0.559055,-0.238772,0.227027
2.78422,-0.196069,0.740157,-0.291525,0.227027
2.78447,-0.024773,0.826772,-0.206455,0.227027
2.78472,0.24473,0.811024,-0.00722359,0.227027
2.78497,0.521247,0.685039,0.239979,0.227027
2.78522,0.684246,0.440945,0.422181,0.227027
2.78547,0.652439,0.110236,0.448529,0.227027
2.78572,0.432091,-0.259843,0.313266,0.227027
2.78597,0.115954,-0.606299,0.0941631,0.227027
2.78622,-0.16984,-0.84252,-0.0834214,0.227027
2.78647,-0.334343,-0.92126,-0.149035,0.227027
2.78672,-0.366284,-0.84252,-0.111588,0.227027
2.78697,-0.327572,-0.629921,-0.0480958,0.227027
2.78722,-0.299945,-0.338583,-0.0396713,0.227027
2.78747,-0.324536,-0.023622,-0.121776,0.227027
2.78772,-0.371318,0.275591,-0.256247,0.227027
2.78797,-0.361067,0.535433,-0.343173,0.227027
2.78822,-0.223346,0.732283,-0.31341,0.227027
2.78847,0.0459929,0.850394,-0.142678,0.227027
2.78872,0.368836,0.850394,0.123099,0.227027
2.78897,0.619212,0.708661,0.342374,0.227027
2.78922,0.693586,0.440945,0.429297,0.227027
2.78947,0.566994,0.0787402,0.357571,0.227027
2.78972,0.306613,-0.299213,0.187205,0.227027
2.78997,0.030521,-0.629921,0.0101461,0.227027
2.79022,-0.160602,-0.834646,-0.0649383,0.227027
2.79047,-0.237171,-0.897638,-0.045792,0.227027
2.79072,-0.244198,-0.811024,0.0115127,0.227027
2.79097,-0.259542,-0.614173,0.0224457,0.227027
2.79122,-0.329984,-0.346457,-0.0668638,0.227027
2.79147,-0.433159,-0.0472441,-0.229614,0.227027
2.79172,-0.488593,0.244094,-0.373175,0.227027
2.79197,-0.41125,0.527559,-0.404159,0.227027
2.79222,-0.17345,0.748031,-0.271118,0.227027
2.79247,0.164479,0.88189,-0.0229717,0.227027
2.79272,0.480136,0.874016,0.229886,0.227027
2.79297,0.652489,0.716535,0.375271,0.227027
2.79322,0.627501,0.417323,0.362418,0.227027
2.79347,0.443997,0.0472441,0.240401,0.227027
2.79372,0.205719,-0.322835,0.0828968,0.227027
2.79397,0.0160922,-0.629921,0.00475451,0.227027
2.79422,-0.0798682,-0.811024,0.0154699,0.227027
2.79447,-0.113722,-0.858268,0.0769782,0.227027
2.79472,-0.158002,-0.787402,0.0916059,0.227027
2.79497,-0.266483,-0.614173,0.00988453,0.227027
2.79522,-0.425682,-0.370079,-0.166915,0.227027
2.79547,-0.55634,-0.0787402,-0.353938,0.227027
2.79572,-0.559731,0.228346,-0.439745,0.227027
2.79597,-0.384184,0.535433,-0.370089,0.227027
2.79622,-0.065041,0.779528,-0.159217,0.227027
2.79647,0.284947,0.905512,0.0938202,0.227027
2.79672,0.536076,0.88189,0.288977,0.227027
2.79697,0.608275,0.700787,0.332755,0.227027
2.79722,0.511686,0.385827,0.24719,0.227027
2.79747,0.331199,0.015748,0.119638,0.227027
2.79772,0.168278,-0.330709,0.0502409,0.227027
2.79797,0.0775799,-0.614173,0.0667937,0.227027
2.79822,0.0405675,-0.779528,0.136946,0.227027
2.79847,-0.0124026,-0.834646,0.17698,0.227027
2.79872,-0.141711,-0.779528,0.114035,0.227027
2.79897,-0.345735,-0.629921,-0.0704242,0.227027
2.79922,-0.550155,-0.401575,-0.292416,0.227027
2.79947,-0.645931,-0.102362,-0.442548,0.227027
2.79972,-0.556611,0.23622,-0.437176,0.227027
2.79997,-0.289951,0.559055,-0.273185,0.227027
2.80022,0.0600649,0.811024,-0.0277647,0.227027
2.80047,0.361633,0.929134,0.171387,0.227027
2.80072,0.515085,0.874016,0.262336,0.227027
2.80097,0.503781,0.669291,0.221166,0.227027
2.80122,0.391151,0.354331,0.129321,0.227027
2.80147,0.272206,0,0.0654526,0.227027
2.80172,0.208401,-0.322835,0.0875264,0.227027
2.80197,0.190746,-0.582677,0.180557,0.227027
2.80222,0.153199,-0.748031,0.251491,0.227027
2.80247,0.0269808,-0.818898,0.215887,0.227027
2.80273,-0.201575,-0.795276,0.0545658,0.227027
2.80298,-0.466949,-0.661417,-0.191094,0.227027
2.80323,-0.654975,-0.425197,-0.398175,0.227027
2.80348,-0.666965,-0.102362,-0.467492,0.227027
2.80373,-0.480122,0.259843,-0.359457,0.227027
2.80398,-0.164693,0.598425,-0.147158,0.227027
2.80423,0.154116,0.834646,0.0615779,0.227027
2.80448,0.364632,0.92126,0.17901,0.227027
2.80473,0.425669,0.850394,0.176366,0.227027
2.80498,0.379904,0.629921,0.103101,0.227027
2.80523,0.312818,0.330709,0.0556131,0.227027
2.80548,0.289595,0,0.0875756,0.227027
2.80573,0.310127,-0.299213,0.193904,0.227027
2.80598,0.311196,-0.551181,0.297224,0.227027
2.80623,0.214189,-0.740157,0.312501,0.227027
2.80648,-0.0112061,-0.834646,0.179038,0.227027
2.80673,-0.315045,-0.818898,-0.0651989,0.227027
2.80698,-0.583269,-0.685039,-0.305401,0.227027
2.80723,-0.699445,-0.433071,-0.435879,0.227027
2.80748,-0.611022,-0.0787402,-0.407931,0.227027
2.80773,-0.359653,0.291339,-0.24201,0.227027
2.80798,-0.0566223,0.622047,-0.0450981,0.227027
2.80823,0.180863,0.84252,0.0827976,0.227027
2.80848,0.293455,0.905512,0.109765,0.227027
2.80873,0.303092,0.811024,0.0519277,0.227027
2.80898,0.284964,0.606299,0.00499465,0.227027
2.80923,0.306886,0.322835,0.049582,0.227027
2.80948,0.376587,0.023622,0.17786,0.227027
2.80973,0.43388,-0.267717,0.320456,0.227027
2.80998,0.391705,-0.535433,0.383328,0.227027
2.81023,0.199123,-0.740157,0.298032,0.227027
2.81048,-0.112916,-0.858268,0.0787368,0.227027
2.81073,-0.438359,-0.850394,-0.18824,0.227027
2.81098,-0.649544,-0.700787,-0.371102,0.227027
2.81123,-0.666306,-0.417323,-0.407612,0.227027
2.81148,-0.499804,-0.0472441,-0.299264,0.227027
2.81173,-0.24183,0.322835,-0.124385,0.227027
2.81198,-0.0072431,0.637795,-0.000348477,0.227027
2.81223,0.130637,0.826772,0.0346548,0.227027
2.81248,0.176201,0.866142,-0.0117352,0.227027
2.81273,0.195032,0.779528,-0.0569507,0.227027
2.81298,0.256027,0.598425,-0.0180953,0.227027
2.81323,0.375851,0.338583,0.112565,0.227027
2.81348,0.499222,0.0472441,0.300288,0.227027
2.81373,0.531097,-0.244094,0.419812,0.227027
2.81398,0.400342,-0.535433,0.394844,0.227027
2.81423,0.113548,-0.76378,0.210151,0.227027
2.81448,-0.238721,-0.889764,-0.0515069,0.227027
2.81473,-0.523963,-0.866142,-0.275143,0.227027
2.81498,-0.640329,-0.692913,-0.365012,0.227027
2.81523,-0.568449,-0.385827,-0.308067,0.227027
2.81548,-0.376437,-0.00787402,-0.169544,0.227027
2.81573,-0.171582,0.346457,-0.0580255,0.227027
2.81598,-0.0353029,0.629921,-0.0308187,0.227027
2.81623,0.0230341,0.795276,-0.0797688,0.227027
2.81648,0.0588651,0.834646,-0.134777,0.227027
2.81673,0.144018,0.771654,-0.106326,0.227027
2.81698,0.304442,0.606299,0.0249733,0.227027
2.81723,0.492938,0.370079,0.238221,0.227027
2.81748,0.609606,0.0787402,0.409037,0.227027
2.81773,0.563686,-0.244094,0.456893,0.227027
2.81798,0.333825,-0.559055,0.327571,0.227027
2.81823,-0.0100224,-0.80315,0.0903212,0.227027
2.81848,-0.340425,-0.913386,-0.152713,0.227027
2.81873,-0.538951,-0.874016,-0.288145,0.227027
2.81898,-0.559401,-0.669291,-0.287737,0.227027
2.81923,-0.444098,-0.346457,-0.183536,0.227027
2.81948,-0.288309,0.00787402,-0.0883737,0.227027
2.81973,-0.176335,0.346457,-0.0593153,0.227027
2.81998,-0.129466,0.606299,-0.118998,0.227027
2.82023,-0.0994255,0.76378,-0.2044,0.227027
2.82048,-0.0124663,0.818898,-0.202563,0.227027
2.82073,0.170058,0.771654,-0.0870147,0.227027
2.82098,0.411803,0.629921,0.13703,0.227027
2.82123,0.612679,0.393701,0.357132,0.227027
2.82148,0.664829,0.0866142,0.462038,0.227027
2.82173,0.518782,-0.259843,0.402291,0.227027
2.82198,0.217139,-0.590551,0.204804,0.227027
2.82223,-0.123983,-0.826772,-0.0217238,0.227027
2.82248,-0.378967,-0.92126,-0.194026,0.227027
2.82273,-0.478027,-0.850394,-0.225636,0.227027
2.82298,-0.438588,-0.629921,-0.160986,0.227027
2.82323,-0.34119,-0.322835,-0.0863977,0.227027
2.82348,-0.269678,0.00787402,-0.0722749,0.227027
2.82373,-0.253748,0.322835,-0.144672,0.227027
2.82398,-0.252719,0.574803,-0.252217,0.227027
2.82423,-0.1886,0.740157,-0.292526,0.232117
2.82448,-0.00962512,0.826772,-0.204091,0.232117
2.82473,0.263519,0.80315,0.0113928,0.232117
2.82498,0.536437,0.661417,0.257398,0.232117
2.82523,0.688571,0.417323,0.433548,0.232117
2.82548,0.643274,0.0787402,0.445019,0.232117
2.82573,0.41337,-0.291339,0.30554,0.232117
2.82598,0.0952234,-0.622047,0.0876877,0.232117
2.82623,-0.184785,-0.84252,-0.0889186,0.232117
2.82648,-0.339821,-0.913386,-0.150362,0.232117
2.82673,-0.365113,-0.818898,-0.108594,0.232117
2.82698,-0.324654,-0.598425,-0.0425953,0.232117
2.82723,-0.299905,-0.307087,-0.0376327,0.232117
2.82749,-0.327611,0,-0.123883,0.232117
2.82774,-0.373421,0.291339,-0.265838,0.232117
2.82799,-0.356397,0.551181,-0.35148,0.232117
2.82824,-0.209641,0.740157,-0.308777,0.232117
2.82849,0.066521,0.84252,-0.121234,0.232117
2.82874,0.388439,0.826772,0.136765,0.232117
2.82899,0.630223,0.685039,0.35311,0.232117
2.82924,0.691209,0.409449,0.429968,0.232117
2.82949,0.553081,0.0472441,0.355774,0.232117
2.82974,0.28791,-0.322835,0.175691,0.232117
2.82999,0.0150009,-0.637795,0.0115623,0.232117
2.83024,-0.168893,-0.834646,-0.0655254,0.232117
2.83049,-0.238827,-0.88189,-0.047785,0.232117
2.83074,-0.244255,-0.787402,0.00626307,0.232117
2.83099,-0.262318,-0.582677,0.0142606,0.232117
2.83124,-0.336293,-0.322835,-0.0796181,0.232117
2.83149,-0.439343,-0.023622,-0.244872,0.232117
2.83174,-0.488385,0.267717,-0.380867,0.232117
2.83199,-0.400463,0.543307,-0.399093,0.232117
2.83224,-0.153719,0.755906,-0.254579,0.232117
2.83249,0.187066,0.874016,-0.00539383,0.232117
2.83274,0.496815,0.858268,0.249624,0.232117
2.83299,0.656942,0.685039,0.377982,0.232117
2.83324,0.619578,0.385827,0.361523,0.232117
2.83349,0.429085,0.015748,0.233518,0.232117
2.83374,0.19108,-0.346457,0.0755529,0.232117
2.83399,0.00719822,-0.637795,0.00282457,0.232117
2.83424,-0.0833758,-0.811024,0.0132634,0.232117
2.83449,-0.115585,-0.850394,0.077853,0.232117
2.83474,-0.162894,-0.76378,0.0901839,0.232117
2.83499,-0.275829,-0.590551,-0.00321312,0.232117
2.83524,-0.436229,-0.346457,-0.181648,0.232117
2.83549,-0.561268,-0.0551181,-0.363995,0.232117
2.83574,-0.553996,0.251969,-0.450428,0.232117
2.83599,-0.366949,0.551181,-0.359937,0.232117
2.83624,-0.0418384,0.787402,-0.139703,0.232117
2.83649,0.305627,0.905512,0.114393,0.232117
2.83674,0.54659,0.866142,0.294649,0.232117
2.83699,0.606486,0.669291,0.330971,0.232117
2.83724,0.501454,0.354331,0.241305,0.232117
2.83749,0.31928,-0.00787402,0.121862,0.232117
2.83774,0.159996,-0.354331,0.046374,0.232117
2.83799,0.0740324,-0.622047,0.0676836,0.232117
2.83824,0.0383279,-0.779528,0.140027,0.232117
2.83849,-0.0181662,-0.826772,0.173979,0.232117
2.83874,-0.152979,-0.76378,0.104626,0.232117
2.83899,-0.360228,-0.606299,-0.0833528,0.232117
2.83924,-0.560901,-0.370079,-0.302337,0.232117
2.83949,-0.646125,-0.0708661,-0.444522,0.232117
2.83974,-0.54407,0.259843,-0.430511,0.232117
2.83999,-0.268436,0.582677,-0.26533,0.232117
2.84024,0.0826252,0.818898,-0.0147739,0.232117
2.84049,0.376592,0.913386,0.184312,0.232117
2.84074,0.519094,0.850394,0.262975,0.232117
2.84099,0.498547,0.637795,0.218109,0.232117
2.84124,0.382735,0.314961,0.122588,0.232117
2.84149,0.266057,-0.023622,0.0691343,0.232117
2.84174,0.206401,-0.346457,0.0931968,0.232117
2.84199,0.189667,-0.590551,0.187347,0.232117
2.84224,0.148377,-0.755906,0.2537,0.232117
2.84249,0.0149139,-0.818898,0.204525,0.232117
2.84274,-0.218706,-0.779528,0.0325222,0.232117
2.84299,-0.482921,-0.637795,-0.206388,0.232117
2.84324,-0.661775,-0.393701,-0.412843,0.232117
2.84349,-0.660582,-0.0708661,-0.468901,0.232117
2.84374,-0.462406,0.283465,-0.353255,0.232117
2.84399,-0.142754,0.614173,-0.136143,0.232117
2.84424,0.172043,0.84252,0.0674188,0.232117
2.84449,0.372907,0.913386,0.182198,0.232117
2.84474,0.425223,0.826772,0.175421,0.232117
2.84499,0.375341,0.598425,0.100221,0.232117
2.84524,0.309544,0.299213,0.0523425,0.232117
2.84549,0.29006,-0.015748,0.0927197,0.232117
2.84574,0.311747,-0.314961,0.201517,0.232117
2.84599,0.308469,-0.566929,0.311282,0.232117
2.84624,0.203545,-0.740157,0.310886,0.232117
2.84649,-0.0296391,-0.826772,0.162089,0.232117
2.84674,-0.335059,-0.811024,-0.0789465,0.232117
2.84699,-0.596292,-0.661417,-0.323045,0.232117
2.84724,-0.699968,-0.401575,-0.450598,0.232117
2.84749,-0.598846,-0.0472441,-0.407643,0.232117
2.84774,-0.340224,0.314961,-0.236149,0.232117
2.84799,-0.0382882,0.637795,-0.0393897,0.232117
2.84824,0.19219,0.84252,0.0928522,0.232117
2.84849,0.296659,0.889764,0.10307,0.232117
2.84874,0.301785,0.787402,0.0446498,0.232117
2.84899,0.284763,0.574803,0.00998968,0.232117
2.84924,0.310321,0.299213,0.0522797,0.232117
2.84949,0.38152,0,0.191132,0.232117
2.84974,0.435093,-0.291339,0.333405,0.232117
2.84999,0.38385,-0.551181,0.379085,0.232117
2.85024,0.181678,-0.748031,0.288554,0.232117
2.85049,-0.134962,-0.858268,0.0607068,0.232117
2.85074,-0.456735,-0.834646,-0.203604,0.232117
2.85099,-0.656825,-0.669291,-0.381525,0.232117
2.85124,-0.660466,-0.385827,-0.411342,0.232117
2.85149,-0.48463,-0.015748,-0.28893,0.232117
2.85174,-0.224653,0.346457,-0.116127,0.232117
2.85199,0.00503926,0.645669,0.0063889,0.232117
2.85225,0.135773,0.826772,0.0288934,0.232117
2.8525,0.177491,0.858268,-0.020768,0.232117
2.85275,0.197072,0.76378,-0.0529997,0.232117
2.853,0.262283,0.574803,-0.00770947,0.232117
2.85325,0.384611,0.314961,0.133352,0.232117
2.8535,0.505005,0.023622,0.310785,0.232117
2.85375,0.527892,-0.267717,0.425735,0.232117
2.854,0.386087,-0.551181,0.383076,0.232117
2.85425,0.0911871,-0.771654,0.19902,0.232117
2.8545,-0.260401,-0.88189,-0.0709601,0.232117
2.85475,-0.537343,-0.850394,-0.285892,0.232117
2.855,-0.641094,-0.661417,-0.368227,0.232117
2.85525,-0.55862,-0.354331,-0.301053,0.232117
2.8555,-0.362272,0.00787402,-0.163906,0.232117
2.85575,-0.160297,0.362205,-0.0529779,0.232117
2.856,-0.0294,0.637795,-0.0240553,0.232117
2.85625,0.0250973,0.795276,-0.0837803,0.232117
2.8565,0.0623666,0.826772,-0.135057,0.232117
2.85675,0.152276,0.748031,-0.0990266,0.232117
2.857,0.316686,0.582677,0.0391716,0.232117
2.85725,0.503778,0.346457,0.247698,0.232117
2.8575,0.612269,0.0472441,0.424178,0.232117
2.85775,0.554036,-0.267717,0.453668,0.232117
2.858,0.313872,-0.574803,0.310467,0.232117
2.85825,-0.0333049,-0.80315,0.0663176,0.232117
2.8585,-0.358267,-0.905512,-0.167746,0.232117
2.85875,-0.545715,-0.850394,-0.293911,0.232117
2.859,-0.555242,-0.637795,-0.283754,0.232117
2.85925,-0.433995,-0.314961,-0.176443,0.232117
2.8595,-0.279111,0.0314961,-0.0900923,0.232117
2.85975,-0.17163,0.362205,-0.0678316,0.232117
2.86,-0.127683,0.614173,-0.130072,0.232117
2.86025,-0.0961215,0.76378,-0.206821,0.232117
2.8605,-0.00355125,0.811024,-0.196743,0.232117
2.86075,0.184752,0.76378,-0.0645985,0.232117
2.861,0.427183,0.614173,0.152571,0.232117
2.86125,0.621472,0.370079,0.36834,0.232117
2.8615,0.661465,0.0551181,0.471512,0.232117
2.86175,0.502862,-0.283465,0.396523,0.232117
2.862,0.194786,-0.606299,0.198256,0.232117
2.86225,-0.144283,-0.834646,-0.0420218,0.232117
2.8625,-0.390432,-0.913386,-0.201961,0.232117
2.86275,-0.478939,-0.826772,-0.229724,0.232117
2.863,-0.4329,-0.606299,-0.160629,0.232117
2.86325,-0.335117,-0.291339,-0.0817606,0.232117
2.8635,-0.267022,0.0314961,-0.0732531,0.232117
2.86375,-0.253889,0.338583,-0.153247,0.232117
2.864,-0.251189,0.582677,-0.253509,0.232117
2.86425,-0.18071,0.748031,-0.286695,0.232117
2.8645,0.00571356,0.818898,-0.191894,0.232117
2.86475,0.282492,0.787402,0.0249334,0.232117
2.865,0.55101,0.637795,0.277863,0.232117
2.86525,0.691975,0.385827,0.442332,0.232117
2.8655,0.633206,0.0472441,0.439212,0.232117
2.86575,0.394104,-0.314961,0.293567,0.232117
2.866,0.074663,-0.637795,0.0716976,0.232117
2.86625,-0.198938,-0.84252,-0.0952482,0.232117
2.8665,-0.34507,-0.897638,-0.145542,0.232117
2.86675,-0.363293,-0.795276,-0.108035,0.232117
2.867,-0.321915,-0.574803,-0.0464912,0.232117
2.86725,-0.300103,-0.283465,-0.0458177,0.232117
2.8675,-0.330691,0.015748,-0.1425,0.232117
2.86775,-0.375059,0.314961,-0.275932,0.232117
2.868,-0.351501,0.559055,-0.355363,0.232117
2.86825,-0.195125,0.748031,-0.306785,0.232117
2.8685,0.0870278,0.834646,-0.107326,0.232117
2.86875,0.407876,0.811024,0.153372,0.232117
2.869,0.640341,0.661417,0.366587,0.232117
2.86925,0.6879,0.377953,0.440767,0.232117
2.8695,0.538618,0.015748,0.347685,0.232117
2.86975,0.26935,-0.346457,0.166895,0.232117
2.87,-0.000345974,-0.653543,0.00337185,0.232117
2.87025,-0.176516,-0.834646,-0.0660259,0.232117
2.8705,-0.240242,-0.866142,-0.0458581,0.232117
2.87075,-0.24421,-0.76378,0.00544046,0.232117
2.871,-0.265253,-0.559055,0.00988784,0.232117
2.87125,-0.342737,-0.291339,-0.0951205,0.232117
2.8715,-0.4452,0,-0.253037,0.232117
2.87175,-0.48756,0.283465,-0.386013,0.232117
2.872,-0.389209,0.551181,-0.393195,0.232117
2.87225,-0.133334,0.76378,-0.244655,0.232117
2.8725,0.209519,0.866142,0.0198141,0.232117
2.87275,0.512536,0.834646,0.265802,0.232117
2.873,0.660505,0.661417,0.38587,0.232117
2.87325,0.610829,0.354331,0.362815,0.232117
2.8735,0.413888,-0.00787402,0.222409,0.232117
2.87375,0.176856,-0.370079,0.0746433,0.232117
2.874,-0.00154396,-0.653543,-0.000583676,0.232117
2.87425,-0.08645,-0.811024,0.0162752,0.232117
2.8745,-0.117112,-0.834646,0.0835187,0.232117
2.87475,-0.168078,-0.748031,0.0876315,0.232117
2.875,-0.285298,-0.566929,-0.01073,0.232117
2.87525,-0.446457,-0.314961,-0.198498,0.232117
2.8755,-0.565787,-0.023622,-0.379602,0.232117
2.87575,-0.54735,0.275591,-0.446205,0.232117
2.876,-0.349112,0.566929,-0.350962,0.232117
2.87625,-0.018781,0.795276,-0.122926,0.232117
2.8765,0.325681,0.897638,0.137034,0.232117
2.87675,0.556151,0.84252,0.306918,0.232117
2.87701,0.603944,0.637795,0.332033,0.232117
2.87726,0.490892,0.322835,0.24468,0.232117
2.87751,0.307384,-0.0393701,0.120717,0.232117
2.87776,0.152038,-0.377953,0.0490676,0.232117
2.87801,0.0710923,-0.629921,0.0804261,0.232117
2.87826,0.0361895,-0.779528,0.150318,0.232117
2.87851,-0.024052,-0.811024,0.170879,0.232117
2.87876,-0.164748,-0.748031,0.0884932,0.232117
2.87901,-0.374536,-0.582677,-0.103749,0.232117
2.87926,-0.570969,-0.346457,-0.323661,0.232117
2.87951,-0.645577,-0.0393701,-0.454843,0.232117
2.87976,-0.530948,0.283465,-0.432067,0.232117
2.88001,-0.246593,0.598425,-0.247869,0.232117
2.88026,0.104513,0.818898,-0.00669094,0.232117
2.88051,0.391054,0.905512,0.20056,0.232117
2.88076,0.522284,0.826772,0.273561,0.232117
2.88101,0.493003,0.606299,0.218218,0.232117
2.88126,0.374322,0.291339,0.122164,0.232117
2.88151,0.260294,-0.0472441,0.0683124,0.232117
2.88176,0.204477,-0.362205,0.103485,0.232117
2.88201,0.188904,-0.606299,0.198163,0.232117
2.88226,0.142909,-0.755906,0.258188,0.232117
2.88251,0.00240428,-0.811024,0.202259,0.232117
2.88276,-0.236012,-0.76378,0.0121179,0.232117
2.88301,-0.498332,-0.614173,-0.23033,0.232117
2.88326,-0.667901,-0.362205,-0.415787,0.232117
2.88351,-0.653341,-0.0393701,-0.46522,0.232117
2.88376,-0.444337,0.307087,-0.343819,0.232117
2.88401,-0.120808,0.629921,-0.123189,0.232117
2.88426,0.189375,0.84252,0.0780709,0.232117
2.88451,0.380684,0.897638,0.185763,0.232117
2.88476,0.424335,0.80315,0.175351,0.232117
2.88501,0.370625,0.574803,0.101392,0.232117
2.88526,0.306559,0.267717,0.0614705,0.232117
2.88551,0.290723,-0.0393701,0.106275,0.232117
2.88576,0.313289,-0.338583,0.213304,0.232117
2.88601,0.305299,-0.574803,0.312568,0.232117
2.88626,0.192096,-0.740157,0.304332,0.232117
2.88651,-0.0482783,-0.818898,0.149416,0.232117
2.88676,-0.354522,-0.787402,-0.102512,0.232117
2.88701,-0.608867,-0.637795,-0.342469,0.232117
2.88726,-0.699604,-0.362205,-0.447231,0.232117
2.88751,-0.585901,-0.015748,-0.393616,0.232117
2.88776,-0.320609,0.346457,-0.224793,0.232117
2.88801,-0.0201771,0.653543,-0.0255295,0.232117
2.88826,0.202922,0.84252,0.0925555,0.232117
2.88851,0.299206,0.874016,0.102142,0.232117
2.88876,0.300564,0.76378,0.0506581,0.232117
2.88901,0.284665,0.551181,0.0140102,0.232117
2.88926,0.31392,0.267717,0.0649391,0.232117
2.88951,0.386565,-0.023622,0.196567,0.232117
2.88976,0.435685,-0.307087,0.345249,0.232117
2.89001,0.375336,-0.559055,0.386053,0.232117
2.89026,0.163974,-0.755906,0.276206,0.232117
2.89051,-0.157075,-0.850394,0.0358348,0.232117
2.89076,-0.474572,-0.818898,-0.226631,0.232117
2.89101,-0.663352,-0.645669,-0.393106,0.232117
2.89126,-0.653847,-0.346457,-0.410848,0.232117
2.89151,-0.469191,0.00787402,-0.278953,0.232117
2.89176,-0.207768,0.370079,-0.112323,0.232117
2.89201,0.016653,0.661417,0.0110123,0.232117
2.89226,0.140761,0.818898,0.0281105,0.232117
2.89251,0.178465,0.84252,-0.0152645,0.232117
2.89276,0.199495,0.740157,-0.0565168,0.232117
2.89301,0.268783,0.543307,-0.00719987,0.232117
2.89326,0.39354,0.291339,0.151539,0.232117
2.89351,0.510368,0,0.323448,0.232117
2.89376,0.524146,-0.291339,0.42968,0.232117
2.89401,0.370941,-0.566929,0.379932,0.232117
2.89426,0.0689901,-0.779528,0.177097,0.232117
2.89451,-0.282161,-0.874016,-0.0880269,0.232117
2.89476,-0.549969,-0.834646,-0.301341,0.232117
2.89501,-0.64096,-0.637795,-0.368966,0.232117
2.89526,-0.548298,-0.322835,-0.299787,0.232117
2.89551,-0.348361,0.0393701,-0.159744,0.232117
2.89576,-0.14913,0.385827,-0.0579091,0.232117
2.89601,-0.0240613,0.645669,-0.0315967,0.232117
2.89626,0.027328,0.795276,-0.085552,0.232117
2.89651,0.0661019,0.818898,-0.132346,0.232117
2.89676,0.160721,0.732283,-0.097708,0.232117
2.89701,0.329178,0.559055,0.0586246,0.232117
2.89726,0.514285,0.314961,0.270001,0.232117
2.89751,0.614122,0.023622,0.434803,0.232117
2.89776,0.54377,-0.291339,0.450708,0.232117
2.89801,0.293379,-0.590551,0.3001,0.232117
2.89826,-0.0566796,-0.811024,0.0512891,0.232117
2.89851,-0.375286,-0.897638,-0.179935,0.232117
2.89876,-0.551703,-0.826772,-0.296854,0.232117
2.89901,-0.550427,-0.606299,-0.275536,0.232117
2.89926,-0.423946,-0.283465,-0.173034,0.232117
2.89951,-0.270059,0.0629921,-0.0851362,0.232117
2.89976,-0.167042,0.377953,-0.0757923,0.232117
2.90001,-0.125957,0.622047,-0.138797,0.232117
2.90026,-0.0927932,0.76378,-0.204524,0.232117
2.90051,0.00584431,0.80315,-0.193144,0.232117
2.90076,0.199635,0.748031,-0.0544268,0.232117
2.90101,0.442459,0.590551,0.176594,0.232117
2.90126,0.629596,0.346457,0.387144,0.232117
2.90152,0.657149,0.023622,0.470488,0.232117
2.90177,0.486415,-0.307087,0.388701,0.232117
2.90202,0.172333,-0.622047,0.178234,0.232117
2.90227,-0.164301,-0.834646,-0.0569891,0.232117
2.90252,-0.400987,-0.897638,-0.199818,0.232117
2.90277,-0.479442,-0.80315,-0.222507,0.232117
2.90302,-0.427185,-0.574803,-0.157969,0.232117
2.90327,-0.329087,-0.259843,-0.0817566,0.232117
2.90352,-0.264668,0.0629921,-0.079309,0.232117
2.90377,-0.254256,0.362205,-0.157296,0.232117
2.90402,-0.249367,0.590551,-0.262371,0.232117
2.90427,-0.172462,0.748031,-0.28425,0.232117
2.90452,0.0217608,0.811024,-0.177919,0.232117
2.90477,0.30162,0.771654,0.0526698,0.232117
2.90502,0.56513,0.614173,0.293613,0.232117
2.90527,0.694511,0.354331,0.454599,0.232117
2.90552,0.622543,0.015748,0.442564,0.232117
2.90577,0.374298,-0.338583,0.282097,0.232117
2.90602,0.0543807,-0.645669,0.0629728,0.232117
2.90627,-0.212775,-0.84252,-0.0995331,0.232117
2.90652,-0.349762,-0.88189,-0.149858,0.232117
2.90677,-0.361586,-0.771654,-0.110823,0.232117
2.90702,-0.319139,-0.543307,-0.0515405,0.232117
2.90727,-0.30056,-0.251969,-0.0525667,0.232117
2.90752,-0.333838,0.0472441,-0.152152,0.232117
2.90777,-0.37658,0.330709,-0.283091,0.232117
2.90802,-0.345679,0.574803,-0.361129,0.232117
2.90827,-0.180009,0.748031,-0.292326,0.232117
2.90852,0.108105,0.826772,-0.0889083,0.232117
2.90877,0.426931,0.795276,0.177949,0.232117
2.90902,0.649568,0.629921,0.386794,0.232117
2.90927,0.683797,0.346457,0.444993,0.232117
2.90952,0.523551,-0.00787402,0.342222,0.232117
2.90977,0.250452,-0.370079,0.158979,0.232117
2.91002,-0.0152811,-0.661417,-0.00557876,0.232117
2.91027,-0.18389,-0.834646,-0.0721429,0.232117
2.91052,-0.241586,-0.858268,-0.0399273,0.232117
2.91077,-0.244246,-0.740157,0.00544672,0.232117
2.91102,-0.26852,-0.535433,-0.00181011,0.232117
2.91127,-0.349305,-0.267717,-0.103673,0.232117
2.91152,-0.450711,0.015748,-0.27148,0.232117
2.91177,-0.485972,0.307087,-0.397069,0.232117
2.91202,-0.377032,0.566929,-0.387674,0.232117
2.91227,-0.112418,0.76378,-0.230346,0.232117
2.91252,0.231578,0.858268,0.0336535,0.232117
2.91277,0.527758,0.818898,0.280699,0.232117
2.91302,0.663141,0.629921,0.394161,0.232117
2.91327,0.601602,0.314961,0.354035,0.232117
2.91352,0.398335,-0.0393701,0.216339,0.232117
2.91377,0.162725,-0.393701,0.0659342,0.232117
2.91402,-0.00987342,-0.661417,-0.0007809,0.232117
2.91427,-0.0892164,-0.811024,0.0221881,0.232117
2.91452,-0.119141,-0.826772,0.0758908,0.232117
2.91477,-0.173334,-0.724409,0.0851719,0.232117
2.91502,-0.295063,-0.535433,-0.0311773,0.232117
2.91527,-0.45651,-0.291339,-0.211293,0.232117
2.91552,-0.569638,0,-0.385664,0.232117
2.91577,-0.539874,0.299213,-0.446112,0.232117
2.91602,-0.330802,0.582677,-0.3476,0.232117
2.91627,0.00458144,0.795276,-0.10457,0.232117
2.91652,0.345016,0.88189,0.150574,0.232117
2.91677,0.565073,0.818898,0.318143,0.232117
2.91702,0.600834,0.606299,0.335911,0.232117
2.91727,0.479842,0.283465,0.233938,0.232117
2.91752,0.295619,-0.0708661,0.10979,0.232117
2.91777,0.144589,-0.393701,0.0535756,0.232117
2.91802,0.067981,-0.645669,0.0860303,0.232117
2.91827,0.0339903,-0.779528,0.148762,0.232117
2.91852,-0.0304287,-0.80315,0.173948,0.232117
2.91877,-0.176825,-0.724409,0.072681,0.232117
2.91902,-0.388705,-0.559055,-0.117334,0.232117
2.91927,-0.580511,-0.314961,-0.342055,0.232117
2.91952,-0.644224,-0.00787402,-0.470655,0.232117
2.91977,-0.516823,0.307087,-0.427176,0.232117
2.92002,-0.224688,0.614173,-0.241495,0.232117
2.92027,0.126361,0.826772,0.0144133,0.232117
2.92052,0.404838,0.897638,0.20567,0.232117
2.92077,0.52471,0.80315,0.268817,0.232117
2.92102,0.486879,0.574803,0.222015,0.232117
2.92127,0.365945,0.251969,0.124667,0.232117
2.92152,0.254703,-0.0787402,0.0788429,0.232117
2.92177,0.202734,-0.377953,0.112,0.232117
2.92202,0.187592,-0.614173,0.207238,0.232117
2.92227,0.137148,-0.755906,0.257362,0.232117
2.92252,-0.0103163,-0.80315,0.194716,0.232117
2.92277,-0.253428,-0.748031,0.00114933,0.232117
2.92302,-0.513258,-0.590551,-0.243665,0.232117
2.92327,-0.673115,-0.338583,-0.430399,0.232117
2.92352,-0.645196,-0.00787402,-0.470693,0.232117
2.92377,-0.425601,0.338583,-0.341577,0.232117
2.92402,-0.0989241,0.645669,-0.110018,0.232117
2.92427,0.205942,0.84252,0.0877294,0.23878
2.92452,0.387883,0.889764,0.186785,0.23878
2.92477,0.422672,0.779528,0.167176,0.23878
2.92502,0.365965,0.543307,0.0995484,0.23878
2.92527,0.303792,0.244094,0.0574697,0.23878
2.92552,0.29147,-0.0708661,0.109623,0.23878
2.92577,0.314513,-0.354331,0.226941,0.23878
2.92602,0.302047,-0.590551,0.324487,0.23878
2.92628,0.18009,-0.748031,0.300976,0.23878
2.92653,-0.0669883,-0.818898,0.13957,0.23878
2.92678,-0.373935,-0.771654,-0.117914,0.23878
2.92703,-0.620588,-0.614173,-0.35435,0.23878
2.92728,-0.69833,-0.338583,-0.454514,0.23878
2.92753,-0.572298,0.00787402,-0.389203,0.23878
2.92778,-0.301025,0.370079,-0.20721,0.23878
2.92803,-0.00240857,0.669291,-0.0159748,0.23878
2.92828,0.212886,0.84252,0.0910052,0.23878
2.92853,0.301392,0.866142,0.101343,0.23878
2.92878,0.299273,0.748031,0.0418585,0.23878
2.92903,0.284868,0.527559,0.0146427,0.23878
2.92928,0.317717,0.244094,0.0718404,0.23878
2.92953,0.391438,-0.0393701,0.217203,0.23878
2.92978,0.435973,-0.330709,0.350504,0.23878
2.93003,0.36639,-0.574803,0.385823,0.23878
2.93028,0.145546,-0.755906,0.26564,0.23878
2.93053,-0.179177,-0.84252,0.0232427,0.23878
2.93078,-0.491858,-0.80315,-0.238143,0.23878
2.93103,-0.669031,-0.622047,-0.395965,0.23878
2.93128,-0.646477,-0.314961,-0.402439,0.23878
2.93153,-0.453331,0.0393701,-0.276866,0.23878
2.93178,-0.191229,0.393701,-0.0991846,0.23878
2.93203,0.0280423,0.669291,0.0173034,0.23878
2.93228,0.145218,0.818898,0.031308,0.23878
2.93253,0.179593,0.834646,-0.0251801,0.23878
2.93278,0.202134,0.724409,-0.0565735,0.23878
2.93303,0.275449,0.519685,0.0088414,0.23878
2.93328,0.402283,0.267717,0.159884,0.23878
2.93353,0.515573,-0.015748,0.342685,0.23878
2.93378,0.519582,-0.314961,0.432229,0.23878
2.93403,0.355146,-0.582677,0.369226,0.23878
2.93428,0.0463341,-0.787402,0.161026,0.23878
2.93453,-0.303377,-0.874016,-0.103365,0.23878
2.93478,-0.561712,-0.811024,-0.314465,0.23878
2.93503,-0.640018,-0.606299,-0.37601,0.23878
2.93528,-0.537524,-0.283465,-0.295518,0.23878
2.93553,-0.334368,0.0708661,-0.157531,0.23878
2.93578,-0.138335,0.409449,-0.0544216,0.23878
2.93603,-0.018952,0.653543,-0.0302272,0.23878
2.93628,0.0293083,0.795276,-0.08584,0.23878
2.93653,0.0698646,0.80315,-0.135172,0.23878
2.93678,0.169667,0.716535,-0.088783,0.23878
2.93703,0.341532,0.543307,0.0739452,0.23878
2.93728,0.524619,0.291339,0.286825,0.23878
2.93753,0.615348,0,0.440121,0.23878
2.93778,0.532548,-0.314961,0.44225,0.23878
2.93803,0.272452,-0.606299,0.286582,0.23878
2.93828,-0.0794817,-0.811024,0.0401842,0.23878
2.93853,-0.391996,-0.889764,-0.194739,0.23878
2.93878,-0.556684,-0.80315,-0.304691,0.23878
2.93903,-0.545164,-0.574803,-0.278134,0.23878
2.93928,-0.413784,-0.251969,-0.170355,0.23878
2.93953,-0.261419,0.0866142,-0.0871435,0.23878
2.93978,-0.162828,0.401575,-0.072454,0.23878
2.94003,-0.124687,0.629921,-0.140833,0.23878
2.94028,-0.0889345,0.76378,-0.208928,0.23878
2.94053,0.01544,0.795276,-0.183611,0.23878
2.94078,0.214806,0.724409,-0.0342921,0.23878
2.94103,0.457691,0.566929,0.197235,0.23878
2.94128,0.637181,0.314961,0.40016,0.23878
2.94153,0.651971,0,0.478066,0.23878
2.94178,0.469523,-0.330709,0.382297,0.23878
2.94203,0.149754,-0.637795,0.171717,0.23878
2.94228,-0.183504,-0.834646,-0.0645635,0.23878
2.94253,-0.411042,-0.889764,-0.206362,0.23878
2.94278,-0.479377,-0.779528,-0.223805,0.23878
2.94303,-0.421195,-0.543307,-0.157931,0.23878
2.94328,-0.323323,-0.23622,-0.0865258,0.23878
2.94353,-0.262619,0.0866142,-0.0891757,0.23878
2.94378,-0.254659,0.377953,-0.170611,0.23878
2.94403,-0.24746,0.606299,-0.26362,0.23878
2.94428,-0.163456,0.748031,-0.279289,0.23878
2.94453,0.0381136,0.80315,-0.163797,0.23878
2.94478,0.320338,0.755906,0.0717086,0.23878
2.94503,0.578832,0.590551,0.312144,0.23878
2.94528,0.696184,0.322835,0.462959,0.23878
2.94553,0.61102,-0.00787402,0.441442,0.23878
2.94578,0.354374,-0.362205,0.270746,0.23878
2.94603,0.0342664,-0.661417,0.0502412,0.23878
2.94628,-0.226045,-0.84252,-0.109849,0.23878
2.94653,-0.353688,-0.874016,-0.152503,0.23878
2.94678,-0.359645,-0.748031,-0.103526,0.23878
2.94703,-0.316531,-0.519685,-0.0490741,0.23878
2.94728,-0.301246,-0.228346,-0.0585503,0.23878
2.94753,-0.337193,0.0708661,-0.158095,0.23878
2.94778,-0.377611,0.346457,-0.291487,0.23878
2.94803,-0.339268,0.582677,-0.361417,0.23878
2.94828,-0.164636,0.755906,-0.284045,0.23878
2.94853,0.129154,0.826772,-0.0706353,0.23878
2.94878,0.445588,0.779528,0.19182,0.23878
2.94903,0.658068,0.606299,0.396927,0.23878
2.94928,0.678848,0.314961,0.443702,0.23878
2.94953,0.508083,-0.0393701,0.332266,0.23878
2.94978,0.23177,-0.393701,0.149723,0.23878
2.95003,-0.0295985,-0.677165,-0.00933436,0.23878
2.95028,-0.190776,-0.834646,-0.0668104,0.23878
2.95053,-0.242472,-0.84252,-0.0349206,0.23878
2.95078,-0.244554,-0.724409,0.0104624,0.23878
2.95104,-0.272073,-0.511811,-0.00667044,0.23878
2.95129,-0.356106,-0.244094,-0.121583,0.23878
2.95154,-0.455939,0.0393701,-0.281484,0.23878
2.95179,-0.483937,0.330709,-0.405115,0.23878
2.95204,-0.364177,0.582677,-0.382044,0.23878
2.95229,-0.0915381,0.771654,-0.207536,0.23878
2.95254,0.253846,0.858268,0.0507688,0.23878
2.95279,0.54228,0.80315,0.289902,0.23878
2.95304,0.665013,0.598425,0.39993,0.23878
2.95329,0.591761,0.283465,0.349262,0.23878
2.95354,0.382942,-0.0708661,0.210227,0.23878
2.95379,0.148801,-0.417323,0.0666474,0.23878
2.95404,-0.0175619,-0.669291,0.00679451,0.23878
2.95429,-0.0920096,-0.811024,0.0286368,0.23878
2.95454,-0.121281,-0.811024,0.07836,0.23878
2.95479,-0.17913,-0.708661,0.0723002,0.23878
2.95504,-0.305117,-0.519685,-0.0424619,0.23878
2.95529,-0.466372,-0.267717,-0.228408,0.23878
2.95554,-0.572775,0.015748,-0.40356,0.23878
2.95579,-0.531798,0.322835,-0.447117,0.23878
2.95604,-0.31183,0.598425,-0.331191,0.23878
2.95629,0.028162,0.80315,-0.0908678,0.23878
2.95654,0.36405,0.88189,0.158643,0.23878
2.95679,0.573194,0.80315,0.318329,0.23878
2.95704,0.596964,0.582677,0.330817,0.23878
2.95729,0.468714,0.251969,0.232258,0.23878
2.95754,0.284004,-0.0944882,0.10872,0.23878
2.95779,0.137298,-0.417323,0.0564174,0.23878
2.95804,0.0650582,-0.653543,0.0922484,0.23878
2.95829,0.0314143,-0.779528,0.150748,0.23878
2.95854,-0.0372688,-0.795276,0.171627,0.23878
2.95879,-0.189108,-0.716535,0.0641327,0.23878
2.95904,-0.402885,-0.543307,-0.137365,0.23878
2.95929,-0.589513,-0.291339,-0.350131,0.23878
2.95954,-0.641945,0.00787402,-0.467583,0.23878
2.95979,-0.502064,0.338583,-0.417438,0.23878
2.96004,-0.202111,0.629921,-0.223495,0.23878
2.96029,0.147891,0.826772,0.0273258,0.23878
2.96054,0.417711,0.889764,0.216528,0.23878
2.96079,0.52662,0.787402,0.270965,0.23878
2.96104,0.480511,0.543307,0.211967,0.23878
2.96129,0.357479,0.228346,0.118593,0.23878
2.96154,0.249379,-0.102362,0.0768233,0.23878
2.96179,0.20134,-0.401575,0.116209,0.23878
2.96204,0.186128,-0.622047,0.206617,0.23878
2.96229,0.131073,-0.755906,0.255794,0.23878
2.96254,-0.0237219,-0.795276,0.18009,0.23878
2.96279,-0.270762,-0.732283,-0.0207001,0.23878
2.96304,-0.527843,-0.566929,-0.259065,0.23878
2.96329,-0.677513,-0.307087,-0.439724,0.23878
2.96354,-0.636371,0.015748,-0.4631,0.23878
2.96379,-0.406221,0.362205,-0.327257,0.23878
2.96404,-0.077368,0.661417,-0.10262,0.23878
2.96429,0.222213,0.84252,0.104501,0.23878
2.96454,0.394221,0.874016,0.192825,0.23878
2.96479,0.420967,0.755906,0.171135,0.23878
2.96504,0.361128,0.519685,0.092906,0.23878
2.96529,0.301237,0.212598,0.0669218,0.23878
2.96554,0.292378,-0.0944882,0.1217,0.23878
2.96579,0.315768,-0.370079,0.235672,0.23878
2.96604,0.297935,-0.598425,0.327326,0.23878
2.96629,0.167776,-0.748031,0.294283,0.23878
2.96654,-0.0863315,-0.811024,0.121209,0.23878
2.96679,-0.39309,-0.755906,-0.142199,0.23878
2.96704,-0.631498,-0.590551,-0.363974,0.23878
2.96729,-0.696182,-0.307087,-0.460044,0.23878
2.96754,-0.558008,0.0393701,-0.384787,0.23878
2.96779,-0.280961,0.393701,-0.196397,0.23878
2.96804,0.0147619,0.677165,-0.00481977,0.23878
2.96829,0.222538,0.84252,0.101684,0.23878
2.96854,0.303352,0.850394,0.0940483,0.23878
2.96879,0.297595,0.724409,0.0432359,0.23878
2.96904,0.285218,0.496063,0.0155001,0.23878
2.96929,0.321716,0.220472,0.0833863,0.23878
2.96954,0.396092,-0.0708661,0.223443,0.23878
2.96979,0.43559,-0.346457,0.35644,0.23878
2.97004,0.356593,-0.590551,0.382236,0.23878
2.97029,0.126545,-0.76378,0.250018,0.23878
2.97054,-0.201011,-0.834646,0.00685117,0.23878
2.97079,-0.508555,-0.779528,-0.259095,0.23878
2.97104,-0.673738,-0.590551,-0.406502,0.23878
2.97129,-0.638222,-0.283465,-0.403381,0.23878
2.97154,-0.436979,0.0708661,-0.263762,0.23878
2.97179,-0.174709,0.417323,-0.0951715,0.23878
2.97204,0.0389814,0.685039,0.0116367,0.23878
2.97229,0.149216,0.818898,0.0205989,0.23878
2.97254,0.180481,0.818898,-0.0213178,0.23878
2.97279,0.204742,0.700787,-0.0492221,0.23878
2.97304,0.282445,0.503937,0.0229117,0.23878
2.97329,0.410974,0.244094,0.178851,0.23878
2.97354,0.52002,-0.0393701,0.351772,0.23878
2.97379,0.514195,-0.330709,0.435617,0.23878
2.97404,0.338865,-0.598425,0.360457,0.23878
2.97429,0.0234994,-0.787402,0.146098,0.23878
2.97454,-0.323978,-0.866142,-0.119639,0.23878
2.97479,-0.572778,-0.795276,-0.315424,0.23878
2.97504,-0.638384,-0.574803,-0.37428,0.23878
2.97529,-0.526118,-0.251969,-0.29456,0.23878
2.97554,-0.320413,0.0944882,-0.146709,0.23878
2.9758,-0.128065,0.425197,-0.0465279,0.23878
2.97605,-0.0140381,0.669291,-0.0371421,0.23878
2.9763,0.0312066,0.795276,-0.0979338,0.23878
2.97655,0.0739842,0.795276,-0.132667,0.23878
2.9768,0.178935,0.700787,-0.0751092,0.23878
2.97705,0.354031,0.519685,0.0902391,0.23878
2.9773,0.534361,0.267717,0.302212,0.23878
2.97755,0.615807,-0.023622,0.445477,0.23878
2.9778,0.520504,-0.338583,0.447754,0.23878
2.97805,0.251355,-0.622047,0.278176,0.23878
2.9783,-0.102354,-0.818898,0.0199738,0.23878
2.97855,-0.407966,-0.88189,-0.199988,0.23878
2.9788,-0.561125,-0.787402,-0.305119,0.23878
2.97905,-0.539198,-0.551181,-0.271489,0.23878
2.9793,-0.403555,-0.228346,-0.16655,0.23878
2.97955,-0.252923,0.110236,-0.0841264,0.23878
2.9798,-0.15898,0.417323,-0.0809462,0.23878
2.98005,-0.123016,0.645669,-0.152242,0.23878
2.9803,-0.0849277,0.76378,-0.208943,0.23878
2.98055,0.0256777,0.787402,-0.180997,0.23878
2.9808,0.230173,0.716535,-0.0270747,0.23878
2.98105,0.472383,0.543307,0.20967,0.23878
2.9813,0.643896,0.291339,0.41544,0.23878
2.98155,0.646031,-0.023622,0.480225,0.23878
2.9818,0.451859,-0.362205,0.370095,0.23878
2.98205,0.127117,-0.653543,0.148094,0.23878
2.9823,-0.202487,-0.84252,-0.0780449,0.23878
2.98255,-0.420424,-0.88189,-0.21383,0.23878
2.9828,-0.478436,-0.76378,-0.225353,0.23878
2.98305,-0.415125,-0.519685,-0.154033,0.23878
2.9833,-0.317746,-0.204724,-0.0874167,0.23878
2.98355,-0.260709,0.110236,-0.0932958,0.23878
2.9838,-0.254896,0.393701,-0.177552,0.23878
2.98405,-0.245166,0.614173,-0.274364,0.23878
2.9843,-0.153935,0.755906,-0.280813,0.23878
2.98455,0.0546063,0.795276,-0.147514,0.23878
2.9848,0.339124,0.740157,0.0805593,0.23878
2.98505,0.591676,0.566929,0.330171,0.23878
2.9853,0.696993,0.291339,0.462288,0.23878
2.98555,0.598752,-0.0393701,0.434204,0.23878
2.9858,0.334361,-0.393701,0.25859,0.23878
2.98605,0.0144175,-0.677165,0.042087,0.23878
2.9863,-0.238477,-0.84252,-0.110175,0.23878
2.98655,-0.357158,-0.858268,-0.152892,0.23878
2.9868,-0.357337,-0.732283,-0.0999615,0.23878
2.98705,-0.31414,-0.496063,-0.0536086,0.23878
2.9873,-0.302164,-0.204724,-0.0650746,0.23878
2.98755,-0.34053,0.0944882,-0.175512,0.23878
2.9878,-0.37849,0.370079,-0.307162,0.23878
2.98805,-0.332493,0.598425,-0.365791,0.23878
2.9883,-0.148497,0.76378,-0.272621,0.23878
2.98855,0.150088,0.818898,-0.0540277,0.23878
2.9888,0.463776,0.76378,0.211596,0.23878
2.98905,0.665794,0.582677,0.40681,0.23878
2.9893,0.673086,0.283465,0.442081,0.23878
2.98955,0.492158,-0.0708661,0.322304,0.23878
2.9898,0.213342,-0.417323,0.137526,0.23878
2.99005,-0.0436502,-0.692913,-0.0175793,0.23878
2.9903,-0.19682,-0.834646,-0.0726239,0.23878
2.99055,-0.243365,-0.834646,-0.0369526,0.23878
2.9908,-0.244978,-0.700787,0.00591912,0.23878
2.99105,-0.275806,-0.488189,-0.0104017,0.23878
2.9913,-0.362855,-0.212598,-0.126836,0.23878
2.99155,-0.461164,0.0629921,-0.297866,0.23878
2.9918,-0.481083,0.354331,-0.406014,0.23878
2.99205,-0.350653,0.598425,-0.376377,0.23878
2.9923,-0.0700961,0.779528,-0.197815,0.23878
2.99255,0.275675,0.850394,0.0688707,0.23878
2.9928,0.556018,0.779528,0.306304,0.23878
2.99305,0.666032,0.574803,0.407392,0.23878
2.9933,0.581353,0.251969,0.352391,0.23878
2.99355,0.367345,-0.102362,0.203031,0.23878
2.9938,0.135264,-0.433071,0.055935,0.23878
2.99405,-0.0249827,-0.685039,0.00601094,0.23878
2.9943,-0.094605,-0.80315,0.0368175,0.23878
2.99455,-0.123332,-0.80315,0.0813404,0.23878
2.9948,-0.18523,-0.692913,0.0701551,0.23878
2.99505,-0.315161,-0.496063,-0.0508338,0.23878
2.9953,-0.476186,-0.244094,-0.243442,0.23878
2.99555,-0.575271,0.0393701,-0.411605,0.23878
2.9958,-0.522765,0.346457,-0.451071,0.23878
2.99605,-0.292334,0.614173,-0.326829,0.23878
2.9963,0.0512884,0.811024,-0.081009,0.23878
2.99655,0.382656,0.874016,0.181319,0.23878
2.9968,0.580325,0.779528,0.327666,0.23878
2.99705,0.592519,0.551181,0.327029,0.23878
2.9973,0.457346,0.220472,0.219327,0.23878
2.99755,0.272579,-0.125984,0.109863,0.23878
2.9978,0.130393,-0.433071,0.0531478,0.23878
2.99805,0.0627136,-0.661417,0.0908,0.23878
2.9983,0.0286853,-0.779528,0.159051,0.23878
2.99855,-0.0442607,-0.787402,0.1655,0.23878
2.9988,-0.20177,-0.692913,0.0489407,0.23878
2.99905,-0.417139,-0.519685,-0.15585,0.23878
2.9993,-0.598094,-0.267717,-0.37088,0.23878
2.99955,-0.638829,0.0393701,-0.477906,0.23878
2.9998,-0.486793,0.362205,-0.415676,0.23878
3.00005,-0.179506,0.645669,-0.207603,0.23878
3.0003,0.168979,0.834646,0.0441853,0.23878
3.00056,0.430115,0.874016,0.221447,0.23878
3.00081,0.527856,0.76378,0.273769,0.23878
3.00106,0.473898,0.519685,0.214524,0.23878
3.00131,0.34923,0.19685,0.118854,0.23878
3.00156,0.244455,-0.125984,0.080658,0.23878
3.00181,0.200071,-0.417323,0.126377,0.23878
3.00206,0.184725,-0.629921,0.218357,0.23878
3.00231,0.124317,-0.755906,0.251107,0.23878
3.00256,-0.0375083,-0.787402,0.173913,0.23878
3.00281,-0.288482,-0.716535,-0.0349652,0.23878
3.00306,-0.542149,-0.543307,-0.27607,0.23878
3.00331,-0.681103,-0.275591,-0.455133,0.23878
3.00356,-0.626622,0.0472441,-0.464391,0.23878
3.00381,-0.386775,0.385827,-0.313499,0.23878
3.00406,-0.0555429,0.677165,-0.0806053,0.23878
3.00431,0.237976,0.84252,0.112182,0.23878
3.00456,0.400146,0.866142,0.195905,0.23878
3.00481,0.418888,0.732283,0.167839,0.23878
3.00506,0.356392,0.488189,0.0962204,0.23878
3.00531,0.298944,0.188976,0.0680003,0.23878
3.00556,0.293678,-0.110236,0.129118,0.23878
3.00581,0.316669,-0.393701,0.243208,0.23878
3.00606,0.293332,-0.614173,0.326796,0.23878
3.00631,0.154666,-0.755906,0.281504,0.23878
3.00656,-0.105772,-0.80315,0.100917,0.23878
3.00681,-0.411988,-0.748031,-0.158504,0.23878
3.00706,-0.641736,-0.566929,-0.383448,0.23878
3.00731,-0.693173,-0.275591,-0.46258,0.23878
3.00756,-0.543172,0.0708661,-0.38273,0.23878
3.00781,-0.26101,0.417323,-0.186875,0.23878
3.00806,0.0318565,0.692913,0.00197249,0.23878
3.00831,0.231634,0.84252,0.101878,0.23878
3.00856,0.304721,0.84252,0.09828,0.23878
3.00881,0.29624,0.708661,0.0369579,0.23878
3.00906,0.285793,0.480315,0.0271124,0.23878
3.00931,0.325979,0.19685,0.100492,0.23878
3.00956,0.400601,-0.0866142,0.238313,0.23878
3.00981,0.434878,-0.370079,0.363277,0.23878
3.01006,0.346091,-0.606299,0.378193,0.23878
3.01031,0.107465,-0.771654,0.235986,0.23878
3.01056,-0.223175,-0.834646,-0.011022,0.23878
3.01081,-0.524478,-0.76378,-0.274348,0.23878
3.01106,-0.677654,-0.566929,-0.415861,0.23878
3.01131,-0.629381,-0.259843,-0.395499,0.23878
3.01156,-0.420675,0.102362,-0.261742,0.23878
3.01181,-0.15829,0.440945,-0.0917924,0.23878
3.01206,0.0492324,0.692913,0.0132184,0.23878
3.01231,0.153111,0.818898,0.0182896,0.23878
3.01256,0.181319,0.811024,-0.0340802,0.23878
3.01281,0.207863,0.685039,-0.0485594,0.23878
3.01306,0.289738,0.480315,0.021882,0.23878
3.01331,0.41961,0.220472,0.187571,0.23878
3.01356,0.52397,-0.0629921,0.362947,0.23878
3.01381,0.508256,-0.354331,0.437407,0.23878
3.01406,0.321818,-0.614173,0.356775,0.23878
3.01431,0.00057637,-0.795276,0.129977,0.23878
3.01456,-0.344369,-0.858268,-0.139323,0.23878
3.01481,-0.583047,-0.771654,-0.327155,0.23878
3.01506,-0.635906,-0.551181,-0.375822,0.23878
3.01531,-0.5145,-0.228346,-0.283925,0.23878
3.01556,-0.306493,0.125984,-0.146099,0.23878
3.01581,-0.117964,0.448819,-0.0516136,0.23878
3.01606,-0.00942708,0.677165,-0.0462205,0.23878
3.01631,0.0333375,0.787402,-0.100184,0.23878
3.01656,0.0785169,0.787402,-0.12968,0.23878
3.01681,0.188391,0.685039,-0.0701521,0.23878
3.01706,0.366559,0.496063,0.10373,0.23878
3.01731,0.543701,0.244094,0.31215,0.23878
3.01756,0.615394,-0.0472441,0.458071,0.23878
3.01781,0.507741,-0.362205,0.43969,0.23878
3.01806,0.229485,-0.637795,0.265957,0.23878
3.01831,-0.125017,-0.826772,0.00883712,0.23878
3.01856,-0.423056,-0.874016,-0.216337,0.23878
3.01881,-0.564803,-0.76378,-0.308153,0.23878
3.01906,-0.532851,-0.519685,-0.275001,0.23878
3.01931,-0.39309,-0.19685,-0.158529,0.23878
3.01956,-0.244681,0.133858,-0.0805654,0.23878
3.01981,-0.15521,0.433071,-0.0855399,0.23878
3.02006,-0.121339,0.653543,-0.158275,0.23878
3.02031,-0.0806834,0.76378,-0.217824,0.23878
3.02056,0.0363226,0.779528,-0.169736,0.23878
3.02081,0.245556,0.700787,-0.00622477,0.23878
3.02106,0.486853,0.519685,0.228797,0.23878
3.02131,0.649876,0.259843,0.41923,0.23878
3.02156,0.639135,-0.0472441,0.477818,0.23878
3.02181,0.433469,-0.385827,0.369641,0.23878
3.02206,0.104694,-0.669291,0.139887,0.23878
3.02231,-0.22098,-0.84252,-0.0925318,0.23878
3.02256,-0.428894,-0.866142,-0.220859,0.23878
3.02281,-0.477294,-0.740157,-0.219402,0.23878
3.02306,-0.40873,-0.496063,-0.148871,0.23878
3.02331,-0.312342,-0.181102,-0.0807999,0.23878
3.02356,-0.25903,0.133858,-0.0959813,0.23878
3.02381,-0.255309,0.417323,-0.18484,0.23878
3.02406,-0.242339,0.629921,-0.280419,0.23878
3.02431,-0.144184,0.755906,-0.281447,0.241207
3.02456,0.0716548,0.795276,-0.14069,0.241207
3.02481,0.357776,0.724409,0.103853,0.241207
3.02506,0.603963,0.543307,0.347443,0.241207
3.02532,0.696882,0.267717,0.470217,0.241207
3.02557,0.585743,-0.0708661,0.424881,0.241207
3.02582,0.313929,-0.417323,0.244964,0.241207
3.02607,-0.00490219,-0.692913,0.0283541,0.241207
3.02632,-0.250564,-0.850394,-0.121296,0.241207
3.02657,-0.360253,-0.850394,-0.14737,0.241207
3.02682,-0.354815,-0.708661,-0.0999779,0.241207
3.02707,-0.311892,-0.472441,-0.0468329,0.241207
3.02732,-0.303335,-0.181102,-0.0801758,0.241207
3.02757,-0.343768,0.110236,-0.185158,0.241207
3.02782,-0.379004,0.385827,-0.312053,0.241207
3.02807,-0.324966,0.614173,-0.358885,0.241207
3.02832,-0.131777,0.76378,-0.269784,0.241207
3.02857,0.171311,0.818898,-0.0363919,0.241207
3.02882,0.481481,0.748031,0.222889,0.241207
3.02907,0.672534,0.559055,0.40908,0.241207
3.02932,0.666388,0.251969,0.440496,0.241207
3.02957,0.475735,-0.0944882,0.320452,0.241207
3.02982,0.194834,-0.440945,0.127616,0.241207
3.03007,-0.0572454,-0.700787,-0.019838,0.241207
3.03032,-0.202751,-0.834646,-0.0725766,0.241207
3.03057,-0.24387,-0.818898,-0.0299773,0.241207
3.03082,-0.245247,-0.685039,0.0113565,0.241207
3.03107,-0.279872,-0.464567,-0.015794,0.241207
3.03132,-0.369686,-0.19685,-0.146048,0.241207
3.03157,-0.465751,0.0866142,-0.307785,0.241207
3.03182,-0.477686,0.370079,-0.415715,0.241207
3.03207,-0.336664,0.614173,-0.370879,0.241207
3.03232,-0.0483686,0.787402,-0.180323,0.241207
3.03257,0.297007,0.84252,0.0827672,0.241207
3.03282,0.569072,0.76378,0.311161,0.241207
3.03307,0.666065,0.551181,0.402989,0.241207
3.03332,0.570189,0.228346,0.344627,0.241207
3.03357,0.351675,-0.125984,0.194333,0.241207
3.03382,0.122236,-0.456693,0.0549902,0.241207
3.03407,-0.0320824,-0.692913,0.00850876,0.241207
3.03432,-0.0965897,-0.80315,0.0407743,0.241207
3.03457,-0.125591,-0.795276,0.0913909,0.241207
3.03482,-0.191481,-0.677165,0.0698701,0.241207
3.03507,-0.325428,-0.480315,-0.0627217,0.241207
3.03532,-0.485545,-0.220472,-0.255852,0.241207
3.03557,-0.577366,0.0708661,-0.415231,0.241207
3.03582,-0.512953,0.370079,-0.446613,0.241207
3.03607,-0.272578,0.629921,-0.309509,0.241207
3.03632,0.0746044,0.811024,-0.0588923,0.241207
3.03657,0.400332,0.866142,0.187081,0.241207
3.03682,0.586824,0.76378,0.33569,0.241207
3.03707,0.587271,0.527559,0.325682,0.241207
3.03732,0.445794,0.19685,0.219898,0.241207
3.03757,0.261348,-0.149606,0.105926,0.241207
3.03782,0.123965,-0.456693,0.0598128,0.241207
3.03807,0.0601196,-0.669291,0.100512,0.241207
3.03832,0.0262044,-0.779528,0.159841,0.241207
3.03857,-0.0518453,-0.779528,0.160293,0.241207
3.03882,-0.214692,-0.685039,0.038424,0.241207
3.03907,-0.430997,-0.503937,-0.173052,0.241207
3.03932,-0.605894,-0.244094,-0.38325,0.241207
3.03957,-0.635024,0.0629921,-0.481954,0.241207
3.03982,-0.470664,0.385827,-0.409767,0.241207
3.04007,-0.156722,0.661417,-0.196261,0.241207
3.04032,0.189769,0.834646,0.0536169,0.241207
3.04057,0.441783,0.866142,0.229029,0.241207
3.04082,0.528139,0.748031,0.276343,0.241207
3.04107,0.466981,0.496063,0.20795,0.241207
3.04132,0.341103,0.173228,0.119004,0.241207
3.04157,0.239688,-0.149606,0.084788,0.241207
3.04182,0.198785,-0.433071,0.134096,0.241207
3.04207,0.183085,-0.645669,0.228218,0.241207
3.04232,0.117116,-0.76378,0.250409,0.241207
3.04257,-0.0514761,-0.787402,0.164749,0.241207
3.04282,-0.306052,-0.708661,-0.0494118,0.241207
3.04307,-0.555704,-0.527559,-0.295965,0.241207
3.04332,-0.683905,-0.251969,-0.458528,0.241207
3.04357,-0.616067,0.0708661,-0.455605,0.241207
3.04382,-0.36675,0.409449,-0.303039,0.241207
3.04407,-0.0340624,0.692913,-0.0732354,0.241207
3.04432,0.252863,0.850394,0.119207,0.241207
3.04457,0.40533,0.858268,0.196838,0.241207
3.04482,0.416307,0.716535,0.1587,0.241207
3.04507,0.351764,0.464567,0.0857619,0.241207
3.04532,0.296886,0.165354,0.0676727,0.241207
3.04557,0.294879,-0.133858,0.134417,0.241207
3.04582,0.317567,-0.409449,0.253777,0.241207
3.04607,0.28846,-0.622047,0.326973,0.241207
3.04632,0.141022,-0.76378,0.278855,0.241207
3.04657,-0.125205,-0.80315,0.0905075,0.241207
3.04682,-0.430522,-0.732283,-0.176858,0.241207
3.04707,-0.651302,-0.543307,-0.394854,0.241207
3.04732,-0.689272,-0.244094,-0.467337,0.241207
3.04757,-0.527764,0.0944882,-0.368598,0.241207
3.04782,-0.241208,0.440945,-0.178062,0.241207
3.04807,0.0484458,0.708661,0.00911834,0.241207
3.04832,0.239851,0.84252,0.107425,0.241207
3.04857,0.305953,0.826772,0.0941464,0.241207
3.04882,0.294884,0.685039,0.0422991,0.241207
3.04907,0.286674,0.456693,0.0278404,0.241207
3.04932,0.33031,0.173228,0.105887,0.241207
3.04957,0.40525,-0.110236,0.253122,0.241207
3.04982,0.433449,-0.385827,0.375501,0.241207
3.05008,0.335169,-0.614173,0.373923,0.241207
3.05033,0.0877395,-0.779528,0.21993,0.241207
3.05058,-0.245022,-0.826772,-0.0332947,0.241207
3.05083,-0.540048,-0.755906,-0.28563,0.241207
3.05108,-0.680695,-0.543307,-0.422377,0.241207
3.05133,-0.619872,-0.228346,-0.390677,0.241207
3.05158,-0.404033,0.125984,-0.248558,0.241207
3.05183,-0.142433,0.464567,-0.0802968,0.241207
3.05208,0.0592104,0.700787,0.0187437,0.241207
3.05233,0.156676,0.818898,0.0165675,0.241207
3.05258,0.182372,0.80315,-0.0300361,0.241207
3.05283,0.211232,0.669291,-0.0420235,0.241207
3.05308,0.297127,0.456693,0.0359066,0.241207
3.05333,0.428308,0.19685,0.201364,0.241207
3.05358,0.527519,-0.0866142,0.371735,0.241207
3.05383,0.50139,-0.377953,0.436631,0.241207
3.05408,0.304181,-0.629921,0.34318,0.241207
3.05433,-0.0225078,-0.80315,0.114715,0.241207
3.05458,-0.364455,-0.850394,-0.15299,0.241207
3.05483,-0.592356,-0.755906,-0.337263,0.241207
3.05508,-0.632748,-0.527559,-0.370317,0.241207
3.05533,-0.50254,-0.19685,-0.281631,0.241207
3.05558,-0.292707,0.149606,-0.134043,0.241207
3.05583,-0.108228,0.464567,-0.0504991,0.241207
3.05608,-0.00534078,0.685039,-0.0440755,0.241207
3.05633,0.0354787,0.787402,-0.104133,0.241207
3.05658,0.0831249,0.779528,-0.130112,0.241207
3.05683,0.198293,0.669291,-0.0542519,0.241207
3.05708,0.379192,0.480315,0.122482,0.241207
3.05733,0.552568,0.220472,0.326339,0.241207
3.05758,0.614201,-0.0708661,0.456501,0.241207
3.05783,0.494426,-0.385827,0.433989,0.241207
3.05808,0.207455,-0.653543,0.246567,0.241207
3.05833,-0.147367,-0.826772,-0.0147582,0.241207
3.05858,-0.437681,-0.866142,-0.229165,0.241207
3.05883,-0.567576,-0.748031,-0.309557,0.241207
3.05908,-0.526113,-0.496063,-0.269563,0.241207
3.05933,-0.382766,-0.165354,-0.161196,0.241207
3.05958,-0.236797,0.165354,-0.0835674,0.241207
3.05983,-0.151813,0.456693,-0.0940585,0.241207
3.06008,-0.119868,0.661417,-0.161801,0.241207
3.06033,-0.0758612,0.771654,-0.214142,0.241207
3.06058,0.0471822,0.771654,-0.162182,0.241207
3.06083,0.26139,0.685039,0.00316324,0.241207
3.06108,0.501181,0.503937,0.24371,0.241207
3.06133,0.655132,0.23622,0.435294,0.241207
3.06158,0.63139,-0.0787402,0.479577,0.241207
3.06183,0.414886,-0.409449,0.358415,0.241207
3.06208,0.0818678,-0.685039,0.121145,0.241207
3.06233,-0.239051,-0.84252,-0.0995716,0.241207
3.06258,-0.436886,-0.858268,-0.222442,0.241207
3.06283,-0.475645,-0.724409,-0.220264,0.241207
3.06308,-0.402342,-0.464567,-0.143792,0.241207
3.06333,-0.30707,-0.15748,-0.080748,0.241207
3.06358,-0.257787,0.15748,-0.101409,0.241207
3.06383,-0.255501,0.425197,-0.193474,0.241207
3.06408,-0.239139,0.637795,-0.282185,0.241207
3.06433,-0.133618,0.755906,-0.271955,0.241207
3.06458,0.0891333,0.787402,-0.12022,0.241207
3.06483,0.376304,0.708661,0.118688,0.241207
3.06508,0.615585,0.527559,0.354275,0.241207
3.06533,0.695915,0.23622,0.478411,0.241207
3.06558,0.572052,-0.0944882,0.424314,0.241207
3.06583,0.293099,-0.433071,0.232623,0.241207
3.06608,-0.0242536,-0.700787,0.0199671,0.241207
3.06633,-0.262055,-0.84252,-0.121616,0.241207
3.06658,-0.362635,-0.834646,-0.146791,0.241207
3.06683,-0.352327,-0.692913,-0.0979985,0.241207
3.06708,-0.309641,-0.448819,-0.0462608,0.241207
3.06733,-0.304766,-0.15748,-0.0779293,0.241207
3.06758,-0.346988,0.133858,-0.198572,0.241207
3.06783,-0.378946,0.401575,-0.3229,0.241207
3.06808,-0.316741,0.622047,-0.36259,0.241207
3.06833,-0.114883,0.76378,-0.25427,0.241207
3.06858,0.192755,0.811024,-0.0161415,0.241207
3.06883,0.498521,0.732283,0.246527,0.241207
3.06908,0.678491,0.527559,0.421114,0.241207
3.06933,0.658983,0.220472,0.437504,0.241207
3.06958,0.459001,-0.125984,0.304049,0.241207
3.06983,0.176308,-0.464567,0.117664,0.241207
3.07008,-0.0701365,-0.708661,-0.0315385,0.241207
3.07033,-0.208224,-0.826772,-0.0709633,0.241207
3.07058,-0.244188,-0.811024,-0.030558,0.241207
3.07083,-0.245968,-0.669291,0.0135553,0.241207
3.07108,-0.28421,-0.440945,-0.0244217,0.241207
3.07133,-0.376533,-0.173228,-0.159845,0.241207
3.07158,-0.469976,0.110236,-0.319148,0.241207
3.07183,-0.473695,0.385827,-0.414718,0.241207
3.07208,-0.321831,0.629921,-0.366349,0.241207
3.07233,-0.026458,0.787402,-0.166968,0.241207
3.07258,0.318236,0.834646,0.111066,0.241207
3.07283,0.581365,0.748031,0.327157,0.241207
3.07308,0.665394,0.519685,0.410405,0.241207
3.07333,0.558672,0.19685,0.342328,0.241207
3.07358,0.335915,-0.15748,0.179562,0.241207
3.07383,0.109356,-0.472441,0.0463756,0.241207
3.07408,-0.0385514,-0.700787,0.0110979,0.241207
3.07433,-0.0988501,-0.80315,0.046319,0.241207
3.07458,-0.128182,-0.779528,0.091227,0.241207
3.07484,-0.198177,-0.653543,0.0602606,0.241207
3.07509,-0.335817,-0.456693,-0.0780779,0.241207
3.07534,-0.494643,-0.19685,-0.275744,0.241207
3.07559,-0.578523,0.0944882,-0.431596,0.241207
3.07584,-0.502561,0.385827,-0.449751,0.241207
3.07609,-0.251971,0.645669,-0.29691,0.241207
3.07634,0.097828,0.818898,-0.0431217,0.241207
3.07659,0.417618,0.850394,0.20626,0.241207
3.07684,0.592513,0.740157,0.343527,0.241207
3.07709,0.581504,0.496063,0.32678,0.241207
3.07734,0.433855,0.165354,0.210989,0.241207
3.07759,0.250451,-0.173228,0.101631,0.241207
3.07784,0.117678,-0.472441,0.0655532,0.241207
3.07809,0.0576579,-0.677165,0.105912,0.241207
3.07834,0.0231048,-0.779528,0.161045,0.241207
3.07859,-0.0597531,-0.771654,0.156908,0.241207
3.07884,-0.227706,-0.669291,0.0246488,0.241207
3.07909,-0.444755,-0.480315,-0.186149,0.241207
3.07934,-0.613095,-0.212598,-0.395402,0.241207
3.07959,-0.630221,0.0866142,-0.487585,0.241207
3.07984,-0.453757,0.401575,-0.403038,0.241207
3.08009,-0.134033,0.677165,-0.182296,0.241207
3.08034,0.210145,0.84252,0.0652894,0.241207
3.08059,0.452518,0.858268,0.23492,0.241207
3.08084,0.528071,0.724409,0.26934,0.241207
3.08109,0.459533,0.464567,0.197086,0.241207
3.08134,0.333069,0.141732,0.114092,0.241207
3.08159,0.235193,-0.173228,0.0892518,0.241207
3.08184,0.197809,-0.448819,0.141989,0.241207
3.08209,0.181036,-0.653543,0.228679,0.241207
3.08234,0.109793,-0.76378,0.248746,0.241207
3.08259,-0.06604,-0.771654,0.147719,0.241207
3.08284,-0.323459,-0.685039,-0.0701846,0.241207
3.08309,-0.568806,-0.503937,-0.317104,0.241207
3.08334,-0.685776,-0.228346,-0.469422,0.241207
3.08359,-0.604749,0.102362,-0.456111,0.241207
3.08384,-0.346365,0.433071,-0.289016,0.241207
3.08409,-0.01302,0.700787,-0.0558178,0.241207
3.08434,0.267403,0.850394,0.12878,0.241207
3.08459,0.409793,0.84252,0.197951,0.241207
3.08484,0.413362,0.692913,0.160752,0.241207
3.08509,0.347185,0.440945,0.0882702,0.241207
3.08534,0.295101,0.133858,0.076032,0.241207
3.08559,0.296195,-0.15748,0.144248,0.241207
3.08584,0.318241,-0.425197,0.266261,0.241207
3.08609,0.282957,-0.629921,0.329608,0.241207
3.08634,0.126856,-0.76378,0.269476,0.241207
3.08659,-0.145028,-0.795276,0.0741095,0.241207
3.08684,-0.448692,-0.716535,-0.19301,0.241207
3.08709,-0.659901,-0.519685,-0.403426,0.241207
3.08734,-0.684441,-0.220472,-0.46953,0.241207
3.08759,-0.511937,0.125984,-0.364831,0.241207
3.08784,-0.22121,0.464567,-0.170532,0.241207
3.08809,0.0646033,0.716535,0.0192728,0.241207
3.08834,0.247833,0.84252,0.102977,0.241207
3.08859,0.306661,0.818898,0.0934134,0.241207
3.08884,0.2934,0.669291,0.0359847,0.241207
3.08909,0.28779,0.433071,0.0324122,0.241207
3.08934,0.33482,0.149606,0.115844,0.241207
3.08959,0.409397,-0.133858,0.267394,0.241207
3.08984,0.431615,-0.401575,0.376927,0.241207
3.09009,0.323362,-0.629921,0.374752,0.241207
3.09034,0.0676386,-0.779528,0.212676,0.241207
3.09059,-0.266497,-0.818898,-0.0522107,0.241207
3.09084,-0.554806,-0.732283,-0.299191,0.241207
3.09109,-0.682772,-0.511811,-0.428829,0.241207
3.09134,-0.609508,-0.19685,-0.393602,0.241207
3.09159,-0.387197,0.15748,-0.237793,0.241207
3.09184,-0.126656,0.480315,-0.06807,0.241207
3.09209,0.0687651,0.716535,0.0165286,0.241207
3.09234,0.159511,0.818898,0.0191086,0.241207
3.09259,0.183258,0.787402,-0.0349788,0.241207
3.09284,0.214711,0.653543,-0.044951,0.241207
3.09309,0.304793,0.433071,0.046663,0.241207
3.09334,0.436693,0.173228,0.223573,0.241207
3.09359,0.530579,-0.110236,0.387524,0.241207
3.09384,0.49382,-0.393701,0.441159,0.241207
3.09409,0.286215,-0.645669,0.338048,0.241207
3.09434,-0.0456587,-0.80315,0.101117,0.241207
3.09459,-0.383672,-0.84252,-0.170673,0.241207
3.09484,-0.601014,-0.740157,-0.350053,0.241207
3.09509,-0.628713,-0.496063,-0.375631,0.241207
3.09534,-0.490214,-0.165354,-0.2744,0.241207
3.09559,-0.279039,0.181102,-0.131566,0.241207
3.09584,-0.0990506,0.480315,-0.0508538,0.241207
3.09609,-0.00145205,0.692913,-0.0536858,0.241207
3.09634,0.037218,0.787402,-0.107664,0.241207
3.09659,0.0882471,0.771654,-0.132657,0.241207
3.09684,0.20849,0.653543,-0.0449372,0.241207
3.09709,0.391708,0.456693,0.134881,0.241207
3.09734,0.561135,0.19685,0.347204,0.241207
3.09759,0.612422,-0.102362,0.470487,0.241207
3.09784,0.480194,-0.409449,0.427797,0.241207
3.09809,0.185365,-0.669291,0.231146,0.241207
3.09834,-0.169496,-0.834646,-0.0250839,0.241207
3.09859,-0.451655,-0.850394,-0.233419,0.241207
3.09884,-0.56965,-0.724409,-0.318758,0.241207
3.09909,-0.518937,-0.464567,-0.266778,0.241207
3.09934,-0.372474,-0.141732,-0.152068,0.241207
3.0996,-0.229111,0.188976,-0.0848803,0.241207
3.09985,-0.148735,0.472441,-0.101389,0.241207
3.1001,-0.118308,0.669291,-0.169132,0.241207
3.10035,-0.0706906,0.76378,-0.219244,0.241207
3.1006,0.0586594,0.76378,-0.160233,0.241207
3.10085,0.277204,0.669291,0.0189819,0.241207
3.1011,0.514888,0.480315,0.261949,0.241207
3.10135,0.6597,0.212598,0.446863,0.241207
3.1016,0.622932,-0.102362,0.474076,0.241207
3.10185,0.395609,-0.433071,0.348596,0.241207
3.1021,0.0592876,-0.692913,0.108951,0.241207
3.10235,-0.256241,-0.84252,-0.110731,0.241207
3.1026,-0.444108,-0.84252,-0.228881,0.241207
3.10285,-0.473366,-0.700787,-0.219193,0.241207
3.1031,-0.395935,-0.440945,-0.144008,0.241207
3.10335,-0.302117,-0.125984,-0.0891655,0.241207
3.1036,-0.25656,0.181102,-0.108952,0.241207
3.10385,-0.255827,0.448819,-0.201389,0.241207
3.1041,-0.235787,0.645669,-0.284892,0.241207
3.10435,-0.122539,0.76378,-0.272531,0.241207
3.1046,0.10658,0.779528,-0.113387,0.241207
3.10485,0.394589,0.692913,0.143397,0.241207
3.1051,0.626596,0.496063,0.369251,0.241207
3.10535,0.694035,0.212598,0.475419,0.241207
3.1056,0.557687,-0.125984,0.415428,0.241207
3.10585,0.272497,-0.456693,0.219841,0.241207
3.1061,-0.0431221,-0.716535,0.00888273,0.241207
3.10635,-0.272667,-0.84252,-0.127982,0.241207
3.1066,-0.364749,-0.826772,-0.144562,0.241207
3.10685,-0.349559,-0.669291,-0.0925867,0.241207
3.1071,-0.307739,-0.425197,-0.0480227,0.241207
3.10735,-0.306365,-0.125984,-0.0932103,0.241207
3.1076,-0.350477,0.15748,-0.204593,0.241207
3.10785,-0.378481,0.425197,-0.334819,0.241207
3.1081,-0.308142,0.637795,-0.362484,0.241207
3.10835,-0.0972812,0.771654,-0.240463,0.241207
3.1086,0.213803,0.80315,-0.00380735,0.241207
3.10885,0.515329,0.716535,0.259149,0.241207
3.1091,0.68358,0.503937,0.425703,0.241207
3.10935,0.650832,0.19685,0.436902,0.241207
3.1096,0.441911,-0.15748,0.297863,0.241207
3.10985,0.158298,-0.480315,0.112475,0.241207
3.1101,-0.0827826,-0.724409,-0.0262025,0.241207
3.11035,-0.213251,-0.826772,-0.0699312,0.241207
3.1106,-0.244573,-0.795276,-0.0287489,0.241207
3.11085,-0.246855,-0.645669,0.010858,0.241207
3.1111,-0.288724,-0.417323,-0.0348705,0.241207
3.11135,-0.383554,-0.149606,-0.166096,0.241207
3.1116,-0.473941,0.133858,-0.337276,0.241207
3.11185,-0.468837,0.409449,-0.418288,0.241207
3.1121,-0.30637,0.637795,-0.364833,0.241207
3.11235,-0.00425592,0.795276,-0.145259,0.241207
3.1126,0.339292,0.834646,0.119984,0.241207
3.11285,0.592736,0.732283,0.342058,0.241207
3.1131,0.663893,0.496063,0.411581,0.241207
3.11335,0.546692,0.165354,0.326477,0.241207
3.1136,0.320203,-0.181102,0.176048,0.241207
3.11385,0.0967892,-0.496063,0.0458475,0.241207
3.1141,-0.0448677,-0.708661,0.00742928,0.241207
3.11435,-0.100976,-0.80315,0.0434525,0.241207
3.1146,-0.130747,-0.771654,0.0857399,0.241207
3.11485,-0.205202,-0.645669,0.0533778,0.241207
3.1151,-0.346389,-0.433071,-0.0914432,0.241207
3.11535,-0.503393,-0.173228,-0.287395,0.241207
3.1156,-0.578984,0.11811,-0.440023,0.241207
3.11585,-0.491217,0.409449,-0.439276,0.241207
3.1161,-0.231076,0.661417,-0.287926,0.241207
3.11635,0.120871,0.818898,-0.0233872,0.241207
3.1166,0.43427,0.850394,0.214674,0.241207
3.11685,0.59725,0.724409,0.343277,0.241207
3.1171,0.575212,0.472441,0.315596,0.241207
3.11735,0.421955,0.141732,0.202424,0.241207
3.1176,0.239594,-0.19685,0.0982345,0.241207
3.11785,0.111714,-0.488189,0.0681316,0.241207
3.1181,0.0555463,-0.685039,0.114721,0.241207
3.11835,0.0197935,-0.779528,0.169889,0.241207
3.1186,-0.0678941,-0.76378,0.154429,0.241207
3.11885,-0.241204,-0.653543,0.0168888,0.241207
3.1191,-0.458306,-0.456693,-0.201762,0.241207
3.11935,-0.619613,-0.188976,-0.402611,0.241207
3.1196,-0.624576,0.110236,-0.47917,0.241207
3.11985,-0.436541,0.425197,-0.3904,0.241207
3.1201,-0.110809,0.692913,-0.161036,0.241207
3.12035,0.229835,0.84252,0.0832453,0.241207
3.1206,0.462739,0.850394,0.246237,0.241207
3.12085,0.527378,0.700787,0.26621,0.241207
3.1211,0.452099,0.440945,0.199907,0.241207
3.12135,0.325064,0.11811,0.106931,0.241207
3.1216,0.231097,-0.19685,0.0905461,0.241207
3.12185,0.196737,-0.464567,0.151124,0.241207
3.1221,0.178987,-0.661417,0.232108,0.241207
3.12235,0.101671,-0.76378,0.252481,0.241207
3.1226,-0.0810446,-0.771654,0.137591,0.241207
3.12285,-0.341155,-0.677165,-0.0881086,0.241207
3.1231,-0.581353,-0.480315,-0.325992,0.241207
3.12335,-0.686826,-0.19685,-0.476237,0.241207
3.1236,-0.592627,0.125984,-0.447322,0.241207
3.12385,-0.325661,0.456693,-0.275843,0.241207
3.1241,0.00817801,0.716535,-0.0440358,0.241207
3.12436,0.28134,0.850394,0.136878,0.246274
3.12461,0.413864,0.834646,0.193611,0.246274
3.12486,0.410311,0.677165,0.158376,0.246274
3.12511,0.342486,0.417323,0.0921139,0.246274
3.12536,0.293541,0.110236,0.0820293,0.246274
3.12561,0.297739,-0.181102,0.15707,0.246274
3.12586,0.318478,-0.440945,0.271079,0.246274
3.12611,0.276799,-0.645669,0.334479,0.246274
3.12636,0.112378,-0.76378,0.26339,0.246274
3.12661,-0.165162,-0.787402,0.051058,0.246274
3.12686,-0.466321,-0.700787,-0.213811,0.246274
3.12711,-0.667755,-0.496063,-0.419225,0.246274
3.12736,-0.678845,-0.188976,-0.464635,0.246274
3.12761,-0.495297,0.149606,-0.358404,0.246274
3.12786,-0.201063,0.480315,-0.152188,0.246274
3.12811,0.0800724,0.724409,0.0256356,0.246274
3.12836,0.25527,0.84252,0.101614,0.246274
3.12861,0.307037,0.811024,0.0846081,0.246274
3.12886,0.291947,0.653543,0.0303538,0.246274
3.12911,0.289063,0.409449,0.0313252,0.246274
3.12936,0.339429,0.125984,0.129986,0.246274
3.12961,0.41332,-0.15748,0.271383,0.246274
3.12986,0.429257,-0.425197,0.383638,0.246274
3.13011,0.310904,-0.645669,0.373257,0.246274
3.13036,0.0472853,-0.787402,0.199724,0.246274
3.13061,-0.287987,-0.818898,-0.064778,0.246274
3.13086,-0.568727,-0.716535,-0.315745,0.246274
3.13111,-0.684056,-0.488189,-0.429331,0.246274
3.13136,-0.598651,-0.165354,-0.389919,0.246274
3.13161,-0.370141,0.181102,-0.231961,0.246274
3.13186,-0.111169,0.503937,-0.06565,0.246274
3.13211,0.077622,0.724409,0.0180304,0.246274
3.13236,0.162465,0.818898,0.0138288,0.246274
3.13261,0.184369,0.779528,-0.0370142,0.246274
3.13286,0.218542,0.637795,-0.0368838,0.246274
3.13311,0.31265,0.417323,0.059732,0.246274
3.13336,0.44496,0.149606,0.231723,0.246274
3.13361,0.532899,-0.133858,0.397001,0.246274
3.13386,0.485652,-0.417323,0.443154,0.246274
3.13411,0.267351,-0.653543,0.326478,0.246274
3.13436,-0.0688385,-0.811024,0.0850381,0.246274
3.13461,-0.402576,-0.834646,-0.183937,0.246274
3.13486,-0.608825,-0.724409,-0.351471,0.246274
3.13511,-0.624031,-0.472441,-0.373514,0.246274
3.13536,-0.477382,-0.141732,-0.260427,0.246274
3.13561,-0.265644,0.204724,-0.126307,0.246274
3.13586,-0.0900475,0.503937,-0.0484264,0.246274
3.13611,0.00232724,0.700787,-0.0528129,0.246274
3.13636,0.0394471,0.787402,-0.116431,0.246274
3.13661,0.0935818,0.76378,-0.126569,0.246274
3.13686,0.218828,0.637795,-0.0339199,0.246274
3.13711,0.404171,0.433071,0.149025,0.246274
3.13736,0.569047,0.173228,0.352802,0.246274
3.13761,0.609637,-0.125984,0.476038,0.246274
3.13786,0.465164,-0.425197,0.422668,0.246274
3.13811,0.162779,-0.685039,0.223572,0.246274
3.13836,-0.191308,-0.834646,-0.0458366,0.246274
3.13861,-0.464649,-0.850394,-0.242999,0.246274
3.13886,-0.571087,-0.708661,-0.315625,0.246274
3.13911,-0.511101,-0.440945,-0.257244,0.246274
3.13936,-0.362173,-0.110236,-0.151382,0.246274
3.13961,-0.221705,0.212598,-0.0825766,0.246274
3.13986,-0.145687,0.488189,-0.103083,0.246274
3.14011,-0.116481,0.677165,-0.177639,0.246274
3.14036,-0.0655255,0.771654,-0.217022,0.246274
3.14061,0.0705304,0.76378,-0.152408,0.246274
3.14086,0.292968,0.653543,0.0340885,0.246274
3.14111,0.528258,0.464567,0.279099,0.246274
3.14136,0.663361,0.188976,0.454368,0.246274
3.14161,0.613471,-0.125984,0.479416,0.246274
3.14186,0.375859,-0.448819,0.330692,0.246274
3.14211,0.0370377,-0.708661,0.098149,0.246274
3.14236,-0.273113,-0.850394,-0.126909,0.246274
3.14261,-0.450497,-0.834646,-0.232161,0.246274
3.14286,-0.470589,-0.677165,-0.212899,0.246274
3.14311,-0.389462,-0.417323,-0.131946,0.246274
3.14336,-0.297353,-0.102362,-0.0838723,0.246274
3.14361,-0.255535,0.19685,-0.120835,0.246274
3.14386,-0.256084,0.464567,-0.213807,0.246274
3.14411,-0.231944,0.653543,-0.291894,0.246274
3.14436,-0.111191,0.76378,-0.264277,0.246274
3.14461,0.1245,0.779528,-0.0958489,0.246274
3.14486,0.412635,0.685039,0.15571,0.246274
3.14511,0.636811,0.480315,0.387177,0.246274
3.14536,0.69125,0.188976,0.484971,0.246274
3.14561,0.542807,-0.149606,0.402153,0.246274
3.14586,0.251574,-0.480315,0.205499,0.246274
3.14611,-0.0613739,-0.724409,-0.00112965,0.246274
3.14636,-0.282945,-0.84252,-0.129614,0.246274
3.14661,-0.366225,-0.811024,-0.140471,0.246274
3.14686,-0.346828,-0.653543,-0.0859332,0.246274
3.14711,-0.306022,-0.401575,-0.0558866,0.246274
3.14736,-0.308213,-0.102362,-0.091389,0.246274
3.14761,-0.353604,0.181102,-0.217884,0.246274
3.14786,-0.37796,0.440945,-0.334448,0.246274
3.14811,-0.298694,0.645669,-0.357799,0.246274
3.14836,-0.0792385,0.771654,-0.229342,0.246274
3.14861,0.235024,0.80315,0.0166822,0.246274
3.14886,0.531391,0.700787,0.274662,0.246274
3.14912,0.687764,0.480315,0.43978,0.246274
3.14937,0.641884,0.165354,0.434472,0.246274
3.14962,0.424631,-0.181102,0.28667,0.246274
3.14987,0.140285,-0.503937,0.0935763,0.246274
3.15012,-0.0949316,-0.732283,-0.0369469,0.246274
3.15037,-0.217455,-0.826772,-0.0683923,0.246274
3.15062,-0.244834,-0.787402,-0.0270964,0.246274
3.15087,-0.247784,-0.629921,0.00480758,0.246274
3.15112,-0.29354,-0.401575,-0.0418993,0.246274
3.15137,-0.390451,-0.125984,-0.18166,0.246274
3.15162,-0.477558,0.15748,-0.342063,0.246274
3.15187,-0.463293,0.425197,-0.421791,0.246274
3.15212,-0.290536,0.653543,-0.353599,0.246274
3.15237,0.0181279,0.795276,-0.136114,0.246274
3.15262,0.359568,0.826772,0.137131,0.246274
3.15287,0.603517,0.708661,0.345333,0.246274
3.15312,0.661523,0.472441,0.411832,0.246274
3.15337,0.534207,0.141732,0.319957,0.246274
3.15362,0.304512,-0.204724,0.163431,0.246274
3.15387,0.0848324,-0.511811,0.0422593,0.246274
3.15412,-0.050682,-0.716535,0.00633848,0.246274
3.15437,-0.102553,-0.80315,0.0547765,0.246274
3.15462,-0.133722,-0.76378,0.0907251,0.246274
3.15487,-0.212388,-0.629921,0.0447242,0.246274
3.15512,-0.356968,-0.417323,-0.109075,0.246274
3.15537,-0.511988,-0.149606,-0.308482,0.246274
3.15562,-0.578986,0.141732,-0.448056,0.246274
3.15587,-0.479123,0.433071,-0.435376,0.246274
3.15612,-0.210019,0.677165,-0.275824,0.246274
3.15637,0.143795,0.826772,-0.0100257,0.246274
3.15662,0.450358,0.84252,0.231117,0.246274
3.15687,0.601264,0.708661,0.342517,0.246274
3.15712,0.568353,0.448819,0.314675,0.246274
3.15737,0.409979,0.110236,0.198877,0.246274
3.15762,0.229065,-0.220472,0.0938767,0.246274
3.15787,0.106363,-0.503937,0.0709267,0.246274
3.15812,0.05348,-0.692913,0.115451,0.246274
3.15837,0.0162523,-0.779528,0.175858,0.246274
3.15862,-0.0766242,-0.755906,0.149421,0.246274
3.15887,-0.254799,-0.637795,3.13143e-05,0.246274
3.15912,-0.471764,-0.440945,-0.220164,0.246274
3.15937,-0.625597,-0.165354,-0.41563,0.246274
3.15962,-0.618224,0.133858,-0.488906,0.246274
3.15987,-0.418533,0.448819,-0.381798,0.246274
3.16012,-0.0877154,0.700787,-0.145842,0.246274
3.16037,0.249416,0.84252,0.0942633,0.246274
3.16062,0.472196,0.834646,0.255304,0.246274
3.16087,0.52594,0.685039,0.270536,0.246274
3.16112,0.444445,0.417323,0.193378,0.246274
3.16137,0.31737,0.0944882,0.109225,0.246274
3.16162,0.227206,-0.220472,0.0956809,0.246274
3.16187,0.195917,-0.480315,0.160873,0.246274
3.16212,0.176443,-0.669291,0.238145,0.246274
3.16237,0.0930851,-0.76378,0.246119,0.246274
3.16262,-0.0961206,-0.76378,0.123714,0.246274
3.16287,-0.358589,-0.661417,-0.107499,0.246274
3.16312,-0.593433,-0.456693,-0.338228,0.246274
3.16337,-0.686973,-0.173228,-0.478474,0.246274
3.16362,-0.579754,0.149606,-0.446774,0.246274
3.16387,-0.304665,0.472441,-0.268729,0.246274
3.16412,0.0289468,0.724409,-0.0333226,0.246274
3.16437,0.29443,0.850394,0.142672,0.246274
3.16462,0.41734,0.818898,0.198774,0.246274
3.16487,0.406847,0.653543,0.151689,0.246274
3.16512,0.33808,0.393701,0.084329,0.246274
3.16537,0.29222,0.0944882,0.0864424,0.246274
3.16562,0.299394,-0.19685,0.16164,0.246274
3.16587,0.318445,-0.456693,0.280856,0.246274
3.16612,0.270343,-0.653543,0.333906,0.246274
3.16637,0.0971946,-0.771654,0.251981,0.246274
3.16662,-0.185037,-0.787402,0.035807,0.246274
3.16687,-0.483847,-0.685039,-0.228258,0.246274
3.16712,-0.674782,-0.472441,-0.426214,0.246274
3.16737,-0.672368,-0.165354,-0.4651,0.246274
3.16762,-0.478357,0.173228,-0.340395,0.246274
3.16787,-0.181358,0.503937,-0.138368,0.246274
3.16812,0.0953554,0.732283,0.0369615,0.246274
3.16837,0.261928,0.834646,0.107981,0.246274
3.16862,0.307332,0.795276,0.0862694,0.246274
3.16887,0.290719,0.629921,0.0302961,0.246274
3.16912,0.290674,0.385827,0.0398217,0.246274
3.16937,0.344282,0.102362,0.134555,0.246274
3.16962,0.41713,-0.173228,0.287491,0.246274
3.16987,0.426121,-0.440945,0.385723,0.246274
3.17012,0.298045,-0.653543,0.36349,0.246274
3.17037,0.0265154,-0.787402,0.176375,0.246274
3.17062,-0.309435,-0.811024,-0.089923,0.246274
3.17087,-0.582073,-0.700787,-0.325976,0.246274
3.17112,-0.684467,-0.464567,-0.430561,0.246274
3.17137,-0.58722,-0.141732,-0.379607,0.246274
3.17162,-0.353023,0.204724,-0.218079,0.246274
3.17187,-0.0961167,0.519685,-0.0528501,0.246274
3.17212,0.0862573,0.732283,0.0256059,0.246274
3.17237,0.165145,0.811024,0.00590188,0.246274
3.17262,0.185334,0.771654,-0.0363768,0.246274
3.17287,0.222713,0.622047,-0.0342817,0.246274
3.17312,0.320737,0.393701,0.0681589,0.246274
3.17337,0.453005,0.125984,0.251371,0.246274
3.17362,0.534767,-0.15748,0.405218,0.246274
3.17388,0.476543,-0.433071,0.439037,0.246274
3.17413,0.248082,-0.669291,0.3153,0.246274
3.17438,-0.091965,-0.811024,0.0621638,0.246274
3.17463,-0.420924,-0.826772,-0.202924,0.246274
3.17488,-0.615669,-0.700787,-0.355759,0.246274
3.17513,-0.618705,-0.448819,-0.370135,0.246274
3.17538,-0.464514,-0.110236,-0.253193,0.246274
3.17563,-0.252177,0.228346,-0.116457,0.246274
3.17588,-0.0814136,0.519685,-0.0454753,0.246274
3.17613,0.00562418,0.708661,-0.0609031,0.246274
3.17638,0.0417512,0.787402,-0.109988,0.246274
3.17663,0.099135,0.748031,-0.121685,0.246274
3.17688,0.229651,0.622047,-0.0290331,0.246274
3.17713,0.416504,0.417323,0.164075,0.246274
3.17738,0.576384,0.149606,0.367057,0.246274
3.17763,0.606047,-0.149606,0.473153,0.246274
3.17788,0.449727,-0.448819,0.40943,0.246274
3.17813,0.139779,-0.692913,0.206596,0.246274
3.17838,-0.212529,-0.834646,-0.0613301,0.246274
3.17863,-0.477124,-0.834646,-0.25366,0.246274
3.17888,-0.571665,-0.685039,-0.32077,0.246274
3.17913,-0.503133,-0.417323,-0.251163,0.246274
3.17938,-0.351776,-0.0866142,-0.140497,0.246274
3.17963,-0.214724,0.228346,-0.081054,0.246274
3.17988,-0.14285,0.503937,-0.102769,0.246274
3.18013,-0.114798,0.685039,-0.177514,0.246274
3.18038,-0.0596115,0.771654,-0.220735,0.246274
3.18063,0.0828194,0.755906,-0.141152,0.246274
3.18088,0.308938,0.637795,0.0557794,0.246274
3.18113,0.541196,0.440945,0.292733,0.246274
3.18138,0.666266,0.165354,0.460887,0.246274
3.18163,0.603235,-0.149606,0.469967,0.246274
3.18188,0.355693,-0.472441,0.32245,0.246274
3.18213,0.014679,-0.716535,0.0839128,0.246274
3.18238,-0.289406,-0.850394,-0.130207,0.246274
3.18263,-0.456409,-0.826772,-0.237622,0.246274
3.18288,-0.467555,-0.661417,-0.209424,0.246274
3.18313,-0.38274,-0.393701,-0.128665,0.246274
3.18338,-0.292816,-0.0787402,-0.0899229,0.246274
3.18363,-0.254839,0.220472,-0.121036,0.246274
3.18388,-0.256041,0.480315,-0.221339,0.246274
3.18413,-0.22752,0.661417,-0.298942,0.246274
3.18438,-0.0990989,0.76378,-0.258048,0.246274
3.18463,0.142654,0.771654,-0.0855725,0.246274
3.18488,0.430272,0.669291,0.171373,0.246274
3.18513,0.646288,0.456693,0.400692,0.246274
3.18538,0.687639,0.15748,0.479621,0.246274
3.18563,0.52702,-0.173228,0.401226,0.246274
3.18588,0.230368,-0.496063,0.198483,0.246274
3.18613,-0.0794597,-0.740157,-0.0111682,0.246274
3.18638,-0.292618,-0.84252,-0.135588,0.246274
3.18663,-0.36722,-0.80315,-0.141589,0.246274
3.18688,-0.343828,-0.637795,-0.0856419,0.246274
3.18713,-0.304384,-0.377953,-0.0514026,0.246274
3.18738,-0.310221,-0.0866142,-0.100262,0.246274
3.18763,-0.356645,0.19685,-0.22483,0.246274
3.18788,-0.376616,0.456693,-0.34603,0.246274
3.18813,-0.288672,0.653543,-0.359341,0.246274
3.18838,-0.0609037,0.779528,-0.219332,0.246274
3.18863,0.256169,0.795276,0.034944,0.246274
3.18888,0.546712,0.685039,0.293502,0.246274
3.18913,0.691094,0.456693,0.437328,0.246274
3.18938,0.632055,0.141732,0.426023,0.246274
3.18963,0.406742,-0.204724,0.279485,0.246274
3.18988,0.122493,-0.519685,0.0916085,0.246274
3.19013,-0.106346,-0.740157,-0.0444123,0.246274
3.19038,-0.221626,-0.826772,-0.0637416,0.246274
3.19063,-0.2446,-0.779528,-0.0182099,0.246274
3.19088,-0.248945,-0.614173,0.00472157,0.246274
3.19113,-0.298588,-0.377953,-0.0459889,0.246274
3.19138,-0.397273,-0.102362,-0.18912,0.246274
3.19163,-0.480547,0.173228,-0.3524,0.246274
3.19188,-0.457338,0.440945,-0.426208,0.246274
3.19213,-0.27379,0.661417,-0.338832,0.246274
3.19238,0.0404189,0.80315,-0.112355,0.246274
3.19263,0.379628,0.818898,0.154678,0.246274
3.19288,0.613422,0.692913,0.362414,0.246274
3.19313,0.658296,0.448819,0.409213,0.246274
3.19338,0.521088,0.11811,0.313986,0.246274
3.19363,0.289007,-0.228346,0.161516,0.246274
3.19388,0.0730517,-0.527559,0.0347021,0.246274
3.19413,-0.056005,-0.724409,0.0148274,0.246274
3.19438,-0.104474,-0.80315,0.0555679,0.246274
3.19463,-0.136779,-0.755906,0.091101,0.246274
3.19488,-0.220011,-0.614173,0.0407396,0.246274
3.19513,-0.3676,-0.393701,-0.115041,0.246274
3.19538,-0.520059,-0.125984,-0.320991,0.246274
3.19563,-0.578008,0.15748,-0.446759,0.246274
3.19588,-0.466449,0.448819,-0.438312,0.246274
3.19613,-0.188355,0.685039,-0.258933,0.246274
3.19638,0.166514,0.826772,0.00485383,0.246274
3.19663,0.465468,0.834646,0.242887,0.246274
3.19688,0.604532,0.685039,0.350812,0.246274
3.19713,0.560723,0.425197,0.308785,0.246274
3.19738,0.397873,0.0866142,0.191877,0.246274
3.19763,0.218935,-0.244094,0.0885695,0.246274
3.19788,0.101041,-0.519685,0.0727988,0.246274
3.19813,0.0512981,-0.700787,0.11703,0.246274
3.19839,0.0128604,-0.779528,0.174928,0.246274
3.19864,-0.0857313,-0.748031,0.138276,0.246274
3.19889,-0.268438,-0.622047,-0.0124103,0.246274
3.19914,-0.484815,-0.417323,-0.23759,0.246274
3.19939,-0.630781,-0.141732,-0.426958,0.246274
3.19964,-0.610898,0.15748,-0.489,0.246274
3.19989,-0.399953,0.472441,-0.363256,0.246274
3.20014,-0.0648348,0.716535,-0.130522,0.246274
3.20039,0.268366,0.84252,0.111969,0.246274
3.20064,0.480734,0.826772,0.260775,0.246274
3.20089,0.52389,0.661417,0.265402,0.246274
3.20114,0.436554,0.393701,0.185575,0.246274
3.20139,0.309805,0.0708661,0.102768,0.246274
3.20164,0.223529,-0.23622,0.0938385,0.246274
3.20189,0.195187,-0.496063,0.168994,0.246274
3.20214,0.173797,-0.677165,0.246255,0.246274
3.20239,0.0842718,-0.76378,0.242789,0.246274
3.20264,-0.111728,-0.755906,0.111228,0.246274
3.20289,-0.375908,-0.645669,-0.122412,0.246274
3.20314,-0.604784,-0.440945,-0.35834,0.246274
3.20339,-0.686276,-0.149606,-0.48826,0.246274
3.20364,-0.56629,0.173228,-0.437712,0.246274
3.20389,-0.283417,0.496063,-0.250232,0.246274
3.20414,0.0491761,0.740157,-0.0237609,0.246274
3.20439,0.307117,0.850394,0.149626,0.246274
3.20464,0.420092,0.811024,0.195276,0.246274
3.20489,0.403275,0.637795,0.141747,0.246274
3.20514,0.333781,0.370079,0.0851785,0.246274
3.20539,0.29119,0.0708661,0.0888221,0.246274
3.20564,0.300958,-0.220472,0.174306,0.246274
3.20589,0.318516,-0.472441,0.286759,0.246274
3.20614,0.263102,-0.661417,0.331312,0.246274
3.20639,0.0815305,-0.771654,0.23872,0.246274
3.20664,-0.205196,-0.779528,0.0189195,0.246274
3.20689,-0.50072,-0.669291,-0.247773,0.246274
3.20714,-0.680989,-0.448819,-0.433575,0.246274
3.20739,-0.665059,-0.133858,-0.464403,0.246274
3.20764,-0.46111,0.204724,-0.335217,0.246274
3.20789,-0.161548,0.519685,-0.129732,0.246274
3.20814,0.110099,0.748031,0.0370948,0.246274
3.20839,0.268179,0.834646,0.106281,0.246274
3.20864,0.30736,0.779528,0.0861112,0.246274
3.20889,0.289439,0.614173,0.0320182,0.246274
3.20914,0.292526,0.362205,0.0447838,0.246274
3.20939,0.349155,0.0787402,0.146057,0.246274
3.20964,0.420732,-0.19685,0.297127,0.246274
3.20989,0.422387,-0.456693,0.389927,0.246274
3.21014,0.284322,-0.661417,0.352566,0.246274
3.21039,0.00546158,-0.787402,0.163044,0.246274
3.21064,-0.330217,-0.80315,-0.102993,0.246274
3.21089,-0.594777,-0.685039,-0.339707,0.246274
3.21114,-0.683969,-0.440945,-0.432233,0.246274
3.21139,-0.575156,-0.110236,-0.372682,0.246274
3.21164,-0.335811,0.228346,-0.206687,0.246274
3.21189,-0.0812866,0.535433,-0.0481715,0.246274
3.21214,0.0943516,0.740157,0.0204458,0.246274
3.21239,0.167332,0.811024,0.00685123,0.246274
3.21264,0.186585,0.755906,-0.0407021,0.246274
3.21289,0.227026,0.606299,-0.0276717,0.246274
3.21314,0.328941,0.377953,0.0774249,0.246274
3.21339,0.461027,0.102362,0.26555,0.246274
3.21364,0.535897,-0.173228,0.414487,0.246274
3.21389,0.466691,-0.456693,0.438183,0.246274
3.21414,0.228565,-0.677165,0.298842,0.246274
3.21439,-0.11509,-0.818898,0.0453451,0.246274
3.21464,-0.438617,-0.818898,-0.215797,0.246274
3.21489,-0.621819,-0.685039,-0.365478,0.246274
3.21514,-0.612696,-0.425197,-0.359886,0.246274
3.21539,-0.451357,-0.0866142,-0.247201,0.246274
3.21564,-0.239019,0.251969,-0.116814,0.246274
3.21589,-0.0734074,0.535433,-0.0426294,0.246274
3.21614,0.00893382,0.716535,-0.0634159,0.246274
3.21639,0.0439127,0.787402,-0.1188,0.246274
3.21664,0.105218,0.748031,-0.124475,0.246274
3.21689,0.240668,0.606299,-0.0121164,0.246274
3.21714,0.428963,0.393701,0.179086,0.246274
3.21739,0.58333,0.125984,0.387911,0.246274
3.21764,0.601789,-0.165354,0.482994,0.246274
3.21789,0.433421,-0.464567,0.408021,0.246274
3.21814,0.117022,-0.708661,0.184521,0.246274
3.21839,-0.23376,-0.84252,-0.0731098,0.246274
3.21864,-0.488876,-0.826772,-0.264242,0.246274
3.21889,-0.571674,-0.669291,-0.312501,0.246274
3.21914,-0.494809,-0.393701,-0.248666,0.246274
3.21939,-0.34165,-0.0629921,-0.142273,0.246274
3.21964,-0.207919,0.251969,-0.0794961,0.246274
3.21989,-0.140568,0.519685,-0.110503,0.246274
3.22014,-0.11276,0.692913,-0.19014,0.246274
3.22039,-0.0533135,0.771654,-0.21829,0.246274
3.22064,0.0952582,0.748031,-0.132786,0.246274
3.22089,0.32511,0.629921,0.0707952,0.246274
3.22114,0.553817,0.417323,0.30274,0.246274
3.22139,0.668311,0.141732,0.468092,0.246274
3.22164,0.592338,-0.181102,0.474058,0.246274
3.22189,0.335096,-0.496063,0.304691,0.246274
3.22214,-0.00769009,-0.732283,0.0641951,0.246274
3.22239,-0.304916,-0.850394,-0.1432,0.246274
3.22264,-0.46164,-0.818898,-0.230749,0.246274
3.22289,-0.463979,-0.637795,-0.207904,0.246274
3.22315,-0.376223,-0.370079,-0.125067,0.246274
3.2234,-0.288546,-0.0551181,-0.0861098,0.246274
3.22365,-0.254315,0.244094,-0.131626,0.246274
3.2239,-0.255871,0.496063,-0.234581,0.246274
3.22415,-0.222899,0.677165,-0.296458,0.246274
3.2244,-0.0864956,0.771654,-0.244946,0.247311
3.22465,0.160964,0.76378,-0.065252,0.247311
3.2249,0.447934,0.653543,0.193383,0.247311
3.22515,0.654967,0.433071,0.406733,0.247311
3.2254,0.683106,0.133858,0.483814,0.247311
3.22565,0.510798,-0.204724,0.385452,0.247311
3.2259,0.209506,-0.519685,0.18092,0.247311
3.22615,-0.0972072,-0.748031,-0.0233197,0.247311
3.2264,-0.301449,-0.84252,-0.136633,0.247311
3.22665,-0.367994,-0.795276,-0.142849,0.247311
3.2269,-0.34095,-0.614173,-0.0810348,0.247311
3.22715,-0.303084,-0.354331,-0.0535515,0.247311
3.2274,-0.31251,-0.0629921,-0.111304,0.247311
3.22765,-0.359717,0.220472,-0.236626,0.247311
3.2279,-0.374803,0.472441,-0.348096,0.247311
3.22815,-0.278229,0.669291,-0.348549,0.247311
3.2284,-0.0420404,0.779528,-0.207572,0.247311
3.22865,0.277397,0.787402,0.0492243,0.247311
3.2289,0.561537,0.669291,0.301763,0.247311
3.22915,0.693539,0.433071,0.451116,0.247311
3.2294,0.621688,0.110236,0.425124,0.247311
3.22965,0.388795,-0.228346,0.264377,0.247311
3.2299,0.105035,-0.543307,0.0821306,0.247311
3.23015,-0.117499,-0.748031,-0.0473545,0.247311
3.2304,-0.225395,-0.826772,-0.0620906,0.247311
3.23065,-0.244686,-0.76378,-0.0146413,0.247311
3.2309,-0.250424,-0.598425,0.00550249,0.247311
3.23115,-0.303882,-0.362205,-0.0571469,0.247311
3.2314,-0.404036,-0.0787402,-0.206099,0.247311
3.23165,-0.483218,0.19685,-0.361835,0.247311
3.2319,-0.450397,0.464567,-0.427002,0.247311
3.23215,-0.256542,0.677165,-0.328451,0.247311
3.2324,0.0632481,0.80315,-0.103334,0.247311
3.23265,0.399231,0.811024,0.173593,0.247311
3.2329,0.622377,0.677165,0.369117,0.247311
3.23315,0.654376,0.425197,0.410826,0.247311
3.2334,0.507807,0.0866142,0.308827,0.247311
3.23365,0.273301,-0.251969,0.153958,0.247311
3.2339,0.061655,-0.543307,0.0324977,0.247311
3.23415,-0.0612114,-0.732283,0.0107073,0.247311
3.2344,-0.106326,-0.795276,0.0570608,0.247311
3.23465,-0.140006,-0.748031,0.092214,0.247311
3.2349,-0.227948,-0.598425,0.0264098,0.247311
3.23515,-0.378223,-0.377953,-0.129939,0.247311
3.2354,-0.527678,-0.102362,-0.329601,0.247311
3.23565,-0.576293,0.181102,-0.453078,0.247311
3.2359,-0.452882,0.472441,-0.424163,0.247311
3.23615,-0.16618,0.700787,-0.239732,0.247311
3.2364,0.188752,0.826772,0.0285483,0.247311
3.23665,0.480083,0.818898,0.250798,0.247311
3.2369,0.606877,0.669291,0.351308,0.247311
3.23715,0.552808,0.393701,0.300985,0.247311
3.2374,0.385534,0.0629921,0.18225,0.247311
3.23765,0.208945,-0.259843,0.0887879,0.247311
3.2379,0.096022,-0.535433,0.0742855,0.247311
3.23815,0.0494072,-0.708661,0.130298,0.247311
3.2384,0.00880081,-0.779528,0.175687,0.247311
3.23865,-0.0950036,-0.740157,0.136849,0.247311
3.2389,-0.282368,-0.614173,-0.0296058,0.247311
3.23915,-0.497564,-0.401575,-0.251848,0.247311
3.2394,-0.6352,-0.125984,-0.43408,0.247311
3.23965,-0.602737,0.181102,-0.481974,0.247311
3.2399,-0.380885,0.488189,-0.351626,0.247311
3.24015,-0.0417258,0.724409,-0.113192,0.247311
3.2404,0.286552,0.84252,0.121602,0.247311
3.24065,0.488738,0.818898,0.25802,0.247311
3.2409,0.521434,0.645669,0.259659,0.247311
3.24115,0.428364,0.370079,0.176282,0.247311
3.2414,0.302426,0.0472441,0.0981007,0.247311
3.24165,0.220256,-0.259843,0.0998393,0.247311
3.2419,0.19429,-0.511811,0.171319,0.247311
3.24215,0.170914,-0.685039,0.242938,0.247311
3.2424,0.0747994,-0.76378,0.238533,0.247311
3.24265,-0.127639,-0.748031,0.0966698,0.247311
3.2429,-0.392953,-0.629921,-0.13787,0.247311
3.24315,-0.615495,-0.417323,-0.373738,0.247311
3.2434,-0.684721,-0.125984,-0.491439,0.247311
3.24365,-0.551853,0.19685,-0.434929,0.247311
3.2439,-0.262162,0.511811,-0.232314,0.247311
3.24415,0.069315,0.748031,-0.00242129,0.247311
3.2444,0.31917,0.850394,0.1612,0.247311
3.24465,0.422219,0.795276,0.191813,0.247311
3.2449,0.399285,0.614173,0.138975,0.247311
3.24515,0.329571,0.346457,0.081097,0.247311
3.2454,0.29035,0.0472441,0.0873879,0.247311
3.24565,0.302706,-0.23622,0.179266,0.247311
3.2459,0.317878,-0.488189,0.294671,0.247311
3.24615,0.255394,-0.669291,0.336046,0.247311
3.2464,0.06564,-0.771654,0.224773,0.247311
3.24665,-0.225396,-0.771654,-0.000868985,0.247311
3.2469,-0.516968,-0.653543,-0.260306,0.247311
3.24715,-0.686317,-0.425197,-0.439557,0.247311
3.2474,-0.65689,-0.110236,-0.462136,0.247311
3.24765,-0.443316,0.228346,-0.319766,0.247311
3.24791,-0.141865,0.535433,-0.11383,0.247311
3.24816,0.124104,0.755906,0.048699,0.247311
3.24841,0.274017,0.834646,0.110071,0.247311
3.24866,0.306751,0.771654,0.0832005,0.247311
3.24891,0.288254,0.598425,0.0365458,0.247311
3.24916,0.294584,0.346457,0.0534487,0.247311
3.24941,0.354054,0.0629921,0.154318,0.247311
3.24966,0.423837,-0.212598,0.307473,0.247311
3.24991,0.418367,-0.472441,0.393282,0.247311
3.25016,0.269947,-0.677165,0.346625,0.247311
3.25041,-0.015607,-0.795276,0.149108,0.247311
3.25066,-0.350893,-0.795276,-0.123688,0.247311
3.25091,-0.60661,-0.669291,-0.35452,0.247311
3.25116,-0.682589,-0.417323,-0.442303,0.247311
3.25141,-0.562346,-0.0866142,-0.367773,0.247311
3.25166,-0.318684,0.251969,-0.196992,0.247311
3.25191,-0.066807,0.551181,-0.0438354,0.247311
3.25216,0.101829,0.748031,0.0287013,0.247311
3.25241,0.169334,0.811024,0.00707974,0.247311
3.25266,0.18777,0.748031,-0.0397254,0.247311
3.25291,0.23175,0.590551,-0.0291767,0.247311
3.25316,0.337285,0.354331,0.0957024,0.247311
3.25341,0.468674,0.0787402,0.273561,0.247311
3.25366,0.536546,-0.19685,0.422519,0.247311
3.25391,0.456312,-0.472441,0.438945,0.247311
3.25416,0.208349,-0.692913,0.288171,0.247311
3.25441,-0.138129,-0.818898,0.0300727,0.247311
3.25466,-0.455764,-0.811024,-0.227796,0.247311
3.25491,-0.6271,-0.669291,-0.370979,0.247311
3.25516,-0.60583,-0.393701,-0.359895,0.247311
3.25541,-0.437984,-0.0551181,-0.239777,0.247311
3.25566,-0.226218,0.275591,-0.103144,0.247311
3.25591,-0.065528,0.551181,-0.0431715,0.247311
3.25616,0.0118583,0.724409,-0.0702894,0.247311
3.25641,0.0462492,0.787402,-0.117832,0.247311
3.25666,0.111631,0.740157,-0.118627,0.247311
3.25691,0.251799,0.590551,-0.0042415,0.247311
3.25716,0.441099,0.377953,0.194103,0.247311
3.25741,0.58957,0.102362,0.396533,0.247311
3.25766,0.596618,-0.19685,0.481662,0.247311
3.25791,0.416469,-0.488189,0.400942,0.247311
3.25816,0.0938763,-0.724409,0.174168,0.247311
3.25841,-0.254413,-0.84252,-0.0898508,0.247311
3.25866,-0.499653,-0.818898,-0.268852,0.247311
3.25891,-0.57085,-0.645669,-0.311205,0.247311
3.25916,-0.486123,-0.370079,-0.238756,0.247311
3.25941,-0.331569,-0.0393701,-0.133909,0.247311
3.25966,-0.201406,0.275591,-0.083969,0.247311
3.25991,-0.138114,0.535433,-0.117959,0.247311
3.26016,-0.110775,0.700787,-0.188901,0.247311
3.26041,-0.0468586,0.771654,-0.213053,0.247311
3.26066,0.108259,0.740157,-0.122342,0.247311
3.26091,0.340996,0.614173,0.0852485,0.247311
3.26116,0.565802,0.401575,0.320518,0.247311
3.26141,0.6696,0.110236,0.475355,0.247311
3.26166,0.580516,-0.204724,0.465074,0.247311
3.26191,0.314127,-0.511811,0.289912,0.247311
3.26216,-0.0294386,-0.748031,0.0464189,0.247311
3.26241,-0.319985,-0.850394,-0.154137,0.247311
3.26266,-0.465894,-0.80315,-0.237685,0.247311
3.26291,-0.460147,-0.622047,-0.205458,0.247311
3.26316,-0.369714,-0.346457,-0.122705,0.247311
3.26341,-0.284502,-0.0314961,-0.0864826,0.247311
3.26366,-0.253837,0.259843,-0.141881,0.247311
3.26391,-0.255958,0.511811,-0.242493,0.247311
3.26416,-0.217588,0.685039,-0.296024,0.247311
3.26441,-0.0736392,0.771654,-0.244808,0.247311
3.26466,0.17951,0.755906,-0.0538642,0.247311
3.26491,0.465058,0.637795,0.213587,0.247311
3.26516,0.66302,0.409449,0.424152,0.247311
3.26541,0.677701,0.102362,0.481343,0.247311
3.26566,0.494163,-0.228346,0.381318,0.247311
3.26591,0.188422,-0.543307,0.169992,0.247311
3.26616,-0.114165,-0.755906,-0.0314919,0.247311
3.26641,-0.309837,-0.84252,-0.138603,0.247311
3.26666,-0.368361,-0.779528,-0.14114,0.247311
3.26691,-0.337907,-0.598425,-0.0841554,0.247311
3.26716,-0.301998,-0.330709,-0.0536252,0.247311
3.26741,-0.314947,-0.0393701,-0.115698,0.247311
3.26766,-0.362709,0.244094,-0.251715,0.247311
3.26791,-0.372714,0.488189,-0.351053,0.247311
3.26816,-0.266935,0.677165,-0.345053,0.247311
3.26841,-0.0228103,0.787402,-0.192193,0.247311
3.26866,0.298087,0.779528,0.0651207,0.247311
3.26891,0.575835,0.653543,0.321065,0.247311
3.26916,0.695065,0.409449,0.454945,0.247311
3.26941,0.610573,0.0866142,0.417069,0.247311
3.26966,0.370777,-0.259843,0.252638,0.247311
3.26991,0.0877733,-0.559055,0.0699317,0.247311
3.27016,-0.128106,-0.755906,-0.0496431,0.247311
3.27041,-0.228542,-0.818898,-0.0632568,0.247311
3.27066,-0.244716,-0.755906,-0.0143251,0.247311
3.27091,-0.251996,-0.582677,0.00173353,0.247311
3.27116,-0.30938,-0.338583,-0.0705046,0.247311
3.27141,-0.410957,-0.0551181,-0.220837,0.247311
3.27166,-0.485266,0.220472,-0.375774,0.247311
3.27191,-0.442755,0.480315,-0.429112,0.247311
3.27216,-0.238984,0.692913,-0.321895,0.247311
3.27241,0.0859643,0.811024,-0.0860978,0.247311
3.27267,0.418308,0.80315,0.194162,0.247311
3.27292,0.630633,0.661417,0.37636,0.247311
3.27317,0.649681,0.393701,0.406732,0.247311
3.27342,0.494097,0.0551181,0.299391,0.247311
3.27367,0.257855,-0.275591,0.142541,0.247311
3.27392,0.0508672,-0.559055,0.0370644,0.247311
3.27417,-0.0660748,-0.740157,0.0171015,0.247311
3.27442,-0.107895,-0.795276,0.0585995,0.247311
3.27467,-0.143675,-0.732283,0.0850886,0.247311
3.27492,-0.23615,-0.582677,0.0181947,0.247311
3.27517,-0.389058,-0.354331,-0.147291,0.247311
3.27542,-0.534863,-0.0787402,-0.343454,0.247311
3.27567,-0.573978,0.204724,-0.459849,0.247311
3.27592,-0.438604,0.488189,-0.421193,0.247311
3.27617,-0.144119,0.716535,-0.228301,0.247311
3.27642,0.211128,0.834646,0.0440314,0.247311
3.27667,0.493983,0.811024,0.263121,0.247311
3.27692,0.608567,0.645669,0.347664,0.247311
3.27717,0.544403,0.370079,0.299508,0.247311
3.27742,0.373398,0.0314961,0.181042,0.247311
3.27767,0.199209,-0.283465,0.0851118,0.247311
3.27792,0.0915079,-0.551181,0.0752145,0.247311
3.27817,0.0473045,-0.716535,0.130902,0.247311
3.27842,0.00446154,-0.779528,0.179636,0.247311
3.27867,-0.104869,-0.732283,0.129416,0.247311
3.27892,-0.296568,-0.598425,-0.0366973,0.247311
3.27917,-0.510143,-0.377953,-0.267054,0.247311
3.27942,-0.638881,-0.102362,-0.445183,0.247311
3.27967,-0.593901,0.204724,-0.476801,0.247311
3.27992,-0.361251,0.511811,-0.346246,0.247311
3.28017,-0.0184752,0.740157,-0.10537,0.247311
3.28042,0.304521,0.850394,0.135774,0.247311
3.28067,0.496004,0.811024,0.262494,0.247311
3.28092,0.518313,0.629921,0.259022,0.247311
3.28117,0.420223,0.346457,0.171034,0.247311
3.28142,0.295241,0.023622,0.101113,0.247311
3.28167,0.217185,-0.275591,0.104118,0.247311
3.28192,0.193407,-0.527559,0.17876,0.247311
3.28217,0.167473,-0.692913,0.252963,0.247311
3.28242,0.0647998,-0.771654,0.237595,0.247311
3.28267,-0.143752,-0.748031,0.0888783,0.247311
3.28292,-0.410141,-0.622047,-0.153584,0.247311
3.28317,-0.625511,-0.401575,-0.379861,0.247311
3.28342,-0.682235,-0.102362,-0.489969,0.247311
3.28367,-0.536855,0.228346,-0.422898,0.247311
3.28392,-0.240329,0.535433,-0.228011,0.247311
3.28417,0.0892219,0.755906,0.00992706,0.247311
3.28442,0.330347,0.850394,0.155448,0.247311
3.28467,0.423998,0.787402,0.188628,0.247311
3.28492,0.395169,0.598425,0.13882,0.247311
3.28517,0.325443,0.330709,0.0789471,0.247311
3.28542,0.289797,0.023622,0.0987371,0.247311
3.28567,0.304333,-0.259843,0.188261,0.247311
3.28592,0.316903,-0.503937,0.305091,0.247311
3.28617,0.247275,-0.685039,0.334042,0.247311
3.28642,0.0489837,-0.779528,0.22453,0.247311
3.28667,-0.245596,-0.771654,-0.0114788,0.247311
3.28692,-0.532817,-0.645669,-0.277535,0.247311
3.28717,-0.690781,-0.409449,-0.446631,0.247311
3.28742,-0.647959,-0.0866142,-0.456577,0.247311
3.28767,-0.42495,0.251969,-0.309153,0.247311
3.28792,-0.122399,0.559055,-0.102785,0.247311
3.28817,0.137838,0.76378,0.0592796,0.247311
3.28842,0.279108,0.834646,0.109442,0.247311
3.28867,0.306316,0.76378,0.0708244,0.247311
3.28892,0.28733,0.582677,0.0283594,0.247311
3.28917,0.296941,0.322835,0.0541064,0.247311
3.28942,0.359005,0.0393701,0.166669,0.247311
3.28967,0.426769,-0.23622,0.315869,0.247311
3.28992,0.413395,-0.488189,0.399538,0.247311
3.29017,0.255238,-0.685039,0.342347,0.247311
3.29042,-0.0373036,-0.795276,0.133766,0.247311
3.29067,-0.371225,-0.787402,-0.136099,0.247311
3.29092,-0.617542,-0.653543,-0.364832,0.247311
3.29117,-0.680413,-0.393701,-0.433686,0.247311
3.29142,-0.549242,-0.0629921,-0.353214,0.247311
3.29167,-0.301214,0.275591,-0.183633,0.247311
3.29192,-0.0529077,0.566929,-0.0404203,0.247311
3.29217,0.109102,0.755906,0.0241333,0.247311
3.29242,0.171309,0.811024,-0.00454575,0.247311
3.29267,0.189049,0.740157,-0.0465935,0.247311
3.29292,0.236729,0.574803,-0.023044,0.247311
3.29317,0.34572,0.338583,0.105723,0.247311
3.29342,0.475996,0.0629921,0.286474,0.247311
3.29367,0.53655,-0.220472,0.421919,0.247311
3.29392,0.444985,-0.488189,0.432011,0.247311
3.29417,0.187551,-0.708661,0.273757,0.247311
3.29442,-0.160809,-0.826772,0.0083133,0.247311
3.29467,-0.472273,-0.80315,-0.245386,0.247311
3.29492,-0.631445,-0.645669,-0.377876,0.247311
3.29517,-0.598526,-0.370079,-0.359634,0.247311
3.29542,-0.424304,-0.0314961,-0.230811,0.247311
3.29567,-0.213506,0.291339,-0.100391,0.247311
3.29592,-0.0580177,0.566929,-0.0402571,0.247311
3.29617,0.0145248,0.732283,-0.0715832,0.247311
3.29642,0.0489062,0.787402,-0.122577,0.247311
3.29667,0.118128,0.724409,-0.115357,0.247311
3.29692,0.26328,0.582677,0.00621914,0.247311
3.29717,0.453063,0.354331,0.212797,0.247311
3.29743,0.595144,0.0787402,0.40488,0.247311
3.29768,0.590584,-0.220472,0.477848,0.247311
3.29793,0.398985,-0.511811,0.385263,0.247311
3.29818,0.0706202,-0.732283,0.151985,0.247311
3.29843,-0.274381,-0.84252,-0.103944,0.247311
3.29868,-0.50987,-0.811024,-0.279609,0.247311
3.29893,-0.569479,-0.629921,-0.314893,0.247311
3.29918,-0.476985,-0.346457,-0.231751,0.247311
3.29943,-0.321602,-0.015748,-0.130115,0.247311
3.29968,-0.195343,0.299213,-0.0835922,0.247311
3.29993,-0.135823,0.551181,-0.125065,0.247311
3.30018,-0.10868,0.708661,-0.198542,0.247311
3.30043,-0.0398562,0.771654,-0.210649,0.247311
3.30068,0.121605,0.732283,-0.107598,0.247311
3.30093,0.356981,0.598425,0.104224,0.247311
3.30118,0.577264,0.377953,0.334231,0.247311
3.30143,0.670033,0.0866142,0.48655,0.247311
3.30168,0.56783,-0.228346,0.455663,0.247311
3.30193,0.293037,-0.535433,0.277583,0.247311
3.30218,-0.0511935,-0.755906,0.0330785,0.247311
3.30243,-0.334424,-0.850394,-0.161102,0.247311
3.30268,-0.469785,-0.795276,-0.237788,0.247311
3.30293,-0.455757,-0.598425,-0.199873,0.247311
3.30318,-0.363207,-0.322835,-0.115894,0.247311
3.30343,-0.280704,-0.00787402,-0.088212,0.247311
3.30368,-0.253659,0.283465,-0.146008,0.247311
3.30393,-0.255471,0.519685,-0.250722,0.247311
3.30418,-0.211935,0.692913,-0.303318,0.247311
3.30443,-0.0600654,0.771654,-0.233821,0.247311
3.30468,0.198204,0.748031,-0.0389354,0.247311
3.30493,0.481686,0.622047,0.226274,0.247311
3.30518,0.670161,0.393701,0.429795,0.247311
3.30543,0.671443,0.0787402,0.482951,0.247311
3.30568,0.476855,-0.251969,0.371699,0.247311
3.30593,0.167354,-0.559055,0.158548,0.247311
3.30618,-0.130894,-0.76378,-0.0456947,0.247311
3.30643,-0.317694,-0.84252,-0.140537,0.247311
3.30668,-0.367966,-0.771654,-0.135806,0.247311
3.30693,-0.334974,-0.574803,-0.0720506,0.247311
3.30718,-0.301106,-0.314961,-0.0621161,0.247311
3.30743,-0.317488,-0.015748,-0.132281,0.247311
3.30768,-0.365351,0.259843,-0.262769,0.247311
3.30793,-0.370064,0.503937,-0.360419,0.247311
3.30818,-0.255036,0.685039,-0.339468,0.247311
3.30843,-0.00347545,0.787402,-0.177078,0.247311
3.30868,0.31879,0.771654,0.0863342,0.247311
3.30893,0.589184,0.637795,0.331386,0.247311
3.30918,0.695721,0.393701,0.455562,0.247311
3.30943,0.598783,0.0629921,0.410006,0.247311
3.30968,0.352434,-0.275591,0.243241,0.247311
3.30993,0.07081,-0.574803,0.0596169,0.247311
3.31018,-0.137995,-0.76378,-0.0472343,0.247311
3.31043,-0.231384,-0.818898,-0.0566745,0.247311
3.31068,-0.244338,-0.740157,-0.00901216,0.247311
3.31093,-0.253921,-0.566929,0.0034105,0.247311
3.31118,-0.31508,-0.314961,-0.0756502,0.247311
3.31143,-0.417532,-0.0393701,-0.22983,0.247311
3.31168,-0.486978,0.23622,-0.378438,0.247311
3.31193,-0.434669,0.496063,-0.423356,0.247311
3.31218,-0.220656,0.700787,-0.303746,0.247311
3.31243,0.108481,0.811024,-0.063012,0.247311
3.31268,0.436895,0.795276,0.202351,0.247311
3.31293,0.638063,0.645669,0.381807,0.247311
3.31318,0.644068,0.370079,0.405338,0.247311
3.31343,0.48004,0.0314961,0.287335,0.247311
3.31368,0.242695,-0.299213,0.132986,0.247311
3.31393,0.0402767,-0.574803,0.0249925,0.247311
3.31418,-0.0702127,-0.748031,0.015771,0.247311
3.31443,-0.109482,-0.795276,0.0641135,0.247311
3.31468,-0.147598,-0.724409,0.0826697,0.247311
3.31493,-0.244507,-0.566929,0.0132778,0.247311
3.31518,-0.399711,-0.338583,-0.160903,0.247311
3.31543,-0.54184,-0.0629921,-0.352393,0.247311
3.31568,-0.570841,0.228346,-0.469976,0.247311
3.31593,-0.423846,0.503937,-0.412903,0.247311
3.31618,-0.121551,0.724409,-0.209728,0.247311
3.31643,0.233007,0.834646,0.0591636,0.247311
3.31668,0.507012,0.80315,0.271323,0.247311
3.31693,0.609377,0.629921,0.352483,0.247311
3.31718,0.535511,0.346457,0.297508,0.247311
3.31743,0.361199,0.00787402,0.167872,0.247311
3.31768,0.189967,-0.307087,0.0811329,0.247311
3.31793,0.0871961,-0.566929,0.0774659,0.247311
3.31818,0.0454041,-0.724409,0.13836,0.247311
3.31843,6.20323e-05,-0.771654,0.175148,0.247311
3.31868,-0.1151,-0.724409,0.120425,0.247311
3.31893,-0.31062,-0.582677,-0.0560191,0.247311
3.31918,-0.5222,-0.362205,-0.286611,0.247311
3.31943,-0.641988,-0.0787402,-0.459119,0.247311
3.31968,-0.584104,0.228346,-0.477754,0.247311
3.31993,-0.341137,0.527559,-0.335273,0.247311
3.32018,0.00425373,0.748031,-0.0887696,0.247311
3.32043,0.321808,0.850394,0.150585,0.247311
3.32068,0.502273,0.795276,0.268055,0.247311
3.32093,0.514796,0.606299,0.253007,0.247311
3.32118,0.411972,0.322835,0.173119,0.247311
3.32143,0.288289,0,0.0988733,0.247311
3.32168,0.21428,-0.299213,0.105088,0.247311
3.32193,0.192922,-0.543307,0.186993,0.247311
3.32219,0.163698,-0.700787,0.256769,0.247311
3.32244,0.0545671,-0.771654,0.23453,0.247311
3.32269,-0.160213,-0.740157,0.0706804,0.247311
3.32294,-0.42692,-0.606299,-0.171538,0.247311
3.32319,-0.635016,-0.377953,-0.396177,0.247311
3.32344,-0.67887,-0.0787402,-0.491064,0.247311
3.32369,-0.521354,0.251969,-0.415049,0.247311
3.32394,-0.218551,0.551181,-0.21248,0.247311
3.32419,0.108364,0.771654,0.017813,0.247311
3.32444,0.341081,0.84252,0.169244,0.250533
3.32469,0.425245,0.779528,0.187371,0.250533
3.32494,0.391006,0.582677,0.128198,0.250533
3.32519,0.321583,0.307087,0.0847189,0.250533
3.32544,0.289498,0,0.0971869,0.250533
3.32569,0.306136,-0.283465,0.198419,0.250533
3.32594,0.315785,-0.519685,0.304947,0.250533
3.32619,0.238354,-0.692913,0.333526,0.250533
3.32644,0.031975,-0.779528,0.205507,0.250533
3.32669,-0.265783,-0.76378,-0.0348571,0.250533
3.32694,-0.54827,-0.629921,-0.293155,0.250533
3.32719,-0.694347,-0.377953,-0.456151,0.250533
3.32744,-0.638245,-0.0629921,-0.448166,0.250533
3.32769,-0.406586,0.275591,-0.296562,0.250533
3.32794,-0.103073,0.574803,-0.093899,0.250533
3.32819,0.151054,0.771654,0.0652563,0.250533
3.32844,0.283938,0.826772,0.103574,0.250533
3.32869,0.305682,0.748031,0.0681163,0.250533
3.32894,0.286424,0.559055,0.0243811,0.250533
3.32919,0.29953,0.307087,0.0592388,0.250533
3.32944,0.364219,0.015748,0.176668,0.250533
3.32969,0.429205,-0.259843,0.328392,0.250533
3.32994,0.407791,-0.503937,0.402916,0.250533
3.33019,0.239701,-0.700787,0.330829,0.250533
3.33044,-0.0590185,-0.80315,0.118437,0.250533
3.33069,-0.391171,-0.779528,-0.157062,0.250533
3.33094,-0.6278,-0.637795,-0.372907,0.250533
3.33119,-0.67737,-0.370079,-0.44034,0.250533
3.33144,-0.535573,-0.0314961,-0.343927,0.250533
3.33169,-0.283925,0.299213,-0.180223,0.250533
3.33194,-0.0391413,0.582677,-0.0315219,0.250533
3.33219,0.115936,0.76378,0.0287094,0.250533
3.33244,0.172859,0.80315,-0.00460665,0.250533
3.33269,0.190658,0.732283,-0.0420916,0.250533
3.33294,0.241901,0.559055,-0.0150953,0.250533
3.33319,0.354427,0.314961,0.1174,0.250533
3.33344,0.483019,0.0393701,0.293938,0.250533
3.33369,0.535747,-0.23622,0.43174,0.250533
3.33394,0.432934,-0.511811,0.424223,0.250533
3.33419,0.166741,-0.716535,0.26024,0.250533
3.33444,-0.183757,-0.826772,-0.00722009,0.250533
3.33469,-0.487932,-0.795276,-0.258492,0.250533
3.33494,-0.635078,-0.629921,-0.380595,0.250533
3.33519,-0.590608,-0.346457,-0.352369,0.250533
3.33544,-0.4106,-0.00787402,-0.223169,0.250533
3.33569,-0.200966,0.314961,-0.0926154,0.250533
3.33594,-0.0510896,0.582677,-0.040404,0.250533
3.33619,0.0172637,0.740157,-0.0744602,0.250533
3.33644,0.0514856,0.779528,-0.131297,0.250533
3.33669,0.125224,0.716535,-0.105484,0.250533
3.33694,0.275071,0.566929,0.0205362,0.250533
3.33719,0.464802,0.338583,0.225683,0.250533
3.33744,0.600081,0.0629921,0.412872,0.250533
3.33769,0.583892,-0.23622,0.480997,0.250533
3.33794,0.38081,-0.527559,0.376123,0.250533
3.33819,0.0473393,-0.740157,0.137188,0.250533
3.33844,-0.294107,-0.84252,-0.118746,0.250533
3.33869,-0.51932,-0.795276,-0.287689,0.250533
3.33894,-0.567334,-0.614173,-0.307511,0.250533
3.33919,-0.467772,-0.322835,-0.231404,0.250533
3.33944,-0.311733,0,-0.127603,0.250533
3.33969,-0.189433,0.314961,-0.08618,0.250533
3.33994,-0.133893,0.559055,-0.125657,0.250533
3.34019,-0.106162,0.716535,-0.198938,0.250533
3.34044,-0.0323444,0.771654,-0.210897,0.250533
3.34069,0.135168,0.724409,-0.101442,0.250533
3.34094,0.372906,0.590551,0.114261,0.250533
3.34119,0.588152,0.362205,0.353753,0.250533
3.34144,0.669558,0.0629921,0.484955,0.250533
3.34169,0.554631,-0.251969,0.454014,0.250533
3.34194,0.271244,-0.551181,0.264262,0.250533
3.34219,-0.0728383,-0.76378,0.0169635,0.250533
3.34244,-0.347983,-0.850394,-0.171556,0.250533
3.34269,-0.473026,-0.779528,-0.236527,0.250533
3.34294,-0.451108,-0.582677,-0.197114,0.250533
3.34319,-0.356648,-0.299213,-0.114727,0.250533
3.34344,-0.277164,0.00787402,-0.0884982,0.250533
3.34369,-0.253468,0.299213,-0.148922,0.250533
3.34394,-0.254788,0.535433,-0.252827,0.250533
3.34419,-0.205919,0.700787,-0.300118,0.250533
3.34444,-0.0459853,0.771654,-0.219231,0.250533
3.34469,0.216992,0.748031,-0.0124984,0.250533
3.34494,0.498027,0.606299,0.244497,0.250533
3.34519,0.676489,0.370079,0.44023,0.250533
3.34544,0.664319,0.0551181,0.476708,0.250533
3.34569,0.45887,-0.275591,0.352977,0.250533
3.34594,0.146378,-0.574803,0.139656,0.250533
3.34619,-0.147132,-0.779528,-0.0552216,0.250533
3.34644,-0.324722,-0.834646,-0.152145,0.250533
3.34669,-0.367587,-0.755906,-0.135911,0.250533
3.34695,-0.331883,-0.559055,-0.0716275,0.250533
3.3472,-0.300445,-0.291339,-0.0607335,0.250533
3.34745,-0.320174,0,-0.131798,0.250533
3.3477,-0.367966,0.275591,-0.269275,0.250533
3.34795,-0.366736,0.519685,-0.362037,0.250533
3.3482,-0.24278,0.700787,-0.341671,0.250533
3.34845,0.0165509,0.787402,-0.158587,0.250533
3.3487,0.339271,0.771654,0.109742,0.250533
3.34895,0.601943,0.622047,0.35187,0.250533
3.3492,0.695504,0.362205,0.459067,0.250533
3.34945,0.586255,0.0314961,0.406827,0.250533
3.3497,0.333753,-0.299213,0.233626,0.250533
3.34995,0.0543855,-0.590551,0.0476351,0.250533
3.3502,-0.147618,-0.771654,-0.0561471,0.250533
3.35045,-0.234046,-0.818898,-0.058421,0.250533
3.3507,-0.244329,-0.732283,-0.00926586,0.250533
3.35095,-0.256014,-0.543307,-0.00321863,0.250533
3.3512,-0.320948,-0.299213,-0.0822787,0.250533
3.35145,-0.42397,-0.015748,-0.24388,0.250533
3.3517,-0.488143,0.259843,-0.390266,0.250533
3.35195,-0.42561,0.519685,-0.421077,0.250533
3.3522,-0.201706,0.716535,-0.295228,0.250533
3.35245,0.131232,0.811024,-0.0461651,0.250533
3.3527,0.454929,0.787402,0.225602,0.250533
3.35295,0.644507,0.622047,0.38633,0.250533
3.3532,0.637873,0.346457,0.402163,0.250533
3.35345,0.465548,0.00787402,0.280733,0.250533
3.3537,0.227546,-0.322835,0.126327,0.250533
3.35395,0.0300917,-0.590551,0.0272553,0.250533
3.3542,-0.0744254,-0.755906,0.0256205,0.250533
3.35445,-0.111261,-0.795276,0.073992,0.250533
3.3547,-0.151499,-0.716535,0.0860573,0.250533
3.35495,-0.253248,-0.551181,0.0003108,0.250533
3.3552,-0.410293,-0.314961,-0.177104,0.250533
3.35545,-0.548077,-0.0393701,-0.370859,0.250533
3.3557,-0.566847,0.251969,-0.468099,0.250533
3.35595,-0.408115,0.527559,-0.411763,0.250533
3.3562,-0.0987555,0.740157,-0.195372,0.250533
3.35645,0.254303,0.834646,0.0786926,0.250533
3.3567,0.519423,0.795276,0.280079,0.250533
3.35695,0.609402,0.606299,0.357624,0.250533
3.3572,0.526025,0.322835,0.283901,0.250533
3.35745,0.349019,-0.00787402,0.161395,0.250533
3.3577,0.180882,-0.330709,0.0843962,0.250533
3.35795,0.0830356,-0.582677,0.0785728,0.250533
3.3582,0.0435372,-0.732283,0.137306,0.250533
3.35845,-0.00475154,-0.771654,0.180716,0.250533
3.3587,-0.125502,-0.716535,0.108136,0.250533
3.35895,-0.324869,-0.566929,-0.0653094,0.250533
3.3592,-0.533862,-0.338583,-0.296,0.250533
3.35945,-0.644138,-0.0472441,-0.45925,0.250533
3.3597,-0.573451,0.259843,-0.470635,0.250533
3.35995,-0.320794,0.551181,-0.31949,0.250533
3.3602,0.027101,0.76378,-0.0686247,0.250533
3.36045,0.338265,0.850394,0.161794,0.250533
3.3607,0.508062,0.787402,0.270447,0.250533
3.36095,0.510596,0.582677,0.252563,0.250533
3.3612,0.403618,0.299213,0.16069,0.250533
3.36145,0.281562,-0.023622,0.103667,0.250533
3.3617,0.211769,-0.322835,0.117143,0.250533
3.36195,0.192008,-0.559055,0.191896,0.250533
3.3622,0.15997,-0.708661,0.254912,0.250533
3.36245,0.0436345,-0.771654,0.225488,0.250533
3.3627,-0.176906,-0.732283,0.0580451,0.250533
3.36295,-0.443339,-0.590551,-0.18789,0.250533
3.3632,-0.643659,-0.354331,-0.410049,0.250533
3.36345,-0.674691,-0.0472441,-0.49704,0.250533
3.3637,-0.505073,0.275591,-0.408387,0.250533
3.36395,-0.196887,0.574803,-0.194924,0.250533
3.3642,0.127333,0.779528,0.0256125,0.250533
3.36445,0.351189,0.84252,0.170729,0.250533
3.3647,0.425624,0.76378,0.185245,0.250533
3.36495,0.386695,0.559055,0.132828,0.250533
3.3652,0.317875,0.283465,0.0787081,0.250533
3.36545,0.289355,-0.015748,0.103243,0.250533
3.3657,0.307898,-0.299213,0.214037,0.250533
3.36595,0.314252,-0.535433,0.311694,0.250533
3.3662,0.228868,-0.700787,0.329869,0.250533
3.36645,0.0147946,-0.779528,0.192133,0.250533
3.3667,-0.285907,-0.755906,-0.0460259,0.250533
3.36695,-0.562851,-0.606299,-0.303138,0.250533
3.3672,-0.697088,-0.354331,-0.456603,0.250533
3.36745,-0.627767,-0.0314961,-0.448128,0.250533
3.3677,-0.387763,0.299213,-0.285924,0.250533
3.36795,-0.083967,0.598425,-0.0866974,0.250533
3.3682,0.16348,0.779528,0.0644957,0.250533
3.36845,0.288133,0.826772,0.104266,0.250533
3.3687,0.304689,0.740157,0.068546,0.250533
3.36895,0.285785,0.543307,0.0319586,0.250533
3.3692,0.302352,0.283465,0.0703793,0.250533
3.36945,0.369222,0,0.186987,0.250533
3.3697,0.431456,-0.275591,0.333531,0.250533
3.36995,0.401765,-0.527559,0.405991,0.250533
3.3702,0.223593,-0.708661,0.317429,0.250533
3.37045,-0.0806514,-0.80315,0.095273,0.250533
3.3707,-0.410708,-0.771654,-0.176239,0.250533
3.37095,-0.637306,-0.614173,-0.377609,0.250533
3.3712,-0.673525,-0.346457,-0.432402,0.250533
3.37145,-0.52143,-0.00787402,-0.340341,0.250533
3.37171,-0.266831,0.322835,-0.172262,0.250533
3.37196,-0.025824,0.598425,-0.0254018,0.250533
3.37221,0.121976,0.76378,0.0205324,0.250533
3.37246,0.174474,0.80315,-0.00283946,0.250533
3.37271,0.192419,0.716535,-0.0411076,0.250533
3.37296,0.247467,0.535433,-0.00489904,0.250533
3.37321,0.363084,0.299213,0.129464,0.250533
3.37346,0.489988,0.015748,0.313366,0.250533
3.37371,0.53439,-0.259843,0.439838,0.250533
3.37396,0.420387,-0.527559,0.417782,0.250533
3.37421,0.145319,-0.732283,0.242279,0.250533
3.37446,-0.206311,-0.826772,-0.0260379,0.250533
3.37471,-0.503192,-0.787402,-0.272533,0.250533
3.37496,-0.637817,-0.606299,-0.387421,0.250533
3.37521,-0.582087,-0.322835,-0.344125,0.250533
3.37546,-0.396774,0.00787402,-0.213507,0.250533
3.37571,-0.18894,0.338583,-0.0960391,0.250533
3.37596,-0.0443998,0.598425,-0.0485381,0.250533
3.37621,0.0196651,0.748031,-0.0847053,0.250533
3.37646,0.0544743,0.779528,-0.132036,0.250533
3.37671,0.13266,0.708661,-0.109311,0.250533
3.37696,0.286838,0.551181,0.0354424,0.250533
3.37721,0.476533,0.314961,0.240019,0.250533
3.37746,0.604587,0.0393701,0.430207,0.250533
3.37771,0.576234,-0.259843,0.478495,0.250533
3.37796,0.362065,-0.543307,0.365178,0.250533
3.37821,0.023977,-0.755906,0.118984,0.250533
3.37846,-0.31345,-0.84252,-0.133284,0.250533
3.37871,-0.527791,-0.787402,-0.290319,0.250533
3.37896,-0.564667,-0.590551,-0.311762,0.250533
3.37921,-0.458304,-0.299213,-0.217464,0.250533
3.37946,-0.302071,0.023622,-0.126016,0.250533
3.37971,-0.183875,0.338583,-0.0906867,0.250533
3.37996,-0.132051,0.574803,-0.137269,0.250533
3.38021,-0.103443,0.724409,-0.204419,0.250533
3.38046,-0.0246499,0.771654,-0.210728,0.250533
3.38071,0.149169,0.716535,-0.0885673,0.250533
3.38096,0.388818,0.574803,0.132352,0.250533
3.38121,0.598658,0.338583,0.367924,0.250533
3.38146,0.668229,0.0393701,0.492317,0.250533
3.38171,0.540548,-0.275591,0.442546,0.250533
3.38196,0.249379,-0.566929,0.253714,0.250533
3.38221,-0.0937735,-0.779528,0.00556132,0.250533
3.38246,-0.361133,-0.850394,-0.17859,0.250533
3.38271,-0.475444,-0.771654,-0.236875,0.250533
3.38296,-0.446266,-0.566929,-0.190512,0.250533
3.38321,-0.350307,-0.275591,-0.112384,0.250533
3.38346,-0.273957,0.0314961,-0.0943662,0.250533
3.38371,-0.253547,0.322835,-0.156149,0.250533
3.38396,-0.254107,0.551181,-0.261955,0.250533
3.38421,-0.199176,0.708661,-0.303804,0.250533
3.38446,-0.0317093,0.771654,-0.211104,0.250533
3.38471,0.235895,0.740157,-9.75633e-05,0.250533
3.38496,0.514109,0.590551,0.259957,0.250533
3.38521,0.681973,0.346457,0.448994,0.250533
3.38546,0.656355,0.0314961,0.479414,0.250533
3.38571,0.440758,-0.299213,0.347365,0.250533
3.38596,0.125456,-0.598425,0.125407,0.250533
3.38621,-0.162667,-0.787402,-0.0620328,0.250533
3.38646,-0.331394,-0.834646,-0.15027,0.250533
3.38671,-0.366869,-0.748031,-0.128694,0.250533
3.38696,-0.328879,-0.543307,-0.0710508,0.250533
3.38721,-0.300055,-0.267717,-0.0688362,0.250533
3.38746,-0.3232,0.015748,-0.141079,0.250533
3.38771,-0.37022,0.299213,-0.273213,0.250533
3.38796,-0.363093,0.535433,-0.371845,0.250533
3.38821,-0.229679,0.708661,-0.331898,0.250533
3.38846,0.0367211,0.795276,-0.142542,0.250533
3.38871,0.359504,0.76378,0.122473,0.250533
3.38896,0.613967,0.606299,0.361457,0.250533
3.38921,0.69439,0.346457,0.464257,0.250533
3.38946,0.573196,0.00787402,0.390881,0.250533
3.38971,0.315313,-0.322835,0.224078,0.250533
3.38996,0.0380064,-0.606299,0.0457361,0.250533
3.39021,-0.156734,-0.779528,-0.0575822,0.250533
3.39046,-0.236146,-0.811024,-0.0506593,0.250533
3.39071,-0.244331,-0.724409,-0.00131235,0.250533
3.39096,-0.258316,-0.535433,0.00137712,0.250533
3.39121,-0.327116,-0.275591,-0.0950229,0.250533
3.39146,-0.430243,0,-0.251049,0.250533
3.39171,-0.488606,0.275591,-0.393902,0.250533
3.39196,-0.415847,0.527559,-0.424423,0.250533
3.39221,-0.182628,0.724409,-0.280545,0.250533
3.39246,0.154138,0.818898,-0.0307113,0.250533
3.39271,0.472198,0.779528,0.236328,0.250533
3.39296,0.650213,0.606299,0.395611,0.250533
3.39321,0.630959,0.322835,0.396183,0.250533
3.39346,0.450902,-0.00787402,0.269904,0.250533
3.39371,0.212465,-0.346457,0.114377,0.250533
3.39396,0.0205365,-0.606299,0.0288655,0.250533
3.39421,-0.0783398,-0.755906,0.0241816,0.250533
3.39446,-0.112827,-0.787402,0.0688,0.250533
3.39471,-0.155972,-0.708661,0.0845361,0.250533
3.39496,-0.262304,-0.535433,-0.00884479,0.250533
3.39521,-0.420824,-0.299213,-0.186645,0.250533
3.39546,-0.553799,-0.015748,-0.373906,0.250533
3.39571,-0.562242,0.267717,-0.467676,0.250533
3.39596,-0.391802,0.543307,-0.398199,0.250533
3.39621,-0.0758223,0.748031,-0.1818,0.250533
3.39647,0.275449,0.834646,0.0973074,0.250533
3.39672,0.531071,0.779528,0.296636,0.250533
3.39697,0.60879,0.590551,0.35089,0.250533
3.39722,0.516327,0.299213,0.279653,0.250533
3.39747,0.336822,-0.0314961,0.161747,0.250533
3.39772,0.172111,-0.346457,0.0819905,0.250533
3.39797,0.0793534,-0.590551,0.0795283,0.250533
3.39822,0.0413905,-0.732283,0.142363,0.250533
3.39847,-0.0100233,-0.771654,0.177197,0.250533
3.39872,-0.136472,-0.708661,0.0966984,0.250533
3.39897,-0.339168,-0.551181,-0.0827055,0.250533
3.39922,-0.545085,-0.322835,-0.309641,0.250533
3.39947,-0.645502,-0.0314961,-0.468636,0.250533
3.39972,-0.562207,0.275591,-0.470795,0.250533
3.39997,-0.299647,0.566929,-0.299907,0.250533
3.40022,0.0497877,0.771654,-0.0512804,0.250533
3.40047,0.354338,0.84252,0.166456,0.250533
3.40072,0.513123,0.771654,0.275019,0.250533
3.40097,0.505998,0.566929,0.25135,0.250533
3.40122,0.395064,0.275591,0.164421,0.250533
3.40147,0.275152,-0.0393701,0.0966206,0.250533
3.40172,0.20933,-0.338583,0.114496,0.250533
3.40197,0.191043,-0.566929,0.194536,0.250533
3.40222,0.155469,-0.716535,0.259857,0.250533
3.40247,0.0322497,-0.771654,0.216704,0.250533
3.40272,-0.193625,-0.724409,0.0472852,0.250533
3.40297,-0.459589,-0.574803,-0.200533,0.250533
3.40322,-0.651554,-0.338583,-0.418936,0.250533
3.40347,-0.669571,-0.023622,-0.489422,0.250533
3.40372,-0.488031,0.299213,-0.396211,0.250533
3.40397,-0.174942,0.590551,-0.182584,0.250533
3.40422,0.145861,0.787402,0.0457287,0.250533
3.40447,0.360414,0.84252,0.173111,0.250533
3.40472,0.425862,0.748031,0.187821,0.250533
3.40497,0.381972,0.543307,0.130494,0.250533
3.40522,0.314301,0.259843,0.0783053,0.250533
3.40547,0.289425,-0.0314961,0.111469,0.250533
3.40572,0.309459,-0.314961,0.221296,0.250533
3.40597,0.312141,-0.551181,0.316247,0.250533
3.40622,0.219104,-0.708661,0.322895,0.250533
3.40647,-0.00311001,-0.779528,0.185341,0.250533
3.40672,-0.305751,-0.748031,-0.0667718,0.250533
3.40697,-0.576929,-0.590551,-0.319867,0.250533
3.40722,-0.698909,-0.338583,-0.467622,0.250533
3.40747,-0.616497,-0.00787402,-0.445212,0.250533
3.40772,-0.368472,0.322835,-0.27522,0.250533
3.40797,-0.0653312,0.606299,-0.0684815,0.250533
3.40822,0.175609,0.787402,0.0727306,0.250533
3.40847,0.291768,0.818898,0.10609,0.250533
3.40872,0.303542,0.724409,0.0675261,0.250533
3.40897,0.285202,0.527559,0.0301667,0.250533
3.40922,0.30539,0.259843,0.0752908,0.250533
3.40947,0.374213,-0.015748,0.201491,0.250533
3.40972,0.433283,-0.291339,0.341969,0.250533
3.40997,0.394955,-0.535433,0.406331,0.250533
3.41022,0.207099,-0.716535,0.309779,0.250533
3.41047,-0.102632,-0.80315,0.0863811,0.250533
3.41072,-0.429798,-0.76378,-0.193596,0.250533
3.41097,-0.645809,-0.598425,-0.395765,0.250533
3.41122,-0.668757,-0.322835,-0.436548,0.250533
3.41147,-0.506735,0.00787402,-0.329925,0.250533
3.41172,-0.249647,0.346457,-0.158345,0.250533
3.41197,-0.0131388,0.614173,-0.0208267,0.250533
3.41222,0.127951,0.771654,0.0222897,0.250533
3.41247,0.175745,0.795276,-0.0138137,0.250533
3.41272,0.194032,0.708661,-0.0461727,0.250533
3.41297,0.253304,0.519685,-0.00294056,0.250533
3.41322,0.371788,0.275591,0.141834,0.250533
3.41347,0.496335,0,0.325929,0.250533
3.41372,0.532214,-0.283465,0.447301,0.250533
3.41397,0.406881,-0.543307,0.418137,0.250533
3.41422,0.123563,-0.740157,0.225117,0.250533
3.41447,-0.228399,-0.826772,-0.0473971,0.250533
3.41472,-0.51764,-0.779528,-0.281686,0.250533
3.41497,-0.639675,-0.590551,-0.387225,0.250533
3.41522,-0.572847,-0.299213,-0.342409,0.250533
3.41547,-0.382855,0.0314961,-0.204956,0.250533
3.41572,-0.177042,0.354331,-0.0897067,0.250533
3.41597,-0.0379862,0.606299,-0.0447145,0.250533
3.41622,0.0218793,0.748031,-0.0888201,0.250533
3.41647,0.0574951,0.779528,-0.126694,0.250533
3.41672,0.140254,0.700787,-0.0971435,0.250533
3.41697,0.298881,0.535433,0.0470968,0.250533
3.41722,0.487807,0.299213,0.256118,0.250533
3.41747,0.608188,0.015748,0.436428,0.250533
3.41772,0.567764,-0.283465,0.477817,0.250533
3.41797,0.343001,-0.559055,0.354021,0.250533
3.41822,0.000619095,-0.76378,0.102658,0.250533
3.41847,-0.331894,-0.84252,-0.148386,0.250533
3.41872,-0.535688,-0.771654,-0.300667,0.250533
3.41897,-0.561215,-0.566929,-0.30669,0.250533
3.41922,-0.448645,-0.275591,-0.215424,0.250533
3.41947,-0.292582,0.0472441,-0.121491,0.250533
3.41972,-0.178733,0.354331,-0.0910587,0.250533
3.41997,-0.130145,0.582677,-0.142286,0.250533
3.42022,-0.100925,0.724409,-0.206256,0.250533
3.42047,-0.0163044,0.76378,-0.200089,0.250533
3.42072,0.163465,0.708661,-0.0769863,0.250533
3.42097,0.404535,0.559055,0.154208,0.250533
3.42123,0.608382,0.314961,0.376281,0.250533
3.42148,0.666159,0.015748,0.490958,0.250533
3.42173,0.525754,-0.299213,0.44137,0.250533
3.42198,0.227509,-0.582677,0.235096,0.250533
3.42223,-0.114618,-0.779528,-0.00521685,0.250533
3.42248,-0.373592,-0.84252,-0.18437,0.250533
3.42273,-0.477282,-0.755906,-0.23963,0.250533
3.42298,-0.441138,-0.543307,-0.185114,0.250533
3.42323,-0.34405,-0.251969,-0.112038,0.250533
3.42348,-0.270929,0.0472441,-0.0962651,0.250533
3.42373,-0.253741,0.338583,-0.165436,0.250533
3.42398,-0.25316,0.566929,-0.266878,0.250533
3.42423,-0.191938,0.716535,-0.294255,0.250533
3.42448,-0.0167601,0.771654,-0.20228,0.250451
3.42473,0.254849,0.724409,0.0200231,0.250451
3.42498,0.529425,0.574803,0.273803,0.250451
3.42523,0.686705,0.322835,0.452573,0.250451
3.42548,0.647649,0.00787402,0.470467,0.250451
3.42573,0.422058,-0.322835,0.334525,0.250451
3.42598,0.104655,-0.606299,0.111882,0.250451
3.42623,-0.177861,-0.787402,-0.0749296,0.250451
3.42648,-0.337372,-0.826772,-0.148739,0.250451
3.42673,-0.365655,-0.732283,-0.127387,0.250451
3.42698,-0.326032,-0.519685,-0.0715223,0.250451
3.42723,-0.299892,-0.244094,-0.0645951,0.250451
3.42748,-0.326142,0.0393701,-0.153302,0.250451
3.42773,-0.372436,0.314961,-0.281989,0.250451
3.42798,-0.358683,0.551181,-0.369049,0.250451
3.42823,-0.215997,0.716535,-0.319511,0.250451
3.42848,0.0569132,0.787402,-0.131687,0.250451
3.42873,0.379434,0.748031,0.145651,0.250451
3.42898,0.625235,0.590551,0.377462,0.250451
3.42923,0.692419,0.314961,0.459043,0.250451
3.42948,0.559544,-0.00787402,0.383367,0.250451
3.42973,0.296636,-0.346457,0.208796,0.250451
3.42998,0.0220869,-0.622047,0.030617,0.250451
3.43023,-0.165019,-0.779528,-0.0571875,0.250451
3.43048,-0.238168,-0.811024,-0.052327,0.250451
3.43073,-0.244185,-0.708661,-0.00720018,0.250451
3.43098,-0.260977,-0.511811,-0.0040038,0.250451
3.43123,-0.333352,-0.259843,-0.100984,0.250451
3.43148,-0.436606,0.015748,-0.266161,0.250451
3.43173,-0.488499,0.299213,-0.40736,0.250451
3.43198,-0.405605,0.543307,-0.417935,0.250451
3.43223,-0.162855,0.732283,-0.271583,0.250451
3.43248,0.176544,0.818898,-0.0082842,0.250451
3.43273,0.489175,0.771654,0.249762,0.250451
3.43298,0.655061,0.590551,0.399128,0.250451
3.43323,0.62334,0.299213,0.395041,0.250451
3.43348,0.436007,-0.0393701,0.261456,0.250451
3.43373,0.197884,-0.362205,0.113425,0.250451
3.43398,0.0112226,-0.622047,0.0275002,0.250451
3.43423,-0.0817285,-0.76378,0.0283098,0.250451
3.43448,-0.114665,-0.787402,0.0722542,0.250451
3.43473,-0.160727,-0.692913,0.0838794,0.250451
3.43498,-0.27144,-0.519685,-0.0134164,0.250451
3.43523,-0.431433,-0.275591,-0.204563,0.250451
3.43548,-0.559068,0,-0.392249,0.250451
3.43573,-0.556701,0.291339,-0.472443,0.250451
3.43598,-0.375075,0.559055,-0.389724,0.250451
3.43623,-0.0526785,0.755906,-0.16053,0.250451
3.43648,0.296335,0.834646,0.105512,0.250451
3.43673,0.54179,0.771654,0.305546,0.250451
3.43698,0.607438,0.574803,0.352879,0.250451
3.43723,0.506247,0.275591,0.278921,0.250451
3.43748,0.324773,-0.0551181,0.15595,0.250451
3.43773,0.16367,-0.370079,0.0765744,0.250451
3.43798,0.0758476,-0.606299,0.0935463,0.250451
3.43823,0.0391852,-0.740157,0.15366,0.250451
3.43848,-0.0153992,-0.771654,0.176456,0.250451
3.43873,-0.147763,-0.700787,0.0976924,0.250451
3.43898,-0.353555,-0.535433,-0.102013,0.250451
3.43923,-0.55606,-0.299213,-0.325257,0.250451
3.43948,-0.646067,-0.00787402,-0.477532,0.250451
3.43973,-0.550024,0.299213,-0.4598,0.250451
3.43998,-0.278293,0.582677,-0.286913,0.250451
3.44023,0.0722098,0.779528,-0.0344119,0.250451
3.44048,0.369831,0.84252,0.181538,0.250451
3.44073,0.517284,0.76378,0.27842,0.250451
3.44098,0.501061,0.551181,0.242102,0.250451
3.44123,0.386649,0.251969,0.149856,0.250451
3.44148,0.268883,-0.0629921,0.0955619,0.250451
3.44173,0.207227,-0.354331,0.125598,0.250451
3.44198,0.190227,-0.582677,0.203541,0.250451
3.44223,0.150586,-0.724409,0.260891,0.250451
3.44248,0.0206207,-0.771654,0.210633,0.250451
3.44273,-0.210854,-0.716535,0.0286961,0.250451
3.44298,-0.475717,-0.559055,-0.222443,0.250451
3.44323,-0.658713,-0.314961,-0.425045,0.250451
3.44348,-0.663584,0,-0.488492,0.250451
3.44373,-0.470735,0.322835,-0.387168,0.250451
3.44398,-0.152779,0.606299,-0.166419,0.250451
3.44423,0.163773,0.795276,0.0586585,0.250451
3.44448,0.369219,0.834646,0.179618,0.250451
3.44473,0.425626,0.740157,0.179528,0.250451
3.44498,0.377448,0.519685,0.118448,0.250451
3.44523,0.311007,0.23622,0.0826832,0.250451
3.44548,0.289879,-0.0551181,0.119223,0.250451
3.44573,0.31095,-0.338583,0.230875,0.250451
3.44599,0.309836,-0.559055,0.324041,0.250451
3.44624,0.208478,-0.716535,0.323853,0.250451
3.44649,-0.0212708,-0.779528,0.169942,0.250451
3.44674,-0.32584,-0.740157,-0.0865267,0.250451
3.44699,-0.590359,-0.574803,-0.339196,0.250451
3.44724,-0.699835,-0.314961,-0.468499,0.250451
3.44749,-0.604556,0.00787402,-0.437181,0.250451
3.44774,-0.349306,0.346457,-0.268766,0.250451
3.44799,-0.0466312,0.629921,-0.0551261,0.250451
3.44824,0.187191,0.795276,0.0771058,0.250451
3.44849,0.295178,0.818898,0.10465,0.250451
3.44874,0.302461,0.716535,0.0574368,0.250451
3.44899,0.284812,0.503937,0.0299906,0.250451
3.44924,0.308724,0.244094,0.0766922,0.250451
3.44949,0.379256,-0.0393701,0.211563,0.250451
3.44974,0.434529,-0.314961,0.356828,0.250451
3.44999,0.387403,-0.551181,0.403179,0.250451
3.45024,0.189894,-0.724409,0.305425,0.250451
3.45049,-0.124879,-0.80315,0.0622931,0.250451
3.45074,-0.448229,-0.755906,-0.211796,0.250451
3.45099,-0.65358,-0.582677,-0.397435,0.250451
3.45124,-0.663275,-0.299213,-0.431597,0.250451
3.45149,-0.491742,0.0393701,-0.317792,0.250451
3.45174,-0.232409,0.370079,-0.147609,0.250451
3.45199,-0.000657444,0.629921,-0.0136136,0.250451
3.45224,0.133517,0.779528,0.0197796,0.250451
3.45249,0.176857,0.795276,-0.0143994,0.250451
3.45274,0.196157,0.692913,-0.0422683,0.250451
3.45299,0.259332,0.503937,0.00367526,0.250451
3.45324,0.380541,0.259843,0.148778,0.250451
3.45349,0.5023,-0.015748,0.332778,0.250451
3.45374,0.529505,-0.307087,0.44371,0.250451
3.45399,0.392717,-0.559055,0.404708,0.250451
3.45424,0.101576,-0.748031,0.217356,0.250451
3.45449,-0.250445,-0.826772,-0.0616113,0.250451
3.45474,-0.531186,-0.76378,-0.287936,0.250451
3.45499,-0.640819,-0.566929,-0.381984,0.250451
3.45524,-0.56325,-0.275591,-0.338285,0.250451
3.45549,-0.368792,0.0629921,-0.201908,0.250451
3.45574,-0.165442,0.377953,-0.0809413,0.250451
3.45599,-0.0321458,0.622047,-0.0479518,0.250451
3.45624,0.0242294,0.755906,-0.08389,0.250451
3.45649,0.0606647,0.771654,-0.133153,0.250451
3.45674,0.148352,0.685039,-0.0966434,0.250451
3.45699,0.311063,0.519685,0.0620005,0.250451
3.45724,0.498784,0.275591,0.27459,0.250451
3.45749,0.611091,0,0.444741,0.250451
3.45774,0.558652,-0.307087,0.473699,0.250451
3.45799,0.323054,-0.582677,0.343953,0.250451
3.45824,-0.0224522,-0.771654,0.0839297,0.250451
3.45849,-0.350007,-0.84252,-0.162531,0.250451
3.45874,-0.542809,-0.76378,-0.302155,0.250451
3.45899,-0.557225,-0.551181,-0.304417,0.250451
3.45924,-0.438618,-0.244094,-0.214352,0.250451
3.45949,-0.283375,0.0787402,-0.119252,0.250451
3.45974,-0.173723,0.377953,-0.09331,0.250451
3.45999,-0.12855,0.598425,-0.146709,0.250451
3.46024,-0.0977395,0.732283,-0.210983,0.250451
3.46049,-0.00759157,0.76378,-0.2035,0.250451
3.46074,0.177861,0.700787,-0.0627084,0.250451
3.46099,0.420095,0.543307,0.163349,0.250451
3.46124,0.61747,0.299213,0.39059,0.250451
3.46149,0.663103,0,0.495333,0.250451
3.46174,0.510146,-0.322835,0.427911,0.250451
3.46199,0.205232,-0.606299,0.224869,0.250451
3.46224,-0.135098,-0.795276,-0.0198324,0.250451
3.46249,-0.385146,-0.84252,-0.195864,0.250451
3.46274,-0.478645,-0.740157,-0.239058,0.250451
3.46299,-0.435459,-0.519685,-0.176565,0.250451
3.46324,-0.33792,-0.228346,-0.112155,0.250451
3.46349,-0.268153,0.0708661,-0.0969438,0.250451
3.46374,-0.253852,0.354331,-0.173801,0.250451
3.46399,-0.251758,0.574803,-0.266877,0.250451
3.46424,-0.184532,0.724409,-0.302911,0.250451
3.46449,-0.00138654,0.771654,-0.190554,0.250451
3.46474,0.273647,0.716535,0.0297151,0.250451
3.46499,0.54434,0.559055,0.287197,0.250451
3.46524,0.690504,0.299213,0.464954,0.250451
3.46549,0.637957,-0.015748,0.469292,0.250451
3.46574,0.40296,-0.346457,0.324553,0.250451
3.46599,0.0842342,-0.629921,0.100286,0.250451
3.46624,-0.192514,-0.795276,-0.0832101,0.250451
3.46649,-0.342655,-0.826772,-0.146822,0.250451
3.46674,-0.364137,-0.716535,-0.124328,0.250451
3.46699,-0.323252,-0.503937,-0.0672243,0.250451
3.46724,-0.299981,-0.228346,-0.0709036,0.250451
3.46749,-0.329179,0.0551181,-0.158557,0.250451
3.46774,-0.374369,0.330709,-0.291945,0.250451
3.46799,-0.35383,0.566929,-0.376334,0.250451
3.46824,-0.201954,0.724409,-0.312176,0.250451
3.46849,0.0775551,0.787402,-0.112273,0.250451
3.46874,0.399034,0.740157,0.154195,0.250451
3.46899,0.635721,0.574803,0.386869,0.250451
3.46924,0.689517,0.299213,0.460773,0.250451
3.46949,0.545242,-0.0314961,0.381559,0.250451
3.46974,0.277913,-0.370079,0.195916,0.250451
3.46999,0.00677755,-0.637795,0.0272147,0.250451
3.47024,-0.173118,-0.787402,-0.0541221,0.250451
3.47049,-0.23971,-0.80315,-0.0416745,0.250451
3.47075,-0.244108,-0.700787,-0.00270257,0.250451
3.471,-0.263888,-0.496063,-0.0077222,0.250451
3.47125,-0.339729,-0.23622,-0.106912,0.250451
3.4715,-0.442479,0.0393701,-0.271881,0.250451
3.47175,-0.488124,0.314961,-0.410522,0.250451
3.472,-0.394452,0.559055,-0.410786,0.250451
3.47225,-0.142657,0.740157,-0.259573,0.250451
3.4725,0.199064,0.818898,0.00703574,0.250451
3.47275,0.505374,0.755906,0.263624,0.250451
3.473,0.658928,0.566929,0.401552,0.250451
3.47325,0.614899,0.275591,0.389227,0.250451
3.4735,0.420987,-0.0629921,0.248705,0.250451
3.47375,0.183372,-0.385827,0.100816,0.250451
3.474,0.00228645,-0.629921,0.0236412,0.250451
3.47425,-0.0849213,-0.771654,0.0300062,0.250451
3.4745,-0.11638,-0.779528,0.0779766,0.250451
3.47475,-0.165597,-0.685039,0.0746923,0.250451
3.475,-0.280904,-0.503937,-0.0251362,0.250451
3.47525,-0.441728,-0.259843,-0.213951,0.250451
3.4755,-0.563861,0.015748,-0.403836,0.250451
3.47575,-0.55042,0.314961,-0.469171,0.250451
3.476,-0.357515,0.574803,-0.37931,0.250451
3.47625,-0.0294183,0.76378,-0.14536,0.250451
3.4765,0.316381,0.834646,0.122458,0.250451
3.47675,0.551873,0.76378,0.307163,0.250451
3.477,0.605131,0.551181,0.351442,0.250451
3.47725,0.495836,0.251969,0.267607,0.250451
3.4775,0.31282,-0.0787402,0.142417,0.250451
3.47775,0.155728,-0.385827,0.0755959,0.250451
3.478,0.072428,-0.614173,0.0893906,0.250451
3.47825,0.0373362,-0.748031,0.155782,0.250451
3.4785,-0.021348,-0.76378,0.175674,0.250451
3.47875,-0.159207,-0.692913,0.0871315,0.250451
3.479,-0.367877,-0.519685,-0.117362,0.250451
3.47925,-0.566358,-0.283465,-0.344903,0.250451
3.4795,-0.645991,0.00787402,-0.481848,0.250451
3.47975,-0.537077,0.322835,-0.453497,0.250451
3.48,-0.256822,0.598425,-0.273413,0.250451
3.48025,0.094462,0.787402,-0.0212596,0.250451
3.4805,0.384375,0.84252,0.186455,0.250451
3.48075,0.520807,0.748031,0.278392,0.250451
3.481,0.4957,0.527559,0.240093,0.250451
3.48125,0.378226,0.228346,0.146194,0.250451
3.4815,0.262906,-0.0866142,0.100031,0.250451
3.48175,0.205384,-0.370079,0.127261,0.250451
3.482,0.189289,-0.598425,0.210474,0.250451
3.48225,0.145551,-0.732283,0.265131,0.250451
3.4825,0.0083151,-0.76378,0.199727,0.250451
3.48275,-0.228097,-0.708661,0.0156055,0.250451
3.483,-0.491204,-0.543307,-0.2421,0.250451
3.48325,-0.665207,-0.291339,-0.438588,0.250451
3.4835,-0.656829,0.015748,-0.492429,0.250451
3.48375,-0.452734,0.346457,-0.376941,0.250451
3.484,-0.130815,0.622047,-0.146857,0.250451
3.48425,0.181339,0.80315,0.0639133,0.250451
3.4845,0.3773,0.834646,0.179556,0.250451
3.48475,0.424765,0.724409,0.180675,0.250451
3.485,0.37285,0.503937,0.12085,0.250451
3.48525,0.307918,0.220472,0.0772222,0.250451
3.4855,0.290361,-0.0787402,0.12199,0.250451
3.48575,0.312539,-0.354331,0.237488,0.250451
3.486,0.306875,-0.574803,0.33366,0.250451
3.48625,0.197289,-0.724409,0.318621,0.250451
3.4865,-0.0395377,-0.779528,0.150447,0.250451
3.48675,-0.345565,-0.732283,-0.103668,0.250451
3.487,-0.603161,-0.559055,-0.353232,0.250451
3.48725,-0.699882,-0.291339,-0.472108,0.250451
3.4875,-0.591921,0.0314961,-0.425821,0.250451
3.48775,-0.329775,0.370079,-0.247496,0.250451
3.488,-0.0283676,0.645669,-0.0490238,0.250451
3.48825,0.197941,0.795276,0.0796508,0.250451
3.4885,0.298149,0.818898,0.10757,0.250451
3.48875,0.301105,0.700787,0.0538264,0.250451
3.489,0.284714,0.488189,0.02771,0.250451
3.48925,0.312223,0.220472,0.0849518,0.250451
3.4895,0.384336,-0.0551181,0.216485,0.250451
3.48975,0.435331,-0.330709,0.35525,0.250451
3.49,0.379419,-0.566929,0.402711,0.250451
3.49025,0.172177,-0.740157,0.286133,0.250451
3.4905,-0.146759,-0.80315,0.0473981,0.250451
3.49075,-0.466489,-0.748031,-0.222032,0.250451
3.491,-0.660501,-0.566929,-0.404993,0.250451
3.49125,-0.657017,-0.275591,-0.432106,0.250451
3.4915,-0.476371,0.0629921,-0.313266,0.250451
3.49175,-0.215626,0.393701,-0.134585,0.250451
3.492,0.0113914,0.645669,-0.011151,0.250451
3.49225,0.138441,0.779528,0.0192953,0.250451
3.4925,0.178095,0.795276,-0.0142428,0.250451
3.49275,0.198479,0.685039,-0.0490326,0.250451
3.493,0.265714,0.488189,0.015683,0.250451
3.49325,0.389468,0.23622,0.165503,0.250451
3.4935,0.507951,-0.0393701,0.347847,0.250451
3.49375,0.525918,-0.322835,0.446002,0.250451
3.494,0.378104,-0.574803,0.403015,0.250451
3.49425,0.0792468,-0.755906,0.200554,0.250451
3.4945,-0.272361,-0.826772,-0.0749276,0.250451
3.49475,-0.544165,-0.755906,-0.298567,0.250451
3.495,-0.64115,-0.551181,-0.392247,0.250451
3.49525,-0.55315,-0.251969,-0.323425,0.250451
3.49551,-0.354789,0.0866142,-0.191628,0.250451
3.49576,-0.154292,0.401575,-0.0816113,0.250451
3.49601,-0.026425,0.637795,-0.0467657,0.250451
3.49626,0.026493,0.76378,-0.0961426,0.250451
3.49651,0.06429,0.771654,-0.136792,0.250451
3.49676,0.156813,0.685039,-0.082911,0.250451
3.49701,0.323409,0.503937,0.0749516,0.250451
3.49726,0.509448,0.259843,0.280777,0.250451
3.49751,0.613373,-0.023622,0.450316,0.250451
3.49776,0.548578,-0.322835,0.469436,0.250451
3.49801,0.302772,-0.598425,0.324001,0.250451
3.49826,-0.0458781,-0.779528,0.0692886,0.250451
3.49851,-0.367532,-0.84252,-0.171874,0.250451
3.49876,-0.548983,-0.748031,-0.304956,0.250451
3.49901,-0.55276,-0.527559,-0.301508,0.250451
3.49926,-0.428628,-0.228346,-0.198652,0.250451
3.49951,-0.274218,0.0944882,-0.105918,0.250451
3.49976,-0.169084,0.393701,-0.096071,0.250451
3.50001,-0.1268,0.614173,-0.152584,0.250451
3.50026,-0.094294,0.740157,-0.215783,0.250451
3.50051,0.00138172,0.76378,-0.193302,0.250451
3.50076,0.192799,0.692913,-0.0513033,0.250451
3.50101,0.435567,0.527559,0.186184,0.250451
3.50126,0.625909,0.275591,0.401358,0.250451
3.50151,0.659185,-0.023622,0.49841,0.250451
3.50176,0.494168,-0.346457,0.416365,0.250451
3.50201,0.182609,-0.622047,0.204899,0.250451
3.50226,-0.155069,-0.795276,-0.0324484,0.250451
3.50251,-0.396244,-0.834646,-0.200961,0.250451
3.50276,-0.479244,-0.732283,-0.23576,0.250451
3.50301,-0.429845,-0.503937,-0.171897,0.250451
3.50326,-0.331815,-0.212598,-0.109761,0.250451
3.50351,-0.265771,0.0944882,-0.106487,0.250451
3.50376,-0.254023,0.370079,-0.179871,0.250451
3.50401,-0.250299,0.590551,-0.272668,0.250451
3.50426,-0.176277,0.724409,-0.30151,0.250451
3.50451,0.0142475,0.771654,-0.18532,0.250451
3.50476,0.292793,0.708661,0.0481579,0.250451
3.50501,0.558716,0.543307,0.301493,0.250451
3.50526,0.693443,0.283465,0.467317,0.250451
3.50551,0.627558,-0.0314961,0.463572,0.250451
3.50576,0.383484,-0.370079,0.308086,0.250451
3.50601,0.0636233,-0.637795,0.0911033,0.250451
3.50626,-0.206369,-0.80315,-0.0864907,0.250451
3.50651,-0.347604,-0.826772,-0.147466,0.250451
3.50676,-0.362543,-0.708661,-0.114208,0.250451
3.50701,-0.320332,-0.488189,-0.0680283,0.250451
3.50726,-0.300319,-0.204724,-0.0757888,0.250451
3.50751,-0.33239,0.0787402,-0.17268,0.250451
3.50776,-0.375854,0.354331,-0.297849,0.250451
3.50801,-0.348276,0.574803,-0.37084,0.250451
3.50826,-0.18713,0.732283,-0.305275,0.250451
3.50851,0.0985526,0.787402,-0.0972592,0.250451
3.50876,0.418097,0.732283,0.172464,0.250451
3.50901,0.645412,0.559055,0.397249,0.250451
3.50926,0.685809,0.275591,0.459381,0.250451
3.50951,0.530494,-0.0551181,0.364394,0.250451
3.50976,0.259004,-0.393701,0.179284,0.250451
3.51001,-0.00835039,-0.653543,0.0134543,0.250451
3.51026,-0.18072,-0.795276,-0.0613503,0.250451
3.51051,-0.240946,-0.80315,-0.0410586,0.250451
3.51076,-0.244272,-0.685039,0.00354494,0.250451
3.51101,-0.266938,-0.480315,-0.0149758,0.250451
3.51126,-0.346239,-0.220472,-0.123058,0.250451
3.51151,-0.448108,0.0551181,-0.29206,0.250451
3.51176,-0.486823,0.338583,-0.412812,0.250451
3.51201,-0.382592,0.574803,-0.410358,0.250451
3.51226,-0.122161,0.748031,-0.238322,0.250451
3.51251,0.221431,0.811024,0.0243495,0.250451
3.51276,0.520739,0.748031,0.277426,0.250451
3.51301,0.662051,0.551181,0.410244,0.250451
3.51326,0.605961,0.251969,0.382333,0.250451
3.51351,0.405509,-0.0866142,0.244139,0.250451
3.51376,0.169114,-0.409449,0.0979897,0.250451
3.51401,-0.00600893,-0.645669,0.0177613,0.250451
3.51426,-0.0880393,-0.771654,0.0382971,0.250451
3.51451,-0.118139,-0.779528,0.0811695,0.250451
3.51476,-0.170879,-0.677165,0.0692963,0.250451
3.51501,-0.290575,-0.488189,-0.042305,0.250451
3.51526,-0.451867,-0.23622,-0.228983,0.250451
3.51551,-0.567893,0.0393701,-0.40529,0.250451
3.51576,-0.54348,0.330709,-0.476581,0.250451
3.51601,-0.339246,0.590551,-0.364816,0.250451
3.51626,-0.0063235,0.771654,-0.130844,0.250451
3.51651,0.336173,0.834646,0.135296,0.250451
3.51676,0.561163,0.748031,0.316547,0.250451
3.51701,0.602345,0.535433,0.34709,0.250451
3.51726,0.484914,0.228346,0.25954,0.250451
3.51751,0.301085,-0.102362,0.141345,0.250451
3.51776,0.147948,-0.401575,0.077686,0.250451
3.51801,0.0694492,-0.629921,0.0965628,0.250451
3.51826,0.0349475,-0.748031,0.153047,0.250451
3.51851,-0.0275525,-0.76378,0.171962,0.250451
3.51876,-0.171144,-0.685039,0.0782283,0.250451
3.51901,-0.382161,-0.511811,-0.128735,0.250451
3.51926,-0.576149,-0.259843,-0.351566,0.250451
3.51951,-0.644922,0.0314961,-0.484023,0.250451
3.51976,-0.523471,0.346457,-0.450364,0.250451
3.52002,-0.234819,0.614173,-0.259416,0.250451
3.52027,0.116446,0.795276,-0.00681815,0.250451
3.52052,0.398476,0.84252,0.198469,0.250451
3.52077,0.523723,0.740157,0.278389,0.250451
3.52102,0.489661,0.511811,0.236571,0.250451
3.52127,0.369826,0.204724,0.144563,0.250451
3.52152,0.257287,-0.110236,0.0927363,0.250451
3.52177,0.203559,-0.393701,0.129729,0.250451
3.52202,0.188039,-0.606299,0.221018,0.250451
3.52227,0.139987,-0.732283,0.265354,0.250451
3.52252,-0.00442822,-0.76378,0.193734,0.250451
3.52277,-0.245294,-0.700787,-0.00545576,0.250451
3.52302,-0.506406,-0.527559,-0.25789,0.250451
3.52327,-0.670796,-0.275591,-0.449774,0.250451
3.52352,-0.649081,0.0393701,-0.490513,0.250451
3.52377,-0.434221,0.362205,-0.35731,0.250451
3.52402,-0.109124,0.637795,-0.1343,0.250451
3.52427,0.198394,0.80315,0.0798601,0.250451
3.52452,0.384573,0.834646,0.189704,0.253061
3.52477,0.423463,0.716535,0.177689,0.253061
3.52502,0.368114,0.488189,0.109527,0.253061
3.52527,0.30505,0.19685,0.0835207,0.253061
3.52552,0.291023,-0.0944882,0.127964,0.253061
3.52577,0.313999,-0.370079,0.246735,0.253061
3.52602,0.303613,-0.590551,0.331242,0.253061
3.52627,0.185785,-0.732283,0.310305,0.253061
3.52652,-0.0583375,-0.779528,0.136992,0.253061
3.52677,-0.364915,-0.724409,-0.118985,0.253061
3.52702,-0.615217,-0.543307,-0.364134,0.253061
3.52727,-0.699021,-0.267717,-0.471086,0.253061
3.52752,-0.578715,0.0551181,-0.414409,0.253061
3.52777,-0.310076,0.393701,-0.234708,0.253061
3.52802,-0.0106633,0.653543,-0.0407632,0.253061
3.52827,0.208408,0.80315,0.0854664,0.253061
3.52852,0.300302,0.811024,0.104417,0.253061
3.52877,0.299845,0.692913,0.054858,0.253061
3.52902,0.284816,0.472441,0.0346616,0.253061
3.52927,0.315932,0.204724,0.0899688,0.253061
3.52952,0.389155,-0.0787402,0.230862,0.253061
3.52977,0.436019,-0.354331,0.363901,0.253061
3.53002,0.370552,-0.582677,0.401068,0.253061
3.53027,0.154212,-0.740157,0.279079,0.253061
3.53052,-0.168871,-0.80315,0.0296521,0.253061
3.53077,-0.484035,-0.740157,-0.245204,0.253061
3.53102,-0.666496,-0.543307,-0.415649,0.253061
3.53127,-0.64986,-0.251969,-0.42595,0.253061
3.53152,-0.460756,0.0866142,-0.297074,0.253061
3.53177,-0.198828,0.409449,-0.124468,0.253061
3.53202,0.0229896,0.653543,-0.000400152,0.253061
3.53227,0.143075,0.787402,0.0157023,0.253061
3.53252,0.179058,0.787402,-0.0243094,0.253061
3.53277,0.200845,0.669291,-0.0413885,0.253061
3.53302,0.272349,0.472441,0.0157064,0.253061
3.53327,0.39823,0.220472,0.173481,0.253061
3.53352,0.513267,-0.0551181,0.353318,0.253061
3.53377,0.521694,-0.338583,0.453769,0.253061
3.53402,0.362608,-0.590551,0.390465,0.253061
3.53427,0.0566862,-0.76378,0.180903,0.253061
3.53452,-0.293526,-0.826772,-0.0942885,0.253061
3.53477,-0.556438,-0.748031,-0.310504,0.253061
3.53502,-0.640492,-0.535433,-0.386734,0.253061
3.53527,-0.542578,-0.228346,-0.322601,0.253061
3.53552,-0.340783,0.102362,-0.180152,0.253061
3.53577,-0.143344,0.417323,-0.0724984,0.253061
3.53602,-0.0211598,0.645669,-0.0538771,0.253061
3.53627,0.0282524,0.76378,-0.0972555,0.253061
3.53652,0.0681571,0.76378,-0.13373,0.253061
3.53677,0.165437,0.669291,-0.0805878,0.253061
3.53702,0.335813,0.488189,0.0819902,0.253061
3.53727,0.519952,0.244094,0.295979,0.253061
3.53752,0.61495,-0.0393701,0.454776,0.253061
3.53777,0.537715,-0.346457,0.468292,0.253061
3.53802,0.282269,-0.606299,0.307454,0.253061
3.53827,-0.0689921,-0.787402,0.053036,0.253061
3.53852,-0.384314,-0.834646,-0.18315,0.253061
3.53877,-0.554493,-0.740157,-0.308022,0.253061
3.53902,-0.547741,-0.511811,-0.294959,0.253061
3.53927,-0.418517,-0.204724,-0.191403,0.253061
3.53952,-0.265367,0.11811,-0.103089,0.253061
3.53977,-0.164829,0.409449,-0.0931936,0.253061
3.54002,-0.125286,0.622047,-0.159467,0.253061
3.54027,-0.0908144,0.740157,-0.21681,0.253061
3.54052,0.0110035,0.76378,-0.189813,0.253061
3.54077,0.207867,0.685039,-0.0409866,0.253061
3.54102,0.450722,0.511811,0.199716,0.253061
3.54127,0.633811,0.259843,0.412401,0.253061
3.54152,0.654504,-0.0393701,0.494119,0.253061
3.54177,0.477383,-0.362205,0.405587,0.253061
3.54202,0.160296,-0.637795,0.19402,0.253061
3.54227,-0.174723,-0.80315,-0.0468755,0.253061
3.54252,-0.406624,-0.834646,-0.204766,0.253061
3.54277,-0.479442,-0.716535,-0.238671,0.253061
3.54302,-0.424025,-0.488189,-0.170638,0.253061
3.54327,-0.325981,-0.188976,-0.105907,0.253061
3.54352,-0.263506,0.110236,-0.107836,0.253061
3.54377,-0.254588,0.385827,-0.187954,0.253061
3.54402,-0.248311,0.598425,-0.283656,0.253061
3.54427,-0.16751,0.732283,-0.288338,0.253061
3.54452,0.0304277,0.771654,-0.167879,0.253061
3.54478,0.311709,0.700787,0.0667411,0.253061
3.54503,0.572605,0.527559,0.319907,0.253061
3.54528,0.695512,0.259843,0.469338,0.253061
3.54553,0.616486,-0.0551181,0.461717,0.253061
3.54578,0.3637,-0.385827,0.296587,0.253061
3.54603,0.0433944,-0.653543,0.0757022,0.253061
3.54628,-0.21991,-0.811024,-0.0975075,0.253061
3.54653,-0.352003,-0.818898,-0.154645,0.253061
3.54678,-0.360539,-0.692913,-0.113512,0.253061
3.54703,-0.317753,-0.472441,-0.0672206,0.253061
3.54728,-0.300901,-0.188976,-0.0744649,0.253061
3.54753,-0.335724,0.0944882,-0.176763,0.253061
3.54778,-0.377032,0.370079,-0.305237,0.253061
3.54803,-0.342367,0.590551,-0.377919,0.253061
3.54828,-0.171761,0.740157,-0.297126,0.253061
3.54853,0.119318,0.787402,-0.0846101,0.253061
3.54878,0.437117,0.724409,0.189786,0.253061
3.54903,0.654206,0.535433,0.406679,0.253061
3.54928,0.681253,0.251969,0.455822,0.253061
3.54953,0.515243,-0.0866142,0.357322,0.253061
3.54978,0.240476,-0.409449,0.170248,0.253061
3.55003,-0.0231031,-0.661417,0.00692394,0.253061
3.55028,-0.187587,-0.795276,-0.0599318,0.253061
3.55053,-0.24216,-0.795276,-0.0456731,0.253061
3.55078,-0.244363,-0.677165,-0.000264117,0.253061
3.55103,-0.270373,-0.464567,-0.0210559,0.253061
3.55128,-0.352988,-0.19685,-0.129968,0.253061
3.55153,-0.45357,0.0787402,-0.297813,0.253061
3.55178,-0.484901,0.354331,-0.415444,0.253061
3.55203,-0.370278,0.590551,-0.400337,0.253061
3.55228,-0.101196,0.755906,-0.225509,0.253061
3.55253,0.243578,0.811024,0.0427026,0.253061
3.55278,0.53559,0.740157,0.290343,0.253061
3.55303,0.664316,0.535433,0.417717,0.253061
3.55328,0.596408,0.228346,0.379901,0.253061
3.55353,0.39007,-0.110236,0.230952,0.253061
3.55378,0.155228,-0.425197,0.0887387,0.253061
3.55403,-0.0141177,-0.661417,0.0226502,0.253061
3.55428,-0.0909308,-0.779528,0.0342829,0.253061
3.55453,-0.120226,-0.771654,0.0832833,0.253061
3.55478,-0.176531,-0.661417,0.0663193,0.253061
3.55503,-0.300456,-0.472441,-0.044829,0.253061
3.55528,-0.461815,-0.220472,-0.240287,0.253061
3.55553,-0.571419,0.0629921,-0.415966,0.253061
3.55578,-0.535586,0.354331,-0.472981,0.253061
3.55603,-0.320525,0.606299,-0.358351,0.253061
3.55628,0.0172512,0.779528,-0.110535,0.253061
3.55653,0.355453,0.834646,0.15741,0.253061
3.55678,0.569488,0.740157,0.327017,0.253061
3.55703,0.59887,0.511811,0.343344,0.253061
3.55728,0.473915,0.204724,0.249332,0.253061
3.55753,0.289287,-0.125984,0.138212,0.253061
3.55778,0.140499,-0.425197,0.0798718,0.253061
3.55803,0.0664415,-0.637795,0.105287,0.253061
3.55828,0.0324358,-0.755906,0.16383,0.253061
3.55853,-0.0340005,-0.76378,0.172551,0.253061
3.55878,-0.183451,-0.669291,0.0605783,0.253061
3.55903,-0.396295,-0.488189,-0.141524,0.253061
3.55928,-0.585398,-0.23622,-0.369721,0.253061
3.55953,-0.643025,0.0551181,-0.488247,0.253061
3.55978,-0.509044,0.362205,-0.448908,0.253061
3.56003,-0.212355,0.629921,-0.246458,0.253061
3.56028,0.137884,0.80315,0.00783404,0.253061
3.56053,0.411891,0.834646,0.206968,0.253061
3.56078,0.525783,0.724409,0.274555,0.253061
3.56103,0.483536,0.488189,0.231881,0.253061
3.56128,0.361325,0.181102,0.142555,0.253061
3.56153,0.25184,-0.125984,0.100052,0.253061
3.56178,0.201908,-0.409449,0.135916,0.253061
3.56203,0.186877,-0.614173,0.226171,0.253061
3.56228,0.133868,-0.740157,0.259802,0.253061
3.56253,-0.017412,-0.76378,0.189629,0.253061
3.56278,-0.262921,-0.685039,-0.0189823,0.253061
3.56303,-0.521191,-0.511811,-0.27111,0.253061
3.56328,-0.675576,-0.251969,-0.459592,0.253061
3.56353,-0.640536,0.0629921,-0.482165,0.253061
3.56378,-0.415232,0.385827,-0.347322,0.253061
3.56403,-0.087109,0.653543,-0.118574,0.253061
3.56428,0.214675,0.811024,0.0889405,0.253061
3.56453,0.391428,0.826772,0.193544,0.253061
3.56478,0.421936,0.700787,0.172829,0.253061
3.56503,0.36328,0.464567,0.113287,0.253061
3.56528,0.302371,0.173228,0.0787539,0.253061
3.56553,0.291959,-0.11811,0.140125,0.253061
3.56578,0.315146,-0.385827,0.249427,0.253061
3.56603,0.299953,-0.598425,0.33617,0.253061
3.56628,0.173487,-0.740157,0.299526,0.253061
3.56653,-0.0775561,-0.779528,0.127649,0.253061
3.56678,-0.384196,-0.708661,-0.143572,0.253061
3.56703,-0.626549,-0.527559,-0.371322,0.253061
3.56728,-0.697292,-0.244094,-0.481927,0.253061
3.56753,-0.564611,0.0866142,-0.411081,0.253061
3.56778,-0.290238,0.409449,-0.227231,0.253061
3.56803,0.00691126,0.669291,-0.023408,0.253061
3.56828,0.218318,0.80315,0.085469,0.253061
3.56853,0.302444,0.80315,0.100772,0.253061
3.56878,0.298345,0.677165,0.0512869,0.253061
3.56903,0.284976,0.456693,0.0312378,0.253061
3.56928,0.319831,0.181102,0.0971053,0.253061
3.56954,0.39397,-0.0944882,0.239002,0.253061
3.56979,0.435869,-0.370079,0.374699,0.253061
3.57004,0.361064,-0.598425,0.400622,0.253061
3.57029,0.135424,-0.748031,0.261042,0.253061
3.57054,-0.190951,-0.80315,0.00915668,0.253061
3.57079,-0.500843,-0.732283,-0.253545,0.253061
3.57104,-0.671685,-0.527559,-0.421341,0.253061
3.57129,-0.642087,-0.228346,-0.427137,0.253061
3.57154,-0.444539,0.110236,-0.288454,0.253061
3.57179,-0.182211,0.433071,-0.122565,0.253061
3.57204,0.0339096,0.669291,-0.00322488,0.253061
3.57229,0.147483,0.787402,0.0171581,0.253061
3.57254,0.179937,0.779528,-0.0250163,0.253061
3.57279,0.203503,0.661417,-0.0435952,0.253061
3.57304,0.27915,0.456693,0.0288933,0.253061
3.57329,0.40695,0.19685,0.193053,0.253061
3.57354,0.517931,-0.0787402,0.362615,0.253061
3.57379,0.516827,-0.362205,0.456584,0.253061
3.57404,0.346392,-0.606299,0.38144,0.253061
3.57429,0.0341739,-0.771654,0.163367,0.253061
3.57454,-0.314534,-0.826772,-0.107081,0.253061
3.57479,-0.567704,-0.732283,-0.318858,0.253061
3.57504,-0.639223,-0.511811,-0.391974,0.253061
3.57529,-0.531366,-0.204724,-0.314056,0.253061
3.57554,-0.326909,0.125984,-0.175973,0.253061
3.57579,-0.132731,0.433071,-0.0702682,0.253061
3.57604,-0.0163301,0.653543,-0.0534673,0.253061
3.57629,0.0304069,0.76378,-0.0990305,0.253061
3.57654,0.0719277,0.76378,-0.128761,0.253061
3.57679,0.174557,0.661417,-0.0693822,0.253061
3.57704,0.348285,0.472441,0.100844,0.253061
3.57729,0.529892,0.220472,0.312554,0.253061
3.57754,0.615653,-0.0629921,0.462453,0.253061
3.57779,0.526212,-0.370079,0.468039,0.253061
3.57804,0.261124,-0.629921,0.301971,0.253061
3.57829,-0.0919498,-0.795276,0.034683,0.253061
3.57854,-0.400586,-0.834646,-0.1967,0.253061
3.57879,-0.559286,-0.724409,-0.314245,0.253061
3.57904,-0.541931,-0.488189,-0.284765,0.253061
3.57929,-0.408307,-0.181102,-0.189059,0.253061
3.57954,-0.25686,0.141732,-0.108713,0.253061
3.57979,-0.160673,0.425197,-0.103999,0.253061
3.58004,-0.123609,0.637795,-0.157169,0.253061
3.58029,-0.0869532,0.748031,-0.217743,0.253061
3.58054,0.0210451,0.755906,-0.179263,0.253061
3.58079,0.22298,0.677165,-0.0226364,0.253061
3.58104,0.465621,0.496063,0.212439,0.253061
3.58129,0.640871,0.23622,0.427896,0.253061
3.58154,0.648859,-0.0708661,0.496195,0.253061
3.58179,0.459989,-0.385827,0.394654,0.253061
3.58204,0.137682,-0.653543,0.170625,0.253061
3.58229,-0.193924,-0.811024,-0.067186,0.253061
3.58254,-0.416108,-0.826772,-0.212976,0.253061
3.58279,-0.478915,-0.708661,-0.233607,0.253061
3.58304,-0.417946,-0.464567,-0.168856,0.253061
3.58329,-0.320307,-0.165354,-0.100099,0.253061
3.58354,-0.261482,0.133858,-0.107939,0.253061
3.58379,-0.254825,0.409449,-0.191194,0.253061
3.58404,-0.246175,0.614173,-0.286938,0.253061
3.58429,-0.158472,0.740157,-0.289216,0.253061
3.58454,0.0469753,0.771654,-0.153537,0.253061
3.58479,0.330381,0.692913,0.0816434,0.253061
3.58504,0.585814,0.511811,0.334533,0.253061
3.58529,0.696731,0.23622,0.48197,0.253061
3.58554,0.604562,-0.0787402,0.457763,0.253061
3.58579,0.343625,-0.409449,0.286329,0.253061
3.58604,0.0236481,-0.669291,0.0577839,0.253061
3.58629,-0.232856,-0.811024,-0.100316,0.253061
3.58654,-0.3555,-0.811024,-0.149883,0.253061
3.58679,-0.358485,-0.677165,-0.106582,0.253061
3.58704,-0.315295,-0.448819,-0.0609634,0.253061
3.58729,-0.301713,-0.165354,-0.0796456,0.253061
3.58754,-0.338942,0.11811,-0.192002,0.253061
3.58779,-0.378253,0.385827,-0.321995,0.253061
3.58804,-0.335638,0.606299,-0.377759,0.253061
3.58829,-0.156106,0.748031,-0.283797,0.253061
3.58854,0.140427,0.787402,-0.0673029,0.253061
3.58879,0.455516,0.716535,0.208797,0.253061
3.58904,0.662327,0.519685,0.410421,0.253061
3.58929,0.675857,0.228346,0.456465,0.253061
3.58954,0.49963,-0.110236,0.353209,0.253061
3.58979,0.221827,-0.433071,0.15744,0.253061
3.59004,-0.0371325,-0.677165,-0.00190958,0.253061
3.59029,-0.194099,-0.80315,-0.0609942,0.253061
3.59054,-0.243148,-0.787402,-0.035543,0.253061
3.59079,-0.244732,-0.661417,0.00154913,0.253061
3.59104,-0.274064,-0.448819,-0.018113,0.253061
3.59129,-0.359716,-0.181102,-0.141052,0.253061
3.59154,-0.458832,0.0944882,-0.305827,0.253061
3.59179,-0.482528,0.370079,-0.422558,0.253061
3.59204,-0.357064,0.606299,-0.394897,0.253061
3.59229,-0.0798979,0.76378,-0.213505,0.253061
3.59254,0.265526,0.811024,0.0636427,0.253061
3.59279,0.549829,0.724409,0.30301,0.253061
3.59304,0.665648,0.511811,0.418504,0.253061
3.59329,0.58625,0.204724,0.366902,0.253061
3.59354,0.374622,-0.133858,0.227666,0.253061
3.59379,0.14155,-0.440945,0.0850481,0.253061
3.59404,-0.0217326,-0.669291,0.0154556,0.253061
3.5943,-0.0931849,-0.779528,0.0426765,0.253061
3.59455,-0.122432,-0.771654,0.08816,0.253061
3.5948,-0.182326,-0.653543,0.0627445,0.253061
3.59505,-0.310502,-0.456693,-0.0617822,0.253061
3.5953,-0.471753,-0.19685,-0.25162,0.253061
3.59555,-0.574367,0.0787402,-0.423077,0.253061
3.5958,-0.526911,0.370079,-0.469367,0.253061
3.59605,-0.301499,0.622047,-0.344369,0.253061
3.5963,0.0406331,0.787402,-0.0918547,0.253061
3.59655,0.374103,0.826772,0.170393,0.253061
3.5968,0.577158,0.724409,0.326751,0.253061
3.59705,0.594648,0.496063,0.345041,0.253061
3.5973,0.462656,0.181102,0.243631,0.253061
3.59755,0.277775,-0.149606,0.132603,0.253061
3.5978,0.133618,-0.440945,0.075853,0.253061
3.59805,0.0637856,-0.653543,0.106836,0.253061
3.5983,0.0300242,-0.755906,0.161118,0.253061
3.59855,-0.041038,-0.755906,0.165273,0.253061
3.5988,-0.195824,-0.661417,0.0508146,0.253061
3.59905,-0.410605,-0.472441,-0.162441,0.253061
3.5993,-0.59425,-0.220472,-0.374956,0.253061
3.59955,-0.640403,0.0787402,-0.488243,0.253061
3.5998,-0.493908,0.385827,-0.433835,0.253061
3.60005,-0.190076,0.645669,-0.233567,0.253061
3.6003,0.159385,0.811024,0.0233379,0.253061
3.60055,0.424408,0.834646,0.214885,0.253061
3.6008,0.527331,0.708661,0.277727,0.253061
3.60105,0.477068,0.472441,0.228253,0.253061
3.6013,0.353054,0.15748,0.134744,0.253061
3.60155,0.246674,-0.149606,0.102066,0.253061
3.6018,0.200751,-0.425197,0.148702,0.253061
3.60205,0.185324,-0.629921,0.22663,0.253061
3.6023,0.127317,-0.748031,0.259743,0.253061
3.60255,-0.0310107,-0.76378,0.176606,0.253061
3.6028,-0.280453,-0.677165,-0.0333595,0.253061
3.60305,-0.535637,-0.496063,-0.281456,0.253061
3.6033,-0.679532,-0.228346,-0.460364,0.253061
3.60355,-0.631274,0.0866142,-0.481494,0.253061
3.6038,-0.395794,0.409449,-0.342942,0.253061
3.60405,-0.0653933,0.669291,-0.103997,0.253061
3.6043,0.230704,0.818898,0.0977918,0.253061
3.60455,0.397645,0.818898,0.189724,0.253061
3.6048,0.419865,0.685039,0.172046,0.253061
3.60505,0.358612,0.448819,0.106748,0.253061
3.6053,0.299983,0.15748,0.0880781,0.253061
3.60555,0.293077,-0.133858,0.149949,0.253061
3.6058,0.316128,-0.401575,0.265051,0.253061
3.60605,0.29558,-0.614173,0.335294,0.253061
3.6063,0.160628,-0.748031,0.292227,0.253061
3.60655,-0.0966719,-0.779528,0.113506,0.253061
3.6068,-0.403393,-0.700787,-0.155926,0.253061
3.60705,-0.637061,-0.511811,-0.381916,0.253061
3.6073,-0.694672,-0.220472,-0.477936,0.253061
3.60755,-0.550047,0.110236,-0.406216,0.253061
3.6078,-0.270321,0.433071,-0.21139,0.253061
3.60805,0.0241954,0.685039,-0.0145715,0.253061
3.6083,0.227428,0.811024,0.0936468,0.253061
3.60855,0.304201,0.80315,0.0920257,0.253061
3.6088,0.296837,0.661417,0.0465103,0.253061
3.60905,0.285521,0.440945,0.0303766,0.253061
3.6093,0.324006,0.165354,0.10366,0.253061
3.60955,0.398551,-0.11811,0.250111,0.253061
3.6098,0.435213,-0.385827,0.378652,0.253061
3.61005,0.351099,-0.606299,0.391672,0.253061
3.6103,0.116298,-0.755906,0.247704,0.253061
3.61055,-0.212941,-0.80315,-0.000834531,0.253061
3.6108,-0.517213,-0.716535,-0.267938,0.253061
3.61105,-0.676003,-0.511811,-0.420371,0.253061
3.6113,-0.633579,-0.204724,-0.4159,0.253061
3.61155,-0.428239,0.133858,-0.276028,0.253061
3.6118,-0.165867,0.448819,-0.104947,0.253061
3.61205,0.0446051,0.677165,0.00163859,0.253061
3.6123,0.151293,0.795276,0.0186583,0.253061
3.61255,0.181002,0.779528,-0.0259406,0.253061
3.6128,0.206508,0.645669,-0.0459752,0.253061
3.61305,0.286334,0.440945,0.0360934,0.253061
3.6133,0.415604,0.181102,0.195499,0.253061
3.61355,0.522223,-0.0944882,0.373615,0.253061
3.6138,0.511044,-0.377953,0.453955,0.253061
3.61405,0.329857,-0.622047,0.375931,0.253061
3.6143,0.0110702,-0.779528,0.144849,0.253061
3.61455,-0.335127,-0.818898,-0.124003,0.253061
3.6148,-0.578345,-0.724409,-0.328598,0.253061
3.61505,-0.637175,-0.496063,-0.388304,0.253061
3.6153,-0.519947,-0.181102,-0.299628,0.253061
3.61555,-0.312839,0.149606,-0.164216,0.253061
3.6158,-0.12265,0.448819,-0.0632687,0.253061
3.61605,-0.0115804,0.669291,-0.0584183,0.253061
3.6163,0.03254,0.771654,-0.104046,0.253061
3.61655,0.0763313,0.755906,-0.129092,0.253061
3.6168,0.184021,0.653543,-0.062423,0.253061
3.61705,0.360724,0.456693,0.114798,0.253061
3.6173,0.539411,0.204724,0.324448,0.253061
3.61755,0.615706,-0.0866142,0.466169,0.253061
3.6178,0.513801,-0.385827,0.459863,0.253061
3.61805,0.23942,-0.637795,0.279205,0.253061
3.6183,-0.114471,-0.80315,0.0229351,0.253061
3.61855,-0.416202,-0.826772,-0.212873,0.253061
3.6188,-0.563157,-0.708661,-0.31929,0.253061
3.61906,-0.53588,-0.472441,-0.281077,0.253061
3.61931,-0.39788,-0.15748,-0.1812,0.253061
3.61956,-0.2485,0.15748,-0.0991658,0.253061
3.61981,-0.156781,0.440945,-0.102313,0.253061
3.62006,-0.122169,0.645669,-0.162325,0.253061
3.62031,-0.0826161,0.748031,-0.217681,0.253061
3.62056,0.0312745,0.755906,-0.176158,0.253061
3.62081,0.238443,0.661417,-0.012044,0.253061
3.62106,0.480158,0.480315,0.227226,0.253061
3.62131,0.647197,0.212598,0.436132,0.253061
3.62156,0.642354,-0.0866142,0.495697,0.253061
3.62181,0.442046,-0.409449,0.383078,0.253061
3.62206,0.11503,-0.669291,0.15728,0.253061
3.62231,-0.212404,-0.818898,-0.0749922,0.253061
3.62256,-0.425118,-0.826772,-0.218768,0.253061
3.62281,-0.477855,-0.692913,-0.23467,0.253061
3.62306,-0.411613,-0.448819,-0.15777,0.253061
3.62331,-0.314811,-0.141732,-0.0988169,0.253061
3.62356,-0.259805,0.15748,-0.110775,0.253061
3.62381,-0.255058,0.425197,-0.202872,0.253061
3.62406,-0.243746,0.622047,-0.285679,0.253061
3.62431,-0.148722,0.748031,-0.286134,0.253061
3.62456,0.0638688,0.76378,-0.144664,0.251837
3.62481,0.349101,0.685039,0.097372,0.251837
3.62506,0.598396,0.496063,0.348751,0.251837
3.62531,0.697049,0.220472,0.488066,0.251837
3.62556,0.591776,-0.110236,0.443786,0.251837
3.62581,0.323288,-0.433071,0.267407,0.251837
3.62606,0.00395413,-0.685039,0.0530987,0.251837
3.62631,-0.245217,-0.818898,-0.110906,0.251837
3.62656,-0.358833,-0.811024,-0.145312,0.251837
3.62681,-0.356041,-0.669291,-0.105364,0.251837
3.62706,-0.312791,-0.433071,-0.0587642,0.251837
3.62731,-0.302755,-0.149606,-0.0912829,0.251837
3.62756,-0.342289,0.133858,-0.20029,0.251837
3.62781,-0.37875,0.401575,-0.326373,0.251837
3.62806,-0.328394,0.614173,-0.372964,0.251837
3.62831,-0.139623,0.755906,-0.275503,0.251837
3.62856,0.16162,0.787402,-0.0436032,0.251837
3.62881,0.473289,0.708661,0.229037,0.251837
3.62906,0.669533,0.503937,0.420659,0.251837
3.62931,0.669559,0.204724,0.451164,0.251837
3.62956,0.483285,-0.133858,0.340642,0.251837
3.62981,0.203265,-0.456693,0.147522,0.251837
3.63006,-0.0509408,-0.692913,-0.00553796,0.251837
3.63031,-0.200246,-0.80315,-0.0654305,0.251837
3.63056,-0.243522,-0.787402,-0.0298036,0.251837
3.63081,-0.245087,-0.645669,0.00174059,0.251837
3.63106,-0.277937,-0.433071,-0.0214416,0.251837
3.63131,-0.3665,-0.15748,-0.154632,0.251837
3.63156,-0.463574,0.11811,-0.323781,0.251837
3.63181,-0.479441,0.393701,-0.42553,0.251837
3.63206,-0.34315,0.622047,-0.394196,0.251837
3.63231,-0.0585423,0.771654,-0.199224,0.251837
3.63256,0.287208,0.811024,0.0774496,0.251837
3.63281,0.563071,0.716535,0.313452,0.251837
3.63306,0.666148,0.496063,0.410827,0.251837
3.63331,0.57534,0.181102,0.364558,0.251837
3.63356,0.358982,-0.15748,0.217382,0.251837
3.63381,0.128183,-0.464567,0.0747152,0.251837
3.63406,-0.028786,-0.685039,0.0202443,0.251837
3.63431,-0.0956802,-0.779528,0.0460221,0.251837
3.63456,-0.1244,-0.76378,0.0844294,0.251837
3.63481,-0.188589,-0.645669,0.0566872,0.251837
3.63506,-0.320701,-0.440945,-0.0735589,0.251837
3.63531,-0.481239,-0.181102,-0.26765,0.251837
3.63556,-0.576506,0.102362,-0.436234,0.251837
3.63581,-0.517648,0.393701,-0.468111,0.251837
3.63606,-0.281735,0.637795,-0.324822,0.251837
3.63631,0.0637356,0.795276,-0.0754404,0.251837
3.63656,0.392268,0.826772,0.186041,0.251837
3.63681,0.584029,0.716535,0.334284,0.251837
3.63706,0.589697,0.472441,0.336771,0.251837
3.63731,0.451173,0.15748,0.238123,0.251837
3.63756,0.266562,-0.165354,0.121742,0.251837
3.63781,0.126847,-0.456693,0.0742348,0.251837
3.63806,0.0613558,-0.661417,0.111155,0.251837
3.63831,0.0273852,-0.76378,0.169561,0.251837
3.63856,-0.0484466,-0.755906,0.167135,0.251837
3.63881,-0.208628,-0.653543,0.0375558,0.251837
3.63906,-0.424603,-0.464567,-0.169835,0.251837
3.63931,-0.602354,-0.19685,-0.391049,0.251837
3.63956,-0.636877,0.0944882,-0.498244,0.251837
3.63981,-0.478276,0.401575,-0.425058,0.251837
3.64006,-0.167371,0.661417,-0.216352,0.251837
3.64031,0.180357,0.811024,0.0395171,0.251837
3.64056,0.436409,0.826772,0.229792,0.251837
3.64081,0.528075,0.692913,0.282105,0.251837
3.64106,0.470214,0.448819,0.223189,0.251837
3.64131,0.344854,0.141732,0.128025,0.251837
3.64156,0.241892,-0.173228,0.0987499,0.251837
3.64181,0.199407,-0.440945,0.148407,0.251837
3.64206,0.183777,-0.637795,0.23529,0.251837
3.64231,0.120567,-0.748031,0.257515,0.251837
3.64256,-0.0450111,-0.755906,0.169096,0.251837
3.64281,-0.297861,-0.669291,-0.0462665,0.251837
3.64306,-0.549494,-0.480315,-0.304921,0.251837
3.64331,-0.682751,-0.204724,-0.474669,0.251837
3.64356,-0.621092,0.110236,-0.473648,0.251837
3.64382,-0.375946,0.425197,-0.326928,0.251837
3.64407,-0.0440632,0.685039,-0.0870624,0.251837
3.64432,0.246102,0.818898,0.106064,0.251837
3.64457,0.402906,0.811024,0.189821,0.251837
3.64482,0.417597,0.669291,0.171813,0.251837
3.64507,0.353894,0.425197,0.106395,0.251837
3.64532,0.297817,0.133858,0.0859708,0.251837
3.64557,0.294214,-0.15748,0.15549,0.251837
3.64582,0.317307,-0.417323,0.268612,0.251837
3.64607,0.290709,-0.622047,0.338102,0.251837
3.64632,0.147474,-0.748031,0.2862,0.251837
3.64657,-0.116227,-0.779528,0.0891518,0.251837
3.64682,-0.421927,-0.692913,-0.1793,0.251837
3.64707,-0.646995,-0.496063,-0.40021,0.251837
3.64732,-0.691172,-0.204724,-0.48192,0.251837
3.64757,-0.535013,0.125984,-0.38861,0.251837
3.64782,-0.250344,0.448819,-0.198256,0.251837
3.64807,0.0407457,0.692913,-0.00288085,0.251837
3.64832,0.236149,0.811024,0.0952346,0.251837
3.64857,0.305593,0.795276,0.0906598,0.251837
3.64882,0.29548,0.645669,0.0426241,0.251837
3.64907,0.286291,0.417323,0.0349398,0.251837
3.64932,0.328285,0.141732,0.114481,0.251837
3.64957,0.403164,-0.133858,0.266464,0.251837
3.64982,0.43422,-0.401575,0.38881,0.251837
3.65007,0.340245,-0.622047,0.39218,0.251837
3.65032,0.096756,-0.76378,0.236955,0.251837
3.65057,-0.23485,-0.80315,-0.0253813,0.251837
3.65082,-0.533086,-0.708661,-0.289803,0.251837
3.65107,-0.679377,-0.488189,-0.428216,0.251837
3.65132,-0.624363,-0.181102,-0.414953,0.251837
3.65157,-0.411812,0.15748,-0.26554,0.251837
3.65182,-0.149702,0.464567,-0.0993115,0.251837
3.65207,0.0548023,0.692913,0.00858563,0.251837
3.65232,0.155009,0.795276,0.0178735,0.251837
3.65257,0.182051,0.771654,-0.0331276,0.251837
3.65282,0.209604,0.637795,-0.0366848,0.251837
3.65307,0.29369,0.425197,0.0490599,0.251837
3.65332,0.424373,0.15748,0.216967,0.251837
3.65357,0.525898,-0.11811,0.38205,0.251837
3.65382,0.504521,-0.393701,0.452763,0.251837
3.65407,0.312492,-0.637795,0.366782,0.251837
3.65432,-0.0119696,-0.787402,0.130515,0.251837
3.65457,-0.355219,-0.818898,-0.147833,0.251837
3.65482,-0.588183,-0.708661,-0.341734,0.251837
3.65507,-0.634293,-0.472441,-0.38883,0.251837
3.65532,-0.508128,-0.15748,-0.294639,0.251837
3.65557,-0.299003,0.173228,-0.158007,0.251837
3.65582,-0.112744,0.472441,-0.0596208,0.251837
3.65607,-0.00712656,0.677165,-0.0619875,0.251837
3.65632,0.0344306,0.771654,-0.111363,0.251837
3.65657,0.0810174,0.755906,-0.136533,0.251837
3.65682,0.193626,0.637795,-0.0522493,0.251837
3.65707,0.373423,0.440945,0.122358,0.251837
3.65732,0.548676,0.181102,0.342723,0.251837
3.65757,0.614878,-0.110236,0.474037,0.251837
3.65782,0.500637,-0.401575,0.448845,0.251837
3.65807,0.217773,-0.653543,0.269262,0.251837
3.65832,-0.137184,-0.811024,0.0051649,0.251837
3.65857,-0.430994,-0.826772,-0.219785,0.251837
3.65882,-0.56643,-0.700787,-0.314167,0.251837
3.65907,-0.529352,-0.448819,-0.279716,0.251837
3.65932,-0.387568,-0.133858,-0.173975,0.251837
3.65957,-0.240367,0.181102,-0.0981504,0.251837
3.65982,-0.153454,0.456693,-0.108328,0.251837
3.66007,-0.120479,0.653543,-0.172905,0.251837
3.66032,-0.0781941,0.755906,-0.226009,0.251837
3.66057,0.0421577,0.755906,-0.170203,0.251837
3.66082,0.254205,0.653543,0.00477161,0.251837
3.66107,0.494648,0.464567,0.248198,0.251837
3.66132,0.652776,0.19685,0.439412,0.251837
3.66157,0.635116,-0.110236,0.494182,0.251837
3.66182,0.423517,-0.425197,0.372476,0.251837
3.66207,0.0924233,-0.677165,0.137883,0.251837
3.66232,-0.230721,-0.818898,-0.0861162,0.251837
3.66257,-0.43343,-0.818898,-0.218774,0.251837
3.66282,-0.47644,-0.677165,-0.229445,0.251837
3.66307,-0.405341,-0.425197,-0.149778,0.251837
3.66332,-0.309464,-0.125984,-0.101251,0.251837
3.66357,-0.258336,0.173228,-0.118868,0.251837
3.66382,-0.255458,0.440945,-0.208822,0.251837
3.66407,-0.240722,0.637795,-0.289638,0.251837
3.66432,-0.138397,0.748031,-0.282654,0.251837
3.66457,0.0809859,0.76378,-0.131102,0.251837
3.66482,0.367862,0.677165,0.116081,0.251837
3.66507,0.610259,0.480315,0.360228,0.251837
3.66532,0.696464,0.19685,0.483712,0.251837
3.66557,0.57852,-0.125984,0.439206,0.251837
3.66582,0.302744,-0.448819,0.255081,0.251837
3.66607,-0.0155563,-0.692913,0.0324049,0.251837
3.66632,-0.256742,-0.818898,-0.118787,0.251837
3.66657,-0.361659,-0.80315,-0.144861,0.251837
3.66682,-0.353469,-0.653543,-0.106018,0.251837
3.66707,-0.310636,-0.409449,-0.0556805,0.251837
3.66732,-0.304103,-0.125984,-0.0930938,0.251837
3.66757,-0.345522,0.15748,-0.204725,0.251837
3.66782,-0.378871,0.417323,-0.334349,0.251837
3.66807,-0.320686,0.629921,-0.373445,0.251837
3.66832,-0.122708,0.755906,-0.261652,0.251837
3.66858,0.182836,0.787402,-0.0274654,0.251837
3.66883,0.490722,0.692913,0.23922,0.251837
3.66908,0.675818,0.488189,0.427396,0.251837
3.66933,0.662526,0.181102,0.453263,0.251837
3.66958,0.466723,-0.15748,0.329878,0.251837
3.66983,0.18486,-0.472441,0.13717,0.251837
3.67008,-0.0642862,-0.700787,-0.0129061,0.251837
3.67033,-0.205687,-0.80315,-0.0572892,0.251837
3.67058,-0.244128,-0.779528,-0.0281157,0.251837
3.67083,-0.245582,-0.637795,0.00231783,0.251837
3.67108,-0.282156,-0.409449,-0.0339913,0.251837
3.67133,-0.373328,-0.141732,-0.168095,0.251837
3.67158,-0.468086,0.133858,-0.328624,0.251837
3.67183,-0.475568,0.409449,-0.429166,0.251837
3.67208,-0.328848,0.629921,-0.385606,0.251837
3.67233,-0.0365045,0.779528,-0.183084,0.251837
3.67258,0.308588,0.811024,0.0978632,0.251837
3.67283,0.575721,0.700787,0.328689,0.251837
3.67308,0.665861,0.472441,0.419831,0.251837
3.67333,0.56409,0.15748,0.359391,0.251837
3.67358,0.343114,-0.181102,0.202371,0.251837
3.67383,0.115335,-0.480315,0.0687911,0.251837
3.67408,-0.0356729,-0.692913,0.0136316,0.251837
3.67433,-0.0980098,-0.779528,0.043684,0.251837
3.67458,-0.126912,-0.755906,0.0886418,0.251837
3.67483,-0.195136,-0.629921,0.0560615,0.251837
3.67508,-0.330965,-0.425197,-0.0861766,0.251837
3.67533,-0.490445,-0.165354,-0.285585,0.251837
3.67558,-0.578096,0.11811,-0.444642,0.251837
3.67583,-0.507418,0.409449,-0.466105,0.251837
3.67608,-0.261342,0.653543,-0.315769,0.251837
3.67633,0.087007,0.80315,-0.0600862,0.251837
3.67658,0.409836,0.818898,0.199249,0.251837
3.67683,0.58994,0.700787,0.335888,0.251837
3.67708,0.584277,0.456693,0.330681,0.251837
3.67733,0.439338,0.133858,0.233242,0.251837
3.67758,0.255443,-0.188976,0.117706,0.251837
3.67783,0.120404,-0.472441,0.0712911,0.251837
3.67808,0.0588354,-0.669291,0.116854,0.251837
3.67833,0.0243781,-0.76378,0.1703,0.251837
3.67858,-0.0559602,-0.748031,0.160564,0.251837
3.67883,-0.221681,-0.637795,0.0289458,0.251837
3.67908,-0.438377,-0.440945,-0.18741,0.251837
3.67933,-0.60982,-0.181102,-0.398731,0.251837
3.67958,-0.632461,0.11811,-0.494383,0.251837
3.67983,-0.461672,0.425197,-0.417048,0.251837
3.68008,-0.144507,0.677165,-0.199047,0.251837
3.68033,0.200686,0.818898,0.0526626,0.251837
3.68058,0.447692,0.818898,0.2339,0.251837
3.68083,0.52815,0.677165,0.277507,0.251837
3.68108,0.462953,0.425197,0.210676,0.251837
3.68133,0.33676,0.11811,0.130024,0.251837
3.68158,0.237272,-0.188976,0.101457,0.251837
3.68183,0.198186,-0.456693,0.152231,0.251837
3.68208,0.182066,-0.645669,0.233316,0.251837
3.68233,0.113217,-0.748031,0.262732,0.251837
3.68258,-0.0591864,-0.755906,0.1577,0.251837
3.68283,-0.315428,-0.661417,-0.0655228,0.251837
3.68308,-0.56284,-0.464567,-0.320163,0.251837
3.68333,-0.68502,-0.188976,-0.47636,0.251837
3.68358,-0.61002,0.133858,-0.474444,0.251837
3.68383,-0.355914,0.448819,-0.307981,0.251837
3.68408,-0.0226868,0.692913,-0.0743135,0.251837
3.68433,0.260675,0.826772,0.119411,0.251837
3.68458,0.407865,0.811024,0.199033,0.251837
3.68483,0.414796,0.653543,0.165095,0.251837
3.68508,0.34929,0.409449,0.101904,0.251837
3.68533,0.295889,0.110236,0.0918287,0.251837
3.68558,0.295597,-0.173228,0.157138,0.251837
3.68583,0.317894,-0.433071,0.277629,0.251837
3.68608,0.285686,-0.637795,0.337338,0.251837
3.68633,0.133549,-0.755906,0.275501,0.251837
3.68658,-0.13597,-0.771654,0.0825401,0.251837
3.68683,-0.440271,-0.677165,-0.191812,0.251837
3.68708,-0.656027,-0.472441,-0.413778,0.251837
3.68733,-0.686774,-0.181102,-0.476477,0.251837
3.68758,-0.51931,0.149606,-0.386238,0.251837
3.68783,-0.230536,0.472441,-0.189026,0.251837
3.68808,0.0571058,0.708661,0.00169438,0.251837
3.68833,0.244386,0.811024,0.103146,0.251837
3.68858,0.306242,0.787402,0.0893036,0.251837
3.68883,0.293965,0.637795,0.0440327,0.251837
3.68908,0.287229,0.401575,0.0431416,0.251837
3.68933,0.332697,0.125984,0.122761,0.251837
3.68958,0.407523,-0.15748,0.275808,0.251837
3.68983,0.432648,-0.417323,0.390594,0.251837
3.69008,0.328748,-0.637795,0.386432,0.251837
3.69033,0.0770682,-0.771654,0.22528,0.251837
3.69058,-0.256615,-0.795276,-0.0454159,0.251837
3.69083,-0.548007,-0.692913,-0.296925,0.251837
3.69108,-0.681928,-0.472441,-0.43712,0.251837
3.69133,-0.614338,-0.15748,-0.404007,0.251837
3.69158,-0.395063,0.173228,-0.263011,0.251837
3.69183,-0.133794,0.488189,-0.0922573,0.251837
3.69208,0.0643359,0.700787,0.00321151,0.251837
3.69233,0.158231,0.795276,0.0151041,0.251837
3.69258,0.182713,0.76378,-0.0302343,0.251837
3.69283,0.21311,0.622047,-0.0407157,0.251837
3.69308,0.301196,0.409449,0.0491638,0.251837
3.69334,0.432825,0.141732,0.230133,0.251837
3.69359,0.529211,-0.133858,0.394734,0.251837
3.69384,0.497493,-0.417323,0.457764,0.251837
3.69409,0.294549,-0.645669,0.355341,0.251837
3.69434,-0.0348517,-0.795276,0.112765,0.251837
3.69459,-0.37488,-0.818898,-0.160464,0.251837
3.69484,-0.597222,-0.700787,-0.347737,0.251837
3.69509,-0.630605,-0.456693,-0.379524,0.251837
3.69534,-0.495952,-0.133858,-0.290549,0.251837
3.69559,-0.285396,0.19685,-0.152344,0.251837
3.69584,-0.103203,0.488189,-0.0615108,0.251837
3.69609,-0.00334389,0.685039,-0.0578614,0.251837
3.69634,0.0363933,0.771654,-0.111889,0.251837
3.69659,0.0859973,0.748031,-0.126537,0.251837
3.69684,0.203688,0.629921,-0.0487571,0.251837
3.69709,0.38595,0.425197,0.136601,0.251837
3.69734,0.557313,0.165354,0.35519,0.251837
3.69759,0.613346,-0.125984,0.480886,0.251837
3.69784,0.486933,-0.425197,0.448405,0.251837
3.69809,0.19558,-0.669291,0.247048,0.251837
3.69834,-0.159449,-0.818898,-0.0104069,0.251837
3.69859,-0.445237,-0.818898,-0.227251,0.251837
3.69884,-0.56885,-0.685039,-0.319486,0.251837
3.69909,-0.522309,-0.433071,-0.274054,0.251837
3.69934,-0.37724,-0.110236,-0.168694,0.251837
3.69959,-0.232671,0.204724,-0.101025,0.251837
3.69984,-0.150071,0.472441,-0.10442,0.251837
3.70009,-0.118944,0.661417,-0.178973,0.251837
3.70034,-0.0731867,0.755906,-0.221194,0.251837
3.70059,0.0534466,0.748031,-0.16502,0.251837
3.70084,0.269817,0.645669,0.017259,0.251837
3.70109,0.50859,0.448819,0.259589,0.251837
3.70134,0.657738,0.173228,0.450571,0.251837
3.70159,0.626922,-0.133858,0.495775,0.251837
3.70184,0.404468,-0.448819,0.362291,0.251837
3.70209,0.0698133,-0.692913,0.128013,0.251837
3.70234,-0.248405,-0.826772,-0.103216,0.251837
3.70259,-0.440767,-0.818898,-0.225818,0.251837
3.70284,-0.47453,-0.661417,-0.227281,0.251837
3.70309,-0.398907,-0.409449,-0.153087,0.251837
3.70334,-0.304378,-0.102362,-0.0966094,0.251837
3.70359,-0.257006,0.19685,-0.12229,0.251837
3.70384,-0.255813,0.456693,-0.217657,0.251837
3.70409,-0.237316,0.645669,-0.292439,0.251837
3.70434,-0.127799,0.755906,-0.280119,0.251837
3.70459,0.0985122,0.76378,-0.113543,0.251837
3.70484,0.386095,0.669291,0.139277,0.251837
3.70509,0.621656,0.464567,0.377305,0.251837
3.70534,0.694991,0.173228,0.485465,0.251837
3.70559,0.564466,-0.149606,0.429709,0.251837
3.70584,0.282018,-0.472441,0.238635,0.251837
3.70609,-0.0343562,-0.708661,0.0270009,0.251837
3.70634,-0.267879,-0.826772,-0.118584,0.251837
3.70659,-0.363782,-0.795276,-0.148692,0.251837
3.70684,-0.350906,-0.637795,-0.101529,0.251837
3.70709,-0.308648,-0.393701,-0.0621389,0.251837
3.70734,-0.305604,-0.102362,-0.0951843,0.251837
3.70759,-0.348904,0.173228,-0.218884,0.251837
3.70784,-0.37879,0.433071,-0.336637,0.251837
3.70809,-0.312134,0.637795,-0.375926,0.251837
3.70834,-0.105562,0.76378,-0.256187,0.251837
3.70859,0.204099,0.787402,-0.0120752,0.251837
3.70884,0.507787,0.685039,0.254215,0.251837
3.70909,0.681313,0.464567,0.432865,0.251837
3.70934,0.654701,0.15748,0.449677,0.251837
3.70959,0.449915,-0.181102,0.318907,0.251837
3.70984,0.166574,-0.488189,0.12794,0.251837
3.71009,-0.0769252,-0.708661,-0.0185427,0.251837
3.71034,-0.21092,-0.80315,-0.0572188,0.251837
3.71059,-0.244577,-0.771654,-0.0226728,0.251837
3.71084,-0.246391,-0.622047,0.00348248,0.251837
3.71109,-0.286616,-0.393701,-0.0352383,0.251837
3.71134,-0.380374,-0.125984,-0.178907,0.251837
3.71159,-0.472108,0.15748,-0.341046,0.251837
3.71184,-0.471219,0.425197,-0.434253,0.251837
3.71209,-0.313676,0.645669,-0.368484,0.251837
3.71234,-0.0143995,0.787402,-0.162346,0.251837
3.71259,0.329602,0.80315,0.117874,0.251837
3.71284,0.5876,0.692913,0.338771,0.251837
3.71309,0.66468,0.456693,0.422562,0.251837
3.71334,0.552302,0.133858,0.350317,0.251837
3.71359,0.327525,-0.19685,0.189978,0.251837
3.71384,0.1026,-0.496063,0.0613037,0.251837
3.71409,-0.0421692,-0.700787,0.0216324,0.251837
3.71434,-0.0999531,-0.787402,0.0484441,0.251837
3.71459,-0.129599,-0.755906,0.0868318,0.251837
3.71484,-0.201872,-0.622047,0.0447946,0.251837
3.71509,-0.341548,-0.409449,-0.0927238,0.251837
3.71534,-0.499379,-0.141732,-0.297079,0.251837
3.71559,-0.578884,0.141732,-0.452509,0.251837
3.71584,-0.496424,0.425197,-0.456503,0.251837
3.71609,-0.240881,0.661417,-0.302929,0.251837
3.71634,0.110358,0.811024,-0.0393826,0.251837
3.71659,0.426574,0.818898,0.214816,0.251837
3.71684,0.595197,0.685039,0.342861,0.251837
3.71709,0.578194,0.433071,0.328441,0.251837
3.71734,0.427505,0.110236,0.223174,0.251837
3.71759,0.244468,-0.212598,0.115722,0.251837
3.71784,0.114485,-0.488189,0.0800667,0.251837
3.7181,0.0564368,-0.677165,0.115949,0.251837
3.71835,0.0214095,-0.76378,0.173949,0.251837
3.7186,-0.0641339,-0.748031,0.156627,0.251837
3.71885,-0.235072,-0.629921,0.019948,0.251837
3.7191,-0.452029,-0.433071,-0.203827,0.251837
3.71935,-0.61664,-0.165354,-0.411797,0.251837
3.7196,-0.627329,0.141732,-0.493234,0.251837
3.71985,-0.444547,0.440945,-0.403384,0.251837
3.7201,-0.121563,0.685039,-0.181483,0.251837
3.72035,0.220961,0.826772,0.0688832,0.251837
3.7206,0.458249,0.818898,0.238735,0.251837
3.72085,0.527746,0.669291,0.274482,0.251837
3.7211,0.455626,0.409449,0.211321,0.251837
3.72135,0.328718,0.0944882,0.126913,0.251837
3.7216,0.232967,-0.204724,0.0970192,0.251837
3.72185,0.197265,-0.472441,0.160409,0.251837
3.7221,0.179892,-0.661417,0.237624,0.251837
3.72235,0.105309,-0.755906,0.253177,0.251837
3.7226,-0.0740212,-0.755906,0.146936,0.251837
3.72285,-0.333144,-0.653543,-0.0841215,0.251837
3.7231,-0.575585,-0.448819,-0.332814,0.251837
3.72335,-0.686432,-0.165354,-0.484816,0.251837
3.7236,-0.598377,0.149606,-0.470369,0.251837
3.72385,-0.33516,0.464567,-0.300809,0.251837
3.7241,-0.00137169,0.708661,-0.0645886,0.251837
3.72435,0.274893,0.826772,0.120243,0.251837
3.7246,0.412213,0.80315,0.198303,0.254851
3.72485,0.411733,0.645669,0.154246,0.254851
3.7251,0.344609,0.393701,0.0965391,0.254851
3.72535,0.294244,0.0944882,0.0900846,0.254851
3.7256,0.296969,-0.19685,0.169181,0.254851
3.72585,0.318245,-0.448819,0.277225,0.254851
3.7261,0.279775,-0.645669,0.34148,0.254851
3.72635,0.11907,-0.76378,0.273245,0.254851
3.7266,-0.155829,-0.771654,0.0587945,0.254851
3.72685,-0.458232,-0.669291,-0.205101,0.254851
3.7271,-0.664198,-0.456693,-0.413424,0.254851
3.72735,-0.681536,-0.15748,-0.478557,0.254851
3.7276,-0.502902,0.173228,-0.376201,0.254851
3.72785,-0.210371,0.488189,-0.169042,0.254851
3.7281,0.073024,0.716535,0.0145656,0.254851
3.72835,0.251834,0.818898,0.102235,0.254851
3.7286,0.306967,0.779528,0.0863214,0.254851
3.72885,0.292508,0.622047,0.0398595,0.254851
3.7291,0.288443,0.385827,0.0425952,0.254851
3.72935,0.337244,0.102362,0.132906,0.254851
3.7296,0.411555,-0.173228,0.28037,0.254851
3.72985,0.430359,-0.433071,0.393256,0.254851
3.7301,0.316821,-0.645669,0.382091,0.254851
3.73035,0.0566341,-0.779528,0.203193,0.254851
3.7306,-0.277991,-0.795276,-0.0636045,0.254851
3.73085,-0.562396,-0.685039,-0.313225,0.254851
3.7311,-0.683614,-0.456693,-0.43462,0.254851
3.73135,-0.603779,-0.133858,-0.400993,0.254851
3.7316,-0.377947,0.19685,-0.250008,0.254851
3.73185,-0.118365,0.503937,-0.0856377,0.254851
3.7321,0.0736439,0.716535,0.0162287,0.254851
3.73235,0.161078,0.795276,0.00916725,0.254851
3.7326,0.183803,0.755906,-0.0369739,0.254851
3.73285,0.21681,0.614173,-0.0393611,0.254851
3.7331,0.308967,0.393701,0.0594646,0.254851
3.73335,0.441129,0.125984,0.238433,0.254851
3.7336,0.53192,-0.15748,0.399938,0.254851
3.73385,0.489472,-0.433071,0.452492,0.254851
3.7341,0.276174,-0.661417,0.334812,0.254851
3.73435,-0.058023,-0.80315,0.0980978,0.254851
3.7346,-0.39403,-0.811024,-0.179405,0.254851
3.73485,-0.60527,-0.685039,-0.353553,0.254851
3.7351,-0.62631,-0.433071,-0.383479,0.254851
3.73535,-0.483294,-0.110236,-0.275524,0.254851
3.7356,-0.271802,0.220472,-0.145695,0.254851
3.73585,-0.0942241,0.503937,-0.0606984,0.254851
3.7361,0.000553445,0.692913,-0.0625358,0.254851
3.73635,0.0385942,0.779528,-0.116523,0.254851
3.7366,0.0909734,0.748031,-0.1249,0.254851
3.73685,0.214039,0.614173,-0.0330544,0.254851
3.7371,0.39838,0.409449,0.148822,0.254851
3.73735,0.565424,0.141732,0.364801,0.254851
3.7376,0.611057,-0.149606,0.481982,0.254851
3.73785,0.472235,-0.440945,0.434179,0.254851
3.7381,0.173109,-0.685039,0.234772,0.254851
3.73835,-0.181171,-0.818898,-0.0261525,0.254851
3.7386,-0.458772,-0.818898,-0.240279,0.254851
3.73885,-0.57048,-0.669291,-0.317866,0.254851
3.7391,-0.514716,-0.409449,-0.269736,0.254851
3.73935,-0.366961,-0.0866142,-0.168195,0.254851
3.7396,-0.225136,0.220472,-0.0974238,0.254851
3.73985,-0.146919,0.488189,-0.112355,0.254851
3.7401,-0.11739,0.677165,-0.186494,0.254851
3.74035,-0.0679539,0.76378,-0.218203,0.254851
3.7406,0.064926,0.748031,-0.155922,0.254851
3.74085,0.285683,0.637795,0.0302364,0.254851
3.7411,0.522089,0.433071,0.275992,0.254851
3.74135,0.661768,0.15748,0.462332,0.254851
3.7416,0.617844,-0.15748,0.491422,0.254851
3.74185,0.385129,-0.464567,0.347231,0.254851
3.7421,0.047278,-0.708661,0.116247,0.254851
3.74235,-0.265299,-0.834646,-0.111907,0.254851
3.7426,-0.447683,-0.811024,-0.229497,0.254851
3.74286,-0.471961,-0.645669,-0.22217,0.254851
3.74311,-0.392463,-0.385827,-0.144679,0.254851
3.74336,-0.299506,-0.0787402,-0.100487,0.254851
3.74361,-0.256014,0.212598,-0.128601,0.254851
3.74386,-0.255911,0.472441,-0.219105,0.254851
3.74411,-0.233904,0.661417,-0.300427,0.254851
3.74436,-0.116446,0.755906,-0.270647,0.254851
3.74461,0.116312,0.76378,-0.101485,0.254851
3.74486,0.404257,0.653543,0.151395,0.254851
3.74511,0.632201,0.448819,0.385993,0.254851
3.74536,0.692658,0.149606,0.494065,0.254851
3.74561,0.549752,-0.173228,0.425746,0.254851
3.74586,0.261345,-0.488189,0.231141,0.254851
3.74611,-0.053025,-0.724409,0.0157353,0.254851
3.74636,-0.278437,-0.826772,-0.125341,0.254851
3.74661,-0.365476,-0.787402,-0.1448,0.254851
3.74686,-0.34822,-0.622047,-0.0912356,0.254851
3.74711,-0.306784,-0.377953,-0.0579998,0.254851
3.74736,-0.307315,-0.0866142,-0.100878,0.254851
3.74761,-0.352189,0.19685,-0.225469,0.254851
3.74786,-0.378273,0.448819,-0.343923,0.254851
3.74811,-0.30297,0.653543,-0.368477,0.254851
3.74836,-0.0877208,0.771654,-0.238833,0.254851
3.74861,0.22534,0.779528,0.0107233,0.254851
3.74886,0.523977,0.677165,0.271843,0.254851
3.74911,0.685961,0.448819,0.438444,0.254851
3.74936,0.646142,0.133858,0.442599,0.254851
3.74961,0.432649,-0.19685,0.301377,0.254851
3.74986,0.148466,-0.511811,0.109545,0.254851
3.75011,-0.0893012,-0.724409,-0.0220208,0.254851
3.75036,-0.215567,-0.811024,-0.0622846,0.254851
3.75061,-0.244684,-0.76378,-0.0194169,0.254851
3.75086,-0.247374,-0.606299,0.00221782,0.254851
3.75111,-0.291263,-0.377953,-0.0401956,0.254851
3.75136,-0.387236,-0.102362,-0.184714,0.254851
3.75161,-0.475917,0.173228,-0.347392,0.254851
3.75186,-0.466085,0.440945,-0.434973,0.254851
3.75211,-0.297885,0.661417,-0.363264,0.254851
3.75236,0.00766299,0.787402,-0.14511,0.254851
3.75261,0.35027,0.80315,0.131016,0.254851
3.75286,0.598612,0.677165,0.351901,0.254851
3.75311,0.662646,0.433071,0.415279,0.254851
3.75336,0.540028,0.110236,0.342321,0.254851
3.75361,0.311821,-0.220472,0.18524,0.254851
3.75386,0.090273,-0.511811,0.057908,0.254851
3.75411,-0.0479243,-0.708661,0.017114,0.254851
3.75436,-0.101821,-0.787402,0.0534765,0.254851
3.75461,-0.132272,-0.748031,0.0938972,0.254851
3.75486,-0.209059,-0.606299,0.0458766,0.254851
3.75511,-0.35209,-0.393701,-0.106905,0.254851
3.75536,-0.508142,-0.125984,-0.308971,0.254851
3.75561,-0.579089,0.15748,-0.45215,0.254851
3.75586,-0.484874,0.448819,-0.451748,0.254851
3.75611,-0.219767,0.677165,-0.290048,0.254851
3.75636,0.133123,0.811024,-0.0178191,0.254851
3.75661,0.442974,0.811024,0.222007,0.254851
3.75686,0.599585,0.669291,0.346442,0.254851
3.75711,0.571596,0.417323,0.322058,0.254851
3.75736,0.415538,0.0866142,0.210225,0.254851
3.75761,0.23395,-0.228346,0.104957,0.254851
3.75786,0.108782,-0.503937,0.0720623,0.254851
3.75811,0.0545663,-0.692913,0.123687,0.254851
3.75836,0.017977,-0.771654,0.178526,0.254851
3.75861,-0.0726858,-0.740157,0.143893,0.254851
3.75886,-0.248433,-0.622047,0.00463425,0.254851
3.75911,-0.465652,-0.409449,-0.226341,0.254851
3.75936,-0.622983,-0.141732,-0.419934,0.254851
3.75961,-0.621234,0.15748,-0.492802,0.254851
3.75986,-0.42701,0.464567,-0.390898,0.254851
3.76011,-0.0984948,0.700787,-0.162428,0.254851
3.76036,0.240635,0.826772,0.0857046,0.254851
3.76061,0.467844,0.811024,0.24802,0.254851
3.76086,0.526726,0.653543,0.276814,0.254851
3.76111,0.448013,0.385827,0.198778,0.254851
3.76136,0.320907,0.0708661,0.118734,0.254851
3.76161,0.22903,-0.228346,0.105443,0.254851
3.76186,0.196412,-0.488189,0.162199,0.254851
3.76211,0.177469,-0.669291,0.250833,0.254851
3.76236,0.0971802,-0.755906,0.24946,0.254851
3.76261,-0.0891445,-0.748031,0.133808,0.254851
3.76286,-0.350477,-0.637795,-0.0985548,0.254851
3.76311,-0.587994,-0.433071,-0.342705,0.254851
3.76336,-0.687022,-0.141732,-0.488726,0.254851
3.76361,-0.585852,0.173228,-0.456837,0.254851
3.76386,-0.31429,0.488189,-0.283141,0.254851
3.76411,0.0192879,0.724409,-0.0514097,0.254851
3.76436,0.288515,0.834646,0.135435,0.254851
3.76461,0.415755,0.795276,0.197847,0.254851
3.76486,0.408532,0.629921,0.154488,0.254851
3.76511,0.340154,0.370079,0.0946117,0.254851
3.76536,0.292813,0.0708661,0.0928444,0.254851
3.76561,0.298583,-0.212598,0.172802,0.254851
3.76586,0.318538,-0.464567,0.290518,0.254851
3.76611,0.27333,-0.661417,0.345294,0.254851
3.76636,0.104356,-0.76378,0.259722,0.254851
3.76661,-0.175862,-0.771654,0.0429622,0.254851
3.76686,-0.475961,-0.661417,-0.228361,0.254851
3.76711,-0.671612,-0.440945,-0.430111,0.254851
3.76736,-0.675446,-0.133858,-0.476414,0.254851
3.76762,-0.486308,0.19685,-0.357941,0.254851
3.76787,-0.190432,0.511811,-0.156606,0.254851
3.76812,0.0882934,0.732283,0.023124,0.254851
3.76837,0.258981,0.818898,0.102587,0.254851
3.76862,0.307392,0.771654,0.0803517,0.254851
3.76887,0.291251,0.606299,0.0390822,0.254851
3.76912,0.289936,0.370079,0.0477322,0.254851
3.76937,0.342084,0.0866142,0.145631,0.254851
3.76962,0.415349,-0.19685,0.29571,0.254851
3.76987,0.427693,-0.456693,0.398564,0.254851
3.77012,0.304017,-0.661417,0.369397,0.254851
3.77037,0.0360076,-0.779528,0.198515,0.254851
3.77062,-0.299554,-0.787402,-0.0772631,0.254851
3.77087,-0.576076,-0.669291,-0.326462,0.254851
3.77112,-0.684374,-0.433071,-0.438243,0.254851
3.77137,-0.592588,-0.110236,-0.396983,0.254851
3.77162,-0.361013,0.220472,-0.234589,0.254851
3.77187,-0.102958,0.519685,-0.0725385,0.254851
3.77212,0.0824928,0.724409,0.0127376,0.254851
3.77237,0.163883,0.795276,0.00219042,0.254851
3.77262,0.184943,0.748031,-0.0412526,0.254851
3.77287,0.220714,0.598425,-0.035937,0.254851
3.77312,0.31702,0.377953,0.0680029,0.254851
3.77337,0.449304,0.102362,0.247705,0.254851
3.77362,0.533929,-0.173228,0.410079,0.254851
3.77387,0.480706,-0.448819,0.451728,0.254851
3.77412,0.257142,-0.677165,0.324948,0.254851
3.77437,-0.0813979,-0.80315,0.0776882,0.254851
3.77462,-0.412432,-0.80315,-0.190757,0.254851
3.77487,-0.612638,-0.669291,-0.357671,0.254851
3.77512,-0.621253,-0.417323,-0.374172,0.254851
3.77537,-0.470506,-0.0866142,-0.267685,0.254851
3.77562,-0.258247,0.244094,-0.131268,0.254851
3.77587,-0.0854192,0.519685,-0.0519242,0.254851
3.77612,0.0042003,0.708661,-0.06628,0.254851
3.77637,0.0406201,0.779528,-0.115242,0.254851
3.77662,0.0965821,0.740157,-0.121495,0.254851
3.77687,0.224592,0.606299,-0.0252585,0.254851
3.77712,0.410804,0.393701,0.172527,0.254851
3.77737,0.57301,0.125984,0.380472,0.254851
3.77762,0.607843,-0.173228,0.487086,0.254851
3.77787,0.456913,-0.464567,0.432014,0.254851
3.77812,0.150448,-0.700787,0.224508,0.254851
3.77837,-0.202799,-0.826772,-0.0412793,0.254851
3.77862,-0.47138,-0.811024,-0.249159,0.254851
3.77887,-0.571529,-0.653543,-0.316676,0.254851
3.77912,-0.506918,-0.393701,-0.261621,0.254851
3.77937,-0.356537,-0.0708661,-0.155895,0.254851
3.77962,-0.217885,0.244094,-0.0925267,0.254851
3.77987,-0.144185,0.503937,-0.117093,0.254851
3.78012,-0.115514,0.685039,-0.186672,0.254851
3.78037,-0.0624553,0.76378,-0.218798,0.254851
3.78062,0.077034,0.740157,-0.148852,0.254851
3.78087,0.301625,0.622047,0.0503308,0.254851
3.78112,0.535233,0.417323,0.292917,0.254851
3.78137,0.665001,0.133858,0.468943,0.254851
3.78162,0.608117,-0.181102,0.48152,0.254851
3.78187,0.364962,-0.488189,0.33326,0.254851
3.78212,0.0250934,-0.716535,0.100414,0.254851
3.78237,-0.281863,-0.834646,-0.1237,0.254851
3.78262,-0.45391,-0.80315,-0.228344,0.254851
3.78287,-0.468988,-0.629921,-0.212046,0.254851
3.78312,-0.3858,-0.370079,-0.138593,0.254851
3.78337,-0.294865,-0.0629921,-0.0948059,0.254851
3.78362,-0.255094,0.228346,-0.137763,0.254851
3.78387,-0.256118,0.488189,-0.227436,0.254851
3.78412,-0.229679,0.669291,-0.303139,0.254851
3.78437,-0.104593,0.76378,-0.267051,0.254851
3.78462,0.134292,0.755906,-0.0907254,0.254851
3.78487,0.422161,0.645669,0.164744,0.254851
3.78512,0.64197,0.425197,0.398876,0.254851
3.78537,0.689409,0.125984,0.487746,0.254851
3.78562,0.534383,-0.19685,0.407713,0.254851
3.78587,0.240177,-0.511811,0.212109,0.254851
3.78612,-0.0713021,-0.732283,-0.00280106,0.254851
3.78637,-0.288151,-0.826772,-0.128006,0.254851
3.78662,-0.366878,-0.779528,-0.147004,0.254851
3.78687,-0.345116,-0.614173,-0.0935615,0.254851
3.78712,-0.305097,-0.362205,-0.0570324,0.254851
3.78737,-0.309275,-0.0708661,-0.114086,0.254851
3.78762,-0.355273,0.212598,-0.229795,0.254851
3.78787,-0.377137,0.464567,-0.351148,0.254851
3.78812,-0.293476,0.661417,-0.365282,0.254851
3.78837,-0.0693418,0.771654,-0.233195,0.254851
3.78862,0.246319,0.779528,0.0260741,0.254851
3.78887,0.539718,0.661417,0.291356,0.254851
3.78912,0.689695,0.425197,0.448643,0.254851
3.78937,0.63666,0.110236,0.44208,0.254851
3.78962,0.414885,-0.220472,0.289875,0.254851
3.78987,0.130768,-0.527559,0.106825,0.254851
3.79012,-0.101186,-0.732283,-0.0314572,0.254851
3.79037,-0.21969,-0.811024,-0.0594069,0.254851
3.79062,-0.244695,-0.755906,-0.017204,0.254851
3.79087,-0.248436,-0.598425,0.00193961,0.254851
3.79112,-0.296206,-0.362205,-0.051245,0.254851
3.79137,-0.394074,-0.0866142,-0.197364,0.254851
3.79162,-0.479244,0.188976,-0.360888,0.254851
3.79187,-0.460162,0.456693,-0.4302,0.254851
3.79212,-0.281656,0.669291,-0.350798,0.254851
3.79238,0.0301298,0.795276,-0.125363,0.254851
3.79263,0.370529,0.795276,0.145193,0.254851
3.79288,0.608895,0.669291,0.361131,0.254851
3.79313,0.659885,0.417323,0.419387,0.254851
3.79338,0.527154,0.0866142,0.332414,0.254851
3.79363,0.296153,-0.244094,0.171344,0.254851
3.79388,0.0785177,-0.527559,0.0532301,0.254851
3.79413,-0.0536563,-0.716535,0.0165053,0.254851
3.79438,-0.103781,-0.787402,0.0522548,0.254851
3.79463,-0.135224,-0.740157,0.0936866,0.254851
3.79488,-0.216542,-0.598425,0.038662,0.254851
3.79513,-0.362648,-0.377953,-0.119252,0.254851
3.79538,-0.516343,-0.102362,-0.324468,0.254851
3.79563,-0.578582,0.181102,-0.462157,0.254851
3.79588,-0.472342,0.464567,-0.444018,0.254851
3.79613,-0.198269,0.692913,-0.274779,0.254851
3.79638,0.155942,0.818898,-0.00228171,0.254851
3.79663,0.458602,0.811024,0.235628,0.254851
3.79688,0.603085,0.653543,0.348582,0.254851
3.79713,0.564262,0.393701,0.319494,0.254851
3.79738,0.403514,0.0629921,0.205283,0.254851
3.79763,0.22356,-0.251969,0.107293,0.254851
3.79788,0.103314,-0.519685,0.0756549,0.254851
3.79813,0.0523543,-0.700787,0.124801,0.254851
3.79838,0.0144658,-0.771654,0.174298,0.254851
3.79863,-0.081413,-0.732283,0.142112,0.254851
3.79888,-0.262127,-0.606299,-0.00683476,0.254851
3.79913,-0.478781,-0.393701,-0.240386,0.254851
3.79938,-0.628445,-0.11811,-0.430831,0.254851
3.79963,-0.614297,0.181102,-0.491974,0.254851
3.79988,-0.408693,0.480315,-0.38598,0.254851
3.80013,-0.0753822,0.716535,-0.151663,0.254851
3.80038,0.259581,0.834646,0.0962318,0.254851
3.80063,0.476926,0.80315,0.252611,0.254851
3.80088,0.52481,0.637795,0.275937,0.254851
3.80113,0.440254,0.370079,0.197727,0.254851
3.80138,0.313257,0.0472441,0.116263,0.254851
3.80163,0.225233,-0.251969,0.105748,0.254851
3.80188,0.195453,-0.503937,0.174828,0.254851
3.80213,0.175196,-0.677165,0.255502,0.254851
3.80238,0.088345,-0.76378,0.246386,0.254851
3.80263,-0.104399,-0.748031,0.115371,0.254851
3.80288,-0.367854,-0.629921,-0.117997,0.254851
3.80313,-0.599627,-0.409449,-0.356434,0.254851
3.80338,-0.686737,-0.11811,-0.492282,0.254851
3.80363,-0.572586,0.19685,-0.453371,0.254851
3.80388,-0.293355,0.503937,-0.269917,0.254851
3.80413,0.0399,0.732283,-0.0329506,0.254851
3.80438,0.301254,0.834646,0.138066,0.254851
3.80463,0.418779,0.787402,0.189453,0.254851
3.80488,0.405069,0.614173,0.154828,0.254851
3.80513,0.335753,0.346457,0.0932794,0.254851
3.80538,0.291621,0.0472441,0.0933354,0.254851
3.80563,0.300255,-0.23622,0.177891,0.254851
3.80588,0.318543,-0.480315,0.300082,0.254851
3.80613,0.266583,-0.669291,0.338715,0.254851
3.80638,0.0889132,-0.76378,0.250285,0.254851
3.80663,-0.195987,-0.76378,0.0303943,0.254851
3.80688,-0.492917,-0.645669,-0.243259,0.254851
3.80713,-0.67826,-0.417323,-0.434593,0.254851
3.80738,-0.668566,-0.110236,-0.469353,0.254851
3.80763,-0.469126,0.220472,-0.349955,0.254851
3.80788,-0.170776,0.527559,-0.151237,0.254851
3.80813,0.103264,0.740157,0.0234115,0.254851
3.80838,0.26548,0.818898,0.100681,0.254851
3.80863,0.307337,0.76378,0.0840162,0.254851
3.80888,0.290064,0.590551,0.0391805,0.254851
3.80913,0.291626,0.346457,0.0489529,0.254851
3.80938,0.346864,0.0629921,0.151909,0.254851
3.80963,0.419215,-0.212598,0.298243,0.254851
3.80988,0.424239,-0.472441,0.403256,0.254851
3.81013,0.290582,-0.669291,0.363965,0.254851
3.81038,0.0153215,-0.787402,0.174969,0.254851
3.81063,-0.320668,-0.787402,-0.0963167,0.254851
3.81088,-0.588993,-0.661417,-0.339225,0.254851
3.81113,-0.684321,-0.409449,-0.444817,0.254851
3.81138,-0.580841,-0.0866142,-0.385364,0.254851
3.81163,-0.343842,0.244094,-0.224685,0.254851
3.81188,-0.0879689,0.535433,-0.069789,0.254851
3.81213,0.0905635,0.732283,0.00966158,0.254851
3.81238,0.166424,0.795276,0.00444599,0.254851
3.81263,0.185951,0.740157,-0.0402898,0.254851
3.81288,0.225032,0.582677,-0.031955,0.254851
3.81313,0.325148,0.354331,0.0839207,0.254851
3.81338,0.457431,0.0866142,0.265071,0.254851
3.81363,0.53534,-0.19685,0.424073,0.254851
3.81388,0.471401,-0.464567,0.453201,0.254851
3.81413,0.237609,-0.685039,0.309904,0.254851
3.81438,-0.10431,-0.811024,0.0541181,0.254851
3.81463,-0.430604,-0.80315,-0.205744,0.254851
3.81488,-0.619156,-0.653543,-0.362425,0.254851
3.81513,-0.61556,-0.393701,-0.371467,0.254851
3.81538,-0.457455,-0.0629921,-0.260147,0.254851
3.81563,-0.245133,0.259843,-0.131094,0.254851
3.81588,-0.0770302,0.535433,-0.0510771,0.254851
3.81613,0.00720271,0.716535,-0.0741681,0.254851
3.81638,0.042973,0.779528,-0.116671,0.254851
3.81663,0.102511,0.732283,-0.127256,0.254851
3.81688,0.235494,0.590551,-0.0156654,0.254851
3.81714,0.423312,0.377953,0.185702,0.254851
3.81739,0.580269,0.102362,0.386949,0.254851
3.81764,0.603821,-0.188976,0.488706,0.254851
3.81789,0.441118,-0.480315,0.41564,0.254851
3.81814,0.127532,-0.708661,0.202679,0.254851
3.81839,-0.224214,-0.826772,-0.0626534,0.254851
3.81864,-0.483482,-0.80315,-0.256949,0.254851
3.81889,-0.571862,-0.637795,-0.315263,0.254851
3.81914,-0.498707,-0.370079,-0.252681,0.254851
3.81939,-0.346324,-0.0472441,-0.150369,0.254851
3.81964,-0.211073,0.259843,-0.0964058,0.254851
3.81989,-0.141604,0.519685,-0.124818,0.254851
3.82014,-0.113532,0.692913,-0.195985,0.254851
3.82039,-0.0563366,0.76378,-0.21658,0.254851
3.82064,0.089501,0.740157,-0.138964,0.254851
3.82089,0.317647,0.614173,0.0698278,0.254851
3.82114,0.548116,0.401575,0.302161,0.254851
3.82139,0.667475,0.110236,0.479284,0.254851
3.82164,0.597451,-0.19685,0.483718,0.254851
3.82189,0.344546,-0.503937,0.320487,0.254851
3.82214,0.0026418,-0.732283,0.0770747,0.254851
3.82239,-0.297896,-0.834646,-0.138437,0.254851
3.82264,-0.459253,-0.795276,-0.228643,0.254851
3.82289,-0.465731,-0.614173,-0.21392,0.254851
3.82314,-0.37924,-0.346457,-0.136625,0.254851
3.82339,-0.290465,-0.0393701,-0.0941285,0.254851
3.82364,-0.254482,0.251969,-0.140368,0.254851
3.82389,-0.25601,0.496063,-0.240639,0.254851
3.82414,-0.225022,0.677165,-0.300454,0.254851
3.82439,-0.0924596,0.76378,-0.256225,0.254851
3.82464,0.152568,0.748031,-0.0711863,0.25298
3.82489,0.439836,0.629921,0.184979,0.25298
3.82514,0.651045,0.409449,0.405733,0.25298
3.82539,0.685278,0.110236,0.489628,0.25298
3.82564,0.518432,-0.220472,0.399879,0.25298
3.82589,0.21913,-0.527559,0.201379,0.25298
3.82614,-0.0890155,-0.740157,-0.016124,0.25298
3.82639,-0.297501,-0.826772,-0.133804,0.25298
3.82664,-0.367644,-0.771654,-0.13784,0.25298
3.82689,-0.342265,-0.598425,-0.08577,0.25298
3.82714,-0.303695,-0.338583,-0.061346,0.25298
3.82739,-0.311476,-0.0472441,-0.113874,0.25298
3.82764,-0.358259,0.228346,-0.24696,0.25298
3.82789,-0.375748,0.480315,-0.359754,0.25298
3.82814,-0.283076,0.669291,-0.356888,0.25298
3.82839,-0.050897,0.779528,-0.219278,0.25298
3.82864,0.267604,0.771654,0.0418034,0.25298
3.82889,0.554837,0.645669,0.302163,0.25298
3.82914,0.692505,0.409449,0.452685,0.25298
3.82939,0.626571,0.0866142,0.431252,0.25298
3.82964,0.397187,-0.244094,0.278041,0.25298
3.82989,0.112982,-0.543307,0.0916422,0.25298
3.83014,-0.112332,-0.740157,-0.0377844,0.25298
3.83039,-0.223644,-0.811024,-0.0601059,0.25298
3.83064,-0.244812,-0.748031,-0.0168547,0.25298
3.83089,-0.249684,-0.582677,0.0012022,0.25298
3.83114,-0.301433,-0.346457,-0.0605686,0.25298
3.83139,-0.400916,-0.0629921,-0.205301,0.25298
3.83164,-0.48199,0.212598,-0.372462,0.25298
3.83189,-0.453751,0.472441,-0.43454,0.25298
3.83214,-0.264672,0.685039,-0.340285,0.25298
3.83239,0.0529102,0.80315,-0.108569,0.25298
3.83264,0.390145,0.795276,0.16046,0.25298
3.83289,0.618363,0.653543,0.369157,0.25298
3.83314,0.656285,0.393701,0.419816,0.25298
3.83339,0.514004,0.0629921,0.321995,0.25298
3.83364,0.280541,-0.267717,0.163942,0.25298
3.83389,0.0669423,-0.543307,0.0481407,0.25298
3.83414,-0.0590272,-0.724409,0.0163555,0.25298
3.83439,-0.105423,-0.787402,0.061848,0.25298
3.83464,-0.138542,-0.732283,0.0940487,0.25298
3.83489,-0.224207,-0.582677,0.0317652,0.25298
3.83514,-0.3733,-0.362205,-0.128777,0.25298
3.83539,-0.52415,-0.0866142,-0.337854,0.25298
3.83564,-0.577212,0.19685,-0.462978,0.25298
3.83589,-0.459108,0.480315,-0.445523,0.25298
3.83614,-0.176488,0.700787,-0.258461,0.25298
3.83639,0.178535,0.818898,0.0155872,0.25298
3.83664,0.473343,0.80315,0.242575,0.25298
3.83689,0.605927,0.645669,0.356849,0.25298
3.83714,0.556578,0.370079,0.315547,0.25298
3.83739,0.3912,0.0393701,0.194377,0.25298
3.83764,0.213437,-0.275591,0.0995828,0.25298
3.83789,0.0983591,-0.535433,0.0797086,0.25298
3.83814,0.0502019,-0.708661,0.131796,0.25298
3.83839,0.0107699,-0.771654,0.17572,0.25298
3.83864,-0.0907051,-0.732283,0.139613,0.25298
3.83889,-0.275984,-0.598425,-0.0181634,0.25298
3.83914,-0.491675,-0.377953,-0.25077,0.25298
3.83939,-0.633196,-0.102362,-0.441178,0.25298
3.83964,-0.60666,0.204724,-0.493052,0.25298
3.83989,-0.389668,0.503937,-0.369892,0.25298
3.84014,-0.0525035,0.724409,-0.132078,0.25298
3.84039,0.278252,0.834646,0.108497,0.25298
3.84064,0.485271,0.795276,0.262203,0.25298
3.84089,0.522616,0.622047,0.269425,0.25298
3.84114,0.43213,0.346457,0.191224,0.25298
3.84139,0.30584,0.0314961,0.113401,0.25298
3.84165,0.221697,-0.267717,0.10837,0.25298
3.8419,0.194747,-0.519685,0.18189,0.25298
3.84215,0.172212,-0.685039,0.249502,0.25298
3.8424,0.0790958,-0.76378,0.248264,0.25298
3.84265,-0.120173,-0.740157,0.104005,0.25298
3.8429,-0.385099,-0.614173,-0.13298,0.25298
3.84315,-0.610594,-0.393701,-0.369913,0.25298
3.8434,-0.685533,-0.102362,-0.490278,0.25298
3.84365,-0.558616,0.220472,-0.443341,0.25298
3.8439,-0.271988,0.527559,-0.249315,0.25298
3.84415,0.0601965,0.748031,-0.0148851,0.25298
3.8444,0.313603,0.834646,0.150109,0.25298
3.84465,0.421364,0.779528,0.189829,0.25298
3.8449,0.401047,0.598425,0.146423,0.25298
3.84515,0.331521,0.330709,0.0871389,0.25298
3.8454,0.290723,0.0314961,0.0947061,0.25298
3.84565,0.301843,-0.251969,0.185426,0.25298
3.8459,0.318051,-0.496063,0.306023,0.25298
3.84615,0.259136,-0.677165,0.338012,0.25298
3.8464,0.0729302,-0.771654,0.244503,0.25298
3.84665,-0.215971,-0.76378,0.00731621,0.25298
3.8469,-0.509527,-0.637795,-0.261906,0.25298
3.84715,-0.683942,-0.401575,-0.445664,0.25298
3.8474,-0.660722,-0.0866142,-0.46673,0.25298
3.84765,-0.451325,0.244094,-0.338196,0.25298
3.8479,-0.151031,0.543307,-0.136264,0.25298
3.84815,0.117742,0.748031,0.0391454,0.25298
3.8484,0.27132,0.818898,0.102175,0.25298
3.84865,0.307036,0.755906,0.0771903,0.25298
3.8489,0.288696,0.582677,0.0355561,0.25298
3.84915,0.293609,0.330709,0.0560486,0.25298
3.8494,0.351727,0.0472441,0.159837,0.25298
3.84965,0.422464,-0.228346,0.312832,0.25298
3.8499,0.4203,-0.488189,0.400157,0.25298
3.85015,0.276736,-0.685039,0.361702,0.25298
3.8504,-0.00587142,-0.787402,0.157528,0.25298
3.85065,-0.341291,-0.779528,-0.116706,0.25298
3.8509,-0.601184,-0.645669,-0.347753,0.25298
3.85115,-0.683341,-0.393701,-0.447298,0.25298
3.8514,-0.568293,-0.0629921,-0.375418,0.25298
3.85165,-0.326595,0.267717,-0.217392,0.25298
3.8519,-0.0735297,0.559055,-0.0607062,0.25298
3.85215,0.0984913,0.740157,0.020656,0.25298
3.8524,0.168295,0.80315,0.00287691,0.25298
3.85265,0.187087,0.740157,-0.0433058,0.25298
3.8529,0.229623,0.574803,-0.0291981,0.25298
3.85315,0.333386,0.338583,0.0907881,0.25298
3.8534,0.465136,0.0629921,0.272812,0.25298
3.85365,0.536424,-0.212598,0.428058,0.25298
3.8539,0.46116,-0.488189,0.448583,0.25298
3.85415,0.217843,-0.700787,0.296745,0.25298
3.8544,-0.127394,-0.811024,0.037892,0.25298
3.85465,-0.448035,-0.795276,-0.216794,0.25298
3.8549,-0.624716,-0.645669,-0.367581,0.25298
3.85515,-0.609037,-0.370079,-0.372144,0.25298
3.8554,-0.444231,-0.0393701,-0.253488,0.25298
3.85565,-0.232087,0.283465,-0.121383,0.25298
3.8559,-0.0691847,0.551181,-0.0577041,0.25298
3.85615,0.0103938,0.724409,-0.0779914,0.25298
3.8564,0.0452503,0.779528,-0.122608,0.25298
3.85665,0.10857,0.724409,-0.120853,0.25298
3.8569,0.246642,0.582677,-0.00468337,0.25298
3.85715,0.435475,0.362205,0.193407,0.25298
3.8574,0.586727,0.0866142,0.400211,0.25298
3.85765,0.599173,-0.212598,0.486309,0.25298
3.8579,0.424464,-0.496063,0.408178,0.25298
3.85815,0.10445,-0.724409,0.184375,0.25298
3.8584,-0.244827,-0.834646,-0.0753936,0.25298
3.85865,-0.494806,-0.80315,-0.267727,0.25298
3.8589,-0.57123,-0.629921,-0.312468,0.25298
3.85915,-0.490206,-0.346457,-0.244164,0.25298
3.8594,-0.336192,-0.023622,-0.143429,0.25298
3.85965,-0.204424,0.283465,-0.0890967,0.25298
3.8599,-0.139068,0.535433,-0.123674,0.25298
3.86015,-0.111856,0.700787,-0.194286,0.25298
3.8604,-0.0498287,0.76378,-0.221022,0.25298
3.86065,0.102137,0.732283,-0.131121,0.25298
3.8609,0.333661,0.598425,0.075909,0.25298
3.86115,0.560329,0.377953,0.317937,0.25298
3.8614,0.669156,0.0944882,0.478237,0.25298
3.86165,0.585989,-0.220472,0.47319,0.25298
3.8619,0.323952,-0.519685,0.311012,0.25298
3.86215,-0.0194454,-0.740157,0.0607332,0.25298
3.8624,-0.313015,-0.834646,-0.14421,0.25298
3.86265,-0.464017,-0.787402,-0.231743,0.25298
3.8629,-0.462073,-0.606299,-0.201856,0.25298
3.86315,-0.372726,-0.330709,-0.12812,0.25298
3.8634,-0.286303,-0.015748,-0.0997068,0.25298
3.86365,-0.25407,0.267717,-0.143607,0.25298
3.8639,-0.25596,0.511811,-0.239877,0.25298
3.86415,-0.220162,0.685039,-0.308532,0.25298
3.8644,-0.0795927,0.771654,-0.24822,0.25298
3.86465,0.171033,0.748031,-0.0579102,0.25298
3.8649,0.457125,0.622047,0.206805,0.25298
3.86515,0.659461,0.393701,0.4215,0.25298
3.8654,0.680331,0.0866142,0.487362,0.25298
3.86565,0.501907,-0.244094,0.393812,0.25298
3.8659,0.198257,-0.543307,0.181727,0.25298
3.86615,-0.106427,-0.755906,-0.0264502,0.25298
3.86641,-0.306173,-0.826772,-0.136239,0.25298
3.86666,-0.368198,-0.76378,-0.140726,0.25298
3.86691,-0.339363,-0.582677,-0.0827711,0.25298
3.86716,-0.302467,-0.322835,-0.0648471,0.25298
3.86741,-0.313774,-0.0314961,-0.121935,0.25298
3.86766,-0.361457,0.251969,-0.252768,0.25298
3.86791,-0.373677,0.496063,-0.356549,0.25298
3.86816,-0.272064,0.685039,-0.355081,0.25298
3.86841,-0.0318336,0.779528,-0.196991,0.25298
3.86866,0.288563,0.771654,0.0586352,0.25298
3.86891,0.56932,0.637795,0.320886,0.25298
3.86916,0.694477,0.393701,0.458991,0.25298
3.86941,0.615832,0.0629921,0.430645,0.25298
3.86966,0.37912,-0.267717,0.273375,0.25298
3.86991,0.0955876,-0.559055,0.0830343,0.25298
3.87016,-0.123178,-0.748031,-0.0420578,0.25298
3.87041,-0.227204,-0.811024,-0.0606773,0.25298
3.87066,-0.244666,-0.740157,-0.0117289,0.25298
3.87091,-0.251278,-0.566929,0.00265711,0.25298
3.87116,-0.306794,-0.322835,-0.0677706,0.25298
3.87141,-0.407817,-0.0472441,-0.219129,0.25298
3.87166,-0.484262,0.228346,-0.374981,0.25298
3.87191,-0.446435,0.488189,-0.434631,0.25298
3.87216,-0.247126,0.692913,-0.336612,0.25298
3.87241,0.0753596,0.80315,-0.0936836,0.25298
3.87266,0.409652,0.787402,0.177945,0.25298
3.87291,0.626877,0.637795,0.37311,0.25298
3.87316,0.651949,0.377953,0.413417,0.25298
3.87341,0.500461,0.0393701,0.313214,0.25298
3.87366,0.265043,-0.283465,0.156555,0.25298
3.87391,0.0557557,-0.559055,0.0446796,0.25298
3.87416,-0.0638073,-0.732283,0.022795,0.25298
3.87441,-0.107248,-0.787402,0.0609702,0.25298
3.87466,-0.141899,-0.724409,0.0887153,0.25298
3.87491,-0.232281,-0.566929,0.0190557,0.25298
3.87516,-0.38413,-0.338583,-0.143091,0.25298
3.87541,-0.531595,-0.0708661,-0.341452,0.25298
3.87566,-0.575098,0.220472,-0.469686,0.25298
3.87591,-0.445366,0.496063,-0.43136,0.25298
3.87616,-0.154319,0.716535,-0.237513,0.25298
3.87641,0.200809,0.826772,0.0339616,0.25298
3.87666,0.487578,0.795276,0.260868,0.25298
3.87691,0.607978,0.629921,0.35812,0.25298
3.87716,0.548357,0.354331,0.308801,0.25298
3.87741,0.379015,0.023622,0.193512,0.25298
3.87766,0.203705,-0.291339,0.0992686,0.25298
3.87791,0.0936148,-0.551181,0.0862283,0.25298
3.87816,0.0483297,-0.716535,0.133841,0.25298
3.87841,0.00656207,-0.771654,0.182237,0.25298
3.87866,-0.100397,-0.724409,0.132303,0.25298
3.87891,-0.289996,-0.582677,-0.0335536,0.25298
3.87916,-0.504445,-0.362205,-0.262876,0.25298
3.87941,-0.637277,-0.0787402,-0.447841,0.25298
3.87966,-0.598057,0.220472,-0.48764,0.25298
3.87991,-0.370474,0.519685,-0.359352,0.25298
3.88016,-0.0292248,0.740157,-0.113623,0.25298
3.88041,0.296483,0.834646,0.123504,0.25298
3.88066,0.492681,0.787402,0.260674,0.25298
3.88091,0.519868,0.606299,0.26569,0.25298
3.88116,0.424012,0.330709,0.18527,0.25298
3.88141,0.298494,0.00787402,0.114221,0.25298
3.88166,0.218648,-0.283465,0.114937,0.25298
3.88191,0.193861,-0.527559,0.179002,0.25298
3.88216,0.16892,-0.692913,0.261308,0.25298
3.88241,0.0695511,-0.76378,0.237753,0.25298
3.88266,-0.136348,-0.732283,0.0986817,0.25298
3.88291,-0.402248,-0.606299,-0.15316,0.25298
3.88316,-0.620954,-0.377953,-0.383597,0.25298
3.88341,-0.68345,-0.0787402,-0.491907,0.25298
3.88366,-0.543934,0.244094,-0.437787,0.25298
3.88391,-0.25023,0.543307,-0.235656,0.25298
3.88416,0.0800362,0.755906,-0.00502686,0.25298
3.88441,0.325313,0.834646,0.151862,0.25298
3.88466,0.423198,0.771654,0.188664,0.25298
3.88491,0.397142,0.582677,0.144074,0.25298
3.88516,0.327316,0.314961,0.0844101,0.25298
3.88541,0.290058,0.015748,0.100432,0.25298
3.88566,0.30346,-0.267717,0.195925,0.25298
3.88591,0.317443,-0.511811,0.305378,0.25298
3.88616,0.251036,-0.685039,0.336148,0.25298
3.88641,0.0567882,-0.771654,0.23329,0.25298
3.88666,-0.236365,-0.755906,-0.0100918,0.25298
3.88691,-0.525622,-0.622047,-0.268285,0.25298
3.88716,-0.688809,-0.385827,-0.44728,0.25298
3.88741,-0.652156,-0.0629921,-0.461882,0.25298
3.88766,-0.433465,0.267717,-0.327915,0.25298
3.88791,-0.131273,0.559055,-0.123223,0.25298
3.88816,0.131474,0.755906,0.0452601,0.25298
3.88841,0.276883,0.818898,0.106902,0.25298
3.88866,0.306697,0.748031,0.0725313,0.25298
3.88891,0.287718,0.566929,0.0318794,0.25298
3.88916,0.295846,0.314961,0.0614683,0.25298
3.88941,0.356714,0.0314961,0.169347,0.25298
3.88966,0.4254,-0.244094,0.324212,0.25298
3.88991,0.415826,-0.496063,0.407675,0.25298
3.89016,0.262063,-0.692913,0.354236,0.25298
3.89041,-0.0274671,-0.795276,0.141631,0.25298
3.89066,-0.361788,-0.779528,-0.131953,0.25298
3.89091,-0.612602,-0.629921,-0.358421,0.25298
3.89117,-0.681522,-0.370079,-0.447432,0.25298
3.89142,-0.555369,-0.0393701,-0.367191,0.25298
3.89167,-0.309276,0.291339,-0.206714,0.25298
3.89192,-0.0592456,0.574803,-0.0511877,0.25298
3.89217,0.105971,0.748031,0.0147193,0.25298
3.89242,0.170367,0.795276,-0.00511117,0.25298
3.89267,0.188501,0.724409,-0.0442074,0.25298
3.89292,0.234342,0.559055,-0.016883,0.25298
3.89317,0.341799,0.322835,0.102474,0.25298
3.89342,0.472645,0.0472441,0.289212,0.25298
3.89367,0.53658,-0.23622,0.434863,0.25298
3.89392,0.450169,-0.503937,0.439607,0.25298
3.89417,0.197245,-0.708661,0.287403,0.25298
3.89442,-0.150372,-0.818898,0.0227783,0.25298
3.89467,-0.464647,-0.787402,-0.233799,0.25298
3.89492,-0.62957,-0.629921,-0.376488,0.25298
3.89517,-0.601988,-0.354331,-0.362935,0.25298
3.89542,-0.430567,-0.015748,-0.249164,0.25298
3.89567,-0.219261,0.299213,-0.110392,0.25298
3.89592,-0.0615039,0.566929,-0.0557414,0.25298
3.89617,0.0133877,0.732283,-0.0790322,0.25298
3.89642,0.0476045,0.779528,-0.127537,0.25298
3.89667,0.1151,0.716535,-0.119739,0.25298
3.89692,0.257897,0.566929,-0.000510532,0.25298
3.89717,0.447524,0.346457,0.210233,0.25298
3.89742,0.592583,0.0629921,0.41166,0.25298
3.89767,0.593519,-0.228346,0.493865,0.25298
3.89792,0.407056,-0.519685,0.402718,0.25298
3.89817,0.0814815,-0.732283,0.171599,0.25298
3.89842,-0.265243,-0.834646,-0.0895836,0.25298
3.89867,-0.50518,-0.787402,-0.271916,0.25298
3.89892,-0.570173,-0.606299,-0.311779,0.25298
3.89917,-0.481197,-0.330709,-0.243762,0.25298
3.89942,-0.326228,0,-0.135247,0.25298
3.89967,-0.198072,0.299213,-0.0961285,0.25298
3.89992,-0.136913,0.551181,-0.132136,0.25298
3.90017,-0.109595,0.708661,-0.197927,0.25298
3.90042,-0.0432547,0.76378,-0.221301,0.25298
3.90067,0.115325,0.724409,-0.121725,0.25298
3.90092,0.34966,0.590551,0.0971006,0.25298
3.90117,0.572002,0.362205,0.339844,0.25298
3.90142,0.669915,0.0708661,0.487256,0.25298
3.90167,0.573808,-0.244094,0.469452,0.25298
3.90192,0.3028,-0.543307,0.293572,0.25298
3.90217,-0.0410719,-0.755906,0.0528417,0.25298
3.90242,-0.327749,-0.834646,-0.15646,0.25298
3.90267,-0.468212,-0.779528,-0.237161,0.25298
3.90292,-0.457724,-0.582677,-0.198029,0.25298
3.90317,-0.366232,-0.307087,-0.132003,0.25298
3.90342,-0.28245,0,-0.0923256,0.25298
3.90367,-0.253675,0.291339,-0.153127,0.25298
3.90392,-0.255765,0.527559,-0.246413,0.25298
3.90417,-0.21473,0.692913,-0.311397,0.25298
3.90442,-0.0662415,0.771654,-0.245687,0.25298
3.90467,0.189467,0.740157,-0.0435908,0.25298
3.90492,0.474052,0.606299,0.22109,0.25298
3.90517,0.666939,0.370079,0.426404,0.25298
3.90542,0.674411,0.0629921,0.486706,0.25298
3.90567,0.484837,-0.267717,0.382316,0.25298
3.90592,0.177177,-0.559055,0.170389,0.25298
3.90617,-0.123377,-0.76378,-0.0317439,0.25298
3.90642,-0.31407,-0.826772,-0.142205,0.25298
3.90667,-0.368172,-0.755906,-0.131004,0.25298
3.90692,-0.336311,-0.566929,-0.078679,0.25298
3.90717,-0.3015,-0.299213,-0.067569,0.25298
3.90742,-0.316238,-0.00787402,-0.134337,0.25298
3.90767,-0.364177,0.267717,-0.256917,0.25298
3.90792,-0.371263,0.511811,-0.367628,0.25298
3.90817,-0.260688,0.692913,-0.355704,0.25298
3.90842,-0.012418,0.787402,-0.191581,0.25298
3.90867,0.309162,0.76378,0.0740249,0.25298
3.90892,0.58311,0.622047,0.334069,0.25298
3.90917,0.695545,0.370079,0.46168,0.25298
3.90942,0.604199,0.0472441,0.422715,0.25298
3.90967,0.360854,-0.291339,0.257982,0.25298
3.90992,0.0786931,-0.574803,0.0670166,0.25298
3.91017,-0.133545,-0.755906,-0.0449102,0.25298
3.91042,-0.229981,-0.811024,-0.0562897,0.25298
3.91067,-0.244491,-0.732283,-0.0118739,0.25298
3.91092,-0.253093,-0.551181,-0.00156784,0.25298
3.91117,-0.312403,-0.307087,-0.0725669,0.25298
3.91142,-0.414443,-0.0314961,-0.2281,0.25298
3.91167,-0.486361,0.244094,-0.384459,0.25298
3.91192,-0.438468,0.503937,-0.430781,0.25298
3.91217,-0.229282,0.700787,-0.3206,0.25298
3.91242,0.0980996,0.80315,-0.0789323,0.25298
3.91267,0.428483,0.779528,0.195994,0.25298
3.91292,0.634705,0.622047,0.384614,0.25298
3.91317,0.646718,0.354331,0.406105,0.25298
3.91342,0.486622,0.015748,0.302324,0.25298
3.91367,0.249666,-0.307087,0.140611,0.25298
3.91392,0.0451891,-0.574803,0.0333867,0.25298
3.91417,-0.068342,-0.740157,0.0266257,0.25298
3.91442,-0.108842,-0.787402,0.0657712,0.25298
3.91467,-0.145704,-0.716535,0.0848905,0.25298
3.91492,-0.240631,-0.559055,0.0153906,0.25298
3.91517,-0.394763,-0.322835,-0.154656,0.25298
3.91542,-0.538724,-0.0472441,-0.353795,0.25298
3.91567,-0.572467,0.23622,-0.469523,0.25298
3.91593,-0.430715,0.519685,-0.428749,0.25298
3.91618,-0.13187,0.724409,-0.224654,0.25298
3.91643,0.222839,0.826772,0.0522329,0.25298
3.91668,0.501144,0.787402,0.270782,0.25298
3.91693,0.609029,0.614173,0.359988,0.25298
3.91718,0.539703,0.330709,0.301681,0.25298
3.91743,0.366877,0,0.183964,0.25298
3.91768,0.194171,-0.314961,0.0885946,0.25298
3.91793,0.0890511,-0.566929,0.0859813,0.25298
3.91818,0.0464286,-0.724409,0.143917,0.25298
3.91843,0.00206657,-0.771654,0.176574,0.25298
3.91868,-0.110264,-0.716535,0.123233,0.25298
3.91893,-0.304121,-0.574803,-0.0540394,0.25298
3.91918,-0.516643,-0.346457,-0.282063,0.25298
3.91943,-0.640674,-0.0629921,-0.455808,0.25298
3.91968,-0.588634,0.244094,-0.489151,0.25298
3.91993,-0.350579,0.535433,-0.348644,0.25298
3.92018,-0.00620828,0.748031,-0.100145,0.25298
3.92043,0.313804,0.834646,0.137111,0.25298
3.92068,0.499487,0.779528,0.269257,0.25298
3.92093,0.516468,0.590551,0.263671,0.25298
3.92118,0.41581,0.307087,0.182171,0.25298
3.92143,0.291437,-0.00787402,0.108971,0.25298
3.92168,0.215631,-0.307087,0.119063,0.25298
3.92193,0.193167,-0.543307,0.186046,0.25298
3.92218,0.165544,-0.700787,0.258795,0.25298
3.92243,0.0593007,-0.76378,0.232761,0.25298
3.92268,-0.152498,-0.732283,0.0795678,0.25298
3.92293,-0.419133,-0.590551,-0.166681,0.25298
3.92318,-0.63078,-0.362205,-0.398072,0.25298
3.92343,-0.680556,-0.0551181,-0.493863,0.25298
3.92368,-0.528582,0.267717,-0.429795,0.25298
3.92393,-0.228724,0.559055,-0.225403,0.25298
3.92418,0.0996041,0.76378,0.00476485,0.25298
3.92443,0.336117,0.834646,0.159796,0.25298
3.92468,0.424691,0.76378,0.187067,0.255403
3.92493,0.393052,0.566929,0.1354,0.255403
3.92518,0.323349,0.291339,0.086819,0.255403
3.92543,0.289585,0,0.103058,0.255403
3.92568,0.305413,-0.283465,0.202109,0.255403
3.92593,0.31628,-0.527559,0.313,0.255403
3.92618,0.242618,-0.692913,0.338818,0.255403
3.92643,0.0399739,-0.779528,0.217115,0.255403
3.92668,-0.256566,-0.755906,-0.0207002,0.255403
3.92693,-0.54122,-0.614173,-0.284181,0.255403
3.92718,-0.692807,-0.362205,-0.460812,0.255403
3.92743,-0.642866,-0.0393701,-0.459197,0.255403
3.92768,-0.415103,0.291339,-0.308951,0.255403
3.92793,-0.112066,0.582677,-0.103585,0.255403
3.92818,0.144938,0.76378,0.052645,0.255403
3.92843,0.281942,0.818898,0.101718,0.255403
3.92868,0.305959,0.740157,0.0725028,0.255403
3.92893,0.286864,0.551181,0.0339856,0.255403
3.92918,0.298293,0.291339,0.0603612,0.255403
3.92943,0.361843,0.00787402,0.182443,0.255403
3.92968,0.427998,-0.267717,0.324807,0.255403
3.92993,0.410518,-0.519685,0.404386,0.255403
3.93018,0.246796,-0.700787,0.343318,0.255403
3.93043,-0.0488651,-0.795276,0.130844,0.255403
3.93068,-0.382105,-0.771654,-0.149948,0.255403
3.93093,-0.623112,-0.622047,-0.370116,0.255403
3.93118,-0.678895,-0.354331,-0.443919,0.255403
3.93143,-0.541927,-0.015748,-0.355537,0.255403
3.93168,-0.291983,0.307087,-0.19628,0.255403
3.93193,-0.0452922,0.590551,-0.040851,0.255403
3.93218,0.112766,0.755906,0.0149338,0.255403
3.93243,0.172238,0.795276,-0.00770923,0.255403
3.93268,0.189853,0.724409,-0.0462243,0.255403
3.93293,0.239502,0.543307,-0.0199133,0.255403
3.93318,0.350453,0.307087,0.109857,0.255403
3.93343,0.479812,0.0314961,0.297359,0.255403
3.93368,0.536082,-0.251969,0.44181,0.255403
3.93393,0.438664,-0.519685,0.440058,0.255403
3.93418,0.176373,-0.724409,0.275766,0.255403
3.93443,-0.173164,-0.818898,0.00933689,0.255403
3.93468,-0.480805,-0.787402,-0.250784,0.255403
3.93493,-0.633587,-0.614173,-0.374963,0.255403
3.93518,-0.594354,-0.330709,-0.357348,0.255403
3.93543,-0.416926,0,-0.229577,0.255403
3.93568,-0.206749,0.322835,-0.104898,0.255403
3.93593,-0.0541909,0.582677,-0.0549926,0.255403
3.93618,0.0159605,0.732283,-0.0801162,0.255403
3.93643,0.0503429,0.779528,-0.126405,0.255403
3.93668,0.122037,0.716535,-0.110194,0.255403
3.93693,0.269593,0.559055,0.0174244,0.255403
3.93718,0.459385,0.322835,0.225806,0.255403
3.93743,0.597884,0.0472441,0.421807,0.255403
3.93768,0.58705,-0.251969,0.488103,0.255403
3.93793,0.389367,-0.535433,0.383749,0.255403
3.93818,0.0579867,-0.748031,0.150718,0.255403
3.93843,-0.285193,-0.834646,-0.104861,0.255403
3.93868,-0.514988,-0.779528,-0.279997,0.255403
3.93893,-0.568447,-0.590551,-0.308379,0.255403
3.93918,-0.472077,-0.307087,-0.235051,0.255403
3.93943,-0.316219,0.015748,-0.132309,0.255403
3.93968,-0.192173,0.322835,-0.0917355,0.255403
3.93993,-0.134702,0.566929,-0.137143,0.255403
3.94018,-0.107163,0.716535,-0.203201,0.255403
3.94043,-0.0359329,0.771654,-0.218709,0.255403
3.94069,0.12892,0.716535,-0.101419,0.255403
3.94094,0.365678,0.574803,0.11026,0.255403
3.94119,0.583173,0.346457,0.3447,0.255403
3.94144,0.6699,0.0472441,0.487346,0.255403
3.94169,0.560801,-0.267717,0.457664,0.255403
3.94194,0.281141,-0.559055,0.283592,0.255403
3.94219,-0.0628481,-0.76378,0.0319904,0.255403
3.94244,-0.341844,-0.84252,-0.161836,0.255403
3.94269,-0.471561,-0.76378,-0.239216,0.255403
3.94294,-0.453343,-0.566929,-0.202598,0.255403
3.94319,-0.359613,-0.291339,-0.122855,0.255403
3.94344,-0.27879,0.015748,-0.0939797,0.255403
3.94369,-0.253419,0.307087,-0.154804,0.255403
3.94394,-0.255176,0.543307,-0.257053,0.255403
3.94419,-0.208693,0.700787,-0.310791,0.255403
3.94444,-0.052617,0.771654,-0.230562,0.255403
3.94469,0.208391,0.740157,-0.0251395,0.255403
3.94494,0.490468,0.598425,0.238876,0.255403
3.94519,0.673648,0.354331,0.43769,0.255403
3.94544,0.667676,0.0393701,0.485178,0.255403
3.94569,0.467232,-0.283465,0.366613,0.255403
3.94594,0.155954,-0.582677,0.155816,0.255403
3.94619,-0.139603,-0.771654,-0.0402274,0.255403
3.94644,-0.321607,-0.826772,-0.139939,0.255403
3.94669,-0.367767,-0.748031,-0.128261,0.255403
3.94694,-0.333215,-0.551181,-0.0746839,0.255403
3.94719,-0.300723,-0.283465,-0.0651672,0.255403
3.94744,-0.318925,0,-0.137969,0.255403
3.94769,-0.366725,0.283465,-0.267299,0.255403
3.94794,-0.368392,0.527559,-0.371159,0.255403
3.94819,-0.24847,0.700787,-0.345909,0.255403
3.94844,0.00722933,0.787402,-0.168561,0.255403
3.94869,0.329751,0.755906,0.0910258,0.255403
3.94894,0.596199,0.606299,0.345634,0.255403
3.94919,0.69571,0.346457,0.460531,0.255403
3.94944,0.592054,0.023622,0.413793,0.255403
3.94969,0.342388,-0.307087,0.240962,0.255403
3.94994,0.0619,-0.590551,0.0601247,0.255403
3.95019,-0.143161,-0.76378,-0.0453492,0.255403
3.95044,-0.232803,-0.811024,-0.0570728,0.255403
3.95069,-0.244482,-0.724409,-0.00506502,0.255403
3.95094,-0.254953,-0.535433,0.00387426,0.255403
3.95119,-0.318207,-0.291339,-0.0827014,0.255403
3.95144,-0.421014,-0.00787402,-0.242756,0.255403
3.95169,-0.487617,0.267717,-0.391731,0.255403
3.95194,-0.42995,0.519685,-0.433367,0.255403
3.95219,-0.210567,0.716535,-0.304539,0.255403
3.95244,0.120855,0.811024,-0.0606619,0.255403
3.95269,0.446586,0.779528,0.215903,0.255403
3.95294,0.641656,0.606299,0.387099,0.255403
3.95319,0.640836,0.330709,0.40318,0.255403
3.95344,0.472199,0,0.288069,0.255403
3.95369,0.234436,-0.322835,0.137134,0.255403
3.95394,0.0348158,-0.590551,0.0348506,0.255403
3.95419,-0.0726992,-0.748031,0.0272647,0.255403
3.95444,-0.110385,-0.787402,0.0713581,0.255403
3.95469,-0.149664,-0.708661,0.0844963,0.255403
3.95494,-0.249133,-0.543307,0.00803639,0.255403
3.95519,-0.405393,-0.307087,-0.168074,0.255403
3.95544,-0.545186,-0.0314961,-0.370809,0.255403
3.95569,-0.56883,0.259843,-0.469411,0.255403
3.95594,-0.415297,0.527559,-0.418382,0.255403
3.95619,-0.109418,0.732283,-0.206972,0.255403
3.95644,0.244535,0.826772,0.0662718,0.255403
3.95669,0.513714,0.779528,0.280298,0.255403
3.95694,0.609521,0.598425,0.356129,0.255403
3.95719,0.53041,0.307087,0.291365,0.255403
3.95744,0.354686,-0.015748,0.17206,0.255403
3.95769,0.184939,-0.330709,0.0852542,0.255403
3.95794,0.0849802,-0.574803,0.0889844,0.255403
3.95819,0.0443282,-0.724409,0.140861,0.255403
3.95844,-0.00236429,-0.771654,0.17815,0.255403
3.95869,-0.120688,-0.708661,0.117585,0.255403
3.95894,-0.318334,-0.559055,-0.0653307,0.255403
3.95919,-0.528493,-0.330709,-0.296309,0.255403
3.95944,-0.643179,-0.0393701,-0.461113,0.255403
3.95969,-0.578512,0.267717,-0.478412,0.255403
3.95994,-0.330223,0.551181,-0.326225,0.255403
3.96019,0.0164584,0.755906,-0.0786815,0.255403
3.96044,0.330774,0.84252,0.152761,0.255403
3.96069,0.505613,0.771654,0.270744,0.255403
3.96094,0.512499,0.574803,0.253654,0.255403
3.96119,0.407512,0.291339,0.176228,0.255403
3.96144,0.284672,-0.023622,0.10302,0.255403
3.96169,0.212854,-0.322835,0.112576,0.255403
3.96194,0.192483,-0.559055,0.200131,0.255403
3.96219,0.161741,-0.708661,0.260606,0.255403
3.96244,0.0485847,-0.771654,0.233953,0.255403
3.96269,-0.169088,-0.724409,0.0677065,0.255403
3.96294,-0.435783,-0.582677,-0.179528,0.255403
3.96319,-0.639731,-0.346457,-0.402821,0.255403
3.96344,-0.676714,-0.0393701,-0.500929,0.255403
3.96369,-0.512743,0.283465,-0.413044,0.255403
3.96394,-0.206886,0.574803,-0.211327,0.255403
3.96419,0.11877,0.771654,0.0230302,0.255403
3.96444,0.346527,0.834646,0.168972,0.255403
3.96469,0.425494,0.755906,0.184024,0.255403
3.96494,0.38869,0.551181,0.136506,0.255403
3.96519,0.31958,0.275591,0.0813166,0.255403
3.96545,0.28941,-0.015748,0.11526,0.255403
3.9657,0.307032,-0.307087,0.208325,0.255403
3.96595,0.314925,-0.543307,0.318176,0.255403
3.9662,0.233394,-0.700787,0.332426,0.255403
3.96645,0.022746,-0.779528,0.205878,0.255403
3.9667,-0.276533,-0.748031,-0.0395344,0.255403
3.96695,-0.556191,-0.598425,-0.307281,0.255403
3.9672,-0.695937,-0.346457,-0.465864,0.255403
3.96745,-0.632742,-0.023622,-0.455801,0.255403
3.9677,-0.396416,0.307087,-0.299497,0.255403
3.96795,-0.0928552,0.598425,-0.0927241,0.255403
3.9682,0.157855,0.771654,0.057271,0.255403
3.96845,0.28613,0.818898,0.105468,0.255403
3.9687,0.30523,0.732283,0.0677923,0.255403
3.96895,0.286039,0.535433,0.0281603,0.255403
3.9692,0.301009,0.275591,0.0674495,0.255403
3.96945,0.366841,0,0.193333,0.255403
3.9697,0.430581,-0.283465,0.333445,0.255403
3.96995,0.404572,-0.527559,0.404956,0.255403
3.9702,0.231194,-0.708661,0.333731,0.255403
3.97045,-0.0706649,-0.80315,0.110826,0.255403
3.9707,-0.401651,-0.76378,-0.169323,0.255403
3.97095,-0.633004,-0.606299,-0.375111,0.255403
3.9712,-0.675429,-0.330709,-0.437685,0.255403
3.97145,-0.52807,0,-0.350346,0.255403
3.9717,-0.274709,0.330709,-0.175923,0.255403
3.97195,-0.0320033,0.598425,-0.0307648,0.255403
3.9722,0.119251,0.76378,0.0203181,0.255403
3.97245,0.173501,0.795276,-0.00842382,0.255403
3.9727,0.191542,0.716535,-0.0501835,0.255403
3.97295,0.244936,0.535433,-0.00670068,0.255403
3.9732,0.359052,0.291339,0.121706,0.255403
3.97345,0.486859,0.00787402,0.308813,0.255403
3.9737,0.535198,-0.267717,0.438202,0.255403
3.97395,0.42623,-0.535433,0.432933,0.255403
3.9742,0.155361,-0.732283,0.253263,0.255403
3.97445,-0.195816,-0.818898,-0.0176577,0.255403
3.9747,-0.496387,-0.779528,-0.258274,0.255403
3.97495,-0.636601,-0.598425,-0.379863,0.255403
3.9752,-0.58612,-0.314961,-0.354161,0.255403
3.97545,-0.403223,0.015748,-0.229659,0.255403
3.9757,-0.194437,0.338583,-0.102957,0.255403
3.97595,-0.0473271,0.590551,-0.0538425,0.255403
3.9762,0.01843,0.740157,-0.0845021,0.255403
3.97645,0.0532469,0.779528,-0.126307,0.255403
3.9767,0.129126,0.708661,-0.106365,0.255403
3.97695,0.281388,0.543307,0.0226314,0.255403
3.9772,0.471202,0.307087,0.238176,0.255403
3.97745,0.602624,0.023622,0.42227,0.255403
3.9777,0.579766,-0.275591,0.491097,0.255403
3.97795,0.370884,-0.551181,0.37424,0.255403
3.9782,0.034635,-0.755906,0.131298,0.255403
3.97845,-0.304546,-0.834646,-0.120956,0.255403
3.9787,-0.524006,-0.779528,-0.285916,0.255403
3.97895,-0.565961,-0.582677,-0.311093,0.255403
3.9792,-0.462733,-0.291339,-0.227584,0.255403
3.97945,-0.306477,0.0314961,-0.133293,0.255403
3.9797,-0.186473,0.338583,-0.0935619,0.255403
3.97995,-0.132799,0.574803,-0.136737,0.255403
3.9802,-0.104783,0.724409,-0.210941,0.255403
3.98045,-0.0281997,0.771654,-0.214175,0.255403
3.9807,0.142591,0.716535,-0.0957065,0.255403
3.98095,0.381562,0.566929,0.130164,0.255403
3.9812,0.593949,0.330709,0.365928,0.255403
3.98145,0.668969,0.0314961,0.494,0.255403
3.9817,0.547052,-0.283465,0.457139,0.255403
3.98195,0.259608,-0.574803,0.26065,0.255403
3.9822,-0.0841711,-0.771654,0.0193962,0.255403
3.98245,-0.355072,-0.84252,-0.167858,0.255403
3.9827,-0.474459,-0.76378,-0.238337,0.255403
3.98295,-0.448638,-0.559055,-0.193213,0.255403
3.9832,-0.353237,-0.267717,-0.113429,0.255403
3.98345,-0.275388,0.0314961,-0.0955653,0.255403
3.9837,-0.253599,0.322835,-0.157497,0.255403
3.98395,-0.25438,0.559055,-0.261794,0.255403
3.9842,-0.202419,0.708661,-0.310324,0.255403
3.98445,-0.0383192,0.771654,-0.227643,0.255403
3.9847,0.227255,0.732283,-0.0125508,0.255403
3.98495,0.506763,0.582677,0.252128,0.255403
3.9852,0.679534,0.338583,0.448883,0.255403
3.98545,0.660173,0.015748,0.479959,0.255403
3.9857,0.449171,-0.307087,0.351844,0.255403
3.98595,0.135204,-0.598425,0.13881,0.255403
3.9862,-0.155625,-0.779528,-0.0578458,0.255403
3.98645,-0.328552,-0.826772,-0.147559,0.255403
3.9867,-0.367204,-0.740157,-0.127332,0.255403
3.98695,-0.330304,-0.535433,-0.0764828,0.255403
3.9872,-0.300203,-0.267717,-0.0702462,0.255403
3.98745,-0.32181,0.023622,-0.149548,0.255403
3.9877,-0.369235,0.299213,-0.277904,0.255403
3.98795,-0.36478,0.543307,-0.375521,0.255403
3.9882,-0.235643,0.708661,-0.340423,0.255403
3.98845,0.0272733,0.787402,-0.16007,0.255403
3.9887,0.350293,0.755906,0.109115,0.255403
3.98895,0.608453,0.598425,0.358824,0.255403
3.9892,0.69502,0.330709,0.464744,0.255403
3.98945,0.579352,0,0.401304,0.255403
3.9897,0.323834,-0.330709,0.229536,0.255403
3.98995,0.0453518,-0.606299,0.0522953,0.255403
3.99021,-0.152513,-0.771654,-0.0539649,0.255403
3.99046,-0.235285,-0.811024,-0.0465927,0.255403
3.99071,-0.244289,-0.716535,-0.00588631,0.255403
3.99096,-0.257251,-0.527559,-0.00317345,0.255403
3.99121,-0.324269,-0.275591,-0.0941326,0.255403
3.99146,-0.427369,0,-0.251689,0.255403
3.99171,-0.488334,0.283465,-0.402249,0.255403
3.99196,-0.420514,0.535433,-0.429089,0.255403
3.99221,-0.191465,0.724409,-0.290851,0.255403
3.99246,0.143551,0.811024,-0.0443249,0.255403
3.99271,0.464313,0.771654,0.224337,0.255403
3.99296,0.647647,0.598425,0.395919,0.255403
3.99321,0.634254,0.314961,0.396977,0.255403
3.99346,0.457675,-0.015748,0.284325,0.255403
3.99371,0.219419,-0.346457,0.130928,0.255403
3.99396,0.0248505,-0.606299,0.0357247,0.255403
3.99421,-0.0765069,-0.755906,0.0266464,0.255403
3.99446,-0.112171,-0.787402,0.0759863,0.255403
3.99471,-0.153821,-0.700787,0.0805564,0.255403
3.99496,-0.258072,-0.527559,-0.00286424,0.255403
3.99521,-0.415959,-0.291339,-0.18239,0.255403
3.99546,-0.551224,-0.00787402,-0.381501,0.255403
3.99571,-0.564424,0.275591,-0.47075,0.255403
3.99596,-0.399503,0.551181,-0.40991,0.255403
3.99621,-0.0863267,0.748031,-0.184925,0.255403
3.99646,0.265631,0.834646,0.0837673,0.255403
3.99671,0.525719,0.771654,0.286512,0.255403
3.99696,0.609253,0.582677,0.350563,0.255403
3.99721,0.520875,0.291339,0.288347,0.255403
3.99746,0.342381,-0.0393701,0.170292,0.255403
3.99771,0.176178,-0.346457,0.084283,0.255403
3.99796,0.0809602,-0.590551,0.0879904,0.255403
3.99821,0.0424446,-0.732283,0.149391,0.255403
3.99846,-0.00748597,-0.771654,0.180751,0.255403
3.99871,-0.131489,-0.708661,0.104193,0.255403
3.99896,-0.332501,-0.551181,-0.0738067,0.255403
3.99921,-0.539932,-0.314961,-0.310895,0.255403
3.99946,-0.644984,-0.015748,-0.47118,0.255403
3.99971,-0.567472,0.283465,-0.478921,0.255403
3.99996,-0.309263,0.566929,-0.31374,0.255403
4.00021,0.0392241,0.771654,-0.0610239,0.255403
4.00046,0.346831,0.84252,0.16053,0.255403
4.00071,0.510808,0.76378,0.275972,0.255403
4.00096,0.50846,0.559055,0.252407,0.255403
4.00121,0.399588,0.267717,0.163997,0.255403
4.00146,0.278561,-0.0472441,0.106445,0.255403
4.00171,0.210562,-0.338583,0.116616,0.255403
4.00196,0.191481,-0.566929,0.200301,0.255403
4.00221,0.157811,-0.716535,0.262447,0.255403
4.00246,0.0391625,-0.771654,0.225233,0.255403
4.00271,-0.183356,-0.716535,0.0536342,0.255403
4.00296,-0.449438,-0.566929,-0.196302,0.255403
4.00321,-0.646532,-0.322835,-0.416152,0.255403
4.00346,-0.672973,-0.015748,-0.496527,0.255403
4.00371,-0.499609,0.307087,-0.408382,0.255403
4.00396,-0.189905,0.590551,-0.201698,0.255403
4.00421,0.13295,0.779528,0.0336448,0.255403
4.00446,0.353947,0.834646,0.168842,0.255403
4.00471,0.425959,0.740157,0.190143,0.255403
4.00496,0.38547,0.535433,0.12676,0.255403
4.00521,0.317016,0.259843,0.081621,0.255403
4.00546,0.289341,-0.0393701,0.117331,0.255403
4.00571,0.308043,-0.314961,0.215577,0.255403
4.00596,0.313653,-0.551181,0.328343,0.255403
4.00621,0.227261,-0.708661,0.331182,0.255403
4.00646,0.011822,-0.779528,0.192871,0.255403
4.00671,-0.288909,-0.740157,-0.04781,0.255403
4.00696,-0.564839,-0.582677,-0.313252,0.255403
4.00721,-0.697354,-0.322835,-0.46711,0.255403
4.00745,-0.626621,0,-0.456873,0.255403
4.0077,-0.385989,0.330709,-0.294232,0.255403
4.00795,-0.0825559,0.606299,-0.0904211,0.255403
4.0082,0.164393,0.779528,0.0599263,0.255403
4.00845,0.288476,0.818898,0.101716,0.255403
4.0087,0.304615,0.724409,0.0702521,0.255403
4.00895,0.285746,0.519685,0.0292438,0.255403
4.0092,0.302354,0.259843,0.0708696,0.255403
4.00945,0.36909,-0.015748,0.195553,0.255403
4.0097,0.43129,-0.299213,0.339854,0.255403
4.00995,0.401851,-0.543307,0.407374,0.255403
4.0102,0.224554,-0.716535,0.33379,0.255403
4.01045,-0.0792222,-0.80315,0.101952,0.255403
4.0107,-0.409074,-0.76378,-0.171734,0.255403
4.01095,-0.636381,-0.590551,-0.378181,0.255403
4.0112,-0.673989,-0.314961,-0.442904,0.255403
4.01145,-0.523283,0.015748,-0.34511,0.255403
4.0117,-0.269257,0.346457,-0.183064,0.255403
4.01195,-0.0278857,0.614173,-0.0345851,0.255403
4.0122,0.121174,0.76378,0.0134003,0.255403
4.01245,0.174272,0.795276,-0.00892268,0.255403
4.0127,0.191926,0.708661,-0.0461917,0.255403
4.01295,0.246258,0.527559,-0.00985763,0.255403
4.0132,0.361034,0.275591,0.126883,0.255403
4.01345,0.48822,0,0.318024,0.255403
4.0137,0.53468,-0.283465,0.443604,0.255403
4.01395,0.423913,-0.543307,0.435995,0.255403
4.0142,0.151577,-0.740157,0.260494,0.255403
4.01445,-0.199357,-0.818898,-0.0115451,0.255403
4.0147,-0.498482,-0.771654,-0.263502,0.255403
4.01495,-0.637054,-0.590551,-0.384893,0.255403
4.0152,-0.585101,-0.299213,-0.350189,0.255403
4.01545,-0.40184,0.0314961,-0.224301,0.255403
4.0157,-0.193434,0.354331,-0.103125,0.255403
4.01595,-0.0468839,0.598425,-0.0556537,0.255403
4.0162,0.0188034,0.748031,-0.0870585,0.255403
4.01645,0.0531624,0.779528,-0.138182,0.255403
4.0167,0.129321,0.700787,-0.108692,0.255403
4.01695,0.281471,0.535433,0.0252453,0.255403
4.0172,0.47109,0.299213,0.237791,0.255403
4.01745,0.602428,0.015748,0.426513,0.255403
4.0177,0.580165,-0.283465,0.494966,0.255403
4.01795,0.371811,-0.559055,0.380249,0.255403
4.0182,0.036226,-0.755906,0.143271,0.255403
4.01845,-0.303103,-0.834646,-0.112643,0.255403
4.0187,-0.523253,-0.771654,-0.281303,0.255403
4.01895,-0.566321,-0.574803,-0.310529,0.255403
4.0192,-0.463877,-0.283465,-0.231904,0.255403
4.01945,-0.307854,0.0393701,-0.133496,0.255403
4.0197,-0.187258,0.346457,-0.0947675,0.255403
4.01995,-0.13302,0.582677,-0.139468,0.255403
4.0202,-0.10511,0.724409,-0.212694,0.255403
4.02045,-0.0298378,0.771654,-0.216094,0.255403
4.0207,0.139707,0.716535,-0.0995068,0.255403
4.02095,0.377943,0.559055,0.118792,0.255403
4.0212,0.59136,0.322835,0.356641,0.255403
4.02145,0.669247,0.023622,0.494521,0.255403
4.0217,0.550907,-0.291339,0.459126,0.255403
4.02195,0.265793,-0.574803,0.276906,0.255403
4.0222,-0.077777,-0.771654,0.0234544,0.255403
4.02245,-0.351101,-0.84252,-0.170069,0.255403
4.0227,-0.473651,-0.755906,-0.238194,0.255403
4.02295,-0.450204,-0.551181,-0.192954,0.255403
4.0232,-0.355533,-0.267717,-0.118422,0.255403
4.02345,-0.276632,0.0314961,-0.103077,0.255403
4.0237,-0.253448,0.322835,-0.159797,0.255403
4.02395,-0.254684,0.559055,-0.260358,0.255403
4.0242,-0.205154,0.708661,-0.306881,0.255403
4.02445,-0.0445595,0.771654,-0.233026,0.255403
4.0247,0.218719,0.732283,-0.0206506,0.253424
