Time,Disturbance,Actuator,Error,RMS_E
0.400255,0.09972,0,0.102757,0
0.400505,0.28761,0,0.287504,0
0.400755,0.428468,0,0.429949,0
0.401005,0.508798,0,0.509019,0
0.401255,0.52734,0,0.53057,0
0.401505,0.494304,0,0.491942,0
0.401755,0.428134,0,0.425591,0
0.402005,0.3505,0,0.353163,0
0.402255,0.280775,0,0.279097,0
0.402505,0.23136,0,0.235426,0
0.402755,0.204938,0,0.202202,0
0.403005,0.194329,0,0.198207,0
0.403255,0.184977,0,0.189971,0
0.403505,0.159385,0,0.159617,0
0.403755,0.102369,0,0.105195,0
0.404005,0.00593806,0,0.00630049,0
0.404255,-0.127646,0,-0.13254,0
0.404505,-0.2852,0,-0.28964,0
0.404755,-0.444821,0,-0.449454,0
0.405005,-0.580169,0,-0.584533,0
0.405255,-0.666202,0,-0.669493,0
0.405505,-0.684734,0,-0.679739,0
0.405755,-0.628667,0,-0.631978,0
0.406005,-0.503836,0,-0.50752,0
0.406255,-0.328048,0,-0.330304,0
0.406505,-0.127483,0,-0.131126,0
0.406755,0.0687409,0,0.0647181,0
0.407005,0.234465,0,0.233715,0
0.407255,0.35162,0,0.347463,0
0.407505,0.413365,0,0.418237,0
0.407755,0.424555,0,0.425127,0
0.408005,0.399491,0,0.399024,0
0.408255,0.357523,0,0.358015,0
0.408505,0.317714,0,0.31498,0
0.408755,0.29376,0,0.289632,0
0.409005,0.29044,0,0.289896,0
0.409255,0.302562,0,0.303735,0
0.409505,0.316521,0,0.318269,0
0.409755,0.314161,0,0.31127,0
0.410005,0.277945,0,0.27582,0
0.410255,0.196166,0,0.199613,0
0.410505,0.0668801,0,0.0717425,0
0.410755,-0.100437,0,-0.100971,0
0.411005,-0.285984,0,-0.290588,0
0.411255,-0.463212,0,-0.464617,0
0.411505,-0.604274,0,-0.605296,0
0.411755,-0.68583,0,-0.685327,0
0.412005,-0.694109,0,-0.694263,0
0.412255,-0.627865,0,-0.629262,0
0.412505,-0.498657,0,-0.496804,0
0.412755,-0.328297,0,-0.333283,0
0.413005,-0.14413,0,-0.142073,0
0.413255,0.0267858,0,0.0275446,0
0.413505,0.163179,0,0.16223,0
0.413755,0.253643,0,0.250513,0
0.414005,0.298161,0,0.295883,0
0.414255,0.306911,0,0.303069,0
0.414505,0.296673,0,0.301413,0
0.414755,0.285763,0,0.287459,0
0.415005,0.288765,0,0.284699,0
0.415255,0.312366,0,0.30777,0
0.415505,0.353345,0,0.357802,0
0.415755,0.39921,0,0.397633,0
0.416005,0.431345,0,0.433246,0
0.416255,0.4299,0,0.426317,0
0.416505,0.379193,0,0.375695,0
0.416755,0.27241,0,0.272472,0
0.417005,0.114235,0,0.116852,0
0.417255,-0.0790464,0,-0.0816813,0
0.417506,-0.282359,0,-0.27867,0
0.417756,-0.466568,0,-0.462976,0
0.418006,-0.604467,0,-0.604915,0
0.418256,-0.676321,0,-0.677327,0
0.418506,-0.673877,0,-0.673503,0
0.418756,-0.60183,0,-0.602403,0
0.419006,-0.476516,0,-0.480535,0
0.419256,-0.321988,0,-0.325768,0
0.419506,-0.164615,0,-0.168878,0
0.419756,-0.0273318,0,-0.0275896,0
0.420006,0.0750313,0,0.0717013,0
0.420256,0.13832,0,0.134712,0
0.420506,0.168932,0,0.17152,0
0.420756,0.181034,0,0.177765,0
0.421006,0.192055,0,0.194331,0
0.421256,0.217327,0,0.219199,0
0.421506,0.265446,0,0.268778,0
0.421756,0.33536,0,0.337736,0
0.422006,0.416077,0,0.416291,0
0.422256,0.488964,0,0.491139,0
0.422506,0.532205,0,0.529265,0
0.422756,0.526211,0,0.528106,0
0.423006,0.458905,0,0.460338,0
0.423256,0.329318,0,0.327797,0
0.423506,0.14878,0,0.146539,0
0.423756,-0.0607192,0,-0.0609106,0
0.424006,-0.270595,0,-0.271216,0
0.424256,-0.451338,0,-0.448737,0
0.424506,-0.578481,0,-0.580826,0
0.424756,-0.637379,0,-0.635207,0
0.425006,-0.625849,0,-0.627419,0
0.425256,-0.55407,0,-0.553174,0
0.425506,-0.441687,0,-0.43718,0
0.425756,-0.31299,0,-0.313345,0
0.426006,-0.191216,0,-0.191575,0
0.426256,-0.0934381,0,-0.0931292,0
0.426506,-0.0270932,0,-0.0286706,0
0.426756,0.0109046,0,0.0156466,0
0.427006,0.032357,0,0.0276774,0
0.427256,0.0538061,0,0.0558325,0
0.427506,0.0913659,0,0.0878074,0
0.427756,0.155692,0,0.158202,0
0.428006,0.248306,0,0.251342,0
0.428256,0.360334,0,0.363122,0
0.428506,0.473877,0,0.47332,0
0.428756,0.565809,0,0.561432,0
0.429006,0.613111,0,0.617114,0
0.429256,0.598408,0,0.603043,0
0.429506,0.514514,0,0.519305,0
0.429756,0.366753,0,0.364984,0
0.430006,0.172448,0,0.173549,0
0.430256,-0.0422028,0,-0.0460692,0
0.430506,-0.24725,0,-0.251505,0
0.430756,-0.415052,0,-0.410673,0
0.431006,-0.525672,0,-0.526576,0
0.431256,-0.570556,0,-0.571411,0
0.431506,-0.553545,0,-0.550305,0
0.431756,-0.489242,0,-0.492883,0
0.432006,-0.398834,0,-0.39707,0
0.432256,-0.304735,0,-0.302767,0
0.432506,-0.225158,0,-0.226052,0
0.432756,-0.169999,0,-0.165918,0
0.433006,-0.138937,0,-0.139829,0
0.433256,-0.122325,0,-0.125706,0
0.433506,-0.104376,0,-0.10638,0
0.433756,-0.0680879,0,-0.0647569,0
0.434006,-0.000489818,0,-0.00209924,0
0.434256,0.103064,0,0.106684,0
0.434506,0.236594,0,0.231935,0
0.434756,0.383924,0,0.384124,0
0.435006,0.521645,0,0.52105,0
0.435256,0.624128,0,0.629103,0
0.435506,0.669189,0,0.665188,0
0.435756,0.643352,0,0.647273,0
0.436006,0.545181,0,0.540661,0
0.436256,0.386062,0,0.390032,0
0.436506,0.188129,0,0.186607,0
0.436756,-0.0201252,0,-0.0174292,0
0.437006,-0.20965,0,-0.207882,0
0.437256,-0.356683,0,-0.360197,0
0.437506,-0.447211,0,-0.448045,0
0.437756,-0.47917,0,-0.475309,0
0.438006,-0.461841,0,-0.45756,0
0.438256,-0.412733,0,-0.416041,0
0.438506,-0.352582,0,-0.352102,0
0.438756,-0.299917,0,-0.300859,0
0.439007,-0.26639,0,-0.265153,0
0.439257,-0.254033,0,-0.256503,0
0.439507,-0.25508,0,-0.254714,0
0.439757,-0.254455,0,-0.254457,0
0.440007,-0.23419,0,-0.23185,0
0.440257,-0.178726,0,-0.183294,0
0.440507,-0.0798297,0,-0.0828107,0
0.440757,0.060329,0,0.0637334,0
0.441007,0.228435,0,0.230879,0
0.441257,0.40213,0,0.40568,0
0.441507,0.554378,0,0.559084,0
0.441757,0.659149,0,0.663316,0
0.442007,0.697051,0,0.696944,0
0.442257,0.659718,0,0.663326,0
0.442507,0.55174,0,0.55449,0
0.442757,0.38981,0,0.385069,0
0.443007,0.19922,0,0.200918,0
0.443257,0.00858537,0,0.00480754,0
0.443507,-0.156139,0,-0.156899,0
0.443757,-0.276763,0,-0.273853,0
0.444007,-0.346001,0,-0.350813,0
0.444257,-0.368097,0,-0.370699,0
0.444507,-0.356634,0,-0.355163,0
0.444757,-0.330195,0,-0.334202,0
0.445007,-0.307063,0,-0.311372,0
0.445257,-0.300168,0,-0.299644,0
0.445507,-0.313581,0,-0.311626,0
0.445757,-0.341384,0,-0.337,0
0.446007,-0.369275,0,-0.368726,0
0.446257,-0.378388,0,-0.381166,0
0.446507,-0.350506,0,-0.354846,0
0.446757,-0.273317,0,-0.271031,0
0.447007,-0.144407,0,-0.144138,0
0.447257,0.0269835,0,0.0314054,0
0.447507,0.221009,0,0.220737,0
0.447757,0.410748,0,0.406837,0
0.448007,0.567663,0,0.568337,0
0.448257,0.667414,0,0.669537,0
0.448507,0.695041,0,0.694328,0
0.448757,0.648009,0,0.649067,0
0.449007,0.536608,0,0.539267,0
0.449257,0.381511,0,0.381887,0
0.449507,0.209234,0,0.210507,0
0.449757,0.0462502,0,0.0477132,0
0.450007,-0.086466,0,-0.0887125,0
0.450257,-0.177486,0,-0.177366,0
0.450507,-0.226543,0,-0.230378,0
0.450757,-0.243389,0,-0.247618,0
0.451007,-0.244325,0,-0.248411,0
0.451257,-0.247057,0,-0.246114,0
0.451507,-0.265566,0,-0.263042,0
0.451757,-0.305888,0,-0.31033,0
0.452007,-0.36411,0,-0.368594,0
0.452257,-0.42696,0,-0.426618,0
0.452507,-0.474987,0,-0.474191,0
0.452757,-0.487442,0,-0.48266,0
0.453007,-0.447807,0,-0.449824,0
0.453257,-0.348446,0,-0.345376,0
0.453507,-0.193424,0,-0.188505,0
0.453757,0.0013792,0,-0.00254466,0
0.454007,0.210911,0,0.209128,0
0.454257,0.405753,0,0.406838,0
0.454507,0.558042,0,0.561644,0
0.454757,0.647046,0,0.642862,0
0.455007,0.663367,0,0.665415,0
0.455257,0.610463,0,0.610622,0
0.455507,0.503427,0,0.502217,0
0.455757,0.365225,0,0.367994,0
0.456007,0.221383,0,0.219779,0
0.456257,0.0942132,0,0.0983235,0
0.456507,-0.00182779,0,-0.00231605,0
0.456757,-0.0626838,0,-0.065037,0
0.457007,-0.0946831,0,-0.0956321,0
0.457257,-0.111859,0,-0.11011,0
0.457507,-0.131337,0,-0.131088,0
0.457757,-0.168087,0,-0.166445,0
0.458007,-0.230242,0,-0.23122,0
0.458257,-0.316219,0,-0.31837,0
0.458507,-0.41432,0,-0.409737,0
0.458757,-0.505107,0,-0.507967,0
0.459007,-0.565797,0,-0.570373,0
0.459257,-0.575795,0,-0.579593,0
0.459507,-0.521966,0,-0.523952,0
0.459757,-0.402376,0,-0.398855,0
0.460007,-0.227574,0,-0.230491,0
0.460258,-0.019108,0,-0.0185062,0
0.460508,0.194596,0,0.19612,0
0.460758,0.383813,0,0.382902,0
0.461008,0.52344,0,0.527405,0
0.461258,0.59795,0,0.597494,0
0.461508,0.604086,0,0.607749,0
0.461758,0.550847,0,0.548527,0
0.462008,0.456737,0,0.455652,0
0.462258,0.345026,0,0.345335,0
0.462508,0.238147,0,0.242341,0
0.462758,0.152498,0,0.147627,0
0.463008,0.0950706,0,0.0948171,0
0.463258,0.0625016,0,0.0613344,0
0.463508,0.0428289,0,0.0381306,0
0.463758,0.0194623,0,0.0186328,0
0.464008,-0.0236737,0,-0.0186885,0
0.464258,-0.0970739,0,-0.093095,0
0.464508,-0.201987,0,-0.198966,0
0.464758,-0.329083,0,-0.326999,0
0.465008,-0.459784,0,-0.460879,0
0.465258,-0.570105,0,-0.573905,0
0.465508,-0.63597,0,-0.638154,0
0.465758,-0.638877,0,-0.638623,0
0.466008,-0.570463,0,-0.566054,0
0.466258,-0.434953,0,-0.439724,0
0.466508,-0.248814,0,-0.245804,0
0.466758,-0.0376865,0,-0.0344651,0
0.467008,0.168712,0,0.1654,0
0.467258,0.342579,0,0.338096,0
0.467508,0.463416,0,0.462824,0
0.467758,0.521901,0,0.521274,0
0.468008,0.520945,0,0.520406,0
0.468258,0.474086,0,0.469989,0
0.468508,0.401493,0,0.402914,0
0.468758,0.324677,0,0.329144,0
0.469008,0.261035,0,0.265651,0
0.469258,0.219793,0,0.217689,0
0.469508,0.2001,0,0.199646,0
0.469758,0.191841,0,0.196004,0
0.470008,0.178842,0,0.182553,0
0.470258,0.143818,0,0.141376,0
0.470508,0.0736001,0,0.0783505,0
0.470758,-0.0365102,0,-0.0320312,0
0.471008,-0.180384,0,-0.18255,0
0.471258,-0.341464,0,-0.343036,0
0.471508,-0.495721,0,-0.496036,0
0.471758,-0.616611,0,-0.619976,0
0.472008,-0.680867,0,-0.684713,0
0.472258,-0.673761,0,-0.677135,0
0.472508,-0.592591,0,-0.597066,0
0.472758,-0.447609,0,-0.444708,0
0.473008,-0.260026,0,-0.263266,0
0.473258,-0.0576952,0,-0.0601219,0
0.473508,0.130623,0,0.134568,0
0.473758,0.281071,0,0.276333,0
0.474008,0.379227,0,0.375357,0
0.474258,0.422403,0,0.421782,0
0.474508,0.419071,0,0.417671,0
0.474758,0.385865,0,0.383183,0
0.475008,0.342657,0,0.341511,0
0.475258,0.307187,0,0.305863,0
0.475508,0.290336,0,0.288883,0
0.475758,0.293427,0,0.296111,0
0.476008,0.308052,0,0.310901,0
0.476258,0.318506,0,0.315783,0
0.476508,0.306228,0,0.301632,0
0.476758,0.255151,0,0.258666,0
0.477008,0.156595,0,0.152569,0
0.477258,0.0125121,0,0.0159824,0
0.477508,-0.163794,0,-0.165969,0
0.477758,-0.349649,0,-0.347072,0
0.478008,-0.517419,0,-0.520867,0
0.478258,-0.640143,0,-0.640308,0
0.478508,-0.697322,0,-0.69651,0
0.478758,-0.679299,0,-0.682713,0
0.479008,-0.589379,0,-0.591479,0
0.479258,-0.443079,0,-0.439874,0
0.479508,-0.26474,0,-0.269167,0
0.479758,-0.0822733,0,-0.0861231,0
0.480008,0.0786682,0,0.0788665,0
0.480258,0.199895,0,0.201692,0
0.480508,0.273906,0,0.272512,0
0.480758,0.304476,0,0.307242,0
0.481008,0.30457,0,0.305969,0
0.481258,0.292101,0,0.291602,0
0.481508,0.284692,0,0.284661,0
0.481759,0.294546,0,0.292726,0
0.482009,0.32503,0,0.324062,0
0.482259,0.369509,0,0.366181,0
0.482509,0.41292,0,0.41309,0
0.482759,0.435585,0,0.440094,0
0.483009,0.418504,0,0.422025,0
0.483259,0.348612,0,0.348131,0
0.483509,0.222919,0,0.221521,0
0.483759,0.0502376,0,0.0527532,0
0.484009,-0.149671,0,-0.145575,0
0.484259,-0.349694,0,-0.350292,0
0.484509,-0.520695,0,-0.516072,0
0.484759,-0.637469,0,-0.635187,0
0.485009,-0.683914,0,-0.68051,0
0.485259,-0.656221,0,-0.655973,0
0.485509,-0.563418,0,-0.564558,0
0.485759,-0.425041,0,-0.420148,0
0.486009,-0.266605,0,-0.26516,0
0.486259,-0.113914,0,-0.111178,0
0.486509,0.0124606,0,0.0122844,0
0.486759,0.101217,0,0.105903,0
0.487009,0.152019,0,0.151979,0
0.487259,0.174343,0,0.17178,0
0.487509,0.184096,0,0.188969,0
0.487759,0.198562,0,0.200923,0
0.488009,0.231219,0,0.230484,0
0.488259,0.287516,0,0.284188,0
0.488509,0.362869,0,0.3618,0
0.488759,0.443255,0,0.448167,0
0.489009,0.508373,0,0.50411,0
0.489259,0.536513,0,0.537221,0
0.489509,0.510177,0,0.508766,0
0.489759,0.420819,0,0.418309,0
0.490009,0.271731,0,0.273896,0
0.490259,0.0782438,0,0.0748914,0
0.490509,-0.134795,0,-0.132323,0
0.490759,-0.337788,0,-0.337454,0
0.491009,-0.502351,0,-0.501814,0
0.491259,-0.60695,0,-0.610957,0
0.491509,-0.641081,0,-0.638357,0
0.491759,-0.607007,0,-0.607626,0
0.492009,-0.518614,0,-0.523496,0
0.492259,-0.39777,0,-0.396893,0
0.492509,-0.269055,0,-0.269049,0
0.492759,-0.154091,0,-0.152705,0
0.493009,-0.0668844,0,-0.0709359,0
0.493259,-0.011193,0,-0.0158512,0
0.493509,0.019408,0,0.022101,0
0.493759,0.0388968,0,0.0384663,0
0.494009,0.0642788,0,0.0623365,0
0.494259,0.110295,0,0.112142,0
0.494509,0.184751,0,0.187301,0
0.494759,0.285594,0,0.283554,0
0.495009,0.400534,0,0.405487,0
0.495259,0.509347,0,0.512846,0
0.495509,0.588272,0,0.585579,0
0.495759,0.61565,0,0.620315,0
0.496009,0.577218,0,0.581149,0
0.496259,0.469999,0,0.471473,0
0.496509,0.303633,0,0.299964,0
0.496759,0.0990201,0,0.103702,0
0.497009,-0.115698,0,-0.115746,0
0.497259,-0.310705,0,-0.308889,0
0.497509,-0.460467,0,-0.462611,0
0.497759,-0.548696,0,-0.546193,0
0.498009,-0.571122,0,-0.568519,0
0.498259,-0.535675,0,-0.534233,0
0.498509,-0.459767,0,-0.458234,0
0.498759,-0.365654,0,-0.362413,0
0.499009,-0.27487,0,-0.276514,0
0.499259,-0.20312,0,-0.203959,0
0.499509,-0.15684,0,-0.152221,0
0.499759,-0.132274,0,-0.129186,0
0.500009,-0.117157,0,-0.112789,0
0.500259,-0.0946925,0,-0.097205,0
0.500509,-0.0487107,0,-0.0462898,0
0.500759,0.0312987,0,0.0292778,0
0.501009,0.146433,0,0.143626,0
0.501259,0.286988,0,0.287006,0
0.501509,0.433863,0,0.430044,0
0.501759,0.562247,0,0.558208,0
0.502009,0.647063,0,0.648936,0
0.502259,0.668631,0,0.667568,0
0.502509,0.61736,0,0.619167,0
0.502759,0.496295,0,0.501187,0
0.503009,0.320895,0,0.324813,0
0.503259,0.11606,0,0.116884,0
0.503509,-0.0888379,0,-0.0859586,0
0.503759,-0.265988,0,-0.263901,0
0.504009,-0.394558,0,-0.391085,0
0.504259,-0.464563,0,-0.461615,0
0.504509,-0.478024,0,-0.481281,0
0.504759,-0.447518,0,-0.44425,0
0.505009,-0.39228,0,-0.396558,0
0.505259,-0.332882,0,-0.328898,0
0.505509,-0.285932,0,-0.285124,0
0.505759,-0.25996,0,-0.264273,0
0.506009,-0.253524,0,-0.251174,0
0.506259,-0.25595,0,-0.254861,0
0.506509,-0.250606,0,-0.248803,0
0.506759,-0.219746,0,-0.220426,0
0.507009,-0.149871,0,-0.154838,0
0.507259,-0.0360338,0,-0.0367755,0
0.507509,0.115697,0,0.114753,0
0.507759,0.288567,0,0.288728,0
0.508009,0.45803,0,0.453949,0
0.508259,0.596721,0,0.600145,0
0.508509,0.680309,0,0.679343,0
0.508759,0.692801,0,0.694399,0
0.509009,0.630165,0,0.635142,0
0.509259,0.501361,0,0.50302,0
0.509509,0.326537,0,0.327066,0
0.509759,0.13276,0,0.136226,0
0.510009,-0.0516482,0,-0.0546765,0
0.510259,-0.202849,0,-0.200812,0
0.510509,-0.306148,0,-0.310612,0
0.510759,-0.358299,0,-0.358803,0
0.511009,-0.367085,0,-0.370586,0
0.511259,-0.348335,0,-0.344854,0
0.511509,-0.321146,0,-0.326046,0
0.511759,-0.302483,0,-0.299399,0
0.512008,-0.302543,0,-0.300793,0
0.512258,-0.321983,0,-0.323303,0
0.512508,-0.351755,0,-0.353557,0
0.512758,-0.375459,0,-0.374919,0
0.513008,-0.373853,0,-0.372992,0
0.513258,-0.330179,0,-0.32622,0
0.513508,-0.235124,0,-0.230577,0
0.513758,-0.0901986,0,-0.0909281,0
0.514008,0.091518,0,0.0884988,0
0.514258,0.287276,0,0.28257,0
0.514508,0.468982,0,0.466645,0
0.514758,0.608853,0,0.606938,0
0.515008,0.685252,0,0.683797,0
0.515258,0.687215,0,0.691933,0
0.515508,0.616651,0,0.61686,0
0.515758,0.487747,0,0.48741,0
0.516008,0.323782,0,0.323091,0
0.516258,0.151874,0,0.149617,0
0.516508,-0.00279149,0,0.000829431,0
0.516758,-0.122128,0,-0.126447,0
0.517008,-0.198453,0,-0.202969,0
0.517258,-0.235118,0,-0.234245,0
0.517508,-0.244588,0,-0.242522,0
0.517758,-0.244212,0,-0.247663,0
0.518008,-0.251042,0,-0.254591,0
0.518258,-0.27671,0,-0.280147,0
0.518508,-0.324002,0,-0.322369,0
0.518758,-0.385646,0,-0.38237,0
0.519008,-0.445843,0,-0.444628,0
0.519258,-0.4841,0,-0.485278,0
0.519508,-0.480529,0,-0.479733,0
0.519758,-0.421099,0,-0.422717,0
0.520008,-0.301957,0,-0.30013,0
0.520258,-0.131255,0,-0.128643,0
0.520508,0.0716024,0,0.0710098,0
0.520758,0.279501,0,0.284432,0
0.521008,0.462878,0,0.465811,0
0.521258,0.5957,0,0.595622,0
0.521508,0.660726,0,0.661673,0
0.521758,0.652791,0,0.651836,0
0.522008,0.57956,0,0.582874,0
0.522258,0.459284,0,0.455796,0
0.522508,0.31642,0,0.311676,0
0.522758,0.175993,0,0.176117,0
0.523008,0.0581452,0,0.0609271,0
0.523258,-0.0260019,0,-0.0231075,0
0.523508,-0.0760331,0,-0.0736018,0
0.523758,-0.101246,0,-0.102563,0
0.524008,-0.117281,0,-0.114881,0
0.524258,-0.141121,0,-0.136414,0
0.524508,-0.185899,0,-0.181311,0
0.524758,-0.256699,0,-0.255001,0
0.525008,-0.348467,0,-0.348025,0
0.525258,-0.446547,0,-0.449027,0
0.525508,-0.529819,0,-0.526729,0
0.525757,-0.575611,0,-0.571824,0
0.526007,-0.565284,0,-0.568111,0
0.526257,-0.489126,0,-0.492776,0
0.526507,-0.349379,0,-0.354293,0
0.526757,-0.160557,0,-0.156656,0
0.527007,0.0529752,0,0.053396,0
0.527257,0.261702,0,0.258147,0
0.527507,0.436784,0,0.439855,0
0.527757,0.555883,0,0.557994,0
0.528007,0.607377,0,0.608801,0
0.528257,0.592213,0,0.594492,0
0.528507,0.522992,0,0.524448,0
0.528757,0.420395,0,0.418927,0
0.529007,0.308027,0,0.308624,0
0.529257,0.206805,0,0.20509,0
0.529507,0.130263,0,0.12788,0
0.529757,0.081944,0,0.0770347,0
0.530007,0.0553075,0,0.0526776,0
0.530257,0.0363395,0,0.0385591,0
0.530507,0.00804866,0,0.0109638,0
0.530757,-0.0443607,0,-0.0490372,0
0.531007,-0.12857,0,-0.130655,0
0.531257,-0.242354,0,-0.241166,0
0.531507,-0.373041,0,-0.371143,0
0.531757,-0.499763,0,-0.498305,0
0.532007,-0.597871,0,-0.602754,0
0.532257,-0.644547,0,-0.640215,0
0.532507,-0.624225,0,-0.621511,0
0.532757,-0.532552,0,-0.529082,0
0.533007,-0.377971,0,-0.374055,0
0.533257,-0.180452,0,-0.178455,0
0.533507,0.0324039,0,0.0312316,0
0.533757,0.230853,0,0.232175,0
0.534007,0.388985,0,0.392514,0
0.534257,0.489688,0,0.493342,0
0.534507,0.527684,0,0.532346,0
0.534757,0.509669,0,0.514449,0
0.535007,0.451939,0,0.447685,0
0.535257,0.375698,0,0.374262,0
0.535507,0.301637,0,0.305904,0
0.535757,0.244834,0,0.240799,0
0.536007,0.211273,0,0.210032,0
0.536257,0.196822,0,0.197779,0
0.536507,0.188945,0,0.187107,0
0.536757,0.170527,0,0.170311,0
0.537007,0.125083,0,0.126265,0
0.537257,0.0417966,0,0.0404059,0
0.537507,-0.0805986,0,-0.0767298,0
0.537757,-0.232366,0,-0.231159,0
0.538007,-0.394073,0,-0.3956,0
0.538257,-0.54026,0,-0.541418,0
0.538507,-0.644827,0,-0.645989,0
0.538757,-0.686792,0,-0.686079,0
0.539007,-0.655101,0,-0.65051,0
0.539257,-0.551335,0,-0.554107,0
0.539506,-0.389672,0,-0.385371,0
0.539756,-0.194045,0,-0.190804,0
0.540006,0.00671649,0,0.00520675,0
0.540256,0.184874,0,0.184407,0
0.540506,0.319258,0,0.322882,0
0.540756,0.399166,0,0.402894,0
0.541006,0.425751,0,0.421848,0
0.541256,0.410553,0,0.410369,0
0.541506,0.371906,0,0.369175,0
0.541756,0.32954,0,0.331903,0
0.542006,0.299378,0,0.300262,0
0.542256,0.289373,0,0.293251,0
0.542506,0.297569,0,0.297397,0
0.542756,0.312801,0,0.312107,0
0.543006,0.317883,0,0.316753,0
0.543256,0.294469,0,0.292745,0
0.543506,0.228452,0,0.23318,0
0.543756,0.114328,0,0.115558,0
0.544006,-0.0421873,0,-0.041473,0
0.544256,-0.2244,0,-0.219531,0
0.544506,-0.407476,0,-0.412396,0
0.544756,-0.563352,0,-0.559207,0
0.545006,-0.666598,0,-0.670662,0
0.545256,-0.699825,0,-0.703683,0
0.545506,-0.657503,0,-0.65752,0
0.545756,-0.547087,0,-0.543139,0
0.546006,-0.387465,0,-0.382753,0
0.546256,-0.204751,0,-0.209162,0
0.546506,-0.026753,0,-0.0293358,0
0.546756,0.122828,0,0.126786,0
0.547006,0.22903,0,0.22546,0
0.547256,0.288092,0,0.292548,0
0.547506,0.307046,0,0.305796,0
0.547756,0.301003,0,0.300379,0
0.548006,0.288418,0,0.289868,0
0.548256,0.285621,0,0.284423,0
0.548506,0.302253,0,0.300096,0
0.548756,0.338439,0,0.341145,0
0.549006,0.384531,0,0.386439,0
0.549256,0.42347,0,0.425454,0
0.549506,0.435191,0,0.437547,0
0.549756,0.40211,0,0.399869,0
0.550006,0.314038,0,0.312797,0
0.550256,0.171695,0,0.168302,0
0.550506,-0.0123276,0,-0.00908316,0
0.550756,-0.215423,0,-0.217961,0
0.551006,-0.409195,0,-0.411396,0
0.551256,-0.565144,0,-0.569311,0
0.551506,-0.660508,0,-0.657903,0
0.551756,-0.68292,0,-0.681907,0
0.552006,-0.632766,0,-0.628313,0
0.552256,-0.5228,0,-0.527215,0
0.552506,-0.375089,0,-0.377325,0
0.552756,-0.215855,0,-0.214779,0
0.553006,-0.0697667,0,-0.0676272,0
0.553255,0.0452453,0,0.0418081,0
0.553505,0.121346,0,0.125338,0
0.553755,0.161581,0,0.158143,0
0.554005,0.178,0,0.180671,0
0.554255,0.187441,0,0.191367,0
0.554505,0.206584,0,0.20532,0
0.554755,0.246668,0,0.247258,0
0.555005,0.310038,0,0.308345,0
0.555255,0.3889,0,0.386984,0
0.555505,0.466781,0,0.463412,0
0.555755,0.522345,0,0.522312,0
0.556005,0.534653,0,0.538566,0
0.556255,0.488589,0,0.48697,0
0.556505,0.379229,0,0.378072,0
0.556755,0.213803,0,0.210151,0
0.557005,0.0110832,0,0.00859925,0
0.557255,-0.201994,0,-0.201516,0
0.557505,-0.395581,0,-0.393349,0
0.557755,-0.542905,0,-0.543646,0
0.558005,-0.625604,0,-0.630395,0
0.558255,-0.63719,0,-0.641373,0
0.558505,-0.583873,0,-0.584299,0
0.558755,-0.482533,0,-0.487053,0
0.559005,-0.356571,0,-0.358742,0
0.559255,-0.230186,0,-0.226392,0
0.559505,-0.122996,0,-0.125335,0
0.559755,-0.0459075,0,-0.0453638,0
0.560005,0.000686132,0,0.0050005,0
0.560255,0.0259979,0,0.0242475,0
0.560505,0.0455113,0,0.0488916,0
0.560755,0.0760765,0,0.0752167,0
0.561005,0.130698,0,0.133205,0
0.561255,0.21423,0,0.211635,0
0.561505,0.321301,0,0.322958,0
0.561755,0.436743,0,0.441386,0
0.562005,0.538662,0,0.543512,0
0.562255,0.603365,0,0.599176,0
0.562505,0.611004,0,0.612871,0
0.562755,0.550576,0,0.547882,0
0.563005,0.423052,0,0.422907,0
0.563255,0.241906,0,0.241061,0
0.563505,0.0308878,0,0.0307492,0
0.563755,-0.180715,0,-0.176626,0
0.564005,-0.363827,0,-0.360204,0
0.564255,-0.495384,0,-0.493051,0
0.564505,-0.562714,0,-0.560779,0
0.564755,-0.565534,0,-0.562634,0
0.565005,-0.515138,0,-0.519047,0
0.565255,-0.431008,0,-0.426825,0
0.565505,-0.335816,0,-0.333847,0
0.565755,-0.249729,0,-0.250114,0
0.566005,-0.185795,0,-0.181509,0
0.566255,-0.147217,0,-0.150974,0
0.566505,-0.127254,0,-0.125536,0
0.566755,-0.11172,0,-0.110871,0
0.567005,-0.0834381,0,-0.0837902,0
0.567254,-0.0275116,0,-0.023423,0
0.567504,0.0639066,0,0.06861,0
0.567754,0.188582,0,0.187267,0
0.568004,0.33354,0,0.329056,0
0.568254,0.477399,0,0.47773,0
0.568504,0.594657,0,0.592149,0
0.568754,0.661333,0,0.658228,0
0.569004,0.660496,0,0.659032,0
0.569254,0.586371,0,0.582703,0
0.569504,0.446039,0,0.450943,0
0.569754,0.258393,0,0.260717,0
0.570004,0.050311,0,0.046684,0
0.570254,-0.148635,0,-0.148292,0
0.570504,-0.312311,0,-0.315196,0
0.570754,-0.422996,0,-0.418332,0
0.571004,-0.474465,0,-0.478269,0
0.571254,-0.472363,0,-0.471091,0
0.571504,-0.431855,0,-0.429925,0
0.571754,-0.373161,0,-0.368935,0
0.572004,-0.316205,0,-0.320229,0
0.572254,-0.275381,0,-0.275483,0
0.572504,-0.256173,0,-0.253386,0
0.572754,-0.254027,0,-0.251976,0
0.573004,-0.255961,0,-0.25309,0
0.573254,-0.244423,0,-0.247595,0
0.573504,-0.202446,0,-0.203116,0
0.573754,-0.118804,0,-0.116838,0
0.574004,0.00812403,0,0.0108429,0
0.574254,0.168747,0,0.16754,0
0.574504,0.343446,0,0.341946,0
0.574754,0.506158,0,0.507755,0
0.575004,0.629867,0,0.627077,0
0.575254,0.692337,0,0.692932,0
0.575504,0.681054,0,0.678881,0
0.575754,0.596095,0,0.597681,0
0.576004,0.450251,0,0.454628,0
0.576254,0.266358,0,0.26863,0
0.576504,0.0725818,0,0.0758584,0
0.576754,-0.103592,0,-0.100105,0
0.577004,-0.240843,0,-0.243136,0
0.577254,-0.327878,0,-0.328955,0
0.577504,-0.365114,0,-0.360647,0
0.577754,-0.363289,0,-0.365549,0
0.578004,-0.339826,0,-0.341628,0
0.578254,-0.313709,0,-0.311689,0
0.578504,-0.30025,0,-0.29526,0
0.578754,-0.306811,0,-0.310416,0
0.579004,-0.330893,0,-0.329406,0
0.579254,-0.360741,0,-0.364401,0
0.579504,-0.37856,0,-0.38175,0
0.579754,-0.365285,0,-0.367166,0
0.580004,-0.30602,0,-0.301609,0
0.580254,-0.194603,0,-0.19125,0
0.580504,-0.0361867,0,-0.0364725,0
0.580754,0.152748,0,0.151584,0
0.581003,0.347223,0,0.349377,0
0.581253,0.518592,0,0.51805,0
0.581503,0.640442,0,0.64409,0
0.581753,0.69406,0,0.692869,0
0.582003,0.672424,0,0.671154,0
0.582253,0.581502,0,0.585048,0
0.582503,0.4388,0,0.438247,0
0.582753,0.269372,0,0.270293,0
0.583003,0.100415,0,0.102345,0
0.583253,-0.0446543,0,-0.0494056,0
0.583503,-0.150773,0,-0.150585,0
0.583753,-0.21381,0,-0.208882,0
0.584003,-0.240265,0,-0.241508,0
0.584253,-0.244684,0,-0.247398,0
0.584503,-0.2449,0,-0.24478,0
0.584753,-0.256745,0,-0.255852,0
0.585003,-0.289378,0,-0.290498,0
0.585253,-0.342422,0,-0.338525,0
0.585503,-0.405632,0,-0.403085,0
0.585753,-0.461235,0,-0.46186,0
0.586003,-0.488306,0,-0.489771,0
0.586253,-0.468278,0,-0.46828,0
0.586503,-0.389967,0,-0.392106,0
0.586753,-0.253195,0,-0.249279,0
0.587003,-0.0698486,0,-0.0666682,0
0.587253,0.137748,0,0.141279,0
0.587503,0.341081,0,0.338613,0
0.587753,0.511062,0,0.51403,0
0.588003,0.62392,0,0.62566,0
0.588253,0.66598,0,0.66574,0
0.588503,0.636158,0,0.637534,0
0.588753,0.545793,0,0.544928,0
0.589003,0.415643,0,0.411647,0
0.589253,0.270958,0,0.268743,0
0.589503,0.135826,0,0.136565,0
0.589753,0.0278635,0,0.0326924,0
0.590003,-0.0451078,0,-0.050028,0
0.590253,-0.0859591,0,-0.0837035,0
0.590503,-0.106472,0,-0.105726,0
0.590753,-0.123207,0,-0.125475,0
0.591003,-0.152513,0,-0.152176,0
0.591253,-0.205366,0,-0.20307,0
0.591503,-0.283783,0,-0.27906,0
0.591753,-0.379499,0,-0.380342,0
0.592003,-0.47539,0,-0.474872,0
0.592253,-0.549255,0,-0.545931,0
0.592503,-0.579094,0,-0.574523,0
0.592753,-0.548617,0,-0.551468,0
0.593003,-0.451636,0,-0.451144,0
0.593253,-0.294384,0,-0.290259,0
0.593503,-0.0948054,0,-0.097712,0
0.593753,0.120481,0,0.115985,0
0.594003,0.321534,0,0.320315,0
0.594253,0.481001,0,0.481115,0
0.594503,0.579537,0,0.578469,0
0.594752,0.609405,0,0.607858,0
0.595002,0.575451,0,0.579559,0
0.595252,0.493277,0,0.495413,0
0.595502,0.385084,0,0.386095,0
0.595752,0.274212,0,0.274508,0
0.596002,0.17973,0,0.174941,0
0.596252,0.112182,0,0.110604,0
0.596502,0.0718042,0,0.0728838,0
0.596752,0.0493302,0,0.0446851,0
0.597002,0.0292584,0,0.0247643,0
0.597252,-0.00527523,0,-0.00747262,0
0.597502,-0.0672809,0,-0.0638473,0
0.597752,-0.161518,0,-0.161745,0
0.598002,-0.282437,0,-0.28637,0
0.598252,-0.414408,0,-0.417667,0
0.598502,-0.534826,0,-0.532095,0
0.598752,-0.618998,0,-0.619731,0
0.599002,-0.64584,0,-0.644897,0
0.599252,-0.602982,0,-0.60231,0
0.599502,-0.490064,0,-0.492367,0
0.599752,-0.319382,0,-0.320898,0
0.600002,-0.113854,0,-0.114267,0
0.600252,0.0976407,0,0.0953296,0
0.600502,0.285881,0,0.283359,0
0.600752,0.427285,0,0.424523,0
0.601002,0.508275,0,0.505799,0
0.601252,0.527442,0,0.528025,0
0.601502,0.494882,0,0.49823,0
0.601752,0.428968,0,0.427139,0
0.602002,0.351352,0,0.346594,0
0.602252,0.281453,0,0.280867,0
0.602502,0.231787,0,0.226895,0
0.602752,0.205131,0,0.204944,0
0.603002,0.194416,0,0.189501,0
0.603252,0.185151,0,0.188156,0
0.603502,0.159843,0,0.156294,0
0.603752,0.103276,0,0.103966,0
0.604002,0.00734396,0,0.0107378,0
0.604252,-0.125839,0,-0.124134,0
0.604502,-0.283214,0,-0.286792,0
0.604752,-0.442936,0,-0.44408,0
0.605002,-0.578731,0,-0.579746,0
0.605252,-0.665507,0,-0.665604,0
0.605502,-0.684965,0,-0.680172,0
0.605752,-0.629854,0,-0.633105,0
0.606002,-0.505848,0,-0.507861,0
0.606252,-0.330607,0,-0.3276,0
0.606502,-0.130178,0,-0.130334,0
0.606752,0.0662852,0,0.0704299,0
0.607002,0.232536,0,0.230841,0
0.607252,0.350405,0,0.353115,0
0.607502,0.412892,0,0.416529,0
0.607752,0.424697,0,0.420492,0
0.608002,0.400005,0,0.396783,0
0.608252,0.358141,0,0.361044,0
0.608501,0.318198,0,0.319643,0
0.608751,0.293954,0,0.2961,0
0.609001,0.290352,0,0.286547,0
0.609251,0.302327,0,0.30009,0
0.609501,0.316383,0,0.311505,0
0.609751,0.3144,0,0.310424,0
0.610001,0.278801,0,0.274476,0
0.610251,0.197762,0,0.198965,0
0.610501,0.0691717,0,0.0660234,0
0.610751,-0.0976687,0,-0.102222,0
0.611001,-0.283113,0,-0.285615,0
0.611251,-0.460683,0,-0.45577,0
0.611501,-0.602479,0,-0.605922,0
0.611751,-0.685093,0,-0.681926,0
0.612001,-0.694574,0,-0.691366,0
0.612251,-0.629473,0,-0.627938,0
0.612501,-0.501146,0,-0.498318,0
0.612751,-0.331263,0,-0.331181,0
0.613001,-0.147117,0,-0.146388,0
0.613251,0.0241899,0,0.0192025,0
0.613501,0.161284,0,0.158641,0
0.613751,0.252533,0,0.256493,0
0.614001,0.297757,0,0.292824,0
0.614251,0.306981,0,0.31053,0
0.614501,0.296908,0,0.29242,0
0.614751,0.285869,0,0.287944,0
0.615001,0.288543,0,0.290696,0
0.615251,0.311777,0,0.310922,0
0.615501,0.352545,0,0.355241,0
0.615751,0.39846,0,0.395505,0
0.616001,0.431009,0,0.43439,0
0.616251,0.43031,0,0.425867,0
0.616501,0.380587,0,0.377848,0
0.616751,0.274829,0,0.275061,0
0.617001,0.117515,0,0.115999,0
0.617251,-0.0753021,0,-0.0764614,0
0.617501,-0.278677,0,-0.277396,0
0.617751,-0.463481,0,-0.45961,0
0.618001,-0.602455,0,-0.599491,0
0.618251,-0.675653,0,-0.672385,0
0.618501,-0.674606,0,-0.67319,0
0.618751,-0.603781,0,-0.607294,0
0.619001,-0.479294,0,-0.481962,0
0.619251,-0.325098,0,-0.327818,0
0.619501,-0.167559,0,-0.164615,0
0.619751,-0.0297184,0,-0.028786,0
0.620001,0.0733906,0,0.0712949,0
0.620251,0.137442,0,0.134975,0
0.620501,0.168565,0,0.165693,0
0.620751,0.180865,0,0.179019,0
0.621001,0.191739,0,0.189748,0
0.621251,0.216608,0,0.21306,0
0.621501,0.264223,0,0.269019,0
0.621751,0.333755,0,0.334393,0
0.622001,0.414425,0,0.417169,0
0.62225,0.487691,0,0.488929,0
0.6225,0.531738,0,0.535988,0
0.62275,0.526933,0,0.529662,0
0.623,0.46098,0,0.459337,0
0.62325,0.332656,0,0.329266,0
0.6235,0.15303,0,0.152363,0
0.62375,-0.0560948,0,-0.0534704,0
0.624,-0.266264,0,-0.267232,0
0.62425,-0.447902,0,-0.450499,0
0.6245,-0.576394,0,-0.573472,0
0.62475,-0.636863,0,-0.640091,0
0.625,-0.626821,0,-0.629269,0
0.62525,-0.556197,0,-0.560975,0
0.6255,-0.444471,0,-0.445924,0
0.62575,-0.315881,0,-0.320772,0
0.626,-0.193753,0,-0.188986,0
0.62625,-0.095322,0,-0.094871,0
0.6265,-0.0282676,0,-0.0291954,0
0.62675,0.0102666,0,0.00586563,0
0.627,0.0319184,0,0.0301076,0
0.62725,0.0532001,0,0.0569294,0
0.6275,0.0902288,0,0.0949806,0
0.62775,0.153853,0,0.153612,0
0.628,0.245846,0,0.247357,0
0.62825,0.357575,0,0.362518,0
0.6285,0.471346,0,0.469065,0
0.62875,0.564061,0,0.564425,0
0.629,0.612651,0,0.612591,0
0.62925,0.599574,0,0.602193,0
0.6295,0.517342,0,0.513789,0
0.62975,0.37099,0,0.375768,0
0.63,0.177561,0,0.176637,0
0.63025,-0.0369076,0,-0.0416774,0
0.6305,-0.242522,0,-0.239113,0
0.63075,-0.411523,0,-0.410946,0
0.631,-0.523703,0,-0.525665,0
0.63125,-0.570215,0,-0.566094,0
0.6315,-0.554632,0,-0.558971,0
0.63175,-0.491296,0,-0.489722,0
0.632,-0.401273,0,-0.40523,0
0.63225,-0.30702,0,-0.310416,0
0.6325,-0.226912,0,-0.223678,0
0.63275,-0.171091,0,-0.167057,0
0.633,-0.139511,0,-0.141957,0
0.63325,-0.122711,0,-0.126051,0
0.6335,-0.105023,0,-0.10564,0
0.63375,-0.0694127,0,-0.069199,0
0.634,-0.00271757,0,-0.00104942,0
0.63425,0.0998943,0,0.101501,0
0.6345,0.232774,0,0.234047,0
0.63475,0.379986,0,0.381663,0
0.635,0.518308,0,0.519798,0
0.63525,0.622034,0,0.619135,0
0.6355,0.668868,0,0.673547,0
0.63575,0.645038,0,0.644359,0
0.636,0.548758,0,0.548952,0
0.636249,0.391051,0,0.390536,0
0.636499,0.193856,0,0.191749,0
0.636749,-0.0144765,0,-0.0128763,0
0.636999,-0.204858,0,-0.209684,0
0.637249,-0.353308,0,-0.34886,0
0.637499,-0.445486,0,-0.440787,0
0.637749,-0.479004,0,-0.480989,0
0.637999,-0.462866,0,-0.46776,0
0.638249,-0.414381,0,-0.417936,0
0.638499,-0.354274,0,-0.357469,0
0.638749,-0.301193,0,-0.300503,0
0.638999,-0.267039,0,-0.268119,0
0.639249,-0.254143,0,-0.253697,0
0.639499,-0.254989,0,-0.253522,0
0.639749,-0.254665,0,-0.255343,0
0.639999,-0.23522,0,-0.234527,0
0.640249,-0.18097,0,-0.180882,0
0.640499,-0.0833871,0,-0.0860603,0
0.640749,0.0556984,0,0.0547331,0
0.640999,0.223235,0,0.228184,0
0.641249,0.397119,0,0.399176,0
0.641499,0.550407,0,0.553552,0
0.641749,0.656904,0,0.65792,0
0.641999,0.696999,0,0.701692,0
0.642249,0.661945,0,0.661575,0
0.642499,0.555936,0,0.556519,0
0.642749,0.39533,0,0.400125,0
0.642999,0.205231,0,0.208343,0
0.643249,0.014177,0,0.0122798,0
0.643499,-0.151654,0,-0.151645,0
0.643749,-0.273784,0,-0.272543,0
0.643999,-0.344598,0,-0.343367,0
0.644249,-0.368003,0,-0.363715,0
0.644499,-0.357324,0,-0.359307,0
0.644749,-0.331065,0,-0.335006,0
0.644999,-0.307594,0,-0.305788,0
0.645249,-0.30007,0,-0.302455,0
0.645499,-0.312862,0,-0.309675,0
0.645749,-0.340383,0,-0.342181,0
0.645999,-0.368571,0,-0.367479,0
0.646249,-0.378586,0,-0.374207,0
0.646499,-0.352137,0,-0.348984,0
0.646749,-0.27665,0,-0.280471,0
0.646999,-0.149358,0,-0.149944,0
0.647249,0.0208844,0,0.0167281,0
0.647499,0.214531,0,0.211237,0
0.647749,0.404872,0,0.399997,0
0.647999,0.563286,0,0.566699,0
0.648249,0.665215,0,0.666711,0
0.648499,0.695344,0,0.693081,0
0.648749,0.650707,0,0.650103,0
0.648999,0.541184,0,0.541854,0
0.649249,0.38718,0,0.386674,0
0.649499,0.215057,0,0.215698,0
0.649749,0.0513896,0,0.0481282,0
0.649998,-0.0826197,0,-0.0820915,0
0.650248,-0.17511,0,-0.176702,0
0.650498,-0.225478,0,-0.230186,0
0.650748,-0.243189,0,-0.238244,0
0.650998,-0.244358,0,-0.240488,0
0.651248,-0.246758,0,-0.247628,0
0.651498,-0.264563,0,-0.26169,0
0.651748,-0.304129,0,-0.300615,0
0.651998,-0.361887,0,-0.363219,0
0.652248,-0.424861,0,-0.422145,0
0.652498,-0.473783,0,-0.476218,0
0.652748,-0.487818,0,-0.486871,0
0.652998,-0.45022,0,-0.446097,0
0.653248,-0.352993,0,-0.355899,0
0.653498,-0.199768,0,-0.196631,0
0.653748,-0.006023,0,-0.0045258,0
0.653998,0.203453,0,0.203404,0
0.654248,0.399311,0,0.401656,0
0.654498,0.553554,0,0.553048,0
0.654748,0.645073,0,0.650022,0
0.654998,0.664045,0,0.667124,0
0.655248,0.613464,0,0.612404,0
0.655498,0.508047,0,0.51138,0
0.655748,0.370563,0,0.367799,0
0.655998,0.226512,0,0.228976,0
0.656248,0.098422,0,0.101828,0
0.656498,0.00110989,0,-0.00182499,0
0.656748,-0.0610064,0,-0.0577413,0
0.656998,-0.0938687,0,-0.0940755,0
0.657248,-0.111291,0,-0.110339,0
0.657498,-0.130379,0,-0.131187,0
0.657748,-0.16627,0,-0.164675,0
0.657998,-0.22742,0,-0.230064,0
0.658248,-0.312623,0,-0.313239,0
0.658498,-0.410568,0,-0.414337,0
0.658748,-0.502037,0,-0.506825,0
0.658998,-0.564295,0,-0.560882,0
0.659248,-0.576533,0,-0.576273,0
0.659498,-0.525274,0,-0.523669,0
0.659748,-0.408118,0,-0.404371,0
0.659998,-0.23515,0,-0.232701,0
0.660248,-0.0275164,0,-0.0284182,0
0.660498,0.186525,0,0.18303,0
0.660748,0.377188,0,0.37289,0
0.660998,0.519114,0,0.516837,0
0.661248,0.596322,0,0.600551,0
0.661498,0.605068,0,0.609173,0
0.661748,0.553872,0,0.554928,0
0.661998,0.460964,0,0.465729,0
0.662248,0.349525,0,0.352833,0
0.662498,0.242094,0,0.241867,0
0.662748,0.1554,0,0.150704,0
0.662998,0.0968414,0,0.0945134,0
0.663248,0.0634795,0,0.0684105,0
0.663498,0.0436008,0,0.0416614,0
0.663747,0.0206904,0,0.0190363,0
0.663997,-0.0213798,0,-0.0205488,0
0.664247,-0.0934423,0,-0.0984182,0
0.664497,-0.197166,0,-0.192359,0
0.664747,-0.323639,0,-0.325004,0
0.664997,-0.454624,0,-0.452243,0
0.665247,-0.566265,0,-0.561822,0
0.665497,-0.634406,0,-0.630718,0
0.665747,-0.640167,0,-0.637221,0
0.665997,-0.574714,0,-0.573775,0
0.666247,-0.441766,0,-0.437318,0
0.666497,-0.2573,0,-0.257525,0
0.666747,-0.0466576,0,-0.0477606,0
0.666997,0.160509,0,0.160825,0
0.667247,0.336188,0,0.337912,0
0.667497,0.459534,0,0.45704,0
0.667747,0.520676,0,0.524563,0
0.667997,0.522035,0,0.524549,0
0.668247,0.476768,0,0.477441,0
0.668497,0.40484,0,0.409478,0
0.668747,0.327806,0,0.332658,0
0.668997,0.263346,0,0.260518,0
0.669247,0.221086,0,0.219591,0
0.669497,0.200612,0,0.200406,0
0.669747,0.192177,0,0.19649,0
0.669997,0.179758,0,0.182464,0
0.670247,0.14602,0,0.142464,0
0.670497,0.0774899,0,0.0810032,0
0.670747,-0.030891,0,-0.0259619,0
0.670997,-0.173533,0,-0.169364,0
0.671247,-0.334298,0,-0.33709,0
0.671497,-0.489399,0,-0.487675,0
0.671747,-0.612292,0,-0.617279,0
0.671997,-0.679462,0,-0.684456,0
0.672247,-0.675685,0,-0.679125,0
0.672497,-0.597715,0,-0.59772,0
0.672747,-0.455206,0,-0.453542,0
0.672997,-0.26899,0,-0.273285,0
0.673247,-0.0667137,0,-0.0636866,0
0.673497,0.122785,0,0.119406,0
0.673747,0.275322,0,0.276553,0
0.673997,0.375993,0,0.377094,0
0.674247,0.421533,0,0.418342,0
0.674497,0.420005,0,0.418021,0
0.674747,0.387741,0,0.391185,0
0.674997,0.344594,0,0.347986,0
0.675247,0.308463,0,0.307323,0
0.675497,0.290642,0,0.287388,0
0.675747,0.292923,0,0.297276,0
0.675997,0.307313,0,0.311873,0
0.676247,0.318367,0,0.314763,0
0.676497,0.307571,0,0.304894,0
0.676747,0.258576,0,0.255298,0
0.676997,0.162299,0,0.165529,0
0.677247,0.0201564,0,0.0236839,0
0.677496,-0.155078,0,-0.15299,0
0.677746,-0.341058,0,-0.33688,0
0.677996,-0.510288,0,-0.512855,0
0.678246,-0.635669,0,-0.632867,0
0.678496,-0.696279,0,-0.698553,0
0.678746,-0.681869,0,-0.679234,0
0.678996,-0.595129,0,-0.593231,0
0.679246,-0.451043,0,-0.44981,0
0.679496,-0.273633,0,-0.273264,0
0.679746,-0.0907471,0,-0.0953516,0
0.679996,0.0717028,0,0.0732019,0
0.680246,0.195106,0,0.199589,0
0.680496,0.271402,0,0.276254,0
0.680746,0.30382,0,0.30067,0
0.680996,0.305001,0,0.300952,0
0.681246,0.292725,0,0.295657,0
0.681496,0.284717,0,0.284854,0
0.681746,0.293565,0,0.289793,0
0.681996,0.323105,0,0.326203,0
0.682246,0.367181,0,0.365202,0
0.682496,0.41107,0,0.411346,0
0.682746,0.435235,0,0.432177,0
0.682996,0.420527,0,0.417679,0
0.683246,0.353449,0,0.349266,0
0.683496,0.230445,0,0.229207,0
0.683746,0.0597529,0,0.0572025,0
0.683996,-0.139369,0,-0.141364,0
0.684246,-0.34009,0,-0.336007,0
0.684496,-0.513191,0,-0.515055,0
0.684746,-0.633168,0,-0.63723,0
0.684996,-0.683368,0,-0.687056,0
0.685246,-0.659321,0,-0.662193,0
0.685496,-0.569443,0,-0.568463,0
0.685746,-0.432818,0,-0.433797,0
0.685996,-0.274781,0,-0.277394,0
0.686246,-0.121252,0,-0.12135,0
0.686496,0.00684978,0,0.00954719,0
0.686746,0.0976393,0,0.102476,0
0.686996,0.150223,0,0.150242,0
0.687246,0.173638,0,0.176009,0
0.687496,0.183605,0,0.180472,0
0.687746,0.19745,0,0.201492,0
0.687996,0.228939,0,0.225692,0
0.688246,0.284019,0,0.286747,0
0.688496,0.358641,0,0.3627,0
0.688746,0.43922,0,0.443197,0
0.688996,0.50567,0,0.508206,0
0.689246,0.536252,0,0.538073,0
0.689496,0.513116,0,0.512577,0
0.689746,0.427125,0,0.429719,0
0.689996,0.280933,0,0.283815,0
0.690246,0.0892783,0,0.0887893,0
0.690496,-0.123406,0,-0.119067,0
0.690746,-0.327664,0,-0.327235,0
0.690996,-0.494917,0,-0.494915,0
0.691245,-0.603094,0,-0.604955,0
0.691495,-0.641069,0,-0.643449,0
0.691745,-0.610394,0,-0.613654,0
0.691995,-0.524432,0,-0.529125,0
0.692245,-0.404731,0,-0.400469,0
0.692495,-0.275857,0,-0.272723,0
0.692745,-0.159721,0,-0.154983,0
0.692995,-0.0708182,0,-0.0664759,0
0.693245,-0.0134928,0,-0.00930787,0
0.693495,0.0181977,0,0.0205981,0
0.693745,0.0378323,0,0.0334827,0
0.693995,0.0624578,0,0.0667315,0
0.694245,0.107048,0,0.102912,0
0.694495,0.179883,0,0.184393,0
0.694745,0.279489,0,0.277459,0
0.694995,0.394108,0,0.398201,0
0.695245,0.503851,0,0.500233,0
0.695495,0.585046,0,0.588336,0
0.695745,0.615752,0,0.61684,0
0.695995,0.58121,0,0.5788,0
0.696245,0.477711,0,0.480674,0
0.696495,0.314228,0,0.312816,0
0.696745,0.11109,0,0.112483,0
0.696995,-0.103838,0,-0.104579,0
0.697245,-0.30068,0,-0.298947,0
0.697495,-0.453524,0,-0.456167,0
0.697745,-0.545456,0,-0.543514,0
0.697995,-0.571542,0,-0.573998,0
0.698245,-0.538978,0,-0.543735,0
0.698495,-0.464807,0,-0.465708,0
0.698745,-0.371132,0,-0.369566,0
0.698995,-0.27967,0,-0.275346,0
0.699245,-0.206564,0,-0.206657,0
0.699495,-0.158839,0,-0.162769,0
0.699745,-0.133291,0,-0.13208,0
0.699995,-0.118068,0,-0.116724,0
0.700245,-0.0964753,0,-0.0970918,0
0.700495,-0.0522299,0,-0.0553567,0
0.700745,0.025676,0,0.0235381,0
0.700995,0.138925,0,0.140279,0
0.701245,0.278451,0,0.281242,0
0.701495,0.425595,0,0.427573,0
0.701745,0.555759,0,0.551101,0
0.701995,0.643718,0,0.641258,0
0.702245,0.669336,0,0.665914,0
0.702495,0.62232,0,0.621118,0
0.702745,0.504984,0,0.509815,0
0.702995,0.332121,0,0.333213,0
0.703245,0.128218,0,0.123953,0
0.703495,-0.0774767,0,-0.0767449,0
0.703745,-0.256887,0,-0.261065,0
0.703995,-0.388666,0,-0.392547,0
0.704245,-0.462116,0,-0.465108,0
0.704495,-0.478603,0,-0.477621,0
0.704745,-0.450167,0,-0.446043,0
0.704994,-0.395786,0,-0.39632,0
0.705244,-0.336112,0,-0.340064,0
0.705494,-0.288117,0,-0.291468,0
0.705744,-0.260873,0,-0.264905,0
0.705994,-0.25351,0,-0.256536,0
0.706244,-0.255837,0,-0.26001,0
0.706494,-0.251443,0,-0.255752,0
0.706744,-0.222511,0,-0.218618,0
0.706994,-0.15511,0,-0.154716,0
0.707244,-0.0437633,0,-0.0448186,0
0.707494,0.106135,0,0.107709,0
0.707744,0.278383,0,0.276585,0
0.707994,0.448778,0,0.45375,0
0.708244,0.589975,0,0.585659,0
0.708494,0.677298,0,0.672378,0
0.708744,0.694151,0,0.697441,0
0.708994,0.635745,0,0.637469,0
0.709244,0.510308,0,0.511297,0
0.709494,0.337452,0,0.333179,0
0.709744,0.143982,0,0.141542,0
0.709994,-0.0416743,0,-0.0371715,0
0.710244,-0.195301,0,-0.191828,0
0.710494,-0.301583,0,-0.302539,0
0.710744,-0.356587,0,-0.354612,0
0.710994,-0.367515,0,-0.36552,0
0.711244,-0.349825,0,-0.354261,0
0.711494,-0.32262,0,-0.321933,0
0.711744,-0.303112,0,-0.306851,0
0.711994,-0.301968,0,-0.297993,0
0.712244,-0.320448,0,-0.323836,0
0.712494,-0.350006,0,-0.353252,0
0.712744,-0.374583,0,-0.375982,0
0.712994,-0.374952,0,-0.370711,0
0.713244,-0.334065,0,-0.332215,0
0.713494,-0.24208,0,-0.240532,0
0.713744,-0.0997946,0,-0.102125,0
0.713994,0.0803641,0,0.0781619,0
0.714244,0.276048,0,0.277291,0
0.714494,0.459344,0,0.462854,0
0.714744,0.602308,0,0.603588,0
0.714994,0.682808,0,0.681947,0
0.715244,0.689164,0,0.693236,0
0.715494,0.622528,0,0.618138,0
0.715744,0.496433,0,0.496918,0
0.715994,0.333774,0,0.331051,0
0.716244,0.161572,0,0.165212,0
0.716494,0.00532366,0,0.0073229,0
0.716744,-0.116381,0,-0.118873,0
0.716994,-0.195199,0,-0.198367,0
0.717244,-0.233896,0,-0.232687,0
0.717494,-0.244493,0,-0.240724,0
0.717744,-0.244182,0,-0.244752,0
0.717994,-0.250198,0,-0.255176,0
0.718244,-0.274606,0,-0.271198,0
0.718494,-0.320756,0,-0.321864,0
0.718744,-0.38193,0,-0.382894,0
0.718993,-0.442745,0,-0.446213,0
0.719243,-0.482854,0,-0.479997,0
0.719493,-0.482155,0,-0.483714,0
0.719743,-0.426188,0,-0.429461,0
0.719993,-0.310405,0,-0.314966,0
0.720243,-0.142272,0,-0.137522,0
0.720493,0.0594103,0,0.0570186,0
0.720743,0.267857,0,0.266535,0
0.720993,0.453425,0,0.45004,0
0.721243,0.589749,0,0.587568,0
0.721493,0.65896,0,0.662725,0
0.721743,0.655176,0,0.652126,0
0.721993,0.585324,0,0.588245,0
0.722243,0.467119,0,0.469438,0
0.722493,0.324859,0,0.324905,0
0.722743,0.183683,0,0.188528,0
0.722993,0.0641008,0,0.0635647,0
0.723243,-0.0221148,0,-0.0183954,0
0.723493,-0.0739507,0,-0.0779068,0
0.723743,-0.100224,0,-0.1016,0
0.723993,-0.116313,0,-0.120501,0
0.724243,-0.139261,0,-0.135341,0
0.724493,-0.182596,0,-0.181966,0
0.724743,-0.251926,0,-0.249065,0
0.724993,-0.342794,0,-0.34531,0
0.725243,-0.441048,0,-0.438419,0
0.725493,-0.525805,0,-0.522876,0
0.725743,-0.574338,0,-0.579301,0
0.725993,-0.567631,0,-0.562694,0
0.726243,-0.49536,0,-0.492695,0
0.726493,-0.35901,0,-0.355298,0
0.726743,-0.172443,0,-0.175881,0
0.726993,0.0404399,0,0.0406512,0
0.727243,0.250253,0,0.246334,0
0.727493,0.427981,0,0.423708,0
0.727743,0.550782,0,0.55352,0
0.727993,0.606287,0,0.609363,0
0.728243,0.594753,0,0.594714,0
0.728493,0.52816,0,0.532416,0
0.728743,0.426831,0,0.422783,0
0.728993,0.314408,0,0.31291,0
0.729243,0.212083,0,0.210073,0
0.729493,0.133926,0,0.137086,0
0.729743,0.0840634,0,0.0863451,0
0.729993,0.0564714,0,0.0518538,0
0.730243,0.0375185,0,0.0355994,0
0.730493,0.0101987,0,0.007654,0
0.730743,-0.040495,0,-0.0432244,0
0.730993,-0.12281,0,-0.122887,0
0.731243,-0.235132,0,-0.23621,0
0.731493,-0.365348,0,-0.362293,0
0.731743,-0.49296,0,-0.490771,0
0.731993,-0.593397,0,-0.59008,0
0.732243,-0.643564,0,-0.638726,0
0.732493,-0.627359,0,-0.627388,0
0.732742,-0.539721,0,-0.535409,0
0.732992,-0.388338,0,-0.383967,0
0.733242,-0.192605,0,-0.1877,0
0.733492,0.0201825,0,0.0205093,0
0.733742,0.220237,0,0.220865,0
0.733992,0.381261,0,0.378393,0
0.734242,0.485557,0,0.485361,0
0.734492,0.527134,0,0.525486,0
0.734742,0.512014,0,0.509268,0
0.734992,0.456028,0,0.451454,0
0.735242,0.380237,0,0.379162,0
0.735492,0.305565,0,0.3084,0
0.735742,0.247502,0,0.247116,0
0.735992,0.212613,0,0.210877,0
0.736242,0.197344,0,0.196068,0
0.736492,0.189535,0,0.189776,0
0.736742,0.17218,0,0.173889,0
0.736992,0.128659,0,0.128996,0
0.737242,0.0477135,0,0.0448575,0
0.737492,-0.0725598,0,-0.0737606,0
0.737742,-0.223075,0,-0.221702,0
0.737992,-0.384867,0,-0.383385,0
0.738242,-0.532688,0,-0.537169,0
0.738492,-0.640314,0,-0.637062,0
0.738742,-0.686324,0,-0.683214,0
0.738992,-0.658981,0,-0.655033,0
0.739242,-0.559125,0,-0.556966,0
0.739492,-0.400219,0,-0.402071,0
0.739742,-0.205805,0,-0.207869,0
0.739992,-0.00454686,0,-0.00332295,0
0.740242,0.175583,0,0.175232,0
0.740492,0.312908,0,0.317605,0
0.740742,0.396054,0,0.397132,0
0.740992,0.425488,0,0.428459,0
0.741242,0.412298,0,0.412996,0
0.741492,0.374454,0,0.37545,0
0.741742,0.331785,0,0.334486,0
0.741992,0.300607,0,0.298855,0
0.742242,0.289392,0,0.286703,0
0.742492,0.296761,0,0.292753,0
0.742742,0.312017,0,0.307195,0
0.742992,0.318202,0,0.315658,0
0.743242,0.296903,0,0.298627,0
0.743492,0.233599,0,0.237708,0
0.743742,0.122199,0,0.119216,0
0.743992,-0.0322229,0,-0.0309029,0
0.744242,-0.213565,0,-0.211766,0
0.744492,-0.39735,0,-0.394328,0
0.744742,-0.555546,0,-0.559496,0
0.744992,-0.662406,0,-0.666306,0
0.745242,-0.69997,0,-0.697206,0
0.745492,-0.661948,0,-0.658128,0
0.745742,-0.55508,0,-0.550507,0
0.745992,-0.39763,0,-0.398947,0
0.746242,-0.215458,0,-0.216888,0
0.746491,-0.0364734,0,-0.0391675,0
0.746741,0.115264,0,0.114879,0
0.746991,0.224194,0,0.220279,0
0.747241,0.285861,0,0.281226,0
0.747491,0.306784,0,0.302783,0
0.747741,0.301719,0,0.302246,0
0.747991,0.289022,0,0.293069,0
0.748241,0.285308,0,0.283643,0
0.748491,0.30071,0,0.300914,0
0.748741,0.335937,0,0.334001,0
0.748991,0.381863,0,0.377998,0
0.749241,0.421757,0,0.420157,0
0.749491,0.435605,0,0.436896,0
0.749741,0.405492,0,0.402516,0
0.749991,0.320703,0,0.320562,0
0.750241,0.181283,0,0.180933,0
0.750491,-0.000902805,0,0.0034381,0
0.750741,-0.203637,0,-0.206711,0
0.750991,-0.398752,0,-0.403148,0
0.751241,-0.557592,0,-0.561972,0
0.751491,-0.656917,0,-0.657244,0
0.751741,-0.683664,0,-0.679742,0
0.751991,-0.637479,0,-0.634005,0
0.752241,-0.530472,0,-0.53468,0
0.752491,-0.38425,0,-0.382607,0
0.752741,-0.224927,0,-0.219943,0
0.752991,-0.0775018,0,-0.0778193,0
0.753241,0.0396317,0,0.0423646,0
0.753491,0.118004,0,0.119363,0
0.753741,0.16006,0,0.156008,0
0.753991,0.177394,0,0.177744,0
0.754241,0.186777,0,0.190159,0
0.754491,0.204975,0,0.20484,0
0.754741,0.243677,0,0.243794,0
0.754991,0.305826,0,0.303424,0
0.755241,0.384168,0,0.38624,0
0.755491,0.462662,0,0.459546,0
0.755741,0.520117,0,0.516108,0
0.755991,0.535421,0,0.538672,0
0.756241,0.493007,0,0.492046,0
0.756491,0.387246,0,0.387884,0
0.756741,0.224668,0,0.222341,0
0.756991,0.0234131,0,0.0258204,0
0.757241,-0.189908,0,-0.193614,0
0.757491,-0.385411,0,-0.390248,0
0.757741,-0.536016,0,-0.536034,0
0.757991,-0.622758,0,-0.619916,0
0.758241,-0.63841,0,-0.643206,0
0.758491,-0.588473,0,-0.589802,0
0.758741,-0.489342,0,-0.486167,0
0.758991,-0.36413,0,-0.368072,0
0.759241,-0.237149,0,-0.238609,0
0.759491,-0.128432,0,-0.132191,0
0.759741,-0.0494857,0,-0.0511843,0
0.759991,-0.00129486,0,1.93703e-05,0
0.76024,0.024867,0,0.0242546,0
0.76049,0.0442443,0,0.0406068,0
0.76074,0.0737539,0,0.0710266,0
0.76099,0.126737,0,0.129203,0
0.76124,0.208629,0,0.206165,0
0.76149,0.314677,0,0.315487,0
0.76174,0.430192,0,0.428334,0
0.76199,0.533551,0,0.529434,0
0.76224,0.601012,0,0.602369,0
0.76249,0.61236,0,0.616026,0
0.76274,0.555969,0,0.551793,0
0.76299,0.43209,0,0.436869,0
0.76324,0.253519,0,0.251185,0
0.76349,0.0434403,0,0.0473351,0
0.76374,-0.168953,0,-0.173441,0
0.76399,-0.354428,0,-0.356121,0
0.76424,-0.489459,0,-0.487298,0
0.76449,-0.560637,0,-0.563677,0
0.76474,-0.566984,0,-0.568544,0
0.76499,-0.519193,0,-0.521192,0
0.76524,-0.436423,0,-0.434367,0
0.76549,-0.341271,0,-0.342778,0
0.76574,-0.254202,0,-0.25674,0
0.76599,-0.188801,0,-0.190257,0
0.76624,-0.148853,0,-0.144922,0
0.76649,-0.128118,0,-0.129767,0
0.76674,-0.112791,0,-0.115856,0
0.76699,-0.0857009,0,-0.0865838,0
0.76724,-0.031677,0,-0.0325282,0
0.76749,0.0576385,0,0.053207,0
0.76774,0.18061,0,0.18383,0
0.76799,0.324927,0,0.329488,0
0.76824,0.469535,0,0.473081,0
0.76849,0.589034,0,0.58885,0
0.76874,0.659194,0,0.655142,0
0.76899,0.662544,0,0.665504,0
0.76924,0.592593,0,0.594221,0
0.76949,0.455698,0,0.458901,0
0.76974,0.270117,0,0.270948,0
0.76999,0.0624136,0,0.0653229,0
0.77024,-0.137832,0,-0.138873,0
0.77049,-0.304136,0,-0.304621,0
0.77074,-0.41818,0,-0.41879,0
0.77099,-0.47306,0,-0.477564,0
0.77124,-0.47372,0,-0.477076,0
0.77149,-0.434906,0,-0.436707,0
0.77174,-0.376709,0,-0.37677,0
0.77199,-0.319176,0,-0.318929,0
0.77224,-0.277167,0,-0.277886,0
0.77249,-0.256741,0,-0.256271,0
0.77274,-0.253898,0,-0.251018,0
0.77299,-0.256056,0,-0.257824,0
0.77324,-0.245766,0,-0.245882,0
0.77349,-0.205934,0,-0.207337,0
0.77374,-0.124855,0,-0.126673,0
0.773989,-0.000290755,0,0.000184272,0
0.774239,0.158821,0,0.156588,0
0.774489,0.333374,0,0.33141,0
0.774739,0.497538,0,0.501159,0
0.774989,0.62419,0,0.624885,0
0.775239,0.690665,0,0.69026,0
0.775489,0.683778,0,0.678908,0
0.775739,0.602851,0,0.599504,0
0.775989,0.459986,0,0.458006,0
0.776239,0.277575,0,0.278014,0
0.776489,0.0835827,0,0.0797446,0
0.776739,-0.0942968,0,-0.0973764,0
0.776989,-0.23419,0,-0.231363,0
0.777239,-0.324234,0,-0.323404,0
0.777489,-0.36415,0,-0.361632,0
0.777739,-0.364157,0,-0.366225,0
0.777989,-0.341439,0,-0.340284,0
0.778239,-0.315011,0,-0.317028,0
0.778489,-0.300514,0,-0.302659,0
0.778739,-0.30588,0,-0.308158,0
0.778989,-0.329186,0,-0.332316,0
0.779239,-0.359163,0,-0.356719,0
0.779489,-0.378217,0,-0.376365,0
0.779739,-0.367216,0,-0.36484,0
0.779989,-0.310886,0,-0.310855,0
0.780239,-0.202433,0,-0.199071,0
0.780489,-0.0464064,0,-0.0452718,0
0.780739,0.141371,0,0.136959,0
0.780989,0.336319,0,0.338405,0
0.781239,0.509795,0,0.510182,0
0.781489,0.635107,0,0.635538,0
0.781739,0.692997,0,0.695597,0
0.781989,0.675686,0,0.674704,0
0.782239,0.588402,0,0.584177,0
0.782489,0.448052,0,0.44524,0
0.782739,0.279443,0,0.279868,0
0.782989,0.109751,0,0.105565,0
0.783239,-0.0372275,0,-0.0361706,0
0.783489,-0.145826,0,-0.14886,0
0.783739,-0.211246,0,-0.208708,0
0.783989,-0.239482,0,-0.238234,0
0.784239,-0.2447,0,-0.246509,0
0.784489,-0.244687,0,-0.243505,0
0.784739,-0.255544,0,-0.254199,0
0.784989,-0.286878,0,-0.291682,0
0.785239,-0.338917,0,-0.336042,0
0.785489,-0.40198,0,-0.40693,0
0.785739,-0.458586,0,-0.456374,0
0.785989,-0.487882,0,-0.486825,0
0.786239,-0.470983,0,-0.47504,0
0.786489,-0.396171,0,-0.399687,0
0.786739,-0.262577,0,-0.265275,0
0.786989,-0.0813937,0,-0.0771572,0
0.787239,0.125535,0,0.1305,0
0.787489,0.329956,0,0.326747,0
0.787739,0.502592,0,0.505793,0
0.787988,0.619245,0,0.617648,0
0.788238,0.66555,0,0.660971,0
0.788488,0.639697,0,0.639867,0
0.788738,0.552348,0,0.550201,0
0.788988,0.423835,0,0.427332,0
0.789238,0.279301,0,0.275293,0
0.789488,0.143042,0,0.144244,0
0.789738,0.0331774,0,0.0307932,0
0.789988,-0.0418432,0,-0.0406526,0
0.790238,-0.0843051,0,-0.0888033,0
0.790488,-0.105538,0,-0.100612,0
0.790738,-0.122018,0,-0.117044,0
0.790988,-0.150227,0,-0.154065,0
0.791238,-0.201566,0,-0.206201,0
0.791488,-0.278636,0,-0.276194,0
0.791738,-0.373734,0,-0.377742,0
0.791988,-0.470211,0,-0.465253,0
0.792238,-0.545979,0,-0.550549,0
0.792488,-0.578889,0,-0.57571,0
0.792738,-0.552185,0,-0.556691,0
0.792988,-0.459033,0,-0.460023,0
0.793238,-0.304888,0,-0.304666,0
0.793488,-0.107121,0,-0.10243,0
0.793738,0.108067,0,0.105536,0
0.793988,0.310797,0,0.307194,0
0.794238,0.473298,0,0.471854,0
0.794488,0.575695,0,0.57647,0
0.794738,0.609525,0,0.60501,0
0.794988,0.578927,0,0.577396,0
0.795238,0.498978,0,0.503866,0
0.795488,0.391643,0,0.396061,0
0.795738,0.280359,0,0.277114,0
0.795988,0.184537,0,0.181829,0
0.796238,0.115298,0,0.114803,0
0.796488,0.0735176,0,0.0739854,0
0.796738,0.0503894,0,0.0525352,0
0.796988,0.0306504,0,0.0321364,0
0.797238,-0.00263018,0,0.00205999,0
0.797488,-0.0627935,0,-0.0675865,0
0.797738,-0.155213,0,-0.158156,0
0.797988,-0.274913,0,-0.274782,0
0.798238,-0.406811,0,-0.408884,0
0.798488,-0.528609,0,-0.524466,0
0.798738,-0.615514,0,-0.612673,0
0.798988,-0.646116,0,-0.646852,0
0.799238,-0.607427,0,-0.608905,0
0.799488,-0.498347,0,-0.494738,0
0.799738,-0.330496,0,-0.332437,0
0.799988,-0.126232,0,-0.123769,0
0.800238,0.0857177,0,0.0820889,0
0.800488,0.276035,0,0.273597,0
0.800738,0.420676,0,0.418086,0
0.800988,0.505323,0,0.501208,0
0.801238,0.527894,0,0.528119,0
0.801488,0.497886,0,0.497145,0
0.801737,0.433316,0,0.431012,0
0.801987,0.355802,0,0.353696,0
0.802237,0.28504,0,0.280336,0
0.802487,0.23402,0,0.238056,0
0.802737,0.206144,0,0.205793,0
0.802987,0.194824,0,0.195691,0
0.803237,0.185947,0,0.187929,0
0.803487,0.162029,0,0.160478,0
0.803737,0.107582,0,0.107959,0
0.803987,0.0139795,0,0.0165827,0
0.804237,-0.117277,0,-0.118433,0
0.804487,-0.273759,0,-0.273494,0
0.804737,-0.434043,0,-0.429829,0
0.804987,-0.571977,0,-0.568625,0
0.805237,-0.662186,0,-0.659943,0
0.805487,-0.68586,0,-0.689139,0
0.805737,-0.635037,0,-0.638034,0
0.805987,-0.514641,0,-0.514079,0
0.806237,-0.341714,0,-0.340062,0
0.806487,-0.141975,0,-0.146539,0
0.806737,0.0554692,0,0.0583673,0
0.806987,0.224073,0,0.228545,0
0.807237,0.345059,0,0.340838,0
0.807487,0.410761,0,0.410681,0
0.807737,0.425188,0,0.424022,0
0.807987,0.402105,0,0.400011,0
0.808237,0.360685,0,0.358373,0
0.808487,0.320181,0,0.319112,0
0.808737,0.294798,0,0.294119,0
0.808987,0.290037,0,0.291378,0
0.809237,0.301427,0,0.301323,0
0.809487,0.315838,0,0.312341,0
0.809737,0.31527,0,0.312947,0
0.809987,0.282018,0,0.286215,0
0.810237,0.203775,0,0.200439,0
0.810487,0.0777964,0,0.0734253,0
0.810737,-0.0872766,0,-0.0863401,0
0.810987,-0.272298,0,-0.272856,0
0.811237,-0.451079,0,-0.453056,0
0.811487,-0.595682,0,-0.597809,0
0.811737,-0.68222,0,-0.685335,0
0.811987,-0.696109,0,-0.696575,0
0.812237,-0.635131,0,-0.636183,0
0.812487,-0.509954,0,-0.508478,0
0.812737,-0.341759,0,-0.34601,0
0.812987,-0.157669,0,-0.152835,0
0.813237,0.0150342,0,0.0109125,0
0.813487,0.154516,0,0.15206,0
0.813737,0.248534,0,0.251937,0
0.813987,0.296238,0,0.294121,0
0.814237,0.307136,0,0.30351,0
0.814487,0.297695,0,0.302324,0
0.814737,0.286251,0,0.284863,0
0.814987,0.287851,0,0.286877,0
0.815237,0.309876,0,0.308309,0
0.815486,0.349867,0,0.348358,0
0.815736,0.395954,0,0.393631,0
0.815986,0.42986,0,0.434751,0
0.816236,0.431585,0,0.433077,0
0.816486,0.384998,0,0.384893,0
0.816736,0.282451,0,0.286634,0
0.816986,0.12779,0,0.125678,0
0.817236,-0.0635849,0,-0.06252,0
0.817486,-0.267105,0,-0.268489,0
0.817736,-0.453775,0,-0.451603,0
0.817986,-0.596046,0,-0.596512,0
0.818236,-0.673411,0,-0.678401,0
0.818486,-0.676672,0,-0.675816,0
0.818736,-0.609552,0,-0.606318,0
0.818986,-0.487565,0,-0.492307,0
0.819236,-0.334364,0,-0.332583,0
0.819486,-0.176331,0,-0.174347,0
0.819736,-0.0368477,0,-0.0400713,0
0.819986,0.0685121,0,0.0695958,0
0.820236,0.134716,0,0.132956,0
0.820486,0.167418,0,0.167929,0
0.820736,0.180343,0,0.18105,0
0.820986,0.190837,0,0.188322,0
0.821236,0.214596,0,0.213426,0
0.821486,0.260815,0,0.262054,0
0.821736,0.329278,0,0.326878,0
0.821986,0.409728,0,0.414276,0
0.822236,0.484005,0,0.48394,0
0.822486,0.530365,0,0.531597,0
0.822736,0.528821,0,0.529107,0
0.822986,0.466565,0,0.4664,0
0.823236,0.34167,0,0.336911,0
0.823486,0.164481,0,0.161005,0
0.823736,-0.0436725,0,-0.0399799,0
0.823986,-0.254583,0,-0.259297,0
0.824236,-0.438623,0,-0.435036,0
0.824486,-0.570727,0,-0.571371,0
0.824736,-0.635313,0,-0.636117,0
0.824986,-0.629199,0,-0.628133,0
0.825236,-0.56163,0,-0.563689,0
0.825486,-0.451648,0,-0.447621,0
0.825736,-0.323354,0,-0.325277,0
0.825986,-0.2003,0,-0.19715,0
0.826236,-0.10018,0,-0.101202,0
0.826486,-0.0312756,0,-0.0350934,0
0.826736,0.0086502,0,0.00452358,0
0.826986,0.0308541,0,0.0271846,0
0.827236,0.0516599,0,0.0544958,0
0.827486,0.0874086,0,0.0855397,0
0.827736,0.149347,0,0.144811,0
0.827986,0.239837,0,0.243299,0
0.828236,0.350846,0,0.35506,0
0.828486,0.465074,0,0.463418,0
0.828736,0.559663,0,0.56432,0
0.828986,0.611386,0,0.60782,0
0.829235,0.602196,0,0.59891,0
0.829485,0.523978,0,0.527116,0
0.829735,0.380984,0,0.385021,0
0.829985,0.189639,0,0.187445,0
0.830235,-0.0244161,0,-0.028745,0
0.830485,-0.23138,0,-0.234101,0
0.830735,-0.403138,0,-0.408132,0
0.830985,-0.51898,0,-0.521322,0
0.831235,-0.569313,0,-0.567849,0
0.831485,-0.557021,0,-0.557652,0
0.831735,-0.495911,0,-0.491704,0
0.831985,-0.406812,0,-0.405834,0
0.832235,-0.312245,0,-0.311597,0
0.832485,-0.230951,0,-0.234122,0
0.832735,-0.173598,0,-0.169865,0
0.832985,-0.14078,0,-0.137877,0
0.833235,-0.12353,0,-0.124806,0
0.833485,-0.106369,0,-0.10613,0
0.833735,-0.0722169,0,-0.0748865,0
0.833985,-0.00757839,0,-0.00680342,0
0.834235,0.0930024,0,0.0900357,0
0.834485,0.224476,0,0.224022,0
0.834735,0.371446,0,0.368109,0
0.834985,0.510975,0,0.515855,0
0.835235,0.617374,0,0.615368,0
0.835485,0.668,0,0.668054,0
0.835735,0.648434,0,0.650514,0
0.835985,0.556167,0,0.551788,0
0.836235,0.401531,0,0.396885,0
0.836485,0.205889,0,0.208922,0
0.836735,-0.00261179,0,-0.00189897,0
0.836985,-0.194761,0,-0.190228,0
0.837235,-0.346168,0,-0.34919,0
0.837485,-0.441799,0,-0.444602,0
0.837735,-0.478559,0,-0.480741,0
0.837985,-0.464883,0,-0.462573,0
0.838235,-0.417711,0,-0.416685,0
0.838485,-0.357719,0,-0.355828,0
0.838735,-0.303827,0,-0.299767,0
0.838985,-0.26842,0,-0.267604,0
0.839235,-0.254397,0,-0.258378,0
0.839485,-0.254773,0,-0.255518,0
0.839735,-0.255023,0,-0.258121,0
0.839985,-0.237159,0,-0.241333,0
0.840235,-0.185246,0,-0.182921,0
0.840485,-0.090232,0,-0.0938892,0
0.840735,0.0466742,0,0.0464684,0
0.840985,0.213096,0,0.210571,0
0.841235,0.38733,0,0.387979,0
0.841485,0.542543,0,0.538623,0
0.841735,0.652389,0,0.650034,0
0.841985,0.696701,0,0.69502,0
0.842235,0.66601,0,0.661256,0
0.842485,0.563768,0,0.565128,0
0.842735,0.4057,0,0.40768,0
0.842984,0.216534,0,0.212895,0
0.843234,0.0247985,0,0.022843,0
0.843484,-0.143089,0,-0.141992,0
0.843734,-0.268077,0,-0.272585,0
0.843984,-0.341875,0,-0.339672,0
0.844234,-0.367749,0,-0.366967,0
0.844484,-0.358563,0,-0.362708,0
0.844734,-0.332676,0,-0.328255,0
0.844984,-0.308612,0,-0.306264,0
0.845234,-0.299946,0,-0.296943,0
0.845484,-0.311625,0,-0.313085,0
0.845734,-0.338613,0,-0.336794,0
0.845984,-0.367233,0,-0.362913,0
0.846234,-0.378835,0,-0.376766,0
0.846484,-0.354915,0,-0.353543,0
0.846734,-0.282452,0,-0.279597,0
0.846984,-0.158033,0,-0.160986,0
0.847234,0.0101636,0,0.00851263,0
0.847484,0.203136,0,0.203981,0
0.847734,0.394437,0,0.394504,0
0.847984,0.55542,0,0.552078,0
0.848234,0.661161,0,0.657754,0
0.848484,0.695671,0,0.692096,0
0.848734,0.655213,0,0.656057,0
0.848984,0.548973,0,0.550059,0
0.849234,0.396856,0,0.399058,0
0.849484,0.22503,0,0.224526,0
0.849734,0.0602171,0,0.0617011,0
0.849984,-0.0759092,0,-0.0798229,0
0.850234,-0.170939,0,-0.166443,0
0.850484,-0.223583,0,-0.220982,0
0.850734,-0.24277,0,-0.242579,0
0.850984,-0.244429,0,-0.241179,0
0.851234,-0.246312,0,-0.243519,0
0.851484,-0.262959,0,-0.265577,0
0.851734,-0.301261,0,-0.299118,0
0.851984,-0.358235,0,-0.359525,0
0.852234,-0.421399,0,-0.419847,0
0.852484,-0.471696,0,-0.466945,0
0.852734,-0.48828,0,-0.489371,0
0.852984,-0.454016,0,-0.452771,0
0.853234,-0.360235,0,-0.359774,0
0.853484,-0.209938,0,-0.209806,0
0.853734,-0.0179357,0,-0.0183773,0
0.853984,0.191412,0,0.19191,0
0.854234,0.388863,0,0.38754,0
0.854484,0.54615,0,0.542555,0
0.854734,0.641705,0,0.639453,0
0.854984,0.664928,0,0.667337,0
0.855234,0.618079,0,0.616829,0
0.855484,0.51527,0,0.513672,0
0.855734,0.378944,0,0.377773,0
0.855984,0.234602,0,0.239231,0
0.856234,0.10509,0,0.102339,0
0.856484,0.0057675,0,0.00354604,0
0.856734,-0.0583062,0,-0.0580912,0
0.856983,-0.0925488,0,-0.0902799,0
0.857233,-0.110384,0,-0.105619,0
0.857483,-0.12892,0,-0.131298,0
0.857733,-0.16355,0,-0.15993,0
0.857983,-0.223166,0,-0.219788,0
0.858233,-0.307191,0,-0.31097,0
0.858483,-0.40486,0,-0.408695,0
0.858733,-0.497313,0,-0.492874,0
0.858983,-0.561864,0,-0.562353,0
0.859233,-0.577471,0,-0.574108,0
0.859483,-0.530091,0,-0.53101,0
0.859733,-0.416599,0,-0.416573,0
0.859983,-0.246352,0,-0.248779,0
0.860233,-0.0399993,0,-0.0419116,0
0.860483,0.174497,0,0.172929,0
0.860733,0.367274,0,0.36665,0
0.860983,0.512567,0,0.516547,0
0.861233,0.593755,0,0.591857,0
0.861483,0.606341,0,0.609805,0
0.861733,0.558182,0,0.562904,0
0.861983,0.467085,0,0.466103,0
0.862233,0.356076,0,0.357701,0
0.862483,0.247868,0,0.24778,0
0.862733,0.159669,0,0.158425,0
0.862983,0.0994623,0,0.103715,0
0.863233,0.0648684,0,0.0672039,0
0.863483,0.0446306,0,0.0439415,0
0.863733,0.0224187,0,0.0244613,0
0.863983,-0.0181731,0,-0.013537,0
0.864233,-0.0883549,0,-0.0911188,0
0.864483,-0.190389,0,-0.186956,0
0.864733,-0.315983,0,-0.317214,0
0.864983,-0.447325,0,-0.451573,0
0.865233,-0.560767,0,-0.556753,0
0.865483,-0.632,0,-0.628406,0
0.865733,-0.641736,0,-0.640678,0
0.865983,-0.580455,0,-0.575777,0
0.866233,-0.451094,0,-0.448299,0
0.866483,-0.268994,0,-0.265246,0
0.866733,-0.0590739,0,-0.0600612,0
0.866983,0.149132,0,0.147802,0
0.867233,0.327295,0,0.323629,0
0.867483,0.454058,0,0.452768,0
0.867733,0.518865,0,0.51873,0
0.867983,0.523424,0,0.526931,0
0.868233,0.480323,0,0.481737,0
0.868483,0.409344,0,0.408057,0
0.868733,0.332067,0,0.33142,0
0.868983,0.266528,0,0.268584,0
0.869233,0.222881,0,0.221562,0
0.869483,0.20133,0,0.198432,0
0.869733,0.192571,0,0.195832,0
0.869983,0.180866,0,0.178288,0
0.870233,0.148796,0,0.150168,0
0.870483,0.0825636,0,0.0851708,0
0.870732,-0.0235539,0,-0.0193832,0
0.870982,-0.164562,0,-0.16783,0
0.871232,-0.324875,0,-0.320616,0
0.871482,-0.481044,0,-0.477163,0
0.871732,-0.606498,0,-0.602711,0
0.871982,-0.6774,0,-0.681175,0
0.872232,-0.677955,0,-0.678628,0
0.872482,-0.604138,0,-0.603752,0
0.872732,-0.46491,0,-0.460506,0
0.872982,-0.280516,0,-0.28347,0
0.873232,-0.0783678,0,-0.0752779,0
0.873482,0.1126,0,0.110423,0
0.873732,0.267821,0,0.268749,0
0.873982,0.371701,0,0.369107,0
0.874232,0.42033,0,0.421746,0
0.874482,0.421147,0,0.41883,0
0.874732,0.390105,0,0.386397,0
0.874982,0.347047,0,0.348138,0
0.875232,0.310123,0,0.31498,0
0.875482,0.2911,0,0.290773,0
0.875732,0.29235,0,0.289709,0
0.875982,0.30639,0,0.305237,0
0.876232,0.318136,0,0.313974,0
0.876482,0.309077,0,0.309442,0
0.876732,0.262639,0,0.259312,0
0.876982,0.169185,0,0.16751,0
0.877232,0.0294561,0,0.0260142,0
0.877482,-0.144369,0,-0.143255,0
0.877732,-0.330453,0,-0.334059,0
0.877982,-0.501428,0,-0.496643,0
0.878232,-0.630008,0,-0.626474,0
0.878482,-0.694773,0,-0.696377,0
0.878732,-0.684771,0,-0.682888,0
0.878982,-0.601909,0,-0.606534,0
0.879232,-0.460554,0,-0.461094,0
0.879482,-0.284321,0,-0.283937,0
0.879732,-0.101024,0,-0.105075,0
0.879982,0.0632046,0,0.0617099,0
0.880232,0.1892,0,0.192663,0
0.880482,0.268241,0,0.265269,0
0.880732,0.302981,0,0.304263,0
0.880982,0.305514,0,0.310412,0
0.881232,0.293482,0,0.289983,0
0.881482,0.284811,0,0.285137,0
0.881732,0.292479,0,0.292011,0
0.881982,0.320894,0,0.316598,0
0.882232,0.364465,0,0.367044,0
0.882482,0.408878,0,0.40677,0
0.882732,0.434742,0,0.433329,0
0.882982,0.422693,0,0.418895,0
0.883232,0.358865,0,0.362182,0
0.883482,0.238995,0,0.238861,0
0.883732,0.0706355,0,0.0714522,0
0.883982,-0.12752,0,-0.131467,0
0.884232,-0.328926,0,-0.326683,0
0.884481,-0.504386,0,-0.504972,0
0.884731,-0.628006,0,-0.624572,0
0.884981,-0.6825,0,-0.686136,0
0.885231,-0.662662,0,-0.667339,0
0.885481,-0.576168,0,-0.578339,0
0.885731,-0.44157,0,-0.444769,0
0.885981,-0.284042,0,-0.28112,0
0.886231,-0.129607,0,-0.126973,0
0.886481,0.000366281,0,-0.000791158,0
0.886731,0.0934456,0,0.0925269,0
0.886981,0.14808,0,0.152348,0
0.887231,0.172823,0,0.169453,0
0.887481,0.183115,0,0.17978,0
0.887731,0.196277,0,0.193782,0
0.887981,0.22649,0,0.223216,0
0.888231,0.280212,0,0.281012,0
0.888481,0.353987,0,0.352258,0
0.888731,0.434729,0,0.430182,0
0.888981,0.502604,0,0.501773,0
0.889231,0.535818,0,0.532143,0
0.889481,0.516141,0,0.516773,0
0.889731,0.433826,0,0.429358,0
0.889981,0.290826,0,0.288333,0
0.890231,0.101213,0,0.10058,0
0.890481,-0.111034,0,-0.106647,0
0.890731,-0.316597,0,-0.320203,0
0.890981,-0.486659,0,-0.490812,0
0.891231,-0.598683,0,-0.600893,0
0.891481,-0.640809,0,-0.645338,0
0.891731,-0.613871,0,-0.613641,0
0.891981,-0.530588,0,-0.530546,0
0.892231,-0.412147,0,-0.408808,0
0.892481,-0.283154,0,-0.282889,0
0.892731,-0.165793,0,-0.167844,0
0.892981,-0.0750886,0,-0.0705207,0
0.893231,-0.0160024,0,-0.0145711,0
0.893481,0.0168289,0,0.0192292,0
0.893731,0.0367276,0,0.0404808,0
0.893981,0.0606089,0,0.0607374,0
0.894231,0.103717,0,0.104973,0
0.894481,0.174877,0,0.171446,0
0.894731,0.273156,0,0.271327,0
0.894981,0.387384,0,0.383059,0
0.895231,0.498042,0,0.49797,0
0.895481,0.581529,0,0.577785,0
0.895731,0.615666,0,0.61401,0
0.895981,0.585126,0,0.581316,0
0.896231,0.485513,0,0.485124,0
0.896481,0.325039,0,0.320514,0
0.896731,0.123457,0,0.124344,0
0.896981,-0.0916111,0,-0.094778,0
0.897231,-0.290272,0,-0.29003,0
0.897481,-0.446231,0,-0.44195,0
0.897731,-0.541948,0,-0.537807,0
0.897981,-0.571744,0,-0.569628,0
0.89823,-0.542214,0,-0.538289,0
0.89848,-0.46988,0,-0.471833,0
0.89873,-0.376693,0,-0.380592,0
0.89898,-0.284581,0,-0.281525,0
0.89923,-0.21012,0,-0.210251,0
0.89948,-0.160913,0,-0.159725,0
0.89973,-0.134333,0,-0.133724,0
0.89998,-0.118942,0,-0.114045,0
0.90023,-0.0982216,0,-0.0993903,0
0.90048,-0.0556492,0,-0.0528703,0
0.90073,0.0201506,0,0.0155656,0
0.90098,0.131495,0,0.128531,0
0.90123,0.26995,0,0.273795,0
0.90148,0.417287,0,0.421941,0
0.90173,0.549142,0,0.549869,0
0.90198,0.640168,0,0.63855,0
0.90223,0.669787,0,0.670242,0
0.90248,0.62706,0,0.628807,0
0.90273,0.513521,0,0.508674,0
0.90298,0.343267,0,0.340852,0
0.90323,0.140385,0,0.139499,0
0.90348,-0.0660406,0,-0.0678059,0
0.90373,-0.247644,0,-0.246493,0
0.90398,-0.382587,0,-0.377645,0
0.90423,-0.459493,0,-0.460989,0
0.90448,-0.479039,0,-0.474339,0
0.90473,-0.452739,0,-0.450406,0
0.90498,-0.399289,0,-0.394713,0
0.90523,-0.339383,0,-0.34133,0
0.90548,-0.290378,0,-0.291214,0
0.90573,-0.261848,0,-0.260848,0
0.90598,-0.25353,0,-0.2551,0
0.90623,-0.255701,0,-0.256725,0
0.90648,-0.252193,0,-0.249183,0
0.90673,-0.225123,0,-0.225144,0
0.90698,-0.16022,0,-0.15607,0
0.90723,-0.0513937,0,-0.0470254,0
0.90748,0.0966237,0,0.100438,0
0.90773,0.268183,0,0.268699,0
0.90798,0.439448,0,0.439948,0
0.90823,0.58306,0,0.584537,0
0.90848,0.674053,0,0.671992,0
0.90873,0.695241,0,0.697178,0
0.90898,0.641103,0,0.646091,0
0.90923,0.519132,0,0.515877,0
0.90948,0.34832,0,0.352087,0
0.90973,0.155258,0,0.151956,0
0.90998,-0.0315756,0,-0.0273763,0
0.91023,-0.187608,0,-0.190235,0
0.91048,-0.296854,0,-0.292051,0
0.91073,-0.35473,0,-0.351925,0
0.91098,-0.367847,0,-0.366403,0
0.91123,-0.351324,0,-0.354987,0
0.91148,-0.324152,0,-0.32646,0
0.91173,-0.3038,0,-0.304785,0
0.911979,-0.301464,0,-0.300592,0
0.912229,-0.318956,0,-0.320562,0
0.912479,-0.34826,0,-0.348957,0
0.912729,-0.373626,0,-0.377301,0
0.912979,-0.375908,0,-0.380588,0
0.913229,-0.337768,0,-0.334324,0
0.913479,-0.248833,0,-0.253017,0
0.913729,-0.109242,0,-0.112957,0
0.913979,0.0692357,0,0.0700518,0
0.914229,0.264753,0,0.266978,0
0.914479,0.449561,0,0.44557,0
0.914729,0.59555,0,0.595121,0
0.914979,0.680116,0,0.677319,0
0.915229,0.690861,0,0.688572,0
0.915479,0.62819,0,0.625951,0
0.915729,0.505005,0,0.503093,0
0.915979,0.343737,0,0.345957,0
0.916229,0.171349,0,0.173793,0
0.916479,0.0135858,0,0.0153984,0
0.916729,-0.110455,0,-0.109642,0
0.916979,-0.191784,0,-0.194944,0
0.917229,-0.232581,0,-0.231362,0
0.917479,-0.244362,0,-0.244964,0
0.917729,-0.244206,0,-0.246536,0
0.917979,-0.249447,0,-0.253286,0
0.918229,-0.272588,0,-0.271755,0
0.918479,-0.317561,0,-0.317637,0
0.918729,-0.378218,0,-0.373595,0
0.918979,-0.439588,0,-0.438275,0
0.919229,-0.481478,0,-0.484455,0
0.919479,-0.483596,0,-0.479534,0
0.919729,-0.431063,0,-0.428355,0
0.919979,-0.318665,0,-0.322072,0
0.920229,-0.15316,0,-0.150357,0
0.920479,0.0472714,0,0.0461929,0
0.920729,0.256108,0,0.256646,0
0.920979,0.44378,0,0.446653,0
0.921229,0.583551,0,0.586969,0
0.921479,0.656939,0,0.6612,0
0.921729,0.657324,0,0.654808,0
0.921979,0.5909,0,0.586883,0
0.922229,0.474893,0,0.472485,0
0.922479,0.333317,0,0.33704,0
0.922729,0.191426,0,0.189461,0
0.922979,0.0701973,0,0.069747,0
0.923229,-0.0180806,0,-0.0189708,0
0.923479,-0.0717502,0,-0.0765825,0
0.923729,-0.0991268,0,-0.0942357,0
0.923979,-0.115362,0,-0.113393,0
0.924229,-0.1375,0,-0.142334,0
0.924479,-0.179398,0,-0.183089,0
0.924729,-0.247236,0,-0.245584,0
0.924979,-0.337156,0,-0.334695,0
0.925229,-0.435503,0,-0.439051,0
0.925479,-0.521675,0,-0.520517,0
0.925728,-0.572891,0,-0.570748,0
0.925978,-0.569773,0,-0.572518,0
0.926228,-0.50136,0,-0.503311,0
0.926478,-0.368469,0,-0.371519,0
0.926728,-0.184246,0,-0.183232,0
0.926978,0.0279094,0,0.0240496,0
0.927228,0.238724,0,0.233835,0
0.927478,0.419017,0,0.415957,0
0.927728,0.54543,0,0.543499,0
0.927978,0.604952,0,0.607648,0
0.928228,0.59708,0,0.60188,0
0.928478,0.533185,0,0.537125,0
0.928728,0.433251,0,0.436439,0
0.928978,0.320837,0,0.317358,0
0.929228,0.217437,0,0.215559,0
0.929478,0.137663,0,0.13624,0
0.929728,0.0862328,0,0.0860538,0
0.929978,0.0576947,0,0.0526955,0
0.930228,0.0386993,0,0.0405097,0
0.930478,0.0123168,0,0.0112699,0
0.930728,-0.0367154,0,-0.0332638,0
0.930978,-0.117164,0,-0.119216,0
0.931228,-0.227968,0,-0.226567,0
0.931478,-0.357654,0,-0.354089,0
0.931728,-0.48607,0,-0.487272,0
0.931978,-0.58875,0,-0.591045,0
0.932228,-0.642365,0,-0.642099,0
0.932478,-0.630267,0,-0.635218,0
0.932728,-0.546683,0,-0.543639,0
0.932978,-0.398585,0,-0.400492,0
0.933228,-0.204708,0,-0.200458,0
0.933478,0.00793246,0,0.00436386,0
0.933728,0.209502,0,0.207005,0
0.933978,0.373372,0,0.370313,0
0.934228,0.481237,0,0.479621,0
0.934478,0.526372,0,0.523509,0
0.934728,0.514183,0,0.510171,0
0.934978,0.460019,0,0.455417,0
0.935228,0.3848,0,0.389774,0
0.935478,0.309558,0,0.311417,0
0.935728,0.250244,0,0.250468,0
0.935978,0.214012,0,0.216381,0
0.936228,0.197867,0,0.194074,0
0.936478,0.190064,0,0.189007,0
0.936728,0.173773,0,0.177761,0
0.936978,0.13215,0,0.127567,0
0.937228,0.0535264,0,0.0522337,0
0.937478,-0.0646036,0,-0.0672938,0
0.937728,-0.213817,0,-0.215537,0
0.937978,-0.375623,0,-0.375099,0
0.938228,-0.524984,0,-0.529839,0
0.938478,-0.635593,0,-0.632094,0
0.938728,-0.685601,0,-0.687854,0
0.938978,-0.66262,0,-0.6591,0
0.939228,-0.566716,0,-0.563856,0
0.939478,-0.410691,0,-0.409199,0
0.939727,-0.21758,0,-0.217639,0
0.939977,-0.0158681,0,-0.017295,0
0.940227,0.166161,0,0.162441,0
0.940477,0.306388,0,0.306786,0
0.940727,0.392772,0,0.392325,0
0.940977,0.425103,0,0.428609,0
0.941227,0.413916,0,0.41658,0
0.941477,0.376954,0,0.376425,0
0.941727,0.334081,0,0.334148,0
0.941977,0.301911,0,0.304518,0
0.942227,0.28947,0,0.292126,0
0.942477,0.295973,0,0.297316,0
0.942727,0.311192,0,0.311196,0
0.942977,0.318415,0,0.316538,0
0.943227,0.299165,0,0.294407,0
0.943477,0.238557,0,0.239504,0
0.943727,0.129947,0,0.128423,0
0.943977,-0.0223081,0,-0.0259771,0
0.944227,-0.202692,0,-0.200655,0
0.944477,-0.387118,0,-0.387095,0
0.944727,-0.547567,0,-0.550022,0
0.944977,-0.657986,0,-0.653136,0
0.945227,-0.699857,0,-0.700512,0
0.945477,-0.666151,0,-0.669998,0
0.945727,-0.562867,0,-0.563552,0
0.945977,-0.407707,0,-0.408084,0
0.946227,-0.226223,0,-0.226355,0
0.946477,-0.0463311,0,-0.0489577,0
0.946727,0.107522,0,0.108352,0
0.946977,0.219196,0,0.216932,0
0.947227,0.28352,0,0.283631,0
0.947477,0.30646,0,0.302715,0
0.947727,0.302407,0,0.305611,0
0.947977,0.289656,0,0.287999,0
0.948227,0.28506,0,0.289375,0
0.948477,0.299231,0,0.30106,0
0.948727,0.333476,0,0.330372,0
0.948977,0.379188,0,0.376257,0
0.949227,0.419956,0,0.415957,0
0.949477,0.435846,0,0.436498,0
0.949727,0.408661,0,0.405643,0
0.949977,0.327151,0,0.329438,0
0.950227,0.190682,0,0.186923,0
0.950477,0.0105007,0,0.0122229,0
0.950727,-0.191773,0,-0.191617,0
0.950977,-0.388163,0,-0.390021,0
0.951227,-0.549819,0,-0.546678,0
0.951477,-0.65308,0,-0.649224,0
0.951727,-0.684165,0,-0.682183,0
0.951977,-0.641983,0,-0.645399,0
0.952227,-0.537978,0,-0.542412,0
0.952477,-0.393329,0,-0.390172,0
0.952727,-0.234082,0,-0.233988,0
0.952977,-0.0853765,0,-0.0816747,0
0.953227,0.0338559,0,0.0323032,0
0.953476,0.114508,0,0.110918,0
0.953726,0.158455,0,0.158084,0
0.953976,0.17679,0,0.17407,0
0.954226,0.186149,0,0.189506,0
0.954476,0.203446,0,0.201387,0
0.954726,0.240783,0,0.244243,0
0.954976,0.301653,0,0.300435,0
0.955226,0.379437,0,0.374916,0
0.955476,0.458478,0,0.456423,0
0.955726,0.517759,0,0.517595,0
0.955976,0.535992,0,0.534749,0
0.956226,0.497185,0,0.495128,0
0.956476,0.395034,0,0.397896,0
0.956726,0.235353,0,0.232492,0
0.956976,0.0356943,0,0.0348251,0
0.957226,-0.177709,0,-0.181791,0
0.957476,-0.375062,0,-0.379045,0
0.957726,-0.528888,0,-0.529651,0
0.957976,-0.619653,0,-0.623236,0
0.958226,-0.639407,0,-0.642108,0
0.958476,-0.592909,0,-0.591801,0
0.958726,-0.496034,0,-0.500593,0
0.958976,-0.371651,0,-0.369291,0
0.959226,-0.244171,0,-0.246645,0
0.959476,-0.133997,0,-0.130616,0
0.959726,-0.0531969,0,-0.0533624,0
0.959976,-0.00338125,0,-0.00561836,0
0.960226,0.0236824,0,0.0227345,0
0.960476,0.0430124,0,0.0438266,0
0.960726,0.0715125,0,0.0737013,0
0.960976,0.122894,0,0.119673,0
0.961226,0.203138,0,0.203624,0
0.961476,0.308082,0,0.306736,0
0.961726,0.423582,0,0.424674,0
0.961976,0.528321,0,0.525639,0
0.962226,0.598478,0,0.602907,0
0.962476,0.6135,0,0.617651,0
0.962726,0.561153,0,0.564469,0
0.962976,0.440928,0,0.436718,0
0.963226,0.264974,0,0.26679,0
0.963476,0.0559789,0,0.0591821,0
0.963726,-0.157107,0,-0.160799,0
0.963976,-0.344885,0,-0.340457,0
0.964226,-0.483292,0,-0.486701,0
0.964476,-0.558319,0,-0.561767,0
0.964726,-0.568235,0,-0.568048,0
0.964976,-0.523123,0,-0.521236,0
0.965226,-0.441774,0,-0.440647,0
0.965476,-0.346733,0,-0.351337,0
0.965726,-0.258745,0,-0.258134,0
0.965976,-0.191871,0,-0.196259,0
0.966226,-0.15053,0,-0.15439,0
0.966476,-0.12903,0,-0.12912,0
0.966726,-0.113853,0,-0.112579,0
0.966976,-0.0879019,0,-0.0926044,0
0.967225,-0.0357502,0,-0.0358801,0
0.967475,0.0514888,0,0.0512301,0
0.967725,0.172746,0,0.177213,0
0.967975,0.316311,0,0.31285,0
0.968225,0.461572,0,0.465984,0
0.968475,0.583247,0,0.588085,0
0.968725,0.656832,0,0.658256,0
0.968975,0.664354,0,0.664626,0
0.969225,0.598605,0,0.600869,0
0.969475,0.465195,0,0.464967,0
0.969725,0.281743,0,0.285127,0
0.969975,0.074536,0,0.077452,0
0.970225,-0.126926,0,-0.126779,0
0.970475,-0.295804,0,-0.291824,0
0.970725,-0.413189,0,-0.409663,0
0.970975,-0.471446,0,-0.471934,0
0.971225,-0.474924,0,-0.472145,0
0.971475,-0.43788,0,-0.433306,0
0.971725,-0.380237,0,-0.381814,0
0.971975,-0.322192,0,-0.318888,0
0.972225,-0.279019,0,-0.279814,0
0.972475,-0.257344,0,-0.254909,0
0.972725,-0.253766,0,-0.2539,0
0.972975,-0.256084,0,-0.257905,0
0.973225,-0.247036,0,-0.24366,0
0.973475,-0.209312,0,-0.209307,0
0.973725,-0.130788,0,-0.132454,0
0.973975,-0.00860571,0,-0.00732081,0
0.974225,0.148968,0,0.149715,0
0.974475,0.323264,0,0.328166,0
0.974725,0.488782,0,0.488326,0
0.974975,0.618316,0,0.620985,0
0.975225,0.688744,0,0.687412,0
0.975475,0.686257,0,0.690826,0
0.975725,0.609409,0,0.612766,0
0.975975,0.469606,0,0.47453,0
0.976225,0.288753,0,0.289766,0
0.976475,0.0946197,0,0.0928094,0
0.976725,-0.0848589,0,-0.089793,0
0.976975,-0.227397,0,-0.229389,0
0.977225,-0.320448,0,-0.321129,0
0.977475,-0.363077,0,-0.362874,0
0.977725,-0.36497,0,-0.369035,0
0.977975,-0.343024,0,-0.34189,0
0.978225,-0.316331,0,-0.314579,0
0.978475,-0.300843,0,-0.304886,0
0.978725,-0.305009,0,-0.309559,0
0.978975,-0.327486,0,-0.328866,0
0.979225,-0.357531,0,-0.356663,0
0.979475,-0.377748,0,-0.381541,0
0.979725,-0.368965,0,-0.372905,0
0.979975,-0.315544,0,-0.313757,0
0.980225,-0.210131,0,-0.206639,0
0.980475,-0.0565314,0,-0.0535801,0
0.980725,0.130015,0,0.13136,0
0.980974,0.325294,0,0.327294,0
0.981224,0.500813,0,0.504786,0
0.981474,0.629555,0,0.632872,0
0.981724,0.691683,0,0.690372,0
0.981974,0.678708,0,0.680299,0
0.982224,0.595112,0,0.590599,0
0.982474,0.457225,0,0.453963,0
0.982724,0.28951,0,0.290683,0
0.982974,0.119176,0,0.119231,0
0.983224,-0.0296347,0,-0.0260877,0
0.983474,-0.140738,0,-0.139471,0
0.983724,-0.208586,0,-0.20619,0
0.983974,-0.238648,0,-0.236968,0
0.984224,-0.244724,0,-0.246693,0
0.984474,-0.244532,0,-0.245087,0
0.984724,-0.2544,0,-0.253809,0
0.984974,-0.284447,0,-0.289407,0
0.985224,-0.335465,0,-0.336819,0
0.985474,-0.398291,0,-0.398819,0
0.985724,-0.45582,0,-0.458012,0
0.985974,-0.48728,0,-0.484504,0
0.986224,-0.473466,0,-0.469855,0
0.986474,-0.402147,0,-0.402914,0
0.986724,-0.271765,0,-0.271892,0
0.986974,-0.0928606,0,-0.0910353,0
0.987224,0.11331,0,0.113862,0
0.987474,0.318673,0,0.316701,0
0.987724,0.493894,0,0.49504,0
0.987974,0.61433,0,0.618165,0
0.988224,0.664884,0,0.664225,0
0.988474,0.643029,0,0.646582,0
0.988724,0.558759,0,0.558482,0
0.988974,0.431962,0,0.431458,0
0.989224,0.287673,0,0.289622,0
0.989474,0.150364,0,0.151068,0
0.989724,0.0386361,0,0.0336679,0
0.989974,-0.0384504,0,-0.0403973,0
0.990224,-0.0825783,0,-0.0845833,0
0.990474,-0.104618,0,-0.106191,0
0.990724,-0.120898,0,-0.119322,0
0.990974,-0.148044,0,-0.151755,0
0.991224,-0.197875,0,-0.19953,0
0.991474,-0.273552,0,-0.273477,0
0.991724,-0.367989,0,-0.368964,0
0.991974,-0.464941,0,-0.461274,0
0.992224,-0.542543,0,-0.540354,0
0.992474,-0.578481,0,-0.575183,0
0.992724,-0.555527,0,-0.554716,0
0.992974,-0.466196,0,-0.470915,0
0.993224,-0.315214,0,-0.318453,0
0.993474,-0.119323,0,-0.121804,0
0.993724,0.0956638,0,0.100129,0
0.993974,0.299875,0,0.295312,0
0.994224,0.465355,0,0.463213,0
0.994474,0.5716,0,0.566928,0
0.994723,0.609411,0,0.608525,0
0.994973,0.582236,0,0.578797,0
0.995223,0.504586,0,0.505521,0
0.995473,0.398183,0,0.400132,0
0.995723,0.286533,0,0.282079,0
0.995973,0.189416,0,0.192741,0
0.996223,0.118524,0,0.116359,0
0.996473,0.0753047,0,0.079951,0
0.996723,0.0514905,0,0.0559071,0
0.996973,0.0320264,0,0.0284338,0
0.997223,-7.77489e-05,0,0.000834915,0
0.997473,-0.0584434,0,-0.0604716,0
0.997723,-0.149025,0,-0.144528,0
0.997973,-0.267465,0,-0.264628,0
0.998223,-0.399213,0,-0.396942,0
0.998473,-0.522246,0,-0.525457,0
0.998723,-0.611823,0,-0.60704,0
0.998973,-0.646167,0,-0.642322,0
0.999223,-0.61165,0,-0.606665,0
0.999473,-0.50643,0,-0.505753,0
0.999723,-0.341458,0,-0.345049,0
0.999973,-0.138556,0,-0.135291,0
1.00022,0.0737725,0,0.0693979,0
1.00047,0.266119,0,0.26401,0
1.00072,0.413864,0,0.416702,0
1.00097,0.50216,0,0.49838,0
1.00122,0.528149,0,0.531373,0
1.00147,0.500749,0,0.504878,0
1.00172,0.437598,0,0.440198,0
1.00197,0.360254,0,0.355331,0
1.00222,0.288665,0,0.288797,0
1.00247,0.236312,0,0.237569,0
1.00272,0.207172,0,0.207387,0
1.00297,0.195241,0,0.190875,0
1.00322,0.186692,0,0.182586,0
1.00347,0.164131,0,0.164861,0
1.00372,0.111765,0,0.107077,0
1.00397,0.0204851,0,0.0220331,0
1.00422,-0.108863,0,-0.111957,0
1.00447,-0.2644,0,-0.26842,0
1.00472,-0.425153,0,-0.426416,0
1.00497,-0.565077,0,-0.566581,0
1.00522,-0.658639,0,-0.657246,0
1.00547,-0.686505,0,-0.681823,0
1.00572,-0.639975,0,-0.635384,0
1.00597,-0.523238,0,-0.519373,0
1.00622,-0.352705,0,-0.356082,0
1.00647,-0.153701,0,-0.149062,0
1.00672,0.0446492,0,0.0398717,0
1.00697,0.215521,0,0.212559,0
1.00722,0.339582,0,0.341165,0
1.00747,0.408455,0,0.406876,0
1.00772,0.425529,0,0.422291,0
1.00797,0.404121,0,0.406955,0
1.00822,0.363214,0,0.367621,0
1.00847,0.322205,0,0.320617,0
1.00872,0.295706,0,0.291721,0
1.00897,0.28978,0,0.289886,0
1.00922,0.300503,0,0.305035,0
1.00947,0.315197,0,0.311598,0
1.00972,0.31603,0,0.315576,0
1.00997,0.285097,0,0.283943,0
1.01022,0.209629,0,0.210015,0
1.01047,0.0862793,0,0.0842876,0
1.01072,-0.0769711,0,-0.0782129,0
1.01097,-0.261534,0,-0.259808,0
1.01122,-0.441443,0,-0.44363,0
1.01147,-0.588712,0,-0.586475,0
1.01172,-0.67911,0,-0.683995,0
1.01197,-0.697382,0,-0.69414,0
1.01222,-0.640557,0,-0.641671,0
1.01247,-0.518594,0,-0.520927,0
1.01272,-0.352178,0,-0.348618,0
1.01297,-0.168239,0,-0.170932,0
1.01322,0.00581626,0,0.00337677,0
1.01347,0.147653,0,0.149866,0
1.01372,0.244438,0,0.243411,0
1.01397,0.29465,0,0.292928,0
1.01422,0.307249,0,0.306793,0
1.01447,0.298453,0,0.298421,0
1.01472,0.286663,0,0.282994,0
1.01497,0.287226,0,0.29087,0
1.01522,0.308046,0,0.304887,0
1.01547,0.34724,0,0.350959,0
1.01572,0.393428,0,0.389381,0
1.01597,0.428564,0,0.425042,0
1.01622,0.432647,0,0.436262,0
1.01647,0.38917,0,0.393909,0
1.01672,0.289892,0,0.286809,0
1.01697,0.137925,0,0.138191,0
1.01722,-0.0519316,0,-0.0511767,0
1.01747,-0.255525,0,-0.25894,0
1.01772,-0.44396,0,-0.445421,0
1.01797,-0.589448,0,-0.585361,0
1.01822,-0.670936,0,-0.674789,0
1.01847,-0.678504,0,-0.677117,0
1.01872,-0.615109,0,-0.614359,0
1.01897,-0.495707,0,-0.494084,0
1.01922,-0.343592,0,-0.347681,0
1.01947,-0.185151,0,-0.180607,0
1.01972,-0.0440849,0,-0.0467806,0
1.01997,0.063485,0,0.0651881,0
1.02022,0.131936,0,0.132103,0
1.02047,0.166264,0,0.169358,0
1.02072,0.179844,0,0.183332,0
1.02097,0.19001,0,0.186573,0
1.02122,0.212653,0,0.213494,0
1.02147,0.257487,0,0.256458,0
1.02172,0.324859,0,0.327869,0
1.02197,0.405055,0,0.407518,0
1.02222,0.480274,0,0.482388,0
1.02247,0.528798,0,0.525435,0
1.02272,0.530461,0,0.53434,0
1.02297,0.471887,0,0.467339,0
1.02322,0.350439,0,0.349042,0
1.02347,0.175806,0,0.172462,0
1.02372,-0.0312839,0,-0.0352647,0
1.02397,-0.242857,0,-0.24103,0
1.02422,-0.4292,0,-0.4294,0
1.02447,-0.564829,0,-0.566558,0
1.02472,-0.63355,0,-0.630268,0
1.02497,-0.631383,0,-0.628851,0
1.02522,-0.566898,0,-0.563916,0
1.02547,-0.458726,0,-0.460224,0
1.02572,-0.330827,0,-0.331265,0
1.02597,-0.206917,0,-0.206767,0
1.02622,-0.105151,0,-0.105336,0
1.02647,-0.0344106,0,-0.0348708,0
1.02672,0.00697274,0,0.00702007,0
1.02697,0.0298156,0,0.0283017,0
1.02722,0.050208,0,0.0501973,0
1.02747,0.0847178,0,0.0842763,0
1.02772,0.144983,0,0.143483,0
1.02797,0.233942,0,0.231137,0
1.02822,0.344149,0,0.345456,0
1.02847,0.458785,0,0.455375,0
1.02872,0.555165,0,0.550465,0
1.02897,0.609914,0,0.613626,0
1.02922,0.604565,0,0.600192,0
1.02947,0.530341,0,0.529614,0
1.02972,0.390744,0,0.388925,0
1.02997,0.201558,0,0.203424,0
1.03022,-0.0119854,0,-0.010776,0
1.03047,-0.220137,0,-0.223447,0
1.03072,-0.394581,0,-0.393184,0
1.03097,-0.514031,0,-0.509123,0
1.03122,-0.568197,0,-0.572878,0
1.03147,-0.559258,0,-0.556862,0
1.03172,-0.500417,0,-0.499566,0
1.03197,-0.412308,0,-0.415187,0
1.03222,-0.317484,0,-0.317428,0
1.03247,-0.235039,0,-0.233292,0
1.03272,-0.176208,0,-0.178374,0
1.03297,-0.142142,0,-0.143504,0
1.03322,-0.12435,0,-0.121676,0
1.03347,-0.107658,0,-0.104007,0
1.03372,-0.0749165,0,-0.072583,0
1.03397,-0.012266,0,-0.00841547,0
1.03422,0.086272,0,0.0881942,0
1.03447,0.216289,0,0.216089,0
1.03472,0.362934,0,0.363651,0
1.03497,0.50358,0,0.503287,0
1.03522,0.612584,0,0.616757,0
1.03547,0.666893,0,0.671748,0
1.03572,0.651583,0,0.648276,0
1.03597,0.563365,0,0.565548,0
1.03622,0.411802,0,0.412489,0
1.03647,0.217823,0,0.21493,0
1.03672,0.00922691,0,0.0136177,0
1.03697,-0.184586,0,-0.187603,0
1.03722,-0.338844,0,-0.340188,0
1.03747,-0.437886,0,-0.434966,0
1.03772,-0.477943,0,-0.476792,0
1.03797,-0.466762,0,-0.467231,0
1.03822,-0.420999,0,-0.418687,0
1.03847,-0.361174,0,-0.359781,0
1.03872,-0.306518,0,-0.307479,0
1.03897,-0.269856,0,-0.265791,0
1.03922,-0.254713,0,-0.25651,0
1.03947,-0.254603,0,-0.251366,0
1.03972,-0.255344,0,-0.259447,0
1.03997,-0.238982,0,-0.242335,0
1.04022,-0.189387,0,-0.185035,0
1.04047,-0.096933,0,-0.0968268,0
1.04072,0.0378181,0,0.0423161,0
1.04097,0.203032,0,0.203839,0
1.04122,0.377537,0,0.38026,0
1.04147,0.534616,0,0.533758,0
1.04172,0.64768,0,0.643179,0
1.04197,0.696152,0,0.698098,0
1.04222,0.669832,0,0.672837,0
1.04247,0.571393,0,0.567232,0
1.04272,0.415965,0,0.415404,0
1.04297,0.22778,0,0.228036,0
1.04322,0.0354445,0,0.0392696,0
1.04347,-0.134447,0,-0.136908,0
1.04372,-0.262243,0,-0.25833,0
1.04397,-0.339014,0,-0.337708,0
1.04422,-0.367354,0,-0.364415,0
1.04447,-0.359747,0,-0.357741,0
1.04472,-0.334275,0,-0.330774,0
1.04497,-0.309684,0,-0.314094,0
1.04522,-0.299895,0,-0.298354,0
1.04547,-0.310428,0,-0.31533,0
1.04572,-0.336843,0,-0.338437,0
1.04597,-0.365872,0,-0.366023,0
1.04622,-0.378959,0,-0.383577,0
1.04647,-0.357544,0,-0.359088,0
1.04672,-0.288076,0,-0.287484,0
1.04697,-0.16655,0,-0.169088,0
1.04722,-0.000471901,0,-0.00326761,0
1.04747,0.191786,0,0.190925,0
1.04772,0.383942,0,0.388128,0
1.04797,0.547437,0,0.551818,0
1.04822,0.656911,0,0.653768,0
1.04847,0.695748,0,0.695309,0
1.04872,0.659482,0,0.663683,0
1.04897,0.556606,0,0.55819,0
1.04922,0.406442,0,0.411326,0
1.04947,0.235028,0,0.232809,0
1.04972,0.0691309,0,0.0678565,0
1.04997,-0.0691166,0,-0.0694139,0
1.05022,-0.166662,0,-0.168343,0
1.05047,-0.221575,0,-0.217646,0
1.05072,-0.242347,0,-0.240477,0
1.05097,-0.24448,0,-0.246151,0
1.05122,-0.245918,0,-0.244527,0
1.05147,-0.261425,0,-0.266233,0
1.05172,-0.298458,0,-0.295543,0
1.05197,-0.354623,0,-0.356922,0
1.05222,-0.417877,0,-0.416917,0
1.05247,-0.469511,0,-0.474379,0
1.05272,-0.488583,0,-0.491168,0
1.05297,-0.457557,0,-0.461654,0
1.05322,-0.367282,0,-0.368885,0
1.05347,-0.219966,0,-0.219376,0
1.05372,-0.0297671,0,-0.0334524,0
1.05397,0.179331,0,0.175561,0
1.05422,0.3783,0,0.381751,0
1.05447,0.538615,0,0.537159,0
1.05472,0.638122,0,0.634672,0
1.05497,0.665578,0,0.664974,0
1.05522,0.622505,0,0.621848,0
1.05547,0.522355,0,0.520873,0
1.05572,0.387299,0,0.386459,0
1.05597,0.242729,0,0.239758,0
1.05622,0.111863,0,0.110346,0
1.05647,0.0105524,0,0.0108342,0
1.05672,-0.0555135,0,-0.0516366,0
1.05697,-0.0911872,0,-0.0879907,0
1.05722,-0.109514,0,-0.104644,0
1.05747,-0.12757,0,-0.123173,0
1.05772,-0.160906,0,-0.161827,0
1.05797,-0.218998,0,-0.218181,0
1.05822,-0.30182,0,-0.306033,0
1.05847,-0.399136,0,-0.396284,0
1.05872,-0.492519,0,-0.491283,0
1.05897,-0.559309,0,-0.56403,0
1.05922,-0.578186,0,-0.57635,0
1.05947,-0.53464,0,-0.536804,0
1.05972,-0.424833,0,-0.429817,0
1.05997,-0.257412,0,-0.261295,0
1.06022,-0.0524543,0,-0.0504274,0
1.06047,0.162418,0,0.166814,0
1.06072,0.357199,0,0.354783,0
1.06097,0.505808,0,0.508987,0
1.06122,0.590956,0,0.587334,0
1.06147,0.6074,0,0.606037,0
1.06172,0.562334,0,0.565538,0
1.06197,0.473135,0,0.476124,0
1.06222,0.3626,0,0.366416,0
1.06247,0.253713,0,0.250041,0
1.06272,0.164036,0,0.167125,0
1.06297,0.102172,0,0.102802,0
1.06322,0.0663497,0,0.0667529,0
1.06347,0.0456967,0,0.0466182,0
1.06372,0.0240234,0,0.0223554,0
1.06397,-0.0151109,0,-0.0111936,0
1.06422,-0.0834276,0,-0.0849905,0
1.06447,-0.183744,0,-0.182481,0
1.06472,-0.308349,0,-0.307444,0
1.06497,-0.439989,0,-0.436516,0
1.06522,-0.555126,0,-0.55811,0
1.06547,-0.629419,0,-0.631677,0
1.06572,-0.64307,0,-0.646506,0
1.06597,-0.585926,0,-0.581715,0
1.06622,-0.460179,0,-0.458607,0
1.06647,-0.280537,0,-0.280105,0
1.06672,-0.0714121,0,-0.0742658,0
1.06697,0.137653,0,0.142239,0
1.06722,0.318238,0,0.322767,0
1.06747,0.448371,0,0.446339,0
1.06772,0.516824,0,0.51437,0
1.06797,0.524589,0,0.522809,0
1.06822,0.483803,0,0.479002,0
1.06847,0.413811,0,0.410815,0
1.06872,0.336362,0,0.335286,0
1.06897,0.269762,0,0.26815,0
1.06922,0.224754,0,0.222341,0
1.06947,0.202112,0,0.203273,0
1.06972,0.193026,0,0.194887,0
1.06997,0.181951,0,0.181483,0
1.07022,0.151509,0,0.15242,0
1.07047,0.0874409,0,0.090534,0
1.07072,-0.0163961,0,-0.0203688,0
1.07097,-0.155704,0,-0.155097,0
1.07122,-0.315498,0,-0.317311,0
1.07147,-0.472586,0,-0.474168,0
1.07172,-0.600541,0,-0.605079,0
1.07197,-0.675133,0,-0.678417,0
1.07222,-0.679971,0,-0.67885,0
1.07247,-0.610326,0,-0.608562,0
1.07272,-0.474417,0,-0.47522,0
1.07297,-0.291906,0,-0.29092,0
1.07322,-0.0900031,0,-0.088721,0
1.07347,0.102368,0,0.098305,0
1.07372,0.260144,0,0.262662,0
1.07397,0.367212,0,0.368786,0
1.07422,0.418911,0,0.419345,0
1.07447,0.422135,0,0.418622,0
1.07472,0.392406,0,0.389753,0
1.07497,0.349538,0,0.351556,0
1.07522,0.31184,0,0.312509,0
1.07547,0.291615,0,0.287882,0
1.07572,0.29181,0,0.293883,0
1.07597,0.305461,0,0.307252,0
1.07622,0.317859,0,0.319562,0
1.07647,0.310517,0,0.308755,0
1.07672,0.266564,0,0.265273,0
1.07697,0.175912,0,0.178599,0
1.07722,0.0386092,0,0.034979,0
1.07747,-0.133775,0,-0.135642,0
1.07772,-0.319841,0,-0.320748,0
1.07797,-0.49248,0,-0.495164,0
1.07822,-0.624151,0,-0.624775,0
1.07847,-0.69302,0,-0.692033,0
1.07872,-0.687402,0,-0.691505,0
1.07897,-0.608491,0,-0.611234,0
1.07922,-0.469923,0,-0.471483,0
1.07947,-0.294963,0,-0.297265,0
1.07972,-0.111295,0,-0.109788,0
1.07997,0.0546342,0,0.0533408,0
1.08022,0.183191,0,0.181237,0
1.08047,0.264989,0,0.264101,0
1.08072,0.301989,0,0.303158,0
1.08097,0.305906,0,0.307651,0
1.08122,0.294252,0,0.289674,0
1.08147,0.28495,0,0.286376,0
1.08172,0.291473,0,0.296059,0
1.08197,0.318743,0,0.317784,0
1.08222,0.361736,0,0.359282,0
1.08247,0.406618,0,0.402302,0
1.08272,0.434078,0,0.43211,0
1.08297,0.424715,0,0.419724,0
1.08322,0.364105,0,0.365571,0
1.08347,0.24738,0,0.249365,0
1.08372,0.0813989,0,0.0785955,0
1.08397,-0.115683,0,-0.114498,0
1.08422,-0.317747,0,-0.31511,0
1.08447,-0.495447,0,-0.49845,0
1.08472,-0.622646,0,-0.62555,0
1.08497,-0.681389,0,-0.685044,0
1.08522,-0.665749,0,-0.662129,0
1.08547,-0.582665,0,-0.580633,0
1.08572,-0.450245,0,-0.448731,0
1.08597,-0.293294,0,-0.296127,0
1.08622,-0.138048,0,-0.141948,0
1.08647,-0.00618649,0,-0.00868288,0
1.08672,0.0891801,0,0.0899736,0
1.08697,0.145845,0,0.141449,0
1.08722,0.171915,0,0.172136,0
1.08747,0.182616,0,0.182849,0
1.08772,0.195169,0,0.198451,0
1.08797,0.224139,0,0.221798,0
1.08822,0.276491,0,0.273207,0
1.08847,0.349362,0,0.354087,0
1.08872,0.43021,0,0.428606,0
1.08897,0.499399,0,0.500729,0
1.08922,0.535189,0,0.53903,0
1.08947,0.518935,0,0.514157,0
1.08972,0.440315,0,0.439749,0
1.08997,0.300546,0,0.299963,0
1.09022,0.11307,0,0.11331,0
1.09047,-0.0986645,0,-0.0939985,0
1.09072,-0.305409,0,-0.300976,0
1.09097,-0.47824,0,-0.479946,0
1.09122,-0.594051,0,-0.591191,0
1.09147,-0.640317,0,-0.643246,0
1.09172,-0.617104,0,-0.61216,0
1.09197,-0.53658,0,-0.53952,0
1.09222,-0.419497,0,-0.415112,0
1.09247,-0.290476,0,-0.290004,0
1.09272,-0.17193,0,-0.174076,0
1.09297,-0.0794428,0,-0.0796458,0
1.09322,-0.0185897,0,-0.018426,0
1.09347,0.0154765,0,0.0175273,0
1.09372,0.035649,0,0.0380554,0
1.09397,0.0588251,0,0.0589566,0
1.09422,0.100532,0,0.103919,0
1.09447,0.169966,0,0.168646,0
1.09472,0.26688,0,0.266948,0
1.09497,0.380672,0,0.378145,0
1.09522,0.492142,0,0.492641,0
1.09547,0.577868,0,0.581938,0
1.09572,0.615346,0,0.619618,0
1.09597,0.588792,0,0.590897,0
1.09622,0.493055,0,0.490969,0
1.09647,0.335682,0,0.33212,0
1.09672,0.135726,0,0.135105,0
1.09697,-0.079359,0,-0.0768961,0
1.09722,-0.279766,0,-0.283512,0
1.09747,-0.43876,0,-0.434619,0
1.09772,-0.538232,0,-0.537251,0
1.09797,-0.571777,0,-0.57547,0
1.09822,-0.545279,0,-0.541209,0
1.09847,-0.474817,0,-0.47763,0
1.09872,-0.382251,0,-0.385292,0
1.09897,-0.289543,0,-0.287477,0
1.09922,-0.213763,0,-0.209559,0
1.09947,-0.163078,0,-0.165175,0
1.09972,-0.135415,0,-0.13315,0
1.09997,-0.119823,0,-0.11769,0
1.10022,-0.0999068,0,-0.102321,0
1.10047,-0.0589527,0,-0.058006,0
1.10072,0.0147656,0,0.014572,0
1.10097,0.124183,0,0.125692,0
1.10122,0.261519,0,0.264442,0
1.10147,0.408941,0,0.408661,0
1.10172,0.542417,0,0.547339,0
1.10197,0.636407,0,0.639679,0
1.10222,0.669991,0,0.666003,0
1.10247,0.631515,0,0.629645,0
1.10272,0.521792,0,0.521911,0
1.10297,0.354229,0,0.34966,0
1.10322,0.152483,0,0.153816,0
1.10347,-0.0545397,0,-0.0567403,0
1.10372,-0.23824,0,-0.239897,0
1.10397,-0.376311,0,-0.377534,0
1.10422,-0.456675,0,-0.453171,0
1.10447,-0.479298,0,-0.481404,0
1.10472,-0.45516,0,-0.457028,0
1.10497,-0.402736,0,-0.398365,0
1.10522,-0.342678,0,-0.342625,0
1.10547,-0.292703,0,-0.292744,0
1.10572,-0.262888,0,-0.267773,0
1.10597,-0.253567,0,-0.254601,0
1.10622,-0.255547,0,-0.256857,0
1.10647,-0.252836,0,-0.253736,0
1.10672,-0.227594,0,-0.225301,0
1.10697,-0.165142,0,-0.16701,0
1.10722,-0.0588224,0,-0.055958,0
1.10747,0.0872612,0,0.0894838,0
1.10772,0.258027,0,0.258891,0
1.10797,0.430048,0,0.432185,0
1.10822,0.575966,0,0.571688,0
1.10847,0.670584,0,0.673263,0
1.10872,0.696076,0,0.700509,0
1.10897,0.646206,0,0.646117,0
1.10922,0.527711,0,0.52385,0
1.10947,0.359089,0,0.36355,0
1.10972,0.166507,0,0.164608,0
1.10997,-0.0214005,0,-0.0240185,0
1.11022,-0.179729,0,-0.184206,0
1.11047,-0.291979,0,-0.291379,0
1.11072,-0.35273,0,-0.356719,0
1.11097,-0.368102,0,-0.371661,0
1.11122,-0.35276,0,-0.353096,0
1.11147,-0.325667,0,-0.330584,0
1.11172,-0.304562,0,-0.299899,0
1.11197,-0.30103,0,-0.301132,0
1.11222,-0.317489,0,-0.315239,0
1.11247,-0.346493,0,-0.347253,0
1.11272,-0.372592,0,-0.367966,0
1.11296,-0.376747,0,-0.380577,0
1.11321,-0.341297,0,-0.337277,0
1.11346,-0.255413,0,-0.258394,0
1.11371,-0.118523,0,-0.119465,0
1.11396,0.0581947,0,0.0621066,0
1.11421,0.253472,0,0.249355,0
1.11446,0.439666,0,0.437064,0
1.11471,0.588613,0,0.586858,0
1.11496,0.677181,0,0.67295,0
1.11521,0.692302,0,0.689805,0
1.11546,0.63364,0,0.637078,0
1.11571,0.513387,0,0.516459,0
1.11596,0.353574,0,0.351125,0
1.11621,0.181128,0,0.18204,0
1.11646,0.0218989,0,0.0189053,0
1.11671,-0.104442,0,-0.103501,0
1.11696,-0.188278,0,-0.186975,0
1.11721,-0.231168,0,-0.23236,0
1.11746,-0.244167,0,-0.242085,0
1.11771,-0.244187,0,-0.246463,0
1.11796,-0.248734,0,-0.251287,0
1.11821,-0.270644,0,-0.275138,0
1.11846,-0.314424,0,-0.313923,0
1.11871,-0.374525,0,-0.370841,0
1.11896,-0.436355,0,-0.439695,0
1.11921,-0.479972,0,-0.47785,0
1.11946,-0.484828,0,-0.486475,0
1.11971,-0.435713,0,-0.43728,0
1.11996,-0.326696,0,-0.331178,0
1.12021,-0.163864,0,-0.166169,0
1.12046,0.0352147,0,0.0350973,0
1.12071,0.244343,0,0.245043,0
1.12096,0.434039,0,0.432636,0
1.12121,0.577164,0,0.581672,0
1.12146,0.654692,0,0.657065,0
1.12171,0.659244,0,0.660917,0
1.12196,0.596286,0,0.597124,0
1.12221,0.482507,0,0.482172,0
1.12246,0.341733,0,0.337662,0
1.12271,0.199228,0,0.201836,0
1.12296,0.0763817,0,0.075917,0
1.12321,-0.0139468,0,-0.0162607,0
1.12346,-0.06949,0,-0.0645648,0
1.12371,-0.0979982,0,-0.0992055,0
1.12396,-0.114459,0,-0.113996,0
1.12421,-0.1358,0,-0.137835,0
1.12446,-0.176293,0,-0.176169,0
1.12471,-0.242638,0,-0.246106,0
1.12496,-0.331573,0,-0.328399,0
1.12521,-0.429921,0,-0.425521,0
1.12546,-0.517439,0,-0.519168,0
1.12571,-0.571234,0,-0.570867,0
1.12596,-0.571665,0,-0.573413,0
1.12621,-0.507139,0,-0.511692,0
1.12646,-0.377727,0,-0.379347,0
1.12671,-0.195889,0,-0.194119,0
1.12696,0.0153745,0,0.0131601,0
1.12721,0.227112,0,0.227915,0
1.12746,0.409869,0,0.410444,0
1.12771,0.539875,0,0.538028,0
1.12796,0.603404,0,0.604487,0
1.12821,0.599209,0,0.595593,0
1.12846,0.538092,0,0.537877,0
1.12871,0.439581,0,0.44451,0
1.12896,0.327236,0,0.326192,0
1.12921,0.222857,0,0.226362,0
1.12946,0.141481,0,0.141883,0
1.12971,0.0884547,0,0.0897896,0
1.12996,0.0589147,0,0.0578189,0
1.13021,0.0397938,0,0.0376292,0
1.13046,0.0143174,0,0.0141545,0
1.13071,-0.033099,0,-0.0329002,0
1.13096,-0.111625,0,-0.107563,0
1.13121,-0.220909,0,-0.225575,0
1.13146,-0.349957,0,-0.354359,0
1.13171,-0.479118,0,-0.478443,0
1.13196,-0.583936,0,-0.579331,0
1.13221,-0.640948,0,-0.638058,0
1.13246,-0.632916,0,-0.62794,0
1.13271,-0.553396,0,-0.551047,0
1.13296,-0.408595,0,-0.406448,0
1.13321,-0.216672,0,-0.220514,0
1.13346,-0.00430168,0,0.000426639,0
1.13371,0.198669,0,0.194873,0
1.13396,0.365328,0,0.364602,0
1.13421,0.476729,0,0.472645,0
1.13446,0.52544,0,0.524084,0
1.13471,0.516239,0,0.517973,0
1.13496,0.463931,0,0.466049,0
1.13521,0.389307,0,0.391651,0
1.13546,0.313586,0,0.309141,0
1.13571,0.253067,0,0.252465,0
1.13596,0.215481,0,0.21056,0
1.13621,0.19844,0,0.197991,0
1.13646,0.190564,0,0.185671,0
1.13671,0.175271,0,0.174257,0
1.13696,0.135484,0,0.13824,0
1.13721,0.0591784,0,0.0639821,0
1.13746,-0.0568055,0,-0.0591695,0
1.13771,-0.204662,0,-0.208545,0
1.13796,-0.366378,0,-0.366331,0
1.13821,-0.51716,0,-0.516138,0
1.13846,-0.630687,0,-0.627539,0
1.13871,-0.684626,0,-0.688228,0
1.13896,-0.665985,0,-0.661162,0
1.13921,-0.574068,0,-0.576086,0
1.13946,-0.420947,0,-0.424187,0
1.13971,-0.2292,0,-0.233662,0
1.13996,-0.0272571,0,-0.0225907,0
1.14021,0.156608,0,0.153503,0
1.14046,0.299683,0,0.301672,0
1.14071,0.389294,0,0.391321,0
1.14096,0.424571,0,0.420595,0
1.14121,0.415442,0,0.41267,0
1.14146,0.379448,0,0.382285,0
1.14171,0.336391,0,0.331961,0
1.14196,0.303269,0,0.303647,0
1.14221,0.289624,0,0.2862,0
1.14246,0.295218,0,0.299567,0
1.14271,0.31032,0,0.314112,0
1.14296,0.318537,0,0.315252,0
1.14321,0.301257,0,0.305807,0
1.14346,0.24333,0,0.247482,0
1.14371,0.137484,0,0.1378,0
1.14396,-0.0125768,0,-0.0124006,0
1.14421,-0.19195,0,-0.188359,0
1.14446,-0.376846,0,-0.378755,0
1.14471,-0.539439,0,-0.53753,0
1.14496,-0.653332,0,-0.655884,0
1.14521,-0.699488,0,-0.696713,0
1.14546,-0.670118,0,-0.672635,0
1.14571,-0.570458,0,-0.572288,0
1.14596,-0.417675,0,-0.417737,0
1.14621,-0.236924,0,-0.240537,0
1.14646,-0.0562038,0,-0.0534842,0
1.14671,0.0996661,0,0.0981248,0
1.14696,0.21406,0,0.211012,0
1.14721,0.281067,0,0.278978,0
1.14746,0.306048,0,0.304144,0
1.14771,0.30309,0,0.308014,0
1.14796,0.290318,0,0.290755,0
1.14821,0.284873,0,0.28031,0
1.14846,0.297834,0,0.296968,0
1.14871,0.331063,0,0.328706,0
1.14896,0.376475,0,0.377959,0
1.14921,0.418097,0,0.419964,0
1.14946,0.435941,0,0.439706,0
1.14971,0.411658,0,0.413485,0
1.14996,0.333411,0,0.333196,0
1.15021,0.199921,0,0.202911,0
1.15046,0.0217394,0,0.0251328,0
1.15071,-0.179966,0,-0.183027,0
1.15096,-0.377502,0,-0.378045,0
1.15121,-0.541865,0,-0.545415,0
1.15146,-0.649015,0,-0.650938,0
1.15171,-0.684422,0,-0.683597,0
1.15196,-0.646259,0,-0.641369,0
1.15221,-0.545338,0,-0.543295,0
1.15246,-0.40232,0,-0.40371,0
1.15271,-0.243175,0,-0.24757,0
1.15296,-0.0932833,0,-0.0981789,0
1.15321,0.0280031,0,0.032064,0
1.15346,0.110947,0,0.113457,0
1.15371,0.156741,0,0.154312,0
1.15396,0.176155,0,0.175257,0
1.15421,0.185528,0,0.185326,0
1.15446,0.201987,0,0.198996,0
1.15471,0.237967,0,0.235809,0
1.15496,0.297577,0,0.294164,0
1.15521,0.374713,0,0.373732,0
1.15546,0.454246,0,0.454913,0
1.15571,0.515249,0,0.513427,0
1.15596,0.536366,0,0.537474,0
1.15621,0.501122,0,0.505702,0
1.15646,0.402592,0,0.407498,0
1.15671,0.245871,0,0.250682,0
1.15696,0.0478516,0,0.0505085,0
1.15721,-0.165586,0,-0.161706,0
1.15746,-0.364617,0,-0.364856,0
1.15771,-0.5216,0,-0.519138,0
1.15796,-0.61634,0,-0.619327,0
1.15821,-0.640166,0,-0.643806,0
1.15846,-0.597174,0,-0.593176,0
1.15871,-0.50261,0,-0.507122,0
1.15896,-0.379164,0,-0.375669,0
1.15921,-0.251228,0,-0.25098,0
1.15946,-0.139633,0,-0.140281,0
1.15971,-0.056988,0,-0.052269,0
1.15996,-0.00553511,0,-0.00188927,0
1.16021,0.0225016,0,0.0176786,0
1.16046,0.0417591,0,0.0462427,0
1.16071,0.0693779,0,0.0729401,0
1.16096,0.119168,0,0.123029,0
1.16121,0.197752,0,0.195059,0
1.16146,0.30157,0,0.305463,0
1.16171,0.417011,0,0.414496,0
1.16196,0.522971,0,0.520001,0
1.16221,0.595758,0,0.595686,0
1.16246,0.61438,0,0.617426,0
1.16271,0.566063,0,0.562674,0
1.16296,0.449576,0,0.454498,0
1.16321,0.276295,0,0.271997,0
1.16346,0.0684306,0,0.0687151,0
1.16371,-0.145219,0,-0.145486,0
1.16396,-0.335189,0,-0.330468,0
1.16421,-0.476933,0,-0.479451,0
1.16446,-0.555791,0,-0.555892,0
1.16471,-0.569314,0,-0.567969,0
1.16496,-0.526914,0,-0.523428,0
1.16521,-0.447082,0,-0.444701,0
1.16546,-0.352197,0,-0.348775,0
1.16571,-0.263327,0,-0.260042,0
1.16596,-0.19502,0,-0.19631,0
1.16621,-0.152268,0,-0.15579,0
1.16646,-0.129908,0,-0.126281,0
1.16671,-0.114842,0,-0.111545,0
1.16696,-0.089952,0,-0.0850038,0
1.16721,-0.0396558,0,-0.041833,0
1.16746,0.0454566,0,0.0498777,0
1.16771,0.164972,0,0.169136,0
1.16796,0.307765,0,0.305231,0
1.16821,0.453578,0,0.456924,0
1.16846,0.57732,0,0.57501,0
1.16871,0.654241,0,0.650365,0
1.16896,0.665907,0,0.664249,0
1.16921,0.604368,0,0.607923,0
1.16946,0.474481,0,0.477852,0
1.16971,0.293261,0,0.290476,0
1.16996,0.086602,0,0.0816531,0
1.17021,-0.115992,0,-0.117154,0
1.17046,-0.287342,0,-0.285559,0
1.17071,-0.408021,0,-0.405793,0
1.17096,-0.469694,0,-0.473559,0
1.17121,-0.476005,0,-0.479041,0
1.17146,-0.440809,0,-0.438203,0
1.17171,-0.383755,0,-0.379058,0
1.17196,-0.32526,0,-0.327487,0
1.17221,-0.280946,0,-0.278511,0
1.17246,-0.258044,0,-0.260311,0
1.17271,-0.253655,0,-0.252016,0
1.17296,-0.256097,0,-0.254033,0
1.17321,-0.24818,0,-0.245341,0
1.17346,-0.212536,0,-0.215503,0
1.17371,-0.13654,0,-0.134025,0
1.17396,-0.0167633,0,-0.0180145,0
1.17421,0.139198,0,0.13496,0
1.17446,0.313193,0,0.311681,0
1.17471,0.47999,0,0.482253,0
1.17496,0.612249,0,0.615288,0
1.17521,0.686585,0,0.686763,0
1.17546,0.68847,0,0.683824,0
1.17571,0.615713,0,0.616429,0
1.17596,0.479048,0,0.476966,0
1.17621,0.299814,0,0.303404,0
1.17646,0.105708,0,0.102419,0
1.17671,-0.0753179,0,-0.0785915,0
1.17696,-0.220435,0,-0.225014,0
1.17721,-0.316489,0,-0.31728,0
1.17746,-0.361844,0,-0.357223,0
1.17771,-0.365703,0,-0.366166,0
1.17796,-0.344587,0,-0.34651,0
1.17821,-0.317701,0,-0.3188,0
1.17846,-0.301237,0,-0.30295,0
1.17871,-0.30422,0,-0.308032,0
1.17896,-0.325838,0,-0.330447,0
1.17921,-0.355874,0,-0.353902,0
1.17946,-0.377159,0,-0.380917,0
1.17971,-0.370554,0,-0.371681,0
1.17996,-0.319995,0,-0.319155,0
1.18021,-0.2176,0,-0.21279,0
1.18046,-0.0664834,0,-0.0637921,0
1.18071,0.118765,0,0.120092,0
1.18096,0.314324,0,0.310427,0
1.18121,0.491715,0,0.487281,0
1.18146,0.623789,0,0.621049,0
1.18171,0.690114,0,0.689208,0
1.18196,0.681479,0,0.676881,0
1.18221,0.601637,0,0.598542,0
1.18246,0.466257,0,0.470416,0
1.18271,0.299549,0,0.299565,0
1.18296,0.128634,0,0.133092,0
1.18321,-0.021957,0,-0.0266594,0
1.18346,-0.135519,0,-0.135843,0
1.18371,-0.20581,0,-0.20595,0
1.18396,-0.237762,0,-0.236127,0
1.18421,-0.244728,0,-0.24166,0
1.18446,-0.244433,0,-0.243226,0
1.18471,-0.253346,0,-0.255908,0
1.18496,-0.282105,0,-0.282175,0
1.18521,-0.332071,0,-0.329036,0
1.18546,-0.394639,0,-0.391531,0
1.18571,-0.453015,0,-0.455486,0
1.18596,-0.486547,0,-0.491424,0
1.18621,-0.475753,0,-0.478553,0
1.18646,-0.407924,0,-0.405398,0
1.18671,-0.280788,0,-0.276955,0
1.18696,-0.104184,0,-0.0999802,0
1.18721,0.101111,0,0.103795,0
1.18746,0.30736,0,0.305663,0
1.18771,0.48508,0,0.484476,0
1.18796,0.609195,0,0.611409,0
1.18821,0.663977,0,0.66324,0
1.18846,0.646154,0,0.648012,0
1.18871,0.565,0,0.560731,0
1.18896,0.44002,0,0.444725,0
1.18921,0.296016,0,0.299994,0
1.18946,0.157729,0,0.153622,0
1.18971,0.044165,0,0.0454884,0
1.18996,-0.0349637,0,-0.0340227,0
1.19021,-0.0807759,0,-0.0854772,0
1.19046,-0.103654,0,-0.102914,0
1.19071,-0.119815,0,-0.124365,0
1.19096,-0.145926,0,-0.142662,0
1.19121,-0.194273,0,-0.190449,0
1.19146,-0.268554,0,-0.272875,0
1.19171,-0.36226,0,-0.365757,0
1.19196,-0.459652,0,-0.458968,0
1.19221,-0.539026,0,-0.542712,0
1.19246,-0.577888,0,-0.580421,0
1.19271,-0.558629,0,-0.559299,0
1.19296,-0.473123,0,-0.477312,0
1.19321,-0.325343,0,-0.320356,0
1.19346,-0.131429,0,-0.131612,0
1.19371,0.0832788,0,0.0809999,0
1.19396,0.288937,0,0.288771,0
1.19421,0.457281,0,0.456505,0
1.19446,0.567311,0,0.564463,0
1.19471,0.609105,0,0.609622,0
1.19496,0.585354,0,0.583163,0
1.19521,0.510098,0,0.507082,0
1.19546,0.404685,0,0.407246,0
1.19571,0.292759,0,0.28914,0
1.19596,0.194382,0,0.198636,0
1.19621,0.121849,0,0.122636,0
1.19646,0.0771684,0,0.0769094,0
1.19671,0.0526006,0,0.0514956,0
1.19696,0.0333286,0,0.0317546,0
1.19721,0.00237237,0,0.00462964,0
1.19746,-0.0542312,0,-0.0590391,0
1.19771,-0.14296,0,-0.13896,0
1.19796,-0.260082,0,-0.262083,0
1.19821,-0.39162,0,-0.391021,0
1.19846,-0.515849,0,-0.512951,0
1.19871,-0.607976,0,-0.607409,0
1.19896,-0.645973,0,-0.645517,0
1.19921,-0.615598,0,-0.616402,0
1.19946,-0.514297,0,-0.51826,0
1.19971,-0.352292,0,-0.35103,0
1.19996,-0.150823,0,-0.14755,0
1.20021,0.0617586,0,0.0587716,0
1.20046,0.255978,0,0.253144,0
1.20071,0.406824,0,0.41039,0
1.20096,0.49876,0,0.50355,0
1.20121,0.528223,0,0.527058,0
1.20146,0.503527,0,0.504328,0
1.20171,0.441862,0,0.44187,0
1.20196,0.364766,0,0.365825,0
1.20221,0.292373,0,0.291323,0
1.20246,0.238692,0,0.235414,0
1.20271,0.208282,0,0.207948,0
1.20296,0.195694,0,0.197761,0
1.20321,0.187389,0,0.182585,0
1.20346,0.166111,0,0.165551,0
1.20371,0.115791,0,0.119188,0
1.20396,0.0268608,0,0.0303684,0
1.20421,-0.100466,0,-0.0997403,0
1.20446,-0.254999,0,-0.253681,0
1.20471,-0.416115,0,-0.414849,0
1.20496,-0.558003,0,-0.562889,0
1.20521,-0.654883,0,-0.653794,0
1.20546,-0.686895,0,-0.688958,0
1.20571,-0.644695,0,-0.64498,0
1.20596,-0.531706,0,-0.535002,0
1.20621,-0.363601,0,-0.365646,0
1.20646,-0.165506,0,-0.162323,0
1.20671,0.0336872,0,0.0292926,0
1.20696,0.206763,0,0.208246,0
1.20721,0.333887,0,0.332242,0
1.20746,0.405959,0,0.408219,0
1.20771,0.425784,0,0.424418,0
1.20796,0.406095,0,0.403256,0
1.20821,0.365785,0,0.367226,0
1.20846,0.324292,0,0.322943,0
1.20871,0.296695,0,0.296281,0
1.20896,0.289592,0,0.287401,0
1.20921,0.299649,0,0.304331,0
1.20946,0.314556,0,0.311329,0
1.20971,0.31673,0,0.316472,0
1.20996,0.288022,0,0.286085,0
1.21021,0.215346,0,0.21725,0
1.21046,0.0946701,0,0.0949862,0
1.21071,-0.0666936,0,-0.0651981,0
1.21096,-0.250685,0,-0.247374,0
1.21121,-0.431655,0,-0.433934,0
1.21146,-0.581556,0,-0.584954,0
1.21171,-0.67575,0,-0.679413,0
1.21196,-0.698406,0,-0.697692,0
1.21221,-0.64579,0,-0.648548,0
1.21246,-0.527106,0,-0.531619,0
1.21271,-0.362587,0,-0.364455,0
1.21296,-0.178866,0,-0.176362,0
1.21321,-0.0035947,0,0.000447332,0
1.21346,0.140575,0,0.142784,0
1.21371,0.240111,0,0.237866,0
1.21396,0.292878,0,0.289358,0
1.21421,0.307263,0,0.30378,0
1.21446,0.299227,0,0.301395,0
1.21471,0.287119,0,0.290714,0
1.21496,0.286673,0,0.289537,0
1.21521,0.306272,0,0.302321,0
1.21546,0.344611,0,0.347282,0
1.21571,0.390856,0,0.389085,0
1.21596,0.427206,0,0.422372,0
1.21621,0.433571,0,0.431322,0
1.21646,0.393172,0,0.390471,0
1.21671,0.297158,0,0.296107,0
1.21696,0.147944,0,0.151639,0
1.21721,-0.0402823,0,-0.0362036,0
1.21746,-0.243869,0,-0.242094,0
1.21771,-0.433957,0,-0.432781,0
1.21796,-0.582599,0,-0.586108,0
1.21821,-0.668192,0,-0.668141,0
1.21846,-0.680088,0,-0.679382,0
1.21871,-0.620503,0,-0.621366,0
1.21896,-0.503798,0,-0.503837,0
1.21921,-0.35284,0,-0.354805,0
1.21946,-0.194087,0,-0.191515,0
1.21971,-0.0514692,0,-0.050452,0
1.21996,0.0583655,0,0.0551002,0
1.22021,0.129008,0,0.132399,0
1.22046,0.164986,0,0.164637,0
1.22071,0.179354,0,0.17819,0
1.22096,0.189222,0,0.189552,0
1.22121,0.210807,0,0.215058,0
1.22146,0.254234,0,0.253981,0
1.22171,0.320457,0,0.315816,0
1.22196,0.400345,0,0.398466,0
1.22221,0.476404,0,0.476301,0
1.22246,0.527103,0,0.531157,0
1.22271,0.531951,0,0.529347,0
1.22296,0.477041,0,0.476261,0
1.22321,0.359093,0,0.360741,0
1.22346,0.187089,0,0.183785,0
1.22371,-0.0188565,0,-0.0143258,0
1.22396,-0.23097,0,-0.234537,0
1.22421,-0.419563,0,-0.417099,0
1.22446,-0.558731,0,-0.563471,0
1.22471,-0.631533,0,-0.627102,0
1.22496,-0.633333,0,-0.63412,0
1.22521,-0.572063,0,-0.569368,0
1.22546,-0.46577,0,-0.466661,0
1.22571,-0.338355,0,-0.338156,0
1.22596,-0.21362,0,-0.215157,0
1.22621,-0.110226,0,-0.109169,0
1.22646,-0.0376333,0,-0.0335041,0
1.22671,0.00521044,0,0.00674425,0
1.22696,0.0287081,0,0.027594,0
1.22721,0.0487678,0,0.0489096,0
1.22746,0.0820908,0,0.0829365,0
1.22771,0.140675,0,0.144687,0
1.22796,0.22807,0,0.225664,0
1.22821,0.337439,0,0.335802,0
1.22846,0.452383,0,0.455157,0
1.22871,0.550507,0,0.553952,0
1.22896,0.608266,0,0.604741,0
1.22921,0.606718,0,0.602665,0
1.22946,0.536511,0,0.535704,0
1.22971,0.400394,0,0.398209,0
1.22996,0.213447,0,0.214687,0
1.23021,0.000542758,0,-0.00428252,0
1.23046,-0.20876,0,-0.206433,0
1.23071,-0.385816,0,-0.382097,0
1.23096,-0.50886,0,-0.50397,0
1.23121,-0.566854,0,-0.56506,0
1.23146,-0.5613,0,-0.557767,0
1.23171,-0.504839,0,-0.506824,0
1.23196,-0.41783,0,-0.420548,0
1.23221,-0.322799,0,-0.323817,0
1.23246,-0.239247,0,-0.235076,0
1.23271,-0.178916,0,-0.181872,0
1.23296,-0.143548,0,-0.139982,0
1.23321,-0.125203,0,-0.123972,0
1.23346,-0.108946,0,-0.10481,0
1.23371,-0.0774832,0,-0.0820668,0
1.23396,-0.0168518,0,-0.0139319,0
1.23421,0.0796161,0,0.0753627,0
1.23446,0.208125,0,0.210424,0
1.23471,0.354343,0,0.355803,0
1.23496,0.496053,0,0.49438,0
1.23521,0.607529,0,0.605453,0
1.23546,0.665549,0,0.66961,0
1.23571,0.654484,0,0.652472,0
1.23596,0.570346,0,0.567663,0
1.23621,0.421997,0,0.418397,0
1.23646,0.229764,0,0.23416,0
1.23671,0.0211984,0,0.0183332,0
1.23696,-0.174215,0,-0.172781,0
1.23721,-0.331298,0,-0.335576,0
1.23746,-0.433778,0,-0.431364,0
1.23771,-0.47713,0,-0.481183,0
1.23796,-0.468532,0,-0.471803,0
1.23821,-0.424251,0,-0.42867,0
1.23846,-0.364663,0,-0.368504,0
1.23871,-0.309276,0,-0.308058,0
1.23896,-0.271375,0,-0.276079,0
1.23921,-0.255039,0,-0.253694,0
1.23946,-0.254414,0,-0.254331,0
1.23971,-0.255583,0,-0.259883,0
1.23996,-0.240692,0,-0.239389,0
1.24021,-0.193369,0,-0.189482,0
1.24046,-0.103489,0,-0.102946,0
1.24071,0.0290001,0,0.0276606,0
1.24096,0.192952,0,0.197341,0
1.24121,0.367625,0,0.370172,0
1.24146,0.526426,0,0.526947,0
1.24171,0.642732,0,0.639868,0
1.24196,0.695346,0,0.690534,0
1.24221,0.673416,0,0.674696,0
1.24246,0.578858,0,0.583615,0
1.24271,0.42614,0,0.426973,0
1.24296,0.239062,0,0.235704,0
1.24321,0.046197,0,0.0506073,0
1.24346,-0.125622,0,-0.12911,0
1.24371,-0.256218,0,-0.257094,0
1.24396,-0.335976,0,-0.338765,0
1.24421,-0.366859,0,-0.368346,0
1.24446,-0.360871,0,-0.361836,0
1.24471,-0.335899,0,-0.331169,0
1.24496,-0.310809,0,-0.314254,0
1.24521,-0.299913,0,-0.304687,0
1.24546,-0.309299,0,-0.308529,0
1.24571,-0.33509,0,-0.335764,0
1.24596,-0.364399,0,-0.36432,0
1.24621,-0.378992,0,-0.376687,0
1.24646,-0.360021,0,-0.361917,0
1.24671,-0.293553,0,-0.293663,0
1.24696,-0.174953,0,-0.174638,0
1.24721,-0.0110468,0,-0.0145756,0
1.24746,0.180387,0,0.179797,0
1.24771,0.373329,0,0.372969,0
1.24796,0.539235,0,0.542842,0
1.24821,0.652374,0,0.651748,0
1.24846,0.695566,0,0.695891,0
1.24871,0.663538,0,0.664604,0
1.24896,0.56408,0,0.560462,0
1.24921,0.41598,0,0.414935,0
1.24946,0.245046,0,0.248699,0
1.24971,0.0781525,0,0.0762628,0
1.24996,-0.0621253,0,-0.0582376,0
1.25021,-0.162188,0,-0.15862,0
1.25046,-0.219468,0,-0.220916,0
1.25071,-0.241806,0,-0.240068,0
1.25095,-0.244528,0,-0.24177,0
1.2512,-0.245555,0,-0.244862,0
1.25145,-0.259958,0,-0.261153,0
1.2517,-0.295716,0,-0.291927,0
1.25195,-0.351019,0,-0.347534,0
1.2522,-0.414326,0,-0.414271,0
1.25245,-0.467208,0,-0.46494,0
1.2527,-0.488661,0,-0.492972,0
1.25295,-0.460922,0,-0.458511,0
1.2532,-0.374138,0,-0.373335,0
1.25345,-0.229848,0,-0.231922,0
1.2537,-0.0415553,0,-0.0367587,0
1.25395,0.167215,0,0.171542,0
1.2542,0.367585,0,0.36639,0
1.25445,0.530779,0,0.527602,0
1.2547,0.634263,0,0.631009,0
1.25495,0.665982,0,0.669735,0
1.2552,0.626735,0,0.623484,0
1.25545,0.529353,0,0.532124,0
1.2557,0.395636,0,0.395607,0
1.25595,0.250938,0,0.24964,0
1.2562,0.118762,0,0.113827,0
1.25645,0.0154246,0,0.0115702,0
1.2567,-0.0526518,0,-0.0480313,0
1.25695,-0.0897593,0,-0.0893605,0
1.2572,-0.108638,0,-0.109016,0
1.25745,-0.126248,0,-0.126912,0
1.2577,-0.158358,0,-0.163219,0
1.25795,-0.214916,0,-0.217133,0
1.2582,-0.296487,0,-0.294945,0
1.25845,-0.3934,0,-0.393911,0
1.2587,-0.487612,0,-0.488426,0
1.25895,-0.556526,0,-0.555802,0
1.2592,-0.57871,0,-0.577909,0
1.25945,-0.539006,0,-0.537532,0
1.2597,-0.432924,0,-0.428172,0
1.25995,-0.268392,0,-0.272594,0
1.2602,-0.0649061,0,-0.0687597,0
1.26045,0.150219,0,0.145789,0
1.2607,0.346938,0,0.342438,0
1.26095,0.498803,0,0.499993,0
1.2612,0.587925,0,0.58722,0
1.26145,0.608254,0,0.612792,0
1.2617,0.566355,0,0.565543,0
1.26195,0.479116,0,0.482494,0
1.2622,0.36916,0,0.371088,0
1.26245,0.259624,0,0.263641,0
1.2627,0.168498,0,0.169607,0
1.26295,0.104972,0,0.107022,0
1.2632,0.0678623,0,0.0710991,0
1.26345,0.0467226,0,0.0444043,0
1.2637,0.0256285,0,0.0243283,0
1.26395,-0.0121059,0,-0.00930115,0
1.2642,-0.0785605,0,-0.0781386,0
1.26445,-0.177132,0,-0.176519,0
1.2647,-0.300726,0,-0.30138,0
1.26495,-0.432566,0,-0.436524,0
1.2652,-0.549346,0,-0.552018,0
1.26545,-0.626621,0,-0.628547,0
1.2657,-0.644148,0,-0.646244,0
1.26595,-0.591183,0,-0.588937,0
1.2662,-0.469121,0,-0.469802,0
1.26645,-0.292008,0,-0.296062,0
1.2667,-0.083805,0,-0.0878019,0
1.26695,0.126076,0,0.123414,0
1.2672,0.308997,0,0.305517,0
1.26745,0.442473,0,0.444701,0
1.2677,0.514588,0,0.518087,0
1.26795,0.525671,0,0.520737,0
1.2682,0.487165,0,0.485574,0
1.26845,0.41827,0,0.423112,0
1.2687,0.340703,0,0.343185,0
1.26895,0.273095,0,0.27449,0
1.2692,0.226721,0,0.223188,0
1.26945,0.202945,0,0.20427,0
1.2697,0.193408,0,0.189328,0
1.26995,0.182977,0,0.182178,0
1.2702,0.154041,0,0.158874,0
1.27045,0.0922111,0,0.092879,0
1.2707,-0.00932831,0,-0.0111862,0
1.27095,-0.146895,0,-0.151818,0
1.2712,-0.306073,0,-0.308047,0
1.27145,-0.46403,0,-0.459149,0
1.2717,-0.594382,0,-0.597044,0
1.27195,-0.672582,0,-0.672137,0
1.2722,-0.681735,0,-0.681109,0
1.27245,-0.616302,0,-0.617802,0
1.2727,-0.483809,0,-0.482636,0
1.27295,-0.303306,0,-0.305389,0
1.2732,-0.101729,0,-0.0973666,0
1.27345,0.0919424,0,0.0889518,0
1.2737,0.252263,0,0.250077,0
1.27395,0.362514,0,0.363036,0
1.2742,0.417372,0,0.413729,0
1.27445,0.423014,0,0.421497,0
1.2747,0.394702,0,0.398898,0
1.27495,0.352041,0,0.356202,0
1.2752,0.313625,0,0.309488,0
1.27545,0.292209,0,0.290956,0
1.2757,0.291317,0,0.295305,0
1.27595,0.304528,0,0.308474,0
1.2762,0.317491,0,0.316972,0
1.27645,0.311749,0,0.314469,0
1.2767,0.270318,0,0.267659,0
1.27695,0.18248,0,0.185774,0
1.2772,0.0477002,0,0.0525786,0
1.27745,-0.123155,0,-0.126169,0
1.2777,-0.309139,0,-0.307626,0
1.27795,-0.483337,0,-0.483,0
1.2782,-0.618059,0,-0.61436,0
1.27845,-0.691006,0,-0.693637,0
1.2787,-0.689816,0,-0.692437,0
1.27895,-0.614881,0,-0.619764,0
1.2792,-0.479209,0,-0.483637,0
1.27945,-0.3056,0,-0.304157,0
1.2797,-0.121673,0,-0.123615,0
1.27995,0.0459056,0,0.0450795,0
1.2802,0.176996,0,0.17983,0
1.28045,0.261553,0,0.264747,0
1.2807,0.300906,0,0.298437,0
1.28095,0.306343,0,0.303221,0
1.2812,0.295031,0,0.296823,0
1.28145,0.285156,0,0.285257,0
1.2817,0.290528,0,0.2869,0
1.28195,0.31664,0,0.312816,0
1.2822,0.359031,0,0.36329,0
1.28245,0.404305,0,0.407271,0
1.2827,0.433331,0,0.433407,0
1.28295,0.426572,0,0.426452,0
1.2832,0.369159,0,0.366107,0
1.28345,0.255627,0,0.255835,0
1.2837,0.0921032,0,0.0938153,0
1.28395,-0.103893,0,-0.106347,0
1.2842,-0.306438,0,-0.310162,0
1.28445,-0.486315,0,-0.486593,0
1.2847,-0.61703,0,-0.614803,0
1.28495,-0.680027,0,-0.67881,0
1.2852,-0.66862,0,-0.673156,0
1.28545,-0.589038,0,-0.586715,0
1.2857,-0.458838,0,-0.462083,0
1.28595,-0.302574,0,-0.305668,0
1.2862,-0.146569,0,-0.149525,0
1.28645,-0.0129217,0,-0.0152697,0
1.2867,0.0847219,0,0.0876768,0
1.28695,0.143525,0,0.141294,0
1.2872,0.171052,0,0.174907,0
1.28745,0.182068,0,0.181977,0
1.2877,0.194068,0,0.196428,0
1.28795,0.221819,0,0.216934,0
1.2882,0.272804,0,0.275998,0
1.28845,0.344764,0,0.342207,0
1.2887,0.425633,0,0.42207,0
1.28895,0.496093,0,0.500531,0
1.2892,0.534381,0,0.539357,0
1.28945,0.5215,0,0.520236,0
1.2897,0.446597,0,0.446858,0
1.28995,0.310118,0,0.307863,0
1.2902,0.124844,0,0.125359,0
1.29045,-0.086254,0,-0.0868285,0
1.2907,-0.294106,0,-0.296176,0
1.29095,-0.469613,0,-0.471241,0
1.2912,-0.589183,0,-0.589012,0
1.29145,-0.639598,0,-0.637245,0
1.2917,-0.620219,0,-0.619484,0
1.29195,-0.54247,0,-0.546304,0
1.2922,-0.426856,0,-0.429551,0
1.29245,-0.297882,0,-0.293533,0
1.2927,-0.178226,0,-0.180957,0
1.29295,-0.0839826,0,-0.0833408,0
1.2932,-0.0212819,0,-0.0207342,0
1.29345,0.014046,0,0.0130222,0
1.2937,0.0345747,0,0.034595,0
1.29395,0.0571557,0,0.0602686,0
1.2942,0.0974183,0,0.0945366,0
1.29445,0.165149,0,0.164153,0
1.2947,0.260663,0,0.265396,0
1.29495,0.373931,0,0.375764,0
1.2952,0.486154,0,0.486811,0
1.29545,0.574022,0,0.576456,0
1.2957,0.614808,0,0.611462,0
1.29595,0.59222,0,0.59254,0
1.2962,0.500423,0,0.497634,0
1.29645,0.34618,0,0.348879,0
1.2967,0.148056,0,0.14651,0
1.29695,-0.0669651,0,-0.0652396,0
1.2972,-0.269013,0,-0.271294,0
1.29745,-0.431005,0,-0.426196,0
1.2977,-0.534275,0,-0.531852,0
1.29795,-0.571589,0,-0.568315,0
1.2982,-0.548208,0,-0.552747,0
1.29845,-0.479775,0,-0.480185,0
1.2987,-0.387815,0,-0.383162,0
1.29895,-0.294575,0,-0.294478,0
1.2992,-0.217494,0,-0.216885,0
1.29945,-0.165311,0,-0.163611,0
1.2997,-0.136539,0,-0.140406,0
1.29995,-0.120665,0,-0.124444,0
1.3002,-0.101432,0,-0.0997444,0
1.30045,-0.0621294,0,-0.0593048,0
1.3007,0.00950939,0,0.00677138,0
1.30095,0.116967,0,0.12111,0
1.3012,0.253048,0,0.2533,0
1.30145,0.400511,0,0.398231,0
1.3017,0.535517,0,0.537392,0
1.30195,0.632445,0,0.629662,0
1.3022,0.669952,0,0.668224,0
1.30245,0.635759,0,0.638288,0
1.3027,0.529903,0,0.533131,0
1.30295,0.365123,0,0.368357,0
1.3032,0.164593,0,0.16475,0
1.30345,-0.0429389,0,-0.0468397,0
1.3037,-0.228681,0,-0.226727,0
1.30395,-0.369838,0,-0.365203,0
1.3042,-0.453659,0,-0.457419,0
1.30445,-0.47942,0,-0.480638,0
1.3047,-0.457584,0,-0.460575,0
1.30495,-0.40618,0,-0.402696,0
1.3052,-0.346023,0,-0.349147,0
1.30545,-0.2951,0,-0.290164,0
1.3057,-0.264031,0,-0.266831,0
1.30595,-0.253702,0,-0.252615,0
1.3062,-0.255426,0,-0.251468,0
1.30645,-0.253485,0,-0.250088,0
1.3067,-0.22995,0,-0.228708,0
1.30695,-0.169912,0,-0.173889,0
1.3072,-0.066148,0,-0.0695828,0
1.30745,0.0779428,0,0.0806328,0
1.3077,0.247854,0,0.247296,0
1.30795,0.420537,0,0.417696,0
1.3082,0.568698,0,0.568482,0
1.30845,0.666868,0,0.671053,0
1.3087,0.696654,0,0.70052,0
1.30895,0.651089,0,0.650143,0
1.3092,0.536201,0,0.540075,0
1.30945,0.369779,0,0.374273,0
1.3097,0.177795,0,0.178937,0
1.30995,-0.0111235,0,-0.00957805,0
1.3102,-0.171719,0,-0.167521,0
1.31045,-0.286838,0,-0.289552,0
1.3107,-0.35051,0,-0.353936,0
1.31095,-0.368182,0,-0.366343,0
1.3112,-0.354124,0,-0.353693,0
1.31145,-0.327266,0,-0.330608,0
1.3117,-0.305381,0,-0.308527,0
1.31195,-0.300664,0,-0.300108,0
1.3122,-0.316076,0,-0.311317,0
1.31245,-0.344711,0,-0.34628,0
1.3127,-0.371483,0,-0.374074,0
1.31295,-0.377431,0,-0.373063,0
1.3132,-0.344654,0,-0.348178,0
1.31345,-0.261819,0,-0.264462,0
1.3137,-0.127709,0,-0.128265,0
1.31395,0.0472177,0,0.0449368,0
1.3142,0.242137,0,0.240982,0
1.31445,0.429645,0,0.433727,0
1.3147,0.581456,0,0.58477,0
1.31495,0.673972,0,0.677528,0
1.3152,0.693496,0,0.688947,0
1.31545,0.6389,0,0.637518,0
1.3157,0.521698,0,0.520729,0
1.31595,0.363483,0,0.367427,0
1.3162,0.190978,0,0.189892,0
1.31645,0.030362,0,0.0277763,0
1.3167,-0.0982531,0,-0.0933928,0
1.31695,-0.184616,0,-0.18201,0
1.3172,-0.229653,0,-0.234009,0
1.31745,-0.243952,0,-0.239998,0
1.3177,-0.24427,0,-0.240404,0
1.31795,-0.248094,0,-0.244365,0
1.3182,-0.268778,0,-0.267099,0
1.31845,-0.311344,0,-0.308215,0
1.3187,-0.37082,0,-0.372087,0
1.31895,-0.43306,0,-0.429321,0
1.3192,-0.478313,0,-0.476412,0
1.31945,-0.485943,0,-0.484454,0
1.3197,-0.440233,0,-0.443703,0
1.31995,-0.334654,0,-0.334933,0
1.3202,-0.174553,0,-0.171745,0
1.32045,0.0231398,0,0.0199069,0
1.3207,0.232483,0,0.236401,0
1.32095,0.424098,0,0.428102,0
1.3212,0.570535,0,0.574872,0
1.32145,0.652188,0,0.651836,0
1.3217,0.660936,0,0.665568,0
1.32195,0.601522,0,0.597436,0
1.3222,0.490129,0,0.486318,0
1.32245,0.350166,0,0.346471,0
1.3227,0.207111,0,0.20784,0
1.32295,0.0826785,0,0.086784,0
1.3232,-0.0097032,0,-0.0123006,0
1.32345,-0.067137,0,-0.0685768,0
1.3237,-0.0968523,0,-0.100825,0
1.32395,-0.113489,0,-0.109112,0
1.3242,-0.134108,0,-0.13369,0
1.32445,-0.173242,0,-0.171739,0
1.3247,-0.238074,0,-0.242556,0
1.32495,-0.325999,0,-0.327103,0
1.3252,-0.424302,0,-0.425836,0
1.32545,-0.513071,0,-0.510014,0
1.3257,-0.569408,0,-0.572485,0
1.32595,-0.573344,0,-0.568934,0
1.3262,-0.512698,0,-0.509685,0
1.32645,-0.386819,0,-0.383786,0
1.3267,-0.207516,0,-0.211756,0
1.32695,0.00284119,0,0.00421071,0
1.3272,0.21538,0,0.213114,0
1.32745,0.400541,0,0.402638,0
1.3277,0.534091,0,0.537303,0
1.32795,0.601625,0,0.599221,0
1.3282,0.601163,0,0.603781,0
1.32845,0.542872,0,0.545835,0
1.3287,0.445898,0,0.445505,0
1.32895,0.333766,0,0.336757,0
1.3292,0.228407,0,0.223812,0
1.32945,0.145459,0,0.14163,0
1.3297,0.0907847,0,0.090804,0
1.32995,0.0601777,0,0.0606164,0
1.3302,0.040897,0,0.0371941,0
1.33045,0.0162528,0,0.0180259,0
1.3307,-0.0295626,0,-0.0339516,0
1.33095,-0.106192,0,-0.10597,0
1.3312,-0.21387,0,-0.215797,0
1.33145,-0.342261,0,-0.340156,0
1.3317,-0.47206,0,-0.468268,0
1.33195,-0.578961,0,-0.579048,0
1.3322,-0.639296,0,-0.635494,0
1.33245,-0.635321,0,-0.635774,0
1.3327,-0.559896,0,-0.56016,0
1.33295,-0.418518,0,-0.422037,0
1.3332,-0.228676,0,-0.225088,0
1.33345,-0.0166824,0,-0.0142145,0
1.3337,0.187621,0,0.185855,0
1.33395,0.357002,0,0.358642,0
1.3342,0.471981,0,0.47336,0
1.33445,0.524306,0,0.525895,0
1.3347,0.518134,0,0.51969,0
1.33495,0.467785,0,0.46312,0
1.3352,0.393892,0,0.393021,0
1.33545,0.317679,0,0.313591,0
1.3357,0.255969,0,0.258112,0
1.33595,0.217021,0,0.221354,0
1.3362,0.199025,0,0.202726,0
1.33645,0.19104,0,0.195394,0
1.3367,0.176664,0,0.178084,0
1.33695,0.138693,0,0.142271,0
1.3372,0.0646908,0,0.0631788,0
1.33745,-0.0490862,0,-0.0454714,0
1.3377,-0.19547,0,-0.191518,0
1.33795,-0.357022,0,-0.360769,0
1.3382,-0.509177,0,-0.50551,0
1.33845,-0.625551,0,-0.62823,0
1.3387,-0.683408,0,-0.678755,0
1.33895,-0.669117,0,-0.669267,0
1.3392,-0.581228,0,-0.586133,0
1.33945,-0.431117,0,-0.429415,0
1.3397,-0.24091,0,-0.244325,0
1.33995,-0.0387086,0,-0.0405254,0
1.3402,0.146904,0,0.151819,0
1.34045,0.292796,0,0.291519,0
1.3407,0.385644,0,0.384016,0
1.34095,0.423887,0,0.420228,0
1.3412,0.416901,0,0.420247,0
1.34145,0.381919,0,0.380501,0
1.3417,0.338751,0,0.338961,0
1.34195,0.304714,0,0.302343,0
1.3422,0.289837,0,0.287515,0
1.34245,0.294525,0,0.298625,0
1.3427,0.309489,0,0.312092,0
1.34295,0.318624,0,0.319736,0
1.3432,0.303296,0,0.308007,0
1.34345,0.24796,0,0.247898,0
1.3437,0.144901,0,0.14875,0
1.34395,-0.00290322,0,-0.00632092,0
1.3442,-0.181115,0,-0.185457,0
1.34445,-0.366478,0,-0.36638,0
1.3447,-0.531125,0,-0.52852,0
1.34495,-0.648448,0,-0.652557,0
1.3452,-0.698862,0,-0.697467,0
1.34545,-0.673846,0,-0.675598,0
1.3457,-0.577889,0,-0.57358,0
1.34595,-0.42755,0,-0.427067,0
1.3462,-0.24765,0,-0.251826,0
1.34645,-0.0662262,0,-0.0669085,0
1.3467,0.0916672,0,0.0951985,0
1.34695,0.208677,0,0.209805,0
1.3472,0.278383,0,0.276627,0
1.34745,0.305484,0,0.310023,0
1.3477,0.303673,0,0.30786,0
1.34795,0.291008,0,0.286865,0
1.3482,0.284777,0,0.286203,0
1.34845,0.296503,0,0.295378,0
1.3487,0.328682,0,0.326077,0
1.34895,0.373762,0,0.378743,0
1.3492,0.416132,0,0.420372,0
1.34945,0.435892,0,0.431286,0
1.3497,0.414458,0,0.418561,0
1.34995,0.339483,0,0.335018,0
1.3502,0.209019,0,0.204476,0
1.35045,0.0329746,0,0.03633,0
1.3507,-0.16812,0,-0.167838,0
1.35095,-0.366706,0,-0.364474,0
1.3512,-0.533717,0,-0.533169,0
1.35145,-0.644663,0,-0.649042,0
1.3517,-0.684412,0,-0.681521,0
1.35195,-0.650342,0,-0.650763,0
1.3522,-0.55258,0,-0.550147,0
1.35245,-0.411297,0,-0.40795,0
1.3527,-0.252398,0,-0.254179,0
1.35295,-0.101324,0,-0.0977075,0
1.3532,0.0219922,0,0.0185475,0
1.35345,0.107228,0,0.103234,0
1.3537,0.154958,0,0.154844,0
1.35395,0.175486,0,0.171072,0
1.3542,0.184953,0,0.186347,0
1.35445,0.200596,0,0.199928,0
1.3547,0.235236,0,0.23366,0
1.35495,0.293525,0,0.288729,0
1.3552,0.369999,0,0.373332,0
1.35545,0.449927,0,0.448634,0
1.3557,0.512604,0,0.509908,0
1.35595,0.53659,0,0.53213,0
1.3562,0.504916,0,0.506654,0
1.35645,0.410041,0,0.414606,0
1.3567,0.256338,0,0.258553,0
1.35695,0.0600097,0,0.0574254,0
1.3572,-0.153288,0,-0.151096,0
1.35745,-0.354003,0,-0.349573,0
1.3577,-0.514067,0,-0.514103,0
1.35795,-0.612768,0,-0.610347,0
1.3582,-0.640711,0,-0.636755,0
1.35845,-0.601264,0,-0.603229,0
1.3587,-0.509113,0,-0.510795,0
1.35895,-0.386663,0,-0.390311,0
1.3592,-0.258355,0,-0.259291,0
1.35945,-0.145381,0,-0.142506,0
1.3597,-0.0608868,0,-0.0625439,0
1.35995,-0.00775064,0,-0.00664591,0
1.3602,0.0212909,0,0.023594,0
1.36045,0.0405875,0,0.0356262,0
1.3607,0.0672371,0,0.0660885,0
1.36095,0.115476,0,0.113766,0
1.3612,0.192396,0,0.193273,0
1.36145,0.295045,0,0.293166,0
1.3617,0.410313,0,0.408047,0
1.36195,0.517511,0,0.51471,0
1.3622,0.592845,0,0.590142,0
1.36245,0.615048,0,0.614117,0
1.3627,0.570764,0,0.574237,0
1.36295,0.45803,0,0.460295,0
1.3632,0.28752,0,0.282998,0
1.36345,0.0809599,0,0.0848646,0
1.3637,-0.133227,0,-0.134672,0
1.36395,-0.325313,0,-0.326411,0
1.3642,-0.47036,0,-0.474681,0
1.36445,-0.553049,0,-0.552673,0
1.3647,-0.570203,0,-0.568807,0
1.36495,-0.530602,0,-0.530028,0
1.3652,-0.452336,0,-0.455951,0
1.36545,-0.357718,0,-0.359606,0
1.3657,-0.268049,0,-0.263811,0
1.36595,-0.19831,0,-0.197504,0
1.3662,-0.154086,0,-0.158541,0
1.36645,-0.13084,0,-0.12869,0
1.3667,-0.115804,0,-0.115508,0
1.36695,-0.0919454,0,-0.0953907,0
1.3672,-0.0434601,0,-0.0389054,0
1.36745,0.0395432,0,0.0441396,0
1.3677,0.157267,0,0.157736,0
1.36795,0.299149,0,0.298117,0
1.3682,0.445486,0,0.447927,0
1.36845,0.571212,0,0.56689,0
1.3687,0.651429,0,0.65444,0
1.36895,0.667207,0,0.668316,0
1.3692,0.609899,0,0.609847,0
1.36945,0.483611,0,0.482124,0
1.3697,0.304772,0,0.304304,0
1.36995,0.098794,0,0.0995155,0
1.3702,-0.104787,0,-0.100593,0
1.37045,-0.278609,0,-0.279514,0
1.3707,-0.402628,0,-0.400342,0
1.37095,-0.467729,0,-0.472463,0
1.3712,-0.47695,0,-0.475841,0
1.37145,-0.443653,0,-0.438703,0
1.3717,-0.387285,0,-0.388924,0
1.37195,-0.328379,0,-0.325653,0
1.3722,-0.282949,0,-0.284685,0
1.37245,-0.258765,0,-0.259126,0
1.3727,-0.253569,0,-0.253912,0
1.37295,-0.256052,0,-0.260383,0
1.3732,-0.24923,0,-0.244262,0
1.37345,-0.215606,0,-0.216815,0
1.3737,-0.142143,0,-0.143642,0
1.37395,-0.0248043,0,-0.0202266,0
1.3742,0.129416,0,0.126799,0
1.37445,0.303013,0,0.3052,0
1.3747,0.470941,0,0.475263,0
1.37495,0.605961,0,0.607471,0
1.3752,0.684171,0,0.686486,0
1.37545,0.690435,0,0.692445,0
1.3757,0.621827,0,0.617207,0
1.37595,0.488365,0,0.484843,0
1.3762,0.310874,0,0.309013,0
1.37645,0.116841,0,0.116759,0
1.3767,-0.0656418,0,-0.0637792,0
1.37695,-0.213302,0,-0.210901,0
1.3772,-0.312357,0,-0.307588,0
1.37745,-0.360491,0,-0.36416,0
1.3777,-0.366352,0,-0.370647,0
1.37795,-0.346155,0,-0.345189,0
1.3782,-0.319109,0,-0.319527,0
1.37845,-0.301705,0,-0.303947,0
1.3787,-0.303469,0,-0.307864,0
1.37895,-0.324235,0,-0.3199,0
1.3792,-0.354214,0,-0.353485,0
1.37945,-0.376542,0,-0.372947,0
1.3797,-0.372056,0,-0.375977,0
1.37995,-0.324299,0,-0.319546,0
1.3802,-0.224937,0,-0.223748,0
1.38045,-0.0763481,0,-0.0793332,0
1.3807,0.107503,0,0.10276,0
1.38095,0.303171,0,0.308053,0
1.3812,0.482441,0,0.47805,0
1.38145,0.617787,0,0.616084,0
1.3817,0.68829,0,0.685412,0
1.38195,0.68402,0,0.68342,0
1.3822,0.607975,0,0.605391,0
1.38245,0.475207,0,0.470814,0
1.3827,0.309574,0,0.311,0
1.38295,0.138178,0,0.134118,0
1.3832,-0.0141286,0,-0.0128425,0
1.38345,-0.130067,0,-0.126803,0
1.3837,-0.202828,0,-0.19822,0
1.38395,-0.236705,0,-0.240121,0
1.3842,-0.244656,0,-0.246969,0
1.38445,-0.244347,0,-0.240498,0
1.3847,-0.252356,0,-0.254342,0
1.38495,-0.279829,0,-0.281858,0
1.3852,-0.328706,0,-0.323762,0
1.38545,-0.390895,0,-0.390959,0
1.3857,-0.450102,0,-0.44957,0
1.38595,-0.485642,0,-0.481871,0
1.3862,-0.477846,0,-0.476352,0
1.38645,-0.413497,0,-0.417527,0
1.3867,-0.289642,0,-0.285322,0
1.38695,-0.115429,0,-0.115355,0
1.3872,0.0889161,0,0.085362,0
1.38745,0.295927,0,0.293899,0
1.3877,0.476017,0,0.472371,0
1.38795,0.603773,0,0.605626,0
1.3882,0.662797,0,0.66595,0
1.38845,0.649052,0,0.651037,0
1.3887,0.571125,0,0.570558,0
1.38894,0.448025,0,0.447816,0
1.38919,0.304416,0,0.305641,0
1.38944,0.165203,0,0.166648,0
1.38969,0.0498373,0,0.0538989,0
1.38994,-0.031384,0,-0.0266783,0
1.39019,-0.0788949,0,-0.0793006,0
1.39044,-0.102692,0,-0.0992166,0
1.39069,-0.118768,0,-0.121182,0
1.39094,-0.143899,0,-0.139377,0
1.39119,-0.190761,0,-0.188873,0
1.39144,-0.263614,0,-0.263528,0
1.39169,-0.356546,0,-0.354497,0
1.39194,-0.45428,0,-0.456996,0
1.39219,-0.53528,0,-0.53264,0
1.39244,-0.577083,0,-0.575712,0
1.39269,-0.561561,0,-0.557336,0
1.39294,-0.479914,0,-0.478464,0
1.39319,-0.335416,0,-0.339529,0
1.39344,-0.143555,0,-0.141349,0
1.39369,0.0708087,0,0.07392,0
1.39394,0.277764,0,0.278268,0
1.39419,0.448973,0,0.45156,0
1.39444,0.56277,0,0.564391,0
1.39469,0.608561,0,0.61109,0
1.39494,0.588317,0,0.587521,0
1.39519,0.515509,0,0.519146,0
1.39544,0.411188,0,0.408848,0
1.39569,0.299034,0,0.295262,0
1.39594,0.199441,0,0.19533,0
1.39619,0.125236,0,0.124448,0
1.39644,0.0790829,0,0.0750246,0
1.39669,0.0537054,0,0.0571252,0
1.39694,0.0345908,0,0.0384762,0
1.39719,0.00480511,0,9.29683e-05,0
1.39744,-0.05005,0,-0.0457949,0
1.39769,-0.136921,0,-0.138917,0
1.39794,-0.252697,0,-0.256592,0
1.39819,-0.383971,0,-0.380233,0
1.39844,-0.509244,0,-0.51348,0
1.39869,-0.603929,0,-0.605061,0
1.39894,-0.645547,0,-0.649863,0
1.39919,-0.619321,0,-0.620063,0
1.39944,-0.521971,0,-0.51878,0
1.39969,-0.362991,0,-0.359705,0
1.39994,-0.163076,0,-0.163721,0
1.40019,0.0496816,0,0.0510194,0
1.40044,0.245718,0,0.246652,0
1.40069,0.399599,0,0.397288,0
1.40094,0.495171,0,0.494236,0
1.40119,0.528131,0,0.524042,0
1.40144,0.506168,0,0.502545,0
1.40169,0.446058,0,0.449136,0
1.40194,0.369279,0,0.368786,0
1.40219,0.296163,0,0.29137,0
1.40244,0.241187,0,0.23927,0
1.40269,0.209454,0,0.204694,0
1.40294,0.196095,0,0.197675,0
1.40319,0.188042,0,0.190153,0
1.40344,0.167993,0,0.172977,0
1.40369,0.119696,0,0.118547,0
1.40394,0.0331043,0,0.0359997,0
1.40419,-0.0922,0,-0.0875622,0
1.40444,-0.245642,0,-0.245696,0
1.40469,-0.407052,0,-0.403404,0
1.40494,-0.550786,0,-0.55048,0
1.40519,-0.650861,0,-0.653532,0
1.40544,-0.68703,0,-0.688555,0
1.40569,-0.649162,0,-0.644998,0
1.40594,-0.53995,0,-0.537726,0
1.40619,-0.374466,0,-0.376213,0
1.40644,-0.177339,0,-0.178892,0
1.40669,0.0225758,0,0.0216511,0
1.40694,0.197795,0,0.200784,0
1.40719,0.328005,0,0.327803,0
1.40744,0.403327,0,0.40491,0
1.40769,0.425883,0,0.423197,0
1.40794,0.408,0,0.411836,0
1.40819,0.368333,0,0.371641,0
1.40844,0.326429,0,0.325709,0
1.40869,0.297752,0,0.295544,0
1.40894,0.289453,0,0.29097,0
1.40919,0.298737,0,0.300004,0
1.40944,0.313849,0,0.314378,0
1.40969,0.317276,0,0.32025,0
1.40994,0.290783,0,0.290585,0
1.41019,0.220868,0,0.218929,0
1.41044,0.102884,0,0.102602,0
1.41069,-0.0565217,0,-0.0532454,0
1.41094,-0.239802,0,-0.236479,0
1.41119,-0.421724,0,-0.426043,0
1.41144,-0.574128,0,-0.577405,0
1.41169,-0.672134,0,-0.66775,0
1.41194,-0.699174,0,-0.699227,0
1.41219,-0.650784,0,-0.651443,0
1.41244,-0.535462,0,-0.535812,0
1.41269,-0.372907,0,-0.369095,0
1.41294,-0.189521,0,-0.192268,0
1.41319,-0.0130718,0,-0.0169143,0
1.41344,0.133374,0,0.128884,0
1.41369,0.235685,0,0.23122,0
1.41394,0.291003,0,0.28636,0
1.41419,0.307226,0,0.305789,0
1.41444,0.299987,0,0.295719,0
1.41469,0.287632,0,0.290414,0
1.41494,0.286194,0,0.286108,0
1.41519,0.304565,0,0.303525,0
1.41544,0.342039,0,0.338497,0
1.41569,0.388276,0,0.390471,0
1.41594,0.425712,0,0.421749,0
1.41619,0.434384,0,0.435016,0
1.41644,0.396984,0,0.400652,0
1.41669,0.30424,0,0.306092,0
1.41694,0.15783,0,0.162353,0
1.41719,-0.0287078,0,-0.0250044,0
1.41744,-0.232168,0,-0.230027,0
1.41769,-0.423834,0,-0.423487,0
1.41794,-0.575553,0,-0.577718,0
1.41819,-0.6652,0,-0.667628,0
1.41844,-0.681432,0,-0.685684,0
1.41869,-0.6257,0,-0.628079,0
1.41894,-0.511738,0,-0.507921,0
1.41919,-0.362046,0,-0.364748,0
1.41944,-0.203041,0,-0.198116,0
1.41969,-0.05894,0,-0.0572602,0
1.41994,0.0530171,0,0.049045,0
1.42019,0.125901,0,0.127549,0
1.42044,0.163643,0,0.165398,0
1.42069,0.178771,0,0.174388,0
1.42094,0.188475,0,0.184985,0
1.42119,0.209028,0,0.210341,0
1.42144,0.251061,0,0.254621,0
1.42169,0.316118,0,0.317266,0
1.42194,0.395624,0,0.391194,0
1.42219,0.472473,0,0.472433,0
1.42244,0.525237,0,0.529311,0
1.42269,0.533174,0,0.535154,0
1.42294,0.481957,0,0.481119,0
1.42319,0.367535,0,0.3707,0
1.42344,0.198207,0,0.201976,0
1.42369,-0.00648079,0,-0.00643182,0
1.42394,-0.219054,0,-0.216897,0
1.42419,-0.409782,0,-0.405289,0
1.42444,-0.552324,0,-0.552126,0
1.42469,-0.629243,0,-0.634051,0
1.42494,-0.635066,0,-0.630635,0
1.42519,-0.577049,0,-0.576691,0
1.42544,-0.472743,0,-0.469578,0
1.42569,-0.345873,0,-0.34149,0
1.42594,-0.220398,0,-0.225172,0
1.42619,-0.115409,0,-0.120356,0
1.42644,-0.0409586,0,-0.0440333,0
1.42669,0.00344368,0,0.00563525,0
1.42694,0.0276194,0,0.0289298,0
1.42719,0.0474026,0,0.0425767,0
1.42744,0.0795639,0,0.0747659,0
1.42769,0.136489,0,0.136367,0
1.42794,0.2223,0,0.22422,0
1.42819,0.33076,0,0.327031,0
1.42844,0.445953,0,0.445434,0
1.42869,0.545709,0,0.549535,0
1.42894,0.606352,0,0.60932,0
1.42919,0.608669,0,0.605572,0
1.42944,0.5425,0,0.543191,0
1.42969,0.409907,0,0.409775,0
1.42994,0.225305,0,0.225935,0
1.43019,0.0130592,0,0.0132778,0
1.43044,-0.197273,0,-0.20032,0
1.43069,-0.376878,0,-0.378235,0
1.43094,-0.503468,0,-0.500701,0
1.43119,-0.565331,0,-0.566987,0
1.43144,-0.563183,0,-0.559143,0
1.43169,-0.509163,0,-0.508835,0
1.43194,-0.423302,0,-0.42571,0
1.43219,-0.328146,0,-0.325067,0
1.43244,-0.243518,0,-0.240455,0
1.43269,-0.18169,0,-0.185704,0
1.43294,-0.145007,0,-0.148918,0
1.43319,-0.126035,0,-0.128872,0
1.43344,-0.110081,0,-0.110908,0
1.43369,-0.0800404,0,-0.0823435,0
1.43394,-0.0213718,0,-0.0244205,0
1.43419,0.0730244,0,0.0753824,0
1.43444,0.19998,0,0.195305,0
1.43469,0.34576,0,0.342929,0
1.43494,0.488425,0,0.488242,0
1.43519,0.602332,0,0.603393,0
1.43544,0.66397,0,0.662704,0
1.43569,0.657135,0,0.661952,0
1.43594,0.577109,0,0.580099,0
1.43619,0.43202,0,0.430419,0
1.43644,0.241622,0,0.24142,0
1.43669,0.0331851,0,0.0302677,0
1.43694,-0.163742,0,-0.16147,0
1.43719,-0.323596,0,-0.32593,0
1.43744,-0.429478,0,-0.433201,0
1.43769,-0.476162,0,-0.479914,0
1.43794,-0.470244,0,-0.471966,0
1.43819,-0.42742,0,-0.425287,0
1.43844,-0.36816,0,-0.363553,0
1.43869,-0.312103,0,-0.315406,0
1.43894,-0.272989,0,-0.273175,0
1.43919,-0.255451,0,-0.252171,0
1.43944,-0.254233,0,-0.250085,0
1.43969,-0.255719,0,-0.255845,0
1.43994,-0.24229,0,-0.241299,0
1.44019,-0.197206,0,-0.199016,0
1.44044,-0.109898,0,-0.112241,0
1.44069,0.0203182,0,0.0219944,0
1.44094,0.182935,0,0.187453,0
1.44119,0.357679,0,0.354053,0
1.44144,0.518149,0,0.517854,0
1.44169,0.637572,0,0.636595,0
1.44194,0.694274,0,0.690502,0
1.44219,0.676745,0,0.673333,0
1.44244,0.586109,0,0.581566,0
1.44269,0.436178,0,0.436436,0
1.44294,0.250375,0,0.246418,0
1.44319,0.0570793,0,0.055898,0
1.44344,-0.116595,0,-0.119961,0
1.44369,-0.249952,0,-0.247623,0
1.44394,-0.33277,0,-0.330805,0
1.44419,-0.366281,0,-0.362867,0
1.44444,-0.361931,0,-0.361141,0
1.44469,-0.337524,0,-0.332971,0
1.44494,-0.311984,0,-0.312552,0
1.44519,-0.300003,0,-0.2989,0
1.44544,-0.308223,0,-0.309674,0
1.44569,-0.333337,0,-0.331216,0
1.44594,-0.362907,0,-0.366625,0
1.44619,-0.378887,0,-0.378275,0
1.44644,-0.362276,0,-0.365283,0
1.44669,-0.298821,0,-0.296811,0
1.44694,-0.18317,0,-0.183763,0
1.44719,-0.0214979,0,-0.0232714,0
1.44744,0.16894,0,0.173461,0
1.44769,0.362579,0,0.361244,0
1.44794,0.530819,0,0.526892,0
1.44819,0.647595,0,0.648705,0
1.44844,0.695129,0,0.6973,0
1.44869,0.667392,0,0.664563,0
1.44894,0.571389,0,0.572978,0
1.44919,0.425441,0,0.421182,0
1.44944,0.255079,0,0.25848,0
1.44969,0.0872661,0,0.0871817,0
1.44994,-0.0550252,0,-0.0534549,0
1.45019,-0.157599,0,-0.161178,0
1.45044,-0.217233,0,-0.220836,0
1.45069,-0.241226,0,-0.244628,0
1.45094,-0.244641,0,-0.240383,0
1.45119,-0.245257,0,-0.248412,0
1.45144,-0.258579,0,-0.258199,0
1.45169,-0.293049,0,-0.292784,0
1.45194,-0.347447,0,-0.344857,0
1.45219,-0.410756,0,-0.41244,0
1.45244,-0.464828,0,-0.462791,0
1.45269,-0.488651,0,-0.487287,0
1.45294,-0.464086,0,-0.465324,0
1.45319,-0.380798,0,-0.382034,0
1.45344,-0.239579,0,-0.239613,0
1.45369,-0.053273,0,-0.056428,0
1.45394,0.155071,0,0.159279,0
1.45419,0.356743,0,0.351842,0
1.45444,0.522786,0,0.519482,0
1.45469,0.630175,0,0.631583,0
1.45494,0.66617,0,0.667693,0
1.45519,0.63077,0,0.635502,0
1.45544,0.536222,0,0.534985,0
1.45569,0.403924,0,0.40728,0
1.45594,0.259173,0,0.260544,0
1.45619,0.125737,0,0.126852,0
1.45644,0.0205011,0,0.0226611,0
1.45669,-0.0495914,0,-0.0475568,0
1.45694,-0.088208,0,-0.0836258,0
1.45719,-0.107747,0,-0.109662,0
1.45744,-0.124976,0,-0.120497,0
1.45769,-0.155895,0,-0.154811,0
1.45794,-0.210921,0,-0.207725,0
1.45819,-0.291208,0,-0.286918,0
1.45844,-0.387657,0,-0.384776,0
1.45869,-0.48262,0,-0.486776,0
1.45894,-0.553618,0,-0.554668,0
1.45919,-0.579006,0,-0.5777,0
1.45944,-0.543116,0,-0.542542,0
1.45969,-0.440789,0,-0.436721,0
1.45994,-0.279209,0,-0.277875,0
1.46019,-0.0772877,0,-0.0769337,0
1.46044,0.137986,0,0.140646,0
1.46069,0.336552,0,0.335969,0
1.46094,0.491608,0,0.489796,0
1.46119,0.584611,0,0.581401,0
1.46144,0.608869,0,0.606302,0
1.46169,0.570253,0,0.566606,0
1.46194,0.485022,0,0.484079,0
1.46219,0.375723,0,0.371244,0
1.46244,0.2656,0,0.266941,0
1.46269,0.173056,0,0.174396,0
1.46294,0.107863,0,0.104805,0
1.46319,0.0694303,0,0.0724353,0
1.46344,0.0477672,0,0.050076,0
1.46369,0.0271461,0,0.0316076,0
1.46394,-0.00925904,0,-0.0120045,0
1.46419,-0.0738297,0,-0.0716922,0
1.46444,-0.170629,0,-0.168425,0
1.46469,-0.293146,0,-0.290989,0
1.46494,-0.425102,0,-0.421045,0
1.46519,-0.543432,0,-0.545375,0
1.46544,-0.623614,0,-0.621793,0
1.46569,-0.645024,0,-0.647906,0
1.46594,-0.596241,0,-0.596189,0
1.46619,-0.477951,0,-0.480136,0
1.46644,-0.303428,0,-0.304423,0
1.46669,-0.0961923,0,-0.0995082,0
1.46694,0.114407,0,0.111209,0
1.46719,0.299589,0,0.298052,0
1.46744,0.436366,0,0.438127,0
1.46769,0.512145,0,0.509899,0
1.46794,0.526544,0,0.529284,0
1.46819,0.490435,0,0.494366,0
1.46844,0.42275,0,0.419195,0
1.46869,0.345077,0,0.345412,0
1.46894,0.276492,0,0.276527,0
1.46919,0.22875,0,0.225743,0
1.46944,0.203805,0,0.201609,0
1.46969,0.193808,0,0.19154,0
1.46994,0.18391,0,0.18566,0
1.47019,0.156514,0,0.160763,0
1.47044,0.0969051,0,0.0966081,0
1.47069,-0.00232883,0,-0.000626515,0
1.47094,-0.138111,0,-0.142489,0
1.47119,-0.296645,0,-0.296029,0
1.47144,-0.45538,0,-0.45729,0
1.47169,-0.588046,0,-0.586646,0
1.47194,-0.66982,0,-0.666559,0
1.47219,-0.683244,0,-0.682471,0
1.47244,-0.62207,0,-0.625652,0
1.47269,-0.493016,0,-0.497806,0
1.47294,-0.314609,0,-0.310106,0
1.47319,-0.113454,0,-0.110147,0
1.47344,0.0814327,0,0.082746,0
1.47369,0.244242,0,0.239404,0
1.47394,0.357655,0,0.359243,0
1.47419,0.415655,0,0.414475,0
1.47444,0.423799,0,0.419142,0
1.47469,0.396952,0,0.399748,0
1.47494,0.354543,0,0.35023,0
1.47519,0.315467,0,0.318817,0
1.47544,0.292885,0,0.289668,0
1.47569,0.290874,0,0.29048,0
1.47594,0.303596,0,0.298677,0
1.47619,0.31706,0,0.321811,0
1.47644,0.312901,0,0.309391,0
1.47669,0.273914,0,0.276865,0
1.47694,0.188883,0,0.186046,0
1.47719,0.0566379,0,0.0549352,0
1.47744,-0.112615,0,-0.110316,0
1.47769,-0.298421,0,-0.301881,0
1.47794,-0.474078,0,-0.476208,0
1.47819,-0.611767,0,-0.611589,0
1.47844,-0.688744,0,-0.687863,0
1.47869,-0.691962,0,-0.692781,0
1.47894,-0.621054,0,-0.619668,0
1.47919,-0.488396,0,-0.493051,0
1.47944,-0.316247,0,-0.313966,0
1.47969,-0.13216,0,-0.128947,0
1.47994,0.0369931,0,0.0373238,0
1.48019,0.170579,0,0.174439,0
1.48044,0.257964,0,0.260888,0
1.48069,0.299708,0,0.30252,0
1.48094,0.306675,0,0.304746,0
1.48119,0.295817,0,0.299381,0
1.48144,0.285444,0,0.285012,0
1.48169,0.289661,0,0.288918,0
1.48194,0.314593,0,0.315057,0
1.48219,0.35633,0,0.351982,0
1.48244,0.401924,0,0.399333,0
1.48269,0.432441,0,0.435354,0
1.48294,0.428231,0,0.430593,0
1.48319,0.374005,0,0.375969,0
1.48344,0.263672,0,0.26188,0
1.48369,0.102698,0,0.0997015,0
1.48394,-0.0920391,0,-0.0938987,0
1.48419,-0.295001,0,-0.294642,0
1.48444,-0.476973,0,-0.474297,0
1.48469,-0.611153,0,-0.615,0
1.48494,-0.678407,0,-0.679128,0
1.48519,-0.67126,0,-0.675143,0
1.48544,-0.595281,0,-0.59046,0
1.48569,-0.467344,0,-0.466059,0
1.48594,-0.311856,0,-0.312047,0
1.48619,-0.155169,0,-0.153539,0
1.48644,-0.0197532,0,-0.0229854,0
1.48669,0.0801603,0,0.0811747,0
1.48694,0.141099,0,0.138899,0
1.48719,0.170084,0,0.168856,0
1.48744,0.181577,0,0.184733,0
1.48769,0.193102,0,0.192649,0
1.48794,0.219614,0,0.221255,0
1.48819,0.269212,0,0.266573,0
1.48844,0.340189,0,0.338265,0
1.48869,0.421029,0,0.421092,0
1.48894,0.492697,0,0.490927,0
1.48919,0.533433,0,0.534635,0
1.48944,0.523874,0,0.520427,0
1.48969,0.45267,0,0.456006,0
1.48994,0.319546,0,0.323968,0
1.49019,0.13653,0,0.135111,0
1.49044,-0.0738328,0,-0.0693237,0
1.49069,-0.282692,0,-0.287372,0
1.49094,-0.460796,0,-0.463223,0
1.49119,-0.584079,0,-0.580761,0
1.49144,-0.638641,0,-0.633773,0
1.49169,-0.623097,0,-0.626072,0
1.49194,-0.548233,0,-0.550462,0
1.49219,-0.4342,0,-0.438376,0
1.49244,-0.30529,0,-0.30239,0
1.49269,-0.184568,0,-0.186367,0
1.49294,-0.0885806,0,-0.0915144,0
1.49319,-0.0241252,0,-0.0249445,0
1.49344,0.0125042,0,0.00939294,0
1.49369,0.0334468,0,0.0384276,0
1.49394,0.0554506,0,0.0579334,0
1.49419,0.0943996,0,0.0919002,0
1.49444,0.160429,0,0.158585,0
1.49469,0.254508,0,0.25881,0
1.49494,0.367189,0,0.369101,0
1.49519,0.480086,0,0.481544,0
1.49544,0.570016,0,0.565499,0
1.49569,0.614055,0,0.612343,0
1.49594,0.595413,0,0.593283,0
1.49619,0.50756,0,0.51166,0
1.49644,0.356528,0,0.361528,0
1.49669,0.160315,0,0.157215,0
1.49694,-0.0545877,0,-0.0578837,0
1.49719,-0.258182,0,-0.257497,0
1.49744,-0.423103,0,-0.419506,0
1.49769,-0.530048,0,-0.530144,0
1.49794,-0.57116,0,-0.566933,0
1.49819,-0.550962,0,-0.55289,0
1.49844,-0.484596,0,-0.489372,0
1.49869,-0.393376,0,-0.390264,0
1.49894,-0.299689,0,-0.294697,0
1.49919,-0.221311,0,-0.222394,0
1.49944,-0.167625,0,-0.169571,0
1.49969,-0.137707,0,-0.138978,0
1.49994,-0.121496,0,-0.125178,0
1.50019,-0.102932,0,-0.101237,0
1.50044,-0.0651951,0,-0.0650642,0
1.50069,0.00438662,0,0.00277076,0
1.50094,0.109851,0,0.109526,0
1.50119,0.244621,0,0.240049,0
1.50144,0.392064,0,0.391799,0
1.50169,0.5285,0,0.532853,0
1.50194,0.628279,0,0.626014,0
1.50219,0.669685,0,0.671029,0
1.50244,0.63978,0,0.639577,0
1.50269,0.537854,0,0.53295,0
1.50294,0.375989,0,0.380014,0
1.50319,0.176679,0,0.176944,0
1.50344,-0.0312634,0,-0.0350453,0
1.50369,-0.218969,0,-0.215964,0
1.50394,-0.363169,0,-0.366345,0
1.50419,-0.450446,0,-0.451592,0
1.50444,-0.479379,0,-0.481085,0
1.50469,-0.459859,0,-0.461069,0
1.50494,-0.409596,0,-0.408288,0
1.50519,-0.349435,0,-0.353193,0
1.50544,-0.297566,0,-0.293018,0
1.50569,-0.26522,0,-0.265216,0
1.50594,-0.253841,0,-0.255822,0
1.50619,-0.255246,0,-0.255003,0
1.50644,-0.254005,0,-0.253201,0
1.50669,-0.232241,0,-0.234635,0
1.50694,-0.174609,0,-0.170257,0
1.50719,-0.073394,0,-0.0714844,0
1.50744,0.0686328,0,0.070498,0
1.50769,0.237692,0,0.235798,0
1.50794,0.410943,0,0.415557,0
1.50819,0.561261,0,0.561905,0
1.50844,0.66292,0,0.662119,0
1.50869,0.696976,0,0.692853,0
1.50894,0.655735,0,0.654385,0
1.50919,0.544475,0,0.541024,0
1.50944,0.380381,0,0.378095,0
1.50969,0.18914,0,0.189622,0
1.50994,-0.000748947,0,0.00215268,0
1.51019,-0.163552,0,-0.165003,0
1.51044,-0.281582,0,-0.280518,0
1.51069,-0.348188,0,-0.344653,0
1.51094,-0.368202,0,-0.369176,0
1.51119,-0.355483,0,-0.354498,0
1.51144,-0.32882,0,-0.333461,0
1.51169,-0.306248,0,-0.301667,0
1.51194,-0.300366,0,-0.299314,0
1.51219,-0.314725,0,-0.316844,0
1.51244,-0.342924,0,-0.343267,0
1.51269,-0.370305,0,-0.374547,0
1.51294,-0.377983,0,-0.377105,0
1.51319,-0.34784,0,-0.351333,0
1.51344,-0.268049,0,-0.264189,0
1.51369,-0.136735,0,-0.137409,0
1.51394,0.0363098,0,0.0390227,0
1.51419,0.230729,0,0.226196,0
1.51444,0.419502,0,0.418533,0
1.51469,0.574097,0,0.578289,0
1.51494,0.67053,0,0.669977,0
1.51519,0.69444,0,0.698388,0
1.51544,0.643934,0,0.643203,0
1.51569,0.529844,0,0.529622,0
1.51594,0.373334,0,0.372087,0
1.51619,0.200918,0,0.196489,0
1.51644,0.0390116,0,0.0354293,0
1.51669,-0.0918595,0,-0.0901408,0
1.51694,-0.180812,0,-0.182177,0
1.51719,-0.228033,0,-0.227145,0
1.51744,-0.243691,0,-0.243478,0
1.51769,-0.244323,0,-0.240067,0
1.51794,-0.247513,0,-0.244426,0
1.51819,-0.266995,0,-0.265293,0
1.51844,-0.308324,0,-0.304599,0
1.51869,-0.367127,0,-0.371952,0
1.51894,-0.42971,0,-0.433638,0
1.51919,-0.476526,0,-0.473548,0
1.51944,-0.486832,0,-0.48418,0
1.51969,-0.444496,0,-0.443835,0
1.51994,-0.342356,0,-0.34694,0
1.52019,-0.185052,0,-0.180237,0
1.52044,0.0110002,0,0.0135616,0
1.52069,0.220508,0,0.224637,0
1.52094,0.413954,0,0.413713,0
1.52119,0.563647,0,0.562338,0
1.52144,0.649435,0,0.649665,0
1.52169,0.662395,0,0.660294,0
1.52194,0.606582,0,0.604253,0
1.52219,0.497605,0,0.498041,0
1.52244,0.358589,0,0.359086,0
1.52269,0.215089,0,0.214658,0
1.52294,0.0890861,0,0.0888195,0
1.52319,-0.00533924,0,-0.00843035,0
1.52344,-0.0646889,0,-0.0643854,0
1.52369,-0.0956617,0,-0.0968717,0
1.52394,-0.11259,0,-0.113788,0
1.52419,-0.13253,0,-0.129977,0
1.52444,-0.170309,0,-0.175169,0
1.52469,-0.23362,0,-0.236059,0
1.52494,-0.320415,0,-0.323715,0
1.52519,-0.418648,0,-0.418776,0
1.52544,-0.508604,0,-0.504404,0
1.52569,-0.567429,0,-0.572181,0
1.52594,-0.574805,0,-0.572432,0
1.52619,-0.518034,0,-0.519766,0
1.52644,-0.395729,0,-0.399436,0
1.52668,-0.218996,0,-0.214558,0
1.52693,-0.00968462,0,-0.0143005,0
1.52718,0.203511,0,0.206923,0
1.52743,0.391037,0,0.394954,0
1.52768,0.528083,0,0.52449,0
1.52793,0.599615,0,0.600422,0
1.52818,0.60292,0,0.602003,0
1.52843,0.547521,0,0.548164,0
1.52868,0.452158,0,0.448005,0
1.52893,0.340264,0,0.338161,0
1.52918,0.234001,0,0.233274,0
1.52943,0.149483,0,0.147973,0
1.52968,0.0932504,0,0.0922197,0
1.52993,0.0615384,0,0.0567412,0
1.53018,0.0420426,0,0.040774,0
1.53043,0.0181756,0,0.0182505,0
1.53068,-0.0261325,0,-0.0236096,0
1.53093,-0.100866,0,-0.101351,0
1.53118,-0.206927,0,-0.210781,0
1.53143,-0.334573,0,-0.331436,0
1.53168,-0.464877,0,-0.463727,0
1.53193,-0.573827,0,-0.577313,0
1.53218,-0.637425,0,-0.632534,0
1.53243,-0.637484,0,-0.635606,0
1.53268,-0.566172,0,-0.566671,0
1.53293,-0.428239,0,-0.426783,0
1.53318,-0.240547,0,-0.243675,0
1.53343,-0.0290766,0,-0.030784,0
1.53368,0.176514,0,0.172323,0
1.53393,0.348548,0,0.346627,0
1.53418,0.466969,0,0.46696,0
1.53443,0.52293,0,0.525639,0
1.53468,0.519849,0,0.518462,0
1.53493,0.471542,0,0.474991,0
1.53518,0.398431,0,0.399085,0
1.53543,0.321823,0,0.324137,0
1.53568,0.258953,0,0.254483,0
1.53593,0.218635,0,0.215673,0
1.53618,0.199646,0,0.200632,0
1.53643,0.191495,0,0.187654,0
1.53668,0.177977,0,0.181668,0
1.53693,0.141778,0,0.146038,0
1.53718,0.0700664,0,0.0726291,0
1.53743,-0.0414951,0,-0.0400911,0
1.53768,-0.186376,0,-0.185329,0
1.53793,-0.347624,0,-0.349712,0
1.53818,-0.501095,0,-0.498458,0
1.53843,-0.620223,0,-0.62167,0
1.53868,-0.681951,0,-0.684107,0
1.53893,-0.672017,0,-0.671007,0
1.53918,-0.58821,0,-0.584623,0
1.53943,-0.441195,0,-0.445892,0
1.53968,-0.252531,0,-0.255379,0
1.53993,-0.0502174,0,-0.0456793,0
1.54018,0.137037,0,0.133293,0
1.54043,0.285728,0,0.289352,0
1.54068,0.381806,0,0.38512,0
1.54093,0.42305,0,0.418559,0
1.54118,0.418266,0,0.413702,0
1.54143,0.384363,0,0.383611,0
1.54168,0.341144,0,0.34254,0
1.54193,0.306218,0,0.30874,0
1.54218,0.290118,0,0.292898,0
1.54243,0.293806,0,0.294089,0
1.54268,0.308596,0,0.306673,0
1.54293,0.318578,0,0.322701,0
1.54318,0.305141,0,0.30476,0
1.54343,0.252488,0,0.248269,0
1.54368,0.152224,0,0.14899,0
1.54393,0.00672325,0,0.00663264,0
1.54418,-0.170299,0,-0.174282,0
1.54443,-0.356041,0,-0.358073,0
1.54468,-0.522608,0,-0.526189,0
1.54493,-0.643337,0,-0.643131,0
1.54518,-0.697979,0,-0.70259,0
1.54543,-0.677332,0,-0.673995,0
1.54568,-0.585135,0,-0.583522,0
1.54593,-0.437324,0,-0.441507,0
1.54618,-0.258371,0,-0.256439,0
1.54643,-0.0762981,0,-0.0762812,0
1.54668,0.083528,0,0.085923,0
1.54693,0.203204,0,0.199877,0
1.54718,0.275612,0,0.274175,0
1.54743,0.304876,0,0.30866,0
1.54768,0.304265,0,0.302038,0
1.54793,0.291686,0,0.295036,0
1.54818,0.284703,0,0.286931,0
1.54843,0.295235,0,0.293353,0
1.54868,0.326329,0,0.326123,0
1.54893,0.371041,0,0.366541,0
1.54918,0.414093,0,0.416871,0
1.54943,0.435704,0,0.432671,0
1.54968,0.417076,0,0.416771,0
1.54993,0.345365,0,0.349149,0
1.55018,0.21796,0,0.221845,0
1.55043,0.044085,0,0.0407216,0
1.55068,-0.156267,0,-0.153327,0
1.55093,-0.355756,0,-0.352462,0
1.55118,-0.525378,0,-0.524615,0
1.55143,-0.640094,0,-0.638261,0
1.55168,-0.684162,0,-0.68839,0
1.55193,-0.654206,0,-0.656882,0
1.55218,-0.559659,0,-0.558159,0
1.55243,-0.420243,0,-0.418598,0
1.55268,-0.261652,0,-0.262885,0
1.55293,-0.109511,0,-0.108034,0
1.55318,0.0157945,0,0.0167763,0
1.55343,0.10338,0,0.104317,0
1.55368,0.153082,0,0.14931,0
1.55393,0.174781,0,0.172086,0
1.55418,0.1844,0,0.187922,0
1.55443,0.199271,0,0.200664,0
1.55468,0.232588,0,0.234838,0
1.55493,0.289556,0,0.292523,0
1.55518,0.365298,0,0.362061,0
1.55543,0.445505,0,0.442053,0
1.55568,0.509828,0,0.514811,0
1.55593,0.536586,0,0.53212,0
1.55618,0.508446,0,0.512761,0
1.55643,0.417234,0,0.420011,0
1.55668,0.266599,0,0.265923,0
1.55693,0.0721702,0,0.0717983,0
1.55718,-0.140937,0,-0.14324,0
1.55743,-0.343196,0,-0.347213,0
1.55768,-0.506257,0,-0.505971,0
1.55793,-0.608956,0,-0.609919,0
1.55818,-0.641026,0,-0.638798,0
1.55843,-0.605175,0,-0.609904,0
1.55868,-0.515513,0,-0.515398,0
1.55893,-0.394144,0,-0.391651,0
1.55918,-0.265537,0,-0.267499,0
1.55943,-0.151222,0,-0.146808,0
1.55968,-0.0648938,0,-0.0669806,0
1.55993,-0.0100138,0,-0.0055101,0
1.56018,0.0200468,0,0.0221729,0
1.56043,0.0394413,0,0.0397519,0
1.56068,0.0652265,0,0.0617616,0
1.56093,0.111932,0,0.108687,0
1.56118,0.187168,0,0.182672,0
1.56143,0.28859,0,0.291746,0
1.56168,0.403622,0,0.404647,0
1.56193,0.511944,0,0.516543,0
1.56218,0.589725,0,0.587347,0
1.56243,0.615518,0,0.618251,0
1.56268,0.575231,0,0.578339,0
1.56293,0.466288,0,0.465904,0
1.56318,0.298622,0,0.297888,0
1.56343,0.0934148,0,0.0925809,0
1.56368,-0.12116,0,-0.122183,0
1.56393,-0.315246,0,-0.310839,0
1.56418,-0.463575,0,-0.467624,0
1.56443,-0.550084,0,-0.552531,0
1.56468,-0.570899,0,-0.571242,0
1.56493,-0.534159,0,-0.532441,0
1.56518,-0.457538,0,-0.455491,0
1.56543,-0.363246,0,-0.367296,0
1.56568,-0.272801,0,-0.270733,0
1.56593,-0.201651,0,-0.200325,0
1.56618,-0.155995,0,-0.160576,0
1.56643,-0.131855,0,-0.129427,0
1.56668,-0.116796,0,-0.11251,0
1.56693,-0.0939153,0,-0.0892429,0
1.56718,-0.0471457,0,-0.0460716,0
1.56743,0.0337496,0,0.0294805,0
1.56768,0.149646,0,0.152154,0
1.56793,0.29059,0,0.286745,0
1.56818,0.437325,0,0.437182,0
1.56843,0.564904,0,0.56085,0
1.56868,0.648397,0,0.651413,0
1.56893,0.668259,0,0.667933,0
1.56918,0.615195,0,0.612734,0
1.56943,0.492562,0,0.495697,0
1.56968,0.316138,0,0.317312,0
1.56993,0.110936,0,0.115233,0
1.57018,-0.0935778,0,-0.0900562,0
1.57043,-0.269765,0,-0.269646,0
1.57068,-0.396983,0,-0.393213,0
1.57093,-0.465525,0,-0.469166,0
1.57118,-0.477711,0,-0.474081,0
1.57143,-0.446393,0,-0.446498,0
1.57168,-0.390808,0,-0.39358,0
1.57193,-0.331546,0,-0.331947,0
1.57218,-0.285026,0,-0.280269,0
1.57243,-0.259574,0,-0.257976,0
1.57268,-0.25351,0,-0.255302,0
1.57293,-0.255928,0,-0.258093,0
1.57318,-0.250188,0,-0.24829,0
1.57343,-0.21854,0,-0.218186,0
1.57368,-0.147594,0,-0.147162,0
1.57393,-0.0327185,0,-0.0280552,0
1.57418,0.119751,0,0.116128,0
1.57443,0.292856,0,0.289617,0
1.57468,0.461858,0,0.466432,0
1.57493,0.599496,0,0.599488,0
1.57518,0.681489,0,0.681697,0
1.57543,0.692157,0,0.6915,0
1.57568,0.627746,0,0.628683,0
1.57593,0.497569,0,0.497091,0
1.57618,0.321878,0,0.321363,0
1.57643,0.128015,0,0.126481,0
1.57668,-0.055846,0,-0.0584535,0
1.57693,-0.206004,0,-0.207564,0
1.57718,-0.308052,0,-0.30578,0
1.57743,-0.359031,0,-0.36167,0
1.57768,-0.366912,0,-0.368466,0
1.57793,-0.3477,0,-0.346043,0
1.57818,-0.320551,0,-0.318744,0
1.57843,-0.30224,0,-0.302269,0
1.57868,-0.302799,0,-0.306261,0
1.57893,-0.322643,0,-0.323058,0
1.57918,-0.352451,0,-0.347601,0
1.57943,-0.37579,0,-0.376607,0
1.57968,-0.373356,0,-0.370487,0
1.57993,-0.328484,0,-0.332004,0
1.58018,-0.232165,0,-0.227341,0
1.58043,-0.0861519,0,-0.091103,0
1.58068,0.096225,0,0.0924733,0
1.58093,0.292012,0,0.288518,0
1.58118,0.473019,0,0.470303,0
1.58143,0.611536,0,0.60776,0
1.58168,0.686211,0,0.687102,0
1.58193,0.686316,0,0.681868,0
1.58218,0.61412,0,0.61542,0
1.58243,0.484046,0,0.488125,0
1.58268,0.319581,0,0.320066,0
1.58293,0.147788,0,0.147373,0
1.58318,-0.00618646,0,-0.00859466,0
1.58343,-0.124528,0,-0.128406,0
1.58368,-0.199806,0,-0.197335,0
1.58393,-0.235616,0,-0.2378,0
1.58418,-0.244607,0,-0.242057,0
1.58443,-0.244249,0,-0.239737,0
1.58468,-0.251403,0,-0.250049,0
1.58493,-0.277611,0,-0.275293,0
1.58518,-0.325386,0,-0.3255,0
1.58543,-0.387185,0,-0.387817,0
1.58568,-0.44711,0,-0.445686,0
1.58593,-0.484546,0,-0.486071,0
1.58618,-0.479746,0,-0.484302,0
1.58643,-0.418866,0,-0.423304,0
1.58668,-0.298324,0,-0.297107,0
1.58693,-0.126571,0,-0.130307,0
1.58718,0.0767305,0,0.0756441,0
1.58743,0.284403,0,0.288674,0
1.58768,0.466809,0,0.466798,0
1.58793,0.598151,0,0.601831,0
1.58818,0.661399,0,0.661352,0
1.58843,0.651739,0,0.648075,0
1.58868,0.577091,0,0.581302,0
1.58893,0.455982,0,0.460929,0
1.58918,0.312865,0,0.315062,0
1.58943,0.172803,0,0.172677,0
1.58968,0.0556799,0,0.0599155,0
1.58993,-0.0276628,0,-0.0263174,0
1.59018,-0.0769327,0,-0.0810299,0
1.59043,-0.101752,0,-0.101144,0
1.59068,-0.117752,0,-0.120698,0
1.59093,-0.141948,0,-0.141018,0
1.59118,-0.18734,0,-0.183081,0
1.59143,-0.258745,0,-0.256393,0
1.59168,-0.350849,0,-0.348561,0
1.59193,-0.448852,0,-0.447066,0
1.59218,-0.531447,0,-0.532222,0
1.59243,-0.576083,0,-0.577533,0
1.59268,-0.56421,0,-0.562433,0
1.59293,-0.48644,0,-0.483908,0
1.59318,-0.34527,0,-0.34246,0
1.59343,-0.155544,0,-0.15295,0
1.59368,0.058253,0,0.0540079,0
1.59393,0.266451,0,0.268176,0
1.59418,0.440417,0,0.436264,0
1.59443,0.557955,0,0.561733,0
1.59468,0.607793,0,0.612,0
1.59493,0.591103,0,0.594972,0
1.59518,0.520814,0,0.525722,0
1.59543,0.417666,0,0.415379,0
1.59568,0.305352,0,0.302607,0
1.59593,0.204589,0,0.209026,0
1.59618,0.128737,0,0.131358,0
1.59643,0.0810692,0,0.0859845,0
1.59668,0.0547852,0,0.0562672,0
1.59693,0.0358163,0,0.0391877,0
1.59718,0.00709289,0,0.0119464,0
1.59743,-0.0460325,0,-0.0496932,0
1.59768,-0.131027,0,-0.126121,0
1.59793,-0.245401,0,-0.248135,0
1.59818,-0.376281,0,-0.380882,0
1.59843,-0.502576,0,-0.503921,0
1.59868,-0.599708,0,-0.598956,0
1.59893,-0.644885,0,-0.641814,0
1.59918,-0.622803,0,-0.619057,0
1.59943,-0.529434,0,-0.531578,0
1.59968,-0.373552,0,-0.37827,0
1.59993,-0.175286,0,-0.172806,0
1.60018,0.0375471,0,0.0378259,0
1.60043,0.235315,0,0.232615,0
1.60068,0.392182,0,0.392025,0
1.60093,0.491369,0,0.492423,0
1.60118,0.527886,0,0.529524,0
1.60143,0.50868,0,0.508984,0
1.60168,0.450209,0,0.450667,0
1.60193,0.373804,0,0.376101,0
1.60218,0.3,0,0.303615,0
1.60243,0.243733,0,0.244196,0
1.60268,0.210731,0,0.209207,0
1.60293,0.19661,0,0.191636,0
1.60318,0.188711,0,0.188028,0
1.60343,0.169795,0,0.168017,0
1.60368,0.12347,0,0.123645,0
1.60393,0.0392147,0,0.036715,0
1.60418,-0.0840315,0,-0.0809347,0
1.60443,-0.236313,0,-0.239099,0
1.60468,-0.39793,0,-0.397458,0
1.60493,-0.54342,0,-0.540784,0
1.60518,-0.646652,0,-0.645991,0
1.60543,-0.686914,0,-0.683261,0
1.60568,-0.653398,0,-0.657887,0
1.60593,-0.548003,0,-0.546027,0
1.60618,-0.385175,0,-0.383274,0
1.60643,-0.189108,0,-0.190616,0
1.60668,0.0114395,0,0.0124118,0
1.60693,0.188733,0,0.186331,0
1.60718,0.321875,0,0.323276,0
1.60743,0.400432,0,0.400319,0
1.60768,0.425799,0,0.42732,0
1.60793,0.409845,0,0.406873,0
1.60818,0.370875,0,0.368062,0
1.60843,0.328612,0,0.33117,0
1.60868,0.29888,0,0.296392,0
1.60893,0.289377,0,0.294146,0
1.60918,0.297886,0,0.30102,0
1.60943,0.313103,0,0.317395,0
1.60968,0.317675,0,0.317047,0
1.60993,0.293396,0,0.296166,0
1.61018,0.226225,0,0.229933,0
1.61043,0.110955,0,0.107605,0
1.61068,-0.0464325,0,-0.0466522,0
1.61093,-0.228963,0,-0.228994,0
1.61118,-0.41173,0,-0.416662,0
1.61143,-0.566578,0,-0.568823,0
1.61168,-0.668289,0,-0.666047,0
1.61193,-0.699689,0,-0.70348,0
1.61218,-0.655565,0,-0.651538,0
1.61243,-0.543686,0,-0.541598,0
1.61268,-0.383197,0,-0.384236,0
1.61293,-0.200202,0,-0.19549,0
1.61318,-0.0226524,0,-0.0223732,0
1.61343,0.126021,0,0.12176,0
1.61368,0.231078,0,0.231349,0
1.61393,0.288995,0,0.284919,0
1.61418,0.307158,0,0.311929,0
1.61443,0.30073,0,0.304389,0
1.61468,0.288183,0,0.290005,0
1.61493,0.285785,0,0.286517,0
1.61518,0.302925,0,0.301408,0
1.61543,0.339487,0,0.337968,0
1.61568,0.385643,0,0.383915,0
1.61593,0.424131,0,0.419284,0
1.61618,0.434992,0,0.433448,0
1.61643,0.40064,0,0.399479,0
1.61668,0.311198,0,0.310296,0
1.61693,0.167639,0,0.172151,0
1.61718,-0.0171324,0,-0.0195791,0
1.61743,-0.220428,0,-0.216399,0
1.61768,-0.413575,0,-0.409815,0
1.61793,-0.568295,0,-0.571491,0
1.61818,-0.661963,0,-0.664436,0
1.61843,-0.682532,0,-0.684448,0
1.61868,-0.630735,0,-0.631645,0
1.61893,-0.519557,0,-0.518318,0
1.61918,-0.37122,0,-0.368916,0
1.61943,-0.212047,0,-0.20875,0
1.61968,-0.0665218,0,-0.0671132,0
1.61993,0.0475932,0,0.0454695,0
1.62018,0.122734,0,0.123426,0
1.62043,0.162236,0,0.162519,0
1.62068,0.178224,0,0.173489,0
1.62093,0.187759,0,0.191926,0
1.62118,0.207284,0,0.207329,0
1.62143,0.247942,0,0.243585,0
1.62168,0.311817,0,0.314965,0
1.62193,0.390896,0,0.388234,0
1.62218,0.468461,0,0.466372,0
1.62243,0.523219,0,0.518242,0
1.62268,0.534224,0,0.533463,0
1.62293,0.486658,0,0.486232,0
1.62318,0.375804,0,0.376785,0
1.62343,0.209203,0,0.206322,0
1.62368,0.00586758,0,0.00218895,0
1.62393,-0.207064,0,-0.20381,0
1.62418,-0.399838,0,-0.403127,0
1.62443,-0.545749,0,-0.543947,0
1.62468,-0.626741,0,-0.62341,0
1.62493,-0.636629,0,-0.636836,0
1.62518,-0.581882,0,-0.582717,0
1.62543,-0.47965,0,-0.477467,0
1.62568,-0.353422,0,-0.350538,0
1.62593,-0.227284,0,-0.229297,0
1.62618,-0.120745,0,-0.120802,0
1.62643,-0.0443877,0,-0.0415921,0
1.62668,0.0015656,0,0.00583765,0
1.62693,0.0265158,0,0.0222391,0
1.62718,0.0461253,0,0.0463663,0
1.62743,0.0771227,0,0.0777651,0
1.62768,0.132403,0,0.135241,0
1.62793,0.216609,0,0.215184,0
1.62818,0.324106,0,0.326539,0
1.62843,0.439471,0,0.435994,0
1.62868,0.540779,0,0.542125,0
1.62893,0.604275,0,0.608417,0
1.62918,0.610354,0,0.607108,0
1.62943,0.548224,0,0.546048,0
1.62968,0.41919,0,0.420035,0
1.62993,0.237011,0,0.232443,0
1.63018,0.0256432,0,0.0294646,0
1.63043,-0.185621,0,-0.180653,0
1.63068,-0.367702,0,-0.372104,0
1.63093,-0.497806,0,-0.49946,0
1.63118,-0.563565,0,-0.565032,0
1.63143,-0.564889,0,-0.567488,0
1.63168,-0.513428,0,-0.515542,0
1.63193,-0.428745,0,-0.432826,0
1.63218,-0.33353,0,-0.332177,0
1.63243,-0.247868,0,-0.246784,0
1.63268,-0.184551,0,-0.180792,0
1.63293,-0.146527,0,-0.148317,0
1.63318,-0.126879,0,-0.13033,0
1.63343,-0.111215,0,-0.116064,0
1.63368,-0.0824388,0,-0.085595,0
1.63393,-0.025693,0,-0.0225124,0
1.63418,0.0665959,0,0.0704064,0
1.63443,0.191942,0,0.195701,0
1.63468,0.337137,0,0.340977,0
1.63493,0.480682,0,0.480928,0
1.63518,0.596953,0,0.593047,0
1.63543,0.662169,0,0.660915,0
1.63568,0.659538,0,0.65816,0
1.63593,0.583651,0,0.58295,0
1.63618,0.441927,0,0.444034,0
1.63643,0.253419,0,0.251093,0
1.63668,0.0452115,0,0.0458192,0
1.63693,-0.153143,0,-0.151763,0
1.63718,-0.315708,0,-0.318792,0
1.63743,-0.424976,0,-0.425426,0
1.63768,-0.475015,0,-0.472902,0
1.63793,-0.471784,0,-0.472359,0
1.63818,-0.430556,0,-0.434676,0
1.63843,-0.371715,0,-0.371384,0
1.63868,-0.314982,0,-0.314693,0
1.63893,-0.274658,0,-0.277564,0
1.63918,-0.255952,0,-0.252728,0
1.63943,-0.254106,0,-0.258744,0
1.63968,-0.255906,0,-0.260402,0
1.63993,-0.24384,0,-0.247017,0
1.64018,-0.200871,0,-0.200829,0
1.64043,-0.116161,0,-0.117682,0
1.64068,0.0117481,0,0.00712828,0
1.64093,0.17296,0,0.175766,0
1.64118,0.347685,0,0.349073,0
1.64143,0.509732,0,0.510789,0
1.64168,0.6322,0,0.632288,0
1.64193,0.69296,0,0.697385,0
1.64218,0.679826,0,0.678491,0
1.64243,0.593191,0,0.593879,0
1.64268,0.446095,0,0.44643,0
1.64293,0.261613,0,0.26195,0
1.64318,0.0679723,0,0.066593,0
1.64343,-0.10749,0,-0.107083,0
1.64368,-0.243573,0,-0.248215,0
1.64393,-0.329339,0,-0.332603,0
1.64418,-0.365479,0,-0.368753,0
1.64443,-0.362881,0,-0.36183,0
1.64468,-0.339158,0,-0.339086,0
1.64493,-0.313208,0,-0.313805,0
1.64518,-0.300164,0,-0.298949,0
1.64543,-0.307206,0,-0.307243,0
1.64568,-0.331601,0,-0.33566,0
1.64593,-0.361369,0,-0.359098,0
1.64618,-0.378671,0,-0.374527,0
1.64643,-0.364403,0,-0.365842,0
1.64668,-0.303911,0,-0.308171,0
1.64693,-0.19124,0,-0.188201,0
1.64718,-0.0318501,0,-0.032255,0
1.64743,0.157559,0,0.161044,0
1.64768,0.351787,0,0.347462,0
1.64793,0.522262,0,0.517617,0
1.64818,0.642602,0,0.643038,0
1.64843,0.694427,0,0.693936,0
1.64868,0.670991,0,0.666255,0
1.64893,0.578547,0,0.575516,0
1.64918,0.434902,0,0.439273,0
1.64943,0.265123,0,0.267905,0
1.64968,0.0964679,0,0.0927865,0
1.64993,-0.0477885,0,-0.0478701,0
1.65018,-0.152862,0,-0.149851,0
1.65043,-0.214876,0,-0.214934,0
1.65068,-0.240577,0,-0.238201,0
1.65093,-0.2447,0,-0.246589,0
1.65118,-0.245005,0,-0.243579,0
1.65143,-0.257288,0,-0.255364,0
1.65168,-0.290452,0,-0.293634,0
1.65193,-0.343905,0,-0.339403,0
1.65218,-0.40714,0,-0.408456,0
1.65243,-0.462317,0,-0.459555,0
1.65268,-0.488435,0,-0.490512,0
1.65293,-0.467099,0,-0.471673,0
1.65318,-0.387314,0,-0.385653,0
1.65343,-0.249216,0,-0.25161,0
1.65368,-0.0650168,0,-0.066756,0
1.65393,0.142905,0,0.146348,0
1.65418,0.345781,0,0.346784,0
1.65443,0.514594,0,0.509617,0
1.65468,0.625844,0,0.627209,0
1.65493,0.666097,0,0.666446,0
1.65518,0.634603,0,0.634333,0
1.65543,0.54301,0,0.547901,0
1.65568,0.412172,0,0.416724,0
1.65593,0.267447,0,0.266248,0
1.65618,0.13281,0,0.131214,0
1.65643,0.0256434,0,0.0278271,0
1.65668,-0.0464826,0,-0.0501898,0
1.65693,-0.0866522,0,-0.0830315,0
1.65718,-0.10686,0,-0.106042,0
1.65743,-0.123697,0,-0.122763,0
1.65768,-0.153493,0,-0.149742,0
1.65793,-0.206979,0,-0.211629,0
1.65818,-0.285963,0,-0.283201,0
1.65843,-0.38191,0,-0.378777,0
1.65868,-0.477548,0,-0.479041,0
1.65893,-0.550555,0,-0.548638,0
1.65918,-0.579094,0,-0.578336,0
1.65943,-0.547006,0,-0.547221,0
1.65968,-0.448451,0,-0.44725,0
1.65993,-0.289924,0,-0.286377,0
1.66018,-0.0896239,0,-0.0944749,0
1.66043,0.125697,0,0.126629,0
1.66068,0.326018,0,0.324358,0
1.66093,0.484201,0,0.488597,0
1.66118,0.581101,0,0.581882,0
1.66143,0.609297,0,0.612533,0
1.66168,0.573961,0,0.578668,0
1.66193,0.490846,0,0.495131,0
1.66218,0.382342,0,0.386302,0
1.66243,0.271667,0,0.268263,0
1.66268,0.177748,0,0.173651,0
1.66293,0.110896,0,0.106601,0
1.66318,0.0710566,0,0.0713786,0
1.66343,0.0488155,0,0.0457855,0
1.66368,0.0286097,0,0.0276858,0
1.66393,-0.00647971,0,-0.0103505,0
1.66418,-0.0692102,0,-0.067963,0
1.66443,-0.164201,0,-0.163534,0
1.66467,-0.285601,0,-0.288985,0
1.66492,-0.417593,0,-0.413848,0
1.66517,-0.53739,0,-0.541997,0
1.66542,-0.620407,0,-0.62348,0
1.66567,-0.645637,0,-0.645068,0
1.66592,-0.601026,0,-0.598455,0
1.66617,-0.486512,0,-0.482881,0
1.66642,-0.314682,0,-0.312685,0
1.66667,-0.108676,0,-0.105996,0
1.66692,0.102589,0,0.103783,0
1.66717,0.289955,0,0.288146,0
1.66742,0.429996,0,0.429522,0
1.66767,0.509493,0,0.513173,0
1.66792,0.527245,0,0.523737,0
1.66817,0.493599,0,0.491316,0
1.66842,0.427152,0,0.426667,0
1.66867,0.349483,0,0.346705,0
1.66892,0.279974,0,0.276702,0
1.66917,0.230859,0,0.226101,0
1.66942,0.204718,0,0.202434,0
1.66967,0.194209,0,0.194076,0
1.66992,0.184784,0,0.180123,0
1.67017,0.158853,0,0.163305,0
1.67042,0.101403,0,0.0994352,0
1.67067,0.00449326,0,0.00452987,0
1.67092,-0.129455,0,-0.13432,0
1.67117,-0.28718,0,-0.28479,0
1.67142,-0.446616,0,-0.446122,0
1.67167,-0.581524,0,-0.586208,0
1.67192,-0.666826,0,-0.670829,0
1.67217,-0.6845,0,-0.685355,0
1.67242,-0.627585,0,-0.62522,0
1.67267,-0.502056,0,-0.498284,0
1.67292,-0.325883,0,-0.321901,0
1.67317,-0.125202,0,-0.127455,0
1.67342,0.070813,0,0.0706372,0
1.67367,0.236051,0,0.233035,0
1.67392,0.352607,0,0.348719,0
1.67417,0.413769,0,0.411268,0
1.67442,0.424464,0,0.428033,0
1.67467,0.399134,0,0.397504,0
1.67492,0.357075,0,0.357838,0
1.67517,0.31739,0,0.315755,0
1.67542,0.293623,0,0.295451,0
1.67567,0.290506,0,0.29375,0
1.67592,0.302704,0,0.304418,0
1.67617,0.316617,0,0.314954,0
1.67642,0.31399,0,0.317746,0
1.67667,0.277352,0,0.275523,0
1.67692,0.195127,0,0.191249,0
1.67717,0.0654484,0,0.0698841,0
1.67742,-0.102095,0,-0.103564,0
1.67767,-0.287669,0,-0.291559,0
1.67792,-0.46469,0,-0.466834,0
1.67817,-0.605269,0,-0.601482,0
1.67842,-0.68623,0,-0.690085,0
1.67867,-0.693855,0,-0.698726,0
1.67892,-0.627017,0,-0.629101,0
1.67917,-0.497402,0,-0.494235,0
1.67942,-0.326809,0,-0.324635,0
1.67967,-0.142685,0,-0.140116,0
1.67992,0.0280168,0,0.031816,0
1.68017,0.164065,0,0.167031,0
1.68042,0.254158,0,0.252173,0
1.68067,0.298335,0,0.298628,0
1.68092,0.306898,0,0.308951,0
1.68117,0.296567,0,0.29165,0
1.68142,0.285758,0,0.286905,0
1.68167,0.288867,0,0.289095,0
1.68192,0.312588,0,0.312391,0
1.68217,0.353644,0,0.349071,0
1.68242,0.399492,0,0.400664,0
1.68267,0.431434,0,0.429291,0
1.68292,0.429719,0,0.428769,0
1.68317,0.378659,0,0.382492,0
1.68342,0.271545,0,0.273979,0
1.68367,0.113144,0,0.113254,0
1.68392,-0.0802715,0,-0.0779621,0
1.68417,-0.283495,0,-0.284707,0
1.68442,-0.467511,0,-0.468299,0
1.68467,-0.605078,0,-0.605617,0
1.68492,-0.676515,0,-0.677705,0
1.68517,-0.673661,0,-0.676812,0
1.68542,-0.601316,0,-0.600578,0
1.68567,-0.47578,0,-0.47182,0
1.68592,-0.32118,0,-0.325088,0
1.68617,-0.163843,0,-0.162354,0
1.68642,-0.026707,0,-0.021763,0
1.68667,0.0754648,0,0.0768182,0
1.68692,0.138562,0,0.133933,0
1.68717,0.169057,0,0.169273,0
1.68742,0.181087,0,0.177676,0
1.68767,0.192154,0,0.191192,0
1.68792,0.21749,0,0.215893,0
1.68817,0.265686,0,0.26991,0
1.68842,0.335657,0,0.337565,0
1.68867,0.416389,0,0.42027,0
1.68892,0.489177,0,0.492406,0
1.68917,0.532281,0,0.527956,0
1.68942,0.526081,0,0.528888,0
1.68967,0.458584,0,0.458092,0
1.68992,0.328838,0,0.332861,0
1.69017,0.148184,0,0.149348,0
1.69042,-0.0613583,0,-0.0660145,0
1.69067,-0.271174,0,-0.273213,0
1.69092,-0.451793,0,-0.449088,0
1.69117,-0.578741,0,-0.575222,0
1.69142,-0.637446,0,-0.633941,0
1.69167,-0.625774,0,-0.622581,0
1.69192,-0.553863,0,-0.558479,0
1.69217,-0.441449,0,-0.436925,0
1.69242,-0.312728,0,-0.316628,0
1.69267,-0.191014,0,-0.188004,0
1.69292,-0.0932876,0,-0.0891525,0
1.69317,-0.0270074,0,-0.0287098,0
1.69342,0.0109692,0,0.014289,0
1.69367,0.0323833,0,0.0332256,0
1.69392,0.0538613,0,0.0576643,0
1.69417,0.0914229,0,0.0927335,0
1.69442,0.155764,0,0.155289,0
1.69467,0.248388,0,0.253249,0
1.69492,0.360391,0,0.36284,0
1.69517,0.47394,0,0.470463,0
1.69542,0.565854,0,0.561792,0
1.69567,0.613088,0,0.61595,0
1.69592,0.59837,0,0.600501,0
1.69617,0.514482,0,0.518096,0
1.69642,0.366722,0,0.367513,0
1.69667,0.172464,0,0.175027,0
1.69692,-0.0421716,0,-0.0418636,0
1.69717,-0.247182,0,-0.250314,0
1.69742,-0.415004,0,-0.411338,0
1.69767,-0.525642,0,-0.529671,0
1.69792,-0.570556,0,-0.565839,0
1.69817,-0.553581,0,-0.551965,0
1.69842,-0.489342,0,-0.487789,0
1.69867,-0.398935,0,-0.397464,0
1.69892,-0.304852,0,-0.304995,0
1.69917,-0.225247,0,-0.220291,0
1.69942,-0.170045,0,-0.167335,0
1.69967,-0.138924,0,-0.136807,0
1.69992,-0.12232,0,-0.122116,0
1.70017,-0.104366,0,-0.106293,0
1.70042,-0.0681515,0,-0.0707972,0
1.70067,-0.000621114,0,0.000300225,0
1.70092,0.102836,0,0.0993324,0
1.70117,0.236274,0,0.232564,0
1.70142,0.383581,0,0.384082,0
1.70167,0.521311,0,0.523943,0
1.70192,0.623914,0,0.628456,0
1.70217,0.669159,0,0.673619,0
1.70242,0.643526,0,0.63925,0
1.70267,0.545559,0,0.540656,0
1.70292,0.386633,0,0.385559,0
1.70317,0.188793,0,0.185169,0
1.70342,-0.0194151,0,-0.0165443,0
1.70367,-0.209047,0,-0.20757,0
1.70392,-0.356248,0,-0.357024,0
1.70417,-0.447035,0,-0.447964,0
1.70442,-0.479174,0,-0.483987,0
1.70467,-0.46203,0,-0.46279,0
1.70492,-0.412979,0,-0.410198,0
1.70517,-0.352845,0,-0.355999,0
1.70542,-0.300101,0,-0.29731,0
1.70567,-0.266472,0,-0.262971,0
1.70592,-0.254026,0,-0.2553,0
1.70617,-0.255058,0,-0.256629,0
1.70642,-0.254456,0,-0.255562,0
1.70667,-0.23435,0,-0.239319,0
1.70692,-0.179095,0,-0.180517,0
1.70717,-0.080441,0,-0.0759858,0
1.70742,0.0594977,0,0.0643977,0
1.70767,0.227499,0,0.227023,0
1.70792,0.401188,0,0.401671,0
1.70817,0.553635,0,0.549337,0
1.70842,0.658733,0,0.662318,0
1.70867,0.697041,0,0.699395,0
1.70892,0.660143,0,0.655615,0
1.70917,0.55257,0,0.55722,0
1.70942,0.390892,0,0.394571,0
1.70967,0.200445,0,0.201042,0
1.70992,0.00971889,0,0.0108311,0
1.71017,-0.155219,0,-0.153365,0
1.71042,-0.276149,0,-0.278599,0
1.71067,-0.345708,0,-0.342882,0
1.71092,-0.368112,0,-0.36482,0
1.71117,-0.356796,0,-0.354218,0
1.71142,-0.330415,0,-0.332203,0
1.71167,-0.307185,0,-0.30987,0
1.71192,-0.300142,0,-0.304447,0
1.71217,-0.313406,0,-0.314041,0
1.71242,-0.341123,0,-0.338164,0
1.71267,-0.3691,0,-0.368451,0
1.71292,-0.378457,0,-0.382537,0
1.71317,-0.350913,0,-0.349219,0
1.71342,-0.274103,0,-0.275654,0
1.71367,-0.145617,0,-0.148615,0
1.71392,0.0254758,0,0.021791,0
1.71417,0.219351,0,0.223918,0
1.71442,0.409244,0,0.409984,0
1.71467,0.566505,0,0.571499,0
1.71492,0.666842,0,0.666515,0
1.71517,0.69513,0,0.692352,0
1.71542,0.648752,0,0.653424,0
1.71567,0.537846,0,0.539427,0
1.71592,0.383095,0,0.385648,0
1.71617,0.210846,0,0.215495,0
1.71642,0.0476931,0,0.0453577,0
1.71667,-0.0853816,0,-0.0864385,0
1.71692,-0.176828,0,-0.181232,0
1.71717,-0.226246,0,-0.228065,0
1.71742,-0.243324,0,-0.245397,0
1.71767,-0.244341,0,-0.245735,0
1.71792,-0.24699,0,-0.247951,0
1.71817,-0.265284,0,-0.262176,0
1.71842,-0.305365,0,-0.3098,0
1.71867,-0.363412,0,-0.364603,0
1.71892,-0.426306,0,-0.425634,0
1.71917,-0.474616,0,-0.476493,0
1.71942,-0.487542,0,-0.491975,0
1.71967,-0.448555,0,-0.447843,0
1.71992,-0.349869,0,-0.35422,0
1.72017,-0.195419,0,-0.196786,0
1.72042,-0.000987508,0,-0.00532957,0
1.72067,0.208534,0,0.210432,0
1.72092,0.403668,0,0.406881,0
1.72117,0.556579,0,0.556877,0
1.72142,0.646407,0,0.646669,0
1.72167,0.663607,0,0.66399,0
1.72192,0.611462,0,0.608538,0
1.72217,0.504995,0,0.509074,0
1.72242,0.366999,0,0.363592,0
1.72267,0.2231,0,0.22598,0
1.72292,0.0956028,0,0.0995211,0
1.72317,-0.0008694,0,-0.00325932,0
1.72342,-0.0621435,0,-0.0664377,0
1.72367,-0.0944229,0,-0.0918168,0
1.72392,-0.111703,0,-0.11302,0
1.72417,-0.131014,0,-0.131346,0
1.72442,-0.167464,0,-0.163649,0
1.72467,-0.229248,0,-0.228653,0
1.72492,-0.314919,0,-0.318274,0
1.72517,-0.412971,0,-0.409802,0
1.72542,-0.503973,0,-0.499177,0
1.72567,-0.56525,0,-0.56404,0
1.72592,-0.576082,0,-0.57404,0
1.72617,-0.523194,0,-0.523679,0
1.72642,-0.404507,0,-0.401331,0
1.72667,-0.230423,0,-0.229523,0
1.72692,-0.0221969,0,-0.0237998,0
1.72717,0.191598,0,0.193178,0
1.72742,0.381362,0,0.383195,0
1.72767,0.521841,0,0.522298,0
1.72792,0.597372,0,0.597798,0
1.72817,0.604478,0,0.604335,0
1.72842,0.552036,0,0.548728,0
1.72867,0.458363,0,0.454632,0
1.72892,0.346783,0,0.343127,0
1.72917,0.239672,0,0.234918,0
1.72942,0.153614,0,0.151603,0
1.72967,0.095748,0,0.0937615,0
1.72992,0.0628395,0,0.0595837,0
1.73017,0.0431123,0,0.0467787,0
1.73042,0.0199683,0,0.0248917,0
1.73067,-0.0227513,0,-0.0207355,0
1.73092,-0.0955993,0,-0.0975218,0
1.73117,-0.200021,0,-0.197597,0
1.73142,-0.326867,0,-0.324085,0
1.73167,-0.457671,0,-0.462245,0
1.73192,-0.568541,0,-0.570533,0
1.73217,-0.635307,0,-0.632858,0
1.73242,-0.639403,0,-0.638669,0
1.73267,-0.57222,0,-0.569183,0
1.73292,-0.437791,0,-0.434637,0
1.73317,-0.252338,0,-0.24912,0
1.73342,-0.041444,0,-0.0417048,0
1.73367,0.165292,0,0.161466,0
1.73392,0.339892,0,0.343652,0
1.73417,0.461795,0,0.463199,0
1.73442,0.521396,0,0.520803,0
1.73467,0.521441,0,0.518445,0
1.73492,0.475233,0,0.477249,0
1.73517,0.402955,0,0.40535,0
1.73542,0.326026,0,0.323335,0
1.73567,0.262039,0,0.265046,0
1.73592,0.220359,0,0.218464,0
1.73617,0.200267,0,0.195283,0
1.73642,0.191932,0,0.191105,0
1.73667,0.179213,0,0.180129,0
1.73692,0.144742,0,0.14608,0
1.73717,0.0753051,0,0.0737758,0
1.73742,-0.0340188,0,-0.0336534,0
1.73767,-0.17734,0,-0.174779,0
1.73792,-0.338246,0,-0.338761,0
1.73817,-0.492897,0,-0.495088,0
1.73842,-0.614662,0,-0.612277,0
1.73867,-0.680243,0,-0.678865,0
1.73892,-0.674646,0,-0.675406,0
1.73917,-0.594944,0,-0.590744,0
1.73942,-0.451087,0,-0.454492,0
1.73967,-0.264159,0,-0.267293,0
1.73992,-0.0618363,0,-0.0641744,0
1.74017,0.127003,0,0.12554,0
1.74042,0.278419,0,0.283356,0
1.74067,0.3778,0,0.381963,0
1.74092,0.422056,0,0.420643,0
1.74117,0.419532,0,0.421884,0
1.74142,0.386778,0,0.389056,0
1.74167,0.343568,0,0.341646,0
1.74192,0.307788,0,0.311665,0
1.74217,0.290469,0,0.286126,0
1.74242,0.29316,0,0.28886,0
1.74267,0.307689,0,0.303351,0
1.74292,0.318405,0,0.314213,0
1.74317,0.306853,0,0.303343,0
1.74342,0.256793,0,0.258861,0
1.74367,0.159332,0,0.161433,0
1.74392,0.0161836,0,0.0164218,0
1.74417,-0.159563,0,-0.157998,0
1.74442,-0.345496,0,-0.350405,0
1.74467,-0.513945,0,-0.517496,0
1.74492,-0.637982,0,-0.634621,0
1.74517,-0.696829,0,-0.699198,0
1.74542,-0.680575,0,-0.681861,0
1.74567,-0.592192,0,-0.589789,0
1.74592,-0.446994,0,-0.450398,0
1.74617,-0.269083,0,-0.26523,0
1.74642,-0.0864471,0,-0.0863527,0
1.74667,0.0752509,0,0.0774872,0
1.74692,0.197558,0,0.201935,0
1.74717,0.272693,0,0.275997,0
1.74742,0.30421,0,0.301292,0
1.74767,0.304817,0,0.305993,0
1.74792,0.29242,0,0.293463,0
1.74817,0.284713,0,0.282208,0
1.74842,0.294047,0,0.297515,0
1.74867,0.324044,0,0.328856,0
1.74892,0.368335,0,0.366082,0
1.74917,0.411964,0,0.409433,0
1.74942,0.435422,0,0.438574,0
1.74967,0.419565,0,0.423617,0
1.74992,0.351057,0,0.353989,0
1.75017,0.226742,0,0.223785,0
1.75042,0.0551045,0,0.0575254,0
1.75067,-0.144412,0,-0.140484,0
1.75092,-0.344751,0,-0.341745,0
1.75117,-0.516852,0,-0.518609,0
1.75142,-0.635269,0,-0.637631,0
1.75167,-0.68366,0,-0.681252,0
1.75192,-0.65785,0,-0.66069,0
1.75217,-0.566586,0,-0.566772,0
1.75242,-0.429096,0,-0.430248,0
1.75267,-0.270889,0,-0.26843,0
1.75292,-0.11774,0,-0.115671,0
1.75317,0.00952128,0,0.00757643,0
1.75342,0.0993423,0,0.104142,0
1.75367,0.151091,0,0.151059,0
1.75392,0.173977,0,0.168989,0
1.75417,0.183814,0,0.179572,0
1.75442,0.198011,0,0.199302,0
1.75467,0.230022,0,0.229253,0
1.75492,0.285653,0,0.287572,0
1.75517,0.360614,0,0.359998,0
1.75542,0.441077,0,0.442972,0
1.75567,0.506925,0,0.510162,0
1.75592,0.536359,0,0.533054,0
1.75617,0.511761,0,0.516445,0
1.75642,0.424224,0,0.4269,0
1.75667,0.276711,0,0.273848,0
1.75692,0.0842056,0,0.0862754,0
1.75717,-0.128607,0,-0.12364,0
1.75742,-0.33231,0,-0.33001,0
1.75767,-0.498308,0,-0.498707,0
1.75792,-0.604868,0,-0.60792,0
1.75817,-0.64111,0,-0.641364,0
1.75842,-0.608895,0,-0.608849,0
1.75867,-0.521812,0,-0.524277,0
1.75892,-0.401601,0,-0.400149,0
1.75917,-0.272768,0,-0.276247,0
1.75942,-0.15716,0,-0.153449,0
1.75967,-0.0690095,0,-0.0716069,0
1.75992,-0.0123989,0,-0.0145911,0
1.76017,0.0187661,0,0.0197141,0
1.76042,0.0383649,0,0.0425939,0
1.76067,0.0632883,0,0.0635192,0
1.76092,0.108486,0,0.106763,0
1.76117,0.182031,0,0.180199,0
1.76142,0.282183,0,0.277317,0
1.76167,0.396922,0,0.39981,0
1.76192,0.506273,0,0.504402,0
1.76217,0.586453,0,0.581772,0
1.76242,0.615734,0,0.612344,0
1.76267,0.579501,0,0.57464,0
1.76292,0.474395,0,0.479168,0
1.76317,0.309652,0,0.306062,0
1.76342,0.105898,0,0.102316,0
1.76367,-0.109024,0,-0.105135,0
1.76392,-0.305054,0,-0.304155,0
1.76417,-0.456578,0,-0.456868,0
1.76442,-0.546909,0,-0.548987,0
1.76467,-0.571399,0,-0.574973,0
1.76492,-0.537581,0,-0.537442,0
1.76517,-0.462681,0,-0.460906,0
1.76542,-0.368788,0,-0.371425,0
1.76567,-0.27762,0,-0.275266,0
1.76592,-0.205081,0,-0.202783,0
1.76617,-0.157961,0,-0.159295,0
1.76642,-0.132847,0,-0.13732,0
1.76667,-0.117652,0,-0.115682,0
1.76692,-0.0957425,0,-0.0952765,0
1.76717,-0.0507733,0,-0.0469896,0
1.76742,0.0280223,0,0.0252152,0
1.76767,0.142065,0,0.138174,0
1.76792,0.282017,0,0.279526,0
1.76817,0.4291,0,0.42732,0
1.76842,0.558492,0,0.559252,0
1.76867,0.645149,0,0.641778,0
1.76892,0.669051,0,0.673292,0
1.76917,0.620254,0,0.621427,0
1.76942,0.50133,0,0.499399,0
1.76967,0.327407,0,0.329504,0
1.76992,0.12308,0,0.119281,0
1.77017,-0.0822709,0,-0.077996,0
1.77042,-0.260754,0,-0.261185,0
1.77067,-0.391187,0,-0.394158,0
1.77092,-0.463178,0,-0.463551,0
1.77117,-0.478406,0,-0.476487,0
1.77142,-0.449078,0,-0.445593,0
1.77167,-0.394305,0,-0.394395,0
1.77192,-0.334758,0,-0.335912,0
1.77217,-0.287191,0,-0.285768,0
1.77242,-0.260479,0,-0.262703,0
1.77267,-0.253482,0,-0.257976,0
1.77292,-0.255825,0,-0.254368,0
1.77317,-0.251058,0,-0.252436,0
1.77342,-0.221306,0,-0.226102,0
1.77367,-0.152895,0,-0.148003,0
1.77392,-0.0405032,0,-0.0440214,0
1.77417,0.110157,0,0.108291,0
1.77442,0.282687,0,0.2831,0
1.77467,0.452669,0,0.453754,0
1.77492,0.592842,0,0.593816,0
1.77517,0.678585,0,0.680444,0
1.77542,0.693611,0,0.689642,0
1.77567,0.63344,0,0.633892,0
1.77592,0.506582,0,0.511483,0
1.77617,0.332867,0,0.33235,0
1.77642,0.139279,0,0.144206,0
1.77667,-0.0458752,0,-0.0461806,0
1.77692,-0.198481,0,-0.201814,0
1.77717,-0.303571,0,-0.302661,0
1.77742,-0.357386,0,-0.353351,0
1.77767,-0.367381,0,-0.369105,0
1.77792,-0.349267,0,-0.349297,0
1.77817,-0.322025,0,-0.320458,0
1.77842,-0.302841,0,-0.306271,0
1.77867,-0.302196,0,-0.306773,0
1.77892,-0.321088,0,-0.320431,0
1.77917,-0.350713,0,-0.35371,0
1.77942,-0.374951,0,-0.370899,0
1.77967,-0.374473,0,-0.377909,0
1.77992,-0.332435,0,-0.328105,0
1.78017,-0.239163,0,-0.242534,0
1.78042,-0.0957709,0,-0.0997347,0
1.78067,0.0850498,0,0.0856919,0
1.78092,0.280754,0,0.280395,0
1.78117,0.463413,0,0.462987,0
1.78142,0.605068,0,0.607423,0
1.78167,0.683864,0,0.683057,0
1.78192,0.688382,0,0.687641,0
1.78217,0.620068,0,0.617777,0
1.78242,0.492769,0,0.491181,0
1.78267,0.329564,0,0.327938,0
1.78292,0.157461,0,0.152875,0
1.78317,0.00187843,0,0.00263415,0
1.78342,-0.118841,0,-0.121009,0
1.78367,-0.196616,0,-0.193197,0
1.78392,-0.234437,0,-0.23607,0
1.78417,-0.244575,0,-0.248156,0
1.78442,-0.244219,0,-0.242847,0
1.78467,-0.250548,0,-0.248442,0
1.78492,-0.275486,0,-0.271871,0
1.78517,-0.322118,0,-0.322429,0
1.78542,-0.38348,0,-0.37895,0
1.78567,-0.444066,0,-0.440771,0
1.78592,-0.483386,0,-0.478745,0
1.78617,-0.481502,0,-0.476885,0
1.78642,-0.424024,0,-0.424887,0
1.78667,-0.306831,0,-0.309709,0
1.78692,-0.137604,0,-0.134238,0
1.78717,0.0645603,0,0.0635777,0
1.78742,0.272794,0,0.272991,0
1.78767,0.457427,0,0.455787,0
1.78792,0.592297,0,0.589782,0
1.78817,0.659742,0,0.657711,0
1.78842,0.654205,0,0.651046,0
1.78867,0.582943,0,0.587813,0
1.78892,0.463845,0,0.4606,0
1.78917,0.321293,0,0.322717,0
1.78942,0.180439,0,0.178879,0
1.78967,0.0615865,0,0.0616585,0
1.78992,-0.0237665,0,-0.0230431,0
1.79017,-0.0748257,0,-0.0736916,0
1.79042,-0.100673,0,-0.0979949,0
1.79067,-0.116709,0,-0.117298,0
1.79092,-0.140101,0,-0.138966,0
1.79117,-0.184009,0,-0.181766,0
1.79142,-0.253949,0,-0.258085,0
1.79167,-0.345175,0,-0.340277,0
1.79192,-0.443373,0,-0.442991,0
1.79217,-0.527486,0,-0.53028,0
1.79242,-0.57489,0,-0.576949,0
1.79267,-0.566649,0,-0.563972,0
1.79292,-0.49275,0,-0.491116,0
1.79317,-0.354987,0,-0.354007,0
1.79342,-0.167452,0,-0.16363,0
1.79367,0.0457391,0,0.0438928,0
1.79392,0.255078,0,0.255819,0
1.79417,0.43172,0,0.431125,0
1.79442,0.55295,0,0.555495,0
1.79467,0.606767,0,0.611232,0
1.79492,0.593726,0,0.59597,0
1.79517,0.526003,0,0.526015,0
1.79542,0.424124,0,0.426434,0
1.79567,0.311713,0,0.30817,0
1.79592,0.209823,0,0.212599,0
1.79617,0.132336,0,0.137252,0
1.79642,0.0831297,0,0.0838688,0
1.79667,0.0559377,0,0.0563511,0
1.79692,0.0370083,0,0.0337043,0
1.79717,0.00925874,0,0.00670504,0
1.79742,-0.0421251,0,-0.0446787,0
1.79767,-0.125235,0,-0.125173,0
1.79792,-0.238163,0,-0.238275,0
1.79817,-0.368598,0,-0.371991,0
1.79842,-0.495818,0,-0.492535,0
1.79867,-0.595305,0,-0.594193,0
1.79892,-0.643998,0,-0.641218,0
1.79917,-0.626073,0,-0.627439,0
1.79942,-0.536747,0,-0.535715,0
1.79967,-0.38402,0,-0.381237,0
1.79992,-0.187505,0,-0.18375,0
1.80017,0.0253607,0,0.0248866,0
1.80042,0.224771,0,0.225064,0
1.80067,0.384568,0,0.386436,0
1.80092,0.487354,0,0.483687,0
1.80117,0.527417,0,0.529923,0
1.80142,0.511059,0,0.510973,0
1.80167,0.454349,0,0.451316,0
1.80192,0.378341,0,0.375376,0
1.80217,0.303899,0,0.301132,0
1.80242,0.246361,0,0.246007,0
1.80266,0.212033,0,0.212877,0
1.80291,0.197097,0,0.201565,0
1.80316,0.189287,0,0.191803,0
1.80341,0.171486,0,0.171056,0
1.80366,0.127175,0,0.131484,0
1.80391,0.0452441,0,0.0432422,0
1.80416,-0.0759113,0,-0.0730916,0
1.80441,-0.226975,0,-0.228201,0
1.80466,-0.388754,0,-0.388474,0
1.80491,-0.535912,0,-0.536911,0
1.80516,-0.64223,0,-0.638342,0
1.80541,-0.686547,0,-0.686193,0
1.80566,-0.657376,0,-0.65366,0
1.80591,-0.555861,0,-0.556432,0
1.80616,-0.395818,0,-0.393111,0
1.80641,-0.200862,0,-0.196568,0
1.80666,0.00022315,0,-0.00327507,0
1.80691,0.17952,0,0.177548,0
1.80716,0.315619,0,0.314882,0
1.80741,0.39741,0,0.396727,0
1.80766,0.425619,0,0.421543,0
1.80791,0.411598,0,0.414006,0
1.80816,0.373385,0,0.373991,0
1.80841,0.330859,0,0.32929,0
1.80866,0.300084,0,0.301374,0
1.80891,0.289382,0,0.288053,0
1.80916,0.297059,0,0.298404,0
1.80941,0.312322,0,0.313354,0
1.80966,0.318021,0,0.319434,0
1.80991,0.295862,0,0.296873,0
1.81016,0.231404,0,0.235941,0
1.81041,0.118882,0,0.121552,0
1.81066,-0.0364302,0,-0.0373626,0
1.81091,-0.218125,0,-0.223069,0
1.81116,-0.401643,0,-0.398346,0
1.81141,-0.558848,0,-0.561945,0
1.81166,-0.664204,0,-0.667515,0
1.81191,-0.699941,0,-0.696976,0
1.81216,-0.660101,0,-0.664609,0
1.81241,-0.551757,0,-0.548577,0
1.81266,-0.393371,0,-0.389545,0
1.81291,-0.210951,0,-0.213993,0
1.81316,-0.032389,0,-0.0365142,0
1.81341,0.118459,0,0.113692,0
1.81366,0.226248,0,0.229698,0
1.81391,0.286851,0,0.283259,0
1.81416,0.306958,0,0.303508,0
1.81441,0.301454,0,0.305479,0
1.81466,0.288806,0,0.293582,0
1.81491,0.285444,0,0.284392,0
1.81516,0.301353,0,0.299808,0
1.81541,0.33697,0,0.339264,0
1.81566,0.382985,0,0.383145,0
1.81591,0.422456,0,0.419895,0
1.81616,0.435446,0,0.4371,0
1.81641,0.404074,0,0.401507,0
1.81666,0.317911,0,0.31538,0
1.81691,0.177269,0,0.172921,0
1.81716,-0.00567958,0,-0.00829972,0
1.81741,-0.208599,0,-0.212967,0
1.81766,-0.40314,0,-0.40101,0
1.81791,-0.560794,0,-0.556978,0
1.81816,-0.658453,0,-0.662336,0
1.81841,-0.683386,0,-0.684089,0
1.81866,-0.635532,0,-0.633609,0
1.81891,-0.527251,0,-0.523285,0
1.81916,-0.380407,0,-0.381312,0
1.81941,-0.221101,0,-0.22058,0
1.81966,-0.074212,0,-0.0776937,0
1.81991,0.0420352,0,0.0419427,0
1.82016,0.119445,0,0.123023,0
1.82041,0.16075,0,0.159402,0
1.82066,0.177656,0,0.174388,0
1.82091,0.187086,0,0.186477,0
1.82116,0.205653,0,0.205842,0
1.82141,0.244932,0,0.244873,0
1.82166,0.307582,0,0.309644,0
1.82191,0.386164,0,0.382163,0
1.82216,0.464387,0,0.460986,0
1.82241,0.52108,0,0.525153,0
1.82266,0.535115,0,0.533655,0
1.82291,0.491142,0,0.495041,0
1.82316,0.383867,0,0.383164,0
1.82341,0.220075,0,0.221966,0
1.82366,0.0182297,0,0.0156092,0
1.82391,-0.195006,0,-0.196018,0
1.82416,-0.389734,0,-0.385595,0
1.82441,-0.538952,0,-0.541947,0
1.82466,-0.623997,0,-0.627053,0
1.82491,-0.637942,0,-0.637961,0
1.82516,-0.586553,0,-0.590134,0
1.82541,-0.486514,0,-0.482061,0
1.82566,-0.360949,0,-0.362269,0
1.82591,-0.234202,0,-0.232541,0
1.82616,-0.126138,0,-0.12539,0
1.82641,-0.0479759,0,-0.0491761,0
1.82666,-0.000444003,0,-0.00167315,0
1.82691,0.0253327,0,0.0272574,0
1.82716,0.0447835,0,0.046902,0
1.82741,0.0747656,0,0.0736504,0
1.82766,0.128429,0,0.129043,0
1.82791,0.210999,0,0.206455,0
1.82816,0.31748,0,0.317993,0
1.82841,0.432943,0,0.433566,0
1.82866,0.535721,0,0.539577,0
1.82891,0.602004,0,0.601595,0
1.82916,0.611808,0,0.607335,0
1.82941,0.553713,0,0.55747,0
1.82966,0.428292,0,0.427789,0
1.82991,0.24866,0,0.253146,0
1.83016,0.0381668,0,0.0343168,0
1.83041,-0.17393,0,-0.169394,0
1.83066,-0.358404,0,-0.35742,0
1.83091,-0.491974,0,-0.493984,0
1.83116,-0.561541,0,-0.566265,0
1.83141,-0.566388,0,-0.568787,0
1.83166,-0.517518,0,-0.51777,0
1.83191,-0.434153,0,-0.43851,0
1.83216,-0.338982,0,-0.338465,0
1.83241,-0.252297,0,-0.249579,0
1.83266,-0.1875,0,-0.185628,0
1.83291,-0.148111,0,-0.148462,0
1.83316,-0.127736,0,-0.126383,0
1.83341,-0.112304,0,-0.115697,0
1.83366,-0.0847414,0,-0.0809188,0
1.83391,-0.0299091,0,-0.0338127,0
1.83416,0.0602815,0,0.0596602,0
1.83441,0.183947,0,0.183841,0
1.83466,0.328541,0,0.330633,0
1.83491,0.472864,0,0.47133,0
1.83516,0.591405,0,0.591163,0
1.83541,0.660127,0,0.658384,0
1.83566,0.661714,0,0.665836,0
1.83591,0.590005,0,0.59477,0
1.83616,0.451682,0,0.446849,0
1.83641,0.265203,0,0.269216,0
1.83666,0.0573184,0,0.0621092,0
1.83691,-0.14242,0,-0.14298,0
1.83716,-0.307639,0,-0.305572,0
1.83741,-0.420272,0,-0.418278,0
1.83766,-0.473687,0,-0.471547,0
1.83791,-0.473196,0,-0.472334,0
1.83816,-0.433633,0,-0.429911,0
1.83841,-0.375242,0,-0.37836,0
1.83866,-0.317919,0,-0.31428,0
1.83891,-0.276401,0,-0.278219,0
1.83916,-0.25648,0,-0.260066,0
1.83941,-0.253948,0,-0.256047,0
1.83966,-0.255994,0,-0.260654,0
1.83991,-0.245225,0,-0.24505,0
1.84016,-0.20448,0,-0.209332,0
1.84041,-0.122335,0,-0.119787,0
1.84066,0.00321861,0,0.00606848,0
1.84091,0.162982,0,0.164065,0
1.84116,0.337649,0,0.340685,0
1.84141,0.501182,0,0.496988,0
1.84166,0.626618,0,0.622786,0
1.84191,0.691394,0,0.693088,0
1.84216,0.682656,0,0.68508,0
1.84241,0.600034,0,0.600738,0
1.84266,0.455885,0,0.454808,0
1.84291,0.272869,0,0.277328,0
1.84316,0.0789284,0,0.0792534,0
1.84341,-0.0982503,0,-0.0973775,0
1.84366,-0.237022,0,-0.236996,0
1.84391,-0.325796,0,-0.324622,0
1.84416,-0.364597,0,-0.364361,0
1.84441,-0.363803,0,-0.36369,0
1.84466,-0.340775,0,-0.340065,0
1.84491,-0.314459,0,-0.311455,0
1.84516,-0.300398,0,-0.301126,0
1.84541,-0.306259,0,-0.302338,0
1.84566,-0.329909,0,-0.32943,0
1.84591,-0.35979,0,-0.35946,0
1.84616,-0.378349,0,-0.379157,0
1.84641,-0.366372,0,-0.362407,0
1.84666,-0.308822,0,-0.303902,0
1.84691,-0.199138,0,-0.200686,0
1.84716,-0.0420991,0,-0.0463152,0
1.84741,0.14615,0,0.14206,0
1.84766,0.340916,0,0.336288,0
1.84791,0.513536,0,0.509519,0
1.84816,0.637376,0,0.633181,0
1.84841,0.693478,0,0.697173,0
1.84866,0.67435,0,0.676642,0
1.84891,0.585512,0,0.580773,0
1.84916,0.444192,0,0.444701,0
1.84941,0.275214,0,0.277218,0
1.84966,0.105836,0,0.105634,0
1.84991,-0.040359,0,-0.04147,0
1.85016,-0.147917,0,-0.149549,0
1.85041,-0.212395,0,-0.21029,0
1.85066,-0.239853,0,-0.243575,0
1.85091,-0.244747,0,-0.241215,0
1.85116,-0.244794,0,-0.239913,0
1.85141,-0.256058,0,-0.253186,0
1.85166,-0.287926,0,-0.286401,0
1.85191,-0.34037,0,-0.339506,0
1.85216,-0.403497,0,-0.403546,0
1.85241,-0.459707,0,-0.460861,0
1.85266,-0.488057,0,-0.491799,0
1.85291,-0.469863,0,-0.471057,0
1.85316,-0.393575,0,-0.395286,0
1.85341,-0.258635,0,-0.255882,0
1.85366,-0.076577,0,-0.0784331,0
1.85391,0.130664,0,0.132741,0
1.85416,0.334605,0,0.334102,0
1.85441,0.506163,0,0.510961,0
1.85466,0.621239,0,0.620977,0
1.85491,0.665779,0,0.668617,0
1.85516,0.638232,0,0.641004,0
1.85541,0.549618,0,0.549492,0
1.85566,0.420373,0,0.419938,0
1.85591,0.275795,0,0.272422,0
1.85616,0.139978,0,0.140276,0
1.85641,0.0309065,0,0.0276643,0
1.85666,-0.0432641,0,-0.0386838,0
1.85691,-0.085028,0,-0.0867054,0
1.85716,-0.105962,0,-0.104587,0
1.85741,-0.122518,0,-0.126561,0
1.85766,-0.151196,0,-0.153479,0
1.85791,-0.20316,0,-0.202131,0
1.85816,-0.280779,0,-0.283564,0
1.85841,-0.376154,0,-0.378165,0
1.85866,-0.472405,0,-0.473247,0
1.85891,-0.54736,0,-0.550787,0
1.85916,-0.579007,0,-0.577471,0
1.85941,-0.550669,0,-0.549443,0
1.85966,-0.455909,0,-0.453724,0
1.85991,-0.30046,0,-0.304844,0
1.86016,-0.101909,0,-0.103581,0
1.86041,0.113308,0,0.117347,0
1.86066,0.31534,0,0.318278,0
1.86091,0.476586,0,0.477363,0
1.86116,0.577358,0,0.575795,0
1.86141,0.609509,0,0.608339,0
1.86166,0.577507,0,0.577274,0
1.86191,0.496584,0,0.494954,0
1.86216,0.388898,0,0.389587,0
1.86241,0.277763,0,0.276698,0
1.86266,0.182498,0,0.184684,0
1.86291,0.113973,0,0.11075,0
1.86316,0.0728,0,0.0697548,0
1.86341,0.0499311,0,0.0497543,0
1.86366,0.0300831,0,0.0309406,0
1.86391,-0.00373757,0,-0.00711428,0
1.86416,-0.064702,0,-0.0618886,0
1.86441,-0.15788,0,-0.160787,0
1.86466,-0.278093,0,-0.280069,0
1.86491,-0.409998,0,-0.414934,0
1.86516,-0.531223,0,-0.53162,0
1.86541,-0.617005,0,-0.619388,0
1.86566,-0.646012,0,-0.647257,0
1.86591,-0.605572,0,-0.604219,0
1.86616,-0.494878,0,-0.497533,0
1.86641,-0.325819,0,-0.321528,0
1.86666,-0.121035,0,-0.12024,0
1.86691,0.090751,0,0.0890049,0
1.86716,0.280192,0,0.284263,0
1.86741,0.423474,0,0.425364,0
1.86766,0.506583,0,0.5051,0
1.86791,0.527736,0,0.526849,0
1.86816,0.496627,0,0.500803,0
1.86841,0.431508,0,0.433589,0
1.86866,0.353919,0,0.352995,0
1.86891,0.283517,0,0.287177,0
1.86916,0.233048,0,0.229089,0
1.86941,0.205654,0,0.208703,0
1.86966,0.194614,0,0.196877,0
1.86991,0.185602,0,0.184842,0
1.87016,0.161083,0,0.160772,0
1.87041,0.105766,0,0.109905,0
1.87066,0.0111823,0,0.0107809,0
1.87091,-0.120881,0,-0.117648,0
1.87116,-0.277718,0,-0.282248,0
1.87141,-0.437795,0,-0.434197,0
1.87166,-0.574847,0,-0.576212,0
1.87191,-0.6636,0,-0.663283,0
1.87216,-0.685517,0,-0.681599,0
1.87241,-0.632894,0,-0.632885,0
1.87266,-0.510963,0,-0.506418,0
1.87291,-0.337075,0,-0.340402,0
1.87316,-0.136966,0,-0.137019,0
1.87341,0.0600532,0,0.0604343,0
1.87366,0.227694,0,0.226817,0
1.87391,0.347369,0,0.344187,0
1.87416,0.411711,0,0.409863,0
1.87441,0.425008,0,0.429303,0
1.87466,0.401259,0,0.399609,0
1.87491,0.359616,0,0.356037,0
1.87516,0.31935,0,0.317,0
1.87541,0.294432,0,0.29724,0
1.87566,0.290144,0,0.287875,0
1.87591,0.301783,0,0.305878,0
1.87616,0.316072,0,0.316595,0
1.87641,0.314907,0,0.31455,0
1.87666,0.280694,0,0.283469,0
1.87691,0.201269,0,0.201923,0
1.87716,0.0741882,0,0.0752245,0
1.87741,-0.0916212,0,-0.09169,0
1.87766,-0.276888,0,-0.281233,0
1.87791,-0.455131,0,-0.45116,0
1.87816,-0.598569,0,-0.595864,0
1.87841,-0.683468,0,-0.686909,0
1.87866,-0.695495,0,-0.694701,0
1.87891,-0.632766,0,-0.632891,0
1.87916,-0.50627,0,-0.508272,0
1.87941,-0.337326,0,-0.337598,0
1.87966,-0.153219,0,-0.152411,0
1.87991,0.0189214,0,0.0212994,0
1.88016,0.157394,0,0.160323,0
1.88041,0.250256,0,0.251656,0
1.88066,0.296897,0,0.300232,0
1.88091,0.307106,0,0.310533,0
1.88116,0.297354,0,0.295443,0
1.88141,0.286092,0,0.285623,0
1.88166,0.288131,0,0.283237,0
1.88191,0.310662,0,0.313215,0
1.88216,0.350989,0,0.347757,0
1.88241,0.396967,0,0.400834,0
1.88266,0.430313,0,0.427403,0
1.88291,0.43104,0,0.432044,0
1.88316,0.383121,0,0.384546,0
1.88341,0.279241,0,0.275059,0
1.88366,0.123469,0,0.123026,0
1.88391,-0.0685383,0,-0.0699724,0
1.88416,-0.271973,0,-0.276757,0
1.88441,-0.457891,0,-0.454701,0
1.88466,-0.598755,0,-0.601734,0
1.88491,-0.674388,0,-0.676466,0
1.88516,-0.67583,0,-0.670855,0
1.88541,-0.60716,0,-0.603305,0
1.88566,-0.484094,0,-0.488139,0
1.88591,-0.330488,0,-0.327595,0
1.88616,-0.172633,0,-0.172114,0
1.88641,-0.0338448,0,-0.0385614,0
1.88666,0.070576,0,0.0660763,0
1.88691,0.135949,0,0.133647,0
1.88716,0.167967,0,0.169986,0
1.88741,0.180594,0,0.184754,0
1.88766,0.191256,0,0.187967,0
1.88791,0.215445,0,0.214506,0
1.88816,0.262246,0,0.259938,0
1.88841,0.331164,0,0.326642,0
1.88866,0.411679,0,0.415548,0
1.88891,0.485556,0,0.490379,0
1.88916,0.530962,0,0.526816,0
1.88941,0.528035,0,0.53196,0
1.88966,0.464232,0,0.464318,0
1.88991,0.337897,0,0.337428,0
1.89016,0.159677,0,0.158253,0
1.89041,-0.0488735,0,-0.0456595,0
1.89066,-0.259499,0,-0.263397,0
1.89091,-0.442525,0,-0.446524,0
1.89116,-0.573131,0,-0.573704,0
1.89141,-0.636012,0,-0.631314,0
1.89166,-0.628246,0,-0.630361,0
1.89191,-0.559356,0,-0.556291,0
1.89216,-0.448644,0,-0.447634,0
1.89241,-0.320192,0,-0.324902,0
1.89266,-0.197527,0,-0.200584,0
1.89291,-0.0981032,0,-0.099381,0
1.89316,-0.0299597,0,-0.0261688,0
1.89341,0.00937733,0,0.00898314,0
1.89366,0.0313199,0,0.0357836,0
1.89391,0.0523279,0,0.051809,0
1.89416,0.0885903,0,0.0875425,0
1.89441,0.15124,0,0.153355,0
1.89466,0.242365,0,0.240972,0
1.89491,0.353659,0,0.351835,0
1.89516,0.467716,0,0.470993,0
1.89541,0.561505,0,0.560677,0
1.89566,0.611934,0,0.613566,0
1.89591,0.601126,0,0.602867,0
1.89616,0.521186,0,0.516965,0
1.89641,0.376758,0,0.379279,0
1.89666,0.184543,0,0.186687,0
1.89691,-0.0297227,0,-0.029204,0
1.89716,-0.236092,0,-0.237202,0
1.89741,-0.406709,0,-0.401898,0
1.89766,-0.521015,0,-0.516754,0
1.89791,-0.569743,0,-0.56835,0
1.89816,-0.55604,0,-0.554052,0
1.89841,-0.494,0,-0.490732,0
1.89866,-0.404477,0,-0.407854,0
1.89891,-0.310048,0,-0.306419,0
1.89916,-0.229235,0,-0.229917,0
1.89941,-0.172526,0,-0.176462,0
1.89966,-0.140242,0,-0.140206,0
1.89991,-0.12315,0,-0.124558,0
1.90016,-0.105799,0,-0.105965,0
1.90041,-0.0710608,0,-0.0675242,0
1.90066,-0.00550505,0,-0.00814951,0
1.90091,0.0959245,0,0.0988372,0
1.90116,0.227976,0,0.227156,0
1.90141,0.375068,0,0.379666,0
1.90166,0.514052,0,0.511068,0
1.90191,0.619355,0,0.62101,0
1.90216,0.668371,0,0.672869,0
1.90241,0.647026,0,0.651623,0
1.90266,0.553057,0,0.554426,0
1.90291,0.397145,0,0.393168,0
1.90316,0.200815,0,0.19684,0
1.90341,-0.00760548,0,-0.0109686,0
1.90366,-0.199041,0,-0.194151,0
1.90391,-0.349186,0,-0.35231,0
1.90416,-0.443371,0,-0.442029,0
1.90441,-0.478757,0,-0.477054,0
1.90466,-0.464062,0,-0.464594,0
1.90491,-0.416307,0,-0.416365,0
1.90516,-0.356283,0,-0.358943,0
1.90541,-0.302703,0,-0.305614,0
1.90566,-0.26781,0,-0.272279,0
1.90591,-0.254258,0,-0.255899,0
1.90616,-0.25482,0,-0.256151,0
1.90641,-0.254841,0,-0.258688,0
1.90666,-0.236339,0,-0.240158,0
1.90691,-0.183433,0,-0.18771,0
1.90716,-0.0873461,0,-0.0880839,0
1.90741,0.0504595,0,0.053727,0
1.90766,0.217373,0,0.219962,0
1.90791,0.391445,0,0.395323,0
1.90816,0.545871,0,0.541428,0
1.90841,0.654298,0,0.651926,0
1.90866,0.696855,0,0.692052,0
1.90891,0.664329,0,0.663001,0
1.90916,0.560513,0,0.557624,0
1.90941,0.401348,0,0.403241,0
1.90966,0.211751,0,0.211256,0
1.90991,0.0202755,0,0.0179487,0
1.91016,-0.146747,0,-0.148539,0
1.91041,-0.270541,0,-0.267331,0
1.91066,-0.343097,0,-0.342096,0
1.91091,-0.367907,0,-0.366312,0
1.91116,-0.358058,0,-0.361763,0
1.91141,-0.332023,0,-0.332607,0
1.91166,-0.30818,0,-0.308174,0
1.91191,-0.29999,0,-0.302174,0
1.91216,-0.312139,0,-0.308264,0
1.91241,-0.339337,0,-0.343751,0
1.91266,-0.367792,0,-0.369778,0
1.91291,-0.378711,0,-0.382101,0
1.91316,-0.353761,0,-0.358743,0
1.91341,-0.28004,0,-0.277272,0
1.91366,-0.154414,0,-0.15066,0
1.91391,0.0146623,0,0.0123589,0
1.91416,0.207908,0,0.207174,0
1.91441,0.398876,0,0.400225,0
1.91466,0.558754,0,0.563595,0
1.91491,0.662909,0,0.658439,0
1.91516,0.695575,0,0.698382,0
1.91541,0.653352,0,0.648371,0
1.91566,0.5457,0,0.548941,0
1.91591,0.392797,0,0.396172,0
1.91616,0.220807,0,0.224085,0
1.91641,0.0564785,0,0.0576671,0
1.91666,-0.0787606,0,-0.0805415,0
1.91691,-0.172736,0,-0.17132,0
1.91716,-0.224408,0,-0.223108,0
1.91741,-0.243006,0,-0.240245,0
1.91766,-0.24441,0,-0.244786,0
1.91791,-0.246486,0,-0.244471,0
1.91816,-0.263625,0,-0.267261,0
1.91841,-0.30246,0,-0.298301,0
1.91866,-0.359757,0,-0.358448,0
1.91891,-0.422855,0,-0.425514,0
1.91916,-0.472539,0,-0.472902,0
1.91941,-0.488075,0,-0.486147,0
1.91966,-0.452411,0,-0.452216,0
1.91991,-0.357191,0,-0.352198,0
1.92016,-0.205649,0,-0.206385,0
1.92041,-0.0129234,0,-0.0131594,0
1.92066,0.196512,0,0.195492,0
1.92091,0.393279,0,0.389,0
1.92116,0.549296,0,0.54966,0
1.92141,0.643156,0,0.643491,0
1.92166,0.664596,0,0.668536,0
1.92191,0.616156,0,0.620035,0
1.92216,0.512264,0,0.512977,0
1.92241,0.375418,0,0.371927,0
1.92266,0.231208,0,0.233936,0
1.92291,0.102276,0,0.103413,0
1.92316,0.0037941,0,0.0050036,0
1.92341,-0.0594986,0,-0.0592559,0
1.92366,-0.0931795,0,-0.0898119,0
1.92391,-0.110823,0,-0.110946,0
1.92416,-0.129558,0,-0.133139,0
1.92441,-0.164708,0,-0.169593,0
1.92466,-0.224959,0,-0.229138,0
1.92491,-0.309468,0,-0.308788,0
1.92516,-0.407271,0,-0.402954,0
1.92541,-0.49929,0,-0.498117,0
1.92566,-0.562899,0,-0.564535,0
1.92591,-0.577081,0,-0.57352,0
1.92616,-0.528082,0,-0.529991,0
1.92641,-0.413042,0,-0.416943,0
1.92666,-0.241675,0,-0.242756,0
1.92691,-0.0347509,0,-0.0365658,0
1.92716,0.179543,0,0.174844,0
1.92741,0.371463,0,0.367996,0
1.92766,0.515339,0,0.514004,0
1.92791,0.594897,0,0.591197,0
1.92816,0.605867,0,0.606917,0
1.92841,0.556411,0,0.551894,0
1.92866,0.464509,0,0.461759,0
1.92891,0.35332,0,0.351375,0
1.92916,0.245416,0,0.247594,0
1.92941,0.157843,0,0.162667,0
1.92966,0.098332,0,0.0976133,0
1.92991,0.0642303,0,0.0688501,0
1.93016,0.0441705,0,0.0476251,0
1.93041,0.0216509,0,0.0248441,0
1.93066,-0.01953,0,-0.0165754,0
1.93091,-0.0904905,0,-0.0929883,0
1.93116,-0.193231,0,-0.188425,0
1.93141,-0.319204,0,-0.31728,0
1.93166,-0.450384,0,-0.45494,0
1.93191,-0.563104,0,-0.55955,0
1.93216,-0.63302,0,-0.628381,0
1.93241,-0.641107,0,-0.642743,0
1.93266,-0.578051,0,-0.577851,0
1.93291,-0.44717,0,-0.448713,0
1.93316,-0.264041,0,-0.263394,0
1.93341,-0.0538259,0,-0.0559047,0
1.93366,0.15396,0,0.150627,0
1.93391,0.331073,0,0.333375,0
1.93416,0.456408,0,0.454668,0
1.93441,0.519684,0,0.517179,0
1.93466,0.522876,0,0.524749,0
1.93491,0.478836,0,0.483306,0
1.93516,0.407469,0,0.411501,0
1.93541,0.330264,0,0.325414,0
1.93566,0.265178,0,0.264796,0
1.93591,0.222123,0,0.223093,0
1.93616,0.201014,0,0.203754,0
1.93641,0.192408,0,0.193554,0
1.93666,0.180387,0,0.181141,0
1.93691,0.147646,0,0.147966,0
1.93716,0.0804068,0,0.0782914,0
1.93741,-0.0266598,0,-0.030329,0
1.93766,-0.168364,0,-0.172583,0
1.93791,-0.328849,0,-0.329177,0
1.93816,-0.484588,0,-0.48546,0
1.93841,-0.608948,0,-0.608692,0
1.93866,-0.678294,0,-0.681129,0
1.93891,-0.677025,0,-0.674344,0
1.93916,-0.601459,0,-0.60534,0
1.93941,-0.460832,0,-0.46516,0
1.93966,-0.275682,0,-0.274148,0
1.93991,-0.0734435,0,-0.0684494,0
1.94016,0.1169,0,0.117877,0
1.94041,0.270992,0,0.273207,0
1.94065,0.37353,0,0.374273,0
1.9409,0.420854,0,0.418987,0
1.94115,0.420703,0,0.416478,0
1.9414,0.38913,0,0.387309,0
1.94165,0.346018,0,0.344115,0
1.9419,0.309423,0,0.310021,0
1.94215,0.29089,0,0.290909,0
1.9424,0.292556,0,0.295782,0
1.94265,0.30677,0,0.307349,0
1.9429,0.318205,0,0.321584,0
1.94315,0.308433,0,0.307172,0
1.9434,0.260913,0,0.258348,0
1.94365,0.166284,0,0.166977,0
1.9439,0.0255317,0,0.0250783,0
1.94415,-0.148864,0,-0.145294,0
1.9444,-0.334935,0,-0.336533,0
1.94465,-0.505163,0,-0.505867,0
1.9449,-0.632424,0,-0.634484,0
1.94515,-0.695433,0,-0.699434,0
1.9454,-0.683582,0,-0.681955,0
1.94565,-0.599114,0,-0.600144,0
1.9459,-0.456588,0,-0.460267,0
1.94615,-0.279825,0,-0.281747,0
1.9464,-0.0966687,0,-0.0954975,0
1.94665,0.0668386,0,0.0672932,0
1.9469,0.191749,0,0.192104,0
1.94715,0.269626,0,0.268228,0
1.9474,0.303395,0,0.30786,0
1.94765,0.305326,0,0.300546,0
1.9479,0.293212,0,0.289178,0
1.94815,0.284783,0,0.285556,0
1.9484,0.292931,0,0.291033,0
1.94865,0.321809,0,0.317713,0
1.9489,0.365609,0,0.365749,0
1.94915,0.409784,0,0.406945,0
1.9494,0.434963,0,0.435962,0
1.94965,0.421791,0,0.420783,0
1.9499,0.356615,0,0.356734,0
1.95015,0.235423,0,0.237289,0
1.9504,0.0660887,0,0.066816,0
1.95065,-0.132504,0,-0.131663,0
1.9509,-0.33365,0,-0.337136,0
1.95115,-0.508144,0,-0.504272,0
1.9514,-0.63022,0,-0.626482,0
1.95165,-0.682905,0,-0.682915,0
1.9519,-0.661301,0,-0.65842,0
1.95215,-0.573357,0,-0.574284,0
1.9524,-0.43788,0,-0.442047,0
1.95265,-0.280144,0,-0.278119,0
1.9529,-0.126059,0,-0.124179,0
1.95315,0.00311915,0,0.00585855,0
1.9534,0.0952342,0,0.0955505,0
1.95365,0.14902,0,0.144217,0
1.9539,0.173186,0,0.176988,0
1.95415,0.18334,0,0.180066,0
1.9544,0.19677,0,0.201156,0
1.95465,0.227505,0,0.228117,0
1.9549,0.281798,0,0.283806,0
1.95515,0.355946,0,0.352825,0
1.9554,0.436601,0,0.435177,0
1.95565,0.503899,0,0.504349,0
1.9559,0.535984,0,0.538618,0
1.95615,0.514862,0,0.512303,0
1.9564,0.431014,0,0.430514,0
1.95665,0.28667,0,0.286108,0
1.9569,0.0961713,0,0.0998232,0
1.95715,-0.116247,0,-0.11699,0
1.9574,-0.321295,0,-0.322386,0
1.95765,-0.490157,0,-0.490753,0
1.9579,-0.600575,0,-0.604055,0
1.95815,-0.640959,0,-0.63872,0
1.9584,-0.612437,0,-0.613742,0
1.95865,-0.528041,0,-0.531236,0
1.9589,-0.40905,0,-0.406715,0
1.95915,-0.280078,0,-0.278629,0
1.9594,-0.163236,0,-0.167682,0
1.95965,-0.0732858,0,-0.0759163,0
1.9599,-0.0148715,0,-0.0184502,0
1.96015,0.0174456,0,0.0190988,0
1.9604,0.0372597,0,0.0365367,0
1.96065,0.0614203,0,0.0637203,0
1.9609,0.105157,0,0.103427,0
1.96115,0.176986,0,0.178883,0
1.9614,0.275828,0,0.276841,0
1.96165,0.390205,0,0.395094,0
1.9619,0.500504,0,0.502934,0
1.96215,0.583008,0,0.586447,0
1.9624,0.615727,0,0.620707,0
1.96265,0.583498,0,0.580326,0
1.9629,0.482249,0,0.481177,0
1.96315,0.320531,0,0.323757,0
1.9634,0.118284,0,0.113459,0
1.96365,-0.0967616,0,-0.099092,0
1.9639,-0.29465,0,-0.294244,0
1.96415,-0.449321,0,-0.446803,0
1.9644,-0.543451,0,-0.548036,0
1.96465,-0.571702,0,-0.574089,0
1.9649,-0.54091,0,-0.539535,0
1.96515,-0.467762,0,-0.471899,0
1.9654,-0.374342,0,-0.378532,0
1.96565,-0.282505,0,-0.277584,0
1.9659,-0.2086,0,-0.205718,0
1.96615,-0.160003,0,-0.155639,0
1.9664,-0.133874,0,-0.130271,0
1.96665,-0.118535,0,-0.118359,0
1.9669,-0.0974906,0,-0.0930223,0
1.96715,-0.0541978,0,-0.0521839,0
1.9674,0.0224706,0,0.0214687,0
1.96765,0.134621,0,0.130861,0
1.9679,0.273505,0,0.277511,0
1.96815,0.420792,0,0.424881,0
1.9684,0.551925,0,0.5505,0
1.96865,0.641692,0,0.639797,0
1.9689,0.669624,0,0.665834,0
1.96915,0.625075,0,0.622413,0
1.9694,0.509943,0,0.509662,0
1.96965,0.338573,0,0.333832,0
1.9699,0.135222,0,0.13084,0
1.97015,-0.0708718,0,-0.0754104,0
1.9704,-0.251579,0,-0.255764,0
1.97065,-0.385192,0,-0.388438,0
1.9709,-0.460637,0,-0.456597,0
1.97115,-0.478906,0,-0.473979,0
1.9714,-0.451677,0,-0.448226,0
1.97165,-0.397846,0,-0.400404,0
1.9719,-0.338013,0,-0.333088,0
1.97215,-0.289415,0,-0.287537,0
1.9724,-0.261425,0,-0.263195,0
1.97265,-0.253526,0,-0.255076,0
1.9729,-0.255748,0,-0.256798,0
1.97315,-0.251899,0,-0.250439,0
1.9734,-0.224033,0,-0.220987,0
1.97365,-0.158046,0,-0.161776,0
1.9739,-0.0481654,0,-0.0468225,0
1.97415,0.10064,0,0.103527,0
1.9744,0.27251,0,0.274878,0
1.97465,0.44338,0,0.445821,0
1.9749,0.586004,0,0.589412,0
1.97515,0.675441,0,0.679887,0
1.9754,0.69481,0,0.698345,0
1.97565,0.638882,0,0.638198,0
1.9759,0.515437,0,0.513854,0
1.97615,0.34379,0,0.340749,0
1.9764,0.150517,0,0.146694,0
1.97665,-0.0358521,0,-0.0397627,0
1.9769,-0.190855,0,-0.194659,0
1.97715,-0.298857,0,-0.300061,0
1.9774,-0.355537,0,-0.356268,0
1.97765,-0.367708,0,-0.3648,0
1.9779,-0.350721,0,-0.348925,0
1.97815,-0.323529,0,-0.320758,0
1.9784,-0.303524,0,-0.303088,0
1.97865,-0.301662,0,-0.306091,0
1.9789,-0.31957,0,-0.321991,0
1.97915,-0.348958,0,-0.353255,0
1.9794,-0.374028,0,-0.377124,0
1.97965,-0.375487,0,-0.370913,0
1.9799,-0.336211,0,-0.334998,0
1.98015,-0.245989,0,-0.249018,0
1.9804,-0.105262,0,-0.103321,0
1.98065,0.0739264,0,0.0714423,0
1.9809,0.269501,0,0.265111,0
1.98115,0.453707,0,0.456085,0
1.9814,0.598413,0,0.594789,0
1.98165,0.681279,0,0.681771,0
1.9819,0.690183,0,0.686264,0
1.98215,0.62583,0,0.623165,0
1.9824,0.501444,0,0.504918,0
1.98265,0.339557,0,0.334919,0
1.9829,0.167191,0,0.165115,0
1.98315,0.0100635,0,0.00723161,0
1.9834,-0.113006,0,-0.111923,0
1.98365,-0.19329,0,-0.19814,0
1.9839,-0.233163,0,-0.234889,0
1.98415,-0.24446,0,-0.239774,0
1.9844,-0.244214,0,-0.244033,0
1.98465,-0.249782,0,-0.246431,0
1.9849,-0.273436,0,-0.269922,0
1.98515,-0.318903,0,-0.323233,0
1.9854,-0.379763,0,-0.383748,0
1.98565,-0.440926,0,-0.437864,0
1.9859,-0.48205,0,-0.477626,0
1.98615,-0.483021,0,-0.479407,0
1.9864,-0.429039,0,-0.430733,0
1.98665,-0.315219,0,-0.311267,0
1.9869,-0.14862,0,-0.15358,0
1.98715,0.0523515,0,0.0484091,0
1.9874,0.261104,0,0.258966,0
1.98765,0.447876,0,0.451297,0
1.9879,0.586214,0,0.584542,0
1.98815,0.657838,0,0.659189,0
1.9884,0.656448,0,0.651759,0
1.98865,0.588589,0,0.587888,0
1.9889,0.471629,0,0.46706,0
1.98915,0.32977,0,0.333485,0
1.9894,0.188152,0,0.184283,0
1.98965,0.0676087,0,0.0661517,0
1.9899,-0.0198106,0,-0.0176356,0
1.99015,-0.0726929,0,-0.0692386,0
1.9904,-0.0996217,0,-0.103489,0
1.99065,-0.115747,0,-0.114038,0
1.9909,-0.138246,0,-0.134718,0
1.99115,-0.180729,0,-0.178433,0
1.9914,-0.249186,0,-0.245211,0
1.99165,-0.339511,0,-0.336984,0
1.9919,-0.437848,0,-0.439023,0
1.99215,-0.523401,0,-0.527589,0
1.9924,-0.573509,0,-0.56993,0
1.99265,-0.568865,0,-0.570906,0
1.9929,-0.498842,0,-0.503762,0
1.99315,-0.364505,0,-0.369049,0
1.9934,-0.179271,0,-0.175819,0
1.99365,0.0331635,0,0.0299304,0
1.9939,0.243594,0,0.24475,0
1.99415,0.422835,0,0.423942,0
1.9944,0.547716,0,0.550344,0
1.99465,0.605545,0,0.609006,0
1.9949,0.596142,0,0.591726,0
1.99515,0.531081,0,0.533626,0
1.9954,0.430583,0,0.427057,0
1.99565,0.318133,0,0.314994,0
1.9959,0.215177,0,0.219126,0
1.99615,0.136079,0,0.140513,0
1.9964,0.0853205,0,0.0881052,0
1.99665,0.0571187,0,0.0586573,0
1.9969,0.0381703,0,0.0372385,0
1.99715,0.0113802,0,0.0154566,0
1.9974,-0.0383272,0,-0.0423332,0
1.99765,-0.119543,0,-0.116396,0
1.9979,-0.230987,0,-0.234922,0
1.99815,-0.360906,0,-0.361468,0
1.9984,-0.488966,0,-0.486895,0
1.99865,-0.590729,0,-0.590881,0
1.9989,-0.642884,0,-0.639227,0
1.99915,-0.629068,0,-0.626857,0
1.9994,-0.54378,0,-0.541314,0
1.99965,-0.394287,0,-0.393858,0
1.9999,-0.199658,0,-0.202911,0
2.00015,0.0130674,0,0.0120114,0
2.0004,0.214032,0,0.216288,0
2.00065,0.376774,0,0.37917,0
2.0009,0.483153,0,0.48563,0
2.00115,0.526741,0,0.525585,0
2.0014,0.513205,0,0.51552,0
2.00165,0.458195,0,0.458817,0
2.0019,0.382651,0,0.383896,0
2.00215,0.307649,0,0.309722,0
2.0024,0.248899,0,0.246858,0
2.00265,0.213292,0,0.20926,0
2.0029,0.197589,0,0.196904,0
2.00315,0.189756,0,0.186502,0
2.0034,0.172951,0,0.175204,0
2.00365,0.1303,0,0.133497,0
2.0039,0.050413,0,0.0474503,0
2.00415,-0.0689265,0,-0.065396,0
2.0044,-0.218931,0,-0.221307,0
2.00465,-0.380782,0,-0.385164,0
2.0049,-0.529378,0,-0.531979,0
2.00515,-0.63832,0,-0.634748,0
2.0054,-0.686047,0,-0.684594,0
2.00565,-0.66048,0,-0.657385,0
2.0059,-0.562163,0,-0.56291,0
2.00615,-0.404292,0,-0.40328,0
2.0064,-0.210292,0,-0.208203,0
2.00665,-0.00874328,0,-0.00491508,0
2.0069,0.172178,0,0.17234,0
2.00715,0.310636,0,0.308822,0
2.0074,0.394977,0,0.397726,0
2.00765,0.425404,0,0.421818,0
2.0079,0.412881,0,0.411405,0
2.00815,0.375273,0,0.379352,0
2.0084,0.332531,0,0.333402,0
2.00865,0.300998,0,0.302246,0
2.0089,0.289384,0,0.288543,0
2.00915,0.296498,0,0.299482,0
2.0094,0.311762,0,0.315775,0
2.00965,0.318269,0,0.316578,0
2.0099,0.2975,0,0.293747,0
2.01015,0.234891,0,0.230369,0
2.0104,0.124168,0,0.12547,0
2.01065,-0.0297966,0,-0.0250554,0
2.01091,-0.211028,0,-0.206147,0
2.01116,-0.395031,0,-0.396154,0
2.01141,-0.553832,0,-0.554522,0
2.01166,-0.661495,0,-0.659079,0
2.01191,-0.699968,0,-0.699732,0
2.01216,-0.662779,0,-0.663798,0
2.01241,-0.55651,0,-0.555317,0
2.01266,-0.399422,0,-0.395046,0
2.01291,-0.217265,0,-0.217217,0
2.01316,-0.0380501,0,-0.0420884,0
2.01341,0.114113,0,0.112552,0
2.01366,0.22351,0,0.225837,0
2.01391,0.285572,0,0.284163,0
2.01416,0.306792,0,0.304814,0
2.01441,0.30182,0,0.303932,0
2.01466,0.289123,0,0.285479,0
2.01491,0.285288,0,0.285979,0
2.01516,0.300563,0,0.300185,0
2.01541,0.335712,0,0.331236,0
2.01566,0.381612,0,0.384448,0
2.01591,0.421606,0,0.42514,0
2.01616,0.435611,0,0.437477,0
2.01641,0.405626,0,0.402672,0
2.01666,0.320953,0,0.321029,0
2.01691,0.181581,0,0.180184,0
2.01716,-0.000601462,0,-0.00444664,0
2.01741,-0.2034,0,-0.208092,0
2.01766,-0.398654,0,-0.401927,0
2.01791,-0.557573,0,-0.556287,0
2.01816,-0.656952,0,-0.658161,0
2.01841,-0.68367,0,-0.681158,0
2.01866,-0.637373,0,-0.641983,0
2.01891,-0.530247,0,-0.534866,0
2.01916,-0.383866,0,-0.385661,0
2.01941,-0.224555,0,-0.222506,0
2.01966,-0.0771004,0,-0.0754353,0
2.01991,0.0399772,0,0.0378338,0
2.02016,0.11824,0,0.113548,0
2.02041,0.160207,0,0.16498,0
2.02066,0.177451,0,0.174447,0
2.02091,0.186867,0,0.183289,0
2.02116,0.205146,0,0.200563,0
2.02141,0.244013,0,0.240645,0
2.02166,0.306316,0,0.306944,0
2.02191,0.384777,0,0.386671,0
2.02216,0.463209,0,0.459525,0
2.02241,0.520452,0,0.520019,0
2.02266,0.535299,0,0.537908,0
2.02291,0.492304,0,0.494022,0
2.02316,0.385893,0,0.386746,0
2.02341,0.222722,0,0.219576,0
2.02366,0.0211332,0,0.0254826,0
2.02391,-0.192255,0,-0.191206,0
2.02416,-0.387465,0,-0.382853,0
2.02441,-0.537493,0,-0.537453,0
2.02466,-0.623415,0,-0.619216,0
2.02491,-0.638161,0,-0.638402,0
2.02516,-0.58743,0,-0.584238,0
2.02541,-0.487692,0,-0.490931,0
2.02566,-0.362239,0,-0.362928,0
2.02591,-0.235322,0,-0.237082,0
2.02616,-0.126953,0,-0.128892,0
2.02641,-0.0484585,0,-0.0461243,0
2.02666,-0.000703996,0,-0.00295013,0
2.02691,0.0252463,0,0.0217295,0
2.02716,0.0446467,0,0.0474662,0
2.02741,0.0745083,0,0.0706326,0
2.02766,0.128011,0,0.131057,0
2.02791,0.210466,0,0.212292,0
2.02816,0.316901,0,0.314897,0
2.02841,0.432421,0,0.436688,0
2.02866,0.535352,0,0.538681,0
2.02891,0.601846,0,0.598657,0
2.02916,0.611865,0,0.607284,0
2.02941,0.553981,0,0.549321,0
2.02966,0.428652,0,0.425878,0
2.02991,0.249018,0,0.244374,0
2.03016,0.0384436,0,0.0348292,0
2.03041,-0.173729,0,-0.172773,0
2.03066,-0.358359,0,-0.361616,0
2.03091,-0.491991,0,-0.494245,0
2.03116,-0.561564,0,-0.565788,0
2.03141,-0.566392,0,-0.564661,0
2.03166,-0.517393,0,-0.521349,0
2.03191,-0.433942,0,-0.432461,0
2.03216,-0.338736,0,-0.338312,0
2.03241,-0.25207,0,-0.250836,0
2.03266,-0.187328,0,-0.182553,0
2.03291,-0.148032,0,-0.152758,0
2.03316,-0.127661,0,-0.131045,0
2.03341,-0.11225,0,-0.112328,0
2.03366,-0.0845189,0,-0.0853259,0
2.03391,-0.0294974,0,-0.0253679,0
2.03416,0.0609745,0,0.0589435,0
2.03441,0.184913,0,0.189631,0
2.03466,0.329626,0,0.327151,0
2.03491,0.473918,0,0.473193,0
2.03516,0.592203,0,0.593538,0
2.03541,0.660441,0,0.657565,0
2.03567,0.661373,0,0.660937,0
2.03592,0.588939,0,0.585357,0
2.03617,0.449953,0,0.449307,0
2.03642,0.263005,0,0.261745,0
2.03667,0.0550008,0,0.0556981,0
2.03692,-0.144582,0,-0.14526,0
2.03717,-0.309345,0,-0.309717,0
2.03742,-0.421317,0,-0.42516,0
2.03767,-0.474009,0,-0.474487,0
2.03792,-0.472881,0,-0.473482,0
2.03817,-0.432894,0,-0.432522,0
2.03842,-0.374355,0,-0.377152,0
2.03867,-0.317147,0,-0.315564,0
2.03892,-0.275917,0,-0.279718,0
2.03917,-0.256315,0,-0.253832,0
2.03942,-0.253974,0,-0.258679,0
2.03967,-0.256,0,-0.259071,0
2.03992,-0.2448,0,-0.247765,0
2.04017,-0.203415,0,-0.19905,0
2.04042,-0.12041,0,-0.124998,0
2.04067,0.00596728,0,0.010756,0
2.04092,0.166274,0,0.163651,0
2.04117,0.341028,0,0.340004,0
2.04142,0.504148,0,0.502385,0
2.04167,0.628617,0,0.627437,0
2.04192,0.691991,0,0.69298,0
2.04217,0.681635,0,0.67839,0
2.04242,0.597428,0,0.599517,0
2.04267,0.452097,0,0.451766,0
2.04292,0.268372,0,0.264626,0
2.04317,0.0744722,0,0.0710842,0
2.04342,-0.102102,0,-0.102903,0
2.04367,-0.239824,0,-0.241562,0
2.04392,-0.327359,0,-0.322535,0
2.04417,-0.365018,0,-0.36801,0
2.04442,-0.363415,0,-0.360726,0
2.04467,-0.340051,0,-0.340083,0
2.04492,-0.313872,0,-0.312658,0
2.04517,-0.300282,0,-0.301683,0
2.04542,-0.306707,0,-0.304264,0
2.04567,-0.330697,0,-0.328609,0
2.04592,-0.360595,0,-0.358986,0
2.04617,-0.378492,0,-0.381867,0
2.04642,-0.365388,0,-0.363209,0
2.04667,-0.306264,0,-0.309276,0
2.04692,-0.194955,0,-0.191509,0
2.04717,-0.0365963,0,-0.0316149,0
2.04742,0.152398,0,0.154538,0
2.04767,0.347,0,0.350879,0
2.04792,0.518469,0,0.519338,0
2.04817,0.640416,0,0.642616,0
2.04842,0.694066,0,0.691749,0
2.04867,0.672386,0,0.671011,0
2.04892,0.581381,0,0.577495,0
2.04917,0.438527,0,0.441874,0
2.04942,0.269073,0,0.268714,0
2.04967,0.100036,0,0.0970251,0
2.04992,-0.0450191,0,-0.0457425,0
2.05017,-0.151065,0,-0.151116,0
2.05042,-0.213977,0,-0.209069,0
2.05067,-0.240309,0,-0.23542,0
2.05092,-0.244698,0,-0.249162,0
2.05117,-0.244917,0,-0.248918,0
2.05142,-0.256876,0,-0.258763,0
2.05167,-0.289649,0,-0.290008,0
2.05192,-0.342802,0,-0.347038,0
2.05217,-0.406065,0,-0.408523,0
2.05242,-0.461529,0,-0.462521,0
2.05267,-0.488347,0,-0.491003,0
2.05292,-0.467868,0,-0.469478,0
2.05317,-0.388974,0,-0.390295,0
2.05342,-0.251617,0,-0.250491,0
2.05367,-0.067852,0,-0.0635705,0
2.05392,0.139974,0,0.144257,0
2.05417,0.343177,0,0.340035,0
2.05442,0.512737,0,0.508905,0
2.05467,0.624868,0,0.627412,0
2.05492,0.666041,0,0.662657,0
2.05517,0.635357,0,0.639737,0
2.05542,0.544252,0,0.547673,0
2.05567,0.413687,0,0.412398,0
2.05592,0.268898,0,0.269759,0
2.05617,0.133985,0,0.131618,0
2.05642,0.0264435,0,0.023863,0
2.05667,-0.0460424,0,-0.0460502,0
2.05692,-0.0864689,0,-0.0858004,0
2.05717,-0.106786,0,-0.107946,0
2.05742,-0.123591,0,-0.124251,0
2.05767,-0.153259,0,-0.156062,0
2.05792,-0.206591,0,-0.204239,0
2.05817,-0.285464,0,-0.287651,0
2.05842,-0.381381,0,-0.38058,0
2.05867,-0.477121,0,-0.481897,0
2.05892,-0.550317,0,-0.546417,0
2.05917,-0.579086,0,-0.58194,0
2.05942,-0.547258,0,-0.548633,0
2.05967,-0.448863,0,-0.447357,0
2.05992,-0.290397,0,-0.293286,0
2.06017,-0.0900608,0,-0.0857048,0
2.06043,0.12532,0,0.124436,0
2.06068,0.325825,0,0.321164,0
2.06093,0.484109,0,0.482129,0
2.06118,0.581091,0,0.577669,0
2.06143,0.609312,0,0.611612,0
2.06168,0.573888,0,0.569871,0
2.06193,0.490737,0,0.493568,0
2.06218,0.382111,0,0.380283,0
2.06243,0.271428,0,0.27058,0
2.06268,0.177508,0,0.173557,0
2.06293,0.110693,0,0.108693,0
2.06318,0.0709599,0,0.0663328,0
2.06343,0.0487926,0,0.0528454,0
2.06368,0.028496,0,0.0296071,0
2.06393,-0.0066893,0,-0.00567183,0
2.06418,-0.0696517,0,-0.0689585,0
2.06443,-0.164883,0,-0.160068,0
2.06468,-0.286454,0,-0.281536,0
2.06493,-0.418508,0,-0.423297,0
2.06518,-0.53818,0,-0.542986,0
2.06543,-0.620858,0,-0.620586,0
2.06568,-0.645553,0,-0.64839,0
2.06593,-0.600283,0,-0.600311,0
2.06618,-0.485102,0,-0.483368,0
2.06643,-0.312724,0,-0.308993,0
2.06668,-0.106407,0,-0.109231,0
2.06693,0.104858,0,0.100837,0
2.06718,0.291876,0,0.295231,0
2.06743,0.431356,0,0.435784,0
2.06768,0.510091,0,0.506286,0
2.06793,0.527098,0,0.532032,0
2.06818,0.492922,0,0.493501,0
2.06843,0.426097,0,0.424018,0
2.06868,0.348385,0,0.345969,0
2.06893,0.279073,0,0.281065,0
2.06918,0.230288,0,0.22593,0
2.06943,0.204422,0,0.203378,0
2.06968,0.194137,0,0.194503,0
2.06993,0.184579,0,0.187718,0
2.07018,0.158168,0,0.16122,0
2.07043,0.100051,0,0.104934,0
2.07068,0.00238135,0,0.00598095,0
2.07093,-0.132235,0,-0.134458,0
2.07118,-0.29022,0,-0.294326,0
2.07143,-0.449556,0,-0.453134,0
2.07168,-0.583779,0,-0.581128,0
2.07193,-0.667929,0,-0.663952,0
2.07218,-0.68408,0,-0.687975,0
2.07243,-0.625592,0,-0.621866,0
2.07268,-0.498683,0,-0.498654,0
2.07293,-0.321533,0,-0.320066,0
2.07318,-0.120633,0,-0.117651,0
2.07343,0.075055,0,0.0785298,0
2.07368,0.23943,0,0.24378,0
2.07393,0.354744,0,0.355191,0
2.07418,0.414565,0,0.413048,0
2.07443,0.424238,0,0.426868,0
2.07468,0.398175,0,0.399367,0
2.07493,0.35593,0,0.359967,0
2.07518,0.316485,0,0.314098,0
2.07543,0.293261,0,0.297436,0
2.07568,0.290653,0,0.287467,0
2.07593,0.303142,0,0.301636,0
2.07618,0.316847,0,0.311898,0
2.07643,0.313414,0,0.315021,0
2.07668,0.27561,0,0.278548,0
2.07693,0.191918,0,0.187668,0
2.07718,0.0608191,0,0.059315,0
2.07743,-0.107674,0,-0.103406,0
2.07768,-0.293491,0,-0.292653,0
2.07793,-0.469864,0,-0.474617,0
2.07818,-0.608954,0,-0.61391,0
2.07843,-0.687672,0,-0.69127,0
2.07868,-0.692797,0,-0.689513,0
2.07893,-0.623561,0,-0.625237,0
2.07918,-0.492033,0,-0.496134,0
2.07943,-0.320406,0,-0.324244,0
2.07968,-0.136317,0,-0.140665,0
2.07993,0.0335579,0,0.0341892,0
2.08018,0.168155,0,0.170031,0
2.08043,0.256531,0,0.257313,0
2.08068,0.29925,0,0.299562,0
2.08093,0.306744,0,0.302478,0
2.08118,0.296062,0,0.29682,0
2.08143,0.2855,0,0.282153,0
2.08168,0.289393,0,0.28911,0
2.08193,0.313939,0,0.309855,0
2.08218,0.355507,0,0.360284,0
2.08243,0.401211,0,0.397209,0
2.08268,0.432127,0,0.429886,0
2.08293,0.428649,0,0.432608,0
2.08318,0.375314,0,0.377135,0
2.08343,0.265794,0,0.267164,0
2.08368,0.105437,0,0.105213,0
2.08393,-0.0890578,0,-0.0858824,0
2.08418,-0.292204,0,-0.292963,0
2.08443,-0.474795,0,-0.473329,0
2.08468,-0.609818,0,-0.614328,0
2.08493,-0.678011,0,-0.674651,0
2.08519,-0.671797,0,-0.669594,0
2.08544,-0.596495,0,-0.593653,0
2.08569,-0.46896,0,-0.472047,0
2.08594,-0.313647,0,-0.311966,0
2.08619,-0.156716,0,-0.160639,0
2.08644,-0.0209222,0,-0.0161689,0
2.08669,0.0794079,0,0.0764085,0
2.08694,0.140776,0,0.143271,0
2.08719,0.169966,0,0.173799,0
2.08744,0.181539,0,0.182833,0
2.08769,0.192968,0,0.193836,0
2.08794,0.21939,0,0.219651,0
2.08819,0.268819,0,0.272246,0
2.08844,0.339722,0,0.344383,0
2.08869,0.420583,0,0.424509,0
2.08894,0.49233,0,0.492494,0
2.08919,0.53328,0,0.536313,0
2.08944,0.524035,0,0.527083,0
2.08969,0.453089,0,0.449853,0
2.08994,0.320071,0,0.31671,0
2.09019,0.137143,0,0.13455,0
2.09044,-0.073287,0,-0.0716098,0
2.09069,-0.282333,0,-0.287229,0
2.09094,-0.460592,0,-0.462362,0
2.09119,-0.58399,0,-0.580953,0
2.09144,-0.638638,0,-0.641092,0
2.09169,-0.62307,0,-0.624077,0
2.09194,-0.548146,0,-0.549134,0
2.09219,-0.434083,0,-0.42955,0
2.09244,-0.3051,0,-0.308762,0
2.09269,-0.18434,0,-0.187648,0
2.09294,-0.0883697,0,-0.0887812,0
2.09319,-0.0239198,0,-0.019413,0
2.09344,0.0126323,0,0.0173056,0
2.09369,0.0335617,0,0.0359266,0
2.09394,0.0555757,0,0.0546871,0
2.09419,0.0946623,0,0.0923662,0
2.09444,0.160854,0,0.160033,0
2.09469,0.255122,0,0.255082,0
2.09494,0.367923,0,0.364669,0
2.09519,0.480851,0,0.482783,0
2.09544,0.570483,0,0.572385,0
2.09569,0.614165,0,0.611264,0
2.09594,0.594964,0,0.59331,0
2.09619,0.506466,0,0.506053,0
2.09644,0.354902,0,0.349993,0
2.09669,0.158242,0,0.154426,0
2.09694,-0.0568053,0,-0.0558002,0
2.09719,-0.260228,0,-0.257912,0
2.09744,-0.424661,0,-0.4277,0
2.09769,-0.530944,0,-0.528954,0
2.09794,-0.57128,0,-0.571827,0
2.09819,-0.550379,0,-0.548517,0
2.09844,-0.483555,0,-0.486053,0
2.09869,-0.392103,0,-0.391062,0
2.09894,-0.29844,0,-0.298621,0
2.09919,-0.220341,0,-0.2168,0
2.09944,-0.166972,0,-0.168074,0
2.09969,-0.137404,0,-0.139769,0
2.09994,-0.121278,0,-0.124008,0
2.10019,-0.102567,0,-0.10564,0
2.10044,-0.0643547,0,-0.0658548,0
2.10069,0.00589763,0,0.00793713,0
2.10094,0.112015,0,0.110818,0
2.10119,0.247287,0,0.247471,0
2.10144,0.394839,0,0.398875,0
2.10169,0.530788,0,0.527626,0
2.10194,0.629713,0,0.626581,0
2.10219,0.669805,0,0.666926,0
2.10244,0.638369,0,0.633891,0
2.10269,0.535004,0,0.538623,0
2.10294,0.37196,0,0.368094,0
2.10319,0.172097,0,0.174158,0
2.10344,-0.0358017,0,-0.0330039,0
2.10369,-0.222811,0,-0.225536,0
2.10394,-0.365887,0,-0.363971,0
2.10419,-0.451793,0,-0.454365,0
2.10444,-0.479408,0,-0.477093,0
2.10469,-0.458931,0,-0.454009,0
2.10494,-0.408136,0,-0.409313,0
2.10519,-0.347911,0,-0.346029,0
2.10544,-0.296428,0,-0.294149,0
2.10569,-0.264655,0,-0.263308,0
2.10594,-0.253732,0,-0.251314,0
2.10619,-0.255281,0,-0.256764,0
2.10644,-0.253747,0,-0.252119,0
2.10669,-0.231125,0,-0.232844,0
2.10694,-0.17223,0,-0.167935,0
2.10719,-0.069675,0,-0.0718808,0
2.10744,0.0734994,0,0.068538,0
2.10769,0.2431,0,0.245261,0
2.10794,0.41605,0,0.420323,0
2.10819,0.565334,0,0.567706,0
2.10844,0.665132,0,0.669188,0
2.10869,0.696826,0,0.69953,0
2.10894,0.653128,0,0.650527,0
2.10919,0.539696,0,0.540434,0
2.10944,0.374147,0,0.372451,0
2.10969,0.182387,0,0.186212,0
2.10995,-0.00697364,0,-0.0114211,0
2.1102,-0.168546,0,-0.164883,0
2.11045,-0.284858,0,-0.285379,0
2.1107,-0.349665,0,-0.349721,0
2.11095,-0.368157,0,-0.370871,0
2.1112,-0.354662,0,-0.358795,0
2.11145,-0.327787,0,-0.329979,0
2.1117,-0.305661,0,-0.30138,0
2.11195,-0.30056,0,-0.297943,0
2.1122,-0.315618,0,-0.311951,0
2.11245,-0.344131,0,-0.345184,0
2.1127,-0.371159,0,-0.366607,0
2.11295,-0.377636,0,-0.381681,0
2.1132,-0.345587,0,-0.344563,0
2.11345,-0.263592,0,-0.261218,0
2.1137,-0.130179,0,-0.130198,0
2.11395,0.044345,0,0.0465363,0
2.1142,0.23916,0,0.239269,0
2.11445,0.427126,0,0.427714,0
2.1147,0.579702,0,0.580146,0
2.11495,0.67321,0,0.676,0
2.1152,0.693746,0,0.688945,0
2.11545,0.640006,0,0.639344,0
2.1157,0.523394,0,0.521073,0
2.11595,0.365414,0,0.366546,0
2.1162,0.192841,0,0.196468,0
2.11645,0.0319487,0,0.0346645,0
2.1167,-0.0971583,0,-0.0957332,0
2.11695,-0.184,0,-0.185532,0
2.1172,-0.229373,0,-0.231442,0
2.11745,-0.243979,0,-0.241681,0
2.1177,-0.244291,0,-0.240521,0
2.11795,-0.248026,0,-0.251469,0
2.1182,-0.26856,0,-0.267401,0
2.11845,-0.310976,0,-0.312046,0
2.1187,-0.370382,0,-0.370363,0
2.11895,-0.43272,0,-0.429807,0
2.1192,-0.478136,0,-0.480818,0
2.11945,-0.48596,0,-0.486263,0
2.1197,-0.440502,0,-0.441296,0
2.11995,-0.335174,0,-0.333831,0
2.1202,-0.17516,0,-0.179251,0
2.12045,0.0224035,0,0.0184163,0
2.1207,0.231907,0,0.229636,0
2.12095,0.423699,0,0.428482,0
2.1212,0.570347,0,0.570671,0
2.12145,0.652127,0,0.650698,0
2.1217,0.660958,0,0.657528,0
2.12195,0.601549,0,0.604519,0
2.1222,0.490052,0,0.487324,0
2.12245,0.350016,0,0.354348,0
2.1227,0.206969,0,0.205589,0
2.12295,0.0824803,0,0.0799881,0
2.1232,-0.00988353,0,-0.00538666,0
2.12345,-0.0672335,0,-0.0712982,0
2.1237,-0.0969902,0,-0.0939555,0
2.12395,-0.113574,0,-0.112038,0
2.1242,-0.13425,0,-0.137914,0
2.12445,-0.173491,0,-0.172214,0
2.1247,-0.238481,0,-0.241451,0
2.12495,-0.326501,0,-0.321776,0
2.1252,-0.424896,0,-0.426755,0
2.12545,-0.513577,0,-0.517129,0
2.1257,-0.569606,0,-0.566181,0
2.12595,-0.573119,0,-0.575678,0
2.1262,-0.511939,0,-0.51562,0
2.12645,-0.385485,0,-0.382499,0
2.1267,-0.205665,0,-0.201647,0
2.12695,0.00486705,0,0.000743696,0
2.1272,0.217388,0,0.220087,0
2.12745,0.402263,0,0.399482,0
2.1277,0.535222,0,0.539312,0
2.12795,0.602024,0,0.601701,0
2.1282,0.600816,0,0.602121,0
2.12845,0.541852,0,0.541343,0
2.1287,0.444481,0,0.446495,0
2.12895,0.332279,0,0.332969,0
2.1292,0.227063,0,0.229576,0
2.12945,0.144431,0,0.144297,0
2.1297,0.0901938,0,0.09175,0
2.12995,0.0598244,0,0.0614575,0
2.1302,0.0406241,0,0.0447044,0
2.13045,0.015743,0,0.013556,0
2.1307,-0.0305218,0,-0.0304088,0
2.13095,-0.107763,0,-0.106149,0
2.1312,-0.215972,0,-0.21547,0
2.13145,-0.344644,0,-0.341099,0
2.1317,-0.474316,0,-0.471728,0
2.13195,-0.58065,0,-0.580633,0
2.1322,-0.639844,0,-0.640667,0
2.13245,-0.634518,0,-0.63729,0
2.1327,-0.557624,0,-0.558899,0
2.13295,-0.414921,0,-0.418575,0
2.1332,-0.224301,0,-0.224246,0
2.13345,-0.0120491,0,-0.00987412,0
2.1337,0.191905,0,0.190425,0
2.13395,0.360315,0,0.364802,0
2.1342,0.473903,0,0.477331,0
2.13445,0.524806,0,0.520505,0
2.13471,0.517342,0,0.51833,0
2.13496,0.466134,0,0.467486,0
2.13521,0.391944,0,0.39309,0
2.13546,0.315874,0,0.316955,0
2.13571,0.254646,0,0.257766,0
2.13596,0.216306,0,0.218932,0
2.13621,0.198671,0,0.194279,0
2.13646,0.190771,0,0.189259,0
2.13671,0.175952,0,0.178722,0
2.13696,0.137113,0,0.137683,0
2.13721,0.0619164,0,0.0579622,0
2.13746,-0.0530254,0,-0.0535877,0
2.13771,-0.200218,0,-0.198665,0
2.13796,-0.36194,0,-0.359774,0
2.13821,-0.513497,0,-0.512274,0
2.13846,-0.628318,0,-0.624797,0
2.13871,-0.684104,0,-0.683926,0
2.13896,-0.667396,0,-0.668694,0
2.13921,-0.577162,0,-0.572392,0
2.13946,-0.42532,0,-0.425263,0
2.13971,-0.234095,0,-0.238213,0
2.13996,-0.0319598,0,-0.0367737,0
2.14021,0.152714,0,0.15025,0
2.14046,0.296983,0,0.297805,0
2.14071,0.387921,0,0.391428,0
2.14096,0.42432,0,0.422452,0
2.14121,0.415979,0,0.415116,0
2.14146,0.380376,0,0.379494,0
2.14171,0.337241,0,0.333735,0
2.14196,0.30376,0,0.304431,0
2.14221,0.289688,0,0.293836,0
2.14246,0.295009,0,0.299938,0
2.14271,0.310039,0,0.314102,0
2.14296,0.318553,0,0.319204,0
2.14321,0.301909,0,0.300324,0
2.14346,0.244735,0,0.246458,0
2.14371,0.139635,0,0.138024,0
2.14396,-0.00986246,0,-0.00907536,0
2.14421,-0.189022,0,-0.193439,0
2.14446,-0.374179,0,-0.372947,0
2.14471,-0.5373,0,-0.539299,0
2.14496,-0.652155,0,-0.648512,0
2.14521,-0.699363,0,-0.697429,0
2.14546,-0.670969,0,-0.668141,0
2.14571,-0.572143,0,-0.573099,0
2.14596,-0.419762,0,-0.418616,0
2.14621,-0.239083,0,-0.236393,0
2.14646,-0.0581123,0,-0.0555922,0
2.14671,0.0982156,0,0.102921,0
2.14696,0.213124,0,0.213711,0
2.14721,0.280625,0,0.279503,0
2.14746,0.30597,0,0.308388,0
2.14771,0.303142,0,0.307361,0
2.14796,0.290456,0,0.288649,0
2.14821,0.284874,0,0.284688,0
2.14846,0.297661,0,0.301553,0
2.14871,0.330775,0,0.334563,0
2.14896,0.376126,0,0.376079,0
2.14921,0.41784,0,0.413135,0
2.14946,0.435926,0,0.435077,0
2.14971,0.411882,0,0.413161,0
2.14996,0.333912,0,0.336445,0
2.15021,0.200597,0,0.201967,0
2.15046,0.0224755,0,0.0181989,0
2.15071,-0.179338,0,-0.176114,0
2.15096,-0.376935,0,-0.372739,0
2.15121,-0.541546,0,-0.537925,0
2.15146,-0.648864,0,-0.644495,0
2.15171,-0.684411,0,-0.679593,0
2.15196,-0.646364,0,-0.643721,0
2.15221,-0.545403,0,-0.548417,0
2.15246,-0.402324,0,-0.404879,0
2.15271,-0.243099,0,-0.244029,0
2.15296,-0.0931281,0,-0.0916305,0
2.15321,0.0281614,0,0.0233401,0
2.15346,0.111077,0,0.114782,0
2.15371,0.156823,0,0.152768,0
2.15396,0.176151,0,0.171579,0
2.15421,0.185619,0,0.181909,0
2.15446,0.202096,0,0.200487,0
2.15471,0.23819,0,0.240653,0
2.15496,0.29793,0,0.294545,0
2.15521,0.375118,0,0.379317,0
2.15546,0.454629,0,0.453553,0
2.15571,0.51552,0,0.514065,0
2.15596,0.536347,0,0.534994,0
2.15621,0.500633,0,0.503735,0
2.15646,0.401598,0,0.402904,0
2.15671,0.244368,0,0.242859,0
2.15696,0.0459966,0,0.0475336,0
2.15721,-0.167457,0,-0.169004,0
2.15746,-0.366365,0,-0.371237,0
2.15771,-0.522901,0,-0.526422,0
2.15796,-0.616981,0,-0.620269,0
2.15821,-0.640033,0,-0.643326,0
2.15846,-0.596359,0,-0.599077,0
2.15871,-0.501261,0,-0.498572,0
2.15896,-0.377498,0,-0.377245,0
2.15921,-0.249589,0,-0.249709,0
2.15947,-0.138277,0,-0.137373,0
2.15972,-0.0560058,0,-0.0602617,0
2.15997,-0.00498099,0,-0.00602438,0
2.16022,0.0227814,0,0.023425,0
2.16047,0.0421455,0,0.0381641,0
2.16072,0.0699306,0,0.0679967,0
2.16097,0.120187,0,0.11799,0
2.16122,0.199302,0,0.197099,0
2.16147,0.303474,0,0.299389,0
2.16172,0.418995,0,0.417482,0
2.16197,0.524669,0,0.526714,0
2.16222,0.596666,0,0.599396,0
2.16247,0.614092,0,0.613456,0
2.16272,0.564416,0,0.56264,0
2.16297,0.446582,0,0.443889,0
2.16322,0.272253,0,0.276047,0
2.16347,0.0638539,0,0.0653837,0
2.16372,-0.149652,0,-0.14689,0
2.16397,-0.338908,0,-0.335523,0
2.16422,-0.479458,0,-0.483709,0
2.16447,-0.556835,0,-0.559295,0
2.16472,-0.568941,0,-0.566981,0
2.16497,-0.52539,0,-0.530056,0
2.16522,-0.444827,0,-0.441554,0
2.16547,-0.349818,0,-0.350787,0
2.16572,-0.26132,0,-0.262443,0
2.16597,-0.193591,0,-0.191637,0
2.16622,-0.151447,0,-0.156044,0
2.16647,-0.129502,0,-0.127477,0
2.16672,-0.114295,0,-0.11836,0
2.16697,-0.0889304,0,-0.0921998,0
2.16722,-0.0377243,0,-0.0351816,0
2.16747,0.0484627,0,0.05273,0
2.16772,0.168887,0,0.172634,0
2.16797,0.312139,0,0.31585,0
2.16822,0.457772,0,0.459827,0
2.16847,0.580488,0,0.578799,0
2.16872,0.655681,0,0.657273,0
2.16897,0.665063,0,0.663833,0
2.16922,0.601168,0,0.601062,0
2.16947,0.469221,0,0.470845,0
2.16972,0.286625,0,0.290503,0
2.16997,0.0796728,0,0.0750493,0
2.17022,-0.122391,0,-0.122495,0
2.17047,-0.292391,0,-0.294484,0
2.17072,-0.411151,0,-0.409417,0
2.17097,-0.470809,0,-0.470249,0
2.17122,-0.475373,0,-0.477475,0
2.17147,-0.438968,0,-0.434387,0
2.17172,-0.381494,0,-0.384015,0
2.17197,-0.323292,0,-0.327151,0
2.17222,-0.279679,0,-0.275138,0
2.17247,-0.257572,0,-0.259022,0
2.17272,-0.253736,0,-0.250639,0
2.17297,-0.256019,0,-0.260021,0
2.17322,-0.247363,0,-0.247241,0
2.17347,-0.210222,0,-0.213462,0
2.17372,-0.13249,0,-0.136289,0
2.17397,-0.0108748,0,-0.0125941,0
2.17422,0.146201,0,0.15074,0
2.17447,0.320563,0,0.31749,0
2.17472,0.48649,0,0.482315,0
2.17497,0.616824,0,0.612374,0
2.17522,0.688217,0,0.685532,0
2.17547,0.68682,0,0.687188,0
2.17572,0.61087,0,0.614292,0
2.17597,0.471706,0,0.471035,0
2.17622,0.291141,0,0.287102,0
2.17647,0.0969501,0,0.0960456,0
2.17672,-0.0830078,0,-0.0828099,0
2.17697,-0.226056,0,-0.229008,0
2.17722,-0.319798,0,-0.322081,0
2.17747,-0.362879,0,-0.363559,0
2.17772,-0.365129,0,-0.364184,0
2.17797,-0.343244,0,-0.348229,0
2.17822,-0.31658,0,-0.317792,0
2.17847,-0.300898,0,-0.304142,0
2.17872,-0.304893,0,-0.300463,0
2.17897,-0.327311,0,-0.323974,0
2.17922,-0.357348,0,-0.359912,0
2.17947,-0.377664,0,-0.376127,0
2.17972,-0.369075,0,-0.373861,0
2.17997,-0.315968,0,-0.312148,0
2.18022,-0.210691,0,-0.206947,0
2.18047,-0.0572928,0,-0.0620607,0
2.18072,0.129323,0,0.132332,0
2.18097,0.324687,0,0.323949,0
2.18122,0.500433,0,0.501521,0
2.18147,0.629291,0,0.628934,0
2.18172,0.691645,0,0.692828,0
2.18197,0.67878,0,0.681296,0
2.18222,0.595181,0,0.59678,0
2.18247,0.45734,0,0.456924,0
2.18272,0.289476,0,0.286054,0
2.18297,0.119076,0,0.121849,0
2.18322,-0.0298496,0,-0.0282233,0
2.18347,-0.140878,0,-0.141007,0
2.18372,-0.208769,0,-0.208591,0
2.18397,-0.238706,0,-0.235691,0
2.18423,-0.244772,0,-0.243166,0
2.18448,-0.244523,0,-0.241659,0
2.18473,-0.254525,0,-0.258999,0
2.18498,-0.284631,0,-0.28429,0
2.18523,-0.335759,0,-0.340052,0
2.18548,-0.398658,0,-0.395011,0
2.18573,-0.45609,0,-0.456448,0
2.18598,-0.487319,0,-0.485458,0
2.18623,-0.47322,0,-0.472784,0
2.18648,-0.401395,0,-0.399125,0
2.18673,-0.270608,0,-0.271241,0
2.18698,-0.0912393,0,-0.0952115,0
2.18723,0.115111,0,0.119464,0
2.18748,0.320513,0,0.323347,0
2.18773,0.495304,0,0.499894,0
2.18798,0.615205,0,0.618656,0
2.18823,0.665016,0,0.664112,0
2.18848,0.642406,0,0.638218,0
2.18873,0.557557,0,0.560997,0
2.18898,0.430304,0,0.42654,0
2.18923,0.285888,0,0.287024,0
2.18948,0.148681,0,0.149718,0
2.18973,0.0373751,0,0.0384222,0
2.18998,-0.0393453,0,-0.0423276,0
2.19023,-0.0830114,0,-0.0836664,0
2.19048,-0.104895,0,-0.101398,0
2.19073,-0.121154,0,-0.121824,0
2.19098,-0.148695,0,-0.143989,0
2.19123,-0.198901,0,-0.198477,0
2.19148,-0.275039,0,-0.271826,0
2.19173,-0.369722,0,-0.371333,0
2.19198,-0.46651,0,-0.4703,0
2.19223,-0.543616,0,-0.545637,0
2.19248,-0.578601,0,-0.581495,0
2.19273,-0.554456,0,-0.551282,0
2.19298,-0.463758,0,-0.468191,0
2.19323,-0.311668,0,-0.313441,0
2.19348,-0.114932,0,-0.114845,0
2.19373,0.100209,0,0.104711,0
2.19398,0.303965,0,0.299722,0
2.19423,0.468392,0,0.469784,0
2.19448,0.57327,0,0.57083,0
2.19473,0.609491,0,0.613269,0
2.19498,0.58091,0,0.580315,0
2.19523,0.502326,0,0.507133,0
2.19548,0.395456,0,0.399672,0
2.19573,0.283862,0,0.288144,0
2.19598,0.187288,0,0.182969,0
2.19623,0.117042,0,0.11449,0
2.19648,0.0745036,0,0.0731847,0
2.19673,0.0509443,0,0.0520732,0
2.19698,0.03143,0,0.0313633,0
2.19723,-0.00134567,0,-0.00549383,0
2.19748,-0.0605248,0,-0.0568968,0
2.19773,-0.152099,0,-0.149973,0
2.19798,-0.271211,0,-0.272009,0
2.19823,-0.403073,0,-0.399435,0
2.19848,-0.525531,0,-0.52629,0
2.19873,-0.613784,0,-0.609755,0
2.19898,-0.646179,0,-0.649559,0
2.19923,-0.609359,0,-0.613095,0
2.19948,-0.502027,0,-0.504994,0
2.19973,-0.3353,0,-0.339037,0
2.19998,-0.131547,0,-0.133739,0
2.20023,0.0807635,0,0.0812628,0
2.20048,0.271902,0,0.271237,0
2.20073,0.417957,0,0.413694,0
2.20098,0.504071,0,0.500054,0
2.20123,0.52803,0,0.532319,0
2.20148,0.499044,0,0.495988,0
2.20173,0.43496,0,0.438955,0
2.20198,0.35743,0,0.362365,0
2.20223,0.286306,0,0.284215,0
2.20248,0.234803,0,0.234853,0
2.20273,0.206419,0,0.20424,0
2.20298,0.194961,0,0.190736,0
2.20323,0.186157,0,0.188664,0
2.20348,0.162654,0,0.162286,0
2.20373,0.108804,0,0.109325,0
2.20398,0.0159373,0,0.0134196,0
2.20423,-0.114873,0,-0.115944,0
2.20448,-0.271061,0,-0.273414,0
2.20473,-0.431608,0,-0.430522,0
2.20498,-0.570135,0,-0.568879,0
2.20523,-0.661291,0,-0.663049,0
2.20548,-0.686047,0,-0.689256,0
2.20573,-0.636293,0,-0.636948,0
2.20598,-0.516675,0,-0.511805,0
2.20623,-0.344231,0,-0.34333,0
2.20648,-0.144478,0,-0.140286,0
2.20673,0.0531473,0,0.0497381,0
2.20698,0.222392,0,0.220199,0
2.20723,0.343994,0,0.341769,0
2.20748,0.410351,0,0.413218,0
2.20773,0.425282,0,0.425161,0
2.20798,0.402494,0,0.406809,0
2.20823,0.361084,0,0.363251,0
2.20848,0.320479,0,0.318953,0
2.20873,0.294927,0,0.295521,0
2.20899,0.289971,0,0.2936,0
2.20924,0.301301,0,0.304229,0
2.20949,0.315732,0,0.311805,0
2.20974,0.315328,0,0.312473,0
2.20999,0.282281,0,0.286808,0
2.21024,0.204351,0,0.205216,0
2.21049,0.0784826,0,0.0802502,0
2.21074,-0.0864915,0,-0.0828049,0
2.21099,-0.271559,0,-0.270006,0
2.21124,-0.450483,0,-0.448469,0
2.21149,-0.595339,0,-0.590583,0
2.21174,-0.682094,0,-0.682325,0
2.21199,-0.696164,0,-0.700463,0
2.21224,-0.635307,0,-0.639272,0
2.21249,-0.510099,0,-0.509909,0
2.21274,-0.341856,0,-0.342952,0
2.21299,-0.157689,0,-0.157224,0
2.21324,0.0150762,0,0.014314,0
2.21349,0.154678,0,0.153784,0
2.21374,0.248633,0,0.251114,0
2.21399,0.296413,0,0.295841,0
2.21424,0.307189,0,0.304541,0
2.21449,0.297709,0,0.29351,0
2.21474,0.286222,0,0.281992,0
2.21499,0.28792,0,0.28542,0
2.21524,0.31,0,0.306773,0
2.21549,0.350082,0,0.354759,0
2.21574,0.396183,0,0.392512,0
2.21599,0.430019,0,0.433499,0
2.21624,0.431399,0,0.430951,0
2.21649,0.384528,0,0.388521,0
2.21674,0.28153,0,0.284018,0
2.21699,0.126501,0,0.12179,0
2.21724,-0.0651689,0,-0.0691737,0
2.21749,-0.268739,0,-0.26563,0
2.21774,-0.455301,0,-0.452273,0
2.21799,-0.597087,0,-0.600264,0
2.21824,-0.67382,0,-0.675087,0
2.21849,-0.676336,0,-0.679916,0
2.21874,-0.608491,0,-0.603514,0
2.21899,-0.48596,0,-0.488673,0
2.21924,-0.332519,0,-0.331341,0
2.21949,-0.174511,0,-0.171216,0
2.21974,-0.0352392,0,-0.0378975,0
2.21999,0.0696144,0,0.0744843,0
2.22024,0.135465,0,0.13091,0
2.22049,0.167737,0,0.168087,0
2.22074,0.180543,0,0.178863,0
2.22099,0.191061,0,0.195721,0
2.22124,0.215142,0,0.210175,0
2.22149,0.26174,0,0.259532,0
2.22174,0.330551,0,0.325857,0
2.22199,0.411113,0,0.414554,0
2.22224,0.485139,0,0.487377,0
2.22249,0.53076,0,0.534302,0
2.22274,0.528184,0,0.526966,0
2.22299,0.464763,0,0.46873,0
2.22324,0.338599,0,0.336393,0
2.22349,0.160616,0,0.163081,0
2.22374,-0.0480654,0,-0.049029,0
2.22399,-0.258786,0,-0.261756,0
2.22424,-0.442122,0,-0.440924,0
2.22449,-0.572877,0,-0.575462,0
2.22474,-0.635979,0,-0.637962,0
2.22499,-0.628306,0,-0.629473,0
2.22524,-0.559463,0,-0.554619,0
2.22549,-0.44878,0,-0.452668,0
2.22574,-0.320289,0,-0.32405,0
2.22599,-0.197503,0,-0.198315,0
2.22624,-0.0980973,0,-0.0936824,0
2.22649,-0.0299318,0,-0.0292393,0
2.22674,0.00940001,0,0.0079598,0
2.22699,0.0314028,0,0.0295581,0
2.22724,0.0523374,0,0.0492584,0
2.22749,0.0887467,0,0.0852357,0
2.22774,0.151493,0,0.154448,0
2.22799,0.242789,0,0.238228,0
2.22824,0.354196,0,0.350093,0
2.22849,0.468285,0,0.466956,0
2.22874,0.561902,0,0.56183,0
2.22899,0.612032,0,0.613998,0
2.22924,0.600835,0,0.599963,0
2.22949,0.52039,0,0.520312,0
2.22974,0.375582,0,0.378212,0
2.22999,0.182912,0,0.181755,0
2.23024,-0.0314581,0,-0.0346173,0
2.23049,-0.237837,0,-0.242595,0
2.23074,-0.407997,0,-0.408802,0
2.23099,-0.521835,0,-0.525081,0
2.23124,-0.569889,0,-0.570871,0
2.23149,-0.555615,0,-0.558541,0
2.23174,-0.493057,0,-0.491295,0
2.23199,-0.403401,0,-0.402275,0
2.23224,-0.308955,0,-0.308589,0
2.23249,-0.228328,0,-0.231755,0
2.23274,-0.171977,0,-0.169676,0
2.23299,-0.139849,0,-0.139783,0
2.23324,-0.122947,0,-0.121333,0
2.23349,-0.105392,0,-0.103597,0
2.23375,-0.0703182,0,-0.0662192,0
2.234,-0.00417673,0,-0.00788634,0
2.23425,0.0977877,0,0.0929612,0
2.2345,0.230362,0,0.231702,0
2.23475,0.377566,0,0.377495,0
2.235,0.516227,0,0.511712,0
2.23525,0.62076,0,0.617098,0
2.2355,0.668665,0,0.664584,0
2.23575,0.645913,0,0.645983,0
2.236,0.550655,0,0.551413,0
2.23625,0.39358,0,0.395422,0
2.2365,0.196676,0,0.192406,0
2.23675,-0.0118882,0,-0.0110203,0
2.237,-0.202705,0,-0.202134,0
2.23725,-0.351879,0,-0.351093,0
2.2375,-0.44476,0,-0.443032,0
2.23775,-0.478961,0,-0.480958,0
2.238,-0.463205,0,-0.462381,0
2.23825,-0.415018,0,-0.410468,0
2.2385,-0.35485,0,-0.352305,0
2.23875,-0.301594,0,-0.306335,0
2.239,-0.267255,0,-0.268829,0
2.23925,-0.254111,0,-0.258523,0
2.2395,-0.254942,0,-0.250246,0
2.23975,-0.254658,0,-0.258267,0
2.24,-0.235468,0,-0.234373,0
2.24025,-0.181351,0,-0.183568,0
2.2405,-0.0840677,0,-0.0866911,0
2.24075,0.0549122,0,0.0525345,0
2.241,0.222407,0,0.218541,0
2.24125,0.396377,0,0.39169,0
2.2415,0.54985,0,0.548142,0
2.24175,0.656647,0,0.657526,0
2.242,0.69699,0,0.698483,0
2.24225,0.662085,0,0.658366,0
2.2425,0.556222,0,0.56113,0
2.24275,0.395547,0,0.392615,0
2.243,0.205388,0,0.203524,0
2.24325,0.0141827,0,0.0168621,0
2.2435,-0.151646,0,-0.14833,0
2.24375,-0.273904,0,-0.270619,0
2.244,-0.344657,0,-0.342353,0
2.24425,-0.368054,0,-0.371817,0
2.2445,-0.357349,0,-0.352629,0
2.24475,-0.33106,0,-0.328432,0
2.245,-0.307553,0,-0.310286,0
2.24525,-0.30008,0,-0.296366,0
2.2455,-0.31292,0,-0.316664,0
2.24575,-0.340519,0,-0.340844,0
2.246,-0.368646,0,-0.373623,0
2.24625,-0.378593,0,-0.381806,0
2.2465,-0.351786,0,-0.349291,0
2.24675,-0.276038,0,-0.277773,0
2.247,-0.148313,0,-0.1468,0
2.24725,0.0222098,0,0.0206741,0
2.2475,0.216113,0,0.211128,0
2.24775,0.406265,0,0.410504,0
2.248,0.564424,0,0.562241,0
2.24825,0.665815,0,0.667814,0
2.2485,0.695265,0,0.694599,0
2.24875,0.649939,0,0.648328,0
2.249,0.539759,0,0.537327,0
2.24925,0.385342,0,0.382502,0
2.2495,0.213021,0,0.214717,0
2.24975,0.0496023,0,0.0461767,0
2.25,-0.0840694,0,-0.0862791,0
2.25025,-0.176004,0,-0.174354,0
2.2505,-0.225935,0,-0.223717,0
2.25075,-0.243328,0,-0.24741,0
2.251,-0.244417,0,-0.248558,0
2.25125,-0.246888,0,-0.243329,0
2.2515,-0.265022,0,-0.26389,0
2.25175,-0.304904,0,-0.301711,0
2.252,-0.362886,0,-0.359612,0
2.25225,-0.425853,0,-0.429367,0
2.2525,-0.474346,0,-0.469527,0
2.25275,-0.487661,0,-0.483452,0
2.253,-0.448926,0,-0.446947,0
2.25325,-0.350619,0,-0.349407,0
2.2535,-0.196307,0,-0.193105,0
2.25375,-0.00193894,0,-0.00654432,0
2.254,0.207648,0,0.203796,0
2.25425,0.402989,0,0.399268,0
2.2545,0.556209,0,0.558168,0
2.25475,0.646257,0,0.643354,0
2.255,0.663691,0,0.66527,0
2.25525,0.611654,0,0.615346,0
2.2555,0.505176,0,0.50863,0
2.25575,0.367142,0,0.363803,0
2.256,0.223246,0,0.220322,0
2.25625,0.0956254,0,0.0999606,0
2.2565,-0.000832273,0,0.00219061,0
2.25675,-0.062165,0,-0.0628832,0
2.257,-0.0944656,0,-0.0895545,0
2.25725,-0.111761,0,-0.108082,0
2.2575,-0.131049,0,-0.127768,0
2.25775,-0.167602,0,-0.163497,0
2.258,-0.229477,0,-0.22836,0
2.25826,-0.315272,0,-0.312477,0
2.25851,-0.41337,0,-0.415791,0
2.25876,-0.504378,0,-0.508485,0
2.25901,-0.56549,0,-0.569943,0
2.25926,-0.575913,0,-0.579044,0
2.25951,-0.52267,0,-0.521201,0
2.25976,-0.403473,0,-0.402744,0
2.26001,-0.229001,0,-0.227326,0
2.26026,-0.0206097,0,-0.0251704,0
2.26051,0.193206,0,0.191814,0
2.26076,0.382809,0,0.387511,0
2.26101,0.522803,0,0.523018,0
2.26126,0.597783,0,0.594415,0
2.26151,0.604244,0,0.606697,0
2.26176,0.551232,0,0.549156,0
2.26201,0.457194,0,0.453314,0
2.26226,0.345517,0,0.347162,0
2.26251,0.238524,0,0.234135,0
2.26276,0.152688,0,0.150546,0
2.26301,0.095197,0,0.0973203,0
2.26326,0.0625228,0,0.0576825,0
2.26351,0.0428189,0,0.046075,0
2.26376,0.0194342,0,0.0165708,0
2.26401,-0.0235931,0,-0.0276405,0
2.26426,-0.097025,0,-0.0923943,0
2.26451,-0.201879,0,-0.199582,0
2.26476,-0.329031,0,-0.325952,0
2.26501,-0.459769,0,-0.457057,0
2.26526,-0.570144,0,-0.569137,0
2.26551,-0.635954,0,-0.640506,0
2.26576,-0.638859,0,-0.635126,0
2.26601,-0.570315,0,-0.565665,0
2.26626,-0.434698,0,-0.434431,0
2.26651,-0.248431,0,-0.250514,0
2.26676,-0.0372372,0,-0.040818,0
2.26701,0.169276,0,0.167128,0
2.26726,0.343012,0,0.341644,0
2.26751,0.463759,0,0.466227,0
2.26776,0.522008,0,0.523049,0
2.26801,0.520866,0,0.52421,0
2.26826,0.473783,0,0.471763,0
2.26851,0.401094,0,0.401097,0
2.26876,0.324325,0,0.327479,0
2.26901,0.260725,0,0.256494,0
2.26926,0.219632,0,0.22251,0
2.26951,0.200015,0,0.198108,0
2.26976,0.191746,0,0.189531,0
2.27001,0.178614,0,0.175603,0
2.27026,0.143443,0,0.141446,0
2.27051,0.0728482,0,0.0740264,0
2.27076,-0.0375308,0,-0.0375846,0
2.27101,-0.181717,0,-0.180716,0
2.27126,-0.342877,0,-0.347738,0
2.27151,-0.497057,0,-0.49771,0
2.27176,-0.617477,0,-0.620588,0
2.27201,-0.681143,0,-0.684291,0
2.27226,-0.673298,0,-0.669964,0
2.27251,-0.591325,0,-0.590397,0
2.27276,-0.445794,0,-0.441225,0
2.27301,-0.257747,0,-0.262098,0
2.27326,-0.0553673,0,-0.0524522,0
2.27351,0.132777,0,0.131835,0
2.27376,0.282642,0,0.284125,0
2.27401,0.380207,0,0.38396,0
2.27426,0.422653,0,0.418608,0
2.27451,0.418821,0,0.417729,0
2.27476,0.385268,0,0.384229,0
2.27501,0.342119,0,0.341599,0
2.27526,0.306801,0,0.305179,0
2.27551,0.290253,0,0.285534,0
2.27576,0.293598,0,0.290116,0
2.27601,0.308267,0,0.303404,0
2.27626,0.318485,0,0.322472,0
2.27651,0.305768,0,0.307106,0
2.27676,0.253885,0,0.251648,0
2.27701,0.154531,0,0.155534,0
2.27726,0.00964893,0,0.00537566,0
2.27751,-0.167054,0,-0.170676,0
2.27776,-0.352972,0,-0.351863,0
2.27801,-0.520098,0,-0.518402,0
2.27826,-0.641863,0,-0.641801,0
2.27851,-0.697691,0,-0.699726,0
2.27876,-0.678191,0,-0.682676,0
2.27901,-0.586934,0,-0.588809,0
2.27926,-0.439706,0,-0.438437,0
2.27951,-0.260949,0,-0.256787,0
2.27976,-0.0785563,0,-0.0780184,0
2.28001,0.0817051,0,0.0843432,0
2.28026,0.202067,0,0.20243,0
2.28051,0.275024,0,0.273104,0
2.28076,0.304801,0,0.300763,0
2.28101,0.304329,0,0.308132,0
2.28126,0.291897,0,0.296041,0
2.28151,0.284705,0,0.288604,0
2.28176,0.295047,0,0.290359,0
2.28201,0.325996,0,0.323313,0
2.28226,0.370595,0,0.371795,0
2.28251,0.413777,0,0.413175,0
2.28276,0.43565,0,0.433376,0
2.28302,0.417405,0,0.413015,0
2.28327,0.345973,0,0.341901,0
2.28352,0.218917,0,0.220701,0
2.28377,0.0450957,0,0.0491659,0
2.28402,-0.155226,0,-0.159236,0
2.28427,-0.354986,0,-0.351588,0
2.28452,-0.52475,0,-0.527191,0
2.28477,-0.639816,0,-0.641663,0
2.28502,-0.68414,0,-0.688091,0
2.28527,-0.654369,0,-0.657826,0
2.28552,-0.559951,0,-0.557401,0
2.28577,-0.420557,0,-0.420015,0
2.28602,-0.261817,0,-0.259587,0
2.28627,-0.109633,0,-0.109483,0
2.28652,0.0157989,0,0.0192571,0
2.28677,0.103326,0,0.107476,0
2.28702,0.153111,0,0.154984,0
2.28727,0.174703,0,0.178543,0
2.28752,0.184475,0,0.186019,0
2.28777,0.199288,0,0.202366,0
2.28802,0.232709,0,0.230053,0
2.28827,0.28976,0,0.286365,0
2.28852,0.365538,0,0.366374,0
2.28877,0.445804,0,0.447068,0
2.28902,0.510027,0,0.512082,0
2.28927,0.536605,0,0.538438,0
2.28952,0.508109,0,0.512773,0
2.28977,0.416537,0,0.416011,0
2.29002,0.265433,0,0.26455,0
2.29027,0.0707525,0,0.0742731,0
2.29052,-0.142598,0,-0.140097,0
2.29077,-0.344615,0,-0.347971,0
2.29102,-0.507428,0,-0.50468,0
2.29127,-0.609519,0,-0.606488,0
2.29152,-0.640994,0,-0.6376,0
2.29177,-0.60456,0,-0.607733,0
2.29202,-0.514431,0,-0.516845,0
2.29227,-0.392767,0,-0.392127,0
2.29252,-0.264124,0,-0.260933,0
2.29277,-0.150063,0,-0.149755,0
2.29302,-0.0639985,0,-0.0592864,0
2.29327,-0.00953095,0,-0.00467837,0
2.29352,0.0203662,0,0.0198812,0
2.29377,0.0397801,0,0.0410492,0
2.29402,0.0657847,0,0.0647354,0
2.29427,0.112824,0,0.109032,0
2.29452,0.188561,0,0.186021,0
2.29477,0.290331,0,0.291156,0
2.29502,0.40546,0,0.403796,0
2.29527,0.513512,0,0.513013,0
2.29552,0.590648,0,0.595614,0
2.29577,0.615408,0,0.612875,0
2.29602,0.573932,0,0.578693,0
2.29627,0.463716,0,0.45969,0
2.29652,0.295109,0,0.290119,0
2.29677,0.0892403,0,0.0874384,0
2.29702,-0.125169,0,-0.121747,0
2.29727,-0.318769,0,-0.314671,0
2.29752,-0.46598,0,-0.463603,0
2.29777,-0.551206,0,-0.554637,0
2.29802,-0.570677,0,-0.575519,0
2.29827,-0.53287,0,-0.53509,0
2.29852,-0.455511,0,-0.454882,0
2.29877,-0.361032,0,-0.363207,0
2.29902,-0.270884,0,-0.273423,0
2.29927,-0.200222,0,-0.204527,0
2.29952,-0.155199,0,-0.156545,0
2.29977,-0.131397,0,-0.131419,0
2.30002,-0.116402,0,-0.120134,0
2.30027,-0.0929756,0,-0.0966096,0
2.30052,-0.0455127,0,-0.0482797,0
2.30077,0.0364364,0,0.0324376,0
2.30102,0.153213,0,0.155828,0
2.30127,0.294693,0,0.293285,0
2.30152,0.441286,0,0.441753,0
2.30177,0.568063,0,0.569383,0
2.30202,0.649975,0,0.652913,0
2.30227,0.667721,0,0.670963,0
2.30252,0.612473,0,0.615176,0
2.30277,0.487814,0,0.485345,0
2.30302,0.310002,0,0.313396,0
2.30327,0.1043,0,0.101891,0
2.30352,-0.0998067,0,-0.0984196,0
2.30377,-0.274833,0,-0.274371,0
2.30402,-0.400216,0,-0.401696,0
2.30427,-0.466897,0,-0.462963,0
2.30452,-0.477326,0,-0.480934,0
2.30477,-0.4448,0,-0.443393,0
2.30502,-0.388679,0,-0.393644,0
2.30527,-0.329575,0,-0.330577,0
2.30552,-0.283735,0,-0.283575,0
2.30577,-0.259091,0,-0.262964,0
2.30602,-0.253549,0,-0.249132,0
2.30627,-0.256082,0,-0.254418,0
2.30652,-0.249526,0,-0.25409,0
2.30677,-0.216636,0,-0.214351,0
2.30702,-0.143944,0,-0.146523,0
2.30727,-0.0273992,0,-0.031522,0
2.30752,0.126375,0,0.12882,0
2.30778,0.299861,0,0.301325,0
2.30803,0.468288,0,0.466455,0
2.30828,0.604121,0,0.605839,0
2.30853,0.683418,0,0.683751,0
2.30878,0.690942,0,0.689508,0
2.30903,0.623422,0,0.621547,0
2.30928,0.490741,0,0.48661,0
2.30953,0.313672,0,0.316554,0
2.30978,0.119578,0,0.115959,0
2.31003,-0.0633913,0,-0.0670274,0
2.31028,-0.21165,0,-0.212231,0
2.31053,-0.311458,0,-0.309216,0
2.31078,-0.360216,0,-0.364587,0
2.31103,-0.366508,0,-0.369929,0
2.31128,-0.346449,0,-0.342977,0
2.31153,-0.319358,0,-0.316512,0
2.31178,-0.301805,0,-0.296817,0
2.31203,-0.303346,0,-0.308014,0
2.31228,-0.32398,0,-0.323407,0
2.31253,-0.353922,0,-0.349091,0
2.31278,-0.376386,0,-0.380355,0
2.31303,-0.372133,0,-0.370431,0
2.31328,-0.324863,0,-0.328623,0
2.31353,-0.225753,0,-0.226858,0
2.31378,-0.0774597,0,-0.0805769,0
2.31403,0.106377,0,0.102044,0
2.31428,0.302145,0,0.304204,0
2.31453,0.481701,0,0.484706,0
2.31478,0.617275,0,0.619847,0
2.31503,0.688167,0,0.692362,0
2.31528,0.684174,0,0.687783,0
2.31553,0.608258,0,0.604236,0
2.31578,0.475558,0,0.478613,0
2.31603,0.309971,0,0.310275,0
2.31628,0.138427,0,0.140402,0
2.31653,-0.0139624,0,-0.0161971,0
2.31678,-0.130039,0,-0.126949,0
2.31703,-0.202844,0,-0.197937,0
2.31728,-0.236766,0,-0.237714,0
2.31753,-0.244659,0,-0.247708,0
2.31778,-0.244313,0,-0.240251,0
2.31803,-0.252379,0,-0.255143,0
2.31828,-0.279918,0,-0.284392,0
2.31853,-0.328859,0,-0.330049,0
2.31878,-0.391137,0,-0.38631,0
2.31903,-0.450257,0,-0.451116,0
2.31928,-0.485654,0,-0.490607,0
2.31953,-0.477711,0,-0.475677,0
2.31978,-0.412981,0,-0.411552,0
2.32003,-0.288831,0,-0.292102,0
2.32028,-0.114242,0,-0.111771,0
2.32053,0.0902923,0,0.0867039,0
2.32078,0.297377,0,0.296339,0
2.32103,0.477239,0,0.477129,0
2.32128,0.604556,0,0.604677,0
2.32153,0.662991,0,0.66194,0
2.32178,0.648616,0,0.653075,0
2.32203,0.570122,0,0.565426,0
2.32228,0.446684,0,0.448111,0
2.32253,0.302951,0,0.306034,0
2.32278,0.163763,0,0.165883,0
2.32303,0.0487404,0,0.0484305,0
2.32328,-0.0321799,0,-0.0298377,0
2.32353,-0.0793045,0,-0.0790354,0
2.32378,-0.102976,0,-0.103915,0
2.32403,-0.118973,0,-0.116796,0
2.32428,-0.14446,0,-0.147968,0
2.32453,-0.191618,0,-0.189524,0
2.32478,-0.264884,0,-0.259978,0
2.32503,-0.358069,0,-0.359602,0
2.32528,-0.455674,0,-0.451848,0
2.32553,-0.536307,0,-0.532097,0
2.32578,-0.577343,0,-0.578742,0
2.32603,-0.560708,0,-0.557438,0
2.32628,-0.477906,0,-0.479277,0
2.32653,-0.33231,0,-0.331028,0
2.32678,-0.139725,0,-0.136148,0
2.32703,0.0748887,0,0.077805,0
2.32728,0.281498,0,0.279194,0
2.32753,0.451834,0,0.456524,0
2.32778,0.56436,0,0.559543,0
2.32803,0.608786,0,0.612076,0
2.32828,0.587226,0,0.587682,0
2.32853,0.513522,0,0.515651,0
2.32878,0.408726,0,0.411097,0
2.32903,0.296539,0,0.291929,0
2.32928,0.197411,0,0.200424,0
2.32953,0.123786,0,0.123269,0
2.32978,0.078264,0,0.0823783,0
2.33003,0.053153,0,0.0497945,0
2.33028,0.0340721,0,0.038179,0
2.33053,0.00365056,0,0.00214237,0
2.33078,-0.0519108,0,-0.0480163,0
2.33103,-0.139711,0,-0.141108,0
2.33128,-0.256153,0,-0.256559,0
2.33153,-0.387647,0,-0.3843,0
2.33178,-0.512408,0,-0.517248,0
2.33203,-0.605927,0,-0.604475,0
2.33228,-0.645791,0,-0.648769,0
2.33254,-0.617436,0,-0.621457,0
2.33279,-0.51807,0,-0.518892,0
2.33304,-0.357354,0,-0.356764,0
2.33329,-0.156559,0,-0.160591,0
2.33354,0.0563289,0,0.0551339,0
2.33379,0.251348,0,0.249175,0
2.33404,0.403714,0,0.40154,0
2.33429,0.497241,0,0.49561,0
2.33454,0.528256,0,0.532873,0
2.33479,0.504699,0,0.507425,0
2.33504,0.44364,0,0.442494,0
2.33529,0.366569,0,0.368081,0
2.33554,0.293834,0,0.29593,0
2.33579,0.239633,0,0.243471,0
2.33604,0.208742,0,0.206031,0
2.33629,0.195828,0,0.197957,0
2.33654,0.187702,0,0.182954,0
2.33679,0.166794,0,0.16643,0
2.33704,0.117184,0,0.115682,0
2.33729,0.0289546,0,0.0298706,0
2.33754,-0.0977273,0,-0.0970403,0
2.33779,-0.252049,0,-0.254299,0
2.33804,-0.413268,0,-0.417592,0
2.33829,-0.555826,0,-0.555995,0
2.33854,-0.653718,0,-0.650335,0
2.33879,-0.686957,0,-0.688444,0
2.33904,-0.645984,0,-0.646108,0
2.33929,-0.533924,0,-0.534485,0
2.33954,-0.366499,0,-0.364801,0
2.33979,-0.168447,0,-0.167927,0
2.34004,0.0308937,0,0.0300301,0
2.34029,0.20468,0,0.201933,0
2.34054,0.33252,0,0.331477,0
2.34079,0.405412,0,0.400645,0
2.34104,0.425839,0,0.423331,0
2.34129,0.406558,0,0.406316,0
2.34154,0.366275,0,0.366166,0
2.34179,0.324693,0,0.326385,0
2.34204,0.296878,0,0.295507,0
2.34229,0.289527,0,0.290387,0
2.34254,0.299473,0,0.298553,0
2.34279,0.314411,0,0.313661,0
2.34304,0.316819,0,0.321218,0
2.34329,0.288317,0,0.284244,0
2.34354,0.216046,0,0.21301,0
2.34379,0.0955889,0,0.0956706,0
2.34404,-0.0655748,0,-0.0614792,0
2.34429,-0.249544,0,-0.254055,0
2.34454,-0.43066,0,-0.431437,0
2.34479,-0.580909,0,-0.585402,0
2.34504,-0.675476,0,-0.673606,0
2.34529,-0.698476,0,-0.698582,0
2.34554,-0.646129,0,-0.648355,0
2.34579,-0.527562,0,-0.525234,0
2.34604,-0.363043,0,-0.364934,0
2.34629,-0.179381,0,-0.175966,0
2.34654,-0.00387913,0,-0.0063159,0
2.34679,0.140372,0,0.141516,0
2.34704,0.240079,0,0.236431,0
2.34729,0.292808,0,0.295866,0
2.34754,0.30735,0,0.305867,0
2.34779,0.299213,0,0.303629,0
2.34804,0.287136,0,0.282611,0
2.34829,0.286674,0,0.287339,0
2.34854,0.306322,0,0.30195,0
2.34879,0.344735,0,0.341146,0
2.34904,0.390988,0,0.387425,0
2.34929,0.427326,0,0.431584,0
2.34954,0.433467,0,0.436358,0
2.34979,0.392895,0,0.388509,0
2.35004,0.296528,0,0.301304,0
2.35029,0.147049,0,0.150237,0
2.35054,-0.0414515,0,-0.0447581,0
2.35079,-0.245087,0,-0.245785,0
2.35104,-0.43518,0,-0.438777,0
2.35129,-0.583471,0,-0.58211,0
2.35154,-0.668584,0,-0.668085,0
2.35179,-0.679889,0,-0.677355,0
2.35204,-0.61972,0,-0.619038,0
2.35229,-0.502505,0,-0.506834,0
2.35254,-0.351332,0,-0.346962,0
2.35279,-0.19253,0,-0.193723,0
2.35304,-0.0500456,0,-0.0466585,0
2.35329,0.0593235,0,0.0593435,0
2.35354,0.129614,0,0.134267,0
2.35379,0.165291,0,0.16757,0
2.35404,0.17952,0,0.179184,0
2.35429,0.189395,0,0.186164,0
2.35454,0.211249,0,0.216048,0
2.35479,0.255004,0,0.259407,0
2.35504,0.321553,0,0.324983,0
2.35529,0.401551,0,0.402674,0
2.35554,0.477457,0,0.473997,0
2.35579,0.527532,0,0.532435,0
2.35604,0.531559,0,0.533415,0
2.35629,0.475553,0,0.474085,0
2.35654,0.356566,0,0.354222,0
2.35679,0.183657,0,0.185691,0
2.35704,-0.0226941,0,-0.0272891,0
2.3573,-0.234851,0,-0.23253,0
2.35755,-0.422763,0,-0.420074,0
2.3578,-0.560809,0,-0.556322,0
2.35805,-0.63224,0,-0.637174,0
2.3583,-0.632682,0,-0.628972,0
2.35855,-0.570192,0,-0.567867,0
2.3588,-0.463136,0,-0.467068,0
2.35905,-0.335538,0,-0.336662,0
2.3593,-0.211002,0,-0.206317,0
2.35955,-0.108223,0,-0.112376,0
2.3598,-0.0362949,0,-0.0386566,0
2.36005,0.00598059,0,0.00114218,0
2.3603,0.029231,0,0.0281594,0
2.36055,0.0493767,0,0.0478864,0
2.3608,0.0832562,0,0.0821164,0
2.36105,0.142583,0,0.1406,0
2.3613,0.230749,0,0.229721,0
2.36155,0.34053,0,0.34131,0
2.3618,0.455437,0,0.453496,0
2.36205,0.5527,0,0.552414,0
2.3623,0.609037,0,0.609749,0
2.36255,0.605695,0,0.610576,0
2.3628,0.533405,0,0.5362,0
2.36305,0.395534,0,0.394503,0
2.3633,0.207275,0,0.211448,0
2.36355,-0.00605701,0,-0.00399026,0
2.3638,-0.214936,0,-0.217418,0
2.36405,-0.390633,0,-0.387651,0
2.3643,-0.5118,0,-0.516754,0
2.36455,-0.567654,0,-0.565245,0
2.3648,-0.560174,0,-0.559768,0
2.36505,-0.502286,0,-0.502199,0
2.3653,-0.41464,0,-0.418507,0
2.36555,-0.319653,0,-0.321816,0
2.3658,-0.236664,0,-0.23495,0
2.36605,-0.177244,0,-0.176285,0
2.3663,-0.142667,0,-0.138076,0
2.36655,-0.124612,0,-0.120408,0
2.3668,-0.108149,0,-0.103552,0
2.36705,-0.0758425,0,-0.0759779,0
2.3673,-0.0139084,0,-0.0109197,0
2.36755,0.0839971,0,0.0795778,0
2.3678,0.21353,0,0.21769,0
2.36805,0.360178,0,0.362132,0
2.3683,0.501143,0,0.496197,0
2.36855,0.611012,0,0.609124,0
2.3688,0.666515,0,0.666304,0
2.36905,0.652435,0,0.652273,0
2.3693,0.56535,0,0.569416,0
2.36955,0.414638,0,0.40975,0
2.3698,0.221037,0,0.221264,0
2.37005,0.0122763,0,0.0154818,0
2.3703,-0.182019,0,-0.185109,0
2.37055,-0.337076,0,-0.339872,0
2.3708,-0.436949,0,-0.441367,0
2.37105,-0.477813,0,-0.482537,0
2.3713,-0.467151,0,-0.463152,0
2.37155,-0.42174,0,-0.417662,0
2.3718,-0.361898,0,-0.357478,0
2.37205,-0.307035,0,-0.30467,0
2.3723,-0.270138,0,-0.274744,0
2.37255,-0.254693,0,-0.25476,0
2.3728,-0.254546,0,-0.250871,0
2.37305,-0.255302,0,-0.259199,0
2.3733,-0.23926,0,-0.236814,0
2.37355,-0.189858,0,-0.191337,0
2.3738,-0.0978106,0,-0.0955259,0
2.37405,0.0367338,0,0.0392242,0
2.3743,0.201857,0,0.205993,0
2.37455,0.376516,0,0.372218,0
2.3748,0.533734,0,0.535496,0
2.37505,0.647229,0,0.650519,0
2.3753,0.69609,0,0.692926,0
2.37555,0.670083,0,0.669004,0
2.3758,0.571946,0,0.570345,0
2.37605,0.416618,0,0.412347,0
2.3763,0.228379,0,0.225141,0
2.37655,0.0359376,0,0.0399131,0
2.3768,-0.134125,0,-0.133693,0
2.37705,-0.262042,0,-0.258865,0
2.3773,-0.33898,0,-0.342686,0
2.37755,-0.367322,0,-0.366771,0
2.3778,-0.35982,0,-0.361396,0
2.37805,-0.334295,0,-0.331522,0
2.3783,-0.309679,0,-0.311943,0
2.37855,-0.299894,0,-0.302615,0
2.3788,-0.310439,0,-0.305985,0
2.37905,-0.336893,0,-0.336634,0
2.3793,-0.365879,0,-0.362942,0
2.37955,-0.378986,0,-0.381439,0
2.3798,-0.357355,0,-0.36189,0
2.38005,-0.28769,0,-0.287561,0
2.3803,-0.165838,0,-0.1619,0
2.38055,0.000463981,0,-0.00187352,0
2.3808,0.192923,0,0.192107,0
2.38105,0.384996,0,0.387245,0
2.3813,0.548348,0,0.545886,0
2.38155,0.657425,0,0.656479,0
2.3818,0.695755,0,0.696597,0
2.38206,0.658949,0,0.662472,0
2.38231,0.555504,0,0.550806,0
2.38256,0.404987,0,0.408062,0
2.38281,0.23333,0,0.2297,0
2.38306,0.0676281,0,0.0636753,0
2.38331,-0.0703892,0,-0.0728763,0
2.38356,-0.167472,0,-0.171828,0
2.38381,-0.222038,0,-0.220168,0
2.38406,-0.242503,0,-0.242299,0
2.38431,-0.24457,0,-0.239692,0
2.38456,-0.246011,0,-0.250832,0
2.38481,-0.261799,0,-0.258093,0
2.38506,-0.29913,0,-0.294592,0
2.38531,-0.355468,0,-0.360239,0
2.38556,-0.418768,0,-0.416563,0
2.38581,-0.470062,0,-0.469642,0
2.38606,-0.488519,0,-0.488871,0
2.38631,-0.45661,0,-0.455081,0
2.38656,-0.365275,0,-0.364795,0
2.38681,-0.217067,0,-0.216011,0
2.38706,-0.0261562,0,-0.0239482,0
2.38731,0.18302,0,0.178141,0
2.38756,0.381686,0,0.378233,0
2.38781,0.541064,0,0.539689,0
2.38806,0.639365,0,0.637163,0
2.38831,0.665404,0,0.665022,0
2.38856,0.620996,0,0.623559,0
2.38881,0.519845,0,0.515251,0
2.38906,0.384191,0,0.383758,0
2.38931,0.239721,0,0.235414,0
2.38956,0.109215,0,0.110921,0
2.38981,0.0086638,0,0.0111652,0
2.39006,-0.0566844,0,-0.0598481,0
2.39031,-0.0916966,0,-0.09262,0
2.39056,-0.109979,0,-0.113048,0
2.39081,-0.128145,0,-0.129302,0
2.39106,-0.162078,0,-0.158376,0
2.39131,-0.220828,0,-0.218837,0
2.39156,-0.304225,0,-0.308271,0
2.39181,-0.401755,0,-0.399755,0
2.39206,-0.494763,0,-0.495645,0
2.39231,-0.56056,0,-0.55883,0
2.39256,-0.57781,0,-0.577868,0
2.39281,-0.532425,0,-0.528643,0
2.39306,-0.420681,0,-0.417909,0
2.39331,-0.251799,0,-0.255518,0
2.39356,-0.0460091,0,-0.0454199,0
2.39381,0.16874,0,0.169572,0
2.39406,0.362658,0,0.360472,0
2.39431,0.509511,0,0.509253,0
2.39456,0.592579,0,0.58762,0
2.39481,0.606858,0,0.605744,0
2.39506,0.56004,0,0.557588,0
2.39531,0.469656,0,0.473647,0
2.39556,0.358751,0,0.355244,0
2.39581,0.250258,0,0.252514,0
2.39606,0.161351,0,0.163958,0
2.39631,0.100504,0,0.102797,0
2.39656,0.065491,0,0.0616131,0
2.39681,0.0449626,0,0.0420193,0
2.39706,0.0230251,0,0.0235756,0
2.39731,-0.0170964,0,-0.0187253,0
2.39756,-0.0865891,0,-0.0894674,0
2.39781,-0.188107,0,-0.184542,0
2.39806,-0.313392,0,-0.309282,0
2.39831,-0.44494,0,-0.440258,0
2.39856,-0.559015,0,-0.562124,0
2.39881,-0.631178,0,-0.628285,0
2.39906,-0.642166,0,-0.642721,0
2.39931,-0.582062,0,-0.57912,0
2.39956,-0.453712,0,-0.455839,0
2.39981,-0.272209,0,-0.275661,0
2.40006,-0.0624337,0,-0.058251,0
2.40031,0.146184,0,0.144213,0
2.40056,0.325016,0,0.324932,0
2.40081,0.452731,0,0.456929,0
2.40106,0.518414,0,0.521838,0
2.40131,0.523746,0,0.520353,0
2.40156,0.481093,0,0.477865,0
2.40181,0.410276,0,0.410758,0
2.40206,0.332961,0,0.331439,0
2.40231,0.267128,0,0.262162,0
2.40256,0.223231,0,0.226962,0
2.40281,0.201444,0,0.206253,0
2.40306,0.1926,0,0.192411,0
2.40331,0.180963,0,0.185077,0
2.40356,0.149212,0,0.147159,0
2.40381,0.0832127,0,0.0863775,0
2.40406,-0.0225708,0,-0.018067,0
2.40431,-0.163463,0,-0.166027,0
2.40456,-0.323755,0,-0.322476,0
2.40481,-0.480147,0,-0.480261,0
2.40506,-0.605845,0,-0.606642,0
2.40531,-0.677175,0,-0.676927,0
2.40556,-0.678135,0,-0.676471,0
2.40581,-0.604592,0,-0.602734,0
2.40606,-0.465546,0,-0.464652,0
2.40631,-0.2813,0,-0.280788,0
2.40656,-0.0789803,0,-0.0791623,0
2.40682,0.112116,0,0.114918,0
2.40707,0.267556,0,0.265627,0
2.40732,0.371548,0,0.373861,0
2.40757,0.420334,0,0.422912,0
2.40782,0.421129,0,0.424278,0
2.40807,0.390119,0,0.39179,0
2.40832,0.347075,0,0.343576,0
2.40857,0.310114,0,0.307332,0
2.40882,0.291091,0,0.293744,0
2.40907,0.292354,0,0.290235,0
2.40932,0.306397,0,0.303793,0
2.40957,0.318095,0,0.316727,0
2.40982,0.309019,0,0.313707,0
2.41007,0.262363,0,0.263508,0
2.41032,0.168723,0,0.167874,0
2.41057,0.0287056,0,0.0242254,0
2.41082,-0.14527,0,-0.149679,0
2.41107,-0.331508,0,-0.32764,0
2.41132,-0.502378,0,-0.497768,0
2.41157,-0.630646,0,-0.632264,0
2.41182,-0.694962,0,-0.696435,0
2.41207,-0.684404,0,-0.681061,0
2.41232,-0.600991,0,-0.602988,0
2.41257,-0.459211,0,-0.462795,0
2.41282,-0.282721,0,-0.28074,0
2.41307,-0.0993156,0,-0.100759,0
2.41332,0.064664,0,0.0635063,0
2.41357,0.19034,0,0.193971,0
2.41382,0.268871,0,0.270584,0
2.41407,0.303208,0,0.306937,0
2.41432,0.305394,0,0.306134,0
2.41457,0.293421,0,0.291238,0
2.41482,0.284811,0,0.282651,0
2.41507,0.292732,0,0.291968,0
2.41532,0.321412,0,0.324541,0
2.41557,0.365049,0,0.360257,0
2.41582,0.409386,0,0.412056,0
2.41607,0.434809,0,0.436494,0
2.41632,0.422127,0,0.426238,0
2.41657,0.357438,0,0.353766,0
2.41682,0.236577,0,0.233975,0
2.41707,0.0675183,0,0.0679879,0
2.41732,-0.131108,0,-0.134036,0
2.41757,-0.332379,0,-0.327609,0
2.41782,-0.507182,0,-0.503305,0
2.41807,-0.629692,0,-0.625042,0
2.41832,-0.682827,0,-0.680079,0
2.41857,-0.661532,0,-0.665585,0
2.41882,-0.573871,0,-0.574719,0
2.41907,-0.438494,0,-0.440456,0
2.41932,-0.280632,0,-0.282832,0
2.41957,-0.126472,0,-0.127535,0
2.41982,0.00289765,0,-0.000306683,0
2.42007,0.095099,0,0.0912407,0
2.42032,0.149001,0,0.152724,0
2.42057,0.173144,0,0.175143,0
2.42082,0.183409,0,0.185763,0
2.42107,0.196788,0,0.199148,0
2.42132,0.22757,0,0.229139,0
2.42157,0.281879,0,0.285092,0
2.42182,0.356097,0,0.356726,0
2.42207,0.436746,0,0.431809,0
2.42232,0.504007,0,0.499337,0
2.42257,0.536052,0,0.535017,0
2.42282,0.51467,0,0.515864,0
2.42307,0.430581,0,0.432343,0
2.42332,0.28588,0,0.281127,0
2.42357,0.0951846,0,0.0996471,0
2.42382,-0.117487,0,-0.121167,0
2.42407,-0.322363,0,-0.324414,0
2.42432,-0.491102,0,-0.493029,0
2.42457,-0.601095,0,-0.604933,0
2.42482,-0.640999,0,-0.643583,0
2.42507,-0.612015,0,-0.607161,0
2.42532,-0.527162,0,-0.52651,0
2.42557,-0.407923,0,-0.408491,0
2.42582,-0.27887,0,-0.27794,0
2.42607,-0.162207,0,-0.162549,0
2.42632,-0.0725445,0,-0.0720386,0
2.42657,-0.0144327,0,-0.018691,0
2.42682,0.0176199,0,0.0182437,0
2.42707,0.037413,0,0.0331054,0
2.42732,0.0617729,0,0.0649756,0
2.42757,0.10587,0,0.108783,0
2.42782,0.178078,0,0.173838,0
2.42807,0.27732,0,0.281886,0
2.42832,0.39179,0,0.3876,0
2.42857,0.501925,0,0.501186,0
2.42882,0.58394,0,0.58819,0
2.42907,0.61575,0,0.612962,0
2.42932,0.582439,0,0.57962,0
2.42957,0.480026,0,0.481209,0
2.42982,0.317383,0,0.313523,0
2.43007,0.114504,0,0.113875,0
2.43032,-0.10045,0,-0.0959873,0
2.43057,-0.297978,0,-0.294633,0
2.43082,-0.451677,0,-0.45406,0
2.43107,-0.544651,0,-0.548694,0
2.43132,-0.571637,0,-0.567445,0
2.43158,-0.539797,0,-0.544454,0
2.43183,-0.465961,0,-0.46123,0
2.43208,-0.372314,0,-0.37353,0
2.43233,-0.280667,0,-0.285031,0
2.43258,-0.20722,0,-0.208453,0
2.43283,-0.159211,0,-0.162051,0
2.43308,-0.133418,0,-0.13363,0
2.43333,-0.118237,0,-0.120613,0
2.43358,-0.096677,0,-0.0992247,0
2.43383,-0.0527538,0,-0.0559424,0
2.43408,0.0249084,0,0.0203177,0
2.43433,0.137891,0,0.134828,0
2.43458,0.277326,0,0.278687,0
2.43483,0.424546,0,0.427337,0
2.43508,0.555011,0,0.555385,0
2.43533,0.643361,0,0.644548,0
2.43558,0.66935,0,0.671286,0
2.43583,0.622767,0,0.623392,0
2.43608,0.505658,0,0.507119,0
2.43633,0.332935,0,0.3367,0
2.43658,0.129127,0,0.130274,0
2.43683,-0.0768086,0,-0.0756003,0
2.43708,-0.256395,0,-0.256129,0
2.43733,-0.38845,0,-0.391544,0
2.43758,-0.461996,0,-0.4644,0
2.43783,-0.478676,0,-0.479134,0
2.43808,-0.450225,0,-0.450234,0
2.43833,-0.395828,0,-0.399068,0
2.43858,-0.336102,0,-0.340069,0
2.43883,-0.288098,0,-0.284428,0
2.43908,-0.260857,0,-0.259322,0
2.43933,-0.253481,0,-0.256357,0
2.43958,-0.255875,0,-0.260098,0
2.43983,-0.251316,0,-0.252126,0
2.44008,-0.222367,0,-0.223356,0
2.44033,-0.154775,0,-0.152309,0
2.44058,-0.0432804,0,-0.0444008,0
2.44083,0.106834,0,0.102926,0
2.44108,0.279173,0,0.27668,0
2.44133,0.449632,0,0.451494,0
2.44158,0.590657,0,0.592372,0
2.44183,0.67761,0,0.680718,0
2.44208,0.694009,0,0.696892,0
2.44233,0.635058,0,0.633116,0
2.44258,0.509152,0,0.513571,0
2.44283,0.335869,0,0.336192,0
2.44308,0.142368,0,0.143953,0
2.44333,-0.0432834,0,-0.0388588,0
2.44358,-0.196557,0,-0.196361,0
2.44383,-0.302442,0,-0.302843,0
2.44408,-0.356954,0,-0.355384,0
2.44433,-0.36752,0,-0.363156,0
2.44458,-0.34956,0,-0.348821,0
2.44483,-0.32234,0,-0.317745,0
2.44508,-0.302991,0,-0.304536,0
2.44533,-0.302078,0,-0.30373,0
2.44558,-0.320789,0,-0.317927,0
2.44583,-0.350397,0,-0.35352,0
2.44608,-0.374735,0,-0.378411,0
2.44633,-0.374585,0,-0.374924,0
2.44658,-0.333027,0,-0.331364,0
2.44683,-0.240238,0,-0.238541,0
2.44708,-0.0971235,0,-0.0946929,0
2.44733,0.0834921,0,0.0791028,0
2.44758,0.279377,0,0.284113,0
2.44783,0.462273,0,0.459107,0
2.44808,0.604407,0,0.606682,0
2.44833,0.683607,0,0.685363,0
2.44858,0.688556,0,0.685212,0
2.44883,0.620566,0,0.616826,0
2.44908,0.493413,0,0.491221,0
2.44933,0.330307,0,0.330588,0
2.44958,0.158051,0,0.159115,0
2.44983,0.00232815,0,0.00374296,0
2.45008,-0.118614,0,-0.12152,0
2.45033,-0.196489,0,-0.193358,0
2.45058,-0.234462,0,-0.238403,0
2.45083,-0.244532,0,-0.247525,0
2.45108,-0.244229,0,-0.248279,0
2.45133,-0.250574,0,-0.254457,0
2.45158,-0.275516,0,-0.272688,0
2.45183,-0.322156,0,-0.320163,0
2.45208,-0.383581,0,-0.384432,0
2.45233,-0.444095,0,-0.440978,0
2.45258,-0.48338,0,-0.488279,0
2.45283,-0.481403,0,-0.485488,0
2.45308,-0.423728,0,-0.424744,0
2.45333,-0.306312,0,-0.307733,0
2.45358,-0.136819,0,-0.138464,0
2.45383,0.0655103,0,0.0679459,0
2.45408,0.27386,0,0.26993,0
2.45433,0.458368,0,0.457575,0
2.45458,0.592937,0,0.588332,0
2.45483,0.659941,0,0.655559,0
2.45508,0.653925,0,0.657757,0
2.45533,0.58215,0,0.579181,0
2.45558,0.462785,0,0.46247,0
2.45583,0.320086,0,0.316847,0
2.45608,0.179192,0,0.176966,0
2.45634,0.0605946,0,0.060233,0
2.45659,-0.0244193,0,-0.0201653,0
2.45684,-0.0752634,0,-0.0744792,0
2.45709,-0.100831,0,-0.104081,0
2.45734,-0.116927,0,-0.118641,0
2.45759,-0.140439,0,-0.136082,0
2.45784,-0.184711,0,-0.189156,0
2.45809,-0.254964,0,-0.253676,0
2.45834,-0.346488,0,-0.348933,0
2.45859,-0.444699,0,-0.448723,0
2.45884,-0.528444,0,-0.525416,0
2.45909,-0.575214,0,-0.575306,0
2.45934,-0.566028,0,-0.564561,0
2.45959,-0.491091,0,-0.487006,0
2.45984,-0.352288,0,-0.348861,0
2.46009,-0.164086,0,-0.16098,0
2.46034,0.049458,0,0.0491919,0
2.46059,0.258555,0,0.262174,0
2.46084,0.434461,0,0.430059,0
2.46109,0.554571,0,0.559453,0
2.46134,0.607154,0,0.607629,0
2.46159,0.592839,0,0.592443,0
2.46184,0.524286,0,0.528952,0
2.46209,0.4219,0,0.417693,0
2.46234,0.309407,0,0.311981,0
2.46259,0.207903,0,0.208297,0
2.46284,0.130931,0,0.127508,0
2.46309,0.0823182,0,0.0829797,0
2.46334,0.0554469,0,0.0603427,0
2.46359,0.036556,0,0.0378262,0
2.46384,0.00836107,0,0.00996565,0
2.46409,-0.0437555,0,-0.0473672,0
2.46434,-0.127734,0,-0.130999,0
2.46459,-0.241313,0,-0.244456,0
2.46484,-0.372043,0,-0.376667,0
2.46509,-0.498849,0,-0.497635,0
2.46534,-0.597317,0,-0.601339,0
2.46559,-0.644444,0,-0.647563,0
2.46584,-0.624516,0,-0.627806,0
2.46609,-0.533251,0,-0.535386,0
2.46634,-0.378843,0,-0.379401,0
2.46659,-0.181404,0,-0.181517,0
2.46684,0.0315216,0,0.0350844,0
2.46709,0.230188,0,0.229249,0
2.46734,0.38853,0,0.388824,0
2.46759,0.489529,0,0.49131,0
2.46784,0.527636,0,0.527343,0
2.46809,0.50983,0,0.508068,0
2.46834,0.452073,0,0.45525,0
2.46859,0.375776,0,0.37955,0
2.46884,0.301661,0,0.303494,0
2.46909,0.244808,0,0.244214,0
2.46934,0.211242,0,0.21205,0
2.46959,0.196766,0,0.20022,0
2.46984,0.188954,0,0.192914,0
2.47009,0.170448,0,0.172251,0
2.47034,0.124895,0,0.129474,0
2.47059,0.0414231,0,0.0458436,0
2.47084,-0.0810754,0,-0.0838365,0
2.47109,-0.233059,0,-0.231458,0
2.47134,-0.394726,0,-0.395914,0
2.47159,-0.540893,0,-0.536461,0
2.47184,-0.645238,0,-0.648686,0
2.47209,-0.686823,0,-0.686862,0
2.47234,-0.654675,0,-0.651911,0
2.47259,-0.550393,0,-0.54711,0
2.47284,-0.388338,0,-0.384615,0
2.47309,-0.192398,0,-0.194991,0
2.47334,0.0082736,0,0.0122486,0
2.47359,0.18632,0,0.18337,0
2.47384,0.320268,0,0.317449,0
2.47409,0.399734,0,0.396072,0
2.47434,0.425753,0,0.421296,0
2.47459,0.41033,0,0.415232,0
2.47484,0.371454,0,0.370693,0
2.47509,0.32911,0,0.324425,0
2.47534,0.299126,0,0.304011,0
2.47559,0.289333,0,0.290904,0
2.47584,0.297724,0,0.295141,0
2.47609,0.312917,0,0.309083,0
2.47634,0.31779,0,0.318055,0
2.47659,0.293848,0,0.293625,0
2.47684,0.22706,0,0.224197,0
2.47709,0.112236,0,0.115756,0
2.47734,-0.044984,0,-0.0419387,0
2.47759,-0.227396,0,-0.223349,0
2.47784,-0.410404,0,-0.405982,0
2.47809,-0.565643,0,-0.568658,0
2.47834,-0.667851,0,-0.671708,0
2.47859,-0.699729,0,-0.701984,0
2.47884,-0.656021,0,-0.652631,0
2.47909,-0.544436,0,-0.546002,0
2.47934,-0.383962,0,-0.386155,0
2.47959,-0.201004,0,-0.196293,0
2.47984,-0.0232782,0,-0.0267427,0
2.48009,0.125555,0,0.12596,0
2.48034,0.230863,0,0.226188,0
2.48059,0.288856,0,0.284646,0
2.48084,0.307196,0,0.309563,0
2.4811,0.300745,0,0.299319,0
2.48135,0.288223,0,0.293101,0
2.4816,0.285767,0,0.286405,0
2.48185,0.302919,0,0.300924,0
2.4821,0.339506,0,0.343771,0
2.48235,0.385659,0,0.390169,0
2.4826,0.424213,0,0.428744,0
2.48285,0.434876,0,0.434946,0
2.4831,0.400476,0,0.401652,0
2.48335,0.310774,0,0.308744,0
2.4836,0.167044,0,0.165146,0
2.48385,-0.0179515,0,-0.0161873,0
2.4841,-0.221245,0,-0.224939,0
2.48435,-0.414472,0,-0.410783,0
2.4846,-0.568965,0,-0.564413,0
2.48485,-0.662324,0,-0.665919,0
2.4851,-0.682437,0,-0.685971,0
2.48535,-0.630149,0,-0.629402,0
2.4856,-0.518574,0,-0.52299,0
2.48585,-0.369951,0,-0.370223,0
2.4861,-0.210786,0,-0.212885,0
2.48635,-0.0653232,0,-0.068465,0
2.4866,0.0484755,0,0.0456143,0
2.48685,0.123221,0,0.123619,0
2.4871,0.162543,0,0.162349,0
2.48735,0.178328,0,0.177529,0
2.4876,0.187903,0,0.185776,0
2.48785,0.207595,0,0.209012,0
2.4881,0.248599,0,0.251654,0
2.48835,0.312726,0,0.314002,0
2.4886,0.39194,0,0.3881,0
2.48885,0.469446,0,0.465179,0
2.4891,0.523656,0,0.52762,0
2.48935,0.534005,0,0.538737,0
2.4896,0.485454,0,0.485685,0
2.48985,0.373657,0,0.378054,0
2.4901,0.206152,0,0.209849,0
2.49035,0.00247497,0,-0.00196009,0
2.4906,-0.210578,0,-0.207394,0
2.49085,-0.402801,0,-0.398651,0
2.4911,-0.547835,0,-0.548505,0
2.49135,-0.627558,0,-0.631658,0
2.4916,-0.636175,0,-0.636857,0
2.49185,-0.580297,0,-0.583914,0
2.4921,-0.477303,0,-0.479882,0
2.49235,-0.350839,0,-0.345859,0
2.4926,-0.224813,0,-0.224474,0
2.49285,-0.118792,0,-0.117583,0
2.4931,-0.0430808,0,-0.0408889,0
2.49335,0.00228932,0,0.00114181,0
2.4936,0.0270172,0,0.0224169,0
2.49385,0.046611,0,0.042167,0
2.4941,0.0781311,0,0.0776356,0
2.49435,0.134087,0,0.139019,0
2.4946,0.219022,0,0.221105,0
2.49485,0.326943,0,0.327623,0
2.4951,0.442349,0,0.439783,0
2.49535,0.543019,0,0.546637,0
2.4956,0.605203,0,0.604098,0
2.49585,0.609586,0,0.61371,0
2.4961,0.545494,0,0.548153,0
2.49635,0.414719,0,0.419617,0
2.4966,0.2314,0,0.236216,0
2.49685,0.0194091,0,0.0217107,0
2.4971,-0.191449,0,-0.194401,0
2.49735,-0.37246,0,-0.368028,0
2.4976,-0.500748,0,-0.501344,0
2.49785,-0.564528,0,-0.567983,0
2.4981,-0.563974,0,-0.567865,0
2.49835,-0.5111,0,-0.514503,0
2.4986,-0.425785,0,-0.430226,0
2.49885,-0.330529,0,-0.325922,0
2.4991,-0.245397,0,-0.246543,0
2.49935,-0.182869,0,-0.178124,0
2.4996,-0.14562,0,-0.142396,0
2.49985,-0.1263,0,-0.127234,0
2.5001,-0.110563,0,-0.107591,0
2.50035,-0.080945,0,-0.077064,0
2.5006,-0.023051,0,-0.0279801,0
2.50085,0.0706601,0,0.0704571,0
2.5011,0.197024,0,0.199361,0
2.50135,0.342719,0,0.342285,0
2.5016,0.485751,0,0.484968,0
2.50185,0.600502,0,0.59615,0
2.5021,0.663388,0,0.665976,0
2.50235,0.657929,0,0.656447,0
2.5026,0.579201,0,0.583722,0
2.50285,0.435093,0,0.431233,0
2.5031,0.245189,0,0.241537,0
2.50335,0.0366455,0,0.03277,0
2.5036,-0.160776,0,-0.156023,0
2.50385,-0.321494,0,-0.321039,0
2.5041,-0.428306,0,-0.424151,0
2.50435,-0.475942,0,-0.475429,0
2.5046,-0.47061,0,-0.475091,0
2.50485,-0.428266,0,-0.431922,0
2.5051,-0.369024,0,-0.369484,0
2.50535,-0.312738,0,-0.308141,0
2.5056,-0.273333,0,-0.276313,0
2.50586,-0.255551,0,-0.25647,0
2.50611,-0.254169,0,-0.256679,0
2.50636,-0.255711,0,-0.252956,0
2.50661,-0.242584,0,-0.246861,0
2.50686,-0.197932,0,-0.197547,0
2.50711,-0.110952,0,-0.106174,0
2.50736,0.0188815,0,0.0155251,0
2.50761,0.181445,0,0.178145,0
2.50786,0.356241,0,0.358496,0
2.50811,0.517003,0,0.513438,0
2.50836,0.636877,0,0.631956,0
2.50861,0.694136,0,0.692215,0
2.50886,0.677097,0,0.681907,0
2.50911,0.586866,0,0.589199,0
2.50936,0.437142,0,0.438517,0
2.50961,0.251313,0,0.255965,0
2.50986,0.057897,0,0.0618584,0
2.51011,-0.116008,0,-0.112953,0
2.51036,-0.249579,0,-0.250429,0
2.51061,-0.332618,0,-0.332009,0
2.51086,-0.366183,0,-0.370334,0
2.51111,-0.361947,0,-0.360904,0
2.51136,-0.337605,0,-0.337687,0
2.51161,-0.312022,0,-0.307431,0
2.51186,-0.300004,0,-0.296407,0
2.51211,-0.308229,0,-0.308289,0
2.51236,-0.33331,0,-0.335328,0
2.51261,-0.362893,0,-0.367795,0
2.51286,-0.378892,0,-0.378255,0
2.51311,-0.362188,0,-0.364989,0
2.51336,-0.298605,0,-0.296821,0
2.51361,-0.182731,0,-0.185264,0
2.51386,-0.0209108,0,-0.0219207,0
2.51411,0.169734,0,0.167196,0
2.51436,0.363322,0,0.367621,0
2.51461,0.531511,0,0.534186,0
2.51486,0.648039,0,0.646497,0
2.51511,0.695187,0,0.692828,0
2.51536,0.667024,0,0.663485,0
2.51561,0.570588,0,0.566135,0
2.51586,0.424339,0,0.422599,0
2.51611,0.253726,0,0.25746,0
2.51636,0.0859968,0,0.0845033,0
2.51661,-0.0561289,0,-0.0520957,0
2.51686,-0.158336,0,-0.157072,0
2.51711,-0.21754,0,-0.221385,0
2.51736,-0.241324,0,-0.243242,0
2.51761,-0.244622,0,-0.240829,0
2.51786,-0.245343,0,-0.2462,0
2.51811,-0.258836,0,-0.258624,0
2.51836,-0.293601,0,-0.289275,0
2.51861,-0.348159,0,-0.349569,0
2.51886,-0.411521,0,-0.409916,0
2.51911,-0.465377,0,-0.469218,0
2.51936,-0.488669,0,-0.485206,0
2.51961,-0.463353,0,-0.460227,0
2.51986,-0.379126,0,-0.376933,0
2.52011,-0.237104,0,-0.23414,0
2.52036,-0.0501108,0,-0.0494186,0
2.52061,0.158356,0,0.1632,0
2.52086,0.359832,0,0.363061,0
2.52111,0.525138,0,0.52514,0
2.52136,0.631455,0,0.631076,0
2.52161,0.666119,0,0.669501,0
2.52186,0.629541,0,0.629592,0
2.52211,0.534032,0,0.531238,0
2.52236,0.401119,0,0.4026,0
2.52261,0.256332,0,0.258492,0
2.52286,0.123232,0,0.120259,0
2.52311,0.0186631,0,0.0148167,0
2.52336,-0.0507745,0,-0.0557488,0
2.52361,-0.0887822,0,-0.0915695,0
2.52386,-0.108201,0,-0.107062,0
2.52411,-0.125467,0,-0.122547,0
2.52436,-0.156912,0,-0.154738,0
2.52461,-0.212535,0,-0.213748,0
2.52486,-0.293385,0,-0.289623,0
2.52511,-0.390082,0,-0.388369,0
2.52536,-0.48477,0,-0.487185,0
2.52561,-0.554951,0,-0.557804,0
2.52586,-0.578823,0,-0.575133,0
2.52611,-0.541247,0,-0.544234,0
2.52636,-0.437081,0,-0.441932,0
2.52661,-0.274077,0,-0.27082,0
2.52686,-0.071308,0,-0.068816,0
2.52711,0.14398,0,0.141646,0
2.52736,0.341733,0,0.345423,0
2.52761,0.495319,0,0.495057,0
2.52786,0.586314,0,0.586369,0
2.52811,0.608613,0,0.610273,0
2.52836,0.568213,0,0.563634,0
2.52861,0.481836,0,0.484467,0
2.52886,0.372132,0,0.376369,0
2.52911,0.262279,0,0.259845,0
2.52936,0.170498,0,0.174938,0
2.52961,0.106181,0,0.110639,0
2.52986,0.0685535,0,0.0726204,0
2.53011,0.0470843,0,0.0453847,0
2.53036,0.0262386,0,0.0218826,0
2.53062,-0.0110201,0,-0.0146279,0
2.53087,-0.0767085,0,-0.0807397,0
2.53112,-0.174679,0,-0.174025,0
2.53137,-0.297903,0,-0.293965,0
2.53162,-0.429871,0,-0.430383,0
2.53187,-0.5473,0,-0.549252,0
2.53212,-0.625614,0,-0.624392,0
2.53237,-0.644473,0,-0.647876,0
2.53262,-0.592846,0,-0.595193,0
2.53287,-0.471978,0,-0.46878,0
2.53312,-0.295501,0,-0.297845,0
2.53337,-0.0876495,0,-0.0827162,0
2.53362,0.122673,0,0.123441,0
2.53387,0.306296,0,0.304882,0
2.53412,0.440838,0,0.444054,0
2.53437,0.51397,0,0.509596,0
2.53462,0.525955,0,0.52332,0
2.53487,0.488011,0,0.486678,0
2.53512,0.419373,0,0.415626,0
2.53537,0.341768,0,0.345178,0
2.53562,0.273849,0,0.275447,0
2.53587,0.22715,0,0.229042,0
2.53612,0.203061,0,0.202988,0
2.53637,0.193419,0,0.195093,0
2.53662,0.183029,0,0.18735,0
2.53687,0.154497,0,0.152296,0
2.53712,0.0931301,0,0.0906405,0
2.53737,-0.00812341,0,-0.00903135,0
2.53762,-0.145392,0,-0.14866,0
2.53787,-0.304583,0,-0.302236,0
2.53812,-0.46276,0,-0.465853,0
2.53837,-0.593533,0,-0.588976,0
2.53862,-0.672223,0,-0.667656,0
2.53887,-0.681926,0,-0.684634,0
2.53912,-0.616996,0,-0.616167,0
2.53937,-0.484747,0,-0.483184,0
2.53962,-0.3045,0,-0.30734,0
2.53987,-0.102753,0,-0.102507,0
2.54012,0.0910699,0,0.0880126,0
2.54037,0.251744,0,0.25141,0
2.54062,0.36222,0,0.364013,0
2.54087,0.417341,0,0.415583,0
2.54112,0.42307,0,0.418267,0
2.54137,0.394807,0,0.397388,0
2.54162,0.352152,0,0.352164,0
2.54187,0.313689,0,0.310567,0
2.54212,0.292224,0,0.290124,0
2.54237,0.291299,0,0.287491,0
2.54262,0.304587,0,0.304246,0
2.54287,0.317414,0,0.315701,0
2.54312,0.311743,0,0.310929,0
2.54337,0.270175,0,0.268088,0
2.54362,0.182264,0,0.180568,0
2.54387,0.0472775,0,0.0457113,0
2.54412,-0.123662,0,-0.128583,0
2.54437,-0.309832,0,-0.30832,0
2.54462,-0.483973,0,-0.483408,0
2.54487,-0.618529,0,-0.617354,0
2.54512,-0.69118,0,-0.689092,0
2.54537,-0.689592,0,-0.6869,0
2.54562,-0.614228,0,-0.610544,0
2.54587,-0.47823,0,-0.474212,0
2.54612,-0.304401,0,-0.308396,0
2.54637,-0.120352,0,-0.121303,0
2.54662,0.0470768,0,0.0457715,0
2.54687,0.177824,0,0.178975,0
2.54712,0.262091,0,0.264277,0
2.54737,0.301053,0,0.300282,0
2.54762,0.306261,0,0.308484,0
2.54787,0.29484,0,0.295576,0
2.54812,0.285158,0,0.285921,0
2.54837,0.290695,0,0.28987,0
2.54862,0.317048,0,0.314049,0
2.54887,0.35963,0,0.361721,0
2.54912,0.404734,0,0.403841,0
2.54937,0.433516,0,0.429702,0
2.54962,0.426116,0,0.425469,0
2.54987,0.367982,0,0.367356,0
2.55012,0.253553,0,0.248968,0
2.55037,0.0894024,0,0.0854247,0
2.55062,-0.107032,0,-0.106274,0
2.55087,-0.309499,0,-0.312508,0
2.55112,-0.488879,0,-0.487643,0
2.55137,-0.618645,0,-0.620211,0
2.55162,-0.680468,0,-0.681586,0
2.55187,-0.66776,0,-0.671997,0
2.55212,-0.587122,0,-0.590705,0
2.55237,-0.456119,0,-0.460147,0
2.55262,-0.299504,0,-0.299217,0
2.55287,-0.143668,0,-0.146163,0
2.55312,-0.0105229,0,-0.0126775,0
2.55337,0.0863262,0,0.0835101,0
2.55362,0.144473,0,0.143368,0
2.55387,0.171388,0,0.168945,0
2.55412,0.182302,0,0.182281,0
2.55437,0.194539,0,0.197959,0
2.55462,0.222772,0,0.218524,0
2.55487,0.274287,0,0.272968,0
2.55512,0.346684,0,0.348314,0
2.55538,0.427506,0,0.422955,0
2.55563,0.497495,0,0.49878,0
2.55588,0.53475,0,0.529905,0
2.55613,0.520347,0,0.521495,0
2.55638,0.443771,0,0.43989,0
2.55663,0.305677,0,0.309866,0
2.55688,0.119307,0,0.115137,0
2.55713,-0.0921508,0,-0.0898352,0
2.55738,-0.299599,0,-0.295366,0
2.55763,-0.473855,0,-0.469284,0
2.55788,-0.591684,0,-0.591162,0
2.55813,-0.639985,0,-0.639614,0
2.55838,-0.618612,0,-0.618324,0
2.55863,-0.539418,0,-0.540065,0
2.55888,-0.422948,0,-0.424836,0
2.55913,-0.293856,0,-0.292772,0
2.55938,-0.174712,0,-0.178217,0
2.55963,-0.0814376,0,-0.0816655,0
2.55988,-0.0197044,0,-0.024634,0
2.56013,0.0148194,0,0.0125963,0
2.56038,0.0352071,0,0.0325638,0
2.56063,0.0581552,0,0.0579688,0
2.56088,0.0993205,0,0.0983218,0
2.56113,0.168061,0,0.169261,0
2.56138,0.264534,0,0.262875,0
2.56163,0.378091,0,0.378117,0
2.56188,0.489947,0,0.485268,0
2.56213,0.576498,0,0.574302,0
2.56238,0.615175,0,0.616693,0
2.56263,0.589973,0,0.589552,0
2.56288,0.495486,0,0.498626,0
2.56313,0.339093,0,0.337284,0
2.56338,0.139595,0,0.137627,0
2.56363,-0.0755758,0,-0.0792917,0
2.56388,-0.27657,0,-0.272686,0
2.56413,-0.436516,0,-0.437224,0
2.56438,-0.537167,0,-0.536139,0
2.56463,-0.571708,0,-0.572281,0
2.56488,-0.546137,0,-0.549902,0
2.56513,-0.476139,0,-0.477875,0
2.56538,-0.383632,0,-0.382234,0
2.56563,-0.29075,0,-0.292312,0
2.56588,-0.214585,0,-0.210901,0
2.56613,-0.163543,0,-0.166214,0
2.56638,-0.135592,0,-0.137193,0
2.56663,-0.119987,0,-0.120153,0
2.56688,-0.100059,0,-0.0974882,0
2.56713,-0.0595169,0,-0.0633436,0
2.56738,0.0137749,0,0.0147626,0
2.56763,0.122948,0,0.121653,0
2.56788,0.26,0,0.261519,0
2.56813,0.407575,0,0.408687,0
2.56838,0.541347,0,0.54345,0
2.56863,0.635871,0,0.633445,0
2.56888,0.670023,0,0.666189,0
2.56913,0.632069,0,0.629982,0
2.56938,0.522802,0,0.521929,0
2.56963,0.35543,0,0.354713,0
2.56988,0.153715,0,0.151307,0
2.57013,-0.0534383,0,-0.0504238,0
2.57038,-0.237403,0,-0.238883,0
2.57063,-0.375859,0,-0.373329,0
2.57088,-0.456445,0,-0.460572,0
2.57113,-0.479394,0,-0.482701,0
2.57138,-0.455341,0,-0.45918,0
2.57163,-0.402909,0,-0.406178,0
2.57188,-0.3428,0,-0.344405,0
2.57213,-0.292763,0,-0.297538,0
2.57238,-0.262913,0,-0.25953,0
2.57263,-0.253556,0,-0.249721,0
2.57288,-0.255576,0,-0.25194,0
2.57313,-0.25276,0,-0.250647,0
2.57338,-0.227553,0,-0.224456,0
2.57363,-0.164981,0,-0.164406,0
2.57388,-0.058613,0,-0.0556038,0
2.57413,0.0876707,0,0.0893511,0
2.57438,0.258463,0,0.259901,0
2.57463,0.430565,0,0.428184,0
2.57488,0.576433,0,0.574347,0
2.57513,0.670856,0,0.670026,0
2.57538,0.696016,0,0.700725,0
2.57563,0.645752,0,0.642506,0
2.57588,0.5269,0,0.525645,0
2.57613,0.357881,0,0.35648,0
2.57638,0.165275,0,0.165053,0
2.57663,-0.0227166,0,-0.0260396,0
2.57688,-0.180791,0,-0.18161,0
2.57713,-0.292582,0,-0.291403,0
2.57738,-0.353072,0,-0.357885,0
2.57763,-0.368039,0,-0.370072,0
2.57788,-0.352545,0,-0.352202,0
2.57813,-0.325391,0,-0.320666,0
2.57838,-0.304446,0,-0.305589,0
2.57863,-0.301101,0,-0.297012,0
2.57888,-0.317759,0,-0.316104,0
2.57913,-0.346865,0,-0.351019,0
2.57938,-0.372839,0,-0.368679,0
2.57963,-0.376555,0,-0.372088,0
2.57989,-0.340468,0,-0.340889,0
2.58014,-0.25389,0,-0.253857,0
2.58039,-0.116211,0,-0.11571,0
2.58064,0.0609358,0,0.0587081,0
2.58089,0.256431,0,0.256931,0
2.58114,0.44235,0,0.439309,0
2.58139,0.590601,0,0.586304,0
2.58164,0.678026,0,0.676911,0
2.58189,0.691913,0,0.691486,0
2.58214,0.632013,0,0.634838,0
2.58239,0.510763,0,0.511716,0
2.58264,0.350521,0,0.350723,0
2.58289,0.177913,0,0.173085,0
2.58314,0.0191158,0,0.0230872,0
2.58339,-0.106578,0,-0.102929,0
2.58364,-0.189568,0,-0.19233,0
2.58389,-0.231766,0,-0.235263,0
2.58414,-0.24426,0,-0.246674,0
2.58439,-0.244245,0,-0.245265,0
2.58464,-0.248987,0,-0.247302,0
2.58489,-0.271428,0,-0.272119,0
2.58514,-0.31567,0,-0.315501,0
2.58539,-0.37602,0,-0.377451,0
2.58564,-0.437735,0,-0.441677,0
2.58589,-0.480526,0,-0.482864,0
2.58614,-0.484313,0,-0.482741,0
2.58639,-0.433629,0,-0.432832,0
2.58664,-0.323094,0,-0.32687,0
2.58689,-0.15893,0,-0.156107,0
2.58714,0.0408136,0,0.0411168,0
2.58739,0.249901,0,0.253533,0
2.58764,0.438795,0,0.443495,0
2.58789,0.580293,0,0.580105,0
2.58814,0.655863,0,0.658004,0
2.58839,0.658288,0,0.660934,0
2.58864,0.593509,0,0.596782,0
2.58889,0.478597,0,0.476066,0
2.58914,0.337254,0,0.339221,0
2.58939,0.195024,0,0.192518,0
2.58964,0.0729288,0,0.0721079,0
2.58989,-0.0162485,0,-0.0143392,0
2.59014,-0.0708654,0,-0.0720933,0
2.59039,-0.0986718,0,-0.101147,0
2.59064,-0.114989,0,-0.111312,0
2.59089,-0.136748,0,-0.136557,0
2.59114,-0.178177,0,-0.176358,0
2.59139,-0.245403,0,-0.248882,0
2.59164,-0.335009,0,-0.336049,0
2.59189,-0.433429,0,-0.429622,0
2.59214,-0.520062,0,-0.519937,0
2.59239,-0.5723,0,-0.572374,0
2.59264,-0.570421,0,-0.567013,0
2.59289,-0.503376,0,-0.501536,0
2.59314,-0.371568,0,-0.373136,0
2.59339,-0.188091,0,-0.18969,0
2.59364,0.0239665,0,0.0234565,0
2.59389,0.235143,0,0.238504,0
2.59414,0.416303,0,0.41432,0
2.59439,0.54383,0,0.542088,0
2.59464,0.604581,0,0.600815,0
2.59489,0.59769,0,0.598366,0
2.59514,0.534484,0,0.531756,0
2.59539,0.434939,0,0.434511,0
2.59564,0.322437,0,0.320967,0
2.59589,0.218749,0,0.221082,0
2.59614,0.138504,0,0.143336,0
2.59639,0.0866853,0,0.0837388,0
2.59664,0.057854,0,0.0625065,0
2.59689,0.0389097,0,0.0375242,0
2.59714,0.0127776,0,0.0160038,0
2.59739,-0.0360546,0,-0.0403596,0
2.59764,-0.116089,0,-0.113763,0
2.59789,-0.226721,0,-0.230743,0
2.59814,-0.356344,0,-0.351401,0
2.59839,-0.484895,0,-0.487857,0
2.59864,-0.587994,0,-0.590308,0
2.59889,-0.642155,0,-0.637927,0
2.59914,-0.630653,0,-0.630742,0
2.59939,-0.547544,0,-0.551354,0
2.59964,-0.399827,0,-0.397648,0
2.59989,-0.206031,0,-0.203933,0
2.60014,0.00663303,0,0.00241422,0
2.60039,0.208528,0,0.208779,0
2.60064,0.372646,0,0.37569,0
2.60089,0.480931,0,0.479449,0
2.60114,0.526304,0,0.527184,0
2.60139,0.514313,0,0.518299,0
2.60164,0.460275,0,0.458544,0
2.60189,0.385022,0,0.383572,0
2.60214,0.309708,0,0.308909,0
2.60239,0.250306,0,0.249694,0
2.60264,0.214018,0,0.21232,0
2.60289,0.197801,0,0.194644,0
2.60314,0.190059,0,0.192476,0
2.60339,0.173719,0,0.175373,0
2.60364,0.132069,0,0.128625,0
2.60389,0.0533348,0,0.0499426,0
2.60414,-0.0648436,0,-0.0669412,0
2.60439,-0.214213,0,-0.216442,0
2.60465,-0.375969,0,-0.375245,0
2.6049,-0.525375,0,-0.523159,0
2.60515,-0.635876,0,-0.640374,0
2.6054,-0.685651,0,-0.68584,0
2.60565,-0.662334,0,-0.661168,0
2.6059,-0.566048,0,-0.564065,0
2.60615,-0.409704,0,-0.410756,0
2.6064,-0.216283,0,-0.214031,0
2.60665,-0.0145906,0,-0.014602,0
2.6069,0.167338,0,0.167799,0
2.60715,0.307245,0,0.304373,0
2.6074,0.393195,0,0.395197,0
2.60765,0.425171,0,0.426037,0
2.6079,0.413706,0,0.414728,0
2.60815,0.37659,0,0.377058,0
2.6084,0.333689,0,0.338404,0
2.60865,0.301669,0,0.30175,0
2.6089,0.28944,0,0.287237,0
2.60915,0.296078,0,0.294211,0
2.6094,0.311365,0,0.31572,0
2.60965,0.318357,0,0.319325,0
2.6099,0.298658,0,0.303323,0
2.61015,0.237393,0,0.240104,0
2.6104,0.128163,0,0.130327,0
2.61065,-0.0247558,0,-0.0237438,0
2.6109,-0.205445,0,-0.20534,0
2.61115,-0.389762,0,-0.390021,0
2.6114,-0.549684,0,-0.552859,0
2.61165,-0.659238,0,-0.663521,0
2.6119,-0.699915,0,-0.695538,0
2.61215,-0.664958,0,-0.663319,0
2.6124,-0.560566,0,-0.558188,0
2.61265,-0.404568,0,-0.403544,0
2.6129,-0.222792,0,-0.220487,0
2.61315,-0.0430889,0,-0.040307,0
2.6134,0.110119,0,0.113574,0
2.61365,0.220978,0,0.218976,0
2.6139,0.284343,0,0.283008,0
2.61415,0.306698,0,0.306735,0
2.6144,0.302196,0,0.300604,0
2.61465,0.289459,0,0.287914,0
2.6149,0.285145,0,0.289335,0
2.61515,0.299798,0,0.295418,0
2.6154,0.334421,0,0.338225,0
2.61565,0.380228,0,0.384088,0
2.6159,0.420713,0,0.423235,0
2.61615,0.435731,0,0.438004,0
2.6164,0.407278,0,0.409499,0
2.61665,0.324255,0,0.324329,0
2.6169,0.186455,0,0.183908,0
2.61715,0.00520658,0,0.00139082,0
2.6174,-0.197263,0,-0.195657,0
2.61765,-0.393129,0,-0.3891,0
2.6179,-0.553599,0,-0.553707,0
2.61815,-0.654977,0,-0.658876,0
2.6184,-0.683967,0,-0.683851,0
2.61865,-0.639753,0,-0.637941,0
2.6189,-0.534127,0,-0.536376,0
2.61915,-0.388579,0,-0.388259,0
2.6194,-0.229244,0,-0.225476,0
2.61965,-0.0811549,0,-0.0764203,0
2.6199,0.0370723,0,0.041753,0
2.62015,0.116445,0,0.112636,0
2.6204,0.159464,0,0.154769,0
2.62065,0.17716,0,0.173586,0
2.6209,0.186559,0,0.19068,0
2.62115,0.204324,0,0.20299,0
2.6214,0.242524,0,0.244316,0
2.62165,0.304144,0,0.305142,0
2.6219,0.382312,0,0.384074,0
2.62215,0.461082,0,0.466064,0
2.6224,0.519254,0,0.515907,0
2.62265,0.535624,0,0.536808,0
2.6229,0.494462,0,0.493688,0
2.62315,0.389963,0,0.390921,0
2.6234,0.228208,0,0.228893,0
2.62365,0.0275132,0,0.0317993,0
2.6239,-0.186013,0,-0.188313,0
2.62415,-0.382173,0,-0.384906,0
2.6244,-0.533916,0,-0.532175,0
2.62465,-0.621873,0,-0.62111,0
2.6249,-0.638761,0,-0.637457,0
2.62515,-0.589742,0,-0.593153,0
2.6254,-0.491143,0,-0.494019,0
2.62565,-0.366155,0,-0.366374,0
2.6259,-0.238913,0,-0.239228,0
2.62615,-0.129796,0,-0.134031,0
2.6264,-0.0502994,0,-0.0537411,0
2.62665,-0.00177479,0,-0.00603237,0
2.6269,0.0247325,0,0.028186,0
2.62715,0.0440144,0,0.0477947,0
2.6274,0.0732476,0,0.0706411,0
2.62765,0.125982,0,0.130486,0
2.6279,0.207555,0,0.211098,0
2.62815,0.313469,0,0.316568,0
2.6284,0.429039,0,0.429504,0
2.62865,0.532709,0,0.528856,0
2.6289,0.600592,0,0.598882,0
2.62915,0.612514,0,0.61238,0
2.62941,0.556728,0,0.55205,0
2.62966,0.433225,0,0.432527,0
2.62991,0.255006,0,0.254416,0
2.63016,0.04489,0,0.0412356,0
2.63041,-0.167658,0,-0.170642,0
2.63066,-0.353544,0,-0.356791,0
2.63091,-0.48888,0,-0.485091,0
2.63116,-0.560497,0,-0.560888,0
2.63141,-0.567088,0,-0.563489,0
2.63166,-0.51946,0,-0.518184,0
2.63191,-0.436701,0,-0.435817,0
2.63216,-0.341555,0,-0.344128,0
2.63241,-0.254398,0,-0.251162,0
2.63266,-0.188858,0,-0.19074,0
2.63291,-0.148897,0,-0.147588,0
2.63316,-0.12804,0,-0.126099,0
2.63341,-0.112783,0,-0.110153,0
2.63366,-0.0856446,0,-0.0890058,0
2.63391,-0.0316552,0,-0.0303455,0
2.63416,0.0577915,0,0.0607984,0
2.63441,0.180797,0,0.18087,0
2.63466,0.325229,0,0.329025,0
2.63491,0.46987,0,0.465162,0
2.63516,0.589263,0,0.589306,0
2.63541,0.659301,0,0.661817,0
2.63566,0.662392,0,0.663427,0
2.63591,0.592133,0,0.592827,0
2.63616,0.454904,0,0.454653,0
2.63641,0.269081,0,0.266116,0
2.63666,0.0611721,0,0.0616295,0
2.63691,-0.139011,0,-0.13816,0
2.63716,-0.305178,0,-0.305203,0
2.63741,-0.418825,0,-0.420184,0
2.63766,-0.473234,0,-0.472715,0
2.63791,-0.473547,0,-0.468949,0
2.63816,-0.434417,0,-0.43114,0
2.63841,-0.376199,0,-0.377913,0
2.63866,-0.318696,0,-0.315163,0
2.63891,-0.276843,0,-0.281366,0
2.63916,-0.256652,0,-0.259181,0
2.63941,-0.253839,0,-0.253943,0
2.63966,-0.256017,0,-0.259624,0
2.63991,-0.245464,0,-0.243496,0
2.64016,-0.205239,0,-0.205718,0
2.64041,-0.123482,0,-0.124472,0
2.64066,0.00160459,0,0.00395135,0
2.64091,0.161213,0,0.15859,0
2.64116,0.335848,0,0.33419,0
2.64141,0.499699,0,0.503635,0
2.64166,0.625668,0,0.626637,0
2.64191,0.691138,0,0.688524,0
2.64216,0.683046,0,0.681252,0
2.64241,0.600888,0,0.597206,0
2.64266,0.457163,0,0.461414,0
2.64291,0.274143,0,0.274458,0
2.64316,0.0801365,0,0.0849244,0
2.64341,-0.0973627,0,-0.102135,0
2.64366,-0.236398,0,-0.240597,0
2.64391,-0.32556,0,-0.323235,0
2.64416,-0.364512,0,-0.363314,0
2.64441,-0.363892,0,-0.363591,0
2.64466,-0.340903,0,-0.344707,0
2.64491,-0.314566,0,-0.313698,0
2.64516,-0.300408,0,-0.301711,0
2.64541,-0.306222,0,-0.307823,0
2.64566,-0.329798,0,-0.331459,0
2.64591,-0.359719,0,-0.360807,0
2.64616,-0.378341,0,-0.381884,0
2.64641,-0.366358,0,-0.363073,0
2.64666,-0.308782,0,-0.306757,0
2.64691,-0.198972,0,-0.201542,0
2.64716,-0.041877,0,-0.0430665,0
2.64741,0.146485,0,0.149479,0
2.64766,0.341388,0,0.346242,0
2.64791,0.513878,0,0.518811,0
2.64816,0.637677,0,0.639332,0
2.64841,0.69354,0,0.698137,0
2.64866,0.674092,0,0.672006,0
2.64891,0.58501,0,0.5824,0
2.64916,0.443354,0,0.438622,0
2.64941,0.274253,0,0.275529,0
2.64966,0.104784,0,0.101357,0
2.64991,-0.0411859,0,-0.0460327,0
2.65016,-0.14859,0,-0.148171,0
2.65041,-0.21266,0,-0.213921,0
2.65066,-0.239955,0,-0.242917,0
2.65091,-0.244738,0,-0.24048,0
2.65116,-0.244862,0,-0.241035,0
2.65141,-0.25623,0,-0.26077,0
2.65166,-0.288361,0,-0.290789,0
2.65191,-0.340976,0,-0.341243,0
2.65216,-0.404146,0,-0.403517,0
2.65241,-0.460206,0,-0.458127,0
2.65266,-0.488136,0,-0.483342,0
2.65291,-0.469313,0,-0.46916,0
2.65316,-0.39216,0,-0.391903,0
2.65341,-0.256506,0,-0.257837,0
2.65366,-0.0737573,0,-0.0771391,0
2.65391,0.133691,0,0.138551,0
2.65417,0.337471,0,0.334732,0
2.65442,0.50838,0,0.512862,0
2.65467,0.622539,0,0.627306,0
2.65492,0.665871,0,0.661018,0
2.65517,0.63726,0,0.638253,0
2.65542,0.547698,0,0.549973,0
2.65567,0.417886,0,0.413887,0
2.65592,0.273181,0,0.275974,0
2.65617,0.137657,0,0.138995,0
2.65642,0.0291647,0,0.0293377,0
2.65667,-0.0444195,0,-0.0450783,0
2.65692,-0.0856016,0,-0.0844075,0
2.65717,-0.106397,0,-0.109642,0
2.65742,-0.122992,0,-0.121564,0
2.65767,-0.152001,0,-0.153315,0
2.65792,-0.204605,0,-0.209194,0
2.65817,-0.282774,0,-0.277887,0
2.65842,-0.378389,0,-0.383143,0
2.65867,-0.474447,0,-0.470813,0
2.65892,-0.548694,0,-0.545444,0
2.65917,-0.579096,0,-0.583095,0
2.65942,-0.549132,0,-0.550939,0
2.65967,-0.452754,0,-0.45022,0
2.65992,-0.295793,0,-0.29216,0
2.66017,-0.0964044,0,-0.0955462,0
2.66042,0.118972,0,0.113976,0
2.66067,0.320293,0,0.319425,0
2.66092,0.480247,0,0.485044,0
2.66117,0.579175,0,0.580237,0
2.66142,0.609487,0,0.613748,0
2.66167,0.575764,0,0.573278,0
2.66192,0.493692,0,0.494387,0
2.66217,0.385483,0,0.390049,0
2.66242,0.274562,0,0.271618,0
2.66267,0.179955,0,0.18129,0
2.66292,0.112238,0,0.110065,0
2.66317,0.0718505,0,0.072682,0
2.66342,0.0493095,0,0.0536475,0
2.66367,0.0292206,0,0.0312261,0
2.66392,-0.00535052,0,-0.00311367,0
2.66417,-0.0672882,0,-0.070512,0
2.66442,-0.161641,0,-0.163578,0
2.66467,-0.282543,0,-0.284104,0
2.66492,-0.414605,0,-0.417809,0
2.66517,-0.535039,0,-0.530953,0
2.66542,-0.619147,0,-0.6149,0
2.66567,-0.645788,0,-0.65006,0
2.66592,-0.602654,0,-0.603653,0
2.66617,-0.489462,0,-0.493578,0
2.66642,-0.31844,0,-0.314945,0
2.66667,-0.112835,0,-0.111471,0
2.66692,0.0987855,0,0.0983402,0
2.66717,0.286882,0,0.289223,0
2.66742,0.428079,0,0.42864,0
2.66767,0.508663,0,0.505526,0
2.66792,0.527391,0,0.529601,0
2.66817,0.4945,0,0.489538,0
2.66842,0.42833,0,0.432878,0
2.66867,0.350655,0,0.348789,0
2.66892,0.280915,0,0.278891,0
2.66917,0.231397,0,0.228796,0
2.66942,0.204975,0,0.203794,0
2.66967,0.194324,0,0.196491,0
2.66992,0.184953,0,0.183376,0
2.67017,0.159318,0,0.158197,0
2.67042,0.102364,0,0.102634,0
2.67067,0.00582723,0,0.00406516,0
2.67092,-0.12773,0,-0.130292,0
2.67117,-0.285403,0,-0.286684,0
2.67142,-0.445039,0,-0.445114,0
2.67167,-0.580411,0,-0.584615,0
2.67192,-0.666292,0,-0.662071,0
2.67217,-0.684666,0,-0.687257,0
2.67242,-0.628391,0,-0.629081,0
2.67267,-0.503271,0,-0.50816,0
2.67292,-0.327401,0,-0.32464,0
2.67317,-0.126639,0,-0.122128,0
2.67342,0.0695515,0,0.0701887,0
2.67367,0.235223,0,0.239625,0
2.67392,0.352087,0,0.351818,0
2.67417,0.413654,0,0.40963,0
2.67442,0.424533,0,0.423056,0
2.67467,0.399297,0,0.404124,0
2.67492,0.357218,0,0.357011,0
2.67517,0.317512,0,0.316472,0
2.67542,0.293656,0,0.297784,0
2.67567,0.290451,0,0.287304,0
2.67592,0.302689,0,0.303279,0
2.67617,0.316473,0,0.318589,0
2.67642,0.313962,0,0.318766,0
2.67667,0.27733,0,0.279517,0
2.67692,0.195139,0,0.199875,0
2.67717,0.0653364,0,0.0694825,0
2.67742,-0.102272,0,-0.103895,0
2.67767,-0.287899,0,-0.288466,0
2.67792,-0.465014,0,-0.468185,0
2.67817,-0.605496,0,-0.602385,0
2.67842,-0.686353,0,-0.68173,0
2.67867,-0.693753,0,-0.69744,0
2.67893,-0.626612,0,-0.630127,0
2.67918,-0.496693,0,-0.497559,0
2.67943,-0.325943,0,-0.330915,0
2.67968,-0.141731,0,-0.137771,0
2.67993,0.0289678,0,0.0242163,0
2.68018,0.164766,0,0.165283,0
2.68043,0.254673,0,0.252977,0
2.68068,0.298532,0,0.301149,0
2.68093,0.306899,0,0.311301,0
2.68118,0.296442,0,0.299857,0
2.68143,0.285729,0,0.286041,0
2.68168,0.288981,0,0.28487,0
2.68193,0.312922,0,0.316179,0
2.68218,0.354139,0,0.351631,0
2.68243,0.399856,0,0.401794,0
2.68268,0.431632,0,0.428928,0
2.68293,0.429389,0,0.433468,0
2.68318,0.377733,0,0.381768,0
2.68343,0.269824,0,0.267241,0
2.68368,0.11083,0,0.110555,0
2.68393,-0.0830453,0,-0.0839746,0
2.68418,-0.286296,0,-0.288579,0
2.68443,-0.46996,0,-0.472013,0
2.68468,-0.606641,0,-0.611227,0
2.68493,-0.67706,0,-0.674963,0
2.68518,-0.673031,0,-0.672902,0
2.68543,-0.599585,0,-0.602909,0
2.68568,-0.473389,0,-0.468841,0
2.68593,-0.318392,0,-0.318375,0
2.68618,-0.161191,0,-0.158379,0
2.68643,-0.0244633,0,-0.0236174,0
2.68668,0.0770019,0,0.07238,0
2.68693,0.139503,0,0.141042,0
2.68718,0.169406,0,0.168437,0
2.68743,0.181308,0,0.183715,0
2.68768,0.192522,0,0.189142,0
2.68793,0.218239,0,0.222238,0
2.68818,0.266997,0,0.270849,0
2.68843,0.337382,0,0.337053,0
2.68868,0.418119,0,0.417413,0
2.68893,0.490565,0,0.493659,0
2.68918,0.532723,0,0.5319,0
2.68943,0.525234,0,0.525674,0
2.68968,0.456095,0,0.460797,0
2.68993,0.324906,0,0.325671,0
2.69018,0.143075,0,0.140488,0
2.69043,-0.0668775,0,-0.0642548,0
2.69068,-0.276459,0,-0.274923,0
2.69093,-0.455905,0,-0.4587,0
2.69118,-0.581294,0,-0.583179,0
2.69143,-0.638037,0,-0.633714,0
2.69168,-0.624474,0,-0.628385,0
2.69193,-0.551146,0,-0.547073,0
2.69218,-0.437801,0,-0.442535,0
2.69243,-0.308928,0,-0.304721,0
2.69268,-0.18761,0,-0.187097,0
2.69293,-0.0907834,0,-0.0917997,0
2.69318,-0.0253625,0,-0.0232908,0
2.69343,0.0118161,0,0.0102309,0
2.69368,0.033039,0,0.0379215,0
2.69393,0.0547979,0,0.0540863,0
2.69418,0.0931669,0,0.0889584,0
2.69443,0.15844,0,0.158528,0
2.69468,0.251999,0,0.253071,0
2.69493,0.364455,0,0.36735,0
2.69518,0.477618,0,0.479521,0
2.69543,0.568385,0,0.567308,0
2.69568,0.613702,0,0.614241,0
2.69593,0.59655,0,0.599484,0
2.69618,0.510072,0,0.511813,0
2.69643,0.360196,0,0.355563,0
2.69668,0.164463,0,0.163906,0
2.69693,-0.050408,0,-0.0534645,0
2.69718,-0.254583,0,-0.255808,0
2.69743,-0.420518,0,-0.417229,0
2.69768,-0.528661,0,-0.529123,0
2.69793,-0.570998,0,-0.570044,0
2.69818,-0.551811,0,-0.552323,0
2.69843,-0.486005,0,-0.488347,0
2.69868,-0.394963,0,-0.39163,0
2.69893,-0.301077,0,-0.29633,0
2.69918,-0.222377,0,-0.219608,0
2.69943,-0.168208,0,-0.16998,0
2.69968,-0.138047,0,-0.136381,0
2.69993,-0.12168,0,-0.117565,0
2.70018,-0.103359,0,-0.100056,0
2.70043,-0.0658148,0,-0.0651537,0
2.70068,0.0032605,0,0.0020915,0
2.70093,0.108407,0,0.107667,0
2.70118,0.242969,0,0.240932,0
2.70143,0.390416,0,0.386679,0
2.70168,0.527154,0,0.527279,0
2.70193,0.627533,0,0.625365,0
2.70218,0.669618,0,0.672876,0
2.70243,0.640367,0,0.63554,0
2.70268,0.539044,0,0.540084,0
2.70293,0.377441,0,0.374266,0
2.70318,0.178325,0,0.176915,0
2.70343,-0.029739,0,-0.0276215,0
2.70369,-0.217765,0,-0.216549,0
2.70394,-0.362454,0,-0.363789,0
2.70419,-0.450078,0,-0.449366,0
2.70444,-0.479453,0,-0.477189,0
2.70469,-0.460061,0,-0.458131,0
2.70494,-0.40989,0,-0.407741,0
2.70519,-0.349647,0,-0.350574,0
2.70544,-0.297699,0,-0.295305,0
2.70569,-0.265266,0,-0.264637,0
2.70594,-0.253797,0,-0.249985,0
2.70619,-0.255217,0,-0.254503,0
2.70644,-0.253984,0,-0.258508,0
2.70669,-0.232214,0,-0.228309,0
2.70694,-0.174565,0,-0.174002,0
2.70719,-0.0733797,0,-0.0710247,0
2.70744,0.0687981,0,0.0665506,0
2.70769,0.237775,0,0.241687,0
2.70794,0.411065,0,0.414154,0
2.70819,0.561488,0,0.56223,0
2.70844,0.663069,0,0.662237,0
2.70869,0.696962,0,0.69884,0
2.70894,0.65552,0,0.653085,0
2.70919,0.543944,0,0.548673,0
2.70944,0.379648,0,0.374797,0
2.70969,0.188255,0,0.183439,0
2.70994,-0.00160895,0,0.00263461,0
2.71019,-0.164369,0,-0.161423,0
2.71044,-0.282112,0,-0.27946,0
2.71069,-0.348485,0,-0.351464,0
2.71094,-0.368223,0,-0.363878,0
2.71119,-0.355371,0,-0.354476,0
2.71144,-0.328582,0,-0.330636,0
2.71169,-0.306119,0,-0.302605,0
2.71194,-0.300405,0,-0.295973,0
2.71219,-0.314913,0,-0.313525,0
2.71244,-0.343233,0,-0.341303,0
2.71269,-0.370537,0,-0.37062,0
2.71294,-0.377861,0,-0.378644,0
2.71319,-0.347195,0,-0.342741,0
2.71344,-0.26682,0,-0.271817,0
2.71369,-0.134783,0,-0.136458,0
2.71394,0.0386399,0,0.0391757,0
2.71419,0.233354,0,0.23732,0
2.71444,0.421898,0,0.425019,0
2.71469,0.57594,0,0.577343,0
2.71494,0.67141,0,0.666772,0
2.71519,0.694233,0,0.698797,0
2.71544,0.642598,0,0.644703,0
2.71569,0.527565,0,0.526909,0
2.71594,0.370471,0,0.367806,0
2.71619,0.197973,0,0.19311,0
2.71644,0.0363769,0,0.0353743,0
2.71669,-0.0939376,0,-0.0901791,0
2.71694,-0.182017,0,-0.177318,0
2.71719,-0.228654,0,-0.231075,0
2.71744,-0.243814,0,-0.240964,0
2.71769,-0.244244,0,-0.240295,0
2.71794,-0.247703,0,-0.245529,0
2.71819,-0.267614,0,-0.266041,0
2.71844,-0.309419,0,-0.305517,0
2.71869,-0.368497,0,-0.370737,0
2.71894,-0.431019,0,-0.430745,0
2.71919,-0.47719,0,-0.479618,0
2.71944,-0.486458,0,-0.491056,0
2.71969,-0.442791,0,-0.438875,0
2.71994,-0.339118,0,-0.336471,0
2.72019,-0.180657,0,-0.183656,0
2.72044,0.0162508,0,0.0153576,0
2.72069,0.225765,0,0.230623,0
2.72094,0.418556,0,0.422528,0
2.72119,0.566835,0,0.565343,0
2.72144,0.650757,0,0.654097,0
2.72169,0.661726,0,0.656932,0
2.72194,0.604165,0,0.599537,0
2.72219,0.493909,0,0.489717,0
2.72244,0.354415,0,0.35917,0
2.72269,0.211062,0,0.214599,0
2.72294,0.085732,0,0.0866242,0
2.72319,-0.00762753,0,-0.00521941,0
2.72344,-0.0660891,0,-0.0630647,0
2.72369,-0.0963488,0,-0.0923178,0
2.72394,-0.113133,0,-0.112755,0
2.72419,-0.133399,0,-0.131084,0
2.72444,-0.172017,0,-0.175225,0
2.72469,-0.236165,0,-0.237875,0
2.72494,-0.323662,0,-0.319053,0
2.72519,-0.422001,0,-0.419416,0
2.72544,-0.511199,0,-0.506944,0
2.72569,-0.568626,0,-0.570163,0
2.72594,-0.573895,0,-0.574324,0
2.72619,-0.514748,0,-0.510848,0
2.72644,-0.39007,0,-0.387229,0
2.72669,-0.211694,0,-0.207338,0
2.72694,-0.00153536,0,0.00201096,0
2.72719,0.211307,0,0.206334,0
2.72744,0.397448,0,0.395536,0
2.72769,0.532147,0,0.529389,0
2.72794,0.600989,0,0.596079,0
2.72819,0.601749,0,0.604701,0
2.72845,0.544254,0,0.545985,0
2.7287,0.447803,0,0.44545,0
2.72895,0.335639,0,0.338679,0
2.7292,0.229935,0,0.229224,0
2.72945,0.146546,0,0.149571,0
2.7297,0.0913827,0,0.0933045,0
2.72995,0.0605185,0,0.0575439,0
2.7302,0.0411618,0,0.0430843,0
2.73045,0.0167547,0,0.0150138,0
2.7307,-0.0288015,0,-0.0302026,0
2.73095,-0.104973,0,-0.106931,0
2.7312,-0.212406,0,-0.209029,0
2.73145,-0.340683,0,-0.342999,0
2.7317,-0.470684,0,-0.471087,0
2.73195,-0.577975,0,-0.582799,0
2.7322,-0.638943,0,-0.639286,0
2.73245,-0.635718,0,-0.636929,0
2.7327,-0.560895,0,-0.562648,0
2.73295,-0.42006,0,-0.417524,0
2.7332,-0.230392,0,-0.226267,0
2.73345,-0.0184105,0,-0.0181202,0
2.7337,0.186271,0,0.189427,0
2.73395,0.355971,0,0.352839,0
2.7342,0.471449,0,0.473631,0
2.73445,0.524163,0,0.52052,0
2.7347,0.518299,0,0.520232,0
2.73495,0.468184,0,0.467591,0
2.7352,0.394275,0,0.389804,0
2.73545,0.317988,0,0.318915,0
2.7357,0.256138,0,0.261002,0
2.73595,0.217086,0,0.219758,0
2.7362,0.198959,0,0.196968,0
2.73645,0.191047,0,0.187871,0
2.7367,0.176632,0,0.174923,0
2.73695,0.13878,0,0.137573,0
2.7372,0.0646841,0,0.0646059,0
2.73745,-0.049056,0,-0.0455952,0
2.7377,-0.195551,0,-0.194152,0
2.73795,-0.357135,0,-0.353977,0
2.7382,-0.50927,0,-0.508814,0
2.73845,-0.62566,0,-0.626299,0
2.7387,-0.683465,0,-0.684551,0
2.73895,-0.668989,0,-0.666294,0
2.7392,-0.580926,0,-0.580067,0
2.73945,-0.430551,0,-0.425984,0
2.7397,-0.240158,0,-0.235434,0
2.73995,-0.0378153,0,-0.0425713,0
2.7402,0.147638,0,0.151338,0
2.74045,0.293459,0,0.297449,0
2.7407,0.386,0,0.38243,0
2.74095,0.423977,0,0.423383,0
2.7412,0.416795,0,0.413661,0
2.74145,0.381652,0,0.386082,0
2.7417,0.338447,0,0.336642,0
2.74195,0.304499,0,0.301345,0
2.7422,0.28981,0,0.291912,0
2.74245,0.294561,0,0.290599,0
2.7427,0.309616,0,0.309592,0
2.74295,0.31855,0,0.319007,0
2.7432,0.302957,0,0.300314,0
2.74345,0.247045,0,0.248603,0
2.7437,0.143472,0,0.140735,0
2.74395,-0.00492532,0,-0.00511032,0
2.7442,-0.183457,0,-0.179586,0
2.74445,-0.36878,0,-0.370825,0
2.7447,-0.533016,0,-0.531429,0
2.74495,-0.649656,0,-0.648004,0
2.7452,-0.699041,0,-0.703814,0
2.74545,-0.672919,0,-0.671201,0
2.7457,-0.575972,0,-0.577302,0
2.74595,-0.424813,0,-0.42774,0
2.7462,-0.244614,0,-0.244841,0
2.74645,-0.0632777,0,-0.066491,0
2.7467,0.0940797,0,0.0909256,0
2.74695,0.210423,0,0.206006,0
2.7472,0.279248,0,0.276515,0
2.74745,0.305733,0,0.307017,0
2.7477,0.303534,0,0.302476,0
2.74795,0.290754,0,0.291247,0
2.7482,0.284799,0,0.284702,0
2.74845,0.296962,0,0.295076,0
2.7487,0.329502,0,0.330309,0
2.74895,0.37477,0,0.379714,0
2.7492,0.416859,0,0.417707,0
2.74945,0.435985,0,0.440441,0
2.7497,0.413312,0,0.413539,0
2.74995,0.337078,0,0.332366,0
2.7502,0.205252,0,0.204893,0
2.75045,0.0282624,0,0.0330106,0
2.7507,-0.173189,0,-0.16887,0
2.75095,-0.371379,0,-0.37569,0
2.7512,-0.537402,0,-0.53493,0
2.75145,-0.646655,0,-0.645539,0
2.7517,-0.684468,0,-0.681395,0
2.75195,-0.648483,0,-0.649255,0
2.7522,-0.54912,0,-0.554064,0
2.75245,-0.406953,0,-0.407486,0
2.7527,-0.24779,0,-0.245682,0
2.75295,-0.09731,0,-0.100413,0
2.75321,0.0251179,0,0.0211917,0
2.75346,0.109151,0,0.106623,0
2.75371,0.155946,0,0.153829,0
2.75396,0.175875,0,0.177176,0
2.75421,0.18534,0,0.185176,0
2.75446,0.201346,0,0.200357,0
2.75471,0.236788,0,0.238168,0
2.75496,0.295803,0,0.296544,0
2.75521,0.3727,0,0.369373,0
2.75546,0.452433,0,0.4527,0
2.75571,0.514178,0,0.512644,0
2.75596,0.536433,0,0.534155,0
2.75621,0.502576,0,0.504413,0
2.75646,0.405462,0,0.409847,0
2.75671,0.249711,0,0.24631,0
2.75696,0.0523719,0,0.054271,0
2.75721,-0.161207,0,-0.163571,0
2.75746,-0.360918,0,-0.356944,0
2.75771,-0.5191,0,-0.521968,0
2.75796,-0.615182,0,-0.61714,0
2.75821,-0.64038,0,-0.644056,0
2.75846,-0.598492,0,-0.60237,0
2.75871,-0.50463,0,-0.507877,0
2.75896,-0.38136,0,-0.384803,0
2.75921,-0.253343,0,-0.249622,0
2.75946,-0.141226,0,-0.143052,0
2.75971,-0.0580651,0,-0.0567448,0
2.75996,-0.00607446,0,-0.0053665,0
2.76021,0.0222261,0,0.0203095,0
2.76046,0.0415604,0,0.0436621,0
2.76071,0.0688065,0,0.0701809,0
2.76096,0.11831,0,0.120666,0
2.76121,0.196508,0,0.194879,0
2.76146,0.300139,0,0.299667,0
2.76171,0.415584,0,0.41219,0
2.76196,0.5219,0,0.519371,0
2.76221,0.595155,0,0.594778,0
2.76246,0.614489,0,0.610123,0
2.76271,0.566922,0,0.562379,0
2.76296,0.450958,0,0.455763,0
2.76321,0.278082,0,0.282097,0
2.76346,0.0703354,0,0.066699,0
2.76371,-0.143489,0,-0.139616,0
2.76396,-0.333917,0,-0.330424,0
2.76421,-0.476126,0,-0.478962,0
2.76446,-0.555552,0,-0.553912,0
2.76471,-0.569441,0,-0.564846,0
2.76496,-0.527331,0,-0.524782,0
2.76521,-0.447538,0,-0.452213,0
2.76546,-0.352702,0,-0.349231,0
2.76571,-0.263712,0,-0.259066,0
2.76596,-0.195213,0,-0.195354,0
2.76621,-0.152383,0,-0.152848,0
2.76646,-0.12986,0,-0.134213,0
2.76671,-0.114837,0,-0.112153,0
2.76696,-0.0899617,0,-0.0907918,0
2.76721,-0.0397563,0,-0.0413259,0
2.76746,0.0454042,0,0.0424396,0
2.76771,0.164877,0,0.162482,0
2.76796,0.307683,0,0.306943,0
2.76821,0.453638,0,0.454762,0
2.76846,0.577407,0,0.575714,0
2.76871,0.654273,0,0.654169,0
2.76896,0.665865,0,0.669551,0
2.76921,0.604121,0,0.602053,0
2.76946,0.474048,0,0.4762,0
2.76971,0.292665,0,0.295765,0
2.76996,0.085926,0,0.0877734,0
2.77021,-0.116763,0,-0.114258,0
2.77046,-0.287981,0,-0.285353,0
2.77071,-0.408509,0,-0.405563,0
2.77096,-0.469854,0,-0.472965,0
2.77121,-0.475934,0,-0.473602,0
2.77146,-0.440443,0,-0.441763,0
2.77171,-0.383393,0,-0.38394,0
2.77196,-0.324871,0,-0.325166,0
2.77221,-0.280666,0,-0.276823,0
2.77246,-0.257941,0,-0.256645,0
2.77271,-0.253583,0,-0.249714,0
2.77296,-0.256044,0,-0.252084,0
2.77321,-0.247924,0,-0.250784,0
2.77346,-0.211961,0,-0.212583,0
2.77371,-0.135413,0,-0.13229,0
2.77396,-0.015182,0,-0.0173065,0
2.77421,0.141199,0,0.144919,0
2.77446,0.315309,0,0.311127,0
2.77471,0.48196,0,0.479261,0
2.77496,0.613609,0,0.616652,0
2.77521,0.687105,0,0.688736,0
2.77546,0.687953,0,0.692522,0
2.77571,0.614109,0,0.618775,0
2.77596,0.476634,0,0.473295,0
2.77621,0.296821,0,0.294107,0
2.77646,0.102614,0,0.099861,0
2.77671,-0.0781342,0,-0.0801952,0
2.77696,-0.22251,0,-0.224554,0
2.77721,-0.317795,0,-0.315477,0
2.77746,-0.362282,0,-0.361963,0
2.77771,-0.365526,0,-0.361966,0
2.77797,-0.344161,0,-0.348091,0
2.77822,-0.317248,0,-0.313549,0
2.77847,-0.301103,0,-0.302156,0
2.77872,-0.30449,0,-0.304894,0
2.77897,-0.326452,0,-0.330819,0
2.77922,-0.356459,0,-0.357744,0
2.77947,-0.377363,0,-0.380052,0
2.77972,-0.369992,0,-0.370517,0
2.77997,-0.318257,0,-0.321369,0
2.78022,-0.214663,0,-0.217735,0
2.78047,-0.0623987,0,-0.0594815,0
2.78072,0.123437,0,0.123779,0
2.78097,0.319048,0,0.323995,0
2.78122,0.495627,0,0.498834,0
2.78147,0.62636,0,0.629462,0
2.78172,0.69085,0,0.689311,0
2.78197,0.680232,0,0.679278,0
2.78222,0.598656,0,0.594717,0
2.78247,0.461985,0,0.460145,0
2.78272,0.294693,0,0.299676,0
2.78297,0.123906,0,0.12579,0
2.78322,-0.0258089,0,-0.0268155,0
2.78347,-0.138232,0,-0.136154,0
2.78372,-0.207258,0,-0.20909,0
2.78397,-0.23827,0,-0.23804,0
2.78422,-0.244696,0,-0.246594,0
2.78447,-0.244547,0,-0.239583,0
2.78472,-0.253924,0,-0.254904,0
2.78497,-0.28342,0,-0.287316,0
2.78522,-0.334004,0,-0.333826,0
2.78547,-0.396677,0,-0.392683,0
2.78572,-0.454644,0,-0.451265,0
2.78597,-0.486945,0,-0.491146,0
2.78622,-0.47441,0,-0.478377,0
2.78647,-0.404366,0,-0.404269,0
2.78672,-0.275244,0,-0.272493,0
2.78697,-0.0970517,0,-0.0973386,0
2.78722,0.108877,0,0.105054,0
2.78747,0.314648,0,0.309862,0
2.78772,0.490822,0,0.486579,0
2.78797,0.612626,0,0.617066,0
2.78822,0.66461,0,0.668201,0
2.78847,0.64411,0,0.641413,0
2.78872,0.560801,0,0.565116,0
2.78897,0.434491,0,0.43433,0
2.78922,0.290167,0,0.287779,0
2.78947,0.152521,0,0.150654,0
2.78972,0.0401657,0,0.04204,0
2.78997,-0.0374875,0,-0.0420568,0
2.79022,-0.0821292,0,-0.0792389,0
2.79047,-0.104322,0,-0.100398,0
2.79072,-0.120696,0,-0.118187,0
2.79097,-0.14752,0,-0.145133,0
2.79122,-0.197044,0,-0.196616,0
2.79147,-0.272413,0,-0.274384,0
2.79172,-0.366709,0,-0.368666,0
2.79197,-0.463809,0,-0.468766,0
2.79222,-0.541822,0,-0.54495,0
2.79247,-0.578397,0,-0.579152,0
2.79272,-0.556079,0,-0.555327,0
2.79297,-0.467469,0,-0.466787,0
2.79322,-0.316909,0,-0.31899,0
2.79347,-0.121275,0,-0.11692,0
2.79372,0.0937667,0,0.0915113,0
2.79397,0.29827,0,0.300971,0
2.79422,0.464316,0,0.464629,0
2.79447,0.571069,0,0.572346,0
2.79472,0.60941,0,0.604672,0
2.79497,0.582636,0,0.579143,0
2.79522,0.505186,0,0.501448,0
2.79547,0.398802,0,0.395676,0
2.79572,0.287027,0,0.289031,0
2.79597,0.189801,0,0.19074,0
2.79622,0.118686,0,0.117949,0
2.79647,0.0754046,0,0.0704693,0
2.79672,0.051473,0,0.0557426,0
2.79697,0.0319971,0,0.0353761,0
2.79722,-7.25235e-05,0,-0.000513477,0
2.79747,-0.0583296,0,-0.0613477,0
2.79772,-0.148955,0,-0.146435,0
2.79797,-0.267346,0,-0.264408,0
2.79822,-0.39914,0,-0.397832,0
2.79847,-0.52227,0,-0.521615,0
2.79872,-0.61189,0,-0.609012,0
2.79897,-0.646122,0,-0.648862,0
2.79922,-0.611545,0,-0.614848,0
2.79947,-0.506133,0,-0.507689,0
2.79972,-0.340996,0,-0.339945,0
2.79997,-0.137842,0,-0.135265,0
2.80022,0.0744444,0,0.0790118,0
2.80047,0.266803,0,0.262133,0
2.80072,0.414357,0,0.412745,0
2.80097,0.50245,0,0.498475,0
2.80122,0.528171,0,0.529613,0
2.80147,0.500525,0,0.500776,0
2.80172,0.437148,0,0.434838,0
2.80197,0.359724,0,0.361519,0
2.80222,0.288234,0,0.290639,0
2.80247,0.235977,0,0.236546,0
2.80273,0.207029,0,0.211641,0
2.80298,0.195156,0,0.194578,0
2.80323,0.186533,0,0.183496,0
2.80348,0.163694,0,0.158704,0
2.80373,0.111037,0,0.113286,0
2.80398,0.0192483,0,0.0225771,0
2.80423,-0.110412,0,-0.110183,0
2.80448,-0.266257,0,-0.265603,0
2.80473,-0.426981,0,-0.424615,0
2.80498,-0.566596,0,-0.565032,0
2.80523,-0.65947,0,-0.654783,0
2.80548,-0.686355,0,-0.683584,0
2.80573,-0.638819,0,-0.638815,0
2.80598,-0.521079,0,-0.524703,0
2.80623,-0.349863,0,-0.347846,0
2.80648,-0.150591,0,-0.1479,0
2.80673,0.047598,0,0.0473717,0
2.80698,0.218013,0,0.22095,0
2.80723,0.341197,0,0.346177,0
2.80748,0.409255,0,0.409005,0
2.80773,0.425489,0,0.426023,0
2.80798,0.403555,0,0.402602,0
2.80823,0.362399,0,0.359137,0
2.80848,0.321557,0,0.325937,0
2.80873,0.295388,0,0.296768,0
2.80898,0.289873,0,0.287786,0
2.80923,0.300822,0,0.303581,0
2.80948,0.315395,0,0.318839,0
2.80973,0.315704,0,0.315954,0
2.80998,0.283958,0,0.28413,0
2.81023,0.20734,0,0.209106,0
2.81048,0.0829445,0,0.0868386,0
2.81073,-0.0811406,0,-0.0811646,0
2.81098,-0.26594,0,-0.262664,0
2.81123,-0.445544,0,-0.445767,0
2.81148,-0.591739,0,-0.594554,0
2.81173,-0.680493,0,-0.679387,0
2.81198,-0.696852,0,-0.700778,0
2.81223,-0.638113,0,-0.637182,0
2.81248,-0.514609,0,-0.512661,0
2.81273,-0.3473,0,-0.345901,0
2.81298,-0.1632,0,-0.159822,0
2.81323,0.0103639,0,0.00590873,0
2.81348,0.151064,0,0.152985,0
2.81373,0.246606,0,0.248249,0
2.81398,0.295509,0,0.29857,0
2.81423,0.307275,0,0.307232,0
2.81448,0.298046,0,0.297994,0
2.81473,0.286507,0,0.285293,0
2.81498,0.287567,0,0.287455,0
2.81523,0.309048,0,0.310299,0
2.81548,0.34872,0,0.352595,0
2.81573,0.394879,0,0.393183,0
2.81598,0.429273,0,0.424474,0
2.81623,0.431966,0,0.427369,0
2.81648,0.386691,0,0.383237,0
2.81673,0.285358,0,0.287368,0
2.81698,0.131765,0,0.127725,0
2.81723,-0.0591954,0,-0.0574496,0
2.81748,-0.262818,0,-0.264468,0
2.81773,-0.450304,0,-0.44533,0
2.81798,-0.593703,0,-0.591905,0
2.81823,-0.672566,0,-0.669201,0
2.81848,-0.677327,0,-0.677464,0
2.81873,-0.611408,0,-0.611438,0
2.81898,-0.490261,0,-0.494546,0
2.81923,-0.337324,0,-0.3355,0
2.81948,-0.179011,0,-0.180432,0
2.81973,-0.0390132,0,-0.0344746,0
2.81998,0.0671222,0,0.071485,0
2.82023,0.133952,0,0.129882,0
2.82048,0.167169,0,0.168913,0
2.82073,0.180199,0,0.176031,0
2.82098,0.190641,0,0.191135,0
2.82123,0.214106,0,0.214692,0
2.82148,0.260021,0,0.255988,0
2.82173,0.328249,0,0.323504,0
2.82198,0.408709,0,0.404199,0
2.82223,0.483171,0,0.487682,0
2.82248,0.529998,0,0.52577,0
2.82273,0.529164,0,0.529269,0
2.82298,0.467547,0,0.468249,0
2.82323,0.343304,0,0.33938,0
2.82348,0.166443,0,0.163499,0
2.82373,-0.0415986,0,-0.0435367,0
2.82398,-0.252809,0,-0.257253,0
2.82423,-0.437191,0,-0.439863,0
2.82448,-0.56994,0,-0.573008,0
2.82473,-0.635099,0,-0.635095,0
2.82498,-0.629496,0,-0.633757,0
2.82523,-0.562316,0,-0.561046,0
2.82548,-0.452441,0,-0.451292,0
2.82573,-0.324115,0,-0.319644,0
2.82598,-0.20086,0,-0.200714,0
2.82623,-0.100589,0,-0.103596,0
2.82648,-0.0314218,0,-0.0329588,0
2.82673,0.00858412,0,0.0109882,0
2.82698,0.0308796,0,0.0349064,0
2.82723,0.0515924,0,0.0550399,0
2.82749,0.0873997,0,0.091495,0
2.82774,0.149224,0,0.146727,0
2.82799,0.239738,0,0.240239,0
2.82824,0.350754,0,0.352706,0
2.82849,0.464967,0,0.467958,0
2.82874,0.559636,0,0.559494,0
2.82899,0.611395,0,0.608942,0
2.82924,0.602139,0,0.597575,0
2.82949,0.523855,0,0.526509,0
2.82974,0.380655,0,0.380991,0
2.82999,0.189179,0,0.193068,0
2.83024,-0.0250882,0,-0.0213713,0
2.83049,-0.231937,0,-0.232509,0
2.83074,-0.403704,0,-0.407186,0
2.83099,-0.519316,0,-0.519715,0
2.83124,-0.569422,0,-0.569884,0
2.83149,-0.556789,0,-0.560314,0
2.83174,-0.495521,0,-0.497172,0
2.83199,-0.406246,0,-0.409375,0
2.83224,-0.311626,0,-0.312218,0
2.83249,-0.230447,0,-0.233188,0
2.83274,-0.173218,0,-0.169625,0
2.83299,-0.140597,0,-0.145202,0
2.83324,-0.123346,0,-0.124843,0
2.83349,-0.106178,0,-0.102242,0
2.83374,-0.0716617,0,-0.0758141,0
2.83399,-0.00674156,0,-0.00557242,0
2.83424,0.0942886,0,0.0894666,0
2.83449,0.226054,0,0.226739,0
2.83474,0.373112,0,0.372164,0
2.83499,0.512453,0,0.509115,0
2.83524,0.618378,0,0.617361,0
2.83549,0.668211,0,0.668842,0
2.83574,0.647649,0,0.642762,0
2.83599,0.554439,0,0.557072,0
2.83624,0.398923,0,0.401288,0
2.83649,0.202812,0,0.201599,0
2.83674,-0.0058425,0,-0.00614425,0
2.83699,-0.197513,0,-0.197527,0
2.83724,-0.348244,0,-0.351014,0
2.83749,-0.442889,0,-0.440849,0
2.83774,-0.478754,0,-0.482007,0
2.83799,-0.464351,0,-0.466708,0
2.83824,-0.416735,0,-0.417929,0
2.83849,-0.356619,0,-0.357998,0
2.83874,-0.302954,0,-0.29934,0
2.83899,-0.267924,0,-0.266475,0
2.83924,-0.254296,0,-0.250876,0
2.83949,-0.254825,0,-0.249896,0
2.83974,-0.254933,0,-0.25035,0
2.83999,-0.236368,0,-0.238313,0
2.84024,-0.183653,0,-0.181198,0
2.84049,-0.0875656,0,-0.0896619,0
2.84074,0.0502021,0,0.0462264,0
2.84099,0.217152,0,0.212506,0
2.84124,0.391313,0,0.388123,0
2.84149,0.545858,0,0.54719,0
2.84174,0.654344,0,0.649948,0
2.84199,0.696861,0,0.697344,0
2.84224,0.66426,0,0.666562,0
2.84249,0.560246,0,0.557516,0
2.84274,0.400946,0,0.400334,0
2.84299,0.211165,0,0.21468,0
2.84324,0.0197687,0,0.0155674,0
2.84349,-0.14731,0,-0.150969,0
2.84374,-0.270915,0,-0.269908,0
2.84399,-0.34331,0,-0.340982,0
2.84424,-0.367949,0,-0.371711,0
2.84449,-0.358007,0,-0.357393,0
2.84474,-0.331841,0,-0.32872,0
2.84499,-0.308072,0,-0.307555,0
2.84524,-0.300004,0,-0.301642,0
2.84549,-0.312269,0,-0.31378,0
2.84574,-0.339593,0,-0.343769,0
2.84599,-0.367957,0,-0.364581,0
2.84624,-0.378633,0,-0.375557,0
2.84649,-0.353219,0,-0.354175,0
2.84674,-0.279022,0,-0.274659,0
2.84699,-0.152765,0,-0.152495,0
2.84724,0.0167182,0,0.0127205,0
2.84749,0.210196,0,0.205739,0
2.84774,0.400962,0,0.396968,0
2.84799,0.560458,0,0.555928,0
2.84824,0.663802,0,0.666906,0
2.84849,0.695495,0,0.695002,0
2.84874,0.652293,0,0.649345,0
2.84899,0.543824,0,0.54498,0
2.84924,0.390305,0,0.387178,0
2.84949,0.218285,0,0.222665,0
2.84974,0.0540859,0,0.0577022,0
2.84999,-0.0805802,0,-0.0847567,0
2.85024,-0.173932,0,-0.170532,0
2.85049,-0.224981,0,-0.220826,0
2.85074,-0.243162,0,-0.240737,0
2.85099,-0.244378,0,-0.241453,0
2.85124,-0.246659,0,-0.250624,0
2.85149,-0.264158,0,-0.263722,0
2.85174,-0.30342,0,-0.302081,0
2.85199,-0.361016,0,-0.361729,0
2.85225,-0.424079,0,-0.427088,0
2.8525,-0.473363,0,-0.477697,0
2.85275,-0.487856,0,-0.484039,0
2.853,-0.451001,0,-0.446545,0
2.85325,-0.354366,0,-0.352899,0
2.8535,-0.201662,0,-0.203275,0
2.85375,-0.00813047,0,-0.0065391,0
2.854,0.201395,0,0.19817,0
2.85425,0.397693,0,0.401771,0
2.8545,0.552431,0,0.550185,0
2.85475,0.644624,0,0.644978,0
2.855,0.664199,0,0.66413,0
2.85525,0.614082,0,0.618229,0
2.8555,0.50891,0,0.512342,0
2.85575,0.371528,0,0.372802,0
2.856,0.227362,0,0.232292,0
2.85625,0.0989909,0,0.0955022,0
2.8565,0.00149309,0,-0.00119972,0
2.85675,-0.0609145,0,-0.0584956,0
2.857,-0.093834,0,-0.097815,0
2.85725,-0.111331,0,-0.115731,0
2.8575,-0.130313,0,-0.126343,0
2.85775,-0.166191,0,-0.162574,0
2.858,-0.227264,0,-0.230081,0
2.85825,-0.312477,0,-0.315802,0
2.8585,-0.410452,0,-0.411255,0
2.85875,-0.502009,0,-0.501392,0
2.859,-0.564221,0,-0.565803,0
2.85925,-0.576534,0,-0.572039,0
2.8595,-0.525199,0,-0.529948,0
2.85975,-0.407973,0,-0.408406,0
2.86,-0.234851,0,-0.235817,0
2.86025,-0.0271194,0,-0.0313423,0
2.8605,0.187093,0,0.1885,0
2.86075,0.377706,0,0.380811,0
2.861,0.519535,0,0.516617,0
2.86125,0.596504,0,0.593336,0
2.8615,0.604991,0,0.605887,0
2.86175,0.553491,0,0.550288,0
2.862,0.460453,0,0.463596,0
2.86225,0.348896,0,0.346912,0
2.8625,0.241442,0,0.236942,0
2.86275,0.154904,0,0.151373,0
2.863,0.0964816,0,0.0948782,0
2.86325,0.0632317,0,0.0639995,0
2.8635,0.0433411,0,0.0450746,0
2.86375,0.0204332,0,0.0192616,0
2.864,-0.0219359,0,-0.0205225,0
2.86425,-0.0943031,0,-0.0921951,0
2.8645,-0.198392,0,-0.20059,0
2.86475,-0.325052,0,-0.329805,0
2.865,-0.456062,0,-0.457145,0
2.86525,-0.567306,0,-0.56637,0
2.8655,-0.634828,0,-0.6373,0
2.86575,-0.639777,0,-0.636885,0
2.866,-0.573351,0,-0.577147,0
2.86625,-0.439607,0,-0.441594,0
2.8665,-0.254437,0,-0.249897,0
2.86675,-0.0435601,0,-0.0429375,0
2.867,0.163521,0,0.163967,0
2.86725,0.338529,0,0.340113,0
2.8675,0.461083,0,0.457808,0
2.86775,0.521197,0,0.519145,0
2.868,0.521665,0,0.521683,0
2.86825,0.475667,0,0.471626,0
2.8685,0.403492,0,0.40376,0
2.86875,0.32648,0,0.324184,0
2.869,0.262346,0,0.260632,0
2.86925,0.220496,0,0.224494,0
2.8695,0.200358,0,0.201729,0
2.86975,0.191947,0,0.193432,0
2.87,0.179332,0,0.182129,0
2.87025,0.144921,0,0.1492,0
2.8705,0.075586,0,0.0745663,0
2.87075,-0.0337345,0,-0.0384611,0
2.871,-0.177017,0,-0.175725,0
2.87125,-0.338079,0,-0.341472,0
2.8715,-0.492704,0,-0.490434,0
2.87175,-0.614623,0,-0.613467,0
2.872,-0.680245,0,-0.680636,0
2.87225,-0.674608,0,-0.679501,0
2.8725,-0.594858,0,-0.591537,0
2.87275,-0.450835,0,-0.446772,0
2.873,-0.263762,0,-0.267313,0
2.87325,-0.061279,0,-0.058859,0
2.8735,0.127496,0,0.127446,0
2.87375,0.278921,0,0.279316,0
2.874,0.378035,0,0.376438,0
2.87425,0.422149,0,0.417233,0
2.8745,0.419398,0,0.423974,0
2.87475,0.386607,0,0.388417,0
2.875,0.343342,0,0.345557,0
2.87525,0.30761,0,0.306495,0
2.8755,0.290431,0,0.288403,0
2.87575,0.293194,0,0.294967,0
2.876,0.307786,0,0.309943,0
2.87625,0.318398,0,0.320857,0
2.8765,0.306618,0,0.311309,0
2.87675,0.256021,0,0.258106,0
2.87701,0.158147,0,0.157728,0
2.87726,0.0144742,0,0.0184347,0
2.87751,-0.161569,0,-0.158159,0
2.87776,-0.347504,0,-0.350226,0
2.87801,-0.515681,0,-0.511651,0
2.87826,-0.63913,0,-0.634932,0
2.87851,-0.697105,0,-0.699385,0
2.87876,-0.679904,0,-0.680431,0
2.87901,-0.590617,0,-0.591192,0
2.87926,-0.444724,0,-0.445305,0
2.87951,-0.266424,0,-0.263025,0
2.87976,-0.0838486,0,-0.0838706,0
2.88001,0.0774565,0,0.0805285,0
2.88026,0.199075,0,0.19511,0
2.88051,0.273553,0,0.27751,0
2.88076,0.304351,0,0.308254,0
2.88101,0.304728,0,0.302353,0
2.88126,0.292216,0,0.290284,0
2.88151,0.284717,0,0.281936,0
2.88176,0.29442,0,0.292269,0
2.88201,0.32477,0,0.327478,0
2.88226,0.369229,0,0.374084,0
2.88251,0.412686,0,0.41574,0
2.88276,0.435562,0,0.430923,0
2.88301,0.418588,0,0.416274,0
2.88326,0.348999,0,0.353875,0
2.88351,0.223409,0,0.22438,0
2.88376,0.0508515,0,0.0524933,0
2.88401,-0.149073,0,-0.146782,0
2.88426,-0.349177,0,-0.35237,0
2.88451,-0.520409,0,-0.519612,0
2.88476,-0.637328,0,-0.632543,0
2.88501,-0.683913,0,-0.68034,0
2.88526,-0.656323,0,-0.651867,0
2.88551,-0.563514,0,-0.560315,0
2.88576,-0.425094,0,-0.428052,0
2.88601,-0.266536,0,-0.267184,0
2.88626,-0.113869,0,-0.112535,0
2.88651,0.0126186,0,0.0138418,0
2.88676,0.101326,0,0.101211,0
2.88701,0.152135,0,0.148611,0
2.88726,0.174445,0,0.179439,0
2.88751,0.184219,0,0.188835,0
2.88776,0.198648,0,0.195139,0
2.88801,0.231393,0,0.230706,0
2.88826,0.287723,0,0.285878,0
2.88851,0.363135,0,0.362142,0
2.88876,0.443537,0,0.447068,0
2.88901,0.508598,0,0.509391,0
2.88926,0.536453,0,0.534825,0
2.88951,0.509891,0,0.505183,0
2.88976,0.420136,0,0.425035,0
2.89001,0.270743,0,0.273051,0
2.89026,0.0769138,0,0.0789631,0
2.89051,-0.136089,0,-0.13816,0
2.89076,-0.339077,0,-0.341636,0
2.89101,-0.503318,0,-0.501622,0
2.89126,-0.607502,0,-0.610652,0
2.89151,-0.641094,0,-0.637022,0
2.89176,-0.606514,0,-0.608294,0
2.89201,-0.517691,0,-0.516052,0
2.89226,-0.396589,0,-0.398094,0
2.89251,-0.267935,0,-0.26362,0
2.89276,-0.15307,0,-0.154845,0
2.89301,-0.0661694,0,-0.0711572,0
2.89326,-0.0107115,0,-0.00661095,0
2.89351,0.019714,0,0.016724,0
2.89376,0.0392215,0,0.0391698,0
2.89401,0.0646824,0,0.064916,0
2.89426,0.111051,0,0.108901,0
2.89451,0.185826,0,0.184758,0
2.89476,0.286984,0,0.284551,0
2.89501,0.402008,0,0.404735,0
2.89526,0.510631,0,0.512573,0
2.89551,0.589043,0,0.591802,0
2.89576,0.615522,0,0.610707,0
2.89601,0.576153,0,0.577689,0
2.89626,0.467887,0,0.46793,0
2.89651,0.300752,0,0.301457,0
2.89676,0.0956952,0,0.0916541,0
2.89701,-0.118988,0,-0.119124,0
2.89726,-0.313611,0,-0.31259,0
2.89751,-0.462476,0,-0.458417,0
2.89776,-0.549685,0,-0.548491,0
2.89801,-0.571006,0,-0.573039,0
2.89826,-0.534675,0,-0.53722,0
2.89851,-0.458169,0,-0.458833,0
2.89876,-0.363962,0,-0.361434,0
2.89901,-0.273324,0,-0.268885,0
2.89926,-0.20201,0,-0.198148,0
2.89951,-0.156164,0,-0.156534,0
2.89976,-0.131896,0,-0.135301,0
2.90001,-0.116756,0,-0.119029,0
2.90026,-0.09404,0,-0.0920234,0
