Time,Disturbance,Actuator,Error,RMS_E
0.400255,0.103546,0,0.106583,0
0.400505,0.430544,0,0.430438,0
0.400755,0.527151,0,0.528631,0
0.401005,0.42671,0,0.426931,0
0.401255,0.279632,0,0.282862,0
0.401505,0.204625,0,0.202263,0
0.401755,0.184694,0,0.182151,0
0.402005,0.100924,0,0.103588,0
0.402255,-0.130433,0,-0.132111,0
0.402505,-0.447672,0,-0.443606,0
0.402755,-0.66721,0,-0.669945,0
0.403005,-0.626913,0,-0.623035,0
0.403255,-0.324437,0,-0.319443,0
0.403505,0.0722109,0,0.0724431,0
0.403755,0.353294,0,0.35612,0
0.404005,0.424368,0,0.42473,0
0.404255,0.356711,0,0.351818,0
0.404505,0.293504,0,0.289064,0
0.404755,0.302856,0,0.298223,0
0.405005,0.313836,0,0.309471,0
0.405255,0.194163,0,0.190873,0
0.405505,-0.103826,0,-0.0988305,0
0.405755,-0.466261,0,-0.469571,0
0.406005,-0.686684,0,-0.690368,0
0.406255,-0.625962,0,-0.628218,0
0.406505,-0.324871,0,-0.328514,0
0.406755,0.029716,0,0.0256932,0
0.407005,0.254894,0,0.254144,0
0.407255,0.306829,0,0.302672,0
0.407505,0.285652,0,0.290525,0
0.407755,0.313,0,0.313572,0
0.408005,0.399991,0,0.399523,0
0.408255,0.429414,0,0.429905,0
0.408505,0.269862,0,0.267128,0
0.408755,-0.082867,0,-0.0869944,0
0.409005,-0.469657,0.00787402,-0.470201,0
0.409255,-0.676966,-0.0551181,-0.675792,0
0.409505,-0.599919,-0.244094,-0.598171,0
0.409755,-0.318963,-0.425197,-0.321817,0
0.410005,-0.0250422,-0.472441,-0.0272851,0
0.410255,0.139181,-0.346457,0.14073,0
0.410505,0.181202,-0.125984,0.178076,0
0.410755,0.218014,0.0866142,0.197086,0
0.411005,0.336829,0.275591,0.293954,0
0.411255,0.490129,0.448819,0.431152,0
0.411505,0.525519,0.637795,0.45182,0
0.411755,0.32633,0.755906,0.248387,0
0.412005,-0.0647493,0.669291,-0.136163,0
0.412255,-0.454288,0.307087,-0.504826,0
0.412505,-0.637796,-0.291339,-0.647849,0
0.412755,-0.552267,-0.944882,-0.519643,0
0.413005,-0.310577,-1,-0.216531,0
0.413255,-0.0918825,-1,0.0479589,0
0.413505,0.0114443,-0.897638,0.174847,0
0.413755,0.0543277,-0.314961,0.208597,0
0.414005,0.157183,0.251969,0.272093,0
0.414255,0.362515,0.748031,0.408429,0
0.414505,0.56717,1,0.538786,0
0.414755,0.597469,1,0.485219,0
0.415005,0.363443,1,0.184721,0
0.415255,-0.0462459,1,-0.252936,0
0.415505,-0.417714,0.409449,-0.604161,0
0.415755,-0.570779,-0.708661,-0.715624,0
0.416005,-0.487731,-1,-0.551723,0
0.416255,-0.303057,-1,-0.277354,0
0.416505,-0.169208,-1,-0.0514553,0
0.416755,-0.122064,-1,0.0646543,0
0.417005,-0.0671172,-0.622047,0.148308,0
0.417255,0.105339,0.307087,0.3009,0
0.417506,0.386686,1,0.537025,0
0.417756,0.625557,1,0.696222,0
0.418006,0.642159,1,0.618412,0
0.418256,0.382624,1,0.28029,0
0.418506,-0.0239126,1,-0.172898,0
0.418756,-0.358944,0.732283,-0.520855,0
0.419006,-0.47926,-0.92126,-0.621568,0
0.419256,-0.41165,-1,-0.499929,0
0.419506,-0.29909,-1,-0.311544,0
0.419756,-0.253955,-1,-0.182566,0
0.420006,-0.254317,-1,-0.127771,0
0.420256,-0.177297,-1,-0.0272391,0
0.420506,0.0632975,-0.015748,0.208334,0
0.420756,0.405277,1,0.501395,0
0.421006,0.660515,1,0.69327,0
0.421256,0.658304,1,0.608666,0
0.421506,0.3864,1,0.265891,0
0.421756,0.0051849,1,-0.158349,0
0.422006,-0.278527,1,-0.449024,0
0.422256,-0.368166,-0.834646,-0.506017,0
0.422506,-0.32968,-1,-0.411513,0
0.422756,-0.300236,-1,-0.293283,0
0.423006,-0.341957,-1,-0.246751,0
0.423256,-0.37825,-1,-0.219429,0
0.423506,-0.27136,-1,-0.0841107,0
0.423756,0.0305002,-0.614173,0.210215,0
0.424006,0.414101,1,0.548305,0
0.424256,0.668629,1,0.731884,0
0.424506,0.64646,1,0.612126,0
0.424756,0.378365,1,0.258664,0
0.425006,0.0434232,1,-0.141615,0
0.425256,-0.178775,1,-0.382838,0
0.425506,-0.243502,-0.519685,-0.425705,0
0.425756,-0.247221,-1,-0.380412,0
0.426006,-0.306845,-1,-0.357791,0
0.426256,-0.428042,-1,-0.384425,0
0.426506,-0.487223,-1,-0.366271,0
0.426756,-0.346016,-1,-0.172618,0
0.427006,0.00526254,-1,0.177595,0
0.427256,0.409079,0.724409,0.560174,0
0.427506,0.648025,1,0.734122,0
0.427756,0.608884,1,0.617694,0
0.428006,0.362496,1,0.282073,0
0.428256,0.0920814,1,-0.058164,0
0.428506,-0.063521,1,-0.250302,0
0.428756,-0.112168,0.0866142,-0.297298,0
0.429006,-0.169007,-1,-0.30446,0
0.429256,-0.317992,-1,-0.381759,0
0.429506,-0.506587,-1,-0.482255,0
0.429756,-0.575385,-1,-0.475975,0
0.430006,-0.399544,-1,-0.243959,0
0.430256,-0.0150411,-1,0.152026,0
0.430506,0.386955,0.015748,0.533876,0
0.430756,0.598687,1,0.702323,0
0.431006,0.54939,1,0.570523,0
0.431256,0.34292,1,0.275249,0
0.431506,0.151144,1,0.0105373,0
0.431756,0.0620519,1,-0.129874,0
0.432006,0.0188733,0.96063,-0.172551,0
0.432256,-0.0987673,-1,-0.257265,0
0.432506,-0.33156,-1,-0.427929,0
0.432756,-0.571827,-1,-0.574259,0
0.433006,-0.63825,-1,-0.552286,0
0.433256,-0.431847,-1,-0.278529,0
0.433506,-0.033663,-1,0.152817,0
0.433756,0.345378,-0.88189,0.530185,0
0.434006,0.522399,1,0.659456,0
0.434256,0.472885,1,0.542771,0
0.434506,0.32332,1,0.292144,0
0.434756,0.219232,1,0.0998401,0
0.435006,0.191664,1,0.00539242,0
0.435256,0.142842,1,-0.0633609,0
0.435506,-0.0389396,-0.944882,-0.239048,0
0.435756,-0.344501,-1,-0.484909,0
0.436006,-0.618398,-1,-0.685878,0
0.436256,-0.672908,-1,-0.639673,0
0.436506,-0.444404,-1,-0.341714,0
0.436756,-0.0539231,-1,0.0948137,0
0.437006,0.283438,-1,0.43771,0
0.437256,0.422732,1,0.544327,0
0.437506,0.385089,1,0.452742,0
0.437756,0.306684,1,0.30031,0
0.438006,0.29364,1,0.20516,0
0.438256,0.318549,1,0.163205,0
0.438506,0.253731,1,0.0798813,0
0.438756,0.00942768,0.251969,-0.151259,0
0.439007,-0.353048,-1,-0.463687,0
0.439257,-0.641874,-1,-0.681606,0
0.439507,-0.678244,-1,-0.626023,0
0.439757,-0.439944,-1,-0.306847,0
0.440007,-0.0789987,-1,0.107129,0
0.440257,0.201745,-1,0.392172,0
0.440507,0.304715,1,0.469759,0
0.440757,0.29188,1,0.403011,0
0.441007,0.294934,1,0.319201,0
0.441257,0.370386,1,0.30344,0
0.441507,0.435667,1,0.29928,0
0.441757,0.346772,1,0.175869,0
0.442007,0.0466467,1,-0.124856,0
0.442257,-0.353269,-1,-0.482337,0
0.442507,-0.639027,-1,-0.700967,0
0.442757,-0.655042,-1,-0.63543,0
0.443007,-0.422159,-1,-0.305219,0
0.443257,-0.111243,-1,0.0652224,0
0.443507,0.102508,-1,0.306991,0
0.443757,0.174607,0,0.367782,0
0.444007,0.198998,1,0.333313,0
0.444257,0.288793,1,0.345046,0
0.444507,0.444694,1,0.409729,0
0.444757,0.536559,1,0.409998,0
0.445007,0.41854,1,0.236601,0
0.445257,0.0743504,1,-0.118674,0
0.445507,-0.341306,-0.433071,-0.510493,0
0.445757,-0.608262,-1,-0.718717,0
0.446007,-0.605795,-1,-0.637263,0
0.446257,-0.395355,-1,-0.337065,0
0.446507,-0.152172,-1,-0.0178514,0
0.446757,-0.0104258,-1,0.173997,0
0.447007,0.0392603,-1,0.226251,0
0.447257,0.111411,1,0.270144,0
0.447507,0.287679,1,0.377609,0
0.447757,0.511161,1,0.509629,0
0.448007,0.615559,1,0.526334,0
0.448257,0.467366,1,0.310875,0
0.448507,0.0949915,1,-0.0948791,0
0.448757,-0.313999,0.874016,-0.49386,0
0.449007,-0.549708,-1,-0.684054,0
0.449257,-0.534556,-1,-0.597903,0
0.449507,-0.36385,-1,-0.33297,0
0.449757,-0.202003,-1,-0.0777092,0
0.450007,-0.131946,-1,0.0545167,0
0.450257,-0.0940846,-1,0.119764,0
0.450507,0.033178,1,0.227307,0
0.450757,0.289831,1,0.430957,0
0.451007,0.564394,1,0.623417,0
0.451257,0.668331,1,0.63958,0
0.451507,0.493254,1,0.391159,0
0.451757,0.111832,1,-0.0387375,0
0.452007,-0.26916,1,-0.425925,0
0.452257,-0.465378,-1,-0.589652,0
0.452507,-0.446549,-1,-0.513541,0
0.452757,-0.331718,-1,-0.315874,0
0.453007,-0.259632,-1,-0.16802,0
0.453257,-0.255975,-1,-0.100044,0
0.453507,-0.218672,-1,-0.0387166,0
0.453757,-0.0330415,0.0708661,0.123307,0
0.454007,0.292483,1,0.402884,0
0.454257,0.599283,1,0.637704,0
0.454507,0.692194,1,0.645319,0
0.454757,0.497745,1,0.366003,0
0.455007,0.128236,1,-0.0430446,0
0.455257,-0.20587,1,-0.386617,0
0.455507,-0.358976,-1,-0.512047,0
0.455757,-0.3477,-1,-0.436077,0
0.456007,-0.302239,-1,-0.31027,0
0.456257,-0.322651,-1,-0.235222,0
0.456507,-0.375783,-1,-0.225994,0
0.456757,-0.328427,-1,-0.150818,0
0.457007,-0.0859824,-1,0.0848579,0
0.457257,0.292211,1,0.422764,0
0.457507,0.611677,1,0.669101,0
0.457757,0.686266,1,0.653328,0
0.458007,0.483812,1,0.355787,0
0.458257,0.147449,1,-0.0471121,0
0.458507,-0.124749,1,-0.33676,0
0.458757,-0.235665,0.00787402,-0.438298,0
0.459007,-0.244251,-1,-0.394826,0
0.459257,-0.277726,-1,-0.34412,0
0.459507,-0.387426,-1,-0.353382,0
0.459757,-0.48467,-1,-0.355751,0
0.460007,-0.418539,-1,-0.238161,0
0.460258,-0.125839,-1,0.0760897,0
0.460508,0.285215,0.795276,0.46691,0
0.460758,0.598587,1,0.72186,0
0.461008,0.651523,1,0.69626,0
0.461258,0.455303,1,0.402869,0
0.461508,0.172124,1,0.0491059,0
0.461758,-0.02798,1,-0.197158,0
0.462008,-0.10181,1,-0.272687,0
0.462258,-0.142129,-1,-0.279258,0
0.462508,-0.259242,-1,-0.330031,0
0.462758,-0.44944,-1,-0.444473,0
0.463008,-0.576208,-1,-0.478325,0
0.463258,-0.485696,-1,-0.324536,0
0.463508,-0.154053,-1,0.0295135,0
0.463758,0.267911,-0.80315,0.442863,0
0.464008,0.558606,1,0.691956,0
0.464258,0.590752,1,0.647343,0
0.464508,0.416803,1,0.378172,0
0.464758,0.203869,1,0.0720175,0
0.465008,0.0807973,1,-0.117836,0
0.465258,0.0356279,1,-0.187754,0
0.465508,-0.046654,-1,-0.2493,0
0.465758,-0.246563,-1,-0.390775,0
0.466008,-0.503697,-1,-0.558404,0
0.466258,-0.64502,-1,-0.613567,0
0.466508,-0.528211,-1,-0.412287,0
0.466758,-0.173208,-1,-0.0146923,0
0.467008,0.237142,-1,0.395227,0
0.467258,0.492077,1,0.620414,0
0.467508,0.508211,1,0.581971,0
0.467758,0.37293,1,0.365643,0
0.468008,0.243228,1,0.151009,0
0.468258,0.19652,1,0.0390222,0
0.468508,0.169462,1,-0.00698223,0
0.468758,0.038001,-0.370079,-0.122515,0
0.469008,-0.238269,-1,-0.351871,0
0.469258,-0.545011,-1,-0.591157,0
0.469508,-0.686961,-1,-0.645057,0
0.469758,-0.546207,-1,-0.426004,0
0.470008,-0.186408,-1,-0.0244104,0
0.470258,0.190858,-1,0.352397,0
0.470508,0.40111,1,0.540633,0
0.470758,0.40941,1,0.489416,0
0.471008,0.328072,1,0.319578,0
0.471258,0.289397,1,0.195654,0
0.471508,0.313309,1,0.158374,0
0.471758,0.292755,1,0.109738,0
0.472008,0.108876,1,-0.0621052,0
0.472258,-0.231852,-1,-0.355734,0
0.472508,-0.56866,-1,-0.619379,0
0.472758,-0.699573,-1,-0.649722,0
0.473008,-0.541433,-1,-0.405078,0
0.473258,-0.197235,-1,0.0042724,0
0.473508,0.128106,-1,0.358113,0
0.473758,0.289559,-0.125984,0.49123,0
0.474008,0.300489,1,0.445961,0
0.474258,0.2859,1,0.347805,0
0.474508,0.340259,1,0.298997,0
0.474758,0.424628,1,0.288422,0
0.475008,0.399538,1,0.203144,0
0.475258,0.164576,1,-0.052489,0
0.475508,-0.224125,-1,-0.421108,0
0.475758,-0.570632,-1,-0.706923,0
0.476008,-0.682198,-1,-0.732971,0
0.476258,-0.516968,-1,-0.478492,0
0.476508,-0.209012,-1,-0.0966788,0
0.476758,0.0494473,-1,0.210988,0
0.477008,0.162716,-1,0.321354,0
0.477258,0.187991,1,0.324048,0
0.477508,0.249025,1,0.319583,0
0.477758,0.392575,1,0.385723,0
0.478008,0.523966,1,0.425253,0
0.478258,0.484982,1,0.327403,0
0.478508,0.205182,1,0.0240936,0
0.478758,-0.21155,0.692913,-0.38362,0
0.479008,-0.548253,-1,-0.671553,0
0.479258,-0.636056,-1,-0.678943,0
0.479508,-0.47703,-1,-0.435033,0
0.479758,-0.224606,-1,-0.0928908,0
0.480008,-0.0430538,-1,0.15268,0
0.480258,0.0269278,-1,0.243078,0
0.480508,0.0780693,1,0.269376,0
0.480758,0.218895,1,0.356718,0
0.481008,0.442133,1,0.492587,0
0.481258,0.605186,1,0.558742,0
0.481508,0.545847,1,0.424424,0
0.481759,0.232082,1,0.0684643,0
0.482009,-0.190579,1,-0.356975,0
0.482259,-0.500266,-1,-0.637736,0
0.482509,-0.564147,-1,-0.636981,0
0.482759,-0.426354,-1,-0.411454,0
0.483009,-0.245945,-1,-0.14513,0
0.483259,-0.145846,-1,0.0139284,0
0.483509,-0.110716,-1,0.07312,0
0.483759,-0.0237411,0.582677,0.150911,0
0.484009,0.195624,1,0.324209,0
0.484259,0.484265,1,0.532553,0
0.484509,0.663037,1,0.629358,0
0.484759,0.580625,1,0.471813,0
0.485009,0.24781,1,0.0992494,0
0.485259,-0.158246,1,-0.314962,0
0.485509,-0.427169,-1,-0.556078,0
0.485759,-0.471029,-1,-0.535338,0
0.486009,-0.369967,-1,-0.357108,0
0.486259,-0.273818,-1,-0.175471,0
0.486509,-0.254185,-1,-0.0981756,0
0.486759,-0.243093,-1,-0.0591004,0
0.487009,-0.113016,-1,0.0519704,0
0.487259,0.178052,1,0.292431,0
0.487509,0.514091,1,0.560611,0
0.487759,0.693683,1,0.643963,0
0.488009,0.589504,1,0.444029,0
0.488259,0.2557,1,0.0437675,0
0.488509,-0.112346,1,-0.343256,0
0.488759,-0.331208,0.275591,-0.535288,0
0.489009,-0.362367,-1,-0.517187,0
0.489259,-0.312522,-1,-0.374154,0
0.489509,-0.307765,-1,-0.267115,0
0.489759,-0.362249,-1,-0.225934,0
0.490009,-0.363262,-1,-0.157425,0
0.490259,-0.186743,-1,0.0362056,0
0.490509,0.163999,1,0.373565,0
0.490759,0.527161,1,0.67788,0
0.491009,0.69486,1,0.759204,0
0.491259,0.574442,1,0.537298,0
0.491509,0.259286,1,0.150384,0
0.491759,-0.0520184,1,-0.208458,0
0.492009,-0.216239,1,-0.3847,0
0.492259,-0.244651,-1,-0.380123,0
0.492509,-0.258057,-1,-0.336866,0
0.492759,-0.346033,-1,-0.342904,0
0.493009,-0.463844,-1,-0.381092,0
0.493259,-0.465301,-1,-0.320933,0
0.493509,-0.24333,-1,-0.0662599,0
0.493759,0.150399,-0.480315,0.312629,0
0.494009,0.519731,1,0.634999,0
0.494259,0.66616,1,0.712373,0
0.494509,0.538744,1,0.496445,0
0.494759,0.262201,1,0.131145,0
0.495009,0.0223363,1,-0.156637,0
0.495259,-0.08766,1,-0.283249,0
0.495509,-0.124485,-1,-0.302625,0
0.495759,-0.209521,-1,-0.322429,0
0.496009,-0.385684,-1,-0.414767,0
0.496259,-0.552608,-1,-0.492029,0
0.496509,-0.544464,-1,-0.417539,0
0.496759,-0.282788,-1,-0.1117,0
0.497009,0.133944,-1,0.299177,0
0.497259,0.489226,1,0.62058,0
0.497509,0.609034,1,0.671537,0
0.497759,0.486877,1,0.467899,0
0.498009,0.267479,1,0.160179,0
0.498259,0.108798,1,-0.0628519,0
0.498509,0.048125,1,-0.14741,0
0.498759,-0.0083865,-0.708661,-0.187048,0
0.499009,-0.168706,-1,-0.301735,0
0.499259,-0.422914,-1,-0.476181,0
0.499509,-0.622709,-1,-0.58044,0
0.499759,-0.597606,-1,-0.482493,0
0.500009,-0.306555,-1,-0.148489,0.397688
0.500259,0.111153,-1,0.267925,0.397688
0.500509,0.434623,1,0.567468,0.397688
0.500759,0.526713,1,0.59661,0.397688
0.501009,0.423938,1,0.412231,0.397688
0.501259,0.277444,1,0.18394,0.397688
0.501509,0.204054,1,0.0455381,0.397688
0.501759,0.18416,1,0.00159737,0.397688
0.502009,0.0981279,1,-0.0649795,0.397688
0.502259,-0.135748,-1,-0.254404,0.397688
0.502509,-0.452999,-1,-0.494084,0.397688
0.502759,-0.669035,-1,-0.613747,0.397688
0.503009,-0.623613,-1,-0.476894,0.397688
0.503259,-0.317726,-1,-0.11029,0.397688
0.503509,0.0785072,-1,0.309374,0.397688
0.503759,0.356283,-0.456693,0.565813,0.397688
0.504009,0.42399,1,0.576906,0.397688
0.504259,0.355244,1,0.419931,0.397688
0.504509,0.293076,1,0.246839,0.397688
0.504759,0.303384,1,0.164975,0.397688
0.505009,0.31325,1,0.100043,0.397688
0.505259,0.190651,1,-0.0386851,0.397688
0.505509,-0.109708,-1,-0.324005,0.397688
0.505759,-0.471487,-1,-0.634366,0.397688
0.506009,-0.688078,-1,-0.757097,0.397688
0.506259,-0.622713,-1,-0.594754,0.397688
0.506509,-0.319154,-1,-0.210175,0.397688
0.506759,0.0345658,-1,0.187383,0.397688
0.507009,0.256904,-1,0.415416,0.397688
0.507259,0.306703,1,0.444309,0.397688
0.507509,0.285496,1,0.367147,0.397688
0.507759,0.314032,1,0.317545,0.397688
0.508009,0.401263,1,0.316229,0.397688
0.508259,0.42866,1,0.289061,0.397688
0.508509,0.265855,1,0.0960899,0.397688
0.508759,-0.0888012,0.212598,-0.245216,0.397688
0.509009,-0.47441,-1,-0.583312,0.397688
0.509259,-0.677906,-1,-0.718834,0.397688
0.509509,-0.596938,-1,-0.552682,0.397688
0.509759,-0.314447,-1,-0.188247,0.397688
0.510009,-0.0216576,-1,0.147429,0.397688
0.510259,0.140409,-1,0.325649,0.397688
0.510509,0.181438,1,0.334215,0.397688
0.510759,0.21902,1,0.317431,0.397688
0.511009,0.338941,1,0.351141,0.397688
0.511259,0.491757,1,0.421729,0.397688
0.511509,0.524525,1,0.378728,0.397688
0.511759,0.32212,1,0.153329,0.397688
0.512008,-0.070363,1,-0.234298,0.397688
0.512258,-0.458324,-1,-0.584788,0.397688
0.512508,-0.638335,-1,-0.696297,0.397688
0.512758,-0.549792,-1,-0.516239,0.397688
0.513008,-0.307332,-1,-0.183272,0.397688
0.513258,-0.0898656,-1,0.100878,0.397688
0.513508,0.0120917,-1,0.226472,0.397688
0.513758,0.0550124,0.755906,0.246867,0.397688
0.514008,0.159126,1,0.2952,0.397688
0.514258,0.365308,1,0.417212,0.397688
0.514508,0.568895,1,0.529601,0.397688
0.514758,0.596251,1,0.480109,0.397688
0.515008,0.359346,1,0.199703,0.397688
0.515258,-0.0511783,1,-0.211962,0.397688
0.515508,-0.420895,-1,-0.558359,0.397688
0.515758,-0.571015,-1,-0.650801,0.397688
0.516008,-0.485887,-1,-0.484758,0.397688
0.516258,-0.301095,-1,-0.215814,0.397688
0.516508,-0.168289,-1,-0.0143575,0.397688
0.516758,-0.121757,-1,0.0499809,0.397688
0.517008,-0.066022,-1,0.0940131,0.397688
0.517258,0.107911,1,0.227905,0.397688
0.517508,0.389737,1,0.437915,0.397688
0.517758,0.627119,1,0.57778,0.397688
0.518008,0.640818,1,0.499757,0.397688
0.518258,0.378881,1,0.174355,0.397688
0.518508,-0.0279899,1,-0.249128,0.397688
0.518758,-0.361269,0.574803,-0.561003,0.397688
0.519008,-0.479334,-1,-0.624286,0.397688
0.519258,-0.410549,-1,-0.471588,0.397688
0.519508,-0.29825,-1,-0.253529,0.397688
0.519758,-0.253907,-1,-0.112748,0.397688
0.520008,-0.254164,-1,-0.0417047,0.397688
0.520258,-0.175839,-1,0.0622004,0.397688
0.520508,0.0661519,1,0.282951,0.397688
0.520758,0.408251,1,0.573987,0.397688
0.521008,0.661777,1,0.738061,0.397688
0.521258,0.65699,1,0.631591,0.397688
0.521508,0.383303,1,0.278074,0.397688
0.521758,0.00210317,1,-0.151964,0.397688
0.522008,-0.280098,1,-0.440491,0.397688
0.522258,-0.368162,-1,-0.510781,0.397688
0.522508,-0.329234,-1,-0.417804,0.397688
0.522758,-0.300298,-1,-0.305061,0.397688
0.523008,-0.342429,-1,-0.260368,0.397688
0.523258,-0.378119,-1,-0.233849,0.397688
0.523508,-0.26976,-1,-0.0999937,0.397688
0.523758,0.0333425,0.0629921,0.188884,0.397688
0.524008,0.416718,1,0.532244,0.397688
0.524258,0.669548,1,0.716538,0.397688
0.524508,0.645263,1,0.607579,0.397688
0.524758,0.375998,1,0.26055,0.397688
0.525008,0.0413502,1,-0.120074,0.397688
0.525258,-0.17972,1,-0.351744,0.397688
0.525508,-0.243604,-1,-0.382186,0.397688
0.525757,-0.247358,-1,-0.326602,0.397688
0.526007,-0.307513,-1,-0.311369,0.397688
0.526257,-0.428806,-1,-0.346806,0.397688
0.526507,-0.487066,-1,-0.342476,0.397688
0.526757,-0.344437,-1,-0.164192,0.397688
0.527007,0.00772251,-1,0.173983,0.397688
0.527257,0.411156,1,0.52883,0.397688
0.527507,0.64862,1,0.70048,0.397688
0.527757,0.607961,1,0.567141,0.397688
0.528007,0.360938,1,0.227791,0.397688
0.528257,0.0908641,1,-0.1053,0.397688
0.528507,-0.0639774,1,-0.283175,0.397688
0.528757,-0.112318,-0.677165,-0.315375,0.397688
0.529007,-0.169508,-1,-0.314448,0.397688
0.529257,-0.318915,-1,-0.380664,0.397688
0.529507,-0.507328,-1,-0.472642,0.397688
0.529757,-0.575176,-1,-0.461683,0.397688
0.530007,-0.398185,-1,-0.234655,0.397688
0.530257,-0.0131805,-1,0.165325,0.397688
0.530507,0.388383,1,0.541373,0.397688
0.530757,0.599012,1,0.686531,0.397688
0.531007,0.54875,1,0.556706,0.397688
0.531257,0.342035,1,0.265585,0.397688
0.531507,0.150614,1,0.0093198,0.397688
0.531757,0.0618565,1,-0.108915,0.397688
0.532007,0.0186282,1,-0.150437,0.397688
0.532257,-0.0993957,-1,-0.2171,0.397688
0.532507,-0.332468,-1,-0.381594,0.397688
0.532757,-0.572414,-1,-0.530883,0.397688
0.533007,-0.638042,-1,-0.505672,0.397688
0.533257,-0.430865,-1,-0.237132,0.397688
0.533507,-0.0324505,-1,0.180404,0.397688
0.533757,0.346182,-0.708661,0.543173,0.397688
0.534007,0.522561,1,0.666932,0.397688
0.534257,0.472596,1,0.533187,0.397688
0.534507,0.322989,1,0.2827,0.397688
0.534757,0.219122,1,0.0807114,0.397688
0.535007,0.191672,1,-0.0236489,0.397688
0.535257,0.142625,1,-0.0946523,0.397688
0.535507,-0.0394334,-1,-0.252913,0.397688
0.535757,-0.345072,-1,-0.510178,0.397688
0.536007,-0.618707,-1,-0.693455,0.397688
0.536257,-0.672758,-1,-0.64652,0.397688
0.536507,-0.443928,-1,-0.339515,0.397688
0.536757,-0.0534411,-1,0.0996304,0.397688
0.537007,0.283723,-1,0.448864,0.397688
0.537257,0.422745,1,0.560787,0.397688
0.537507,0.385004,1,0.473018,0.397688
0.537757,0.306636,1,0.313036,0.397688
0.538007,0.293643,1,0.2131,0.397688
0.538257,0.318531,1,0.176196,0.397688
0.538507,0.253681,1,0.0853022,0.397688
0.538757,0.00931962,-0.299213,-0.146793,0.397688
0.539007,-0.353164,-1,-0.461751,0.397688
0.539257,-0.641898,-1,-0.687078,0.397688
0.539506,-0.678244,-1,-0.632975,0.397688
0.539756,-0.439968,-1,-0.324113,0.397688
0.540006,-0.0790636,-1,0.0730347,0.397688
0.540256,0.201661,-1,0.359762,0.397688
0.540506,0.30471,1,0.437519,0.397688
0.540756,0.291903,1,0.365937,0.397688
0.541006,0.294904,1,0.280292,0.397688
0.541256,0.370326,1,0.274795,0.397688
0.541506,0.435675,1,0.276584,0.397688
0.541756,0.346983,1,0.169467,0.397688
0.542006,0.0471054,1,-0.117929,0.397688
0.542256,-0.352764,-1,-0.466935,0.397688
0.542506,-0.638788,-1,-0.681809,0.397688
0.542756,-0.655244,-1,-0.605036,0.397688
0.543006,-0.422707,-1,-0.280144,0.397688
0.543256,-0.111751,-1,0.0943071,0.397688
0.543506,0.102255,-1,0.336292,0.397688
0.543756,0.174523,0.488189,0.384536,0.397688
0.544006,0.198879,1,0.350265,0.397688
0.544256,0.288476,1,0.356091,0.397688
0.544506,0.444324,1,0.401612,0.397688
0.544756,0.536555,1,0.416623,0.397688
0.545006,0.419154,1,0.238242,0.397688
0.545256,0.0754772,1,-0.119052,0.397688
0.545506,-0.340223,-1,-0.506812,0.397688
0.545756,-0.607847,-1,-0.71301,0.397688
0.546006,-0.606192,-1,-0.627222,0.397688
0.546256,-0.396182,-1,-0.336025,0.397688
0.546506,-0.152863,-1,-0.0216091,0.397688
0.546756,-0.0107111,-1,0.160501,0.397688
0.547006,0.0391197,-1,0.199347,0.397688
0.547256,0.111005,1,0.241465,0.397688
0.547506,0.286823,1,0.345094,0.397688
0.547756,0.510422,1,0.482179,0.397688
0.548006,0.6156,1,0.500643,0.397688
0.548256,0.468538,1,0.288017,0.397688
0.548506,0.096839,1,-0.107768,0.397688
0.548756,-0.312446,0.748031,-0.495717,0.397688
0.549006,-0.549214,-1,-0.681148,0.397688
0.549256,-0.535125,-1,-0.586273,0.397688
0.549506,-0.36478,-1,-0.316848,0.397688
0.549756,-0.202566,-1,-0.063663,0.397688
0.550006,-0.132123,-1,0.0735236,0.397688
0.550256,-0.0944202,-1,0.132243,0.397688
0.550506,0.0321477,1,0.246392,0.397688
0.550756,0.288244,1,0.439766,0.397688
0.551006,0.563176,1,0.627891,0.397688
0.551256,0.66851,1,0.633489,0.397688
0.551506,0.495029,1,0.387298,0.397688
0.551756,0.114269,1,-0.0403057,0.397688
0.552006,-0.267324,1,-0.427232,0.397688
0.552256,-0.464907,-1,-0.607335,0.397688
0.552506,-0.447126,-1,-0.53051,0.397688
0.552756,-0.33241,-1,-0.332331,0.397688
0.553006,-0.259834,-1,-0.173755,0.397688
0.553255,-0.255955,-1,-0.113074,0.397688
0.553505,-0.21934,-1,-0.0432743,0.397688
0.553755,-0.0349075,0.559055,0.12261,0.397688
0.554005,0.290061,1,0.408961,0.397688
0.554255,0.597715,1,0.6458,0.397688
0.554505,0.692575,1,0.651938,0.397688
0.554755,0.500022,1,0.391761,0.397688
0.555005,0.131099,1,-0.017524,0.397688
0.555255,-0.203939,1,-0.35564,0.397688
0.555505,-0.358544,-1,-0.481169,0.397688
0.555755,-0.348123,-1,-0.408397,0.397688
0.556005,-0.3024,-1,-0.278542,0.397688
0.556255,-0.322188,-1,-0.220882,0.397688
0.556505,-0.375574,-1,-0.215068,0.397688
0.556755,-0.329572,-1,-0.150686,0.397688
0.557005,-0.088767,-1,0.0745878,0.397688
0.557255,0.288936,1,0.404816,0.397688
0.557505,0.609788,1,0.650063,0.397688
0.557755,0.686912,1,0.628889,0.397688
0.558005,0.486492,1,0.330753,0.397688
0.558255,0.150484,1,-0.0688712,0.397688
0.558505,-0.123012,1,-0.359561,0.397688
0.558755,-0.235304,-0.11811,-0.454231,0.397688
0.559005,-0.244236,-1,-0.40105,0.397688
0.559255,-0.277028,-1,-0.338023,0.397688
0.559505,-0.386192,-1,-0.349018,0.397688
0.559755,-0.484275,-1,-0.351043,0.397688
0.560005,-0.420332,-1,-0.223142,0.397688
0.560255,-0.129664,-1,0.0807356,0.397688
0.560505,0.28117,1,0.475684,0.397688
0.560755,0.596539,1,0.729917,0.397688
0.561005,0.652427,1,0.703951,0.397688
0.561255,0.458116,1,0.410275,0.397688
0.561505,0.174861,1,0.056454,0.397688
0.561755,-0.0265758,1,-0.181941,0.397688
0.562005,-0.101417,1,-0.259939,0.397688
0.562255,-0.141412,-1,-0.277632,0.397688
0.562505,-0.257398,-1,-0.326574,0.397688
0.562755,-0.447329,-1,-0.437998,0.397688
0.563005,-0.575809,-1,-0.477486,0.397688
0.563255,-0.488169,-1,-0.328131,0.397688
0.563505,-0.158774,-1,0.0263764,0.397688
0.563755,0.263386,-0.811024,0.439122,0.397688
0.564005,0.556623,1,0.683782,0.397688
0.564255,0.591845,1,0.641765,0.397688
0.564505,0.419468,1,0.374983,0.397688
0.564755,0.206043,1,0.0708576,0.397688
0.565005,0.0816416,1,-0.123018,0.397688
0.565255,0.0362058,1,-0.181217,0.397688
0.565505,-0.0449629,-1,-0.244173,0.397688
0.565755,-0.243438,-1,-0.387706,0.397688
0.566005,-0.500759,-1,-0.553843,0.397688
0.566255,-0.644668,-1,-0.609526,0.397688
0.566505,-0.531481,-1,-0.413555,0.397688
0.566755,-0.178687,-1,-0.0189807,0.397688
0.567005,0.232383,-1,0.396907,0.397688
0.567254,0.490266,1,0.630243,0.397688
0.567504,0.509307,1,0.590754,0.397688
0.567754,0.375029,1,0.368582,0.397688
0.568004,0.244437,1,0.148845,0.397688
0.568254,0.196742,1,0.0432893,0.397688
0.568504,0.170264,1,-0.0113511,0.397688
0.568754,0.0409,-0.700787,-0.129122,0.397688
0.569004,-0.233714,-1,-0.355796,0.397688
0.569254,-0.541339,-1,-0.591658,0.397688
0.569504,-0.68685,-1,-0.643717,0.397688
0.569754,-0.550184,-1,-0.440126,0.397688
0.570004,-0.192289,-1,-0.0506423,0.397688
0.570254,0.186255,-1,0.334375,0.397688
0.570504,0.399631,1,0.513855,0.397688
0.570754,0.410325,1,0.473157,0.397688
0.571004,0.329228,1,0.303672,0.397688
0.571254,0.289369,1,0.18633,0.397688
0.571504,0.312893,1,0.152302,0.397688
0.571754,0.294138,1,0.115545,0.397688
0.572004,0.113175,1,-0.0563982,0.397688
0.572254,-0.226031,-1,-0.34074,0.397688
0.572504,-0.564505,-1,-0.598562,0.397688
0.572754,-0.699782,-1,-0.638985,0.397688
0.573004,-0.545916,-1,-0.390524,0.397688
0.573254,-0.203188,-1,0.0103374,0.397688
0.573504,0.123939,-1,0.360728,0.397688
0.573754,0.288405,-0.244094,0.505811,0.397688
0.574004,0.300883,1,0.458894,0.397688
0.574254,0.285667,1,0.349475,0.397688
0.574504,0.338804,1,0.295879,0.397688
0.574754,0.423689,1,0.285417,0.397688
0.575004,0.401589,1,0.192754,0.397688
0.575254,0.170276,1,-0.0588283,0.397688
0.575504,-0.217143,-1,-0.43045,0.397688
0.575754,-0.566231,-1,-0.719289,0.397688
0.576004,-0.682794,-1,-0.746283,0.397688
0.576254,-0.521669,-1,-0.489748,0.397688
0.576504,-0.214535,-1,-0.102251,0.397688
0.576754,0.0460431,-1,0.203798,0.397688
0.577004,0.16184,-1,0.322722,0.397688
0.577254,0.187571,1,0.323559,0.397688
0.577504,0.247119,1,0.3321,0.397688
0.577754,0.389577,1,0.388034,0.397688
0.578004,0.522633,1,0.436973,0.397688
0.578254,0.487943,1,0.344058,0.397688
0.578504,0.212217,1,0.0458196,0.397688
0.578754,-0.203751,0.700787,-0.367435,0.397688
0.579004,-0.543888,-1,-0.657659,0.397688
0.579254,-0.637005,-1,-0.683853,0.397688
0.579504,-0.481549,-1,-0.438508,0.397688
0.579754,-0.229173,-1,-0.0985011,0.397688
0.580004,-0.0453677,-1,0.149243,0.397688
0.580254,0.0261988,-1,0.23689,0.397688
0.580504,0.0764205,1,0.260907,0.397688
0.580754,0.215047,1,0.340906,0.397688
0.581003,0.437701,1,0.481542,0.397688
0.581253,0.603701,1,0.551169,0.397688
0.581503,0.549733,1,0.427763,0.397688
0.581753,0.240204,1,0.0750997,0.397688
0.582003,-0.182426,1,-0.349054,0.397688
0.582253,-0.496247,-1,-0.624726,0.397688
0.582503,-0.56533,-1,-0.635047,0.397688
0.582753,-0.430211,-1,-0.413802,0.397688
0.583003,-0.249087,-1,-0.144069,0.397688
0.583253,-0.147001,-1,0.0144013,0.397688
0.583503,-0.111577,-1,0.0792818,0.397688
0.583753,-0.0268475,0.787402,0.154703,0.397688
0.584003,0.189752,1,0.316165,0.397688
0.584253,0.478528,1,0.526326,0.397688
0.584503,0.661614,1,0.624427,0.397688
0.584753,0.585439,1,0.477489,0.397688
0.585003,0.256653,1,0.10776,0.397688
0.585253,-0.150193,1,-0.297644,0.397688
0.585503,-0.423667,-1,-0.542467,0.397688
0.585753,-0.472141,-1,-0.535398,0.397688
0.586003,-0.372667,-1,-0.356631,0.397688
0.586253,-0.27512,-1,-0.174458,0.397688
0.586503,-0.254021,-1,-0.096374,0.397688
0.586753,-0.244184,-1,-0.0590656,0.397688
0.587003,-0.117891,-1,0.0504278,0.397688
0.587253,0.17022,1,0.289118,0.397688
0.587503,0.507406,1,0.543571,0.397688
0.587753,0.692562,1,0.639371,0.397688
0.588003,0.59509,1,0.447401,0.397688
0.588253,0.264696,1,0.0510303,0.397688
0.588503,-0.104982,1,-0.337935,0.397688
0.588753,-0.32842,0.614173,-0.542024,0.397688
0.589003,-0.363184,-1,-0.520433,0.397688
0.589253,-0.313527,-1,-0.379532,0.397688
0.589503,-0.306952,-1,-0.262687,0.397688
0.589753,-0.360984,-1,-0.210049,0.397688
0.590003,-0.365008,-1,-0.152591,0.397688
0.590253,-0.193454,-1,0.0534712,0.397688
0.590503,0.154438,1,0.383325,0.397688
0.590753,0.519879,1,0.689561,0.397688
0.591003,0.694197,1,0.778344,0.397688
0.591253,0.580489,1,0.566286,0.397688
0.591503,0.267884,1,0.172875,0.397688
0.591753,-0.0457484,1,-0.196107,0.397688
0.592003,-0.214154,1,-0.376763,0.397688
0.592253,-0.244662,-1,-0.38278,0.397688
0.592503,-0.25692,-1,-0.340986,0.397688
0.592753,-0.342924,-1,-0.357365,0.397688
0.593003,-0.461574,-1,-0.389648,0.397688
0.593253,-0.467845,-1,-0.330519,0.397688
0.593503,-0.251781,-1,-0.0950595,0.397688
0.593753,0.139553,-0.472441,0.28538,0.397688
0.594003,0.512301,1,0.619393,0.397688
0.594253,0.666015,1,0.705672,0.397688
0.594503,0.544819,1,0.498408,0.397688
0.594752,0.269764,1,0.142897,0.397688
0.595002,0.0271039,1,-0.145391,0.397688
0.595252,-0.0862614,1,-0.273178,0.397688
0.595502,-0.123413,-1,-0.286215,0.397688
0.595752,-0.205936,-1,-0.311184,0.397688
0.596002,-0.380347,-1,-0.40689,0.397688
0.596252,-0.549722,-1,-0.482726,0.397688
0.596502,-0.548064,-1,-0.409505,0.397688
0.596752,-0.292846,-1,-0.127283,0.397688
0.597002,0.122255,-1,0.283586,0.397688
0.597252,0.482094,1,0.606864,0.397688
0.597502,0.609402,1,0.672228,0.397688
0.597752,0.492454,1,0.463465,0.397688
0.598002,0.27331,1,0.150983,0.397688
0.598252,0.111721,1,-0.0734542,0.397688
0.598502,0.0491633,1,-0.153472,0.397688
0.598752,-0.00568408,-0.732283,-0.195337,0.397688
0.599002,-0.162438,-1,-0.298026,0.397688
0.599252,-0.415491,-1,-0.470146,0.397688
0.599502,-0.619479,-1,-0.584755,0.397688
0.599752,-0.602284,-1,-0.490424,0.397688
0.600002,-0.317749,-1,-0.161499,0.396305
0.600252,0.0993946,-1,0.260572,0.396305
0.600502,0.428251,1,0.56112,0.396305
0.600752,0.527367,1,0.601737,0.396305
0.601002,0.428326,1,0.421899,0.396305
0.601252,0.280945,1,0.192237,0.396305
0.601502,0.204987,1,0.0567933,0.396305
0.601752,0.185023,1,0.00651424,0.396305
0.602002,0.102579,1,-0.0667254,0.396305
0.602252,-0.127127,-1,-0.246236,0.396305
0.602502,-0.444238,-1,-0.494147,0.396305
0.602752,-0.665977,-1,-0.618814,0.396305
0.603002,-0.629065,-1,-0.494803,0.396305
0.603252,-0.328955,-1,-0.12316,0.396305
0.603502,0.0678274,-1,0.288621,0.396305
0.603752,0.35116,-1,0.556159,0.396305
0.604002,0.424624,1,0.575106,0.396305
0.604252,0.357799,1,0.419845,0.396305
0.604502,0.293835,1,0.24433,0.396305
0.604752,0.302456,1,0.150353,0.396305
0.605002,0.314252,1,0.0873737,0.396305
0.605252,0.19685,1,-0.0590879,0.396305
0.605502,-0.0992157,-1,-0.335161,0.396305
0.605752,-0.462047,-1,-0.649989,0.396305
0.606002,-0.685484,-1,-0.782975,0.396305
0.606252,-0.628643,-1,-0.618686,0.396305
0.606502,-0.329707,-1,-0.236782,0.396305
0.606752,0.0255674,-1,0.175931,0.396305
0.607002,0.253116,-1,0.414719,0.396305
0.607252,0.306958,1,0.454525,0.396305
0.607502,0.285822,1,0.384235,0.396305
0.607752,0.312062,1,0.327564,0.396305
0.608002,0.398809,1,0.333359,0.396305
0.608252,0.430109,1,0.309166,0.396305
0.608501,0.273714,1,0.124138,0.396305
0.608751,-0.077094,0.244094,-0.218184,0.396305
0.609001,-0.464924,-1,-0.572054,0.396305
0.609251,-0.675964,-1,-0.715208,0.396305
0.609501,-0.602914,-1,-0.56354,0.396305
0.609751,-0.323725,-1,-0.208947,0.396305
0.610001,-0.0286726,-1,0.131432,0.396305
0.610251,0.137829,-1,0.311798,0.396305
0.610501,0.180945,1,0.323001,0.396305
0.610751,0.216908,1,0.298873,0.396305
0.611001,0.334429,1,0.336071,0.396305
0.611251,0.488209,1,0.409942,0.396305
0.611501,0.526632,1,0.375313,0.396305
0.611751,0.331306,1,0.158812,0.396305
0.612001,-0.0579369,1,-0.220839,0.396305
0.612251,-0.449245,-1,-0.570079,0.396305
0.612501,-0.637068,-1,-0.684881,0.396305
0.612751,-0.555408,-1,-0.514739,0.396305
0.613001,-0.314809,-1,-0.182094,0.396305
0.613251,-0.0946303,-1,0.0962613,0.396305
0.613501,0.0105416,-1,0.226249,0.396305
0.613751,0.0534386,0.527559,0.257152,0.396305
0.614001,0.15453,1,0.293909,0.396305
0.614251,0.35857,1,0.42162,0.396305
0.614501,0.564668,1,0.522567,0.396305
0.614751,0.599155,1,0.480906,0.396305
0.615001,0.369542,1,0.20179,0.396305
0.615251,-0.0386981,1,-0.220942,0.396305
0.615501,-0.412724,-1,-0.565999,0.396305
0.615751,-0.570355,-1,-0.671587,0.396305
0.616001,-0.490609,-1,-0.502946,0.396305
0.616251,-0.306252,-1,-0.237817,0.396305
0.616501,-0.170709,-1,-0.0337002,0.396305
0.616751,-0.122555,-1,0.048026,0.396305
0.617001,-0.0689625,-1,0.0934711,0.396305
0.617251,0.100894,1,0.22311,0.396305
0.617501,0.381254,1,0.437064,0.396305
0.617751,0.622701,1,0.592214,0.396305
0.618001,0.644497,1,0.523312,0.396305
0.618251,0.38949,1,0.205483,0.396305
0.618501,-0.0162265,1,-0.224653,0.396305
0.618751,-0.354352,1,-0.550007,0.396305
0.619001,-0.479083,-1,-0.620017,0.396305
0.619251,-0.413914,-1,-0.472137,0.396305
0.619501,-0.300821,-1,-0.251317,0.396305
0.619751,-0.254121,-1,-0.10561,0.396305
0.620001,-0.254624,-1,-0.0376859,0.396305
0.620251,-0.180286,-1,0.0636626,0.396305
0.620501,0.0570426,1,0.283938,0.396305
0.620751,0.39856,1,0.570024,0.396305
0.621001,0.657536,1,0.740335,0.396305
0.621251,0.661331,1,0.641815,0.396305
0.621501,0.393809,1,0.29893,0.396305
0.621751,0.0126589,1,-0.136612,0.396305
0.622001,-0.274588,1,-0.435751,0.396305
0.62225,-0.368016,-1,-0.509288,0.396305
0.6225,-0.330847,-1,-0.416472,0.396305
0.62275,-0.300094,-1,-0.310235,0.396305
0.623,-0.340641,-1,-0.27205,0.396305
0.62325,-0.378508,-1,-0.249704,0.396305
0.6235,-0.275765,-1,-0.117537,0.396305
0.62375,0.0224636,0.0629921,0.175006,0.396305
0.624,0.406407,1,0.513693,0.396305
0.62425,0.665783,1,0.703003,0.396305
0.6245,0.650027,1,0.610708,0.396305
0.62475,0.385725,1,0.267726,0.396305
0.625,0.05006,1,-0.1099,0.396305
0.62525,-0.175733,1,-0.344256,0.396305
0.6255,-0.243276,-1,-0.379794,0.396305
0.62575,-0.24685,-1,-0.328031,0.396305
0.626,-0.304551,-1,-0.294587,0.396305
0.62625,-0.425398,-1,-0.334147,0.396305
0.6265,-0.487749,-1,-0.335522,0.396305
0.62675,-0.351928,-1,-0.178091,0.396305
0.627,-0.00428194,-1,0.159809,0.396305
0.62725,0.400872,1,0.524164,0.396305
0.6275,0.645551,1,0.695961,0.396305
0.62775,0.612789,1,0.565407,0.396305
0.628,0.369343,1,0.231457,0.396305
0.62825,0.0974437,1,-0.101003,0.396305
0.6285,-0.0613753,1,-0.2889,0.396305
0.62875,-0.111403,-0.212598,-0.316449,0.396305
0.629,-0.166665,-1,-0.314995,0.396305
0.62925,-0.313422,-1,-0.372288,0.396305
0.6295,-0.502718,-1,-0.467105,0.396305
0.62975,-0.576358,-1,-0.443531,0.396305
0.63,-0.406857,-1,-0.223592,0.396305
0.63025,-0.025688,-1,0.170028,0.396305
0.6305,0.378629,1,0.559816,0.396305
0.63075,0.596689,1,0.717826,0.396305
0.631,0.553222,1,0.587594,0.396305
0.63125,0.348568,1,0.296902,0.396305
0.6315,0.154792,1,0.0228591,0.396305
0.63175,0.0632137,1,-0.0992012,0.396305
0.632,0.0204018,1,-0.147195,0.396305
0.63225,-0.0942085,-1,-0.226389,0.396305
0.6325,-0.324754,-1,-0.38632,0.396305
0.63275,-0.567086,-1,-0.542558,0.396305
0.633,-0.63991,-1,-0.534133,0.396305
0.63325,-0.440395,-1,-0.272814,0.396305
0.6335,-0.0448524,-1,0.14917,0.396305
0.63375,0.337465,-1,0.517144,0.396305
0.634,0.520971,1,0.651808,0.396305
0.63425,0.476263,1,0.528502,0.396305
0.6345,0.327195,1,0.281474,0.396305
0.63475,0.220811,1,0.0786872,0.396305
0.635,0.192104,1,-0.0180593,0.396305
0.63525,0.145586,1,-0.093664,0.396305
0.6355,-0.0319612,-1,-0.245419,0.396305
0.63575,-0.335671,-1,-0.497659,0.396305
0.636,-0.613126,-1,-0.686515,0.396305
0.636249,-0.675317,-1,-0.650464,0.396305
0.636499,-0.45378,-1,-0.349405,0.396305
0.636749,-0.0650154,-1,0.0902161,0.396305
0.636999,0.276421,-1,0.435971,0.396305
0.637249,0.421709,1,0.566035,0.396305
0.637499,0.387395,1,0.476672,0.396305
0.637749,0.308223,1,0.311808,0.396305
0.637999,0.293021,1,0.209401,0.396305
0.638249,0.31841,1,0.173859,0.396305
0.638499,0.25791,1,0.0875593,0.396305
0.638749,0.0187488,-0.322835,-0.137445,0.396305
0.638999,-0.342597,-1,-0.457018,0.396305
0.639249,-0.636501,-1,-0.678711,0.396305
0.639499,-0.68142,-1,-0.639401,0.396305
0.639749,-0.449626,-1,-0.338449,0.396305
0.639999,-0.0892597,-1,0.0639213,0.396305
0.640249,0.19594,-1,0.353242,0.396305
0.640499,0.303943,1,0.42901,0.396305
0.640749,0.29266,1,0.360606,0.396305
0.640999,0.293737,1,0.286763,0.396305
0.641249,0.367558,1,0.27334,0.396305
0.641499,0.435313,1,0.281525,0.396305
0.641749,0.352623,1,0.173576,0.396305
0.641999,0.0581298,1,-0.102895,0.396305
0.642249,-0.341708,-1,-0.459586,0.396305
0.642499,-0.633898,-1,-0.675353,0.396305
0.642749,-0.658827,-1,-0.602144,0.396305
0.642999,-0.431555,-1,-0.283691,0.396305
0.643249,-0.120006,-1,0.0869056,0.396305
0.643499,0.0982645,-1,0.328481,0.396305
0.643749,0.173765,-0.19685,0.38448,0.396305
0.643999,0.197636,1,0.349971,0.396305
0.644249,0.28459,1,0.351772,0.396305
0.644499,0.439882,1,0.396721,0.396305
0.644749,0.536314,1,0.395404,0.396305
0.644999,0.426141,1,0.227244,0.396305
0.645249,0.0875547,1,-0.1374,0.396305
0.645499,-0.329301,-1,-0.529113,0.396305
0.645749,-0.603727,-1,-0.751863,0.396305
0.645999,-0.60987,-1,-0.668965,0.396305
0.646249,-0.403632,-1,-0.363243,0.396305
0.646499,-0.158826,-1,-0.0421501,0.396305
0.646749,-0.0131194,-1,0.139681,0.396305
0.646999,0.0380011,-1,0.200689,0.396305
0.647249,0.107538,1,0.238414,0.396305
0.647499,0.280403,1,0.353782,0.396305
0.647749,0.504675,1,0.49534,0.396305
0.647999,0.615755,1,0.529369,0.396305
0.648249,0.47654,1,0.326035,0.396305
0.648499,0.109252,1,-0.0700621,0.396305
0.648749,-0.302211,1,-0.467612,0.396305
0.648999,-0.545963,-1,-0.66393,0.396305
0.649249,-0.538509,-1,-0.584006,0.396305
0.649499,-0.370337,-1,-0.322193,0.396305
0.649749,-0.206057,-1,-0.0698817,0.396305
0.649998,-0.133081,-1,0.0705706,0.396305
0.650248,-0.0962257,-1,0.126898,0.396305
0.650498,0.0265072,1,0.226483,0.396305
0.650748,0.279712,1,0.432085,0.396305
0.650998,0.556724,1,0.621209,0.396305
0.651248,0.669245,1,0.632131,0.396305
0.651498,0.503745,1,0.392259,0.396305
0.651748,0.126471,1,-0.0279567,0.396305
0.651998,-0.258206,1,-0.424464,0.396305
0.652248,-0.462533,-1,-0.596656,0.396305
0.652498,-0.449788,-1,-0.530674,0.396305
0.652748,-0.335634,-1,-0.331813,0.396305
0.652998,-0.26073,-1,-0.16806,0.396305
0.653248,-0.255845,-1,-0.107571,0.396305
0.653498,-0.222103,-1,-0.0422528,0.396305
0.653748,-0.0426558,0.503937,0.123787,0.396305
0.653998,0.279846,1,0.399028,0.396305
0.654248,0.590952,1,0.639243,0.396305
0.654498,0.693961,1,0.654294,0.396305
0.654748,0.508993,1,0.403282,0.396305
0.654998,0.142316,1,-0.00533645,0.396305
0.655248,-0.196433,1,-0.352589,0.396305
0.655498,-0.356859,-1,-0.479008,0.396305
0.655748,-0.349635,-1,-0.419137,0.396305
0.655998,-0.30302,-1,-0.286745,0.396305
0.656248,-0.320662,-1,-0.219541,0.396305
0.656498,-0.374706,-1,-0.219825,0.396305
0.656748,-0.333476,-1,-0.149873,0.396305
0.656998,-0.0983517,-1,0.0668374,0.396305
0.657248,0.277714,1,0.395321,0.396305
0.657498,0.603289,1,0.643247,0.396305
0.657748,0.688893,1,0.637057,0.396305
0.657998,0.495182,1,0.346132,0.396305
0.658248,0.160173,1,-0.0508511,0.396305
0.658498,-0.117223,1,-0.352597,0.396305
0.658748,-0.234086,0.669291,-0.449422,0.396305
0.658998,-0.244213,-1,-0.392572,0.396305
0.659248,-0.274923,-1,-0.33778,0.396305
0.659498,-0.382476,-1,-0.337234,0.396305
0.659748,-0.483041,-1,-0.333092,0.396305
0.659998,-0.425442,-1,-0.205322,0.396305
0.660248,-0.140666,-1,0.103628,0.396305
0.660498,0.269537,1,0.49484,0.396305
0.660748,0.59062,1,0.758991,0.396305
0.660998,0.654852,1,0.737091,0.396305
0.661248,0.465976,1,0.454335,0.396305
0.661498,0.182519,1,0.0873872,0.396305
0.661748,-0.0227061,1,-0.170842,0.396305
0.661998,-0.100389,1,-0.258619,0.396305
0.662248,-0.139554,-1,-0.277748,0.396305
0.662498,-0.252622,-1,-0.341723,0.396305
0.662748,-0.441837,-1,-0.458502,0.396305
0.662998,-0.574527,-1,-0.5059,0.396305
0.663248,-0.49447,-1,-0.356862,0.396305
0.663498,-0.170718,-1,-0.0135488,0.396305
0.663747,0.251982,-1,0.400186,0.396305
0.663997,0.551556,1,0.660329,0.396305
0.664247,0.594397,1,0.628719,0.396305
0.664497,0.425907,1,0.382763,0.396305
0.664747,0.211301,1,0.0750228,0.396305
0.664997,0.0837231,1,-0.108251,0.396305
0.665247,0.0373413,1,-0.171004,0.396305
0.665497,-0.0410306,-1,-0.228265,0.396305
0.665747,-0.23618,-1,-0.366481,0.396305
0.665997,-0.493974,-1,-0.540423,0.396305
0.666247,-0.64372,-1,-0.591951,0.396305
0.666497,-0.538671,-1,-0.416534,0.396305
0.666747,-0.190833,-1,-0.0296409,0.396305
0.666997,0.221802,-1,0.387552,0.396305
0.667247,0.486191,1,0.6216,0.396305
0.667497,0.511695,1,0.581357,0.396305
0.667747,0.379568,1,0.371927,0.396305
0.667997,0.247114,1,0.151034,0.396305
0.668247,0.197235,1,0.0363244,0.396305
0.668497,0.17193,1,-0.00989603,0.396305
0.668747,0.0468387,-0.653543,-0.121467,0.396305
0.668997,-0.22443,-1,-0.352472,0.396305
0.669247,-0.533792,-1,-0.584554,0.396305
0.669497,-0.686401,-1,-0.648662,0.396305
0.669747,-0.557988,-1,-0.443554,0.396305
0.669997,-0.204093,-1,-0.0512184,0.396305
0.670247,0.17694,-1,0.327949,0.396305
0.670497,0.396559,1,0.525103,0.396305
0.670747,0.412057,1,0.48339,0.396305
0.670997,0.331468,1,0.321635,0.396305
0.671247,0.289373,1,0.188826,0.396305
0.671497,0.312103,1,0.156118,0.396305
0.671747,0.296529,1,0.111439,0.396305
0.671997,0.121063,1,-0.0489935,0.396305
0.672247,-0.215146,-1,-0.334847,0.396305
0.672497,-0.556699,-1,-0.597058,0.396305
0.672747,-0.699965,-1,-0.644478,0.396305
0.672997,-0.5539,-1,-0.411454,0.396305
0.673247,-0.213892,-1,-0.00020764,0.396305
0.673497,0.116395,-1,0.344766,0.396305
0.673747,0.286223,-1,0.498037,0.396305
0.673997,0.301647,1,0.454445,0.396305
0.674247,0.285344,1,0.345101,0.396305
0.674497,0.336306,1,0.288874,0.396305
0.674747,0.422026,1,0.272944,0.396305
0.674997,0.404972,1,0.179158,0.396305
0.675247,0.179843,1,-0.0818312,0.396305
0.675497,-0.205361,-1,-0.454871,0.396305
0.675747,-0.558709,-1,-0.744817,0.396305
0.675997,-0.683579,-1,-0.779955,0.396305
0.676247,-0.529374,-1,-0.530675,0.396305
0.676497,-0.223601,-1,-0.13664,0.396305
0.676747,0.0404493,-1,0.181406,0.396305
0.676997,0.160271,-1,0.326373,0.396305
0.677247,0.186857,1,0.336323,0.396305
0.677496,0.244131,1,0.343389,0.396305
0.677746,0.384845,1,0.412133,0.396305
0.677996,0.520426,1,0.459658,0.396305
0.678246,0.492359,1,0.375545,0.396305
0.678496,0.223054,1,0.0737798,0.396305
0.678746,-0.191675,1,-0.328833,0.396305
0.678996,-0.537032,-1,-0.63589,0.396305
0.679246,-0.638239,-1,-0.672505,0.396305
0.679496,-0.488351,-1,-0.439777,0.396305
0.679746,-0.23611,-1,-0.108904,0.396305
0.679996,-0.048931,-1,0.14096,0.396305
0.680246,0.025071,-1,0.234256,0.396305
0.680496,0.0741177,1,0.260577,0.396305
0.680746,0.209459,1,0.329972,0.396305
0.680996,0.431161,1,0.465571,0.396305
0.681246,0.601376,1,0.549524,0.396305
0.681496,0.555202,1,0.4276,0.396305
0.681746,0.25184,1,0.0828667,0.396305
0.681996,-0.170708,1,-0.333351,0.396305
0.682246,-0.490353,-1,-0.623852,0.396305
0.682496,-0.566806,-1,-0.634401,0.396305
0.682746,-0.435654,-1,-0.421316,0.396305
0.682996,-0.253535,-1,-0.150988,0.396305
0.683246,-0.148602,-1,0.0158314,0.396305
0.683496,-0.112655,-1,0.0791531,0.396305
0.683746,-0.0310888,0.535433,0.145051,0.396305
0.683996,0.181761,1,0.309002,0.396305
0.684246,0.470687,1,0.526257,0.396305
0.684496,0.659508,1,0.619452,0.396305
0.684746,0.591693,1,0.473848,0.396305
0.684996,0.268412,1,0.10747,0.396305
0.685246,-0.139438,1,-0.306507,0.396305
0.685496,-0.418909,-1,-0.55407,0.396305
0.685746,-0.473517,-1,-0.552348,0.396305
0.685996,-0.376186,-1,-0.375471,0.396305
0.686246,-0.276905,-1,-0.188184,0.396305
0.686496,-0.253869,-1,-0.0999145,0.396305
0.686746,-0.245541,-1,-0.064106,0.396305
0.686996,-0.123959,-1,0.0407216,0.396305
0.687246,0.160305,1,0.28149,0.396305
0.687496,0.498819,1,0.54113,0.396305
0.687746,0.690927,1,0.648136,0.396305
0.687996,0.601877,1,0.460002,0.396305
0.688246,0.275943,1,0.0764112,0.396305
0.688496,-0.0956448,1,-0.315467,0.396305
0.688746,-0.32483,1,-0.524812,0.396305
0.688996,-0.364085,-1,-0.508422,0.396305
0.689246,-0.314837,-1,-0.373289,0.396305
0.689496,-0.306012,-1,-0.260702,0.396305
0.689746,-0.359394,-1,-0.20605,0.396305
0.689996,-0.366934,-1,-0.138498,0.396305
0.690246,-0.201308,-1,0.0536674,0.396305
0.690496,0.143026,1,0.3877,0.396305
0.690746,0.51107,1,0.695801,0.396305
0.690996,0.693176,1,0.788315,0.396305
0.691245,0.587406,1,0.578333,0.396305
0.691495,0.277977,1,0.182354,0.396305
0.691745,-0.0383411,1,-0.187875,0.396305
0.691995,-0.211639,1,-0.379578,0.396305
0.692245,-0.244705,-1,-0.385151,0.396305
0.692495,-0.255708,-1,-0.347125,0.396305
0.692745,-0.339428,-1,-0.354123,0.396305
0.692995,-0.458966,-1,-0.392101,0.396305
0.693245,-0.470603,-1,-0.342285,0.396305
0.693495,-0.261178,-1,-0.107506,0.396305
0.693745,0.127367,-0.748031,0.266448,0.396305
0.693995,0.50386,1,0.611583,0.396305
0.694245,0.665631,1,0.698545,0.396305
0.694495,0.55139,1,0.509221,0.396305
0.694745,0.278084,1,0.147995,0.396305
0.694995,0.0324007,1,-0.145216,0.396305
0.695245,-0.0845564,1,-0.284075,0.396305
0.695495,-0.122191,-1,-0.290547,0.396305
0.695745,-0.202144,-1,-0.314616,0.396305
0.695995,-0.374601,-1,-0.406192,0.396305
0.696245,-0.546467,-1,-0.481099,0.396305
0.696495,-0.551666,-1,-0.419998,0.396305
0.696745,-0.303343,-1,-0.13406,0.396305
0.696995,0.109902,-1,0.274843,0.396305
0.697245,0.474421,1,0.605038,0.396305
0.697495,0.609526,1,0.669945,0.396305
0.697745,0.498168,1,0.47632,0.396305
0.697995,0.279448,1,0.164319,0.396305
0.698245,0.114823,1,-0.0659674,0.396305
0.698495,0.050221,1,-0.15057,0.396305
0.698745,-0.00302527,-0.338583,-0.185804,0.396305
0.698995,-0.156141,-1,-0.285056,0.396305
0.699245,-0.407931,-1,-0.461577,0.396305
0.699495,-0.616023,-1,-0.580878,0.396305
0.699745,-0.6068,-1,-0.486364,0.396305
0.699995,-0.328908,-1,-0.160164,0.397676
0.700245,0.0874919,-1,0.264675,0.397676
0.700495,0.421673,1,0.57025,0.397676
0.700745,0.527846,1,0.619484,0.397676
0.700995,0.43268,1,0.445462,0.397676
0.701245,0.284506,1,0.210731,0.397676
0.701495,0.20597,1,0.0654312,0.397676
0.701745,0.185826,1,0.0091752,0.397676
0.701995,0.106964,1,-0.0598758,0.397676
0.702245,-0.118501,-1,-0.244546,0.397676
0.702495,-0.435396,-1,-0.489335,0.397676
0.702745,-0.66269,-1,-0.620901,0.397676
0.702995,-0.634283,-1,-0.505928,0.397676
0.703245,-0.340074,-1,-0.153766,0.397676
0.703495,0.0570735,-1,0.270807,0.397676
0.703745,0.34587,-1,0.536562,0.397676
0.703995,0.425133,1,0.561584,0.397676
0.704245,0.360324,1,0.414081,0.397676
0.704495,0.294672,1,0.24945,0.397676
0.704745,0.301537,1,0.157569,0.397676
0.704994,0.315139,1,0.0942893,0.397676
0.705244,0.202888,1,-0.0493624,0.397676
0.705494,-0.0888138,-1,-0.324201,0.397676
0.705744,-0.452502,-1,-0.632261,0.397676
0.705994,-0.682652,-1,-0.772795,0.397676
0.706244,-0.634332,-1,-0.624557,0.397676
0.706494,-0.340254,-1,-0.246428,0.397676
0.706744,0.0163592,-1,0.169218,0.397676
0.706994,0.249171,-1,0.413179,0.397676
0.707244,0.307148,1,0.448951,0.397676
0.707494,0.286197,1,0.378561,0.397676
0.707744,0.310153,1,0.322588,0.397676
0.707994,0.396319,1,0.33271,0.397676
0.708244,0.431384,1,0.296645,0.397676
0.708494,0.281361,1,0.119258,0.397676
0.708744,-0.0652684,0.393701,-0.210402,0.397676
0.708994,-0.455219,-1,-0.5606,0.397676
0.709244,-0.673769,-1,-0.711883,0.397676
0.709494,-0.608708,-1,-0.568334,0.397676
0.709744,-0.332993,-1,-0.212558,0.397676
0.709994,-0.0357802,-1,0.141095,0.397676
0.710244,0.13515,-1,0.322167,0.397676
0.710494,0.180451,1,0.337122,0.397676
0.710744,0.214885,1,0.316168,0.397676
0.710994,0.329918,1,0.347976,0.397676
0.711244,0.48458,1,0.406934,0.397676
0.711494,0.528572,1,0.388573,0.397676
0.711744,0.340318,1,0.164812,0.397676
0.711994,-0.0455136,1,-0.207222,0.397676
0.712244,-0.440009,-1,-0.56864,0.397676
0.712494,-0.635566,-1,-0.695157,0.397676
0.712744,-0.560862,-1,-0.529496,0.397676
0.712994,-0.322279,-1,-0.195123,0.397676
0.713244,-0.09947,-1,0.0888755,0.397676
0.713494,0.0088737,-1,0.219986,0.397676
0.713744,0.0518614,0.0393701,0.241894,0.397676
0.713994,0.150032,1,0.286765,0.397676
0.714244,0.35184,1,0.409611,0.397676
0.714494,0.560315,1,0.523462,0.397676
0.714744,0.601811,1,0.475853,0.397676
0.714994,0.379533,1,0.196278,0.397676
0.715244,-0.0262411,1,-0.220102,0.397676
0.715494,-0.404357,-1,-0.583504,0.397676
0.715744,-0.569448,-1,-0.686348,0.397676
0.715994,-0.495233,-1,-0.531271,0.397676
0.716244,-0.311461,-1,-0.249449,0.397676
0.716494,-0.173213,-1,-0.0416899,0.397676
0.716744,-0.123374,-1,0.0392557,0.397676
0.716994,-0.0717818,-1,0.0889665,0.397676
0.717244,0.0940116,1,0.223449,0.397676
0.717494,0.372686,1,0.439969,0.397676
0.717744,0.618089,1,0.595176,0.397676
0.717994,0.647958,1,0.532554,0.397676
0.718244,0.400014,1,0.230175,0.397676
0.718494,-0.00440052,1,-0.202371,0.397676
0.718744,-0.347243,1,-0.529585,0.397676
0.718993,-0.478662,-1,-0.61274,0.397676
0.719243,-0.41725,-1,-0.465885,0.397676
0.719493,-0.303441,-1,-0.258238,0.397676
0.719743,-0.254335,-1,-0.113427,0.397676
0.719993,-0.25499,-1,-0.0469784,0.397676
0.720243,-0.184645,-1,0.057796,0.397676
0.720493,0.0479764,1,0.265328,0.397676
0.720743,0.388799,1,0.550491,0.397676
0.720993,0.653068,1,0.724902,0.397676
0.721243,0.665431,1,0.639299,0.397676
0.721493,0.404195,1,0.302553,0.397676
0.721743,0.0232394,1,-0.132791,0.397676
0.721993,-0.268941,1,-0.430203,0.397676
0.722243,-0.367779,-1,-0.505596,0.397676
0.722493,-0.33243,-1,-0.417618,0.397676
0.722743,-0.29996,-1,-0.301654,0.397676
0.722993,-0.338857,-1,-0.261838,0.397676
0.723243,-0.378772,-1,-0.235306,0.397676
0.723493,-0.281592,-1,-0.119597,0.397676
0.723743,0.011731,-0.0551181,0.166191,0.397676
0.723993,0.395962,1,0.504315,0.397676
0.724243,0.661783,1,0.707867,0.397676
0.724493,0.654566,1,0.612693,0.397676
0.724743,0.395446,1,0.279726,0.397676
0.724993,0.0589269,1,-0.108445,0.397676
0.725243,-0.171602,1,-0.342688,0.397676
0.725493,-0.242894,-1,-0.386521,0.397676
0.725743,-0.246397,-1,-0.33948,0.397676
0.725993,-0.301674,-1,-0.302565,0.397676
0.726243,-0.421887,-1,-0.337644,0.397676
0.726493,-0.488234,-1,-0.338018,0.397676
0.726743,-0.359198,-1,-0.188002,0.397676
0.726993,-0.016203,-1,0.149515,0.397676
0.727243,0.390395,1,0.508696,0.397676
0.727493,0.642206,1,0.688865,0.397676
0.727743,0.617431,1,0.580262,0.397676
0.727993,0.377728,1,0.249797,0.397676
0.728243,0.104097,1,-0.0906535,0.397676
0.728493,-0.0587372,1,-0.271599,0.397676
0.728743,-0.110524,0.393701,-0.313146,0.397676
0.728993,-0.163932,-1,-0.308726,0.397676
0.729243,-0.307982,-1,-0.368728,0.397676
0.729493,-0.498017,-1,-0.452412,0.397676
0.729743,-0.577358,-1,-0.437808,0.397676
0.729993,-0.415339,-1,-0.218958,0.397676
0.730243,-0.0381744,-1,0.182738,0.397676
0.730493,0.368739,1,0.569401,0.397676
0.730743,0.594162,1,0.737906,0.397676
0.730993,0.557558,1,0.617724,0.397676
0.731243,0.355108,1,0.317995,0.397676
0.731493,0.159047,1,0.04848,0.397676
0.731743,0.0646752,1,-0.0899151,0.397676
0.731993,0.0221695,1,-0.137986,0.397676
0.732243,-0.0891307,-1,-0.219544,0.397676
0.732493,-0.317096,-1,-0.394014,0.397676
0.732742,-0.561563,-1,-0.552985,0.397676
0.732992,-0.64152,-1,-0.547504,0.397676
0.733242,-0.449725,-1,-0.292922,0.397676
0.733492,-0.0572372,-1,0.120097,0.397676
0.733742,0.328598,-1,0.494039,0.397676
0.733992,0.519133,1,0.634973,0.397676
0.734242,0.479822,1,0.524731,0.397676
0.734492,0.331446,1,0.28244,0.397676
0.734742,0.222596,1,0.0805738,0.397676
0.734992,0.192476,1,-0.0150628,0.397676
0.735242,0.148398,1,-0.0772488,0.397676
0.735492,-0.0246338,-1,-0.226368,0.397676
0.735742,-0.326268,-1,-0.474006,0.397676
0.735992,-0.60736,-1,-0.669677,0.397676
0.736242,-0.677642,-1,-0.642683,0.397676
0.736492,-0.463527,-1,-0.348975,0.397676
0.736742,-0.0766348,-1,0.0829341,0.397676
0.736992,0.268945,-1,0.434102,0.397676
0.737242,0.420548,1,0.554414,0.397676
0.737492,0.389765,1,0.466899,0.397676
0.737742,0.309875,1,0.308269,0.397676
0.737992,0.292428,1,0.205279,0.397676
0.738242,0.318189,1,0.16247,0.397676
0.738492,0.262068,1,0.0885794,0.397676
0.738742,0.0281231,-0.220472,-0.133708,0.397676
0.738992,-0.332021,-1,-0.447269,0.397676
0.739242,-0.630853,-1,-0.67458,0.397676
0.739492,-0.684351,-1,-0.645619,0.397676
0.739742,-0.459153,-1,-0.345297,0.397676
0.739992,-0.0994997,-1,0.0621693,0.397676
0.740242,0.190088,-1,0.357812,0.397676
0.740492,0.303098,1,0.448093,0.397676
0.740742,0.293379,1,0.376332,0.397676
0.740992,0.292632,1,0.29579,0.397676
0.741242,0.364834,1,0.279417,0.397676
0.741492,0.434773,1,0.286198,0.397676
0.741742,0.358072,1,0.184743,0.397676
0.741992,0.069027,1,-0.0979222,0.397676
0.742242,-0.330582,-1,-0.453609,0.397676
0.742492,-0.628784,-1,-0.680544,0.397676
0.742742,-0.662186,-1,-0.623,0.397676
0.742992,-0.440318,-1,-0.307279,0.397676
0.743242,-0.128398,-1,0.0726251,0.397676
0.743492,0.0940595,-1,0.319451,0.397676
0.743742,0.17301,-0.866142,0.371971,0.397676
0.743992,0.196454,1,0.343374,0.397676
0.744242,0.280772,1,0.342389,0.397676
0.744492,0.435392,1,0.393558,0.397676
0.744742,0.535889,1,0.384719,0.397676
0.744992,0.432869,1,0.209631,0.397676
0.745242,0.0995,1,-0.145051,0.397676
0.745492,-0.318197,-1,-0.545517,0.397676
0.745742,-0.599332,-1,-0.769756,0.397676
0.745992,-0.6134,-1,-0.70133,0.397676
0.746242,-0.411053,-1,-0.398292,0.397676
0.746491,-0.164884,-1,-0.0694687,0.397676
0.746741,-0.0156158,-1,0.132691,0.397676
0.746991,0.0369002,-1,0.196116,0.397676
0.747241,0.104217,1,0.241807,0.397676
0.747491,0.274063,1,0.360139,0.397676
0.747741,0.498879,1,0.512918,0.397676
0.747991,0.615689,1,0.550494,0.397676
0.748241,0.484339,1,0.351709,0.397676
0.748491,0.121627,1,-0.0357292,0.397676
0.748741,-0.291826,1,-0.442372,0.397676
0.748991,-0.542487,-1,-0.653448,0.397676
0.749241,-0.541752,-1,-0.582262,0.397676
0.749491,-0.375892,-1,-0.326728,0.397676
0.749741,-0.2096,-1,-0.078173,0.397676
0.749991,-0.134173,-1,0.059174,0.397676
0.750241,-0.0979704,-1,0.113348,0.397676
0.750491,0.0209884,1,0.214999,0.397676
0.750741,0.271208,1,0.400123,0.397676
0.750991,0.550128,1,0.591977,0.397676
0.751241,0.669732,1,0.617105,0.397676
0.751491,0.512273,1,0.388949,0.397676
0.751741,0.138611,1,-0.0200633,0.397676
0.751991,-0.248986,1,-0.410903,0.397676
0.752241,-0.459889,-1,-0.597422,0.397676
0.752491,-0.452383,-1,-0.52227,0.397676
0.752741,-0.338899,-1,-0.321573,0.397676
0.752991,-0.261694,-1,-0.162502,0.397676
0.753241,-0.255713,-1,-0.090472,0.397676
0.753491,-0.224735,-1,-0.0360682,0.397676
0.753741,-0.0502718,0.377953,0.119522,0.397676
0.753991,0.269668,1,0.39571,0.397676
0.754241,0.584063,1,0.636945,0.397676
0.754491,0.6951,1,0.655691,0.397676
0.754741,0.517838,1,0.402549,0.397676
0.754991,0.153562,1,-0.00881912,0.397676
0.755241,-0.188763,1,-0.35439,0.397676
0.755491,-0.355024,-1,-0.498181,0.397676
0.755741,-0.351116,-1,-0.43688,0.397676
0.755991,-0.303704,-1,-0.300662,0.397676
0.756241,-0.319156,-1,-0.234156,0.397676
0.756491,-0.373761,-1,-0.223812,0.397676
0.756741,-0.337239,-1,-0.163872,0.397676
0.756991,-0.107867,-1,0.0593614,0.397676
0.757241,0.266451,1,0.382705,0.397676
0.757491,0.596576,1,0.639147,0.397676
0.757741,0.690627,1,0.646322,0.397676
0.757991,0.503748,1,0.370814,0.397676
0.758241,0.169918,1,-0.03427,0.397676
0.758491,-0.111348,1,-0.333946,0.397676
0.758741,-0.232785,1,-0.431447,0.397676
0.758991,-0.244212,-1,-0.393567,0.397676
0.759241,-0.272874,-1,-0.333907,0.397676
0.759491,-0.378759,-1,-0.336751,0.397676
0.759741,-0.481667,-1,-0.333424,0.397676
0.759991,-0.430347,-1,-0.204894,0.397676
0.76024,-0.151554,-1,0.101448,0.397676
0.76049,0.257826,1,0.492439,0.397676
0.76074,0.584473,1,0.763941,0.397676
0.76099,0.657032,1,0.752708,0.397676
0.76124,0.473786,1,0.462535,0.397676
0.76149,0.190294,1,0.0967643,0.397676
0.76174,-0.0186604,1,-0.167333,0.397676
0.76199,-0.0993282,1,-0.266658,0.397676
0.76224,-0.137767,-1,-0.280549,0.397676
0.76249,-0.247922,-1,-0.337788,0.397676
0.76274,-0.4363,-1,-0.458565,0.397676
0.76299,-0.573094,-1,-0.504269,0.397676
0.76324,-0.500506,-1,-0.377161,0.397676
0.76349,-0.182513,-1,-0.025924,0.397676
0.76374,0.240411,-1,0.380523,0.397676
0.76399,0.546216,1,0.648793,0.397676
0.76424,0.596762,1,0.63639,0.397676
0.76449,0.43231,1,0.38139,0.397676
0.76474,0.216643,1,0.0820238,0.397676
0.76499,0.0858815,1,-0.107119,0.397676
0.76524,0.0384955,1,-0.167792,0.397676
0.76549,-0.0372823,-1,-0.224662,0.397676
0.76574,-0.229019,-1,-0.359667,0.397676
0.76599,-0.487087,-1,-0.531197,0.397676
0.76624,-0.642563,-1,-0.587409,0.397676
0.76649,-0.545645,-1,-0.422181,0.397676
0.76674,-0.202922,-1,-0.0422825,0.397676
0.76699,0.211086,-1,0.375649,0.397676
0.76724,0.481902,1,0.613434,0.397676
0.76749,0.513899,1,0.57921,0.397676
0.76774,0.384151,1,0.372616,0.397676
0.76799,0.249843,1,0.152121,0.397676
0.76824,0.197803,1,0.0359935,0.397676
0.76849,0.173566,1,-0.0165722,0.397676
0.76874,0.0526423,-0.362205,-0.127462,0.397676
0.76899,-0.215184,-1,-0.3395,0.397676
0.76924,-0.526108,-1,-0.574828,0.397676
0.76949,-0.685714,-1,-0.643239,0.397676
0.76974,-0.565622,-1,-0.448441,0.397676
0.76999,-0.21582,-1,-0.0511126,0.397676
0.77024,0.16754,-1,0.336666,0.397676
0.77049,0.39325,1,0.535651,0.397676
0.77074,0.413669,1,0.497742,0.397676
0.77099,0.333749,1,0.332182,0.397676
0.77124,0.289443,1,0.202405,0.397676
0.77149,0.311283,1,0.161815,0.397676
0.77174,0.298812,1,0.123947,0.397676
0.77199,0.128811,1,-0.0356677,0.397676
0.77224,-0.204318,-1,-0.325657,0.397676
0.77249,-0.548744,-1,-0.596989,0.397676
0.77274,-0.699889,-1,-0.654513,0.397676
0.77299,-0.561739,-1,-0.429808,0.397676
0.77324,-0.224609,-1,-0.0274817,0.397676
0.77349,0.108705,-1,0.326562,0.397676
0.77374,0.283902,-1,0.482231,0.397676
0.773989,0.30234,1,0.446998,0.397676
0.774239,0.285105,1,0.341766,0.397676
0.774489,0.333835,1,0.286006,0.397676
0.774739,0.420238,1,0.274376,0.397676
0.774989,0.408222,1,0.185716,0.397676
0.775239,0.189325,1,-0.0633941,0.397676
0.775489,-0.193552,-1,-0.435157,0.397676
0.775739,-0.550984,-1,-0.73495,0.397676
0.775989,-0.684116,-1,-0.777823,0.397676
0.776239,-0.5369,-1,-0.526421,0.397676
0.776489,-0.232747,-1,-0.141327,0.397676
0.776739,0.034722,-1,0.178974,0.397676
0.776989,0.158678,-1,0.324809,0.397676
0.777239,0.186225,1,0.330876,0.397676
0.777489,0.241195,1,0.336574,0.397676
0.777739,0.380114,1,0.395192,0.397676
0.777989,0.518076,1,0.454078,0.397676
0.778239,0.496568,1,0.367716,0.397676
0.778489,0.233792,1,0.0778621,0.397676
0.778739,-0.179537,1,-0.327343,0.397676
0.778989,-0.529957,-1,-0.638044,0.397676
0.779239,-0.639268,-1,-0.674684,0.397676
0.779489,-0.495057,-1,-0.445407,0.397676
0.779739,-0.243146,-1,-0.107491,0.397676
0.779989,-0.0526542,-1,0.138861,0.397676
0.780239,0.0239204,-1,0.236309,0.397676
0.780489,0.071865,1,0.25968,0.397676
0.780739,0.203943,1,0.328488,0.397676
0.780989,0.424579,1,0.470125,0.397676
0.781239,0.598861,1,0.548712,0.397676
0.781489,0.560399,1,0.436229,0.397676
0.781739,0.263311,1,0.102506,0.397676
0.781989,-0.158836,1,-0.325193,0.397676
0.782239,-0.484192,-1,-0.620951,0.397676
0.782489,-0.568099,-1,-0.640999,0.397676
0.782739,-0.441012,-1,-0.426327,0.397676
0.782989,-0.258074,-1,-0.160565,0.397676
0.783239,-0.15027,-1,0.0155212,0.397676
0.783489,-0.113692,-1,0.0726371,0.397676
0.783739,-0.0351507,0.220472,0.14293,0.397676
0.783989,0.173886,1,0.302028,0.397676
0.784239,0.46274,1,0.511052,0.397676
0.784489,0.657183,1,0.618361,0.397676
0.784739,0.597721,1,0.48023,0.397676
0.784989,0.280048,1,0.108879,0.397676
0.785239,-0.128531,1,-0.301917,0.397676
0.785489,-0.413948,-0.834646,-0.568731,0.397676
0.785739,-0.474759,-1,-0.564322,0.397676
0.785989,-0.379718,-1,-0.388153,0.397676
0.786239,-0.278746,-1,-0.203762,0.397676
0.786489,-0.253776,-1,-0.110456,0.397676
0.786739,-0.246855,-1,-0.0711364,0.397676
0.786989,-0.129882,-1,0.0465284,0.397676
0.787239,0.150407,1,0.286338,0.397676
0.787489,0.490105,1,0.547698,0.397676
0.787739,0.689043,1,0.662325,0.397676
0.787988,0.608453,1,0.485,0.397676
0.788238,0.287103,1,0.0953097,0.397676
0.788488,-0.0862372,1,-0.297956,0.397676
0.788738,-0.32101,1,-0.51913,0.397676
0.788988,-0.364866,-1,-0.504782,0.397676
0.789238,-0.316162,-1,-0.381566,0.397676
0.789488,-0.30512,-1,-0.263394,0.397676
0.789738,-0.357767,-1,-0.21817,0.397676
0.789988,-0.368706,-1,-0.153136,0.397676
0.790238,-0.209,-1,0.0295931,0.397676
0.790488,0.131692,1,0.364627,0.397676
0.790738,0.502132,1,0.680296,0.397676
0.790988,0.691889,1,0.774272,0.397676
0.791238,0.59416,1,0.576311,0.397676
0.791488,0.288024,1,0.194527,0.397676
0.791738,-0.0307915,1,-0.180405,0.397676
0.791988,-0.208997,1,-0.363516,0.397676
0.792238,-0.244731,-1,-0.387685,0.397676
0.792488,-0.254568,-1,-0.337814,0.397676
0.792738,-0.335971,-1,-0.35086,0.397676
0.792988,-0.456237,-1,-0.385647,0.397676
0.793238,-0.473115,-1,-0.340554,0.397676
0.793488,-0.270451,-1,-0.107864,0.397676
0.793738,0.115065,-0.937008,0.260474,0.397676
0.793988,0.495228,1,0.597167,0.397676
0.794238,0.665002,1,0.700232,0.397676
0.794488,0.557822,1,0.508357,0.397676
0.794738,0.286434,1,0.145851,0.397676
0.794988,0.0378176,1,-0.157751,0.397676
0.795238,-0.0828402,1,-0.289069,0.397676
0.795488,-0.121065,-1,-0.304782,0.397676
0.795738,-0.198403,-1,-0.331325,0.397676
0.795988,-0.368811,-1,-0.41494,0.397676
0.796238,-0.543067,-1,-0.492278,0.397676
0.796488,-0.555041,-1,-0.428627,0.397676
0.796738,-0.313692,-1,-0.146364,0.397676
0.796988,0.097505,-1,0.266382,0.397676
0.797238,0.466543,1,0.605816,0.397676
0.797488,0.609458,1,0.676637,0.397676
0.797738,0.50379,1,0.488137,0.397676
0.797988,0.285642,1,0.18517,0.397676
0.798238,0.118051,1,-0.0482022,0.397676
0.798488,0.0512901,1,-0.133932,0.397676
0.798738,-0.000459373,0.023622,-0.173687,0.397676
0.798988,-0.149939,-1,-0.278536,0.397676
0.799238,-0.400338,-1,-0.453228,0.397676
0.799488,-0.612375,-1,-0.569075,0.397676
0.799738,-0.61104,-1,-0.491195,0.397676
0.799988,-0.339889,-1,-0.164159,0.397688
0.800238,0.0754958,-1,0.258085,0.397688
0.800488,0.414829,0.834646,0.574112,0.397688
0.800738,0.528146,1,0.6299,0.397688
0.800988,0.436992,1,0.454388,0.397688
0.801238,0.288137,1,0.219681,0.397688
0.801488,0.207011,1,0.067253,0.397688
0.801737,0.186578,1,0.0105418,0.397688
0.801987,0.111155,1,-0.0618305,0.397688
0.802237,-0.110038,-1,-0.247723,0.397688
0.802487,-0.426401,-1,-0.488103,0.397688
0.802737,-0.659175,-1,-0.636818,0.397688
0.802987,-0.639264,-1,-0.525208,0.397688
0.803237,-0.351103,-1,-0.171118,0.397688
0.803487,0.0462199,-1,0.247709,0.397688
0.803737,0.340391,-1,0.529073,0.397688
0.803987,0.425515,1,0.565701,0.397688
0.804237,0.362873,1,0.419565,0.397688
0.804487,0.295574,1,0.254249,0.397688
0.804737,0.300623,1,0.164224,0.397688
0.804987,0.315968,1,0.108467,0.397688
0.805237,0.208761,1,-0.0268665,0.397688
0.805487,-0.0784803,-1,-0.303451,0.397688
0.805737,-0.442841,-1,-0.612279,0.397688
0.805987,-0.679573,-1,-0.758719,0.397688
0.806237,-0.639804,-1,-0.619264,0.397688
0.806487,-0.350705,-1,-0.254983,0.397688
0.806737,0.00711628,-1,0.158304,0.397688
0.806987,0.245029,-1,0.409846,0.397688
0.807237,0.30722,1,0.440462,0.397688
0.807487,0.286618,1,0.370446,0.397688
0.807737,0.308306,1,0.313747,0.397688
0.807987,0.393789,1,0.31551,0.397688
0.808237,0.432493,1,0.292901,0.397688
0.808487,0.288831,1,0.125072,0.397688
0.808737,-0.053587,1,-0.206402,0.397688
0.808987,-0.445363,-1,-0.552801,0.397688
0.809237,-0.671302,-1,-0.710109,0.397688
0.809487,-0.614324,-1,-0.567983,0.397688
0.809737,-0.342247,-1,-0.206737,0.397688
0.809987,-0.0430058,-1,0.159163,0.397688
0.810237,0.132355,-1,0.345735,0.397688
0.810487,0.179949,1,0.370346,0.397688
0.810737,0.212941,1,0.350528,0.397688
0.810987,0.325478,1,0.374973,0.397688
0.811237,0.480789,1,0.433209,0.397688
0.811487,0.530263,1,0.406439,0.397688
0.811737,0.349209,1,0.183409,0.397688
0.811987,-0.0330387,1,-0.20028,0.397688
0.812237,-0.430595,-1,-0.567442,0.397688
0.812487,-0.633824,-1,-0.707137,0.397688
0.812737,-0.566173,-1,-0.56177,0.397688
0.812987,-0.32977,-1,-0.22917,0.397688
0.813237,-0.104424,-1,0.0505229,0.397688
0.813487,0.00724804,-1,0.189273,0.397688
0.813737,0.0503945,-0.897638,0.225659,0.397688
0.813987,0.145589,1,0.268163,0.397688
0.814237,0.345102,1,0.390993,0.397688
0.814487,0.555815,1,0.516088,0.397688
0.814737,0.604232,1,0.465931,0.397688
0.814987,0.389359,1,0.187445,0.397688
0.815237,-0.0137588,1,-0.238384,0.397688
0.815486,-0.395817,-0.614173,-0.601005,0.397688
0.815736,-0.568389,-1,-0.717844,0.397688
0.815986,-0.499772,-1,-0.555895,0.397688
0.816236,-0.316734,-1,-0.27818,0.397688
0.816486,-0.175845,-1,-0.0560421,0.397688
0.816736,-0.124194,-1,0.0492305,0.397688
0.816986,-0.0744962,-1,0.10395,0.397688
0.817236,0.0872362,1,0.243362,0.397688
0.817486,0.36414,1,0.460134,0.397688
0.817736,0.613246,1,0.630335,0.397688
0.817986,0.651143,1,0.577164,0.397688
0.818236,0.410351,1,0.265196,0.397688
0.818486,0.00754258,1,-0.162124,0.397688
0.818736,-0.339884,1,-0.500528,0.397688
0.818986,-0.478071,-1,-0.605893,0.397688
0.819236,-0.420545,-1,-0.472814,0.397688
0.819486,-0.306127,-1,-0.26918,0.397688
0.819736,-0.254631,-1,-0.133038,0.397688
0.819986,-0.255247,-1,-0.0662285,0.397688
0.820236,-0.188795,-1,0.0198799,0.397688
0.820486,0.039066,1,0.23219,0.397688
0.820736,0.378936,1,0.518223,0.397688
0.820986,0.648366,1,0.701489,0.397688
0.821236,0.669288,1,0.631008,0.397688
0.821486,0.414476,1,0.304436,0.397688
0.821736,0.0339029,1,-0.119942,0.397688
0.821986,-0.263109,1,-0.414393,0.397688
0.822236,-0.367467,-1,-0.4937,0.397688
0.822486,-0.334048,-1,-0.400129,0.397688
0.822736,-0.299897,-1,-0.286216,0.397688
0.822986,-0.337106,-1,-0.239781,0.397688
0.823236,-0.378964,-1,-0.225934,0.397688
0.823486,-0.287242,-1,-0.110216,0.397688
0.823736,0.00108324,-0.551181,0.170498,0.397688
0.823986,0.38546,1,0.497849,0.397688
0.824236,0.657523,1,0.702398,0.397688
0.824486,0.658881,1,0.607476,0.397688
0.824736,0.405065,1,0.266554,0.397688
0.824986,0.067839,1,-0.125832,0.397688
0.825236,-0.167265,1,-0.380192,0.397688
0.825486,-0.242397,-1,-0.425388,0.397688
0.825736,-0.245996,-1,-0.375768,0.397688
0.825986,-0.298862,-1,-0.336811,0.397688
0.826236,-0.418379,-1,-0.365551,0.397688
0.826486,-0.488508,-1,-0.363828,0.397688
0.826736,-0.366276,-1,-0.202925,0.397688
0.826986,-0.0280651,-1,0.137494,0.397688
0.827236,0.379831,1,0.518481,0.397688
0.827486,0.638642,1,0.709291,0.397688
0.827736,0.621883,1,0.604486,0.397688
0.827986,0.386114,1,0.28818,0.397688
0.828236,0.110856,1,-0.0504292,0.397688
0.828486,-0.055962,1,-0.248672,0.397688
0.828736,-0.109697,1,-0.282985,0.397688
0.828986,-0.161285,-1,-0.294587,0.397688
0.829235,-0.302591,-1,-0.358983,0.397688
0.829485,-0.493213,-1,-0.447114,0.397688
0.829735,-0.578107,-1,-0.435386,0.397688
0.829985,-0.423681,-1,-0.219868,0.397688
0.830235,-0.0506948,-1,0.175718,0.397688
0.830485,0.358687,0.811024,0.569059,0.397688
0.830735,0.591388,1,0.743672,0.397688
0.830985,0.561795,1,0.630338,0.397688
0.831235,0.361659,1,0.335672,0.397688
0.831485,0.163398,1,0.053182,0.397688
0.831735,0.0661279,1,-0.0879628,0.397688
0.831985,0.0238133,1,-0.145276,0.397688
0.832235,-0.0841126,-1,-0.229457,0.397688
0.832485,-0.30943,-1,-0.403109,0.397688
0.832735,-0.555943,-1,-0.562976,0.397688
0.832985,-0.642875,-1,-0.565258,0.397688
0.833235,-0.458877,-1,-0.321673,0.397688
0.833485,-0.0696291,-1,0.0968927,0.397688
0.833735,0.319555,-1,0.474525,0.397688
0.833985,0.517134,1,0.633464,0.397688
0.834235,0.483306,1,0.52637,0.397688
0.834485,0.335747,1,0.292607,0.397688
0.834735,0.224493,1,0.0896284,0.397688
0.834985,0.192885,1,0.00470743,0.397688
0.835235,0.151056,1,-0.0645266,0.397688
0.835485,-0.0174265,-1,-0.210969,0.397688
0.835735,-0.316852,-1,-0.452213,0.397688
0.835985,-0.601409,-1,-0.658398,0.397688
0.836235,-0.679695,-1,-0.642716,0.397688
0.836485,-0.473078,-1,-0.353282,0.397688
0.836735,-0.0883514,-1,0.0696806,0.397688
0.836985,0.261233,-1,0.427282,0.397688
0.837235,0.419188,1,0.547299,0.397688
0.837485,0.392143,1,0.460471,0.397688
0.837735,0.31159,1,0.298389,0.397688
0.837985,0.291881,1,0.197497,0.397688
0.838235,0.317898,1,0.160369,0.397688
0.838485,0.266004,1,0.0852324,0.397688
0.838735,0.0373224,0.251969,-0.127606,0.397688
0.838985,-0.32135,-1,-0.441634,0.397688
0.839235,-0.624996,-1,-0.674568,0.397688
0.839485,-0.687048,-1,-0.642634,0.397688
0.839735,-0.468563,-1,-0.343089,0.397688
0.839985,-0.109807,-1,0.0677497,0.397688
0.840235,0.184075,-1,0.381856,0.397688
0.840485,0.302144,1,0.469294,0.397688
0.840735,0.294147,1,0.40637,0.397688
0.840985,0.291609,1,0.316968,0.397688
0.841235,0.36213,1,0.299043,0.397688
0.841485,0.434191,1,0.295955,0.397688
0.841735,0.363319,1,0.192044,0.397688
0.841985,0.0798227,1,-0.0882774,0.397688
0.842235,-0.319367,-1,-0.453397,0.397688
0.842485,-0.623435,-1,-0.68517,0.397688
0.842735,-0.66532,-1,-0.639238,0.397688
0.842984,-0.449005,-1,-0.339367,0.397688
0.843234,-0.136827,-1,0.0380721,0.397688
0.843484,0.0897829,-1,0.291718,0.397688
0.843734,0.1721,-1,0.352914,0.397688
0.843984,0.195321,1,0.331673,0.397688
0.844234,0.277025,1,0.332123,0.397688
0.844484,0.43086,1,0.381836,0.397688
0.844734,0.535284,1,0.396344,0.397688
0.844984,0.43939,1,0.228906,0.397688
0.845234,0.111369,1,-0.124565,0.397688
0.845484,-0.307026,-1,-0.530287,0.397688
0.845734,-0.594735,-1,-0.758555,0.397688
0.845984,-0.616688,-1,-0.690495,0.397688
0.846234,-0.418504,-1,-0.395382,0.397688
0.846484,-0.171035,-1,-0.0668709,0.397688
0.846734,-0.0182025,-1,0.135533,0.397688
0.846984,0.0358137,-1,0.19563,0.397688
0.847234,0.100994,1,0.238841,0.397688
0.847484,0.267779,1,0.354011,0.397688
0.847734,0.492991,1,0.50048,0.397688
0.847984,0.6154,1,0.535988,0.397688
0.848234,0.491996,1,0.350751,0.397688
0.848484,0.134016,1,-0.0333837,0.397688
0.848734,-0.281294,1,-0.434157,0.397688
0.848984,-0.538787,-1,-0.648311,0.397688
0.849234,-0.544851,-1,-0.583253,0.397688
0.849484,-0.381454,-1,-0.333906,0.397688
0.849734,-0.213231,-1,-0.0754217,0.397688
0.849984,-0.135248,-1,0.0577041,0.397688
0.850234,-0.0996218,-1,0.120969,0.397688
0.850484,0.0155439,1,0.212806,0.397688
0.850734,0.262697,1,0.399926,0.397688
0.850984,0.543393,1,0.59751,0.397688
0.851234,0.669974,1,0.628304,0.397688
0.851484,0.520609,1,0.397629,0.397688
0.851734,0.15074,1,-0.0084073,0.397688
0.851984,-0.239605,1,-0.406354,0.397688
0.852234,-0.457098,-1,-0.590223,0.397688
0.852484,-0.454867,-1,-0.524078,0.397688
0.852734,-0.342232,-1,-0.334197,0.397688
0.852984,-0.262756,-1,-0.165649,0.397688
0.853234,-0.255562,-1,-0.0962993,0.397688
0.853484,-0.227236,-1,-0.043207,0.397688
0.853734,-0.0577534,-0.102362,0.112842,0.397688
0.853984,0.25949,1,0.383705,0.397688
0.854234,0.576995,1,0.624167,0.397688
0.854484,0.695971,1,0.650826,0.397688
0.854734,0.526523,1,0.401048,0.397688
0.854984,0.164884,1,-0.00725114,0.397688
0.855234,-0.180873,1,-0.369346,0.397688
0.855484,-0.353036,-0.748031,-0.517008,0.397688
0.855734,-0.352563,-1,-0.45834,0.397688
0.855984,-0.304452,-1,-0.321203,0.397688
0.856234,-0.317692,-1,-0.250863,0.397688
0.856484,-0.372737,-1,-0.233582,0.397688
0.856734,-0.340793,-1,-0.162926,0.397688
0.856983,-0.117211,-1,0.0609494,0.397688
0.857233,0.2551,1,0.398411,0.397688
0.857483,0.589625,1,0.65854,0.397688
0.857733,0.69211,1,0.678042,0.397688
0.857983,0.512186,1,0.406414,0.397688
0.858233,0.179715,1,0.000664684,0.397688
0.858483,-0.105326,1,-0.310954,0.397688
0.858733,-0.231386,1,-0.415522,0.397688
0.858983,-0.244233,-1,-0.383974,0.397688
0.859233,-0.270924,-1,-0.328235,0.397688
0.859483,-0.375054,-1,-0.338028,0.397688
0.859733,-0.480193,-1,-0.343622,0.397688
0.859983,-0.435048,-1,-0.230702,0.397688
0.860233,-0.162323,-1,0.0699299,0.397688
0.860483,0.246043,1,0.463167,0.397688
0.860733,0.5781,1,0.741864,0.397688
0.860983,0.658986,1,0.741707,0.397688
0.861233,0.481462,1,0.460823,0.397688
0.861483,0.198126,1,0.102483,0.397688
0.861733,-0.0145537,1,-0.156085,0.397688
0.861983,-0.0981689,1,-0.256846,0.397688
0.862233,-0.135999,-1,-0.26886,0.397688
0.862483,-0.243298,-1,-0.324296,0.397688
0.862733,-0.430722,-1,-0.435837,0.397688
0.862983,-0.571476,-1,-0.488812,0.397688
0.863233,-0.506318,-1,-0.365162,0.397688
0.863483,-0.194256,-1,-0.0315083,0.397688
0.863733,0.228792,-1,0.382902,0.397688
0.863983,0.540691,1,0.653277,0.397688
0.864233,0.598917,1,0.633389,0.397688
0.864483,0.43868,1,0.39035,0.397688
0.864733,0.222068,1,0.0808289,0.397688
0.864983,0.088119,1,-0.116303,0.397688
0.865233,0.0396239,1,-0.175096,0.397688
0.865483,-0.033623,-1,-0.226451,0.397688
0.865733,-0.2219,-1,-0.358648,0.397688
0.865983,-0.480123,-1,-0.526073,0.397688
0.866233,-0.641164,-1,-0.592743,0.397688
0.866483,-0.552441,-1,-0.426413,0.397688
0.866733,-0.215005,-1,-0.0522525,0.397688
0.866983,0.200241,-1,0.367086,0.397688
0.867233,0.477399,1,0.611117,0.397688
0.867483,0.515961,1,0.591076,0.397688
0.867733,0.388698,1,0.381399,0.397688
0.867983,0.252654,1,0.161622,0.397688
0.868233,0.198351,1,0.0415626,0.397688
0.868483,0.175055,1,-0.0102699,0.397688
0.868733,0.0583688,0.165354,-0.114138,0.397688
0.868983,-0.205938,-1,-0.328983,0.397688
0.869233,-0.518292,-1,-0.569887,0.397688
0.869483,-0.684779,-1,-0.647813,0.397688
0.869733,-0.57302,-1,-0.447375,0.397688
0.869983,-0.227569,-1,-0.0552661,0.397688
0.870233,0.157972,-1,0.347975,0.397688
0.870483,0.389811,0.401575,0.557077,0.397688
0.870732,0.415232,1,0.526899,0.397688
0.870982,0.336058,1,0.357354,0.397688
0.871232,0.289597,1,0.225789,0.397688
0.871482,0.310436,1,0.169451,0.397688
0.871732,0.300952,1,0.117583,0.397688
0.871982,0.136401,1,-0.0575253,0.397688
0.872232,-0.19346,-1,-0.350053,0.397688
0.872482,-0.54062,-1,-0.63018,0.397688
0.872732,-0.699557,-1,-0.695548,0.397688
0.872982,-0.569376,-1,-0.479011,0.397688
0.873232,-0.235382,-1,-0.0692319,0.397688
0.873482,0.100809,-1,0.292778,0.397688
0.873732,0.281441,-1,0.468311,0.397688
0.873982,0.303005,1,0.441997,0.397688
0.874232,0.284916,1,0.353785,0.397688
0.874482,0.331378,1,0.301429,0.397688
0.874732,0.418365,1,0.29077,0.397688
0.874982,0.411233,1,0.219212,0.397688
0.875232,0.198597,1,-0.0174073,0.397688
0.875482,-0.181668,-1,-0.388979,0.397688
0.875732,-0.543022,-1,-0.700957,0.397688
0.875982,-0.684404,-1,-0.758526,0.397688
0.876232,-0.544289,-1,-0.527605,0.397688
0.876482,-0.241895,-1,-0.143966,0.397688
0.876732,0.028866,-1,0.166964,0.397688
0.876982,0.156998,-1,0.305562,0.397688
0.877232,0.185621,1,0.307447,0.397688
0.877482,0.23837,1,0.310392,0.397688
0.877732,0.375389,1,0.365867,0.397688
0.877982,0.515612,1,0.433331,0.397688
0.878232,0.500609,1,0.358552,0.397688
0.878482,0.24436,1,0.0749652,0.397688
0.878732,-0.167296,1,-0.319151,0.397688
0.878982,-0.522667,-1,-0.634231,0.397688
0.879232,-0.640073,-1,-0.674414,0.397688
0.879482,-0.50167,-1,-0.444134,0.397688
0.879732,-0.250207,-1,-0.107537,0.397688
0.879982,-0.05643,-1,0.149569,0.397688
0.880232,0.0226827,-1,0.252076,0.397688
0.880482,0.0696365,1,0.269483,0.397688
0.880732,0.198526,1,0.342651,0.397688
0.880982,0.417917,1,0.476724,0.397688
0.881232,0.596157,1,0.548352,0.397688
0.881482,0.565365,1,0.442759,0.397688
0.881732,0.27467,1,0.108021,0.397688
0.881982,-0.146938,1,-0.323301,0.397688
0.882232,-0.477865,-1,-0.617557,0.397688
0.882482,-0.569176,-1,-0.653046,0.397688
0.882732,-0.446324,-1,-0.445863,0.397688
0.882982,-0.262674,-1,-0.17666,0.397688
0.883232,-0.151976,-1,0.00579756,0.397688
0.883482,-0.114692,-1,0.0667415,0.397688
0.883732,-0.0390918,-0.338583,0.132548,0.397688
0.883982,0.166089,1,0.287654,0.397688
0.884232,0.454733,1,0.508984,0.397688
0.884481,0.654624,1,0.616163,0.397688
0.884731,0.603552,1,0.484995,0.397688
0.884981,0.291659,1,0.111178,0.397688
0.885231,-0.117546,1,-0.31485,0.397688
0.885481,-0.408793,-0.220472,-0.581145,0.397688
0.885731,-0.475865,-1,-0.592997,0.397688
0.885981,-0.383252,-1,-0.411578,0.397688
0.886231,-0.280663,-1,-0.215385,0.397688
0.886481,-0.253662,-1,-0.111954,0.397688
0.886731,-0.248013,-1,-0.0595091,0.397688
0.886981,-0.135716,-1,0.0647633,0.397688
0.887231,0.140554,1,0.302156,0.397688
0.887481,0.481221,1,0.578836,0.397688
0.887731,0.686911,1,0.696607,0.397688
0.887981,0.614816,1,0.529642,0.397688
0.888231,0.29822,1,0.14594,0.397688
0.888481,-0.0767022,1,-0.264895,0.397688
0.888731,-0.317076,1,-0.502775,0.397688
0.888981,-0.365611,-1,-0.506409,0.397688
0.889231,-0.317507,-1,-0.390152,0.397688
0.889481,-0.304316,-1,-0.280375,0.397688
0.889731,-0.356061,-1,-0.24319,0.397688
0.889981,-0.370326,-1,-0.187724,0.397688
0.890231,-0.216527,-1,-0.00493734,0.397688
0.890481,0.120389,1,0.323358,0.397688
0.890731,0.493035,1,0.637343,0.397688
0.890981,0.690356,1,0.75345,0.397688
0.891231,0.600713,1,0.574038,0.397688
0.891481,0.298106,1,0.194719,0.397688
0.891731,-0.023063,1,-0.163249,0.397688
0.891981,-0.20626,1,-0.353377,0.397688
0.892231,-0.244737,-1,-0.361932,0.397688
0.892481,-0.253498,-1,-0.318302,0.397688
0.892731,-0.332556,-1,-0.322367,0.397688
0.892981,-0.45342,-1,-0.355605,0.397688
0.893231,-0.47543,-1,-0.32295,0.397688
0.893481,-0.279498,-1,-0.105046,0.397688
0.893731,0.102866,-1,0.263087,0.397688
0.893981,0.486331,1,0.59443,0.397688
0.894231,0.664105,1,0.6985,0.397688
0.894481,0.564111,1,0.501335,0.397688
0.894731,0.29481,1,0.142837,0.397688
0.894981,0.0433542,1,-0.172718,0.397688
0.895231,-0.0810488,1,-0.311682,0.397688
0.895481,-0.119977,-1,-0.331086,0.397688
0.895731,-0.194789,-1,-0.343322,0.397688
0.895981,-0.363081,-1,-0.423972,0.397688
0.896231,-0.539495,-1,-0.497636,0.397688
0.896481,-0.558232,-1,-0.440641,0.397688
0.896731,-0.323888,-1,-0.156392,0.397688
0.896981,0.0850705,-1,0.255528,0.397688
0.897231,0.458462,1,0.603447,0.397688
0.897481,0.609169,1,0.698308,0.397688
0.897731,0.509316,1,0.514973,0.397688
0.897981,0.291861,1,0.207508,0.397688
0.89823,0.121345,1,-0.0262049,0.397688
0.89848,0.0523863,1,-0.128775,0.397688
0.89873,0.00207435,0.700787,-0.171098,0.397688
0.89898,-0.143833,-1,-0.265647,0.397688
0.89923,-0.392716,-1,-0.445129,0.397688
0.89948,-0.608539,-1,-0.568861,0.397688
0.89973,-0.61504,-1,-0.487612,0.397688
0.89998,-0.350741,-1,-0.15895,0.399265
2.02416,0.599288,-1,0.604125,0.399265
2.02441,0.68993,-0.622047,0.690327,0.399265
2.02466,0.500052,1,0.504397,0.399265
2.02491,0.16545,1,0.15995,0.399265
2.02516,-0.114195,1,-0.133295,0.399265
2.02541,-0.233492,1,-0.278824,0.399265
2.02566,-0.2443,1,-0.290409,0.399265
2.02591,-0.273949,-0.566929,-0.300954,0.399265
2.02616,-0.380678,-1,-0.367507,0.399265
2.02641,-0.482387,-1,-0.409453,0.399265
2.02666,-0.427533,-1,-0.302168,0.399265
2.02691,-0.145143,-1,0.0150446,0.399265
2.02716,0.264982,-1,0.432956,0.399265
2.02741,0.588348,-1,0.716318,0.399265
2.02766,0.65567,0.952756,0.727741,0.399265
2.02791,0.468719,1,0.45497,0.399265
2.02816,0.185044,1,0.0704246,0.399265
2.02841,-0.021546,1,-0.220143,0.399265
2.02866,-0.100152,1,-0.356216,0.399265
2.02891,-0.139142,1,-0.411468,0.399265
2.02916,-0.251409,-1,-0.489741,0.399265
2.02941,-0.440419,-1,-0.604378,0.399265
2.02966,-0.574221,-1,-0.632191,0.399265
2.02991,-0.495803,-1,-0.443044,0.399265
2.03016,-0.173104,-1,-0.0284127,0.399265
2.03041,0.24977,-1,0.451412,0.399265
2.03066,0.550664,-1,0.759286,0.399265
2.03091,0.594816,1,0.775856,0.399265
2.03116,0.426788,1,0.542591,0.399265
2.03141,0.211941,1,0.243837,0.399265
2.03166,0.0839209,1,0.0132951,0.399265
2.03191,0.0374594,1,-0.102932,0.399265
2.03216,-0.0408175,1,-0.220498,0.399265
2.03241,-0.235828,-1,-0.414547,0.399265
2.03266,-0.493681,-1,-0.63264,0.399265
2.03291,-0.643702,-1,-0.725475,0.399265
2.03316,-0.538701,-1,-0.539631,0.399265
2.03341,-0.190638,-1,-0.123257,0.399265
2.03366,0.222128,-1,0.324493,0.399265
2.03391,0.486413,-1,0.598499,0.399265
2.03416,0.5116,1,0.592782,0.399265
2.03441,0.379226,1,0.417005,0.399265
2.03466,0.24682,1,0.208131,0.399265
2.03491,0.197148,1,0.0890299,0.399265
2.03516,0.171637,1,0.0183597,0.399265
2.03541,0.0459467,1,-0.122258,0.399265
2.03567,-0.22592,-1,-0.36707,0.399265
2.03592,-0.535161,-1,-0.623966,0.399265
2.03617,-0.686481,-1,-0.693104,0.399265
2.03642,-0.556342,-1,-0.479019,0.399265
2.03667,-0.201433,-1,-0.0596213,0.399265
2.03692,0.179293,-1,0.346123,0.399265
2.03717,0.397412,-1,0.554464,0.399265
2.03742,0.411652,1,0.521814,0.399265
2.03767,0.330806,1,0.373702,0.399265
2.03792,0.289332,1,0.2426,0.399265
2.03817,0.312329,1,0.177315,0.399265
2.03842,0.295608,1,0.0958714,0.399265
2.03867,0.118144,1,-0.0973857,0.399265
2.03892,-0.219253,-1,-0.419523,0.399265
2.03917,-0.55982,-1,-0.696755,0.399265
2.03942,-0.699923,-1,-0.758187,0.399265
2.03967,-0.550546,-1,-0.511883,0.399265
2.03992,-0.20923,-1,-0.09434,0.399265
2.04017,0.119852,-1,0.28345,0.399265
2.04042,0.287301,-1,0.446732,0.399265
2.04067,0.30129,1,0.440033,0.399265
2.04092,0.285529,1,0.356887,0.399265
2.04117,0.337591,1,0.328157,0.399265
2.04142,0.422858,1,0.326535,0.399265
2.04167,0.403116,1,0.244864,0.399265
2.04192,0.17442,1,-0.00652092,0.399265
2.04217,-0.212294,-0.15748,-0.384572,0.399265
2.04242,-0.56332,-1,-0.683099,0.399265
2.04267,-0.683127,-1,-0.730426,0.399265
2.04292,-0.524448,-1,-0.486798,0.399265
2.04317,-0.217664,-1,-0.102016,0.399265
2.04342,0.0442721,-1,0.2092,0.399265
2.04367,0.161422,-1,0.334579,0.399265
2.04392,0.187376,0.976378,0.340115,0.399265
2.04417,0.246288,1,0.332812,0.399265
2.04442,0.388345,1,0.398163,0.399265
2.04467,0.522053,1,0.441418,0.399265
2.04492,0.488931,1,0.343991,0.399265
2.04517,0.214531,1,0.0381138,0.399265
2.04542,-0.201427,1,-0.365523,0.399265
2.04567,-0.542703,-1,-0.664383,0.399265
2.04592,-0.637244,-1,-0.688452,0.399265
2.04617,-0.48261,-1,-0.448101,0.399265
2.04642,-0.230052,-1,-0.0988249,0.399265
2.04667,-0.0456911,-1,0.144293,0.399265
2.04692,0.0261631,-1,0.245405,0.399265
2.04717,0.0763614,-0.251969,0.27909,0.399265
2.04742,0.214721,1,0.359874,0.399265
2.04767,0.437406,1,0.500275,0.399265
2.04792,0.603565,1,0.563399,0.399265
2.04817,0.549775,1,0.418414,0.399265
2.04842,0.240158,1,0.0430303,0.399265
2.04867,-0.182723,1,-0.398998,0.399265
2.04892,-0.496512,0.188976,-0.694788,0.399265
2.04917,-0.565274,-1,-0.699587,0.399265
2.04942,-0.429913,-1,-0.482541,0.399265
2.04967,-0.248726,-1,-0.203631,0.399265
2.04992,-0.146797,-1,-0.0078317,0.399265
2.05017,-0.111424,-1,0.0876978,0.399265
2.05042,-0.0262958,-1,0.195799,0.399265
2.05067,0.190923,1,0.39032,0.399265
2.05092,0.479764,1,0.611031,0.399265
2.05117,0.661975,1,0.706572,0.399265
2.05142,0.584185,1,0.534877,0.399265
2.05167,0.254153,1,0.130107,0.399265
2.05192,-0.152631,1,-0.321511,0.399265
2.05217,-0.424854,1,-0.595834,0.399265
2.05242,-0.471855,-1,-0.610022,0.399265
2.05267,-0.371697,-1,-0.450045,0.399265
2.05292,-0.27461,-1,-0.267939,0.399265
2.05317,-0.254046,-1,-0.159435,0.399265
2.05342,-0.243721,-1,-0.0828727,0.399265
2.05367,-0.115713,-1,0.0740998,0.399265
2.05392,0.173859,1,0.351328,0.399265
2.05417,0.510601,1,0.633606,0.399265
2.05442,0.693138,1,0.740264,0.399265
2.05467,0.59223,1,0.560717,0.399265
2.05492,0.259862,1,0.155232,0.399265
2.05517,-0.109084,1,-0.240506,0.399265
2.05542,-0.330055,1,-0.463036,0.399265
2.05567,-0.362798,-1,-0.46911,0.399265
2.05592,-0.312946,-1,-0.358649,0.399265
2.05617,-0.307415,-1,-0.277978,0.399265
2.05642,-0.361734,-1,-0.252366,0.399265
2.05667,-0.363762,-1,-0.196607,0.399265
2.05692,-0.188884,-1,-0.00401031,0.399265
2.05717,0.160985,0.149606,0.323568,0.399265
2.05742,0.52503,1,0.634341,0.399265
2.05767,0.694706,1,0.721891,0.399265
2.05792,0.576046,1,0.51682,0.399265
2.05817,0.261363,1,0.118787,0.399265
2.05842,-0.0506477,1,-0.236037,0.399265
2.05867,-0.215887,1,-0.41324,0.399265
2.05892,-0.24476,-0.472441,-0.402163,0.399265
2.05917,-0.257876,-1,-0.358329,0.399265
2.05942,-0.34546,-1,-0.35629,0.399265
2.05967,-0.463499,-1,-0.375692,0.399265
2.05992,-0.465666,-1,-0.304918,0.399265
2.06017,-0.244435,-1,-0.0357658,0.399265
2.06043,0.149109,-1,0.352385,0.399265
2.06068,0.518968,1,0.679947,0.399265
2.06093,0.666174,1,0.758904,0.399265
2.06118,0.5392,1,0.535828,0.399265
2.06143,0.262683,1,0.166546,0.399265
2.06168,0.0225354,1,-0.153658,0.399265
2.06193,-0.0877059,1,-0.291031,0.399265
2.06218,-0.124511,0.653543,-0.325871,0.399265
2.06243,-0.209525,-1,-0.365742,0.399265
2.06268,-0.385715,-1,-0.469777,0.399265
2.06293,-0.552602,-1,-0.539014,0.399265
2.06318,-0.544308,-1,-0.43866,0.399265
2.06343,-0.282264,-1,-0.100536,0.399265
2.06368,0.134657,-1,0.340941,0.399265
2.06393,0.489785,-0.141732,0.683352,0.399265
2.06418,0.609038,1,0.753141,0.399265
2.06443,0.486303,1,0.555727,0.399265
2.06468,0.266841,1,0.241238,0.399265
2.06493,0.108406,1,-0.0147755,0.399265
2.06518,0.0478874,1,-0.133104,0.399265
2.06543,-0.00884602,1,-0.203369,0.399265
2.06568,-0.16975,-1,-0.347387,0.399265
2.06593,-0.424189,-1,-0.544633,0.399265
2.06618,-0.623224,-1,-0.660359,0.399265
2.06643,-0.59663,-1,-0.541923,0.399265
2.06668,-0.304219,-1,-0.185943,0.399265
2.06693,0.113784,-1,0.266292,0.399265
2.06718,0.436161,-1,0.595498,0.399265
2.06743,0.526595,1,0.652688,0.399265
2.06768,0.42283,1,0.477888,0.399265
2.06793,0.276441,1,0.256622,0.399265
2.06818,0.203657,1,0.0937336,0.399265
2.06843,0.183743,1,0.010541,0.399265
2.06868,0.0965342,1,-0.0987508,0.399265
2.06893,-0.138848,-1,-0.312864,0.399265
2.06918,-0.456234,-1,-0.585047,0.399265
2.06943,-0.670118,-1,-0.716348,0.399265
2.06968,-0.621368,-1,-0.577883,0.399265
2.06993,-0.313001,-1,-0.197323,0.399265
2.07018,0.0830129,-1,0.234186,0.399265
2.07043,0.358526,-1,0.511924,0.399265
2.07068,0.423666,1,0.543058,0.399265
2.07093,0.353987,1,0.406812,0.399265
2.07118,0.292717,1,0.262336,0.399265
2.07143,0.303797,1,0.190497,0.399265
2.07168,0.312639,1,0.147038,0.399265
2.07193,0.18716,1,0.00283087,0.399265
2.07218,-0.115561,-0.299213,-0.289745,0.399265
2.07243,-0.476858,-1,-0.591323,0.399265
2.07268,-0.689497,-1,-0.728472,0.399265
2.07293,-0.618957,-1,-0.565527,0.399265
2.07318,-0.312568,-1,-0.179886,0.399265
2.07343,0.0403244,-1,0.218598,0.399265
2.07368,0.259386,-1,0.445341,0.399265
2.07393,0.306519,0.133858,0.458735,0.399265
2.07418,0.285287,1,0.37409,0.399265
2.07443,0.315441,1,0.323059,0.399265
2.07468,0.402943,1,0.314826,0.399265
2.07493,0.42743,1,0.263266,0.399265
2.07518,0.259701,1,0.0457993,0.399265
2.07543,-0.0979606,1,-0.306942,0.399265
2.07568,-0.481857,-1,-0.660513,0.399265
2.07593,-0.679315,-1,-0.785212,0.399265
2.07618,-0.591808,-1,-0.605428,0.399265
2.07643,-0.306651,-1,-0.213414,0.399265
2.07668,-0.0156897,-1,0.154971,0.399265
2.07693,0.142659,-1,0.342745,0.399265
2.07718,0.18192,-1,0.380778,0.399265
2.07743,0.221088,1,0.383966,0.399265
2.07768,0.343136,1,0.429286,0.399265
2.07793,0.494948,1,0.479511,0.399265
2.07818,0.522249,1,0.407887,0.399265
2.07843,0.312955,1,0.127032,0.399265
2.07868,-0.0827294,1,-0.294016,0.399265
2.07893,-0.467332,-0.11811,-0.674526,0.399265
2.07918,-0.63942,-1,-0.802024,0.399265
2.07943,-0.543761,-1,-0.627866,0.399265
2.07968,-0.299544,-1,-0.289308,0.399265
2.07993,-0.0848834,-1,0.0169904,0.399265
2.08018,0.0137123,-1,0.173876,0.399265
2.08043,0.0567813,-1,0.235457,0.399265
2.08068,0.164413,1,0.325166,0.399265
2.08093,0.372967,1,0.478512,0.399265
2.08118,0.573547,1,0.607102,0.399265
2.08143,0.592558,1,0.537004,0.399265
2.08168,0.347128,1,0.22918,0.399265
2.08193,-0.0660938,1,-0.219211,0.399265
2.08218,-0.43063,1,-0.571233,0.399265
2.08243,-0.571537,-1,-0.68469,0.399265
2.08268,-0.479957,-1,-0.527938,0.399265
2.08293,-0.294629,-1,-0.253466,0.399265
2.08318,-0.165253,-1,-0.0422946,0.399265
2.08343,-0.120634,-1,0.0597785,0.399265
2.08368,-0.0618721,-1,0.135387,0.399265
2.08393,0.117431,1,0.297685,0.399265
2.08418,0.401183,1,0.522514,0.399265
2.08443,0.632856,1,0.674138,0.399265
2.08468,0.635276,1,0.579965,0.399265
2.08493,0.363805,1,0.245498,0.399265
2.08519,-0.0446144,1,-0.200153,0.399265
2.08544,-0.370939,1,-0.525781,0.399265
2.08569,-0.479407,-1,-0.606161,0.399265
2.08594,-0.405617,-1,-0.464894,0.399265
2.08619,-0.294582,-1,-0.275733,0.399265
2.08644,-0.253632,-1,-0.140064,0.399265
2.08669,-0.253322,-1,-0.0864498,0.399265
2.08694,-0.168608,-1,0.0260344,0.399265
2.08719,0.0805142,0.440945,0.2602,0.399265
2.08744,0.423344,1,0.549486,0.399265
2.08769,0.668066,1,0.714987,0.399265
2.08794,0.649544,1,0.605266,0.399265
2.08819,0.366122,1,0.248265,0.399265
2.08844,-0.014916,1,-0.175831,0.399265
2.08869,-0.288867,1,-0.457439,0.399265
2.08894,-0.36834,0.125984,-0.511815,0.399265
2.08919,-0.326695,-1,-0.40754,0.399265
2.08944,-0.300802,-1,-0.2985,0.399265
2.08969,-0.345517,-1,-0.256438,0.399265
2.08994,-0.3772,-1,-0.208334,0.399265
2.09019,-0.258808,-1,-0.0440503,0.399265
2.09044,0.0525677,-1,0.274385,0.399265
2.09069,0.434766,1,0.612739,0.399265
2.09094,0.675696,1,0.785402,0.399265
2.09119,0.636137,1,0.653964,0.399265
2.09144,0.358035,1,0.268581,0.399265
2.09169,0.0255168,1,-0.140421,0.399265
2.09194,-0.186771,1,-0.391298,0.399265
2.09219,-0.244204,1,-0.441187,0.399265
2.09244,-0.248526,-1,-0.413677,0.399265
2.09269,-0.313306,-1,-0.40615,0.399265
2.09294,-0.435259,-1,-0.430077,0.399265
2.09319,-0.485144,-1,-0.376652,0.399265
2.09344,-0.3292,-1,-0.147418,0.399265
2.09369,0.0316131,-1,0.24402,0.399265
2.09394,0.431305,0.503937,0.632482,0.399265
2.09419,0.654079,1,0.808173,0.399265
2.09444,0.597658,1,0.67645,0.399265
2.09469,0.34367,1,0.331659,0.399265
2.09494,0.0776643,1,-0.0177335,0.399265
2.09519,-0.0690408,1,-0.209233,0.399265
2.09544,-0.114371,1,-0.269093,0.399265
2.09569,-0.175826,-1,-0.315119,0.399265
2.09594,-0.330752,-1,-0.417836,0.399265
2.09619,-0.516906,-1,-0.527742,0.399265
2.09644,-0.57179,-1,-0.506124,0.399265
2.09669,-0.378591,-1,-0.251888,0.399265
2.09694,0.0144319,-1,0.170922,0.399265
2.09719,0.409374,-1,0.556891,0.399265
2.09744,0.603407,1,0.703124,0.399265
2.09769,0.538294,1,0.57439,0.399265
2.09794,0.327341,1,0.274138,0.399265
2.09819,0.141434,1,0.00458467,0.399265
2.09844,0.0587071,1,-0.140732,0.399265
2.09869,0.01411,1,-0.19884,0.399265
2.09894,-0.111974,-1,-0.302863,0.399265
2.09919,-0.350541,-1,-0.478723,0.399265
2.09944,-0.584237,-1,-0.630114,0.399265
2.09969,-0.632654,-1,-0.584312,0.399265
2.09994,-0.407469,-1,-0.284045,0.399265
2.10019,-0.00271338,-1,0.160323,0.399265
2.10044,0.366531,-1,0.533937,0.399265
2.10069,0.525654,1,0.6642,0.399265
2.10094,0.463261,1,0.536161,0.399265
2.10119,0.312776,1,0.302362,0.399265
2.10144,0.215183,1,0.120516,0.399265
2.10169,0.190352,1,0.0245302,0.399265
2.10194,0.134623,1,-0.0568555,0.399265
2.10219,-0.058886,-0.496063,-0.237384,0.399265
2.10244,-0.369008,-1,-0.501474,0.399265
2.10269,-0.632086,-1,-0.680536,0.399265
2.10294,-0.664959,-1,-0.632695,0.399265
2.10319,-0.417559,-1,-0.304597,0.399265
2.10344,-0.0232423,-1,0.133616,0.399265
2.10369,0.302174,-1,0.460463,0.399265
2.10394,0.42487,-0.299213,0.560058,0.399265
2.10419,0.378486,1,0.45146,0.399265
2.10444,0.302693,1,0.300125,0.399265
2.10469,0.29543,1,0.204664,0.399265
2.10494,0.318385,1,0.142403,0.399265
2.10519,0.241088,1,0.0232098,0.399265
2.10544,-0.0172927,1,-0.237174,0.399265
2.10569,-0.382055,-1,-0.56504,0.399265
2.10594,-0.65572,-1,-0.765581,0.399265
2.10619,-0.668049,-1,-0.684425,0.399265
2.10644,-0.412179,-1,-0.322987,0.399265
2.10669,-0.0505322,-1,0.113817,0.399265
2.10694,0.217133,-1,0.426535,0.399265
2.10719,0.306408,-1,0.507542,0.399265
2.10744,0.289949,1,0.448368,0.399265
2.10769,0.298718,1,0.392191,0.399265
2.10794,0.378097,1,0.378273,0.399265
2.10819,0.435786,1,0.335268,0.399265
2.10844,0.329101,1,0.156659,0.399265
2.10869,0.0138194,1,-0.19342,0.399265
2.10894,-0.385058,-0.929134,-0.590116,0.399265
2.10919,-0.652012,-1,-0.80848,0.399265
2.10944,-0.643109,-1,-0.725555,0.399265
2.10969,-0.395469,-1,-0.383023,0.399265
2.10995,-0.0871848,-1,-0.00863798,0.399265
2.1102,0.113827,-1,0.243863,0.399265
2.11045,0.176685,-1,0.312326,0.399265
2.1107,0.203171,1,0.316559,0.399265
2.11095,0.301038,1,0.36065,0.399265
2.1112,0.457789,1,0.44302,0.399265
2.11145,0.536026,1,0.446125,0.399265
2.1117,0.395856,1,0.257797,0.399265
2.11195,0.0367373,1,-0.121833,0.399265
2.1122,-0.374221,1,-0.515164,0.399265
2.11245,-0.619487,-1,-0.716845,0.399265
2.1127,-0.593091,-1,-0.6113,0.399265
2.11295,-0.371788,-1,-0.308306,0.399265
2.1132,-0.134031,-1,0.0224771,0.399265
2.11345,-0.00327605,-1,0.213008,0.399265
2.1137,0.0430722,-1,0.272585,0.399265
2.11395,0.123061,1,0.328682,0.399265
2.1142,0.308404,1,0.4491,0.399265
2.11445,0.528633,1,0.578394,0.399265
2.1147,0.613368,1,0.562886,0.399265
2.11495,0.439948,1,0.312045,0.399265
2.1152,0.0545065,1,-0.124572,0.399265
2.11545,-0.346231,1,-0.526604,0.399265
2.1157,-0.55875,-1,-0.709835,0.399265
2.11595,-0.522455,-1,-0.607879,0.399265
2.1162,-0.345639,-1,-0.342879,0.399265
2.11645,-0.191174,-1,-0.0991974,0.399265
2.1167,-0.128719,-1,0.0287215,0.399265
2.11695,-0.087311,-1,0.0961204,0.399265
2.1172,0.053104,0.456693,0.226656,0.399265
2.11745,0.31861,1,0.452083,0.399265
2.1177,0.584886,1,0.646601,0.399265
2.11795,0.663798,1,0.631885,0.399265
2.1182,0.462061,1,0.360556,0.399265
2.11845,0.0704653,1,-0.076857,0.399265
2.1187,-0.298848,1,-0.453178,0.399265
2.11895,-0.472148,0.377953,-0.597548,0.399265
2.1192,-0.436745,-1,-0.512092,0.399265
2.11945,-0.321013,-1,-0.315779,0.399265
2.1197,-0.256998,-1,-0.163229,0.399265
2.11995,-0.256055,-1,-0.0818515,0.399265
2.1202,-0.207828,-1,0.00568417,0.399265
2.12045,-0.00476529,-1,0.211258,0.399265
2.1207,0.328091,1,0.508213,0.399265
2.12095,0.62126,1,0.736763,0.399265
2.1212,0.685003,1,0.699168,0.399265
2.12145,0.464417,1,0.374949,0.399265
2.1217,0.0885955,1,-0.0807918,0.399265
2.12195,-0.231284,1,-0.432769,0.399265
2.1222,-0.363737,1,-0.568706,0.399265
2.12245,-0.342031,-1,-0.499665,0.399265
2.1227,-0.300649,-1,-0.391765,0.399265
2.12295,-0.328514,-1,-0.325331,0.399265
2.1232,-0.378033,-1,-0.269212,0.399265
2.12345,-0.312436,-1,-0.138845,0.399265
2.1237,-0.0496633,-1,0.164104,0.399265
2.12395,0.332974,1,0.537337,0.427001
2.1242,0.633557,1,0.787038,0.427001
2.12445,0.676501,1,0.758068,0.427001
2.1247,0.45046,1,0.438414,0.427001
2.12495,0.111958,1,0.0339541,0.427001
2.1252,-0.144783,1,-0.271761,0.427001
2.12545,-0.239354,1,-0.377004,0.427001
2.1257,-0.244793,-1,-0.352182,0.427001
2.12595,-0.286465,-1,-0.348437,0.427001
2.1262,-0.401369,-1,-0.391513,0.427001
2.12645,-0.487774,-1,-0.394463,0.427001
2.1267,-0.396829,-1,-0.248374,0.427001
2.12695,-0.0825893,-1,0.0758866,0.427001
2.1272,0.328991,-0.661417,0.476934,0.427001
2.12745,0.618947,1,0.712311,0.427001
2.1277,0.639854,1,0.665816,0.427001
2.12795,0.424196,1,0.356464,0.427001
2.1282,0.143153,1,-0.00675983,0.427001
2.12845,-0.041919,1,-0.246967,0.427001
2.1287,-0.105603,1,-0.319842,0.427001
2.12895,-0.150426,-1,-0.337476,0.427001
2.1292,-0.278877,-1,-0.400483,0.427001
2.12945,-0.4705,-1,-0.504171,0.427001
2.1297,-0.578876,-1,-0.513025,0.427001
2.12995,-0.458384,-1,-0.31609,0.427001
2.1302,-0.105824,-1,0.078359,0.427001
2.13045,0.312126,-1,0.491027,0.427001
2.1307,0.576255,1,0.722196,0.427001
2.13095,0.578495,1,0.659954,0.427001
2.1312,0.39055,1,0.382298,0.427001
2.13145,0.183594,1,0.0864341,0.427001
2.1317,0.0731563,1,-0.0923428,0.427001
2.13195,0.030383,1,-0.166078,0.427001
2.1322,-0.0639038,-0.362205,-0.250247,0.427001
2.13245,-0.276842,-1,-0.418228,0.427001
2.1327,-0.530327,-1,-0.593969,0.427001
2.13295,-0.646071,-1,-0.62197,0.427001
2.1332,-0.495845,-1,-0.389391,0.427001
2.13345,-0.122231,-1,0.0342055,0.427001
2.1337,0.27945,-1,0.443588,0.427001
2.13395,0.506412,-0.322835,0.652475,0.427001
2.1342,0.496898,1,0.586868,0.427001
2.13445,0.354097,1,0.357397,0.427001
2.13471,0.233074,1,0.150956,0.427001
2.13496,0.19464,1,0.032442,0.427001
2.13521,0.160935,1,-0.0488495,0.427001
2.13546,0.0109167,1,-0.204454,0.427001
2.13571,-0.27824,-1,-0.45722,0.427001
2.13596,-0.575329,-1,-0.686228,0.427001
2.13621,-0.685411,-1,-0.709094,0.427001
2.13646,-0.510088,-1,-0.43098,0.427001
2.13671,-0.135588,-1,0.0245745,0.427001
2.13696,0.228865,-1,0.42506,0.427001
2.13721,0.412023,-1,0.602069,0.427001
2.13746,0.401007,1,0.555507,0.427001
2.13771,0.319,1,0.405297,0.427001
2.13796,0.290196,1,0.283965,0.427001
2.13821,0.316167,1,0.21274,0.427001
2.13846,0.279789,1,0.107608,0.427001
2.13871,0.0719532,1,-0.134688,0.427001
2.13896,-0.279796,-1,-0.478537,0.427001
2.13921,-0.600541,-1,-0.746662,0.427001
2.13946,-0.695043,-1,-0.768797,0.427001
2.13971,-0.503484,-1,-0.49245,0.427001
2.13996,-0.149736,-1,-0.0667031,0.427001
2.14021,0.159715,-1,0.286102,0.427001
2.14046,0.297536,-1,0.434531,0.427001
2.14071,0.297125,1,0.411767,0.427001
2.14096,0.288415,1,0.344603,0.427001
2.14121,0.352108,1,0.334899,0.427001
2.14146,0.430717,1,0.335606,0.427001
2.14171,0.381149,1,0.228642,0.427001
2.14196,0.118717,1,-0.0479632,0.427001
2.14221,-0.27755,0.220472,-0.423121,0.427001
2.14246,-0.601959,-1,-0.696969,0.427001
2.14271,-0.674796,-1,-0.695394,0.427001
2.14296,-0.479742,-1,-0.415358,0.427001
2.14321,-0.16782,-1,-0.0265343,0.427001
2.14346,0.0733367,-1,0.265562,0.427001
2.14371,0.168686,-1,0.365274,0.427001
2.14396,0.191815,1,0.360226,0.427001
2.14421,0.26435,1,0.363908,0.427001
2.14446,0.414674,1,0.431183,0.427001
2.14471,0.531709,1,0.450663,0.427001
2.14496,0.460481,1,0.313407,0.427001
2.14521,0.15186,1,-0.030993,0.427001
2.14546,-0.267665,1,-0.445116,0.427001
2.14571,-0.577141,-1,-0.718029,0.427001
2.14596,-0.626516,-1,-0.695098,0.427001
2.14621,-0.443298,-1,-0.418727,0.427001
2.14646,-0.192524,-1,-0.0745907,0.427001
2.14671,-0.0275304,-1,0.16006,0.427001
2.14696,0.0323199,-1,0.242863,0.427001
2.14721,0.0909596,0.15748,0.286315,0.427001
2.14746,0.247382,1,0.39596,0.427001
2.14771,0.473029,1,0.543239,0.427001
2.14796,0.612866,1,0.581925,0.427001
2.14821,0.515298,1,0.400818,0.427001
2.14846,0.173693,1,0.00907961,0.427001
2.14871,-0.246297,1,-0.426985,0.427001
2.14896,-0.525375,0.181102,-0.688405,0.427001
2.14921,-0.553822,-1,-0.666839,0.427001
2.14946,-0.399172,-1,-0.427664,0.427001
2.14971,-0.225288,-1,-0.158092,0.427001
2.14996,-0.138906,-1,0.0129557,0.427001
2.15021,-0.10436,-1,0.0971873,0.427001
2.15046,-0.000544226,-1,0.205159,0.427001
2.15071,0.236622,1,0.420111,0.427001
2.15096,0.521623,1,0.642045,0.427001
2.15121,0.669174,1,0.698793,0.427001
2.15146,0.5449,1,0.478486,0.427001
2.15171,0.187495,1,0.046766,0.427001
2.15196,-0.210209,1,-0.390583,0.427001
2.15221,-0.447521,1,-0.632407,0.427001
2.15246,-0.461709,-1,-0.608802,0.427001
2.15271,-0.352236,-1,-0.429892,0.427001
2.15296,-0.26625,-1,-0.251455,0.427001
2.15321,-0.254989,-1,-0.153655,0.427001
2.15346,-0.233834,-1,-0.0562575,0.427001
2.15371,-0.0787559,-1,0.119217,0.427001
2.15396,0.230142,1,0.415893,0.427001
2.15421,0.555639,1,0.694186,0.427001
2.15446,0.697044,1,0.76001,0.427001
2.15471,0.550126,1,0.528511,0.427001
2.15496,0.19676,1,0.0977422,0.427001
2.15521,-0.158035,1,-0.288664,0.427001
2.15546,-0.346685,1,-0.487641,0.427001
2.15571,-0.356373,-1,-0.470185,0.427001
2.15596,-0.306818,-1,-0.364996,0.427001
2.15621,-0.313853,-1,-0.290986,0.427001
2.15646,-0.369514,-1,-0.268827,0.427001
2.15671,-0.349536,-1,-0.195753,0.427001
2.15696,-0.141579,-1,0.0340744,0.427001
2.15721,0.224609,0.228346,0.379349,0.427001
2.15746,0.570179,1,0.671004,0.427001
2.15771,0.69483,1,0.720423,0.427001
2.15796,0.533695,1,0.471605,0.427001
2.15821,0.205435,1,0.0684471,0.427001
2.15846,-0.0890561,1,-0.267851,0.427001
2.15871,-0.227369,1,-0.404889,0.427001
2.15896,-0.244373,-1,-0.392111,0.427001
2.15921,-0.266314,-1,-0.351095,0.427001
2.15947,-0.365612,-1,-0.362808,0.427001
2.15972,-0.475725,-1,-0.387393,0.427001
2.15997,-0.445965,-1,-0.287456,0.427001
2.16022,-0.188537,-1,0.000467074,0.427001
2.16047,0.216583,-1,0.391168,0.427001
2.16072,0.561509,1,0.692989,0.427001
2.16097,0.662761,1,0.719873,0.427001
2.16122,0.499563,1,0.462385,0.427001
2.16147,0.217186,1,0.0833209,0.427001
2.16172,-0.00430247,1,-0.202901,0.427001
2.16197,-0.0954229,1,-0.316028,0.427001
2.16222,-0.132208,0.0787402,-0.336028,0.427001
2.16247,-0.23278,-1,-0.386228,0.427001
2.16272,-0.417611,-1,-0.488183,0.427001
2.16297,-0.56707,-1,-0.53843,0.427001
2.16322,-0.518767,-1,-0.391742,0.427001
2.16347,-0.220325,-1,-0.034745,0.427001
2.16372,0.202207,-1,0.409724,0.427001
2.16397,0.527538,0.15748,0.71671,0.427001
2.16422,0.603053,1,0.730127,0.427001
2.16447,0.452459,1,0.498666,0.427001
2.16472,0.234234,1,0.189042,0.427001
2.16497,0.093234,1,-0.0426852,0.427001
2.16522,0.0419934,1,-0.137593,0.427001
2.16547,-0.0261476,1,-0.222134,0.427001
2.16572,-0.207086,-1,-0.37715,0.427001
2.16597,-0.465159,-1,-0.572599,0.427001
2.16622,-0.637513,-1,-0.66615,0.427001
2.16647,-0.565663,-1,-0.495662,0.427001
2.16672,-0.239513,-1,-0.105054,0.427001
2.16697,0.177746,-1,0.347177,0.427001
2.16722,0.467672,-1,0.639653,0.427001
2.16747,0.519625,1,0.655185,0.427001
2.16772,0.397809,1,0.465532,0.427001
2.16797,0.25841,1,0.237751,0.427001
2.16822,0.199437,1,0.0868926,0.427001
2.16847,0.177644,1,-0.00308931,0.427001
2.16872,0.0688087,1,-0.133233,0.427001
2.16897,-0.188561,-1,-0.378214,0.427001
2.16922,-0.503181,-1,-0.64053,0.427001
2.16947,-0.68237,-1,-0.737853,0.427001
2.16972,-0.586117,-1,-0.549099,0.427001
2.16997,-0.249101,-1,-0.148389,0.427001
2.17022,0.140171,-1,0.284277,0.427001
2.17047,0.383107,-1,0.529085,0.427001
2.17072,0.417747,1,0.538131,0.427001
2.17097,0.340323,1,0.401619,0.427001
2.17122,0.289986,1,0.269421,0.427001
2.17147,0.308947,1,0.212871,0.427001
2.17172,0.304399,1,0.143008,0.427001
2.17197,0.149045,1,-0.0343316,0.427001
2.17222,-0.175175,-0.669291,-0.333525,0.427001
2.17247,-0.526614,-1,-0.640868,0.427001
2.17272,-0.698442,-1,-0.731363,0.427001
2.17297,-0.581612,-1,-0.534964,0.427001
2.17322,-0.252862,-1,-0.131782,0.427001
2.17347,0.0880487,-1,0.242954,0.427001
2.17372,0.277182,-1,0.432479,0.427001
2.17397,0.303984,1,0.428157,0.427001
2.17422,0.284775,1,0.353049,0.427001
2.17447,0.327701,1,0.30489,0.427001
2.17472,0.415342,1,0.305339,0.427001
2.17497,0.415329,1,0.243665,0.427001
2.17522,0.212156,1,0.0194203,0.427001
2.17547,-0.164065,1,-0.338179,0.427001
2.17572,-0.531141,-1,-0.652008,0.427001
2.17597,-0.68434,-1,-0.731324,0.427001
2.17622,-0.554661,-1,-0.508323,0.427001
2.17647,-0.254945,-1,-0.109868,0.427001
2.17672,0.0205039,-1,0.2332,0.427001
2.17697,0.154436,-1,0.387343,0.427001
2.17722,0.18499,-0.338583,0.39914,0.427001
2.17747,0.234679,1,0.39263,0.427001
2.17772,0.369121,1,0.440306,0.427001
2.17797,0.512194,1,0.471838,0.427001
2.17822,0.505356,1,0.369638,0.427001
2.17847,0.257783,1,0.0522473,0.427001
2.17872,-0.151881,1,-0.375267,0.427001
2.17897,-0.513244,-0.543307,-0.721093,0.427001
2.17922,-0.640749,-1,-0.799823,0.427001
2.17947,-0.509656,-1,-0.579378,0.427001
2.17972,-0.258705,-1,-0.236183,0.427001
2.17997,-0.0610481,-1,0.054987,0.427001
2.18022,0.0213206,-1,0.18962,0.427001
2.18047,0.0672917,-1,0.241665,0.427001
2.18072,0.192546,1,0.352407,0.427001
2.18097,0.410525,1,0.511803,0.427001
2.18122,0.592981,1,0.615859,0.427001
2.18147,0.570489,1,0.504941,0.427001
2.18172,0.286584,1,0.156495,0.427001
2.18197,-0.134366,1,-0.293786,0.427001
2.18222,-0.471225,1,-0.626021,0.427001
2.18247,-0.570185,-1,-0.687946,0.427001
2.18272,-0.451634,-1,-0.505561,0.427001
2.18297,-0.267272,-1,-0.228383,0.427001
2.18322,-0.153673,-1,-0.0284375,0.427001
2.18347,-0.115481,-1,0.0690146,0.427001
2.18372,-0.0424987,-1,0.16314,0.427001
2.18397,0.159009,1,0.348573,0.427001
2.18423,0.447536,1,0.581209,0.427001
2.18448,0.652221,1,0.704405,0.427001
2.18473,0.60832,1,0.561203,0.427001
2.18498,0.301392,1,0.186182,0.427001
2.18523,-0.108207,1,-0.266624,0.427001
2.18548,-0.40442,1,-0.557532,0.427001
2.18573,-0.476682,-1,-0.602404,0.427001
2.18598,-0.386075,-1,-0.449167,0.427001
2.18623,-0.282208,-1,-0.26478,0.427001
2.18648,-0.253599,-1,-0.149422,0.427001
2.18673,-0.248774,-1,-0.0868462,0.427001
2.18698,-0.139695,-1,0.0414829,0.427001
2.18723,0.133678,0.740157,0.307847,0.427001
2.18748,0.475168,1,0.598286,0.427001
2.18773,0.685294,1,0.733195,0.427001
2.18798,0.618877,1,0.57844,0.427001
2.18823,0.305343,1,0.189773,0.427001
2.18848,-0.0708101,1,-0.227553,0.427001
2.18873,-0.314626,1,-0.465882,0.427001
2.18898,-0.366138,-0.464567,-0.492932,0.427001
2.18923,-0.318302,-1,-0.379755,0.427001
2.18948,-0.303892,-1,-0.283694,0.427001
2.18973,-0.35528,-1,-0.248005,0.427001
2.18998,-0.370974,-1,-0.200378,0.427001
2.19023,-0.220312,-1,-0.0170069,0.427001
2.19048,0.114966,-1,0.312627,0.427001
2.19073,0.488723,1,0.635581,0.427001
2.19098,0.689588,1,0.764983,0.427001
2.19123,0.603558,1,0.576735,0.427001
2.19148,0.302241,1,0.179236,0.427001
2.19173,-0.0199431,1,-0.219331,0.427001
2.19198,-0.20528,1,-0.436345,0.427001
2.19223,-0.244781,1,-0.461236,0.427001
2.19248,-0.253193,-1,-0.419098,0.427001
2.19273,-0.331423,-1,-0.408451,0.427001
2.19298,-0.452329,-1,-0.432515,0.427001
2.19323,-0.47606,-1,-0.348205,0.427001
2.19348,-0.281956,-1,-0.0749794,0.427001
2.19373,0.0995988,-1,0.344984,0.427001
2.19398,0.484082,0.598425,0.710812,0.427001
2.19423,0.663896,1,0.846026,0.427001
2.19448,0.565528,1,0.66045,0.427001
2.19473,0.296543,1,0.298658,0.427001
2.19498,0.0443089,1,-0.0451974,0.427001
2.19523,-0.0808265,1,-0.221422,0.427001
2.19548,-0.119759,1,-0.281251,0.427001
2.19573,-0.19431,-1,-0.340101,0.427001
2.19598,-0.362407,-1,-0.468862,0.427001
2.19623,-0.539015,-1,-0.569949,0.427001
2.19648,-0.558524,-1,-0.506703,0.427001
2.19673,-0.324642,-1,-0.208281,0.427001
2.19698,0.0842795,-1,0.227884,0.427001
2.19723,0.4581,-1,0.591724,0.427001
2.19748,0.609153,1,0.712936,0.427001
2.19773,0.509376,1,0.547795,0.427001
2.19798,0.291812,1,0.244836,0.427001
2.19823,0.121169,1,-0.00400846,0.427001
2.19848,0.0523309,1,-0.1332,0.427001
2.19873,0.00181167,1,-0.194998,0.427001
2.19898,-0.144223,-1,-0.325484,0.427001
2.19923,-0.393296,-1,-0.517451,0.427001
2.19948,-0.608893,-1,-0.647838,0.427001
2.19973,-0.61452,-1,-0.561944,0.427001
2.19998,-0.349253,-1,-0.223216,0.427001
2.20023,0.0655255,-1,0.230692,0.427001
2.20048,0.409032,-1,0.572661,0.427001
2.20073,0.528339,1,0.653429,0.427001
2.20098,0.440391,1,0.501607,0.427001
2.20123,0.290978,1,0.275042,0.427001
2.20148,0.207806,1,0.0966126,0.427001
2.20173,0.186966,1,0.0199463,0.427001
2.20198,0.114144,1,-0.0758164,0.427001
2.20223,-0.104179,-0.818898,-0.286116,0.427001
2.20248,-0.420058,-1,-0.54964,0.427001
2.20273,-0.656607,-1,-0.709915,0.427001
2.20298,-0.642465,-1,-0.608813,0.427001
2.20323,-0.358099,-1,-0.245417,0.427001
2.20348,0.0392135,-1,0.188393,0.427001
2.20373,0.337052,-1,0.490941,0.427001
2.20398,0.425702,0.362205,0.546592,0.427001
2.20423,0.364375,1,0.427838,0.427001
2.20448,0.296116,1,0.277834,0.427001
2.20473,0.299995,1,0.198503,0.427001
2.20498,0.316246,1,0.146648,0.427001
2.20523,0.211856,1,0.00724735,0.427001
2.20548,-0.0733844,1,-0.27127,0.427001
2.20573,-0.437976,-1,-0.588149,0.427001
2.20598,-0.678041,-1,-0.747049,0.427001
2.20623,-0.642213,-1,-0.618081,0.427001
2.20648,-0.355127,-1,-0.229125,0.427001
2.20673,0.00312104,-1,0.193128,0.427001
2.20698,0.243415,-1,0.464596,0.427001
2.20723,0.307233,-1,0.516343,0.427001
2.20748,0.286778,1,0.450606,0.427001
2.20773,0.307638,1,0.386849,0.427001
2.20798,0.392854,1,0.373243,0.427001
2.20823,0.432859,1,0.306808,0.427001
2.20848,0.290986,1,0.0848736,0.427001
2.20873,-0.05012,1,-0.287487,0.427001
2.20899,-0.442712,-1,-0.666832,0.427001
2.20924,-0.670631,-1,-0.845235,0.427001
2.20949,-0.615604,-1,-0.714011,0.427001
2.20974,-0.344448,-1,-0.345243,0.427001
2.20999,-0.0444555,-1,0.0431947,0.427001
2.21024,0.131793,-1,0.265099,0.427001
2.21049,0.179918,-1,0.328923,0.427001
2.21074,0.212602,1,0.344463,0.427001
2.21099,0.32485,1,0.405497,0.427001
2.21124,0.480312,1,0.488782,0.427001
2.21149,0.530335,1,0.463155,0.427001
2.21174,0.349956,1,0.220422,0.427001
2.21199,-0.0321822,1,-0.188445,0.427001
2.21224,-0.430005,1,-0.573815,0.427001
2.21249,-0.6338,-1,-0.729793,0.427001
2.21274,-0.566244,-1,-0.594355,0.427001
2.21299,-0.329837,-1,-0.269811,0.427001
2.21324,-0.104362,-1,0.039663,0.427001
2.21349,0.00742293,-1,0.208189,0.427001
2.21374,0.0504721,-1,0.269939,0.427001
2.21399,0.145979,1,0.337205,0.427001
2.21424,0.34557,1,0.473841,0.427001
2.21449,0.556198,1,0.594266,0.427001
2.21474,0.603982,1,0.545174,0.427001
2.21499,0.388088,1,0.254647,0.427001
2.21524,-0.0154974,1,-0.190025,0.427001
2.21549,-0.397102,1,-0.566411,0.427001
2.21574,-0.568602,-1,-0.713271,0.427001
2.21599,-0.498855,-1,-0.572985,0.427001
2.21624,-0.315676,-1,-0.307786,0.427001
2.21649,-0.17527,-1,-0.07344,0.427001
2.21674,-0.123977,-1,0.0416974,0.427001
2.21699,-0.0739335,-1,0.111486,0.427001
2.21724,0.0891005,1,0.263512,0.427001
2.21749,0.366559,1,0.501141,0.427001
2.21774,0.614755,1,0.673652,0.427001
2.21799,0.65016,1,0.616981,0.427001
2.21824,0.406892,1,0.307243,0.427001
2.21849,0.00339499,1,-0.134515,0.427001
2.21874,-0.342724,1,-0.474123,0.427001
2.21899,-0.478247,-0.425197,-0.58732,0.427001
2.21924,-0.41934,-1,-0.467218,0.427001
2.21949,-0.30501,-1,-0.273252,0.427001
2.21974,-0.254444,-1,-0.146245,0.427001
2.21999,-0.255188,-1,-0.0765713,0.427001
2.22024,-0.186686,-1,0.00886582,0.427001
2.22049,0.0433467,-0.929134,0.230592,0.427001
2.22074,0.383932,1,0.519992,0.427001
2.22099,0.650846,1,0.714967,0.427001
2.22124,0.667202,1,0.623811,0.427001
2.22149,0.408895,1,0.271071,0.427001
2.22174,0.0277376,1,-0.181228,0.427001
2.22199,-0.266537,1,-0.493519,0.427001
2.22224,-0.367726,1,-0.579628,0.427001
2.22249,-0.333146,-1,-0.489112,0.427001
2.22274,-0.299932,-1,-0.375165,0.427001
2.22299,-0.338243,-1,-0.301904,0.427001
2.22324,-0.378791,-1,-0.242195,0.427001
2.22349,-0.283383,-1,-0.0647416,0.427001
2.22374,0.00862553,-1,0.257057,0.427001
2.22399,0.393021,1,0.628001,0.429433
2.22424,0.660729,1,0.847534,0.429433
2.22449,0.655739,1,0.752942,0.429433
2.22474,0.39768,1,0.395842,0.429433
2.22499,0.0608173,1,-0.0243955,0.429433
2.22524,-0.170627,1,-0.302,0.429433
2.22549,-0.242947,1,-0.400171,0.429433
2.22574,-0.24631,-1,-0.385949,0.429433
2.22599,-0.301246,-1,-0.389632,0.429433
2.22624,-0.421476,-1,-0.431922,0.429433
2.22649,-0.488274,-1,-0.423181,0.429433
2.22674,-0.359995,-1,-0.238136,0.429433
2.22699,-0.017189,-1,0.128935,0.429433
2.22724,0.389643,-0.440945,0.524683,0.429433
2.22749,0.642071,1,0.735314,0.429433
2.22774,0.617665,1,0.650312,0.429433
2.22799,0.377902,1,0.320835,0.429433
2.22824,0.104162,1,-0.0289185,0.429433
2.22849,-0.0587977,1,-0.236595,0.429433
2.22874,-0.110634,1,-0.29607,0.429433
2.22899,-0.16415,-1,-0.319321,0.429433
2.22924,-0.308305,-1,-0.405867,0.429433
2.22949,-0.49841,-1,-0.510183,0.429433
2.22974,-0.577216,-1,-0.495775,0.429433
2.22999,-0.414358,-1,-0.268605,0.429433
2.23024,-0.0366172,-1,0.138212,0.429433
2.23049,0.370296,-1,0.53685,0.429433
2.23074,0.5946,1,0.723574,0.429433
2.23099,0.556904,1,0.61308,0.429433
2.23124,0.353868,1,0.321536,0.429433
2.23149,0.158051,1,0.0319263,0.429433
2.23174,0.064389,1,-0.122196,0.429433
2.23199,0.0215388,1,-0.19005,0.429433
2.23224,-0.090426,-1,-0.286494,0.429433
2.23249,-0.319283,-1,-0.466197,0.429433
2.23274,-0.563255,-1,-0.622054,0.429433
2.23299,-0.64096,-1,-0.609246,0.429433
2.23324,-0.446731,-1,-0.338784,0.429433
2.23349,-0.0528583,-1,0.0963894,0.429433
2.23375,0.331854,-1,0.48907,0.429433
2.234,0.520006,0.527559,0.641209,0.429433
2.23425,0.4785,1,0.54122,0.429433
2.2345,0.329685,1,0.319241,0.429433
2.23475,0.221839,1,0.12479,0.429433
2.235,0.192072,1,0.0247097,0.429433
2.23525,0.147029,1,-0.0491904,0.429433
2.2355,-0.0280182,0.787402,-0.21531,0.429433
2.23575,-0.330934,-1,-0.468902,0.429433
2.236,-0.610197,-1,-0.672916,0.429433
2.23625,-0.676447,-1,-0.64398,0.429433
2.2365,-0.458349,-1,-0.338967,0.429433
2.23675,-0.0701028,-1,0.119622,0.429433
2.237,0.273184,-1,0.486985,0.429433
2.23725,0.421364,-1,0.619054,0.429433
2.2375,0.388362,1,0.53396,0.429433
2.23775,0.308842,1,0.368209,0.429433
2.238,0.292849,1,0.252661,0.429433
2.23825,0.318171,1,0.179868,0.429433
2.2385,0.259331,1,0.0463481,0.429433
2.23875,0.0216113,1,-0.227521,0.429433
2.239,-0.339497,-1,-0.570399,0.429433
2.23925,-0.6349,-1,-0.813713,0.429433
2.2395,-0.682246,-1,-0.764768,0.429433
2.23975,-0.451952,-1,-0.443045,0.429433
2.24,-0.0916029,-1,0.00507985,0.429433
2.24025,0.19484,-1,0.338235,0.429433
2.2405,0.303847,-1,0.461043,0.429433
2.24075,0.292849,1,0.429482,0.429433
2.241,0.293546,1,0.376939,0.429433
2.24125,0.367041,1,0.373687,0.429433
2.2415,0.435178,1,0.362858,0.429433
2.24175,0.353142,1,0.222577,0.429433
2.242,0.0591994,1,-0.0964656,0.429433
2.24225,-0.340965,-0.173228,-0.492101,0.429433
2.2425,-0.633553,-1,-0.733916,0.429433
2.24275,-0.659017,-1,-0.698616,0.429433
2.243,-0.431803,-1,-0.38894,0.429433
2.24325,-0.120013,-1,-0.001984,0.429433
2.2435,0.0983006,-1,0.257337,0.429433
2.24375,0.173973,-1,0.337152,0.429433
2.244,0.197702,1,0.32965,0.429433
2.24425,0.28484,1,0.350984,0.429433
2.2445,0.440067,1,0.43291,0.429433
2.24475,0.536197,1,0.441701,0.429433
2.245,0.425409,1,0.264131,0.429433
2.24525,0.0859325,1,-0.0925917,0.429433
2.2455,-0.330687,1,-0.502647,0.429433
2.24575,-0.604298,-1,-0.724695,0.429433
2.246,-0.609314,-1,-0.658714,0.429433
2.24625,-0.402293,-1,-0.355605,0.429433
2.2465,-0.157623,-1,-0.0118014,0.429433
2.24675,-0.0125908,-1,0.19372,0.429433
2.247,0.0383613,-1,0.270015,0.429433
2.24725,0.108338,1,0.31687,0.429433
2.2475,0.282174,1,0.429451,0.429433
2.24775,0.506216,1,0.574928,0.429433
2.248,0.615674,1,0.579821,0.429433
2.24825,0.474104,1,0.362865,0.429433
2.2485,0.105046,1,-0.0539116,0.429433
2.24875,-0.305671,1,-0.473906,0.429433
2.249,-0.547249,-0.732283,-0.689326,0.429433
2.24925,-0.537235,-1,-0.622108,0.429433
2.2495,-0.36808,-1,-0.367479,0.429433
2.24975,-0.204612,-1,-0.122176,0.429433
2.25,-0.132548,-1,0.0177396,0.429433
2.25025,-0.0954403,-1,0.0891494,0.429433
2.2505,0.0291779,-0.724409,0.206592,0.429433
2.25075,0.283678,1,0.411887,0.429433
2.251,0.559881,1,0.616146,0.429433
2.25125,0.668895,1,0.641866,0.429433
2.2515,0.499055,1,0.380087,0.429433
2.25175,0.119956,1,-0.0588902,0.429433
2.252,-0.263429,1,-0.464144,0.429433
2.25225,-0.46393,1,-0.653706,0.429433
2.2525,-0.448273,-1,-0.576377,0.429433
2.25275,-0.333636,-1,-0.380596,0.429433
2.253,-0.260063,-1,-0.20855,0.429433
2.25325,-0.25586,-1,-0.105657,0.429433
2.2535,-0.220153,-1,0.00189165,0.429433
2.25375,-0.0373838,-1,0.202748,0.429433
2.254,0.28693,1,0.509928,0.429433
2.25425,0.595717,1,0.761499,0.429433
2.2545,0.692962,1,0.775432,0.429433
2.25475,0.502324,1,0.479134,0.429433
2.255,0.133782,1,0.0317407,0.429433
2.25525,-0.202291,1,-0.351727,0.429433
2.2555,-0.358149,1,-0.520833,0.429433
2.25575,-0.348414,-1,-0.495355,0.429433
2.256,-0.302526,-1,-0.39524,0.429433
2.25625,-0.3219,-1,-0.329253,0.429433
2.2565,-0.375474,-1,-0.300116,0.429433
2.25675,-0.330043,-1,-0.195802,0.429433
2.257,-0.0899772,-1,0.0769568,0.429433
2.25725,0.287841,0.787402,0.444608,0.429433
2.2575,0.609246,1,0.723691,0.429433
2.25775,0.687034,1,0.733345,0.429433
2.258,0.486832,1,0.45082,0.429433
2.25826,0.150731,1,0.052819,0.429433
2.25851,-0.122874,1,-0.258223,0.429433
2.25876,-0.23538,1,-0.371093,0.429433
2.25901,-0.24417,-1,-0.347499,0.429433
2.25926,-0.27713,-1,-0.319991,0.429433
2.25951,-0.38635,-1,-0.346247,0.429433
2.25976,-0.484295,-1,-0.365439,0.429433
2.26001,-0.4199,-1,-0.246082,0.429433
2.26026,-0.128476,-1,0.0545472,0.429433
2.26051,0.282519,-1,0.446423,0.429433
2.26076,0.597409,1,0.71177,0.429433
2.26101,0.652027,1,0.680199,0.429433
2.26126,0.456882,1,0.383019,0.429433
2.26151,0.173499,1,0.0101063,0.429433
2.26176,-0.0274664,1,-0.259779,0.429433
2.26201,-0.101615,1,-0.35541,0.429433
2.26226,-0.142041,-1,-0.366089,0.429433
2.26251,-0.2586,-1,-0.425492,0.429433
2.26276,-0.448777,-1,-0.519599,0.429433
2.26301,-0.5761,-1,-0.538443,0.429433
2.26326,-0.486147,-1,-0.370356,0.429433
2.26351,-0.155077,-1,0.0183619,0.429433
2.26376,0.26725,-1,0.446,0.429433
2.26401,0.558358,1,0.710434,0.429433
2.26426,0.590864,1,0.693841,0.429433
2.26451,0.417067,1,0.435069,0.429433
2.26476,0.203869,1,0.133979,0.429433
2.26501,0.080754,1,-0.0564376,0.429433
2.26526,0.0355093,1,-0.134033,0.429433
2.26551,-0.0468016,0.795276,-0.215528,0.429433
2.26576,-0.246724,-1,-0.366592,0.429433
2.26601,-0.503979,-1,-0.554063,0.429433
2.26626,-0.645096,-1,-0.611608,0.429433
2.26651,-0.527702,-1,-0.409486,0.429433
2.26676,-0.172322,-1,0.00436348,0.429433
2.26701,0.238195,-1,0.436579,0.429433
2.26726,0.492433,-1,0.672616,0.429433
2.26751,0.50807,1,0.638016,0.429433
2.26776,0.372398,1,0.418991,0.429433
2.26801,0.242819,1,0.191386,0.429433
2.26826,0.196496,1,0.041089,0.429433
2.26851,0.169115,1,-0.0529068,0.429433
2.26876,0.0369161,1,-0.206405,0.429433
2.26901,-0.240087,-1,-0.471383,0.429433
2.26926,-0.546525,-1,-0.711916,0.429433
2.26951,-0.686993,-1,-0.76693,0.429433
2.26976,-0.54445,-1,-0.52296,0.429433
2.27001,-0.183517,-1,-0.0789325,0.429433
2.27026,0.193162,-1,0.348413,0.429433
2.27051,0.401959,-1,0.573139,0.429433
2.27076,0.408987,1,0.555793,0.429433
2.27101,0.327488,1,0.420658,0.429433
2.27126,0.289412,1,0.297566,0.429433
2.27151,0.313487,1,0.240709,0.429433
2.27176,0.291815,1,0.152887,0.429433
2.27201,0.106006,1,-0.0609463,0.429433
2.27226,-0.235668,-1,-0.387903,0.429433
2.27251,-0.57149,-1,-0.684627,0.429433
2.27276,-0.699393,-1,-0.740052,0.429433
2.27301,-0.538238,-1,-0.509317,0.429433
2.27326,-0.192938,-1,-0.0956116,0.429433
2.27351,0.131311,-1,0.2543,0.429433
2.27376,0.290412,-1,0.412816,0.429433
2.27401,0.300364,1,0.391737,0.429433
2.27426,0.286103,1,0.311062,0.429433
2.27451,0.341426,1,0.292494,0.429433
2.27476,0.425419,1,0.299349,0.429433
2.27501,0.397566,1,0.220817,0.429433
2.27526,0.15966,1,-0.0305923,0.429433
2.27551,-0.230098,1,-0.398206,0.429433
2.27576,-0.574508,-1,-0.683146,0.429433
2.27601,-0.681622,-1,-0.707923,0.429433
2.27626,-0.512704,-1,-0.43043,0.429433
2.27651,-0.204002,-1,-0.0285683,0.429433
2.27676,0.0526151,-1,0.288511,0.429433
2.27701,0.163591,-1,0.421324,0.429433
2.27726,0.188532,0.84252,0.415103,0.429433
2.27751,0.250911,1,0.41289,0.429433
2.27776,0.395544,1,0.466208,0.429433
2.27801,0.525146,1,0.48926,0.429433
2.27826,0.481827,1,0.355161,0.429433
2.27851,0.197938,1,0.0156507,0.429433
2.27876,-0.219718,1,-0.418665,0.429433
2.27901,-0.552737,-1,-0.724977,0.429433
2.27926,-0.635036,-1,-0.74631,0.429433
2.27951,-0.472149,-1,-0.496501,0.429433
2.27976,-0.219597,-1,-0.156378,0.429433
2.28001,-0.0405888,-1,0.0950119,0.429433
2.28026,0.0279616,-1,0.195739,0.429433
2.28051,0.0799709,-0.929134,0.242965,0.429433
2.28076,0.223383,1,0.347259,0.429433
2.28101,0.447263,1,0.513063,0.429433
2.28126,0.606661,1,0.586293,0.429433
2.28151,0.541171,1,0.432743,0.429433
2.28176,0.222323,1,0.0432544,0.429433
2.28201,-0.200266,1,-0.400115,0.429433
2.28226,-0.505064,0.811024,-0.684737,0.429433
2.28251,-0.562702,-1,-0.692697,0.429433
2.28276,-0.421622,-1,-0.473616,0.429433
2.28302,-0.242104,-1,-0.198505,0.429433
2.28327,-0.144304,-1,-0.00539082,0.429433
2.28352,-0.109577,-1,0.100523,0.429433
2.28377,-0.0195383,-1,0.215492,0.429433
2.28402,0.203184,1,0.410501,0.429433
2.28427,0.49164,1,0.64885,0.429433
2.28452,0.664623,1,0.728333,0.429433
2.28477,0.574082,1,0.540204,0.429433
2.28502,0.236159,1,0.120417,0.429433
2.28527,-0.16893,1,-0.329549,0.429433
2.28552,-0.43168,1,-0.595031,0.429433
2.28577,-0.469404,-1,-0.608236,0.429433
2.28602,-0.366348,-1,-0.44633,0.429433
2.28627,-0.272137,-1,-0.273665,0.429433
2.28652,-0.25421,-1,-0.167072,0.429433
2.28677,-0.241415,-1,-0.0907843,0.429433
2.28702,-0.106089,-1,0.0684012,0.429433
2.28727,0.188986,1,0.354631,0.429433
2.28752,0.523253,1,0.642085,0.429433
2.28777,0.694973,1,0.743364,0.429433
2.28802,0.581367,1,0.542564,0.429433
2.28827,0.242823,1,0.139633,0.429433
2.28852,-0.122837,1,-0.253162,0.429433
2.28877,-0.335033,1,-0.46297,0.429433
2.28902,-0.36125,-1,-0.455296,0.429433
2.28927,-0.311089,-1,-0.346126,0.429433
2.28952,-0.309043,-1,-0.263077,0.429433
2.28977,-0.364007,-1,-0.244172,0.429433
2.29002,-0.360381,-1,-0.187506,0.429433
2.29027,-0.176589,-1,0.0153939,0.429433
2.29052,0.178428,-0.598425,0.346329,0.429433
2.29077,0.537767,1,0.643436,0.429433
2.29102,0.695533,1,0.724968,0.429433
2.29127,0.565055,1,0.497752,0.429433
2.29152,0.246069,1,0.0889226,0.429433
2.29177,-0.061423,1,-0.28329,0.429433
2.29202,-0.219445,1,-0.455465,0.429433
2.29227,-0.244578,-0.653543,-0.450389,0.429433
2.29252,-0.259947,-1,-0.399087,0.429433
2.29277,-0.35082,-1,-0.400062,0.429433
2.29302,-0.467046,-1,-0.408819,0.429433
2.29327,-0.460916,-1,-0.31695,0.429433
2.29352,-0.229538,-1,-0.0409982,0.429433
2.29377,0.167523,-1,0.367798,0.429433
2.29402,0.531238,1,0.700691,0.429433
2.29427,0.665993,1,0.770727,0.429433
2.29452,0.528751,1,0.547181,0.429433
2.29477,0.250056,1,0.178058,0.429433
2.29502,0.0147165,1,-0.131531,0.429433
2.29527,-0.0900059,1,-0.269827,0.429433
2.29552,-0.126561,1,-0.297556,0.429433
2.29577,-0.215606,-1,-0.355241,0.429433
2.29602,-0.394362,-1,-0.458166,0.429433
2.29627,-0.557038,-1,-0.539699,0.429433
2.29652,-0.538133,-1,-0.429753,0.429433
2.29677,-0.265784,-1,-0.0879873,0.429433
2.29702,0.153084,-1,0.36232,0.429433
2.29727,0.50072,-0.338583,0.696742,0.429433
2.29752,0.608011,1,0.75204,0.429433
2.29777,0.477308,1,0.535831,0.429433
2.29802,0.257842,1,0.218299,0.429433
2.29827,0.103952,1,-0.0237478,0.429433
2.29852,0.0464006,1,-0.139237,0.429433
2.29877,-0.0132582,1,-0.222165,0.429433
2.29902,-0.179559,-1,-0.369448,0.429433
2.29927,-0.43545,-1,-0.572106,0.429433
2.29952,-0.627775,-1,-0.678211,0.429433
2.29977,-0.588913,-1,-0.5456,0.429433
2.30002,-0.286892,-1,-0.174015,0.429433
2.30027,0.131457,-1,0.28325,0.429433
2.30052,0.445299,-1,0.600701,0.429433
2.30077,0.525214,1,0.647954,0.429433
2.30102,0.415964,1,0.484746,0.429433
2.30127,0.271307,1,0.253852,0.429433
2.30152,0.202442,1,0.101606,0.429433
2.30177,0.182276,1,0.0212615,0.429433
2.30202,0.0895151,1,-0.0928486,0.429433
2.30227,-0.152136,-1,-0.319201,0.429433
2.30252,-0.46921,-1,-0.587555,0.429433
2.30277,-0.67419,-1,-0.720918,0.429433
2.30302,-0.612476,-1,-0.567459,0.429433
2.30327,-0.295827,-1,-0.189326,0.429433
2.30352,0.098961,-1,0.24318,0.429433
2.30377,0.365931,-1,0.508559,0.429433
2.30402,0.422404,1,0.529976,0.429433
2.30427,0.35035,1,0.40286,0.429433
2.30452,0.291749,1,0.256265,0.429433
2.30477,0.305129,1,0.192563,0.429433
2.30502,0.310773,1,0.134975,0.429433
2.30527,0.177136,1,-0.0129371,0.429433
2.30552,-0.131664,-0.80315,-0.300776,0.429433
2.30577,-0.490784,-1,-0.610254,0.429433
2.30602,-0.692721,-1,-0.723477,0.429433
2.30627,-0.609406,-1,-0.553544,0.429433
2.30652,-0.296381,-1,-0.175504,0.429433
2.30677,0.0535847,-1,0.218314,0.429433
2.30702,0.264716,-1,0.424952,0.429433
2.30727,0.305875,-0.338583,0.430465,0.429433
2.30752,0.285057,1,0.352944,0.429433
2.30778,0.318619,1,0.300845,0.429433
2.30803,0.4065,1,0.291801,0.429433
2.30828,0.424799,1,0.233137,0.429433
2.30853,0.24729,1,0.00955415,0.429433
2.30878,-0.115847,1,-0.355763,0.429433
2.30903,-0.495827,-1,-0.694939,0.429433
2.30928,-0.681445,-1,-0.806321,0.429433
2.30953,-0.582322,-1,-0.597823,0.429433
2.30978,-0.292585,-1,-0.20712,0.429433
2.31003,-0.00542988,-1,0.163087,0.429433
2.31028,0.146109,-1,0.360432,0.429433
2.31053,0.182688,-0.850394,0.400627,0.429433
2.31078,0.224492,1,0.397093,0.429433
2.31103,0.350132,1,0.451484,0.429433
2.31128,0.50003,1,0.512174,0.429433
2.31153,0.518315,1,0.430598,0.429433
2.31178,0.298499,1,0.138442,0.429433
2.31203,-0.10164,1,-0.306708,0.429433
2.31228,-0.480384,0.385827,-0.675429,0.429433
2.31253,-0.640515,-1,-0.789239,0.429433
2.31278,-0.534984,-1,-0.619396,0.429433
2.31303,-0.288247,-1,-0.274547,0.429433
2.31328,-0.0780439,-1,0.0196169,0.429433
2.31353,0.0160231,-1,0.178361,0.429433
2.31378,0.0595673,-1,0.243686,0.429433
2.31403,0.171851,1,0.340351,0.429433
2.31428,0.38323,1,0.509183,0.429433
2.31453,0.579338,1,0.629476,0.429433
2.31478,0.587247,1,0.550821,0.429433
2.31503,0.330982,1,0.228412,0.429433
2.31528,-0.0848726,1,-0.222606,0.429433
2.31553,-0.44241,1,-0.587867,0.429433
2.31578,-0.571761,-1,-0.677808,0.429433
2.31603,-0.472446,-1,-0.521499,0.429433
2.31628,-0.286982,-1,-0.254523,0.429433
2.31653,-0.161964,-1,-0.052061,0.429433
2.31678,-0.119329,-1,0.0525148,0.429433
2.31703,-0.0570899,-1,0.134779,0.429433
2.31728,0.128474,1,0.294861,0.429433
2.31753,0.413912,1,0.524868,0.429433
2.31778,0.638777,1,0.676896,0.429433
2.31803,0.628775,1,0.572185,0.429433
2.31828,0.347138,1,0.220828,0.429433
2.31853,-0.0621237,1,-0.218523,0.429433
2.31878,-0.380682,1,-0.528708,0.429433
2.31903,-0.479209,-1,-0.597202,0.429433
2.31928,-0.400358,-1,-0.458754,0.429433
2.31953,-0.291004,-1,-0.258476,0.429433
2.31978,-0.253502,-1,-0.136074,0.429433
2.32003,-0.252265,-1,-0.0796681,0.429433
2.32028,-0.161188,-1,0.0377419,0.429433
2.32053,0.0946773,0.440945,0.269259,0.429433
2.32078,0.437759,1,0.56179,0.429433
2.32103,0.673506,1,0.717683,0.429433
2.32128,0.6419,1,0.594011,0.429433
2.32153,0.349851,1,0.222774,0.429433
2.32178,-0.0304836,1,-0.197087,0.429433
2.32203,-0.296327,1,-0.479188,0.429433
2.32228,-0.368056,0.0393701,-0.515563,0.429433
2.32253,-0.324295,-1,-0.409536,0.429433
2.32278,-0.301428,-1,-0.303278,0.429433
2.32303,-0.348213,-1,-0.258389,0.429433
2.32328,-0.375728,-1,-0.202974,0.429433
2.32353,-0.248847,-1,-0.0329384,0.429433
2.32378,0.0694815,-1,0.287232,0.429433
2.32403,0.449886,1,0.633864,0.429686
2.32428,0.680254,1,0.787617,0.429686
2.32453,0.627892,1,0.644662,0.429686
2.32478,0.342881,1,0.261146,0.429686
2.32503,0.01276,1,-0.152936,0.429686
2.32528,-0.192418,1,-0.391049,0.429686
2.32553,-0.244488,1,-0.440521,0.429686
2.32578,-0.249523,-1,-0.41108,0.429686
2.32603,-0.318074,-1,-0.40308,0.429686
2.32628,-0.440227,-1,-0.43493,0.429686
2.32653,-0.483242,-1,-0.377178,0.429686
2.32678,-0.317029,-1,-0.135882,0.429686
2.32703,0.0500632,-1,0.263123,0.429686
2.32728,0.446122,0.559055,0.645636,0.429686
2.32753,0.657527,1,0.818058,0.429686
2.32778,0.589428,1,0.663441,0.429686
2.32803,0.330816,1,0.321468,0.429686
2.32828,0.0683464,1,-0.0233112,0.429686
2.32853,-0.0726454,1,-0.211697,0.429686
2.32878,-0.115692,1,-0.268232,0.429686
2.32903,-0.180588,-1,-0.319316,0.429686
2.32928,-0.339268,-1,-0.4191,0.429686
2.32953,-0.523162,-1,-0.531469,0.429686
2.32978,-0.568916,-1,-0.491801,0.429686
2.33003,-0.364419,-1,-0.235257,0.429686
2.33028,0.0334092,-1,0.194415,0.429686
2.33053,0.423152,-1,0.567571,0.429686
2.33078,0.605636,1,0.712296,0.429686
2.33103,0.530782,1,0.562828,0.429686
2.33128,0.31758,1,0.263285,0.429686
2.33153,0.135622,1,-0.00139385,0.429686
2.33178,0.0569529,1,-0.146717,0.429686
2.33203,0.010999,1,-0.203471,0.429686
2.33228,-0.120375,-1,-0.31585,0.429686
2.33254,-0.362263,-1,-0.499492,0.429686
2.33279,-0.591485,-1,-0.63814,0.429686
2.33304,-0.628419,-1,-0.577679,0.429686
2.33329,-0.39207,-1,-0.269979,0.429686
2.33354,0.0161101,-1,0.181488,0.429686
2.33379,0.378674,-1,0.546293,0.429686
2.33404,0.527048,1,0.662579,0.429686
2.33429,0.457237,1,0.531082,0.429686
2.33454,0.306636,1,0.302073,0.429686
2.33479,0.212887,1,0.118229,0.429686
2.33504,0.18944,1,0.0267359,0.429686
2.33529,0.129433,1,-0.0566093,0.429686
2.33554,-0.0709878,-0.519685,-0.244084,0.429686
2.33579,-0.382928,-1,-0.507036,0.429686
2.33604,-0.639405,-1,-0.69451,0.429686
2.33629,-0.659591,-1,-0.62208,0.429686
2.33654,-0.401842,-1,-0.296989,0.429686
2.33679,-0.00594995,-1,0.145937,0.429686
2.33704,0.312109,-1,0.469506,0.429686
2.33729,0.425551,0.0944882,0.557536,0.429686
2.33754,0.374629,1,0.448788,0.429686
2.33779,0.300681,1,0.291793,0.429686
2.33804,0.296665,1,0.19723,0.429686
2.33829,0.318087,1,0.149566,0.429686
2.33854,0.233713,1,0.0305728,0.429686
2.33879,-0.0322992,1,-0.237593,0.429686
2.33904,-0.397367,-1,-0.560402,0.429686
2.33929,-0.662536,-1,-0.753104,0.429686
2.33954,-0.661749,-1,-0.653987,0.429686
2.33979,-0.396881,-1,-0.291067,0.429686
2.34004,-0.035783,-1,0.142436,0.429686
2.34029,0.224803,-1,0.434507,0.429686
2.34054,0.306832,-1,0.510446,0.429686
2.34079,0.288986,1,0.443125,0.429686
2.34104,0.300908,1,0.38022,0.429686
2.34129,0.382179,1,0.364532,0.429686
2.34154,0.435516,1,0.316883,0.429686
2.34179,0.319285,1,0.128145,0.429686
2.34204,-0.00335851,1,-0.230114,0.429686
2.34229,-0.401163,-1,-0.615895,0.429686
2.34254,-0.657819,-1,-0.825667,0.429686
2.34279,-0.636248,-1,-0.723338,0.429686
2.34304,-0.381639,-1,-0.370128,0.429686
2.34329,-0.0751322,-1,0.00558423,0.429686
2.34354,0.119113,-1,0.246846,0.429686
2.34379,0.177732,-1,0.320398,0.429686
2.34404,0.205521,1,0.330779,0.429686
2.34429,0.30732,1,0.373338,0.429686
2.34454,0.464151,1,0.460617,0.429686
2.34479,0.535027,1,0.449653,0.429686
2.34504,0.383938,1,0.24866,0.429686
2.34529,0.0181129,1,-0.140021,0.429686
2.34554,-0.389911,1,-0.535797,0.429686
2.34579,-0.62419,-1,-0.719384,0.429686
2.34604,-0.586284,-1,-0.614076,0.429686
2.34629,-0.360544,-1,-0.294251,0.429686
2.34654,-0.125619,-1,0.021803,0.429686
2.34679,-0.000275684,-1,0.208769,0.429686
2.34704,0.0449796,-1,0.265062,0.429686
2.34729,0.128878,1,0.330315,0.429686
2.34754,0.318438,1,0.453673,0.429686
2.34779,0.536545,1,0.587743,0.429686
2.34804,0.611524,1,0.555299,0.429686
2.34829,0.426476,1,0.297269,0.429686
2.34854,0.0354324,1,-0.140977,0.429686
2.34879,-0.360561,1,-0.540497,0.429686
2.34904,-0.56212,-1,-0.710347,0.429686
2.34929,-0.516357,-1,-0.594253,0.429686
2.34954,-0.337471,-1,-0.33118,0.429686
2.34979,-0.186619,-1,-0.0980063,0.429686
2.35004,-0.12737,-1,0.0363043,0.429686
2.35029,-0.0840408,-1,0.105917,0.429686
2.35054,0.0625576,0.669291,0.235496,0.429686
2.35079,0.331639,1,0.461566,0.429686
2.35104,0.593557,1,0.646308,0.429686
2.35129,0.660884,1,0.632352,0.429686
2.35154,0.447629,1,0.346359,0.429686
2.35179,0.0521691,1,-0.087551,0.429686
2.35204,-0.311372,1,-0.458503,0.429686
2.35229,-0.474311,-0.19685,-0.598653,0.429686
2.35254,-0.432333,-1,-0.491456,0.429686
2.35279,-0.31648,-1,-0.303016,0.429686
2.35304,-0.256113,-1,-0.152687,0.429686
2.35329,-0.255955,-1,-0.0870008,0.429686
2.35354,-0.202439,-1,0.00469471,0.429686
2.35379,0.0079938,-1,0.206071,0.429686
2.35404,0.343498,1,0.495098,0.429686
2.35429,0.629971,1,0.704025,0.429686
2.35454,0.680907,1,0.666487,0.429686
2.35479,0.449809,1,0.336603,0.429686
2.35504,0.0717308,1,-0.114275,0.429686
2.35529,-0.24143,1,-0.460288,0.429686
2.35554,-0.365315,1,-0.57759,0.429686
2.35579,-0.339764,-1,-0.494362,0.429686
2.35604,-0.300226,-1,-0.377379,0.429686
2.35629,-0.331099,-1,-0.309415,0.429686
2.35654,-0.378684,-1,-0.254544,0.429686
2.35679,-0.305017,-1,-0.100865,0.429686
2.35704,-0.0342431,-1,0.196195,0.429686
2.3573,0.349591,1,0.57658,0.429686
2.35755,0.64163,1,0.81892,0.429686
2.3578,0.671635,1,0.768088,0.429686
2.35805,0.436429,1,0.427552,0.429686
2.3583,0.0977537,1,0.0172322,0.429686
2.35855,-0.152202,1,-0.282595,0.429686
2.3588,-0.240513,1,-0.391152,0.429686
2.35905,-0.245021,-1,-0.37308,0.429686
2.3593,-0.290275,-1,-0.362895,0.429686
2.35955,-0.406949,-1,-0.415422,0.429686
2.3598,-0.488407,-1,-0.416573,0.429686
2.36005,-0.387478,-1,-0.260853,0.429686
2.3603,-0.0650088,-1,0.0877438,0.429686
2.36055,0.34581,-0.732283,0.485568,0.429686
2.3608,0.626002,1,0.721886,0.429686
2.36105,0.634531,1,0.659795,0.429686
2.3613,0.411717,1,0.352036,0.429686
2.36155,0.132292,1,-0.00771458,0.429686
2.3618,-0.0468639,1,-0.242668,0.429686
2.36205,-0.107068,1,-0.313712,0.429686
2.3623,-0.153915,-1,-0.332723,0.429686
2.36255,-0.286681,-1,-0.400054,0.429686
2.3628,-0.478344,-1,-0.505992,0.429686
2.36305,-0.579013,-1,-0.515552,0.429686
2.3633,-0.446937,-1,-0.304649,0.429686
2.36355,-0.0871097,-1,0.0901762,0.429686
2.3638,0.328518,-1,0.500507,0.429686
2.36405,0.58197,1,0.723162,0.429686
2.3643,0.57313,1,0.640186,0.429686
2.36455,0.380564,1,0.366923,0.429686
2.3648,0.176279,1,0.0698834,0.429686
2.36505,0.0705763,1,-0.101813,0.429686
2.3653,0.0279057,1,-0.174809,0.429686
2.36555,-0.0707923,-0.740157,-0.258719,0.429686
2.3658,-0.288348,-1,-0.42347,0.429686
2.36605,-0.539694,-1,-0.597594,0.429686
2.3663,-0.645419,-1,-0.610066,0.429686
2.36655,-0.483054,-1,-0.373789,0.429686
2.3668,-0.103515,-1,0.0482547,0.429686
2.36705,0.294245,-1,0.447905,0.429686
2.3673,0.510711,0.362205,0.640126,0.429686
2.36755,0.492222,1,0.557506,0.429686
2.3678,0.347362,1,0.342294,0.429686
2.36805,0.229762,1,0.136641,0.429686
2.3683,0.193929,1,0.0256745,0.429686
2.36855,0.157479,1,-0.040391,0.429686
2.3688,0.000774068,1,-0.188533,0.429686
2.36905,-0.292593,-1,-0.438434,0.429686
2.3693,-0.585385,-1,-0.65336,0.429686
2.36955,-0.683753,-1,-0.665627,0.429686
2.3698,-0.496564,-1,-0.376658,0.429686
2.37005,-0.117671,-1,0.0752262,0.429686
2.3703,0.241383,-1,0.456797,0.429686
2.37055,0.415193,-1,0.618246,0.429686
2.3708,0.39768,1,0.548681,0.429686
2.37105,0.316053,1,0.385592,0.429686
2.3713,0.290788,1,0.266717,0.429686
2.37155,0.316748,1,0.189728,0.429686
2.3718,0.27478,1,0.0731949,0.429686
2.37205,0.0586223,1,-0.176884,0.429686
2.3723,-0.296106,-1,-0.526961,0.429686
2.37255,-0.610444,-1,-0.785362,0.429686
2.3728,-0.692343,-1,-0.779608,0.429686
2.37305,-0.489852,-1,-0.487678,0.429686
2.3733,-0.133727,-1,-0.0440884,0.429686
2.37355,0.169876,-1,0.304579,0.429686
2.3738,0.299629,-1,0.452227,0.429686
2.37405,0.296012,1,0.428836,0.429686
2.3743,0.28959,1,0.373913,0.429686
2.37455,0.356155,1,0.358298,0.429686
2.3748,0.432294,1,0.361066,0.429686
2.37505,0.374022,1,0.246077,0.429686
2.3753,0.102848,1,-0.0548505,0.429686
2.37555,-0.295135,0.0866142,-0.438988,0.429686
2.3758,-0.611211,-1,-0.711983,0.429686
2.37605,-0.671213,-1,-0.705258,0.429686
2.3763,-0.46696,-1,-0.417256,0.429686
2.37655,-0.154676,-1,-0.024205,0.429686
2.3768,0.0806053,-1,0.250835,0.429686
2.37705,0.170165,-1,0.348731,0.429686
2.3773,0.19326,1,0.334554,0.429686
2.37755,0.269651,1,0.353879,0.429686
2.3778,0.421559,1,0.419077,0.429686
2.37805,0.533545,1,0.446489,0.429686
2.3783,0.451571,1,0.29391,0.429686
2.37855,0.134326,1,-0.0516808,0.429686
2.3788,-0.285045,1,-0.4537,0.429686
2.37905,-0.585215,-1,-0.713072,0.429686
2.3793,-0.62245,-1,-0.674177,0.429686
2.37955,-0.432288,-1,-0.396176,0.429686
2.3798,-0.182728,-1,-0.055224,0.429686
2.38005,-0.0232399,-1,0.174766,0.429686
2.3803,0.0339568,-1,0.259882,0.429686
2.38055,0.095333,0.622047,0.297579,0.429686
2.3808,0.256669,1,0.40566,0.429686
2.38105,0.482172,1,0.549521,0.429686
2.3813,0.614293,1,0.579829,0.429686
2.38155,0.504798,1,0.389517,0.429686
2.3818,0.155165,1,-0.00767377,0.429686
2.38206,-0.262705,1,-0.434718,0.429686
2.38231,-0.532037,-0.574803,-0.687755,0.429686
2.38256,-0.549749,-1,-0.641321,0.429686
2.38281,-0.390712,-1,-0.408015,0.429686
2.38306,-0.219438,-1,-0.148134,0.429686
2.38331,-0.136949,-1,0.00681581,0.429686
2.38356,-0.102133,-1,0.0756432,0.429686
2.38381,0.00726099,-1,0.188708,0.429686
2.38406,0.249223,1,0.390561,0.429686
2.38431,0.532465,1,0.609945,0.429686
2.38456,0.669851,1,0.647325,0.429686
2.38481,0.532968,1,0.426263,0.429686
2.38506,0.169107,1,-0.00393667,0.429686
2.38531,-0.225278,1,-0.434921,0.429686
2.38556,-0.452612,1,-0.642489,0.429686
2.38581,-0.458408,-1,-0.600819,0.429686
2.38606,-0.347066,-1,-0.411397,0.429686
2.38631,-0.264367,-1,-0.227626,0.429686
2.38656,-0.255255,-1,-0.120169,0.429686
2.38681,-0.230637,-1,-0.0238144,0.429686
2.38706,-0.0679045,-1,0.168436,0.429686
2.38731,0.245351,1,0.460046,0.429686
2.38756,0.567088,1,0.729686,0.429686
2.38781,0.696744,1,0.776347,0.429686
2.38806,0.537638,1,0.519257,0.429686
2.38831,0.179829,1,0.0829665,0.429686
2.38856,-0.170585,1,-0.311837,0.429686
2.38881,-0.350219,1,-0.51048,0.429686
2.38906,-0.35434,-1,-0.487808,0.429686
2.38931,-0.305504,-1,-0.389949,0.429686
2.38956,-0.3159,-1,-0.318007,0.429686
2.38981,-0.371411,-1,-0.291116,0.429686
2.39006,-0.344748,-1,-0.210285,0.429686
2.39031,-0.128003,-1,0.0328867,0.429686
2.39056,0.241924,0.582677,0.389051,0.429686
2.39081,0.581409,1,0.686274,0.429686
2.39106,0.693487,1,0.732627,0.429686
2.39131,0.521383,1,0.47762,0.429686
2.39156,0.190506,1,0.0742578,0.429686
2.39181,-0.098642,1,-0.243647,0.429686
2.39206,-0.229881,1,-0.377533,0.429686
2.39231,-0.244212,-1,-0.356105,0.429686
2.39256,-0.269047,-1,-0.32179,0.429686
2.39281,-0.371239,-1,-0.338863,0.429686
2.39306,-0.478455,-1,-0.363903,0.429686
2.39331,-0.439489,-1,-0.273337,0.429686
2.39356,-0.172557,-1,0.01739,0.429686
2.39381,0.23475,-1,0.406288,0.429686
2.39406,0.57204,1,0.687827,0.429686
2.39431,0.660552,1,0.698503,0.429686
2.39456,0.488341,1,0.42399,0.429686
2.39481,0.20507,1,0.0489589,0.429686
2.39506,-0.011076,1,-0.234186,0.429686
2.39531,-0.0972508,1,-0.3357,0.429686
2.39556,-0.134733,-0.519685,-0.359145,0.429686
2.39581,-0.239573,-1,-0.398013,0.429686
2.39606,-0.426213,-1,-0.493452,0.429686
2.39631,-0.570085,-1,-0.533828,0.429686
2.39656,-0.510683,-1,-0.391169,0.429686
2.39681,-0.202974,-1,-0.0268861,0.429686
2.39706,0.220088,-1,0.415984,0.429686
2.39731,0.536641,1,0.708154,0.429686
2.39756,0.600284,1,0.714245,0.429686
2.39781,0.443099,1,0.480491,0.429686
2.39806,0.225797,1,0.172991,0.429686
2.39831,0.0895737,1,-0.0330637,0.429686
2.39856,0.0404393,1,-0.125092,0.429686
2.39881,-0.0315218,1,-0.189636,0.429686
2.39906,-0.217618,-1,-0.343572,0.429686
2.39931,-0.475988,-1,-0.534073,0.429686
2.39956,-0.640283,-1,-0.618139,0.429686
2.39981,-0.556045,-1,-0.447852,0.429686
2.40006,-0.221499,-1,-0.043631,0.429686
2.40031,0.194608,-1,0.38916,0.429686
2.40056,0.475012,-1,0.65527,0.429686
2.40081,0.516883,1,0.650097,0.429686
2.40106,0.390888,1,0.443837,0.429686
2.40131,0.25391,1,0.201624,0.429686
2.40156,0.198596,1,0.049106,0.429686
2.40181,0.17557,1,-0.0383601,0.429686
2.40206,0.0605883,1,-0.18006,0.429686
2.40231,-0.202456,-1,-0.428085,0.429686
2.40256,-0.515353,-1,-0.674985,0.429686
2.40281,-0.684394,-1,-0.754581,0.429686
2.40306,-0.575532,-1,-0.551032,0.429686
2.40331,-0.231252,-1,-0.120579,0.429686
2.40356,0.155051,-1,0.307411,0.429686
2.40381,0.388906,-1,0.557815,0.429686
2.40406,0.415785,1,0.561957,0.429686
2.40431,0.336735,1,0.420763,0.429686
2.40456,0.289619,1,0.298505,0.429686
2.40481,0.310192,1,0.233217,0.429686
2.40506,0.301282,1,0.161013,0.429686
2.40531,0.137691,1,-0.0281565,0.429686
2.40556,-0.191606,-1,-0.346303,0.429686
2.40581,-0.539405,-1,-0.65092,0.429686
2.40606,-0.699494,-1,-0.741806,0.429686
2.40631,-0.570413,-1,-0.53355,0.429686
2.40656,-0.23652,-1,-0.138509,0.429686
2.40682,0.100049,-1,0.230863,0.429686
2.40707,0.281236,-1,0.404206,0.429686
2.40732,0.303062,1,0.396497,0.429686
2.40757,0.284938,1,0.319243,0.429686
2.40782,0.331338,1,0.288376,0.429686
2.40807,0.418336,1,0.295609,0.429686
2.40832,0.411186,1,0.231002,0.429686
2.40857,0.198314,1,0.00546062,0.429686
2.40882,-0.182115,1,-0.345077,0.429686
2.40907,-0.543572,-1,-0.653601,0.429686
2.40932,-0.684405,-1,-0.711436,0.429686
2.40957,-0.543661,-1,-0.469668,0.429686
2.40982,-0.24095,-1,-0.0647561,0.429686
2.41007,0.0296708,-1,0.266923,0.429686
2.41032,0.157336,-1,0.411912,0.429686
2.41057,0.185879,0.314961,0.411741,0.429686
2.41082,0.238851,1,0.400343,0.429686
2.41107,0.376297,1,0.450743,0.429686
2.41132,0.516194,1,0.482325,0.429686
2.41157,0.499607,1,0.363637,0.429686
2.41182,0.241897,1,0.0444408,0.429686
2.41207,-0.170536,1,-0.383513,0.429686
2.41232,-0.524673,-1,-0.722577,0.429686
2.41257,-0.639965,-1,-0.782674,0.429686
2.41282,-0.499726,-1,-0.551291,0.429686
2.41307,-0.24786,-1,-0.207821,0.429686
2.41332,-0.0551348,-1,0.0610861,0.429686
2.41357,0.0233616,-1,0.185582,0.429686
2.41382,0.07051,-1,0.235504,0.429686
2.41407,0.200685,1,0.33761,0.429686
2.41432,0.420643,1,0.494659,0.429686
2.41457,0.597165,1,0.585984,0.429686
2.41482,0.563212,1,0.46607,0.429686
2.41507,0.269419,1,0.111357,0.429686
2.41532,-0.152596,1,-0.331416,0.429686
2.41557,-0.481097,1,-0.654746,0.429686
2.41582,-0.56873,-1,-0.687586,0.429686
2.41607,-0.443598,-1,-0.488415,0.429686
2.41632,-0.260182,-1,-0.208641,0.429686
2.41657,-0.151132,-1,-0.0140813,0.429686
2.41682,-0.113978,-1,0.0889851,0.429686
2.41707,-0.0368425,-1,0.191637,0.429686
2.41732,0.170811,1,0.376353,0.429686
2.41757,0.45972,1,0.615804,0.429686
2.41782,0.656205,1,0.72431,0.429686
2.41807,0.599838,1,0.571257,0.429686
2.41832,0.28386,1,0.174409,0.429686
2.41857,-0.125041,1,-0.285879,0.429686
2.41882,-0.412499,1,-0.578171,0.429686
2.41907,-0.475129,-1,-0.614829,0.429686
2.41932,-0.380699,-1,-0.463106,0.429686
2.41957,-0.279229,-1,-0.27981,0.429686
2.41982,-0.253579,-1,-0.171,0.429686
2.42007,-0.247066,-1,-0.102595,0.429686
2.42032,-0.130994,-1,0.0467785,0.429686
2.42057,0.148577,1,0.313289,0.429686
2.42082,0.488515,1,0.608484,0.429686
2.42107,0.688701,1,0.736123,0.429686
2.42132,0.609314,1,0.573967,0.429686
2.42157,0.288434,1,0.190669,0.429686
2.42182,-0.0854104,1,-0.217403,0.429686
2.42207,-0.320726,1,-0.456447,0.429686
2.42232,-0.365057,-1,-0.467375,0.429686
2.42257,-0.316213,-1,-0.355484,0.429686
2.42282,-0.305097,-1,-0.263668,0.429686
2.42307,-0.357623,-1,-0.236183,0.429686
2.42332,-0.368555,-1,-0.199811,0.429686
2.42357,-0.2089,-1,-0.0158106,0.429686
2.42382,0.132177,-1,0.294445,0.429686
2.42407,0.502465,1,0.610295,0.427422
2.42432,0.692002,1,0.717826,0.427422
2.42457,0.593629,1,0.51871,0.427422
2.42482,0.286946,1,0.117629,0.427422
2.42507,-0.0316235,1,-0.258094,0.427422
2.42532,-0.209545,1,-0.459981,0.427422
2.42557,-0.244789,0.0314961,-0.472192,0.427422
2.42582,-0.254816,-1,-0.417392,0.427422
2.42607,-0.336505,-1,-0.406305,0.427422
2.42632,-0.456722,-1,-0.416276,0.427422
2.42657,-0.472537,-1,-0.33751,0.427422
2.42682,-0.268414,-1,-0.0624338,0.427422
2.42707,0.118186,-1,0.342855,0.427422
2.42732,0.497347,1,0.710997,0.427422
2.42757,0.665231,1,0.822201,0.427422
2.42782,0.555976,1,0.619163,0.427422
2.42807,0.283783,1,0.258444,0.427422
2.42832,0.0360746,1,-0.0771835,0.427422
2.42857,-0.0835634,1,-0.238441,0.427422
2.42882,-0.121437,1,-0.280067,0.427422
2.42907,-0.19984,-1,-0.339269,0.427422
2.42932,-0.370984,-1,-0.453813,0.427422
2.42957,-0.544371,-1,-0.543376,0.427422
2.42982,-0.553663,-1,-0.47316,0.427422
2.43007,-0.309061,-1,-0.16335,0.427422
2.43032,0.103023,-1,0.2792,0.427422
2.43057,0.470353,-0.779528,0.63397,0.427422
2.43082,0.609525,1,0.72245,0.427422
2.43107,0.500925,1,0.539982,0.427422
2.43132,0.282469,1,0.239845,0.427422
2.43158,0.116177,1,-0.0227774,0.427422
2.43183,0.0506699,1,-0.137839,0.427422
2.43208,-0.00201537,1,-0.214542,0.427422
2.43233,-0.153582,-1,-0.347188,0.427422
2.43258,-0.404886,-1,-0.537657,0.427422
2.43283,-0.614629,-1,-0.663282,0.427422
2.43308,-0.608281,-1,-0.559873,0.427422
2.43333,-0.332637,-1,-0.211735,0.427422
2.43358,0.0835993,-1,0.243817,0.427422
2.43383,0.419555,-1,0.581805,0.427422
2.43408,0.528045,1,0.656707,0.427422
2.43433,0.433867,1,0.502157,0.427422
2.43458,0.285446,1,0.274206,0.427422
2.43483,0.20616,1,0.109131,0.427422
2.43508,0.18584,1,0.0233759,0.427422
2.43533,0.107842,1,-0.0785962,0.427422
2.43558,-0.116917,-1,-0.289102,0.427422
2.43583,-0.43369,-1,-0.558967,0.427422
2.43608,-0.6621,-1,-0.710268,0.427422
2.43633,-0.635022,-1,-0.594977,0.427422
2.43658,-0.341735,-1,-0.23649,0.427422
2.43683,0.0558118,-1,0.195996,0.427422
2.43708,0.345281,-1,0.485122,0.427422
2.43733,0.4252,1,0.530002,0.427422
2.43758,0.36042,1,0.406895,0.427422
2.43783,0.294701,1,0.264012,0.427422
2.43808,0.301498,1,0.190266,0.427422
2.43833,0.315096,1,0.144553,0.427422
2.43858,0.20296,1,0.013848,0.427422
2.43883,-0.0889613,0.740157,-0.250638,0.427422
2.43908,-0.452735,-1,-0.563244,0.427422
2.43933,-0.68281,-1,-0.717995,0.427422
2.43958,-0.633943,-1,-0.574695,0.427422
2.43983,-0.339413,-1,-0.185712,0.427422
2.44008,0.017238,-1,0.230941,0.427422
2.44033,0.249716,-1,0.484072,0.427422
2.44058,0.307076,-0.228346,0.513003,0.427422
2.44083,0.286258,1,0.427394,0.427422
2.44108,0.310437,1,0.361937,0.427422
2.44133,0.3967,1,0.346512,0.427422
2.44158,0.431171,1,0.283922,0.427422
2.44183,0.279637,1,0.0699807,0.427422
2.44208,-0.0679164,1,-0.298579,0.427422
2.44233,-0.457667,-1,-0.671525,0.427422
2.44258,-0.674362,-1,-0.822412,0.427422
2.44283,-0.607056,-1,-0.669852,0.427422
2.44308,-0.330349,-1,-0.2924,0.427422
2.44333,-0.033446,-1,0.0879116,0.427422
2.44358,0.136052,-1,0.298828,0.427422
2.44383,0.180695,-1,0.351356,0.427422
2.44408,0.215657,1,0.361028,0.427422
2.44433,0.331614,1,0.421509,0.427422
2.44458,0.485985,1,0.490365,0.427422
2.44483,0.527699,1,0.449114,0.427422
2.44508,0.33653,1,0.187583,0.427422
2.44533,-0.0511007,1,-0.22754,0.427422
2.44558,-0.444298,0.188976,-0.60638,0.427422
2.44583,-0.636377,-1,-0.760538,0.427422
2.44608,-0.558293,-1,-0.611251,0.427422
2.44633,-0.318429,-1,-0.280776,0.427422
2.44658,-0.0968487,-1,0.0230374,0.427422
2.44683,0.00971357,-1,0.180482,0.427422
2.44708,0.0529155,-1,0.237172,0.427422
2.44733,0.152556,1,0.305728,0.427422
2.44758,0.355807,1,0.461344,0.427422
2.44783,0.563003,1,0.578717,0.427422
2.44808,0.600153,1,0.533011,0.427422
2.44833,0.373235,1,0.238657,0.427422
2.44858,-0.0345031,1,-0.205151,0.427422
2.44883,-0.409998,1,-0.575278,0.427422
2.44908,-0.570121,-1,-0.694105,0.427422
2.44933,-0.492079,-1,-0.545671,0.427422
2.44958,-0.307699,-1,-0.272555,0.427422
2.44983,-0.171379,-1,-0.046943,0.427422
2.45008,-0.122712,-1,0.059834,0.427422
2.45033,-0.0695668,-1,0.141106,0.427422
2.45058,0.0995121,1,0.28518,0.427422
2.45083,0.379558,1,0.512322,0.427422
2.45108,0.621902,1,0.671104,0.427422
2.45133,0.645098,1,0.602357,0.427422
2.45158,0.391017,1,0.281584,0.427422
2.45183,-0.0146607,1,-0.16428,0.427422
2.45208,-0.353671,1,-0.509741,0.427422
2.45233,-0.479142,-1,-0.600906,0.427422
2.45258,-0.414285,-1,-0.484697,0.427422
2.45283,-0.300985,-1,-0.289562,0.427422
2.45308,-0.254035,-1,-0.155358,0.427422
2.45333,-0.254641,-1,-0.096191,0.427422
2.45358,-0.180191,-1,0.000433335,0.427422
2.45383,0.0570398,-0.338583,0.226503,0.427422
2.45408,0.398825,1,0.512744,0.427422
2.45433,0.657725,1,0.698371,0.427422
2.45458,0.661097,1,0.606317,0.427422
2.45483,0.393103,1,0.253972,0.427422
2.45508,0.0115905,1,-0.173399,0.427422
2.45533,-0.275205,1,-0.480906,0.427422
2.45558,-0.368306,0.314961,-0.54619,0.427422
2.45583,-0.330698,-1,-0.452001,0.427422
2.45608,-0.300119,-1,-0.334268,0.427422
2.45634,-0.34095,-1,-0.273491,0.427422
2.45659,-0.378406,-1,-0.216016,0.427422
2.45684,-0.274513,-1,-0.0584532,0.427422
2.45709,0.024742,-1,0.251049,0.427422
2.45734,0.408867,1,0.609346,0.427422
2.45759,0.666688,1,0.809328,0.427422
2.45784,0.648827,1,0.690463,0.427422
2.45809,0.383065,1,0.329891,0.427422
2.45834,0.0473912,1,-0.0893658,0.427422
2.45859,-0.176919,1,-0.358574,0.427422
2.45884,-0.243539,1,-0.423008,0.427422
2.45909,-0.247017,-1,-0.39786,0.427422
2.45934,-0.305639,-1,-0.391775,0.427422
2.45959,-0.426737,-1,-0.423586,0.427422
2.45984,-0.487339,-1,-0.393786,0.427422
2.46009,-0.348868,-1,-0.188091,0.427422
2.46034,0.000989861,-1,0.187931,0.427422
2.46059,0.40549,0.464567,0.587314,0.427422
2.46084,0.647046,1,0.776474,0.427422
2.46109,0.610537,1,0.675838,0.427422
2.46134,0.36512,1,0.339228,0.427422
2.46159,0.0940617,1,-0.00736833,0.427422
2.46184,-0.0629827,1,-0.2035,0.427422
2.46209,-0.111991,1,-0.270108,0.427422
2.46234,-0.168361,-1,-0.294294,0.427422
2.46259,-0.316613,-1,-0.389655,0.427422
2.46284,-0.505329,-1,-0.504456,0.427422
2.46309,-0.575624,-1,-0.488505,0.427422
2.46334,-0.401324,-1,-0.25044,0.427422
2.46359,-0.0175777,-1,0.152789,0.427422
2.46384,0.385263,-1,0.54264,0.427422
2.46409,0.598332,1,0.704187,0.427422
2.46434,0.550211,1,0.583498,0.427422
2.46459,0.343917,1,0.286321,0.427422
2.46484,0.15163,1,0.00268055,0.427422
2.46509,0.0620959,1,-0.142302,0.427422
2.46534,0.0188736,1,-0.20986,0.427422
2.46559,-0.0982563,-1,-0.303712,0.427422
2.46584,-0.330961,-1,-0.477351,0.427422
2.46609,-0.571285,-1,-0.628258,0.427422
2.46634,-0.638292,-1,-0.596013,0.427422
2.46659,-0.432358,-1,-0.311379,0.427422
2.46684,-0.0342391,-1,0.133491,0.427422
2.46709,0.345125,-1,0.514267,0.427422
2.46734,0.522384,1,0.663179,0.427422
2.46759,0.472969,1,0.555113,0.427422
2.46784,0.323294,1,0.320209,0.427422
2.46809,0.219111,1,0.127157,0.427422
2.46834,0.191621,1,0.0405065,0.427422
2.46859,0.142603,1,-0.0345311,0.427422
2.46884,-0.03932,0.110236,-0.207249,0.427422
2.46909,-0.345236,-1,-0.470003,0.427422
2.46934,-0.61876,-1,-0.668488,0.427422
2.46959,-0.67263,-1,-0.630925,0.427422
2.46984,-0.443384,-1,-0.320294,0.427422
2.47009,-0.0524533,-1,0.119479,0.427422
2.47034,0.284337,-1,0.471842,0.427422
2.47059,0.422995,-0.433071,0.586011,0.427422
2.47084,0.384716,1,0.483629,0.427422
2.47109,0.306412,1,0.327533,0.427422
2.47134,0.293673,1,0.216625,0.427422
2.47159,0.318388,1,0.160388,0.427422
2.47184,0.252848,1,0.0331954,0.427422
2.47209,0.00724888,1,-0.220023,0.427422
2.47234,-0.355331,-1,-0.549599,0.427422
2.47259,-0.64313,-1,-0.770791,0.427422
2.47284,-0.677412,-1,-0.711081,0.427422
2.47309,-0.437263,-1,-0.376261,0.427422
2.47334,-0.0762475,-1,0.0707228,0.427422
2.47359,0.203513,-1,0.385629,0.427422
2.47384,0.304979,-1,0.490212,0.427422
2.47409,0.291734,1,0.442085,0.427422
2.47434,0.295339,1,0.379282,0.427422
2.47459,0.37118,1,0.375417,0.427422
2.47484,0.435691,1,0.34111,0.427422
2.47509,0.344498,1,0.176823,0.427422
2.47534,0.0424217,1,-0.146238,0.427422
2.47559,-0.357557,-1,-0.540886,0.427422
2.47584,-0.640915,-1,-0.783724,0.427422
2.47609,-0.653489,-1,-0.723248,0.427422
2.47634,-0.418323,-1,-0.398379,0.427422
2.47659,-0.107755,-1,-0.0191939,0.427422
2.47684,0.10438,-1,0.227842,0.427422
2.47709,0.174895,-1,0.309047,0.427422
2.47734,0.199635,1,0.305966,0.427422
2.47759,0.290652,1,0.34348,0.427422
2.47784,0.446799,1,0.425142,0.427422
2.47809,0.536604,1,0.430119,0.427422
2.47834,0.414727,1,0.253969,0.427422
2.47859,0.0680062,1,-0.107488,0.427422
2.47884,-0.347254,1,-0.497024,0.427422
2.47909,-0.610434,-1,-0.712749,0.427422
2.47934,-0.603598,-1,-0.628715,0.427422
2.47959,-0.39093,-1,-0.314816,0.427422
2.47984,-0.148593,-1,0.0107323,0.427422
2.48009,-0.00896811,-1,0.215182,0.427422
2.48034,0.0400967,-1,0.276233,0.427422
2.48059,0.113634,1,0.324421,0.427422
2.48084,0.291835,1,0.445528,0.427422
2.4811,0.514809,1,0.571496,0.427422
2.48135,0.61524,1,0.575592,0.427422
2.4816,0.461732,1,0.335082,0.427422
2.48185,0.0862944,1,-0.0897113,0.427422
2.4821,-0.32113,1,-0.499286,0.427422
2.48235,-0.551998,-1,-0.701502,0.427422
2.4826,-0.531956,-1,-0.62112,0.427422
2.48285,-0.359793,-1,-0.368829,0.427422
2.4831,-0.199429,-1,-0.117481,0.427422
2.48335,-0.131041,-1,0.0150267,0.427422
2.4836,-0.0925878,-1,0.0838479,0.427422
2.48385,0.0379194,-0.0393701,0.210517,0.427422
2.4841,0.296699,1,0.421576,0.427422
2.48435,0.569535,1,0.630867,0.427422
2.4846,0.66748,1,0.643096,0.427422
2.48485,0.485549,1,0.374005,0.427422
2.4851,0.101452,1,-0.0600025,0.427422
2.48535,-0.277029,1,-0.447193,0.427422
2.4856,-0.467354,0.362205,-0.619673,0.427422
2.48585,-0.444119,-1,-0.537632,0.427422
2.4861,-0.328891,-1,-0.345001,0.427422
2.48635,-0.258778,-1,-0.184157,0.427422
2.4866,-0.255976,-1,-0.0987488,0.427422
2.48685,-0.215983,-1,-0.00583014,0.427422
2.4871,-0.0254365,-1,0.191907,0.427422
2.48735,0.30224,1,0.486647,0.427422
2.4876,0.605652,1,0.721762,0.427422
2.48785,0.690509,1,0.716991,0.427422
2.4881,0.488593,1,0.417251,0.427422
2.48835,0.116959,1,-0.0331012,0.427422
2.4886,-0.21348,1,-0.407621,0.427422
2.48885,-0.360496,1,-0.554635,0.427422
2.4891,-0.346263,-1,-0.494746,0.427422
2.48935,-0.301691,-1,-0.380761,0.427422
2.4896,-0.324304,-1,-0.316396,0.427422
2.48985,-0.376629,-1,-0.269795,0.427422
2.4901,-0.32378,-1,-0.147788,0.427422
2.49035,-0.0751538,-1,0.123025,0.427422
2.4906,0.304851,1,0.500921,0.427422
2.49085,0.61876,1,0.769347,0.427422
2.4911,0.683565,1,0.752771,0.427422
2.49135,0.473571,1,0.451246,0.427422
2.4916,0.136078,1,0.0455768,0.427422
2.49185,-0.131332,1,-0.264549,0.427422
2.4921,-0.237054,1,-0.375334,0.427422
2.49235,-0.244427,-1,-0.349007,0.427422
2.4926,-0.280482,-1,-0.335736,0.427422
2.49285,-0.391994,-1,-0.371377,0.427422
2.4931,-0.485872,-1,-0.386114,0.427422
2.49335,-0.411665,-1,-0.260535,0.427422
2.4936,-0.111486,-1,0.0541741,0.427422
2.49385,0.300064,-1,0.447628,0.427422
2.4941,0.605933,1,0.706862,0.427422
2.49435,0.648019,1,0.678204,0.427422
2.4946,0.444775,1,0.379119,0.427422
2.49485,0.162002,1,0.00446017,0.427422
2.4951,-0.0331157,1,-0.254441,0.427422
2.49535,-0.103129,1,-0.335417,0.427422
2.4956,-0.145045,-1,-0.356783,0.427422
2.49585,-0.266042,-1,-0.409804,0.427422
2.4961,-0.457016,-1,-0.510224,0.427422
2.49635,-0.577533,-1,-0.527201,0.427422
2.4966,-0.47634,-1,-0.344669,0.427422
2.49685,-0.136772,-1,0.0378859,0.427422
2.4971,0.284113,-1,0.460936,0.427422
2.49735,0.565517,1,0.720637,0.427422
2.4976,0.586627,1,0.676077,0.427422
2.49785,0.407186,1,0.409229,0.427422
2.4981,0.196219,1,0.108331,0.427422
2.49835,0.0777578,1,-0.0763023,0.427422
2.4986,0.0336578,1,-0.150807,0.427422
2.49885,-0.0530018,0.0708661,-0.219942,0.427422
2.4991,-0.257878,-1,-0.387321,0.427422
2.49935,-0.514046,-1,-0.565771,0.427422
2.4996,-0.645829,-1,-0.61161,0.427422
2.49985,-0.516171,-1,-0.406161,0.427422
2.5001,-0.153683,-1,0.0109499,0.427422
2.50035,0.253934,-1,0.432811,0.427422
2.5006,0.498056,-0.204724,0.645051,0.427422
2.50085,0.504141,1,0.600758,0.427422
2.5011,0.36552,1,0.384691,0.427422
2.50135,0.239006,1,0.163405,0.427422
2.5016,0.195793,1,0.0385476,0.427422
2.50185,0.166121,1,-0.0429852,0.427422
2.5021,0.0274697,1,-0.181663,0.427422
2.50235,-0.254328,-1,-0.434983,0.427422
2.5026,-0.557591,-1,-0.665645,0.427422
2.50285,-0.686859,-1,-0.711008,0.427422
2.5031,-0.531975,-1,-0.45774,0.427422
2.50335,-0.165573,-1,-0.0161631,0.427422
2.5036,0.206799,-1,0.402169,0.427422
2.50385,0.406201,-1,0.595279,0.427422
2.5041,0.406122,1,0.560122,0.427422
2.50435,0.324218,1,0.404907,0.427422
2.5046,0.289599,1,0.273196,0.427422
2.50485,0.314365,1,0.203848,0.427422
2.5051,0.287633,1,0.110706,0.427422
2.50535,0.0935172,1,-0.10804,0.427422
2.5056,-0.252177,-1,-0.450651,0.427422
2.50586,-0.582735,-1,-0.731575,0.427422
2.50611,-0.698264,-1,-0.770939,0.427422
2.50636,-0.525525,-1,-0.503682,0.427422
2.50661,-0.176698,-1,-0.0892915,0.427422
2.50686,0.142057,-1,0.274672,0.427422
2.50711,0.293442,-1,0.437019,0.427422
2.50736,0.299052,1,0.4085,0.427422
2.50761,0.286836,1,0.342202,0.427422
2.50786,0.345402,1,0.330871,0.427422
2.50811,0.427467,1,0.328285,0.427422
2.50836,0.391954,1,0.235885,0.427422
2.50861,0.14458,1,-0.0273492,0.427422
2.50886,-0.247921,0.598425,-0.395713,0.427422
2.50911,-0.585101,-1,-0.68553,0.427422
2.50936,-0.679537,-1,-0.705322,0.427422
2.50961,-0.500585,-1,-0.432361,0.427422
2.50986,-0.190372,-1,-0.0378991,0.427422
2.51011,0.0606949,-1,0.266604,0.427422
2.51036,0.165612,-1,0.38045,0.427422
2.51061,0.189693,1,0.378583,0.427422
2.51086,0.255776,1,0.377273,0.427422
2.51111,0.402726,1,0.43962,0.427422
2.51136,0.527921,1,0.466373,0.427422
2.51161,0.474241,1,0.341219,0.427422
2.51186,0.180944,1,0.00740131,0.427422
2.51211,-0.237836,1,-0.416383,0.427422
2.51236,-0.562254,-1,-0.708085,0.427422
2.51261,-0.632266,-1,-0.715741,0.427422
2.51286,-0.461493,-1,-0.451648,0.427422
2.51311,-0.209308,-1,-0.111764,0.427422
2.51336,-0.0354712,-1,0.13331,0.427422
2.51361,0.0296292,-1,0.221902,0.427422
2.51386,0.0838879,-0.165354,0.266337,0.427422
2.51411,0.232227,1,0.366071,0.427422
2.51436,0.456826,1,0.521312,0.427422
2.51461,0.60937,1,0.579862,0.427422
2.51486,0.531945,1,0.412874,0.427422
2.51511,0.204274,1,0.0287725,0.427422
2.51536,-0.217524,1,-0.411052,0.427422
2.51561,-0.513109,-0.102362,-0.686358,0.427422
2.51586,-0.559699,-1,-0.675295,0.427422
2.51611,-0.413264,-1,-0.441937,0.427422
2.51636,-0.235668,-1,-0.176169,0.427422
2.51661,-0.142118,-1,0.00394442,0.427422
2.51686,-0.107712,-1,0.0835445,0.427422
2.51711,-0.0128399,-1,0.181365,0.427422
2.51736,0.215594,1,0.381504,0.427422
2.51761,0.502893,1,0.611179,0.427422
2.51786,0.66678,1,0.681964,0.427422
2.51811,0.563693,1,0.485778,0.427422
2.51836,0.21803,1,0.0726209,0.427422
2.51861,-0.184379,1,-0.369631,0.427422
2.51886,-0.438013,1,-0.615865,0.427422
2.51911,-0.466739,-1,-0.609885,0.427422
2.51936,-0.361032,-1,-0.426911,0.427422
2.51961,-0.269767,-1,-0.24464,0.427422
2.51986,-0.25448,-1,-0.137011,0.427422
2.52011,-0.238825,-1,-0.0533457,0.427422
2.52036,-0.0961254,-1,0.113971,0.427422
2.52061,0.204139,1,0.40479,0.427422
2.52086,0.535668,1,0.684339,0.427422
2.52111,0.696244,1,0.761543,0.427422
2.52136,0.570043,1,0.543923,0.427422
2.52161,0.225636,1,0.129638,0.427422
2.52186,-0.136306,1,-0.276434,0.427422
2.52211,-0.339687,1,-0.488711,0.427422
2.52236,-0.359552,-1,-0.477113,0.427422
2.52261,-0.309383,-1,-0.370414,0.427422
2.52286,-0.31068,-1,-0.299351,0.427422
2.52311,-0.36619,-1,-0.274749,0.427422
2.52336,-0.356624,-1,-0.208724,0.427422
2.52361,-0.163811,-1,0.006904,0.427422
2.52386,0.195609,0,0.354177,0.427422
2.52411,0.550239,1,0.661539,0.427002
2.52436,0.695767,1,0.730931,0.427002
2.52461,0.55364,1,0.497171,0.427002
2.52486,0.230977,1,0.101775,0.427002
2.52511,-0.0720078,1,-0.24944,0.427002
2.52536,-0.222653,1,-0.411625,0.427002
2.52561,-0.244481,-1,-0.404155,0.427002
2.52586,-0.262232,-1,-0.353528,0.427002
2.52611,-0.35631,-1,-0.368145,0.427002
2.52636,-0.470501,-1,-0.39289,0.427002
2.52661,-0.455698,-1,-0.301469,0.427002
2.52686,-0.214657,-1,-0.0301162,0.427002
2.52711,0.185969,-1,0.358621,0.427002
2.52736,0.542848,1,0.679279,0.427002
2.52761,0.665252,1,0.726423,0.427002
2.52786,0.51809,1,0.487723,0.427002
2.52811,0.237733,1,0.116015,0.427002
2.52836,0.00752882,1,-0.186601,0.427002
2.52861,-0.0921623,1,-0.304299,0.427002
2.52886,-0.128411,0.338583,-0.323264,0.427002
2.52911,-0.22187,-1,-0.370759,0.427002
2.52936,-0.403088,-1,-0.46273,0.427002
2.52961,-0.561104,-1,-0.521356,0.427002
2.52986,-0.531346,-1,-0.398711,0.427002
2.53011,-0.249153,-1,-0.0594419,0.427002
2.53036,0.171578,-1,0.380542,0.427002
2.53062,0.511191,0.566929,0.702254,0.427002
2.53087,0.606548,1,0.74218,0.427002
2.53112,0.468333,1,0.52469,0.427002
2.53137,0.248889,1,0.212762,0.427002
2.53162,0.0997537,1,-0.021662,0.427002
2.53187,0.0447905,1,-0.125644,0.427002
2.53212,-0.0179007,1,-0.194898,0.427002
2.53237,-0.189682,-1,-0.344545,0.427002
2.53262,-0.446685,-1,-0.541965,0.427002
2.53287,-0.63183,-1,-0.638732,0.427002
2.53312,-0.580652,-1,-0.504774,0.427002
2.53337,-0.269487,-1,-0.120228,0.427002
2.53362,0.148994,-1,0.323534,0.427002
2.53387,0.454057,-1,0.618605,0.427002
2.53412,0.523446,1,0.650534,0.427002
2.53437,0.409321,1,0.458499,0.427002
2.53462,0.266326,1,0.227064,0.427002
2.53487,0.201252,1,0.0725005,0.427002
2.53512,0.180659,1,-0.0142587,0.427002
2.53537,0.0820028,1,-0.128548,0.427002
2.53562,-0.16565,-1,-0.360128,0.427002
2.53587,-0.482113,-1,-0.621877,0.427002
2.53612,-0.677713,-1,-0.735844,0.427002
2.53637,-0.603157,-1,-0.565945,0.427002
2.53662,-0.278403,-1,-0.163429,0.427002
2.53687,0.114638,-1,0.264203,0.427002
2.53712,0.372555,-1,0.52708,0.427002
2.53737,0.420881,1,0.548021,0.427002
2.53762,0.346507,1,0.412909,0.427002
2.53787,0.290948,1,0.282479,0.427002
2.53812,0.306686,1,0.20865,0.427002
2.53837,0.308619,1,0.157659,0.427002
2.53862,0.167108,1,-0.00702813,0.427002
2.53887,-0.147879,-0.543307,-0.315126,0.427002
2.53912,-0.504458,-1,-0.62024,0.427002
2.53937,-0.695356,-1,-0.735286,0.427002
2.53962,-0.599488,-1,-0.557602,0.427002
2.53987,-0.280125,-1,-0.163509,0.427002
2.54012,0.0666653,-1,0.219454,0.427002
2.54037,0.269691,-1,0.428524,0.427002
2.54062,0.3054,1,0.435378,0.427002
2.54087,0.284845,1,0.350986,0.427002
2.54112,0.321923,1,0.302909,0.427002
2.54137,0.409923,1,0.312959,0.427002
2.54162,0.421541,1,0.260738,0.427002
2.54187,0.234445,1,0.0471721,0.427002
2.54212,-0.133888,1,-0.305601,0.427002
2.54237,-0.509399,-1,-0.634056,0.427002
2.54262,-0.683023,-1,-0.727909,0.427002
2.54287,-0.57228,-1,-0.523587,0.427002
2.54312,-0.278461,-1,-0.134901,0.427002
2.54337,0.00453864,-1,0.211955,0.427002
2.54362,0.149438,-1,0.379588,0.427002
2.54387,0.183656,-0.606299,0.393932,0.427002
2.54412,0.228154,1,0.377168,0.427002
2.54437,0.357193,1,0.424594,0.427002
2.54462,0.504806,1,0.465118,0.427002
2.54487,0.513818,1,0.373024,0.427002
2.54512,0.28355,1,0.0728964,0.427002
2.54537,-0.120508,1,-0.357895,0.427002
2.54562,-0.493081,-1,-0.71339,0.427002
2.54587,-0.641147,-1,-0.80574,0.427002
2.54612,-0.525729,-1,-0.611272,0.427002
2.54637,-0.277098,-1,-0.260516,0.427002
2.54662,-0.0714573,-1,0.0267519,0.427002
2.54687,0.0180477,-1,0.16734,0.427002
2.54712,0.0623416,-1,0.225323,0.427002
2.54737,0.179265,1,0.316927,0.427002
2.54762,0.393475,1,0.480974,0.427002
2.54787,0.584825,1,0.593779,0.427002
2.54812,0.58142,1,0.507686,0.427002
2.54837,0.314841,1,0.178334,0.427002
2.54862,-0.103529,1,-0.267855,0.427002
2.54887,-0.453401,1,-0.602435,0.427002
2.54912,-0.571647,-1,-0.680734,0.427002
2.54937,-0.464782,-1,-0.507169,0.427002
2.54962,-0.279475,-1,-0.230594,0.427002
2.54987,-0.158769,-1,-0.0222577,0.427002
2.55012,-0.11779,-1,0.0746047,0.427002
2.55037,-0.0519249,-1,0.159638,0.427002
2.55062,0.139737,1,0.334026,0.427002
2.55087,0.426578,1,0.559043,0.427002
2.55112,0.644083,1,0.694363,0.427002
2.55137,0.621626,1,0.573702,0.427002
2.55162,0.330209,1,0.206948,0.427002
2.55187,-0.079561,1,-0.246594,0.427002
2.55212,-0.38998,1,-0.560125,0.427002
2.55237,-0.47857,-1,-0.617896,0.427002
2.55262,-0.395049,-1,-0.468831,0.427002
2.55287,-0.287567,-1,-0.280551,0.427002
2.55312,-0.253461,-1,-0.158942,0.427002
2.55337,-0.251105,-1,-0.0939856,0.427002
2.55362,-0.15342,-1,0.0307035,0.427002
2.55387,0.109138,1,0.279121,0.427002
2.55412,0.45196,1,0.576968,0.427002
2.55437,0.678326,1,0.731356,0.427002
2.55462,0.633719,1,0.593979,0.427002
2.55487,0.333315,1,0.229369,0.427002
2.55512,-0.0458066,1,-0.18118,0.427002
2.55538,-0.30357,1,-0.445439,0.427002
2.55563,-0.367537,-1,-0.471838,0.427002
2.55588,-0.322003,-1,-0.373586,0.427002
2.55613,-0.302216,-1,-0.269058,0.427002
2.55638,-0.3507,-1,-0.242089,0.427002
2.55663,-0.374208,-1,-0.202046,0.427002
2.55688,-0.238484,-1,-0.0574675,0.427002
2.55713,0.0861918,-1,0.253302,0.427002
2.55738,0.464522,1,0.579743,0.427002
2.55763,0.684184,1,0.719631,0.427002
2.55788,0.61917,1,0.553337,0.427002
2.55813,0.327877,1,0.167296,0.427002
2.55838,0.000272779,1,-0.224537,0.427002
2.55863,-0.19727,1,-0.442952,0.427002
2.55888,-0.244679,0.905512,-0.468088,0.427002
2.55913,-0.250734,-1,-0.40904,0.427002
2.55938,-0.322969,-1,-0.393335,0.427002
2.55963,-0.444804,-1,-0.400018,0.427002
2.55988,-0.480908,-1,-0.331333,0.427002
2.56013,-0.304321,-1,-0.0737279,0.427002
2.56038,0.0685778,-1,0.331271,0.427002
2.56063,0.460509,1,0.712044,0.427002
2.56088,0.660398,1,0.855431,0.427002
2.56113,0.580806,1,0.688081,0.427002
2.56138,0.317965,1,0.31825,0.427002
2.56163,0.0591944,1,-0.0274128,0.427002
2.56188,-0.0758911,1,-0.223253,0.427002
2.56213,-0.117179,1,-0.282209,0.427002
2.56238,-0.185559,-1,-0.331366,0.427002
2.56263,-0.347743,-1,-0.447931,0.427002
2.56288,-0.529334,-1,-0.55279,0.427002
2.56313,-0.56545,-1,-0.51305,0.427002
2.56338,-0.349844,-1,-0.236285,0.427002
2.56363,0.0524921,-1,0.191985,0.427002
2.56388,0.436613,-1,0.57714,0.427002
2.56413,0.607401,1,0.705198,0.427002
2.56438,0.522992,1,0.55833,0.427002
2.56463,0.307854,1,0.258996,0.427002
2.56488,0.129981,1,-0.00462387,0.427002
2.56513,0.0551537,1,-0.133108,0.427002
2.56538,0.00770437,1,-0.193069,0.427002
2.56563,-0.129113,-1,-0.309367,0.427002
2.56588,-0.373798,-1,-0.490775,0.427002
2.56613,-0.598335,-1,-0.636671,0.427002
2.56638,-0.623679,-1,-0.56816,0.427002
2.56663,-0.376316,-1,-0.247059,0.427002
2.56688,0.0345322,-1,0.203215,0.427002
2.56713,0.390431,-1,0.552441,0.427002
2.56738,0.527755,1,0.659585,0.427002
2.56763,0.451056,1,0.516292,0.427002
2.56788,0.300789,1,0.283074,0.427002
2.56813,0.210845,1,0.104433,0.427002
2.56838,0.188794,1,0.0200791,0.427002
2.56863,0.123946,1,-0.0735859,0.427002
2.56888,-0.0830198,-1,-0.267276,0.427002
2.56913,-0.396933,-1,-0.529517,0.427002
2.56938,-0.646254,-1,-0.699309,0.427002
2.56963,-0.653651,-1,-0.61848,0.427002
2.56988,-0.385753,-1,-0.282387,0.427002
2.57013,0.0110207,-1,0.156472,0.427002
2.57038,0.321733,-1,0.464639,0.427002
2.57063,0.425894,1,0.541943,0.427002
2.57088,0.370787,1,0.421391,0.427002
2.57113,0.29885,1,0.270825,0.427002
2.57138,0.297905,1,0.187513,0.427002
2.57163,0.317572,1,0.150435,0.427002
2.57188,0.225835,1,0.0410311,0.427002
2.57213,-0.0473913,1,-0.21715,0.427002
2.57238,-0.412756,-1,-0.522578,0.427002
2.57263,-0.668806,-1,-0.699761,0.427002
2.57288,-0.654881,-1,-0.590026,0.427002
2.57313,-0.381586,-1,-0.224321,0.427002
2.57338,-0.0210152,-1,0.201309,0.427002
2.57363,0.232098,-1,0.472327,0.427002
2.57388,0.307157,-1,0.527278,0.427002
2.57413,0.288098,1,0.446091,0.427002
2.57438,0.303295,1,0.370059,0.427002
2.57463,0.386214,1,0.338435,0.427002
2.57488,0.434806,1,0.278051,0.427002
2.57513,0.309036,1,0.0749974,0.427002
2.57538,-0.0206503,1,-0.281846,0.427002
2.57563,-0.416979,-1,-0.672626,0.427002
2.57588,-0.663102,-1,-0.861109,0.427002
2.57613,-0.628911,-1,-0.737076,0.427002
2.57638,-0.367899,-1,-0.370661,0.427002
2.57663,-0.0634261,-1,0.0194328,0.427002
2.57688,0.124112,-1,0.265704,0.427002
2.57713,0.178382,-1,0.342318,0.427002
2.57738,0.208128,1,0.350754,0.427002
2.57763,0.313727,1,0.411742,0.427002
2.57788,0.470345,1,0.497695,0.427002
2.57813,0.53381,1,0.484821,0.427002
2.57838,0.371638,1,0.255496,0.427002
2.57863,-0.000422019,1,-0.139034,0.427002
2.57888,-0.405242,0.850394,-0.539789,0.427002
2.57913,-0.62814,-1,-0.730463,0.427002
2.57938,-0.579094,-1,-0.609038,0.427002
2.57963,-0.349078,-1,-0.296973,0.427002
2.57989,-0.117447,-1,0.0101647,0.427002
2.58014,0.00267011,-1,0.183946,0.427002
2.58039,0.0469721,-1,0.242537,0.427002
2.58064,0.135056,1,0.303373,0.427002
2.58089,0.328545,1,0.441356,0.427002
2.58114,0.544162,1,0.569033,0.427002
2.58139,0.609143,1,0.541276,0.427002
2.58164,0.412592,1,0.277438,0.427002
2.58189,0.0163488,1,-0.152642,0.427002
2.58214,-0.374599,1,-0.537797,0.427002
2.58239,-0.56498,-1,-0.692907,0.427002
2.58264,-0.510217,-1,-0.57275,0.427002
2.58289,-0.32924,-1,-0.309676,0.427002
2.58314,-0.18219,-1,-0.0647445,0.427002
2.58339,-0.12606,-1,0.0545353,0.427002
2.58364,-0.0802822,-1,0.117777,0.427002
2.58389,0.0722857,1,0.253995,0.427002
2.58414,0.34473,1,0.476266,0.427002
2.58439,0.601833,1,0.65487,0.427002
2.58464,0.657347,1,0.623358,0.427002
2.58489,0.432672,1,0.324839,0.427002
2.58514,0.0338258,1,-0.111168,0.427002
2.58539,-0.323478,1,-0.473039,0.427002
2.58564,-0.476145,-1,-0.597949,0.427002
2.58589,-0.427585,-1,-0.48915,0.427002
2.58614,-0.31207,-1,-0.289993,0.427002
2.58639,-0.255367,-1,-0.151562,0.427002
2.58664,-0.25575,-1,-0.0982389,0.427002
2.58689,-0.196737,-1,-0.0121471,0.427002
2.58714,0.0210218,-1,0.186095,0.427002
2.58739,0.358577,1,0.476366,0.427002
2.58764,0.638199,1,0.679646,0.427002
2.58789,0.676369,1,0.617679,0.427002
2.58814,0.434722,1,0.284882,0.427002
2.58839,0.0553478,1,-0.157936,0.427002
2.58864,-0.251179,1,-0.484456,0.427002
2.58889,-0.366448,1,-0.583463,0.427002
2.58914,-0.337301,-1,-0.489716,0.427002
2.58939,-0.299978,-1,-0.36672,0.427002
2.58964,-0.333733,-1,-0.288957,0.427002
2.58989,-0.378998,-1,-0.223079,0.427002
2.59014,-0.29725,-1,-0.0666723,0.427002
2.59039,-0.0184625,-1,0.242998,0.427002
2.59064,0.366024,1,0.61979,0.427002
2.59089,0.649211,1,0.843735,0.427002
2.59114,0.666133,1,0.77243,0.427002
2.59139,0.422129,1,0.419245,0.427002
2.59164,0.0837439,1,-0.00491971,0.427002
2.59189,-0.1594,1,-0.298834,0.427002
2.59214,-0.241693,1,-0.404501,0.427002
2.59239,-0.245426,-1,-0.392483,0.427002
2.59264,-0.294249,-1,-0.389883,0.427002
2.59289,-0.412441,-1,-0.436182,0.427002
2.59314,-0.488508,-1,-0.434675,0.427002
2.59339,-0.37756,-1,-0.262386,0.427002
2.59364,-0.0472403,-1,0.0966358,0.427002
2.59389,0.362466,-0.125984,0.503471,0.427002
2.59414,0.632472,1,0.729735,0.427002
2.59439,0.628607,1,0.6616,0.427002
2.59464,0.399131,1,0.351317,0.427002
2.59489,0.12156,1,0.00711504,0.427002
2.59514,-0.0515549,1,-0.21164,0.427002
2.59539,-0.108431,1,-0.271988,0.427002
2.59564,-0.157594,-1,-0.293139,0.427002
2.59589,-0.294671,-1,-0.36738,0.427002
2.59614,-0.486011,-1,-0.474611,0.427002
2.59639,-0.578736,-1,-0.489525,0.427002
2.59664,-0.435119,-1,-0.276096,0.427002
2.59689,-0.0682794,-1,0.10954,0.427002
2.59714,0.344238,-1,0.514008,0.427002
2.59739,0.587178,1,0.70271,0.427002
2.59764,0.567314,1,0.615201,0.427002
2.59789,0.370567,1,0.318967,0.427002
2.59814,0.169425,1,0.0342563,0.427002
2.59839,0.0679708,1,-0.139289,0.427002
2.59864,0.0258572,1,-0.202705,0.427002
2.59889,-0.0779384,-1,-0.280118,0.427002
2.59914,-0.299752,-1,-0.449008,0.427002
2.59939,-0.548579,-1,-0.614594,0.427002
2.59964,-0.644248,-1,-0.607123,0.427002
2.59989,-0.469813,-1,-0.354256,0.427002
2.60014,-0.0846451,-1,0.0686383,0.427002
2.60039,0.308661,-1,0.473871,0.427002
2.60064,0.514541,1,0.654898,0.427002
2.60089,0.487293,1,0.565109,0.427002
2.60114,0.34069,1,0.33981,0.427002
2.60139,0.226634,1,0.143333,0.427002
2.60164,0.193303,1,0.0416699,0.427002
2.60189,0.153769,1,-0.0232226,0.427002
2.60214,-0.00977493,1,-0.174557,0.427002
2.60239,-0.306956,-1,-0.426124,0.427002
2.60264,-0.594909,-1,-0.642214,0.427002
2.60289,-0.681506,-1,-0.638371,0.427002
2.60314,-0.482568,-1,-0.342371,0.427002
2.60339,-0.0997999,-1,0.103061,0.427002
2.60364,0.253594,-1,0.472884,0.427002
2.60389,0.417842,-1,0.617281,0.427002
2.60414,0.394293,1,0.538068,0.427002
2.60439,0.313238,1,0.370495,0.427002
2.60465,0.291342,1,0.245705,0.427002
2.6049,0.317389,1,0.168651,0.427002
2.60515,0.26929,1,0.0393429,0.427002
2.6054,0.0449953,1,-0.210273,0.427002
2.60565,-0.312434,-1,-0.550991,0.427002
2.6059,-0.62001,-1,-0.801561,0.427002
2.60615,-0.689048,-1,-0.784397,0.427002
2.6064,-0.475907,-1,-0.465615,0.427002
2.60665,-0.117836,-1,-0.0238646,0.427002
2.6069,0.179545,-1,0.326865,0.427002
2.60715,0.301446,-1,0.462205,0.427002
2.6074,0.294674,1,0.441544,0.427002
2.60765,0.290933,1,0.386284,0.427002
2.6079,0.360176,1,0.380357,0.427002
2.60815,0.433599,1,0.371103,0.427002
2.6084,0.366793,1,0.246817,0.427002
2.60865,0.0867098,1,-0.0650953,0.427002
2.6089,-0.312057,-0.559055,-0.458299,0.427002
2.60915,-0.620028,-1,-0.725891,0.427002
2.6094,-0.667097,-1,-0.700228,0.427002
2.60965,-0.453962,-1,-0.412811,0.427002
2.6099,-0.141719,-1,-0.0329807,0.427002
2.61015,0.0875024,-1,0.227566,0.427002
2.6104,0.171625,-1,0.310395,0.427002
2.61065,0.194826,1,0.299779,0.427002
2.6109,0.275171,1,0.319651,0.427002
2.61115,0.428552,1,0.393469,0.427002
2.6114,0.534921,1,0.416282,0.427002
2.61165,0.442171,1,0.267078,0.427002
2.6119,0.116456,1,-0.0667964,0.427002
2.61215,-0.30236,1,-0.467354,0.427002
2.6124,-0.592825,-1,-0.702531,0.427002
2.61265,-0.617918,-1,-0.648065,0.427002
2.6129,-0.421139,-1,-0.351992,0.427002
2.61315,-0.173187,-1,-0.00827783,0.427002
2.6134,-0.0190577,-1,0.211207,0.427002
2.61365,0.0356043,-1,0.28069,0.427002
2.6139,0.100028,1,0.322392,0.427002
2.61415,0.266005,1,0.427522,0.427002
2.6144,0.491335,1,0.558411,0.427002
2.61465,0.615223,1,0.579082,0.427002
2.6149,0.493707,1,0.379008,0.427002
2.61515,0.136687,1,-0.0355411,0.427002
2.6154,-0.279072,1,-0.454213,0.427002
2.61565,-0.538177,-1,-0.68771,0.427002
2.6159,-0.545362,-1,-0.638659,0.427002
2.61615,-0.382239,-1,-0.393573,0.427002
2.6164,-0.21371,-1,-0.137027,0.427002
2.61665,-0.135205,-1,0.00555752,0.427002
2.6169,-0.0997497,-1,0.068297,0.427002
2.61715,0.0152396,-1,0.174941,0.427002
2.6174,0.262056,1,0.38601,0.427002
2.61765,0.54294,1,0.600008,0.427002
2.6179,0.669963,1,0.633713,0.427002
2.61815,0.520815,1,0.390876,0.427002
2.6184,0.150854,1,-0.0381139,0.427002
2.61865,-0.239632,1,-0.449225,0.427002
2.6189,-0.457243,1,-0.652816,0.427002
2.61915,-0.454691,-1,-0.59335,0.427002
2.6194,-0.342091,-1,-0.394028,0.427002
2.61965,-0.262652,-1,-0.211062,0.427002
2.6199,-0.255497,-1,-0.102502,0.427002
2.62015,-0.227034,-1,-0.0107311,0.427002
2.6204,-0.0567617,-1,0.186258,0.427002
2.62065,0.260849,1,0.488427,0.427002
2.6209,0.578146,1,0.756908,0.427002
2.62115,0.695839,1,0.780452,0.427002
2.6214,0.524742,1,0.511447,0.427002
2.62165,0.16263,1,0.0644913,0.427002
2.6219,-0.182774,1,-0.330755,0.427002
2.62215,-0.353502,1,-0.512625,0.427002
2.6224,-0.352206,-1,-0.498588,0.427002
2.62265,-0.304272,-1,-0.393744,0.427002
2.6229,-0.318054,-1,-0.332646,0.427002
2.62315,-0.373065,-1,-0.302886,0.427002
2.6234,-0.339563,-1,-0.207665,0.427002
2.62365,-0.114069,-1,0.0482569,0.427002
2.6239,0.259183,1,0.406144,0.427002
2.62415,0.592235,1,0.697347,0.426197
2.6244,0.691558,1,0.732981,0.426197
2.62465,0.508889,1,0.471993,0.426197
2.6249,0.175514,1,0.079527,0.426197
2.62515,-0.108011,1,-0.236542,0.426197
2.6254,-0.23215,1,-0.355435,0.426197
2.62565,-0.244343,-1,-0.33012,0.426197
2.6259,-0.271929,-1,-0.297925,0.426197
2.62615,-0.376879,-1,-0.329079,0.426197
2.6264,-0.480888,-1,-0.354682,0.426197
2.62665,-0.432539,-1,-0.255997,0.426197
2.6269,-0.156279,-1,0.0399025,0.426197
2.62715,0.252775,-1,0.423207,0.426197
2.6274,0.581832,1,0.686548,0.426197
2.62765,0.657807,1,0.684681,0.426197
2.6279,0.476805,1,0.401743,0.426197
2.62815,0.193107,1,0.0206481,0.426197
2.6284,-0.0172272,1,-0.257295,0.426197
2.62865,-0.0989773,1,-0.362613,0.426197
2.6289,-0.137236,-1,-0.373167,0.426197
2.62915,-0.24655,-1,-0.415646,0.426197
2.62941,-0.434727,-1,-0.511985,0.426197
2.62966,-0.572684,-1,-0.538973,0.426197
2.62991,-0.502004,-1,-0.380371,0.426197
2.63016,-0.185221,-1,-0.0146991,0.426197
2.63041,0.237866,-1,0.422367,0.426197
2.63066,0.545222,1,0.705178,0.426197
2.63091,0.59726,1,0.70694,0.426197
2.63116,0.433437,1,0.456014,0.426197
2.63141,0.217477,1,0.154418,0.426197
2.63166,0.0861035,1,-0.047708,0.426197
2.63191,0.0387165,1,-0.127996,0.426197
2.63216,-0.0370456,1,-0.202872,0.426197
2.63241,-0.228391,-1,-0.349833,0.426197
2.63266,-0.486632,-1,-0.5461,0.426197
2.63291,-0.642512,-1,-0.611261,0.426197
2.63316,-0.545853,-1,-0.425037,0.426197
2.63341,-0.203204,-1,-0.0188807,0.426197
2.63366,0.211185,-1,0.412328,0.426197
2.63391,0.48196,-0.976378,0.670807,0.426197
2.63416,0.513981,1,0.651777,0.426197
2.63441,0.383965,1,0.437454,0.426197
2.63466,0.249596,1,0.206361,0.426197
2.63491,0.197739,1,0.0467722,0.426197
2.63516,0.173129,1,-0.0428724,0.426197
2.63541,0.0519766,1,-0.187649,0.426197
2.63566,-0.216465,-1,-0.440123,0.426197
2.63591,-0.527279,-1,-0.694547,0.426197
2.63616,-0.685787,-1,-0.765732,0.426197
2.63641,-0.564286,-1,-0.546907,0.426197
2.63666,-0.213427,-1,-0.110012,0.426197
2.63691,0.169609,-1,0.322312,0.426197
2.63716,0.394163,-1,0.558545,0.426197
2.63741,0.413419,1,0.553666,0.426197
2.63766,0.333159,1,0.421416,0.426197
2.63791,0.289408,1,0.303782,0.426197
2.63816,0.311635,1,0.240976,0.426197
2.63841,0.297998,1,0.160171,0.426197
2.63866,0.126348,1,-0.0327672,0.426197
2.63891,-0.208083,-1,-0.365763,0.426197
2.63916,-0.551638,-1,-0.664869,0.426197
2.63941,-0.699949,-1,-0.741344,0.426197
2.63966,-0.558747,-1,-0.524977,0.426197
2.63991,-0.22018,-1,-0.119931,0.426197
2.64016,0.111957,-1,0.238692,0.426197
2.64041,0.285101,-1,0.407453,0.426197
2.64066,0.302054,1,0.393399,0.426197
2.64091,0.28525,1,0.311901,0.426197
2.64116,0.335049,1,0.28475,0.426197
2.64141,0.420948,1,0.298124,0.426197
2.64166,0.406517,1,0.22882,0.426197
2.64191,0.184119,1,-0.0099992,0.426197
2.64216,-0.20013,1,-0.368322,0.426197
2.64241,-0.555548,-1,-0.667236,0.426197
2.64266,-0.683849,-1,-0.703468,0.426197
2.64291,-0.532333,-1,-0.455538,0.426197
2.64316,-0.227033,-1,-0.0491986,0.426197
2.64341,0.0385316,-1,0.271658,0.426197
2.64366,0.15986,-1,0.412943,0.426197
2.64391,0.186827,1,0.421235,0.426197
2.64416,0.243213,1,0.41178,0.426197
2.64441,0.383493,1,0.455444,0.426197
2.64466,0.519695,1,0.481263,0.426197
2.64491,0.493358,1,0.372473,0.426197
2.64516,0.225689,1,0.051284,0.426197
2.64541,-0.189071,1,-0.376618,0.426197
2.64566,-0.535535,-1,-0.698568,0.426197
2.64591,-0.63856,-1,-0.743607,0.426197
2.64616,-0.489576,-1,-0.514245,0.426197
2.64641,-0.23715,-1,-0.165624,0.426197
2.64666,-0.0493877,-1,0.0889146,0.426197
2.64691,0.0251467,-1,0.19088,0.426197
2.64716,0.0739091,-1,0.236158,0.426197
2.64741,0.208881,1,0.336231,0.426197
2.64766,0.430684,1,0.492355,0.426197
2.64791,0.601156,1,0.575032,0.426197
2.64816,0.555398,1,0.436843,0.426197
2.64841,0.252219,1,0.0737067,0.426197
2.64866,-0.17063,1,-0.378576,0.426197
2.64891,-0.490303,0.661417,-0.681622,0.426197
2.64916,-0.566839,-1,-0.707248,0.426197
2.64941,-0.435451,-1,-0.488125,0.426197
2.64966,-0.253262,-1,-0.211308,0.426197
2.64991,-0.14843,-1,-0.0125471,0.426197
2.65016,-0.112391,-1,0.0939243,0.426197
2.65041,-0.0306722,-1,0.196682,0.426197
2.65066,0.182795,1,0.389107,0.426197
2.65091,0.471614,1,0.628103,0.426197
2.65116,0.659793,1,0.728782,0.426197
2.65141,0.590687,1,0.553777,0.426197
2.65166,0.266137,1,0.152224,0.426197
2.65191,-0.141482,1,-0.298031,0.426197
2.65216,-0.420084,1,-0.584017,0.426197
2.65241,-0.473255,-1,-0.608906,0.426197
2.65266,-0.375322,-1,-0.450967,0.426197
2.65291,-0.276423,-1,-0.276223,0.426197
2.65316,-0.253768,-1,-0.168313,0.426197
2.65341,-0.245131,-1,-0.0988026,0.426197
2.65366,-0.121946,-1,0.0480367,0.426197
2.65391,0.163611,1,0.330548,0.426197
2.65417,0.501772,1,0.616118,0.426197
2.65442,0.691533,1,0.740699,0.426197
2.65467,0.599254,1,0.566906,0.426197
2.65492,0.271423,1,0.165578,0.426197
2.65517,-0.0996291,1,-0.231095,0.426197
2.65542,-0.326428,1,-0.454623,0.426197
2.65567,-0.36379,-1,-0.465013,0.426197
2.65592,-0.314216,-1,-0.34917,0.426197
2.65617,-0.306381,-1,-0.264305,0.426197
2.65642,-0.360075,-1,-0.239755,0.426197
2.65667,-0.365782,-1,-0.192551,0.426197
2.65692,-0.197105,-1,-0.00700213,0.426197
2.65717,0.149277,-0.818898,0.312132,0.426197
2.65742,0.516008,1,0.627332,0.426197
2.65767,0.693784,1,0.720107,0.426197
2.65792,0.583275,1,0.50824,0.426197
2.65817,0.271808,1,0.11296,0.426197
2.65842,-0.0430498,1,-0.273334,0.426197
2.65867,-0.21327,1,-0.452851,0.426197
2.65892,-0.244753,-0.889764,-0.459258,0.426197
2.65917,-0.256493,-1,-0.414646,0.426197
2.65942,-0.341789,-1,-0.404335,0.426197
2.65967,-0.460805,-1,-0.415409,0.426197
2.65992,-0.468558,-1,-0.337191,0.426197
2.66017,-0.25425,-1,-0.0764697,0.426197
2.66042,0.136568,-1,0.318943,0.426197
2.66067,0.510355,1,0.669898,0.426197
2.66092,0.665996,1,0.771641,0.426197
2.66117,0.546065,1,0.563413,0.426197
2.66142,0.271233,1,0.201248,0.426197
2.66167,0.0279155,1,-0.117377,0.426197
2.66192,-0.086128,1,-0.260139,0.426197
2.66217,-0.123206,1,-0.287753,0.426197
2.66242,-0.205582,-1,-0.337334,0.426197
2.66267,-0.379729,-1,-0.438092,0.426197
2.66292,-0.549394,-1,-0.521639,0.426197
2.66317,-0.548279,-1,-0.426612,0.426197
2.66342,-0.29313,-1,-0.10347,0.426197
2.66367,0.121867,-1,0.333229,0.426197
2.66392,0.482133,-0.165354,0.67745,0.426197
2.66417,0.609387,1,0.746619,0.426197
2.66442,0.492257,1,0.548978,0.426197
2.66467,0.273133,1,0.23274,0.426197
2.66492,0.111406,1,-0.02016,0.426197
2.66517,0.0490388,1,-0.133752,0.426197
2.66542,-0.00605546,1,-0.206957,0.426197
2.66567,-0.163107,-1,-0.351235,0.426197
2.66592,-0.416403,-1,-0.544793,0.426197
2.66617,-0.619924,-1,-0.667265,0.426197
2.66642,-0.601485,-1,-0.548496,0.426197
2.66667,-0.315905,-1,-0.19208,0.426197
2.66692,0.101682,-1,0.261671,0.426197
2.66717,0.429604,-1,0.593853,0.426197
2.66742,0.527335,1,0.656824,0.426197
2.66767,0.427426,1,0.490982,0.426197
2.66792,0.280088,1,0.265164,0.426197
2.66817,0.204649,1,0.0958824,0.426197
2.66842,0.18483,1,0.0234503,0.426197
2.66867,0.101229,1,-0.0902165,0.426197
2.66892,-0.129753,-1,-0.306598,0.426197
2.66917,-0.447149,-1,-0.575109,0.426197
2.66942,-0.667072,-1,-0.71622,0.426197
2.66967,-0.62703,-1,-0.586028,0.426197
2.66992,-0.324779,-1,-0.219108,0.426197
2.67017,0.0721803,-1,0.213448,0.426197
2.67042,0.353306,-1,0.496488,0.426197
2.67067,0.424403,1,0.533482,0.426197
2.67092,0.356714,1,0.405331,0.426197
2.67117,0.293453,1,0.263414,0.426197
2.67142,0.302889,1,0.19215,0.426197
2.67167,0.313687,1,0.141824,0.426197
2.67192,0.193664,1,0.0115585,0.426197
2.67217,-0.104836,0.251969,-0.27462,0.426197
2.67242,-0.467223,-1,-0.582251,0.426197
2.67267,-0.687005,-1,-0.726701,0.426197
2.67292,-0.625296,-1,-0.563833,0.426197
2.67317,-0.323384,-1,-0.17545,0.426197
2.67342,0.0310882,-1,0.228125,0.426197
2.67367,0.25565,-1,0.468613,0.426197
2.67392,0.306762,0.700787,0.487693,0.426197
2.67417,0.285719,1,0.400978,0.426197
2.67442,0.313381,1,0.342665,0.426197
2.67467,0.40045,1,0.338987,0.426197
2.67492,0.429099,1,0.284316,0.426197
2.67517,0.267854,1,0.0799447,0.426197
2.67542,-0.0858056,1,-0.271571,0.426197
2.67567,-0.472268,-1,-0.631129,0.426197
2.67592,-0.677508,-1,-0.766727,0.426197
2.67617,-0.598245,-1,-0.596464,0.426197
2.67642,-0.316218,-1,-0.218114,0.426197
2.67667,-0.0227111,-1,0.142445,0.426197
2.67692,0.140048,-1,0.33878,0.426197
2.67717,0.181647,-1,0.371544,0.426197
2.67742,0.218818,1,0.358568,0.426197
2.67767,0.33844,1,0.405113,0.426197
2.67792,0.491433,1,0.460439,0.426197
2.67817,0.524664,1,0.403735,0.426197
2.67842,0.322615,1,0.134022,0.426197
2.67867,-0.0697931,1,-0.294388,0.426197
2.67893,-0.458174,-0.480315,-0.668662,0.426197
2.67918,-0.638289,-1,-0.794386,0.426197
2.67943,-0.549831,-1,-0.627662,0.426197
2.67968,-0.307187,-1,-0.279774,0.426197
2.67993,-0.0895862,-1,0.0128673,0.426197
2.68018,0.0121077,-1,0.171858,0.426197
2.68043,0.0553096,-1,0.227644,0.426197
2.68068,0.159538,1,0.314582,0.426197
2.68093,0.366066,1,0.469124,0.426197
2.68118,0.56943,1,0.592592,0.426197
2.68143,0.595742,1,0.530254,0.426197
2.68168,0.357793,1,0.223207,0.426197
2.68193,-0.0534413,1,-0.210077,0.426197
2.68218,-0.422445,1,-0.578328,0.426197
2.68243,-0.571265,-1,-0.683021,0.426197
2.68268,-0.484898,-1,-0.534207,0.426197
2.68293,-0.299837,-1,-0.255881,0.426197
2.68318,-0.167682,-1,-0.0367643,0.426197
2.68343,-0.121249,-1,0.0632982,0.426197
2.68368,-0.065092,-1,0.141639,0.426197
2.68393,0.110166,1,0.296282,0.426197
2.68418,0.39249,1,0.521736,0.426197
2.68443,0.6286,1,0.674408,0.426197
2.68468,0.639457,1,0.590041,0.426197
2.68493,0.374829,1,0.258714,0.426197
2.68518,-0.0325732,1,-0.189425,0.426197
2.68543,-0.364172,1,-0.527025,0.426197
2.68568,-0.479499,-1,-0.602735,0.426197
2.68593,-0.409141,-1,-0.475944,0.426197
2.68618,-0.297114,-1,-0.278477,0.426197
2.68643,-0.253738,-1,-0.151384,0.426197
2.68668,-0.25375,-1,-0.0954519,0.426197
2.68693,-0.173353,-1,0.0143762,0.426197
2.68718,0.0709593,0.188976,0.241387,0.426197
2.68743,0.413555,1,0.538185,0.426197
2.68768,0.663974,1,0.705996,0.426197
2.68793,0.654449,1,0.613978,0.426197
2.68818,0.377082,1,0.257997,0.426197
2.68843,-0.00411924,1,-0.174334,0.426197
2.68868,-0.283516,1,-0.463122,0.426197
2.68893,-0.368246,-0.527559,-0.516547,0.426197
2.68918,-0.328278,-1,-0.421275,0.426197
2.68943,-0.300476,-1,-0.308796,0.426197
2.68968,-0.343664,-1,-0.256738,0.426197
2.68993,-0.377717,-1,-0.222016,0.426197
2.69018,-0.265232,-1,-0.0759896,0.426197
2.69043,0.0412747,-1,0.233203,0.426197
2.69068,0.424456,1,0.57596,0.426197
2.69093,0.672226,1,0.749188,0.426197
2.69118,0.641406,1,0.626715,0.426197
2.69143,0.368174,1,0.264397,0.426197
2.69168,0.0342058,1,-0.147627,0.426197
2.69193,-0.182981,1,-0.386581,0.426197
2.69218,-0.244005,1,-0.44567,0.426197
2.69243,-0.247852,-1,-0.392788,0.426197
2.69268,-0.310176,-1,-0.380732,0.426197
2.69293,-0.431694,-1,-0.404645,0.426197
2.69318,-0.486143,-1,-0.355986,0.426197
2.69343,-0.3373,-1,-0.138434,0.426197
2.69368,0.0192866,-1,0.254626,0.426197
2.69393,0.420843,1,0.63792,0.426197
2.69418,0.651456,1,0.813459,0.426197
2.69443,0.602983,1,0.686023,0.426197
2.69468,0.352296,1,0.340681,0.426197
2.69493,0.0842107,1,-0.00478771,0.426197
2.69518,-0.0668022,1,-0.203533,0.426197
2.69543,-0.113367,1,-0.264862,0.426197
2.69568,-0.172775,-1,-0.30046,0.426197
2.69593,-0.325021,-1,-0.39828,0.426197
2.69618,-0.512208,-1,-0.511524,0.426197
2.69643,-0.573528,-1,-0.498991,0.426197
2.69668,-0.387853,-1,-0.250835,0.426197
2.69693,0.00150183,-1,0.15887,0.426197
2.69718,0.399718,-1,0.546174,0.426197
2.69743,0.601524,1,0.707502,0.426197
2.69768,0.543167,1,0.574358,0.426197
2.69793,0.334008,1,0.27784,0.426197
2.69818,0.145581,1,0.000424165,0.426197
2.69843,0.0600768,1,-0.145957,0.426197
2.69868,0.0162897,1,-0.201244,0.426197
2.69893,-0.106338,-1,-0.29864,0.426197
2.69918,-0.342401,-1,-0.476591,0.426197
2.69943,-0.579149,-1,-0.629396,0.426197
2.69968,-0.635178,-1,-0.584711,0.426197
2.69993,-0.417588,-1,-0.287358,0.426197
2.70018,-0.015421,-1,0.155713,0.426197
2.70043,0.358056,-1,0.530836,0.426197
2.70068,0.524467,1,0.664114,0.426197
2.70093,0.46724,1,0.545527,0.426197
2.70118,0.316978,1,0.30939,0.426197
2.70143,0.216629,1,0.118866,0.426197
2.70168,0.190915,1,0.0322652,0.426197
2.70193,0.137897,1,-0.0498462,0.426197
2.70218,-0.0508894,-0.496063,-0.221789,0.426197
2.70243,-0.359294,-1,-0.492017,0.426197
2.70268,-0.626873,-1,-0.679107,0.426197
2.70293,-0.66823,-1,-0.637584,0.426197
2.70318,-0.428089,-1,-0.321725,0.426197
2.70343,-0.0350892,-1,0.117488,0.426197
2.70369,0.295099,-1,0.453624,0.426197
2.70394,0.424262,0.370079,0.552749,0.426197
2.70419,0.380998,1,0.454376,0.426197
2.70444,0.304177,1,0.299485,0.426197
2.70469,0.294714,1,0.203015,0.426197
2.70494,0.318423,1,0.15787,0.426197
2.70519,0.245987,1,0.0488754,0.426197
2.70544,-0.00736559,1,-0.195013,0.426197
2.70569,-0.371211,-1,-0.517813,0.426197
2.70594,-0.65084,-1,-0.721045,0.426197
2.70619,-0.672013,-1,-0.650472,0.426197
2.70644,-0.422331,-1,-0.309352,0.426197
2.70669,-0.0609284,-1,0.130707,0.426197
2.70694,0.211812,-1,0.429306,0.426197
2.70719,0.305876,-1,0.513023,0.426197
2.70744,0.290667,1,0.443366,0.426197
2.70769,0.29728,1,0.375577,0.426197
2.70794,0.375392,1,0.35108,0.426197
2.70819,0.435887,1,0.306652,0.426197
2.70844,0.335648,1,0.130247,0.426197
2.70869,0.0255894,1,-0.208805,0.426197
2.70894,-0.373909,-1,-0.600994,0.426197
2.70919,-0.64772,-1,-0.816393,0.426197
2.70944,-0.647463,-1,-0.742086,0.426197
2.70969,-0.404888,-1,-0.402839,0.426197
2.70994,-0.0954209,-1,-0.00361757,0.426197
2.71019,0.110158,-1,0.249216,0.426197
2.71044,0.175956,-1,0.328449,0.426197
2.71069,0.201718,1,0.328266,0.426197
2.71094,0.296751,1,0.380238,0.426197
2.71119,0.453405,1,0.459572,0.426197
2.71144,0.536432,1,0.460212,0.426197
2.71169,0.403576,1,0.274787,0.426197
2.71194,0.0495152,1,-0.101455,0.426197
2.71219,-0.363507,1,-0.505489,0.426197
2.71244,-0.616011,-1,-0.713537,0.426197
2.71269,-0.597461,-1,-0.627284,0.426197
2.71294,-0.379693,-1,-0.322865,0.426197
2.71319,-0.139789,-1,0.00841579,0.426197
2.71344,-0.00554081,-1,0.191044,0.426197
2.71369,0.0418866,-1,0.258025,0.426197
2.71394,0.119215,1,0.31315,0.426197
2.71419,0.301716,1,0.438777,0.426197
2.71444,0.523158,1,0.571056,0.426197
2.71469,0.614282,1,0.563692,0.426197
2.71494,0.448998,1,0.315832,0.426197
2.71519,0.0672833,1,-0.0974349,0.426197
2.71544,-0.33622,1,-0.506642,0.426197
2.71569,-0.55623,-1,-0.697092,0.426197
2.71594,-0.526369,-1,-0.606553,0.426197
2.71619,-0.351393,-1,-0.348495,0.426197
2.71644,-0.194452,-1,-0.0987672,0.426197
2.71669,-0.129602,-1,0.035763,0.426197
2.71694,-0.0895414,-1,0.103455,0.426197
2.71719,0.0469243,0.677165,0.221021,0.426197
2.71744,0.30976,1,0.442305,0.426197
2.71769,0.578807,1,0.637128,0.426197
2.71794,0.665488,1,0.635037,0.426197
2.71819,0.471951,1,0.368644,0.426197
2.71844,0.0829634,1,-0.0585205,0.426197
2.71869,-0.289995,1,-0.442903,0.426197
2.71894,-0.470336,-0.503937,-0.592398,0.426197
2.71919,-0.439878,-1,-0.507403,0.426197
2.71944,-0.324147,-1,-0.314863,0.426197
2.71969,-0.257767,-1,-0.155191,0.426197
2.71994,-0.256022,-1,-0.0891739,0.426197
2.72019,-0.211135,-1,-0.0205471,0.426197
2.72044,-0.0131502,-1,0.169795,0.426197
2.72069,0.31768,1,0.460765,0.426197
2.72094,0.615141,1,0.682349,0.426197
2.72119,0.687426,1,0.653679,0.426197
2.72144,0.474345,1,0.349231,0.426197
2.72169,0.100011,1,-0.101975,0.426197
2.72194,-0.224284,1,-0.453008,0.426197
2.72219,-0.362509,1,-0.575818,0.426197
2.72244,-0.343873,-1,-0.495309,0.426197
2.72269,-0.301012,-1,-0.37009,0.426197
2.72294,-0.326784,-1,-0.294056,0.426197
2.72319,-0.377571,-1,-0.238667,0.426197
2.72344,-0.317037,-1,-0.101585,0.426197
2.72369,-0.0600512,-1,0.188624,0.426197
2.72394,0.32173,1,0.554819,0.426197
2.72419,0.627762,1,0.810482,0.424563
2.72444,0.679615,1,0.771522,0.424563
2.72469,0.459863,1,0.454564,0.424563
2.72494,0.12158,1,0.0396498,0.424563
2.72519,-0.139446,1,-0.274171,0.424563
2.72544,-0.238712,1,-0.387464,0.424563
2.72569,-0.244594,-1,-0.380375,0.424563
2.72594,-0.284008,-1,-0.369306,0.424563
2.72619,-0.397616,-1,-0.405121,0.424563
2.72644,-0.487105,-1,-0.416031,0.424563
2.72669,-0.402989,-1,-0.271511,0.424563
2.72694,-0.0942605,-1,0.0607068,0.424563
2.72719,0.317393,-0.897638,0.453314,0.424563
2.72744,0.613912,1,0.71063,0.424563
2.72769,0.643386,1,0.67117,0.424563
2.72794,0.432601,1,0.372824,0.424563
2.72819,0.1507,1,0.0151816,0.424563
2.72845,-0.0382619,1,-0.230462,0.424563
2.7287,-0.104781,1,-0.315797,0.424563
2.72895,-0.148036,-1,-0.328703,0.424563
2.7292,-0.273644,-1,-0.398168,0.424563
2.72945,-0.465133,-1,-0.498873,0.424563
2.7297,-0.578378,-1,-0.518404,0.424563
2.72995,-0.465809,-1,-0.336605,0.424563
2.7302,-0.118298,-1,0.0539423,0.424563
2.73045,0.300917,-1,0.470185,0.424563
2.7307,0.57215,1,0.707179,0.424563
2.73095,0.581893,1,0.651914,0.424563
2.7312,0.397251,1,0.386195,0.424563
2.73145,0.188629,1,0.0825237,0.424563
2.7317,0.0749243,1,-0.093918,0.424563
2.73195,0.0316628,1,-0.167389,0.424563
2.7322,-0.0594585,-0.692913,-0.240839,0.424563
2.73245,-0.269152,-1,-0.402821,0.424563
2.7327,-0.523865,-1,-0.580841,0.424563
2.73295,-0.646123,-1,-0.610008,0.424563
2.7332,-0.504159,-1,-0.392746,0.424563
2.73345,-0.134953,-1,0.0141974,0.424563
2.7337,0.269332,-1,0.427303,0.424563
2.73395,0.503255,0.645669,0.626843,0.424563
2.7342,0.499921,1,0.571391,0.424563
2.73445,0.358681,1,0.344766,0.424563
2.7347,0.235381,1,0.14205,0.424563
2.73495,0.194946,1,0.0343696,0.424563
2.7352,0.163068,1,-0.0297272,0.424563
2.73545,0.017717,1,-0.15945,0.424563
2.7357,-0.268624,-1,-0.396334,0.424563
2.73595,-0.568126,-1,-0.623661,0.424563
2.7362,-0.686183,-1,-0.651954,0.424563
2.73645,-0.519065,-1,-0.391196,0.424563
2.7367,-0.147622,-1,0.0489116,0.424563
2.73695,0.220071,-1,0.442463,0.424563
2.7372,0.409922,-1,0.617058,0.424563
2.73745,0.403096,1,0.559701,0.424563
2.7377,0.321063,1,0.391246,0.424563
2.73795,0.289925,1,0.257043,0.424563
2.7382,0.315519,1,0.175322,0.424563
2.73845,0.283103,1,0.0663209,0.424563
2.7387,0.0809438,1,-0.167738,0.424563
2.73895,-0.268663,-1,-0.500627,0.424563
2.7392,-0.593298,-1,-0.773668,0.424563
2.73945,-0.696542,-1,-0.786777,0.424563
2.7397,-0.512578,-1,-0.502913,0.424563
2.73995,-0.16053,-1,-0.0765469,0.424563
2.7402,0.152688,-1,0.296485,0.424563
2.74045,0.296019,-1,0.456092,0.424563
2.7407,0.297881,1,0.431611,0.424563
2.74095,0.287732,1,0.374753,0.424563
2.7412,0.349258,1,0.359723,0.424563
2.74145,0.42947,1,0.367134,0.424563
2.7417,0.385683,1,0.257399,0.424563
2.74195,0.129192,1,-0.0255733,0.424563
2.7422,-0.265634,0.165354,-0.405383,0.424563
2.74245,-0.595308,-1,-0.699485,0.424563
2.7427,-0.676889,-1,-0.709482,0.424563
2.74295,-0.488202,-1,-0.438605,0.424563
2.7432,-0.176878,-1,-0.0566642,0.424563
2.74345,0.0684235,-1,0.237011,0.424563
2.7437,0.167465,-1,0.338432,0.424563
2.74395,0.190952,1,0.335261,0.424563
2.7442,0.260824,1,0.349019,0.424563
2.74445,0.409702,1,0.408421,0.424563
2.7447,0.530331,1,0.444565,0.424563
2.74495,0.466157,1,0.315411,0.424563
2.7452,0.163689,1,-0.021168,0.424563
2.74545,-0.255578,1,-0.423879,0.424563
2.7457,-0.571303,-1,-0.698057,0.424563
2.74595,-0.629002,-1,-0.68453,0.424563
2.7462,-0.450678,-1,-0.411066,0.424563
2.74645,-0.199271,-1,-0.0700326,0.424563
2.7467,-0.0306842,-1,0.163601,0.424563
2.74695,0.0312751,-1,0.247651,0.424563
2.7472,0.0880099,0.511811,0.288068,0.424563
2.74745,0.241244,1,0.39015,0.424563
2.7477,0.466439,1,0.528135,0.424563
2.74795,0.611698,1,0.577392,0.424563
2.7482,0.5222,1,0.403764,0.424563
2.74845,0.186265,1,0.0154167,0.424563
2.7487,-0.234682,1,-0.415391,0.424563
2.74895,-0.520451,-0.905512,-0.672598,0.424563
2.7492,-0.556302,-1,-0.655678,0.424563
2.74945,-0.404872,-1,-0.418674,0.424563
2.7497,-0.229439,-1,-0.158741,0.424563
2.74995,-0.140272,-1,-0.00639298,0.424563
2.7502,-0.105721,-1,0.0648456,0.424563
2.75045,-0.00562534,-1,0.165224,0.424563
2.7507,0.228009,1,0.359131,0.424563
2.75095,0.514164,1,0.568685,0.424563
2.7512,0.668389,1,0.641219,0.424563
2.75145,0.552655,1,0.434278,0.424563
2.7517,0.199982,1,0.0199383,0.424563
2.75195,-0.199884,1,-0.407202,0.424563
2.7522,-0.44388,1,-0.638793,0.424563
2.75245,-0.463802,-1,-0.601692,0.424563
2.7527,-0.355761,-1,-0.40952,0.424563
2.75295,-0.267594,-1,-0.225663,0.424563
2.75321,-0.254758,-1,-0.11358,0.424563
2.75346,-0.235972,-1,-0.0225973,0.424563
2.75371,-0.0858256,-1,0.155022,0.424563
2.75396,0.219524,1,0.447169,0.424563
2.75421,0.547735,1,0.717808,0.424563
2.75446,0.696925,1,0.778276,0.424563
2.75471,0.558271,1,0.542049,0.424563
2.75496,0.208608,1,0.108962,0.424563
2.75521,-0.149439,1,-0.302451,0.424563
2.75546,-0.34396,1,-0.506517,0.424563
2.75571,-0.357717,-1,-0.499976,0.424563
2.75596,-0.307888,-1,-0.397764,0.424563
2.75621,-0.312526,-1,-0.321036,0.424563
2.75646,-0.368248,-1,-0.291113,0.424563
2.75671,-0.352487,-1,-0.221425,0.424563
2.75696,-0.150747,-1,0.0118686,0.424563
2.75721,0.212972,0.535433,0.361754,0.424563
2.75746,0.562282,1,0.675064,0.424563
2.75771,0.695409,1,0.732225,0.424563
2.75796,0.541857,1,0.499135,0.424563
2.75821,0.215948,1,0.104838,0.424563
2.75846,-0.0822674,1,-0.229266,0.424563
2.75871,-0.225354,1,-0.372689,0.424563
2.75896,-0.244384,-1,-0.360153,0.424563
2.75921,-0.264547,-1,-0.313638,0.424563
2.75946,-0.361856,-1,-0.336542,0.424563
2.75971,-0.473823,-1,-0.363285,0.424563
2.75996,-0.450012,-1,-0.282796,0.424563
2.76021,-0.199316,-1,-0.015669,0.424563
2.76046,0.204327,-1,0.373295,0.424563
2.76071,0.554139,1,0.669968,0.424563
2.76096,0.663956,1,0.701638,0.424563
2.76121,0.507309,1,0.444278,0.424563
2.76146,0.22539,1,0.0689209,0.424563
2.76171,0.000400864,1,-0.223608,0.424563
2.76196,-0.0941862,1,-0.338133,0.424563
2.76221,-0.13075,-0.314961,-0.350186,0.424563
2.76246,-0.228341,-1,-0.39096,0.424563
2.76271,-0.411779,-1,-0.483396,0.424563
2.76296,-0.564788,-1,-0.522227,0.424563
2.76321,-0.524035,-1,-0.390295,0.424563
2.76346,-0.232084,-1,-0.0475957,0.424563
2.76371,0.189904,-1,0.399947,0.424563
2.76396,0.521156,1,0.709215,0.424563
2.76421,0.604604,1,0.72951,0.424563
2.76446,0.459007,1,0.503851,0.424563
2.76471,0.240097,1,0.19483,0.424563
2.76496,0.0957608,1,-0.0248119,0.424563
2.76521,0.043166,1,-0.122814,0.424563
2.76546,-0.0228817,1,-0.182305,0.424563
2.76571,-0.199995,-1,-0.325278,0.424563
2.76596,-0.457782,-1,-0.525535,0.424563
2.76621,-0.635402,-1,-0.619489,0.424563
2.76646,-0.571904,-1,-0.472984,0.424563
2.76671,-0.251682,-1,-0.0833404,0.424563
2.76696,0.166292,-1,0.355045,0.424563
2.76721,0.462325,-1,0.635837,0.424563
2.76746,0.521476,1,0.644345,0.424563
2.76771,0.402452,1,0.448657,0.424563
2.76796,0.261616,1,0.213268,0.424563
2.76821,0.200165,1,0.0582642,0.424563
2.76846,0.179119,1,-0.0322168,0.424563
2.76871,0.074238,1,-0.159238,0.424563
2.76896,-0.179132,-1,-0.389974,0.424563
2.76921,-0.494773,-1,-0.654296,0.424563
2.76946,-0.680702,-1,-0.74841,0.424563
2.76971,-0.593233,-1,-0.561521,0.424563
2.76996,-0.261052,-1,-0.150237,0.424563
2.77021,0.130028,-1,0.287702,0.424563
2.77046,0.378971,-1,0.546475,0.424563
2.77071,0.419302,1,0.561604,0.424563
2.77096,0.342783,1,0.422814,0.424563
2.77121,0.29031,1,0.296055,0.424563
2.77146,0.308072,1,0.225399,0.424563
2.77171,0.306011,1,0.161644,0.424563
2.77196,0.156476,1,-0.013714,0.424563
2.77221,-0.16419,-1,-0.319632,0.424563
2.77246,-0.517795,-1,-0.631693,0.424563
2.77271,-0.697378,-1,-0.737328,0.424563
2.77296,-0.588973,-1,-0.548079,0.424563
2.77321,-0.26382,-1,-0.166837,0.424563
2.77346,0.0794389,-1,0.209326,0.424563
2.77371,0.274316,-1,0.405394,0.424563
2.77396,0.30462,1,0.396908,0.424563
2.77421,0.284769,1,0.323415,0.424563
2.77446,0.325348,1,0.277866,0.424563
2.77471,0.413196,1,0.288276,0.424563
2.77496,0.418,1,0.245733,0.424563
2.77521,0.221219,1,0.0332702,0.424563
2.77546,-0.151949,1,-0.313383,0.424563
2.77571,-0.522556,-1,-0.626975,0.424563
2.77596,-0.68405,-1,-0.713621,0.424563
2.77621,-0.561865,-1,-0.491442,0.424563
2.77646,-0.264371,-1,-0.0980275,0.424563
2.77671,0.0142109,-1,0.245904,0.424563
2.77696,0.1527,-1,0.404003,0.424563
2.77721,0.184468,0.0944882,0.415508,0.424563
2.77746,0.232006,1,0.397188,0.424563
2.77771,0.364307,1,0.438054,0.424563
2.77797,0.509115,1,0.465915,0.424563
2.77822,0.509091,1,0.375249,0.424563
2.77847,0.268239,1,0.0650179,0.424563
2.77872,-0.139077,1,-0.364215,0.424563
2.77897,-0.505314,-1,-0.715298,0.424563
2.77922,-0.64107,-1,-0.791488,0.424563
2.77947,-0.516207,-1,-0.581777,0.424563
2.77972,-0.266182,-1,-0.233044,0.424563
2.77997,-0.0651232,-1,0.043494,0.424563
2.78022,0.0200349,-1,0.172478,0.424563
2.78047,0.0652747,-1,0.23111,0.424563
2.78072,0.187059,1,0.322819,0.424563
2.78097,0.403685,1,0.48635,0.424563
2.78122,0.589699,1,0.590012,0.424563
2.78147,0.575049,1,0.490258,0.424563
2.78172,0.298163,1,0.14667,0.424563
2.78197,-0.122042,1,-0.298063,0.424563
2.78222,-0.464084,1,-0.631083,0.424563
2.78247,-0.570944,-1,-0.690084,0.424563
2.78272,-0.456967,-1,-0.496139,0.424563
2.78297,-0.272117,-1,-0.222444,0.424563
2.78322,-0.155639,-1,-0.0174675,0.424563
2.78347,-0.116397,-1,0.0880583,0.424563
2.78372,-0.0464918,-1,0.175258,0.424563
2.78397,0.15121,1,0.354734,0.424563
2.78422,0.43911,1,0.583141,0.424563
2.78447,0.649037,1,0.713157,0.424563
2.78472,0.613922,1,0.575416,0.424563
2.78497,0.313038,1,0.193786,0.424563
2.78522,-0.0967872,1,-0.255184,0.424563
2.78547,-0.398811,1,-0.559971,0.424563
2.78572,-0.477579,-1,-0.610868,0.424563
2.78597,-0.389703,-1,-0.471824,0.424563
2.78622,-0.284299,-1,-0.284572,0.424563
2.78647,-0.253341,-1,-0.163685,0.424563
2.78672,-0.249749,-1,-0.0947199,0.424563
2.78697,-0.145303,-1,0.0321971,0.424563
2.78722,0.123774,1,0.285845,0.424563
2.78747,0.465735,1,0.580921,0.424563
2.78772,0.682681,1,0.72486,0.424563
2.78797,0.625011,1,0.592828,0.424563
2.78822,0.316622,1,0.218497,0.424563
2.78847,-0.0605253,1,-0.197482,0.424563
2.78872,-0.310345,1,-0.439141,0.424563
2.78897,-0.366615,-1,-0.467178,0.424563
2.78922,-0.319778,-1,-0.363297,0.424563
2.78947,-0.303185,-1,-0.26757,0.424563
2.78972,-0.353324,-1,-0.234129,0.424563
2.78997,-0.37257,-1,-0.205403,0.424563
2.79022,-0.227725,-1,-0.0372413,0.424563
2.79047,0.103248,-1,0.272867,0.424563
2.79072,0.479016,1,0.591911,0.424563
2.79097,0.68759,1,0.718898,0.424563
2.79122,0.609985,1,0.541017,0.424563
2.79147,0.312652,1,0.145956,0.424563
2.79172,-0.0118817,1,-0.243042,0.424563
2.79197,-0.20205,1,-0.456068,0.424563
2.79222,-0.244792,0.15748,-0.473009,0.424563
2.79247,-0.252096,-1,-0.415042,0.424563
2.79272,-0.327883,-1,-0.395805,0.424563
2.79297,-0.449408,-1,-0.407977,0.424563
2.79322,-0.478134,-1,-0.338977,0.424563
2.79347,-0.291203,-1,-0.0780509,0.424563
2.79372,0.0869457,-1,0.318179,0.424563
2.79397,0.47465,1,0.69289,0.424563
2.79422,0.662693,1,0.822216,0.424563
2.79447,0.571812,1,0.645237,0.424563
2.79472,0.305135,1,0.274358,0.424563
2.79497,0.0502994,1,-0.059566,0.424563
2.79522,-0.0789386,1,-0.235475,0.424563
2.79547,-0.118728,1,-0.284796,0.424563
2.79572,-0.190738,-1,-0.32675,0.424563
2.79597,-0.356407,-1,-0.437956,0.424563
2.79622,-0.535212,-1,-0.539415,0.424563
2.79647,-0.561464,-1,-0.485756,0.424563
2.79672,-0.334881,-1,-0.188055,0.424563
2.79697,0.0713431,-1,0.242954,0.424563
2.79722,0.449632,-0.913386,0.606595,0.424563
2.79747,0.60864,1,0.71891,0.424563
2.79772,0.514942,1,0.559531,0.424563
2.79797,0.29834,1,0.253825,0.424563
2.79822,0.124803,1,-0.00966523,0.424563
2.79847,0.0534159,1,-0.141935,0.424563
2.79872,0.00445314,1,-0.207691,0.424563
2.79897,-0.138057,-1,-0.334288,0.424563
2.79922,-0.385387,-1,-0.524578,0.424563
2.79947,-0.60478,-1,-0.65618,0.424563
2.79972,-0.618511,-1,-0.57219,0.424563
2.79997,-0.360225,-1,-0.236761,0.424563
2.80022,0.0527798,-1,0.218848,0.424563
2.80047,0.401732,-1,0.562417,0.424563
2.80072,0.528181,1,0.660857,0.424563
2.80097,0.444733,1,0.5141,0.424563
2.80122,0.294946,1,0.286481,0.424563
2.80147,0.208956,1,0.112488,0.424563
2.80172,0.187839,1,0.0258827,0.424563
2.80197,0.118158,1,-0.0646999,0.424563
2.80222,-0.0954071,-1,-0.264639,0.424563
2.80247,-0.410814,-1,-0.534357,0.424563
2.80273,-0.652606,-1,-0.696656,0.424563
2.80298,-0.647142,-1,-0.611338,0.424563
2.80323,-0.369588,-1,-0.269249,0.424563
2.80348,0.0279666,-1,0.160525,0.424563
2.80373,0.330926,-1,0.470796,0.424563
2.80398,0.425911,1,0.534871,0.424563
2.80423,0.367091,1,0.413858,0.424563
2.80448,0.297156,1,0.265388,0.424563
2.80473,0.299201,1,0.188502,0.424563
2.80498,0.31683,1,0.149752,0.424563
2.80523,0.217577,1,0.0363804,0.424563
2.80548,-0.0628066,1,-0.225486,0.424563
2.80573,-0.427925,-1,-0.539463,0.424563
2.80598,-0.67452,-1,-0.709427,0.424563
2.80623,-0.647479,-1,-0.579339,0.424563
2.80648,-0.365923,-1,-0.202323,0.424563
2.80673,-0.00647952,-1,0.218531,0.424563
2.80698,0.239019,-1,0.487287,0.424563
2.80723,0.307292,-0.330709,0.534207,0.424563
2.80748,0.287426,1,0.447055,0.424563
2.80773,0.305839,1,0.373743,0.424563
2.80798,0.390191,1,0.347435,0.424563
2.80823,0.433739,1,0.286876,0.424563
2.80848,0.298615,1,0.0900076,0.424563
2.80873,-0.0382482,1,-0.275869,0.424563
2.80898,-0.432308,-1,-0.656165,0.424563
2.80923,-0.667808,-1,-0.830573,0.424563
2.80948,-0.62129,-1,-0.695788,0.424563
2.80973,-0.353889,-1,-0.332355,0.424563
2.80998,-0.052186,-1,0.0510324,0.424563
2.81023,0.128829,-1,0.281726,0.424563
2.81048,0.179212,-1,0.346099,0.424563
2.81073,0.210809,1,0.350461,0.424563
2.81098,0.320314,1,0.409095,0.424563
2.81123,0.476357,1,0.483605,0.424563
2.81148,0.531969,1,0.453064,0.424563
2.81173,0.358842,1,0.222028,0.424563
2.81198,-0.0192703,1,-0.187154,0.424563
2.81223,-0.420197,0.267717,-0.573141,0.424563
2.81248,-0.631658,-1,-0.740506,0.424563
2.81273,-0.571719,-1,-0.611109,0.424563
2.81298,-0.337622,-1,-0.289835,0.424563
2.81323,-0.109518,-1,0.00885107,0.424563
2.81348,0.00545259,-1,0.179278,0.424563
2.81373,0.0492368,-1,0.233608,0.424563
2.81398,0.141424,1,0.301047,0.424563
2.81423,0.338712,1,0.436777,0.424563
2.81448,0.551475,1,0.566276,0.424563
2.81473,0.606165,1,0.530633,0.424563
2.81498,0.398184,1,0.256482,0.424563
2.81523,-0.00272328,1,-0.173866,0.424563
2.81548,-0.388219,1,-0.550337,0.424563
2.81573,-0.567334,-1,-0.694252,0.424563
2.81598,-0.503632,-1,-0.564446,0.424563
2.81623,-0.321094,-1,-0.292339,0.424563
2.81648,-0.177964,-1,-0.057728,0.424563
2.81673,-0.124777,-1,0.0646051,0.424563
2.81698,-0.0764506,-1,0.129964,0.424563
2.81723,0.0822746,1,0.2772,0.424563
2.81748,0.357801,1,0.495757,0.424563
2.81773,0.609697,1,0.67167,0.424563
2.81798,0.653233,1,0.619465,0.424563
2.81823,0.41755,1,0.311209,0.424563
2.81848,0.0155735,1,-0.134559,0.424563
2.81873,-0.334922,1,-0.489587,0.424563
2.81898,-0.477706,-1,-0.607316,0.424563
2.81923,-0.422626,-1,-0.487682,0.424563
2.81948,-0.307799,-1,-0.295819,0.424563
2.81973,-0.25489,-1,-0.153259,0.424563
2.81998,-0.255232,-1,-0.0938167,0.424563
2.82023,-0.191055,-1,-0.0156114,0.424563
2.82048,0.034308,-0.755906,0.200646,0.424563
2.82073,0.373702,1,0.485483,0.424563
2.82098,0.645931,1,0.686645,0.424563
2.82123,0.671155,1,0.61912,0.424563
2.82148,0.419356,1,0.273248,0.424563
2.82173,0.0388978,1,-0.16787,0.424563
2.82198,-0.260525,1,-0.485238,0.424563
2.82223,-0.367324,0.535433,-0.560208,0.424563
2.82248,-0.334833,-1,-0.47728,0.424563
2.82273,-0.299893,-1,-0.350265,0.424563
2.82298,-0.336403,-1,-0.282117,0.424563
2.82323,-0.378872,-1,-0.231394,0.424563
2.82348,-0.28907,-1,-0.0747351,0.424563
2.82373,-0.00245586,-1,0.23519,0.424563
2.82398,0.382254,1,0.596623,0.424563
2.82423,0.656171,1,0.813018,0.424138
2.82448,0.660096,1,0.72667,0.424138
2.82473,0.407643,1,0.376695,0.424138
2.82498,0.0699414,1,-0.0474033,0.424138
2.82523,-0.166339,1,-0.325631,0.424138
2.82548,-0.242524,1,-0.412333,0.424138
2.82573,-0.245937,-1,-0.386973,0.424138
2.82598,-0.298383,-1,-0.387013,0.424138
2.82623,-0.417859,-1,-0.42889,0.424138
2.82648,-0.488388,-1,-0.411782,0.424138
2.82673,-0.367185,-1,-0.222553,0.424138
2.82698,-0.0293025,-1,0.144701,0.424138
2.82723,0.378834,0.11811,0.543213,0.424138
2.82749,0.63841,1,0.760662,0.424138
2.82774,0.622222,1,0.667462,0.424138
2.82799,0.386457,1,0.350282,0.424138
2.82824,0.111058,1,0.00158612,0.424138
2.82849,-0.0558899,1,-0.209207,0.424138
2.82874,-0.109781,1,-0.274592,0.424138
2.82899,-0.161292,-1,-0.301646,0.424138
2.82924,-0.302788,-1,-0.388006,0.424138
2.82949,-0.493321,-1,-0.490857,0.424138
2.82974,-0.577974,-1,-0.492674,0.424138
2.82999,-0.423052,-1,-0.271714,0.424138
2.83024,-0.0493534,-1,0.127561,0.424138
2.83049,0.359696,-1,0.52109,0.424138
2.83074,0.591816,1,0.705373,0.424138
2.83099,0.561192,1,0.605494,0.424138
2.83124,0.360574,1,0.313576,0.424138
2.83149,0.162632,1,0.021728,0.424138
2.83174,0.0656546,1,-0.136233,0.424138
2.83199,0.0234344,1,-0.201016,0.424138
2.83224,-0.0853415,-1,-0.28707,0.424138
2.83249,-0.311351,-1,-0.458165,0.424138
2.83274,-0.557347,-1,-0.611515,0.424138
2.83299,-0.642522,-1,-0.608769,0.424138
2.83324,-0.456137,-1,-0.342058,0.424138
2.83349,-0.0657614,-1,0.0963756,0.424138
2.83374,0.3226,-1,0.482706,0.424138
2.83399,0.517888,1,0.654421,0.424138
2.83424,0.482126,1,0.553663,0.424138
2.83449,0.3341,1,0.329436,0.424138
2.83474,0.22362,1,0.131525,0.424138
2.83499,0.192672,1,0.0356827,0.424138
2.83524,0.149798,1,-0.0300473,0.424138
2.83549,-0.0206111,0.543307,-0.186505,0.424138
2.83574,-0.32113,-1,-0.446173,0.424138
2.83599,-0.604192,-1,-0.647726,0.424138
2.83624,-0.67867,-1,-0.631715,0.424138
2.83649,-0.468195,-1,-0.338574,0.424138
2.83674,-0.0819955,-1,0.105522,0.424138
2.83699,0.265454,-1,0.470003,0.424138
2.83724,0.420102,-0.787402,0.599223,0.424138
2.83749,0.390798,1,0.517153,0.424138
2.83774,0.310563,1,0.346706,0.424138
2.83799,0.292116,1,0.227605,0.424138
2.83824,0.317882,1,0.157499,0.424138
2.83849,0.263431,1,0.0372627,0.424138
2.83874,0.031317,1,-0.211189,0.424138
2.83899,-0.328472,-1,-0.550835,0.424138
2.83924,-0.629006,-1,-0.788186,0.424138
2.83949,-0.685173,-1,-0.750871,0.424138
2.83974,-0.461808,-1,-0.425192,0.424138
2.83999,-0.102227,-1,0.0118297,0.424138
2.84024,0.188599,-1,0.355985,0.424138
2.84049,0.302997,-1,0.477178,0.424138
2.84074,0.293508,1,0.440746,0.424138
2.84099,0.292448,1,0.382106,0.424138
2.84124,0.364308,1,0.373979,0.424138
2.84149,0.434618,1,0.361534,0.424138
2.84174,0.358892,1,0.214596,0.424138
2.84199,0.0703192,1,-0.0983803,0.424138
2.84224,-0.329193,-1,-0.488545,0.424138
2.84249,-0.628308,-1,-0.751278,0.424138
2.84274,-0.662447,-1,-0.713957,0.424138
2.84299,-0.440768,-1,-0.408639,0.424138
2.84324,-0.128831,-1,-0.0418853,0.424138
2.84349,0.0940914,-1,0.212718,0.424138
2.84374,0.172961,-1,0.294923,0.424138
2.84399,0.196522,1,0.288081,0.424138
2.84424,0.280805,1,0.308986,0.424138
2.84449,0.43546,1,0.39214,0.424138
2.84474,0.535889,1,0.418425,0.424138
2.84499,0.432287,1,0.261109,0.424138
2.84524,0.0985643,1,-0.0875223,0.424138
2.84549,-0.31941,1,-0.480854,0.424138
2.84574,-0.599887,-1,-0.706773,0.424138
2.84599,-0.612932,-1,-0.629731,0.424138
2.84624,-0.410078,-1,-0.328684,0.424138
2.84649,-0.163791,-1,0.00821894,0.424138
2.84674,-0.0150906,-1,0.225293,0.424138
2.84699,0.0372746,-1,0.291438,0.424138
2.84724,0.104945,1,0.328544,0.424138
2.84749,0.275571,1,0.433389,0.424138
2.84774,0.500299,1,0.562775,0.424138
2.84799,0.615649,1,0.57172,0.424138
2.84824,0.482128,1,0.359548,0.424138
2.84849,0.118139,1,-0.0582247,0.424138
2.84874,-0.295112,1,-0.48542,0.424138
2.84899,-0.543623,-1,-0.703846,0.424138
2.84924,-0.540629,-1,-0.646397,0.424138
2.84949,-0.37396,-1,-0.388269,0.424138
2.84974,-0.208185,-1,-0.133068,0.424138
2.84999,-0.133773,-1,0.00204851,0.424138
2.85024,-0.0971995,-1,0.0783066,0.424138
2.85049,0.0233045,-0.574803,0.194415,0.424138
2.85074,0.274971,1,0.404669,0.424138
2.85099,0.553155,1,0.614971,0.424138
2.85124,0.669507,1,0.637588,0.424138
2.85149,0.50817,1,0.396211,0.424138
2.85174,0.132367,1,-0.035883,0.424138
2.85199,-0.253867,1,-0.442841,0.424138
2.85225,-0.461418,0.748031,-0.633374,0.424138
2.8525,-0.450877,-1,-0.570967,0.424138
2.85275,-0.337073,-1,-0.36903,0.424138
2.853,-0.261101,-1,-0.196041,0.424138
2.85325,-0.255702,-1,-0.101682,0.424138
2.8535,-0.223135,-1,-0.0109351,0.424138
2.85375,-0.0452816,-1,0.188417,0.424138
2.854,0.276356,1,0.481407,0.424138
2.85425,0.588796,1,0.739979,0.424138
2.8545,0.694338,1,0.748736,0.424138
2.85475,0.511621,1,0.468706,0.424138
2.855,0.145473,1,0.0218171,0.424138
2.85525,-0.194596,1,-0.358813,0.424138
2.8555,-0.356427,1,-0.528476,0.424138
2.85575,-0.350174,-1,-0.495418,0.424138
2.856,-0.303184,-1,-0.384641,0.424138
2.85625,-0.32031,-1,-0.326467,0.424138
2.8565,-0.374543,-1,-0.291457,0.424138
2.85675,-0.333887,-1,-0.180184,0.424138
2.857,-0.0997424,-1,0.0757837,0.424138
2.85725,0.276365,1,0.441968,0.424138
2.8575,0.60258,1,0.732485,0.424138
2.85775,0.689049,1,0.746227,0.424138
2.858,0.495906,1,0.464033,0.424138
2.85825,0.160635,1,0.0628458,0.424138
2.8585,-0.11704,1,-0.245835,0.424138
2.85875,-0.233955,1,-0.361704,0.424138
2.859,-0.244343,-1,-0.343462,0.424138
2.85925,-0.274911,-1,-0.310722,0.424138
2.8595,-0.382532,-1,-0.350969,0.424138
2.85975,-0.483154,-1,-0.369202,0.424138
2.86,-0.42508,-1,-0.258627,0.424138
2.86025,-0.139966,-1,0.0381991,0.424138
2.8605,0.270638,-1,0.432196,0.424138
2.86075,0.591253,1,0.699406,0.424138
2.861,0.65465,1,0.676017,0.424138
2.86125,0.465,1,0.388899,0.424138
2.8615,0.181308,1,0.0153101,0.424138
2.86175,-0.0233309,1,-0.256412,0.424138
2.862,-0.100808,1,-0.345933,0.424138
2.86225,-0.139962,-1,-0.364939,0.424138
2.8625,-0.253707,-1,-0.417274,0.424138
2.86275,-0.443158,-1,-0.51157,0.424138
2.863,-0.574856,-1,-0.537143,0.424138
2.86325,-0.492809,-1,-0.368003,0.424138
2.8635,-0.167245,-1,0.00740001,0.424138
2.86375,0.255404,-1,0.437679,0.424138
2.864,0.553274,1,0.711628,0.424138
2.86425,0.593647,1,0.693886,0.424138
2.8645,0.423678,1,0.436019,0.424138
2.86475,0.209347,1,0.129676,0.424138
2.865,0.0828166,1,-0.0606682,0.424138
2.86525,0.0367429,1,-0.13565,0.424138
2.8655,-0.04282,0.677165,-0.212245,0.424138
2.86575,-0.239317,-1,-0.362541,0.424138
2.866,-0.497075,-1,-0.557633,0.424138
2.86625,-0.644117,-1,-0.614822,0.424138
2.8665,-0.535152,-1,-0.413105,0.424138
2.86675,-0.184763,-1,-0.00776277,0.424138
2.867,0.227463,-1,0.42389,0.424138
2.86725,0.488461,-0.582677,0.666854,0.424138
2.8675,0.510571,1,0.630304,0.424138
2.86775,0.377048,1,0.416756,0.424138
2.868,0.245468,1,0.189896,0.424138
2.86825,0.196948,1,0.0455503,0.424138
2.8685,0.170907,1,-0.0369804,0.424138
2.86875,0.0430507,1,-0.1858,0.424138
2.869,-0.230402,-1,-0.435463,0.424138
2.86925,-0.538897,-1,-0.67813,0.424138
2.8695,-0.686709,-1,-0.739467,0.424138
2.86975,-0.552569,-1,-0.506817,0.424138
2.87,-0.195758,-1,-0.0698967,0.424138
2.87025,0.183832,-1,0.354573,0.424138
2.8705,0.39888,-1,0.570322,0.424138
2.87075,0.410854,1,0.548862,0.424138
2.871,0.329722,1,0.413261,0.424138
2.87125,0.289349,1,0.284541,0.424138
2.8715,0.312656,1,0.225504,0.424138
2.87175,0.294384,1,0.141373,0.424138
2.872,0.114417,1,-0.067374,0.424138
2.87225,-0.224588,-1,-0.400268,0.424138
2.8725,-0.563431,-1,-0.685713,0.424138
2.87275,-0.699817,-1,-0.747965,0.424138
2.873,-0.546677,-1,-0.518992,0.424138
2.87325,-0.203862,-1,-0.104226,0.424138
2.8735,0.123501,-1,0.254472,0.424138
2.87375,0.288504,-1,0.420267,0.424138
2.874,0.300984,1,0.399617,0.424138
2.87425,0.285716,1,0.32325,0.424138
2.8745,0.338851,1,0.30854,0.424138
2.87475,0.423555,1,0.311595,0.424138
2.875,0.401415,1,0.236004,0.424138
2.87525,0.169582,1,-0.0148789,0.424138
2.8755,-0.21809,1,-0.381842,0.424138
2.87575,-0.56694,-1,-0.672218,0.424138
2.876,-0.682716,-1,-0.70706,0.424138
2.87625,-0.520693,-1,-0.447508,0.424138
2.8765,-0.213211,-1,-0.0436144,0.424138
2.87675,0.0471176,-1,0.277488,0.424138
2.87701,0.162186,-1,0.408965,0.424138
2.87726,0.187846,1,0.41432,0.424138
2.87751,0.247764,1,0.410365,0.424138
2.87776,0.390531,1,0.453367,0.424138
2.87801,0.52305,1,0.488899,0.424138
2.87826,0.486608,1,0.368225,0.424138
2.87851,0.209173,1,0.0356007,0.424138
2.87876,-0.207047,1,-0.389399,0.424138
2.87901,-0.545974,-1,-0.702021,0.424138
2.87926,-0.636563,-1,-0.734092,0.424138
2.87951,-0.479221,-1,-0.489556,0.424138
2.87976,-0.226734,-1,-0.151467,0.424138
2.88001,-0.0439607,-1,0.101443,0.424138
2.88026,0.0266337,-1,0.195518,0.424138
2.88051,0.077496,-0.826772,0.247588,0.424138
2.88076,0.217419,1,0.346379,0.424138
2.88101,0.440443,1,0.493645,0.424138
2.88126,0.604634,1,0.569519,0.424138
2.88151,0.547051,1,0.422948,0.424138
2.88176,0.234541,1,0.0500515,0.424138
2.88201,-0.188282,1,-0.388967,0.424138
2.88226,-0.499206,0.149606,-0.679234,0.424138
2.88251,-0.564522,-1,-0.692404,0.424138
2.88276,-0.427218,-1,-0.480657,0.424138
2.88301,-0.246558,-1,-0.200874,0.424138
2.88326,-0.146007,-1,-0.00527345,0.424138
2.88351,-0.110711,-1,0.0822764,0.424138
2.88376,-0.0242202,-1,0.185006,0.424138
2.88401,0.194835,1,0.380645,0.424138
2.88426,0.483503,1,0.60479,0.424138
2.88451,0.662853,1,0.701819,0.424138
2.88476,0.581008,1,0.529708,0.424138
2.88501,0.248246,1,0.12195,0.424138
2.88526,-0.157792,1,-0.321243,0.424138
2.88551,-0.4272,1,-0.592733,0.424138
2.88576,-0.471074,-1,-0.608527,0.424138
2.88601,-0.369957,-1,-0.441154,0.424138
2.88626,-0.273773,-1,-0.257185,0.424138
2.88651,-0.253997,-1,-0.148816,0.424138
2.88676,-0.24296,-1,-0.0750967,0.424138
2.88701,-0.112553,-1,0.0771422,0.424138
2.88726,0.178609,1,0.363215,0.424138
2.88751,0.514728,1,0.650117,0.424138
2.88776,0.693784,1,0.74373,0.424138
2.88801,0.58871,1,0.554224,0.424138
2.88826,0.254521,1,0.149559,0.424138
2.88851,-0.113636,1,-0.254127,0.424138
2.88876,-0.331734,1,-0.469664,0.424138
2.88901,-0.362181,-1,-0.472273,0.424138
2.88926,-0.31243,-1,-0.366679,0.424138
2.88951,-0.307913,-1,-0.286484,0.424138
2.88976,-0.362437,-1,-0.250352,0.424138
2.89001,-0.362867,-1,-0.196856,0.424138
2.89026,-0.184937,-1,-0.000589631,0.424138
2.89051,0.166387,-0.417323,0.327793,0.424138
2.89076,0.529163,1,0.637876,0.424138
2.89101,0.695016,1,0.729353,0.424138
2.89126,0.572511,1,0.508761,0.424138
2.89151,0.256679,1,0.114292,0.424138
2.89176,-0.0541668,1,-0.256951,0.424138
2.89201,-0.216946,1,-0.429509,0.424138
2.89226,-0.244683,-1,-0.433466,0.424138
2.89251,-0.258508,-1,-0.379389,0.424138
2.89276,-0.347158,-1,-0.38489,0.424138
2.89301,-0.464667,-1,-0.408814,0.424138
2.89326,-0.464119,-1,-0.323455,0.424138
2.89351,-0.239816,-1,-0.0670162,0.424138
2.89376,0.155112,-1,0.332041,0.424138
2.89401,0.522912,1,0.665452,0.424138
2.89426,0.666194,1,0.741251,0.424138
2.89451,0.536033,1,0.524653,0.424138
2.89476,0.25861,1,0.155077,0.424138
2.89501,0.0200358,1,-0.144586,0.424138
2.89526,-0.088531,1,-0.281336,0.424138
2.89551,-0.125076,0.976378,-0.305336,0.424138
2.89576,-0.211516,-1,-0.351957,0.424138
2.89601,-0.388479,-1,-0.446148,0.424138
2.89626,-0.55407,-1,-0.516894,0.424138
2.89651,-0.542368,-1,-0.408222,0.424138
2.89676,-0.277011,-1,-0.079353,0.424138
2.89701,0.140597,-1,0.368182,0.424138
2.89726,0.493431,0.370079,0.706022,0.424138
2.89751,0.608746,1,0.770113,0.424138
2.89776,0.483581,1,0.557145,0.424138
2.89801,0.263932,1,0.235067,0.424138
2.89826,0.106852,1,-0.0097184,0.424138
2.89851,0.0474257,1,-0.122404,0.424138
2.89876,-0.0102067,1,-0.193624,0.424138
2.89901,-0.172891,-1,-0.333524,0.424138
2.89926,-0.427759,-1,-0.534684,0.424138
2.89951,-0.624764,-1,-0.65538,0.424138
2.89976,-0.594314,-1,-0.539885,0.424138
2.90001,-0.298732,-1,-0.175359,0.424138
2.90026,0.119331,-1,0.279821,0.424138
2.90051,0.439174,-1,0.594373,0.424138
2.90076,0.526082,1,0.643798,0.424138
2.90101,0.420713,1,0.477544,0.424138
2.90126,0.274823,1,0.245276,0.424138
2.90152,0.203265,1,0.0817852,0.424138
2.90177,0.183458,1,0.00164586,0.424138
2.90202,0.0942325,1,-0.108123,0.424138
2.90227,-0.142979,-1,-0.32808,0.424138
2.90252,-0.460415,-1,-0.584425,0.424138
2.90277,-0.671512,-1,-0.714933,0.424138
2.90302,-0.618582,-1,-0.577045,0.424138
2.90327,-0.307632,-1,-0.192398,0.424138
2.90352,0.088303,-1,0.24127,0.424138
2.90377,0.360893,-1,0.51789,0.424138
2.90402,0.42351,1,0.543243,0.424138
2.90427,0.352871,1,0.415466,0.424138
2.90452,0.292372,1,0.269591,0.424138
2.90477,0.304296,1,0.201775,0.424138
2.90502,0.311839,1,0.142822,0.424138
2.90527,0.184022,1,0.000814164,0.424138
2.90552,-0.120852,-0.181102,-0.288485,0.424138
2.90577,-0.481422,-1,-0.599253,0.424138
2.90602,-0.690621,-1,-0.733109,0.424138
2.90627,-0.616035,-1,-0.565921,0.424138
2.90652,-0.307253,-1,-0.177752,0.424138
2.90677,0.0446599,-1,0.215968,0.424138
2.90702,0.261222,-1,0.441149,0.424138
2.90727,0.306499,1,0.463685,0.424138
2.90752,0.285296,1,0.378894,0.424138
2.90777,0.316464,1,0.327889,0.424138
2.90802,0.404089,1,0.320553,0.424138
2.90827,0.426502,1,0.279947,0.424138
2.90852,0.255667,1,0.0776543,0.424138
2.90877,-0.103768,1,-0.272611,0.424138
2.90902,-0.486331,-1,-0.610689,0.424138
2.90927,-0.680081,-1,-0.733597,0.424138
2.90952,-0.588906,-1,-0.554665,0.424138
2.90977,-0.302075,-1,-0.174952,0.424138
2.91002,-0.012479,-1,0.17701,0.424138
2.91027,0.143939,-1,0.356686,0.424138
2.91052,0.182193,-1,0.382393,0.424138
2.91077,0.222164,1,0.361924,0.424138
2.91102,0.345389,1,0.40364,0.424138
2.91127,0.496642,1,0.45714,0.424138
2.91152,0.521071,1,0.376296,0.424138
2.91177,0.308303,1,0.090562,0.424138
2.91202,-0.0887202,1,-0.331708,0.424138
2.91227,-0.47162,-0.944882,-0.705989,0.424138
2.91252,-0.639831,-1,-0.815528,0.424138
2.91277,-0.541058,-1,-0.624337,0.424138
2.91302,-0.2959,-1,-0.284297,0.424138
2.91327,-0.0825757,-1,0.0106105,0.424138
2.91352,0.0145571,-1,0.163128,0.424138
2.91377,0.0578379,-1,0.216818,0.424138
2.91402,0.166745,1,0.306657,0.424138
2.91427,0.376333,1,0.463889,0.424138
2.91452,0.575322,1,0.585131,0.424138
2.91477,0.590828,1,0.527571,0.424138
2.91502,0.341992,1,0.207805,0.424138
2.91527,-0.0722912,1,-0.225326,0.424138
2.91552,-0.434374,1,-0.576874,0.424138
2.91577,-0.571817,-1,-0.673717,0.424138
2.91602,-0.477522,-1,-0.51954,0.424138
2.91627,-0.292099,-1,-0.23955,0.424138
2.91652,-0.164177,-1,-0.0271008,0.424138
2.91677,-0.119961,-1,0.0776818,0.424138
2.91702,-0.0603641,-1,0.153631,0.424138
2.91727,0.121055,1,0.307385,0.424138
2.91752,0.405337,1,0.531787,0.424138
2.91777,0.634694,1,0.679712,0.424138
2.91802,0.633248,1,0.588246,0.424138
2.91827,0.358348,1,0.23317,0.424138
2.91852,-0.0503235,1,-0.20922,0.424138
2.91877,-0.373992,1,-0.543065,0.424138
2.91902,-0.479474,-1,-0.608236,0.424138
2.91927,-0.403858,-1,-0.476929,0.424138
2.91952,-0.293401,-1,-0.284728,0.424138
2.91977,-0.253554,-1,-0.152464,0.424138
2.92002,-0.25289,-1,-0.0928269,0.424138
2.92027,-0.166411,-1,0.0239186,0.424138
2.92052,0.0850922,0.559055,0.258511,0.424138
2.92077,0.427772,1,0.550397,0.424138
2.92102,0.6698,1,0.722882,0.424138
2.92127,0.647175,1,0.610096,0.424138
2.92152,0.360851,1,0.251921,0.424138
2.92177,-0.0198421,1,-0.176762,0.424138
2.92202,-0.291378,1,-0.448244,0.424138
2.92227,-0.368128,-1,-0.497137,0.424138
2.92252,-0.325896,-1,-0.394436,0.424138
2.92277,-0.300997,-1,-0.291037,0.424138
2.92302,-0.346195,-1,-0.250063,0.424138
2.92327,-0.376727,-1,-0.219699,0.424138
2.92352,-0.255544,-1,-0.0803068,0.424138
2.92377,0.0579733,-1,0.218632,0.424138
2.92402,0.439588,1,0.560978,0.424138
2.92427,0.677189,1,0.718448,0.42378
2.92452,0.633488,1,0.583173,0.42378
2.92477,0.353166,1,0.210229,0.42378
2.92502,0.0213473,1,-0.181373,0.42378
2.92527,-0.188618,1,-0.419525,0.42378
2.92552,-0.244358,1,-0.454798,0.42378
2.92577,-0.248822,-1,-0.398858,0.42378
2.92602,-0.314773,-1,-0.371733,0.42378
2.92628,-0.436711,-1,-0.389178,0.42378
2.92653,-0.484527,-1,-0.32798,0.42378
2.92678,-0.325299,-1,-0.0955885,0.42378
2.92703,0.0376816,-1,0.294237,0.42378
2.92728,0.436007,1,0.681496,0.42378
2.92753,0.655291,1,0.846573,0.42378
2.92778,0.595017,1,0.697506,0.42378
2.92803,0.339448,1,0.335798,0.42378
2.92828,0.0746326,1,-0.0215171,0.42378
2.92853,-0.0704,1,-0.213529,0.42378
2.92878,-0.114775,1,-0.279092,0.42378
2.92903,-0.177232,-1,-0.322314,0.42378
2.92928,-0.333386,-1,-0.432175,0.42378
2.92953,-0.518885,-1,-0.536156,0.42378
2.92978,-0.570923,-1,-0.509274,0.42378
2.93003,-0.374182,-1,-0.250068,0.42378
2.93028,0.020405,-1,0.171721,0.42378
2.93053,0.413679,-1,0.557094,0.42378
2.93078,0.604179,1,0.706742,0.42378
2.93103,0.535855,1,0.577122,0.42378
2.93128,0.324293,1,0.277648,0.42378
2.93153,0.139609,1,0.00354327,0.42378
2.93178,0.0581492,1,-0.129124,0.42378
2.93203,0.0132966,1,-0.188811,0.42378
2.93228,-0.114669,-1,-0.294353,0.42378
2.93253,-0.354123,-1,-0.482115,0.42378
2.93278,-0.586645,-1,-0.629967,0.42378
2.93303,-0.631386,-1,-0.575381,0.42378
2.93328,-0.402436,-1,-0.276468,0.42378
2.93353,0.0031468,-1,0.172418,0.42378
2.93378,0.370555,-1,0.535936,0.42378
2.93403,0.52609,1,0.656207,0.42378
2.93428,0.461329,1,0.528612,0.42378
2.93453,0.310869,1,0.295711,0.42378
2.93478,0.214316,1,0.105456,0.42378
2.93503,0.190157,1,0.019646,0.42378
2.93528,0.132904,1,-0.05868,0.42378
2.93553,-0.0626514,-0.889764,-0.242481,0.42378
2.93578,-0.373464,-1,-0.506319,0.42378
2.93603,-0.634524,-1,-0.680531,0.42378
2.93628,-0.66325,-1,-0.623456,0.42378
2.93653,-0.41266,-1,-0.308883,0.42378
2.93678,-0.0176896,-1,0.122204,0.42378
2.93703,0.305439,-1,0.451617,0.42378
2.93728,0.425175,1,0.542899,0.42378
2.93753,0.377222,1,0.435205,0.42378
2.93778,0.302048,1,0.275654,0.42378
2.93803,0.295837,1,0.189209,0.42378
2.93828,0.318262,1,0.159193,0.42378
2.93853,0.238747,1,0.0543334,0.42378
2.93878,-0.0221005,1,-0.187443,0.42378
2.93903,-0.386924,-1,-0.501035,0.42378
2.93928,-0.657956,-1,-0.69166,0.42378
2.93953,-0.666058,-1,-0.609725,0.42378
2.93978,-0.407522,-1,-0.25017,0.42378
2.94003,-0.045803,-1,0.173476,0.42378
2.94028,0.219491,-1,0.456636,0.42378
2.94053,0.306548,-1,0.524618,0.42378
2.94078,0.289674,1,0.44827,0.42378
2.94103,0.299396,1,0.368557,0.42378
2.94128,0.379501,1,0.334394,0.42378
2.94153,0.435753,1,0.281979,0.42378
2.94178,0.326119,1,0.0917774,0.42378
2.94203,0.00841645,1,-0.251314,0.42378
2.94228,-0.3902,-1,-0.639406,0.42378
2.94253,-0.653959,-1,-0.844675,0.42378
2.94278,-0.640935,-1,-0.743671,0.42378
2.94303,-0.391131,-1,-0.396205,0.42378
2.94328,-0.0833138,-1,0.000882535,0.42378
2.94353,0.115641,-1,0.256895,0.42378
2.94378,0.176938,-1,0.340259,0.42378
2.94403,0.204061,1,0.35542,0.42378
2.94428,0.302993,1,0.407148,0.42378
2.94453,0.45987,1,0.485895,0.42378
2.94478,0.535817,1,0.484579,0.42378
2.94503,0.392015,1,0.273655,0.42378
2.94528,0.0308998,1,-0.109008,0.42378
2.94553,-0.379429,1,-0.512038,0.42378
2.94578,-0.621028,-1,-0.718972,0.42378
2.94603,-0.591092,-1,-0.628022,0.42378
2.94628,-0.368245,-1,-0.323048,0.42378
2.94653,-0.131217,-1,-0.00154138,0.42378
2.94678,-0.00230078,-1,0.185742,0.42378
2.94703,0.0439272,-1,0.246007,0.42378
2.94728,0.124962,1,0.307325,0.42378
2.94753,0.311692,1,0.437788,0.42378
2.94778,0.531246,1,0.571022,0.42378
2.94803,0.612796,1,0.555027,0.42378
2.94828,0.435726,1,0.30796,0.42378
2.94853,0.0482275,1,-0.115739,0.42378
2.94878,-0.350928,1,-0.518146,0.42378
2.94903,-0.559784,-1,-0.686683,0.42378
2.94928,-0.520682,-1,-0.584378,0.42378
2.94953,-0.3431,-1,-0.324919,0.42378
2.94978,-0.18968,-1,-0.079664,0.42378
2.95003,-0.128445,-1,0.043378,0.42378
2.95028,-0.0861346,-1,0.11225,0.42378
2.95053,0.0559935,1,0.240139,0.42378
2.95078,0.322847,1,0.45287,0.42378
2.95104,0.587741,1,0.637793,0.42378
2.95129,0.662897,1,0.623221,0.42378
2.95154,0.457634,1,0.353504,0.42378
2.95179,0.0645123,1,-0.0806236,0.42378
2.95204,-0.302798,1,-0.443556,0.42378
2.95229,-0.473008,-1,-0.58167,0.42378
2.95254,-0.435379,-1,-0.491192,0.42378
2.95279,-0.319521,-1,-0.29418,0.42378
2.95304,-0.256789,-1,-0.149161,0.42378
2.95329,-0.255984,-1,-0.0955275,0.42378
2.95354,-0.206094,-1,-0.0203015,0.42378
2.95379,-0.000578521,-1,0.166419,0.42378
2.95404,0.333059,1,0.450277,0.42378
2.95429,0.624169,1,0.657752,0.42378
2.95454,0.683791,1,0.617815,0.42378
2.95479,0.459768,1,0.300936,0.42378
2.95504,0.0831741,1,-0.13977,0.42378
2.95529,-0.234696,1,-0.473324,0.42378
2.95554,-0.364362,1,-0.584111,0.42378
2.95579,-0.341445,-1,-0.494382,0.42378
2.95604,-0.300491,-1,-0.364075,0.42378
2.95629,-0.32933,-1,-0.282658,0.42378
2.95654,-0.3781,-1,-0.227117,0.42378
2.95679,-0.30996,-1,-0.0784924,0.42378
2.95704,-0.044683,-1,0.221457,0.42378
2.95729,0.338459,1,0.593302,0.42378
2.95754,0.636147,1,0.83199,0.42378
2.95779,0.67503,1,0.783502,0.42378
2.95804,0.445918,1,0.453564,0.42378
2.95829,0.107253,1,0.0173124,0.42378
2.95854,-0.147218,1,-0.28541,0.42378
2.95879,-0.239995,1,-0.40393,0.42378
2.95904,-0.244841,-1,-0.391894,0.42378
2.95929,-0.287645,-1,-0.384064,0.42378
2.95954,-0.4032,-1,-0.426938,0.42378
2.95979,-0.487975,-1,-0.43054,0.42378
2.96004,-0.393846,-1,-0.278727,0.42378
2.96029,-0.0770604,-1,0.0661133,0.42378
2.96054,0.334487,-0.244094,0.472319,0.42378
2.96079,0.621175,1,0.717875,0.42378
2.96104,0.63826,1,0.670649,0.42378
2.96129,0.420207,1,0.374874,0.42378
2.96154,0.139603,1,0.022849,0.42378
2.96179,-0.0434941,1,-0.208811,0.42378
2.96204,-0.106192,1,-0.277102,0.42378
2.96229,-0.151401,-1,-0.28972,0.42378
2.96254,-0.281398,-1,-0.362212,0.42378
2.96279,-0.472898,-1,-0.474485,0.42378
2.96304,-0.578898,-1,-0.485976,0.42378
2.96329,-0.45479,-1,-0.3005,0.42378
2.96354,-0.0996739,-1,0.0804737,0.42378
2.96379,0.317414,-1,0.481989,0.42378
2.96404,0.578238,1,0.69581,0.42378
2.96429,0.576762,1,0.628636,0.42378
2.96454,0.38728,1,0.345125,0.42378
2.96479,0.181251,1,0.0496635,0.42378
2.96504,0.0720887,1,-0.130159,0.42378
2.96529,0.0295663,1,-0.190474,0.42378
2.96554,-0.0661726,-1,-0.269429,0.42378
2.96579,-0.280532,-1,-0.428962,0.42378
2.96604,-0.533227,-1,-0.589834,0.42378
2.96629,-0.645874,-1,-0.608346,0.42378
2.96654,-0.491677,-1,-0.375322,0.42378
2.96679,-0.116153,-1,0.0379515,0.42378
2.96704,0.284268,-1,0.45093,0.42378
2.96729,0.507901,1,0.643727,0.42378
2.96754,0.495423,1,0.574225,0.42378
2.96779,0.351894,1,0.351383,0.42378
2.96804,0.231896,1,0.145262,0.42378
2.96829,0.194303,1,0.0447334,0.42378
2.96854,0.159777,1,-0.0212723,0.42378
2.96879,0.00766245,1,-0.155719,0.42378
2.96904,-0.282801,-1,-0.404526,0.42378
2.96929,-0.578473,-1,-0.625528,0.42378
2.96954,-0.684978,-1,-0.640349,0.42378
2.96979,-0.505735,-1,-0.367569,0.42378
2.97004,-0.12991,-1,0.0737563,0.42378
2.97029,0.232915,-1,0.45747,0.42378
2.97054,0.413028,-1,0.622324,0.42378
2.97079,0.399923,1,0.544447,0.42378
2.97104,0.31801,1,0.382168,0.42378
2.97129,0.290282,1,0.2441,0.42378
2.97154,0.316381,1,0.167742,0.42378
2.97179,0.278218,1,0.0517378,0.42378
2.97204,0.0678175,1,-0.191952,0.42378
2.97229,-0.284915,-1,-0.530558,0.42378
2.97254,-0.603659,-1,-0.785209,0.42378
2.97279,-0.694228,-1,-0.789382,0.42378
2.97304,-0.499169,-1,-0.487596,0.42378
2.97329,-0.144611,-1,-0.0502161,0.42378
2.97354,0.162969,-1,0.308343,0.42378
2.97379,0.298303,-1,0.45952,0.42378
2.97404,0.296695,1,0.43765,0.42378
2.97429,0.288794,1,0.382696,0.42378
2.97454,0.353303,1,0.374281,0.42378
2.97479,0.431223,1,0.373908,0.42378
2.97504,0.378969,1,0.255333,0.42378
2.97529,0.113512,1,-0.0411252,0.42378
2.97554,-0.283022,-0.511811,-0.42266,0.42378
2.9758,-0.605002,-1,-0.705186,0.42378
2.97605,-0.673685,-1,-0.708104,0.42378
2.9763,-0.475574,-1,-0.43828,0.42378
2.97655,-0.163651,-1,-0.0591575,0.42378
2.9768,0.0758405,-1,0.215096,0.42378
2.97705,0.169161,-1,0.307413,0.42378
2.9773,0.192318,1,0.298762,0.42378
2.97755,0.26602,1,0.308842,0.42378
2.9778,0.416803,1,0.387157,0.42378
2.97805,0.532363,1,0.419314,0.42378
2.9783,0.457578,1,0.28591,0.42378
2.97855,0.14635,1,-0.0370865,0.42378
2.9788,-0.273293,1,-0.437843,0.42378
2.97905,-0.579819,-1,-0.689735,0.42378
2.9793,-0.625199,-1,-0.6557,0.42378
2.97955,-0.439724,-1,-0.374525,0.42378
2.9798,-0.189496,-1,-0.0273649,0.42378
2.98005,-0.0261279,-1,0.197762,0.42378
2.9803,0.0326683,-1,0.281891,0.42378
2.98055,0.0923421,1,0.315452,0.42378
2.9808,0.250212,1,0.408554,0.42378
2.98105,0.475898,1,0.545241,0.42378
2.9813,0.613459,1,0.583451,0.42378
2.98155,0.511945,1,0.395139,0.42378
2.9818,0.168033,1,-0.00400485,0.42378
2.98205,-0.251559,1,-0.434162,0.42378
2.9823,-0.527466,-1,-0.680028,0.42378
2.98255,-0.552524,-1,-0.646104,0.42378
2.9828,-0.396599,-1,-0.411325,0.42378
2.98305,-0.223378,-1,-0.152819,0.42378
2.9833,-0.138345,-1,-0.0020186,0.42378
2.98355,-0.103592,-1,0.0664942,0.42378
2.9838,0.00191853,-1,0.167479,0.42378
2.98405,0.240669,1,0.362269,0.42378
2.9843,0.52517,1,0.578497,0.42378
2.98455,0.669442,1,0.637126,0.42378
2.9848,0.541128,1,0.409794,0.42378
2.98505,0.181645,1,-0.00652689,0.42378
2.9853,-0.21506,1,-0.428939,0.42378
2.98555,-0.449282,1,-0.640003,0.42378
2.9858,-0.460606,-1,-0.598754,0.42378
2.98605,-0.350677,-1,-0.404782,0.42378
2.9863,-0.265594,-1,-0.215819,0.42378
2.98655,-0.255033,-1,-0.108428,0.42378
2.9868,-0.232845,-1,-0.0103967,0.42378
2.98705,-0.075211,-1,0.168389,0.42378
2.9873,0.234967,1,0.469949,0.42378
2.98755,0.559438,1,0.73312,0.42378
2.9878,0.697013,1,0.780701,0.42378
2.98805,0.546219,1,0.527244,0.42378
2.9883,0.191381,1,0.095411,0.42378
2.98855,-0.162227,1,-0.310551,0.42378
2.9888,-0.347856,1,-0.511375,0.42378
2.98905,-0.355796,-1,-0.495713,0.42378
2.9893,-0.306425,-1,-0.396076,0.42378
2.98955,-0.314555,-1,-0.331564,0.42378
2.9898,-0.370165,-1,-0.301258,0.42378
2.99005,-0.34819,-1,-0.218773,0.42378
2.9903,-0.137283,-1,0.0174371,0.42378
2.99055,0.230107,1,0.378008,0.42378
2.9908,0.573881,1,0.676723,0.42378
2.99105,0.694445,1,0.735208,0.42378
2.9913,0.529906,1,0.496302,0.42378
2.99155,0.200806,1,0.102509,0.42378
2.9918,-0.0921971,1,-0.214413,0.42378
2.99205,-0.228036,1,-0.343895,0.42378
2.9923,-0.244475,-1,-0.330017,0.42378
2.99255,-0.267137,-1,-0.293669,0.42378
2.9928,-0.367447,-1,-0.311704,0.42378
2.99305,-0.476748,-1,-0.342825,0.42378
2.9933,-0.443796,-1,-0.259362,0.42378
2.99355,-0.183543,-1,0.0114038,0.42378
2.9938,0.222578,-1,0.384347,0.42378
2.99405,0.564935,1,0.67371,0.42378
2.9943,0.662209,1,0.686876,0.42378
2.99455,0.496085,1,0.413506,0.42378
2.9948,0.213178,1,0.0372669,0.42378
2.99505,-0.00644637,1,-0.246003,0.42378
2.9953,-0.096089,1,-0.353936,0.42378
2.99555,-0.133071,-1,-0.3672,0.42378
2.9958,-0.235005,-1,-0.404362,0.42378
2.99605,-0.42042,-1,-0.497581,0.42378
2.9963,-0.568075,-1,-0.538515,0.42378
2.99655,-0.516205,-1,-0.389146,0.42378
2.9968,-0.214744,-1,-0.0390164,0.42378
2.99705,0.208041,-1,0.393937,0.42378
2.9973,0.530608,1,0.688981,0.42378
2.99755,0.602334,1,0.711831,0.42378
2.9978,0.449541,1,0.46877,0.42378
2.99805,0.231474,1,0.162195,0.42378
2.9983,0.0919682,1,-0.0426236,0.42378
2.99855,0.0413199,1,-0.125067,0.42378
2.9988,-0.0279932,1,-0.195396,0.42378
2.99905,-0.210488,-1,-0.336034,0.42378
2.9993,-0.468672,-1,-0.528888,0.42378
2.99955,-0.638355,-1,-0.610666,0.42378
2.9998,-0.562745,-1,-0.444979,0.42378
3.00005,-0.233677,-1,-0.0504565,0.42378
3.0003,0.183093,-1,0.390181,0.42378
3.00056,0.470101,-1,0.655324,0.42378
3.00081,0.518852,1,0.653865,0.42378
3.00106,0.39555,1,0.453024,0.42378
3.00131,0.256997,1,0.211331,0.42378
3.00156,0.199172,1,0.0529464,0.42378
3.00181,0.176988,1,-0.0422949,0.42378
3.00206,0.066156,1,-0.175859,0.42378
3.00231,-0.192943,-1,-0.422637,0.42378
3.00256,-0.507174,-1,-0.673144,0.42378
3.00281,-0.68304,-1,-0.764193,0.42378
3.00306,-0.582804,-1,-0.55841,0.42378
3.00331,-0.243378,-1,-0.144321,0.42378
3.00356,0.145118,-1,0.295853,0.42378
3.00381,0.385035,-1,0.550536,0.42378
3.00406,0.417297,1,0.564084,0.42378
3.00431,0.339123,1,0.429691,0.42378
3.00456,0.289834,1,0.303295,0.42378
3.00481,0.309242,1,0.239884,0.42378
3.00506,0.303259,1,0.170908,0.42378
3.00531,0.145483,1,-0.0167543,0.42378
3.00556,-0.180579,-1,-0.335237,0.42378
3.00581,-0.530777,-1,-0.644949,0.42378
3.00606,-0.698839,-1,-0.739815,0.42378
3.00631,-0.578015,-1,-0.544351,0.42378
3.00656,-0.247486,-1,-0.150212,0.42378
3.00681,0.091896,-1,0.219275,0.42378
3.00706,0.27873,-1,0.399496,0.42378
3.00731,0.303743,1,0.394056,0.42378
3.00756,0.284832,1,0.311498,0.42378
3.00781,0.328887,1,0.282677,0.42378
3.00806,0.416112,1,0.290685,0.42378
3.00831,0.414041,1,0.235597,0.42378
3.00856,0.207621,1,0.0188048,0.42378
3.00881,-0.17001,1,-0.339602,0.42378
3.00906,-0.535148,-1,-0.638479,0.42378
3.00931,-0.684465,-1,-0.70393,0.42378
3.00956,-0.551158,-1,-0.475725,0.42378
3.00981,-0.250332,-1,-0.0805003,0.42378
3.01006,0.0233654,-1,0.25911,0.42378
3.01031,0.155577,-1,0.41015,0.42378
3.01056,0.185119,0.874016,0.421071,0.42378
3.01081,0.236048,1,0.399408,0.42378
3.01106,0.371451,1,0.442959,0.42378
3.01131,0.513322,1,0.481752,0.42378
3.01156,0.503681,1,0.375222,0.42378
3.01181,0.252579,1,0.0706471,0.42378
3.01206,-0.1578,1,-0.352796,0.42378
3.01231,-0.516983,-1,-0.68794,0.42378
3.01256,-0.640552,-1,-0.756016,0.42378
3.01281,-0.506435,-1,-0.53347,0.42378
3.01306,-0.255255,-1,-0.196878,0.42378
3.01331,-0.0589717,-1,0.0708726,0.42378
3.01356,0.0219367,-1,0.188117,0.42378
3.01381,0.0683752,-1,0.229435,0.42378
3.01406,0.195063,1,0.322476,0.42378
3.01431,0.413665,1,0.472585,0.42378
3.01456,0.594333,1,0.564665,0.42378
3.01481,0.568135,1,0.454296,0.42378
3.01506,0.281188,1,0.100512,0.42378
3.01531,-0.140215,1,-0.341788,0.42378
3.01556,-0.474324,0.858268,-0.66237,0.42378
3.01581,-0.569788,-1,-0.707093,0.42378
3.01606,-0.449017,-1,-0.505051,0.42378
3.01631,-0.264916,-1,-0.219988,0.42378
3.01656,-0.152788,-1,-0.00773433,0.42378
3.01681,-0.114942,-1,0.092301,0.42378
3.01706,-0.0407863,-1,0.192444,0.42378
3.01731,0.162882,1,0.375326,0.42378
3.01756,0.451297,1,0.613408,0.42378
3.01781,0.653488,1,0.725859,0.42378
3.01806,0.60567,1,0.582334,0.42378
3.01831,0.295643,1,0.192188,0.42378
3.01856,-0.113639,1,-0.268556,0.42378
3.01881,-0.407178,1,-0.569016,0.42378
3.01906,-0.476247,-1,-0.619902,0.42378
3.01931,-0.384286,-1,-0.463121,0.42378
3.01956,-0.281206,-1,-0.283061,0.42378
3.01981,-0.253605,-1,-0.172196,0.42378
3.02006,-0.248186,-1,-0.107442,0.42378
3.02031,-0.137079,-1,0.027294,0.42378
3.02056,0.138432,1,0.300283,0.42378
3.02081,0.479333,1,0.596103,0.42378
3.02106,0.686471,1,0.731694,0.42378
3.02131,0.615891,1,0.574818,0.42378
3.02156,0.299793,1,0.198299,0.42378
3.02181,-0.0753231,1,-0.200811,0.42378
3.02206,-0.316716,1,-0.442034,0.42378
3.02231,-0.36567,-1,-0.461136,0.42378
3.02256,-0.31763,-1,-0.351812,0.42378
3.02281,-0.304237,-1,-0.256713,0.42378
3.02306,-0.355895,-1,-0.234807,0.42378
3.02331,-0.370386,-1,-0.191339,0.42378
3.02356,-0.216573,-1,-0.0231841,0.42378
3.02381,0.12023,-1,0.290532,0.42378
3.02406,0.493167,1,0.600862,0.42378
3.02431,0.690405,1,0.712711,0.423251
3.02456,0.60035,1,0.524006,0.423251
3.02481,0.297564,1,0.12749,0.423251
3.02506,-0.0238094,1,-0.255524,0.423251
3.02532,-0.20652,1,-0.461193,0.423251
3.02557,-0.244838,-0.614173,-0.476282,0.423251
3.02582,-0.253692,-1,-0.420803,0.423251
3.02607,-0.333001,-1,-0.405363,0.423251
3.02632,-0.453829,-1,-0.420631,0.423251
3.02657,-0.474914,-1,-0.344453,0.423251
3.02682,-0.277684,-1,-0.0941824,0.423251
3.02707,0.105527,-1,0.310054,0.423251
3.02732,0.488379,1,0.66332,0.423251
3.02757,0.664414,1,0.787447,0.423251
3.02782,0.562461,1,0.603114,0.423251
3.02807,0.292496,1,0.242715,0.423251
3.02832,0.0416771,1,-0.0879423,0.423251
3.02857,-0.0817971,1,-0.24214,0.423251
3.02882,-0.120349,1,-0.287555,0.423251
3.02907,-0.196146,-1,-0.327804,0.423251
3.02932,-0.365112,-1,-0.4288,0.423251
3.02957,-0.54085,-1,-0.516709,0.423251
3.02982,-0.556956,-1,-0.449747,0.423251
3.03007,-0.319901,-1,-0.148879,0.423251
3.03032,0.0903311,-1,0.279479,0.423251
3.03057,0.461995,-0.314961,0.641899,0.423251
3.03082,0.609359,1,0.736784,0.423251
3.03107,0.506833,1,0.558235,0.423251
3.03132,0.288803,1,0.24087,0.423251
3.03157,0.119663,1,-0.0115212,0.423251
3.03182,0.0517278,1,-0.139175,0.423251
3.03207,0.000764467,1,-0.200622,0.423251
3.03232,-0.147255,-1,-0.32729,0.423251
3.03257,-0.397022,-1,-0.52548,0.423251
3.03282,-0.610805,-1,-0.653093,0.423251
3.03307,-0.612651,-1,-0.560351,0.423251
3.03332,-0.34398,-1,-0.214229,0.423251
3.03357,0.0711343,-1,0.238557,0.423251
3.03382,0.41257,-1,0.577674,0.423251
3.03407,0.528176,1,0.663246,0.423251
3.03432,0.438473,1,0.508562,0.423251
3.03457,0.289251,1,0.276579,0.423251
3.03482,0.207214,1,0.106802,0.423251
3.03507,0.186786,1,0.0199474,0.423251
3.03532,0.111973,1,-0.07713,0.423251
3.03557,-0.108096,-1,-0.281317,0.423251
3.03582,-0.424552,-1,-0.551809,0.423251
3.03607,-0.658451,-1,-0.709524,0.423251
3.03632,-0.640137,-1,-0.604203,0.423251
3.03657,-0.352995,-1,-0.251217,0.423251
3.03682,0.0447106,-1,0.189734,0.423251
3.03707,0.339683,-1,0.482319,0.423251
3.03732,0.425614,1,0.539351,0.423251
3.03757,0.363212,1,0.419762,0.423251
3.03782,0.295628,1,0.270454,0.423251
3.03807,0.300541,1,0.194522,0.423251
3.03832,0.315847,1,0.148531,0.423251
3.03857,0.208902,1,0.0250325,0.423251
3.03882,-0.0784068,0.606299,-0.245839,0.423251
3.03907,-0.442855,-1,-0.557379,0.423251
3.03932,-0.679627,-1,-0.715618,0.423251
3.03957,-0.639671,-1,-0.582192,0.423251
3.03982,-0.350274,-1,-0.204268,0.423251
3.04007,0.00781053,-1,0.213,0.423251
3.04032,0.245327,-1,0.466134,0.423251
3.04057,0.307442,0.440945,0.502995,0.423251
3.04082,0.286594,1,0.426512,0.423251
3.04107,0.308536,1,0.357361,0.423251
3.04132,0.394199,1,0.344566,0.423251
3.04157,0.432154,1,0.29452,0.423251
3.04182,0.287526,1,0.0953325,0.423251
3.04207,-0.0559709,1,-0.252419,0.423251
3.04232,-0.447495,-1,-0.624382,0.423251
3.04257,-0.671931,-1,-0.779274,0.423251
3.04282,-0.613046,-1,-0.634958,0.423251
3.04307,-0.339819,-1,-0.268558,0.423251
3.04332,-0.0409975,-1,0.103034,0.423251
3.04357,0.13327,-1,0.316297,0.423251
3.04382,0.180198,-1,0.355993,0.423251
3.04407,0.213666,1,0.350666,0.423251
3.04432,0.327013,1,0.398619,0.423251
3.04457,0.48217,1,0.466384,0.423251
3.04482,0.529552,1,0.41754,0.423251
3.04507,0.345619,1,0.164036,0.423251
3.04532,-0.0381679,1,-0.244936,0.423251
3.04557,-0.434761,-0.354331,-0.629765,0.423251
3.04582,-0.634664,-1,-0.777381,0.423251
3.04607,-0.563812,-1,-0.628063,0.423251
3.04632,-0.326192,-1,-0.294352,0.423251
3.04657,-0.101837,-1,0.0139763,0.423251
3.04682,0.00825316,-1,0.168783,0.423251
3.04707,0.0514287,-1,0.222432,0.423251
3.04732,0.148022,1,0.294882,0.423251
3.04757,0.348926,1,0.445631,0.423251
3.04782,0.558469,1,0.571299,0.423251
3.04807,0.602709,1,0.529559,0.423251
3.04832,0.383377,1,0.249788,0.423251
3.04857,-0.0217628,1,-0.186761,0.423251
3.04882,-0.40141,1,-0.555546,0.423251
3.04907,-0.56929,-1,-0.684309,0.423251
3.04932,-0.49681,-1,-0.544727,0.423251
3.04957,-0.313116,-1,-0.270879,0.423251
3.04982,-0.173938,-1,-0.0422908,0.423251
3.05008,-0.123548,-1,0.0644089,0.423251
3.05033,-0.0723846,-1,0.13459,0.423251
3.05058,0.0923183,1,0.284837,0.423251
3.05083,0.370834,1,0.507622,0.423251
3.05108,0.616974,1,0.668684,0.423251
3.05133,0.64855,1,0.611859,0.423251
3.05158,0.401897,1,0.285644,0.423251
3.05183,-0.00256807,1,-0.159178,0.423251
3.05208,-0.346142,1,-0.505956,0.423251
3.05233,-0.478723,-1,-0.610266,0.423251
3.05258,-0.417642,-1,-0.485382,0.423251
3.05283,-0.303672,-1,-0.287398,0.423251
3.05308,-0.254405,-1,-0.157565,0.423251
3.05333,-0.25478,-1,-0.0988502,0.423251
3.05358,-0.184791,-1,-0.00441255,0.423251
3.05383,0.047841,-0.181102,0.212088,0.423251
3.05408,0.388697,1,0.506784,0.423251
3.05433,0.65304,1,0.698296,0.423251
3.05458,0.66537,1,0.619379,0.423251
3.05483,0.403728,1,0.275515,0.423251
3.05508,0.022624,1,-0.155188,0.423251
3.05533,-0.269502,1,-0.466913,0.423251
3.05558,-0.367914,-0.204724,-0.532774,0.423251
3.05583,-0.332372,-1,-0.445625,0.423251
3.05608,-0.299973,-1,-0.321533,0.423251
3.05633,-0.338935,-1,-0.269192,0.423251
3.05658,-0.37866,-1,-0.226399,0.423251
3.05683,-0.280477,-1,-0.0790338,0.423251
3.05708,0.0137611,-1,0.219677,0.423251
3.05733,0.39807,1,0.56524,0.423251
3.05758,0.662655,1,0.762612,0.423251
3.05783,0.653531,1,0.667357,0.423251
3.05808,0.392989,1,0.308633,0.423251
3.05833,0.0563593,1,-0.103197,0.423251
3.05858,-0.172866,1,-0.366907,0.423251
3.05883,-0.243207,1,-0.427203,0.423251
3.05908,-0.246562,-1,-0.396193,0.423251
3.05933,-0.302673,-1,-0.380976,0.423251
3.05958,-0.422999,-1,-0.406543,0.423251
3.05983,-0.488044,-1,-0.377689,0.423251
3.06008,-0.356358,-1,-0.173113,0.423251
3.06033,-0.0114557,-1,0.200442,0.423251
3.06058,0.39473,1,0.597857,0.423251
3.06083,0.643665,1,0.790086,0.423251
3.06108,0.615388,1,0.685666,0.423251
3.06133,0.373821,1,0.354699,0.423251
3.06158,0.100833,1,0.00650968,0.423251
3.06183,-0.060097,1,-0.192745,0.423251
3.06208,-0.111131,1,-0.256619,0.423251
3.06233,-0.165369,-1,-0.280462,0.423251
3.06258,-0.31091,-1,-0.371927,0.423251
3.06283,-0.500589,-1,-0.487644,0.423251
3.06308,-0.576717,-1,-0.484595,0.423251
3.06333,-0.410319,-1,-0.257339,0.423251
3.06358,-0.0303525,-1,0.143752,0.423251
3.06383,0.374927,-1,0.532772,0.423251
3.06408,0.595912,1,0.702605,0.423251
3.06433,0.554726,1,0.586562,0.423251
3.06458,0.3506,1,0.292711,0.423251
3.06483,0.156043,1,0.000614505,0.423251
3.06508,0.063458,1,-0.153857,0.423251
3.06533,0.0208699,1,-0.206475,0.423251
3.06558,-0.0930002,-1,-0.295692,0.423251
3.06583,-0.322849,-1,-0.469451,0.423251
3.06608,-0.565788,-1,-0.619323,0.423251
3.06633,-0.640235,-1,-0.594006,0.423251
3.06658,-0.442039,-1,-0.31579,0.423251
3.06683,-0.0470774,-1,0.1194,0.423251
3.06708,0.33623,-1,0.515459,0.423251
3.06733,0.520758,1,0.671211,0.423251
3.06758,0.476736,1,0.559547,0.423251
3.06783,0.327712,1,0.328198,0.423251
3.06808,0.220846,1,0.132958,0.423251
3.06833,0.192023,1,0.0397854,0.423251
3.06858,0.145557,1,-0.0309697,0.423251
3.06883,-0.0317276,0.212598,-0.200328,0.423251
3.06908,-0.335456,-1,-0.461842,0.423251
3.06933,-0.613048,-1,-0.666296,0.423251
3.06958,-0.675323,-1,-0.642561,0.423251
3.06983,-0.453462,-1,-0.335191,0.423251
3.07008,-0.0646836,-1,0.101114,0.423251
3.07033,0.276909,-1,0.459564,0.423251
3.07058,0.421786,-0.0393701,0.582965,0.423251
3.07083,0.387207,1,0.496664,0.423251
3.07108,0.308087,1,0.334163,0.423251
3.07133,0.292997,1,0.220168,0.423251
3.07158,0.318412,1,0.169185,0.423251
3.07183,0.257199,1,0.0610608,0.423251
3.07208,0.0172298,1,-0.188756,0.423251
3.07233,-0.344588,-1,-0.520997,0.423251
3.07258,-0.637585,-1,-0.742268,0.423251
3.07283,-0.680722,-1,-0.700273,0.423251
3.07308,-0.447488,-1,-0.36791,0.423251
3.07333,-0.0866179,-1,0.0698305,0.423251
3.07358,0.197525,-1,0.380297,0.423251
3.07383,0.304294,-1,0.484064,0.423251
3.07408,0.292372,1,0.442714,0.423251
3.07433,0.294118,1,0.3743,0.423251
3.07458,0.36845,1,0.357106,0.423251
3.07484,0.435338,1,0.328173,0.423251
3.07509,0.350547,1,0.172838,0.423251
3.07534,0.0538369,1,-0.15338,0.423251
3.07559,-0.346126,-1,-0.542772,0.423251
3.07584,-0.636042,-1,-0.785522,0.423251
3.07609,-0.657271,-1,-0.725115,0.423251
3.07634,-0.42759,-1,-0.407555,0.423251
3.07659,-0.11614,-1,-0.0202238,0.423251
3.07684,0.100375,-1,0.240838,0.423251
3.07709,0.174183,-1,0.318337,0.423251
3.07734,0.198478,1,0.311609,0.423251
3.07759,0.286646,1,0.348341,0.423251
3.07784,0.442267,1,0.430299,0.423251
3.07809,0.536439,1,0.442386,0.423251
3.07834,0.421953,1,0.265967,0.423251
3.07859,0.0803258,1,-0.0894677,0.423251
3.07884,-0.336178,1,-0.493049,0.423251
3.07909,-0.606395,-1,-0.7082,0.423251
3.07934,-0.607505,-1,-0.636841,0.423251
3.07959,-0.398754,-1,-0.339911,0.423251
3.07984,-0.154785,-1,-0.00465766,0.423251
3.08009,-0.0113314,-1,0.201844,0.423251
3.08034,0.0387388,-1,0.267713,0.423251
3.08059,0.110157,1,0.315834,0.423251
3.08084,0.285155,1,0.42956,0.423251
3.08109,0.509046,1,0.561197,0.423251
3.08134,0.615675,1,0.573409,0.423251
3.08159,0.470157,1,0.348435,0.423251
3.08184,0.0992507,1,-0.0721691,0.423251
3.08209,-0.31081,1,-0.48876,0.423251
3.08234,-0.548725,-1,-0.701081,0.423251
3.08259,-0.535751,-1,-0.625324,0.423251
3.08284,-0.365506,-1,-0.370885,0.423251
3.08309,-0.202863,-1,-0.121799,0.423251
3.08334,-0.132215,-1,0.0169687,0.423251
3.08359,-0.0943027,-1,0.0860209,0.423251
3.08384,0.0318442,0.0629921,0.20437,0.423251
3.08409,0.287955,1,0.418014,0.423251
3.08434,0.563042,1,0.62017,0.423251
3.08459,0.668478,1,0.639433,0.423251
3.08484,0.494963,1,0.388288,0.423251
3.08509,0.113863,1,-0.045831,0.423251
3.08534,-0.267726,1,-0.43732,0.423251
3.08559,-0.465143,-0.0472441,-0.615413,0.423251
3.08584,-0.447051,-1,-0.536129,0.423251
3.08609,-0.332149,-1,-0.344644,0.423251
3.08634,-0.259713,-1,-0.179948,0.423251
3.08659,-0.255857,-1,-0.0946635,0.423251
3.08684,-0.218799,-1,-0.017633,0.423251
3.08709,-0.0334934,-1,0.169499,0.423251
3.08734,0.291854,1,0.45436,0.423251
3.08759,0.599024,1,0.695304,0.423251
3.08784,0.692258,1,0.692476,0.423251
3.08809,0.497962,1,0.407195,0.423251
3.08834,0.128379,1,-0.0394203,0.423251
3.08859,-0.206042,1,-0.402273,0.423251
3.08884,-0.359155,1,-0.553026,0.423251
3.08909,-0.347878,-1,-0.496025,0.423251
3.08934,-0.302245,-1,-0.379405,0.423251
3.08959,-0.322735,-1,-0.299838,0.423251
3.08984,-0.375832,-1,-0.262382,0.423251
3.09009,-0.328139,-1,-0.139026,0.423251
3.09034,-0.0851148,-1,0.134143,0.423251
3.09059,0.293255,1,0.498497,0.423251
3.09084,0.612432,1,0.770037,0.423251
3.09109,0.686039,1,0.760245,0.423251
3.09134,0.482636,1,0.463828,0.423251
3.09159,0.146086,1,0.0558299,0.423251
3.09184,-0.125729,1,-0.256434,0.423251
3.09209,-0.235955,1,-0.383897,0.423251
3.09234,-0.244396,-1,-0.3609,0.423251
3.09259,-0.27815,-1,-0.346176,0.423251
3.09284,-0.388183,-1,-0.382876,0.423251
3.09309,-0.484782,-1,-0.3987,0.423251
3.09334,-0.417193,-1,-0.268704,0.423251
3.09359,-0.123145,-1,0.0439686,0.423251
3.09384,0.288317,-1,0.437028,0.423251
3.09409,0.600083,1,0.704863,0.423251
3.09434,0.650864,1,0.683866,0.423251
3.09459,0.453011,1,0.389416,0.423251
3.09484,0.169685,1,0.0150875,0.423251
3.09509,-0.0291613,1,-0.243052,0.423251
3.09534,-0.102368,1,-0.333239,0.423251
3.09559,-0.142853,-1,-0.34626,0.423251
3.09584,-0.261035,-1,-0.407967,0.423251
3.09609,-0.451483,-1,-0.505903,0.423251
3.09634,-0.576446,-1,-0.529372,0.423251
3.09659,-0.483108,-1,-0.360488,0.423251
3.09684,-0.149067,-1,0.0231914,0.423251
3.09709,0.272682,-1,0.446767,0.423251
3.09734,0.560792,1,0.708349,0.423251
3.09759,0.589604,1,0.676414,0.423251
3.09784,0.41384,1,0.412653,0.423251
3.09809,0.201414,1,0.108784,0.423251
3.09834,0.079564,1,-0.0736025,0.423251
3.09859,0.0348922,1,-0.144848,0.423251
3.09884,-0.0488477,-0.0866142,-0.225981,0.423251
3.09909,-0.250382,-1,-0.382601,0.423251
3.09934,-0.507103,-1,-0.559414,0.423251
3.0996,-0.645307,-1,-0.613626,0.423251
3.09985,-0.524128,-1,-0.415778,0.423251
3.1001,-0.166196,-1,-0.00479209,0.423251
3.10035,0.243184,-1,0.412529,0.423251
3.1006,0.494425,0.228346,0.640227,0.423251
3.10085,0.50674,1,0.595022,0.423251
3.1011,0.370149,1,0.382498,0.423251
3.10135,0.241643,1,0.165342,0.423251
3.1016,0.196038,1,0.0378324,0.423251
3.10185,0.168233,1,-0.0213167,0.423251
3.1021,0.033813,1,-0.160483,0.423251
3.10235,-0.244598,-1,-0.40005,0.423251
3.1026,-0.550008,-1,-0.639741,0.423251
3.10285,-0.687017,-1,-0.685727,0.423251
3.1031,-0.540393,-1,-0.446253,0.423251
3.10335,-0.177832,-1,-0.012493,0.423251
3.1036,0.197635,-1,0.402054,0.423251
3.10385,0.403298,-1,0.601076,0.423251
3.1041,0.408104,1,0.559189,0.423251
3.10435,0.326385,1,0.394457,0.423251
3.1046,0.289357,1,0.261307,0.423251
3.10485,0.313789,1,0.19403,0.423251
3.1051,0.290433,1,0.0927901,0.423251
3.10535,0.10215,1,-0.12489,0.423251
3.1056,-0.241102,-1,-0.450357,0.423251
3.10585,-0.574973,-1,-0.736968,0.423251
3.1061,-0.699088,-1,-0.775862,0.423251
3.10635,-0.534219,-1,-0.518641,0.423251
3.1066,-0.187585,-1,-0.0916941,0.423251
3.10685,0.134734,-1,0.273081,0.423251
3.1071,0.291591,-1,0.443258,0.423251
3.10735,0.299866,1,0.421508,0.423251
3.1076,0.28634,1,0.360985,0.423251
3.10785,0.342604,1,0.334157,0.423251
3.1081,0.425947,1,0.340746,0.423251
3.10835,0.395879,1,0.256706,0.423251
3.1086,0.154716,1,-0.0104141,0.423251
3.10885,-0.23578,0.527559,-0.387719,0.423251
3.1091,-0.577975,-1,-0.685601,0.423251
3.10935,-0.681011,-1,-0.710881,0.423251
3.1096,-0.508761,-1,-0.452387,0.423251
3.10985,-0.199635,-1,-0.0566861,0.423251
3.1101,0.0551336,-1,0.250748,0.423251
3.11035,0.164327,-1,0.36422,0.423251
3.1106,0.188753,1,0.362114,0.423251
3.11085,0.252503,1,0.36844,0.423251
3.1111,0.397728,1,0.424003,0.423251
3.11135,0.526063,1,0.462463,0.423251
3.1116,0.47956,1,0.335619,0.423251
3.11185,0.192366,1,0.0202554,0.423251
3.1121,-0.225287,1,-0.404066,0.423251
3.11235,-0.555899,-1,-0.687828,0.423251
3.1126,-0.634135,-1,-0.707112,0.423251
3.11285,-0.468679,-1,-0.446453,0.423251
3.1131,-0.216424,-1,-0.105041,0.423251
3.11335,-0.0387763,-1,0.131481,0.423251
3.1136,0.0283229,-1,0.228568,0.423251
3.11385,0.0812777,-0.0393701,0.266462,0.423251
3.1141,0.226078,1,0.362335,0.423251
3.11435,0.450277,1,0.505594,0.423251
3.1146,0.607659,1,0.56966,0.423251
3.11485,0.538176,1,0.419534,0.423251
3.1151,0.216815,1,0.0419333,0.423251
3.11535,-0.205871,1,-0.394695,0.423251
3.1156,-0.507599,-0.614173,-0.678318,0.423251
3.11585,-0.561791,-1,-0.669846,0.423251
3.1161,-0.418908,-1,-0.452861,0.423251
3.11635,-0.239987,-1,-0.177128,0.423251
3.1166,-0.14373,-1,-0.0107729,0.423251
3.11685,-0.108924,-1,0.0681504,0.423251
3.1171,-0.0174844,-1,0.155702,0.423251
3.11735,0.207139,1,0.347022,0.423251
3.1176,0.495176,1,0.575722,0.423251
3.11785,0.665375,1,0.661214,0.423251
3.1181,0.570812,1,0.476026,0.423251
3.11835,0.230399,1,0.0662064,0.423251
3.1186,-0.173814,1,-0.364149,0.423251
3.11885,-0.433848,1,-0.613889,0.423251
3.1191,-0.468598,-1,-0.60102,0.423251
3.11935,-0.364764,-1,-0.420305,0.423251
3.1196,-0.271308,-1,-0.230075,0.423251
3.11985,-0.254433,-1,-0.122802,0.423251
3.1201,-0.240543,-1,-0.0362643,0.423251
3.12035,-0.103051,-1,0.12403,0.423251
3.1206,0.19386,1,0.406411,0.423251
3.12085,0.527263,1,0.679629,0.423251
3.1211,0.69545,1,0.771348,0.423251
3.12135,0.577814,1,0.551475,0.423251
3.1216,0.237363,1,0.136362,0.423251
3.12185,-0.127083,1,-0.273811,0.423251
3.1221,-0.336648,1,-0.496359,0.423251
3.12235,-0.360586,-1,-0.490706,0.423251
3.1226,-0.310637,-1,-0.387769,0.423251
3.12285,-0.309545,-1,-0.310653,0.423251
3.1231,-0.364696,-1,-0.278632,0.423251
3.12335,-0.359365,-1,-0.217667,0.423251
3.1236,-0.172453,-1,6.90585e-05,0.423251
3.12385,0.183746,0.15748,0.341924,0.423251
3.1241,0.541915,1,0.653771,0.423251
3.12436,0.695653,1,0.736613,0.423389
3.12461,0.561524,1,0.513234,0.423389
3.12486,0.241393,1,0.125597,0.423389
3.12511,-0.064968,1,-0.223821,0.423389
3.12536,-0.22034,1,-0.387416,0.423389
3.12561,-0.244777,-1,-0.385678,0.423389
3.12586,-0.26063,-1,-0.343611,0.423389
3.12611,-0.352602,-1,-0.349067,0.423389
3.12636,-0.468292,-1,-0.376408,0.423389
3.12661,-0.459216,-1,-0.307398,0.423389
3.12686,-0.224932,-1,-0.0465456,0.423389
3.12711,0.173604,-1,0.33877,0.423389
3.12736,0.535006,1,0.660147,0.423389
3.12761,0.665828,1,0.712185,0.423389
3.12786,0.525515,1,0.484829,0.423389
3.12811,0.246079,1,0.11094,0.423389
3.12836,0.0124367,1,-0.192995,0.423389
3.12861,-0.0907828,1,-0.316693,0.423389
3.12886,-0.127215,0.23622,-0.336279,0.423389
3.12911,-0.217654,-1,-0.369366,0.423389
3.12936,-0.397219,-1,-0.456713,0.423389
3.12961,-0.558386,-1,-0.522762,0.423389
3.12986,-0.535911,-1,-0.40463,0.423389
3.13011,-0.26067,-1,-0.0595445,0.423389
3.13036,0.159193,-1,0.380003,0.423389
3.13061,0.504046,1,0.706879,0.423389
3.13086,0.607737,1,0.747709,0.423389
3.13111,0.474538,1,0.532802,0.423389
3.13136,0.254875,1,0.212286,0.423389
3.13161,0.102715,1,-0.0137221,0.423389
3.13186,0.0458183,1,-0.110201,0.423389
3.13211,-0.014688,1,-0.178973,0.423389
3.13236,-0.18288,-1,-0.31321,0.423389
3.13261,-0.439081,-1,-0.512607,0.423389
3.13286,-0.629139,-1,-0.619058,0.423389
3.13311,-0.58643,-1,-0.492117,0.423389
3.13336,-0.281306,-1,-0.12787,0.423389
3.13361,0.137018,-1,0.317945,0.423389
3.13386,0.44826,-1,0.614916,0.423389
3.13411,0.524742,1,0.645255,0.423389
3.13436,0.413929,1,0.462696,0.423389
3.13461,0.269728,1,0.220277,0.423389
3.13486,0.201999,1,0.0617123,0.423389
3.13511,0.181756,1,-0.0278595,0.423389
3.13536,0.0869983,1,-0.137477,0.423389
3.13561,-0.156383,-1,-0.364775,0.423389
3.13586,-0.473469,-1,-0.626402,0.423389
3.13611,-0.675317,-1,-0.734956,0.423389
3.13636,-0.609525,-1,-0.578702,0.423389
3.13661,-0.290314,-1,-0.174913,0.423389
3.13686,0.104164,-1,0.266959,0.423389
3.13711,0.368041,-1,0.532401,0.423389
3.13736,0.422163,1,0.555897,0.423389
3.13761,0.349062,1,0.433841,0.423389
3.13786,0.291458,1,0.292164,0.423389
3.13811,0.305704,1,0.223466,0.423389
3.13836,0.309884,1,0.15723,0.423389
3.13861,0.174006,1,0.00142471,0.423389
3.13886,-0.136993,-0.748031,-0.301795,0.423389
3.13911,-0.495313,-1,-0.614811,0.423389
3.13936,-0.693614,-1,-0.742424,0.423389
3.13961,-0.606293,-1,-0.569088,0.423389
3.13986,-0.291221,-1,-0.186881,0.423389
3.14011,0.057942,-1,0.196786,0.423389
3.14036,0.266311,-1,0.408944,0.423389
3.14061,0.305909,1,0.414852,0.423389
3.14086,0.284898,1,0.334025,0.423389
3.14111,0.31968,1,0.295436,0.423389
3.14136,0.407532,1,0.300324,0.423389
3.14161,0.423645,1,0.261439,0.423389
3.14186,0.243327,1,0.0574883,0.423389
3.14211,-0.121784,1,-0.283182,0.423389
3.14236,-0.500176,-1,-0.616696,0.423389
3.14261,-0.682061,-1,-0.717886,0.423389
3.14286,-0.579127,-1,-0.516202,0.423389
3.14311,-0.287937,-1,-0.128462,0.423389
3.14336,-0.00231526,-1,0.219263,0.423389
3.14361,0.147436,-1,0.385428,0.423389
3.14386,0.182965,-0.496063,0.401597,0.423389
3.14411,0.225698,1,0.382713,0.423389
3.14436,0.352411,1,0.416892,0.423389
3.14461,0.501405,1,0.458344,0.423389
3.14486,0.516988,1,0.369494,0.423389
3.14511,0.293606,1,0.0790731,0.423389
3.14536,-0.10762,1,-0.347069,0.423389
3.14561,-0.484516,-1,-0.71466,0.423389
3.14586,-0.640758,-1,-0.814263,0.423389
3.14611,-0.531991,-1,-0.612463,0.423389
3.14636,-0.284693,-1,-0.265076,0.423389
3.14661,-0.0757708,-1,0.0288577,0.423389
3.14686,0.0167129,-1,0.169536,0.423389
3.14711,0.0605097,-1,0.219274,0.423389
3.14736,0.174175,1,0.320304,0.423389
3.14761,0.38659,1,0.473576,0.423389
3.14786,0.58102,1,0.594043,0.423389
3.14811,0.585369,1,0.513726,0.423389
3.14836,0.325848,1,0.192787,0.423389
3.14861,-0.0910322,1,-0.250479,0.423389
3.14886,-0.445904,1,-0.59911,0.423389
3.14912,-0.571891,-1,-0.677124,0.423389
3.14937,-0.469969,-1,-0.506525,0.423389
3.14962,-0.284495,-1,-0.237029,0.423389
3.14987,-0.160757,-1,-0.0292001,0.423389
3.15012,-0.11888,-1,0.0755427,0.423389
3.15037,-0.055377,-1,0.155868,0.423389
3.15062,0.131982,1,0.32053,0.423389
3.15087,0.41789,1,0.5483,0.423389
3.15112,0.640479,1,0.688403,0.423389
3.15137,0.626475,1,0.579815,0.423389
3.15162,0.341799,1,0.221355,0.423389
3.15187,-0.0677334,1,-0.22771,0.423389
3.15212,-0.383596,1,-0.55142,0.423389
3.15237,-0.479079,-1,-0.615869,0.423389
3.15262,-0.398584,-1,-0.474266,0.423389
3.15287,-0.289851,-1,-0.28256,0.423389
3.15312,-0.253451,-1,-0.153777,0.423389
3.15337,-0.251854,-1,-0.0951261,0.423389
3.15362,-0.158878,-1,0.0221304,0.423389
3.15387,0.0994252,1,0.270512,0.423389
3.15412,0.442123,1,0.563073,0.423389
3.15437,0.675083,1,0.72791,0.423389
3.15462,0.639358,1,0.605098,0.423389
3.15487,0.344431,1,0.241169,0.423389
3.15512,-0.0352118,1,-0.177009,0.423389
3.15537,-0.298833,1,-0.441929,0.423389
3.15562,-0.367769,-1,-0.476978,0.423389
3.15587,-0.323563,-1,-0.366495,0.423389
3.15612,-0.301648,-1,-0.274986,0.423389
3.15637,-0.348879,-1,-0.238383,0.423389
3.15662,-0.375425,-1,-0.206087,0.423389
3.15687,-0.245452,-1,-0.0626928,0.423389
3.15712,0.0746578,-1,0.238915,0.423389
3.15737,0.454612,1,0.565547,0.423389
3.15762,0.681573,1,0.713415,0.423389
3.15787,0.625085,1,0.563254,0.423389
3.15812,0.338061,1,0.17667,0.423389
3.15837,0.00866891,1,-0.211672,0.423389
3.15862,-0.19393,1,-0.436,0.423389
3.15887,-0.24461,0.795276,-0.468216,0.423389
3.15912,-0.249933,-1,-0.40938,0.423389
3.15937,-0.319575,-1,-0.385005,0.423389
3.15962,-0.441586,-1,-0.402071,0.423389
3.15987,-0.482485,-1,-0.33327,0.423389
3.16012,-0.312872,-1,-0.0815109,0.423389
3.16037,0.0557292,-1,0.313011,0.423389
3.16062,0.450802,1,0.701151,0.423389
3.16087,0.658454,1,0.850232,0.423389
3.16112,0.586653,1,0.689674,0.423389
3.16137,0.326885,1,0.326909,0.423389
3.16162,0.0652896,1,-0.0206862,0.423389
3.16187,-0.0735414,1,-0.21369,0.423389
3.16212,-0.116225,1,-0.279942,0.423389
3.16237,-0.182107,-1,-0.329031,0.423389
3.16262,-0.34195,-1,-0.440746,0.423389
3.16287,-0.525249,-1,-0.552312,0.423389
3.16312,-0.567804,-1,-0.504533,0.423389
3.16337,-0.359878,-1,-0.239478,0.423389
3.16362,0.0395011,-1,0.185387,0.423389
3.16387,0.427433,-1,0.563082,0.423389
3.16412,0.606301,1,0.705187,0.423389
3.16437,0.528254,1,0.564222,0.423389
3.16462,0.314506,1,0.268986,0.423389
3.16487,0.133865,1,0.00339161,0.423389
3.16512,0.056302,1,-0.133729,0.423389
3.16537,0.0101258,1,-0.191703,0.423389
3.16562,-0.123227,-1,-0.309522,0.423389
3.16587,-0.365842,-1,-0.489677,0.423389
3.16612,-0.59376,-1,-0.631996,0.423389
3.16637,-0.627031,-1,-0.571336,0.423389
3.16662,-0.387072,-1,-0.259271,0.423389
3.16687,0.0218218,-1,0.18827,0.423389
3.16712,0.382613,-1,0.547222,0.423389
3.16737,0.527257,1,0.658585,0.423389
3.16762,0.455443,1,0.527616,0.423389
3.16787,0.304793,1,0.291279,0.423389
3.16812,0.212166,1,0.11039,0.423389
3.16837,0.189336,1,0.0209462,0.423389
3.16862,0.127617,1,-0.0635735,0.423389
3.16887,-0.0747216,-1,-0.256544,0.423389
3.16912,-0.387541,-1,-0.515767,0.423389
3.16937,-0.641698,-1,-0.695244,0.423389
3.16962,-0.657694,-1,-0.619447,0.423389
3.16987,-0.396761,-1,-0.295294,0.423389
3.17012,-0.0006819,-1,0.142563,0.423389
3.17037,0.315353,-1,0.454432,0.423389
3.17062,0.425558,1,0.536303,0.423389
3.17087,0.373577,1,0.428245,0.423389
3.17112,0.300099,1,0.277642,0.423389
3.17137,0.297032,1,0.189017,0.423389
3.17162,0.318102,1,0.154737,0.423389
3.17187,0.23107,1,0.0523343,0.423389
3.17212,-0.0369459,1,-0.199385,0.423389
3.17237,-0.402449,-1,-0.519238,0.423389
3.17262,-0.664599,-1,-0.697039,0.423389
3.17287,-0.659651,-1,-0.597726,0.423389
3.17312,-0.392163,-1,-0.238002,0.423389
3.17337,-0.0308862,-1,0.193816,0.423389
3.17362,0.227039,-1,0.468645,0.423389
3.17388,0.307009,-0.984252,0.523114,0.423389
3.17413,0.288732,1,0.448701,0.423389
3.17438,0.301674,1,0.367223,0.423389
3.17463,0.383572,1,0.334981,0.423389
3.17488,0.435279,1,0.285263,0.423389
3.17513,0.31617,1,0.0808284,0.423389
3.17538,-0.00893053,1,-0.271329,0.423389
3.17563,-0.406214,-1,-0.655634,0.423389
3.17588,-0.659628,-1,-0.857288,0.423389
3.17613,-0.634065,-1,-0.742451,0.423389
3.17638,-0.377263,-1,-0.375053,0.423389
3.17663,-0.0714443,-1,0.0175281,0.423389
3.17688,0.120833,-1,0.260653,0.423389
3.17713,0.178046,-1,0.33775,0.423389
3.17738,0.206457,1,0.349558,0.423389
3.17763,0.309371,1,0.406531,0.423389
3.17788,0.466177,1,0.488624,0.423389
3.17813,0.534626,1,0.483826,0.423389
3.17838,0.379958,1,0.261964,0.423389
3.17863,0.0121803,1,-0.128644,0.423389
3.17888,-0.395003,0.779528,-0.535949,0.423389
3.17913,-0.625484,-1,-0.722388,0.423389
3.17938,-0.584161,-1,-0.614068,0.423389
3.17963,-0.35678,-1,-0.307079,0.423389
3.17988,-0.122882,-1,0.00884481,0.423389
3.18013,0.000760586,-1,0.183159,0.423389
3.18038,0.0456208,-1,0.233335,0.423389
3.18063,0.130941,1,0.297048,0.423389
3.18088,0.321658,1,0.432196,0.423389
3.18113,0.539057,1,0.563406,0.423389
3.18138,0.610833,1,0.54326,0.423389
3.18163,0.422017,1,0.282185,0.423389
3.18188,0.0293914,1,-0.138254,0.423389
3.18213,-0.36524,1,-0.526831,0.423389
3.18238,-0.563073,-1,-0.687387,0.423389
3.18263,-0.514526,-1,-0.579991,0.423389
3.18288,-0.334822,-1,-0.307058,0.423389
3.18313,-0.185113,-1,-0.0662997,0.423389
3.18338,-0.126926,-1,0.0488622,0.423389
3.18363,-0.0826775,-1,0.124303,0.423389
3.18388,0.0655448,1,0.253829,0.423389
3.18413,0.335941,1,0.467368,0.423389
3.18438,0.596289,1,0.649817,0.423389
3.18463,0.659757,1,0.619389,0.423389
3.18488,0.442932,1,0.331659,0.423389
3.18513,0.0461186,1,-0.0968858,0.423389
3.18538,-0.315188,1,-0.467755,0.423389
3.18563,-0.475132,-1,-0.590197,0.423389
3.18588,-0.430729,-1,-0.488139,0.423389
3.18613,-0.315021,-1,-0.293183,0.423389
3.18638,-0.255954,-1,-0.153986,0.423389
3.18663,-0.255655,-1,-0.0941936,0.423389
3.18688,-0.200726,-1,-0.0191215,0.423389
3.18713,0.012269,-1,0.178665,0.423389
3.18738,0.34836,1,0.466887,0.423389
3.18763,0.632588,1,0.67276,0.423389
3.18788,0.679543,1,0.619664,0.423389
3.18813,0.44488,1,0.290976,0.423389
3.18838,0.0664672,1,-0.14932,0.423389
3.18863,-0.244725,1,-0.478173,0.423389
3.18888,-0.365741,1,-0.576967,0.423389
3.18913,-0.338991,-1,-0.496886,0.423389
3.18938,-0.300131,-1,-0.364027,0.423389
3.18963,-0.331931,-1,-0.282573,0.423389
3.18988,-0.378583,-1,-0.220163,0.423389
3.19013,-0.30271,-1,-0.0752745,0.423389
3.19038,-0.0290636,-1,0.234698,0.423389
3.19063,0.354834,1,0.605748,0.423389
3.19088,0.644099,1,0.833913,0.423389
3.19113,0.669916,1,0.776078,0.423389
3.19138,0.431754,1,0.43531,0.423389
3.19163,0.0933205,1,0.00536353,0.423389
3.19188,-0.154715,1,-0.299669,0.423389
3.19213,-0.240874,1,-0.401678,0.423389
3.19238,-0.245179,-1,-0.388181,0.423389
3.19263,-0.291513,-1,-0.392674,0.423389
3.19288,-0.408553,-1,-0.429503,0.423389
3.19313,-0.488495,-1,-0.432159,0.423389
3.19338,-0.384238,-1,-0.268228,0.423389
3.19363,-0.0594162,-1,0.0882891,0.423389
3.19388,0.351147,0.0314961,0.485231,0.423389
3.19413,0.628059,1,0.731247,0.423389
3.19438,0.632653,1,0.66914,0.423389
3.19463,0.407695,1,0.367206,0.423389
3.19488,0.128721,1,0.0202847,0.423389
3.19513,-0.0483615,1,-0.197119,0.423389
3.19538,-0.107571,1,-0.268272,0.423389
3.19563,-0.154955,-1,-0.27736,0.423389
3.19588,-0.289295,-1,-0.360695,0.423389
3.19613,-0.480689,-1,-0.470231,0.423389
3.19638,-0.578944,-1,-0.485701,0.423389
3.19663,-0.443293,-1,-0.284255,0.423389
3.19688,-0.0809195,-1,0.10261,0.423389
3.19713,0.333442,-1,0.497979,0.423389
3.19738,0.583784,1,0.701135,0.423389
3.19763,0.571249,1,0.611888,0.423389
3.19788,0.377288,1,0.329126,0.423389
3.19813,0.174092,1,0.0251233,0.423389
3.19839,0.0695496,1,-0.137989,0.423389
3.19864,0.027357,1,-0.2054,0.423389
3.19889,-0.0731446,-1,-0.284033,0.423389
3.19914,-0.291865,-1,-0.444952,0.423389
3.19939,-0.542501,-1,-0.605096,0.423389
3.19964,-0.645075,-1,-0.615179,0.423389
3.19989,-0.478737,-1,-0.359403,0.423389
3.20014,-0.0973042,-1,0.0645672,0.423389
3.20039,0.298712,-1,0.468086,0.423389
3.20064,0.512057,1,0.657208,0.423389
3.20089,0.490573,1,0.571881,0.423389
3.20114,0.345171,1,0.345887,0.423389
3.20139,0.228767,1,0.141886,0.423389
3.20164,0.193674,1,0.0435826,0.423389
3.20189,0.156482,1,-0.0133897,0.423389
3.20214,-0.00268911,1,-0.16438,0.423389
3.20239,-0.296987,-1,-0.41786,0.423389
3.20264,-0.588434,-1,-0.637618,0.423389
3.20289,-0.683132,-1,-0.641081,0.423389
3.20314,-0.492001,-1,-0.357964,0.423389
3.20339,-0.11219,-1,0.0817543,0.423389
3.20364,0.245437,-1,0.46705,0.423389
3.20389,0.415944,-1,0.617437,0.423389
3.20414,0.396617,1,0.535739,0.423389
3.20439,0.315186,1,0.374447,0.423389
3.20464,0.29086,1,0.244348,0.423389
3.20489,0.317117,1,0.162276,0.423389
3.20514,0.272972,1,0.0496774,0.423389
3.20539,0.0543879,1,-0.198023,0.423389
3.20564,-0.301294,-1,-0.539848,0.423389
3.20589,-0.613551,-1,-0.797407,0.423389
3.20614,-0.691326,-1,-0.786449,0.423389
3.20639,-0.485436,-1,-0.478517,0.423389
3.20664,-0.128633,-1,-0.033737,0.423389
3.20689,0.172885,-1,0.318355,0.423389
3.20714,0.300305,-1,0.464081,0.423389
3.20739,0.295506,1,0.438054,0.423389
3.20764,0.290041,1,0.382595,0.423389
3.20789,0.357389,1,0.375512,0.423389
3.20814,0.432712,1,0.364362,0.423389
3.20839,0.371811,1,0.243299,0.423389
3.20864,0.097682,1,-0.0511275,0.423389
3.20889,-0.300455,-0.84252,-0.44607,0.423389
3.20914,-0.614176,-1,-0.718264,0.423389
3.20939,-0.669932,-1,-0.709265,0.423389
3.20964,-0.462913,-1,-0.423433,0.423389
3.20989,-0.150461,-1,-0.0552152,0.423389
3.21014,0.0827076,-1,0.208302,0.423389
3.21039,0.170712,-1,0.293539,0.423389
3.21064,0.193619,1,0.287476,0.423389
3.21089,0.271414,1,0.302502,0.423389
3.21114,0.423869,1,0.380904,0.423389
3.21139,0.534007,1,0.408218,0.423389
3.21164,0.448719,1,0.273313,0.423389
3.21189,0.128627,1,-0.0601622,0.423389
3.21214,-0.290552,1,-0.460666,0.423389
3.21239,-0.587795,-1,-0.69614,0.423389
3.21264,-0.620984,-1,-0.646832,0.423389
3.21289,-0.428835,-1,-0.351561,0.423389
3.21314,-0.179759,-1,-0.0120435,0.423389
3.21339,-0.0217969,-1,0.219881,0.423389
3.21364,0.0343076,-1,0.292495,0.423389
3.21389,0.0969797,1,0.327788,0.423389
3.21414,0.259545,1,0.425501,0.423389
3.21439,0.485185,1,0.557454,0.423389
3.21464,0.614728,1,0.57876,0.423389
3.21489,0.501252,1,0.380855,0.423389
3.21514,0.14946,1,-0.0180979,0.423389
3.21539,-0.268136,1,-0.45158,0.423389
3.21564,-0.53396,-1,-0.69784,0.423389
3.21589,-0.548377,-1,-0.649689,0.423389
3.21614,-0.388132,-1,-0.408575,0.423389
3.21639,-0.217515,-1,-0.149144,0.423389
3.21664,-0.136531,-1,-0.00266446,0.423389
3.21689,-0.101315,-1,0.0707984,0.423389
3.21714,0.00969784,-1,0.169961,0.423389
3.21739,0.253436,1,0.38192,0.423389
3.21764,0.535893,1,0.596468,0.423389
3.21789,0.669934,1,0.640835,0.423389
3.21814,0.529241,1,0.40459,0.423389
3.21839,0.163234,1,-0.0199601,0.423389
3.21864,-0.229895,1,-0.436888,0.423389
3.21889,-0.454221,1,-0.64066,0.423389
3.21914,-0.457361,-1,-0.595739,0.423389
3.21939,-0.345522,-1,-0.402445,0.423389
3.21964,-0.263765,-1,-0.212755,0.423389
3.21989,-0.255291,-1,-0.105481,0.423389
3.22014,-0.229288,-1,-0.0152334,0.423389
3.22039,-0.0644979,-1,0.177964,0.423389
3.22064,0.250448,1,0.476653,0.423389
3.22089,0.570675,1,0.743069,0.423389
3.22114,0.696508,1,0.774034,0.423389
3.22139,0.533735,1,0.51503,0.423389
3.22164,0.174163,1,0.0776277,0.423389
3.22189,-0.174416,1,-0.327855,0.423389
3.22214,-0.351383,1,-0.515583,0.423389
3.22239,-0.35373,-1,-0.495434,0.423389
3.22264,-0.305098,-1,-0.389721,0.423389
3.22289,-0.316641,-1,-0.329454,0.423389
3.22315,-0.37193,-1,-0.297457,0.423389
3.2234,-0.343171,-1,-0.208022,0.423389
3.22365,-0.123487,-1,0.0369927,0.423389
3.2239,0.247408,1,0.39439,0.423389
3.22415,0.585022,1,0.695664,0.423389
3.2244,0.692964,1,0.738356,0.424198
3.22465,0.517441,1,0.480271,0.424198
3.2249,0.185749,1,0.088794,0.424198
3.22515,-0.101793,1,-0.230417,0.424198
3.2254,-0.23064,1,-0.352566,0.424198
3.22565,-0.24441,-1,-0.334476,0.424198
3.2259,-0.269904,-1,-0.299019,0.424198
3.22615,-0.37307,-1,-0.322184,0.424198
3.2264,-0.479385,-1,-0.349372,0.424198
3.22665,-0.437173,-1,-0.26034,0.424198
3.2269,-0.167463,-1,0.026497,0.424198
3.22715,0.240701,-1,0.408535,0.424198
3.2274,0.575225,1,0.684025,0.424198
3.22765,0.659831,1,0.684703,0.424198
3.2279,0.484628,1,0.409277,0.424198
3.22815,0.20111,1,0.0318963,0.424198
3.2284,-0.013014,1,-0.254345,0.424198
3.22865,-0.0980742,1,-0.358185,0.424198
3.2289,-0.135537,-1,-0.372705,0.424198
3.22915,-0.241858,-1,-0.405856,0.424198
3.2294,-0.428995,-1,-0.497436,0.424198
3.22965,-0.570797,-1,-0.537396,0.424198
3.2299,-0.507866,-1,-0.381668,0.424198
3.23015,-0.19715,-1,-0.0270584,0.424198
3.2304,0.22597,-1,0.412513,0.424198
3.23065,0.539339,1,0.703541,0.424198
3.2309,0.599466,1,0.702865,0.424198
3.23115,0.439981,1,0.461799,0.424198
3.2314,0.223029,1,0.15489,0.424198
3.23165,0.0885836,1,-0.0460241,0.424198
3.2319,0.0396308,1,-0.129156,0.424198
3.23215,-0.0331282,1,-0.193346,0.424198
3.2324,-0.221152,-1,-0.349486,0.424198
3.23265,-0.479447,-1,-0.536211,0.424198
3.2329,-0.640934,-1,-0.608131,0.424198
3.23315,-0.552903,-1,-0.430341,0.424198
3.2334,-0.215492,-1,-0.0320596,0.424198
3.23365,0.199864,-1,0.408226,0.424198
3.2339,0.477417,-0.858268,0.66213,0.424198
3.23415,0.516003,1,0.64782,0.424198
3.2344,0.388631,1,0.440853,0.424198
3.23465,0.252561,1,0.209606,0.424198
3.2349,0.198099,1,0.0509148,0.424198
3.23515,0.174857,1,-0.0355873,0.424198
3.2354,0.0577573,1,-0.179525,0.424198
3.23565,-0.206879,-1,-0.423006,0.424198
3.2359,-0.519107,-1,-0.67723,0.424198
3.23615,-0.68489,-1,-0.758278,0.424198
3.2364,-0.571882,-1,-0.544741,0.424198
3.23665,-0.225607,-1,-0.12235,0.424198
3.2369,0.159895,-1,0.314123,0.424198
3.23715,0.390591,-1,0.550464,0.424198
3.2374,0.415071,1,0.55212,0.424198
3.23765,0.335538,1,0.422444,0.424198
3.2379,0.289517,1,0.2988,0.424198
3.23815,0.310553,1,0.237319,0.424198
3.2384,0.300191,1,0.161803,0.424198
3.23865,0.134134,1,-0.0286884,0.424198
3.2389,-0.197026,-1,-0.356831,0.424198
3.23915,-0.543221,-1,-0.655755,0.424198
3.2394,-0.699703,-1,-0.738485,0.424198
3.23965,-0.566627,-1,-0.528593,0.424198
3.2399,-0.231141,-1,-0.127249,0.424198
3.24015,0.103989,-1,0.236334,0.424198
3.2404,0.282447,-1,0.406642,0.424198
3.24065,0.302783,1,0.391543,0.424198
3.2409,0.284961,1,0.312918,0.424198
3.24115,0.332418,1,0.282408,0.424198
3.2414,0.419183,1,0.290516,0.424198
3.24165,0.409659,1,0.233534,0.424198
3.2419,0.193906,1,0.00424208,0.424198
3.24215,-0.18805,1,-0.359036,0.424198
3.2424,-0.547288,-1,-0.657214,0.424198
3.24265,-0.684298,-1,-0.712812,0.424198
3.2429,-0.540053,-1,-0.465863,0.424198
3.24315,-0.23636,-1,-0.0686453,0.424198
3.2434,0.0324399,-1,0.263715,0.424198
3.24365,0.158239,-1,0.409597,0.424198
3.2439,0.186028,1,0.420727,0.424198
3.24415,0.240281,1,0.408701,0.424198
3.2444,0.378484,1,0.454307,0.424198
3.24465,0.517221,1,0.479232,0.424198
3.2449,0.497771,1,0.372862,0.424198
3.24515,0.236586,1,0.0624778,0.424198
3.2454,-0.176227,1,-0.365672,0.424198
3.24565,-0.528259,-1,-0.692179,0.424198
3.2459,-0.639503,-1,-0.742368,0.424198
3.24615,-0.49643,-1,-0.512142,0.424198
3.2464,-0.244564,-1,-0.179826,0.424198
3.24665,-0.0531312,-1,0.0826564,0.424198
3.2469,0.0237648,-1,0.195374,0.424198
3.24715,0.0716512,-1,0.238246,0.424198
3.2474,0.203272,1,0.325245,0.424198
3.24765,0.423755,1,0.483479,0.424198
3.24791,0.598545,1,0.570129,0.424198
3.24816,0.560681,1,0.439288,0.424198
3.24841,0.263935,1,0.0796784,0.424198
3.24866,-0.158386,1,-0.361377,0.424198
3.24891,-0.484068,0.456693,-0.669514,0.424198
3.24916,-0.568188,-1,-0.701083,0.424198
3.24941,-0.440948,-1,-0.499445,0.424198
3.24966,-0.257935,-1,-0.213172,0.424198
3.24991,-0.150102,-1,-0.0173187,0.424198
3.25016,-0.113412,-1,0.0845787,0.424198
3.25041,-0.0348044,-1,0.185114,0.424198
3.25066,0.174468,1,0.374462,0.424198
3.25091,0.463509,1,0.603218,0.424198
3.25116,0.657459,1,0.709429,0.424198
3.25141,0.596878,1,0.554678,0.424198
3.25166,0.278452,1,0.164303,0.424198
3.25191,-0.130397,1,-0.288894,0.424198
3.25216,-0.414858,1,-0.574569,0.424198
3.25241,-0.474587,-1,-0.605407,0.424198
3.25266,-0.378912,-1,-0.452625,0.424198
3.25291,-0.278273,-1,-0.275996,0.424198
3.25316,-0.253765,-1,-0.15835,0.424198
3.25341,-0.246405,-1,-0.0914476,0.424198
3.25366,-0.128264,-1,0.0540814,0.424198
3.25391,0.15337,1,0.323923,0.424198
3.25416,0.492785,1,0.615201,0.424198
3.25441,0.68969,1,0.73934,0.424198
3.25466,0.606167,1,0.5696,0.424198
3.25491,0.283042,1,0.180721,0.424198
3.25516,-0.0898355,1,-0.224885,0.424198
3.25541,-0.322686,1,-0.456573,0.424198
3.25566,-0.36453,-1,-0.462301,0.424198
3.25591,-0.31569,-1,-0.357562,0.424198
3.25616,-0.305486,-1,-0.272369,0.424198
3.25641,-0.358398,-1,-0.238848,0.424198
3.25666,-0.367854,-1,-0.197606,0.424198
3.25691,-0.205065,-1,-0.0177323,0.424198
3.25716,0.137464,-0.850394,0.299814,0.424198
3.25741,0.50696,1,0.618994,0.424198
3.25766,0.692629,1,0.723192,0.424198
3.25791,0.59028,1,0.527271,0.424198
3.25816,0.282262,1,0.123197,0.424198
3.25841,-0.0354403,1,-0.259505,0.424198
3.25866,-0.210687,1,-0.449241,0.424198
3.25891,-0.244829,-1,-0.457862,0.424198
3.25916,-0.255364,-1,-0.406728,0.424198
3.25941,-0.33822,-1,-0.397602,0.424198
3.25966,-0.458052,-1,-0.415717,0.424198
3.25991,-0.471242,-1,-0.345746,0.424198
3.26016,-0.263863,-1,-0.0892484,0.424198
3.26041,0.123878,-1,0.30682,0.424198
3.26066,0.501681,1,0.653719,0.424198
3.26091,0.665484,1,0.758827,0.424198
3.26116,0.552956,1,0.560227,0.424198
3.26141,0.279891,1,0.19981,0.424198
3.26166,0.0333304,1,-0.112995,0.424198
3.26191,-0.0842326,1,-0.265012,0.424198
3.26216,-0.122225,1,-0.294473,0.424198
3.26241,-0.201589,-1,-0.329333,0.424198
3.26266,-0.373845,-1,-0.431269,0.424198
3.26291,-0.546103,-1,-0.514069,0.424198
3.26316,-0.551924,-1,-0.424161,0.424198
3.26341,-0.304212,-1,-0.110963,0.424198
3.26366,0.10924,-1,0.320117,0.424198
3.26391,0.474097,0.0708661,0.666941,0.424198
3.26416,0.609563,1,0.756508,0.424198
3.26441,0.498313,1,0.55609,0.424198
3.26466,0.279383,1,0.237911,0.424198
3.26491,0.114746,1,-0.00653886,0.424198
3.26516,0.0500777,1,-0.127001,0.424198
3.26541,-0.00326464,1,-0.203174,0.424198
3.26566,-0.156677,-1,-0.329038,0.424198
3.26591,-0.408594,-1,-0.526097,0.424198
3.26616,-0.616397,-1,-0.648986,0.424198
3.26641,-0.606247,-1,-0.546887,0.424198
3.26666,-0.327272,-1,-0.203349,0.424198
3.26691,0.0893327,-1,0.248496,0.424198
3.26716,0.422938,-1,0.588659,0.424198
3.26741,0.5279,1,0.659865,0.424198
3.26766,0.431911,1,0.491709,0.424198
3.26791,0.283712,1,0.266124,0.424198
3.26816,0.205612,1,0.0998751,0.424198
3.26841,0.185625,1,0.012459,0.424198
3.26866,0.105578,1,-0.0938631,0.424198
3.26891,-0.120996,-1,-0.300371,0.424198
3.26916,-0.438128,-1,-0.564148,0.424198
3.26941,-0.663779,-1,-0.713034,0.424198
3.26966,-0.63252,-1,-0.596515,0.424198
3.26991,-0.336178,-1,-0.226553,0.424198
3.27016,0.0612359,-1,0.20359,0.424198
3.27041,0.348003,-1,0.490826,0.424198
3.27066,0.425022,1,0.539626,0.424198
3.27091,0.359336,1,0.411684,0.424198
3.27116,0.294303,1,0.265186,0.424198
3.27141,0.301916,1,0.192327,0.424198
3.27166,0.314654,1,0.14641,0.424198
3.27191,0.199891,1,0.0125436,0.424198
3.27216,-0.0939583,0.267717,-0.261396,0.424198
3.27241,-0.457527,-1,-0.576535,0.424198
3.27267,-0.684154,-1,-0.716071,0.424198
3.27292,-0.63124,-1,-0.57409,0.424198
3.27317,-0.334327,-1,-0.193541,0.424198
3.27342,0.0218422,-1,0.214633,0.424198
3.27367,0.251508,-1,0.456828,0.424198
3.27392,0.307232,0.984252,0.48981,0.424198
3.27417,0.285985,1,0.40396,0.424198
3.27442,0.311382,1,0.337401,0.424198
3.27467,0.398019,1,0.33032,0.424198
3.27492,0.430347,1,0.289219,0.424198
3.27517,0.276021,1,0.0991655,0.424198
3.27542,-0.0737993,1,-0.249493,0.424198
3.27567,-0.46234,-1,-0.599538,0.424198
3.27592,-0.67547,-1,-0.747005,0.424198
3.27617,-0.604365,-1,-0.590908,0.424198
3.27642,-0.325706,-1,-0.218081,0.424198
3.27667,-0.0300786,-1,0.140779,0.424198
3.27692,0.137585,-1,0.331641,0.424198
3.27717,0.18097,-1,0.365808,0.424198
3.27742,0.216703,1,0.355393,0.424198
3.27767,0.333814,1,0.39284,0.424198
3.27792,0.487575,1,0.448782,0.424198
3.27817,0.52677,1,0.389885,0.424198
3.27842,0.331979,1,0.130278,0.424198
3.27867,-0.0570939,1,-0.286768,0.424198
3.27892,-0.448919,-0.740157,-0.661842,0.424198
3.27917,-0.637071,-1,-0.798078,0.424198
3.27942,-0.555567,-1,-0.629745,0.424198
3.27967,-0.314802,-1,-0.287863,0.424198
3.27992,-0.0944043,-1,0.00998569,0.424198
3.28017,0.0107423,-1,0.162687,0.424198
3.28042,0.0537377,-1,0.22445,0.424198
3.28067,0.15485,1,0.300275,0.424198
3.28092,0.359096,1,0.451532,0.424198
3.28117,0.564947,1,0.576025,0.424198
3.28142,0.598854,1,0.529369,0.424198
3.28167,0.368185,1,0.235199,0.424198
3.28192,-0.0405047,1,-0.201562,0.424198
3.28217,-0.414087,1,-0.567413,0.424198
3.28242,-0.570512,-1,-0.682296,0.424198
3.28267,-0.489767,-1,-0.533712,0.424198
3.28292,-0.305179,-1,-0.262814,0.424198
3.28317,-0.170028,-1,-0.0373449,0.424198
3.28342,-0.122283,-1,0.0675705,0.424198
3.28367,-0.0680768,-1,0.142354,0.424198
3.28392,0.102812,1,0.287775,0.424198
3.28417,0.383812,1,0.520634,0.424198
3.28442,0.623985,1,0.668353,0.424198
3.28467,0.643293,1,0.595611,0.424198
3.28492,0.385919,1,0.269489,0.424198
3.28517,-0.0205794,1,-0.180114,0.424198
3.28542,-0.356954,1,-0.515503,0.424198
3.28567,-0.479342,-1,-0.61254,0.424198
3.28592,-0.41256,-1,-0.478534,0.424198
3.28617,-0.299695,-1,-0.283867,0.424198
3.28642,-0.253906,-1,-0.149397,0.424198
3.28667,-0.254185,-1,-0.0892011,0.424198
3.28692,-0.178184,-1,0.00659884,0.424198
3.28717,0.0616088,0.141732,0.234278,0.424198
3.28742,0.403346,1,0.524439,0.424198
3.28767,0.659755,1,0.708159,0.424198
3.28792,0.659022,1,0.618534,0.424198
3.28817,0.387858,1,0.270469,0.424198
3.28842,0.0066786,1,-0.161651,0.424198
3.28867,-0.278046,1,-0.460211,0.424198
3.28892,-0.368229,-0.76378,-0.521205,0.424198
3.28917,-0.329931,-1,-0.422204,0.424198
3.28942,-0.300217,-1,-0.310579,0.424198
3.28967,-0.34164,-1,-0.26168,0.424198
3.28992,-0.378166,-1,-0.228877,0.424198
3.29017,-0.271472,-1,-0.0866474,0.424198
3.29042,0.0301721,-1,0.208395,0.424198
3.29067,0.413665,1,0.555515,0.424198
3.29092,0.668575,1,0.732477,0.424198
3.29117,0.646492,1,0.626142,0.424198
3.29142,0.378186,1,0.263965,0.424198
3.29167,0.0433165,1,-0.136626,0.424198
3.29192,-0.179056,1,-0.393074,0.424198
3.29217,-0.24354,1,-0.440616,0.424198
3.29242,-0.247309,-1,-0.396937,0.424198
3.29267,-0.307009,-1,-0.374893,0.424198
3.29292,-0.428221,-1,-0.394408,0.424198
3.29317,-0.487128,-1,-0.347356,0.424198
3.29342,-0.345087,-1,-0.134182,0.424198
3.29367,0.0065845,-1,0.24118,0.424198
3.29392,0.410473,1,0.635865,0.424198
3.29417,0.648466,1,0.820956,0.424198
3.29442,0.608118,1,0.692218,0.424198
3.29467,0.361026,1,0.344544,0.424198
3.29492,0.0908039,1,-0.00619977,0.424198
3.29517,-0.0640696,1,-0.211277,0.424198
3.29542,-0.112492,1,-0.267814,0.424198
3.29567,-0.169649,-1,-0.303573,0.424198
3.29592,-0.319244,-1,-0.398698,0.424198
3.29617,-0.507632,-1,-0.515163,0.424198
3.29642,-0.574961,-1,-0.499907,0.424198
3.29667,-0.397143,-1,-0.264412,0.424198
3.29692,-0.0114921,-1,0.146158,0.424198
3.29717,0.389775,-1,0.538057,0.424198
3.29743,0.599466,1,0.70288,0.424198
3.29768,0.547931,1,0.579429,0.424198
3.29793,0.340806,1,0.287495,0.424198
3.29818,0.149691,1,0.0064224,0.424198
3.29843,0.0613708,1,-0.137334,0.424198
3.29868,0.0181534,1,-0.198382,0.424198
3.29893,-0.100918,-1,-0.295329,0.424198
3.29918,-0.334537,-1,-0.465361,0.424198
3.29943,-0.573889,-1,-0.619869,0.424198
3.29968,-0.637387,-1,-0.586085,0.424198
3.29993,-0.427534,-1,-0.3031,0.424198
3.30018,-0.0282271,-1,0.135845,0.424198
3.30043,0.349446,-1,0.521709,0.424198
3.30068,0.523155,1,0.663837,0.424198
3.30093,0.471066,1,0.549286,0.424198
3.30118,0.321312,1,0.309251,0.424198
3.30143,0.218394,1,0.126281,0.424198
3.30168,0.191343,1,0.0266734,0.424198
3.30193,0.141285,1,-0.0488957,0.424198
3.30218,-0.0430644,-0.496063,-0.219676,0.424198
3.30243,-0.349599,-1,-0.475922,0.424198
3.30268,-0.621465,-1,-0.67381,0.424198
3.30293,-0.67132,-1,-0.636748,0.424198
3.30318,-0.43856,-1,-0.323247,0.424198
3.30343,-0.0470677,-1,0.108757,0.424198
3.30368,0.287951,-1,0.447474,0.424198
3.30393,0.4233,0.692913,0.550225,0.424198
3.30418,0.38372,1,0.455955,0.424198
3.30443,0.305703,1,0.30026,0.424198
3.30468,0.293976,1,0.197504,0.424198
3.30493,0.318573,1,0.161493,0.424198
3.30518,0.250593,1,0.0642478,0.424198
3.30543,0.0027897,1,-0.173643,0.424198
3.30568,-0.36057,-1,-0.488987,0.424198
3.30593,-0.64565,-1,-0.701047,0.424198
3.30618,-0.675702,-1,-0.642677,0.424198
3.30643,-0.432722,-1,-0.299959,0.424198
3.30668,-0.0711765,-1,0.123297,0.424198
3.30693,0.206076,-1,0.432337,0.424198
3.30718,0.305348,-1,0.507035,0.424198
3.30743,0.291431,1,0.438574,0.424198
3.30768,0.295956,1,0.358438,0.424198
3.30793,0.37259,1,0.335655,0.424198
3.30818,0.435749,1,0.299368,0.424198
3.30843,0.341739,1,0.125979,0.424198
3.30868,0.0369949,1,-0.210206,0.424198
3.30893,-0.362834,-1,-0.598487,0.424198
3.30918,-0.643222,-1,-0.822306,0.424198
3.30943,-0.651707,-1,-0.744013,0.424198
3.30968,-0.414057,-1,-0.407266,0.424198
3.30993,-0.103659,-1,-0.0126187,0.424198
3.31018,0.106355,-1,0.250658,0.424198
3.31043,0.175305,-1,0.332552,0.424198
3.31068,0.200284,1,0.339112,0.424198
3.31093,0.292642,1,0.379745,0.424198
3.31118,0.449003,1,0.459935,0.424198
3.31143,0.53656,1,0.468106,0.424198
3.31168,0.411345,1,0.285154,0.424198
3.31193,0.0619298,1,-0.0896773,0.424198
3.31218,-0.352429,1,-0.490603,0.424198
3.31243,-0.612348,-1,-0.712585,0.424198
3.31268,-0.601783,-1,-0.638492,0.424198
3.31293,-0.387369,-1,-0.335753,0.424198
3.31318,-0.14583,-1,-0.00584568,0.424198
3.31343,-0.00777299,-1,0.184574,0.424198
3.31368,0.04068,-1,0.25196,0.424198
3.31393,0.115519,1,0.299869,0.424198
3.31418,0.294968,1,0.421831,0.424198
3.31443,0.517559,1,0.559289,0.424198
3.31468,0.614982,1,0.559441,0.424198
3.31493,0.457641,1,0.331967,0.424198
3.31518,0.0802822,1,-0.087157,0.424198
3.31543,-0.326149,1,-0.492263,0.424198
3.31568,-0.553308,-1,-0.694259,0.424198
3.31593,-0.530371,-1,-0.601938,0.424198
3.31618,-0.357082,-1,-0.344981,0.424198
3.31643,-0.197747,-1,-0.0983885,0.424198
3.31668,-0.130732,-1,0.0296398,0.424198
3.31693,-0.0913925,-1,0.0973616,0.424198
3.31718,0.0406641,0.724409,0.220384,0.424198
3.31743,0.300989,1,0.425302,0.424198
3.31768,0.572586,1,0.623578,0.424198
3.31793,0.666837,1,0.631162,0.424198
3.31818,0.481328,1,0.376729,0.424198
3.31843,0.0953606,1,-0.0522512,0.424198
3.31868,-0.281199,1,-0.43081,0.424198
3.31893,-0.468536,-0.700787,-0.591927,0.424198
3.31918,-0.44284,-1,-0.51041,0.424198
3.31943,-0.327329,-1,-0.315291,0.424198
3.31968,-0.258482,-1,-0.158124,0.424198
3.31993,-0.255757,-1,-0.0963217,0.424198
3.32018,-0.214292,-1,-0.0293181,0.424198
3.32043,-0.021405,-1,0.158331,0.424198
3.32068,0.307323,1,0.436037,0.424198
3.32093,0.608747,1,0.658049,0.424198
3.32118,0.68958,1,0.65091,0.424198
3.32143,0.484095,1,0.3467,0.424198
3.32168,0.111365,1,-0.094999,0.424198
3.32193,-0.216862,1,-0.44306,0.424198
3.32219,-0.361397,1,-0.570349,0.424198
3.32244,-0.345384,-1,-0.496742,0.424198
3.32269,-0.301459,-1,-0.373556,0.424198
3.32294,-0.325169,-1,-0.288479,0.424198
3.32319,-0.376726,-1,-0.234176,0.424198
3.32344,-0.321751,-1,-0.101354,0.424198
3.32369,-0.0701991,-1,0.181336,0.424198
3.32394,0.310227,1,0.545698,0.424198
3.32419,0.621673,1,0.805716,0.424198
3.32444,0.682397,1,0.783918,0.421654
3.32469,0.469097,1,0.463334,0.421654
3.32494,0.131484,1,0.0393754,0.421654
3.32519,-0.134123,1,-0.26918,0.421654
3.32544,-0.237566,1,-0.398873,0.421654
3.32569,-0.244513,-1,-0.385904,0.421654
3.32594,-0.281563,-1,-0.375383,0.421654
3.32619,-0.39382,-1,-0.406791,0.421654
3.32644,-0.486255,-1,-0.424867,0.421654
3.32669,-0.408833,-1,-0.287501,0.421654
3.32694,-0.106076,-1,0.0428263,0.421654
3.32719,0.305794,-1,0.444801,0.421654
3.32744,0.608442,1,0.710678,0.421654
3.32769,0.646569,1,0.682711,0.421654
3.32794,0.440855,1,0.388697,0.421654
3.32819,0.15825,1,0.0261258,0.421654
3.32844,-0.0348241,1,-0.232431,0.421654
3.32869,-0.103862,1,-0.315751,0.421654
3.32894,-0.145917,-1,-0.335812,0.421654
3.32919,-0.268529,-1,-0.394829,0.421654
3.32944,-0.459492,-1,-0.500616,0.421654
3.32969,-0.577737,-1,-0.519723,0.421654
3.32994,-0.472909,-1,-0.342192,0.421654
3.33019,-0.130705,-1,0.0366609,0.421654
3.33044,0.289524,-1,0.460818,0.421654
3.33069,0.567783,1,0.70465,0.421654
3.33094,0.585143,1,0.656765,0.421654
3.33119,0.403986,1,0.388143,0.421654
3.33144,0.193684,1,0.0961978,0.421654
3.33169,0.0768376,1,-0.091486,0.421654
3.33194,0.0329592,1,-0.159032,0.421654
3.33219,-0.0549182,1,-0.229046,0.421654
3.33244,-0.261576,-1,-0.392113,0.421654
3.33269,-0.517062,-1,-0.568,0.421654
3.33294,-0.645964,-1,-0.603203,0.421654
3.33319,-0.512441,-1,-0.371637,0.421654
3.33344,-0.147525,-1,0.0545196,0.421654
3.33369,0.258696,-1,0.488761,0.421654
3.33394,0.499894,-1,0.710631,0.421654
3.33419,0.502719,1,0.662255,0.421654
3.33444,0.363281,1,0.43563,0.421654
3.33469,0.237862,1,0.198484,0.421654
3.33494,0.195345,1,0.0516622,0.421654
3.33519,0.165335,1,-0.0557223,0.421654
3.33544,0.0242666,1,-0.227437,0.421654
3.33569,-0.258698,-1,-0.495373,0.421654
3.33594,-0.560962,-1,-0.743682,0.421654
3.33619,-0.68674,-1,-0.785666,0.421654
3.33644,-0.527773,-1,-0.532314,0.421654
3.33669,-0.159885,-1,-0.0701649,0.421654
3.33694,0.211161,-1,0.350759,0.421654
3.33719,0.407299,-1,0.561688,0.421654
3.33744,0.405184,1,0.540223,0.421654
3.33769,0.323155,1,0.412737,0.421654
3.33794,0.289581,1,0.307718,0.421654
3.33819,0.314831,1,0.250155,0.421654
3.33844,0.286138,1,0.16334,0.421654
3.33869,0.0895541,1,-0.0602458,0.421654
3.33894,-0.257417,-1,-0.392451,0.421654
3.33919,-0.586085,-1,-0.68718,0.421654
3.33944,-0.697765,-1,-0.730821,0.421654
3.33969,-0.521392,-1,-0.477675,0.421654
3.33994,-0.171533,-1,-0.0673357,0.421654
3.34019,0.145616,-1,0.272855,0.421654
3.34044,0.29437,-1,0.412606,0.421654
3.34069,0.298711,1,0.378244,0.421654
3.34094,0.287103,1,0.303579,0.421654
3.34119,0.346551,1,0.290476,0.421654
3.34144,0.428264,1,0.290394,0.421654
3.34169,0.389904,1,0.204032,0.421654
3.34194,0.139778,1,-0.0602167,0.421654
3.34219,-0.253568,1,-0.4273,0.421654
3.34244,-0.588385,-1,-0.698892,0.421654
3.34269,-0.67874,-1,-0.700228,0.421654
3.34294,-0.496639,-1,-0.419876,0.421654
3.34319,-0.186041,-1,-0.00520611,0.421654
3.34344,0.0630712,-1,0.311539,0.421654
3.34369,0.166291,-1,0.433816,0.421654
3.34394,0.189948,1,0.428068,0.421654
3.34419,0.257409,1,0.432318,0.421654
3.34444,0.404901,1,0.487119,0.421654
3.34469,0.528719,1,0.502692,0.421654
3.34494,0.471814,1,0.353209,0.421654
3.34519,0.175438,1,0.00299649,0.421654
3.34544,-0.243349,1,-0.435264,0.421654
3.34569,-0.565303,-1,-0.733783,0.421654
3.34594,-0.631207,-1,-0.741436,0.421654
3.34619,-0.458161,-1,-0.486062,0.421654
3.34644,-0.206187,-1,-0.148847,0.421654
3.34669,-0.0338305,-1,0.0934398,0.421654
3.34695,0.0299823,-1,0.197404,0.421654
3.3472,0.0852603,-1,0.246934,0.421654
3.34745,0.234974,1,0.362856,0.421654
3.3477,0.459984,1,0.51522,0.421654
3.34795,0.610219,1,0.582897,0.421654
3.3482,0.528779,1,0.40758,0.421654
3.34845,0.198704,1,0.022078,0.421654
3.3487,-0.223209,1,-0.420607,0.421654
3.34895,-0.515478,0.96063,-0.695446,0.421654
3.3492,-0.558657,-1,-0.689818,0.421654
3.34945,-0.41071,-1,-0.457273,0.421654
3.3497,-0.233603,-1,-0.18276,0.421654
3.34995,-0.141591,-1,0.00314548,0.421654
3.3502,-0.107019,-1,0.105816,0.421654
3.35045,-0.0104067,-1,0.227152,0.421654
3.3507,0.219586,1,0.44134,0.421654
3.35095,0.506613,1,0.668332,0.421654
3.3512,0.667405,1,0.745569,0.421654
3.35145,0.560207,1,0.535186,0.421654
3.3517,0.212454,1,0.10568,0.421654
3.35195,-0.189531,1,-0.340738,0.421654
3.3522,-0.439818,1,-0.603827,0.421654
3.35245,-0.465841,-1,-0.607564,0.421654
3.3527,-0.35943,-1,-0.442541,0.421654
3.35295,-0.269018,-1,-0.281529,0.421654
3.3532,-0.25471,-1,-0.178218,0.421654
3.35345,-0.237867,-1,-0.101915,0.421654
3.3537,-0.0929852,-1,0.0708881,0.421654
3.35395,0.209196,1,0.363662,0.421654
3.3542,0.53957,1,0.655383,0.421654
3.35445,0.696528,1,0.743824,0.421654
3.3547,0.566489,1,0.531016,0.421654
3.35495,0.220162,1,0.119865,0.421654
3.3552,-0.140443,1,-0.270743,0.421654
3.35545,-0.341177,1,-0.468457,0.421654
3.3557,-0.359039,-1,-0.448233,0.421654
3.35595,-0.308961,-1,-0.344019,0.421654
3.3562,-0.311309,-1,-0.264419,0.421654
3.35645,-0.366839,-1,-0.23797,0.421654
3.3567,-0.355365,-1,-0.182024,0.421654
3.35695,-0.159568,-1,0.0351604,0.421654
3.3572,0.201115,-1,0.36241,0.421654
3.35745,0.554247,1,0.657026,0.421654
3.3577,0.695698,1,0.722416,0.421654
3.35795,0.54999,1,0.469803,0.421654
3.3582,0.226146,1,0.0489755,0.421654
3.35845,-0.0754476,1,-0.309097,0.421654
3.3587,-0.223459,1,-0.483501,0.421654
3.35895,-0.244675,-1,-0.472443,0.421654
3.3592,-0.262925,-1,-0.427771,0.421654
3.35945,-0.35811,-1,-0.424949,0.421654
3.3597,-0.471667,-1,-0.432094,0.421654
3.35995,-0.453775,-1,-0.331625,0.421654
3.3602,-0.209704,-1,-0.0358678,0.421654
3.36045,0.192023,-1,0.381152,0.421654
3.3607,0.546624,1,0.706324,0.421654
3.36095,0.664928,1,0.767213,0.421654
3.3612,0.514718,1,0.53022,0.421654
3.36145,0.233811,1,0.169093,0.421654
3.3617,0.00511882,1,-0.128408,0.421654
3.36195,-0.0928373,1,-0.262817,0.421654
3.3622,-0.129313,1,-0.297728,0.421654
3.36245,-0.223861,-1,-0.348918,0.421654
3.3627,-0.405934,-1,-0.46487,0.421654
3.36295,-0.562418,-1,-0.531513,0.421654
3.3632,-0.528961,-1,-0.410845,0.421654
3.36345,-0.243795,-1,-0.0634864,0.421654
3.3637,0.177634,-1,0.382222,0.421654
3.36395,0.514356,-0.251969,0.704687,0.421654
3.3642,0.606122,1,0.737929,0.421654
3.36445,0.465319,1,0.520495,0.421654
3.3647,0.245973,1,0.200276,0.421654
3.36495,0.0985861,1,-0.0304411,0.421654
3.3652,0.0440094,1,-0.148912,0.421654
3.36545,-0.0194012,1,-0.233877,0.421654
3.3657,-0.193064,-1,-0.377649,0.421654
3.36595,-0.450276,-1,-0.584854,0.421654
3.3662,-0.632902,-1,-0.676487,0.421654
3.36645,-0.578004,-1,-0.533615,0.421654
3.3667,-0.263647,-1,-0.13719,0.421654
3.36695,0.154479,-1,0.320735,0.421654
3.3672,0.456871,-1,0.625447,0.421654
3.36745,0.522859,1,0.653001,0.421654
3.3677,0.407089,1,0.479967,0.421654
3.36795,0.264808,1,0.247208,0.421654
3.3682,0.200842,1,0.0985442,0.421654
3.36845,0.180092,1,0.0141445,0.421654
3.3687,0.0794475,1,-0.107059,0.421654
3.36895,-0.16995,-1,-0.340851,0.421654
3.3692,-0.486294,-1,-0.607098,0.421654
3.36945,-0.678671,-1,-0.729821,0.421654
3.3697,-0.599945,-1,-0.564545,0.421654
3.36995,-0.272846,-1,-0.165361,0.421654
3.3702,0.119749,-1,0.254512,0.421654
3.37045,0.374821,-1,0.510163,0.421654
3.3707,0.420559,1,0.527808,0.421654
3.37095,0.345299,1,0.399104,0.421654
3.3712,0.290764,1,0.265645,0.421654
3.37145,0.306922,1,0.195476,0.421654
3.37171,0.307864,1,0.136509,0.421654
3.37196,0.163621,1,-0.0214825,0.421654
3.37221,-0.153032,0.755906,-0.321575,0.421654
3.37246,-0.508701,-1,-0.616237,0.421654
3.37271,-0.696044,-1,-0.724627,0.421654
3.37296,-0.596085,-1,-0.528913,0.421654
3.37321,-0.27495,-1,-0.11838,0.421654
3.37346,0.0709237,-1,0.288553,0.421654
3.37371,0.271178,-1,0.505109,0.421654
3.37396,0.305201,1,0.509165,0.421654
3.37421,0.284733,1,0.429597,0.421654
3.37446,0.323023,1,0.37817,0.421654
3.37471,0.41091,1,0.361068,0.421654
3.37496,0.420382,1,0.290067,0.421654
3.37521,0.230357,1,0.0619298,0.421654
3.37546,-0.139833,1,-0.314452,0.421654
3.37571,-0.513472,-1,-0.665607,0.421654
3.37596,-0.683455,-1,-0.77326,0.421654
3.37621,-0.568965,-1,-0.576155,0.421654
3.37646,-0.273822,-1,-0.19115,0.421654
3.37671,0.00755251,-1,0.155308,0.421654
3.37696,0.150693,-1,0.335502,0.421654
3.37721,0.183758,-1,0.353088,0.421654
3.37746,0.22942,1,0.360498,0.421654
3.37771,0.359353,1,0.411663,0.421654
3.37796,0.506092,1,0.469831,0.421654
3.37821,0.51241,1,0.378425,0.421654
3.37846,0.278537,1,0.082064,0.421654
3.37871,-0.126471,1,-0.344821,0.421654
3.37896,-0.49707,-0.425197,-0.702168,0.421654
3.37921,-0.64114,-1,-0.784119,0.421654
3.37946,-0.522646,-1,-0.58991,0.421654
3.37971,-0.273579,-1,-0.242025,0.421654
3.37996,-0.0692578,-1,0.0472639,0.421654
3.38021,0.0187642,-1,0.189621,0.421654
3.38046,0.0633344,-1,0.24497,0.421654
3.38071,0.181823,1,0.341971,0.421654
3.38096,0.39665,1,0.499155,0.421654
3.38121,0.586331,1,0.611642,0.421654
3.38146,0.579522,1,0.514921,0.421654
3.38171,0.30938,1,0.172364,0.421654
3.38196,-0.109217,1,-0.272982,0.421654
3.38221,-0.456958,1,-0.618248,0.421654
3.38246,-0.571371,-1,-0.693367,0.421654
3.38271,-0.462253,-1,-0.516475,0.421654
3.38296,-0.277205,-1,-0.246015,0.421654
3.38321,-0.157613,-1,-0.0351673,0.421654
3.38346,-0.117523,-1,0.0660455,0.421654
3.38371,-0.0501254,-1,0.158232,0.421654
3.38396,0.143316,1,0.327824,0.421654
3.38421,0.430512,1,0.56266,0.421654
3.38446,0.645769,1,0.702913,0.421654
3.38471,0.619143,1,0.581676,0.421654
3.38496,0.324791,1,0.213946,0.421654
3.38521,-0.085109,1,-0.234315,0.421654
3.38546,-0.392741,1,-0.545043,0.421654
3.38571,-0.478323,-1,-0.599512,0.421654
3.38596,-0.393265,-1,-0.459537,0.421654
3.38621,-0.286487,-1,-0.269162,0.421654
3.38646,-0.253433,-1,-0.1548,0.421654
3.38671,-0.250631,-1,-0.090306,0.421654
3.38696,-0.150996,-1,0.0325868,0.421654
3.38721,0.113815,-0.15748,0.276517,0.421654
3.38746,0.456254,1,0.577973,0.421654
3.38771,0.679813,1,0.724437,0.421654
3.38796,0.631007,1,0.577373,0.421654
3.38821,0.328035,1,0.195801,0.421654
3.38846,-0.050458,1,-0.229717,0.421654
3.38871,-0.305882,1,-0.501156,0.421654
3.38896,-0.367179,-1,-0.533525,0.421654
3.38921,-0.321291,-1,-0.425753,0.421654
3.38946,-0.302482,-1,-0.329473,0.421654
3.38971,-0.35153,-1,-0.278724,0.421654
3.38996,-0.373801,-1,-0.229936,0.421654
3.39021,-0.234959,-1,-0.0640274,0.421654
3.39046,0.091631,-1,0.262408,0.421654
3.39071,0.469325,1,0.604641,0.421654
3.39096,0.685373,1,0.752173,0.421654
3.39121,0.616268,1,0.588841,0.421654
3.39146,0.323065,1,0.210094,0.421654
3.39171,-0.00351026,1,-0.181152,0.421654
3.39196,-0.198922,1,-0.406529,0.421654
3.39221,-0.244567,1,-0.429548,0.421654
3.39246,-0.251281,-1,-0.390684,0.421654
3.39271,-0.324484,-1,-0.380786,0.421654
3.39296,-0.446303,-1,-0.403072,0.421654
3.39321,-0.480194,-1,-0.338019,0.421654
3.39346,-0.300094,-1,-0.0899698,0.421654
3.39371,0.0742592,-1,0.310319,0.421654
3.39396,0.465211,1,0.692418,0.421654
3.39421,0.661141,1,0.828502,0.421654
3.39446,0.578085,1,0.654788,0.421654
3.39471,0.314038,1,0.296708,0.421654
3.39496,0.0562125,1,-0.0469441,0.421654
3.39521,-0.0767212,1,-0.225367,0.421654
3.39546,-0.11773,1,-0.275531,0.421654
3.39571,-0.18714,-1,-0.323776,0.421654
3.39596,-0.350577,-1,-0.437256,0.421654
3.39621,-0.53133,-1,-0.543646,0.421654
3.39647,-0.564168,-1,-0.484231,0.421654
3.39672,-0.345294,-1,-0.206139,0.421654
3.39697,0.0585744,-1,0.218407,0.421654
3.39722,0.440753,-1,0.591008,0.421654
3.39747,0.607893,1,0.719881,0.421654
3.39772,0.520576,1,0.563223,0.421654
3.39797,0.304801,1,0.250373,0.421654
3.39822,0.128348,1,-0.011227,0.421654
3.39847,0.0545238,1,-0.14074,0.421654
3.39872,0.00662036,1,-0.214569,0.421654
3.39897,-0.132034,-1,-0.324637,0.421654
3.39922,-0.377543,-1,-0.511136,0.421654
3.39947,-0.600478,-1,-0.649218,0.421654
3.39972,-0.622103,-1,-0.577539,0.421654
3.39997,-0.371211,-1,-0.245193,0.421654
3.40022,0.0403937,-1,0.2032,0.421654
3.40047,0.394222,-1,0.55604,0.421654
3.40072,0.527979,1,0.662901,0.421654
3.40097,0.449212,1,0.524752,0.421654
3.40122,0.298852,1,0.293765,0.421654
3.40147,0.210335,1,0.112762,0.421654
3.40172,0.188438,1,0.0264223,0.421654
3.40197,0.122173,1,-0.0657608,0.421654
3.40222,-0.0870319,-0.338583,-0.258821,0.421654
3.40247,-0.401382,-1,-0.526887,0.421654
3.40272,-0.648385,-1,-0.694675,0.421654
3.40297,-0.651714,-1,-0.608165,0.421654
3.40322,-0.380586,-1,-0.265674,0.421654
3.40347,0.0163893,-1,0.180264,0.421654
3.40372,0.324837,-1,0.491559,0.421654
3.40397,0.425968,0.952756,0.563343,0.421654
3.40422,0.369721,1,0.453809,0.421654
3.40447,0.298298,1,0.295999,0.421654
3.40472,0.298291,1,0.213171,0.421654
3.40497,0.317331,1,0.172375,0.421654
3.40522,0.223076,1,0.044356,0.421654
3.40547,-0.0522293,1,-0.220941,0.421654
3.40572,-0.417768,-1,-0.537408,0.421654
3.40597,-0.670692,-1,-0.724307,0.421654
3.40622,-0.652614,-1,-0.611641,0.421654
3.40647,-0.376617,-1,-0.239755,0.421654
3.40672,-0.0161921,-1,0.182914,0.421654
3.40697,0.234212,-1,0.457304,0.421654
3.40722,0.307463,-1,0.50761,0.421654
3.40747,0.287868,1,0.428958,0.421654
3.40772,0.304111,1,0.365541,0.421654
3.40797,0.387594,1,0.345888,0.421654
3.40822,0.434295,1,0.286754,0.421654
3.40847,0.305791,1,0.0835945,0.421654
3.40872,-0.0264335,1,-0.274761,0.421654
3.40897,-0.421935,-1,-0.657394,0.421654
3.40922,-0.664699,-1,-0.842357,0.421654
3.40947,-0.626584,-1,-0.716911,0.421654
3.40972,-0.363304,-1,-0.355666,0.421654
3.40997,-0.0598218,-1,0.0374974,0.421654
3.41022,0.125865,-1,0.270213,0.421654
3.41047,0.178905,-1,0.345315,0.421654
3.41072,0.20902,1,0.350741,0.421654
3.41097,0.315876,1,0.403719,0.421654
3.41122,0.472375,1,0.488294,0.421654
3.41147,0.533106,1,0.468474,0.421654
3.41172,0.367684,1,0.240229,0.421654
3.41197,-0.00662296,1,-0.16114,0.421654
3.41222,-0.410007,1,-0.556081,0.421654
3.41247,-0.629414,-1,-0.736707,0.421654
3.41272,-0.576838,-1,-0.614518,0.421654
3.41297,-0.345315,-1,-0.297364,0.421654
3.41322,-0.114978,-1,0.0214319,0.421654
3.41347,0.00381679,-1,0.199353,0.421654
3.41372,0.0476412,-1,0.261564,0.421654
3.41397,0.137152,1,0.327187,0.421654
3.41422,0.33179,1,0.458215,0.421654
3.41447,0.546386,1,0.586263,0.421654
3.41472,0.608288,1,0.556247,0.421654
3.41497,0.407886,1,0.281137,0.421654
3.41522,0.0103094,1,-0.15566,0.421654
3.41547,-0.379048,1,-0.542036,0.421654
3.41572,-0.565778,-1,-0.701648,0.421654
3.41597,-0.508108,-1,-0.576502,0.421654
3.41622,-0.326621,-1,-0.31679,0.421654
3.41647,-0.18075,-1,-0.075646,0.421654
3.41672,-0.125625,-1,0.0415604,0.421654
3.41697,-0.0789995,-1,0.113779,0.421654
3.41722,0.0753608,0.645669,0.250931,0.421654
3.41747,0.349027,1,0.477519,0.421654
3.41772,0.604269,1,0.653586,0.421654
3.41797,0.656039,1,0.62075,0.421654
3.41822,0.427859,1,0.314215,0.421654
3.41847,0.0278026,1,-0.12603,0.421654
3.41872,-0.327118,1,-0.487509,0.421654
3.41897,-0.476835,-0.913386,-0.605496,0.421654
3.41922,-0.425941,-1,-0.495131,0.421654
3.41947,-0.310655,-1,-0.303047,0.421654
3.41972,-0.255141,-1,-0.160903,0.421654
3.41997,-0.255412,-1,-0.100078,0.421654
3.42022,-0.195026,-1,-0.011015,0.421654
3.42047,0.025382,-1,0.198214,0.421654
3.42072,0.363368,1,0.483567,0.421654
3.42097,0.64066,1,0.690887,0.421654
3.42123,0.674716,1,0.625873,0.421654
3.42148,0.429864,1,0.286707,0.421654
3.42173,0.0499078,1,-0.151138,0.421654
3.42198,-0.254108,1,-0.483074,0.421654
3.42223,-0.366815,1,-0.570938,0.421654
3.42248,-0.336403,-1,-0.484527,0.421654
3.42273,-0.299935,-1,-0.365465,0.421654
3.42298,-0.334522,-1,-0.291134,0.421654
3.42323,-0.378816,-1,-0.230467,0.421654
3.42348,-0.294808,-1,-0.0688283,0.421654
3.42373,-0.0132079,-1,0.243194,0.421654
3.42398,0.371013,1,0.610163,0.421654
3.42423,0.651509,1,0.843496,0.421654
3.42448,0.664243,1,0.764184,0.431436
3.42473,0.41739,1,0.416981,0.431436
3.42498,0.0794863,1,-0.01286,0.431436
3.42523,-0.16181,1,-0.309212,0.431436
3.42548,-0.241812,1,-0.407636,0.431436
3.42573,-0.245617,-1,-0.388002,0.431436
3.42598,-0.295498,-1,-0.391596,0.431436
3.42623,-0.414018,-1,-0.437009,0.431436
3.42648,-0.488637,-1,-0.425792,0.431436
3.42673,-0.37417,-1,-0.253207,0.431436
3.42698,-0.04159,-1,0.106765,0.431436
3.42723,0.367713,-1,0.512706,0.431436
3.42748,0.634381,1,0.736466,0.431436
3.42773,0.626576,1,0.665719,0.431436
3.42798,0.395082,1,0.347148,0.431436
3.42823,0.118116,1,-0.0113831,0.431436
3.42848,-0.0529767,1,-0.245422,0.431436
3.42873,-0.108928,1,-0.312181,0.431436
3.42898,-0.1587,-1,-0.337669,0.431436
3.42923,-0.297226,-1,-0.426519,0.431436
3.42948,-0.488298,-1,-0.532551,0.431436
3.42973,-0.578509,-1,-0.524928,0.431436
3.42998,-0.431325,-1,-0.306025,0.431436
3.43023,-0.0622466,-1,0.103346,0.431436
3.43048,0.349279,-1,0.51316,0.431436
3.43073,0.588787,1,0.718245,0.431436
3.43098,0.565367,1,0.636847,0.431436
3.43123,0.36745,1,0.353861,0.431436
3.43148,0.16714,1,0.0634144,0.431436
3.43173,0.0673758,1,-0.103639,0.431436
3.43198,0.0250239,1,-0.166373,0.431436
3.43223,-0.0801711,-0.929134,-0.258445,0.431436
3.43248,-0.303412,-1,-0.429573,0.431436
3.43273,-0.551468,-1,-0.603762,0.431436
3.43298,-0.643722,-1,-0.609778,0.431436
3.43323,-0.465545,-1,-0.357135,0.431436
3.43348,-0.0786217,-1,0.0620174,0.431436
3.43373,0.31301,-1,0.460576,0.431436
3.43398,0.515728,1,0.634137,0.431436
3.43423,0.485569,1,0.541487,0.431436
3.43448,0.338643,1,0.311378,0.431436
3.43473,0.225694,1,0.12307,0.431436
3.43498,0.193048,1,0.0324899,0.431436
3.43523,0.152688,1,-0.0334172,0.431436
3.43548,-0.0133015,1,-0.181593,0.431436
3.43573,-0.311348,-1,-0.425407,0.431436
3.43598,-0.597995,-1,-0.635014,0.431436
3.43623,-0.680697,-1,-0.619322,0.431436
3.43648,-0.478041,-1,-0.326176,0.431436
3.43673,-0.0943375,-1,0.127715,0.431436
3.43698,0.257566,-1,0.497193,0.431436
3.43723,0.418467,-1,0.639357,0.431436
3.43748,0.393192,1,0.552643,0.431436
3.43773,0.312412,1,0.376658,0.431436
3.43798,0.291558,1,0.250484,0.431436
3.43823,0.317713,1,0.166899,0.431436
3.43848,0.267361,1,0.035448,0.431436
3.43873,0.0407524,1,-0.220656,0.431436
3.43898,-0.31759,-1,-0.57288,0.431436
3.43923,-0.622962,-1,-0.818274,0.431436
3.43948,-0.68784,-1,-0.795923,0.431436
3.43973,-0.471584,-1,-0.468822,0.431436
3.43998,-0.112779,-1,-0.022405,0.431436
3.44023,0.182434,-1,0.327114,0.431436
3.44048,0.302033,-1,0.465442,0.431436
3.44073,0.294496,1,0.443759,0.431436
3.44098,0.291429,1,0.388339,0.431436
3.44123,0.361506,1,0.38331,0.431436
3.44148,0.434091,1,0.378548,0.431436
3.44173,0.364165,1,0.252381,0.431436
3.44198,0.0817086,1,-0.062398,0.431436
3.44223,-0.317717,0.472441,-0.455243,0.431436
3.44248,-0.6227,-1,-0.7219,0.431436
3.44273,-0.66564,-1,-0.701321,0.431436
3.44298,-0.449952,-1,-0.405494,0.431436
3.44323,-0.137447,-1,-0.0125379,0.431436
3.44348,0.0895032,-1,0.26239,0.431436
3.44373,0.17213,-1,0.347998,0.431436
3.44398,0.195361,1,0.345312,0.431436
3.44423,0.27698,1,0.373594,0.431436
3.44448,0.43084,1,0.440636,0.431436
3.44473,0.53525,1,0.451985,0.431436
3.44498,0.439178,1,0.291608,0.431436
3.44523,0.110695,1,-0.060503,0.431436
3.44548,-0.307785,1,-0.474013,0.431436
3.44573,-0.595225,-1,-0.715298,0.431436
3.44599,-0.616459,-1,-0.670796,0.431436
3.44624,-0.417649,-1,-0.376598,0.431436
3.44649,-0.170226,-1,-0.0412109,0.431436
3.44674,-0.0176853,-1,0.17337,0.431436
3.44699,0.036155,-1,0.248074,0.431436
3.44724,0.101739,0.929134,0.300199,0.431436
3.44749,0.269023,1,0.407958,0.431436
3.44774,0.494284,1,0.547721,0.431436
3.44799,0.615498,1,0.584366,0.431436
3.44824,0.490009,1,0.378138,0.431436
3.44849,0.130752,1,-0.0233597,0.431436
3.44874,-0.284398,1,-0.447879,0.431436
3.44899,-0.539934,-1,-0.670945,0.431436
3.44924,-0.544056,-1,-0.619741,0.431436
3.44949,-0.379658,-1,-0.371225,0.431436
3.44974,-0.211852,-1,-0.115147,0.431436
3.44999,-0.134821,-1,0.0183441,0.431436
3.45024,-0.0987023,-1,0.0828597,0.431436
3.45049,0.0177627,-1,0.179335,0.431436
3.45074,0.266297,1,0.380228,0.431436
3.45099,0.546318,1,0.591679,0.431436
3.45124,0.669802,1,0.622036,0.431436
3.45149,0.51678,1,0.378437,0.431436
3.45174,0.145001,1,-0.060467,0.431436
3.45199,-0.244375,1,-0.469799,0.431436
3.45224,-0.458598,1,-0.667083,0.431436
3.45249,-0.453693,-1,-0.601757,0.431436
3.45274,-0.340439,-1,-0.397804,0.431436
3.45299,-0.262103,-1,-0.216737,0.431436
3.45324,-0.255716,-1,-0.106943,0.431436
3.45349,-0.225595,-1,-2.26824e-06,0.431436
3.45374,-0.0532284,-1,0.200538,0.431436
3.45399,0.265951,1,0.50474,0.431436
3.45424,0.581605,1,0.77287,0.431436
3.45449,0.695406,1,0.791699,0.431436
3.45474,0.520718,1,0.51841,0.431436
3.45499,0.156975,1,0.0695396,0.431436
3.45524,-0.186486,1,-0.336916,0.431436
3.45549,-0.35469,1,-0.520915,0.431436
3.45574,-0.351568,-1,-0.495936,0.431436
3.45599,-0.303911,-1,-0.399555,0.431436
3.45624,-0.318834,-1,-0.335115,0.431436
3.45649,-0.373332,-1,-0.314235,0.431436
3.45674,-0.337865,-1,-0.218879,0.431436
3.45699,-0.109371,-1,0.0451167,0.431436
3.45724,0.264646,0.322835,0.410094,0.431436
3.45749,0.595567,1,0.698728,0.431436
3.45774,0.690858,1,0.72407,0.431436
3.45799,0.50466,1,0.468026,0.431436
3.45824,0.170795,1,0.0579231,0.431436
3.45849,-0.111051,1,-0.25811,0.431436
3.45874,-0.232838,1,-0.37865,0.431436
3.45899,-0.244379,-1,-0.360517,0.431436
3.45924,-0.272847,-1,-0.332938,0.431436
3.45949,-0.378715,-1,-0.358151,0.431436
3.45974,-0.48154,-1,-0.375334,0.431436
3.45999,-0.430077,-1,-0.265169,0.431436
3.46024,-0.151093,-1,0.0347622,0.431436
3.46049,0.258675,-1,0.422167,0.431436
3.46074,0.584925,1,0.700524,0.431436
3.46099,0.656918,1,0.689538,0.431436
3.46124,0.472957,1,0.412759,0.431436
3.46149,0.189368,1,0.0335713,0.431436
3.46174,-0.0193861,1,-0.239581,0.431436
3.46199,-0.0995297,1,-0.336615,0.431436
3.46224,-0.138155,-0.84252,-0.353307,0.431436
3.46249,-0.248779,-1,-0.408715,0.431436
3.46274,-0.437304,-1,-0.506514,0.431436
3.46299,-0.573369,-1,-0.534646,0.431436
3.46324,-0.499013,-1,-0.382769,0.431436
3.46349,-0.179562,-1,-0.00641348,0.431436
3.46374,0.243671,-1,0.424762,0.431436
3.46399,0.547758,1,0.707786,0.431436
3.46424,0.596148,1,0.691257,0.431436
3.46449,0.430289,1,0.45012,0.431436
3.46474,0.214769,1,0.139847,0.431436
3.46499,0.0850444,1,-0.0578153,0.431436
3.46524,0.0378912,1,-0.129952,0.431436
3.46549,-0.0387351,1,-0.203534,0.431436
3.46574,-0.231975,-1,-0.351628,0.431436
3.46599,-0.489836,-1,-0.544661,0.431436
3.46624,-0.643,-1,-0.612128,0.431436
3.46649,-0.542547,-1,-0.414931,0.431436
3.46674,-0.197147,-1,-0.0126158,0.431436
3.46699,0.216211,-1,0.426785,0.431436
3.46724,0.484211,-1,0.676862,0.431436
3.46749,0.512817,1,0.654995,0.431436
3.46774,0.381708,1,0.440024,0.431436
3.46799,0.248301,1,0.198333,0.431436
3.46824,0.197259,1,0.0538311,0.431436
3.46849,0.172532,1,-0.0442608,0.431436
3.46874,0.0490432,1,-0.201436,0.431436
3.46899,-0.220926,-1,-0.446239,0.431436
3.46924,-0.530936,-1,-0.705263,0.431436
3.46949,-0.686166,-1,-0.767012,0.431436
3.46974,-0.56048,-1,-0.544791,0.431436
3.46999,-0.207761,-1,-0.10484,0.431436
3.47024,0.174258,-1,0.329202,0.431436
3.47049,0.395718,-1,0.564189,0.431436
3.47075,0.412638,1,0.5534,0.431436
3.471,0.332037,1,0.422861,0.431436
3.47125,0.289286,1,0.306967,0.431436
3.4715,0.311807,1,0.246085,0.431436
3.47175,0.297031,1,0.163155,0.431436
3.472,0.122435,1,-0.0337949,0.431436
3.47225,-0.213135,-1,-0.36597,0.431436
3.4725,-0.555447,-1,-0.663998,0.431436
3.47275,-0.69997,-1,-0.740772,0.431436
3.473,-0.554826,-1,-0.520728,0.431436
3.47325,-0.215181,-1,-0.115022,0.431436
3.4735,0.115796,-1,0.236834,0.431436
3.47375,0.286069,-1,0.405673,0.431436
3.474,0.301752,1,0.391105,0.431436
3.47425,0.285327,1,0.311677,0.431436
3.4745,0.336152,1,0.285285,0.431436
3.47475,0.42193,1,0.290482,0.431436
3.475,0.404848,1,0.22622,0.431436
3.47525,0.179598,1,-0.0116672,0.431436
3.4755,-0.205854,1,-0.377341,0.431436
3.47575,-0.559123,-1,-0.664037,0.431436
3.476,-0.683552,-1,-0.708935,0.431436
3.47625,-0.528625,-1,-0.45241,0.431436
3.4765,-0.222618,-1,-0.0495354,0.431436
3.47675,0.0412075,-1,0.27773,0.431436
3.477,0.160698,-1,0.420357,0.431436
3.47725,0.187,0.76378,0.420632,0.431436
3.4775,0.244709,1,0.409742,0.431436
3.47775,0.385682,1,0.457468,0.431436
3.478,0.5208,1,0.482068,0.431436
3.47825,0.491361,1,0.36685,0.431436
3.4785,0.220414,1,0.040766,0.431436
3.47875,-0.194722,1,-0.389041,0.431436
3.479,-0.539038,-1,-0.717286,0.431436
3.47925,-0.637931,-1,-0.760708,0.431436
3.4795,-0.48621,-1,-0.521067,0.431436
3.47975,-0.233897,-1,-0.171728,0.431436
3.48,-0.0475383,-1,0.083509,0.431436
3.48025,0.0255309,-1,0.188476,0.431436
3.4805,0.0751102,-1,0.233317,0.431436
3.48075,0.211627,1,0.339406,0.431436
3.481,0.433763,1,0.496478,0.431436
3.48125,0.602322,1,0.576317,0.431436
3.4815,0.552864,1,0.446105,0.431436
3.48175,0.246596,1,0.0742244,0.431436
3.482,-0.176115,1,-0.372233,0.431436
3.48225,-0.493311,1,-0.671349,0.431436
3.4825,-0.566045,-1,-0.699006,0.431436
3.48275,-0.432958,-1,-0.482223,0.431436
3.483,-0.251173,-1,-0.207788,0.431436
3.48325,-0.147576,-1,-0.00220968,0.431436
3.4835,-0.112038,-1,0.100428,0.431436
3.48375,-0.0284649,-1,0.206339,0.431436
3.484,0.186503,1,0.409584,0.431436
3.48425,0.475534,1,0.636114,0.431436
3.4845,0.660879,1,0.731895,0.431436
3.48475,0.587552,1,0.562197,0.431436
3.485,0.260676,1,0.157747,0.431436
3.48525,-0.146893,1,-0.303712,0.431436
3.4855,-0.422292,1,-0.590673,0.431436
3.48575,-0.47261,-1,-0.611373,0.431436
3.486,-0.373697,-1,-0.454735,0.431436
3.48625,-0.275514,-1,-0.278356,0.431436
3.4865,-0.253971,-1,-0.180862,0.431436
3.48675,-0.244394,-1,-0.104443,0.431436
3.487,-0.119082,-1,0.0442056,0.431436
3.48725,0.168438,1,0.326503,0.431436
3.4875,0.505949,1,0.620201,0.431436
3.48775,0.692331,1,0.738795,0.431436
3.488,0.596079,1,0.558753,0.431436
3.48825,0.266,1,0.165386,0.431436
3.4885,-0.10405,1,-0.228025,0.431436
3.48875,-0.328257,1,-0.457002,0.431436
3.489,-0.363403,-1,-0.456984,0.431436
3.48925,-0.313717,-1,-0.346398,0.431436
3.4895,-0.306882,-1,-0.265209,0.431436
3.48975,-0.360821,-1,-0.240601,0.431436
3.49,-0.364966,-1,-0.187563,0.431436
3.49025,-0.193156,-1,-0.006285,0.431436
3.4905,0.15476,-1,0.320635,0.431436
3.49075,0.520377,1,0.631212,0.431436
3.491,0.69426,1,0.721285,0.431436
3.49125,0.579955,1,0.503446,0.431436
3.4915,0.26695,1,0.0938885,0.431436
3.49175,-0.046534,1,-0.279301,0.431436
3.492,-0.214558,1,-0.47086,0.431436
3.49225,-0.244772,-0.330709,-0.476232,0.431436
3.4925,-0.257201,-1,-0.419192,0.431436
3.49275,-0.343533,-1,-0.417584,0.431436
3.493,-0.462064,-1,-0.419597,0.431436
3.49325,-0.46722,-1,-0.331944,0.431436
3.4935,-0.249585,-1,-0.0521346,0.431436
3.49375,0.142447,-1,0.35296,0.431436
3.494,0.514543,1,0.711206,0.431436
3.49425,0.66613,1,0.807953,0.431436
3.4945,0.542943,1,0.598571,0.431436
3.49475,0.267216,1,0.228368,0.431436
3.495,0.0252617,1,-0.0972859,0.431436
3.49525,-0.0867433,1,-0.242166,0.431436
3.49551,-0.124021,1,-0.288293,0.431436
3.49576,-0.207388,-1,-0.344086,0.431436
3.49601,-0.382593,-1,-0.452445,0.431436
3.49626,-0.551018,-1,-0.544591,0.431436
3.49651,-0.54633,-1,-0.454774,0.431436
3.49676,-0.288178,-1,-0.126029,0.431436
3.49701,0.128049,-1,0.315412,0.431436
3.49726,0.485724,-1,0.650469,0.431436
3.49751,0.609374,1,0.72932,0.431436
3.49776,0.489581,1,0.531224,0.431436
3.49801,0.270089,1,0.21988,0.431436
3.49826,0.110048,1,-0.0343823,0.431436
3.49851,0.0482597,1,-0.15789,0.431436
3.49876,-0.00737056,1,-0.235674,0.431436
3.49901,-0.166317,-1,-0.378934,0.431436
3.49926,-0.420086,-1,-0.568747,0.431436
3.49951,-0.621394,-1,-0.681413,0.431436
3.49976,-0.599282,-1,-0.5685,0.431436
3.50001,-0.310279,-1,-0.199201,0.431436
3.50026,0.107356,-1,0.263322,0.431436
3.50051,0.432831,-1,0.600749,0.431436
3.50076,0.527066,1,0.665084,0.431436
3.50101,0.425253,1,0.50985,0.431436
3.50126,0.278333,1,0.278236,0.431436
3.50151,0.204142,1,0.119996,0.431436
3.50176,0.18415,1,0.0335221,0.431436
3.50201,0.0991116,1,-0.075618,0.431436
3.50226,-0.134095,-1,-0.292555,0.431436
3.50251,-0.451417,-1,-0.569996,0.431436
3.50276,-0.668474,-1,-0.714519,0.431436
3.50301,-0.624472,-1,-0.584866,0.431436
3.50326,-0.319157,-1,-0.222822,0.431436
3.50351,0.0772844,-1,0.206045,0.431436
3.50376,0.355933,-1,0.486266,0.431436
3.50401,0.424137,1,0.524401,0.431436
3.50426,0.355474,1,0.388669,0.431436
3.50451,0.293114,1,0.249947,0.431436
3.50476,0.303141,1,0.181887,0.431436
3.50501,0.313164,1,0.135259,0.431436
3.50526,0.190501,1,0.000384575,0.431436
3.50551,-0.109883,1,-0.277131,0.431436
3.50576,-0.471922,-1,-0.581171,0.431436
3.50601,-0.688172,-1,-0.710962,0.431436
3.50626,-0.622309,-1,-0.549493,0.431436
3.50651,-0.318265,-1,-0.147499,0.431436
3.50676,0.0356032,-1,0.27118,0.431436
3.50701,0.257427,-1,0.506437,0.431436
3.50726,0.306869,-0.0944882,0.532905,0.431436
3.50751,0.285487,1,0.447108,0.431436
3.50776,0.314371,1,0.388469,0.431436
3.50801,0.401547,1,0.364257,0.431436
3.50826,0.428154,1,0.289503,0.431436
3.50851,0.264106,1,0.0566374,0.431436
3.50876,-0.0917142,1,-0.327056,0.431436
3.50901,-0.476665,-1,-0.686507,0.431436
3.50926,-0.678432,-1,-0.838259,0.431436
3.50951,-0.59526,-1,-0.669937,0.431436
3.50976,-0.311569,-1,-0.289063,0.431436
3.51001,-0.0194624,-1,0.0854269,0.431436
3.51026,0.141502,-1,0.294073,0.431436
3.51051,0.181731,-1,0.346869,0.431436
3.51076,0.219923,1,0.360526,0.431436
3.51101,0.340706,1,0.420373,0.431436
3.51126,0.492946,1,0.494489,0.431436
3.51151,0.523504,1,0.437734,0.431436
3.51176,0.318167,1,0.176444,0.431436
3.51201,-0.0760275,1,-0.246673,0.431436
3.51226,-0.462343,0.677165,-0.616227,0.431436
3.51251,-0.638921,-1,-0.753384,0.431436
3.51276,-0.547006,-1,-0.589636,0.431436
3.51301,-0.303469,-1,-0.255818,0.431436
3.51326,-0.0873908,-1,0.045605,0.431436
3.51351,0.0130978,-1,0.202396,0.431436
3.51376,0.0559438,-1,0.264032,0.431436
3.51401,0.161905,1,0.342231,0.431436
3.51426,0.3692,1,0.498335,0.431436
3.51451,0.571261,1,0.611144,0.431436
3.51476,0.594312,1,0.535568,0.431436
3.51501,0.352623,1,0.220462,0.431436
3.51526,-0.0592266,1,-0.224194,0.431436
3.51551,-0.426393,1,-0.588518,0.431436
3.51576,-0.571392,-1,-0.707609,0.431436
3.51601,-0.48252,-1,-0.549634,0.431436
3.51626,-0.29736,-1,-0.284232,0.431436
3.51651,-0.166386,-1,-0.0655615,0.431436
3.51676,-0.12101,-1,0.0460211,0.431436
3.51701,-0.0635203,-1,0.127305,0.431436
3.51726,0.113546,1,0.291183,0.431436
3.51751,0.396529,1,0.526913,0.431436
3.51776,0.630544,1,0.684142,0.431436
3.51801,0.637466,1,0.601167,0.431436
3.51826,0.369637,1,0.259572,0.431436
3.51851,-0.0382738,1,-0.17935,0.431436
3.51876,-0.367318,1,-0.505603,0.431436
3.51901,-0.479572,-1,-0.590808,0.431436
3.51926,-0.407394,-1,-0.458521,0.431436
3.51951,-0.295915,-1,-0.267881,0.431436
3.51976,-0.25364,-1,-0.144445,0.431436
3.52002,-0.253435,-1,-0.086696,0.431436
3.52027,-0.171232,-1,0.01037,0.431436
3.52052,0.0754874,-1,0.238422,0.431436
3.52077,0.418022,1,0.530415,0.431436
3.52102,0.665941,1,0.701467,0.431436
3.52127,0.652116,1,0.589638,0.431436
3.52152,0.371766,1,0.21147,0.431436
3.52177,-0.00920025,1,-0.232168,0.431436
3.52202,-0.285943,1,-0.522491,0.431436
3.52227,-0.368281,0.244094,-0.584881,0.431436
3.52252,-0.327416,-1,-0.485914,0.431436
3.52277,-0.300609,-1,-0.371245,0.431436
3.52302,-0.344465,-1,-0.307022,0.431436
3.52327,-0.377379,-1,-0.238172,0.431436
3.52352,-0.2623,-1,-0.0552952,0.431436
3.52377,0.0466061,-1,0.283592,0.431436
3.52402,0.429172,1,0.64447,0.431436
3.52427,0.673925,1,0.834555,0.431436
3.52452,0.638911,1,0.713293,0.430572
3.52477,0.363446,1,0.335889,0.430572
3.52502,0.0302061,1,-0.0809519,0.430572
3.52527,-0.184914,1,-0.335185,0.430572
3.52552,-0.243969,1,-0.410288,0.430572
3.52577,-0.248296,-1,-0.382654,0.430572
3.52602,-0.311589,-1,-0.394674,0.430572
3.52627,-0.433326,-1,-0.434759,0.430572
3.52652,-0.485798,-1,-0.407572,0.430572
3.52677,-0.333376,-1,-0.18784,0.430572
3.52702,0.024913,-1,0.192691,0.430572
3.52727,0.425876,0.11811,0.588951,0.430572
3.52752,0.652692,1,0.77096,0.430572
3.52777,0.600427,1,0.645992,0.430572
3.52802,0.348371,1,0.302746,0.430572
3.52827,0.0810264,1,-0.0365625,0.430572
3.52852,-0.0678154,1,-0.225549,0.430572
3.52877,-0.113877,1,-0.281612,0.430572
3.52902,-0.174189,-1,-0.310571,0.430572
3.52927,-0.327674,-1,-0.411922,0.430572
3.52952,-0.514434,-1,-0.514016,0.430572
3.52977,-0.572699,-1,-0.488376,0.430572
3.53002,-0.383633,-1,-0.231907,0.430572
3.53027,0.00759525,-1,0.186239,0.430572
3.53052,0.404225,-1,0.570497,0.430572
3.53077,0.602482,1,0.718768,0.430572
3.53102,0.541011,1,0.587806,0.430572
3.53127,0.330908,1,0.288137,0.430572
3.53152,0.143565,1,0.0121738,0.430572
3.53177,0.0596173,1,-0.136853,0.430572
3.53202,0.015275,1,-0.201579,0.430572
3.53227,-0.108881,-1,-0.315069,0.430572
3.53252,-0.346249,-1,-0.495753,0.430572
3.53277,-0.581643,-1,-0.638813,0.430572
3.53302,-0.633974,-1,-0.602185,0.430572
3.53327,-0.412984,-1,-0.303328,0.430572
3.53352,-0.00942508,-1,0.14311,0.430572
3.53377,0.362008,-1,0.524963,0.430572
3.53402,0.525087,1,0.657489,0.430572
3.53427,0.465475,1,0.542483,0.430572
3.53452,0.315025,1,0.310974,0.430572
3.53477,0.215971,1,0.127983,0.430572
3.53502,0.190621,1,0.0396962,0.430572
3.53527,0.136364,1,-0.0434618,0.430572
3.53552,-0.0547105,0.92126,-0.217314,0.430572
3.53577,-0.363824,-1,-0.480983,0.430572
3.53602,-0.629428,-1,-0.676465,0.430572
3.53627,-0.666762,-1,-0.619116,0.430572
3.53652,-0.423164,-1,-0.285226,0.430572
3.53677,-0.0295753,-1,0.171253,0.430572
3.53702,0.298576,-1,0.519059,0.430572
3.53727,0.424453,-0.448819,0.622622,0.430572
3.53752,0.379977,1,0.51978,0.430572
3.53777,0.303473,1,0.35941,0.430572
3.53802,0.295043,1,0.244192,0.430572
3.53827,0.318547,1,0.173727,0.430572
3.53852,0.243538,1,0.0367892,0.430572
3.53877,-0.0118984,1,-0.241868,0.430572
3.53902,-0.376397,-1,-0.589105,0.430572
3.53927,-0.653191,-1,-0.803768,0.430572
3.53952,-0.670204,-1,-0.733048,0.430572
3.53977,-0.417718,-1,-0.383491,0.430572
3.54002,-0.0559184,-1,0.0523545,0.430572
3.54027,0.214252,-1,0.371086,0.430572
3.54052,0.306356,-1,0.472389,0.430572
3.54077,0.29038,1,0.426134,0.430572
3.54102,0.297959,1,0.381379,0.430572
3.54127,0.376715,1,0.378206,0.430572
3.54152,0.435667,1,0.348664,0.430572
3.54177,0.33252,1,0.183518,0.430572
3.54202,0.0201887,1,-0.147878,0.430572
3.54227,-0.379299,-0.850394,-0.536917,0.430572
3.54252,-0.649741,-1,-0.765051,0.430572
3.54277,-0.645518,-1,-0.695955,0.430572
3.54302,-0.400504,-1,-0.364478,0.430572
3.54327,-0.0913965,-1,0.00791986,0.430572
3.54352,0.111795,-1,0.245844,0.430572
3.54377,0.176534,-1,0.310887,0.430572
3.54402,0.202413,1,0.302284,0.430572
3.54427,0.298788,1,0.348386,0.430572
3.54452,0.455568,1,0.423634,0.430572
3.54478,0.536111,1,0.421381,0.430572
3.54503,0.400053,1,0.229766,0.430572
3.54528,0.043396,1,-0.147621,0.430572
3.54553,-0.368578,1,-0.531088,0.430572
3.54578,-0.617754,-1,-0.726033,0.430572
3.54603,-0.59552,-1,-0.622469,0.430572
3.54628,-0.37594,-1,-0.309893,0.430572
3.54653,-0.137104,-1,0.0225933,0.430572
3.54678,-0.00425629,-1,0.223792,0.430572
3.54703,0.0424886,-1,0.286304,0.430572
3.54728,0.12111,1,0.348694,0.430572
3.54753,0.304885,1,0.468204,0.430572
3.54778,0.525824,1,0.598301,0.430572
3.54803,0.613863,1,0.57465,0.430572
3.54828,0.444668,1,0.324991,0.430572
3.54853,0.0612546,1,-0.111504,0.430572
3.54878,-0.341116,1,-0.524059,0.430572
3.54903,-0.557444,-1,-0.707358,0.430572
3.54928,-0.524688,-1,-0.62512,0.430572
3.54953,-0.348702,-1,-0.363188,0.430572
3.54978,-0.192836,-1,-0.119582,0.430572
3.55003,-0.129134,-1,0.0115804,0.430572
3.55028,-0.0882855,-1,0.0852046,0.430572
3.55053,0.0497608,-0.708661,0.209345,0.430572
3.55078,0.31406,1,0.435432,0.430572
3.55103,0.581593,1,0.632167,0.430572
3.55128,0.664665,1,0.633214,0.430572
3.55153,0.46728,1,0.348154,0.430572
3.55178,0.0768819,1,-0.0983406,0.430572
3.55203,-0.294214,1,-0.489776,0.430572
3.55228,-0.471191,0.472441,-0.648172,0.430572
3.55253,-0.438451,-1,-0.563426,0.430572
3.55278,-0.322634,-1,-0.36588,0.430572
3.55303,-0.257403,-1,-0.197032,0.430572
3.55328,-0.255981,-1,-0.105335,0.430572
3.55353,-0.209468,-1,-0.00652532,0.430572
3.55378,-0.00925281,-1,0.214742,0.430572
3.55403,0.322744,1,0.526457,0.430572
3.55428,0.617946,1,0.754941,0.430572
3.55453,0.686311,1,0.737613,0.430572
3.55478,0.469741,1,0.418885,0.430572
3.55503,0.0944509,1,-0.027262,0.430572
3.55528,-0.227536,1,-0.392942,0.430572
3.55553,-0.363307,1,-0.533907,0.430572
3.55578,-0.342984,-1,-0.487064,0.430572
3.55603,-0.30083,-1,-0.38584,0.430572
3.55628,-0.327534,-1,-0.325058,0.430572
3.55653,-0.377597,-1,-0.282677,0.430572
3.55678,-0.314953,-1,-0.155369,0.430572
3.55703,-0.0550086,-1,0.125766,0.430572
3.55728,0.326867,1,0.496115,0.430572
3.55753,0.630511,1,0.761817,0.430572
3.55778,0.678191,1,0.735954,0.430572
3.55803,0.455309,1,0.428302,0.430572
3.55828,0.117043,1,0.021359,0.430572
3.55853,-0.142133,1,-0.271424,0.430572
3.55878,-0.238977,1,-0.37449,0.430572
3.55903,-0.244704,-1,-0.343863,0.430572
3.55928,-0.285148,-1,-0.332896,0.430572
3.55953,-0.399255,-1,-0.3648,0.430572
3.55978,-0.48738,-1,-0.379826,0.430572
3.56003,-0.400004,-1,-0.234065,0.430572
3.56028,-0.0887778,-1,0.0910001,0.430572
3.56053,0.322865,-1,0.481443,0.430572
3.56078,0.616254,1,0.718785,0.430572
3.56103,0.641773,1,0.670625,0.430572
3.56128,0.42855,1,0.361221,0.430572
3.56153,0.147088,1,-0.0136385,0.430572
3.56178,-0.0401261,1,-0.268638,0.430572
3.56203,-0.105064,1,-0.347175,0.430572
3.56228,-0.149158,-1,-0.374117,0.430572
3.56253,-0.276003,-1,-0.430586,0.430572
3.56278,-0.467551,-1,-0.534595,0.430572
3.56303,-0.578694,-1,-0.541677,0.430572
3.56328,-0.462218,-1,-0.342944,0.430572
3.56353,-0.112422,-1,0.0628283,0.430572
3.56378,0.306235,-1,0.489771,0.430572
3.56403,0.574073,1,0.730401,0.430572
3.56428,0.580276,1,0.677876,0.430572
3.56453,0.394042,1,0.411472,0.430572
3.56478,0.186179,1,0.107842,0.430572
3.56503,0.0740515,1,-0.0656538,0.430572
3.56528,0.0309325,1,-0.145463,0.430572
3.56553,-0.0614608,0.614173,-0.22588,0.430572
3.56578,-0.272755,-1,-0.399879,0.430572
3.56603,-0.526802,-1,-0.581623,0.430572
3.56628,-0.64608,-1,-0.616423,0.430572
3.56653,-0.500277,-1,-0.379362,0.430572
3.56678,-0.128965,-1,0.0424774,0.430572
3.56703,0.273987,-1,0.472842,0.430572
3.56728,0.50487,-0.314961,0.675835,0.430572
3.56753,0.49841,1,0.618303,0.430572
3.56778,0.356593,1,0.393217,0.430572
3.56803,0.234292,1,0.180708,0.430572
3.56828,0.194685,1,0.0451325,0.430572
3.56853,0.162206,1,-0.0372744,0.430572
3.56878,0.0144154,1,-0.201384,0.430572
3.56903,-0.273007,-1,-0.464252,0.430572
3.56928,-0.571558,-1,-0.703988,0.430572
3.56954,-0.685877,-1,-0.728651,0.430572
3.56979,-0.514724,-1,-0.456683,0.430572
3.57004,-0.142126,-1,-0.00598722,0.430572
3.57029,0.22432,-1,0.393646,0.430572
3.57054,0.410888,-1,0.583653,0.430572
3.57079,0.402107,1,0.545681,0.430572
3.57104,0.320132,1,0.396799,0.430572
3.57129,0.289942,1,0.276713,0.430572
3.57154,0.31577,1,0.219266,0.430572
3.57179,0.281492,1,0.112353,0.430572
3.57204,0.0767041,1,-0.116553,0.430572
3.57229,-0.273701,-1,-0.453879,0.430572
3.57254,-0.596752,-1,-0.729955,0.430572
3.57279,-0.695865,-1,-0.752533,0.430572
3.57304,-0.508389,-1,-0.477389,0.430572
3.57329,-0.155594,-1,-0.0534069,0.430572
3.57354,0.15614,-1,0.286362,0.430572
3.57379,0.296623,-1,0.434952,0.430572
3.57404,0.297533,1,0.403143,0.430572
3.57429,0.288049,1,0.338113,0.430572
3.57454,0.35056,1,0.328224,0.430572
3.57479,0.43019,1,0.326635,0.430572
3.57504,0.383487,1,0.217171,0.430572
3.57529,0.124411,1,-0.0569526,0.430572
3.57554,-0.271241,1,-0.433143,0.430572
3.57579,-0.598429,-1,-0.70611,0.430572
3.57604,-0.675909,-1,-0.704596,0.430572
3.57629,-0.484372,-1,-0.415509,0.430572
3.57654,-0.172586,-1,-0.00811883,0.430572
3.57679,0.0706971,-1,0.296784,0.430572
3.57704,0.168091,-1,0.413753,0.430572
3.57729,0.191391,1,0.409053,0.430572
3.57754,0.262506,1,0.415376,0.430572
3.57779,0.412038,1,0.478528,0.430572
3.57804,0.531006,1,0.495983,0.430572
3.57829,0.463563,1,0.338475,0.430572
3.57854,0.158106,1,-0.0108361,0.430572
3.57879,-0.26121,1,-0.441648,0.430572
3.57904,-0.574179,-1,-0.721082,0.430572
3.57929,-0.627787,-1,-0.720619,0.430572
3.57954,-0.447297,-1,-0.460993,0.430572
3.57979,-0.196129,-1,-0.122045,0.430572
3.58004,-0.0291189,-1,0.121024,0.430572
3.58029,0.031624,-1,0.20779,0.430572
3.58054,0.0895524,-0.574803,0.261423,0.430572
3.58079,0.244042,1,0.369848,0.430572
3.58104,0.469548,1,0.521195,0.430572
3.58129,0.612304,1,0.581919,0.430572
3.58154,0.518917,1,0.397196,0.430572
3.58179,0.180403,1,-0.000345774,0.430572
3.58204,-0.24004,1,-0.439189,0.430572
3.58229,-0.522841,-0.0472441,-0.701112,0.430572
3.58254,-0.555212,-1,-0.676299,0.430572
3.58279,-0.402288,-1,-0.442378,0.430572
3.58304,-0.227537,-1,-0.174347,0.430572
3.58329,-0.139581,-1,0.00174174,0.430572
3.58354,-0.105043,-1,0.0877025,0.430572
3.58379,-0.00310735,-1,0.200881,0.430572
3.58404,0.232006,1,0.402935,0.430572
3.58429,0.517798,1,0.629852,0.430572
3.58454,0.668837,1,0.69589,0.430572
3.58479,0.549015,1,0.474979,0.430572
3.58504,0.19418,1,0.0495249,0.430572
3.58529,-0.20493,1,-0.381802,0.430572
3.58554,-0.445534,1,-0.617798,0.430572
3.58579,-0.463009,-1,-0.596589,0.430572
3.58604,-0.354173,-1,-0.427131,0.430572
3.58629,-0.266901,-1,-0.245558,0.430572
3.58654,-0.25499,-1,-0.142803,0.430572
3.58679,-0.234768,-1,-0.0527783,0.430572
3.58704,-0.0825845,-1,0.123739,0.430572
3.58729,0.224602,1,0.419549,0.430572
3.58754,0.551523,1,0.68933,0.430572
3.58779,0.696992,1,0.755314,0.430572
3.58804,0.554583,1,0.523621,0.430572
3.58829,0.202938,1,0.106532,0.430572
3.58854,-0.153465,1,-0.297138,0.430572
3.58879,-0.345452,1,-0.491502,0.430572
3.58904,-0.357164,-1,-0.475693,0.430572
3.58929,-0.30741,-1,-0.370071,0.430572
3.58954,-0.313199,-1,-0.291256,0.430572
3.58979,-0.368851,-1,-0.27344,0.430572
3.59004,-0.35111,-1,-0.198229,0.430572
3.59029,-0.146334,-1,0.0305405,0.430572
3.59054,0.218475,0.590551,0.379262,0.430572
3.59079,0.566146,1,0.673758,0.430572
3.59104,0.695186,1,0.732599,0.430572
3.59129,0.538093,1,0.487029,0.430572
3.59154,0.210955,1,0.0917595,0.430572
3.59179,-0.0856003,1,-0.245113,0.430572
3.59204,-0.226478,1,-0.386143,0.430572
3.59229,-0.244392,-1,-0.374074,0.430572
3.59254,-0.265395,-1,-0.328312,0.430572
3.59279,-0.363691,-1,-0.345644,0.430572
3.59304,-0.474588,-1,-0.365309,0.430572
3.59329,-0.448151,-1,-0.282327,0.430572
3.59354,-0.194146,-1,0.000764608,0.430572
3.59379,0.210124,-1,0.390169,0.430572
3.59404,0.557661,1,0.681668,0.430572
3.5943,0.663464,1,0.714421,0.430572
3.59455,0.50366,1,0.459382,0.430572
3.5948,0.221513,1,0.0746433,0.430572
3.59505,-0.00191792,1,-0.21513,0.430572
3.5953,-0.0948231,1,-0.325323,0.430572
3.59555,-0.131541,0.102362,-0.344353,0.430572
3.5958,-0.230398,-1,-0.390011,0.430572
3.59605,-0.414609,-1,-0.488516,0.430572
3.5963,-0.565811,-1,-0.533036,0.430572
3.59655,-0.521488,-1,-0.391693,0.430572
3.5968,-0.226636,-1,-0.0376478,0.430572
3.59705,0.195899,-1,0.413116,0.430572
3.5973,0.524118,1,0.720028,0.430572
3.59755,0.604029,1,0.751597,0.430572
3.5978,0.455949,1,0.51611,0.430572
3.59805,0.237234,1,0.204173,0.430572
3.5983,0.0945474,1,-0.0195167,0.430572
3.59855,0.0423776,1,-0.110458,0.430572
3.5988,-0.0243517,1,-0.182923,0.430572
3.59905,-0.203436,-1,-0.334429,0.430572
3.5993,-0.461135,-1,-0.527644,0.430572
3.59955,-0.636319,-1,-0.622171,0.430572
3.5998,-0.569043,-1,-0.473339,0.430572
3.60005,-0.245775,-1,-0.0946081,0.430572
3.6003,0.171697,-1,0.346289,0.430572
3.60055,0.464987,-1,0.625113,0.430572
3.6008,0.520603,1,0.634928,0.430572
3.60105,0.400207,1,0.444583,0.430572
3.6013,0.260066,1,0.206893,0.430572
3.60155,0.19963,1,0.0594647,0.430572
3.6018,0.178262,1,-0.0242657,0.430572
3.60205,0.0715795,1,-0.158545,0.430572
3.6023,-0.183668,-1,-0.394639,0.430572
3.60255,-0.498588,-1,-0.647731,0.430572
3.6028,-0.681468,-1,-0.743092,0.430572
3.60305,-0.589984,-1,-0.548999,0.430572
3.6033,-0.255247,-1,-0.13501,0.430572
3.60355,0.134693,-1,0.297377,0.430572
3.6038,0.381102,-1,0.544184,0.430572
3.60405,0.418554,1,0.561224,0.430572
3.6043,0.341594,1,0.424649,0.430572
3.60455,0.290137,1,0.289617,0.430572
3.6048,0.308296,1,0.22316,0.430572
3.60505,0.30532,1,0.155964,0.430572
3.6053,0.152871,1,-0.0186787,0.430572
3.60555,-0.169373,-0.874016,-0.330328,0.430572
3.6058,-0.521927,-1,-0.637366,0.430572
3.60605,-0.697908,-1,-0.749461,0.430572
3.6063,-0.585423,-1,-0.554613,0.430572
3.60655,-0.258636,-1,-0.1545,0.430572
3.6068,0.0835421,-1,0.219072,0.430572
3.60705,0.275698,-1,0.416293,0.430572
3.6073,0.304387,1,0.409721,0.430572
3.60755,0.284705,1,0.325961,0.430572
3.6078,0.326384,1,0.294572,0.430572
3.60805,0.414135,1,0.304103,0.430572
3.6083,0.416704,1,0.25023,0.430572
3.60855,0.217008,1,0.0284384,0.430572
3.6088,-0.157705,1,-0.322642,0.430572
3.60905,-0.526499,-1,-0.639701,0.430572
3.6093,-0.684262,-1,-0.718758,0.430572
3.60955,-0.558435,-1,-0.493023,0.430572
3.6098,-0.259906,-1,-0.0992874,0.430572
3.61005,0.0171343,-1,0.239784,0.430572
3.6103,0.15372,-1,0.394823,0.430572
3.61055,0.184585,-0.212598,0.411109,0.430572
3.6108,0.233333,1,0.394203,0.430572
3.61105,0.36648,1,0.437629,0.430572
3.6113,0.510497,1,0.469508,0.430572
3.61155,0.507335,1,0.368302,0.430572
3.6118,0.26311,1,0.0560955,0.430572
3.61205,-0.145058,1,-0.380381,0.430572
3.6123,-0.508972,-1,-0.721922,0.430572
3.61255,-0.640981,-1,-0.798728,0.430572
3.6128,-0.513063,-1,-0.588397,0.430572
3.61305,-0.262691,-1,-0.235162,0.430572
3.6133,-0.063208,-1,0.0387081,0.430572
3.61355,0.0207223,-1,0.171924,0.430572
3.6138,0.0660973,-1,0.228553,0.430572
3.61405,0.189654,1,0.331872,0.430572
3.6143,0.406789,1,0.489225,0.430572
3.61455,0.591242,1,0.600094,0.430572
3.6148,0.572976,1,0.495273,0.430572
3.61505,0.292764,1,0.148499,0.430572
3.6153,-0.127683,1,-0.291684,0.430572
3.61555,-0.467528,1,-0.62454,0.430572
3.6158,-0.570522,-1,-0.681674,0.430572
3.61605,-0.454391,-1,-0.500567,0.430572
3.6163,-0.269893,-1,-0.222594,0.430572
3.61655,-0.154645,-1,-0.0146012,0.430572
3.6168,-0.116112,-1,0.0843595,0.430572
3.61705,-0.0446042,-1,0.178174,0.430572
3.6173,0.154771,1,0.351407,0.430572
3.61755,0.442995,1,0.579358,0.430572
3.6178,0.650564,1,0.706265,0.430572
3.61805,0.611258,1,0.566668,0.430572
3.6183,0.307734,1,0.192189,0.430572
3.61855,-0.102268,1,-0.265667,0.430572
3.6188,-0.401422,1,-0.570327,0.430572
3.61906,-0.477218,-1,-0.608582,0.430572
3.61931,-0.388082,-1,-0.462323,0.430572
3.61956,-0.283264,-1,-0.273673,0.430572
3.61981,-0.25349,-1,-0.160988,0.430572
3.62006,-0.249208,-1,-0.0887202,0.430572
3.62031,-0.142721,-1,0.0406681,0.430572
3.62056,0.128499,1,0.298197,0.430572
3.62081,0.470146,1,0.58915,0.430572
3.62106,0.683983,1,0.727508,0.430572
3.62131,0.622134,1,0.587471,0.430572
3.62156,0.311295,1,0.207058,0.430572
3.62181,-0.065441,1,-0.205126,0.430572
3.62206,-0.312524,1,-0.448802,0.430572
3.62231,-0.366372,-1,-0.467379,0.430572
3.62256,-0.319133,-1,-0.364118,0.430572
3.62281,-0.303474,-1,-0.273432,0.430572
3.62306,-0.354271,-1,-0.235748,0.430572
3.62331,-0.371845,-1,-0.199783,0.430572
3.62356,-0.22433,-1,-0.0331133,0.430572
3.62381,0.108717,-1,0.273685,0.430572
3.62406,0.483555,1,0.599292,0.430572
3.62431,0.688585,1,0.719807,0.430572
3.62456,0.607091,1,0.539655,0.427814
3.62481,0.30782,1,0.14067,0.427814
3.62506,-0.0156317,1,-0.24384,0.427814
3.62531,-0.2036,1,-0.447229,0.427814
3.62556,-0.244851,0.448819,-0.471984,0.427814
3.62581,-0.252685,-1,-0.415519,0.427814
3.62606,-0.329532,-1,-0.393346,0.427814
3.62631,-0.450847,-1,-0.411966,0.427814
3.62656,-0.477278,-1,-0.32733,0.427814
3.62681,-0.286852,-1,-0.0679895,0.427814
3.62706,0.0928272,-1,0.341373,0.427814
3.62731,0.479218,1,0.706373,0.427814
3.62756,0.663252,1,0.835116,0.427814
3.62781,0.568975,1,0.654983,0.427814
3.62806,0.301216,1,0.289129,0.427814
3.62831,0.0474055,1,-0.0478195,0.427814
3.62856,-0.0797057,1,-0.223928,0.427814
3.62881,-0.119477,1,-0.277767,0.427814
3.62906,-0.192383,-1,-0.33233,0.427814
3.62931,-0.359255,-1,-0.45232,0.427814
3.62956,-0.537113,-1,-0.546346,0.427814
3.62981,-0.559953,-1,-0.490721,0.427814
3.63006,-0.330215,-1,-0.19825,0.427814
3.63031,0.0776037,-1,0.23196,0.427814
3.63056,0.453627,-1,0.605504,0.427814
3.63081,0.609057,1,0.712683,0.427814
3.63106,0.512448,1,0.556427,0.427814
3.63131,0.295192,1,0.245227,0.427814
3.63156,0.123056,1,-0.0156221,0.427814
3.63181,0.0528033,1,-0.139537,0.427814
3.63206,0.00307366,1,-0.213636,0.427814
3.63231,-0.140896,-1,-0.333774,0.427814
3.63256,-0.38921,-1,-0.522796,0.427814
3.63281,-0.606814,-1,-0.655082,0.427814
3.63306,-0.616628,-1,-0.573987,0.427814
3.63331,-0.35523,-1,-0.229149,0.427814
3.63356,0.0588425,-1,0.224931,0.427814
3.63381,0.40515,-1,0.57073,0.427814
3.63406,0.528405,1,0.664395,0.427814
3.63431,0.442795,1,0.516713,0.427814
3.63456,0.293055,1,0.278919,0.427814
3.63481,0.208498,1,0.105019,0.427814
3.63506,0.187257,1,0.0224163,0.427814
3.63531,0.116292,1,-0.0691491,0.427814
3.63556,-0.0995718,-1,-0.275255,0.427814
3.63581,-0.415222,-1,-0.542703,0.427814
3.63606,-0.654449,-1,-0.700036,0.427814
3.63631,-0.645033,-1,-0.609595,0.427814
3.63656,-0.364155,-1,-0.257327,0.427814
3.63681,0.0332704,-1,0.170752,0.427814
3.63706,0.333887,-1,0.470454,0.427814
3.63731,0.425888,1,0.533982,0.427814
3.63756,0.365846,1,0.413408,0.427814
3.63781,0.296661,1,0.265158,0.427814
3.63806,0.299601,1,0.189369,0.427814
3.63831,0.316517,1,0.150118,0.427814
3.63856,0.214701,1,0.0333504,0.427814
3.63881,-0.0677082,1,-0.236574,0.427814
3.63906,-0.43286,-1,-0.539697,0.427814
3.63931,-0.676154,-1,-0.708907,0.427814
3.63956,-0.645046,-1,-0.583901,0.427814
3.63981,-0.360905,-1,-0.199736,0.427814
3.64006,-0.00173476,-1,0.220259,0.427814
3.64031,0.241095,-1,0.483386,0.427814
3.64056,0.307538,-0.629921,0.532245,0.427814
3.64081,0.287091,1,0.450402,0.427814
3.64106,0.306705,1,0.378348,0.427814
3.64131,0.391365,1,0.345766,0.427814
3.64156,0.433113,1,0.285371,0.427814
3.64181,0.294986,1,0.0731511,0.427814
3.64206,-0.0440738,1,-0.292677,0.427814
3.64231,-0.437342,-1,-0.677209,0.427814
3.64256,-0.669138,-1,-0.84611,0.427814
3.64281,-0.618642,-1,-0.707373,0.427814
3.64306,-0.349408,-1,-0.34394,0.427814
3.64331,-0.0484554,-1,0.0426025,0.427814
3.64356,0.130254,-1,0.281463,0.427814
3.64382,0.17972,-1,0.338927,0.427814
3.64407,0.211607,1,0.358099,0.427814
3.64432,0.322499,1,0.413217,0.427814
3.64457,0.478132,1,0.491598,0.427814
3.64482,0.531118,1,0.469113,0.427814
3.64507,0.354749,1,0.230455,0.427814
3.64532,-0.0254895,1,-0.17866,0.427814
3.64557,-0.424704,0.629921,-0.56676,0.427814
3.64582,-0.632756,-1,-0.735991,0.427814
3.64607,-0.569171,-1,-0.608137,0.427814
3.64632,-0.333864,-1,-0.288517,0.427814
3.64657,-0.107121,-1,0.0159697,0.427814
3.64682,0.00655275,-1,0.181541,0.427814
3.64707,0.0497611,-1,0.24155,0.427814
3.64732,0.143594,1,0.309723,0.427814
3.64757,0.341977,1,0.455766,0.427814
3.64782,0.553599,1,0.579692,0.427814
3.64807,0.605202,1,0.543749,0.427814
3.64832,0.393345,1,0.257172,0.427814
3.64857,-0.00875417,1,-0.181546,0.427814
3.64882,-0.392537,1,-0.561256,0.427814
3.64907,-0.567978,-1,-0.697271,0.427814
3.64932,-0.501442,-1,-0.564907,0.427814
3.64957,-0.318509,-1,-0.288035,0.427814
3.64982,-0.17652,-1,-0.0571992,0.427814
3.65007,-0.124347,-1,0.0571864,0.427814
3.65032,-0.0750924,-1,0.127692,0.427814
3.65057,0.0854356,1,0.272063,0.427814
3.65082,0.361906,1,0.492623,0.427814
3.65107,0.612005,1,0.669394,0.427814
3.65132,0.651743,1,0.613963,0.427814
3.65157,0.412433,1,0.308884,0.427814
3.65182,0.00976199,1,-0.13657,0.427814
3.65207,-0.338664,1,-0.485159,0.427814
3.65232,-0.478124,-1,-0.593074,0.427814
3.65257,-0.421031,-1,-0.484858,0.427814
3.65282,-0.30646,-1,-0.283804,0.427814
3.65307,-0.254565,-1,-0.148311,0.427814
3.65332,-0.255263,-1,-0.0920731,0.427814
3.65357,-0.188991,-1,-0.0120243,0.427814
3.65382,0.038529,-1,0.199597,0.427814
3.65407,0.378451,1,0.497041,0.427814
3.65432,0.64819,1,0.687303,0.427814
3.65457,0.669314,1,0.608777,0.427814
3.65482,0.414413,1,0.261525,0.427814
3.65507,0.0336588,1,-0.184673,0.427814
3.65532,-0.263332,1,-0.496812,0.427814
3.65557,-0.367595,0.80315,-0.58144,0.427814
3.65582,-0.33394,-1,-0.48351,0.427814
3.65607,-0.299907,-1,-0.367599,0.427814
3.65632,-0.3372,-1,-0.295156,0.427814
3.65657,-0.378787,-1,-0.23321,0.427814
3.65682,-0.286494,-1,-0.0578939,0.427814
3.65707,0.00272947,-1,0.254433,0.427814
3.65732,0.387176,1,0.629727,0.427814
3.65757,0.658367,1,0.839573,0.427814
3.65782,0.658036,1,0.748106,0.427814
3.65807,0.402846,1,0.395775,0.427814
3.65832,0.065749,1,-0.0271025,0.427814
3.65857,-0.168564,1,-0.31519,0.427814
3.65882,-0.242595,1,-0.403041,0.427814
3.65907,-0.246163,-1,-0.390681,0.427814
3.65932,-0.299679,-1,-0.39165,0.427814
3.65957,-0.419404,-1,-0.436441,0.427814
3.65982,-0.488392,-1,-0.427653,0.427814
3.66007,-0.363647,-1,-0.238831,0.427814
3.66032,-0.0237744,-1,0.124314,0.427814
3.66057,0.383987,0.11811,0.528738,0.427814
3.66082,0.640136,1,0.744154,0.427814
3.66107,0.620042,1,0.659088,0.427814
3.66132,0.38257,1,0.336162,0.427814
3.66157,0.107681,1,-0.00633184,0.427814
3.66182,-0.057346,1,-0.212857,0.427814
3.66207,-0.110277,1,-0.272341,0.427814
3.66232,-0.162719,-1,-0.287369,0.427814
3.66257,-0.305294,-1,-0.371235,0.427814
3.66282,-0.495708,-1,-0.486562,0.427814
3.66307,-0.577725,-1,-0.475411,0.427814
3.66332,-0.418896,-1,-0.264468,0.427814
3.66357,-0.0435395,-1,0.136638,0.427814
3.66382,0.364759,-1,0.530415,0.427814
3.66407,0.5931,1,0.714379,0.427814
3.66432,0.55913,1,0.600416,0.427814
3.66457,0.357526,1,0.305661,0.427814
3.66482,0.16041,1,0.0123028,0.427814
3.66507,0.065101,1,-0.146464,0.427814
3.66532,0.0225562,1,-0.211449,0.427814
3.66557,-0.0876801,-1,-0.297395,0.427814
3.66582,-0.315023,-1,-0.465949,0.427814
3.66607,-0.560134,-1,-0.626243,0.427814
3.66632,-0.641812,-1,-0.611311,0.427814
3.66657,-0.45186,-1,-0.333196,0.427814
3.66682,-0.0597368,-1,0.0968178,0.427814
3.66707,0.326914,-1,0.500017,0.427814
3.66732,0.518918,1,0.660234,0.427814
3.66757,0.480526,1,0.565305,0.427814
3.66782,0.332075,1,0.331726,0.427814
3.66807,0.222802,1,0.138004,0.427814
3.66832,0.192411,1,0.0484219,0.427814
3.66858,0.14863,1,-0.0247517,0.427814
3.66883,-0.024221,1,-0.19157,0.427814
3.66908,-0.325696,-1,-0.446114,0.427814
3.66933,-0.607139,-1,-0.654245,0.427814
3.66958,-0.677673,-1,-0.631019,0.427814
3.66983,-0.463553,-1,-0.328244,0.427814
3.67008,-0.0765569,-1,0.121694,0.427814
3.67033,0.269294,-1,0.494375,0.427814
3.67058,0.420605,-0.874016,0.623928,0.427814
3.67083,0.389852,1,0.531822,0.427814
3.67108,0.309779,1,0.368142,0.427814
3.67133,0.292367,1,0.243238,0.427814
3.67158,0.318158,1,0.172665,0.427814
3.67183,0.26129,1,0.0428294,0.427814
3.67208,0.0267565,1,-0.224249,0.427814
3.67233,-0.333785,-1,-0.568139,0.427814
3.67258,-0.63188,-1,-0.805507,0.427814
3.67283,-0.683874,-1,-0.768469,0.427814
3.67308,-0.457258,-1,-0.44058,0.427814
3.67333,-0.0972814,-1,0.00630406,0.427814
3.67358,0.191611,-1,0.339004,0.427814
3.67383,0.303281,-1,0.466837,0.427814
3.67408,0.293333,1,0.431877,0.427814
3.67433,0.292944,1,0.37992,0.427814
3.67458,0.365641,1,0.380609,0.427814
3.67483,0.435016,1,0.366765,0.427814
3.67508,0.356127,1,0.222118,0.427814
3.67533,0.0652444,1,-0.0952447,0.427814
3.67558,-0.334789,-0.952756,-0.486491,0.427814
3.67583,-0.630806,-1,-0.741609,0.427814
3.67608,-0.660932,-1,-0.701162,0.427814
3.67633,-0.436701,-1,-0.401857,0.427814
3.67658,-0.124621,-1,-0.0241889,0.427814
3.67683,0.0959915,-1,0.218454,0.427814
3.67708,0.173621,-1,0.291403,0.427814
3.67733,0.197098,1,0.288681,0.427814
3.67758,0.282712,1,0.311201,0.427814
3.67783,0.43772,1,0.383777,0.427814
3.67808,0.535932,1,0.410983,0.427814
3.67833,0.429147,1,0.24897,0.427814
3.67858,0.0925738,1,-0.0981943,0.427814
3.67883,-0.324747,1,-0.491513,0.427814
3.67908,-0.602106,-1,-0.707181,0.427814
3.67933,-0.611336,-1,-0.631838,0.427814
3.67958,-0.406374,-1,-0.328157,0.427814
3.67983,-0.160902,-1,0.0121756,0.427814
3.68008,-0.0137863,-1,0.223534,0.427814
3.68033,0.0378345,-1,0.29183,0.427814
3.68058,0.10672,1,0.339059,0.427814
3.68083,0.278635,1,0.446424,0.427814
3.68108,0.503177,1,0.572237,0.427814
3.68133,0.615656,1,0.584097,0.427814
3.68158,0.47828,1,0.358227,0.427814
3.68183,0.111929,1,-0.0629639,0.427814
3.68208,-0.300328,1,-0.49062,0.427814
3.68233,-0.545435,-1,-0.703633,0.427814
3.68258,-0.539139,-1,-0.64056,0.427814
3.68283,-0.37119,-1,-0.392038,0.427814
3.68308,-0.206535,-1,-0.142851,0.427814
3.68333,-0.133033,-1,0.00414927,0.427814
3.68358,-0.0963434,-1,0.07049,0.427814
3.68383,0.0261117,-0.88189,0.191994,0.427814
3.68408,0.279091,1,0.405167,0.427814
3.68433,0.556427,1,0.616537,0.427814
3.68458,0.66924,1,0.64398,0.427814
3.68483,0.503868,1,0.387011,0.427814
3.68508,0.126507,1,-0.0509141,0.427814
3.68533,-0.258488,1,-0.454336,0.427814
3.68558,-0.462635,0.779528,-0.64745,0.427814
3.68583,-0.449808,-1,-0.576335,0.427814
3.68608,-0.335455,-1,-0.387911,0.427814
3.68633,-0.260604,-1,-0.213875,0.427814
3.68658,-0.255717,-1,-0.104455,0.427814
3.68683,-0.221603,-1,-0.0102894,0.427814
3.68708,-0.0416458,-1,0.187993,0.427814
3.68733,0.281456,1,0.498282,0.427814
3.68758,0.591964,1,0.74408,0.427814
3.68783,0.69372,1,0.757573,0.427814
3.68808,0.507314,1,0.474292,0.427814
3.68833,0.139836,1,0.0316517,0.427814
3.68858,-0.198161,1,-0.358969,0.427814
3.68883,-0.357505,1,-0.524517,0.427814
3.68908,-0.349323,-1,-0.48701,0.427814
3.68933,-0.30287,-1,-0.39025,0.427814
3.68958,-0.321123,-1,-0.322097,0.427814
3.68983,-0.37475,-1,-0.292987,0.427814
3.69008,-0.332157,-1,-0.185857,0.427814
3.69033,-0.0949448,-1,0.0790324,0.427814
3.69058,0.281801,1,0.441124,0.427814
3.69083,0.605758,1,0.725651,0.427814
3.69108,0.688172,1,0.732399,0.427814
3.69133,0.49158,1,0.459781,0.427814
3.69158,0.155959,1,0.0538122,0.427814
3.69183,-0.120004,1,-0.251383,0.427814
3.69208,-0.234807,1,-0.367305,0.427814
3.69233,-0.244395,-1,-0.334758,0.427814
3.69258,-0.275966,-1,-0.308689,0.427814
3.69283,-0.384242,-1,-0.344931,0.427814
3.69308,-0.483565,-1,-0.367403,0.427814
3.69334,-0.422725,-1,-0.245627,0.427814
3.69359,-0.134448,-1,0.0527327,0.427814
3.69384,0.276072,-1,0.442343,0.427814
3.69409,0.594181,1,0.706184,0.427814
3.69434,0.653443,1,0.680255,0.427814
3.69459,0.461089,1,0.388057,0.427814
3.69484,0.177628,1,0.00847346,0.427814
3.69509,-0.0254083,1,-0.255158,0.427814
3.69534,-0.101141,1,-0.355882,0.427814
3.69559,-0.140934,-1,-0.371018,0.427814
3.69584,-0.255996,-1,-0.420065,0.427814
3.69609,-0.445699,-1,-0.511211,0.427814
3.69634,-0.575408,-1,-0.538552,0.427814
3.69659,-0.489652,-1,-0.363297,0.427814
3.69684,-0.161519,-1,0.00946522,0.427814
3.69709,0.260959,-1,0.44283,0.427814
3.69734,0.555648,1,0.718002,0.427814
3.69759,0.592392,1,0.694311,0.427814
3.69784,0.420506,1,0.441261,0.427814
3.69809,0.206743,1,0.129959,0.427814
3.69834,0.0818113,1,-0.055009,0.427814
3.69859,0.0360892,1,-0.131385,0.427814
3.69884,-0.0445937,0.84252,-0.210912,0.427814
3.69909,-0.242834,-1,-0.367949,0.427814
3.69934,-0.500212,-1,-0.555977,0.427814
3.69959,-0.644545,-1,-0.616433,0.427814
3.69984,-0.531684,-1,-0.40815,0.427814
3.70009,-0.178662,-1,-1.63111e-05,0.427814
3.70034,0.232393,-1,0.434689,0.427814
3.70059,0.490508,-0.519685,0.671366,0.427814
3.70084,0.509307,1,0.636649,0.427814
3.70109,0.374794,1,0.420258,0.427814
3.70134,0.244229,1,0.192674,0.427814
3.70159,0.196483,1,0.0569535,0.427814
3.70184,0.170001,1,-0.0339634,0.427814
3.70209,0.0400156,1,-0.181578,0.427814
3.70234,-0.234912,-1,-0.438028,0.427814
3.70259,-0.542451,-1,-0.685572,0.427814
3.70284,-0.686864,-1,-0.745685,0.427814
3.70309,-0.548757,-1,-0.508932,0.427814
3.70334,-0.190053,-1,-0.0691122,0.427814
3.70359,0.188133,-1,0.35214,0.427814
3.70384,0.400419,-1,0.567364,0.427814
3.70409,0.409868,1,0.553361,0.427814
3.70434,0.328739,1,0.404807,0.427814
3.70459,0.289346,1,0.289438,0.427814
3.70484,0.312993,1,0.22508,0.427814
3.70509,0.29331,1,0.140332,0.427814
3.70534,0.110394,1,-0.0747957,0.427814
3.70559,-0.229644,-1,-0.400422,0.427814
3.70584,-0.567269,-1,-0.693188,0.427814
3.70609,-0.699647,-1,-0.746136,0.427814
3.70634,-0.542627,-1,-0.508375,0.427814
3.70659,-0.198872,-1,-0.101322,0.427814
3.70684,0.127262,-1,0.257483,0.427814
3.70709,0.28937,-1,0.420425,0.427814
3.70734,0.300665,1,0.406073,0.427814
3.70759,0.285903,1,0.326214,0.427814
3.70784,0.339974,1,0.308031,0.427814
3.70809,0.424471,1,0.306052,0.427814
3.70834,0.399605,1,0.229355,0.427814
3.70859,0.165052,1,-0.0202028,0.427814
3.70884,-0.223791,1,-0.390838,0.427814
3.70909,-0.570487,-1,-0.681101,0.427814
3.70934,-0.682231,-1,-0.709303,0.427814
3.70959,-0.517082,-1,-0.44469,0.427814
3.70984,-0.208823,-1,-0.0423987,0.427814
3.71009,0.0496659,-1,0.277288,0.427814
3.71034,0.162962,-1,0.41433,0.427814
3.71059,0.188047,1,0.415361,0.427814
3.71084,0.249312,1,0.407225,0.427814
3.71109,0.392881,1,0.463366,0.427814
3.71134,0.524044,1,0.483354,0.427814
3.71159,0.48445,1,0.362344,0.427814
3.71184,0.203807,1,0.0317234,0.427814
3.71209,-0.213072,1,-0.389324,0.427814
3.71234,-0.549309,-1,-0.703509,0.427814
3.71259,-0.635843,-1,-0.728871,0.427814
3.71284,-0.476028,-1,-0.488824,0.427814
3.71309,-0.223382,-1,-0.143973,0.427814
3.71334,-0.04241,-1,0.10312,0.427814
3.71359,0.027247,-1,0.195003,0.427814
3.71384,0.0786654,-0.937008,0.24245,0.427814
3.71409,0.220218,1,0.348161,0.427814
3.71434,0.443639,1,0.496103,0.427814
3.71459,0.605653,1,0.569678,0.427814
3.71484,0.544376,1,0.415587,0.427814
3.71509,0.228845,1,0.0447327,0.427814
3.71534,-0.193864,1,-0.404043,0.427814
3.71559,-0.502047,0.125984,-0.696896,0.427814
3.71584,-0.563595,-1,-0.698181,0.427814
3.71609,-0.424694,-1,-0.480255,0.427814
3.71634,-0.244482,-1,-0.200749,0.427814
3.71659,-0.145201,-1,-0.00757524,0.427814
3.71684,-0.110324,-1,0.0786161,0.427814
3.71709,-0.0219289,-1,0.182938,0.427814
3.71734,0.198704,1,0.384649,0.427814
3.71759,0.487353,1,0.61747,0.427814
3.71784,0.663768,1,0.70866,0.427814
3.7181,0.577788,1,0.522908,0.427814
3.71835,0.242736,1,0.117057,0.427814
3.7186,-0.16311,1,-0.325352,0.427814
3.71885,-0.429257,1,-0.591524,0.427814
3.7191,-0.470517,-1,-0.600844,0.427814
3.71935,-0.368337,-1,-0.436637,0.427814
3.7196,-0.27293,-1,-0.254265,0.427814
3.71985,-0.254213,-1,-0.148176,0.427814
3.7201,-0.241974,-1,-0.0752939,0.427814
3.72035,-0.109585,-1,0.0794148,0.427814
3.7206,0.183621,1,0.358768,0.427814
3.72085,0.518807,1,0.645998,0.427814
3.7211,0.694391,1,0.749547,0.427814
3.72135,0.585389,1,0.553987,0.427814
3.7216,0.248881,1,0.140451,0.427814
3.72185,-0.117954,1,-0.257419,0.427814
3.7221,-0.333435,1,-0.479419,0.427814
3.72235,-0.361913,-1,-0.476342,0.427814
3.7226,-0.311849,-1,-0.360623,0.427814
3.72285,-0.30842,-1,-0.282916,0.427814
3.7231,-0.363299,-1,-0.257774,0.427814
3.72335,-0.36158,-1,-0.198666,0.427814
3.7236,-0.181119,-1,-0.000623674,0.427814
3.72385,0.1721,-0.692913,0.33261,0.427814
3.7241,0.533263,1,0.642643,0.427814
3.72435,0.69531,1,0.72452,0.427814
3.7246,0.569145,1,0.511853,0.428091
3.72485,0.251646,1,0.09523,0.428091
3.7251,-0.0575476,1,-0.268267,0.428091
3.72535,-0.218293,1,-0.444585,0.428091
3.7256,-0.244694,-1,-0.444057,0.428091
3.72585,-0.259206,-1,-0.404306,0.428091
3.7261,-0.348932,-1,-0.400241,0.428091
3.72635,-0.465849,-1,-0.414693,0.428091
3.7266,-0.46264,-1,-0.337802,0.428091
3.72685,-0.23494,-1,-0.0613568,0.428091
3.7271,0.160977,-1,0.342277,0.428091
3.72735,0.52695,1,0.671512,0.428091
3.7276,0.666155,1,0.745521,0.428091
3.72785,0.532622,1,0.534724,0.428091
3.7281,0.254624,1,0.167052,0.428091
3.72835,0.0174729,1,-0.136631,0.428091
3.7286,-0.0892773,1,-0.275093,0.428091
3.72885,-0.125921,1,-0.299939,0.428091
3.7291,-0.213392,-1,-0.340918,0.428091
3.72935,-0.39134,-1,-0.447168,0.428091
3.7296,-0.555405,-1,-0.519055,0.428091
3.72985,-0.540256,-1,-0.409792,0.428091
3.7301,-0.271815,-1,-0.0714566,0.428091
3.73035,0.146737,-1,0.364054,0.428091
3.7306,0.496804,0.283465,0.698981,0.428091
3.73085,0.608577,1,0.757712,0.428091
3.7311,0.480652,1,0.549447,0.428091
3.73135,0.260932,1,0.226618,0.428091
3.7316,0.105566,1,-0.0173769,0.428091
3.73185,0.0466487,1,-0.132602,0.428091
3.7321,-0.0116984,1,-0.197176,0.428091
3.73235,-0.176168,-1,-0.343602,0.428091
3.7326,-0.431482,-1,-0.545152,0.428091
3.73285,-0.626134,-1,-0.66022,0.428091
3.7331,-0.591766,-1,-0.535662,0.428091
3.73335,-0.293242,-1,-0.164874,0.428091
3.7336,0.125184,-1,0.283903,0.428091
3.73385,0.442028,-1,0.599922,0.428091
3.7341,0.525829,1,0.644513,0.428091
3.73435,0.418484,1,0.480896,0.428091
3.7346,0.273122,1,0.242361,0.428091
3.73485,0.202834,1,0.0883872,0.428091
3.7351,0.182735,1,0.00227642,0.428091
3.73535,0.0920894,1,-0.10333,0.428091
3.7356,-0.14738,-1,-0.333527,0.428091
3.73585,-0.464425,-1,-0.596619,0.428091
3.7361,-0.672744,-1,-0.721189,0.428091
3.73635,-0.615775,-1,-0.576537,0.428091
3.7366,-0.301951,-1,-0.186443,0.428091
3.73685,0.0933231,-1,0.246844,0.428091
3.7371,0.363384,-1,0.50982,0.428091
3.73735,0.422973,1,0.543167,0.428091
3.7376,0.351639,1,0.409537,0.428091
3.73785,0.292091,1,0.267118,0.428091
3.7381,0.304544,1,0.19761,0.428091
3.73835,0.311401,1,0.149959,0.428091
3.7386,0.180737,1,-0.00434908,0.428091
3.73885,-0.125944,0.0393701,-0.293342,0.428091
3.7391,-0.485838,-1,-0.604963,0.428091
3.73935,-0.691609,-1,-0.735911,0.428091
3.7396,-0.612889,-1,-0.562114,0.428091
3.73985,-0.302107,-1,-0.168444,0.428091
3.7401,0.0490072,-1,0.228497,0.428091
3.74035,0.262889,-1,0.46089,0.428091
3.7406,0.306366,1,0.471393,0.428091
3.74085,0.285107,1,0.386375,0.428091
3.7411,0.317416,1,0.335387,0.428091
3.74135,0.405148,1,0.334101,0.428091
3.7416,0.425566,1,0.283534,0.428091
3.74185,0.251789,1,0.0717251,0.428091
3.7421,-0.109696,1,-0.27726,0.428091
3.74235,-0.490777,-1,-0.623983,0.428091
3.7426,-0.680807,-1,-0.747124,0.428091
3.74286,-0.585747,-1,-0.563961,0.428091
3.74311,-0.297576,-1,-0.180645,0.428091
3.74336,-0.00909539,-1,0.168468,0.428091
3.74361,0.144921,-1,0.351493,0.428091
3.74386,0.182494,-1,0.378347,0.428091
3.74411,0.223194,1,0.363829,0.428091
3.74436,0.347549,1,0.40864,0.428091
3.74461,0.498159,1,0.459981,0.428091
3.74486,0.51975,1,0.377786,0.428091
3.74511,0.303729,1,0.0906691,0.428091
3.74536,-0.0947525,1,-0.331385,0.428091
3.74561,-0.475655,-1,-0.695962,0.428091
3.74586,-0.640218,-1,-0.805319,0.428091
3.74611,-0.53814,-1,-0.616835,0.428091
3.74636,-0.292342,-1,-0.277739,0.428091
3.74661,-0.0804565,-1,0.0170577,0.428091
3.74686,0.0153304,-1,0.165168,0.428091
3.74711,0.0585192,-1,0.219515,0.428091
3.74736,0.169184,1,0.310405,0.428091
3.74761,0.379464,1,0.463742,0.428091
3.74786,0.577211,1,0.587009,0.428091
3.74811,0.589223,1,0.515768,0.428091
3.74836,0.336708,1,0.205191,0.428091
3.74861,-0.0780455,1,-0.233636,0.428091
3.74886,-0.438239,1,-0.589191,0.428091
3.74911,-0.571791,-1,-0.681115,0.428091
3.74936,-0.475083,-1,-0.513903,0.428091
3.74961,-0.289757,-1,-0.242298,0.428091
3.74986,-0.162934,-1,-0.0296926,0.428091
3.75011,-0.119715,-1,0.0795995,0.428091
3.75036,-0.0587087,-1,0.154889,0.428091
3.75061,0.124446,1,0.321555,0.428091
3.75086,0.409341,1,0.540524,0.428091
3.75111,0.636638,1,0.689866,0.428091
3.75136,0.631071,1,0.585142,0.428091
3.75161,0.353246,1,0.232809,0.428091
3.75186,-0.0559718,1,-0.220493,0.428091
3.75211,-0.37723,1,-0.54359,0.428091
3.75236,-0.479424,-1,-0.61368,0.428091
3.75261,-0.402158,-1,-0.476579,0.428091
3.75286,-0.292295,-1,-0.278341,0.428091
3.75311,-0.253474,-1,-0.158657,0.428091
3.75336,-0.252741,-1,-0.0880489,0.428091
3.75361,-0.163934,-1,0.0229083,0.428091
3.75386,0.0894678,0.503937,0.263436,0.428091
3.75411,0.432509,1,0.556777,0.428091
3.75436,0.671564,1,0.721136,0.428091
3.75461,0.644663,1,0.612229,0.428091
3.75486,0.355845,1,0.247077,0.428091
3.75511,-0.0248551,1,-0.178107,0.428091
3.75536,-0.293674,1,-0.454375,0.428091
3.75561,-0.368082,-1,-0.497881,0.428091
3.75586,-0.3252,-1,-0.397315,0.428091
3.75611,-0.301173,-1,-0.298081,0.428091
3.75636,-0.347166,-1,-0.251985,0.428091
3.75661,-0.376288,-1,-0.224631,0.428091
3.75686,-0.252473,-1,-0.0766714,0.428091
3.75711,0.0633497,-1,0.22357,0.428091
3.75736,0.444399,1,0.558143,0.428091
3.75761,0.678699,1,0.719485,0.428091
3.75786,0.630838,1,0.57627,0.428091
3.75811,0.348402,1,0.207943,0.428091
3.75836,0.0173512,1,-0.18424,0.428091
3.75861,-0.190445,1,-0.421894,0.428091
3.75886,-0.244289,1,-0.449299,0.428091
3.75911,-0.249303,-1,-0.402393,0.428091
3.75936,-0.316306,-1,-0.373539,0.428091
3.75961,-0.438297,-1,-0.388598,0.428091
3.75986,-0.484047,-1,-0.327668,0.428091
3.76011,-0.321286,-1,-0.0912838,0.428091
3.76036,0.0433337,-1,0.301238,0.428091
3.76061,0.440921,1,0.684484,0.428091
3.76086,0.656343,1,0.845864,0.428091
3.76111,0.592501,1,0.686678,0.428091
3.76136,0.335517,1,0.329363,0.428091
3.76161,0.0715064,1,-0.0184656,0.428091
3.76186,-0.0713423,1,-0.220697,0.428091
3.76211,-0.115481,1,-0.274277,0.428091
3.76236,-0.178873,-1,-0.329141,0.428091
3.76261,-0.336187,-1,-0.430083,0.428091
3.76286,-0.520979,-1,-0.541376,0.428091
3.76311,-0.57008,-1,-0.507636,0.428091
3.76336,-0.369612,-1,-0.248276,0.428091
3.76361,0.0264512,-1,0.180078,0.428091
3.76386,0.418263,-1,0.559843,0.428091
3.76411,0.604829,1,0.703573,0.428091
3.76436,0.533604,1,0.572938,0.428091
3.76461,0.321159,1,0.276711,0.428091
3.76486,0.137667,1,0.0044006,0.428091
3.76511,0.0577181,1,-0.131701,0.428091
3.76536,0.0120682,1,-0.194034,0.428091
3.76561,-0.117285,-1,-0.302657,0.428091
3.76586,-0.357971,-1,-0.482698,0.428091
3.76611,-0.58902,-1,-0.627323,0.428091
3.76636,-0.629975,-1,-0.579079,0.428091
3.76661,-0.397719,-1,-0.273601,0.428091
3.76686,0.00930801,-1,0.169942,0.428091
3.76711,0.374365,-1,0.537556,0.428091
3.76736,0.526685,1,0.658044,0.428091
3.76762,0.45951,1,0.531733,0.428091
3.76787,0.30886,1,0.295757,0.428091
3.76812,0.213715,1,0.113203,0.428091
3.76837,0.189843,1,0.0242792,0.428091
3.76862,0.131282,1,-0.064127,0.428091
3.76887,-0.0666128,-0.88189,-0.242079,0.428091
3.76912,-0.377968,-1,-0.502664,0.428091
3.76937,-0.636923,-1,-0.684592,0.428091
3.76962,-0.661605,-1,-0.621223,0.428091
3.76987,-0.40746,-1,-0.300751,0.428091
3.77012,-0.0122252,-1,0.128128,0.428091
3.77037,0.308777,-1,0.461287,0.428091
3.77062,0.42542,1,0.543423,0.428091
3.77087,0.376181,1,0.432191,0.428091
3.77112,0.3014,1,0.281509,0.428091
3.77137,0.29619,1,0.187739,0.428091
3.77162,0.318133,1,0.157471,0.428091
3.77187,0.236182,1,0.0538662,0.428091
3.77212,-0.0268209,1,-0.192415,0.428091
3.77237,-0.392049,-1,-0.509545,0.428091
3.77262,-0.660105,-1,-0.699706,0.428091
3.77287,-0.664075,-1,-0.608419,0.428091
3.77312,-0.402495,-1,-0.25431,0.428091
3.77337,-0.0410832,-1,0.172574,0.428091
3.77362,0.222053,-1,0.458289,0.428091
3.77387,0.30675,-1,0.521788,0.428091
3.77412,0.28939,1,0.443022,0.428091
3.77437,0.300104,1,0.367228,0.428091
3.77462,0.380812,1,0.336425,0.428091
3.77487,0.435611,1,0.284921,0.428091
3.77512,0.322864,1,0.0934494,0.428091
3.77537,0.00295615,1,-0.258422,0.428091
3.77562,-0.395501,-1,-0.643477,0.428091
3.77587,-0.655761,-1,-0.846583,0.428091
3.77612,-0.638835,-1,-0.744185,0.428091
3.77637,-0.386712,-1,-0.384903,0.428091
3.77662,-0.0793653,-1,0.0123867,0.428091
3.77687,0.117296,-1,0.262443,0.428091
3.77712,0.177492,-1,0.344881,0.428091
3.77737,0.204702,1,0.356069,0.428091
3.77762,0.305074,1,0.404911,0.428091
3.77787,0.461794,1,0.490493,0.428091
3.77812,0.535354,1,0.48423,0.428091
3.77837,0.388302,1,0.27571,0.428091
3.77862,0.0247445,1,-0.118873,0.428091
3.77887,-0.38439,1,-0.519315,0.428091
3.77912,-0.622596,-1,-0.720795,0.428091
3.77937,-0.588856,-1,-0.621569,0.428091
3.77962,-0.364484,-1,-0.313065,0.428091
3.77987,-0.128611,-1,0.00284117,0.428091
3.78012,-0.00106996,-1,0.187515,0.428091
3.78037,0.0443668,-1,0.251565,0.428091
3.78062,0.126932,1,0.304278,0.428091
3.78087,0.314893,1,0.437667,0.428091
3.78112,0.53363,1,0.570934,0.428091
3.78137,0.612214,1,0.556927,0.428091
3.78162,0.431251,1,0.29742,0.428091
3.78187,0.0421891,1,-0.127603,0.428091
3.78212,-0.355589,1,-0.516818,0.428091
3.78237,-0.561002,-1,-0.692887,0.428091
3.78262,-0.518717,-1,-0.583557,0.428091
3.78287,-0.340378,-1,-0.318715,0.428091
3.78312,-0.188241,-1,-0.0795709,0.428091
3.78337,-0.127767,-1,0.0434948,0.428091
3.78362,-0.0852159,-1,0.104803,0.428091
3.78387,0.0591303,1,0.24156,0.428091
3.78412,0.327021,1,0.456723,0.428091
3.78437,0.590405,1,0.64055,0.428091
3.78462,0.662006,1,0.624599,0.428091
3.78487,0.452835,1,0.342316,0.428091
3.78512,0.0586842,1,-0.0830389,0.428091
3.78537,-0.306891,1,-0.454634,0.428091
3.78562,-0.473606,-1,-0.590962,0.428091
3.78587,-0.433901,-1,-0.488218,0.428091
3.78612,-0.318053,-1,-0.29545,0.428091
3.78637,-0.256369,-1,-0.149021,0.428091
3.78662,-0.255914,-1,-0.0961033,0.428091
3.78687,-0.204321,-1,-0.0236749,0.428091
3.78712,0.00341143,-1,0.171421,0.428091
3.78737,0.337908,1,0.448084,0.428091
3.78762,0.62683,1,0.665959,0.428091
3.78787,0.682456,1,0.6213,0.428091
3.78812,0.455064,1,0.300835,0.428091
3.78837,0.0778141,1,-0.145317,0.428091
3.78862,-0.237829,1,-0.474863,0.428091
3.78887,-0.364896,1,-0.578083,0.428091
3.78912,-0.340549,-1,-0.494075,0.428091
3.78937,-0.30036,-1,-0.36169,0.428091
3.78962,-0.330097,-1,-0.286741,0.428091
3.78987,-0.37824,-1,-0.2193,0.428091
3.79012,-0.307743,-1,-0.0760438,0.428091
3.79037,-0.0395571,-1,0.226648,0.428091
3.79062,0.343546,1,0.599298,0.428091
3.79087,0.638823,1,0.832312,0.428091
3.79112,0.673429,1,0.781181,0.428091
3.79137,0.441289,1,0.443582,0.428091
3.79162,0.102896,1,0.0148799,0.428091
3.79187,-0.149801,1,-0.28787,0.428091
3.79212,-0.240202,1,-0.399698,0.428091
3.79238,-0.244979,-1,-0.388589,0.428091
3.79263,-0.288871,-1,-0.391906,0.428091
3.79288,-0.40482,-1,-0.427518,0.428091
3.79313,-0.488148,-1,-0.431151,0.428091
3.79338,-0.390934,-1,-0.27234,0.428091
3.79363,-0.071429,-1,0.0687393,0.428091
3.79388,0.339671,-0.76378,0.47764,0.428091
3.79413,0.623513,1,0.719264,0.428091
3.79438,0.636469,1,0.665616,0.428091
3.79463,0.416115,1,0.37339,0.428091
3.79488,0.136237,1,0.0118473,0.428091
3.79513,-0.0451669,1,-0.223144,0.428091
3.79538,-0.106465,1,-0.301845,0.428091
3.79563,-0.152584,-1,-0.321972,0.428091
3.79588,-0.283801,-1,-0.38881,0.428091
3.79613,-0.475455,-1,-0.503391,0.428091
3.79638,-0.579063,-1,-0.510923,0.428091
3.79663,-0.451041,-1,-0.314949,0.428091
3.79688,-0.0939409,-1,0.0737239,0.428091
3.79713,0.322632,-1,0.487601,0.428091
3.79738,0.579987,1,0.706996,0.428091
3.79763,0.575018,1,0.639995,0.428091
3.79788,0.384234,1,0.35433,0.428091
3.79813,0.178862,1,0.0601525,0.428091
3.79838,0.0714169,1,-0.111118,0.428091
3.79863,0.0288005,1,-0.176126,0.428091
3.79888,-0.0683036,-1,-0.253257,0.428091
3.79913,-0.28416,-1,-0.423519,0.428091
3.79938,-0.536271,-1,-0.588675,0.428091
3.79963,-0.645651,-1,-0.606538,0.428091
3.79988,-0.487647,-1,-0.381828,0.428091
3.80013,-0.110146,-1,0.0333209,0.428091
3.80038,0.288918,-1,0.436041,0.428091
3.80063,0.509355,1,0.628887,0.428091
3.80088,0.493828,1,0.559714,0.428091
3.80113,0.349819,1,0.332783,0.428091
3.80138,0.23091,1,0.129443,0.428091
3.80163,0.194047,1,0.033726,0.428091
3.80188,0.158835,1,-0.0195725,0.428091
3.80213,0.00428013,1,-0.155927,0.428091
3.80238,-0.28735,-1,-0.406773,0.428091
3.80263,-0.581779,-1,-0.624312,0.428091
3.80288,-0.684426,-1,-0.629526,0.428091
3.80313,-0.501573,-1,-0.349573,0.428091
3.80338,-0.124195,-1,0.0897919,0.428091
3.80363,0.236858,-1,0.472566,0.428091
3.80388,0.414072,-1,0.626577,0.428091
3.80413,0.398955,1,0.55389,0.428091
3.80438,0.317135,1,0.379642,0.428091
3.80463,0.29053,1,0.240812,0.428091
3.80488,0.316591,1,0.166886,0.428091
3.80513,0.276727,1,0.0471014,0.428091
3.80538,0.0634859,1,-0.201753,0.428091
3.80563,-0.290127,-1,-0.543469,0.428091
3.80588,-0.60696,-1,-0.796374,0.428091
3.80613,-0.693362,-1,-0.800967,0.428091
3.80638,-0.494875,-1,-0.495907,0.428091
3.80663,-0.139545,-1,-0.04905,0.428091
3.80688,0.166303,-1,0.307774,0.428091
3.80713,0.298816,-1,0.463879,0.428091
3.80738,0.29652,1,0.447467,0.428091
3.80763,0.28916,1,0.388121,0.428091
3.80788,0.354618,1,0.374989,0.428091
3.80813,0.431861,1,0.370596,0.428091
3.80838,0.376571,1,0.256763,0.428091
3.80863,0.108645,1,-0.0342204,0.428091
3.80888,-0.288777,-0.125984,-0.424086,0.428091
3.80913,-0.607958,-1,-0.707447,0.428091
3.80938,-0.672621,-1,-0.707958,0.428091
3.80963,-0.471672,-1,-0.433032,0.428091
3.80988,-0.159284,-1,-0.0478919,0.428091
3.81013,0.0780117,-1,0.224362,0.428091
3.81038,0.169739,-1,0.319356,0.428091
3.81063,0.19279,1,0.315013,0.428091
3.81088,0.267782,1,0.328226,0.428091
3.81113,0.419124,1,0.398658,0.428091
3.81138,0.532912,1,0.431589,0.428091
3.81163,0.454833,1,0.294602,0.428091
3.81188,0.140533,1,-0.0468263,0.428091
3.81213,-0.278853,1,-0.449926,0.428091
3.81238,-0.582518,-1,-0.697056,0.428091
3.81263,-0.624031,-1,-0.663432,0.428091
3.81288,-0.436297,-1,-0.383872,0.428091
3.81313,-0.186259,-1,-0.0360059,0.428091
3.81338,-0.0248633,-1,0.190197,0.428091
3.81363,0.033455,-1,0.273345,0.428091
3.81388,0.0937403,1,0.310745,0.428091
3.81413,0.25327,1,0.403904,0.428091
3.81438,0.478937,1,0.540241,0.428091
3.81463,0.613781,1,0.579965,0.428091
3.81488,0.508693,1,0.397537,0.428091
3.81513,0.161933,1,0.00195713,0.428091
3.81538,-0.256821,1,-0.425469,0.428091
3.81563,-0.529685,-1,-0.677456,0.428091
3.81588,-0.551319,-1,-0.633536,0.428091
3.81613,-0.393833,-1,-0.402543,0.428091
3.81638,-0.221543,-1,-0.134707,0.428091
3.81663,-0.137691,-1,0.00481195,0.428091
3.81688,-0.10287,-1,0.0724307,0.428091
3.81714,0.00447858,-1,0.171739,0.428091
3.81739,0.244705,1,0.364247,0.428091
3.81764,0.528713,1,0.577811,0.428091
3.81789,0.669639,1,0.623176,0.428091
3.81814,0.537337,1,0.403021,0.428091
3.81839,0.175818,1,-0.0217465,0.428091
3.81864,-0.219996,1,-0.436599,0.428091
3.81889,-0.450871,1,-0.646492,0.428091
3.81914,-0.459733,-1,-0.599602,0.428091
3.81939,-0.348976,-1,-0.405908,0.428091
3.81964,-0.264955,-1,-0.220557,0.428091
3.81989,-0.255078,-1,-0.109098,0.428091
3.82014,-0.231555,-1,-0.0123062,0.428091
3.82039,-0.0718542,-1,0.185105,0.428091
3.82064,0.240058,1,0.474057,0.428091
3.82089,0.563107,1,0.747938,0.428091
3.82114,0.696893,1,0.782818,0.428091
3.82139,0.542248,1,0.536144,0.428091
3.82164,0.185711,1,0.0918863,0.428091
3.82189,-0.166137,1,-0.316895,0.428091
3.82214,-0.349232,1,-0.515547,0.428091
3.82239,-0.35517,-1,-0.503839,0.428091
3.82264,-0.305989,-1,-0.394862,0.428091
3.82289,-0.315209,-1,-0.335031,0.428091
3.82314,-0.370524,-1,-0.305966,0.428091
3.82339,-0.346467,-1,-0.217632,0.428091
3.82364,-0.133003,-1,0.0193844,0.428091
3.82389,0.235806,0.944882,0.377514,0.428091
3.82414,0.577339,1,0.686433,0.428091
3.82439,0.694058,1,0.73383,0.428091
3.82464,0.52595,1,0.48996,0.425225
3.82489,0.195838,1,0.0959393,0.425225
3.82514,-0.0951942,1,-0.224783,0.425225
3.82539,-0.229082,1,-0.351906,0.425225
3.82564,-0.244313,-1,-0.332012,0.425225
3.82589,-0.268041,-1,-0.289809,0.425225
3.82614,-0.369298,-1,-0.321233,0.425225
3.82639,-0.477422,-1,-0.348205,0.425225
3.82664,-0.441848,-1,-0.257746,0.425225
3.82689,-0.178271,-1,0.0168929,0.425225
3.82714,0.228337,-1,0.394953,0.425225
3.82739,0.568299,1,0.679858,0.425225
3.82764,0.661453,1,0.680291,0.425225
3.82789,0.492357,1,0.410596,0.425225
3.82814,0.209349,1,0.0388755,0.425225
3.82839,-0.00874327,1,-0.253113,0.425225
3.82864,-0.0966913,1,-0.357066,0.425225
3.82889,-0.133908,-0.913386,-0.368773,0.425225
3.82914,-0.237128,-1,-0.404934,0.425225
3.82939,-0.423048,-1,-0.497487,0.425225
3.82964,-0.568975,-1,-0.536969,0.425225
3.82989,-0.513496,-1,-0.38999,0.425225
3.83014,-0.209212,-1,-0.0354454,0.425225
3.83039,0.213793,-1,0.40364,0.425225
3.83064,0.533413,1,0.702138,0.425225
3.83089,0.601469,1,0.709175,0.425225
3.83114,0.446445,1,0.473277,0.425225
3.83139,0.228667,1,0.169239,0.425225
3.83164,0.0908141,1,-0.0458214,0.425225
3.83189,0.0407155,1,-0.124797,0.425225
3.83214,-0.0295441,1,-0.189237,0.425225
3.83239,-0.213985,-1,-0.336727,0.425225
3.83264,-0.472025,-1,-0.536169,0.425225
3.83289,-0.639237,-1,-0.609175,0.425225
3.83314,-0.559552,-1,-0.439428,0.425225
3.83339,-0.227937,-1,-0.0486721,0.425225
3.83364,0.188508,-1,0.388272,0.425225
3.83389,0.472405,-1,0.657468,0.425225
3.83414,0.517989,1,0.645993,0.425225
3.83439,0.393286,1,0.445819,0.425225
3.83464,0.25551,1,0.212763,0.425225
3.83489,0.198851,1,0.0550325,0.425225
3.83514,0.176256,1,-0.0353506,0.425225
3.83539,0.0636297,1,-0.182472,0.425225
3.83564,-0.19738,-1,-0.41973,0.425225
3.83589,-0.510905,-1,-0.682153,0.425225
3.83614,-0.6837,-1,-0.764697,0.425225
3.83639,-0.579397,-1,-0.555688,0.425225
3.83664,-0.237538,-1,-0.138058,0.425225
3.83689,0.149689,-1,0.306672,0.425225
3.83714,0.386948,-1,0.552876,0.425225
3.83739,0.416479,1,0.55491,0.425225
3.83764,0.337956,1,0.426547,0.425225
3.83789,0.289708,1,0.298743,0.425225
3.83814,0.309636,1,0.235741,0.425225
3.83839,0.302468,1,0.163172,0.425225
3.83864,0.141761,1,-0.0191528,0.425225
3.83889,-0.18561,-1,-0.334896,0.425225
3.83914,-0.534793,-1,-0.645338,0.425225
3.83939,-0.699178,-1,-0.73976,0.425225
3.83964,-0.574321,-1,-0.536549,0.425225
3.83989,-0.242483,-1,-0.142517,0.425225
3.84014,0.0959026,-1,0.2235,0.425225
3.84039,0.279877,-1,0.399796,0.425225
3.84064,0.303481,1,0.397296,0.425225
3.84089,0.284897,1,0.315891,0.425225
3.84114,0.32995,1,0.283282,0.425225
3.84139,0.417192,1,0.29136,0.425225
3.84165,0.412607,1,0.234611,0.425225
3.8419,0.203292,1,0.0161616,0.425225
3.84215,-0.175759,1,-0.346629,0.425225
3.8424,-0.539092,-1,-0.645658,0.425225
3.84265,-0.684486,-1,-0.711934,0.425225
3.8429,-0.547556,-1,-0.472057,0.425225
3.84315,-0.245881,-1,-0.0724472,0.425225
3.8434,0.0264144,-1,0.268145,0.425225
3.84365,0.156284,-1,0.415108,0.425225
3.8439,0.185457,0.724409,0.421527,0.425225
3.84415,0.237337,1,0.409198,0.425225
3.8444,0.373644,1,0.447985,0.425225
3.84465,0.514707,1,0.474944,0.425225
3.8449,0.501762,1,0.374674,0.425225
3.84515,0.247708,1,0.0624764,0.425225
3.8454,-0.16375,1,-0.366705,0.425225
3.84565,-0.52058,-1,-0.700618,0.425225
3.8459,-0.640287,-1,-0.755142,0.425225
3.84615,-0.503413,-1,-0.541596,0.425225
3.8464,-0.251797,-1,-0.190724,0.425225
3.84665,-0.0572012,-1,0.0673459,0.425225
3.8469,0.0225988,-1,0.182042,0.425225
3.84715,0.0692558,-1,0.231114,0.425225
3.8474,0.197716,1,0.328777,0.425225
3.84765,0.41693,1,0.480736,0.425225
3.8479,0.595738,1,0.571257,0.425225
3.84815,0.565889,1,0.458998,0.425225
3.8484,0.275701,1,0.10231,0.425225
3.84865,-0.14598,1,-0.342556,0.425225
3.8489,-0.477606,0.76378,-0.656248,0.425225
3.84915,-0.569224,-1,-0.695183,0.425225
3.8494,-0.446587,-1,-0.498519,0.425225
3.84965,-0.262741,-1,-0.21501,0.425225
3.8499,-0.151848,-1,-0.016647,0.425225
3.85015,-0.114634,-1,0.0922791,0.425225
3.8504,-0.0387185,-1,0.183729,0.425225
3.85065,0.166501,1,0.37067,0.425225
3.8509,0.455321,1,0.605557,0.425225
3.85115,0.654853,1,0.713251,0.425225
3.8514,0.602892,1,0.56994,0.425225
3.85165,0.290275,1,0.173501,0.425225
3.8519,-0.119193,1,-0.280339,0.425225
3.85215,-0.409638,1,-0.569942,0.425225
3.8524,-0.475777,-1,-0.60963,0.425225
3.85265,-0.382708,-1,-0.463242,0.425225
3.8529,-0.280213,-1,-0.283307,0.425225
3.85315,-0.253612,-1,-0.169243,0.425225
3.8534,-0.247804,-1,-0.101388,0.425225
3.85365,-0.134149,-1,0.0425687,0.425225
3.8539,0.143137,1,0.308564,0.425225
3.85415,0.483781,1,0.59789,0.425225
3.8544,0.687579,1,0.730307,0.425225
3.85465,0.612865,1,0.57942,0.425225
3.8549,0.294618,1,0.197061,0.425225
3.85515,-0.0801473,1,-0.217065,0.425225
3.8554,-0.318529,1,-0.450283,0.425225
3.85565,-0.365555,-1,-0.465028,0.425225
3.8559,-0.31701,-1,-0.35951,0.425225
3.85615,-0.30462,-1,-0.269272,0.425225
3.8564,-0.356824,-1,-0.235357,0.425225
3.85665,-0.369398,-1,-0.19592,0.425225
3.8569,-0.213061,-1,-0.0219835,0.425225
3.85715,0.125897,-1,0.28917,0.425225
3.8574,0.497594,1,0.609821,0.425225
3.85765,0.691207,1,0.716175,0.425225
3.8579,0.597322,1,0.524835,0.425225
3.85815,0.292533,1,0.123081,0.425225
3.8584,-0.027462,1,-0.257361,0.425225
3.85865,-0.20797,1,-0.460317,0.425225
3.8589,-0.244879,-0.677165,-0.46716,0.425225
3.85915,-0.254247,-1,-0.412908,0.425225
3.8594,-0.334688,-1,-0.402269,0.425225
3.85965,-0.455204,-1,-0.414187,0.425225
3.8599,-0.47381,-1,-0.345781,0.425225
3.86015,-0.273213,-1,-0.0890296,0.425225
3.8604,0.111413,-1,0.307796,0.425225
3.86065,0.492809,1,0.663024,0.425225
3.8609,0.664839,1,0.777246,0.425225
3.86115,0.559513,1,0.589002,0.425225
3.8614,0.288436,1,0.227647,0.425225
3.86165,0.0388721,1,-0.0933327,0.425225
3.8619,-0.0826764,1,-0.245714,0.425225
3.86215,-0.121121,1,-0.287531,0.425225
3.8624,-0.197834,-1,-0.325564,0.425225
3.86265,-0.36797,-1,-0.427925,0.425225
3.8629,-0.542584,-1,-0.514313,0.425225
3.86315,-0.555281,-1,-0.440976,0.425225
3.8634,-0.314766,-1,-0.144864,0.425225
3.86365,0.096326,-1,0.293803,0.425225
3.8639,0.466043,-0.346457,0.650443,0.425225
3.86415,0.609497,1,0.736994,0.425225
3.8644,0.504079,1,0.556979,0.425225
3.86465,0.285797,1,0.241882,0.425225
3.8649,0.117988,1,-0.0118554,0.425225
3.86515,0.0511771,1,-0.13843,0.425225
3.8654,-0.000675825,1,-0.212821,0.425225
3.86565,-0.15017,-1,-0.33383,0.425225
3.8659,-0.400825,-1,-0.53109,0.425225
3.86615,-0.612545,-1,-0.659498,0.425225
3.86641,-0.610594,-1,-0.559979,0.425225
3.86666,-0.338725,-1,-0.217096,0.425225
3.86691,0.0771483,-1,0.24153,0.425225
3.86716,0.415813,-1,0.577486,0.425225
3.86741,0.528266,1,0.662732,0.425225
3.86766,0.43631,1,0.505489,0.425225
3.86791,0.287409,1,0.277271,0.425225
3.86816,0.206805,1,0.107107,0.425225
3.86841,0.186171,1,0.0259968,0.425225
3.86866,0.110105,1,-0.0805548,0.425225
3.86891,-0.11233,-1,-0.283163,0.425225
3.86916,-0.428913,-1,-0.551701,0.425225
3.86941,-0.660131,-1,-0.705657,0.425225
3.86966,-0.637793,-1,-0.596351,0.425225
3.86991,-0.347486,-1,-0.240837,0.425225
3.87016,0.0499442,-1,0.186584,0.425225
3.87041,0.342536,-1,0.479259,0.425225
3.87066,0.425496,1,0.537159,0.425225
3.87091,0.361965,1,0.411294,0.425225
3.87116,0.295191,1,0.265316,0.425225
3.87141,0.300789,1,0.190946,0.425225
3.87166,0.315459,1,0.149762,0.425225
3.87191,0.205945,1,0.0204462,0.425225
3.87216,-0.083367,0.858268,-0.253434,0.425225
3.87241,-0.447517,-1,-0.559877,0.425225
3.87266,-0.681131,-1,-0.717774,0.425225
3.87291,-0.636959,-1,-0.574789,0.425225
3.87316,-0.345044,-1,-0.188574,0.425225
3.87341,0.0124728,-1,0.232226,0.425225
3.87366,0.247532,-1,0.485367,0.425225
3.87391,0.307239,0.393701,0.521984,0.425225
3.87416,0.286411,1,0.43832,0.425225
3.87441,0.309446,1,0.366064,0.425225
3.87466,0.395242,1,0.351339,0.425225
3.87491,0.431755,1,0.295358,0.425225
3.87516,0.28376,1,0.0969112,0.425225
3.87541,-0.0615995,1,-0.263079,0.425225
3.87566,-0.452252,-1,-0.634887,0.425225
3.87591,-0.673084,-1,-0.792988,0.425225
3.87616,-0.610253,-1,-0.644512,0.425225
3.87641,-0.335326,-1,-0.275272,0.425225
3.87666,-0.0373933,-1,0.0949423,0.425225
3.87691,0.134613,-1,0.305781,0.425225
3.87716,0.180504,-1,0.348186,0.425225
3.87741,0.214525,1,0.350614,0.425225
3.87766,0.329119,1,0.401767,0.425225
3.87791,0.483881,1,0.470491,0.425225
3.87816,0.528657,1,0.42066,0.425225
3.87841,0.34139,1,0.17464,0.425225
3.87866,-0.0443985,1,-0.237338,0.425225
3.87891,-0.439145,-0.244094,-0.617141,0.425225
3.87916,-0.635538,-1,-0.763354,0.425225
3.87941,-0.561156,-1,-0.61172,0.425225
3.87966,-0.322445,-1,-0.281216,0.425225
3.87991,-0.0995142,-1,0.0179317,0.425225
3.88016,0.00913795,-1,0.177137,0.425225
3.88041,0.0519912,-1,0.22719,0.425225
3.88066,0.150266,1,0.300238,0.425225
3.88091,0.352051,1,0.446869,0.425225
3.88116,0.560487,1,0.574151,0.425225
3.88141,0.601572,1,0.530265,0.425225
3.88166,0.37841,1,0.241036,0.425225
3.88191,-0.0275858,1,-0.202826,0.425225
3.88216,-0.405593,1,-0.564542,0.425225
3.88241,-0.569679,-1,-0.695762,0.425225
3.88266,-0.494545,-1,-0.542081,0.425225
3.88291,-0.310605,-1,-0.277599,0.425225
3.88316,-0.17255,-1,-0.0460552,0.425225
3.88341,-0.123081,-1,0.0715625,0.425225
3.88366,-0.07119,-1,0.139361,0.425225
3.88391,0.0957627,1,0.292095,0.425225
3.88416,0.374806,1,0.514809,0.425225
3.88441,0.619311,1,0.672659,0.425225
3.88466,0.646981,1,0.605324,0.425225
3.88491,0.396672,1,0.285865,0.425225
3.88516,-0.00810223,1,-0.164565,0.425225
3.88541,-0.349774,1,-0.509823,0.425225
3.88566,-0.478836,-1,-0.608126,0.425225
3.88591,-0.416012,-1,-0.487721,0.425225
3.88616,-0.30244,-1,-0.293768,0.425225
3.88641,-0.254112,-1,-0.153458,0.425225
3.88666,-0.254767,-1,-0.101183,0.425225
3.88691,-0.182615,-1,0.00229775,0.425225
3.88716,0.0520423,-0.370079,0.22188,0.425225
3.88741,0.393397,1,0.514653,0.425225
3.88766,0.655258,1,0.695662,0.425225
3.88791,0.663343,1,0.611399,0.425225
3.88816,0.398897,1,0.266631,0.425225
3.88841,0.0174398,1,-0.167471,0.425225
3.88866,-0.27215,1,-0.476478,0.425225
3.88891,-0.368093,-0.228346,-0.546019,0.425225
3.88916,-0.331488,-1,-0.444888,0.425225
3.88941,-0.300031,-1,-0.33335,0.425225
3.88966,-0.339901,-1,-0.271104,0.425225
3.88991,-0.378484,-1,-0.230407,0.425225
3.89016,-0.277767,-1,-0.0782915,0.425225
3.89041,0.0190053,-1,0.2196,0.425225
3.89066,0.40311,1,0.575721,0.425225
3.89091,0.664667,1,0.773826,0.425225
3.89117,0.651306,1,0.665328,0.425225
3.89142,0.388335,1,0.31184,0.425225
3.89167,0.0522359,1,-0.103009,0.425225
3.89192,-0.17498,1,-0.363367,0.425225
3.89217,-0.243234,1,-0.428912,0.425225
3.89242,-0.246947,-1,-0.392244,0.425225
3.89267,-0.304013,-1,-0.378587,0.425225
3.89292,-0.424697,-1,-0.403922,0.425225
3.89317,-0.487749,-1,-0.377974,0.425225
3.89342,-0.352703,-1,-0.171745,0.425225
3.89367,-0.00564447,-1,0.204507,0.425225
3.89392,0.399752,1,0.592801,0.425225
3.89417,0.645321,1,0.793053,0.425225
3.89442,0.613063,1,0.681189,0.425225
3.89467,0.369805,1,0.347667,0.425225
3.89492,0.0976837,1,0.00147614,0.425225
3.89517,-0.061476,1,-0.197077,0.425225
3.89542,-0.111396,1,-0.259048,0.425225
3.89567,-0.166854,-1,-0.279582,0.425225
3.89592,-0.313561,-1,-0.376948,0.425225
3.89617,-0.502904,-1,-0.489179,0.425225
3.89642,-0.576309,-1,-0.480692,0.425225
3.89667,-0.406102,-1,-0.256099,0.425225
3.89692,-0.02452,-1,0.143344,0.425225
3.89717,0.379866,-1,0.534981,0.425225
3.89742,0.597022,1,0.706139,0.425225
3.89767,0.55274,1,0.587171,0.425225
3.89792,0.34756,1,0.288548,0.425225
3.89817,0.153904,1,0.00132142,0.425225
3.89842,0.0629426,1,-0.149471,0.425225
3.89867,0.0197739,1,-0.211516,0.425225
3.89892,-0.0954155,-1,-0.300876,0.425225
3.89917,-0.326685,-1,-0.476028,0.425225
3.89942,-0.56847,-1,-0.620956,0.425225
3.89967,-0.639341,-1,-0.599214,0.425225
3.89992,-0.437636,-1,-0.316475,0.425225
3.90017,-0.0408655,-1,0.13068,0.425225
3.90042,0.340412,-1,0.513618,0.425225
3.90067,0.521632,1,0.66393,0.425225
3.90092,0.47507,1,0.563241,0.425225
3.90117,0.325603,1,0.333556,0.425225
3.90142,0.220089,1,0.136605,0.425225
3.90167,0.191753,1,0.0408534,0.425225
3.90192,0.144168,1,-0.0359412,0.425225
3.90217,-0.0354186,0.0472441,-0.200633,0.425225
3.90242,-0.340013,-1,-0.468448,0.425225
3.90267,-0.615852,-1,-0.670675,0.425225
3.90292,-0.674077,-1,-0.635718,0.425225
3.90317,-0.44871,-1,-0.339963,0.425225
3.90342,-0.058868,-1,0.108992,0.425225
3.90367,0.280374,-1,0.45294,0.425225
3.90392,0.422519,0.181102,0.577384,0.425225
3.90417,0.38612,1,0.47693,0.425225
3.90442,0.307292,1,0.318054,0.425225
3.90467,0.293392,1,0.216393,0.425225
3.90492,0.318437,1,0.166651,0.425225
3.90517,0.255186,1,0.056983,0.425225
3.90542,0.0124912,1,-0.187356,0.425225
3.90567,-0.349688,-1,-0.508988,0.425225
3.90592,-0.640291,-1,-0.732465,0.425225
3.90617,-0.679249,-1,-0.679486,0.425225
3.90642,-0.442663,-1,-0.351629,0.425225
3.90667,-0.081727,-1,0.0880624,0.425225
3.90692,0.200414,-1,0.400929,0.425225
3.90717,0.304681,-1,0.491404,0.425225
3.90742,0.292202,1,0.436767,0.425225
3.90767,0.294672,1,0.372226,0.425225
3.90792,0.369783,1,0.345108,0.425225
3.90817,0.435463,1,0.312211,0.425225
3.90842,0.347646,1,0.152717,0.425225
3.90867,0.0485485,1,-0.175078,0.425225
3.90892,-0.35165,-1,-0.555063,0.425225
3.90917,-0.638304,-1,-0.792558,0.425225
3.90942,-0.655592,-1,-0.728481,0.425225
3.90967,-0.423278,-1,-0.405068,0.425225
3.90992,-0.111997,-1,-0.0231351,0.425225
3.91017,0.102175,-1,0.236807,0.425225
3.91042,0.17481,-1,0.319047,0.425225
3.91067,0.198976,1,0.320288,0.425225
3.91092,0.288603,1,0.353887,0.425225
3.91117,0.444495,1,0.440097,0.425225
3.91142,0.536348,1,0.452402,0.425225
3.91167,0.418639,1,0.27434,0.425225
3.91192,0.0742818,1,-0.0890529,0.425225
3.91217,-0.341419,1,-0.492174,0.425225
3.91242,-0.608431,-1,-0.714772,0.425225
3.91267,-0.605776,-1,-0.637531,0.425225
3.91292,-0.395027,-1,-0.331477,0.425225
3.91317,-0.151797,-1,-0.00577553,0.425225
3.91342,-0.0099515,-1,0.200139,0.425225
3.91367,0.0395523,-1,0.261569,0.425225
3.91392,0.111732,1,0.309764,0.425225
3.91417,0.288371,1,0.433896,0.425225
3.91442,0.511658,1,0.562936,0.425225
3.91467,0.615412,1,0.566989,0.425225
3.91492,0.466276,1,0.343351,0.425225
3.91517,0.0930119,1,-0.0712994,0.425225
3.91542,-0.315554,1,-0.487204,0.425225
3.91567,-0.550375,-1,-0.692994,0.425225
3.91593,-0.533975,-1,-0.620662,0.425225
3.91618,-0.362744,-1,-0.363324,0.425225
3.91643,-0.201283,-1,-0.108071,0.425225
3.91668,-0.131496,-1,0.0242546,0.425225
3.91693,-0.0935602,-1,0.093326,0.425225
3.91718,0.0347427,0.141732,0.20582,0.425225
3.91743,0.292096,1,0.420201,0.425225
3.91768,0.56602,1,0.616421,0.425225
3.91793,0.668036,1,0.635675,0.425225
3.91818,0.490518,1,0.382626,0.425225
3.91843,0.108002,1,-0.0540618,0.425225
3.91868,-0.272148,1,-0.441916,0.425225
3.91893,-0.466223,-0.244094,-0.614503,0.425225
3.91918,-0.445723,-1,-0.534846,0.425225
3.91943,-0.330568,-1,-0.335326,0.425225
3.91968,-0.259185,-1,-0.179001,0.425225
3.91993,-0.255855,-1,-0.103083,0.425225
3.92018,-0.217305,-1,-0.0238777,0.425225
3.92043,-0.0297576,-1,0.164063,0.425225
3.92068,0.29676,1,0.456478,0.425225
3.92093,0.60206,1,0.691667,0.425225
3.92118,0.691439,1,0.690401,0.425225
3.92143,0.49354,1,0.393695,0.425225
3.92168,0.122766,1,-0.0446865,0.425225
3.92193,-0.209491,1,-0.416845,0.425225
3.92218,-0.359975,1,-0.55623,0.425225
3.92243,-0.347009,-1,-0.500421,0.425225
3.92268,-0.301979,-1,-0.37635,0.425225
3.92293,-0.323371,-1,-0.300116,0.425225
3.92318,-0.375974,-1,-0.255734,0.425225
3.92343,-0.326044,-1,-0.126849,0.425225
3.92368,-0.080222,-1,0.14175,0.425225
3.92393,0.298658,1,0.509328,0.425225
3.92418,0.615347,1,0.774801,0.425225
3.92443,0.684912,1,0.76485,0.425225
3.92468,0.478335,1,0.460056,0.423024
3.92493,0.141393,1,0.0468467,0.423024
3.92518,-0.128348,1,-0.265006,0.423024
3.92543,-0.236558,1,-0.388326,0.423024
3.92568,-0.244298,-1,-0.372268,0.423024
3.92593,-0.279252,-1,-0.352121,0.423024
3.92618,-0.38989,-1,-0.385369,0.423024
3.92643,-0.485264,-1,-0.402404,0.423024
3.92668,-0.414685,-1,-0.270892,0.423024
3.92693,-0.117544,-1,0.0488931,0.423024
3.92718,0.293692,-1,0.438866,0.423024
3.92743,0.602903,1,0.706839,0.423024
3.92768,0.649494,1,0.68495,0.423024
3.92793,0.449043,1,0.394186,0.423024
3.92818,0.166156,1,0.0205031,0.423024
3.92843,-0.0311581,1,-0.24009,0.423024
3.92868,-0.102679,1,-0.325299,0.423024
3.92893,-0.14388,-1,-0.341328,0.423024
3.92918,-0.263316,-1,-0.404077,0.423024
3.92943,-0.453981,-1,-0.502124,0.423024
3.92968,-0.577006,-1,-0.533398,0.423024
3.92993,-0.479787,-1,-0.358074,0.423024
3.93018,-0.143459,-1,0.0265393,0.423024
3.93043,0.278153,-1,0.454076,0.423024
3.93068,0.563004,1,0.705084,0.423024
3.93093,0.58821,1,0.669107,0.423024
3.93118,0.410828,1,0.406848,0.423024
3.93143,0.198866,1,0.111187,0.423024
3.93168,0.0787519,1,-0.083047,0.423024
3.93193,0.034213,1,-0.14858,0.423024
3.93218,-0.0507064,-0.141732,-0.226556,0.423024
3.93243,-0.253935,-1,-0.382459,0.423024
3.93268,-0.510365,-1,-0.564875,0.423024
3.93293,-0.645561,-1,-0.615392,0.423024
3.93318,-0.520325,-1,-0.412396,0.423024
3.93343,-0.160253,-1,-0.00136056,0.423024
3.93368,0.248255,-1,0.423943,0.423024
3.93393,0.496117,0.322835,0.645684,0.423024
3.93418,0.505486,1,0.599863,0.423024
3.93443,0.368056,1,0.38246,0.423024
3.93468,0.240344,1,0.156925,0.423024
3.93493,0.195961,1,0.0469129,0.423024
3.93518,0.167255,1,-0.0242761,0.423024
3.93543,0.0309006,1,-0.155265,0.423024
3.93568,-0.249125,-1,-0.400329,0.423024
3.93593,-0.553568,-1,-0.640028,0.423024
3.93618,-0.68698,-1,-0.678173,0.423024
3.93643,-0.536576,-1,-0.429748,0.423024
3.93668,-0.172116,-1,0.00495445,0.423024
3.93693,0.201902,-1,0.408827,0.423024
3.93718,0.4047,-1,0.601018,0.423024
3.93743,0.407065,1,0.559348,0.423024
3.93768,0.325427,1,0.396063,0.423024
3.93793,0.289478,1,0.258847,0.423024
3.93818,0.314097,1,0.185823,0.423024
3.93843,0.289248,1,0.0940275,0.423024
3.93868,0.0980712,1,-0.128412,0.423024
3.93893,-0.246156,-1,-0.455692,0.423024
3.93918,-0.578672,-1,-0.741705,0.423024
3.93943,-0.698728,-1,-0.777347,0.423024
3.93968,-0.530219,-1,-0.514433,0.423024
3.93993,-0.18261,-1,-0.0931797,0.423024
3.94018,0.138381,-1,0.278085,0.423024
3.94043,0.292357,-1,0.438967,0.423024
3.94069,0.299716,1,0.430697,0.423024
3.94094,0.286575,1,0.358879,0.423024
3.94119,0.343873,1,0.338272,0.423024
3.94144,0.426793,1,0.342209,0.423024
3.94169,0.393846,1,0.248859,0.423024
3.94194,0.150089,1,-0.00828625,0.423024
3.94219,-0.241646,0.637795,-0.391459,0.423024
3.94244,-0.581366,-1,-0.683411,0.423024
3.94269,-0.680339,-1,-0.714461,0.423024
3.94294,-0.505063,-1,-0.453357,0.423024
3.94319,-0.195142,-1,-0.0551744,0.423024
3.94344,0.0578136,-1,0.25518,0.423024
3.94369,0.165043,-1,0.372766,0.423024
3.94394,0.189335,1,0.368371,0.423024
3.94419,0.253999,1,0.36953,0.423024
3.94444,0.400069,1,0.434387,0.423024
3.94469,0.52706,1,0.465529,0.423024
3.94494,0.477017,1,0.342794,0.423024
3.94519,0.187157,1,0.0121616,0.423024
3.94544,-0.231256,1,-0.406782,0.423024
3.94569,-0.558899,-1,-0.698505,0.423024
3.94594,-0.633377,-1,-0.703891,0.423024
3.94619,-0.465432,-1,-0.44666,0.423024
3.94644,-0.213029,-1,-0.105138,0.423024
3.94669,-0.0373055,-1,0.137619,0.423024
3.94694,0.0291202,-1,0.229399,0.423024
3.94719,0.0825071,0,0.26632,0.423024
3.94744,0.228994,1,0.365313,0.423024
3.94769,0.453437,1,0.5138,0.423024
3.94794,0.608526,1,0.571532,0.423024
3.94819,0.535341,1,0.41678,0.423024
3.94844,0.210872,1,0.042526,0.423024
3.94869,-0.211375,1,-0.402713,0.423024
3.94894,-0.510272,-0.708661,-0.671094,0.423024
3.94919,-0.5609,-1,-0.668946,0.423024
3.94944,-0.416357,-1,-0.439811,0.423024
3.94969,-0.237975,-1,-0.176194,0.423024
3.94994,-0.142969,-1,-0.0068574,0.423024
3.95019,-0.108312,-1,0.0666045,0.423024
3.95044,-0.0151085,-1,0.153864,0.423024
3.95069,0.211059,1,0.352143,0.423024
3.95094,0.49895,1,0.574397,0.423024
3.95119,0.666025,1,0.650529,0.423024
3.95144,0.567432,1,0.460226,0.423024
3.95169,0.224654,1,0.0525525,0.423024
3.95194,-0.179034,1,-0.379669,0.423024
3.95219,-0.435816,1,-0.617414,0.423024
3.95244,-0.46795,-1,-0.606574,0.423024
3.95269,-0.363006,-1,-0.418157,0.423024
3.95294,-0.270521,-1,-0.232143,0.423024
3.95319,-0.254479,-1,-0.120274,0.423024
3.95344,-0.239477,-1,-0.0371627,0.423024
3.95369,-0.099747,-1,0.13329,0.423024
3.95394,0.19871,1,0.414957,0.423024
3.95419,0.53134,1,0.694693,0.423024
3.95444,0.695838,1,0.772261,0.423024
3.95469,0.574233,1,0.550852,0.423024
3.95494,0.23191,1,0.133085,0.423024
3.95519,-0.131537,1,-0.276325,0.423024
3.95544,-0.338109,1,-0.500722,0.423024
3.95569,-0.360267,-1,-0.49139,0.423024
3.95594,-0.310028,-1,-0.392727,0.423024
3.95619,-0.310094,-1,-0.313187,0.423024
3.95644,-0.365332,-1,-0.284445,0.423024
3.95669,-0.357962,-1,-0.216337,0.423024
3.95694,-0.168474,-1,-0.00220335,0.423024
3.95719,0.189463,0.15748,0.339805,0.423024
3.95744,0.545733,1,0.653043,0.423024
3.95769,0.695761,1,0.731833,0.423024
3.95794,0.557868,1,0.515466,0.423024
3.95819,0.23637,1,0.115475,0.423024
3.95844,-0.0682434,1,-0.230029,0.423024
3.95869,-0.221601,1,-0.385577,0.423024
3.95894,-0.244599,-1,-0.382546,0.423024
3.95919,-0.261383,-1,-0.340146,0.423024
3.95944,-0.354402,-1,-0.345429,0.423024
3.95969,-0.469201,-1,-0.373627,0.423024
3.95994,-0.457595,-1,-0.298484,0.423024
3.96019,-0.219943,-1,-0.0376394,0.423024
3.96044,0.179449,-1,0.349215,0.423024
3.96069,0.538783,1,0.660826,0.423024
3.96094,0.665618,1,0.709298,0.423024
3.96119,0.52201,1,0.480614,0.423024
3.96144,0.24213,1,0.101701,0.423024
3.96169,0.00991774,1,-0.197362,0.423024
3.96194,-0.0914854,1,-0.311533,0.423024
3.96219,-0.127936,0.149606,-0.334995,0.423024
3.96244,-0.219598,-1,-0.365281,0.423024
3.96269,-0.399901,-1,-0.461522,0.423024
3.96294,-0.559607,-1,-0.517594,0.423024
3.96319,-0.533658,-1,-0.397053,0.423024
3.96344,-0.25514,-1,-0.062431,0.423024
3.96369,0.165284,-1,0.384819,0.423024
3.96394,0.507459,1,0.699843,0.423024
3.96419,0.607188,1,0.749211,0.423024
3.96444,0.471544,1,0.529342,0.423024
3.96469,0.252046,1,0.206585,0.423024
3.96494,0.101194,1,-0.0115469,0.423024
3.96519,0.0452829,1,-0.114983,0.423024
3.96545,-0.0162543,1,-0.173761,0.423024
3.9657,-0.186057,-1,-0.322144,0.423024
3.96595,-0.442572,-1,-0.515074,0.423024
3.9662,-0.630364,-1,-0.622136,0.423024
3.96645,-0.583704,-1,-0.487106,0.423024
3.9667,-0.275739,-1,-0.11697,0.423024
3.96695,0.142639,-1,0.319508,0.423024
3.9672,0.450965,-0.80315,0.615598,0.423024
3.96745,0.524201,1,0.643411,0.423024
3.9677,0.411684,1,0.458255,0.423024
3.96795,0.268109,1,0.222437,0.423024
3.9682,0.201601,1,0.0624503,0.423024
3.96845,0.181174,1,-0.0167488,0.423024
3.9687,0.0847513,1,-0.134933,0.423024
3.96895,-0.160837,-1,-0.361547,0.423024
3.9692,-0.47741,-1,-0.617241,0.423024
3.96945,-0.676469,-1,-0.726706,0.423024
3.9697,-0.60655,-1,-0.568238,0.423024
3.96995,-0.284581,-1,-0.169526,0.423024
3.9702,0.108977,-1,0.271616,0.423024
3.97045,0.370397,-1,0.536031,0.423024
3.9707,0.421544,1,0.554321,0.423024
3.97095,0.347843,1,0.427692,0.423024
3.9712,0.291203,1,0.288077,0.423024
3.97145,0.305947,1,0.211734,0.423024
3.9717,0.309354,1,0.156259,0.423024
3.97195,0.1706,1,-0.00732897,0.423024
3.9722,-0.141961,0.834646,-0.309685,0.423024
3.97245,-0.499627,-1,-0.621062,0.423024
3.9727,-0.694461,-1,-0.746899,0.423024
3.97295,-0.602992,-1,-0.554913,0.423024
3.9732,-0.286065,-1,-0.154289,0.423024
3.97345,0.0622006,-1,0.258612,0.423024
3.9737,0.267994,-1,0.482804,0.423024
3.97395,0.305547,0.377953,0.506694,0.423024
3.9742,0.284853,1,0.424073,0.423024
3.97445,0.32068,1,0.373111,0.423024
3.9747,0.40862,1,0.368511,0.423024
3.97495,0.422782,1,0.297783,0.423024
3.9752,0.239079,1,0.0576593,0.423024
3.97545,-0.12731,1,-0.323674,0.423024
3.9757,-0.504497,-1,-0.673851,0.423024
3.97595,-0.682534,-1,-0.792696,0.423024
3.9762,-0.57584,-1,-0.600064,0.423024
3.97645,-0.283615,-1,-0.211279,0.423024
3.9767,0.000982346,-1,0.140675,0.423024
3.97695,0.148339,-1,0.315324,0.423024
3.9772,0.183271,-1,0.350564,0.423024
3.97745,0.226834,1,0.351619,0.423024
3.9777,0.354585,1,0.420608,0.423024
3.97795,0.503033,1,0.475993,0.423024
3.9782,0.515505,1,0.395563,0.423024
3.97845,0.28902,1,0.110649,0.423024
3.9787,-0.113638,1,-0.31567,0.423024
3.97895,-0.48852,-0.322835,-0.676338,0.423024
3.9792,-0.640966,-1,-0.776129,0.423024
3.97945,-0.528984,-1,-0.588711,0.423024
3.9797,-0.281156,-1,-0.243037,0.423024
3.97995,-0.0737752,-1,0.0476915,0.423024
3.9802,0.017451,-1,0.183791,0.423024
3.98045,0.0612413,-1,0.240651,0.423024
3.9807,0.176668,1,0.331294,0.423024
3.98095,0.389715,1,0.490325,0.423024
3.9812,0.582783,1,0.602622,0.423024
3.98145,0.583588,1,0.511375,0.423024
3.9817,0.32061,1,0.18363,0.423024
3.98195,-0.0967493,1,-0.270513,0.423024
3.9822,-0.449614,1,-0.611324,0.423024
3.98245,-0.571715,-1,-0.691172,0.423024
3.9827,-0.467666,-1,-0.523746,0.423024
3.98295,-0.282195,-1,-0.248164,0.423024
3.9832,-0.159667,-1,-0.0301201,0.423024
3.98345,-0.118386,-1,0.0719113,0.423024
3.9837,-0.0535259,-1,0.16047,0.423024
3.98395,0.135627,1,0.327105,0.423024
3.9842,0.421949,1,0.556252,0.423024
3.98445,0.642255,1,0.693305,0.423024
3.9847,0.624239,1,0.584897,0.423024
3.98495,0.33641,1,0.224976,0.423024
3.9852,-0.0732402,1,-0.222174,0.423024
3.98545,-0.386684,1,-0.545915,0.423024
3.9857,-0.478749,-1,-0.608571,0.423024
3.98595,-0.397043,-1,-0.464744,0.423024
3.9862,-0.288795,-1,-0.279105,0.423024
3.98645,-0.253399,-1,-0.158709,0.423024
3.9867,-0.251647,-1,-0.0920175,0.423024
3.98695,-0.156229,-1,0.0225157,0.423024
3.9872,0.103858,-0.440945,0.265903,0.423024
3.98745,0.44679,1,0.560396,0.423024
3.9877,0.676671,1,0.718123,0.423024
3.98795,0.636767,1,0.582667,0.423024
3.9882,0.339371,1,0.202262,0.423024
3.98845,-0.0402708,1,-0.234729,0.423024
3.9887,-0.300997,1,-0.511453,0.423024
3.98895,-0.367835,-0.488189,-0.545046,0.423024
3.9892,-0.322884,-1,-0.442476,0.423024
3.98945,-0.301898,-1,-0.33924,0.423024
3.9897,-0.349844,-1,-0.290406,0.423024
3.98995,-0.374881,-1,-0.232026,0.423024
3.99021,-0.242259,-1,-0.0600036,0.423024
3.99046,0.0802362,-1,0.276624,0.423024
3.99071,0.459326,1,0.620265,0.423024
3.99096,0.682891,1,0.778807,0.423024
3.99121,0.622426,1,0.628625,0.423024
3.99146,0.333266,1,0.249709,0.423024
3.99171,0.00476228,1,-0.154303,0.423024
3.99196,-0.195651,1,-0.384146,0.423024
3.99221,-0.244708,1,-0.421498,0.423024
3.99246,-0.250453,-1,-0.39306,0.423024
3.99271,-0.321153,-1,-0.391084,0.423024
3.99296,-0.443121,-1,-0.414532,0.423024
3.99321,-0.481743,-1,-0.365436,0.423024
3.99346,-0.30873,-1,-0.117493,0.423024
3.99371,0.0618263,-1,0.280638,0.423024
3.99396,0.455591,0.622047,0.660907,0.423024
3.99421,0.659444,1,0.807734,0.423024
3.99446,0.584031,1,0.653993,0.423024
3.99471,0.322661,1,0.291481,0.423024
3.99496,0.0624568,1,-0.0443108,0.423024
3.99521,-0.0746589,1,-0.22834,0.423024
3.99546,-0.116719,1,-0.287853,0.423024
3.99571,-0.183764,-1,-0.323082,0.423024
3.99596,-0.344715,-1,-0.43588,0.423024
3.99621,-0.527251,-1,-0.531536,0.423024
3.99646,-0.566724,-1,-0.489008,0.423024
3.99671,-0.355184,-1,-0.218792,0.423024
3.99696,0.0455424,-1,0.206767,0.423024
3.99721,0.431877,-1,0.588378,0.423024
3.99746,0.606865,1,0.723701,0.423024
3.99771,0.525913,1,0.568359,0.423024
3.99796,0.311401,1,0.26513,0.423024
3.99821,0.131996,1,-0.000531795,0.423024
3.99846,0.0557096,1,-0.13767,0.423024
3.99871,0.00884302,1,-0.209206,0.423024
3.99896,-0.125933,-1,-0.315958,0.423024
3.99921,-0.369685,-1,-0.509637,0.423024
3.99946,-0.59584,-1,-0.647881,0.423024
3.99971,-0.625443,-1,-0.584224,0.423024
3.99996,-0.382093,-1,-0.261,0.423024
4.00021,0.0279517,-1,0.190579,0.423024
4.00046,0.386007,-1,0.548002,0.423024
4.00071,0.52766,1,0.664051,0.423024
4.00096,0.453791,1,0.525889,0.423024
4.00121,0.303371,1,0.291268,0.423024
4.00146,0.211726,1,0.118705,0.423024
4.00171,0.18918,1,0.0266701,0.423024
4.00196,0.126605,1,-0.056649,0.423024
4.00221,-0.0764896,0.251969,-0.247778,0.423024
4.00246,-0.389267,-1,-0.511968,0.423024
4.00271,-0.642402,-1,-0.690621,0.423024
4.00296,-0.657251,-1,-0.614262,0.423024
4.00321,-0.395896,-1,-0.269596,0.423024
4.00346,7.12534e-05,-1,0.183113,0.423024
4.00371,0.315614,-1,0.51102,0.423024
4.00396,0.425651,0.275591,0.591204,0.423024
4.00421,0.373568,1,0.490391,0.423024
4.00446,0.300193,1,0.328386,0.423024
4.00471,0.29689,1,0.232878,0.423024
4.00496,0.318078,1,0.167704,0.423024
4.00521,0.232002,1,0.0363753,0.423024
4.00546,-0.0350462,1,-0.231669,0.423024
4.00571,-0.399915,-1,-0.569722,0.423024
4.00596,-0.663455,-1,-0.759171,0.423024
4.00621,-0.660965,-1,-0.67388,0.423024
4.00646,-0.395403,-1,-0.316009,0.423024
4.00671,-0.0346784,-1,0.124987,0.423024
4.00696,0.22521,-1,0.413208,0.423024
4.00721,0.307081,-1,0.490605,0.423024
4.00745,0.288995,1,0.427606,0.423024
4.0077,0.300918,1,0.373648,0.423024
4.00795,0.382011,1,0.359899,0.423024
4.0082,0.435373,1,0.318842,0.423024
4.00845,0.320168,1,0.133999,0.423024
4.0087,-0.00167967,1,-0.21064,0.423024
4.00895,-0.399404,-1,-0.601628,0.423024
4.0092,-0.657032,-1,-0.807425,0.423024
4.00945,-0.637475,-1,-0.708341,0.423024
4.0097,-0.3843,-1,-0.366265,0.423024
4.00995,-0.077547,-1,0.0143414,0.423024
4.0102,0.117881,-1,0.25971,0.423024
4.01045,0.17761,-1,0.319081,0.423024
4.0107,0.205066,1,0.325015,0.423024
4.01095,0.305455,1,0.375371,0.423024
4.0112,0.462174,1,0.450415,0.423024
4.01145,0.535481,1,0.44774,0.423024
4.0117,0.388194,1,0.235399,0.423024
4.01195,0.0253425,1,-0.142621,0.423024
4.0122,-0.383738,1,-0.539689,0.423024
4.01245,-0.622198,-1,-0.723997,0.423024
4.0127,-0.589358,-1,-0.619293,0.423024
4.01295,-0.365792,-1,-0.306419,0.423024
4.0132,-0.129693,-1,0.0181126,0.423024
4.01345,-0.00161105,-1,0.212327,0.423024
4.0137,0.0439406,-1,0.270572,0.423024
4.01395,0.125732,1,0.334237,0.423024
4.0142,0.312611,1,0.461174,0.423024
4.01445,0.531817,1,0.58918,0.423024
4.0147,0.612641,1,0.565436,0.423024
4.01495,0.435141,1,0.308787,0.423024
4.0152,0.0478166,1,-0.117916,0.423024
4.01545,-0.350774,1,-0.522696,0.423024
4.0157,-0.559863,-1,-0.704709,0.423024
4.01595,-0.520875,-1,-0.605335,0.423024
4.0162,-0.343594,-1,-0.343568,0.423024
4.01645,-0.189991,-1,-0.105876,0.423024
4.0167,-0.128363,-1,0.0264826,0.423024
4.01695,-0.0865282,-1,0.0932577,0.423024
4.0172,0.0545963,-0.496063,0.223839,0.423024
4.01745,0.320585,1,0.444253,0.423024
4.0177,0.585848,1,0.643113,0.423024
4.01795,0.663508,1,0.626753,0.423024
4.0182,0.460946,1,0.340514,0.423024
4.01845,0.0693889,1,-0.105719,0.423024
4.0187,-0.299383,1,-0.493841,0.423024
4.01895,-0.472224,0.401575,-0.648763,0.423024
4.0192,-0.43695,-1,-0.559638,0.423024
4.01945,-0.321142,-1,-0.360587,0.423024
4.0197,-0.257062,-1,-0.195493,0.423024
4.01995,-0.256098,-1,-0.104332,0.423024
4.0202,-0.20812,-1,-0.00182099,0.423024
4.02045,-0.00605864,-1,0.218439,0.423024
4.0207,0.325999,1,0.524366,0.423024
4.02095,0.619858,1,0.75235,0.423024
4.0212,0.685679,1,0.729932,0.423024
4.02145,0.467508,1,0.415686,0.423024
4.0217,0.0924279,1,-0.038458,0.423024
4.02195,-0.228793,1,-0.396618,0.423024
4.0222,-0.363466,1,-0.542476,0.423024
4.02245,-0.342789,-1,-0.492002,0.423024
4.0227,-0.300833,-1,-0.386894,0.423024
4.02295,-0.327629,-1,-0.323668,0.423024
4.0232,-0.377647,-1,-0.282086,0.423024
4.02345,-0.31512,-1,-0.158878,0.423024
4.0237,-0.0556489,-1,0.133926,0.423024
4.02395,0.325995,1,0.504688,0.423024
4.0242,0.629769,1,0.764063,0.423024
4.02445,0.678646,1,0.732796,0.423024
4.0247,0.457125,1,0.42817,0.427382
