Time,Disturbance,Actuator,Error,RMS_E
0.400255,0.09972,0,0.102757,0
0.400505,0.28761,0,0.287504,0
0.400755,0.428468,0,0.429949,0
0.401005,0.508798,0,0.509019,0
0.401255,0.52734,0,0.53057,0
0.401505,0.494304,0,0.491942,0
0.401755,0.428134,0,0.425591,0
0.402005,0.3505,0,0.353163,0
0.402255,0.280775,0,0.279097,0
0.402505,0.23136,0,0.235426,0
0.402755,0.204938,0,0.202202,0
0.403005,0.194329,0,0.198207,0
0.403255,0.184977,0,0.189971,0
0.403505,0.159385,0,0.159617,0
0.403755,0.102369,0,0.105195,0
0.404005,0.00593806,0,0.00630049,0
0.404255,-0.127646,0,-0.13254,0
0.404505,-0.2852,0,-0.28964,0
0.404755,-0.444821,0,-0.449454,0
0.405005,-0.580169,0,-0.584533,0
0.405255,-0.666202,0,-0.669493,0
0.405505,-0.684734,0,-0.679739,0
0.405755,-0.628667,0,-0.631978,0
0.406005,-0.503836,0,-0.50752,0
0.406255,-0.328048,0,-0.330304,0
0.406505,-0.127483,0,-0.131126,0
0.406755,0.0687409,0,0.0647181,0
0.407005,0.234465,0,0.233715,0
0.407255,0.35162,0,0.347463,0
0.407505,0.413365,0,0.418237,0
0.407755,0.424555,0,0.425127,0
0.408005,0.399491,0,0.399024,0
0.408255,0.357523,0,0.358015,0
0.408505,0.317714,0,0.31498,0
0.408755,0.29376,0,0.289632,0
0.409005,0.29044,0,0.289896,0
0.409255,0.302562,0,0.303735,0
0.409505,0.316521,0,0.318269,0
0.409755,0.314161,0,0.31127,0
0.410005,0.277945,0,0.27582,0
0.410255,0.196166,0,0.199613,0
0.410505,0.0668801,0,0.0717425,0
0.410755,-0.100437,0,-0.100971,0
0.411005,-0.285984,0,-0.290588,0
0.411255,-0.463212,0,-0.464617,0
0.411505,-0.604274,0,-0.605296,0
0.411755,-0.68583,0,-0.685327,0
0.412005,-0.694109,0,-0.694263,0
0.412255,-0.627865,0,-0.629262,0
0.412505,-0.498657,0,-0.496804,0
0.412755,-0.328297,0,-0.333283,0
0.413005,-0.14413,0,-0.142073,0
0.413255,0.0267858,0,0.0275446,0
0.413505,0.163179,0,0.16223,0
0.413755,0.253643,0,0.250513,0
0.414005,0.298161,0,0.295883,0
0.414255,0.306911,0,0.303069,0
0.414505,0.296673,0,0.301413,0
0.414755,0.285763,0,0.287459,0
0.415005,0.288765,0,0.284699,0
0.415255,0.312366,0,0.30777,0
0.415505,0.353345,0,0.357802,0
0.415755,0.39921,0,0.397633,0
0.416005,0.431345,0,0.433246,0
0.416255,0.4299,0,0.426317,0
0.416505,0.379193,0,0.375695,0
0.416755,0.27241,0,0.272472,0
0.417005,0.114235,0,0.116852,0
0.417255,-0.0790464,0,-0.0816813,0
0.417506,-0.282359,0,-0.27867,0
0.417756,-0.466568,0,-0.462976,0
0.418006,-0.604467,0,-0.604915,0
0.418256,-0.676321,0,-0.677327,0
0.418506,-0.673877,0,-0.673503,0
0.418756,-0.60183,0,-0.602403,0
0.419006,-0.476516,0,-0.480535,0
0.419256,-0.321988,0,-0.325768,0
0.419506,-0.164615,0,-0.168878,0
0.419756,-0.0273318,0,-0.0275896,0
0.420006,0.0750313,0,0.0717013,0
0.420256,0.13832,0,0.134712,0
0.420506,0.168932,0,0.17152,0
0.420756,0.181034,0,0.177765,0
0.421006,0.192055,0,0.194331,0
0.421256,0.217327,0,0.219199,0
0.421506,0.265446,0,0.268778,0
0.421756,0.33536,0,0.337736,0
0.422006,0.416077,0,0.416291,0
0.422256,0.488964,0,0.491139,0
0.422506,0.532205,0,0.529265,0
0.422756,0.526211,0,0.528106,0
0.423006,0.458905,0,0.460338,0
0.423256,0.329318,0,0.327797,0
0.423506,0.14878,0,0.146539,0
0.423756,-0.0607192,0,-0.0609106,0
0.424006,-0.270595,0,-0.271216,0
0.424256,-0.451338,0,-0.448737,0
0.424506,-0.578481,0,-0.580826,0
0.424756,-0.637379,0,-0.635207,0
0.425006,-0.625849,0,-0.627419,0
0.425256,-0.55407,0,-0.553174,0
0.425506,-0.441687,0,-0.43718,0
0.425756,-0.31299,0,-0.313345,0
0.426006,-0.191216,0,-0.191575,0
0.426256,-0.0934381,0,-0.0931292,0
0.426506,-0.0270932,0,-0.0286706,0
0.426756,0.0109046,0,0.0156466,0
0.427006,0.032357,0,0.0276774,0
0.427256,0.0538061,0,0.0558325,0
0.427506,0.0913659,0,0.0878074,0
0.427756,0.155692,0,0.158202,0
0.428006,0.248306,0,0.251342,0
0.428256,0.360334,0,0.363122,0
0.428506,0.473877,0,0.47332,0
0.428756,0.565809,0,0.561432,0
0.429006,0.613111,0,0.617114,0
0.429256,0.598408,0,0.603043,0
0.429506,0.514514,0,0.519305,0
0.429756,0.366753,0,0.364984,0
0.430006,0.172448,0,0.173549,0
0.430256,-0.0422028,0,-0.0460692,0
0.430506,-0.24725,0,-0.251505,0
0.430756,-0.415052,0,-0.410673,0
0.431006,-0.525672,0,-0.526576,0
0.431256,-0.570556,0,-0.571411,0
0.431506,-0.553545,0,-0.550305,0
0.431756,-0.489242,0,-0.492883,0
0.432006,-0.398834,0,-0.39707,0
0.432256,-0.304735,0,-0.302767,0
0.432506,-0.225158,0,-0.226052,0
0.432756,-0.169999,0,-0.165918,0
0.433006,-0.138937,0,-0.139829,0
0.433256,-0.122325,0,-0.125706,0
0.433506,-0.104376,0,-0.10638,0
0.433756,-0.0680879,0,-0.0647569,0
0.434006,-0.000489818,0,-0.00209924,0
0.434256,0.103064,0,0.106684,0
0.434506,0.236594,0,0.231935,0
0.434756,0.383924,0,0.384124,0
0.435006,0.521645,0,0.52105,0
0.435256,0.624128,0,0.629103,0
0.435506,0.669189,0,0.665188,0
0.435756,0.643352,0,0.647273,0
0.436006,0.545181,0,0.540661,0
0.436256,0.386062,0,0.390032,0
0.436506,0.188129,0,0.186607,0
0.436756,-0.0201252,0,-0.0174292,0
0.437006,-0.20965,0,-0.207882,0
0.437256,-0.356683,0,-0.360197,0
0.437506,-0.447211,0,-0.448045,0
0.437756,-0.47917,0,-0.475309,0
0.438006,-0.461841,0,-0.45756,0
0.438256,-0.412733,0,-0.416041,0
0.438506,-0.352582,0,-0.352102,0
0.438756,-0.299917,0,-0.300859,0
0.439007,-0.26639,0,-0.265153,0
0.439257,-0.254033,0,-0.256503,0
0.439507,-0.25508,0,-0.254714,0
0.439757,-0.254455,0,-0.254457,0
0.440007,-0.23419,0,-0.23185,0
0.440257,-0.178726,0,-0.183294,0
0.440507,-0.0798297,0,-0.0828107,0
0.440757,0.060329,0,0.0637334,0
0.441007,0.228435,0,0.230879,0
0.441257,0.40213,0,0.40568,0
0.441507,0.554378,0,0.559084,0
0.441757,0.659149,0,0.663316,0
0.442007,0.697051,0,0.696944,0
0.442257,0.659718,0,0.663326,0
0.442507,0.55174,0,0.55449,0
0.442757,0.38981,0,0.385069,0
0.443007,0.19922,0,0.200918,0
0.443257,0.00858537,0,0.00480754,0
0.443507,-0.156139,0,-0.156899,0
0.443757,-0.276763,0,-0.273853,0
0.444007,-0.346001,0,-0.350813,0
0.444257,-0.368097,0,-0.370699,0
0.444507,-0.356634,0,-0.355163,0
0.444757,-0.330195,0,-0.334202,0
0.445007,-0.307063,0,-0.311372,0
0.445257,-0.300168,0,-0.299644,0
0.445507,-0.313581,0,-0.311626,0
0.445757,-0.341384,0,-0.337,0
0.446007,-0.369275,0,-0.368726,0
0.446257,-0.378388,0,-0.381166,0
0.446507,-0.350506,0,-0.354846,0
0.446757,-0.273317,0,-0.271031,0
0.447007,-0.144407,0,-0.144138,0
0.447257,0.0269835,0,0.0314054,0
0.447507,0.221009,0,0.220737,0
0.447757,0.410748,0,0.406837,0
0.448007,0.567663,0,0.568337,0
0.448257,0.667414,0,0.669537,0
0.448507,0.695041,0,0.694328,0
0.448757,0.648009,0,0.649067,0
0.449007,0.536608,0,0.539267,0
0.449257,0.381511,0,0.381887,0
0.449507,0.209234,0,0.210507,0
0.449757,0.0462502,0,0.0477132,0
0.450007,-0.086466,0,-0.0887125,0
0.450257,-0.177486,0,-0.177366,0
0.450507,-0.226543,0,-0.230378,0
0.450757,-0.243389,0,-0.247618,0
0.451007,-0.244325,0,-0.248411,0
0.451257,-0.247057,0,-0.246114,0
0.451507,-0.265566,0,-0.263042,0
0.451757,-0.305888,0,-0.31033,0
0.452007,-0.36411,0,-0.368594,0
0.452257,-0.42696,0,-0.426618,0
0.452507,-0.474987,0,-0.474191,0
0.452757,-0.487442,0,-0.48266,0
0.453007,-0.447807,0,-0.449824,0
0.453257,-0.348446,0,-0.345376,0
0.453507,-0.193424,0,-0.188505,0
0.453757,0.0013792,0,-0.00254466,0
0.454007,0.210911,0,0.209128,0
0.454257,0.405753,0,0.406838,0
0.454507,0.558042,0,0.561644,0
0.454757,0.647046,0,0.642862,0
0.455007,0.663367,0,0.665415,0
0.455257,0.610463,0,0.610622,0
0.455507,0.503427,0,0.502217,0
0.455757,0.365225,0,0.367994,0
0.456007,0.221383,0,0.219779,0
0.456257,0.0942132,0,0.0983235,0
0.456507,-0.00182779,0,-0.00231605,0
0.456757,-0.0626838,0,-0.065037,0
0.457007,-0.0946831,0,-0.0956321,0
0.457257,-0.111859,0,-0.11011,0
0.457507,-0.131337,0,-0.131088,0
0.457757,-0.168087,0,-0.166445,0
0.458007,-0.230242,0,-0.23122,0
0.458257,-0.316219,0,-0.31837,0
0.458507,-0.41432,0,-0.409737,0
0.458757,-0.505107,0,-0.507967,0
0.459007,-0.565797,0,-0.570373,0
0.459257,-0.575795,0,-0.579593,0
0.459507,-0.521966,0,-0.523952,0
0.459757,-0.402376,0,-0.398855,0
0.460007,-0.227574,0,-0.230491,0
0.460258,-0.019108,0,-0.0185062,0
0.460508,0.194596,0,0.19612,0
0.460758,0.383813,0,0.382902,0
0.461008,0.52344,0,0.527405,0
0.461258,0.59795,0,0.597494,0
0.461508,0.604086,0,0.607749,0
0.461758,0.550847,0,0.548527,0
0.462008,0.456737,0,0.455652,0
0.462258,0.345026,0,0.345335,0
0.462508,0.238147,0,0.242341,0
0.462758,0.152498,0,0.147627,0
0.463008,0.0950706,0,0.0948171,0
0.463258,0.0625016,0,0.0613344,0
0.463508,0.0428289,0,0.0381306,0
0.463758,0.0194623,0,0.0186328,0
0.464008,-0.0236737,0,-0.0186885,0
0.464258,-0.0970739,0,-0.093095,0
0.464508,-0.201987,0,-0.198966,0
0.464758,-0.329083,0,-0.326999,0
0.465008,-0.459784,0,-0.460879,0
0.465258,-0.570105,0,-0.573905,0
0.465508,-0.63597,0,-0.638154,0
0.465758,-0.638877,0,-0.638623,0
0.466008,-0.570463,0,-0.566054,0
0.466258,-0.434953,0,-0.439724,0
0.466508,-0.248814,0,-0.245804,0
0.466758,-0.0376865,0,-0.0344651,0
0.467008,0.168712,0,0.1654,0
0.467258,0.342579,0,0.338096,0
0.467508,0.463416,0,0.462824,0
0.467758,0.521901,0,0.521274,0
0.468008,0.520945,0,0.520406,0
0.468258,0.474086,0,0.469989,0
0.468508,0.401493,0,0.402914,0
0.468758,0.324677,0,0.329144,0
0.469008,0.261035,0,0.265651,0
0.469258,0.219793,0,0.217689,0
0.469508,0.2001,0,0.199646,0
0.469758,0.191841,0,0.196004,0
0.470008,0.178842,0,0.182553,0
0.470258,0.143818,0,0.141376,0
0.470508,0.0736001,0,0.0783505,0
0.470758,-0.0365102,0,-0.0320312,0
0.471008,-0.180384,0,-0.18255,0
0.471258,-0.341464,0,-0.343036,0
0.471508,-0.495721,0,-0.496036,0
0.471758,-0.616611,0,-0.619976,0
0.472008,-0.680867,0,-0.684713,0
0.472258,-0.673761,0,-0.677135,0
0.472508,-0.592591,0,-0.597066,0
0.472758,-0.447609,0,-0.444708,0
0.473008,-0.260026,0,-0.263266,0
0.473258,-0.0576952,0,-0.0601219,0
0.473508,0.130623,0,0.134568,0
0.473758,0.281071,0,0.276333,0
0.474008,0.379227,0,0.375357,0
0.474258,0.422403,0,0.421782,0
0.474508,0.419071,0,0.417671,0
0.474758,0.385865,0,0.383183,0
0.475008,0.342657,0,0.341511,0
0.475258,0.307187,0,0.305863,0
0.475508,0.290336,0,0.288883,0
0.475758,0.293427,0,0.296111,0
0.476008,0.308052,0,0.310901,0
0.476258,0.318506,0,0.315783,0
0.476508,0.306228,0,0.301632,0
0.476758,0.255151,0,0.258666,0
0.477008,0.156595,0,0.152569,0
0.477258,0.0125121,0,0.0159824,0
0.477508,-0.163794,0,-0.165969,0
0.477758,-0.349649,0,-0.347072,0
0.478008,-0.517419,0,-0.520867,0
0.478258,-0.640143,0,-0.640308,0
0.478508,-0.697322,0,-0.69651,0
0.478758,-0.679299,0,-0.682713,0
0.479008,-0.589379,0,-0.591479,0
0.479258,-0.443079,0,-0.439874,0
0.479508,-0.26474,0,-0.269167,0
0.479758,-0.0822733,0,-0.0861231,0
0.480008,0.0786682,0,0.0788665,0
0.480258,0.199895,0,0.201692,0
0.480508,0.273906,0,0.272512,0
0.480758,0.304476,0,0.307242,0
0.481008,0.30457,0,0.305969,0
0.481258,0.292101,0,0.291602,0
0.481508,0.284692,0,0.284661,0
0.481759,0.294546,0,0.292726,0
0.482009,0.32503,0,0.324062,0
0.482259,0.369509,0,0.366181,0
0.482509,0.41292,0,0.41309,0
0.482759,0.435585,0,0.440094,0
0.483009,0.418504,0,0.422025,0
0.483259,0.348612,0,0.348131,0
0.483509,0.222919,0,0.221521,0
0.483759,0.0502376,0,0.0527532,0
0.484009,-0.149671,0,-0.145575,0
0.484259,-0.349694,0,-0.350292,0
0.484509,-0.520695,0,-0.516072,0
0.484759,-0.637469,0,-0.635187,0
0.485009,-0.683914,0,-0.68051,0
0.485259,-0.656221,0,-0.655973,0
0.485509,-0.563418,0,-0.564558,0
0.485759,-0.425041,0,-0.420148,0
0.486009,-0.266605,0,-0.26516,0
0.486259,-0.113914,0,-0.111178,0
0.486509,0.0124606,0,0.0122844,0
0.486759,0.101217,0,0.105903,0
0.487009,0.152019,0,0.151979,0
0.487259,0.174343,0,0.17178,0
0.487509,0.184096,0,0.188969,0
0.487759,0.198562,0,0.200923,0
0.488009,0.231219,0,0.230484,0
0.488259,0.287516,0,0.284188,0
0.488509,0.362869,0,0.3618,0
0.488759,0.443255,0,0.448167,0
0.489009,0.508373,0,0.50411,0
0.489259,0.536513,0,0.537221,0
0.489509,0.510177,0,0.508766,0
0.489759,0.420819,0,0.418309,0
0.490009,0.271731,0,0.273896,0
0.490259,0.0782438,0,0.0748914,0
0.490509,-0.134795,0,-0.132323,0
0.490759,-0.337788,0,-0.337454,0
0.491009,-0.502351,0,-0.501814,0
0.491259,-0.60695,0,-0.610957,0
0.491509,-0.641081,0,-0.638357,0
0.491759,-0.607007,0,-0.607626,0
0.492009,-0.518614,0,-0.523496,0
0.492259,-0.39777,0,-0.396893,0
0.492509,-0.269055,0,-0.269049,0
0.492759,-0.154091,0,-0.152705,0
0.493009,-0.0668844,0,-0.0709359,0
0.493259,-0.011193,0,-0.0158512,0
0.493509,0.019408,0,0.022101,0
0.493759,0.0388968,0,0.0384663,0
0.494009,0.0642788,0,0.0623365,0
0.494259,0.110295,0,0.112142,0
0.494509,0.184751,0,0.187301,0
0.494759,0.285594,0,0.283554,0
0.495009,0.400534,0,0.405487,0
0.495259,0.509347,0,0.512846,0
0.495509,0.588272,0,0.585579,0
0.495759,0.61565,0,0.620315,0
0.496009,0.577218,0,0.581149,0
0.496259,0.469999,0,0.471473,0
0.496509,0.303633,0,0.299964,0
0.496759,0.0990201,0,0.103702,0
0.497009,-0.115698,0,-0.115746,0
0.497259,-0.310705,0,-0.308889,0
0.497509,-0.460467,0,-0.462611,0
0.497759,-0.548696,0,-0.546193,0
0.498009,-0.571122,0,-0.568519,0
0.498259,-0.535675,0,-0.534233,0
0.498509,-0.459767,0,-0.458234,0
0.498759,-0.365654,0,-0.362413,0
0.499009,-0.27487,0,-0.276514,0
0.499259,-0.20312,0,-0.203959,0
0.499509,-0.15684,0,-0.152221,0
0.499759,-0.132274,0,-0.129186,0
0.500009,-0.117157,0,-0.112789,0
0.500259,-0.0946925,0,-0.097205,0
0.500509,-0.0487107,0,-0.0462898,0
0.500759,0.0312987,0,0.0292778,0
0.501009,0.146433,0,0.143626,0
0.501259,0.286988,0,0.287006,0
0.501509,0.433863,0,0.430044,0
0.501759,0.562247,0,0.558208,0
0.502009,0.647063,0,0.648936,0
0.502259,0.668631,0,0.667568,0
0.502509,0.61736,0,0.619167,0
0.502759,0.496295,0,0.501187,0
0.503009,0.320895,0,0.324813,0
0.503259,0.11606,0,0.116884,0
0.503509,-0.0888379,0,-0.0859586,0
0.503759,-0.265988,0,-0.263901,0
0.504009,-0.394558,0,-0.391085,0
0.504259,-0.464563,0,-0.461615,0
0.504509,-0.478024,0,-0.481281,0
0.504759,-0.447518,0,-0.44425,0
0.505009,-0.39228,0,-0.396558,0
0.505259,-0.332882,0,-0.328898,0
0.505509,-0.285932,0,-0.285124,0
0.505759,-0.25996,0,-0.264273,0
0.506009,-0.253524,0,-0.251174,0
0.506259,-0.25595,0,-0.254861,0
0.506509,-0.250606,0,-0.248803,0
0.506759,-0.219746,0,-0.220426,0
0.507009,-0.149871,0,-0.154838,0
0.507259,-0.0360338,0,-0.0367755,0
0.507509,0.115697,0,0.114753,0
0.507759,0.288567,0,0.288728,0
0.508009,0.45803,0,0.453949,0
0.508259,0.596721,0,0.600145,0
0.508509,0.680309,0,0.679343,0
0.508759,0.692801,0,0.694399,0
0.509009,0.630165,0,0.635142,0
0.509259,0.501361,0,0.50302,0
0.509509,0.326537,0,0.327066,0
0.509759,0.13276,0,0.136226,0
0.510009,-0.0516482,0,-0.0546765,0
0.510259,-0.202849,0,-0.200812,0
0.510509,-0.306148,0,-0.310612,0
0.510759,-0.358299,0,-0.358803,0
0.511009,-0.367085,0,-0.370586,0
0.511259,-0.348335,0,-0.344854,0
0.511509,-0.321146,0,-0.326046,0
0.511759,-0.302483,0,-0.299399,0
0.512008,-0.302543,0,-0.300793,0
0.512258,-0.321983,0,-0.323303,0
0.512508,-0.351755,0,-0.353557,0
0.512758,-0.375459,0,-0.374919,0
0.513008,-0.373853,0,-0.372992,0
0.513258,-0.330179,0,-0.32622,0
0.513508,-0.235124,0,-0.230577,0
0.513758,-0.0901986,0,-0.0909281,0
0.514008,0.091518,0,0.0884988,0
0.514258,0.287276,0,0.28257,0
0.514508,0.468982,0,0.466645,0
0.514758,0.608853,0,0.606938,0
0.515008,0.685252,0,0.683797,0
0.515258,0.687215,0,0.691933,0
0.515508,0.616651,0,0.61686,0
0.515758,0.487747,0,0.48741,0
0.516008,0.323782,0,0.323091,0
0.516258,0.151874,0,0.149617,0
0.516508,-0.00279149,0,0.000829431,0
0.516758,-0.122128,0,-0.126447,0
0.517008,-0.198453,0,-0.202969,0
0.517258,-0.235118,0,-0.234245,0
0.517508,-0.244588,0,-0.242522,0
0.517758,-0.244212,0,-0.247663,0
0.518008,-0.251042,0,-0.254591,0
0.518258,-0.27671,0,-0.280147,0
0.518508,-0.324002,0,-0.322369,0
0.518758,-0.385646,0,-0.38237,0
0.519008,-0.445843,0,-0.444628,0
0.519258,-0.4841,0,-0.485278,0
0.519508,-0.480529,0,-0.479733,0
0.519758,-0.421099,0,-0.422717,0
0.520008,-0.301957,0,-0.30013,0
0.520258,-0.131255,0,-0.128643,0
0.520508,0.0716024,0,0.0710098,0
0.520758,0.279501,0,0.284432,0
0.521008,0.462878,0,0.465811,0
0.521258,0.5957,0,0.595622,0
0.521508,0.660726,0,0.661673,0
0.521758,0.652791,0,0.651836,0
0.522008,0.57956,0,0.582874,0
0.522258,0.459284,0,0.455796,0
0.522508,0.31642,0,0.311676,0
0.522758,0.175993,0,0.176117,0
0.523008,0.0581452,0,0.0609271,0
0.523258,-0.0260019,0,-0.0231075,0
0.523508,-0.0760331,0,-0.0736018,0
0.523758,-0.101246,0,-0.102563,0
0.524008,-0.117281,0,-0.114881,0
0.524258,-0.141121,0,-0.136414,0
0.524508,-0.185899,0,-0.181311,0
0.524758,-0.256699,0,-0.255001,0
0.525008,-0.348467,0,-0.348025,0
0.525258,-0.446547,0,-0.449027,0
0.525508,-0.529819,0,-0.526729,0
0.525757,-0.575611,0,-0.571824,0
0.526007,-0.565284,0,-0.568111,0
0.526257,-0.489126,0,-0.492776,0
0.526507,-0.349379,0,-0.354293,0
0.526757,-0.160557,0,-0.156656,0
0.527007,0.0529752,0,0.053396,0
0.527257,0.261702,0,0.258147,0
0.527507,0.436784,0,0.439855,0
0.527757,0.555883,0,0.557994,0
0.528007,0.607377,0,0.608801,0
0.528257,0.592213,0,0.594492,0
0.528507,0.522992,0,0.524448,0
0.528757,0.420395,0,0.418927,0
0.529007,0.308027,0,0.308624,0
0.529257,0.206805,0,0.20509,0
0.529507,0.130263,0,0.12788,0
0.529757,0.081944,0,0.0770347,0
0.530007,0.0553075,0,0.0526776,0
0.530257,0.0363395,0,0.0385591,0
0.530507,0.00804866,0,0.0109638,0
0.530757,-0.0443607,0,-0.0490372,0
0.531007,-0.12857,0,-0.130655,0
0.531257,-0.242354,0,-0.241166,0
0.531507,-0.373041,0,-0.371143,0
0.531757,-0.499763,0,-0.498305,0
0.532007,-0.597871,0,-0.602754,0
0.532257,-0.644547,0,-0.640215,0
0.532507,-0.624225,0,-0.621511,0
0.532757,-0.532552,0,-0.529082,0
0.533007,-0.377971,0,-0.374055,0
0.533257,-0.180452,0,-0.178455,0
0.533507,0.0324039,0,0.0312316,0
0.533757,0.230853,0,0.232175,0
0.534007,0.388985,0,0.392514,0
0.534257,0.489688,0,0.493342,0
0.534507,0.527684,0,0.532346,0
0.534757,0.509669,0,0.514449,0
0.535007,0.451939,0,0.447685,0
0.535257,0.375698,0,0.374262,0
0.535507,0.301637,0,0.305904,0
0.535757,0.244834,0,0.240799,0
0.536007,0.211273,0,0.210032,0
0.536257,0.196822,0,0.197779,0
0.536507,0.188945,0,0.187107,0
0.536757,0.170527,0,0.170311,0
0.537007,0.125083,0,0.126265,0
0.537257,0.0417966,0,0.0404059,0
0.537507,-0.0805986,0,-0.0767298,0
0.537757,-0.232366,0,-0.231159,0
0.538007,-0.394073,0,-0.3956,0
0.538257,-0.54026,0,-0.541418,0
0.538507,-0.644827,0,-0.645989,0
0.538757,-0.686792,0,-0.686079,0
0.539007,-0.655101,0,-0.65051,0
0.539257,-0.551335,0,-0.554107,0
0.539506,-0.389672,0,-0.385371,0
0.539756,-0.194045,0,-0.190804,0
0.540006,0.00671649,0,0.00520675,0
0.540256,0.184874,0,0.184407,0
0.540506,0.319258,0,0.322882,0
0.540756,0.399166,0,0.402894,0
0.541006,0.425751,0,0.421848,0
0.541256,0.410553,0,0.410369,0
0.541506,0.371906,0,0.369175,0
0.541756,0.32954,0,0.331903,0
0.542006,0.299378,0,0.300262,0
0.542256,0.289373,0,0.293251,0
0.542506,0.297569,0,0.297397,0
0.542756,0.312801,0,0.312107,0
0.543006,0.317883,0,0.316753,0
0.543256,0.294469,0,0.292745,0
0.543506,0.228452,0,0.23318,0
0.543756,0.114328,0,0.115558,0
0.544006,-0.0421873,0,-0.041473,0
0.544256,-0.2244,0,-0.219531,0
0.544506,-0.407476,0,-0.412396,0
0.544756,-0.563352,0,-0.559207,0
0.545006,-0.666598,0,-0.670662,0
0.545256,-0.699825,0,-0.703683,0
0.545506,-0.657503,0,-0.65752,0
0.545756,-0.547087,0,-0.543139,0
0.546006,-0.387465,0,-0.382753,0
0.546256,-0.204751,0,-0.209162,0
0.546506,-0.026753,0,-0.0293358,0
0.546756,0.122828,0,0.126786,0
0.547006,0.22903,0,0.22546,0
0.547256,0.288092,0,0.292548,0
0.547506,0.307046,0,0.305796,0
0.547756,0.301003,0,0.300379,0
0.548006,0.288418,0,0.289868,0
0.548256,0.285621,0,0.284423,0
0.548506,0.302253,0,0.300096,0
0.548756,0.338439,0,0.341145,0
0.549006,0.384531,0,0.386439,0
0.549256,0.42347,0,0.425454,0
0.549506,0.435191,0,0.437547,0
0.549756,0.40211,0,0.399869,0
0.550006,0.314038,0,0.312797,0
0.550256,0.171695,0,0.168302,0
0.550506,-0.0123276,0,-0.00908316,0
0.550756,-0.215423,0,-0.217961,0
0.551006,-0.409195,0,-0.411396,0
0.551256,-0.565144,0,-0.569311,0
0.551506,-0.660508,0,-0.657903,0
0.551756,-0.68292,0,-0.681907,0
0.552006,-0.632766,0,-0.628313,0
0.552256,-0.5228,0,-0.527215,0
0.552506,-0.375089,0,-0.377325,0
0.552756,-0.215855,0,-0.214779,0
0.553006,-0.0697667,0,-0.0676272,0
0.553255,0.0452453,0,0.0418081,0
0.553505,0.121346,0,0.125338,0
0.553755,0.161581,0,0.158143,0
0.554005,0.178,0,0.180671,0
0.554255,0.187441,0,0.191367,0
0.554505,0.206584,0,0.20532,0
0.554755,0.246668,0,0.247258,0
0.555005,0.310038,0,0.308345,0
0.555255,0.3889,0,0.386984,0
0.555505,0.466781,0,0.463412,0
0.555755,0.522345,0,0.522312,0
0.556005,0.534653,0,0.538566,0
0.556255,0.488589,0,0.48697,0
0.556505,0.379229,0,0.378072,0
0.556755,0.213803,0,0.210151,0
0.557005,0.0110832,0,0.00859925,0
0.557255,-0.201994,0,-0.201516,0
0.557505,-0.395581,0,-0.393349,0
0.557755,-0.542905,0,-0.543646,0
0.558005,-0.625604,0,-0.630395,0
0.558255,-0.63719,0,-0.641373,0
0.558505,-0.583873,0,-0.584299,0
0.558755,-0.482533,0,-0.487053,0
0.559005,-0.356571,0,-0.358742,0
0.559255,-0.230186,0,-0.226392,0
0.559505,-0.122996,0,-0.125335,0
0.559755,-0.0459075,0,-0.0453638,0
0.560005,0.000686132,0,0.0050005,0
0.560255,0.0259979,0,0.0242475,0
0.560505,0.0455113,0,0.0488916,0
0.560755,0.0760765,0,0.0752167,0
0.561005,0.130698,0,0.133205,0
0.561255,0.21423,0,0.211635,0
0.561505,0.321301,0,0.322958,0
0.561755,0.436743,0,0.441386,0
0.562005,0.538662,0,0.543512,0
0.562255,0.603365,0,0.599176,0
0.562505,0.611004,0,0.612871,0
0.562755,0.550576,0,0.547882,0
0.563005,0.423052,0,0.422907,0
0.563255,0.241906,0,0.241061,0
0.563505,0.0308878,0,0.0307492,0
0.563755,-0.180715,0,-0.176626,0
0.564005,-0.363827,0,-0.360204,0
0.564255,-0.495384,0,-0.493051,0
0.564505,-0.562714,0,-0.560779,0
0.564755,-0.565534,0,-0.562634,0
0.565005,-0.515138,0,-0.519047,0
0.565255,-0.431008,0,-0.426825,0
0.565505,-0.335816,0,-0.333847,0
0.565755,-0.249729,0,-0.250114,0
0.566005,-0.185795,0,-0.181509,0
0.566255,-0.147217,0,-0.150974,0
0.566505,-0.127254,0,-0.125536,0
0.566755,-0.11172,0,-0.110871,0
0.567005,-0.0834381,0,-0.0837902,0
0.567254,-0.0275116,0,-0.023423,0
0.567504,0.0639066,0,0.06861,0
0.567754,0.188582,0,0.187267,0
0.568004,0.33354,0,0.329056,0
0.568254,0.477399,0,0.47773,0
0.568504,0.594657,0,0.592149,0
0.568754,0.661333,0,0.658228,0
0.569004,0.660496,0,0.659032,0
0.569254,0.586371,0,0.582703,0
0.569504,0.446039,0,0.450943,0
0.569754,0.258393,0,0.260717,0
0.570004,0.050311,0,0.046684,0
0.570254,-0.148635,0,-0.148292,0
0.570504,-0.312311,0,-0.315196,0
0.570754,-0.422996,0,-0.418332,0
0.571004,-0.474465,0,-0.478269,0
0.571254,-0.472363,0,-0.471091,0
0.571504,-0.431855,0,-0.429925,0
0.571754,-0.373161,0,-0.368935,0
0.572004,-0.316205,0,-0.320229,0
0.572254,-0.275381,0,-0.275483,0
0.572504,-0.256173,0,-0.253386,0
0.572754,-0.254027,0,-0.251976,0
0.573004,-0.255961,0,-0.25309,0
0.573254,-0.244423,0,-0.247595,0
0.573504,-0.202446,0,-0.203116,0
0.573754,-0.118804,0,-0.116838,0
0.574004,0.00812403,0,0.0108429,0
0.574254,0.168747,0,0.16754,0
0.574504,0.343446,0,0.341946,0
0.574754,0.506158,0,0.507755,0
0.575004,0.629867,0,0.627077,0
0.575254,0.692337,0,0.692932,0
0.575504,0.681054,0,0.678881,0
0.575754,0.596095,0,0.597681,0
0.576004,0.450251,0,0.454628,0
0.576254,0.266358,0,0.26863,0
0.576504,0.0725818,0,0.0758584,0
0.576754,-0.103592,0,-0.100105,0
0.577004,-0.240843,0,-0.243136,0
0.577254,-0.327878,0,-0.328955,0
0.577504,-0.365114,0,-0.360647,0
0.577754,-0.363289,0,-0.365549,0
0.578004,-0.339826,0,-0.341628,0
0.578254,-0.313709,0,-0.311689,0
0.578504,-0.30025,0,-0.29526,0
0.578754,-0.306811,0,-0.310416,0
0.579004,-0.330893,0,-0.329406,0
0.579254,-0.360741,0,-0.364401,0
0.579504,-0.37856,0,-0.38175,0
0.579754,-0.365285,0,-0.367166,0
0.580004,-0.30602,0,-0.301609,0
0.580254,-0.194603,0,-0.19125,0
0.580504,-0.0361867,0,-0.0364725,0
0.580754,0.152748,0,0.151584,0
0.581003,0.347223,0,0.349377,0
0.581253,0.518592,0,0.51805,0
0.581503,0.640442,0,0.64409,0
0.581753,0.69406,0,0.692869,0
0.582003,0.672424,0,0.671154,0
0.582253,0.581502,0,0.585048,0
0.582503,0.4388,0,0.438247,0
0.582753,0.269372,0,0.270293,0
0.583003,0.100415,0,0.102345,0
0.583253,-0.0446543,0,-0.0494056,0
0.583503,-0.150773,0,-0.150585,0
0.583753,-0.21381,0,-0.208882,0
0.584003,-0.240265,0,-0.241508,0
0.584253,-0.244684,0,-0.247398,0
0.584503,-0.2449,0,-0.24478,0
0.584753,-0.256745,0,-0.255852,0
0.585003,-0.289378,0,-0.290498,0
0.585253,-0.342422,0,-0.338525,0
0.585503,-0.405632,0,-0.403085,0
0.585753,-0.461235,0,-0.46186,0
0.586003,-0.488306,0,-0.489771,0
0.586253,-0.468278,0,-0.46828,0
0.586503,-0.389967,0,-0.392106,0
0.586753,-0.253195,0,-0.249279,0
0.587003,-0.0698486,0,-0.0666682,0
0.587253,0.137748,0,0.141279,0
0.587503,0.341081,0,0.338613,0
0.587753,0.511062,0,0.51403,0
0.588003,0.62392,0,0.62566,0
0.588253,0.66598,0,0.66574,0
0.588503,0.636158,0,0.637534,0
0.588753,0.545793,0,0.544928,0
0.589003,0.415643,0,0.411647,0
0.589253,0.270958,0,0.268743,0
0.589503,0.135826,0,0.136565,0
0.589753,0.0278635,0,0.0326924,0
0.590003,-0.0451078,0,-0.050028,0
0.590253,-0.0859591,0,-0.0837035,0
0.590503,-0.106472,0,-0.105726,0
0.590753,-0.123207,0,-0.125475,0
0.591003,-0.152513,0,-0.152176,0
0.591253,-0.205366,0,-0.20307,0
0.591503,-0.283783,0,-0.27906,0
0.591753,-0.379499,0,-0.380342,0
0.592003,-0.47539,0,-0.474872,0
0.592253,-0.549255,0,-0.545931,0
0.592503,-0.579094,0,-0.574523,0
0.592753,-0.548617,0,-0.551468,0
0.593003,-0.451636,0,-0.451144,0
0.593253,-0.294384,0,-0.290259,0
0.593503,-0.0948054,0,-0.097712,0
0.593753,0.120481,0,0.115985,0
0.594003,0.321534,0,0.320315,0
0.594253,0.481001,0,0.481115,0
0.594503,0.579537,0,0.578469,0
0.594752,0.609405,0,0.607858,0
0.595002,0.575451,0,0.579559,0
0.595252,0.493277,0,0.495413,0
0.595502,0.385084,0,0.386095,0
0.595752,0.274212,0,0.274508,0
0.596002,0.17973,0,0.174941,0
0.596252,0.112182,0,0.110604,0
0.596502,0.0718042,0,0.0728838,0
0.596752,0.0493302,0,0.0446851,0
0.597002,0.0292584,0,0.0247643,0
0.597252,-0.00527523,0,-0.00747262,0
0.597502,-0.0672809,0,-0.0638473,0
0.597752,-0.161518,0,-0.161745,0
0.598002,-0.282437,0,-0.28637,0
0.598252,-0.414408,0,-0.417667,0
0.598502,-0.534826,0,-0.532095,0
0.598752,-0.618998,0,-0.619731,0
0.599002,-0.64584,0,-0.644897,0
0.599252,-0.602982,0,-0.60231,0
0.599502,-0.490064,0,-0.492367,0
0.599752,-0.319382,0,-0.320898,0
0.600002,-0.113854,0,-0.114267,0
0.600252,0.0976407,0,0.0953296,0
0.600502,0.285881,0,0.283359,0
0.600752,0.427285,0,0.424523,0
0.601002,0.508275,0,0.505799,0
0.601252,0.527442,0,0.528025,0
0.601502,0.494882,0,0.49823,0
0.601752,0.428968,0,0.427139,0
0.602002,0.351352,0,0.346594,0
0.602252,0.281453,0,0.280867,0
0.602502,0.231787,0,0.226895,0
0.602752,0.205131,0,0.204944,0
0.603002,0.194416,0,0.189501,0
0.603252,0.185151,0,0.188156,0
0.603502,0.159843,0,0.156294,0
0.603752,0.103276,0,0.103966,0
0.604002,0.00734396,0,0.0107378,0
0.604252,-0.125839,0,-0.124134,0
0.604502,-0.283214,0,-0.286792,0
0.604752,-0.442936,0,-0.44408,0
0.605002,-0.578731,0,-0.579746,0
0.605252,-0.665507,0,-0.665604,0
0.605502,-0.684965,0,-0.680172,0
0.605752,-0.629854,0,-0.633105,0
0.606002,-0.505848,0,-0.507861,0
0.606252,-0.330607,0,-0.3276,0
0.606502,-0.130178,0,-0.130334,0
0.606752,0.0662852,0,0.0704299,0
0.607002,0.232536,0,0.230841,0
0.607252,0.350405,0,0.353115,0
0.607502,0.412892,0,0.416529,0
0.607752,0.424697,0,0.420492,0
0.608002,0.400005,0,0.396783,0
0.608252,0.358141,0,0.361044,0
0.608501,0.318198,0,0.319643,0
0.608751,0.293954,0,0.2961,0
0.609001,0.290352,0,0.286547,0
0.609251,0.302327,0,0.30009,0
0.609501,0.316383,0,0.311505,0
0.609751,0.3144,0,0.310424,0
0.610001,0.278801,0,0.274476,0
0.610251,0.197762,0,0.198965,0
0.610501,0.0691717,0,0.0660234,0
0.610751,-0.0976687,0,-0.102222,0
0.611001,-0.283113,0,-0.285615,0
0.611251,-0.460683,0,-0.45577,0
0.611501,-0.602479,0,-0.605922,0
0.611751,-0.685093,0,-0.681926,0
0.612001,-0.694574,0,-0.691366,0
0.612251,-0.629473,0,-0.627938,0
0.612501,-0.501146,0,-0.498318,0
0.612751,-0.331263,0,-0.331181,0
0.613001,-0.147117,0,-0.146388,0
0.613251,0.0241899,0,0.0192025,0
0.613501,0.161284,0,0.158641,0
0.613751,0.252533,0,0.256493,0
0.614001,0.297757,0,0.292824,0
0.614251,0.306981,0,0.31053,0
0.614501,0.296908,0,0.29242,0
0.614751,0.285869,0,0.287944,0
0.615001,0.288543,0,0.290696,0
0.615251,0.311777,0,0.310922,0
0.615501,0.352545,0,0.355241,0
0.615751,0.39846,0,0.395505,0
0.616001,0.431009,0,0.43439,0
0.616251,0.43031,0,0.425867,0
0.616501,0.380587,0,0.377848,0
0.616751,0.274829,0,0.275061,0
0.617001,0.117515,0,0.115999,0
0.617251,-0.0753021,0,-0.0764614,0
0.617501,-0.278677,0,-0.277396,0
0.617751,-0.463481,0,-0.45961,0
0.618001,-0.602455,0,-0.599491,0
0.618251,-0.675653,0,-0.672385,0
0.618501,-0.674606,0,-0.67319,0
0.618751,-0.603781,0,-0.607294,0
0.619001,-0.479294,0,-0.481962,0
0.619251,-0.325098,0,-0.327818,0
0.619501,-0.167559,0,-0.164615,0
0.619751,-0.0297184,0,-0.028786,0
0.620001,0.0733906,0,0.0712949,0
0.620251,0.137442,0,0.134975,0
0.620501,0.168565,0,0.165693,0
0.620751,0.180865,0,0.179019,0
0.621001,0.191739,0,0.189748,0
0.621251,0.216608,0,0.21306,0
0.621501,0.264223,0,0.269019,0
0.621751,0.333755,0,0.334393,0
0.622001,0.414425,0,0.417169,0
0.62225,0.487691,0,0.488929,0
0.6225,0.531738,0,0.535988,0
0.62275,0.526933,0,0.529662,0
0.623,0.46098,0,0.459337,0
0.62325,0.332656,0,0.329266,0
0.6235,0.15303,0,0.152363,0
0.62375,-0.0560948,0,-0.0534704,0
0.624,-0.266264,0,-0.267232,0
0.62425,-0.447902,0,-0.450499,0
0.6245,-0.576394,0,-0.573472,0
0.62475,-0.636863,0,-0.640091,0
0.625,-0.626821,0,-0.629269,0
0.62525,-0.556197,0,-0.560975,0
0.6255,-0.444471,0,-0.445924,0
0.62575,-0.315881,0,-0.320772,0
0.626,-0.193753,0,-0.188986,0
0.62625,-0.095322,0,-0.094871,0
0.6265,-0.0282676,0,-0.0291954,0
0.62675,0.0102666,0,0.00586563,0
0.627,0.0319184,0,0.0301076,0
0.62725,0.0532001,0,0.0569294,0
0.6275,0.0902288,0,0.0949806,0
0.62775,0.153853,0,0.153612,0
0.628,0.245846,0,0.247357,0
0.62825,0.357575,0,0.362518,0
0.6285,0.471346,0,0.469065,0
0.62875,0.564061,0,0.564425,0
0.629,0.612651,0,0.612591,0
0.62925,0.599574,0,0.602193,0
0.6295,0.517342,0,0.513789,0
0.62975,0.37099,0,0.375768,0
0.63,0.177561,0,0.176637,0
0.63025,-0.0369076,0,-0.0416774,0
0.6305,-0.242522,0,-0.239113,0
0.63075,-0.411523,0,-0.410946,0
0.631,-0.523703,0,-0.525665,0
0.63125,-0.570215,0,-0.566094,0
0.6315,-0.554632,0,-0.558971,0
0.63175,-0.491296,0,-0.489722,0
0.632,-0.401273,0,-0.40523,0
0.63225,-0.30702,0,-0.310416,0
0.6325,-0.226912,0,-0.223678,0
0.63275,-0.171091,0,-0.167057,0
0.633,-0.139511,0,-0.141957,0
0.63325,-0.122711,0,-0.126051,0
0.6335,-0.105023,0,-0.10564,0
0.63375,-0.0694127,0,-0.069199,0
0.634,-0.00271757,0,-0.00104942,0
0.63425,0.0998943,0,0.101501,0
0.6345,0.232774,0,0.234047,0
0.63475,0.379986,0,0.381663,0
0.635,0.518308,0,0.519798,0
0.63525,0.622034,0,0.619135,0
0.6355,0.668868,0,0.673547,0
0.63575,0.645038,0,0.644359,0
0.636,0.548758,0,0.548952,0
0.636249,0.391051,0,0.390536,0
0.636499,0.193856,0,0.191749,0
0.636749,-0.0144765,0,-0.0128763,0
0.636999,-0.204858,0,-0.209684,0
0.637249,-0.353308,0,-0.34886,0
0.637499,-0.445486,0,-0.440787,0
0.637749,-0.479004,0,-0.480989,0
0.637999,-0.462866,0,-0.46776,0
0.638249,-0.414381,0,-0.417936,0
0.638499,-0.354274,0,-0.357469,0
0.638749,-0.301193,0,-0.300503,0
0.638999,-0.267039,0,-0.268119,0
0.639249,-0.254143,0,-0.253697,0
0.639499,-0.254989,0,-0.253522,0
0.639749,-0.254665,0,-0.255343,0
0.639999,-0.23522,0,-0.234527,0
0.640249,-0.18097,0,-0.180882,0
0.640499,-0.0833871,0,-0.0860603,0
0.640749,0.0556984,0,0.0547331,0
0.640999,0.223235,0,0.228184,0
0.641249,0.397119,0,0.399176,0
0.641499,0.550407,0,0.553552,0
0.641749,0.656904,0,0.65792,0
0.641999,0.696999,0,0.701692,0
0.642249,0.661945,0,0.661575,0
0.642499,0.555936,0,0.556519,0
0.642749,0.39533,0,0.400125,0
0.642999,0.205231,0,0.208343,0
0.643249,0.014177,0,0.0122798,0
0.643499,-0.151654,0,-0.151645,0
0.643749,-0.273784,0,-0.272543,0
0.643999,-0.344598,0,-0.343367,0
0.644249,-0.368003,0,-0.363715,0
0.644499,-0.357324,0,-0.359307,0
0.644749,-0.331065,0,-0.335006,0
0.644999,-0.307594,0,-0.305788,0
0.645249,-0.30007,0,-0.302455,0
0.645499,-0.312862,0,-0.309675,0
0.645749,-0.340383,0,-0.342181,0
0.645999,-0.368571,0,-0.367479,0
0.646249,-0.378586,0,-0.374207,0
0.646499,-0.352137,0,-0.348984,0
0.646749,-0.27665,0,-0.280471,0
0.646999,-0.149358,0,-0.149944,0
0.647249,0.0208844,0,0.0167281,0
0.647499,0.214531,0,0.211237,0
0.647749,0.404872,0,0.399997,0
0.647999,0.563286,0,0.566699,0
0.648249,0.665215,0,0.666711,0
0.648499,0.695344,0,0.693081,0
0.648749,0.650707,0,0.650103,0
0.648999,0.541184,0,0.541854,0
0.649249,0.38718,0,0.386674,0
0.649499,0.215057,0,0.215698,0
0.649749,0.0513896,0,0.0481282,0
0.649998,-0.0826197,0,-0.0820915,0
0.650248,-0.17511,0,-0.176702,0
0.650498,-0.225478,0,-0.230186,0
0.650748,-0.243189,0,-0.238244,0
0.650998,-0.244358,0,-0.240488,0
0.651248,-0.246758,0,-0.247628,0
0.651498,-0.264563,0,-0.26169,0
0.651748,-0.304129,0,-0.300615,0
0.651998,-0.361887,0,-0.363219,0
0.652248,-0.424861,0,-0.422145,0
0.652498,-0.473783,0,-0.476218,0
0.652748,-0.487818,0,-0.486871,0
0.652998,-0.45022,0,-0.446097,0
0.653248,-0.352993,0,-0.355899,0
0.653498,-0.199768,0,-0.196631,0
0.653748,-0.006023,0,-0.0045258,0
0.653998,0.203453,0,0.203404,0
0.654248,0.399311,0,0.401656,0
0.654498,0.553554,0,0.553048,0
0.654748,0.645073,0,0.650022,0
0.654998,0.664045,0,0.667124,0
0.655248,0.613464,0,0.612404,0
0.655498,0.508047,0,0.51138,0
0.655748,0.370563,0,0.367799,0
0.655998,0.226512,0,0.228976,0
0.656248,0.098422,0,0.101828,0
0.656498,0.00110989,0,-0.00182499,0
0.656748,-0.0610064,0,-0.0577413,0
0.656998,-0.0938687,0,-0.0940755,0
0.657248,-0.111291,0,-0.110339,0
0.657498,-0.130379,0,-0.131187,0
0.657748,-0.16627,0,-0.164675,0
0.657998,-0.22742,0,-0.230064,0
0.658248,-0.312623,0,-0.313239,0
0.658498,-0.410568,0,-0.414337,0
0.658748,-0.502037,0,-0.506825,0
0.658998,-0.564295,0,-0.560882,0
0.659248,-0.576533,0,-0.576273,0
0.659498,-0.525274,0,-0.523669,0
0.659748,-0.408118,0,-0.404371,0
0.659998,-0.23515,0,-0.232701,0
0.660248,-0.0275164,0,-0.0284182,0
0.660498,0.186525,0,0.18303,0
0.660748,0.377188,0,0.37289,0
0.660998,0.519114,0,0.516837,0
0.661248,0.596322,0,0.600551,0
0.661498,0.605068,0,0.609173,0
0.661748,0.553872,0,0.554928,0
0.661998,0.460964,0,0.465729,0
0.662248,0.349525,0,0.352833,0
0.662498,0.242094,0,0.241867,0
0.662748,0.1554,0,0.150704,0
0.662998,0.0968414,0,0.0945134,0
0.663248,0.0634795,0,0.0684105,0
0.663498,0.0436008,0,0.0416614,0
0.663747,0.0206904,0,0.0190363,0
0.663997,-0.0213798,0,-0.0205488,0
0.664247,-0.0934423,0,-0.0984182,0
0.664497,-0.197166,0,-0.192359,0
0.664747,-0.323639,0,-0.325004,0
0.664997,-0.454624,0,-0.452243,0
0.665247,-0.566265,0,-0.561822,0
0.665497,-0.634406,0,-0.630718,0
0.665747,-0.640167,0,-0.637221,0
0.665997,-0.574714,0,-0.573775,0
0.666247,-0.441766,0,-0.437318,0
0.666497,-0.2573,0,-0.257525,0
0.666747,-0.0466576,0,-0.0477606,0
0.666997,0.160509,0,0.160825,0
0.667247,0.336188,0,0.337912,0
0.667497,0.459534,0,0.45704,0
0.667747,0.520676,0,0.524563,0
0.667997,0.522035,0,0.524549,0
0.668247,0.476768,0,0.477441,0
0.668497,0.40484,0,0.409478,0
0.668747,0.327806,0,0.332658,0
0.668997,0.263346,0,0.260518,0
0.669247,0.221086,0,0.219591,0
0.669497,0.200612,0,0.200406,0
0.669747,0.192177,0,0.19649,0
0.669997,0.179758,0,0.182464,0
0.670247,0.14602,0,0.142464,0
0.670497,0.0774899,0,0.0810032,0
0.670747,-0.030891,0,-0.0259619,0
0.670997,-0.173533,0,-0.169364,0
0.671247,-0.334298,0,-0.33709,0
0.671497,-0.489399,0,-0.487675,0
0.671747,-0.612292,0,-0.617279,0
0.671997,-0.679462,0,-0.684456,0
0.672247,-0.675685,0,-0.679125,0
0.672497,-0.597715,0,-0.59772,0
0.672747,-0.455206,0,-0.453542,0
0.672997,-0.26899,0,-0.273285,0
0.673247,-0.0667137,0,-0.0636866,0
0.673497,0.122785,0,0.119406,0
0.673747,0.275322,0,0.276553,0
0.673997,0.375993,0,0.377094,0
0.674247,0.421533,0,0.418342,0
0.674497,0.420005,0,0.418021,0
0.674747,0.387741,0,0.391185,0
0.674997,0.344594,0,0.347986,0
0.675247,0.308463,0,0.307323,0
0.675497,0.290642,0,0.287388,0
0.675747,0.292923,0,0.297276,0
0.675997,0.307313,0,0.311873,0
0.676247,0.318367,0,0.314763,0
0.676497,0.307571,0,0.304894,0
0.676747,0.258576,0,0.255298,0
0.676997,0.162299,0,0.165529,0
0.677247,0.0201564,0,0.0236839,0
0.677496,-0.155078,0,-0.15299,0
0.677746,-0.341058,0,-0.33688,0
0.677996,-0.510288,0,-0.512855,0
0.678246,-0.635669,0,-0.632867,0
0.678496,-0.696279,0,-0.698553,0
0.678746,-0.681869,0,-0.679234,0
0.678996,-0.595129,0,-0.593231,0
0.679246,-0.451043,0,-0.44981,0
0.679496,-0.273633,0,-0.273264,0
0.679746,-0.0907471,0,-0.0953516,0
0.679996,0.0717028,0,0.0732019,0
0.680246,0.195106,0,0.199589,0
0.680496,0.271402,0,0.276254,0
0.680746,0.30382,0,0.30067,0
0.680996,0.305001,0,0.300952,0
0.681246,0.292725,0,0.295657,0
0.681496,0.284717,0,0.284854,0
0.681746,0.293565,0,0.289793,0
0.681996,0.323105,0,0.326203,0
0.682246,0.367181,0,0.365202,0
0.682496,0.41107,0,0.411346,0
0.682746,0.435235,0,0.432177,0
0.682996,0.420527,0,0.417679,0
0.683246,0.353449,0,0.349266,0
0.683496,0.230445,0,0.229207,0
0.683746,0.0597529,0,0.0572025,0
0.683996,-0.139369,0,-0.141364,0
0.684246,-0.34009,0,-0.336007,0
0.684496,-0.513191,0,-0.515055,0
0.684746,-0.633168,0,-0.63723,0
0.684996,-0.683368,0,-0.687056,0
0.685246,-0.659321,0,-0.662193,0
0.685496,-0.569443,0,-0.568463,0
0.685746,-0.432818,0,-0.433797,0
0.685996,-0.274781,0,-0.277394,0
0.686246,-0.121252,0,-0.12135,0
0.686496,0.00684978,0,0.00954719,0
0.686746,0.0976393,0,0.102476,0
0.686996,0.150223,0,0.150242,0
0.687246,0.173638,0,0.176009,0
0.687496,0.183605,0,0.180472,0
0.687746,0.19745,0,0.201492,0
0.687996,0.228939,0,0.225692,0
0.688246,0.284019,0,0.286747,0
0.688496,0.358641,0,0.3627,0
0.688746,0.43922,0,0.443197,0
0.688996,0.50567,0,0.508206,0
0.689246,0.536252,0,0.538073,0
0.689496,0.513116,0,0.512577,0
0.689746,0.427125,0,0.429719,0
0.689996,0.280933,0,0.283815,0
0.690246,0.0892783,0,0.0887893,0
0.690496,-0.123406,0,-0.119067,0
0.690746,-0.327664,0,-0.327235,0
0.690996,-0.494917,0,-0.494915,0
0.691245,-0.603094,0,-0.604955,0
0.691495,-0.641069,0,-0.643449,0
0.691745,-0.610394,0,-0.613654,0
0.691995,-0.524432,0,-0.529125,0
0.692245,-0.404731,0,-0.400469,0
0.692495,-0.275857,0,-0.272723,0
0.692745,-0.159721,0,-0.154983,0
0.692995,-0.0708182,0,-0.0664759,0
0.693245,-0.0134928,0,-0.00930787,0
0.693495,0.0181977,0,0.0205981,0
0.693745,0.0378323,0,0.0334827,0
0.693995,0.0624578,0,0.0667315,0
0.694245,0.107048,0,0.102912,0
0.694495,0.179883,0,0.184393,0
0.694745,0.279489,0,0.277459,0
0.694995,0.394108,0,0.398201,0
0.695245,0.503851,0,0.500233,0
0.695495,0.585046,0,0.588336,0
0.695745,0.615752,0,0.61684,0
0.695995,0.58121,0,0.5788,0
0.696245,0.477711,0,0.480674,0
0.696495,0.314228,0,0.312816,0
0.696745,0.11109,0,0.112483,0
0.696995,-0.103838,0,-0.104579,0
0.697245,-0.30068,0,-0.298947,0
0.697495,-0.453524,0,-0.456167,0
0.697745,-0.545456,0,-0.543514,0
0.697995,-0.571542,0,-0.573998,0
0.698245,-0.538978,0,-0.543735,0
0.698495,-0.464807,0,-0.465708,0
0.698745,-0.371132,0,-0.369566,0
0.698995,-0.27967,0,-0.275346,0
0.699245,-0.206564,0,-0.206657,0
0.699495,-0.158839,0,-0.162769,0
0.699745,-0.133291,0,-0.13208,0
0.699995,-0.118068,0,-0.116724,0
0.700245,-0.0964753,0,-0.0970918,0
0.700495,-0.0522299,0,-0.0553567,0
0.700745,0.025676,0,0.0235381,0
0.700995,0.138925,0,0.140279,0
0.701245,0.278451,0,0.281242,0
0.701495,0.425595,0,0.427573,0
0.701745,0.555759,0,0.551101,0
0.701995,0.643718,0,0.641258,0
0.702245,0.669336,0,0.665914,0
0.702495,0.62232,0,0.621118,0
0.702745,0.504984,0,0.509815,0
0.702995,0.332121,0,0.333213,0
0.703245,0.128218,0,0.123953,0
0.703495,-0.0774767,0,-0.0767449,0
0.703745,-0.256887,0,-0.261065,0
0.703995,-0.388666,0,-0.392547,0
0.704245,-0.462116,0,-0.465108,0
0.704495,-0.478603,0,-0.477621,0
0.704745,-0.450167,0,-0.446043,0
0.704994,-0.395786,0,-0.39632,0
0.705244,-0.336112,0,-0.340064,0
0.705494,-0.288117,0,-0.291468,0
0.705744,-0.260873,0,-0.264905,0
0.705994,-0.25351,0,-0.256536,0
0.706244,-0.255837,0,-0.26001,0
0.706494,-0.251443,0,-0.255752,0
0.706744,-0.222511,0,-0.218618,0
0.706994,-0.15511,0,-0.154716,0
0.707244,-0.0437633,0,-0.0448186,0
0.707494,0.106135,0,0.107709,0
0.707744,0.278383,0,0.276585,0
0.707994,0.448778,0,0.45375,0
0.708244,0.589975,0,0.585659,0
0.708494,0.677298,0,0.672378,0
0.708744,0.694151,0,0.697441,0
0.708994,0.635745,0,0.637469,0
0.709244,0.510308,0,0.511297,0
0.709494,0.337452,0,0.333179,0
0.709744,0.143982,0,0.141542,0
0.709994,-0.0416743,0,-0.0371715,0
0.710244,-0.195301,0,-0.191828,0
0.710494,-0.301583,0,-0.302539,0
0.710744,-0.356587,0,-0.354612,0
0.710994,-0.367515,0,-0.36552,0
0.711244,-0.349825,0,-0.354261,0
0.711494,-0.32262,0,-0.321933,0
0.711744,-0.303112,0,-0.306851,0
0.711994,-0.301968,0,-0.297993,0
0.712244,-0.320448,0,-0.323836,0
0.712494,-0.350006,0,-0.353252,0
0.712744,-0.374583,0,-0.375982,0
0.712994,-0.374952,0,-0.370711,0
0.713244,-0.334065,0,-0.332215,0
0.713494,-0.24208,0,-0.240532,0
0.713744,-0.0997946,0,-0.102125,0
0.713994,0.0803641,0,0.0781619,0
0.714244,0.276048,0,0.277291,0
0.714494,0.459344,0,0.462854,0
0.714744,0.602308,0,0.603588,0
0.714994,0.682808,0,0.681947,0
0.715244,0.689164,0,0.693236,0
0.715494,0.622528,0,0.618138,0
0.715744,0.496433,0,0.496918,0
0.715994,0.333774,0,0.331051,0
0.716244,0.161572,0,0.165212,0
0.716494,0.00532366,0,0.0073229,0
0.716744,-0.116381,0,-0.118873,0
0.716994,-0.195199,0,-0.198367,0
0.717244,-0.233896,0,-0.232687,0
0.717494,-0.244493,0,-0.240724,0
0.717744,-0.244182,0,-0.244752,0
0.717994,-0.250198,0,-0.255176,0
0.718244,-0.274606,0,-0.271198,0
0.718494,-0.320756,0,-0.321864,0
0.718744,-0.38193,0,-0.382894,0
0.718993,-0.442745,0,-0.446213,0
0.719243,-0.482854,0,-0.479997,0
0.719493,-0.482155,0,-0.483714,0
0.719743,-0.426188,0,-0.429461,0
0.719993,-0.310405,0,-0.314966,0
0.720243,-0.142272,0,-0.137522,0
0.720493,0.0594103,0,0.0570186,0
0.720743,0.267857,0,0.266535,0
0.720993,0.453425,0,0.45004,0
0.721243,0.589749,0,0.587568,0
0.721493,0.65896,0,0.662725,0
0.721743,0.655176,0,0.652126,0
0.721993,0.585324,0,0.588245,0
0.722243,0.467119,0,0.469438,0
0.722493,0.324859,0,0.324905,0
0.722743,0.183683,0,0.188528,0
0.722993,0.0641008,0,0.0635647,0
0.723243,-0.0221148,0,-0.0183954,0
0.723493,-0.0739507,0,-0.0779068,0
0.723743,-0.100224,0,-0.1016,0
0.723993,-0.116313,0,-0.120501,0
0.724243,-0.139261,0,-0.135341,0
0.724493,-0.182596,0,-0.181966,0
0.724743,-0.251926,0,-0.249065,0
0.724993,-0.342794,0,-0.34531,0
0.725243,-0.441048,0,-0.438419,0
0.725493,-0.525805,0,-0.522876,0
0.725743,-0.574338,0,-0.579301,0
0.725993,-0.567631,0,-0.562694,0
0.726243,-0.49536,0,-0.492695,0
0.726493,-0.35901,0,-0.355298,0
0.726743,-0.172443,0,-0.175881,0
0.726993,0.0404399,0,0.0406512,0
0.727243,0.250253,0,0.246334,0
0.727493,0.427981,0,0.423708,0
0.727743,0.550782,0,0.55352,0
0.727993,0.606287,0,0.609363,0
0.728243,0.594753,0,0.594714,0
0.728493,0.52816,0,0.532416,0
0.728743,0.426831,0,0.422783,0
0.728993,0.314408,0,0.31291,0
0.729243,0.212083,0,0.210073,0
0.729493,0.133926,0,0.137086,0
0.729743,0.0840634,0,0.0863451,0
0.729993,0.0564714,0,0.0518538,0
0.730243,0.0375185,0,0.0355994,0
0.730493,0.0101987,0,0.007654,0
0.730743,-0.040495,0,-0.0432244,0
0.730993,-0.12281,0,-0.122887,0
0.731243,-0.235132,0,-0.23621,0
0.731493,-0.365348,0,-0.362293,0
0.731743,-0.49296,0,-0.490771,0
0.731993,-0.593397,0,-0.59008,0
0.732243,-0.643564,0,-0.638726,0
0.732493,-0.627359,0,-0.627388,0
0.732742,-0.539721,0,-0.535409,0
0.732992,-0.388338,0,-0.383967,0
0.733242,-0.192605,0,-0.1877,0
0.733492,0.0201825,0,0.0205093,0
0.733742,0.220237,0,0.220865,0
0.733992,0.381261,0,0.378393,0
0.734242,0.485557,0,0.485361,0
0.734492,0.527134,0,0.525486,0
0.734742,0.512014,0,0.509268,0
0.734992,0.456028,0,0.451454,0
0.735242,0.380237,0,0.379162,0
0.735492,0.305565,0,0.3084,0
0.735742,0.247502,0,0.247116,0
0.735992,0.212613,0,0.210877,0
0.736242,0.197344,0,0.196068,0
0.736492,0.189535,0,0.189776,0
0.736742,0.17218,0,0.173889,0
0.736992,0.128659,0,0.128996,0
0.737242,0.0477135,0,0.0448575,0
0.737492,-0.0725598,0,-0.0737606,0
0.737742,-0.223075,0,-0.221702,0
0.737992,-0.384867,0,-0.383385,0
0.738242,-0.532688,0,-0.537169,0
0.738492,-0.640314,0,-0.637062,0
0.738742,-0.686324,0,-0.683214,0
0.738992,-0.658981,0,-0.655033,0
0.739242,-0.559125,0,-0.556966,0
0.739492,-0.400219,0,-0.402071,0
0.739742,-0.205805,0,-0.207869,0
0.739992,-0.00454686,0,-0.00332295,0
0.740242,0.175583,0,0.175232,0
0.740492,0.312908,0,0.317605,0
0.740742,0.396054,0,0.397132,0
0.740992,0.425488,0,0.428459,0
0.741242,0.412298,0,0.412996,0
0.741492,0.374454,0,0.37545,0
0.741742,0.331785,0,0.334486,0
0.741992,0.300607,0,0.298855,0
0.742242,0.289392,0,0.286703,0
0.742492,0.296761,0,0.292753,0
0.742742,0.312017,0,0.307195,0
0.742992,0.318202,0,0.315658,0
0.743242,0.296903,0,0.298627,0
0.743492,0.233599,0,0.237708,0
0.743742,0.122199,0,0.119216,0
0.743992,-0.0322229,0,-0.0309029,0
0.744242,-0.213565,0,-0.211766,0
0.744492,-0.39735,0,-0.394328,0
0.744742,-0.555546,0,-0.559496,0
0.744992,-0.662406,0,-0.666306,0
0.745242,-0.69997,0,-0.697206,0
0.745492,-0.661948,0,-0.658128,0
0.745742,-0.55508,0,-0.550507,0
0.745992,-0.39763,0,-0.398947,0
0.746242,-0.215458,0,-0.216888,0
0.746491,-0.0364734,0,-0.0391675,0
0.746741,0.115264,0,0.114879,0
0.746991,0.224194,0,0.220279,0
0.747241,0.285861,0,0.281226,0
0.747491,0.306784,0,0.302783,0
0.747741,0.301719,0,0.302246,0
0.747991,0.289022,0,0.293069,0
0.748241,0.285308,0,0.283643,0
0.748491,0.30071,0,0.300914,0
0.748741,0.335937,0,0.334001,0
0.748991,0.381863,0,0.377998,0
0.749241,0.421757,0,0.420157,0
0.749491,0.435605,0,0.436896,0
0.749741,0.405492,0,0.402516,0
0.749991,0.320703,0,0.320562,0
0.750241,0.181283,0,0.180933,0
0.750491,-0.000902805,0,0.0034381,0
0.750741,-0.203637,0,-0.206711,0
0.750991,-0.398752,0,-0.403148,0
0.751241,-0.557592,0,-0.561972,0
0.751491,-0.656917,0,-0.657244,0
0.751741,-0.683664,0,-0.679742,0
0.751991,-0.637479,0,-0.634005,0
0.752241,-0.530472,0,-0.53468,0
0.752491,-0.38425,0,-0.382607,0
0.752741,-0.224927,0,-0.219943,0
0.752991,-0.0775018,0,-0.0778193,0
0.753241,0.0396317,0,0.0423646,0
0.753491,0.118004,0,0.119363,0
0.753741,0.16006,0,0.156008,0
0.753991,0.177394,0,0.177744,0
0.754241,0.186777,0,0.190159,0
0.754491,0.204975,0,0.20484,0
0.754741,0.243677,0,0.243794,0
0.754991,0.305826,0,0.303424,0
0.755241,0.384168,0,0.38624,0
0.755491,0.462662,0,0.459546,0
0.755741,0.520117,0,0.516108,0
0.755991,0.535421,0,0.538672,0
0.756241,0.493007,0,0.492046,0
0.756491,0.387246,0,0.387884,0
0.756741,0.224668,0,0.222341,0
0.756991,0.0234131,0,0.0258204,0
0.757241,-0.189908,0,-0.193614,0
0.757491,-0.385411,0,-0.390248,0
0.757741,-0.536016,0,-0.536034,0
0.757991,-0.622758,0,-0.619916,0
0.758241,-0.63841,0,-0.643206,0
0.758491,-0.588473,0,-0.589802,0
0.758741,-0.489342,0,-0.486167,0
0.758991,-0.36413,0,-0.368072,0
0.759241,-0.237149,0,-0.238609,0
0.759491,-0.128432,0,-0.132191,0
0.759741,-0.0494857,0,-0.0511843,0
0.759991,-0.00129486,0,1.93703e-05,0
0.76024,0.024867,0,0.0242546,0
0.76049,0.0442443,0,0.0406068,0
0.76074,0.0737539,0,0.0710266,0
0.76099,0.126737,0,0.129203,0
0.76124,0.208629,0,0.206165,0
0.76149,0.314677,0,0.315487,0
0.76174,0.430192,0,0.428334,0
0.76199,0.533551,0,0.529434,0
0.76224,0.601012,0,0.602369,0
0.76249,0.61236,0,0.616026,0
0.76274,0.555969,0,0.551793,0
0.76299,0.43209,0,0.436869,0
0.76324,0.253519,0,0.251185,0
0.76349,0.0434403,0,0.0473351,0
0.76374,-0.168953,0,-0.173441,0
0.76399,-0.354428,0,-0.356121,0
0.76424,-0.489459,0,-0.487298,0
0.76449,-0.560637,0,-0.563677,0
0.76474,-0.566984,0,-0.568544,0
0.76499,-0.519193,0,-0.521192,0
0.76524,-0.436423,0,-0.434367,0
0.76549,-0.341271,0,-0.342778,0
0.76574,-0.254202,0,-0.25674,0
0.76599,-0.188801,0,-0.190257,0
0.76624,-0.148853,0,-0.144922,0
0.76649,-0.128118,0,-0.129767,0
0.76674,-0.112791,0,-0.115856,0
0.76699,-0.0857009,0,-0.0865838,0
0.76724,-0.031677,0,-0.0325282,0
0.76749,0.0576385,0,0.053207,0
0.76774,0.18061,0,0.18383,0
0.76799,0.324927,0,0.329488,0
0.76824,0.469535,0,0.473081,0
0.76849,0.589034,0,0.58885,0
0.76874,0.659194,0,0.655142,0
0.76899,0.662544,0,0.665504,0
0.76924,0.592593,0,0.594221,0
0.76949,0.455698,0,0.458901,0
0.76974,0.270117,0,0.270948,0
0.76999,0.0624136,0,0.0653229,0
0.77024,-0.137832,0,-0.138873,0
0.77049,-0.304136,0,-0.304621,0
0.77074,-0.41818,0,-0.41879,0
0.77099,-0.47306,0,-0.477564,0
0.77124,-0.47372,0,-0.477076,0
0.77149,-0.434906,0,-0.436707,0
0.77174,-0.376709,0,-0.37677,0
0.77199,-0.319176,0,-0.318929,0
0.77224,-0.277167,0,-0.277886,0
0.77249,-0.256741,0,-0.256271,0
0.77274,-0.253898,0,-0.251018,0
0.77299,-0.256056,0,-0.257824,0
0.77324,-0.245766,0,-0.245882,0
0.77349,-0.205934,0,-0.207337,0
0.77374,-0.124855,0,-0.126673,0
0.773989,-0.000290755,0,0.000184272,0
0.774239,0.158821,0,0.156588,0
0.774489,0.333374,0,0.33141,0
0.774739,0.497538,0,0.501159,0
0.774989,0.62419,0,0.624885,0
0.775239,0.690665,0,0.69026,0
0.775489,0.683778,0,0.678908,0
0.775739,0.602851,0,0.599504,0
0.775989,0.459986,0,0.458006,0
0.776239,0.277575,0,0.278014,0
0.776489,0.0835827,0,0.0797446,0
0.776739,-0.0942968,0,-0.0973764,0
0.776989,-0.23419,0,-0.231363,0
0.777239,-0.324234,0,-0.323404,0
0.777489,-0.36415,0,-0.361632,0
0.777739,-0.364157,0,-0.366225,0
0.777989,-0.341439,0,-0.340284,0
0.778239,-0.315011,0,-0.317028,0
0.778489,-0.300514,0,-0.302659,0
0.778739,-0.30588,0,-0.308158,0
0.778989,-0.329186,0,-0.332316,0
0.779239,-0.359163,0,-0.356719,0
0.779489,-0.378217,0,-0.376365,0
0.779739,-0.367216,0,-0.36484,0
0.779989,-0.310886,0,-0.310855,0
0.780239,-0.202433,0,-0.199071,0
0.780489,-0.0464064,0,-0.0452718,0
0.780739,0.141371,0,0.136959,0
0.780989,0.336319,0,0.338405,0
0.781239,0.509795,0,0.510182,0
0.781489,0.635107,0,0.635538,0
0.781739,0.692997,0,0.695597,0
0.781989,0.675686,0,0.674704,0
0.782239,0.588402,0,0.584177,0
0.782489,0.448052,0,0.44524,0
0.782739,0.279443,0,0.279868,0
0.782989,0.109751,0,0.105565,0
0.783239,-0.0372275,0,-0.0361706,0
0.783489,-0.145826,0,-0.14886,0
0.783739,-0.211246,0,-0.208708,0
0.783989,-0.239482,0,-0.238234,0
0.784239,-0.2447,0,-0.246509,0
0.784489,-0.244687,0,-0.243505,0
0.784739,-0.255544,0,-0.254199,0
0.784989,-0.286878,0,-0.291682,0
0.785239,-0.338917,0,-0.336042,0
0.785489,-0.40198,0,-0.40693,0
0.785739,-0.458586,0,-0.456374,0
0.785989,-0.487882,0,-0.486825,0
0.786239,-0.470983,0,-0.47504,0
0.786489,-0.396171,0,-0.399687,0
0.786739,-0.262577,0,-0.265275,0
0.786989,-0.0813937,0,-0.0771572,0
0.787239,0.125535,0,0.1305,0
0.787489,0.329956,0,0.326747,0
0.787739,0.502592,0,0.505793,0
0.787988,0.619245,0,0.617648,0
0.788238,0.66555,0,0.660971,0
0.788488,0.639697,0,0.639867,0
0.788738,0.552348,0,0.550201,0
0.788988,0.423835,0,0.427332,0
0.789238,0.279301,0,0.275293,0
0.789488,0.143042,0,0.144244,0
0.789738,0.0331774,0,0.0307932,0
0.789988,-0.0418432,0,-0.0406526,0
0.790238,-0.0843051,0,-0.0888033,0
0.790488,-0.105538,0,-0.100612,0
0.790738,-0.122018,0,-0.117044,0
0.790988,-0.150227,0,-0.154065,0
0.791238,-0.201566,0,-0.206201,0
0.791488,-0.278636,0,-0.276194,0
0.791738,-0.373734,0,-0.377742,0
0.791988,-0.470211,0,-0.465253,0
0.792238,-0.545979,0,-0.550549,0
0.792488,-0.578889,0,-0.57571,0
0.792738,-0.552185,0,-0.556691,0
0.792988,-0.459033,0,-0.460023,0
0.793238,-0.304888,0,-0.304666,0
0.793488,-0.107121,0,-0.10243,0
0.793738,0.108067,0,0.105536,0
0.793988,0.310797,0,0.307194,0
0.794238,0.473298,0,0.471854,0
0.794488,0.575695,0,0.57647,0
0.794738,0.609525,0,0.60501,0
0.794988,0.578927,0,0.577396,0
0.795238,0.498978,0,0.503866,0
0.795488,0.391643,0,0.396061,0
0.795738,0.280359,0,0.277114,0
0.795988,0.184537,0,0.181829,0
0.796238,0.115298,0,0.114803,0
0.796488,0.0735176,0,0.0739854,0
0.796738,0.0503894,0,0.0525352,0
0.796988,0.0306504,0,0.0321364,0
0.797238,-0.00263018,0,0.00205999,0
0.797488,-0.0627935,0,-0.0675865,0
0.797738,-0.155213,0,-0.158156,0
0.797988,-0.274913,0,-0.274782,0
0.798238,-0.406811,0,-0.408884,0
0.798488,-0.528609,0,-0.524466,0
0.798738,-0.615514,0,-0.612673,0
0.798988,-0.646116,0,-0.646852,0
0.799238,-0.607427,0,-0.608905,0
0.799488,-0.498347,0,-0.494738,0
0.799738,-0.330496,0,-0.332437,0
0.799988,-0.126232,0,-0.123769,0
0.800238,0.0857177,0,0.0820889,0
0.800488,0.276035,0,0.273597,0
0.800738,0.420676,0,0.418086,0
0.800988,0.505323,0,0.501208,0
0.801238,0.527894,0,0.528119,0
0.801488,0.497886,0,0.497145,0
0.801737,0.433316,0,0.431012,0
0.801987,0.355802,0,0.353696,0
0.802237,0.28504,0,0.280336,0
0.802487,0.23402,0,0.238056,0
0.802737,0.206144,0,0.205793,0
0.802987,0.194824,0,0.195691,0
0.803237,0.185947,0,0.187929,0
0.803487,0.162029,0,0.160478,0
0.803737,0.107582,0,0.107959,0
0.803987,0.0139795,0,0.0165827,0
0.804237,-0.117277,0,-0.118433,0
0.804487,-0.273759,0,-0.273494,0
0.804737,-0.434043,0,-0.429829,0
0.804987,-0.571977,0,-0.568625,0
0.805237,-0.662186,0,-0.659943,0
0.805487,-0.68586,0,-0.689139,0
0.805737,-0.635037,0,-0.638034,0
0.805987,-0.514641,0,-0.514079,0
0.806237,-0.341714,0,-0.340062,0
0.806487,-0.141975,0,-0.146539,0
0.806737,0.0554692,0,0.0583673,0
0.806987,0.224073,0,0.228545,0
0.807237,0.345059,0,0.340838,0
0.807487,0.410761,0,0.410681,0
0.807737,0.425188,0,0.424022,0
0.807987,0.402105,0,0.400011,0
0.808237,0.360685,0,0.358373,0
0.808487,0.320181,0,0.319112,0
0.808737,0.294798,0,0.294119,0
0.808987,0.290037,0,0.291378,0
0.809237,0.301427,0,0.301323,0
0.809487,0.315838,0,0.312341,0
0.809737,0.31527,0,0.312947,0
0.809987,0.282018,0,0.286215,0
0.810237,0.203775,0,0.200439,0
0.810487,0.0777964,0,0.0734253,0
0.810737,-0.0872766,0,-0.0863401,0
0.810987,-0.272298,0,-0.272856,0
0.811237,-0.451079,0,-0.453056,0
0.811487,-0.595682,0,-0.597809,0
0.811737,-0.68222,0,-0.685335,0
0.811987,-0.696109,0,-0.696575,0
0.812237,-0.635131,0,-0.636183,0
0.812487,-0.509954,0,-0.508478,0
0.812737,-0.341759,0,-0.34601,0
0.812987,-0.157669,0,-0.152835,0
0.813237,0.0150342,0,0.0109125,0
0.813487,0.154516,0,0.15206,0
0.813737,0.248534,0,0.251937,0
0.813987,0.296238,0,0.294121,0
0.814237,0.307136,0,0.30351,0
0.814487,0.297695,0,0.302324,0
0.814737,0.286251,0,0.284863,0
0.814987,0.287851,0,0.286877,0
0.815237,0.309876,0,0.308309,0
0.815486,0.349867,0,0.348358,0
0.815736,0.395954,0,0.393631,0
0.815986,0.42986,0,0.434751,0
0.816236,0.431585,0,0.433077,0
0.816486,0.384998,0,0.384893,0
0.816736,0.282451,0,0.286634,0
0.816986,0.12779,0,0.125678,0
0.817236,-0.0635849,0,-0.06252,0
0.817486,-0.267105,0,-0.268489,0
0.817736,-0.453775,0,-0.451603,0
0.817986,-0.596046,0,-0.596512,0
0.818236,-0.673411,0,-0.678401,0
0.818486,-0.676672,0,-0.675816,0
0.818736,-0.609552,0,-0.606318,0
0.818986,-0.487565,0,-0.492307,0
0.819236,-0.334364,0,-0.332583,0
0.819486,-0.176331,0,-0.174347,0
0.819736,-0.0368477,0,-0.0400713,0
0.819986,0.0685121,0,0.0695958,0
0.820236,0.134716,0,0.132956,0
0.820486,0.167418,0,0.167929,0
0.820736,0.180343,0,0.18105,0
0.820986,0.190837,0,0.188322,0
0.821236,0.214596,0,0.213426,0
0.821486,0.260815,0,0.262054,0
0.821736,0.329278,0,0.326878,0
0.821986,0.409728,0,0.414276,0
0.822236,0.484005,0,0.48394,0
0.822486,0.530365,0,0.531597,0
0.822736,0.528821,0,0.529107,0
0.822986,0.466565,0,0.4664,0
0.823236,0.34167,0,0.336911,0
0.823486,0.164481,0,0.161005,0
0.823736,-0.0436725,0,-0.0399799,0
0.823986,-0.254583,0,-0.259297,0
0.824236,-0.438623,0,-0.435036,0
0.824486,-0.570727,0,-0.571371,0
0.824736,-0.635313,0,-0.636117,0
0.824986,-0.629199,0,-0.628133,0
0.825236,-0.56163,0,-0.563689,0
0.825486,-0.451648,0,-0.447621,0
0.825736,-0.323354,0,-0.325277,0
0.825986,-0.2003,0,-0.19715,0
0.826236,-0.10018,0,-0.101202,0
0.826486,-0.0312756,0,-0.0350934,0
0.826736,0.0086502,0,0.00452358,0
0.826986,0.0308541,0,0.0271846,0
0.827236,0.0516599,0,0.0544958,0
0.827486,0.0874086,0,0.0855397,0
0.827736,0.149347,0,0.144811,0
0.827986,0.239837,0,0.243299,0
0.828236,0.350846,0,0.35506,0
0.828486,0.465074,0,0.463418,0
0.828736,0.559663,0,0.56432,0
0.828986,0.611386,0,0.60782,0
0.829235,0.602196,0,0.59891,0
0.829485,0.523978,0,0.527116,0
0.829735,0.380984,0,0.385021,0
0.829985,0.189639,0,0.187445,0
0.830235,-0.0244161,0,-0.028745,0
0.830485,-0.23138,0,-0.234101,0
0.830735,-0.403138,0,-0.408132,0
0.830985,-0.51898,0,-0.521322,0
0.831235,-0.569313,0,-0.567849,0
0.831485,-0.557021,0,-0.557652,0
0.831735,-0.495911,0,-0.491704,0
0.831985,-0.406812,0,-0.405834,0
0.832235,-0.312245,0,-0.311597,0
0.832485,-0.230951,0,-0.234122,0
0.832735,-0.173598,0,-0.169865,0
0.832985,-0.14078,0,-0.137877,0
0.833235,-0.12353,0,-0.124806,0
0.833485,-0.106369,0,-0.10613,0
0.833735,-0.0722169,0,-0.0748865,0
0.833985,-0.00757839,0,-0.00680342,0
0.834235,0.0930024,0,0.0900357,0
0.834485,0.224476,0,0.224022,0
0.834735,0.371446,0,0.368109,0
0.834985,0.510975,0,0.515855,0
0.835235,0.617374,0,0.615368,0
0.835485,0.668,0,0.668054,0
0.835735,0.648434,0,0.650514,0
0.835985,0.556167,0,0.551788,0
0.836235,0.401531,0,0.396885,0
0.836485,0.205889,0,0.208922,0
0.836735,-0.00261179,0,-0.00189897,0
0.836985,-0.194761,0,-0.190228,0
0.837235,-0.346168,0,-0.34919,0
0.837485,-0.441799,0,-0.444602,0
0.837735,-0.478559,0,-0.480741,0
0.837985,-0.464883,0,-0.462573,0
0.838235,-0.417711,0,-0.416685,0
0.838485,-0.357719,0,-0.355828,0
0.838735,-0.303827,0,-0.299767,0
0.838985,-0.26842,0,-0.267604,0
0.839235,-0.254397,0,-0.258378,0
0.839485,-0.254773,0,-0.255518,0
0.839735,-0.255023,0,-0.258121,0
0.839985,-0.237159,0,-0.241333,0
0.840235,-0.185246,0,-0.182921,0
0.840485,-0.090232,0,-0.0938892,0
0.840735,0.0466742,0,0.0464684,0
0.840985,0.213096,0,0.210571,0
0.841235,0.38733,0,0.387979,0
0.841485,0.542543,0,0.538623,0
0.841735,0.652389,0,0.650034,0
0.841985,0.696701,0,0.69502,0
0.842235,0.66601,0,0.661256,0
0.842485,0.563768,0,0.565128,0
0.842735,0.4057,0,0.40768,0
0.842984,0.216534,0,0.212895,0
0.843234,0.0247985,0,0.022843,0
0.843484,-0.143089,0,-0.141992,0
0.843734,-0.268077,0,-0.272585,0
0.843984,-0.341875,0,-0.339672,0
0.844234,-0.367749,0,-0.366967,0
0.844484,-0.358563,0,-0.362708,0
0.844734,-0.332676,0,-0.328255,0
0.844984,-0.308612,0,-0.306264,0
0.845234,-0.299946,0,-0.296943,0
0.845484,-0.311625,0,-0.313085,0
0.845734,-0.338613,0,-0.336794,0
0.845984,-0.367233,0,-0.362913,0
0.846234,-0.378835,0,-0.376766,0
0.846484,-0.354915,0,-0.353543,0
0.846734,-0.282452,0,-0.279597,0
0.846984,-0.158033,0,-0.160986,0
0.847234,0.0101636,0,0.00851263,0
0.847484,0.203136,0,0.203981,0
0.847734,0.394437,0,0.394504,0
0.847984,0.55542,0,0.552078,0
0.848234,0.661161,0,0.657754,0
0.848484,0.695671,0,0.692096,0
0.848734,0.655213,0,0.656057,0
0.848984,0.548973,0,0.550059,0
0.849234,0.396856,0,0.399058,0
0.849484,0.22503,0,0.224526,0
0.849734,0.0602171,0,0.0617011,0
0.849984,-0.0759092,0,-0.0798229,0
0.850234,-0.170939,0,-0.166443,0
0.850484,-0.223583,0,-0.220982,0
0.850734,-0.24277,0,-0.242579,0
0.850984,-0.244429,0,-0.241179,0
0.851234,-0.246312,0,-0.243519,0
0.851484,-0.262959,0,-0.265577,0
0.851734,-0.301261,0,-0.299118,0
0.851984,-0.358235,0,-0.359525,0
0.852234,-0.421399,0,-0.419847,0
0.852484,-0.471696,0,-0.466945,0
0.852734,-0.48828,0,-0.489371,0
0.852984,-0.454016,0,-0.452771,0
0.853234,-0.360235,0,-0.359774,0
0.853484,-0.209938,0,-0.209806,0
0.853734,-0.0179357,0,-0.0183773,0
0.853984,0.191412,0,0.19191,0
0.854234,0.388863,0,0.38754,0
0.854484,0.54615,0,0.542555,0
0.854734,0.641705,0,0.639453,0
0.854984,0.664928,0,0.667337,0
0.855234,0.618079,0,0.616829,0
0.855484,0.51527,0,0.513672,0
0.855734,0.378944,0,0.377773,0
0.855984,0.234602,0,0.239231,0
0.856234,0.10509,0,0.102339,0
0.856484,0.0057675,0,0.00354604,0
0.856734,-0.0583062,0,-0.0580912,0
0.856983,-0.0925488,0,-0.0902799,0
0.857233,-0.110384,0,-0.105619,0
0.857483,-0.12892,0,-0.131298,0
0.857733,-0.16355,0,-0.15993,0
0.857983,-0.223166,0,-0.219788,0
0.858233,-0.307191,0,-0.31097,0
0.858483,-0.40486,0,-0.408695,0
0.858733,-0.497313,0,-0.492874,0
0.858983,-0.561864,0,-0.562353,0
0.859233,-0.577471,0,-0.574108,0
0.859483,-0.530091,0,-0.53101,0
0.859733,-0.416599,0,-0.416573,0
0.859983,-0.246352,0,-0.248779,0
0.860233,-0.0399993,0,-0.0419116,0
0.860483,0.174497,0,0.172929,0
0.860733,0.367274,0,0.36665,0
0.860983,0.512567,0,0.516547,0
0.861233,0.593755,0,0.591857,0
0.861483,0.606341,0,0.609805,0
0.861733,0.558182,0,0.562904,0
0.861983,0.467085,0,0.466103,0
0.862233,0.356076,0,0.357701,0
0.862483,0.247868,0,0.24778,0
0.862733,0.159669,0,0.158425,0
0.862983,0.0994623,0,0.103715,0
0.863233,0.0648684,0,0.0672039,0
0.863483,0.0446306,0,0.0439415,0
0.863733,0.0224187,0,0.0244613,0
0.863983,-0.0181731,0,-0.013537,0
0.864233,-0.0883549,0,-0.0911188,0
0.864483,-0.190389,0,-0.186956,0
0.864733,-0.315983,0,-0.317214,0
0.864983,-0.447325,0,-0.451573,0
0.865233,-0.560767,0,-0.556753,0
0.865483,-0.632,0,-0.628406,0
0.865733,-0.641736,0,-0.640678,0
0.865983,-0.580455,0,-0.575777,0
0.866233,-0.451094,0,-0.448299,0
0.866483,-0.268994,0,-0.265246,0
0.866733,-0.0590739,0,-0.0600612,0
0.866983,0.149132,0,0.147802,0
0.867233,0.327295,0,0.323629,0
0.867483,0.454058,0,0.452768,0
0.867733,0.518865,0,0.51873,0
0.867983,0.523424,0,0.526931,0
0.868233,0.480323,0,0.481737,0
0.868483,0.409344,0,0.408057,0
0.868733,0.332067,0,0.33142,0
0.868983,0.266528,0,0.268584,0
0.869233,0.222881,0,0.221562,0
0.869483,0.20133,0,0.198432,0
0.869733,0.192571,0,0.195832,0
0.869983,0.180866,0,0.178288,0
0.870233,0.148796,0,0.150168,0
0.870483,0.0825636,0,0.0851708,0
0.870732,-0.0235539,0,-0.0193832,0
0.870982,-0.164562,0,-0.16783,0
0.871232,-0.324875,0,-0.320616,0
0.871482,-0.481044,0,-0.477163,0
0.871732,-0.606498,0,-0.602711,0
0.871982,-0.6774,0,-0.681175,0
0.872232,-0.677955,0,-0.678628,0
0.872482,-0.604138,0,-0.603752,0
0.872732,-0.46491,0,-0.460506,0
0.872982,-0.280516,0,-0.28347,0
0.873232,-0.0783678,0,-0.0752779,0
0.873482,0.1126,0,0.110423,0
0.873732,0.267821,0,0.268749,0
0.873982,0.371701,0,0.369107,0
0.874232,0.42033,0,0.421746,0
0.874482,0.421147,0,0.41883,0
0.874732,0.390105,0,0.386397,0
0.874982,0.347047,0,0.348138,0
0.875232,0.310123,0,0.31498,0
0.875482,0.2911,0,0.290773,0
0.875732,0.29235,0,0.289709,0
0.875982,0.30639,0,0.305237,0
0.876232,0.318136,0,0.313974,0
0.876482,0.309077,0,0.309442,0
0.876732,0.262639,0,0.259312,0
0.876982,0.169185,0,0.16751,0
0.877232,0.0294561,0,0.0260142,0
0.877482,-0.144369,0,-0.143255,0
0.877732,-0.330453,0,-0.334059,0
0.877982,-0.501428,0,-0.496643,0
0.878232,-0.630008,0,-0.626474,0
0.878482,-0.694773,0,-0.696377,0
0.878732,-0.684771,0,-0.682888,0
0.878982,-0.601909,0,-0.606534,0
0.879232,-0.460554,0,-0.461094,0
0.879482,-0.284321,0,-0.283937,0
0.879732,-0.101024,0,-0.105075,0
0.879982,0.0632046,0,0.0617099,0
0.880232,0.1892,0,0.192663,0
0.880482,0.268241,0,0.265269,0
0.880732,0.302981,0,0.304263,0
0.880982,0.305514,0,0.310412,0
0.881232,0.293482,0,0.289983,0
0.881482,0.284811,0,0.285137,0
0.881732,0.292479,0,0.292011,0
0.881982,0.320894,0,0.316598,0
0.882232,0.364465,0,0.367044,0
0.882482,0.408878,0,0.40677,0
0.882732,0.434742,0,0.433329,0
0.882982,0.422693,0,0.418895,0
0.883232,0.358865,0,0.362182,0
0.883482,0.238995,0,0.238861,0
0.883732,0.0706355,0,0.0714522,0
0.883982,-0.12752,0,-0.131467,0
0.884232,-0.328926,0,-0.326683,0
0.884481,-0.504386,0,-0.504972,0
0.884731,-0.628006,0,-0.624572,0
0.884981,-0.6825,0,-0.686136,0
0.885231,-0.662662,0,-0.667339,0
0.885481,-0.576168,0,-0.578339,0
0.885731,-0.44157,0,-0.444769,0
0.885981,-0.284042,0,-0.28112,0
0.886231,-0.129607,0,-0.126973,0
0.886481,0.000366281,0,-0.000791158,0
0.886731,0.0934456,0,0.0925269,0
0.886981,0.14808,0,0.152348,0
0.887231,0.172823,0,0.169453,0
0.887481,0.183115,0,0.17978,0
0.887731,0.196277,0,0.193782,0
0.887981,0.22649,0,0.223216,0
0.888231,0.280212,0,0.281012,0
0.888481,0.353987,0,0.352258,0
0.888731,0.434729,0,0.430182,0
0.888981,0.502604,0,0.501773,0
0.889231,0.535818,0,0.532143,0
0.889481,0.516141,0,0.516773,0
0.889731,0.433826,0,0.429358,0
0.889981,0.290826,0,0.288333,0
0.890231,0.101213,0,0.10058,0
0.890481,-0.111034,0,-0.106647,0
0.890731,-0.316597,0,-0.320203,0
0.890981,-0.486659,0,-0.490812,0
0.891231,-0.598683,0,-0.600893,0
0.891481,-0.640809,0,-0.645338,0
0.891731,-0.613871,0,-0.613641,0
0.891981,-0.530588,0,-0.530546,0
0.892231,-0.412147,0,-0.408808,0
0.892481,-0.283154,0,-0.282889,0
0.892731,-0.165793,0,-0.167844,0
0.892981,-0.0750886,0,-0.0705207,0
0.893231,-0.0160024,0,-0.0145711,0
0.893481,0.0168289,0,0.0192292,0
0.893731,0.0367276,0,0.0404808,0
0.893981,0.0606089,0,0.0607374,0
0.894231,0.103717,0,0.104973,0
0.894481,0.174877,0,0.171446,0
0.894731,0.273156,0,0.271327,0
0.894981,0.387384,0,0.383059,0
0.895231,0.498042,0,0.49797,0
0.895481,0.581529,0,0.577785,0
0.895731,0.615666,0,0.61401,0
0.895981,0.585126,0,0.581316,0
0.896231,0.485513,0,0.485124,0
0.896481,0.325039,0,0.320514,0
0.896731,0.123457,0,0.124344,0
0.896981,-0.0916111,0,-0.094778,0
0.897231,-0.290272,0,-0.29003,0
0.897481,-0.446231,0,-0.44195,0
0.897731,-0.541948,0,-0.537807,0
0.897981,-0.571744,0,-0.569628,0
0.89823,-0.542214,0,-0.538289,0
0.89848,-0.46988,0,-0.471833,0
0.89873,-0.376693,0,-0.380592,0
0.89898,-0.284581,0,-0.281525,0
0.89923,-0.21012,0,-0.210251,0
0.89948,-0.160913,0,-0.159725,0
0.89973,-0.134333,0,-0.133724,0
0.89998,-0.118942,0,-0.114045,0
2.02416,-0.387465,0,-0.382532,0
2.02441,-0.537493,0.00787402,-0.540278,0
2.02466,-0.623415,0.0551181,-0.622986,0
2.02491,-0.638161,0.102362,-0.636367,0
2.02516,-0.58743,0.141732,-0.587968,0
2.02541,-0.487692,0.149606,-0.486828,0
2.02566,-0.362239,0.133858,-0.358564,0
2.02591,-0.235322,0.102362,-0.232111,0
2.02616,-0.126953,0.0708661,-0.115178,0
2.02641,-0.0484585,0.0393701,-0.0309476,0
2.02666,-0.000703996,0.00787402,0.0234786,0
2.02691,0.0252463,0,0.0508849,0
2.02716,0.0446467,-0.015748,0.0813919,0
2.02741,0.0745083,-0.0314961,0.111386,0
2.02766,0.128011,-0.0393701,0.157437,0
2.02791,0.210466,-0.0708661,0.238663,0
2.02816,0.316901,-0.0944882,0.335591,0
2.02841,0.432421,-0.141732,0.444313,0
2.02866,0.535352,-0.181102,0.5348,0
2.02891,0.601846,-0.212598,0.59056,0
2.02916,0.611865,-0.23622,0.585663,0
2.02941,0.553981,-0.23622,0.518869,0
2.02966,0.428652,-0.212598,0.384383,0
2.02991,0.249018,-0.165354,0.196209,0
2.03016,0.0384436,-0.0866142,-0.0295939,0
2.03041,-0.173729,0,-0.246048,0
2.03066,-0.358359,0.0866142,-0.428676,0
2.03091,-0.491991,0.173228,-0.565362,0
2.03116,-0.561564,0.23622,-0.631198,0
2.03141,-0.566392,0.275591,-0.622952,0
2.03166,-0.517393,0.283465,-0.556716,0
2.03191,-0.433942,0.259843,-0.442835,0
2.03216,-0.338736,0.228346,-0.323808,0
2.03241,-0.25207,0.181102,-0.207371,0
2.03266,-0.187328,0.125984,-0.113332,0
2.03291,-0.148032,0.0787402,-0.0439482,0
2.03316,-0.127661,0.0314961,-0.00986067,0
2.03341,-0.11225,0.00787402,0.0180244,0
2.03366,-0.0845189,-0.015748,0.0396979,0
2.03391,-0.0294974,-0.0472441,0.0877061,0
2.03416,0.0609745,-0.0787402,0.158294,0
2.03441,0.184913,-0.125984,0.248303,0
2.03466,0.329626,-0.173228,0.359583,0
2.03491,0.473918,-0.23622,0.472176,0
2.03516,0.592203,-0.283465,0.559828,0
2.03541,0.660441,-0.314961,0.591261,0
2.03567,0.661373,-0.330709,0.564614,0
2.03592,0.588939,-0.314961,0.476371,0
2.03617,0.449953,-0.267717,0.318137,0
2.03642,0.263005,-0.188976,0.131508,0
2.03667,0.0550008,-0.0944882,-0.0827952,0
2.03692,-0.144582,0.00787402,-0.274449,0
2.03717,-0.309345,0.11811,-0.423253,0
2.03742,-0.421317,0.204724,-0.515332,0
2.03767,-0.474009,0.267717,-0.536719,0
2.03792,-0.472881,0.307087,-0.51215,0
2.03817,-0.432894,0.314961,-0.434035,0
2.03842,-0.374355,0.299213,-0.335405,0
2.03867,-0.317147,0.267717,-0.243406,0
2.03892,-0.275917,0.220472,-0.172788,0
2.03917,-0.256315,0.181102,-0.128582,0
2.03942,-0.253974,0.141732,-0.106697,0
2.03967,-0.256,0.102362,-0.0974345,0
2.03992,-0.2448,0.0629921,-0.0897557,0
2.04017,-0.203415,0.0314961,-0.0623761,0
2.04042,-0.12041,-0.00787402,-0.00828123,0
2.04067,0.00596728,-0.0629921,0.085622,0
2.04092,0.166274,-0.133858,0.217138,0
2.04117,0.341028,-0.204724,0.347331,0
2.04142,0.504148,-0.275591,0.475251,0
2.04167,0.628617,-0.338583,0.572739,0
2.04192,0.691991,-0.385827,0.606509,0
2.04217,0.681635,-0.393701,0.566976,0
2.04242,0.597428,-0.370079,0.476446,0
2.04267,0.452097,-0.314961,0.313306,0
2.04292,0.268372,-0.228346,0.129727,0
2.04317,0.0744722,-0.11811,-0.0619721,0
2.04342,-0.102102,-0.00787402,-0.231267,0
2.04367,-0.239824,0.0944882,-0.349135,0
2.04392,-0.327359,0.188976,-0.422576,0
2.04417,-0.365018,0.251969,-0.433788,0
2.04442,-0.363415,0.299213,-0.402759,0
2.04467,-0.340051,0.307087,-0.346576,0
2.04492,-0.313872,0.307087,-0.282571,0
2.04517,-0.300282,0.283465,-0.235654,0
2.04542,-0.306707,0.259843,-0.208016,0
2.04567,-0.330697,0.228346,-0.209666,0
2.04592,-0.360595,0.204724,-0.217587,0
2.04617,-0.378492,0.173228,-0.228099,0
2.04642,-0.365388,0.141732,-0.216414,0
2.04667,-0.306264,0.102362,-0.163667,0
2.04692,-0.194955,0.0393701,-0.0706286,0
2.04717,-0.0365963,-0.023622,0.0529795,0
2.04742,0.152398,-0.11811,0.220181,0
2.04767,0.347,-0.212598,0.375333,0
2.04792,0.518469,-0.299213,0.519124,0
2.04817,0.640416,-0.377953,0.60918,0
2.04842,0.694066,-0.425197,0.629101,0
2.04867,0.672386,-0.440945,0.5812,0
2.04892,0.581381,-0.409449,0.473961,0
2.04917,0.438527,-0.354331,0.308784,0
2.04942,0.269073,-0.267717,0.131166,0
2.04967,0.100036,-0.15748,-0.0430018,0
2.04992,-0.0450191,-0.0472441,-0.188478,0
2.05017,-0.151065,0.0551181,-0.289707,0
2.05042,-0.213977,0.141732,-0.331313,0
2.05067,-0.240309,0.212598,-0.336265,0
2.05092,-0.244698,0.259843,-0.317357,0
2.05117,-0.244917,0.275591,-0.272951,0
2.05142,-0.256876,0.291339,-0.254833,0
2.05167,-0.289649,0.291339,-0.244242,0
2.05192,-0.342802,0.291339,-0.26185,0
2.05217,-0.406065,0.291339,-0.288661,0
2.05242,-0.461529,0.275591,-0.317749,0
2.05267,-0.488347,0.259843,-0.335417,0
2.05292,-0.467868,0.228346,-0.310258,0
2.05317,-0.388974,0.173228,-0.234891,0
2.05342,-0.251617,0.102362,-0.106007,0
2.05367,-0.067852,0.00787402,0.0516853,0
2.05392,0.139974,-0.0866142,0.23162,0
2.05417,0.343177,-0.204724,0.40025,0
2.05442,0.512737,-0.307087,0.537812,0
2.05467,0.624868,-0.393701,0.620726,0
2.05492,0.666041,-0.440945,0.627082,0
2.05517,0.635357,-0.464567,0.566657,0
2.05542,0.544252,-0.440945,0.44543,0
2.05567,0.413687,-0.385827,0.284841,0
2.05592,0.268898,-0.291339,0.120597,0
2.05617,0.133985,-0.19685,-0.0276564,0
2.05642,0.0264435,-0.0944882,-0.138165,0
2.05667,-0.0460424,0,-0.204725,0
2.05692,-0.0864689,0.0787402,-0.238563,0
2.05717,-0.106786,0.149606,-0.227771,0
2.05742,-0.123591,0.19685,-0.215604,0
2.05767,-0.153259,0.23622,-0.207086,0
2.05792,-0.206591,0.267717,-0.22514,0
2.05817,-0.285464,0.283465,-0.257801,0
2.05842,-0.381381,0.307087,-0.313851,0
2.05867,-0.477121,0.330709,-0.369089,0
2.05892,-0.550317,0.338583,-0.413913,0
2.05917,-0.579086,0.330709,-0.416891,0
2.05942,-0.547258,0.299213,-0.377502,0
2.05967,-0.448863,0.244094,-0.27658,0
2.05992,-0.290397,0.165354,-0.133037,0
2.06017,-0.0900608,0.0629921,0.0440807,0
2.06043,0.12532,-0.0472441,0.24058,0
2.06068,0.325825,-0.181102,0.408297,0
2.06093,0.484109,-0.291339,0.53271,0
2.06118,0.581091,-0.377953,0.593087,0
2.06143,0.609312,-0.440945,0.586123,0
2.06168,0.573888,-0.456693,0.521123,0
2.06193,0.490737,-0.448819,0.405807,0
2.06218,0.382111,-0.393701,0.266608,0
2.06243,0.271428,-0.322835,0.126643,0
2.06268,0.177508,-0.23622,0.0132922,0
2.06293,0.110693,-0.149606,-0.0628405,0
2.06318,0.0709599,-0.0629921,-0.103391,0
2.06343,0.0487926,0,-0.115555,0
2.06368,0.028496,0.0708661,-0.113588,0
2.06393,-0.0066893,0.125984,-0.123984,0
2.06418,-0.0696517,0.173228,-0.147753,0
2.06443,-0.164883,0.220472,-0.195552,0
2.06468,-0.286454,0.275591,-0.274104,0
2.06493,-0.418508,0.322835,-0.371443,0
2.06518,-0.53818,0.362205,-0.450387,0
2.06543,-0.620858,0.385827,-0.501192,0
2.06568,-0.645553,0.385827,-0.494135,0
2.06593,-0.600283,0.362205,-0.435469,0
2.06618,-0.485102,0.307087,-0.315089,0
2.06643,-0.312724,0.220472,-0.151725,0
2.06668,-0.106407,0.102362,0.0444749,0
2.06693,0.104858,-0.00787402,0.233571,0
2.06718,0.291876,-0.141732,0.403421,0
2.06743,0.431356,-0.259843,0.511014,0
2.06768,0.510091,-0.346457,0.558849,0
2.06793,0.527098,-0.409449,0.537082,0
2.06818,0.492922,-0.433071,0.463664,0
2.06843,0.426097,-0.425197,0.361881,0
2.06868,0.348385,-0.385827,0.247821,0
2.06893,0.279073,-0.330709,0.153534,0
2.06918,0.230288,-0.259843,0.0740994,0
2.06943,0.204422,-0.19685,0.0298573,0
2.06968,0.194137,-0.125984,0.0117706,0
2.06993,0.184579,-0.0629921,0.0118237,0
2.07018,0.158168,-0.00787402,0.00417296,0
2.07043,0.100051,0.0472441,-0.0360203,0
2.07068,0.00238135,0.110236,-0.0961214,0
2.07093,-0.132235,0.173228,-0.19338,0
2.07118,-0.29022,0.251969,-0.303695,0
2.07143,-0.449556,0.314961,-0.421893,0
2.07168,-0.583779,0.370079,-0.512418,0
2.07193,-0.667929,0.417323,-0.568379,0
2.07218,-0.68408,0.425197,-0.553859,0
2.07243,-0.625592,0.409449,-0.474759,0
2.07268,-0.498683,0.346457,-0.33755,0
2.07293,-0.321533,0.259843,-0.158252,0
2.07318,-0.120633,0.149606,0.0388098,0
2.07343,0.075055,0.023622,0.22496,0
2.07368,0.23943,-0.102362,0.363315,0
2.07393,0.354744,-0.212598,0.455498,0
2.07418,0.414565,-0.307087,0.489353,0
2.07443,0.424238,-0.362205,0.456364,0
2.07468,0.398175,-0.393701,0.393921,0
2.07493,0.35593,-0.393701,0.312217,0
2.07518,0.316485,-0.370079,0.238529,0
2.07543,0.293261,-0.330709,0.17686,0
2.07568,0.290653,-0.291339,0.148981,0
2.07593,0.303142,-0.244094,0.134237,0
2.07618,0.316847,-0.19685,0.13513,0
2.07643,0.313414,-0.141732,0.13768,0
2.07668,0.27561,-0.0866142,0.104286,0
2.07693,0.191918,-0.023622,0.046509,0
2.07718,0.0608191,0.0393701,-0.0565403,0
2.07743,-0.107674,0.125984,-0.185954,0
2.07768,-0.293491,0.220472,-0.327984,0
2.07793,-0.469864,0.299213,-0.469272,0
2.07818,-0.608954,0.377953,-0.563355,0
2.07843,-0.687672,0.433071,-0.605067,0
2.07868,-0.692797,0.448819,-0.58181,0
2.07893,-0.623561,0.433071,-0.488776,0
2.07918,-0.492033,0.377953,-0.34548,0
2.07943,-0.320406,0.291339,-0.167391,0
2.07968,-0.136317,0.181102,0.0186336,0
2.07993,0.0335579,0.0629921,0.190383,0
2.08018,0.168155,-0.0472441,0.312981,0
2.08043,0.256531,-0.15748,0.3815,0
2.08068,0.29925,-0.244094,0.392485,0
2.08093,0.306744,-0.299213,0.374162,0
2.08118,0.296062,-0.338583,0.324661,0
2.08143,0.2855,-0.346457,0.266694,0
2.08168,0.289393,-0.346457,0.231303,0
2.08193,0.313939,-0.330709,0.216066,0
2.08218,0.355507,-0.314961,0.220887,0
2.08243,0.401211,-0.283465,0.247789,0
2.08268,0.432127,-0.251969,0.262239,0
2.08293,0.428649,-0.220472,0.252824,0
2.08318,0.375314,-0.165354,0.208621,0
2.08343,0.265794,-0.0944882,0.111593,0
2.08368,0.105437,-0.015748,-0.0210438,0
2.08393,-0.0890578,0.0787402,-0.182727,0
2.08418,-0.292204,0.181102,-0.35226,0
2.08443,-0.474795,0.283465,-0.501705,0
2.08468,-0.609818,0.370079,-0.591216,0
2.08493,-0.678011,0.425197,-0.631061,0
2.08519,-0.671797,0.448819,-0.590793,0
2.08544,-0.596495,0.440945,-0.489371,0
2.08569,-0.46896,0.393701,-0.3333,0
2.08594,-0.313647,0.314961,-0.160892,0
2.08619,-0.156716,0.212598,-0.000312417,0
2.08644,-0.0209222,0.102362,0.14243,0
2.08669,0.0794079,0,0.230345,0
2.08694,0.140776,-0.0944882,0.282816,0
2.08719,0.169966,-0.173228,0.28698,0
2.08744,0.181539,-0.23622,0.268096,0
2.08769,0.192968,-0.267717,0.242027,0
2.08794,0.21939,-0.299213,0.223413,0
2.08819,0.268819,-0.314961,0.230228,0
2.08844,0.339722,-0.322835,0.266363,0
2.08869,0.420583,-0.322835,0.313051,0
2.08894,0.49233,-0.322835,0.352728,0
2.08919,0.53328,-0.307087,0.368068,0
2.08944,0.524035,-0.283465,0.355357,0
2.08969,0.453089,-0.228346,0.28711,0
2.08994,0.320071,-0.165354,0.163152,0
2.09019,0.137143,-0.0708661,0.00227194,0
2.09044,-0.073287,0.0314961,-0.187343,0
2.09069,-0.282333,0.149606,-0.362133,0
2.09094,-0.460592,0.259843,-0.505108,0
2.09119,-0.58399,0.346457,-0.598648,0
2.09144,-0.638638,0.409449,-0.612933,0
2.09169,-0.62307,0.440945,-0.569748,0
2.09194,-0.548146,0.433071,-0.455917,0
2.09219,-0.434083,0.393701,-0.322741,0
2.09244,-0.3051,0.322835,-0.167854,0
2.09269,-0.18434,0.23622,-0.0350584,0
2.09294,-0.0883697,0.141732,0.0704887,0
2.09319,-0.0239198,0.0472441,0.14228,0
2.09344,0.0126323,-0.023622,0.160891,0
2.09369,0.0335617,-0.0944882,0.167101,0
2.09394,0.0555757,-0.15748,0.161146,0
2.09419,0.0946623,-0.19685,0.168405,0
2.09444,0.160854,-0.244094,0.19279,0
2.09469,0.255122,-0.275591,0.245235,0
2.09494,0.367923,-0.314961,0.314269,0
2.09519,0.480851,-0.338583,0.389722,0
2.09544,0.570483,-0.354331,0.445464,0
2.09569,0.614165,-0.354331,0.471576,0
2.09594,0.594964,-0.338583,0.433115,0
2.09619,0.506466,-0.283465,0.341277,0
2.09644,0.354902,-0.220472,0.191643,0
2.09669,0.158242,-0.11811,0.0082445,0
2.09694,-0.0568053,0,-0.181962,0
2.09719,-0.260228,0.110236,-0.362647,0
2.09744,-0.424661,0.220472,-0.498511,0
2.09769,-0.530944,0.314961,-0.574356,0
2.09794,-0.57128,0.385827,-0.574002,0
2.09819,-0.550379,0.417323,-0.519665,0
2.09844,-0.483555,0.417323,-0.421419,0
2.09869,-0.392103,0.377953,-0.294419,0
2.09894,-0.29844,0.330709,-0.170658,0
2.09919,-0.220341,0.259843,-0.0723372,0
2.09944,-0.166972,0.173228,-0.00899896,0
2.09969,-0.137404,0.102362,0.0281352,0
2.09994,-0.121278,0.0393701,0.0397409,0
2.10019,-0.102567,-0.015748,0.0464525,0
2.10044,-0.0643547,-0.0787402,0.056544,0
2.10069,0.00589763,-0.133858,0.095859,0
2.10094,0.112015,-0.188976,0.169694,0
2.10119,0.247287,-0.244094,0.254642,0
2.10144,0.394839,-0.299213,0.361315,0
2.10169,0.530788,-0.346457,0.462904,0
2.10194,0.629713,-0.377953,0.523962,0
2.10219,0.669805,-0.393701,0.54043,0
2.10244,0.638369,-0.377953,0.487316,0
2.10269,0.535004,-0.330709,0.379223,0
2.10294,0.37196,-0.259843,0.213326,0
2.10319,0.172097,-0.165354,0.0247023,0
2.10344,-0.0358017,-0.0472441,-0.170087,0
2.10369,-0.222811,0.0708661,-0.339721,0
2.10394,-0.365887,0.181102,-0.457851,0
2.10419,-0.451793,0.275591,-0.520922,0
2.10444,-0.479408,0.338583,-0.50737,0
2.10469,-0.458931,0.377953,-0.452286,0
2.10494,-0.408136,0.385827,-0.371342,0
2.10519,-0.347911,0.362205,-0.274583,0
2.10544,-0.296428,0.322835,-0.19155,0
2.10569,-0.264655,0.267717,-0.128095,0
2.10594,-0.253732,0.212598,-0.101356,0
2.10619,-0.255281,0.15748,-0.0910782,0
2.10644,-0.253747,0.102362,-0.085345,0
2.10669,-0.231125,0.0551181,-0.0767266,0
2.10694,-0.17223,0,-0.031729,0
2.10719,-0.069675,-0.0629921,0.0413378,0
2.10744,0.0734994,-0.133858,0.146124,0
2.10769,0.2431,-0.204724,0.275129,0
2.10794,0.41605,-0.275591,0.404382,0
2.10819,0.565334,-0.338583,0.521713,0
2.10844,0.665132,-0.385827,0.5872,0
2.10869,0.696826,-0.409449,0.593651,0
2.10894,0.653128,-0.401575,0.525706,0
2.10919,0.539696,-0.370079,0.40101,0
2.10944,0.374147,-0.299213,0.223085,0
2.10969,0.182387,-0.19685,0.0290636,0
2.10995,-0.00697364,-0.0787402,-0.148614,0
2.1102,-0.168546,0.023622,-0.304243,0
2.11045,-0.284858,0.133858,-0.395007,0
2.1107,-0.349665,0.220472,-0.440797,0
2.11095,-0.368157,0.291339,-0.428372,0
2.1112,-0.354662,0.322835,-0.374344,0
2.11145,-0.327787,0.346457,-0.312146,0
2.1117,-0.305661,0.338583,-0.254946,0
2.11195,-0.30056,0.314961,-0.216773,0
2.1122,-0.315618,0.283465,-0.194179,0
2.11245,-0.344131,0.244094,-0.204179,0
2.1127,-0.371159,0.212598,-0.211065,0
2.11295,-0.377636,0.165354,-0.213119,0
2.1132,-0.345587,0.11811,-0.189709,0
2.11345,-0.263592,0.0629921,-0.12147,0
2.1137,-0.130179,0,-0.0124322,0
2.11395,0.044345,-0.0787402,0.132952,0
2.1142,0.23916,-0.165354,0.293527,0
2.11445,0.427126,-0.251969,0.447911,0
2.1147,0.579702,-0.330709,0.559395,0
2.11495,0.67321,-0.393701,0.615076,0
2.1152,0.693746,-0.417323,0.60826,0
2.11545,0.640006,-0.417323,0.532811,0
2.1157,0.523394,-0.385827,0.391059,0
2.11595,0.365414,-0.314961,0.221314,0
2.1162,0.192841,-0.220472,0.0468188,0
2.11645,0.0319487,-0.11811,-0.116639,0
2.1167,-0.0971583,-0.00787402,-0.24209,0
2.11695,-0.184,0.0787402,-0.309028,0
2.1172,-0.229373,0.15748,-0.333661,0
2.11745,-0.243979,0.220472,-0.324747,0
2.1177,-0.244291,0.267717,-0.292464,0
2.11795,-0.248026,0.283465,-0.256142,0
2.1182,-0.26856,0.291339,-0.235006,0
2.11845,-0.310976,0.299213,-0.246281,0
2.1187,-0.370382,0.291339,-0.266613,0
2.11895,-0.43272,0.275591,-0.30706,0
2.1192,-0.478136,0.259843,-0.33373,0
2.11945,-0.48596,0.228346,-0.323268,0
2.1197,-0.440502,0.188976,-0.278854,0
2.11995,-0.335174,0.133858,-0.185397,0
2.1202,-0.17516,0.0472441,-0.0447315,0
2.12045,0.0224035,-0.023622,0.124273,0
2.1207,0.231907,-0.125984,0.303292,0
2.12095,0.423699,-0.220472,0.466186,0
2.1212,0.570347,-0.314961,0.580157,0
2.12145,0.652127,-0.377953,0.62945,0
2.1217,0.660958,-0.417323,0.601193,0
2.12195,0.601549,-0.417323,0.515932,0
2.1222,0.490052,-0.385827,0.37903,0
2.12245,0.350016,-0.330709,0.21877,0
2.1227,0.206969,-0.244094,0.0617907,0
2.12295,0.0824803,-0.149606,-0.0663663,0
2.1232,-0.00988353,-0.0551181,-0.15478,0
2.12345,-0.0672335,0.023622,-0.209028,0
2.1237,-0.0969902,0.102362,-0.223624,0
2.12395,-0.113574,0.15748,-0.215548,0.342429
2.1242,-0.13425,0.204724,-0.197704,0.342429
2.12445,-0.173491,0.23622,-0.204055,0.342429
2.1247,-0.238481,0.259843,-0.235925,0.342429
2.12495,-0.326501,0.283465,-0.285561,0.342429
2.1252,-0.424896,0.291339,-0.339724,0.342429
2.12545,-0.513577,0.299213,-0.398393,0.342429
2.1257,-0.569606,0.299213,-0.435365,0.342429
2.12595,-0.573119,0.275591,-0.423855,0.342429
2.1262,-0.511939,0.244094,-0.360499,0.342429
2.12645,-0.385485,0.188976,-0.237516,0.342429
2.1267,-0.205665,0.102362,-0.0745739,0.342429
2.12695,0.00486705,0.00787402,0.117965,0.342429
2.1272,0.217388,-0.0944882,0.312741,0.342429
2.12745,0.402263,-0.19685,0.461016,0.342429
2.1277,0.535222,-0.291339,0.567606,0.342429
2.12795,0.602024,-0.354331,0.596626,0.342429
2.1282,0.600816,-0.393701,0.571436,0.342429
2.12845,0.541852,-0.401575,0.477163,0.342429
2.1287,0.444481,-0.377953,0.352095,0.342429
2.12895,0.332279,-0.330709,0.219959,0.342429
2.1292,0.227063,-0.259843,0.0932241,0.342429
2.12945,0.144431,-0.181102,0.00174963,0.342429
2.1297,0.0901938,-0.102362,-0.0627926,0.342429
2.12995,0.0598244,-0.023622,-0.0911302,0.342429
2.1302,0.0406241,0.0314961,-0.0939131,0.342429
2.13045,0.015743,0.0866142,-0.0971401,0.342429
2.1307,-0.0305218,0.133858,-0.113126,0.342429
2.13095,-0.107763,0.181102,-0.155207,0.342429
2.1312,-0.215972,0.220472,-0.23289,0.342429
2.13145,-0.344644,0.251969,-0.316732,0.342429
2.1317,-0.474316,0.291339,-0.407907,0.342429
2.13195,-0.58065,0.322835,-0.485003,0.342429
2.1322,-0.639844,0.330709,-0.519928,0.342429
2.13245,-0.634518,0.322835,-0.496048,0.342429
2.1327,-0.557624,0.291339,-0.416643,0.342429
2.13295,-0.414921,0.23622,-0.268826,0.342429
2.1332,-0.224301,0.149606,-0.0818694,0.342429
2.13345,-0.0120491,0.0472441,0.113007,0.342429
2.1337,0.191905,-0.0551181,0.292092,0.342429
2.13395,0.360315,-0.165354,0.441953,0.342429
2.1342,0.473903,-0.251969,0.52819,0.342429
2.13445,0.524806,-0.322835,0.543889,0.342429
2.13471,0.517342,-0.370079,0.506312,0.342429
2.13496,0.466134,-0.377953,0.430637,0.342429
2.13521,0.391944,-0.354331,0.320722,0.342429
2.13546,0.315874,-0.322835,0.215763,0.342429
2.13571,0.254646,-0.267717,0.135056,0.342429
2.13596,0.216306,-0.204724,0.0772299,0.342429
2.13621,0.198671,-0.141732,0.0457199,0.342429
2.13646,0.190771,-0.0787402,0.0349936,0.342429
2.13671,0.175952,-0.023622,0.0275353,0.342429
2.13696,0.137113,0.015748,0.0122396,0.342429
2.13721,0.0619164,0.0708661,-0.0342842,0.342429
2.13746,-0.0530254,0.125984,-0.122623,0.342429
2.13771,-0.200218,0.173228,-0.234804,0.342429
2.13796,-0.36194,0.23622,-0.359269,0.342429
2.13821,-0.513497,0.283465,-0.467154,0.342429
2.13846,-0.628318,0.330709,-0.55621,0.342429
2.13871,-0.684104,0.354331,-0.58773,0.342429
2.13896,-0.667396,0.354331,-0.54889,0.342429
2.13921,-0.577162,0.322835,-0.442567,0.342429
2.13946,-0.42532,0.267717,-0.282022,0.342429
2.13971,-0.234095,0.181102,-0.0929516,0.342429
2.13996,-0.0319598,0.0866142,0.10212,0.342429
2.14021,0.152714,-0.015748,0.2724,0.342429
2.14046,0.296983,-0.11811,0.396534,0.342429
2.14071,0.387921,-0.212598,0.458074,0.342429
2.14096,0.42432,-0.283465,0.466128,0.342429
2.14121,0.415979,-0.322835,0.427642,0.342429
2.14146,0.380376,-0.338583,0.362079,0.342429
2.14171,0.337241,-0.338583,0.286792,0.342429
2.14196,0.30376,-0.307087,0.226928,0.342429
2.14221,0.289688,-0.267717,0.185119,0.342429
2.14246,0.295009,-0.228346,0.165455,0.342429
2.14271,0.310039,-0.181102,0.169372,0.342429
2.14296,0.318553,-0.141732,0.166405,0.342429
2.14321,0.301909,-0.0944882,0.152312,0.342429
2.14346,0.244735,-0.0393701,0.109771,0.342429
2.14371,0.139635,0.00787402,0.0270368,0.342429
2.14396,-0.00986246,0.0708661,-0.0911381,0.342429
2.14421,-0.189022,0.141732,-0.240812,0.342429
2.14446,-0.374179,0.212598,-0.390183,0.342429
2.14471,-0.5373,0.275591,-0.517054,0.342429
2.14496,-0.652155,0.330709,-0.597803,0.342429
2.14521,-0.699363,0.362205,-0.620797,0.342429
2.14546,-0.670969,0.370079,-0.56663,0.342429
2.14571,-0.572143,0.346457,-0.448871,0.342429
2.14596,-0.419762,0.291339,-0.284876,0.342429
2.14621,-0.239083,0.212598,-0.106771,0.342429
2.14646,-0.0581123,0.11811,0.0781657,0.342429
2.14671,0.0982156,0.015748,0.227855,0.342429
2.14696,0.213124,-0.0787402,0.321733,0.342429
2.14721,0.280625,-0.15748,0.373367,0.342429
2.14746,0.30597,-0.228346,0.377082,0.342429
2.14771,0.303142,-0.275591,0.337058,0.342429
2.14796,0.290456,-0.291339,0.291561,0.342429
2.14821,0.284874,-0.299213,0.256733,0.342429
2.14846,0.297661,-0.291339,0.237523,0.342429
2.14871,0.330775,-0.275591,0.239019,0.342429
2.14896,0.376126,-0.251969,0.256728,0.342429
2.14921,0.41784,-0.220472,0.280487,0.342429
2.14946,0.435926,-0.19685,0.286057,0.342429
2.14971,0.411882,-0.15748,0.264907,0.342429
2.14996,0.333912,-0.102362,0.194455,0.342429
2.15021,0.200597,-0.0472441,0.0788197,0.342429
2.15046,0.0224755,0.023622,-0.0731035,0.342429
2.15071,-0.179338,0.102362,-0.247969,0.342429
2.15096,-0.376935,0.181102,-0.41711,0.342429
2.15121,-0.541546,0.267717,-0.549727,0.342429
2.15146,-0.648864,0.322835,-0.618694,0.342429
2.15171,-0.684411,0.370079,-0.623546,0.342429
2.15196,-0.646364,0.377953,-0.569583,0.342429
2.15221,-0.545403,0.354331,-0.443537,0.342429
2.15246,-0.402324,0.307087,-0.280519,0.342429
2.15271,-0.243099,0.228346,-0.118784,0.342429
2.15296,-0.0931281,0.141732,0.0401062,0.342429
2.15321,0.0281614,0.0472441,0.163462,0.342429
2.15346,0.111077,-0.0314961,0.23038,0.342429
2.15371,0.156823,-0.110236,0.261848,0.342429
2.15396,0.176151,-0.173228,0.261619,0.342429
2.15421,0.185619,-0.220472,0.245363,0.342429
2.15446,0.202096,-0.244094,0.230707,0.342429
2.15471,0.23819,-0.259843,0.234151,0.342429
2.15496,0.29793,-0.267717,0.2576,0.342429
2.15521,0.375118,-0.267717,0.296197,0.342429
2.15546,0.454629,-0.275591,0.348374,0.342429
2.15571,0.51552,-0.259843,0.386237,0.342429
2.15596,0.536347,-0.23622,0.395691,0.342429
2.15621,0.500633,-0.204724,0.358394,0.342429
2.15646,0.401598,-0.165354,0.263979,0.342429
2.15671,0.244368,-0.0944882,0.121245,0.342429
2.15696,0.0459966,-0.015748,-0.0592332,0.342429
2.15721,-0.167457,0.0629921,-0.251131,0.342429
2.15746,-0.366365,0.15748,-0.421436,0.342429
2.15771,-0.522901,0.244094,-0.550146,0.342429
2.15796,-0.616981,0.314961,-0.614423,0.342429
2.15821,-0.640033,0.354331,-0.60062,0.342429
2.15846,-0.596359,0.370079,-0.539627,0.342429
2.15871,-0.501261,0.354331,-0.416382,0.342429
2.15896,-0.377498,0.307087,-0.27372,0.342429
2.15921,-0.249589,0.244094,-0.129298,0.342429
2.15947,-0.138277,0.165354,-0.00512843,0.342429
2.15972,-0.0560058,0.0866142,0.0758036,0.342429
2.15997,-0.00498099,0.00787402,0.125079,0.342429
2.16022,0.0227814,-0.0551181,0.138739,0.342429
2.16047,0.0421455,-0.110236,0.142068,0.342429
2.16072,0.0699306,-0.15748,0.147047,0.342429
2.16097,0.120187,-0.188976,0.167198,0.342429
2.16122,0.199302,-0.220472,0.211338,0.342429
2.16147,0.303474,-0.244094,0.279518,0.342429
2.16172,0.418995,-0.267717,0.354505,0.342429
2.16197,0.524669,-0.283465,0.433708,0.342429
2.16222,0.596666,-0.291339,0.482811,0.342429
2.16247,0.614092,-0.283465,0.482169,0.342429
2.16272,0.564416,-0.251969,0.428777,0.342429
2.16297,0.446582,-0.212598,0.314856,0.342429
2.16322,0.272253,-0.141732,0.145764,0.342429
2.16347,0.0638539,-0.0551181,-0.0542805,0.342429
2.16372,-0.149652,0.023622,-0.242915,0.342429
2.16397,-0.338908,0.125984,-0.414854,0.342429
2.16422,-0.479458,0.212598,-0.529622,0.342429
2.16447,-0.556835,0.283465,-0.574909,0.342429
2.16472,-0.568941,0.338583,-0.56246,0.342429
2.16497,-0.52539,0.346457,-0.488828,0.342429
2.16522,-0.444827,0.338583,-0.379166,0.342429
2.16547,-0.349818,0.307087,-0.264717,0.342429
2.16572,-0.26132,0.251969,-0.155602,0.342429
2.16597,-0.193591,0.188976,-0.0676417,0.342429
2.16622,-0.151447,0.11811,-0.016819,0.342429
2.16647,-0.129502,0.0551181,0.00540437,0.342429
2.16672,-0.114295,0,0.0145876,0.342429
2.16697,-0.0889304,-0.0393701,0.0211382,0.342429
2.16722,-0.0377243,-0.0866142,0.0477527,0.342429
2.16747,0.0484627,-0.133858,0.106469,0.342429
2.16772,0.168887,-0.173228,0.202154,0.342429
2.16797,0.312139,-0.220472,0.306798,0.342429
2.16822,0.457772,-0.259843,0.416359,0.342429
2.16847,0.580488,-0.291339,0.514761,0.342429
2.16872,0.655681,-0.307087,0.557325,0.342429
2.16897,0.665063,-0.307087,0.554651,0.342429
2.16922,0.601168,-0.283465,0.476975,0.342429
2.16947,0.469221,-0.23622,0.339903,0.342429
2.16972,0.286625,-0.173228,0.163956,0.342429
2.16997,0.0796728,-0.0866142,-0.0411368,0.342429
2.17022,-0.122391,0,-0.224885,0.342429
2.17047,-0.292391,0.0944882,-0.374787,0.342429
2.17072,-0.411151,0.165354,-0.472694,0.342429
2.17097,-0.470809,0.23622,-0.504296,0.342429
2.17122,-0.475373,0.275591,-0.48311,0.342429
2.17147,-0.438968,0.299213,-0.41759,0.342429
2.17172,-0.381494,0.291339,-0.338335,0.342429
2.17197,-0.323292,0.275591,-0.247,0.342429
2.17222,-0.279679,0.244094,-0.186129,0.342429
2.17247,-0.257572,0.19685,-0.14378,0.342429
2.17272,-0.253736,0.149606,-0.125623,0.342429
2.17297,-0.256019,0.102362,-0.125487,0.342429
2.17322,-0.247363,0.0551181,-0.116412,0.342429
2.17347,-0.210222,0.00787402,-0.100082,0.342429
2.17372,-0.13249,-0.0393701,-0.0378621,0.342429
2.17397,-0.0108748,-0.0866142,0.0607055,0.342429
2.17422,0.146201,-0.141732,0.183946,0.342429
2.17447,0.320563,-0.188976,0.331646,0.342429
2.17472,0.48649,-0.23622,0.462446,0.342429
2.17497,0.616824,-0.267717,0.561446,0.342429
2.17522,0.688217,-0.283465,0.608527,0.342429
2.17547,0.68682,-0.283465,0.590735,0.342429
2.17572,0.61087,-0.259843,0.502521,0.342429
2.17597,0.471706,-0.220472,0.358387,0.342429
2.17622,0.291141,-0.165354,0.168864,0.342429
2.17647,0.0969501,-0.0944882,-0.0173359,0.342429
2.17672,-0.0830078,-0.023622,-0.184885,0.342429
2.17697,-0.226056,0.0393701,-0.3158,0.342429
2.17722,-0.319798,0.102362,-0.392981,0.342429
2.17747,-0.362879,0.15748,-0.406043,0.342429
2.17772,-0.365129,0.19685,-0.382604,0.342429
2.17797,-0.343244,0.228346,-0.333036,0.342429
2.17822,-0.31658,0.23622,-0.279079,0.342429
2.17847,-0.300898,0.228346,-0.240663,0.342429
2.17872,-0.304893,0.212598,-0.228236,0.342429
2.17897,-0.327311,0.188976,-0.234209,0.342429
2.17922,-0.357348,0.15748,-0.250955,0.342429
2.17947,-0.377664,0.11811,-0.27068,0.342429
2.17972,-0.369075,0.0787402,-0.256773,0.342429
2.17997,-0.315968,0.0314961,-0.211639,0.342429
2.18022,-0.210691,-0.00787402,-0.123104,0.342429
2.18047,-0.0572928,-0.0551181,0.0123813,0.342429
2.18072,0.129323,-0.0944882,0.166149,0.342429
2.18097,0.324687,-0.141732,0.344588,0.342429
2.18122,0.500433,-0.173228,0.491508,0.342429
2.18147,0.629291,-0.204724,0.595587,0.342429
2.18172,0.691645,-0.220472,0.63519,0.342429
2.18197,0.67878,-0.220472,0.604829,0.342429
2.18222,0.595181,-0.204724,0.506572,0.342429
2.18247,0.45734,-0.181102,0.360112,0.342429
2.18272,0.289476,-0.141732,0.190085,0.342429
2.18297,0.119076,-0.0944882,0.0248279,0.342429
2.18322,-0.0298496,-0.0393701,-0.117555,0.342429
2.18347,-0.140878,0,-0.215013,0.342429
2.18372,-0.208769,0.0551181,-0.264014,0.342429
2.18397,-0.238706,0.102362,-0.279039,0.342429
2.18423,-0.244772,0.133858,-0.260262,0.342429
2.18448,-0.244523,0.15748,-0.23939,0.342429
2.18473,-0.254525,0.173228,-0.230412,0.342429
2.18498,-0.284631,0.165354,-0.243862,0.342429
2.18523,-0.335759,0.15748,-0.27472,0.342429
2.18548,-0.398658,0.141732,-0.327763,0.342429
2.18573,-0.45609,0.11811,-0.378755,0.342429
2.18598,-0.487319,0.0787402,-0.408894,0.342429
2.18623,-0.47322,0.0472441,-0.392439,0.342429
2.18648,-0.401395,0.015748,-0.324784,0.342429
2.18673,-0.270608,-0.00787402,-0.202384,0.342429
2.18698,-0.0912393,-0.0393701,-0.0406512,0.342429
2.18723,0.115111,-0.0708661,0.150328,0.342429
2.18748,0.320513,-0.0944882,0.332218,0.342429
2.18773,0.495304,-0.110236,0.486213,0.342429
2.18798,0.615205,-0.133858,0.587155,0.342429
2.18823,0.665016,-0.141732,0.620873,0.342429
2.18848,0.642406,-0.141732,0.586554,0.342429
2.18873,0.557557,-0.125984,0.49406,0.342429
2.18898,0.430304,-0.110236,0.359261,0.342429
2.18923,0.285888,-0.0944882,0.212498,0.342429
2.18948,0.148681,-0.0551181,0.0816065,0.342429
2.18973,0.0373751,-0.023622,-0.0215404,0.342429
2.18998,-0.0393453,0.00787402,-0.0872284,0.342429
2.19023,-0.0830114,0.0472441,-0.117004,0.342429
2.19048,-0.104895,0.0787402,-0.131769,0.342429
2.19073,-0.121154,0.102362,-0.124806,0.342429
2.19098,-0.148695,0.11811,-0.141019,0.342429
2.19123,-0.198901,0.125984,-0.177828,0.342429
2.19148,-0.275039,0.110236,-0.240964,0.342429
2.19173,-0.369722,0.0944882,-0.328789,0.342429
2.19198,-0.46651,0.0708661,-0.415817,0.342429
2.19223,-0.543616,0.0472441,-0.48144,0.342429
2.19248,-0.578601,0.015748,-0.515937,0.342429
2.19273,-0.554456,-0.00787402,-0.497336,0.342429
2.19298,-0.463758,-0.023622,-0.419373,0.342429
2.19323,-0.311668,-0.0472441,-0.271445,0.342429
2.19348,-0.114932,-0.0551181,-0.0867317,0.342429
2.19373,0.100209,-0.0629921,0.109518,0.342429
2.19398,0.303965,-0.0708661,0.302286,0.342429
2.19423,0.468392,-0.0708661,0.450566,0.342429
2.19448,0.57327,-0.0708661,0.543654,0.342429
2.19473,0.609491,-0.0708661,0.569096,0.342429
2.19498,0.58091,-0.0708661,0.529638,0.342429
2.19523,0.502326,-0.0551181,0.444683,0.342429
2.19548,0.395456,-0.0472441,0.339129,0.342429
2.19573,0.283862,-0.023622,0.238986,0.342429
2.19598,0.187288,-0.00787402,0.146457,0.342429
2.19623,0.117042,0.015748,0.0865716,0.342429
2.19648,0.0745036,0.0472441,0.0559052,0.342429
2.19673,0.0509443,0.0708661,0.0383586,0.342429
2.19698,0.03143,0.0944882,0.0400641,0.342429
2.19723,-0.00134567,0.102362,0.0178915,0.342429
2.19748,-0.0605248,0.102362,-0.0358779,0.342429
2.19773,-0.152099,0.0944882,-0.12093,0.342429
2.19798,-0.271211,0.0629921,-0.234818,0.342429
2.19823,-0.403073,0.0393701,-0.362357,0.342429
2.19848,-0.525531,0,-0.482898,0.342429
2.19873,-0.613784,-0.0314961,-0.566932,0.342429
2.19898,-0.646179,-0.0551181,-0.609019,0.342429
2.19923,-0.609359,-0.0787402,-0.571696,0.342429
2.19948,-0.502027,-0.0866142,-0.48318,0.342429
2.19973,-0.3353,-0.0944882,-0.321964,0.342429
2.19998,-0.131547,-0.0944882,-0.130647,0.342429
2.20023,0.0807635,-0.0787402,0.0618484,0.342429
2.20048,0.271902,-0.0708661,0.242915,0.342429
2.20073,0.417957,-0.0551181,0.379807,0.342429
2.20098,0.504071,-0.0393701,0.454797,0.342429
2.20123,0.52803,-0.0314961,0.473578,0.342429
2.20148,0.499044,-0.015748,0.448811,0.342429
2.20173,0.43496,0,0.38589,0.342429
2.20198,0.35743,0.00787402,0.312435,0.342429
2.20223,0.286306,0.0314961,0.255388,0.342429
2.20248,0.234803,0.0551181,0.214685,0.342429
2.20273,0.206419,0.0866142,0.196715,0.342429
2.20298,0.194961,0.110236,0.205112,0.342429
2.20323,0.186157,0.133858,0.20633,0.342429
2.20348,0.162654,0.141732,0.191206,0.342429
2.20373,0.108804,0.133858,0.149211,0.342429
2.20398,0.0159373,0.11811,0.067583,0.342429
2.20423,-0.114873,0.0787402,-0.0660487,0.342429
2.20448,-0.271061,0.0393701,-0.218645,0.342429
2.20473,-0.431608,-0.00787402,-0.379552,0.342429
2.20498,-0.570135,-0.0551181,-0.52345,0.342429
2.20523,-0.661291,-0.102362,-0.620655,0.342429
2.20548,-0.686047,-0.141732,-0.64954,0.342429
2.20573,-0.636293,-0.15748,-0.620387,0.342429
2.20598,-0.516675,-0.165354,-0.505842,0.342429
2.20623,-0.344231,-0.15748,-0.350408,0.342429
2.20648,-0.144478,-0.149606,-0.171393,0.342429
2.20673,0.0531473,-0.125984,0.00467254,0.342429
2.20698,0.222392,-0.0944882,0.162084,0.342429
2.20723,0.343994,-0.0708661,0.272969,0.342429
2.20748,0.410351,-0.0551181,0.337327,0.342429
2.20773,0.425282,-0.023622,0.347275,0.342429
2.20798,0.402494,0,0.328463,0.342429
2.20823,0.361084,0.015748,0.294463,0.342429
2.20848,0.320479,0.0472441,0.270956,0.342429
2.20873,0.294927,0.0866142,0.265696,0.342429
2.20899,0.289971,0.125984,0.277312,0.342429
2.20924,0.301301,0.165354,0.309588,0.342429
2.20949,0.315732,0.19685,0.345515,0.342429
2.20974,0.315328,0.212598,0.360515,0.342429
2.20999,0.282281,0.220472,0.33408,0.342429
2.21024,0.204351,0.204724,0.269605,0.342429
2.21049,0.0784826,0.165354,0.156319,0.342429
2.21074,-0.0864915,0.110236,-0.00870064,0.342429
2.21099,-0.271559,0.0314961,-0.191224,0.342429
2.21124,-0.450483,-0.023622,-0.372983,0.342429
2.21149,-0.595339,-0.102362,-0.521687,0.342429
2.21174,-0.682094,-0.15748,-0.624813,0.342429
2.21199,-0.696164,-0.19685,-0.656498,0.342429
2.21224,-0.635307,-0.228346,-0.611202,0.342429
2.21249,-0.510099,-0.23622,-0.505408,0.342429
2.21274,-0.341856,-0.228346,-0.367531,0.342429
2.21299,-0.157689,-0.204724,-0.200662,0.342429
2.21324,0.0150762,-0.188976,-0.0522891,0.342429
2.21349,0.154678,-0.149606,0.0676443,0.342429
2.21374,0.248633,-0.125984,0.148088,0.342429
2.21399,0.296413,-0.0944882,0.188916,0.342429
2.21424,0.307189,-0.0551181,0.195392,0.342429
2.21449,0.297709,-0.023622,0.194532,0.342429
2.21474,0.286222,0.023622,0.196613,0.342429
2.21499,0.28792,0.0708661,0.218502,0.342429
2.21524,0.31,0.133858,0.263186,0.342429
2.21549,0.350082,0.19685,0.330151,0.342429
2.21574,0.396183,0.251969,0.409047,0.342429
2.21599,0.430019,0.291339,0.461389,0.342429
2.21624,0.431399,0.314961,0.490333,0.342429
2.21649,0.384528,0.307087,0.466813,0.342429
2.21674,0.28153,0.275591,0.377267,0.342429
2.21699,0.126501,0.220472,0.231586,0.342429
2.21724,-0.0651689,0.141732,0.0438065,0.342429
2.21749,-0.268739,0.0551181,-0.154071,0.342429
2.21774,-0.455301,-0.0314961,-0.343376,0.342429
2.21799,-0.597087,-0.11811,-0.494029,0.342429
2.21824,-0.67382,-0.188976,-0.588255,0.342429
2.21849,-0.676336,-0.244094,-0.613044,0.342429
2.21874,-0.608491,-0.275591,-0.575688,0.342429
2.21899,-0.48596,-0.283465,-0.484143,0.342429
2.21924,-0.332519,-0.275591,-0.36039,0.342429
2.21949,-0.174511,-0.259843,-0.233412,0.342429
2.21974,-0.0352392,-0.23622,-0.130973,0.342429
2.21999,0.0696144,-0.212598,-0.0496471,0.342429
2.22024,0.135465,-0.188976,-0.00273069,0.342429
2.22049,0.167737,-0.141732,0.0290801,0.342429
2.22074,0.180543,-0.102362,0.0393516,0.342429
2.22099,0.191061,-0.0472441,0.0614729,0.342429
2.22124,0.215142,0.00787402,0.105691,0.342429
2.22149,0.26174,0.0866142,0.174763,0.342429
2.22174,0.330551,0.165354,0.271788,0.342429
2.22199,0.411113,0.251969,0.384995,0.342429
2.22224,0.485139,0.322835,0.495992,0.342429
2.22249,0.53076,0.377953,0.57248,0.342429
2.22274,0.528184,0.393701,0.595062,0.342429
2.22299,0.464763,0.385827,0.560661,0.342429
2.22324,0.338599,0.338583,0.458069,0.342429
2.22349,0.160616,0.267717,0.295312,0.342429
2.22374,-0.0480654,0.173228,0.0937834,0.342429
2.22399,-0.258786,0.0629921,-0.113003,0.342919
2.22424,-0.442122,-0.0314961,-0.307108,0.342919
2.22449,-0.572877,-0.125984,-0.447029,0.342919
2.22474,-0.635979,-0.204724,-0.533151,0.342919
2.22499,-0.628306,-0.259843,-0.549939,0.342919
2.22524,-0.559463,-0.291339,-0.519428,0.342919
2.22549,-0.44878,-0.314961,-0.451017,0.342919
2.22574,-0.320289,-0.322835,-0.356687,0.342919
2.22599,-0.197503,-0.307087,-0.278448,0.342919
2.22624,-0.0980973,-0.299213,-0.212394,0.342919
2.22649,-0.0299318,-0.283465,-0.168413,0.342919
2.22674,0.00940001,-0.259843,-0.146803,0.342919
2.22699,0.0314028,-0.220472,-0.136531,0.342919
2.22724,0.0523374,-0.173228,-0.11157,0.342919
2.22749,0.0887467,-0.0944882,-0.0639722,0.342919
2.22774,0.151493,-0.015748,0.0184348,0.342919
2.22799,0.242789,0.0787402,0.136531,0.342919
2.22824,0.354196,0.19685,0.287846,0.342919
2.22849,0.468285,0.299213,0.436951,0.342919
2.22874,0.561902,0.385827,0.563747,0.342919
2.22899,0.612032,0.448819,0.649895,0.342919
2.22924,0.600835,0.472441,0.669619,0.342919
2.22949,0.52039,0.456693,0.62526,0.342919
2.22974,0.375582,0.401575,0.501923,0.342919
2.22999,0.182912,0.314961,0.330145,0.342919
2.23024,-0.0314581,0.204724,0.129108,0.342919
2.23049,-0.237837,0.0944882,-0.0723898,0.342919
2.23074,-0.407997,-0.015748,-0.243086,0.342919
2.23099,-0.521835,-0.110236,-0.366511,0.342919
2.23124,-0.569889,-0.19685,-0.436187,0.342919
2.23149,-0.555615,-0.251969,-0.459611,0.342919
2.23174,-0.493057,-0.299213,-0.432226,0.342919
2.23199,-0.403401,-0.330709,-0.391307,0.342919
2.23224,-0.308955,-0.354331,-0.340634,0.342919
2.23249,-0.228328,-0.362205,-0.311881,0.342919
2.23274,-0.171977,-0.370079,-0.294655,0.342919
2.23299,-0.139849,-0.362205,-0.292299,0.342919
2.23324,-0.122947,-0.346457,-0.303474,0.342919
2.23349,-0.105392,-0.307087,-0.294612,0.342919
2.23375,-0.0703182,-0.251969,-0.257495,0.342919
2.234,-0.00417673,-0.15748,-0.186454,0.342919
2.23425,0.0977877,-0.0472441,-0.0613265,0.342919
2.2345,0.230362,0.0708661,0.0990891,0.342919
2.23475,0.377566,0.204724,0.282121,0.342919
2.235,0.516227,0.338583,0.45997,0.342919
2.23525,0.62076,0.440945,0.601372,0.342919
2.2355,0.668665,0.511811,0.696568,0.342919
2.23575,0.645913,0.535433,0.712801,0.342919
2.236,0.550655,0.519685,0.655968,0.342919
2.23625,0.39358,0.456693,0.532949,0.342919
2.2365,0.196676,0.370079,0.367641,0.342919
2.23675,-0.0118882,0.259843,0.179664,0.342919
2.237,-0.202705,0.141732,-0.00325208,0.342919
2.23725,-0.351879,0.0314961,-0.153182,0.342919
2.2375,-0.44476,-0.0708661,-0.255511,0.342919
2.23775,-0.478961,-0.15748,-0.316674,0.342919
2.238,-0.463205,-0.220472,-0.3336,0.342919
2.23825,-0.415018,-0.283465,-0.331809,0.342919
2.2385,-0.35485,-0.330709,-0.326032,0.342919
2.23875,-0.301594,-0.377953,-0.325213,0.342919
2.239,-0.267255,-0.417323,-0.339643,0.342919
2.23925,-0.254111,-0.448819,-0.375452,0.342919
2.2395,-0.254942,-0.456693,-0.415042,0.342919
2.23975,-0.254658,-0.456693,-0.447359,0.342919
2.24,-0.235468,-0.417323,-0.446112,0.342919
2.24025,-0.181351,-0.346457,-0.393596,0.342919
2.2405,-0.0840677,-0.23622,-0.288599,0.342919
2.24075,0.0549122,-0.0944882,-0.136532,0.342919
2.241,0.222407,0.0551181,0.0605542,0.342919
2.24125,0.396377,0.204724,0.265036,0.342919
2.2415,0.54985,0.362205,0.466708,0.342919
2.24175,0.656647,0.480315,0.610088,0.342919
2.242,0.69699,0.551181,0.698222,0.342919
2.24225,0.662085,0.590551,0.713911,0.342919
2.2425,0.556222,0.574803,0.653807,0.342919
2.24275,0.395547,0.511811,0.536308,0.342919
2.243,0.205388,0.433071,0.384469,0.342919
2.24325,0.0141827,0.322835,0.220267,0.342919
2.2435,-0.151646,0.212598,0.0724451,0.342919
2.24375,-0.273904,0.102362,-0.0374195,0.342919
2.244,-0.344657,0,-0.116876,0.342919
2.24425,-0.368054,-0.0787402,-0.170982,0.342919
2.2445,-0.357349,-0.165354,-0.192624,0.342919
2.24475,-0.33106,-0.244094,-0.211985,0.342919
2.245,-0.307553,-0.322835,-0.248978,0.342919
2.24525,-0.30008,-0.393701,-0.295371,0.342919
2.2455,-0.31292,-0.472441,-0.376877,0.342919
2.24575,-0.340519,-0.527559,-0.457155,0.342919
2.246,-0.368646,-0.566929,-0.533614,0.342919
2.24625,-0.378593,-0.574803,-0.573428,0.342919
2.2465,-0.351786,-0.527559,-0.57346,0.342919
2.24675,-0.276038,-0.448819,-0.513849,0.342919
2.247,-0.148313,-0.314961,-0.375738,0.342919
2.24725,0.0222098,-0.15748,-0.202059,0.342919
2.2475,0.216113,0.015748,0.0202574,0.342919
2.24775,0.406265,0.19685,0.235563,0.342919
2.248,0.564424,0.354331,0.440131,0.342919
2.24825,0.665815,0.480315,0.584074,0.342919
2.2485,0.695265,0.551181,0.662102,0.342919
2.24875,0.649939,0.574803,0.673676,0.342919
2.249,0.539759,0.559055,0.61688,0.342919
2.24925,0.385342,0.503937,0.518302,0.342919
2.2495,0.213021,0.417323,0.392402,0.342919
2.24975,0.0496023,0.330709,0.275338,0.342919
2.25,-0.0840694,0.23622,0.16095,0.342919
2.25025,-0.176004,0.149606,0.0843534,0.342919
2.2505,-0.225935,0.0708661,0.0199874,0.342919
2.25075,-0.243328,0,-0.0152952,0.342919
2.251,-0.244417,-0.0708661,-0.0623381,0.342919
2.25125,-0.246888,-0.165354,-0.112735,0.342919
2.2515,-0.265022,-0.251969,-0.186946,0.342919
2.25175,-0.304904,-0.346457,-0.296817,0.342919
2.252,-0.362886,-0.440945,-0.41216,0.342919
2.25225,-0.425853,-0.511811,-0.529623,0.342919
2.2525,-0.474346,-0.551181,-0.628,0.342919
2.25275,-0.487661,-0.551181,-0.680419,0.342919
2.253,-0.448926,-0.511811,-0.66898,0.342919
2.25325,-0.350619,-0.417323,-0.575313,0.342919
2.2535,-0.196307,-0.283465,-0.420662,0.342919
2.25375,-0.00193894,-0.11811,-0.22069,0.342919
2.254,0.207648,0.0393701,0.0161138,0.342919
2.25425,0.402989,0.204724,0.243879,0.342919
2.2545,0.556209,0.338583,0.433737,0.342919
2.25475,0.646257,0.433071,0.573164,0.342919
2.255,0.663691,0.472441,0.641971,0.342919
2.25525,0.611654,0.480315,0.638178,0.342919
2.2555,0.505176,0.448819,0.594762,0.342919
2.25575,0.367142,0.385827,0.508803,0.342919
2.256,0.223246,0.322835,0.406094,0.342919
2.25625,0.0956254,0.244094,0.306089,0.342919
2.2565,-0.000832273,0.188976,0.233632,0.342919
2.25675,-0.062165,0.133858,0.171362,0.342919
2.257,-0.0944656,0.0787402,0.125638,0.342919
2.25725,-0.111761,0.023622,0.0851784,0.342919
2.2575,-0.131049,-0.0314961,0.0254245,0.342919
2.25775,-0.167602,-0.110236,-0.0713746,0.342919
2.258,-0.229477,-0.204724,-0.189673,0.342919
2.25826,-0.315272,-0.299213,-0.331624,0.342919
2.25851,-0.41337,-0.393701,-0.483356,0.342919
2.25876,-0.504378,-0.464567,-0.620642,0.342919
2.25901,-0.56549,-0.503937,-0.713084,0.342919
2.25926,-0.575913,-0.503937,-0.749429,0.342919
2.25951,-0.52267,-0.448819,-0.71374,0.342919
2.25976,-0.403473,-0.346457,-0.596704,0.342919
2.26001,-0.229001,-0.204724,-0.420268,0.342919
2.26026,-0.0206097,-0.0551181,-0.19931,0.342919
2.26051,0.193206,0.0944882,0.0418232,0.342919
2.26076,0.382809,0.228346,0.254919,0.342919
2.26101,0.522803,0.322835,0.43322,0.342919
2.26126,0.597783,0.385827,0.539667,0.342919
2.26151,0.604244,0.401575,0.59247,0.342919
2.26176,0.551232,0.377953,0.586805,0.342919
2.26201,0.457194,0.330709,0.537424,0.342919
2.26226,0.345517,0.275591,0.470229,0.342919
2.26251,0.238524,0.220472,0.402243,0.342919
2.26276,0.152688,0.173228,0.344028,0.342919
2.26301,0.095197,0.141732,0.290783,0.342919
2.26326,0.0625228,0.110236,0.256191,0.342919
2.26351,0.0428189,0.0787402,0.227577,0.342919
2.26376,0.0194342,0.0393701,0.165921,0.342919
2.26401,-0.0235931,-0.00787402,0.0885596,0.342919
2.26426,-0.097025,-0.0866142,-0.0263477,0.342919
2.26451,-0.201879,-0.181102,-0.184656,0.342919
2.26476,-0.329031,-0.283465,-0.352127,0.342919
2.26501,-0.459769,-0.370079,-0.529535,0.342919
2.26526,-0.570144,-0.433071,-0.671596,0.342919
2.26551,-0.635954,-0.456693,-0.76241,0.342919
2.26576,-0.638859,-0.433071,-0.782581,0.342919
2.26601,-0.570315,-0.362205,-0.722215,0.342919
2.26626,-0.434698,-0.251969,-0.595146,0.342919
2.26651,-0.248431,-0.11811,-0.397698,0.342919
2.26676,-0.0372372,0.023622,-0.180283,0.342919
2.26701,0.169276,0.15748,0.0428811,0.342919
2.26726,0.343012,0.259843,0.236667,0.342919
2.26751,0.463759,0.322835,0.386364,0.342919
2.26776,0.522008,0.346457,0.485028,0.342919
2.26801,0.520866,0.330709,0.517334,0.342919
2.26826,0.473783,0.291339,0.514185,0.342919
2.26851,0.401094,0.228346,0.478312,0.342919
2.26876,0.324325,0.173228,0.447027,0.342919
2.26901,0.260725,0.133858,0.404543,0.342919
2.26926,0.219632,0.110236,0.389313,0.342919
2.26951,0.200015,0.0944882,0.370731,0.342919
2.26976,0.191746,0.0866142,0.358652,0.342919
2.27001,0.178614,0.0708661,0.330144,0.342919
2.27026,0.143443,0.0314961,0.25617,0.342919
2.27051,0.0728482,-0.015748,0.155107,0.342919
2.27076,-0.0375308,-0.0944882,-0.0027771,0.342919
2.27101,-0.181717,-0.19685,-0.186352,0.342919
2.27126,-0.342877,-0.283465,-0.386239,0.342919
2.27151,-0.497057,-0.362205,-0.575461,0.342919
2.27176,-0.617477,-0.409449,-0.720231,0.342919
2.27201,-0.681143,-0.409449,-0.797488,0.342919
2.27226,-0.673298,-0.370079,-0.798849,0.342919
2.27251,-0.591325,-0.275591,-0.72292,0.342919
2.27276,-0.445794,-0.149606,-0.577403,0.342919
2.27301,-0.257747,-0.00787402,-0.388327,0.342919
2.27326,-0.0553673,0.11811,-0.168142,0.342919
2.27351,0.132777,0.23622,0.0304637,0.342919
2.27376,0.282642,0.299213,0.200479,0.342919
2.27401,0.380207,0.330709,0.328147,0.342919
2.27426,0.422653,0.314961,0.407094,0.342919
2.27451,0.418821,0.267717,0.437517,0.342919
2.27476,0.385268,0.212598,0.446509,0.342919
2.27501,0.342119,0.149606,0.431369,0.342919
2.27526,0.306801,0.0944882,0.436529,0.342919
2.27551,0.290253,0.0708661,0.436172,0.342919
2.27576,0.293598,0.0551181,0.450085,0.342919
2.27601,0.308267,0.0629921,0.462261,0.342919
2.27626,0.318485,0.0629921,0.457054,0.342919
2.27651,0.305768,0.0472441,0.426282,0.342919
2.27676,0.253885,0.00787402,0.336884,0.342919
2.27701,0.154531,-0.0551181,0.201327,0.342919
2.27726,0.00964893,-0.141732,0.017124,0.342919
2.27751,-0.167054,-0.23622,-0.20359,0.342919
2.27776,-0.352972,-0.322835,-0.416096,0.342919
2.27801,-0.520098,-0.385827,-0.609616,0.342919
2.27826,-0.641863,-0.401575,-0.748423,0.342919
2.27851,-0.697691,-0.370079,-0.81961,0.342919
2.27876,-0.678191,-0.291339,-0.799984,0.342919
2.27901,-0.586934,-0.173228,-0.710184,0.342919
2.27926,-0.439706,-0.0314961,-0.555693,0.342919
2.27951,-0.260949,0.102362,-0.369503,0.342919
2.27976,-0.0785563,0.220472,-0.173485,0.342919
2.28001,0.0817051,0.307087,0.00454709,0.342919
2.28026,0.202067,0.346457,0.14339,0.342919
2.28051,0.275024,0.338583,0.25096,0.342919
2.28076,0.304801,0.299213,0.311628,0.342919
2.28101,0.304329,0.244094,0.354914,0.342919
2.28126,0.291897,0.181102,0.379479,0.342919
2.28151,0.284705,0.125984,0.400852,0.342919
2.28176,0.295047,0.0944882,0.432185,0.342919
2.28201,0.325996,0.0944882,0.481487,0.342919
2.28226,0.370595,0.102362,0.535049,0.342919
2.28251,0.413777,0.110236,0.566476,0.342919
2.28276,0.43565,0.11811,0.567328,0.342919
2.28302,0.417405,0.0944882,0.510637,0.342919
2.28327,0.345973,0.0472441,0.409471,0.342919
2.28352,0.218917,-0.023622,0.247076,0.342919
2.28377,0.0450957,-0.11811,0.0368702,0.342919
2.28402,-0.155226,-0.220472,-0.198,0.342919
2.28427,-0.354986,-0.314961,-0.420824,0.342919
2.28452,-0.52475,-0.385827,-0.606823,0.342919
2.28477,-0.639816,-0.409449,-0.734164,0.342919
2.28502,-0.68414,-0.393701,-0.779938,0.342919
2.28527,-0.654369,-0.314961,-0.751181,0.342919
2.28552,-0.559951,-0.220472,-0.66242,0.342919
2.28577,-0.420557,-0.102362,-0.51938,0.342919
2.28602,-0.261817,0,-0.352415,0.342919
2.28627,-0.109633,0.0944882,-0.19597,0.342919
2.28652,0.0157989,0.149606,-0.0533293,0.342919
2.28677,0.103326,0.173228,0.0498327,0.342919
2.28702,0.153111,0.15748,0.111802,0.342919
2.28727,0.174703,0.133858,0.158574,0.342919
2.28752,0.184475,0.102362,0.192706,0.342919
2.28777,0.199288,0.0866142,0.235896,0.342919
2.28802,0.232709,0.0866142,0.290497,0.342919
2.28827,0.28976,0.11811,0.375277,0.342919
2.28852,0.365538,0.165354,0.456156,0.342919
2.28877,0.445804,0.220472,0.547351,0.342919
2.28902,0.510027,0.267717,0.608128,0.342919
2.28927,0.536605,0.283465,0.623387,0.342919
2.28952,0.508109,0.259843,0.578407,0.342919
2.28977,0.416537,0.204724,0.471363,0.342919
2.29002,0.265433,0.102362,0.307831,0.342919
2.29027,0.0707525,-0.015748,0.0932172,0.342919
2.29052,-0.142598,-0.149606,-0.128525,0.342919
2.29077,-0.344615,-0.259843,-0.337165,0.342919
2.29102,-0.507428,-0.338583,-0.499092,0.342919
2.29127,-0.609519,-0.370079,-0.615155,0.342919
2.29152,-0.640994,-0.362205,-0.648554,0.342919
2.29177,-0.60456,-0.314961,-0.628347,0.342919
2.29202,-0.514431,-0.228346,-0.553129,0.342919
2.29227,-0.392767,-0.141732,-0.447746,0.342919
2.29252,-0.264124,-0.0708661,-0.340587,0.342919
2.29277,-0.150063,-0.015748,-0.242998,0.342919
2.29302,-0.0639985,0,-0.16793,0.342919
2.29327,-0.00953095,0,-0.116048,0.342919
2.29352,0.0203662,-0.023622,-0.0777851,0.342919
2.29377,0.0397801,-0.0393701,-0.0442456,0.342919
2.29402,0.0657847,-0.0472441,0.00232337,0.342919
2.29427,0.112824,-0.023622,0.0727277,0.342919
2.29452,0.188561,0.023622,0.181305,0.342919
2.29477,0.290331,0.110236,0.304906,0.342919
2.29502,0.40546,0.204724,0.442623,0.342919
2.29527,0.513512,0.299213,0.564862,0.342919
2.29552,0.590648,0.370079,0.651416,0.342919
2.29577,0.615408,0.401575,0.682206,0.342919
2.29602,0.573932,0.377953,0.653516,0.342919
2.29627,0.463716,0.314961,0.535534,0.342919
2.29652,0.295109,0.204724,0.3772,0.342919
2.29677,0.0892403,0.0708661,0.167229,0.342919
2.29702,-0.125169,-0.0551181,-0.0504959,0.342919
2.29727,-0.318769,-0.165354,-0.244501,0.342919
2.29752,-0.46598,-0.244094,-0.396998,0.342919
2.29777,-0.551206,-0.275591,-0.487122,0.342919
2.29802,-0.570677,-0.267717,-0.52195,0.342919
2.29827,-0.53287,-0.23622,-0.508007,0.342919
2.29852,-0.455511,-0.188976,-0.458946,0.342919
2.29877,-0.361032,-0.141732,-0.394909,0.342919
2.29902,-0.270884,-0.110236,-0.341735,0.342919
2.29927,-0.200222,-0.110236,-0.292128,0.342919
2.29952,-0.155199,-0.133858,-0.264644,0.342919
2.29977,-0.131397,-0.173228,-0.258041,0.342919
2.30002,-0.116402,-0.204724,-0.24339,0.342919
2.30027,-0.0929756,-0.228346,-0.212253,0.342919
2.30052,-0.0455127,-0.204724,-0.140179,0.342919
2.30077,0.0364364,-0.149606,-0.0392658,0.342919
2.30102,0.153213,-0.0551181,0.0985925,0.342919
2.30127,0.294693,0.0708661,0.26442,0.342919
2.30152,0.441286,0.204724,0.431047,0.342919
2.30177,0.568063,0.330709,0.576868,0.342919
2.30202,0.649975,0.417323,0.679238,0.342919
2.30227,0.667721,0.456693,0.707982,0.342919
2.30252,0.612473,0.448819,0.659964,0.342919
2.30277,0.487814,0.385827,0.554954,0.342919
2.30302,0.310002,0.283465,0.392156,0.342919
2.30327,0.1043,0.15748,0.197023,0.342919
2.30352,-0.0998067,0.0393701,0.00784093,0.342919
2.30377,-0.274833,-0.0472441,-0.160252,0.342919
2.30402,-0.400216,-0.110236,-0.27858,0.342919
2.30427,-0.466897,-0.141732,-0.350364,0.342919
2.30452,-0.477326,-0.125984,-0.3844,0.342919
2.30477,-0.4448,-0.110236,-0.372734,0.342919
2.30502,-0.388679,-0.0944882,-0.351258,0.342919
2.30527,-0.329575,-0.102362,-0.326408,0.342919
2.30552,-0.283735,-0.125984,-0.314303,0.342919
2.30577,-0.259091,-0.181102,-0.321716,0.342919
2.30602,-0.253549,-0.251969,-0.34715,0.342919
2.30627,-0.256082,-0.330709,-0.371528,0.342919
2.30652,-0.249526,-0.385827,-0.370425,0.342919
2.30677,-0.216636,-0.401575,-0.336934,0.342919
2.30702,-0.143944,-0.362205,-0.263063,0.342919
2.30727,-0.0273992,-0.275591,-0.138204,0.342919
2.30752,0.126375,-0.141732,0.0314086,0.342919
2.30778,0.299861,0.00787402,0.219707,0.342919
2.30803,0.468288,0.165354,0.403073,0.342919
2.30828,0.604121,0.314961,0.553857,0.342919
2.30853,0.683418,0.409449,0.64566,0.342919
2.30878,0.690942,0.456693,0.667923,0.342919
2.30903,0.623422,0.448819,0.622545,0.342919
2.30928,0.490741,0.393701,0.522625,0.342919
2.30953,0.313672,0.314961,0.371895,0.342919
2.30978,0.119578,0.220472,0.204725,0.342919
2.31003,-0.0633913,0.133858,0.0530529,0.342919
2.31028,-0.21165,0.0708661,-0.0716457,0.342919
2.31053,-0.311458,0.0393701,-0.151043,0.342919
2.31078,-0.360216,0.0314961,-0.206102,0.342919
2.31103,-0.366508,0.0314961,-0.221222,0.342919
2.31128,-0.346449,0.0314961,-0.22454,0.342919
2.31153,-0.319358,0.00787402,-0.22802,0.342919
2.31178,-0.301805,-0.0314961,-0.245652,0.342919
2.31203,-0.303346,-0.11811,-0.283657,0.342919
2.31228,-0.32398,-0.228346,-0.347683,0.342919
2.31253,-0.353922,-0.338583,-0.411267,0.342919
2.31278,-0.376386,-0.433071,-0.465344,0.342919
2.31303,-0.372133,-0.496063,-0.478095,0.342919
2.31328,-0.324863,-0.503937,-0.448779,0.342919
2.31353,-0.225753,-0.456693,-0.353073,0.342919
2.31378,-0.0774597,-0.346457,-0.211728,0.342919
2.31403,0.106377,-0.188976,-0.018825,0.342919
2.31428,0.302145,-0.015748,0.176859,0.342919
2.31453,0.481701,0.133858,0.364899,0.342919
2.31478,0.617275,0.259843,0.511715,0.342919
2.31503,0.688167,0.346457,0.599346,0.342919
2.31528,0.684174,0.370079,0.613274,0.342919
2.31553,0.608258,0.354331,0.572592,0.342919
2.31578,0.475558,0.299213,0.478674,0.342919
2.31603,0.309971,0.220472,0.351102,0.342919
2.31628,0.138427,0.15748,0.228009,0.342919
2.31653,-0.0139624,0.110236,0.111194,0.342919
2.31678,-0.130039,0.102362,0.0242159,0.342919
2.31703,-0.202844,0.110236,-0.0325297,0.342919
2.31728,-0.236766,0.141732,-0.0617662,0.342919
2.31753,-0.244659,0.165354,-0.0864513,0.342919
2.31778,-0.244313,0.165354,-0.109774,0.342919
2.31803,-0.252379,0.133858,-0.151563,0.342919
2.31828,-0.279918,0.0629921,-0.21868,0.342919
2.31853,-0.328859,-0.0393701,-0.307615,0.342919
2.31878,-0.391137,-0.173228,-0.404394,0.342919
2.31903,-0.450257,-0.307087,-0.489228,0.342919
2.31928,-0.485654,-0.417323,-0.54851,0.342919
2.31953,-0.477711,-0.480315,-0.557999,0.342919
2.31978,-0.412981,-0.488189,-0.506574,0.342919
2.32003,-0.288831,-0.433071,-0.388629,0.342919
2.32028,-0.114242,-0.322835,-0.219095,0.342919
2.32053,0.0902923,-0.181102,-0.0175441,0.342919
2.32078,0.297377,-0.0393701,0.183838,0.342919
2.32103,0.477239,0.0866142,0.366881,0.342919
2.32128,0.604556,0.173228,0.502714,0.342919
2.32153,0.662991,0.228346,0.567691,0.342919
2.32178,0.648616,0.228346,0.578783,0.342919
2.32203,0.570122,0.19685,0.52114,0.342919
2.32228,0.446684,0.141732,0.430865,0.342919
2.32253,0.302951,0.0944882,0.328167,0.342919
2.32278,0.163763,0.0787402,0.221697,0.342919
2.32303,0.0487404,0.0866142,0.137671,0.342919
2.32328,-0.0321799,0.11811,0.0861956,0.342919
2.32353,-0.0793045,0.181102,0.0489259,0.342919
2.32378,-0.102976,0.23622,0.0253643,0.342919
2.32403,-0.118973,0.275591,0.0078986,0.412877
2.32428,-0.14446,0.283465,-0.0429635,0.412877
2.32453,-0.191618,0.23622,-0.110584,0.412877
2.32478,-0.264884,0.149606,-0.211151,0.412877
2.32503,-0.358069,0.015748,-0.318712,0.412877
2.32528,-0.455674,-0.125984,-0.444193,0.412877
2.32553,-0.536307,-0.267717,-0.543411,0.412877
2.32578,-0.577343,-0.377953,-0.592387,0.412877
2.32603,-0.560708,-0.433071,-0.583461,0.412877
2.32628,-0.477906,-0.433071,-0.509332,0.412877
2.32653,-0.33231,-0.370079,-0.382179,0.412877
2.32678,-0.139725,-0.267717,-0.200455,0.412877
2.32703,0.0748887,-0.15748,-0.000286054,0.412877
2.32728,0.281498,-0.0393701,0.198257,0.412877
2.32753,0.451834,0.0393701,0.356166,0.412877
2.32778,0.56436,0.0944882,0.462904,0.412877
2.32803,0.608786,0.102362,0.498832,0.412877
2.32828,0.587226,0.0708661,0.486151,0.412877
2.32853,0.513522,0.0314961,0.433237,0.412877
2.32878,0.408726,0,0.356042,0.412877
2.32903,0.296539,-0.015748,0.274425,0.412877
2.32928,0.197411,0,0.208499,0.412877
2.32953,0.123786,0.0472441,0.166259,0.412877
2.32978,0.078264,0.133858,0.15051,0.412877
2.33003,0.053153,0.228346,0.135182,0.412877
2.33028,0.0340721,0.307087,0.123642,0.412877
2.33053,0.00365056,0.362205,0.094227,0.412877
2.33078,-0.0519108,0.362205,0.0289011,0.412877
2.33103,-0.139711,0.307087,-0.0680433,0.412877
2.33128,-0.256153,0.19685,-0.195876,0.412877
2.33153,-0.387647,0.0551181,-0.336998,0.412877
2.33178,-0.512408,-0.0866142,-0.469941,0.412877
2.33203,-0.605927,-0.220472,-0.56011,0.412877
2.33228,-0.645791,-0.314961,-0.613826,0.412877
2.33254,-0.617436,-0.354331,-0.588197,0.412877
2.33279,-0.51807,-0.338583,-0.502483,0.412877
2.33304,-0.357354,-0.283465,-0.355002,0.412877
2.33329,-0.156559,-0.19685,-0.176725,0.412877
2.33354,0.0563289,-0.102362,0.0106702,0.412877
2.33379,0.251348,-0.023622,0.177115,0.412877
2.33404,0.403714,0.00787402,0.309245,0.412877
2.33429,0.497241,0.00787402,0.394518,0.412877
2.33454,0.528256,-0.015748,0.414008,0.412877
2.33479,0.504699,-0.0708661,0.398935,0.412877
2.33504,0.44364,-0.11811,0.3444,0.412877
2.33529,0.366569,-0.141732,0.298231,0.412877
2.33554,0.293834,-0.133858,0.247366,0.412877
2.33579,0.239633,-0.0708661,0.223087,0.412877
2.33604,0.208742,0.015748,0.216848,0.412877
2.33629,0.195828,0.141732,0.232981,0.412877
2.33654,0.187702,0.259843,0.230407,0.412877
2.33679,0.166794,0.362205,0.224215,0.412877
2.33704,0.117184,0.409449,0.17282,0.412877
2.33729,0.0289546,0.401575,0.0826548,0.412877
2.33754,-0.0977273,0.338583,-0.0441877,0.412877
2.33779,-0.252049,0.220472,-0.192064,0.412877
2.33804,-0.413268,0.0787402,-0.356483,0.412877
2.33829,-0.555826,-0.0472441,-0.487883,0.412877
2.33854,-0.653718,-0.15748,-0.590616,0.412877
2.33879,-0.686957,-0.228346,-0.615037,0.412877
2.33904,-0.645984,-0.251969,-0.582642,0.412877
2.33929,-0.533924,-0.220472,-0.476987,0.412877
2.33954,-0.366499,-0.165354,-0.333768,0.412877
2.33979,-0.168447,-0.0944882,-0.157028,0.412877
2.34004,0.0308937,-0.0393701,0.018064,0.412877
2.34029,0.20468,-0.00787402,0.155025,0.412877
2.34054,0.33252,-0.015748,0.262125,0.412877
2.34079,0.405412,-0.0629921,0.311792,0.412877
2.34104,0.425839,-0.133858,0.325418,0.412877
2.34129,0.406558,-0.204724,0.301858,0.412877
2.34154,0.366275,-0.259843,0.270282,0.412877
2.34179,0.324693,-0.267717,0.240795,0.412877
2.34204,0.296878,-0.220472,0.235013,0.412877
2.34229,0.289527,-0.133858,0.250684,0.412877
2.34254,0.299473,0,0.280454,0.412877
2.34279,0.314411,0.133858,0.31114,0.412877
2.34304,0.316819,0.275591,0.324079,0.412877
2.34329,0.288317,0.370079,0.295236,0.412877
2.34354,0.216046,0.417323,0.227953,0.412877
2.34379,0.0955889,0.401575,0.122351,0.412877
2.34404,-0.0655748,0.330709,-0.0322936,0.412877
2.34429,-0.249544,0.220472,-0.206537,0.412877
2.34454,-0.43066,0.0866142,-0.378043,0.412877
2.34479,-0.580909,-0.015748,-0.508216,0.412877
2.34504,-0.675476,-0.0944882,-0.584521,0.412877
2.34529,-0.698476,-0.125984,-0.603198,0.412877
2.34554,-0.646129,-0.11811,-0.546215,0.412877
2.34579,-0.527562,-0.0708661,-0.442899,0.412877
2.34604,-0.363043,-0.015748,-0.294921,0.412877
2.34629,-0.179381,0.015748,-0.137455,0.412877
2.34654,-0.00387913,0.0314961,0.0129233,0.412877
2.34679,0.140372,0,0.120061,0.412877
2.34704,0.240079,-0.0551181,0.191901,0.412877
2.34729,0.292808,-0.149606,0.23031,0.412877
2.34754,0.30735,-0.251969,0.230369,0.412877
2.34779,0.299213,-0.338583,0.216856,0.412877
2.34804,0.287136,-0.377953,0.199013,0.412877
2.34829,0.286674,-0.370079,0.207418,0.412877
2.34854,0.306322,-0.307087,0.241632,0.412877
2.34879,0.344735,-0.181102,0.285552,0.412877
2.34904,0.390988,-0.0314961,0.340729,0.412877
2.34929,0.427326,0.110236,0.382978,0.412877
2.34954,0.433467,0.244094,0.392972,0.412877
2.34979,0.392895,0.330709,0.348237,0.412877
2.35004,0.296528,0.362205,0.266493,0.412877
2.35029,0.147049,0.330709,0.128358,0.412877
2.35054,-0.0414515,0.267717,-0.0435528,0.412877
2.35079,-0.245087,0.181102,-0.227612,0.412877
2.35104,-0.43518,0.0944882,-0.385927,0.412877
2.35129,-0.583471,0.023622,-0.512485,0.412877
2.35154,-0.668584,0,-0.56983,0.412877
2.35179,-0.679889,0,-0.573099,0.412877
2.35204,-0.61972,0.0472441,-0.501771,0.412877
2.35229,-0.502505,0.0944882,-0.39117,0.412877
2.35254,-0.351332,0.133858,-0.249318,0.412877
2.35279,-0.19253,0.141732,-0.121633,0.412877
2.35304,-0.0500456,0.110236,-0.0046247,0.412877
2.35329,0.0593235,0.023622,0.0763117,0.412877
2.35354,0.129614,-0.0787402,0.119381,0.412877
2.35379,0.165291,-0.212598,0.133605,0.412877
2.35404,0.17952,-0.338583,0.134874,0.412877
2.35429,0.189395,-0.425197,0.137046,0.412877
2.35454,0.211249,-0.464567,0.146475,0.412877
2.35479,0.255004,-0.440945,0.192967,0.412877
2.35504,0.321553,-0.346457,0.255183,0.412877
2.35529,0.401551,-0.220472,0.331891,0.412877
2.35554,0.477457,-0.0708661,0.395024,0.412877
2.35579,0.527532,0.0708661,0.446108,0.412877
2.35604,0.531559,0.181102,0.441271,0.412877
2.35629,0.475553,0.244094,0.388683,0.412877
2.35654,0.356566,0.259843,0.273809,0.412877
2.35679,0.183657,0.23622,0.114895,0.412877
2.35704,-0.0226941,0.181102,-0.0589771,0.412877
2.3573,-0.234851,0.11811,-0.243119,0.412877
2.35755,-0.422763,0.0787402,-0.40041,0.412877
2.3578,-0.560809,0.0708661,-0.501753,0.412877
2.35805,-0.63224,0.0944882,-0.537838,0.412877
2.3583,-0.632682,0.141732,-0.522208,0.412877
2.35855,-0.570192,0.212598,-0.442801,0.412877
2.3588,-0.463136,0.259843,-0.340564,0.412877
2.35905,-0.335538,0.283465,-0.215066,0.412877
2.3593,-0.211002,0.259843,-0.109154,0.412877
2.35955,-0.108223,0.181102,-0.0277869,0.412877
2.3598,-0.0362949,0.0551181,0.0186329,0.412877
2.36005,0.00598059,-0.0866142,0.0373813,0.412877
2.3603,0.029231,-0.251969,0.0397032,0.412877
2.36055,0.0493767,-0.385827,0.0528256,0.412877
2.3608,0.0832562,-0.472441,0.0662905,0.412877
2.36105,0.142583,-0.496063,0.114417,0.412877
2.3613,0.230749,-0.464567,0.192399,0.412877
2.36155,0.34053,-0.377953,0.28559,0.412877
2.3618,0.455437,-0.244094,0.373882,0.412877
2.36205,0.5527,-0.110236,0.454388,0.412877
2.3623,0.609037,0,0.498031,0.412877
2.36255,0.605695,0.0866142,0.477186,0.412877
2.3628,0.533405,0.125984,0.40279,0.412877
2.36305,0.395534,0.133858,0.268788,0.412877
2.3633,0.207275,0.110236,0.102551,0.412877
2.36355,-0.00605701,0.0787402,-0.0830548,0.412877
2.3638,-0.214936,0.0629921,-0.25741,0.412877
2.36405,-0.390633,0.0708661,-0.389095,0.412877
2.3643,-0.5118,0.11811,-0.478137,0.412877
2.36455,-0.567654,0.188976,-0.496929,0.412877
2.3648,-0.560174,0.275591,-0.461591,0.412877
2.36505,-0.502286,0.362205,-0.38089,0.412877
2.3653,-0.41464,0.409449,-0.283969,0.412877
2.36555,-0.319653,0.417323,-0.188313,0.412877
2.3658,-0.236664,0.354331,-0.112268,0.412877
2.36605,-0.177244,0.23622,-0.0722125,0.412877
2.3663,-0.142667,0.0866142,-0.0494927,0.412877
2.36655,-0.124612,-0.0866142,-0.0423308,0.412877
2.3668,-0.108149,-0.259843,-0.0463401,0.412877
2.36705,-0.0758425,-0.393701,-0.0273146,0.412877
2.3673,-0.0139084,-0.480315,0.0147858,0.412877
2.36755,0.0839971,-0.496063,0.0896922,0.412877
2.3678,0.21353,-0.456693,0.194861,0.412877
2.36805,0.360178,-0.370079,0.316413,0.412877
2.3683,0.501143,-0.267717,0.422303,0.412877
2.36855,0.611012,-0.15748,0.502569,0.412877
2.3688,0.666515,-0.0708661,0.522428,0.412877
2.36905,0.652435,-0.023622,0.489677,0.412877
2.3693,0.56535,-0.00787402,0.393477,0.412877
2.36955,0.414638,-0.015748,0.246722,0.412877
2.3698,0.221037,-0.0314961,0.0745546,0.412877
2.37005,0.0122763,-0.0314961,-0.107982,0.412877
2.3703,-0.182019,0,-0.260549,0.412877
2.37055,-0.337076,0.0551181,-0.366491,0.412877
2.3708,-0.436949,0.165354,-0.430636,0.412877
2.37105,-0.477813,0.283465,-0.425041,0.412877
2.3713,-0.467151,0.401575,-0.382509,0.412877
2.37155,-0.42174,0.496063,-0.315518,0.412877
2.3718,-0.361898,0.543307,-0.235216,0.412877
2.37205,-0.307035,0.519685,-0.179148,0.412877
2.3723,-0.270138,0.433071,-0.136931,0.412877
2.37255,-0.254693,0.291339,-0.119058,0.412877
2.3728,-0.254546,0.110236,-0.122546,0.412877
2.37305,-0.255302,-0.0708661,-0.136029,0.412877
2.3733,-0.23926,-0.23622,-0.124201,0.412877
2.37355,-0.189858,-0.370079,-0.0926905,0.412877
2.3738,-0.0978106,-0.440945,-0.0218239,0.412877
2.37405,0.0367338,-0.448819,0.0913579,0.412877
2.3743,0.201857,-0.417323,0.212701,0.412877
2.37455,0.376516,-0.346457,0.344529,0.412877
2.3748,0.533734,-0.267717,0.457124,0.412877
2.37505,0.647229,-0.212598,0.530672,0.412877
2.3753,0.69609,-0.173228,0.539632,0.412877
2.37555,0.670083,-0.15748,0.490366,0.412877
2.3758,0.571946,-0.165354,0.376035,0.412877
2.37605,0.416618,-0.181102,0.227828,0.412877
2.3763,0.228379,-0.181102,0.0471592,0.412877
2.37655,0.0359376,-0.141732,-0.109201,0.412877
2.3768,-0.134125,-0.0629921,-0.246334,0.412877
2.37705,-0.262042,0.0472441,-0.326952,0.412877
2.3773,-0.33898,0.19685,-0.36504,0.412877
2.37755,-0.367322,0.354331,-0.351739,0.412877
2.3778,-0.35982,0.496063,-0.311539,0.412877
2.37805,-0.334295,0.598425,-0.250286,0.412877
2.3783,-0.309679,0.629921,-0.208498,0.412877
2.37855,-0.299894,0.598425,-0.179047,0.412877
2.3788,-0.310439,0.496063,-0.169485,0.412877
2.37905,-0.336893,0.346457,-0.188638,0.412877
2.3793,-0.365879,0.165354,-0.209689,0.412877
2.37955,-0.378986,0,-0.216781,0.412877
2.3798,-0.357355,-0.15748,-0.191387,0.412877
2.38005,-0.28769,-0.267717,-0.138263,0.412877
2.3803,-0.165838,-0.322835,-0.03752,0.412877
2.38055,0.000463981,-0.338583,0.099807,0.412877
2.3808,0.192923,-0.314961,0.24686,0.412877
2.38105,0.384996,-0.283465,0.385404,0.412877
2.3813,0.548348,-0.259843,0.4934,0.412877
2.38155,0.657425,-0.251969,0.552224,0.412877
2.3818,0.695755,-0.267717,0.54957,0.412877
2.38206,0.658949,-0.307087,0.476588,0.412877
2.38231,0.555504,-0.346457,0.354904,0.412877
2.38256,0.404987,-0.377953,0.205618,0.412877
2.38281,0.23333,-0.362205,0.0379697,0.412877
2.38306,0.0676281,-0.299213,-0.101406,0.412877
2.38331,-0.0703892,-0.188976,-0.208071,0.412877
2.38356,-0.167472,-0.023622,-0.268692,0.412877
2.38381,-0.222038,0.15748,-0.295342,0.412877
2.38406,-0.242503,0.338583,-0.277787,0.412877
2.38431,-0.24457,0.503937,-0.244823,0.412877
2.38456,-0.246011,0.606299,-0.221434,0.412877
2.38481,-0.261799,0.629921,-0.204821,0.412877
2.38506,-0.29913,0.606299,-0.208928,0.412877
2.38531,-0.355468,0.519685,-0.237346,0.412877
2.38556,-0.418768,0.377953,-0.277978,0.412877
2.38581,-0.470062,0.228346,-0.306671,0.412877
2.38606,-0.488519,0.0866142,-0.304658,0.412877
2.38631,-0.45661,-0.023622,-0.266107,0.412877
2.38656,-0.365275,-0.102362,-0.178584,0.412877
2.38681,-0.217067,-0.141732,-0.045036,0.412877
2.38706,-0.0261562,-0.15748,0.110921,0.412877
2.38731,0.18302,-0.15748,0.279366,0.412877
2.38756,0.381686,-0.173228,0.434282,0.412877
2.38781,0.541064,-0.212598,0.535907,0.412877
2.38806,0.639365,-0.267717,0.582836,0.412877
2.38831,0.665404,-0.354331,0.557756,0.412877
2.38856,0.620996,-0.440945,0.472451,0.412877
2.38881,0.519845,-0.503937,0.345363,0.412877
2.38906,0.384191,-0.543307,0.199484,0.412877
2.38931,0.239721,-0.519685,0.0507646,0.412877
2.38956,0.109215,-0.433071,-0.0752233,0.412877
2.38981,0.0086638,-0.283465,-0.152839,0.412877
2.39006,-0.0566844,-0.102362,-0.20587,0.412877
2.39031,-0.0916966,0.0944882,-0.212005,0.412877
2.39056,-0.109979,0.299213,-0.212726,0.412877
2.39081,-0.128145,0.456693,-0.197315,0.412877
2.39106,-0.162078,0.559055,-0.202928,0.412877
2.39131,-0.220828,0.598425,-0.228395,0.412877
2.39156,-0.304225,0.574803,-0.272146,0.412877
2.39181,-0.401755,0.496063,-0.330541,0.412877
2.39206,-0.494763,0.393701,-0.381108,0.412877
2.39231,-0.56056,0.291339,-0.404432,0.412877
2.39256,-0.57781,0.19685,-0.389942,0.412877
2.39281,-0.532425,0.125984,-0.319356,0.412877
2.39306,-0.420681,0.0787402,-0.203587,0.412877
2.39331,-0.251799,0.0629921,-0.038526,0.412877
2.39356,-0.0460091,0.0314961,0.140369,0.412877
2.39381,0.16874,0,0.324996,0.412877
2.39406,0.362658,-0.0551181,0.465091,0.412877
2.39431,0.509511,-0.149606,0.563961,0.412877
2.39456,0.592579,-0.275591,0.585942,0.412877
2.39481,0.606858,-0.409449,0.551124,0.412877
2.39506,0.56004,-0.543307,0.46189,0.412877
2.39531,0.469656,-0.629921,0.335339,0.412877
2.39556,0.358751,-0.629921,0.199289,0.412877
2.39581,0.250258,-0.629921,0.0726113,0.412877
2.39606,0.161351,-0.543307,-0.0253022,0.412877
2.39631,0.100504,-0.377953,-0.0859735,0.412877
2.39656,0.065491,-0.181102,-0.120535,0.412877
2.39681,0.0449626,0.023622,-0.125246,0.412877
2.39706,0.0230251,0.212598,-0.132235,0.412877
2.39731,-0.0170964,0.370079,-0.156696,0.412877
2.39756,-0.0865891,0.464567,-0.189926,0.412877
2.39781,-0.188107,0.511811,-0.25247,0.412877
2.39806,-0.313392,0.503937,-0.328698,0.412877
2.39831,-0.44494,0.464567,-0.412519,0.412877
2.39856,-0.559015,0.401575,-0.467001,0.412877
2.39881,-0.631178,0.354331,-0.487993,0.412877
2.39906,-0.642166,0.314961,-0.458225,0.412877
2.39931,-0.582062,0.291339,-0.358312,0.412877
2.39956,-0.453712,0.291339,-0.212853,0.412877
2.39981,-0.272209,0.267717,-0.0267329,0.412877
2.40006,-0.0624337,0.244094,0.160129,0.412877
2.40031,0.146184,0.165354,0.343788,0.412877
2.40056,0.325016,0.0551181,0.475338,0.412877
2.40081,0.452731,-0.0866142,0.559489,0.412877
2.40106,0.518414,-0.267717,0.574991,0.412877
2.40131,0.523746,-0.456693,0.528944,0.412877
2.40156,0.481093,-0.614173,0.435425,0.412877
2.40181,0.410276,-0.629921,0.328998,0.412877
2.40206,0.332961,-0.629921,0.210844,0.412877
2.40231,0.267128,-0.629921,0.111553,0.412877
2.40256,0.223231,-0.622047,0.0467769,0.412877
2.40281,0.201444,-0.464567,0.00462574,0.412877
2.40306,0.1926,-0.267717,-0.0172151,0.412877
2.40331,0.180963,-0.0708661,-0.0281599,0.412877
2.40356,0.149212,0.0944882,-0.0510729,0.412877
2.40381,0.0832127,0.23622,-0.105158,0.412877
2.40406,-0.0225708,0.322835,-0.178662,0.412877
2.40431,-0.163463,0.370079,-0.284125,0.412877
2.40456,-0.323755,0.393701,-0.388243,0.412877
2.40481,-0.480147,0.393701,-0.492209,0.412877
2.40506,-0.605845,0.393701,-0.552028,0.412877
2.40531,-0.677175,0.417323,-0.562128,0.412877
2.40556,-0.678135,0.433071,-0.514976,0.412877
2.40581,-0.604592,0.472441,-0.392316,0.412877
2.40606,-0.465546,0.496063,-0.232743,0.412877
2.40631,-0.2813,0.488189,-0.0398153,0.412877
2.40656,-0.0789803,0.433071,0.166272,0.412877
2.40682,0.112116,0.330709,0.339931,0.412877
2.40707,0.267556,0.173228,0.457487,0.412877
2.40732,0.371548,-0.023622,0.532809,0.412877
2.40757,0.420334,-0.244094,0.534736,0.412877
2.40782,0.421129,-0.456693,0.495004,0.412877
2.40807,0.390119,-0.629921,0.418848,0.412877
2.40832,0.347075,-0.629921,0.328664,0.412877
2.40857,0.310114,-0.629921,0.249833,0.412877
2.40882,0.291091,-0.629921,0.182672,0.412877
2.40907,0.292354,-0.629921,0.138053,0.412877
2.40932,0.306397,-0.511811,0.114339,0.412877
2.40957,0.318095,-0.338583,0.0983963,0.412877
2.40982,0.309019,-0.173228,0.0680888,0.412877
2.41007,0.262363,-0.023622,0.019848,0.412877
2.41032,0.168723,0.0787402,-0.0675822,0.412877
2.41057,0.0287056,0.165354,-0.187072,0.412877
2.41082,-0.14527,0.220472,-0.322866,0.412877
2.41107,-0.331508,0.267717,-0.458377,0.412877
2.41132,-0.502378,0.307087,-0.560372,0.412877
2.41157,-0.630646,0.362205,-0.622093,0.412877
2.41182,-0.694962,0.433071,-0.619483,0.412877
2.41207,-0.684404,0.503937,-0.553787,0.412877
2.41232,-0.600991,0.566929,-0.41314,0.412877
2.41257,-0.459211,0.606299,-0.232856,0.412877
2.41282,-0.282721,0.590551,-0.0417503,0.412877
2.41307,-0.0993156,0.527559,0.149879,0.412877
2.41332,0.064664,0.401575,0.309331,0.412877
2.41357,0.19034,0.220472,0.419443,0.412877
2.41382,0.268871,0.00787402,0.466623,0.412877
2.41407,0.303208,-0.212598,0.46643,0.412877
2.41432,0.305394,-0.417323,0.431377,0.412877
2.41457,0.293421,-0.582677,0.370324,0.412877
2.41482,0.284811,-0.629921,0.312722,0.412877
2.41507,0.292732,-0.629921,0.261931,0.412877
2.41532,0.321412,-0.629921,0.237502,0.412877
2.41557,0.365049,-0.582677,0.223429,0.412877
2.41582,0.409386,-0.456693,0.216377,0.412877
2.41607,0.434809,-0.330709,0.206226,0.412877
2.41632,0.422127,-0.212598,0.166232,0.412877
2.41657,0.357438,-0.110236,0.0813773,0.412877
2.41682,0.236577,-0.0393701,-0.0269803,0.412877
2.41707,0.0675183,0.015748,-0.176497,0.412877
2.41732,-0.131108,0.0629921,-0.334108,0.412877
2.41757,-0.332379,0.125984,-0.482673,0.412877
2.41782,-0.507182,0.204724,-0.589586,0.412877
2.41807,-0.629692,0.291339,-0.638064,0.412877
2.41832,-0.682827,0.401575,-0.623085,0.412877
2.41857,-0.661532,0.511811,-0.541797,0.412877
2.41882,-0.573871,0.606299,-0.405204,0.412877
2.41907,-0.438494,0.629921,-0.237107,0.412877
2.41932,-0.280632,0.629921,-0.0572493,0.412877
2.41957,-0.126472,0.566929,0.105027,0.412877
2.41982,0.00289765,0.425197,0.240408,0.412877
2.42007,0.095099,0.23622,0.315344,0.412877
2.42032,0.149001,0.023622,0.349393,0.412877
2.42057,0.173144,-0.181102,0.344451,0.412877
2.42082,0.183409,-0.370079,0.32067,0.412877
2.42107,0.196788,-0.503937,0.291321,0.412877
2.42132,0.22757,-0.582677,0.279941,0.412877
2.42157,0.281879,-0.606299,0.278772,0.412877
2.42182,0.356097,-0.566929,0.291686,0.412877
2.42207,0.436746,-0.496063,0.317505,0.412877
2.42232,0.504007,-0.409449,0.336584,0.412877
2.42257,0.536052,-0.322835,0.319148,0.412877
2.42282,0.51467,-0.259843,0.274017,0.412877
2.42307,0.430581,-0.19685,0.170591,0.412877
2.42332,0.28588,-0.15748,0.0252228,0.412877
2.42357,0.0951846,-0.11811,-0.146484,0.412877
2.42382,-0.117487,-0.0629921,-0.316034,0.412877
2.42407,-0.322363,0.00787402,-0.479687,0.326632
2.42432,-0.491102,0.11811,-0.583612,0.326632
2.42457,-0.601095,0.251969,-0.632662,0.326632
2.42482,-0.640999,0.385827,-0.616767,0.326632
2.42507,-0.612015,0.519685,-0.527601,0.326632
2.42532,-0.527162,0.622047,-0.400129,0.326632
2.42557,-0.407923,0.629921,-0.243753,0.326632
2.42582,-0.27887,0.629921,-0.0950727,0.326632
2.42607,-0.162207,0.574803,0.0431224,0.326632
2.42632,-0.0725445,0.425197,0.135147,0.326632
2.42657,-0.0144327,0.244094,0.194186,0.326632
2.42682,0.0176199,0.0393701,0.219477,0.326632
2.42707,0.037413,-0.141732,0.217446,0.326632
2.42732,0.0617729,-0.299213,0.215426,0.326632
2.42757,0.10587,-0.409449,0.227157,0.326632
2.42782,0.178078,-0.464567,0.255211,0.326632
2.42807,0.27732,-0.480315,0.304789,0.326632
2.42832,0.39179,-0.456693,0.360741,0.326632
2.42857,0.501925,-0.409449,0.41234,0.326632
2.42882,0.58394,-0.362205,0.44436,0.326632
2.42907,0.61575,-0.322835,0.429068,0.326632
2.42932,0.582439,-0.299213,0.362798,0.326632
2.42957,0.480026,-0.283465,0.236365,0.326632
2.42982,0.317383,-0.267717,0.0730486,0.326632
2.43007,0.114504,-0.228346,-0.110446,0.326632
2.43032,-0.10045,-0.173228,-0.296182,0.326632
2.43057,-0.297978,-0.0629921,-0.458049,0.326632
2.43082,-0.451677,0.0629921,-0.557056,0.326632
2.43107,-0.544651,0.212598,-0.596444,0.326632
2.43132,-0.571637,0.370079,-0.581829,0.326632
2.43158,-0.539797,0.519685,-0.493985,0.326632
2.43183,-0.465961,0.614173,-0.381115,0.326632
2.43208,-0.372314,0.629921,-0.249545,0.326632
2.43233,-0.280667,0.629921,-0.135294,0.326632
2.43258,-0.20722,0.543307,-0.032726,0.326632
2.43283,-0.159211,0.401575,0.0283985,0.326632
2.43308,-0.133418,0.228346,0.0653962,0.326632
2.43333,-0.118237,0.0551181,0.0853813,0.326632
2.43358,-0.096677,-0.0944882,0.0948832,0.326632
2.43383,-0.0527538,-0.220472,0.12522,0.326632
2.43408,0.0249084,-0.299213,0.169298,0.326632
2.43433,0.137891,-0.338583,0.244001,0.326632
2.43458,0.277326,-0.346457,0.330139,0.326632
2.43483,0.424546,-0.338583,0.425838,0.326632
2.43508,0.555011,-0.322835,0.503971,0.326632
2.43533,0.643361,-0.322835,0.529432,0.326632
2.43558,0.66935,-0.330709,0.511154,0.326632
2.43583,0.622767,-0.346457,0.428211,0.326632
2.43608,0.505658,-0.362205,0.287605,0.326632
2.43633,0.332935,-0.362205,0.105951,0.326632
2.43658,0.129127,-0.322835,-0.0881388,0.326632
2.43683,-0.0768086,-0.244094,-0.263647,0.326632
2.43708,-0.256395,-0.125984,-0.419359,0.326632
2.43733,-0.38845,0.023622,-0.506317,0.326632
2.43758,-0.461996,0.19685,-0.543766,0.326632
2.43783,-0.478676,0.362205,-0.518053,0.326632
2.43808,-0.450225,0.496063,-0.445144,0.326632
2.43833,-0.395828,0.590551,-0.353201,0.326632
2.43858,-0.336102,0.614173,-0.25522,0.326632
2.43883,-0.288098,0.574803,-0.178702,0.326632
2.43908,-0.260857,0.488189,-0.122829,0.326632
2.43933,-0.253481,0.354331,-0.0887447,0.326632
2.43958,-0.255875,0.212598,-0.0719451,0.326632
2.43983,-0.251316,0.0629921,-0.0493571,0.326632
2.44008,-0.222367,-0.0472441,-0.0236949,0.326632
2.44033,-0.154775,-0.133858,0.0358533,0.326632
2.44058,-0.0432804,-0.188976,0.118656,0.326632
2.44083,0.106834,-0.212598,0.226539,0.326632
2.44108,0.279173,-0.220472,0.354803,0.326632
2.44133,0.449632,-0.228346,0.467528,0.326632
2.44158,0.590657,-0.244094,0.560214,0.326632
2.44183,0.67761,-0.275591,0.586792,0.326632
2.44208,0.694009,-0.314961,0.560419,0.326632
2.44233,0.635058,-0.362205,0.46068,0.326632
2.44258,0.509152,-0.393701,0.312848,0.326632
2.44283,0.335869,-0.393701,0.137181,0.326632
2.44308,0.142368,-0.346457,-0.047662,0.326632
2.44333,-0.0432834,-0.267717,-0.219726,0.326632
2.44358,-0.196557,-0.141732,-0.351322,0.326632
2.44383,-0.302442,0.00787402,-0.426037,0.326632
2.44408,-0.356954,0.165354,-0.441021,0.326632
2.44433,-0.36752,0.314961,-0.413762,0.326632
2.44458,-0.34956,0.425197,-0.361047,0.326632
2.44483,-0.32234,0.488189,-0.301574,0.326632
2.44508,-0.302991,0.496063,-0.245524,0.326632
2.44533,-0.302078,0.448819,-0.212625,0.326632
2.44558,-0.320789,0.362205,-0.203841,0.326632
2.44583,-0.350397,0.251969,-0.207495,0.326632
2.44608,-0.374735,0.141732,-0.206151,0.326632
2.44633,-0.374585,0.0472441,-0.197205,0.326632
2.44658,-0.333027,-0.023622,-0.154479,0.326632
2.44683,-0.240238,-0.0551181,-0.0689083,0.326632
2.44708,-0.0971235,-0.0787402,0.0507678,0.326632
2.44733,0.0834921,-0.0866142,0.195572,0.326632
2.44758,0.279377,-0.102362,0.345793,0.326632
2.44783,0.462273,-0.125984,0.483067,0.326632
2.44808,0.604407,-0.15748,0.57361,0.326632
2.44833,0.683607,-0.220472,0.60502,0.326632
2.44858,0.688556,-0.275591,0.579882,0.326632
2.44883,0.620566,-0.338583,0.485652,0.326632
2.44908,0.493413,-0.377953,0.347417,0.326632
2.44933,0.330307,-0.377953,0.17654,0.326632
2.44958,0.158051,-0.330709,0.0104301,0.326632
2.44983,0.00232815,-0.244094,-0.131564,0.326632
2.45008,-0.118614,-0.110236,-0.23312,0.326632
2.45033,-0.196489,0.023622,-0.287568,0.326632
2.45058,-0.234462,0.165354,-0.303802,0.326632
2.45083,-0.244532,0.283465,-0.29589,0.326632
2.45108,-0.244229,0.362205,-0.266252,0.326632
2.45133,-0.250574,0.401575,-0.250353,0.326632
2.45158,-0.275516,0.377953,-0.248555,0.326632
2.45183,-0.322156,0.322835,-0.26743,0.326632
2.45208,-0.383581,0.23622,-0.30179,0.326632
2.45233,-0.444095,0.15748,-0.32914,0.326632
2.45258,-0.48338,0.0708661,-0.355686,0.326632
2.45283,-0.481403,0.015748,-0.335465,0.326632
2.45308,-0.423728,-0.00787402,-0.278402,0.326632
2.45333,-0.306312,-0.015748,-0.166793,0.326632
2.45358,-0.136819,-0.00787402,-0.0239298,0.326632
2.45383,0.0655103,-0.015748,0.152029,0.326632
2.45408,0.27386,-0.023622,0.323519,0.326632
2.45433,0.458368,-0.0551181,0.470632,0.326632
2.45458,0.592937,-0.11811,0.571045,0.326632
2.45483,0.659941,-0.188976,0.600284,0.326632
2.45508,0.653925,-0.259843,0.563834,0.326632
2.45533,0.58215,-0.314961,0.47597,0.326632
2.45558,0.462785,-0.338583,0.352535,0.326632
2.45583,0.320086,-0.330709,0.200746,0.326632
2.45608,0.179192,-0.275591,0.064187,0.326632
2.45634,0.0605946,-0.173228,-0.0422007,0.326632
2.45659,-0.0244193,-0.0472441,-0.112614,0.326632
2.45684,-0.0752634,0.0708661,-0.147771,0.326632
2.45709,-0.100831,0.188976,-0.161212,0.326632
2.45734,-0.116927,0.267717,-0.162477,0.326632
2.45759,-0.140439,0.307087,-0.171582,0.326632
2.45784,-0.184711,0.307087,-0.18421,0.326632
2.45809,-0.254964,0.267717,-0.236422,0.326632
2.45834,-0.346488,0.19685,-0.296502,0.326632
2.45859,-0.444699,0.125984,-0.36989,0.326632
2.45884,-0.528444,0.0629921,-0.431938,0.326632
2.45909,-0.575214,0.015748,-0.461073,0.326632
2.45934,-0.566028,0,-0.439791,0.326632
2.45959,-0.491091,-0.00787402,-0.369312,0.326632
2.45984,-0.352288,0,-0.241797,0.326632
2.46009,-0.164086,0.015748,-0.0724412,0.326632
2.46034,0.049458,0.015748,0.118056,0.326632
2.46059,0.258555,0,0.29017,0.326632
2.46084,0.434461,-0.0393701,0.432905,0.326632
2.46109,0.554571,-0.102362,0.524239,0.326632
2.46134,0.607154,-0.173228,0.545489,0.326632
2.46159,0.592839,-0.244094,0.51221,0.326632
2.46184,0.524286,-0.283465,0.439905,0.326632
2.46209,0.4219,-0.291339,0.332307,0.326632
2.46234,0.309407,-0.259843,0.219649,0.326632
2.46259,0.207903,-0.181102,0.12525,0.326632
2.46284,0.130931,-0.0787402,0.0514093,0.326632
2.46309,0.0823182,0.023622,0.013388,0.326632
2.46334,0.0554469,0.133858,0.00223359,0.326632
2.46359,0.036556,0.212598,-0.00469823,0.326632
2.46384,0.00836107,0.259843,-0.023248,0.326632
2.46409,-0.0437555,0.259843,-0.0631996,0.326632
2.46434,-0.127734,0.228346,-0.125038,0.326632
2.46459,-0.241313,0.173228,-0.217506,0.326632
2.46484,-0.372043,0.102362,-0.322851,0.326632
2.46509,-0.498849,0.0393701,-0.427393,0.326632
2.46534,-0.597317,-0.00787402,-0.50923,0.326632
2.46559,-0.644444,-0.023622,-0.547994,0.326632
2.46584,-0.624516,-0.023622,-0.526369,0.326632
2.46609,-0.533251,-0.00787402,-0.431926,0.326632
2.46634,-0.378843,0.00787402,-0.294232,0.326632
2.46659,-0.181404,0.015748,-0.124727,0.326632
2.46684,0.0315216,0.00787402,0.0687956,0.326632
2.46709,0.230188,-0.015748,0.239382,0.326632
2.46734,0.38853,-0.0629921,0.36941,0.326632
2.46759,0.489529,-0.133858,0.448904,0.326632
2.46784,0.527636,-0.19685,0.469537,0.326632
2.46809,0.50983,-0.244094,0.438733,0.326632
2.46834,0.452073,-0.259843,0.376602,0.326632
2.46859,0.375776,-0.23622,0.297542,0.326632
2.46884,0.301661,-0.165354,0.226723,0.326632
2.46909,0.244808,-0.0787402,0.178022,0.326632
2.46934,0.211242,0.023622,0.156502,0.326632
2.46959,0.196766,0.125984,0.145267,0.326632
2.46984,0.188954,0.212598,0.148984,0.326632
2.47009,0.170448,0.259843,0.146255,0.326632
2.47034,0.124895,0.267717,0.108522,0.326632
2.47059,0.0414231,0.23622,0.0477874,0.326632
2.47084,-0.0810754,0.181102,-0.0635021,0.326632
2.47109,-0.233059,0.110236,-0.187848,0.326632
2.47134,-0.394726,0.0393701,-0.328286,0.326632
2.47159,-0.540893,-0.00787402,-0.457366,0.326632
2.47184,-0.645238,-0.0472441,-0.551047,0.326632
2.47209,-0.686823,-0.0472441,-0.587562,0.326632
2.47234,-0.654675,-0.0393701,-0.564827,0.326632
2.47259,-0.550393,-0.015748,-0.469379,0.326632
2.47284,-0.388338,0,-0.328415,0.326632
2.47309,-0.192398,0,-0.158543,0.326632
2.47334,0.0082736,-0.015748,0.0160149,0.326632
2.47359,0.18632,-0.0629921,0.161462,0.326632
2.47384,0.320268,-0.125984,0.278583,0.326632
2.47409,0.399734,-0.181102,0.33648,0.326632
2.47434,0.425753,-0.228346,0.348706,0.326632
2.47459,0.41033,-0.251969,0.326015,0.326632
2.47484,0.371454,-0.23622,0.294676,0.326632
2.47509,0.32911,-0.181102,0.25135,0.326632
2.47534,0.299126,-0.0944882,0.230126,0.326632
2.47559,0.289333,0,0.227316,0.326632
2.47584,0.297724,0.110236,0.247814,0.326632
2.47609,0.312917,0.19685,0.277915,0.326632
2.47634,0.31779,0.259843,0.285148,0.326632
2.47659,0.293848,0.275591,0.284762,0.326632
2.47684,0.22706,0.259843,0.227937,0.326632
2.47709,0.112236,0.212598,0.128503,0.326632
2.47734,-0.044984,0.141732,-0.00499231,0.326632
2.47759,-0.227396,0.0708661,-0.161485,0.326632
2.47784,-0.410404,0,-0.328906,0.326632
2.47809,-0.565643,-0.0314961,-0.467909,0.326632
2.47834,-0.667851,-0.0393701,-0.566261,0.326632
2.47859,-0.699729,-0.0393701,-0.607408,0.326632
2.47884,-0.656021,-0.023622,-0.569218,0.326632
2.47909,-0.544436,-0.00787402,-0.480601,0.326632
2.47934,-0.383962,-0.00787402,-0.341265,0.326632
2.47959,-0.201004,-0.023622,-0.189316,0.326632
2.47984,-0.0232782,-0.0629921,-0.0335759,0.326632
2.48009,0.125555,-0.125984,0.0855682,0.326632
2.48034,0.230863,-0.188976,0.170077,0.326632
2.48059,0.288856,-0.244094,0.21123,0.326632
2.48084,0.307196,-0.267717,0.230543,0.326632
2.4811,0.300745,-0.267717,0.218062,0.326632
2.48135,0.288223,-0.212598,0.212201,0.326632
2.4816,0.285767,-0.133858,0.215965,0.326632
2.48185,0.302919,-0.0314961,0.232922,0.326632
2.4821,0.339506,0.0787402,0.285459,0.326632
2.48235,0.385659,0.181102,0.334884,0.326632
2.4826,0.424213,0.259843,0.382844,0.326632
2.48285,0.434876,0.291339,0.412489,0.326632
2.4831,0.400476,0.291339,0.391494,0.326632
2.48335,0.310774,0.251969,0.322295,0.326632
2.4836,0.167044,0.181102,0.200635,0.326632
2.48385,-0.0179515,0.11811,0.0373402,0.326632
2.4841,-0.221245,0.0551181,-0.146694,0.326632
2.48435,-0.414472,0,-0.315833,0.326632
2.4846,-0.568965,-0.015748,-0.460368,0.326632
2.48485,-0.662324,-0.023622,-0.549488,0.326632
2.4851,-0.682437,-0.015748,-0.57827,0.326632
2.48535,-0.630149,-0.00787402,-0.547889,0.326632
2.4856,-0.518574,-0.00787402,-0.452907,0.326632
2.48585,-0.369951,-0.023622,-0.333104,0.326632
2.4861,-0.210786,-0.0787402,-0.204545,0.326632
2.48635,-0.0653232,-0.133858,-0.0881756,0.326632
2.4866,0.0484755,-0.204724,-0.00363357,0.326632
2.48685,0.123221,-0.267717,0.055153,0.326632
2.4871,0.162543,-0.307087,0.0779949,0.326632
2.48735,0.178328,-0.307087,0.0891874,0.326632
2.4876,0.187903,-0.275591,0.0940302,0.326632
2.48785,0.207595,-0.19685,0.122225,0.326632
2.4881,0.248599,-0.0866142,0.168046,0.326632
2.48835,0.312726,0.023622,0.233978,0.326632
2.4886,0.39194,0.141732,0.32162,0.326632
2.48885,0.469446,0.23622,0.41001,0.326632
2.4891,0.523656,0.291339,0.477536,0.326632
2.48935,0.534005,0.314961,0.503931,0.326632
2.4896,0.485454,0.299213,0.48632,0.326632
2.48985,0.373657,0.244094,0.399128,0.326632
2.4901,0.206152,0.181102,0.251316,0.326632
2.49035,0.00247497,0.11811,0.0811865,0.326632
2.4906,-0.210578,0.0708661,-0.110875,0.326632
2.49085,-0.402801,0.0393701,-0.284315,0.326632
2.4911,-0.547835,0.015748,-0.420971,0.326632
2.49135,-0.627558,0.015748,-0.499769,0.326632
2.4916,-0.636175,0.015748,-0.521744,0.326632
2.49185,-0.580297,0.00787402,-0.491149,0.326632
2.4921,-0.477303,-0.015748,-0.415095,0.326632
2.49235,-0.350839,-0.0629921,-0.316825,0.326632
2.4926,-0.224813,-0.133858,-0.227464,0.326632
2.49285,-0.118792,-0.220472,-0.155547,0.326632
2.4931,-0.0430808,-0.299213,-0.0967748,0.326632
2.49335,0.00228932,-0.346457,-0.0806097,0.326632
2.4936,0.0270172,-0.370079,-0.0683252,0.326632
2.49385,0.046611,-0.346457,-0.0567419,0.326632
2.4941,0.0781311,-0.283465,-0.0318274,0.326632
2.49435,0.134087,-0.173228,0.0315011,0.326632
2.4946,0.219022,-0.0551181,0.113838,0.326632
2.49485,0.326943,0.0708661,0.232114,0.326632
2.4951,0.442349,0.181102,0.356569,0.326632
2.49535,0.543019,0.267717,0.46813,0.326632
2.4956,0.605203,0.307087,0.552598,0.326632
2.49585,0.609586,0.314961,0.579866,0.326632
2.4961,0.545494,0.291339,0.54279,0.326632
2.49635,0.414719,0.251969,0.445463,0.326632
2.4966,0.2314,0.19685,0.293107,0.326632
2.49685,0.0194091,0.149606,0.119033,0.326632
2.4971,-0.191449,0.11811,-0.0697283,0.326632
2.49735,-0.37246,0.0944882,-0.237999,0.326632
2.4976,-0.500748,0.0866142,-0.356413,0.326632
2.49785,-0.564528,0.0787402,-0.422947,0.326632
2.4981,-0.563974,0.0629921,-0.439282,0.326632
2.49835,-0.5111,0.023622,-0.410081,0.326632
2.4986,-0.425785,-0.023622,-0.355286,0.326632
2.49885,-0.330529,-0.11811,-0.297108,0.326632
2.4991,-0.245397,-0.212598,-0.242956,0.326632
2.49935,-0.182869,-0.307087,-0.214767,0.326632
2.4996,-0.14562,-0.385827,-0.199951,0.326632
2.49985,-0.1263,-0.433071,-0.206074,0.326632
2.5001,-0.110563,-0.433071,-0.210878,0.326632
2.50035,-0.080945,-0.385827,-0.193507,0.326632
2.5006,-0.023051,-0.291339,-0.140003,0.326632
2.50085,0.0706601,-0.165354,-0.0540077,0.326632
2.5011,0.197024,-0.0314961,0.0716219,0.326632
2.50135,0.342719,0.0866142,0.216148,0.326632
2.5016,0.485751,0.19685,0.37124,0.326632
2.50185,0.600502,0.267717,0.502465,0.326632
2.5021,0.663388,0.307087,0.594658,0.326632
2.50235,0.657929,0.314961,0.623462,0.326632
2.5026,0.579201,0.283465,0.579452,0.326632
2.50285,0.435093,0.259843,0.474383,0.326632
2.5031,0.245189,0.220472,0.317698,0.326632
2.50335,0.0366455,0.19685,0.149077,0.326632
2.5036,-0.160776,0.188976,-0.0206353,0.326632
2.50385,-0.321494,0.188976,-0.166105,0.326632
2.5041,-0.428306,0.181102,-0.268038,0.326632
2.50435,-0.475942,0.15748,-0.319665,0.326632
2.5046,-0.47061,0.11811,-0.326955,0.326632
2.50485,-0.428266,0.0551181,-0.317618,0.326632
2.5051,-0.369024,-0.0393701,-0.287098,0.326632
2.50535,-0.312738,-0.149606,-0.267178,0.326632
2.5056,-0.273333,-0.267717,-0.262126,0.326632
2.50586,-0.255551,-0.370079,-0.279224,0.326632
2.50611,-0.254169,-0.448819,-0.30596,0.326632
2.50636,-0.255711,-0.472441,-0.332104,0.326632
2.50661,-0.242584,-0.448819,-0.34688,0.326632
2.50686,-0.197932,-0.377953,-0.317162,0.326632
2.50711,-0.110952,-0.267717,-0.248159,0.326632
2.50736,0.0188815,-0.141732,-0.119617,0.326632
2.50761,0.181445,0,0.0358265,0.326632
2.50786,0.356241,0.102362,0.212572,0.326632
2.50811,0.517003,0.19685,0.389943,0.326632
2.50836,0.636877,0.251969,0.530615,0.326632
2.50861,0.694136,0.275591,0.608599,0.326632
2.50886,0.677097,0.275591,0.63662,0.326632
2.50911,0.586866,0.259843,0.583608,0.326632
2.50936,0.437142,0.23622,0.481983,0.326632
2.50961,0.251313,0.220472,0.342629,0.326632
2.50986,0.057897,0.212598,0.18645,0.326632
2.51011,-0.116008,0.212598,0.0365101,0.326632
2.51036,-0.249579,0.220472,-0.0812656,0.326632
2.51061,-0.332618,0.204724,-0.160712,0.326632
2.51086,-0.366183,0.173228,-0.201556,0.326632
2.51111,-0.361947,0.110236,-0.218367,0.326632
2.51136,-0.337605,0.015748,-0.221222,0.326632
2.51161,-0.312022,-0.0944882,-0.23375,0.326632
2.51186,-0.300004,-0.212598,-0.256887,0.326632
2.51211,-0.308229,-0.330709,-0.301912,0.326632
2.51236,-0.33331,-0.425197,-0.356293,0.326632
2.51261,-0.362893,-0.472441,-0.426266,0.326632
2.51286,-0.378892,-0.472441,-0.469637,0.326632
2.51311,-0.362188,-0.425197,-0.474828,0.326632
2.51336,-0.298605,-0.330709,-0.434121,0.326632
2.51361,-0.182731,-0.220472,-0.329478,0.326632
2.51386,-0.0209108,-0.0787402,-0.181904,0.326632
2.51411,0.169734,0.0314961,0.00913201,0.326632
2.51436,0.363322,0.133858,0.210154,0.326632
2.51461,0.531511,0.204724,0.398627,0.326632
2.51486,0.648039,0.251969,0.539909,0.326632
2.51511,0.695187,0.267717,0.625215,0.326632
2.51536,0.667024,0.267717,0.6431,0.326632
2.51561,0.570588,0.251969,0.592683,0.326632
2.51586,0.424339,0.251969,0.488598,0.326632
2.51611,0.253726,0.251969,0.361971,0.326632
2.51636,0.0859968,0.259843,0.226586,0.326632
2.51661,-0.0561289,0.267717,0.109676,0.326632
2.51686,-0.158336,0.251969,0.0253093,0.326632
2.51711,-0.21754,0.228346,-0.0394543,0.326632
2.51736,-0.241324,0.165354,-0.0737904,0.326632
2.51761,-0.244622,0.0787402,-0.103479,0.326632
2.51786,-0.245343,-0.0314961,-0.13088,0.326632
2.51811,-0.258836,-0.173228,-0.186127,0.326632
2.51836,-0.293601,-0.299213,-0.252476,0.326632
2.51861,-0.348159,-0.409449,-0.35162,0.326632
2.51886,-0.411521,-0.480315,-0.447028,0.326632
2.51911,-0.465377,-0.503937,-0.533817,0.326632
2.51936,-0.488669,-0.480315,-0.58843,0.326632
2.51961,-0.463353,-0.409449,-0.588615,0.326632
2.51986,-0.379126,-0.299213,-0.529524,0.326632
2.52011,-0.237104,-0.173228,-0.401505,0.326632
2.52036,-0.0501108,-0.0472441,-0.224481,0.326632
2.52061,0.158356,0.0629921,-0.0176555,0.326632
2.52086,0.359832,0.149606,0.197369,0.326632
2.52111,0.525138,0.204724,0.385047,0.326632
2.52136,0.631455,0.23622,0.529098,0.326632
2.52161,0.666119,0.259843,0.606844,0.326632
2.52186,0.629541,0.267717,0.619167,0.326632
2.52211,0.534032,0.275591,0.567673,0.326632
2.52236,0.401119,0.291339,0.485526,0.326632
2.52261,0.256332,0.307087,0.387277,0.326632
2.52286,0.123232,0.322835,0.287749,0.326632
2.52311,0.0186631,0.330709,0.198804,0.326632
2.52336,-0.0507745,0.299213,0.142381,0.326632
2.52361,-0.0887822,0.251969,0.0967185,0.326632
2.52386,-0.108201,0.15748,0.0633777,0.326632
2.52411,-0.125467,0.0393701,0.0187368,0.339137
2.52436,-0.156912,-0.0944882,-0.0489327,0.339137
2.52461,-0.212535,-0.244094,-0.138287,0.339137
2.52486,-0.293385,-0.377953,-0.253087,0.339137
2.52511,-0.390082,-0.480315,-0.393933,0.339137
2.52536,-0.48477,-0.535433,-0.526207,0.339137
2.52561,-0.554951,-0.535433,-0.626911,0.339137
2.52586,-0.578823,-0.488189,-0.690326,0.339137
2.52611,-0.541247,-0.401575,-0.681571,0.339137
2.52636,-0.437081,-0.283465,-0.602844,0.339137
2.52661,-0.274077,-0.15748,-0.455279,0.339137
2.52686,-0.071308,-0.0393701,-0.260798,0.339137
2.52711,0.14398,0.0551181,-0.0506058,0.339137
2.52736,0.341733,0.133858,0.161978,0.339137
2.52761,0.495319,0.188976,0.343045,0.339137
2.52786,0.586314,0.23622,0.477695,0.339137
2.52811,0.608613,0.259843,0.550538,0.339137
2.52836,0.568213,0.291339,0.564769,0.339137
2.52861,0.481836,0.330709,0.525773,0.339137
2.52886,0.372132,0.362205,0.474375,0.339137
2.52911,0.262279,0.393701,0.406565,0.339137
2.52936,0.170498,0.409449,0.344979,0.339137
2.52961,0.106181,0.401575,0.305135,0.339137
2.52986,0.0685535,0.354331,0.277065,0.339137
2.53011,0.0470843,0.267717,0.2445,0.339137
2.53036,0.0262386,0.149606,0.211308,0.339137
2.53062,-0.0110201,0,0.151217,0.339137
2.53087,-0.0767085,-0.165354,0.0479394,0.339137
2.53112,-0.174679,-0.322835,-0.0815933,0.339137
2.53137,-0.297903,-0.456693,-0.252669,0.339137
2.53162,-0.429871,-0.543307,-0.419359,0.339137
2.53187,-0.5473,-0.582677,-0.581572,0.339137
2.53212,-0.625614,-0.574803,-0.702591,0.339137
2.53237,-0.644473,-0.511811,-0.767652,0.339137
2.53262,-0.592846,-0.409449,-0.756879,0.339137
2.53287,-0.471978,-0.291339,-0.667844,0.339137
2.53312,-0.295501,-0.173228,-0.509787,0.339137
2.53337,-0.0876495,-0.0629921,-0.30638,0.339137
2.53362,0.122673,0.023622,-0.0915726,0.339137
2.53387,0.306296,0.102362,0.11144,0.339137
2.53412,0.440838,0.165354,0.275055,0.339137
2.53437,0.51397,0.220472,0.393075,0.339137
2.53462,0.525955,0.275591,0.461048,0.339137
2.53487,0.488011,0.338583,0.486874,0.339137
2.53512,0.419373,0.401575,0.475698,0.339137
2.53537,0.341768,0.464567,0.454868,0.339137
2.53562,0.273849,0.503937,0.433652,0.339137
2.53587,0.22715,0.511811,0.417603,0.339137
2.53612,0.203061,0.488189,0.414556,0.339137
2.53637,0.193419,0.409449,0.416939,0.339137
2.53662,0.183029,0.291339,0.408363,0.339137
2.53687,0.154497,0.125984,0.359383,0.339137
2.53712,0.0931301,-0.0551181,0.280822,0.339137
2.53737,-0.00812341,-0.244094,0.145072,0.339137
2.53762,-0.145392,-0.401575,-0.0327157,0.339137
2.53787,-0.304583,-0.535433,-0.243574,0.339137
2.53812,-0.46276,-0.614173,-0.446239,0.339137
2.53837,-0.593533,-0.629921,-0.63374,0.339137
2.53862,-0.672223,-0.590551,-0.76612,0.339137
2.53887,-0.681926,-0.519685,-0.825273,0.339137
2.53912,-0.616996,-0.401575,-0.811104,0.339137
2.53937,-0.484747,-0.283465,-0.707959,0.339137
2.53962,-0.3045,-0.165354,-0.553129,0.339137
2.53987,-0.102753,-0.0551181,-0.36066,0.339137
2.54012,0.0910699,0.023622,-0.162942,0.339137
2.54037,0.251744,0.102362,0.0271518,0.339137
2.54062,0.36222,0.173228,0.182348,0.339137
2.54087,0.417341,0.244094,0.288715,0.339137
2.54112,0.42307,0.314961,0.367107,0.339137
2.54137,0.394807,0.385827,0.407016,0.339137
2.54162,0.352152,0.456693,0.431942,0.339137
2.54187,0.313689,0.527559,0.450003,0.339137
2.54212,0.292224,0.559055,0.483116,0.339137
2.54237,0.291299,0.543307,0.515997,0.339137
2.54262,0.304587,0.488189,0.548898,0.339137
2.54287,0.317414,0.377953,0.572777,0.339137
2.54312,0.311743,0.228346,0.557784,0.339137
2.54337,0.270175,0.0393701,0.495383,0.339137
2.54362,0.182264,-0.149606,0.379711,0.339137
2.54387,0.0472775,-0.330709,0.203289,0.339137
2.54412,-0.123662,-0.480315,-0.0169068,0.339137
2.54437,-0.309832,-0.582677,-0.259352,0.339137
2.54462,-0.483973,-0.629921,-0.491812,0.339137
2.54487,-0.618529,-0.629921,-0.684373,0.339137
2.54512,-0.69118,-0.574803,-0.823887,0.339137
2.54537,-0.689592,-0.480315,-0.877738,0.339137
2.54562,-0.614228,-0.370079,-0.842195,0.339137
2.54587,-0.47823,-0.259843,-0.740908,0.339137
2.54612,-0.304401,-0.141732,-0.581513,0.339137
2.54637,-0.120352,-0.0472441,-0.397433,0.339137
2.54662,0.0470768,0.023622,-0.210521,0.339137
2.54687,0.177824,0.110236,-0.0418499,0.339137
2.54712,0.262091,0.188976,0.104441,0.339137
2.54737,0.301053,0.275591,0.202942,0.339137
2.54762,0.306261,0.370079,0.277351,0.339137
2.54787,0.29484,0.464567,0.342035,0.339137
2.54812,0.285158,0.543307,0.395789,0.339137
2.54837,0.290695,0.598425,0.464899,0.339137
2.54862,0.317048,0.614173,0.533575,0.339137
2.54887,0.35963,0.574803,0.604191,0.339137
2.54912,0.404734,0.488189,0.660076,0.339137
2.54937,0.433516,0.346457,0.69044,0.339137
2.54962,0.426116,0.15748,0.669824,0.339137
2.54987,0.367982,-0.0314961,0.592912,0.339137
2.55012,0.253553,-0.244094,0.440787,0.339137
2.55037,0.0894024,-0.417323,0.234566,0.339137
2.55062,-0.107032,-0.551181,-0.019452,0.339137
2.55087,-0.309499,-0.629921,-0.277951,0.339137
2.55112,-0.488879,-0.629921,-0.515169,0.339137
2.55137,-0.618645,-0.629921,-0.713799,0.339137
2.55162,-0.680468,-0.559055,-0.834613,0.339137
2.55187,-0.66776,-0.464567,-0.879938,0.339137
2.55212,-0.587122,-0.370079,-0.836356,0.339137
2.55237,-0.456119,-0.259843,-0.741011,0.339137
2.55262,-0.299504,-0.15748,-0.586091,0.339137
2.55287,-0.143668,-0.0629921,-0.424045,0.339137
2.55312,-0.0105229,0.023622,-0.265596,0.339137
2.55337,0.0863262,0.11811,-0.119301,0.339137
2.55362,0.144473,0.220472,-0.00626178,0.339137
2.55387,0.171388,0.338583,0.0929992,0.339137
2.55412,0.182302,0.456693,0.173068,0.339137
2.55437,0.194539,0.559055,0.258994,0.339137
2.55462,0.222772,0.629921,0.352489,0.339137
2.55487,0.274287,0.629921,0.456312,0.339137
2.55512,0.346684,0.629921,0.578498,0.339137
2.55538,0.427506,0.614173,0.685825,0.339137
2.55563,0.497495,0.480315,0.773522,0.339137
2.55588,0.53475,0.307087,0.801804,0.339137
2.55613,0.520347,0.0944882,0.781485,0.339137
2.55638,0.443771,-0.11811,0.670287,0.339137
2.55663,0.305677,-0.322835,0.494763,0.339137
2.55688,0.119307,-0.496063,0.259482,0.339137
2.55713,-0.0921508,-0.622047,-0.00991817,0.339137
2.55738,-0.299599,-0.629921,-0.28189,0.339137
2.55763,-0.473855,-0.629921,-0.518087,0.339137
2.55788,-0.591684,-0.629921,-0.707557,0.339137
2.55813,-0.639985,-0.582677,-0.82571,0.339137
2.55838,-0.618612,-0.488189,-0.855001,0.339137
2.55863,-0.539418,-0.393701,-0.817577,0.339137
2.55888,-0.422948,-0.299213,-0.73065,0.339137
2.55913,-0.293856,-0.19685,-0.601768,0.339137
2.55938,-0.174712,-0.0944882,-0.465525,0.339137
2.55963,-0.0814376,0.00787402,-0.345414,0.339137
2.55988,-0.0197044,0.125984,-0.230519,0.339137
2.56013,0.0148194,0.267717,-0.128984,0.339137
2.56038,0.0352071,0.409449,-0.0327861,0.339137
2.56063,0.0581552,0.559055,0.0661595,0.339137
2.56088,0.0993205,0.629921,0.171877,0.339137
2.56113,0.168061,0.629921,0.316328,0.339137
2.56138,0.264534,0.629921,0.468252,0.339137
2.56163,0.378091,0.629921,0.619625,0.339137
2.56188,0.489947,0.629921,0.76078,0.339137
2.56213,0.576498,0.488189,0.870021,0.339137
2.56238,0.615175,0.283465,0.898161,0.339137
2.56263,0.589973,0.0393701,0.861292,0.339137
2.56288,0.495486,-0.181102,0.733813,0.339137
2.56313,0.339093,-0.385827,0.539965,0.339137
2.56338,0.139595,-0.551181,0.278346,0.339137
2.56363,-0.0755758,-0.629921,0.00802049,0.339137
2.56388,-0.27657,-0.629921,-0.270231,0.339137
2.56413,-0.436516,-0.629921,-0.495453,0.339137
2.56438,-0.537167,-0.629921,-0.673565,0.339137
2.56463,-0.571708,-0.629921,-0.781249,0.339137
2.56488,-0.546137,-0.551181,-0.808178,0.339137
2.56513,-0.476139,-0.472441,-0.774836,0.339137
2.56538,-0.383632,-0.377953,-0.703013,0.339137
2.56563,-0.29075,-0.275591,-0.608612,0.339137
2.56588,-0.214585,-0.15748,-0.518158,0.339137
2.56613,-0.163543,-0.015748,-0.425398,0.339137
2.56638,-0.135592,0.133858,-0.344656,0.339137
2.56663,-0.119987,0.314961,-0.267279,0.339137
2.56688,-0.100059,0.503937,-0.174146,0.339137
2.56713,-0.0595169,0.629921,-0.0546376,0.339137
2.56738,0.0137749,0.629921,0.0901677,0.339137
2.56763,0.122948,0.629921,0.262426,0.339137
2.56788,0.26,0.629921,0.46614,0.339137
2.56813,0.407575,0.629921,0.658918,0.339137
2.56838,0.541347,0.629921,0.8219,0.339137
2.56863,0.635871,0.527559,0.937793,0.339137
2.56888,0.670023,0.307087,0.964836,0.339137
2.56913,0.632069,0.0708661,0.911327,0.339137
2.56938,0.522802,-0.149606,0.772544,0.339137
2.56963,0.35543,-0.338583,0.565026,0.339137
2.56988,0.153715,-0.488189,0.303697,0.339137
2.57013,-0.0534383,-0.598425,0.030479,0.339137
2.57038,-0.237403,-0.629921,-0.226439,0.339137
2.57063,-0.375859,-0.629921,-0.436674,0.339137
2.57088,-0.456445,-0.629921,-0.594131,0.339137
2.57113,-0.479394,-0.629921,-0.683624,0.339137
2.57138,-0.455341,-0.629921,-0.712516,0.339137
2.57163,-0.402909,-0.622047,-0.704075,0.339137
2.57188,-0.3428,-0.566929,-0.666562,0.339137
2.57213,-0.292763,-0.480315,-0.611117,0.339137
2.57238,-0.262913,-0.370079,-0.568531,0.339137
2.57263,-0.253556,-0.204724,-0.527509,0.339137
2.57288,-0.255576,-0.015748,-0.484758,0.339137
2.57313,-0.25276,0.19685,-0.420013,0.339137
2.57338,-0.227553,0.425197,-0.33947,0.339137
2.57363,-0.164981,0.629921,-0.206697,0.339137
2.57388,-0.058613,0.629921,-0.039769,0.339137
2.57413,0.0876707,0.629921,0.17234,0.339137
2.57438,0.258463,0.629921,0.405779,0.339137
2.57463,0.430565,0.629921,0.628838,0.339137
2.57488,0.576433,0.629921,0.818178,0.339137
2.57513,0.670856,0.622047,0.941554,0.339137
2.57538,0.696016,0.425197,0.981214,0.339137
2.57563,0.645752,0.220472,0.93013,0.339137
2.57588,0.5269,0.023622,0.793121,0.339137
2.57613,0.357881,-0.141732,0.592903,0.339137
2.57638,0.165275,-0.275591,0.354644,0.339137
2.57663,-0.0227166,-0.385827,0.119272,0.339137
2.57688,-0.180791,-0.480315,-0.102194,0.339137
2.57713,-0.292582,-0.559055,-0.284492,0.339137
2.57738,-0.353072,-0.629921,-0.419152,0.339137
2.57763,-0.368039,-0.629921,-0.502862,0.339137
2.57788,-0.352545,-0.629921,-0.5434,0.339137
2.57813,-0.325391,-0.629921,-0.564468,0.339137
2.57838,-0.304446,-0.629921,-0.576579,0.339137
2.57863,-0.301101,-0.629921,-0.597737,0.339137
2.57888,-0.317759,-0.574803,-0.617278,0.339137
2.57913,-0.346865,-0.393701,-0.632996,0.339137
2.57938,-0.372839,-0.173228,-0.62982,0.339137
2.57963,-0.376555,0.0708661,-0.591072,0.339137
2.57989,-0.340468,0.314961,-0.504047,0.339137
2.58014,-0.25389,0.551181,-0.365878,0.339137
2.58039,-0.116211,0.629921,-0.17462,0.339137
2.58064,0.0609358,0.629921,0.0679279,0.339137
2.58089,0.256431,0.629921,0.326307,0.339137
2.58114,0.44235,0.629921,0.570781,0.339137
2.58139,0.590601,0.629921,0.77531,0.339137
2.58164,0.678026,0.629921,0.91391,0.339137
2.58189,0.691913,0.527559,0.965192,0.339137
2.58214,0.632013,0.370079,0.925694,0.339137
2.58239,0.510763,0.220472,0.80468,0.339137
2.58264,0.350521,0.0787402,0.633135,0.339137
2.58289,0.177913,-0.0393701,0.426003,0.339137
2.58314,0.0191158,-0.165354,0.228447,0.339137
2.58339,-0.106578,-0.291339,0.040494,0.339137
2.58364,-0.189568,-0.409449,-0.108358,0.339137
2.58389,-0.231766,-0.543307,-0.221151,0.339137
2.58414,-0.24426,-0.629921,-0.303659,0.339137
2.58439,-0.244245,-0.629921,-0.371887,0.339137
2.58464,-0.248987,-0.629921,-0.432943,0.339137
2.58489,-0.271428,-0.629921,-0.501865,0.339137
2.58514,-0.31567,-0.629921,-0.578574,0.339137
2.58539,-0.37602,-0.629921,-0.664403,0.339137
2.58564,-0.437735,-0.551181,-0.728372,0.339137
2.58589,-0.480526,-0.322835,-0.754513,0.339137
2.58614,-0.484313,-0.0629921,-0.73645,0.339137
2.58639,-0.433629,0.188976,-0.648905,0.339137
2.58664,-0.323094,0.433071,-0.487245,0.339137
2.58689,-0.15893,0.622047,-0.278327,0.339137
2.58714,0.0408136,0.629921,-0.0197969,0.339137
2.58739,0.249901,0.629921,0.255346,0.339137
2.58764,0.438795,0.629921,0.514192,0.339137
2.58789,0.580293,0.629921,0.723615,0.339137
2.58814,0.655863,0.629921,0.863877,0.339137
2.58839,0.658288,0.606299,0.911403,0.339137
2.58864,0.593509,0.511811,0.887487,0.339137
2.58889,0.478597,0.417323,0.782516,0.339137
2.58914,0.337254,0.307087,0.643488,0.339137
2.58939,0.195024,0.19685,0.482776,0.339137
2.58964,0.0729288,0.0629921,0.330882,0.339137
2.58989,-0.0162485,-0.0866142,0.191746,0.339137
2.59014,-0.0708654,-0.251969,0.0763969,0.339137
2.59039,-0.0986718,-0.448819,-0.0207351,0.339137
2.59064,-0.114989,-0.629921,-0.107785,0.339137
2.59089,-0.136748,-0.629921,-0.199245,0.339137
2.59114,-0.178177,-0.629921,-0.302888,0.339137
2.59139,-0.245403,-0.629921,-0.419044,0.339137
2.59164,-0.335009,-0.629921,-0.558228,0.339137
2.59189,-0.433429,-0.629921,-0.689217,0.339137
2.59214,-0.520062,-0.629921,-0.796015,0.339137
2.59239,-0.5723,-0.440945,-0.850081,0.339137
2.59264,-0.570421,-0.188976,-0.846255,0.339137
2.59289,-0.503376,0.0551181,-0.747658,0.339137
2.59314,-0.371568,0.275591,-0.585641,0.339137
2.59339,-0.188091,0.456693,-0.352572,0.339137
2.59364,0.0239665,0.590551,-0.0863395,0.339137
2.59389,0.235143,0.629921,0.183781,0.339137
2.59414,0.416303,0.629921,0.437996,0.339137
2.59439,0.54383,0.629921,0.637294,0.339137
2.59464,0.604581,0.629921,0.764847,0.339137
2.59489,0.59769,0.629921,0.815513,0.339137
2.59514,0.534484,0.629921,0.808654,0.339137
2.59539,0.434939,0.598425,0.736147,0.339137
2.59564,0.322437,0.527559,0.635775,0.339137
2.59589,0.218749,0.425197,0.528632,0.339137
2.59614,0.138504,0.291339,0.424816,0.339137
2.59639,0.0866853,0.110236,0.341312,0.339137
2.59664,0.057854,-0.102362,0.257454,0.339137
2.59689,0.0389097,-0.338583,0.188154,0.339137
2.59714,0.0127776,-0.566929,0.0943089,0.339137
2.59739,-0.0360546,-0.629921,-0.016831,0.339137
2.59764,-0.116089,-0.629921,-0.162435,0.339137
2.59789,-0.226721,-0.629921,-0.332061,0.339137
2.59814,-0.356344,-0.629921,-0.526923,0.339137
2.59839,-0.484895,-0.629921,-0.70061,0.339137
2.59864,-0.587994,-0.629921,-0.844632,0.339137
2.59889,-0.642155,-0.535433,-0.92219,0.339137
2.59914,-0.630653,-0.314961,-0.917968,0.339137
2.59939,-0.547544,-0.0944882,-0.831782,0.339137
2.59964,-0.399827,0.102362,-0.655154,0.339137
2.59989,-0.206031,0.259843,-0.430842,0.339137
2.60014,0.00663303,0.385827,-0.167055,0.339137
2.60039,0.208528,0.480315,0.0963329,0.339137
2.60064,0.372646,0.551181,0.32848,0.339137
2.60089,0.480931,0.606299,0.511598,0.339137
2.60114,0.526304,0.629921,0.632725,0.339137
2.60139,0.514313,0.629921,0.690867,0.339137
2.60164,0.460275,0.629921,0.691046,0.339137
2.60189,0.385022,0.629921,0.658533,0.339137
2.60214,0.309708,0.629921,0.610052,0.339137
2.60239,0.250306,0.614173,0.565717,0.339137
2.60264,0.214018,0.472441,0.514068,0.339137
2.60289,0.197801,0.275591,0.472183,0.339137
2.60314,0.190059,0.0393701,0.424433,0.339137
2.60339,0.173719,-0.204724,0.358379,0.339137
2.60364,0.132069,-0.456693,0.262883,0.339137
2.60389,0.0533348,-0.629921,0.13008,0.339137
2.60414,-0.0648436,-0.629921,-0.0528235,0.339137
2.60439,-0.214213,-0.629921,-0.263682,0.339137
2.60465,-0.375969,-0.629921,-0.492065,0.339137
2.6049,-0.525375,-0.629921,-0.695217,0.339137
2.60515,-0.635876,-0.629921,-0.864608,0.339137
2.6054,-0.685651,-0.503937,-0.947698,0.339137
2.60565,-0.662334,-0.322835,-0.94931,0.339137
2.6059,-0.566048,-0.15748,-0.86534,0.339137
2.60615,-0.409704,-0.015748,-0.700203,0.339137
2.6064,-0.216283,0.0787402,-0.470864,0.339137
2.60665,-0.0145906,0.165354,-0.230282,0.339137
2.6069,0.167338,0.244094,0.00815859,0.339137
2.60715,0.307245,0.314961,0.219834,0.339137
2.6074,0.393195,0.385827,0.385013,0.339137
2.60765,0.425171,0.472441,0.489377,0.339137
2.6079,0.413706,0.559055,0.541174,0.339137
2.60815,0.37659,0.629921,0.567392,0.339137
2.6084,0.333689,0.629921,0.566995,0.339137
2.60865,0.301669,0.629921,0.568234,0.339137
2.6089,0.28944,0.629921,0.565256,0.339137
2.60915,0.296078,0.496063,0.565315,0.339137
2.6094,0.311365,0.314961,0.563231,0.339137
2.60965,0.318357,0.102362,0.54688,0.339137
2.6099,0.298658,-0.125984,0.492967,0.339137
2.61015,0.237393,-0.354331,0.387521,0.339137
2.6104,0.128163,-0.535433,0.228655,0.339137
2.61065,-0.0247558,-0.629921,0.0251387,0.339137
2.6109,-0.205445,-0.629921,-0.214004,0.339137
2.61115,-0.389762,-0.629921,-0.463118,0.339137
2.6114,-0.549684,-0.606299,-0.681405,0.339137
2.61165,-0.659238,-0.496063,-0.844169,0.339137
2.6119,-0.699915,-0.370079,-0.926442,0.339137
2.61215,-0.664958,-0.259843,-0.923602,0.339137
2.6124,-0.560566,-0.165354,-0.838078,0.339137
2.61265,-0.404568,-0.0944882,-0.678295,0.339137
2.6129,-0.222792,-0.0472441,-0.47884,0.339137
2.61315,-0.0430889,0,-0.261993,0.339137
2.6134,0.110119,0.0393701,-0.0593057,0.339137
2.61365,0.220978,0.110236,0.119658,0.339137
2.6139,0.284343,0.212598,0.254077,0.339137
2.61415,0.306698,0.330709,0.343486,0.339137
2.6144,0.302196,0.448819,0.400861,0.339137
2.61465,0.289459,0.551181,0.433175,0.339137
2.6149,0.285145,0.614173,0.469781,0.339137
2.61515,0.299798,0.629921,0.510011,0.339137
2.6154,0.334421,0.582677,0.55275,0.339137
2.61565,0.380228,0.464567,0.602342,0.339137
2.6159,0.420713,0.299213,0.630777,0.339137
2.61615,0.435731,0.0944882,0.634535,0.339137
2.6164,0.407278,-0.0944882,0.576586,0.339137
2.61665,0.324255,-0.283465,0.46304,0.339137
2.6169,0.186455,-0.417323,0.286667,0.339137
2.61715,0.00520658,-0.488189,0.0708501,0.339137
2.6174,-0.197263,-0.496063,-0.185296,0.339137
2.61765,-0.393129,-0.464567,-0.434214,0.339137
2.6179,-0.553599,-0.393701,-0.637434,0.339137
2.61815,-0.654977,-0.307087,-0.791423,0.339137
2.6184,-0.683967,-0.244094,-0.859697,0.339137
2.61865,-0.639753,-0.188976,-0.849859,0.339137
2.6189,-0.534127,-0.165354,-0.758644,0.339137
2.61915,-0.388579,-0.15748,-0.613687,0.339137
2.6194,-0.229244,-0.15748,-0.438042,0.339137
2.61965,-0.0811549,-0.141732,-0.261526,0.339137
2.6199,0.0370723,-0.102362,-0.0983059,0.339137
2.62015,0.116445,-0.023622,0.0343531,0.339137
2.6204,0.159464,0.0787402,0.133206,0.339137
2.62065,0.17716,0.212598,0.201519,0.339137
2.6209,0.186559,0.354331,0.248401,0.339137
2.62115,0.204324,0.464567,0.29987,0.339137
2.6214,0.242524,0.535433,0.3627,0.339137
2.62165,0.304144,0.543307,0.44783,0.339137
2.6219,0.382312,0.488189,0.526166,0.339137
2.62215,0.461082,0.377953,0.610031,0.339137
2.6224,0.519254,0.220472,0.670274,0.339137
2.62265,0.535624,0.0551181,0.680019,0.339137
2.6229,0.494462,-0.0944882,0.628357,0.339137
2.62315,0.389963,-0.220472,0.510478,0.339137
2.6234,0.228208,-0.299213,0.327151,0.339137
2.62365,0.0275132,-0.322835,0.0994445,0.339137
2.6239,-0.186013,-0.291339,-0.156587,0.339137
2.62415,-0.382173,-0.244094,-0.384969,0.535626
2.6244,-0.533916,-0.181102,-0.581891,0.535626
2.62465,-0.621873,-0.133858,-0.712469,0.535626
2.6249,-0.638761,-0.110236,-0.765943,0.535626
2.62515,-0.589742,-0.125984,-0.740839,0.535626
2.6254,-0.491143,-0.15748,-0.650111,0.535626
2.62565,-0.366155,-0.19685,-0.525978,0.535626
2.6259,-0.238913,-0.23622,-0.38674,0.535626
2.62615,-0.129796,-0.23622,-0.255466,0.535626
2.6264,-0.0502994,-0.19685,-0.140498,0.535626
2.62665,-0.00177479,-0.11811,-0.0581727,0.535626
2.6269,0.0247325,0,-0.00490169,0.535626
2.62715,0.0440144,0.133858,0.0489985,0.535626
2.6274,0.0732476,0.275591,0.103039,0.535626
2.62765,0.125982,0.377953,0.175316,0.535626
2.6279,0.207555,0.433071,0.268879,0.535626
2.62815,0.313469,0.433071,0.380276,0.535626
2.6284,0.429039,0.362205,0.506217,0.535626
2.62865,0.532709,0.259843,0.609723,0.535626
2.6289,0.600592,0.125984,0.689447,0.535626
2.62915,0.612514,0,0.706264,0.535626
2.62941,0.556728,-0.102362,0.65614,0.535626
2.62966,0.433225,-0.173228,0.528219,0.535626
2.62991,0.255006,-0.181102,0.337497,0.535626
2.63016,0.04489,-0.15748,0.11375,0.535626
2.63041,-0.167658,-0.102362,-0.116001,0.535626
2.63066,-0.353544,-0.0393701,-0.334053,0.535626
2.63091,-0.48888,0,-0.504828,0.535626
2.63116,-0.560497,0.00787402,-0.603054,0.535626
2.63141,-0.567088,-0.00787402,-0.644329,0.535626
2.63166,-0.51946,-0.0708661,-0.615173,0.535626
2.63191,-0.436701,-0.149606,-0.54456,0.535626
2.63216,-0.341555,-0.220472,-0.440048,0.535626
2.63241,-0.254398,-0.283465,-0.350386,0.535626
2.63266,-0.188858,-0.291339,-0.260304,0.535626
2.63291,-0.148897,-0.251969,-0.20359,0.535626
2.63316,-0.12804,-0.165354,-0.167788,0.535626
2.63341,-0.112783,-0.0393701,-0.133606,0.535626
2.63366,-0.0856446,0.0866142,-0.087715,0.535626
2.63391,-0.0316552,0.204724,-0.029862,0.535626
2.63416,0.0577915,0.291339,0.0689487,0.535626
2.63441,0.180797,0.314961,0.186864,0.535626
2.63466,0.325229,0.291339,0.33448,0.535626
2.63491,0.46987,0.220472,0.487213,0.535626
2.63516,0.589263,0.11811,0.615637,0.535626
2.63541,0.659301,0.015748,0.701781,0.535626
2.63566,0.662392,-0.0551181,0.712406,0.535626
2.63591,0.592133,-0.0944882,0.651456,0.535626
2.63616,0.454904,-0.0944882,0.519144,0.535626
2.63641,0.269081,-0.0472441,0.342055,0.535626
2.63666,0.0611721,0.00787402,0.122054,0.535626
2.63691,-0.139011,0.0866142,-0.0945039,0.535626
2.63716,-0.305178,0.133858,-0.280469,0.535626
2.63741,-0.418825,0.149606,-0.408138,0.535626
2.63766,-0.473234,0.110236,-0.485576,0.535626
2.63791,-0.473547,0.0314961,-0.500931,0.535626
2.63816,-0.434417,-0.0629921,-0.476875,0.535626
2.63841,-0.376199,-0.181102,-0.416242,0.535626
2.63866,-0.318696,-0.275591,-0.355951,0.535626
2.63891,-0.276843,-0.330709,-0.314028,0.535626
2.63916,-0.256652,-0.330709,-0.277519,0.535626
2.63941,-0.253839,-0.275591,-0.272147,0.535626
2.63966,-0.256017,-0.173228,-0.267326,0.535626
2.63991,-0.245464,-0.0551181,-0.257219,0.535626
2.64016,-0.205239,0.0551181,-0.222804,0.535626
2.64041,-0.123482,0.141732,-0.150997,0.535626
2.64066,0.00160459,0.19685,-0.031302,0.535626
2.64091,0.161213,0.19685,0.121157,0.535626
2.64116,0.335848,0.149606,0.291749,0.535626
2.64141,0.499699,0.0787402,0.464648,0.535626
2.64166,0.625668,0,0.597416,0.535626
2.64191,0.691138,-0.0551181,0.685756,0.535626
2.64216,0.683046,-0.0866142,0.696038,0.535626
2.64241,0.600888,-0.0629921,0.63664,0.535626
2.64266,0.457163,0,0.501656,0.535626
2.64291,0.274143,0.0787402,0.336038,0.535626
2.64316,0.0801365,0.173228,0.136677,0.535626
2.64341,-0.0973627,0.244094,-0.0437969,0.535626
2.64366,-0.236398,0.275591,-0.198722,0.535626
2.64391,-0.32556,0.251969,-0.293098,0.535626
2.64416,-0.364512,0.181102,-0.344452,0.535626
2.64441,-0.363892,0.0708661,-0.356854,0.535626
2.64466,-0.340903,-0.0551181,-0.334351,0.535626
2.64491,-0.314566,-0.181102,-0.304636,0.535626
2.64516,-0.300408,-0.267717,-0.285449,0.535626
2.64541,-0.306222,-0.314961,-0.289855,0.535626
2.64566,-0.329798,-0.307087,-0.319492,0.535626
2.64591,-0.359719,-0.244094,-0.351037,0.535626
2.64616,-0.378341,-0.15748,-0.378222,0.535626
2.64641,-0.366358,-0.0551181,-0.382064,0.535626
2.64666,-0.308782,0.023622,-0.343825,0.535626
2.64691,-0.198972,0.0629921,-0.254607,0.535626
2.64716,-0.041877,0.0708661,-0.111563,0.535626
2.64741,0.146485,0.0393701,0.0701113,0.535626
2.64766,0.341388,-0.00787402,0.266242,0.535626
2.64791,0.513878,-0.0787402,0.446855,0.535626
2.64816,0.637677,-0.133858,0.581616,0.535626
2.64841,0.69354,-0.141732,0.658913,0.535626
2.64866,0.674092,-0.11811,0.656377,0.535626
2.64891,0.58501,-0.0393701,0.590381,0.535626
2.64916,0.443354,0.0629921,0.461642,0.535626
2.64941,0.274253,0.181102,0.303765,0.535626
2.64966,0.104784,0.291339,0.138434,0.535626
2.64991,-0.0411859,0.362205,-0.00643037,0.535626
2.65016,-0.14859,0.370079,-0.117106,0.535626
2.65041,-0.21266,0.322835,-0.175897,0.535626
2.65066,-0.239955,0.228346,-0.207686,0.535626
2.65091,-0.244738,0.102362,-0.202451,0.535626
2.65116,-0.244862,-0.023622,-0.202535,0.535626
2.65141,-0.25623,-0.141732,-0.205313,0.535626
2.65166,-0.288361,-0.220472,-0.225807,0.535626
2.65191,-0.340976,-0.244094,-0.280839,0.535626
2.65216,-0.404146,-0.228346,-0.342384,0.535626
2.65241,-0.460206,-0.165354,-0.410711,0.535626
2.65266,-0.488136,-0.0944882,-0.458419,0.535626
2.65291,-0.469313,-0.0393701,-0.466808,0.535626
2.65316,-0.39216,0,-0.414441,0.535626
2.65341,-0.256506,0,-0.306921,0.535626
2.65366,-0.0737573,-0.0472441,-0.148798,0.535626
2.65391,0.133691,-0.110236,0.0449614,0.535626
2.65417,0.337471,-0.188976,0.241458,0.535626
2.65442,0.50838,-0.244094,0.414421,0.535626
2.65467,0.622539,-0.259843,0.539468,0.535626
2.65492,0.665871,-0.23622,0.602508,0.535626
2.65517,0.63726,-0.149606,0.594743,0.535626
2.65542,0.547698,-0.023622,0.52239,0.535626
2.65567,0.417886,0.11811,0.403199,0.535626
2.65592,0.273181,0.259843,0.267093,0.535626
2.65617,0.137657,0.362205,0.13566,0.535626
2.65642,0.0291647,0.425197,0.0403105,0.535626
2.65667,-0.0444195,0.425197,-0.0245807,0.535626
2.65692,-0.0856016,0.354331,-0.0588113,0.535626
2.65717,-0.106397,0.251969,-0.0621208,0.535626
2.65742,-0.122992,0.125984,-0.070494,0.535626
2.65767,-0.152001,0.00787402,-0.0810596,0.535626
2.65792,-0.204605,-0.0787402,-0.107935,0.535626
2.65817,-0.282774,-0.125984,-0.179245,0.535626
2.65842,-0.378389,-0.133858,-0.267428,0.535626
2.65867,-0.474447,-0.102362,-0.378486,0.535626
2.65892,-0.548694,-0.0629921,-0.467971,0.535626
2.65917,-0.579096,-0.023622,-0.519048,0.535626
2.65942,-0.549132,-0.00787402,-0.52368,0.535626
2.65967,-0.452754,-0.023622,-0.458125,0.535626
2.65992,-0.295793,-0.0866142,-0.334678,0.535626
2.66017,-0.0964044,-0.173228,-0.169043,0.535626
2.66042,0.118972,-0.267717,0.0331427,0.535626
2.66067,0.320293,-0.346457,0.218929,0.535626
2.66092,0.480247,-0.393701,0.379478,0.535626
2.66117,0.579175,-0.377953,0.480957,0.535626
2.66142,0.609487,-0.307087,0.518301,0.535626
2.66167,0.575764,-0.181102,0.499292,0.535626
2.66192,0.493692,-0.023622,0.421373,0.535626
2.66217,0.385483,0.141732,0.327807,0.535626
2.66242,0.274562,0.283465,0.223872,0.535626
2.66267,0.179955,0.385827,0.135097,0.535626
2.66292,0.112238,0.433071,0.0822302,0.535626
2.66317,0.0718505,0.417323,0.0563873,0.535626
2.66342,0.0493095,0.354331,0.0549943,0.535626
2.66367,0.0292206,0.251969,0.0668754,0.535626
2.66392,-0.00535052,0.149606,0.0646835,0.535626
2.66417,-0.0672882,0.0629921,0.0306885,0.535626
2.66442,-0.161641,0.00787402,-0.0344826,0.535626
2.66467,-0.282543,0,-0.142611,0.535626
2.66492,-0.414605,0.00787402,-0.271535,0.535626
2.66517,-0.535039,0.0393701,-0.399087,0.535626
2.66542,-0.619147,0.0629921,-0.499344,0.535626
2.66567,-0.645788,0.0708661,-0.559222,0.535626
2.66592,-0.602654,0.0393701,-0.548067,0.535626
2.66617,-0.489462,-0.015748,-0.472784,0.535626
2.66642,-0.31844,-0.125984,-0.341383,0.535626
2.66667,-0.112835,-0.259843,-0.161951,0.535626
2.66692,0.0987855,-0.377953,0.0263089,0.535626
2.66717,0.286882,-0.456693,0.199542,0.535626
2.66742,0.428079,-0.488189,0.332483,0.535626
2.66767,0.508663,-0.464567,0.407995,0.535626
2.66792,0.527391,-0.370079,0.425077,0.535626
2.66817,0.4945,-0.228346,0.391096,0.535626
2.66842,0.42833,-0.0629921,0.327403,0.535626
2.66867,0.350655,0.0944882,0.252621,0.535626
2.66892,0.280915,0.228346,0.192295,0.535626
2.66917,0.231397,0.314961,0.144071,0.535626
2.66942,0.204975,0.346457,0.140832,0.535626
2.66967,0.194324,0.330709,0.148909,0.535626
2.66992,0.184953,0.275591,0.172006,0.535626
2.67017,0.159318,0.212598,0.177704,0.535626
2.67042,0.102364,0.149606,0.160776,0.535626
2.67067,0.00582723,0.11811,0.0938911,0.535626
2.67092,-0.12773,0.110236,-0.00261793,0.535626
2.67117,-0.285403,0.133858,-0.139171,0.535626
2.67142,-0.445039,0.173228,-0.291248,0.535626
2.67167,-0.580411,0.212598,-0.43637,0.535626
2.67192,-0.666292,0.220472,-0.532968,0.535626
2.67217,-0.684666,0.188976,-0.571085,0.535626
2.67242,-0.628391,0.11811,-0.544588,0.535626
2.67267,-0.503271,0,-0.452319,0.535626
2.67292,-0.327401,-0.149606,-0.315743,0.535626
2.67317,-0.126639,-0.307087,-0.141699,0.535626
2.67342,0.0695515,-0.433071,0.0343992,0.535626
2.67367,0.235223,-0.519685,0.183295,0.535626
2.67392,0.352087,-0.543307,0.282568,0.535626
2.67417,0.413654,-0.503937,0.337701,0.535626
2.67442,0.424533,-0.401575,0.330159,0.535626
2.67467,0.399297,-0.259843,0.292103,0.535626
2.67492,0.357218,-0.110236,0.24188,0.535626
2.67517,0.317512,0.023622,0.188818,0.535626
2.67542,0.293656,0.133858,0.165369,0.535626
2.67567,0.290451,0.19685,0.164033,0.535626
2.67592,0.302689,0.220472,0.18452,0.535626
2.67617,0.316473,0.204724,0.227519,0.535626
2.67642,0.313962,0.173228,0.258675,0.535626
2.67667,0.27733,0.149606,0.256721,0.535626
2.67692,0.195139,0.141732,0.217737,0.535626
2.67717,0.0653364,0.165354,0.134455,0.535626
2.67742,-0.102272,0.212598,0.00781737,0.535626
2.67767,-0.287899,0.275591,-0.157502,0.535626
2.67792,-0.465014,0.338583,-0.312429,0.535626
2.67817,-0.605496,0.370079,-0.452152,0.535626
2.67842,-0.686353,0.362205,-0.541812,0.535626
2.67867,-0.693753,0.299213,-0.557796,0.535626
2.67893,-0.626612,0.181102,-0.518452,0.535626
2.67918,-0.496693,0.023622,-0.406574,0.535626
2.67943,-0.325943,-0.141732,-0.261933,0.535626
2.67968,-0.141731,-0.314961,-0.0961364,0.535626
2.67993,0.0289678,-0.448819,0.053267,0.535626
2.68018,0.164766,-0.527559,0.163923,0.535626
2.68043,0.254673,-0.543307,0.232705,0.535626
2.68068,0.298532,-0.496063,0.248744,0.535626
2.68093,0.306899,-0.401575,0.232822,0.535626
2.68118,0.296442,-0.283465,0.185147,0.535626
2.68143,0.285729,-0.15748,0.150154,0.535626
2.68168,0.288981,-0.0472441,0.136132,0.535626
2.68193,0.312922,0.015748,0.141187,0.535626
2.68218,0.354139,0.0551181,0.187638,0.535626
2.68243,0.399856,0.0708661,0.237794,0.535626
2.68268,0.431632,0.0629921,0.300975,0.535626
2.68293,0.429389,0.0629921,0.329447,0.535626
2.68318,0.377733,0.0787402,0.323567,0.535626
2.68343,0.269824,0.125984,0.259702,0.535626
2.68368,0.11083,0.204724,0.1508,0.535626
2.68393,-0.0830453,0.299213,-0.0033192,0.535626
2.68418,-0.286296,0.393701,-0.172188,0.535626
2.68443,-0.46996,0.464567,-0.336191,0.535626
2.68468,-0.606641,0.496063,-0.456272,0.535626
2.68493,-0.67706,0.464567,-0.526208,0.535626
2.68518,-0.673031,0.377953,-0.525955,0.535626
2.68543,-0.599585,0.23622,-0.465758,0.535626
2.68568,-0.473389,0.0551181,-0.351862,0.535626
2.68593,-0.318392,-0.125984,-0.212134,0.535626
2.68618,-0.161191,-0.291339,-0.0703786,0.535626
2.68643,-0.0244633,-0.417323,0.0489315,0.535626
2.68668,0.0770019,-0.488189,0.121233,0.535626
2.68693,0.139503,-0.503937,0.158046,0.535626
2.68718,0.169406,-0.456693,0.14887,0.535626
2.68743,0.181308,-0.385827,0.116815,0.535626
2.68768,0.192522,-0.291339,0.089777,0.535626
2.68793,0.218239,-0.204724,0.0818389,0.535626
2.68818,0.266997,-0.141732,0.103509,0.535626
2.68843,0.337382,-0.102362,0.152996,0.535626
2.68868,0.418119,-0.0866142,0.221056,0.535626
2.68893,0.490565,-0.0866142,0.300599,0.535626
2.68918,0.532723,-0.0708661,0.371525,0.535626
2.68943,0.525234,-0.0393701,0.398777,0.535626
2.68968,0.456095,0.015748,0.367386,0.535626
2.68993,0.324906,0.110236,0.290147,0.535626
2.69018,0.143075,0.23622,0.154745,0.535626
2.69043,-0.0668775,0.370079,-0.0125457,0.535626
2.69068,-0.276459,0.480315,-0.193587,0.535626
2.69093,-0.455905,0.559055,-0.345691,0.535626
2.69118,-0.581294,0.582677,-0.444211,0.535626
2.69143,-0.638037,0.535433,-0.489412,0.535626
2.69168,-0.624474,0.425197,-0.475604,0.535626
2.69193,-0.551146,0.275591,-0.397655,0.535626
2.69218,-0.437801,0.0866142,-0.282864,0.535626
2.69243,-0.308928,-0.0787402,-0.159428,0.535626
2.69268,-0.18761,-0.23622,-0.057059,0.535626
2.69293,-0.0907834,-0.346457,0.021075,0.535626
2.69318,-0.0253625,-0.409449,0.0583612,0.535626
2.69343,0.0118161,-0.417323,0.069715,0.535626
2.69368,0.033039,-0.385827,0.0404562,0.535626
2.69393,0.0547979,-0.338583,0.0138813,0.535626
2.69418,0.0931669,-0.291339,0.00789302,0.535626
2.69443,0.15844,-0.251969,0.0318208,0.535626
2.69468,0.251999,-0.23622,0.0810919,0.535626
2.69493,0.364455,-0.244094,0.166019,0.535626
2.69518,0.477618,-0.251969,0.271774,0.535626
2.69543,0.568385,-0.244094,0.368544,0.535626
2.69568,0.613702,-0.220472,0.428293,0.535626
2.69593,0.59655,-0.149606,0.440836,0.535626
2.69618,0.510072,-0.0393701,0.39424,0.535626
2.69643,0.360196,0.0944882,0.282864,0.535626
2.69668,0.164463,0.251969,0.131722,0.535626
2.69693,-0.050408,0.401575,-0.0380542,0.535626
2.69718,-0.254583,0.527559,-0.211188,0.535626
2.69743,-0.420518,0.606299,-0.339156,0.535626
2.69768,-0.528661,0.622047,-0.423851,0.535626
2.69793,-0.570998,0.566929,-0.43861,0.535626
2.69818,-0.551811,0.456693,-0.408974,0.535626
2.69843,-0.486005,0.307087,-0.318643,0.535626
2.69868,-0.394963,0.141732,-0.218679,0.535626
2.69893,-0.301077,0,-0.124506,0.535626
2.69918,-0.222377,-0.11811,-0.0485504,0.535626
2.69943,-0.168208,-0.204724,-0.0110257,0.535626
2.69968,-0.138047,-0.251969,-0.00914576,0.535626
2.69993,-0.12168,-0.259843,-0.0257939,0.535626
2.70018,-0.103359,-0.259843,-0.0558731,0.535626
2.70043,-0.0658148,-0.251969,-0.0682921,0.535626
2.70068,0.0032605,-0.251969,-0.0554233,0.535626
2.70093,0.108407,-0.275591,0.00215816,0.535626
2.70118,0.242969,-0.314961,0.102016,0.535626
2.70143,0.390416,-0.354331,0.213069,0.535626
2.70168,0.527154,-0.385827,0.334843,0.535626
2.70193,0.627533,-0.385827,0.437315,0.535626
2.70218,0.669618,-0.354331,0.486545,0.535626
2.70243,0.640367,-0.267717,0.479458,0.535626
2.70268,0.539044,-0.141732,0.402789,0.535626
2.70293,0.377441,0.00787402,0.269621,0.535626
2.70318,0.178325,0.181102,0.106507,0.535626
2.70343,-0.029739,0.338583,-0.0671861,0.535626
2.70369,-0.217765,0.472441,-0.221029,0.535626
2.70394,-0.362454,0.535433,-0.33767,0.535626
2.70419,-0.450078,0.551181,-0.392478,0.535626
2.70444,-0.479453,0.503937,-0.391325,0.535626
2.70469,-0.460061,0.417323,-0.346408,0.535626
2.70494,-0.40989,0.307087,-0.274473,0.535626
2.70519,-0.349647,0.181102,-0.189386,0.535626
2.70544,-0.297699,0.0787402,-0.126778,0.535626
2.70569,-0.265266,0.00787402,-0.0905716,0.535626
2.70594,-0.253797,-0.0393701,-0.083255,0.535626
2.70619,-0.255217,-0.0708661,-0.0976673,0.535626
2.70644,-0.253984,-0.0787402,-0.12932,0.535626
2.70669,-0.232214,-0.0944882,-0.153527,0.535626
2.70694,-0.174565,-0.125984,-0.135147,0.535626
2.70719,-0.0733797,-0.173228,-0.0877438,0.535626
2.70744,0.0687981,-0.251969,0.0129671,0.535626
2.70769,0.237775,-0.330709,0.143015,0.535626
2.70794,0.411065,-0.409449,0.286439,0.535626
2.70819,0.561488,-0.472441,0.412601,0.535626
2.70844,0.663069,-0.480315,0.507058,0.535626
2.70869,0.696962,-0.448819,0.542936,0.535626
2.70894,0.65552,-0.362205,0.510305,0.535626
2.70919,0.543944,-0.220472,0.405233,0.535626
2.70944,0.379648,-0.0629921,0.257629,0.535626
2.70969,0.188255,0.102362,0.080699,0.535626
2.70994,-0.00160895,0.251969,-0.0816336,0.535626
2.71019,-0.164369,0.362205,-0.226034,0.535626
2.71044,-0.282112,0.433071,-0.31947,0.535626
2.71069,-0.348485,0.440945,-0.353834,0.535626
2.71094,-0.368223,0.417323,-0.339841,0.535626
2.71119,-0.355371,0.354331,-0.297017,0.535626
2.71144,-0.328582,0.283465,-0.228315,0.535626
2.71169,-0.306119,0.220472,-0.179984,0.535626
2.71194,-0.300405,0.165354,-0.150024,0.535626
2.71219,-0.314913,0.133858,-0.146116,0.535626
2.71244,-0.343233,0.11811,-0.167946,0.535626
2.71269,-0.370537,0.110236,-0.19954,0.535626
2.71294,-0.377861,0.0944882,-0.235785,0.535626
2.71319,-0.347195,0.0551181,-0.234683,0.535626
2.71344,-0.26682,-0.00787402,-0.190326,0.535626
2.71369,-0.134783,-0.102362,-0.0933607,0.535626
2.71394,0.0386399,-0.220472,0.0394106,0.535626
2.71419,0.233354,-0.338583,0.198702,0.535626
2.71444,0.421898,-0.440945,0.351194,0.535626
2.71469,0.57594,-0.511811,0.47858,0.535626
2.71494,0.67141,-0.535433,0.560117,0.535626
2.71519,0.694233,-0.503937,0.568524,0.535626
2.71544,0.642598,-0.417323,0.508823,0.535626
2.71569,0.527565,-0.283465,0.38927,0.535626
2.71594,0.370471,-0.133858,0.234214,0.535626
2.71619,0.197973,0.00787402,0.0660553,0.535626
2.71644,0.0363769,0.133858,-0.0905082,0.535626
2.71669,-0.0939376,0.228346,-0.20474,0.535626
2.71694,-0.182017,0.291339,-0.2713,0.535626
2.71719,-0.228654,0.307087,-0.296215,0.535626
2.71744,-0.243814,0.299213,-0.269123,0.535626
2.71769,-0.244244,0.275591,-0.230018,0.535626
2.71794,-0.247703,0.251969,-0.19519,0.535626
2.71819,-0.267614,0.244094,-0.16891,0.535626
2.71844,-0.309419,0.244094,-0.175161,0.535626
2.71869,-0.368497,0.259843,-0.216563,0.535626
2.71894,-0.431019,0.275591,-0.260562,0.535626
2.71919,-0.47719,0.275591,-0.310297,0.535626
2.71944,-0.486458,0.251969,-0.322701,0.535626
2.71969,-0.442791,0.19685,-0.299142,0.535626
2.71994,-0.339118,0.102362,-0.226614,0.535626
2.72019,-0.180657,-0.015748,-0.101833,0.535626
2.72044,0.0162508,-0.15748,0.0712858,0.535626
2.72069,0.225765,-0.307087,0.240257,0.535626
2.72094,0.418556,-0.425197,0.409196,0.535626
2.72119,0.566835,-0.503937,0.52428,0.535626
2.72144,0.650757,-0.535433,0.584362,0.535626
2.72169,0.661726,-0.511811,0.578544,0.535626
2.72194,0.604165,-0.440945,0.500167,0.535626
2.72219,0.493909,-0.330709,0.369316,0.535626
2.72244,0.354415,-0.212598,0.212108,0.535626
2.72269,0.211062,-0.0944882,0.0614479,0.535626
2.72294,0.085732,0,-0.0745235,0.535626
2.72319,-0.00762753,0.0708661,-0.165401,0.535626
2.72344,-0.0660891,0.11811,-0.202267,0.535626
2.72369,-0.0963488,0.141732,-0.213641,0.535626
2.72394,-0.113133,0.15748,-0.195779,0.535626
2.72419,-0.133399,0.181102,-0.171212,0.332224
2.72444,-0.172017,0.212598,-0.159513,0.332224
2.72469,-0.236165,0.259843,-0.183244,0.332224
2.72494,-0.323662,0.307087,-0.233043,0.332224
2.72519,-0.422001,0.362205,-0.302222,0.332224
2.72544,-0.511199,0.409449,-0.36662,0.332224
2.72569,-0.568626,0.425197,-0.41219,0.332224
2.72594,-0.573895,0.393701,-0.409991,0.332224
2.72619,-0.514748,0.322835,-0.357019,0.332224
2.72644,-0.39007,0.204724,-0.248349,0.332224
2.72669,-0.211694,0.0629921,-0.0873193,0.332224
2.72694,-0.00153536,-0.0944882,0.0970378,0.332224
2.72719,0.211307,-0.244094,0.294746,0.332224
2.72744,0.397448,-0.370079,0.454544,0.332224
2.72769,0.532147,-0.464567,0.555045,0.332224
2.72794,0.600989,-0.496063,0.592317,0.332224
2.72819,0.601749,-0.488189,0.563404,0.332224
2.72845,0.544254,-0.433071,0.46905,0.332224
2.7287,0.447803,-0.354331,0.346111,0.332224
2.72895,0.335639,-0.259843,0.200363,0.332224
2.7292,0.229935,-0.181102,0.0683335,0.332224
2.72945,0.146546,-0.110236,-0.0331377,0.332224
2.7297,0.0913827,-0.0629921,-0.096766,0.332224
2.72995,0.0605185,-0.0314961,-0.117231,0.332224
2.7302,0.0411618,0,-0.111059,0.332224
2.73045,0.0167547,0.0393701,-0.106288,0.332224
2.7307,-0.0288015,0.0944882,-0.108578,0.332224
2.73095,-0.104973,0.15748,-0.140532,0.332224
2.7312,-0.212406,0.251969,-0.19998,0.332224
2.73145,-0.340683,0.338583,-0.290137,0.332224
2.7317,-0.470684,0.417323,-0.384816,0.332224
2.73195,-0.577975,0.472441,-0.457843,0.332224
2.7322,-0.638943,0.488189,-0.49672,0.332224
2.73245,-0.635718,0.448819,-0.476952,0.332224
2.7327,-0.560895,0.354331,-0.395344,0.332224
2.73295,-0.42006,0.228346,-0.263937,0.332224
2.7332,-0.230392,0.0708661,-0.073975,0.332224
2.73345,-0.0184105,-0.0787402,0.123217,0.332224
2.7337,0.186271,-0.220472,0.30786,0.332224
2.73395,0.355971,-0.330709,0.451755,0.332224
2.7342,0.471449,-0.393701,0.531832,0.332224
2.73445,0.524163,-0.417323,0.556186,0.332224
2.7347,0.518299,-0.401575,0.501238,0.332224
2.73495,0.468184,-0.354331,0.412548,0.332224
2.7352,0.394275,-0.299213,0.291936,0.332224
2.73545,0.317988,-0.244094,0.176558,0.332224
2.7357,0.256138,-0.19685,0.0880457,0.332224
2.73595,0.217086,-0.165354,0.0322507,0.332224
2.7362,0.198959,-0.141732,0.00103354,0.332224
2.73645,0.191047,-0.11811,0.00333046,0.332224
2.7367,0.176632,-0.0787402,0.00793097,0.332224
2.73695,0.13878,-0.0314961,0.0108382,0.332224
2.7372,0.0646841,0.0393701,-0.0305264,0.332224
2.73745,-0.049056,0.133858,-0.0931185,0.332224
2.7377,-0.195551,0.244094,-0.200696,0.332224
2.73795,-0.357135,0.346457,-0.320543,0.332224
2.7382,-0.50927,0.433071,-0.434682,0.332224
2.73845,-0.62566,0.480315,-0.519274,0.332224
2.7387,-0.683465,0.480315,-0.553943,0.332224
2.73895,-0.668989,0.433071,-0.525,0.332224
2.7392,-0.580926,0.338583,-0.426232,0.332224
2.73945,-0.430551,0.212598,-0.276635,0.332224
2.7397,-0.240158,0.0708661,-0.0925422,0.332224
2.73995,-0.0378153,-0.0629921,0.103811,0.332224
2.7402,0.147638,-0.181102,0.272178,0.332224
2.74045,0.293459,-0.259843,0.399387,0.332224
2.7407,0.386,-0.314961,0.46331,0.332224
2.74095,0.423977,-0.322835,0.462247,0.332224
2.7412,0.416795,-0.314961,0.414167,0.332224
2.74145,0.381652,-0.291339,0.334447,0.332224
2.7417,0.338447,-0.259843,0.250968,0.332224
2.74195,0.304499,-0.244094,0.175134,0.332224
2.7422,0.28981,-0.228346,0.139372,0.332224
2.74245,0.294561,-0.228346,0.117899,0.332224
2.7427,0.309616,-0.212598,0.129629,0.332224
2.74295,0.31855,-0.188976,0.151056,0.332224
2.7432,0.302957,-0.149606,0.154853,0.332224
2.74345,0.247045,-0.0787402,0.11917,0.332224
2.7437,0.143472,0.015748,0.0526255,0.332224
2.74395,-0.00492532,0.125984,-0.0532749,0.332224
2.7442,-0.183457,0.244094,-0.202926,0.332224
2.74445,-0.36878,0.354331,-0.35401,0.332224
2.7447,-0.533016,0.425197,-0.480923,0.332224
2.74495,-0.649656,0.464567,-0.57665,0.332224
2.7452,-0.699041,0.456693,-0.604071,0.332224
2.74545,-0.672919,0.393701,-0.553392,0.332224
2.7457,-0.575972,0.307087,-0.448173,0.332224
2.74595,-0.424813,0.188976,-0.282713,0.332224
2.7462,-0.244614,0.0629921,-0.098089,0.332224
2.74645,-0.0632777,-0.0472441,0.0823899,0.332224
2.7467,0.0940797,-0.133858,0.227454,0.332224
2.74695,0.210423,-0.188976,0.326242,0.332224
2.7472,0.279248,-0.228346,0.365751,0.332224
2.74745,0.305733,-0.23622,0.352817,0.332224
2.7477,0.303534,-0.23622,0.317501,0.332224
2.74795,0.290754,-0.23622,0.264407,0.332224
2.7482,0.284799,-0.23622,0.212646,0.332224
2.74845,0.296962,-0.244094,0.187001,0.332224
2.7487,0.329502,-0.259843,0.190223,0.332224
2.74895,0.37477,-0.275591,0.224319,0.332224
2.7492,0.416859,-0.267717,0.260181,0.332224
2.74945,0.435985,-0.23622,0.274789,0.332224
2.7497,0.413312,-0.181102,0.269601,0.332224
2.74995,0.337078,-0.0944882,0.219622,0.332224
2.7502,0.205252,0,0.110566,0.332224
2.75045,0.0282624,0.133858,-0.0375155,0.332224
2.7507,-0.173189,0.244094,-0.208816,0.332224
2.75095,-0.371379,0.346457,-0.379252,0.332224
2.7512,-0.537402,0.409449,-0.510345,0.332224
2.75145,-0.646655,0.433071,-0.594021,0.332224
2.7517,-0.684468,0.409449,-0.60613,0.332224
2.75195,-0.648483,0.346457,-0.54288,0.332224
2.7522,-0.54912,0.259843,-0.424078,0.332224
2.75245,-0.406953,0.15748,-0.274063,0.332224
2.7527,-0.24779,0.0551181,-0.0989346,0.332224
2.75295,-0.09731,-0.015748,0.0444527,0.332224
2.75321,0.0251179,-0.0708661,0.161926,0.332224
2.75346,0.109151,-0.11811,0.233138,0.332224
2.75371,0.155946,-0.141732,0.245232,0.332224
2.75396,0.175875,-0.15748,0.23646,0.332224
2.75421,0.18534,-0.173228,0.20411,0.332224
2.75446,0.201346,-0.188976,0.184924,0.332224
2.75471,0.236788,-0.220472,0.173158,0.332224
2.75496,0.295803,-0.259843,0.202034,0.332224
2.75521,0.3727,-0.291339,0.249399,0.332224
2.75546,0.452433,-0.307087,0.319375,0.332224
2.75571,0.514178,-0.299213,0.370731,0.332224
2.75596,0.536433,-0.267717,0.395385,0.332224
2.75621,0.502576,-0.19685,0.36755,0.332224
2.75646,0.405462,-0.102362,0.289338,0.332224
2.75671,0.249711,0.015748,0.151451,0.332224
2.75696,0.0523719,0.133858,-0.0220445,0.332224
2.75721,-0.161207,0.244094,-0.206886,0.332224
2.75746,-0.360918,0.322835,-0.37981,0.332224
2.75771,-0.5191,0.370079,-0.514721,0.332224
2.75796,-0.615182,0.377953,-0.576343,0.332224
2.75821,-0.64038,0.346457,-0.582068,0.332224
2.75846,-0.598492,0.291339,-0.512832,0.332224
2.75871,-0.50463,0.212598,-0.393953,0.332224
2.75896,-0.38136,0.133858,-0.252758,0.332224
2.75921,-0.253343,0.0629921,-0.110657,0.332224
2.75946,-0.141226,0.015748,-0.00454258,0.332224
2.75971,-0.0580651,-0.023622,0.0712152,0.332224
2.75996,-0.00607446,-0.0472441,0.11388,0.332224
2.76021,0.0222261,-0.0708661,0.11444,0.332224
2.76046,0.0415604,-0.0866142,0.0993817,0.332224
2.76071,0.0688065,-0.125984,0.0899985,0.332224
2.76096,0.11831,-0.165354,0.108435,0.332224
2.76121,0.196508,-0.220472,0.143604,0.332224
2.76146,0.300139,-0.259843,0.22619,0.332224
2.76171,0.415584,-0.299213,0.311064,0.332224
2.76196,0.5219,-0.322835,0.401948,0.332224
2.76221,0.595155,-0.307087,0.474149,0.332224
2.76246,0.614489,-0.251969,0.487066,0.332224
2.76271,0.566922,-0.181102,0.451241,0.332224
2.76296,0.450958,-0.0708661,0.34529,0.332224
2.76321,0.278082,0.0393701,0.18832,0.332224
2.76346,0.0703354,0.141732,-0.00281428,0.332224
2.76371,-0.143489,0.228346,-0.193808,0.332224
2.76396,-0.333917,0.283465,-0.363302,0.332224
2.76421,-0.476126,0.307087,-0.481866,0.332224
2.76446,-0.555552,0.283465,-0.533391,0.332224
2.76471,-0.569441,0.244094,-0.5237,0.332224
2.76496,-0.527331,0.188976,-0.447981,0.332224
2.76521,-0.447538,0.133858,-0.350279,0.332224
2.76546,-0.352702,0.0866142,-0.232959,0.332224
2.76571,-0.263712,0.0472441,-0.139234,0.332224
2.76596,-0.195213,0.023622,-0.0628581,0.332224
2.76621,-0.152383,0.00787402,-0.0353243,0.332224
2.76646,-0.12986,0,-0.0240831,0.332224
2.76671,-0.114837,0,-0.0380552,0.332224
2.76696,-0.0899617,-0.0314961,-0.0478883,0.332224
2.76721,-0.0397563,-0.0708661,-0.0244228,0.332224
2.76746,0.0454042,-0.125984,0.0251028,0.332224
2.76771,0.164877,-0.181102,0.119987,0.332224
2.76796,0.307683,-0.23622,0.235963,0.332224
2.76821,0.453638,-0.267717,0.366473,0.332224
2.76846,0.577407,-0.267717,0.478705,0.332224
2.76871,0.654273,-0.244094,0.556058,0.332224
2.76896,0.665865,-0.188976,0.569973,0.332224
2.76921,0.604121,-0.110236,0.511281,0.332224
2.76946,0.474048,-0.015748,0.396784,0.332224
2.76971,0.292665,0.0708661,0.225525,0.332224
2.76996,0.085926,0.149606,0.0321544,0.332224
2.77021,-0.116763,0.19685,-0.151358,0.332224
2.77046,-0.287981,0.220472,-0.309504,0.332224
2.77071,-0.408509,0.212598,-0.406411,0.332224
2.77096,-0.469854,0.181102,-0.446546,0.332224
2.77121,-0.475934,0.133858,-0.428966,0.332224
2.77146,-0.440443,0.0944882,-0.371089,0.332224
2.77171,-0.383393,0.0551181,-0.299403,0.332224
2.77196,-0.324871,0.0314961,-0.232379,0.332224
2.77221,-0.280666,0.023622,-0.182924,0.332224
2.77246,-0.257941,0.015748,-0.158436,0.332224
2.77271,-0.253583,0.015748,-0.167806,0.332224
2.77296,-0.256044,0.015748,-0.185679,0.332224
2.77321,-0.247924,0.00787402,-0.205105,0.332224
2.77346,-0.211961,-0.023622,-0.193999,0.332224
2.77371,-0.135413,-0.0629921,-0.147614,0.332224
2.77396,-0.015182,-0.11811,-0.0475394,0.332224
2.77421,0.141199,-0.165354,0.0900186,0.332224
2.77446,0.315309,-0.204724,0.253596,0.332224
2.77471,0.48196,-0.220472,0.410053,0.332224
2.77496,0.613609,-0.204724,0.539373,0.332224
2.77521,0.687105,-0.165354,0.611946,0.332224
2.77546,0.687953,-0.102362,0.620527,0.332224
2.77571,0.614109,-0.015748,0.556446,0.332224
2.77596,0.476634,0.0551181,0.425142,0.332224
2.77621,0.296821,0.11811,0.250351,0.332224
2.77646,0.102614,0.165354,0.0662493,0.332224
2.77671,-0.0781342,0.181102,-0.102914,0.332224
2.77696,-0.22251,0.173228,-0.231439,0.332224
2.77721,-0.317795,0.141732,-0.308292,0.332224
2.77746,-0.362282,0.102362,-0.336054,0.332224
2.77771,-0.365526,0.0551181,-0.32027,0.332224
2.77797,-0.344161,0.015748,-0.281559,0.332224
2.77822,-0.317248,0,-0.248957,0.332224
2.77847,-0.301103,-0.00787402,-0.225795,0.332224
2.77872,-0.30449,-0.00787402,-0.22821,0.332224
2.77897,-0.326452,0,-0.260196,0.332224
2.77922,-0.356459,0,-0.303186,0.332224
2.77947,-0.377363,0,-0.3433,0.332224
2.77972,-0.369992,-0.015748,-0.356743,0.332224
2.77997,-0.318257,-0.0551181,-0.321365,0.332224
2.78022,-0.214663,-0.0944882,-0.238157,0.332224
2.78047,-0.0623987,-0.141732,-0.101416,0.332224
2.78072,0.123437,-0.173228,0.0746225,0.332224
2.78097,0.319048,-0.181102,0.261471,0.332224
2.78122,0.495627,-0.165354,0.435291,0.332224
2.78147,0.62636,-0.125984,0.568678,0.332224
2.78172,0.69085,-0.0629921,0.632955,0.332224
2.78197,0.680232,0,0.630666,0.332224
2.78222,0.598656,0.0787402,0.550235,0.332224
2.78247,0.461985,0.149606,0.429688,0.332224
2.78272,0.294693,0.188976,0.266463,0.332224
2.78297,0.123906,0.19685,0.108766,0.332224
2.78322,-0.0258089,0.181102,-0.0239882,0.332224
2.78347,-0.138232,0.149606,-0.117307,0.332224
2.78372,-0.207258,0.102362,-0.16895,0.332224
2.78397,-0.23827,0.0472441,-0.192994,0.332224
2.78422,-0.244696,0,-0.182835,0.332224
2.78447,-0.244547,-0.023622,-0.168064,0.332224
2.78472,-0.253924,-0.0393701,-0.175568,0.332224
2.78497,-0.28342,-0.0393701,-0.204777,0.332224
2.78522,-0.334004,-0.0393701,-0.265725,0.332224
2.78547,-0.396677,-0.0314961,-0.345688,0.332224
2.78572,-0.454644,-0.0393701,-0.420857,0.332224
2.78597,-0.486945,-0.0629921,-0.477767,0.332224
2.78622,-0.47441,-0.0866142,-0.492566,0.332224
2.78647,-0.404366,-0.125984,-0.435496,0.332224
2.78672,-0.275244,-0.165354,-0.330134,0.332224
2.78697,-0.0970517,-0.188976,-0.161058,0.332224
2.78722,0.108877,-0.19685,0.0345628,0.332224
2.78747,0.314648,-0.173228,0.242485,0.332224
2.78772,0.490822,-0.11811,0.421216,0.332224
2.78797,0.612626,-0.0551181,0.542611,0.332224
2.78822,0.66461,0.023622,0.608086,0.332224
2.78847,0.64411,0.110236,0.593539,0.332224
2.78872,0.560801,0.188976,0.525287,0.332224
2.78897,0.434491,0.244094,0.409476,0.332224
2.78922,0.290167,0.259843,0.279077,0.332224
2.78947,0.152521,0.251969,0.162912,0.332224
2.78972,0.0401657,0.212598,0.0662773,0.332224
2.78997,-0.0374875,0.15748,0.00885154,0.332224
2.79022,-0.0821292,0.102362,-0.0137945,0.332224
2.79047,-0.104322,0.0393701,-0.0215233,0.332224
2.79072,-0.120696,0,-0.0294396,0.332224
2.79097,-0.14752,-0.0314961,-0.0492318,0.332224
2.79122,-0.197044,-0.0393701,-0.104832,0.332224
2.79147,-0.272413,-0.0551181,-0.189744,0.332224
2.79172,-0.366709,-0.0708661,-0.295784,0.332224
2.79197,-0.463809,-0.0866142,-0.422038,0.332224
2.79222,-0.541822,-0.110236,-0.526419,0.332224
2.79247,-0.578397,-0.149606,-0.588504,0.332224
2.79272,-0.556079,-0.188976,-0.600097,0.332224
2.79297,-0.467469,-0.228346,-0.534366,0.332224
2.79322,-0.316909,-0.251969,-0.398646,0.332224
2.79347,-0.121275,-0.251969,-0.210737,0.332224
2.79372,0.0937667,-0.220472,-4.73009e-05,0.332224
2.79397,0.29827,-0.165354,0.194495,0.332224
2.79422,0.464316,-0.0787402,0.373303,0.332224
2.79447,0.571069,0.00787402,0.486922,0.332224
2.79472,0.60941,0.110236,0.530694,0.332224
2.79497,0.582636,0.19685,0.519239,0.332224
2.79522,0.505186,0.267717,0.462772,0.332224
2.79547,0.398802,0.299213,0.379493,0.332224
2.79572,0.287027,0.299213,0.293846,0.332224
2.79597,0.189801,0.283465,0.222426,0.332224
2.79622,0.118686,0.23622,0.179489,0.332224
2.79647,0.0754046,0.173228,0.152619,0.332224
2.79672,0.051473,0.11811,0.156077,0.332224
2.79697,0.0319971,0.0629921,0.146301,0.332224
2.79722,-7.25235e-05,0.023622,0.121876,0.332224
2.79747,-0.0583296,0,0.0620527,0.332224
2.79772,-0.148955,-0.0314961,-0.0351836,0.332224
2.79797,-0.267346,-0.0551181,-0.177071,0.332224
2.79822,-0.39914,-0.0944882,-0.33188,0.332224
2.79847,-0.52227,-0.133858,-0.482426,0.332224
2.79872,-0.61189,-0.181102,-0.606267,0.332224
2.79897,-0.646122,-0.23622,-0.677171,0.332224
2.79922,-0.611545,-0.291339,-0.676373,0.332224
2.79947,-0.506133,-0.322835,-0.590556,0.332224
2.79972,-0.340996,-0.330709,-0.44544,0.332224
2.79997,-0.137842,-0.307087,-0.257142,0.332224
2.80022,0.0744444,-0.251969,-0.0468482,0.332224
2.80047,0.266803,-0.165354,0.146525,0.332224
2.80072,0.414357,-0.0551181,0.298251,0.332224
2.80097,0.50245,0.0551181,0.396852,0.332224
2.80122,0.528171,0.173228,0.436955,0.332224
2.80147,0.500525,0.259843,0.42693,0.332224
2.80172,0.437148,0.322835,0.394373,0.332224
2.80197,0.359724,0.346457,0.339294,0.332224
2.80222,0.288234,0.346457,0.298176,0.332224
2.80247,0.235977,0.307087,0.283736,0.332224
2.80273,0.207029,0.267717,0.288875,0.332224
2.80298,0.195156,0.212598,0.308234,0.332224
2.80323,0.186533,0.165354,0.320316,0.332224
2.80348,0.163694,0.11811,0.312261,0.332224
2.80373,0.111037,0.0787402,0.263713,0.332224
2.80398,0.0192483,0.0393701,0.163449,0.332224
2.80423,-0.110412,0,0.0234737,0.332224
2.80448,-0.266257,-0.0472441,-0.156519,0.332224
2.80473,-0.426981,-0.110236,-0.352025,0.332224
2.80498,-0.566596,-0.188976,-0.533276,0.332224
2.80523,-0.65947,-0.267717,-0.660771,0.332224
2.80548,-0.686355,-0.338583,-0.727265,0.332224
2.80573,-0.638819,-0.401575,-0.710597,0.332224
2.80598,-0.521079,-0.433071,-0.617987,0.332224
2.80623,-0.349863,-0.417323,-0.475452,0.332224
2.80648,-0.150591,-0.370079,-0.28871,0.332224
2.80673,0.047598,-0.291339,-0.101287,0.332224
2.80698,0.218013,-0.165354,0.0716721,0.332224
2.80723,0.341197,-0.0393701,0.197537,0.332224
2.80748,0.409255,0.0866142,0.27381,0.332224
2.80773,0.425489,0.19685,0.306345,0.332224
2.80798,0.403555,0.291339,0.314895,0.332224
2.80823,0.362399,0.354331,0.30475,0.332224
2.80848,0.321557,0.377953,0.299526,0.332224
2.80873,0.295388,0.370079,0.30671,0.332224
2.80898,0.289873,0.354331,0.343657,0.332224
2.80923,0.300822,0.322835,0.394534,0.332224
2.80948,0.315395,0.283465,0.450849,0.332224
2.80973,0.315704,0.244094,0.473132,0.332224
2.80998,0.283958,0.204724,0.461576,0.332224
2.81023,0.20734,0.15748,0.397063,0.332224
2.81048,0.0829445,0.102362,0.263086,0.332224
2.81073,-0.0811406,0.0393701,0.0771477,0.332224
2.81098,-0.26594,-0.0314961,-0.134264,0.332224
2.81123,-0.445544,-0.141732,-0.347632,0.332224
2.81148,-0.591739,-0.244094,-0.538023,0.332224
2.81173,-0.680493,-0.354331,-0.667599,0.332224
2.81198,-0.696852,-0.440945,-0.732171,0.332224
2.81223,-0.638113,-0.503937,-0.709195,0.332224
2.81248,-0.514609,-0.527559,-0.62198,0.332224
2.81273,-0.3473,-0.503937,-0.479657,0.332224
2.81298,-0.1632,-0.433071,-0.32404,0.332224
2.81323,0.0103639,-0.322835,-0.160103,0.332224
2.81348,0.151064,-0.188976,-0.0354046,0.332224
2.81373,0.246606,-0.0393701,0.0656309,0.332224
2.81398,0.295509,0.0866142,0.122824,0.332224
2.81423,0.307275,0.204724,0.149901,0.332224
2.81448,0.298046,0.291339,0.175204,0.332224
2.81473,0.286507,0.354331,0.204171,0.332224
2.81498,0.287567,0.385827,0.246408,0.332224
2.81523,0.309048,0.401575,0.321316,0.332224
2.81548,0.34872,0.401575,0.416549,0.332224
2.81573,0.394879,0.385827,0.506095,0.332224
2.81598,0.429273,0.370079,0.587504,0.332224
2.81623,0.431966,0.346457,0.616214,0.332224
2.81648,0.386691,0.307087,0.595068,0.332224
2.81673,0.285358,0.259843,0.506648,0.332224
2.81698,0.131765,0.19685,0.34598,0.332224
2.81723,-0.0591954,0.0944882,0.126115,0.332224
2.81748,-0.262818,-0.015748,-0.105346,0.332224
2.81773,-0.450304,-0.149606,-0.33362,0.332224
2.81798,-0.593703,-0.291339,-0.518222,0.332224
2.81823,-0.672566,-0.425197,-0.649165,0.332224
2.81848,-0.677327,-0.527559,-0.700854,0.332224
2.81873,-0.611408,-0.598425,-0.678898,0.332224
2.81898,-0.490261,-0.606299,-0.598569,0.332224
2.81923,-0.337324,-0.574803,-0.486131,0.332224
2.81948,-0.179011,-0.488189,-0.358428,0.332224
2.81973,-0.0390132,-0.370079,-0.235343,0.332224
2.81998,0.0671222,-0.228346,-0.144861,0.332224
2.82023,0.133952,-0.0787402,-0.0863335,0.332224
2.82048,0.167169,0.0472441,-0.0439801,0.332224
2.82073,0.180199,0.165354,-0.0105062,0.332224
2.82098,0.190641,0.259843,0.0308174,0.332224
2.82123,0.214106,0.330709,0.105605,0.332224
2.82148,0.260021,0.377953,0.197055,0.332224
2.82173,0.328249,0.409449,0.326372,0.332224
2.82198,0.408709,0.440945,0.469938,0.332224
2.82223,0.483171,0.456693,0.600849,0.332224
2.82248,0.529998,0.464567,0.700993,0.332224
2.82273,0.529164,0.464567,0.729893,0.332224
2.82298,0.467547,0.440945,0.697948,0.332224
2.82323,0.343304,0.377953,0.581751,0.332224
2.82348,0.166443,0.291339,0.405054,0.332224
2.82373,-0.0415986,0.165354,0.178258,0.332224
2.82398,-0.252809,0.00787402,-0.0680761,0.332224
2.82423,-0.437191,-0.149606,-0.287722,0.353362
2.82448,-0.56994,-0.322835,-0.463621,0.353362
2.82473,-0.635099,-0.464567,-0.577814,0.353362
2.82498,-0.629496,-0.566929,-0.624294,0.353362
2.82523,-0.562316,-0.622047,-0.606435,0.353362
2.82548,-0.452441,-0.622047,-0.548879,0.353362
2.82573,-0.324115,-0.574803,-0.467966,0.353362
2.82598,-0.20086,-0.480315,-0.383736,0.353362
2.82623,-0.100589,-0.362205,-0.319826,0.353362
2.82648,-0.0314218,-0.228346,-0.268393,0.353362
2.82673,0.00858412,-0.0944882,-0.240477,0.353362
2.82698,0.0308796,0.00787402,-0.211448,0.353362
2.82723,0.0515924,0.110236,-0.162495,0.353362
2.82749,0.0873997,0.19685,-0.088873,0.353362
2.82774,0.149224,0.259843,0.0157717,0.353362
2.82799,0.239738,0.322835,0.173736,0.353362
2.82824,0.350754,0.370079,0.346732,0.353362
2.82849,0.464967,0.409449,0.526782,0.353362
2.82874,0.559636,0.448819,0.678285,0.353362
2.82899,0.611395,0.464567,0.782548,0.353362
2.82924,0.602139,0.456693,0.809373,0.353362
2.82949,0.523855,0.425197,0.762285,0.353362
2.82974,0.380655,0.354331,0.621353,0.353362
2.82999,0.189179,0.244094,0.429825,0.353362
2.83024,-0.0250882,0.110236,0.194458,0.353362
2.83049,-0.231937,-0.0393701,-0.0414716,0.353362
2.83074,-0.403704,-0.204724,-0.252434,0.353362
2.83099,-0.519316,-0.346457,-0.421856,0.353362
2.83124,-0.569422,-0.472441,-0.520514,0.353362
2.83149,-0.556789,-0.543307,-0.562466,0.353362
2.83174,-0.495521,-0.559055,-0.559137,0.353362
2.83199,-0.406246,-0.535433,-0.515355,0.353362
2.83224,-0.311626,-0.464567,-0.475977,0.353362
2.83249,-0.230447,-0.362205,-0.431402,0.353362
2.83274,-0.173218,-0.251969,-0.404103,0.353362
2.83299,-0.140597,-0.133858,-0.384393,0.353362
2.83324,-0.123346,-0.0314961,-0.365257,0.353362
2.83349,-0.106178,0.0472441,-0.325288,0.353362
2.83374,-0.0716617,0.125984,-0.260466,0.353362
2.83399,-0.00674156,0.181102,-0.156577,0.353362
2.83424,0.0942886,0.23622,0.00546836,0.353362
2.83449,0.226054,0.283465,0.198616,0.353362
2.83474,0.373112,0.330709,0.405155,0.353362
2.83499,0.512453,0.370079,0.605643,0.353362
2.83524,0.618378,0.409449,0.768929,0.353362
2.83549,0.668211,0.425197,0.850398,0.353362
2.83574,0.647649,0.417323,0.862742,0.353362
2.83599,0.554439,0.370079,0.77921,0.353362
2.83624,0.398923,0.283465,0.617674,0.353362
2.83649,0.202812,0.165354,0.404739,0.353362
2.83674,-0.0058425,0.015748,0.174981,0.353362
2.83699,-0.197513,-0.125984,-0.0583232,0.353362
2.83724,-0.348244,-0.275591,-0.250818,0.353362
2.83749,-0.442889,-0.401575,-0.38397,0.353362
2.83774,-0.478754,-0.480315,-0.465954,0.353362
2.83799,-0.464351,-0.519685,-0.507604,0.353362
2.83824,-0.416735,-0.503937,-0.506022,0.353362
2.83849,-0.356619,-0.440945,-0.490272,0.353362
2.83874,-0.302954,-0.354331,-0.473487,0.353362
2.83899,-0.267924,-0.259843,-0.468206,0.353362
2.83924,-0.254296,-0.149606,-0.467805,0.353362
2.83949,-0.254825,-0.0472441,-0.469798,0.353362
2.83974,-0.254933,0.023622,-0.459192,0.353362
2.83999,-0.236368,0.0866142,-0.417327,0.353362
2.84024,-0.183653,0.133858,-0.327614,0.353362
2.84049,-0.0875656,0.181102,-0.183168,0.353362
2.84074,0.0502021,0.228346,0.00246266,0.353362
2.84099,0.217152,0.275591,0.225644,0.353362
2.84124,0.391313,0.322835,0.459544,0.353362
2.84149,0.545858,0.362205,0.661283,0.353362
2.84174,0.654344,0.393701,0.812594,0.353362
2.84199,0.696861,0.401575,0.877824,0.353362
2.84224,0.66426,0.370079,0.862531,0.353362
2.84249,0.560246,0.307087,0.762397,0.353362
2.84274,0.400946,0.204724,0.58796,0.353362
2.84299,0.211165,0.0708661,0.384848,0.353362
2.84324,0.0197687,-0.0708661,0.164655,0.353362
2.84349,-0.14731,-0.220472,-0.0371622,0.353362
2.84374,-0.270915,-0.354331,-0.203826,0.353362
2.84399,-0.34331,-0.448819,-0.313307,0.353362
2.84424,-0.367949,-0.488189,-0.385918,0.353362
2.84449,-0.358007,-0.496063,-0.416229,0.353362
2.84474,-0.331841,-0.448819,-0.430332,0.353362
2.84499,-0.308072,-0.370079,-0.444515,0.353362
2.84524,-0.300004,-0.267717,-0.472263,0.353362
2.84549,-0.312269,-0.165354,-0.506515,0.353362
2.84574,-0.339593,-0.0708661,-0.538229,0.353362
2.84599,-0.367957,0,-0.569428,0.353362
2.84624,-0.378633,0.0629921,-0.569617,0.353362
2.84649,-0.353219,0.110236,-0.509604,0.353362
2.84674,-0.279022,0.15748,-0.398359,0.353362
2.84699,-0.152765,0.19685,-0.220979,0.353362
2.84724,0.0167182,0.244094,0.00773304,0.353362
2.84749,0.210196,0.291339,0.253371,0.353362
2.84774,0.400962,0.346457,0.493587,0.353362
2.84799,0.560458,0.385827,0.694674,0.353362
2.84824,0.663802,0.409449,0.8281,0.353362
2.84849,0.695495,0.393701,0.878956,0.353362
2.84874,0.652293,0.338583,0.844648,0.353362
2.84899,0.543824,0.251969,0.730882,0.353362
2.84924,0.390305,0.11811,0.562802,0.353362
2.84949,0.218285,-0.023622,0.365675,0.353362
2.84974,0.0540859,-0.181102,0.179912,0.353362
2.84999,-0.0805802,-0.322835,0.00411169,0.353362
2.85024,-0.173932,-0.425197,-0.120952,0.353362
2.85049,-0.224981,-0.496063,-0.22038,0.353362
2.85074,-0.243162,-0.503937,-0.272899,0.353362
2.85099,-0.244378,-0.472441,-0.324126,0.353362
2.85124,-0.246659,-0.393701,-0.36193,0.353362
2.85149,-0.264158,-0.307087,-0.414402,0.353362
2.85174,-0.30342,-0.19685,-0.487379,0.353362
2.85199,-0.361016,-0.102362,-0.561809,0.353362
2.85225,-0.424079,-0.023622,-0.637021,0.353362
2.8525,-0.473363,0.0314961,-0.67586,0.353362
2.85275,-0.487856,0.0866142,-0.660983,0.353362
2.853,-0.451001,0.133858,-0.5854,0.353362
2.85325,-0.354366,0.181102,-0.451084,0.353362
2.8535,-0.201662,0.220472,-0.236186,0.353362
2.85375,-0.00813047,0.275591,0.00466248,0.353362
2.854,0.201395,0.338583,0.272185,0.353362
2.85425,0.397693,0.393701,0.518647,0.353362
2.8545,0.552431,0.425197,0.704315,0.353362
2.85475,0.644624,0.433071,0.819853,0.353362
2.855,0.664199,0.393701,0.853551,0.353362
2.85525,0.614082,0.314961,0.805966,0.353362
2.8555,0.50891,0.188976,0.689772,0.353362
2.85575,0.371528,0.0393701,0.535871,0.353362
2.856,0.227362,-0.125984,0.366395,0.353362
2.85625,0.0989909,-0.283465,0.210024,0.353362
2.8565,0.00149309,-0.409449,0.079143,0.353362
2.85675,-0.0609145,-0.496063,-0.0262355,0.353362
2.857,-0.093834,-0.527559,-0.106521,0.353362
2.85725,-0.111331,-0.511811,-0.173131,0.353362
2.8575,-0.130313,-0.456693,-0.232364,0.353362
2.85775,-0.166191,-0.377953,-0.305284,0.353362
2.858,-0.227264,-0.283465,-0.408731,0.353362
2.85825,-0.312477,-0.188976,-0.517167,0.353362
2.8585,-0.410452,-0.110236,-0.626484,0.353362
2.85875,-0.502009,-0.0551181,-0.722589,0.353362
2.859,-0.564221,-0.015748,-0.763369,0.353362
2.85925,-0.576534,0.00787402,-0.749119,0.353362
2.8595,-0.525199,0.0393701,-0.65336,0.353362
2.85975,-0.407973,0.0866142,-0.480906,0.353362
2.86,-0.234851,0.149606,-0.25633,0.353362
2.86025,-0.0271194,0.220472,0.00586191,0.353362
2.8605,0.187093,0.299213,0.270775,0.353362
2.86075,0.377706,0.377953,0.494683,0.353362
2.861,0.519535,0.433071,0.670633,0.353362
2.86125,0.596504,0.464567,0.760705,0.353362
2.8615,0.604991,0.440945,0.772353,0.353362
2.86175,0.553491,0.377953,0.720868,0.353362
2.862,0.460453,0.275591,0.615401,0.353362
2.86225,0.348896,0.141732,0.483545,0.353362
2.8625,0.241442,0,0.359962,0.353362
2.86275,0.154904,-0.133858,0.253839,0.353362
2.863,0.0964816,-0.244094,0.165285,0.353362
2.86325,0.0632317,-0.314961,0.102017,0.353362
2.8635,0.0433411,-0.346457,0.0545287,0.353362
2.86375,0.0204332,-0.338583,-0.000574763,0.353362
2.864,-0.0219359,-0.307087,-0.082393,0.353362
2.86425,-0.0943031,-0.267717,-0.180012,0.353362
2.8645,-0.198392,-0.228346,-0.315269,0.353362
2.86475,-0.325052,-0.204724,-0.462464,0.353362
2.865,-0.456062,-0.188976,-0.600888,0.353362
2.86525,-0.567306,-0.188976,-0.720141,0.353362
2.8655,-0.634828,-0.19685,-0.776498,0.353362
2.86575,-0.639777,-0.188976,-0.769628,0.353362
2.866,-0.573351,-0.15748,-0.677834,0.353362
2.86625,-0.439607,-0.102362,-0.511133,0.353362
2.8665,-0.254437,-0.023622,-0.297358,0.353362
2.86675,-0.0435601,0.0787402,-0.0586828,0.353362
2.867,0.163521,0.19685,0.17558,0.353362
2.86725,0.338529,0.307087,0.369961,0.353362
2.8675,0.461083,0.385827,0.511975,0.353362
2.86775,0.521197,0.433071,0.586984,0.353362
2.868,0.521665,0.433071,0.594383,0.353362
2.86825,0.475667,0.385827,0.556419,0.353362
2.8685,0.403492,0.299213,0.495905,0.353362
2.86875,0.32648,0.19685,0.421647,0.353362
2.869,0.262346,0.0866142,0.364248,0.353362
2.86925,0.220496,-0.00787402,0.322606,0.353362
2.8695,0.200358,-0.0708661,0.299035,0.353362
2.86975,0.191947,-0.11811,0.285457,0.353362
2.87,0.179332,-0.133858,0.255064,0.353362
2.87025,0.144921,-0.133858,0.205212,0.353362
2.8705,0.075586,-0.125984,0.103226,0.353362
2.87075,-0.0337345,-0.125984,-0.0282466,0.353362
2.871,-0.177017,-0.141732,-0.206133,0.353362
2.87125,-0.338079,-0.173228,-0.393861,0.353362
2.8715,-0.492704,-0.228346,-0.577173,0.353362
2.87175,-0.614623,-0.275591,-0.717531,0.353362
2.872,-0.680245,-0.314961,-0.784374,0.353362
2.87225,-0.674608,-0.330709,-0.780797,0.353362
2.8725,-0.594858,-0.307087,-0.702377,0.353362
2.87275,-0.450835,-0.251969,-0.552507,0.353362
2.873,-0.263762,-0.15748,-0.351008,0.353362
2.87325,-0.061279,-0.0393701,-0.12969,0.353362
2.8735,0.127496,0.0866142,0.0642175,0.353362
2.87375,0.278921,0.204724,0.231184,0.353362
2.874,0.378035,0.291339,0.345311,0.353362
2.87425,0.422149,0.338583,0.401547,0.353362
2.8745,0.419398,0.346457,0.424092,0.353362
2.87475,0.386607,0.314961,0.406401,0.353362
2.875,0.343342,0.259843,0.39152,0.353362
2.87525,0.30761,0.19685,0.37249,0.353362
2.8755,0.290431,0.133858,0.37666,0.353362
2.87575,0.293194,0.0866142,0.398381,0.353362
2.876,0.307786,0.0629921,0.422499,0.353362
2.87625,0.318398,0.0629921,0.441215,0.353362
2.8765,0.306618,0.0708661,0.42138,0.353362
2.87675,0.256021,0.0787402,0.354631,0.353362
2.87701,0.158147,0.0629921,0.239476,0.353362
2.87726,0.0144742,0.0314961,0.063562,0.353362
2.87751,-0.161569,-0.023622,-0.140828,0.353362
2.87776,-0.347504,-0.110236,-0.356226,0.353362
2.87801,-0.515681,-0.204724,-0.545393,0.353362
2.87826,-0.63913,-0.299213,-0.68909,0.353362
2.87851,-0.697105,-0.370079,-0.757742,0.353362
2.87876,-0.679904,-0.409449,-0.757805,0.353362
2.87901,-0.590617,-0.393701,-0.66728,0.353362
2.87926,-0.444724,-0.338583,-0.531576,0.353362
2.87951,-0.266424,-0.251969,-0.355805,0.353362
2.87976,-0.0838486,-0.141732,-0.169959,0.353362
2.88001,0.0774565,-0.023622,-0.0104503,0.353362
2.88026,0.199075,0.0708661,0.108731,0.353362
2.88051,0.273553,0.141732,0.192082,0.353362
2.88076,0.304351,0.181102,0.237939,0.353362
2.88101,0.304728,0.19685,0.249939,0.353362
2.88126,0.292216,0.181102,0.256897,0.353362
2.88151,0.284717,0.15748,0.278918,0.353362
2.88176,0.29442,0.141732,0.310241,0.353362
2.88201,0.32477,0.141732,0.3721,0.353362
2.88226,0.369229,0.149606,0.442847,0.353362
2.88251,0.412686,0.188976,0.50723,0.353362
2.88276,0.435562,0.228346,0.542312,0.353362
2.88301,0.418588,0.259843,0.53015,0.353362
2.88326,0.348999,0.267717,0.460145,0.353362
2.88351,0.223409,0.251969,0.323386,0.353362
2.88376,0.0508515,0.188976,0.132168,0.353362
2.88401,-0.149073,0.0944882,-0.0856172,0.353362
2.88426,-0.349177,-0.015748,-0.296891,0.353362
2.88451,-0.520409,-0.141732,-0.488673,0.353362
2.88476,-0.637328,-0.259843,-0.617539,0.353362
2.88501,-0.683913,-0.354331,-0.675341,0.353362
2.88526,-0.656323,-0.401575,-0.665848,0.353362
2.88551,-0.563514,-0.409449,-0.587175,0.353362
2.88576,-0.425094,-0.370079,-0.464087,0.353362
2.88601,-0.266536,-0.299213,-0.326899,0.353362
2.88626,-0.113869,-0.212598,-0.191714,0.353362
2.88651,0.0126186,-0.133858,-0.0856662,0.353362
2.88676,0.101326,-0.0629921,-0.0094725,0.353362
2.88701,0.152135,-0.015748,0.031094,0.353362
2.88726,0.174445,0,0.0490335,0.353362
2.88751,0.184219,0,0.0677248,0.353362
2.88776,0.198648,0,0.0991822,0.353362
2.88801,0.231393,0.00787402,0.156467,0.353362
2.88826,0.287723,0.0472441,0.246872,0.353362
2.88851,0.363135,0.0944882,0.352484,0.353362
2.88876,0.443537,0.165354,0.461928,0.353362
2.88901,0.508598,0.244094,0.556535,0.353362
2.88926,0.536453,0.322835,0.610901,0.353362
2.88951,0.509891,0.370079,0.598598,0.353362
2.88976,0.420136,0.385827,0.515759,0.353362
2.89001,0.270743,0.354331,0.372388,0.353362
2.89026,0.0769138,0.283465,0.181317,0.353362
2.89051,-0.136089,0.181102,-0.0352892,0.353362
2.89076,-0.339077,0.0472441,-0.241684,0.353362
2.89101,-0.503318,-0.0708661,-0.410497,0.353362
2.89126,-0.607502,-0.181102,-0.523947,0.353362
2.89151,-0.641094,-0.251969,-0.570059,0.353362
2.89176,-0.606514,-0.291339,-0.561366,0.353362
2.89201,-0.517691,-0.283465,-0.495792,0.353362
2.89226,-0.396589,-0.251969,-0.392995,0.353362
2.89251,-0.267935,-0.204724,-0.301445,0.353362
2.89276,-0.15307,-0.15748,-0.212305,0.353362
2.89301,-0.0661694,-0.125984,-0.152751,0.353362
2.89326,-0.0107115,-0.110236,-0.12799,0.353362
2.89351,0.019714,-0.11811,-0.102196,0.353362
2.89376,0.0392215,-0.133858,-0.0955907,0.353362
2.89401,0.0646824,-0.15748,-0.0651436,0.353362
2.89426,0.111051,-0.15748,-0.00334102,0.353362
2.89451,0.185826,-0.133858,0.100969,0.353362
2.89476,0.286984,-0.0787402,0.22729,0.353362
2.89501,0.402008,0,0.37103,0.353362
2.89526,0.510631,0.0944882,0.501129,0.353362
2.89551,0.589043,0.204724,0.603814,0.353362
2.89576,0.615522,0.291339,0.648229,0.353362
2.89601,0.576153,0.354331,0.626392,0.353362
2.89626,0.467887,0.377953,0.53003,0.353362
2.89651,0.300752,0.354331,0.372268,0.353362
2.89676,0.0956952,0.291339,0.169066,0.353362
2.89701,-0.118988,0.204724,-0.0423736,0.353362
2.89726,-0.313611,0.0944882,-0.225855,0.353362
2.89751,-0.462476,0.00787402,-0.372925,0.353362
2.89776,-0.549685,-0.0629921,-0.464166,0.353362
2.89801,-0.571006,-0.110236,-0.490018,0.353362
2.89826,-0.534675,-0.11811,-0.464574,0.353362
2.89851,-0.458169,-0.11811,-0.399351,0.353362
2.89876,-0.363962,-0.0944882,-0.327713,0.353362
2.89901,-0.273324,-0.0787402,-0.270533,0.353362
2.89926,-0.20201,-0.0787402,-0.221594,0.353362
2.89951,-0.156164,-0.102362,-0.202747,0.353362
2.89976,-0.131896,-0.141732,-0.196426,0.353362
2.90001,-0.116756,-0.19685,-0.198341,0.353362
2.90026,-0.09404,-0.251969,-0.188105,0.353362
2.90051,-0.0473619,-0.283465,-0.141982,0.353362
2.90076,0.0333955,-0.291339,-0.0527647,0.353362
2.90101,0.149293,-0.259843,0.0688687,0.353362
2.90126,0.29025,-0.188976,0.220679,0.353362
2.90152,0.4371,-0.0866142,0.383311,0.353362
2.90177,0.564818,0.023622,0.521472,0.353362
2.90202,0.648326,0.141732,0.611011,0.353362
2.90227,0.66826,0.23622,0.641486,0.353362
2.90252,0.615147,0.299213,0.60122,0.353362
2.90277,0.492454,0.322835,0.482164,0.353362
2.90302,0.315894,0.307087,0.322989,0.353362
2.90327,0.110622,0.251969,0.132045,0.353362
2.90352,-0.0940708,0.188976,-0.0501495,0.353362
2.90377,-0.270184,0.125984,-0.212261,0.353362
2.90402,-0.397359,0.0708661,-0.320179,0.353362
2.90427,-0.465695,0.0472441,-0.369279,0.353362
2.90452,-0.477738,0.0314961,-0.371694,0.353362
2.90477,-0.446169,0.0393701,-0.341122,0.353362
2.90502,-0.390575,0.0551181,-0.300299,0.353362
2.90527,-0.331256,0.0551181,-0.252201,0.353362
2.90552,-0.2848,0.0393701,-0.228528,0.353362
2.90577,-0.259499,0,-0.231411,0.353362
2.90602,-0.253505,-0.0629921,-0.242776,0.353362
2.90627,-0.255926,-0.149606,-0.270478,0.353362
2.90652,-0.249991,-0.244094,-0.28781,0.353362
2.90677,-0.218111,-0.322835,-0.265914,0.353362
2.90702,-0.14671,-0.370079,-0.206232,0.353362
2.90727,-0.0314553,-0.377953,-0.101574,0.353362
2.90752,0.121441,-0.346457,0.0480114,0.353362
2.90777,0.294668,-0.259843,0.220008,0.353362
2.90802,0.463639,-0.15748,0.381073,0.353362
2.90827,0.600731,-0.0472441,0.516253,0.353362
2.90852,0.682051,0.0551181,0.598766,0.353362
2.90877,0.691811,0.149606,0.607214,0.353362
2.90902,0.626482,0.204724,0.552113,0.353362
2.90927,0.495513,0.228346,0.430636,0.353362
2.90952,0.319392,0.212598,0.279854,0.353362
2.90977,0.125287,0.188976,0.108915,0.353362
2.91002,-0.0582717,0.15748,-0.0512073,0.353362
2.91027,-0.207924,0.133858,-0.172135,0.353362
2.91052,-0.309196,0.133858,-0.242098,0.353362
2.91077,-0.359471,0.149606,-0.267038,0.353362
2.91102,-0.366724,0.173228,-0.254707,0.353362
2.91127,-0.347255,0.19685,-0.23608,0.353362
2.91152,-0.320127,0.212598,-0.208868,0.353362
2.91177,-0.302081,0.204724,-0.195932,0.353362
2.91202,-0.30301,0.15748,-0.217238,0.353362
2.91227,-0.323155,0.0787402,-0.250925,0.353362
2.91252,-0.353004,-0.023622,-0.306601,0.353362
2.91277,-0.375988,-0.141732,-0.344138,0.353362
2.91302,-0.372894,-0.259843,-0.367399,0.353362
2.91327,-0.326968,-0.354331,-0.335127,0.353362
2.91352,-0.229545,-0.409449,-0.258438,0.353362
2.91377,-0.0824418,-0.417323,-0.121487,0.353362
2.91402,0.100529,-0.377953,0.0477023,0.353362
2.91427,0.296445,-0.299213,0.229012,0.353362
2.91452,0.476731,-0.204724,0.392791,0.353362
2.91477,0.614112,-0.110236,0.510646,0.353362
2.91502,0.687102,-0.015748,0.577214,0.353362
2.91527,0.685373,0.0393701,0.569956,0.353362
2.91552,0.611529,0.0787402,0.491121,0.353362
2.91577,0.480188,0.0944882,0.379016,0.353362
2.91602,0.31509,0.0944882,0.230006,0.353362
2.91627,0.143329,0.0944882,0.0840581,0.353362
2.91652,-0.00992586,0.102362,-0.0358298,0.353362
2.91677,-0.12726,0.125984,-0.112019,0.353362
2.91702,-0.201317,0.173228,-0.160365,0.353362
2.91727,-0.236242,0.23622,-0.161198,0.353362
2.91752,-0.244657,0.291339,-0.15349,0.353362
2.91777,-0.244376,0.338583,-0.134908,0.353362
2.91802,-0.251909,0.354331,-0.131364,0.353362
2.91827,-0.278785,0.322835,-0.15939,0.353362
2.91852,-0.327152,0.259843,-0.213538,0.353362
2.91877,-0.389169,0.149606,-0.284887,0.353362
2.91902,-0.448725,0.023622,-0.36511,0.353362
2.91927,-0.485198,-0.110236,-0.410816,0.353362
2.91952,-0.478699,-0.244094,-0.416115,0.353362
2.91977,-0.415846,-0.338583,-0.37739,0.353362
2.92002,-0.293291,-0.393701,-0.275707,0.353362
2.92027,-0.120073,-0.401575,-0.119453,0.353362
2.92052,0.0840635,-0.377953,0.0588002,0.353362
2.92077,0.291303,-0.307087,0.232234,0.353362
2.92102,0.472498,-0.244094,0.387768,0.353362
2.92127,0.601662,-0.173228,0.491993,0.353362
2.92152,0.662327,-0.11811,0.527224,0.353362
2.92177,0.650026,-0.0866142,0.509929,0.353362
2.92202,0.573302,-0.0787402,0.430562,0.353362
2.92227,0.450802,-0.0629921,0.308079,0.353362
2.92252,0.307252,-0.0551181,0.181041,0.353362
2.92277,0.167692,-0.023622,0.0712666,0.353362
2.92302,0.0516609,0.023622,-0.00654064,0.353362
2.92327,-0.0302031,0.0944882,-0.0547505,0.353362
2.92352,-0.0783404,0.188976,-0.0689933,0.353362
2.92377,-0.102379,0.291339,-0.0676502,0.353362
2.92402,-0.118554,0.385827,-0.0566532,0.353362
2.92427,-0.143363,0.440945,-0.0605075,0.428022
2.92452,-0.189856,0.456693,-0.09284,0.428022
2.92477,-0.262327,0.425197,-0.15549,0.428022
2.92502,-0.355075,0.346457,-0.235009,0.428022
2.92527,-0.452908,0.228346,-0.334935,0.428022
2.92552,-0.534371,0.0944882,-0.419164,0.428022
2.92577,-0.576872,-0.0393701,-0.456424,0.428022
2.92602,-0.562091,-0.15748,-0.450835,0.428022
2.92628,-0.481311,-0.244094,-0.386087,0.428022
2.92653,-0.337388,-0.291339,-0.266718,0.428022
2.92678,-0.145872,-0.314961,-0.0977482,0.428022
2.92703,0.0685108,-0.307087,0.0821806,0.428022
2.92728,0.275702,-0.275591,0.253705,0.428022
2.92753,0.44755,-0.244094,0.39338,0.428022
2.92778,0.561999,-0.228346,0.463225,0.428022
2.92803,0.608473,-0.220472,0.482625,0.428022
2.92828,0.588799,-0.228346,0.442837,0.428022
2.92853,0.516277,-0.228346,0.359722,0.428022
2.92878,0.412053,-0.220472,0.25828,0.428022
2.92903,0.299805,-0.204724,0.155963,0.428022
2.92928,0.200024,-0.141732,0.0716874,0.428022
2.92953,0.125626,-0.0551181,0.0245426,0.428022
2.92978,0.0792375,0.0551181,0.00395559,0.428022
2.93003,0.05382,0.181102,0.0126078,0.428022
2.93028,0.0345952,0.307087,0.0248467,0.428022
2.93053,0.00494874,0.417323,0.0271826,0.428022
2.93078,-0.0498318,0.472441,-0.00565984,0.428022
2.93103,-0.136579,0.496063,-0.062283,0.428022
2.93128,-0.252345,0.456693,-0.162351,0.428022
2.93153,-0.383597,0.377953,-0.27159,0.428022
2.93178,-0.509034,0.267717,-0.378094,0.428022
2.93203,-0.603837,0.141732,-0.466873,0.428022
2.93228,-0.645534,0.023622,-0.496609,0.428022
2.93253,-0.619367,-0.0629921,-0.47402,0.428022
2.93278,-0.521962,-0.141732,-0.389634,0.428022
2.93303,-0.362911,-0.173228,-0.240942,0.428022
2.93328,-0.162816,-0.19685,-0.0775685,0.428022
2.93353,0.04994,-0.204724,0.103572,0.428022
2.93378,0.246093,-0.212598,0.254922,0.428022
2.93403,0.399902,-0.228346,0.371025,0.428022
2.93428,0.495398,-0.259843,0.421973,0.428022
2.93453,0.5282,-0.291339,0.423106,0.428022
2.93478,0.506052,-0.330709,0.368882,0.428022
2.93503,0.445773,-0.354331,0.292126,0.428022
2.93528,0.368883,-0.354331,0.204255,0.428022
2.93553,0.295835,-0.322835,0.135212,0.428022
2.93578,0.240892,-0.244094,0.0908017,0.428022
2.93603,0.209332,-0.133858,0.0789439,0.428022
2.93628,0.196039,0,0.0878134,0.428022
2.93653,0.187915,0.141732,0.110813,0.428022
2.93678,0.167647,0.283465,0.117089,0.428022
2.93703,0.119156,0.393701,0.0935463,0.428022
2.93728,0.032128,0.464567,0.0343448,0.428022
2.93753,-0.0935114,0.480315,-0.0601558,0.428022
2.93778,-0.247188,0.448819,-0.186281,0.428022
2.93803,-0.40863,0.385827,-0.320244,0.428022
2.93828,-0.552127,0.299213,-0.430172,0.428022
2.93853,-0.651667,0.212598,-0.508797,0.428022
2.93878,-0.686997,0.11811,-0.528541,0.428022
2.93903,-0.64826,0.0551181,-0.477832,0.428022
2.93928,-0.538209,0.00787402,-0.374274,0.428022
2.93953,-0.372027,-0.015748,-0.224402,0.428022
2.93978,-0.174672,-0.0472441,-0.0498322,0.428022
2.94003,0.0252481,-0.0866142,0.110426,0.428022
2.94028,0.200014,-0.133858,0.24606,0.428022
2.94053,0.329527,-0.19685,0.331074,0.428022
2.94078,0.40402,-0.283465,0.368237,0.428022
2.94103,0.425909,-0.362205,0.353569,0.428022
2.94128,0.40748,-0.433071,0.306808,0.428022
2.94153,0.36759,-0.480315,0.240016,0.428022
2.94178,0.325826,-0.488189,0.180705,0.428022
2.94203,0.29742,-0.440945,0.148267,0.428022
2.94228,0.289487,-0.346457,0.137869,0.428022
2.94253,0.299012,-0.212598,0.149931,0.428022
2.94278,0.314123,-0.0551181,0.177185,0.428022
2.94303,0.316993,0.0944882,0.192586,0.428022
2.94328,0.289835,0.244094,0.180166,0.428022
2.94353,0.218864,0.346457,0.136765,0.428022
2.94378,0.0999073,0.417323,0.0499676,0.428022
2.94403,-0.0603067,0.448819,-0.0828716,0.428022
2.94428,-0.24391,0.425197,-0.228284,0.428022
2.94453,-0.425608,0.393701,-0.366639,0.428022
2.94478,-0.577106,0.338583,-0.47892,0.428022
2.94503,-0.673615,0.283465,-0.54078,0.428022
2.94528,-0.698895,0.23622,-0.534453,0.428022
2.94553,-0.648704,0.204724,-0.465491,0.428022
2.94578,-0.53191,0.173228,-0.343073,0.428022
2.94603,-0.368424,0.133858,-0.179648,0.428022
2.94628,-0.184824,0.0787402,-0.0149967,0.428022
2.94653,-0.00870635,0.00787402,0.130443,0.428022
2.94678,0.13672,-0.0787402,0.235758,0.428022
2.94703,0.237881,-0.19685,0.296373,0.428022
2.94728,0.291962,-0.322835,0.306237,0.428022
2.94753,0.30736,-0.433071,0.282379,0.428022
2.94778,0.29962,-0.535433,0.232805,0.428022
2.94803,0.287406,-0.582677,0.189017,0.428022
2.94828,0.286448,-0.574803,0.157401,0.428022
2.94853,0.305439,-0.519685,0.15155,0.428022
2.94878,0.343401,-0.417323,0.176467,0.428022
2.94903,0.389698,-0.267717,0.210611,0.428022
2.94928,0.42647,-0.110236,0.241965,0.428022
2.94953,0.433962,0.0472441,0.25438,0.428022
2.94978,0.394859,0.181102,0.227668,0.428022
2.95003,0.300288,0.283465,0.158268,0.428022
2.95028,0.152171,0.354331,0.0406731,0.428022
2.95053,-0.035411,0.385827,-0.0965859,0.428022
2.95078,-0.239114,0.385827,-0.257922,0.428022
2.95104,-0.429941,0.377953,-0.396565,0.428022
2.95129,-0.579856,0.362205,-0.493063,0.428022
2.95154,-0.667066,0.354331,-0.530955,0.428022
2.95179,-0.680629,0.338583,-0.50078,0.428022
2.95204,-0.622436,0.330709,-0.414911,0.428022
2.95229,-0.506689,0.307087,-0.283891,0.428022
2.95254,-0.356114,0.259843,-0.136364,0.428022
2.95279,-0.197093,0.188976,0.00471214,0.428022
2.95304,-0.0539388,0.0866142,0.12154,0.428022
2.95329,0.0566634,-0.0314961,0.193843,0.428022
2.95354,0.128045,-0.173228,0.21988,0.428022
2.95379,0.16465,-0.330709,0.214726,0.428022
2.95404,0.179163,-0.464567,0.180998,0.428022
2.95429,0.189021,-0.566929,0.144383,0.428022
2.95454,0.210298,-0.606299,0.126046,0.428022
2.95479,0.253368,-0.606299,0.132792,0.428022
2.95504,0.319296,-0.543307,0.171718,0.428022
2.95529,0.399132,-0.433071,0.223443,0.428022
2.95554,0.475392,-0.307087,0.2775,0.428022
2.95579,0.526604,-0.15748,0.322072,0.428022
2.95604,0.53224,-0.023622,0.32409,0.428022
2.95629,0.478114,0.0787402,0.284263,0.428022
2.95654,0.360961,0.165354,0.18708,0.428022
2.95679,0.189368,0.220472,0.0561097,0.428022
2.95704,-0.016364,0.259843,-0.106685,0.428022
2.95729,-0.228785,0.275591,-0.263119,0.428022
2.95754,-0.417747,0.299213,-0.394359,0.428022
2.95779,-0.557634,0.322835,-0.484743,0.428022
2.95804,-0.631165,0.354331,-0.509682,0.428022
2.95829,-0.633652,0.385827,-0.46862,0.428022
2.95854,-0.572799,0.409449,-0.379241,0.428022
2.95879,-0.466827,0.409449,-0.259318,0.428022
2.95904,-0.339381,0.385827,-0.130229,0.428022
2.95929,-0.214515,0.314961,-0.0216985,0.428022
2.95954,-0.110828,0.204724,0.0668362,0.428022
2.95979,-0.0380062,0.0629921,0.1053,0.428022
2.96004,0.00509833,-0.0866142,0.1163,0.428022
2.96029,0.028578,-0.244094,0.0993829,0.428022
2.96054,0.0486834,-0.377953,0.0872642,0.428022
2.96079,0.081901,-0.480315,0.0836689,0.428022
2.96104,0.140419,-0.527559,0.0961925,0.428022
2.96129,0.227708,-0.535433,0.151074,0.428022
2.96154,0.337105,-0.488189,0.228641,0.428022
2.96179,0.452053,-0.417323,0.317632,0.428022
2.96204,0.550287,-0.322835,0.389413,0.428022
2.96229,0.608184,-0.220472,0.42579,0.428022
2.96254,0.606755,-0.133858,0.413859,0.428022
2.96279,0.536631,-0.0551181,0.344998,0.428022
2.96304,0.400432,0,0.229909,0.428022
2.96329,0.213456,0.0314961,0.0677816,0.428022
2.96354,0.000334018,0.0787402,-0.110302,0.428022
2.96379,-0.208992,0.125984,-0.282492,0.428022
2.96404,-0.3861,0.181102,-0.406467,0.428022
2.96429,-0.509047,0.259843,-0.490453,0.428022
2.96454,-0.566964,0.338583,-0.498382,0.428022
2.96479,-0.561171,0.417323,-0.458571,0.428022
2.96504,-0.504649,0.472441,-0.377184,0.428022
2.96529,-0.417462,0.496063,-0.265123,0.428022
2.96554,-0.322372,0.472441,-0.160995,0.428022
2.96579,-0.238868,0.409449,-0.0808137,0.428022
2.96604,-0.17858,0.299213,-0.0193686,0.428022
2.96629,-0.143369,0.149606,0.00863139,0.428022
2.96654,-0.125014,0,0.00784146,0.428022
2.96679,-0.108756,-0.149606,0.0101054,0.428022
2.96704,-0.077074,-0.283465,0.0151391,0.428022
2.96729,-0.0162309,-0.377953,0.0456145,0.428022
2.96754,0.0806111,-0.425197,0.112768,0.428022
2.96779,0.209361,-0.433071,0.209663,0.428022
2.96804,0.355705,-0.417323,0.316334,0.428022
2.96829,0.497285,-0.370079,0.411266,0.428022
2.96854,0.608435,-0.322835,0.491322,0.428022
2.96879,0.665815,-0.267717,0.516912,0.428022
2.96904,0.653959,-0.228346,0.479186,0.428022
2.96929,0.568958,-0.19685,0.381631,0.428022
2.96954,0.41993,-0.165354,0.233564,0.428022
2.96979,0.227125,-0.133858,0.0524108,0.428022
2.97004,0.0184978,-0.0787402,-0.131923,0.428022
2.97029,-0.176678,0,-0.291265,0.428022
2.97054,-0.333126,0.0866142,-0.412985,0.428022
2.97079,-0.434869,0.204724,-0.466513,0.428022
2.97104,-0.477337,0.314961,-0.472537,0.428022
2.97129,-0.468176,0.417323,-0.423338,0.428022
2.97154,-0.423369,0.496063,-0.344165,0.428022
2.97179,-0.36369,0.535433,-0.257688,0.428022
2.97204,-0.30846,0.511811,-0.182348,0.428022
2.97229,-0.270892,0.448819,-0.123504,0.428022
2.97254,-0.254929,0.338583,-0.100076,0.428022
2.97279,-0.254432,0.204724,-0.0948214,0.428022
2.97304,-0.255514,0.0629921,-0.0975925,0.428022
2.97329,-0.240037,-0.0551181,-0.0854867,0.428022
2.97354,-0.192006,-0.173228,-0.0532916,0.428022
2.97379,-0.101158,-0.244094,0.014533,0.428022
2.97404,0.0321302,-0.283465,0.116596,0.428022
2.97429,0.196716,-0.307087,0.237387,0.428022
2.97454,0.371288,-0.307087,0.377234,0.428022
2.97479,0.529583,-0.291339,0.489087,0.428022
2.97504,0.644692,-0.291339,0.553169,0.428022
2.97529,0.695695,-0.291339,0.568077,0.428022
2.97554,0.671995,-0.299213,0.516377,0.428022
2.9758,0.575772,-0.307087,0.401379,0.428022
2.97605,0.42182,-0.299213,0.240111,0.428022
2.9763,0.234147,-0.275591,0.0531569,0.428022
2.97655,0.041496,-0.220472,-0.115767,0.428022
2.9768,-0.129637,-0.125984,-0.268926,0.428022
2.97705,-0.258991,-0.00787402,-0.365598,0.428022
2.9773,-0.337462,0.125984,-0.405289,0.428022
2.97755,-0.36719,0.259843,-0.399144,0.428022
2.9778,-0.36042,0.385827,-0.367201,0.428022
2.97805,-0.335139,0.464567,-0.301531,0.428022
2.9783,-0.310255,0.503937,-0.248652,0.428022
2.97855,-0.299899,0.496063,-0.213178,0.428022
2.9788,-0.309846,0.440945,-0.195935,0.428022
2.97905,-0.335976,0.346457,-0.20632,0.428022
2.9793,-0.365209,0.244094,-0.214426,0.428022
2.97955,-0.37899,0.133858,-0.216597,0.428022
2.9798,-0.358664,0.0314961,-0.19167,0.428022
2.98005,-0.290489,-0.0314961,-0.128837,0.428022
2.9803,-0.170255,-0.0866142,-0.0301729,0.428022
2.98055,-0.00493758,-0.11811,0.110838,0.428022
2.9808,0.186898,-0.149606,0.268807,0.428022
2.98105,0.379586,-0.165354,0.416266,0.428022
2.9813,0.544121,-0.204724,0.542434,0.428022
2.98155,0.65516,-0.244094,0.610989,0.428022
2.9818,0.69571,-0.307087,0.61434,0.428022
2.98205,0.66107,-0.362205,0.541608,0.428022
2.9823,0.559403,-0.401575,0.422828,0.428022
2.98255,0.40988,-0.425197,0.257134,0.428022
2.9828,0.238621,-0.401575,0.0824764,0.428022
2.98305,0.0722152,-0.338583,-0.0809463,0.428022
2.9833,-0.0667534,-0.228346,-0.205338,0.428022
2.98355,-0.165249,-0.0944882,-0.292401,0.428022
2.9838,-0.220961,0.0393701,-0.324975,0.428022
2.98405,-0.242275,0.181102,-0.320939,0.428022
2.9843,-0.24453,0.314961,-0.307314,0.428022
2.98455,-0.245837,0.385827,-0.280665,0.428022
2.9848,-0.260995,0.425197,-0.26242,0.428022
2.98505,-0.297689,0.417323,-0.272113,0.428022
2.9853,-0.353619,0.370079,-0.298495,0.428022
2.98555,-0.41695,0.307087,-0.330158,0.428022
2.9858,-0.468959,0.228346,-0.350991,0.428022
2.98605,-0.488531,0.15748,-0.344501,0.428022
2.9863,-0.45837,0.102362,-0.300079,0.428022
2.98655,-0.368821,0.0551181,-0.201563,0.428022
2.9868,-0.222153,0.0314961,-0.0592666,0.428022
2.98705,-0.0322832,0,0.110408,0.428022
2.9873,0.176838,-0.023622,0.293039,0.428022
2.98755,0.376248,-0.0708661,0.451609,0.428022
2.9878,0.537146,-0.133858,0.570485,0.428022
2.98805,0.637469,-0.19685,0.635199,0.428022
2.9883,0.665693,-0.275591,0.62288,0.428022
2.98855,0.623226,-0.338583,0.543242,0.428022
2.9888,0.523462,-0.377953,0.422287,0.428022
2.98905,0.388605,-0.385827,0.268978,0.428022
2.9893,0.243892,-0.354331,0.104789,0.428022
2.98955,0.112787,-0.275591,-0.0296221,0.428022
2.9898,0.0111162,-0.173228,-0.127872,0.428022
2.99005,-0.0551378,-0.0393701,-0.187854,0.428022
2.9903,-0.0910996,0.0787402,-0.211594,0.428022
2.99055,-0.109436,0.188976,-0.208231,0.428022
2.9908,-0.127469,0.267717,-0.203009,0.428022
2.99105,-0.16067,0.314961,-0.205891,0.428022
2.9913,-0.21871,0.314961,-0.23581,0.428022
2.99155,-0.301439,0.283465,-0.27847,0.428022
2.9918,-0.39882,0.23622,-0.336656,0.428022
2.99205,-0.492292,0.181102,-0.403371,0.428022
2.9923,-0.559115,0.125984,-0.436245,0.428022
2.99255,-0.578204,0.0866142,-0.439756,0.428022
2.9928,-0.53472,0.0629921,-0.377723,0.428022
2.99305,-0.424978,0.0551181,-0.276586,0.428022
2.9933,-0.257518,0.0393701,-0.113767,0.428022
2.99355,-0.0524913,0.0314961,0.0652206,0.428022
2.9938,0.162548,0,0.251098,0.428022
2.99405,0.357383,-0.0393701,0.401404,0.428022
2.9943,0.50601,-0.102362,0.511826,0.428022
2.99455,0.591054,-0.173228,0.568339,0.428022
2.9948,0.607391,-0.244094,0.546096,0.428022
2.99505,0.562146,-0.299213,0.473105,0.428022
2.9953,0.472752,-0.322835,0.371625,0.428022
2.99555,0.362219,-0.314961,0.24689,0.428022
2.9958,0.25325,-0.259843,0.138895,0.428022
2.99605,0.163666,-0.173228,0.0508329,0.428022
2.9963,0.101881,-0.0708661,-0.00682557,0.428022
2.99655,0.0661373,0.0393701,-0.027771,0.428022
2.9968,0.0454766,0.141732,-0.0337877,0.428022
2.99705,0.0238365,0.212598,-0.0395979,0.428022
2.9973,-0.0155465,0.251969,-0.0597922,0.428022
2.99755,-0.0840862,0.251969,-0.10275,0.428022
2.9978,-0.184705,0.220472,-0.170661,0.428022
2.99805,-0.309489,0.173228,-0.266714,0.428022
2.9983,-0.44117,0.11811,-0.372137,0.428022
2.99855,-0.556024,0.0708661,-0.462355,0.428022
2.9988,-0.629834,0.0393701,-0.520289,0.428022
2.99905,-0.642832,0.023622,-0.527127,0.428022
2.9993,-0.584933,0.023622,-0.467973,0.428022
2.99955,-0.458432,0.0314961,-0.345863,0.428022
2.9998,-0.278232,0.0314961,-0.182466,0.428022
3.00005,-0.0687663,0.015748,-0.00302771,0.428022
3.0003,0.140198,0,0.177053,0.428022
3.00056,0.320387,-0.0551181,0.321859,0.428022
3.00081,0.449732,-0.125984,0.423685,0.428022
3.00106,0.517391,-0.188976,0.463597,0.428022
3.00131,0.524313,-0.244094,0.45107,0.428022
3.00156,0.482882,-0.275591,0.39853,0.428022
3.00181,0.412656,-0.267717,0.326961,0.428022
3.00206,0.335162,-0.228346,0.248941,0.428022
3.00231,0.268828,-0.15748,0.181602,0.428022
3.00256,0.224176,-0.0551181,0.147369,0.428022
3.00281,0.201834,0.0393701,0.126412,0.428022
3.00306,0.19279,0.141732,0.135087,0.428022
3.00331,0.181606,0.212598,0.129575,0.428022
3.00356,0.150567,0.244094,0.118322,0.428022
3.00381,0.0858027,0.244094,0.072765,0.428022
3.00406,-0.0188989,0.212598,-0.0110996,0.428022
3.00431,-0.158828,0.165354,-0.132979,0.428022
3.00456,-0.31894,0.102362,-0.262756,0.428022
3.00481,-0.47568,0.0551181,-0.404495,0.428022
3.00506,-0.602796,0.00787402,-0.512146,0.428022
3.00531,-0.676024,0,-0.570793,0.428022
3.00556,-0.679183,-0.00787402,-0.577824,0.428022
3.00581,-0.607841,0,-0.511421,0.428022
3.00606,-0.470513,0,-0.383143,0.428022
3.00631,-0.287153,0,-0.224596,0.428022
3.00656,-0.0849368,-0.023622,-0.0562254,0.428022
3.00681,0.106881,-0.0708661,0.115987,0.428022
3.00706,0.263645,-0.11811,0.241639,0.428022
3.00731,0.369292,-0.188976,0.323871,0.428022
3.00756,0.419662,-0.244094,0.358993,0.428022
3.00781,0.421676,-0.275591,0.349396,0.428022
3.00806,0.391422,-0.267717,0.307115,0.428022
3.00831,0.348352,-0.228346,0.26268,0.428022
3.00856,0.310991,-0.149606,0.227157,0.428022
3.00881,0.291344,-0.0472441,0.212378,0.428022
3.00906,0.292001,0.0551181,0.22057,0.428022
3.00931,0.305907,0.15748,0.246021,0.428022
3.00956,0.318029,0.244094,0.270403,0.428022
3.00981,0.309734,0.291339,0.272586,0.428022
3.01006,0.264445,0.291339,0.249544,0.428022
3.01031,0.172174,0.267717,0.1792,0.428022
3.01056,0.0335283,0.212598,0.0628632,0.428022
3.01081,-0.139826,0.141732,-0.0803574,0.428022
3.01106,-0.325991,0.0866142,-0.248717,0.428022
3.01131,-0.497717,0.023622,-0.40102,0.428022
3.01156,-0.627643,0,-0.515138,0.428022
3.01181,-0.69411,-0.015748,-0.574579,0.428022
3.01206,-0.685822,-0.023622,-0.567535,0.428022
3.01231,-0.604468,-0.023622,-0.50732,0.428022
3.01256,-0.464108,-0.0314961,-0.385039,0.428022
3.01281,-0.288178,-0.0629921,-0.23798,0.428022
3.01306,-0.10468,-0.102362,-0.0934341,0.428022
3.01331,0.0602701,-0.165354,0.0372621,0.428022
3.01356,0.187179,-0.23622,0.140894,0.428022
3.01381,0.267243,-0.291339,0.190484,0.428022
3.01406,0.302646,-0.322835,0.216605,0.428022
3.01431,0.305747,-0.322835,0.201942,0.428022
3.01456,0.293754,-0.283465,0.182059,0.428022
3.01481,0.284886,-0.19685,0.179271,0.428022
3.01506,0.292179,-0.0866142,0.190884,0.428022
3.01531,0.320246,0.0314961,0.219162,0.428022
3.01556,0.363682,0.15748,0.277743,0.428022
3.01581,0.408226,0.259843,0.336707,0.428022
3.01606,0.434582,0.330709,0.381937,0.428022
3.01631,0.423182,0.354331,0.399057,0.428022
3.01656,0.36013,0.346457,0.35936,0.428022
3.01681,0.240899,0.299213,0.273549,0.428022
3.01706,0.073052,0.23622,0.135962,0.428022
3.01731,-0.125056,0.15748,-0.0286518,0.428022
3.01756,-0.326569,0.0944882,-0.202165,0.428022
3.01781,-0.502653,0.0472441,-0.360997,0.428022
3.01806,-0.62701,0.015748,-0.483948,0.428022
3.01831,-0.682337,0,-0.540473,0.428022
3.01856,-0.663247,-0.015748,-0.536408,0.428022
3.01881,-0.577269,-0.0393701,-0.465796,0.428022
3.01906,-0.442956,-0.0708661,-0.373456,0.428022
3.01931,-0.285447,-0.125984,-0.247738,0.428022
3.01956,-0.130806,-0.188976,-0.135326,0.428022
3.01981,-0.00052894,-0.267717,-0.0445686,0.428022
3.02006,0.0929615,-0.330709,0.0185408,0.428022
3.02031,0.147801,-0.377953,0.0430196,0.428022
3.02056,0.172839,-0.385827,0.0581599,0.428022
3.02081,0.183064,-0.354331,0.0519743,0.428022
3.02106,0.196214,-0.267717,0.0626217,0.428022
3.02131,0.226275,-0.15748,0.0902024,0.428022
3.02156,0.279945,-0.023622,0.15125,0.428022
3.02181,0.353637,0.110236,0.240918,0.428022
3.02206,0.434431,0.23622,0.339014,0.428022
3.02231,0.502448,0.322835,0.426088,0.428022
3.02256,0.535782,0.377953,0.486986,0.428022
3.02281,0.516221,0.385827,0.500324,0.428022
3.02306,0.433967,0.354331,0.455165,0.428022
3.02331,0.291028,0.299213,0.355683,0.428022
3.02356,0.101272,0.23622,0.196783,0.428022
3.02381,-0.110946,0.173228,0.0232393,0.428022
3.02406,-0.316693,0.11811,-0.16053,0.428022
3.02431,-0.48678,0.0787402,-0.313494,0.304497
3.02456,-0.59883,0.0472441,-0.427691,0.304497
3.02481,-0.640849,0.0314961,-0.476005,0.304497
3.02506,-0.613775,0,-0.480107,0.304497
3.02532,-0.530302,-0.0472441,-0.43058,0.304497
3.02557,-0.411717,-0.110236,-0.347471,0.304497
3.02582,-0.282732,-0.188976,-0.261543,0.304497
3.02607,-0.165314,-0.283465,-0.189834,0.304497
3.02632,-0.0747244,-0.370079,-0.134194,0.304497
3.02657,-0.015705,-0.433071,-0.107398,0.304497
3.02682,0.0169535,-0.464567,-0.102206,0.304497
3.02707,0.0369699,-0.440945,-0.0975562,0.304497
3.02732,0.0608558,-0.370079,-0.0929416,0.304497
3.02757,0.1042,-0.259843,-0.0510032,0.304497
3.02782,0.175532,-0.11811,0.0210834,0.304497
3.02807,0.274033,0.0314961,0.133023,0.304497
3.02832,0.388348,0.173228,0.263216,0.304497
3.02857,0.498942,0.291339,0.386981,0.304497
3.02882,0.582125,0.370079,0.507338,0.304497
3.02907,0.615627,0.401575,0.574158,0.304497
3.02932,0.584415,0.401575,0.574113,0.304497
3.02957,0.484083,0.370079,0.517397,0.304497
3.02982,0.322889,0.314961,0.405916,0.304497
3.03007,0.121039,0.259843,0.239297,0.304497
3.03032,-0.0942019,0.204724,0.063737,0.304497
3.03057,-0.292545,0.173228,-0.111012,0.304497
3.03082,-0.447956,0.141732,-0.257883,0.304497
3.03107,-0.542803,0.110236,-0.351482,0.304497
3.03132,-0.571761,0.0708661,-0.393239,0.304497
3.03157,-0.541419,0.015748,-0.398873,0.304497
3.03182,-0.468555,-0.0551181,-0.356045,0.304497
3.03207,-0.375178,-0.15748,-0.314191,0.304497
3.03232,-0.283216,-0.275591,-0.266519,0.304497
3.03257,-0.2091,-0.385827,-0.236189,0.304497
3.03282,-0.160255,-0.480315,-0.225891,0.304497
3.03307,-0.134039,-0.535433,-0.239805,0.304497
3.03332,-0.118566,-0.543307,-0.249037,0.304497
3.03357,-0.0976586,-0.496063,-0.250789,0.304497
3.03382,-0.0544813,-0.393701,-0.224968,0.304497
3.03407,0.021993,-0.251969,-0.153326,0.304497
3.03432,0.134069,-0.0944882,-0.0454424,0.304497
3.03457,0.272907,0.0629921,0.106395,0.304497
3.03482,0.420298,0.204724,0.263363,0.304497
3.03507,0.551611,0.322835,0.421513,0.304497
3.03532,0.641485,0.385827,0.548207,0.304497
3.03557,0.669629,0.417323,0.613574,0.304497
3.03582,0.625193,0.409449,0.621403,0.304497
3.03607,0.510102,0.385827,0.558658,0.304497
3.03632,0.338719,0.346457,0.436038,0.304497
3.03657,0.135331,0.307087,0.273213,0.304497
3.03682,-0.0709748,0.283465,0.113977,0.304497
3.03707,-0.251693,0.259843,-0.0461441,0.304497
3.03732,-0.385375,0.228346,-0.166967,0.304497
3.03757,-0.460741,0.188976,-0.240978,0.304497
3.03782,-0.478932,0.125984,-0.287097,0.304497
3.03807,-0.45156,0.0393701,-0.28802,0.304497
3.03832,-0.397625,-0.0708661,-0.273685,0.304497
3.03857,-0.337832,-0.204724,-0.258479,0.304497
3.03882,-0.28924,-0.354331,-0.25967,0.304497
3.03907,-0.261338,-0.488189,-0.284015,0.304497
3.03932,-0.253549,-0.582677,-0.31647,0.304497
3.03957,-0.255694,-0.629921,-0.355435,0.304497
3.03982,-0.251804,-0.614173,-0.39203,0.304497
3.04007,-0.223703,-0.543307,-0.393863,0.304497
3.04032,-0.157505,-0.425197,-0.341901,0.304497
3.04057,-0.0471943,-0.267717,-0.252627,0.304497
3.04082,0.101873,-0.0944882,-0.108829,0.304497
3.04107,0.273971,0.0629921,0.0700666,0.304497
3.04132,0.444811,0.204724,0.254728,0.304497
3.04157,0.587069,0.307087,0.42965,0.304497
3.04182,0.67598,0.370079,0.55406,0.304497
3.04207,0.694612,0.401575,0.620515,0.304497
3.04232,0.63788,0.417323,0.628493,0.304497
3.04257,0.513676,0.409449,0.563876,0.304497
3.04282,0.341617,0.401575,0.446324,0.304497
3.04307,0.148112,0.393701,0.305872,0.304497
3.04332,-0.0380456,0.385827,0.161224,0.304497
3.04357,-0.192669,0.370079,0.0417466,0.304497
3.04382,-0.299991,0.346457,-0.0594972,0.304497
3.04407,-0.356055,0.291339,-0.112383,0.304497
3.04432,-0.367637,0.204724,-0.14251,0.304497
3.04457,-0.350338,0.0708661,-0.164366,0.304497
3.04482,-0.323143,-0.0787402,-0.170561,0.304497
3.04507,-0.303337,-0.259843,-0.200374,0.304497
3.04532,-0.30181,-0.433071,-0.251535,0.304497
3.04557,-0.320003,-0.574803,-0.321967,0.304497
3.04582,-0.349459,-0.629921,-0.397198,0.304497
3.04607,-0.374248,-0.629921,-0.474607,0.304497
3.04632,-0.375195,-0.629921,-0.516522,0.304497
3.04657,-0.334949,-0.590551,-0.507668,0.304497
3.04682,-0.243724,-0.456693,-0.453934,0.304497
3.04707,-0.101974,-0.291339,-0.326902,0.304497
3.04732,0.0778063,-0.11811,-0.157771,0.304497
3.04757,0.273627,0.0314961,0.0361342,0.304497
3.04782,0.45732,0.15748,0.239406,0.304497
3.04807,0.60096,0.259843,0.413449,0.304497
3.04832,0.682304,0.322835,0.536935,0.304497
3.04857,0.6895,0.362205,0.597399,0.304497
3.04882,0.623525,0.385827,0.59599,0.304497
3.04907,0.497919,0.401575,0.543494,0.304497
3.04932,0.3354,0.425197,0.444425,0.304497
3.04957,0.163116,0.448819,0.324131,0.304497
3.04982,0.0064923,0.464567,0.215444,0.304497
3.05008,-0.115554,0.464567,0.123868,0.304497
3.05033,-0.19482,0.433071,0.0550432,0.304497
3.05058,-0.233725,0.362205,0.0208964,0.304497
3.05083,-0.244497,0.244094,-0.00524327,0.304497
3.05108,-0.244236,0.0866142,-0.0352148,0.304497
3.05133,-0.250174,-0.0944882,-0.0842455,0.304497
3.05158,-0.274424,-0.291339,-0.159287,0.304497
3.05183,-0.320502,-0.464567,-0.252391,0.304497
3.05208,-0.381609,-0.606299,-0.365558,0.304497
3.05233,-0.442486,-0.629921,-0.480277,0.304497
3.05258,-0.482773,-0.629921,-0.575257,0.304497
3.05283,-0.482193,-0.629921,-0.621316,0.304497
3.05308,-0.426391,-0.527559,-0.60672,0.304497
3.05333,-0.310619,-0.377953,-0.529806,0.304497
3.05358,-0.142537,-0.220472,-0.38774,0.304497
3.05383,0.0592985,-0.0708661,-0.195155,0.304497
3.05408,0.26779,0.0472441,0.0163433,0.304497
3.05433,0.453444,0.141732,0.218158,0.304497
3.05458,0.589799,0.212598,0.39586,0.304497
3.05483,0.659019,0.251969,0.517668,0.304497
3.05508,0.655102,0.291339,0.570662,0.304497
3.05533,0.585163,0.322835,0.56888,0.304497
3.05558,0.466823,0.362205,0.519201,0.304497
3.05583,0.324399,0.401575,0.444807,0.304497
3.05608,0.183201,0.440945,0.358433,0.304497
3.05633,0.0636429,0.472441,0.276786,0.304497
3.05658,-0.0224372,0.480315,0.220714,0.304497
3.05683,-0.0742114,0.440945,0.17822,0.304497
3.05708,-0.100323,0.354331,0.138267,0.304497
3.05733,-0.11654,0.212598,0.108592,0.304497
3.05758,-0.139516,0.0393701,0.0491002,0.304497
3.05783,-0.183043,-0.141732,-0.0374397,0.304497
3.05808,-0.252535,-0.330709,-0.153714,0.304497
3.05833,-0.34359,-0.496063,-0.285765,0.304497
3.05858,-0.441783,-0.598425,-0.437738,0.304497
3.05883,-0.526374,-0.629921,-0.567712,0.304497
3.05908,-0.574543,-0.629921,-0.665114,0.304497
3.05933,-0.567208,-0.551181,-0.707285,0.304497
3.05958,-0.494265,-0.425197,-0.676569,0.304497
3.05983,-0.357306,-0.291339,-0.576355,0.304497
3.06008,-0.170148,-0.15748,-0.403577,0.304497
3.06033,0.0429384,-0.0314961,-0.199167,0.304497
3.06058,0.252634,0.0551181,0.0121178,0.304497
3.06083,0.429873,0.11811,0.216788,0.304497
3.06108,0.551969,0.165354,0.372935,0.304497
3.06133,0.606542,0.204724,0.486252,0.304497
3.06158,0.59422,0.23622,0.53669,0.304497
3.06183,0.526917,0.283465,0.534574,0.304497
3.06208,0.425197,0.338583,0.495435,0.304497
3.06233,0.312714,0.401575,0.44376,0.304497
3.06258,0.210612,0.456693,0.384379,0.304497
3.06283,0.132872,0.488189,0.34123,0.304497
3.06308,0.0833691,0.488189,0.309213,0.304497
3.06333,0.0561392,0.433071,0.283812,0.304497
3.06358,0.0371385,0.322835,0.25662,0.304497
3.06383,0.00949667,0.165354,0.206825,0.304497
3.06408,-0.0417918,-0.015748,0.122361,0.304497
3.06433,-0.124707,-0.173228,0.00291991,0.304497
3.06458,-0.237625,-0.275591,-0.151552,0.304497
3.06483,-0.367978,-0.338583,-0.326614,0.304497
3.06508,-0.495372,-0.370079,-0.491927,0.304497
3.06533,-0.59504,-0.354331,-0.636336,0.304497
3.06558,-0.643949,-0.283465,-0.732377,0.304497
3.06583,-0.626187,-0.188976,-0.750515,0.304497
3.06608,-0.536922,-0.0787402,-0.694525,0.304497
3.06633,-0.384249,0.023622,-0.564722,0.304497
3.06658,-0.187611,0.11811,-0.378141,0.304497
3.06683,0.0251968,0.181102,-0.151154,0.304497
3.06708,0.224786,0.204724,0.0637024,0.304497
3.06733,0.384623,0.204724,0.264047,0.304497
3.06758,0.487464,0.181102,0.411563,0.304497
3.06783,0.527455,0.149606,0.505679,0.304497
3.06808,0.511047,0.125984,0.546875,0.304497
3.06833,0.45417,0.110236,0.548945,0.304497
3.06858,0.378104,0.110236,0.514683,0.304497
3.06883,0.303661,0.133858,0.471469,0.304497
3.06908,0.246145,0.149606,0.438065,0.304497
3.06933,0.211901,0.149606,0.396197,0.304497
3.06958,0.197097,0.133858,0.367852,0.304497
3.06983,0.189225,0.0866142,0.33556,0.304497
3.07008,0.17132,0.00787402,0.281167,0.304497
3.07033,0.126731,-0.0866142,0.193221,0.304497
3.07058,0.0445727,-0.19685,0.0680284,0.304497
3.07083,-0.0769633,-0.291339,-0.0992311,0.304497
3.07108,-0.228148,-0.370079,-0.28297,0.304497
3.07133,-0.390029,-0.401575,-0.476229,0.304497
3.07158,-0.537005,-0.385827,-0.646168,0.304497
3.07183,-0.642962,-0.322835,-0.772701,0.304497
3.07208,-0.686615,-0.220472,-0.830955,0.304497
3.07233,-0.656697,-0.102362,-0.807012,0.304497
3.07258,-0.554474,0.015748,-0.700495,0.304497
3.07283,-0.393752,0.125984,-0.526007,0.304497
3.07308,-0.198611,0.204724,-0.307648,0.304497
3.07333,0.00254203,0.251969,-0.0878714,0.304497
3.07358,0.181495,0.259843,0.123184,0.304497
3.07383,0.31708,0.23622,0.299331,0.304497
3.07408,0.398096,0.204724,0.421092,0.304497
3.07433,0.425764,0.181102,0.488094,0.304497
3.07458,0.411173,0.149606,0.516352,0.304497
3.07484,0.372762,0.141732,0.502247,0.304497
3.07509,0.330237,0.149606,0.478313,0.304497
3.07534,0.299749,0.165354,0.461572,0.304497
3.07559,0.289357,0.165354,0.44125,0.304497
3.07584,0.297287,0.141732,0.438448,0.304497
3.07609,0.312588,0.0866142,0.421359,0.304497
3.07634,0.317858,0.00787402,0.398987,0.304497
3.07659,0.295096,-0.0866142,0.338752,0.304497
3.07684,0.229707,-0.204724,0.238553,0.304497
3.07709,0.116285,-0.322835,0.0970987,0.304497
3.07734,-0.0398084,-0.409449,-0.0849292,0.304497
3.07759,-0.221857,-0.456693,-0.292299,0.304497
3.07784,-0.405251,-0.456693,-0.491543,0.304497
3.07809,-0.5617,-0.393701,-0.666616,0.304497
3.07834,-0.665735,-0.299213,-0.783498,0.304497
3.07859,-0.699876,-0.173228,-0.820024,0.304497
3.07884,-0.658359,-0.0314961,-0.79092,0.304497
3.07909,-0.548557,0.0866142,-0.674169,0.304497
3.07934,-0.389172,0.188976,-0.507823,0.304497
3.07959,-0.206559,0.251969,-0.31106,0.304497
3.07984,-0.0283254,0.283465,-0.10889,0.304497
3.08009,0.121745,0.275591,0.0744506,0.304497
3.08034,0.228335,0.259843,0.213371,0.304497
3.08059,0.287867,0.244094,0.31634,0.304497
3.08084,0.307019,0.228346,0.3763,0.304497
3.08109,0.301135,0.228346,0.407209,0.304497
3.08134,0.288469,0.251969,0.425395,0.304497
3.08159,0.28562,0.275591,0.438508,0.304497
3.08184,0.302098,0.283465,0.467589,0.304497
3.08209,0.338207,0.267717,0.504058,0.304497
3.08234,0.384337,0.228346,0.536437,0.304497
3.08259,0.423256,0.141732,0.551235,0.304497
3.08284,0.435206,0.0314961,0.532234,0.304497
3.08309,0.402244,-0.0944882,0.471763,0.304497
3.08334,0.314341,-0.220472,0.355302,0.304497
3.08359,0.172017,-0.338583,0.174499,0.304497
3.08384,-0.0119721,-0.425197,-0.0336859,0.304497
3.08409,-0.215233,-0.456693,-0.258757,0.304497
3.08434,-0.409091,-0.448819,-0.47716,0.304497
3.08459,-0.565186,-0.393701,-0.656386,0.304497
3.08484,-0.660528,-0.307087,-0.775537,0.304497
3.08509,-0.682923,-0.212598,-0.812466,0.304497
3.08534,-0.632655,-0.125984,-0.769523,0.304497
3.08559,-0.522537,-0.0472441,-0.668684,0.304497
3.08584,-0.374792,0,-0.515325,0.304497
3.08609,-0.215404,0.023622,-0.340592,0.304497
3.08634,-0.0693307,0.0314961,-0.179781,0.304497
3.08659,0.0456751,0.0472441,-0.0302886,0.304497
3.08684,0.121644,0.0551181,0.0751417,0.304497
3.08709,0.16182,0.0866142,0.153568,0.304497
3.08734,0.178063,0.141732,0.209228,0.304497
3.08759,0.187569,0.204724,0.252206,0.304497
3.08784,0.206803,0.283465,0.294196,0.304497
3.08809,0.247047,0.354331,0.357271,0.304497
3.08834,0.310547,0.401575,0.427766,0.304497
3.08859,0.389514,0.409449,0.502528,0.304497
3.08884,0.467265,0.370079,0.579771,0.304497
3.08909,0.52257,0.291339,0.62455,0.304497
3.08934,0.534476,0.173228,0.628369,0.304497
3.08959,0.487889,0.0393701,0.572685,0.304497
3.08984,0.37782,-0.0866142,0.452416,0.304497
3.09009,0.21193,-0.19685,0.274733,0.304497
3.09034,0.00877668,-0.283465,0.0551485,0.304497
3.09059,-0.204318,-0.322835,-0.175719,0.304497
3.09084,-0.397683,-0.330709,-0.391967,0.304497
3.09109,-0.54431,-0.299213,-0.557709,0.304497
3.09134,-0.626231,-0.259843,-0.664069,0.304497
3.09159,-0.636882,-0.220472,-0.698807,0.304497
3.09184,-0.582742,-0.188976,-0.67764,0.304497
3.09209,-0.480937,-0.173228,-0.586875,0.304497
3.09234,-0.354689,-0.173228,-0.479951,0.304497
3.09259,-0.2284,-0.181102,-0.356085,0.304497
3.09284,-0.121507,-0.188976,-0.248615,0.304497
3.09309,-0.0449041,-0.181102,-0.159348,0.304497
3.09334,0.00133473,-0.141732,-0.0949156,0.304497
3.09359,0.026349,-0.0708661,-0.0415289,0.304497
3.09384,0.0459629,0.023622,0.00344068,0.304497
3.09409,0.0768689,0.141732,0.0564606,0.304497
3.09434,0.132028,0.267717,0.135571,0.304497
3.09459,0.21606,0.370079,0.23543,0.304497
3.09484,0.323544,0.440945,0.362074,0.304497
3.09509,0.439003,0.464567,0.495086,0.304497
3.09534,0.540373,0.440945,0.609065,0.304497
3.09559,0.60414,0.370079,0.684357,0.304497
3.09584,0.610403,0.275591,0.710085,0.304497
3.09609,0.548464,0.15748,0.652124,0.304497
3.09634,0.419492,0.0393701,0.53208,0.304497
3.09659,0.237367,-0.0472441,0.357874,0.304497
3.09684,0.0258086,-0.102362,0.144987,0.304497
3.09709,-0.185514,-0.141732,-0.0727069,0.304497
3.09734,-0.367732,-0.149606,-0.27952,0.304497
3.09759,-0.49786,-0.149606,-0.43339,0.304497
3.09784,-0.563612,-0.15748,-0.53161,0.304497
3.09809,-0.564839,-0.165354,-0.575535,0.304497
3.09834,-0.513352,-0.19685,-0.559364,0.304497
3.09859,-0.428573,-0.251969,-0.508105,0.304497
3.09884,-0.333289,-0.307087,-0.436737,0.304497
3.09909,-0.247625,-0.354331,-0.367351,0.304497
3.09934,-0.184302,-0.385827,-0.313617,0.304497
3.0996,-0.146386,-0.377953,-0.279102,0.304497
3.09985,-0.126826,-0.322835,-0.258857,0.304497
3.1001,-0.111118,-0.228346,-0.226705,0.304497
3.10035,-0.0822663,-0.0944882,-0.181219,0.304497
3.1006,-0.0252094,0.0393701,-0.115563,0.304497
3.10085,0.0672878,0.188976,0.000645795,0.304497
3.1011,0.192923,0.314961,0.138432,0.304497
3.10135,0.338262,0.393701,0.313358,0.304497
3.1016,0.481694,0.433071,0.473222,0.304497
3.10185,0.59773,0.425197,0.61921,0.304497
3.1021,0.662444,0.377953,0.7147,0.304497
3.10235,0.659191,0.307087,0.735235,0.304497
3.1026,0.582575,0.228346,0.68855,0.304497
3.10285,0.440224,0.15748,0.566935,0.304497
3.1031,0.251216,0.110236,0.402178,0.304497
3.10335,0.0429105,0.0787402,0.202309,0.304497
3.1036,-0.155296,0.0629921,-0.00571517,0.304497
3.10385,-0.31735,0.0551181,-0.175201,0.304497
3.1041,-0.426015,0.0314961,-0.307293,0.304497
3.10435,-0.475279,0,-0.389821,0.304497
3.1046,-0.471505,-0.0708661,-0.421357,0.304497
3.10485,-0.429838,-0.15748,-0.424968,0.304497
3.1051,-0.370831,-0.267717,-0.394789,0.304497
3.10535,-0.314223,-0.377953,-0.371279,0.304497
3.1056,-0.274181,-0.464567,-0.359352,0.304497
3.10585,-0.255789,-0.511811,-0.361824,0.304497
3.1061,-0.254064,-0.511811,-0.370992,0.304497
3.10635,-0.255866,-0.456693,-0.381867,0.304497
3.1066,-0.24333,-0.354331,-0.371811,0.304497
3.10685,-0.199754,-0.220472,-0.326644,0.304497
3.1071,-0.114146,-0.0629921,-0.247205,0.304497
3.10735,0.0145032,0.0708661,-0.105781,0.304497
3.1076,0.176346,0.188976,0.0599187,0.304497
3.10785,0.351036,0.283465,0.257351,0.304497
3.1081,0.512704,0.322835,0.440479,0.304497
3.10835,0.634139,0.330709,0.593444,0.304497
3.1086,0.693478,0.314961,0.680916,0.304497
3.10885,0.678711,0.283465,0.709636,0.304497
3.1091,0.590485,0.267717,0.666842,0.304497
3.10935,0.442222,0.251969,0.555311,0.304497
3.1096,0.25706,0.259843,0.401714,0.304497
3.10985,0.0635337,0.267717,0.221353,0.304497
3.1101,-0.111252,0.275591,0.0637627,0.304497
3.11035,-0.246346,0.267717,-0.0746065,0.304497
3.1106,-0.330811,0.23622,-0.179669,0.304497
3.11085,-0.365832,0.165354,-0.231888,0.304497
3.1111,-0.362493,0.0551181,-0.261049,0.304497
3.11135,-0.338449,-0.0866142,-0.260745,0.304497
3.1116,-0.312616,-0.23622,-0.269865,0.304497
3.11185,-0.300079,-0.377953,-0.293644,0.304497
3.1121,-0.307679,-0.496063,-0.331262,0.304497
3.11235,-0.332409,-0.566929,-0.381347,0.304497
3.1126,-0.36217,-0.566929,-0.431046,0.304497
3.11285,-0.378778,-0.511811,-0.474198,0.304497
3.1131,-0.363322,-0.409449,-0.485157,0.304497
3.11335,-0.301218,-0.275591,-0.444528,0.304497
3.1136,-0.186986,-0.133858,-0.342966,0.304497
3.11385,-0.0262127,-0.00787402,-0.189307,0.304497
3.1141,0.163717,0.0866142,-0.00474418,0.304497
3.11435,0.357819,0.15748,0.203721,0.304497
3.1146,0.527095,0.188976,0.387281,0.304497
3.11485,0.645527,0.188976,0.541014,0.304497
3.1151,0.694867,0.188976,0.633767,0.304497
3.11535,0.668906,0.181102,0.658787,0.304497
3.1156,0.574312,0.188976,0.607613,0.304497
3.11585,0.429152,0.220472,0.510922,0.304497
3.1161,0.258946,0.267717,0.378476,0.304497
3.11635,0.0907352,0.314961,0.244505,0.304497
3.1166,-0.0523497,0.346457,0.114387,0.304497
3.11685,-0.155959,0.354331,0.0213941,0.304497
3.1171,-0.21638,0.322835,-0.0509421,0.304497
3.11735,-0.241123,0.251969,-0.0883244,0.304497
3.1176,-0.244673,0.133858,-0.120698,0.304497
3.11785,-0.245219,-0.00787402,-0.144004,0.304497
3.1181,-0.25816,-0.15748,-0.192741,0.304497
3.11835,-0.292238,-0.291339,-0.252834,0.304497
3.1186,-0.346335,-0.393701,-0.336277,0.304497
3.11885,-0.409668,-0.448819,-0.430255,0.304497
3.1191,-0.464103,-0.440945,-0.507044,0.304497
3.11935,-0.488503,-0.385827,-0.558432,0.304497
3.1196,-0.464903,-0.307087,-0.563948,0.304497
3.11985,-0.382582,-0.212598,-0.500303,0.304497
3.1201,-0.242032,-0.11811,-0.382665,0.304497
3.12035,-0.056283,-0.0393701,-0.20267,0.304497
3.1206,0.152145,0,-0.00396383,0.304497
3.12085,0.354159,0.00787402,0.20892,0.304497
3.1211,0.521007,0.00787402,0.399722,0.304497
3.12135,0.629252,0,0.529875,0.304497
3.1216,0.666192,0,0.613011,0.304497
3.12185,0.631559,0.015748,0.609986,0.304497
3.1221,0.537523,0.0708661,0.558428,0.304497
3.12235,0.405401,0.141732,0.458101,0.304497
3.1226,0.26062,0.220472,0.345992,0.304497
3.12285,0.126907,0.307087,0.229674,0.304497
3.1231,0.0212424,0.362205,0.133952,0.304497
3.12335,-0.0491177,0.385827,0.0583149,0.304497
3.1236,-0.0881186,0.362205,0.0231039,0.304497
3.12385,-0.107653,0.291339,-0.0111083,0.304497
3.1241,-0.124844,0.181102,-0.0442436,0.304497
3.12436,-0.15559,0.0472441,-0.0793391,0.405601
3.12461,-0.210514,-0.0787402,-0.148184,0.405601
3.12486,-0.290653,-0.188976,-0.237912,0.405601
3.12511,-0.387139,-0.259843,-0.351762,0.405601
3.12536,-0.482207,-0.291339,-0.459171,0.405601
3.12561,-0.553337,-0.283465,-0.549421,0.405601
3.12586,-0.578995,-0.244094,-0.588404,0.405601
3.12611,-0.543306,-0.181102,-0.583184,0.405601
3.12636,-0.44117,-0.11811,-0.50104,0.405601
3.12661,-0.279583,-0.0787402,-0.363028,0.405601
3.12686,-0.0777233,-0.0708661,-0.176749,0.405601
3.12711,0.137721,-0.0787402,0.0324685,0.405601
3.12736,0.336407,-0.102362,0.231323,0.405601
3.12761,0.491621,-0.141732,0.393027,0.405601
3.12786,0.584636,-0.15748,0.502536,0.405601
3.12811,0.608926,-0.149606,0.541012,0.405601
3.12836,0.570182,-0.110236,0.522966,0.405601
3.12861,0.484855,-0.0314961,0.465329,0.405601
3.12886,0.375574,0.0708661,0.375839,0.405601
3.12911,0.265339,0.181102,0.285975,0.405601
3.12936,0.172829,0.275591,0.20371,0.405601
3.12961,0.107653,0.346457,0.150764,0.405601
3.12986,0.0692599,0.370079,0.112635,0.405601
3.13011,0.0477182,0.346457,0.0925188,0.405601
3.13036,0.0269892,0.283465,0.0823098,0.405601
3.13061,-0.00945902,0.188976,0.0516529,0.405601
3.13086,-0.0743273,0.0787402,-0.0060742,0.405601
3.13111,-0.171283,-0.015748,-0.0953786,0.405601
3.13136,-0.29403,-0.0866142,-0.221916,0.405601
3.13161,-0.426013,-0.133858,-0.346187,0.405601
3.13186,-0.544262,-0.133858,-0.47626,0.405601
3.13211,-0.624007,-0.110236,-0.569964,0.405601
3.13236,-0.644889,-0.0708661,-0.600863,0.405601
3.13261,-0.595471,-0.0472441,-0.578568,0.405601
3.13286,-0.476442,-0.0314961,-0.489043,0.405601
3.13311,-0.301504,-0.0393701,-0.338958,0.405601
3.13336,-0.0939793,-0.0866142,-0.146874,0.405601
3.13361,0.116587,-0.149606,0.0484372,0.405601
3.13386,0.301489,-0.212598,0.219905,0.405601
3.13411,0.437613,-0.267717,0.357807,0.405601
3.13436,0.51273,-0.283465,0.429762,0.405601
3.13461,0.526345,-0.267717,0.455685,0.405601
3.13486,0.489695,-0.204724,0.430949,0.405601
3.13511,0.421725,-0.110236,0.370891,0.405601
3.13536,0.344009,0,0.303776,0.405601
3.13561,0.275625,0.125984,0.248084,0.405601
3.13586,0.228178,0.228346,0.20945,0.405601
3.13611,0.203504,0.291339,0.181566,0.405601
3.13636,0.193604,0.314961,0.182643,0.405601
3.13661,0.183603,0.291339,0.182526,0.405601
3.13686,0.155733,0.23622,0.170821,0.405601
3.13711,0.0954884,0.15748,0.127294,0.405601
3.13736,-0.00456701,0.0866142,0.0418375,0.405601
3.13761,-0.140928,0.023622,-0.0705855,0.405601
3.13786,-0.299762,0,-0.217783,0.405601
3.13811,-0.458339,0,-0.36234,0.405601
3.13836,-0.590214,0.015748,-0.492013,0.405601
3.13861,-0.670818,0.0472441,-0.584466,0.405601
3.13886,-0.68271,0.0708661,-0.611655,0.405601
3.13911,-0.619947,0.0787402,-0.563948,0.405601
3.13936,-0.489544,0.0472441,-0.466582,0.405601
3.13961,-0.310282,0,-0.302819,0.405601
3.13986,-0.108857,-0.0944882,-0.126223,0.405601
3.14011,0.0857124,-0.19685,0.0447108,0.405601
3.14036,0.247526,-0.283465,0.199684,0.405601
3.14061,0.359767,-0.346457,0.302783,0.405601
3.14086,0.416394,-0.370079,0.358546,0.405601
3.14111,0.423499,-0.338583,0.359882,0.405601
3.14136,0.396004,-0.275591,0.339845,0.405601
3.14161,0.353449,-0.165354,0.29245,0.405601
3.14186,0.314624,-0.0472441,0.255432,0.405601
3.14211,0.292553,0.0629921,0.224006,0.405601
3.14236,0.291106,0.15748,0.228323,0.405601
3.14261,0.304008,0.204724,0.239592,0.405601
3.14286,0.317278,0.220472,0.257877,0.405601
3.14311,0.312329,0.204724,0.268677,0.405601
3.14336,0.272138,0.15748,0.252662,0.405601
3.14361,0.185542,0.11811,0.187231,0.405601
3.14386,0.0519742,0.0866142,0.0796032,0.405601
3.14411,-0.118269,0.0787402,-0.0596673,0.405601
3.14436,-0.304267,0.0944882,-0.2302,0.405601
3.14461,-0.479167,0.125984,-0.38291,0.405601
3.14486,-0.615302,0.173228,-0.517161,0.405601
3.14511,-0.690064,0.220472,-0.590192,0.405601
3.14536,-0.690747,0.228346,-0.602054,0.405601
3.14561,-0.617489,0.204724,-0.537832,0.405601
3.14586,-0.482995,0.133858,-0.419512,0.405601
3.14611,-0.309828,0.0393701,-0.268036,0.405601
3.14636,-0.125779,-0.0787402,-0.0949984,0.405601
3.14661,0.0425435,-0.204724,0.0577199,0.405601
3.14686,0.174618,-0.314961,0.168967,0.405601
3.14711,0.260304,-0.385827,0.248127,0.405601
3.14736,0.300484,-0.401575,0.273941,0.405601
3.14761,0.306462,-0.377953,0.272571,0.405601
3.14786,0.295342,-0.307087,0.250333,0.405601
3.14811,0.285291,-0.212598,0.220921,0.405601
3.14836,0.290239,-0.110236,0.212833,0.405601
3.14861,0.315985,-0.023622,0.219693,0.405601
3.14886,0.358159,0.0314961,0.250848,0.405601
3.14912,0.403515,0.0708661,0.294881,0.405601
3.14937,0.433073,0.0708661,0.330454,0.405601
3.14962,0.42699,0.0551181,0.338131,0.405601
3.14987,0.370469,0.0472441,0.305036,0.405601
3.15012,0.25782,0.0393701,0.222729,0.405601
3.15037,0.0948246,0.0551181,0.0890956,0.405601
3.15062,-0.100883,0.110236,-0.0791016,0.405601
3.15087,-0.303603,0.173228,-0.254697,0.405601
3.15112,-0.484087,0.251969,-0.411837,0.405601
3.15137,-0.61572,0.322835,-0.52951,0.405601
3.15162,-0.67968,0.362205,-0.584236,0.405601
3.15187,-0.669232,0.370079,-0.569059,0.405601
3.15212,-0.59037,0.314961,-0.496317,0.405601
3.15237,-0.460497,0.228346,-0.3737,0.405601
3.15262,-0.304325,0.102362,-0.222885,0.405601
3.15287,-0.148037,-0.0393701,-0.0757058,0.405601
3.15312,-0.0140889,-0.181102,0.0556905,0.405601
3.15337,0.0840501,-0.291339,0.142327,0.405601
3.15362,0.143163,-0.362205,0.186243,0.405601
3.15387,0.170932,-0.377953,0.196873,0.405601
3.15412,0.182056,-0.362205,0.187252,0.405601
3.15437,0.194026,-0.307087,0.173503,0.405601
3.15462,0.221559,-0.244094,0.172054,0.405601
3.15487,0.272429,-0.173228,0.18815,0.405601
3.15512,0.344255,-0.125984,0.234106,0.405601
3.15537,0.425151,-0.0944882,0.297399,0.405601
3.15562,0.495815,-0.0866142,0.360179,0.405601
3.15587,0.534295,-0.0866142,0.396876,0.405601
3.15612,0.521669,-0.0944882,0.38628,0.405601
3.15637,0.44694,-0.0787402,0.338961,0.405601
3.15662,0.310655,-0.0393701,0.224932,0.405601
3.15687,0.125309,0.023622,0.0776618,0.405601
3.15712,-0.0857095,0.125984,-0.107355,0.405601
3.15737,-0.293808,0.23622,-0.278816,0.405601
3.15762,-0.469422,0.346457,-0.431988,0.405601
3.15787,-0.589171,0.433071,-0.524996,0.405601
3.15812,-0.639596,0.480315,-0.556863,0.405601
3.15837,-0.620245,0.472441,-0.522754,0.405601
3.15862,-0.542423,0.409449,-0.440382,0.405601
3.15887,-0.426703,0.299213,-0.316041,0.405601
3.15912,-0.297631,0.15748,-0.181987,0.405601
3.15937,-0.177942,0.015748,-0.058326,0.405601
3.15962,-0.0837319,-0.11811,0.0337224,0.405601
3.15987,-0.0210727,-0.220472,0.089437,0.405601
3.16012,0.0141043,-0.291339,0.113052,0.405601
3.16037,0.0346558,-0.314961,0.110322,0.405601
3.16062,0.057306,-0.307087,0.100906,0.405601
3.16087,0.0976492,-0.283465,0.100871,0.405601
3.16112,0.165614,-0.251969,0.130745,0.405601
3.16137,0.261253,-0.23622,0.190126,0.405601
3.16162,0.374641,-0.228346,0.259039,0.405601
3.16187,0.486867,-0.23622,0.3493,0.405601
3.16212,0.574511,-0.251969,0.417757,0.405601
3.16237,0.614871,-0.259843,0.450685,0.405601
3.16262,0.591704,-0.244094,0.423951,0.405601
3.16287,0.499323,-0.204724,0.353302,0.405601
3.16312,0.344449,-0.125984,0.218762,0.405601
3.16337,0.145982,-0.00787402,0.0458476,0.405601
3.16362,-0.0691784,0.133858,-0.132593,0.405601
3.16387,-0.270986,0.283465,-0.298003,0.405601
3.16412,-0.432582,0.409449,-0.436693,0.405601
3.16437,-0.53506,0.503937,-0.507356,0.405601
3.16462,-0.571682,0.551181,-0.514297,0.405601
3.16487,-0.547603,0.543307,-0.46094,0.405601
3.16512,-0.478658,0.472441,-0.376754,0.405601
3.16537,-0.386497,0.362205,-0.263035,0.405601
3.16562,-0.293368,0.228346,-0.148556,0.405601
3.16587,-0.216554,0.0866142,-0.0571347,0.405601
3.16612,-0.16467,-0.0314961,-0.0031199,0.405601
3.16637,-0.136254,-0.11811,0.0237836,0.405601
3.16662,-0.120299,-0.181102,0.0252139,0.405601
3.16687,-0.100964,-0.212598,0.0186568,0.405601
3.16712,-0.0611258,-0.228346,0.0261147,0.405601
3.16737,0.0110971,-0.244094,0.0555047,0.405601
3.16762,0.119231,-0.259843,0.108081,0.405601
3.16787,0.255689,-0.283465,0.197746,0.405601
3.16812,0.403276,-0.322835,0.29818,0.405601
3.16837,0.537825,-0.377953,0.393822,0.405601
3.16862,0.633848,-0.409449,0.46315,0.405601
3.16887,0.669978,-0.425197,0.489866,0.405601
3.16912,0.634244,-0.393701,0.45006,0.405601
3.16937,0.526958,-0.322835,0.35338,0.405601
3.16962,0.361005,-0.204724,0.198944,0.405601
3.16987,0.160002,-0.0472441,0.0164768,0.405601
3.17012,-0.0473962,0.11811,-0.159002,0.405601
3.17037,-0.232536,0.291339,-0.310017,0.405601
3.17062,-0.372464,0.440945,-0.417619,0.405601
3.17087,-0.454981,0.535433,-0.466353,0.405601
3.17112,-0.479404,0.582677,-0.455711,0.405601
3.17137,-0.45658,0.566929,-0.402031,0.405601
3.17162,-0.404652,0.503937,-0.305382,0.405601
3.17187,-0.344574,0.401575,-0.207673,0.405601
3.17212,-0.294004,0.283465,-0.125652,0.405601
3.17237,-0.263468,0.173228,-0.0770126,0.405601
3.17262,-0.253662,0.0787402,-0.0459349,0.405601
3.17287,-0.255379,0.00787402,-0.0447964,0.405601
3.17312,-0.253164,-0.0393701,-0.0587807,0.405601
3.17337,-0.228755,-0.0866142,-0.0558638,0.405601
3.17362,-0.167555,-0.125984,-0.0349397,0.405601
3.17388,-0.0623669,-0.181102,0.0149996,0.405601
3.17413,0.0827356,-0.251969,0.106253,0.405601
3.17438,0.253263,-0.330709,0.220587,0.405601
3.17463,0.425646,-0.417323,0.340133,0.405601
3.17488,0.572741,-0.496063,0.446435,0.405601
3.17513,0.668928,-0.551181,0.51297,0.405601
3.17538,0.696352,-0.559055,0.513261,0.405601
3.17563,0.648329,-0.519685,0.45354,0.405601
3.17588,0.53125,-0.425197,0.330651,0.405601
3.17613,0.363547,-0.275591,0.17201,0.405601
3.17638,0.171042,-0.0944882,-0.00691501,0.405601
3.17663,-0.0173693,0.0944882,-0.171365,0.405601
3.17688,-0.176735,0.275591,-0.310813,0.405601
3.17713,-0.290061,0.417323,-0.389075,0.405601
3.17738,-0.352014,0.511811,-0.4162,0.405601
3.17763,-0.368144,0.551181,-0.387624,0.405601
3.17788,-0.353286,0.543307,-0.324086,0.405601
3.17813,-0.326271,0.496063,-0.247481,0.405601
3.17838,-0.304858,0.433071,-0.179815,0.405601
3.17863,-0.300897,0.362205,-0.128474,0.405601
3.17888,-0.317018,0.299213,-0.11277,0.405601
3.17913,-0.345942,0.23622,-0.118066,0.405601
3.17938,-0.372175,0.188976,-0.133315,0.405601
3.17963,-0.376917,0.141732,-0.151172,0.405601
3.17988,-0.34221,0.0866142,-0.134203,0.405601
3.18013,-0.257195,0.015748,-0.0875681,0.405601
3.18038,-0.121086,-0.0787402,0.00104903,0.405601
3.18063,0.0553119,-0.188976,0.123764,0.405601
3.18088,0.250543,-0.322835,0.258104,0.405601
3.18113,0.43726,-0.456693,0.400305,0.405601
3.18138,0.586873,-0.559055,0.503528,0.405601
3.18163,0.676462,-0.629921,0.549189,0.405601
3.18188,0.692593,-0.629921,0.537533,0.405601
3.18213,0.634758,-0.606299,0.449848,0.405601
3.18238,0.515185,-0.503937,0.318452,0.405601
3.18263,0.355576,-0.362205,0.148608,0.405601
3.18288,0.183029,-0.19685,-0.0239495,0.405601
3.18313,0.0234018,-0.015748,-0.168055,0.405601
3.18338,-0.103361,0.133858,-0.277185,0.405601
3.18363,-0.187755,0.259843,-0.338404,0.405601
3.18388,-0.230926,0.346457,-0.346887,0.405601
3.18413,-0.244184,0.401575,-0.318788,0.405601
3.18438,-0.244188,0.385827,-0.262932,0.405601
3.18463,-0.248705,0.299213,-0.216646,0.405601
3.18488,-0.270414,0.212598,-0.18007,0.405601
3.18513,-0.314074,0.141732,-0.179177,0.405601
3.18538,-0.37413,0.0866142,-0.19879,0.405601
3.18563,-0.435962,0.0551181,-0.233466,0.405601
3.18588,-0.479776,0.0314961,-0.261407,0.405601
3.18613,-0.484909,0.015748,-0.28041,0.405601
3.18638,-0.436079,-0.00787402,-0.258122,0.405601
3.18663,-0.327206,-0.0708661,-0.182857,0.405601
3.18688,-0.164523,-0.15748,-0.0730302,0.405601
3.18713,0.0346311,-0.275591,0.065718,0.405601
3.18738,0.243864,-0.385827,0.223734,0.405601
3.18763,0.433696,-0.503937,0.363496,0.405601
3.18788,0.576991,-0.574803,0.457514,0.405601
3.18813,0.654683,-0.598425,0.495046,0.405601
3.18838,0.659249,-0.566929,0.475508,0.405601
3.18863,0.596347,-0.464567,0.394803,0.405601
3.18888,0.48251,-0.322835,0.277581,0.405601
3.18913,0.34157,-0.125984,0.136705,0.405601
3.18938,0.199024,0.0551181,0.00280311,0.405601
3.18963,0.0760931,0.23622,-0.103866,0.405601
3.18988,-0.0141815,0.385827,-0.158007,0.405601
3.19013,-0.0695987,0.488189,-0.182477,0.405601
3.19038,-0.0981246,0.527559,-0.15446,0.405601
3.19063,-0.114421,0.527559,-0.119877,0.405601
3.19088,-0.135964,0.488189,-0.0820673,0.405601
3.19113,-0.176523,0.433071,-0.0616373,0.405601
3.19138,-0.243055,0.377953,-0.0763742,0.405601
3.19163,-0.33211,0.314961,-0.114444,0.405601
3.19188,-0.430472,0.275591,-0.185954,0.405601
3.19213,-0.517893,0.228346,-0.257018,0.405601
3.19238,-0.571435,0.181102,-0.312402,0.405601
3.19263,-0.571445,0.110236,-0.333873,0.405601
3.19288,-0.506316,0.023622,-0.304507,0.405601
3.19313,-0.376403,-0.0944882,-0.228179,0.405601
3.19338,-0.194056,-0.244094,-0.099885,0.405601
3.19363,0.0174394,-0.401575,0.0503525,0.405601
3.19388,0.229108,-0.543307,0.200654,0.405601
3.19413,0.41152,-0.629921,0.326736,0.405601
3.19438,0.54099,-0.629921,0.405408,0.405601
3.19463,0.603728,-0.629921,0.430021,0.405601
3.19488,0.598796,-0.629921,0.391656,0.405601
3.19513,0.537084,-0.519685,0.308181,0.405601
3.19538,0.438195,-0.330709,0.198347,0.405601
3.19563,0.325778,-0.125984,0.0901881,0.405601
3.19588,0.221524,0.0708661,-0.00450299,0.405601
3.19613,0.140524,0.259843,-0.0573539,0.405601
3.19638,0.0878181,0.401575,-0.080204,0.405601
3.19663,0.0585784,0.496063,-0.0606904,0.405601
3.19688,0.0394639,0.535433,-0.026978,0.405601
3.19713,0.0137082,0.543307,0.006694,0.405601
3.19738,-0.0342047,0.519685,0.0328488,0.405601
3.19763,-0.113264,0.488189,0.0163811,0.405601
3.19788,-0.2231,0.440945,-0.0270289,0.405601
3.19813,-0.352322,0.409449,-0.111941,0.405601
3.19839,-0.481325,0.362205,-0.208136,0.405601
3.19864,-0.585531,0.314961,-0.299143,0.405601
3.19889,-0.641426,0.244094,-0.356529,0.405601
3.19914,-0.632001,0.149606,-0.379865,0.405601
3.19939,-0.550987,0.015748,-0.332506,0.405601
3.19964,-0.40497,-0.133858,-0.244345,0.405601
3.19989,-0.212176,-0.314961,-0.104585,0.405601
3.20014,0.000356899,-0.480315,0.0407947,0.405601
3.20039,0.202798,-0.629921,0.183097,0.405601
3.20064,0.368538,-0.629921,0.288179,0.405601
3.20089,0.478543,-0.629921,0.335069,0.405601
3.20114,0.525856,-0.629921,0.337878,0.405601
3.20139,0.515417,-0.629921,0.292202,0.405601
3.20164,0.462302,-0.488189,0.212453,0.405601
3.20189,0.387352,-0.291339,0.126972,0.405601
3.20214,0.311769,-0.0866142,0.0505652,0.405601
3.20239,0.251786,0.0944882,0.00451457,0.405601
3.20264,0.21475,0.259843,-0.00052116,0.405601
3.20289,0.19816,0.377953,0.0159638,0.405601
3.20314,0.190298,0.456693,0.0638971,0.405601
3.20339,0.174495,0.488189,0.110542,0.405601
3.20364,0.133771,0.496063,0.149506,0.405601
3.20389,0.056344,0.488189,0.143838,0.405601
3.20414,-0.0608416,0.472441,0.0900209,0.405601
3.20439,-0.209347,0.464567,-0.00119316,0.405601
3.20464,-0.371226,0.440945,-0.112089,0.405601
3.20489,-0.521343,0.409449,-0.240686,0.405601
3.20514,-0.633383,0.362205,-0.345476,0.405601
3.20539,-0.685206,0.275591,-0.40105,0.405601
3.20564,-0.664117,0.15748,-0.41332,0.405601
3.20589,-0.569918,0.00787402,-0.363428,0.405601
3.20614,-0.414991,-0.15748,-0.264013,0.405601
3.20639,-0.222373,-0.338583,-0.128921,0.405601
3.20664,-0.0204786,-0.511811,0.00651234,0.405601
3.20689,0.162359,-0.629921,0.128024,0.405601
3.20714,0.303864,-0.629921,0.213385,0.405601
3.20739,0.391474,-0.629921,0.25406,0.405601
3.20764,0.425027,-0.629921,0.240883,0.405601
3.20789,0.414532,-0.566929,0.19196,0.405601
3.20814,0.377883,-0.409449,0.127124,0.405601
3.20839,0.334877,-0.228346,0.076951,0.405601
3.20864,0.302371,-0.0472441,0.0493436,0.405601
3.20889,0.289494,0.0944882,0.0467116,0.405601
3.20914,0.295672,0.228346,0.0842841,0.405601
3.20939,0.310919,0.314961,0.146798,0.405601
3.20964,0.318327,0.370079,0.203076,0.405601
3.20989,0.299756,0.393701,0.257566,0.405601
3.21014,0.239989,0.409449,0.266028,0.405601
3.21039,0.132058,0.425197,0.225632,0.405601
3.21064,-0.0196265,0.440945,0.135982,0.405601
3.21089,-0.199826,0.440945,0.00938294,0.405601
3.21114,-0.384438,0.440945,-0.143943,0.405601
3.21139,-0.545559,0.425197,-0.279638,0.405601
3.21164,-0.656888,0.370079,-0.394044,0.405601
3.21189,-0.699793,0.291339,-0.454864,0.405601
3.21214,-0.667078,0.15748,-0.451681,0.405601
3.21239,-0.564508,0,-0.389938,0.405601
3.21264,-0.409768,-0.173228,-0.282083,0.405601
3.21289,-0.228362,-0.354331,-0.148638,0.405601
3.21314,-0.0482335,-0.511811,-0.0248539,0.405601
3.21339,0.106155,-0.622047,0.0730168,0.405601
3.21364,0.218282,-0.629921,0.135568,0.405601
3.21389,0.283205,-0.629921,0.153064,0.405601
3.21414,0.306428,-0.582677,0.138752,0.405601
3.21439,0.30256,-0.464567,0.101402,0.405601
3.21464,0.289737,-0.322835,0.063839,0.405601
3.21489,0.285075,-0.165354,0.0492634,0.405601
3.21514,0.299047,-0.023622,0.0591223,0.405601
3.21539,0.333162,0.0866142,0.103911,0.405601
3.21564,0.378883,0.173228,0.18088,0.405601
3.21589,0.419761,0.228346,0.264603,0.405601
3.21614,0.43582,0.275591,0.329093,0.405601
3.21639,0.408852,0.307087,0.371567,0.405601
3.21664,0.327627,0.330709,0.349422,0.405601
3.21689,0.191229,0.362205,0.281031,0.405601
3.21714,0.0111937,0.393701,0.160557,0.405601
3.21739,-0.191223,0.425197,-0.0047453,0.405601
3.21764,-0.38771,0.440945,-0.171411,0.405601
3.21789,-0.549608,0.425197,-0.315452,0.405601
3.21814,-0.652964,0.370079,-0.417419,0.405601
3.21839,-0.684195,0.275591,-0.467678,0.405601
3.21864,-0.642034,0.141732,-0.446095,0.405601
3.21889,-0.537953,-0.00787402,-0.380265,0.405601
3.21914,-0.393313,-0.188976,-0.281632,0.405601
3.21939,-0.233908,-0.346457,-0.160924,0.405601
3.21964,-0.0851679,-0.472441,-0.061402,0.405601
3.21989,0.0341323,-0.559055,0.0102939,0.405601
3.22014,0.114734,-0.582677,0.0470006,0.405601
3.22039,0.158534,-0.551181,0.0545918,0.405601
3.22064,0.176868,-0.472441,0.0335826,0.405601
3.22089,0.186159,-0.370079,0.00772904,0.405601
3.22114,0.203561,-0.244094,-0.00147017,0.405601
3.22139,0.241005,-0.133858,0.0232455,0.405601
3.22164,0.302025,-0.0314961,0.0893493,0.405601
3.22189,0.379885,0.0472441,0.176766,0.405601
3.22214,0.458923,0.102362,0.2758,0.405601
3.22239,0.517981,0.141732,0.379741,0.405601
3.22264,0.535889,0.181102,0.443939,0.405601
3.22289,0.496671,0.220472,0.464166,0.405601
3.22315,0.393925,0.267717,0.422033,0.405601
3.2234,0.233846,0.314961,0.314541,0.405601
3.22365,0.0337742,0.370079,0.16094,0.405601
3.2239,-0.179687,0.409449,-0.0147993,0.405601
3.22415,-0.376893,0.433071,-0.186921,0.405601
3.2244,-0.530155,0.417323,-0.336393,0.289282
3.22465,-0.620294,0.362205,-0.426663,0.289282
3.2249,-0.639235,0.251969,-0.458025,0.289282
3.22515,-0.592016,0.11811,-0.43123,0.289282
3.2254,-0.494686,-0.0314961,-0.358772,0.289282
3.22565,-0.370004,-0.188976,-0.267119,0.289282
3.2259,-0.242566,-0.322835,-0.172759,0.289282
3.22615,-0.13262,-0.433071,-0.102131,0.289282
3.2264,-0.052276,-0.488189,-0.0575559,0.289282
3.22665,-0.00272954,-0.488189,-0.0532,0.289282
3.2269,0.0240419,-0.456693,-0.0583819,0.289282
3.22715,0.0434049,-0.377953,-0.0785526,0.289282
3.2274,0.0721172,-0.291339,-0.0802655,0.289282
3.22765,0.124051,-0.19685,-0.0542073,0.289282
3.2279,0.20475,-0.11811,0.0113101,0.289282
3.22815,0.310104,-0.0472441,0.113777,0.289282
3.2284,0.425666,0,0.238161,0.289282
3.22865,0.529933,0.023622,0.368152,0.289282
3.2289,0.599289,0.0629921,0.471451,0.289282
3.22915,0.613091,0.102362,0.528382,0.289282
3.2294,0.559372,0.165354,0.523114,0.289282
3.22965,0.437802,0.228346,0.457815,0.289282
3.2299,0.260865,0.299213,0.321027,0.289282
3.23015,0.0512854,0.362205,0.157745,0.289282
3.2304,-0.161624,0.417323,-0.0326223,0.289282
3.23065,-0.348516,0.433071,-0.195875,0.289282
3.2309,-0.485765,0.409449,-0.319382,0.289282
3.23115,-0.559271,0.338583,-0.391044,0.289282
3.2314,-0.567764,0.228346,-0.411787,0.289282
3.23165,-0.521466,0.0944882,-0.382886,0.289282
3.2319,-0.439542,-0.0551181,-0.313857,0.289282
3.23215,-0.344375,-0.188976,-0.245019,0.289282
3.2324,-0.256707,-0.307087,-0.184037,0.289282
3.23265,-0.190488,-0.385827,-0.142047,0.289282
3.2329,-0.149667,-0.417323,-0.139489,0.289282
3.23315,-0.128582,-0.401575,-0.154214,0.289282
3.2334,-0.113294,-0.362205,-0.176234,0.289282
3.23365,-0.0868677,-0.307087,-0.189748,0.289282
3.2339,-0.0336808,-0.23622,-0.161556,0.289282
3.23415,0.054538,-0.173228,-0.102629,0.289282
3.2344,0.176771,-0.133858,0.000375743,0.289282
3.23465,0.320769,-0.0944882,0.145174,0.289282
3.2349,0.46572,-0.0629921,0.296214,0.289282
3.23515,0.586311,-0.0314961,0.442857,0.289282
3.2354,0.658118,0,0.542068,0.289282
3.23565,0.663391,0.0551181,0.585512,0.289282
3.2359,0.595266,0.133858,0.554654,0.289282
3.23615,0.459864,0.212598,0.461973,0.289282
3.2364,0.275036,0.299213,0.324245,0.289282
3.23665,0.0674687,0.377953,0.146973,0.289282
3.2369,-0.133471,0.425197,-0.0310875,0.289282
3.23715,-0.300818,0.433071,-0.172717,0.289282
3.2374,-0.416324,0.393701,-0.281504,0.289282
3.23765,-0.472472,0.314961,-0.326903,0.289282
3.2379,-0.474215,0.19685,-0.333605,0.289282
3.23815,-0.436068,0.0551181,-0.303791,0.289282
3.2384,-0.378014,-0.0708661,-0.252073,0.289282
3.23865,-0.320229,-0.188976,-0.210015,0.289282
3.2389,-0.27777,-0.275591,-0.193375,0.289282
3.23915,-0.256892,-0.330709,-0.204277,0.289282
3.2394,-0.253751,-0.346457,-0.228221,0.289282
3.23965,-0.256021,-0.330709,-0.265786,0.289282
3.2399,-0.246102,-0.299213,-0.294755,0.289282
3.24015,-0.206908,-0.259843,-0.292294,0.289282
3.2404,-0.126642,-0.212598,-0.243788,0.289282
3.24065,-0.00265223,-0.181102,-0.147894,0.289282
3.2409,0.156066,-0.15748,-0.00472791,0.289282
3.24115,0.330604,-0.141732,0.164906,0.289282
3.2414,0.495206,-0.11811,0.338439,0.289282
3.24165,0.622714,-0.0787402,0.477745,0.289282
3.2419,0.690217,-0.0314961,0.573602,0.289282
3.24215,0.684376,0.0393701,0.601754,0.289282
3.2424,0.604408,0.125984,0.564808,0.289282
3.24265,0.462108,0.228346,0.455449,0.289282
3.2429,0.279954,0.322835,0.312756,0.289282
3.24315,0.0857597,0.385827,0.148269,0.289282
3.2434,-0.0924233,0.417323,-0.00558959,0.289282
3.24365,-0.232987,0.417323,-0.127142,0.289282
3.2439,-0.323575,0.362205,-0.203444,0.289282
3.24415,-0.364022,0.275591,-0.236142,0.289282
3.2444,-0.36436,0.15748,-0.230819,0.289282
3.24465,-0.341741,0.0314961,-0.204345,0.289282
3.2449,-0.315204,-0.0787402,-0.189202,0.289282
3.24515,-0.300558,-0.173228,-0.189718,0.289282
3.2454,-0.305739,-0.23622,-0.216353,0.289282
3.24565,-0.328919,-0.267717,-0.263195,0.289282
3.2459,-0.358952,-0.275591,-0.326102,0.289282
3.24615,-0.378118,-0.259843,-0.388234,0.289282
3.2464,-0.367323,-0.244094,-0.409466,0.289282
3.24665,-0.311209,-0.228346,-0.396347,0.289282
3.2469,-0.20306,-0.204724,-0.317816,0.289282
3.24715,-0.0470701,-0.19685,-0.188236,0.289282
3.2474,0.140686,-0.188976,-0.0133463,0.289282
3.24765,0.335705,-0.181102,0.181023,0.289282
3.24791,0.509355,-0.15748,0.364261,0.289282
3.24816,0.634923,-0.110236,0.507762,0.289282
3.24841,0.692965,-0.0472441,0.586852,0.289282
3.24866,0.675776,0.0393701,0.59834,0.289282
3.24891,0.588513,0.149606,0.55124,0.289282
3.24916,0.448075,0.251969,0.43783,0.289282
3.24941,0.27939,0.338583,0.301801,0.289282
3.24966,0.109615,0.393701,0.160012,0.289282
3.24991,-0.0373831,0.417323,0.0362284,0.289282
3.25016,-0.146059,0.385827,-0.04839,0.289282
3.25041,-0.21137,0.314961,-0.0979658,0.289282
3.25066,-0.239562,0.220472,-0.113855,0.289282
3.25091,-0.244776,0.11811,-0.116761,0.289282
3.25116,-0.244702,0.00787402,-0.112443,0.289282
3.25141,-0.255631,-0.0787402,-0.126177,0.289282
3.25166,-0.287049,-0.149606,-0.176141,0.289282
3.25191,-0.33919,-0.19685,-0.241852,0.289282
3.25216,-0.402294,-0.220472,-0.340026,0.289282
3.25241,-0.45883,-0.220472,-0.423007,0.289282
3.25266,-0.487961,-0.220472,-0.492709,0.289282
3.25291,-0.470608,-0.212598,-0.513255,0.289282
3.25316,-0.395407,-0.212598,-0.476664,0.289282
3.25341,-0.26127,-0.220472,-0.371356,0.289282
3.25366,-0.079762,-0.228346,-0.208429,0.289282
3.25391,0.127365,-0.228346,-0.0156334,0.289282
3.25416,0.331676,-0.212598,0.188245,0.289282
3.25441,0.504045,-0.173228,0.366641,0.289282
3.25466,0.620081,-0.11811,0.499238,0.289282
3.25491,0.665684,-0.023622,0.563149,0.289282
3.25516,0.639062,0.0708661,0.568798,0.289282
3.25541,0.551051,0.181102,0.511643,0.289282
3.25566,0.422118,0.283465,0.408614,0.289282
3.25591,0.277511,0.354331,0.291904,0.289282
3.25616,0.14143,0.393701,0.178429,0.289282
3.25641,0.0318705,0.385827,0.0971881,0.289282
3.25666,-0.0426489,0.338583,0.0449324,0.289282
3.25691,-0.0848645,0.267717,0.0210663,0.289282
3.25716,-0.105838,0.173228,0.0180864,0.289282
3.25741,-0.122417,0.0787402,0.0126168,0.289282
3.25766,-0.150857,-0.00787402,-0.0191005,0.289282
3.25791,-0.202678,-0.0866142,-0.072062,0.289282
3.25816,-0.280105,-0.133858,-0.162036,0.289282
3.25841,-0.375446,-0.165354,-0.283853,0.289282
3.25866,-0.471791,-0.181102,-0.407203,0.289282
3.25891,-0.547012,-0.181102,-0.523,0.289282
3.25916,-0.578924,-0.19685,-0.588897,0.289282
3.25941,-0.550955,-0.204724,-0.603444,0.289282
3.25966,-0.456524,-0.228346,-0.538018,0.289282
3.25991,-0.301151,-0.23622,-0.41352,0.289282
3.26016,-0.102766,-0.259843,-0.236528,0.289282
3.26041,0.112538,-0.251969,-0.0256816,0.289282
3.26066,0.314817,-0.228346,0.17609,0.289282
3.26091,0.476231,-0.165354,0.344431,0.289282
3.26116,0.577248,-0.0866142,0.464137,0.289282
3.26141,0.60952,0.00787402,0.514481,0.289282
3.26166,0.577566,0.11811,0.505633,0.289282
3.26191,0.496623,0.228346,0.450139,0.289282
3.26216,0.388923,0.314961,0.375765,0.289282
3.26241,0.27774,0.370079,0.291643,0.289282
3.26266,0.182386,0.385827,0.218612,0.289282
3.26291,0.113907,0.354331,0.184495,0.289282
3.26316,0.0727009,0.299213,0.167958,0.289282
3.26341,0.0498527,0.220472,0.164435,0.289282
3.26366,0.0299168,0.125984,0.161768,0.289282
3.26391,-0.00388875,0.0472441,0.131954,0.289282
3.26416,-0.0650059,-0.023622,0.0740531,0.289282
3.26441,-0.158312,-0.0787402,-0.0238164,0.289282
3.26466,-0.278708,-0.110236,-0.163524,0.289282
3.26491,-0.4107,-0.141732,-0.322471,0.289282
3.26516,-0.531869,-0.15748,-0.478574,0.289282
3.26541,-0.617328,-0.173228,-0.602458,0.289282
3.26566,-0.645956,-0.19685,-0.663855,0.289282
3.26591,-0.605029,-0.220472,-0.65938,0.289282
3.26616,-0.493724,-0.244094,-0.581704,0.289282
3.26641,-0.324319,-0.275591,-0.444068,0.289282
3.26666,-0.119149,-0.283465,-0.255447,0.289282
3.26691,0.092612,-0.267717,-0.0478951,0.289282
3.26716,0.281905,-0.220472,0.141534,0.289282
3.26741,0.424631,-0.141732,0.295642,0.289282
3.26766,0.507205,-0.0472441,0.394589,0.289282
3.26791,0.52767,0.0629921,0.43817,0.289282
3.26816,0.496072,0.181102,0.433606,0.289282
3.26841,0.430572,0.275591,0.385906,0.289282
3.26866,0.352996,0.346457,0.341905,0.289282
3.26891,0.282725,0.377953,0.298598,0.289282
3.26916,0.232509,0.370079,0.272798,0.289282
3.26941,0.205455,0.322835,0.279337,0.289282
3.26966,0.19442,0.259843,0.290641,0.289282
3.26991,0.185351,0.181102,0.307133,0.289282
3.27016,0.16044,0.0944882,0.294319,0.289282
3.27041,0.10458,0.0314961,0.245556,0.289282
3.27066,0.0093584,-0.023622,0.149769,0.289282
3.27091,-0.12335,-0.0629921,0.00767946,0.289282
3.27116,-0.280508,-0.0944882,-0.169213,0.289282
3.27141,-0.440529,-0.11811,-0.358411,0.289282
3.27166,-0.576883,-0.149606,-0.537028,0.289282
3.27191,-0.664647,-0.181102,-0.661449,0.289282
3.27216,-0.685214,-0.220472,-0.721054,0.289282
3.27241,-0.631101,-0.259843,-0.698726,0.289282
3.27267,-0.507967,-0.291339,-0.612075,0.289282
3.27292,-0.333102,-0.299213,-0.453002,0.289282
3.27317,-0.132763,-0.291339,-0.264059,0.289282
3.27342,0.0640807,-0.251969,-0.0750309,0.289282
3.27367,0.23085,-0.181102,0.0968926,0.289282
3.27392,0.349458,-0.0866142,0.221408,0.289282
3.27417,0.412528,0.015748,0.302043,0.289282
3.27442,0.424838,0.125984,0.334195,0.289282
3.27467,0.40034,0.228346,0.335212,0.289282
3.27492,0.358607,0.299213,0.326104,0.289282
3.27517,0.318505,0.338583,0.308529,0.289282
3.27542,0.294061,0.346457,0.319334,0.289282
3.27567,0.290311,0.314961,0.348316,0.289282
3.27592,0.302118,0.259843,0.387491,0.289282
3.27617,0.316275,0.181102,0.431804,0.289282
3.27642,0.314426,0.110236,0.446633,0.289282
3.27667,0.279128,0.0393701,0.426746,0.289282
3.27692,0.198243,0,0.348408,0.289282
3.27717,0.0699003,-0.0472441,0.204777,0.289282
3.27742,-0.0969409,-0.0708661,0.0177005,0.289282
3.27767,-0.282392,-0.0944882,-0.194917,0.289282
3.27792,-0.460074,-0.110236,-0.401289,0.289282
3.27817,-0.602097,-0.141732,-0.588295,0.289282
3.27842,-0.684977,-0.165354,-0.706119,0.289282
3.27867,-0.694631,-0.204724,-0.752404,0.289282
3.27892,-0.629588,-0.23622,-0.716404,0.289282
3.27917,-0.501342,-0.259843,-0.610588,0.289282
3.27942,-0.331329,-0.259843,-0.454635,0.289282
3.27967,-0.147105,-0.23622,-0.282863,0.289282
3.27992,0.0243463,-0.181102,-0.109855,0.289282
3.28017,0.161398,-0.0944882,0.0385923,0.289282
3.28042,0.252723,0,0.150098,0.289282
3.28067,0.297839,0.0944882,0.219432,0.289282
3.28092,0.306938,0.19685,0.244275,0.289282
3.28117,0.29695,0.259843,0.266159,0.289282
3.28142,0.285861,0.299213,0.279445,0.289282
3.28167,0.288602,0.307087,0.310785,0.289282
3.28192,0.311922,0.275591,0.369626,0.289282
3.28217,0.352687,0.228346,0.433813,0.289282
3.28242,0.398641,0.15748,0.502297,0.289282
3.28267,0.431067,0.0866142,0.552182,0.289282
3.28292,0.430185,0.015748,0.562189,0.289282
3.28317,0.380014,-0.023622,0.509504,0.289282
3.28342,0.27391,-0.0629921,0.393164,0.289282
3.28367,0.116131,-0.0787402,0.222168,0.289282
3.28392,-0.0769256,-0.0944882,0.00330998,0.289282
3.28417,-0.280423,-0.110236,-0.230309,0.289282
3.28442,-0.464915,-0.125984,-0.456924,0.289282
3.28467,-0.603479,-0.149606,-0.626951,0.289282
3.28492,-0.676006,-0.181102,-0.735043,0.289282
3.28517,-0.674208,-0.204724,-0.759934,0.289282
3.28542,-0.602729,-0.228346,-0.71342,0.289282
3.28567,-0.477672,-0.228346,-0.593552,0.289282
3.28592,-0.323208,-0.19685,-0.44346,0.289282
3.28617,-0.165638,-0.149606,-0.284505,0.289282
3.28642,-0.0281616,-0.0787402,-0.135198,0.289282
3.28667,0.074586,0.00787402,-0.0133933,0.289282
3.28692,0.138079,0.110236,0.0643582,0.289282
3.28717,0.168889,0.204724,0.123232,0.289282
3.28742,0.181064,0.267717,0.159004,0.289282
3.28767,0.192064,0.307087,0.199486,0.289282
3.28792,0.21718,0.307087,0.251336,0.289282
3.28817,0.265217,0.275591,0.318314,0.289282
3.28842,0.335009,0.220472,0.417129,0.289282
3.28867,0.415733,0.141732,0.516019,0.289282
3.28892,0.488733,0.0708661,0.600462,0.289282
3.28917,0.53209,0,0.65906,0.289282
3.28942,0.52629,-0.0472441,0.653202,0.289282
3.28967,0.459043,-0.0866142,0.56963,0.289282
3.28992,0.32959,-0.110236,0.424817,0.289282
3.29017,0.14898,-0.125984,0.218022,0.289282
3.29042,-0.0605278,-0.141732,-0.0190954,0.289282
3.29067,-0.270355,-0.149606,-0.267024,0.289282
3.29092,-0.451277,-0.173228,-0.479218,0.289282
3.29117,-0.578459,-0.19685,-0.64577,0.289282
3.29142,-0.6374,-0.212598,-0.72323,0.289282
3.29167,-0.625867,-0.228346,-0.740965,0.289282
3.29192,-0.554015,-0.228346,-0.67949,0.289282
3.29217,-0.441536,-0.19685,-0.56602,0.289282
3.29242,-0.312736,-0.141732,-0.438372,0.289282
3.29267,-0.191016,-0.0629921,-0.296223,0.289282
3.29292,-0.093192,0.0314961,-0.181713,0.289282
3.29317,-0.0269439,0.133858,-0.0923288,0.289282
3.29342,0.0110458,0.228346,-0.0376663,0.289282
3.29367,0.0324927,0.307087,0.0101898,0.289282
3.29392,0.0540109,0.346457,0.0609555,0.289282
3.29417,0.0915925,0.354331,0.124274,0.289282
3.29442,0.156095,0.314961,0.217031,0.289282
3.29467,0.248831,0.259843,0.330099,0.289282
3.29492,0.360927,0.181102,0.468765,0.289282
3.29517,0.474454,0.0944882,0.59785,0.289282
3.29542,0.566235,0.00787402,0.700837,0.289282
3.29567,0.61323,-0.0551181,0.752718,0.289282
3.29592,0.598017,-0.102362,0.728565,0.289282
3.29617,0.513684,-0.133858,0.620435,0.289282
3.29642,0.365394,-0.165354,0.451465,0.289282
3.29667,0.170786,-0.181102,0.214479,0.289282
3.29692,-0.0439664,-0.19685,-0.0317956,0.289282
3.29717,-0.248859,-0.220472,-0.2751,0.289282
3.29743,-0.416376,-0.244094,-0.483667,0.289282
3.29768,-0.52641,-0.267717,-0.62144,0.289282
3.29793,-0.570751,-0.275591,-0.695693,0.289282
3.29818,-0.553158,-0.267717,-0.692649,0.289282
3.29843,-0.48844,-0.23622,-0.633599,0.289282
3.29868,-0.397809,-0.173228,-0.542832,0.289282
3.29893,-0.303759,-0.0866142,-0.433001,0.289282
3.29918,-0.224369,0.023622,-0.333626,0.289282
3.29943,-0.169422,0.141732,-0.255073,0.289282
3.29968,-0.138651,0.251969,-0.196138,0.289282
3.29993,-0.12208,0.338583,-0.151601,0.289282
3.30018,-0.10398,0.401575,-0.106445,0.289282
3.30043,-0.0673085,0.417323,-0.035772,0.289282
3.30068,0.000711872,0.393701,0.0702103,0.289282
3.30093,0.104728,0.338583,0.204632,0.289282
3.30118,0.238634,0.259843,0.362024,0.289282
3.30143,0.386023,0.165354,0.526704,0.289282
3.30168,0.523501,0.0708661,0.678156,0.289282
3.30193,0.625303,-0.00787402,0.782268,0.289282
3.30218,0.669315,-0.0787402,0.820795,0.289282
3.30243,0.642344,-0.133858,0.780707,0.289282
3.30268,0.54299,-0.173228,0.656741,0.289282
3.30293,0.382987,-0.204724,0.456786,0.289282
3.30318,0.184586,-0.23622,0.211578,0.289282
3.30343,-0.0236213,-0.275591,-0.0375971,0.289282
3.30368,-0.21274,-0.314961,-0.269614,0.289282
3.30393,-0.358853,-0.346457,-0.464351,0.289282
3.30418,-0.448403,-0.362205,-0.586409,0.289282
3.30443,-0.479291,-0.362205,-0.64107,0.289282
3.30468,-0.461195,-0.330709,-0.629424,0.289282
3.30493,-0.411599,-0.267717,-0.580029,0.289282
3.30518,-0.351394,-0.173228,-0.519163,0.289282
3.30543,-0.299033,-0.0472441,-0.446668,0.289282
3.30568,-0.265898,0.0787402,-0.390841,0.289282
3.30593,-0.253946,0.212598,-0.349588,0.289282
3.30618,-0.255103,0.322835,-0.320397,0.289282
3.30643,-0.254215,0.401575,-0.286711,0.289282
3.30668,-0.233286,0.440945,-0.224867,0.289282
3.30693,-0.176983,0.433071,-0.13229,0.289282
3.30718,-0.0769885,0.385827,0.00632201,0.289282
3.30743,0.0639606,0.314961,0.185553,0.289282
3.30768,0.232587,0.228346,0.38695,0.289282
3.30793,0.406129,0.133858,0.57765,0.289282
3.30818,0.55762,0.0551181,0.742232,0.289282
3.30843,0.660908,0,0.842506,0.289282
3.30868,0.697031,-0.0629921,0.868416,0.289282
3.30893,0.657809,-0.0944882,0.798412,0.289282
3.30918,0.548111,-0.125984,0.651192,0.289282
3.30943,0.385133,-0.15748,0.439045,0.289282
3.30968,0.194032,-0.19685,0.200868,0.289282
3.30993,0.00372192,-0.244094,-0.0393761,0.289282
3.31018,-0.160151,-0.283465,-0.246596,0.289282
3.31043,-0.279381,-0.322835,-0.400178,0.289282
3.31068,-0.347216,-0.346457,-0.494864,0.289282
3.31093,-0.368216,-0.338583,-0.531487,0.289282
3.31118,-0.35599,-0.299213,-0.526129,0.289282
3.31143,-0.329408,-0.228346,-0.489182,0.289282
3.31168,-0.306608,-0.125984,-0.459377,0.289282
3.31193,-0.300276,-0.00787402,-0.430041,0.289282
3.31218,-0.314252,0.110236,-0.416191,0.289282
3.31243,-0.342305,0.220472,-0.416198,0.289282
3.31268,-0.36988,0.307087,-0.407654,0.289282
3.31293,-0.378087,0.354331,-0.380338,0.289282
3.31318,-0.348872,0.370079,-0.320602,0.289282
3.31343,-0.269942,0.338583,-0.200955,0.289282
3.31368,-0.139507,0.291339,-0.0440139,0.289282
3.31393,0.0330885,0.220472,0.153449,0.289282
3.31418,0.22744,0.149606,0.369893,0.289282
3.31443,0.416682,0.0866142,0.569913,0.289282
3.31468,0.571996,0.023622,0.733798,0.289282
3.31493,0.669587,0,0.818181,0.289282
3.31518,0.694646,-0.0314961,0.823022,0.289282
3.31543,0.645122,-0.0472441,0.745486,0.289282
3.31568,0.531748,-0.0787402,0.592409,0.289282
3.31593,0.375574,-0.110236,0.394069,0.289282
3.31618,0.203132,-0.15748,0.184905,0.289282
3.31643,0.0407785,-0.212598,-0.0169136,0.289282
3.31668,-0.0905598,-0.267717,-0.173263,0.289282
3.31693,-0.180107,-0.307087,-0.287184,0.289282
3.31718,-0.227704,-0.322835,-0.347512,0.289282
3.31743,-0.243689,-0.299213,-0.372716,0.289282
3.31768,-0.24429,-0.259843,-0.369098,0.289282
3.31793,-0.247488,-0.173228,-0.363935,0.289282
3.31818,-0.266721,-0.0708661,-0.377389,0.289282
3.31843,-0.307886,0.0314961,-0.401672,0.289282
3.31868,-0.366604,0.141732,-0.438015,0.289282
3.31893,-0.429187,0.228346,-0.479885,0.289282
3.31918,-0.476238,0.283465,-0.499785,0.289282
3.31943,-0.486864,0.299213,-0.485827,0.289282
3.31968,-0.444921,0.283465,-0.419116,0.289282
3.31993,-0.343032,0.251969,-0.288555,0.289282
3.32018,-0.185996,0.188976,-0.108052,0.289282
3.32043,0.0101097,0.133858,0.109916,0.289282
3.32068,0.219665,0.0787402,0.334255,0.289282
3.32093,0.413276,0.0393701,0.535983,0.289282
3.32118,0.563259,0.015748,0.68514,0.289282
3.32143,0.649264,0,0.765119,0.289282
3.32168,0.662445,-0.00787402,0.759809,0.289282
3.32193,0.606736,-0.015748,0.678611,0.289282
3.32219,0.497821,-0.0472441,0.542409,0.289282
3.32244,0.35878,-0.0866142,0.366717,0.289282
3.32269,0.215131,-0.141732,0.195404,0.289282
3.32294,0.0891128,-0.19685,0.0381559,0.289282
3.32319,-0.00542942,-0.244094,-0.0834658,0.289282
3.32344,-0.0647242,-0.283465,-0.152458,0.289282
3.32369,-0.0957559,-0.283465,-0.19559,0.289282
3.32394,-0.11258,-0.251969,-0.213741,0.289282
3.32419,-0.132687,-0.188976,-0.233819,0.289282
3.32444,-0.170454,-0.629921,-0.263344,0.400918
3.32469,-0.233901,-0.582677,-0.314049,0.400918
3.32494,-0.320798,-0.291339,-0.394952,0.400918
3.32519,-0.419013,0,-0.480376,0.400918
3.32544,-0.508912,0.251969,-0.556638,0.400918
3.32569,-0.567575,0.464567,-0.612209,0.400918
3.32594,-0.574688,0.622047,-0.620194,0.400918
3.32619,-0.517452,0.629921,-0.560379,0.400918
3.32644,-0.394763,0.629921,-0.422911,0.400918
3.32669,-0.217551,0.629921,-0.223227,0.400918
3.32694,-0.00805728,0.629921,0.0224384,0.400918
3.32719,0.20526,0.629921,0.277904,0.400918
3.32744,0.392419,0.629921,0.502333,0.400918
3.32769,0.529072,0.629921,0.682535,0.400918
3.32794,0.599962,0.629921,0.79319,0.400918
3.32819,0.602652,0.559055,0.822806,0.400918
3.32844,0.546732,0.370079,0.791651,0.400918
3.32869,0.45101,0.125984,0.699835,0.400918
3.32894,0.338964,-0.141732,0.582307,0.400918
3.32919,0.232793,-0.440945,0.456114,0.400918
3.32944,0.148584,-0.629921,0.341502,0.400918
3.32969,0.0926016,-0.629921,0.239164,0.400918
3.32994,0.0611646,-0.629921,0.143875,0.400918
3.33019,0.041695,-0.629921,0.0589222,0.400918
3.33044,0.0176046,-0.629921,-0.049567,0.400918
3.33069,-0.0270635,-0.629921,-0.175285,0.400918
3.33094,-0.102259,-0.629921,-0.320081,0.400918
3.33119,-0.208781,-0.590551,-0.491686,0.400918
3.33144,-0.336749,-0.338583,-0.661875,0.400918
3.33169,-0.466909,-0.0944882,-0.813539,0.400918
3.33194,-0.575346,0.11811,-0.91918,0.400918
3.33219,-0.638016,0.291339,-0.960047,0.400918
3.33244,-0.636826,0.440945,-0.91007,0.400918
3.33269,-0.564218,0.551181,-0.771257,0.400918
3.33294,-0.425034,0.629921,-0.549887,0.400918
3.33319,-0.236576,0.629921,-0.260532,0.400918
3.33344,-0.0247181,0.629921,0.0534855,0.400918
3.33369,0.180409,0.629921,0.35213,0.400918
3.33394,0.351668,0.629921,0.615554,0.400918
3.33419,0.468835,0.629921,0.802561,0.400918
3.33444,0.523509,0.629921,0.903852,0.400918
3.33469,0.519244,0.629921,0.916485,0.400918
3.33494,0.470133,0.472441,0.861458,0.400918
3.33519,0.396598,0.212598,0.751698,0.400918
3.33544,0.320105,-0.0629921,0.62426,0.400918
3.33569,0.257704,-0.362205,0.495316,0.400918
3.33594,0.217893,-0.629921,0.380115,0.400918
3.33619,0.199351,-0.629921,0.280271,0.400918
3.33644,0.191261,-0.629921,0.185929,0.400918
3.33669,0.177411,-0.629921,0.0828588,0.400918
3.33694,0.14029,-0.629921,-0.0443764,0.400918
3.33719,0.0675517,-0.629921,-0.182549,0.400918
3.33744,-0.0451697,-0.629921,-0.351324,0.400918
3.33769,-0.190807,-0.551181,-0.535457,0.400918
3.33794,-0.352262,-0.346457,-0.715869,0.400918
3.33819,-0.505149,-0.15748,-0.853418,0.400918
3.33844,-0.622958,0.00787402,-0.93936,0.400918
3.33869,-0.682746,0.15748,-0.955173,0.400918
3.33894,-0.670507,0.283465,-0.87641,0.400918
3.33919,-0.584508,0.385827,-0.712394,0.400918
3.33944,-0.435701,0.496063,-0.477396,0.400918
3.33969,-0.246105,0.598425,-0.19622,0.400918
3.33994,-0.0437709,0.629921,0.0882311,0.400918
3.34019,0.142636,0.629921,0.345732,0.400918
3.34044,0.289887,0.629921,0.551771,0.400918
3.34069,0.384086,0.629921,0.689965,0.400918
3.34094,0.423576,0.629921,0.751627,0.400918
3.34119,0.417527,0.629921,0.741289,0.400918
3.34144,0.382868,0.448819,0.688536,0.400918
3.34169,0.339673,0.188976,0.612896,0.400918
3.34194,0.30526,-0.0866142,0.533405,0.400918
3.34219,0.289908,-0.362205,0.463375,0.400918
3.34244,0.294249,-0.606299,0.412945,0.400918
3.34269,0.309146,-0.629921,0.363105,0.400918
3.34294,0.318626,-0.629921,0.303797,0.400918
3.34319,0.303835,-0.629921,0.223498,0.400918
3.34344,0.24947,-0.629921,0.105623,0.400918
3.34369,0.147208,-0.629921,-0.056222,0.400918
3.34394,9.9428e-05,-0.590551,-0.25478,0.400918
3.34419,-0.177863,-0.425197,-0.462572,0.400918
3.34444,-0.363375,-0.267717,-0.666322,0.400918
3.34469,-0.52872,-0.133858,-0.836457,0.400918
3.34494,-0.647063,-0.00787402,-0.927126,0.400918
3.34519,-0.698646,0.0866142,-0.949163,0.400918
3.34544,-0.674787,0.188976,-0.868367,0.400918
3.34569,-0.579726,0.291339,-0.71141,0.400918
3.34594,-0.429913,0.401575,-0.483384,0.400918
3.34619,-0.250188,0.519685,-0.227857,0.400918
3.34644,-0.0685108,0.629921,0.0228242,0.400918
3.34669,0.0899666,0.629921,0.250817,0.400918
3.34695,0.207557,0.629921,0.427134,0.400918
3.3472,0.277891,0.629921,0.536611,0.400918
3.34745,0.305455,0.629921,0.580736,0.400918
3.3477,0.303865,0.574803,0.590355,0.400918
3.34795,0.291126,0.354331,0.570335,0.400918
3.3482,0.284761,0.102362,0.546925,0.400918
3.34845,0.29629,-0.15748,0.524069,0.400918
3.3487,0.328289,-0.401575,0.516548,0.400918
3.34895,0.373369,-0.606299,0.501656,0.400918
3.3492,0.415824,-0.629921,0.486922,0.400918
3.34945,0.43583,-0.629921,0.447148,0.400918
3.3497,0.414693,-0.629921,0.359468,0.400918
3.34995,0.340135,-0.629921,0.207746,0.400918
3.3502,0.209867,-0.582677,0.0116881,0.400918
3.35045,0.0340432,-0.456693,-0.218153,0.400918
3.3507,-0.167134,-0.322835,-0.45532,0.400918
3.35095,-0.365843,-0.212598,-0.675163,0.400918
3.3512,-0.533131,-0.110236,-0.850031,0.400918
3.35145,-0.644382,-0.0314961,-0.9367,0.400918
3.3517,-0.68441,0.0472441,-0.935268,0.400918
3.35195,-0.650543,0.133858,-0.846252,0.400918
3.3522,-0.552832,0.23622,-0.676424,0.400918
3.35245,-0.411537,0.362205,-0.460531,0.400918
3.3527,-0.252649,0.496063,-0.221683,0.400918
3.35295,-0.101428,0.614173,0.000136944,0.400918
3.3532,0.0219256,0.629921,0.194504,0.400918
3.35345,0.107251,0.629921,0.328369,0.400918
3.3537,0.155007,0.629921,0.415141,0.400918
3.35395,0.17555,0.629921,0.448621,0.400918
3.3542,0.184965,0.472441,0.464704,0.400918
3.35445,0.200656,0.251969,0.475918,0.400918
3.3547,0.235358,0,0.486658,0.400918
3.35495,0.293748,-0.228346,0.513046,0.400918
3.3552,0.370279,-0.448819,0.542018,0.400918
3.35545,0.450209,-0.598425,0.573244,0.400918
3.3557,0.512758,-0.629921,0.570656,0.400918
3.35595,0.536498,-0.629921,0.522793,0.400918
3.3562,0.504558,-0.629921,0.422465,0.400918
3.35645,0.409219,-0.559055,0.255964,0.400918
3.3567,0.255199,-0.448819,0.0440509,0.400918
3.35695,0.05858,-0.346457,-0.200029,0.400918
3.3572,-0.154827,-0.251969,-0.449178,0.400918
3.35745,-0.355487,-0.173228,-0.670755,0.400918
3.3577,-0.515154,-0.11811,-0.82185,0.400918
3.35795,-0.613356,-0.0629921,-0.889811,0.400918
3.3582,-0.640657,0,-0.864366,0.400918
3.35845,-0.600586,0.0944882,-0.766392,0.400918
3.3587,-0.507959,0.204724,-0.599046,0.400918
3.35895,-0.385286,0.338583,-0.399966,0.400918
3.3592,-0.256987,0.488189,-0.193564,0.400918
3.35945,-0.144156,0.614173,-0.0186023,0.400918
3.3597,-0.0600461,0.629921,0.112869,0.400918
3.35995,-0.00711611,0.629921,0.212751,0.400918
3.3602,0.021628,0.629921,0.260868,0.400918
3.36045,0.0409826,0.551181,0.297042,0.400918
3.3607,0.067758,0.370079,0.320364,0.400918
3.36095,0.116393,0.141732,0.355484,0.400918
3.3612,0.193795,-0.0866142,0.407964,0.400918
3.36145,0.296764,-0.291339,0.485694,0.400918
3.3617,0.412178,-0.464567,0.557802,0.400918
3.36195,0.519008,-0.566929,0.616645,0.400918
3.3622,0.593658,-0.606299,0.627908,0.400918
3.36245,0.614886,-0.582677,0.589674,0.400918
3.3627,0.569324,-0.519685,0.481072,0.400918
3.36295,0.455383,-0.425197,0.300334,0.400918
3.3632,0.283904,-0.346457,0.0729287,0.400918
3.36345,0.0768352,-0.275591,-0.178889,0.400918
3.3637,-0.137367,-0.220472,-0.421762,0.400918
3.36395,-0.328769,-0.181102,-0.610531,0.400918
3.3642,-0.472772,-0.149606,-0.739398,0.400918
3.36445,-0.554092,-0.102362,-0.789233,0.400918
3.3647,-0.569921,-0.023622,-0.751942,0.400918
3.36495,-0.529204,0.0708661,-0.653914,0.400918
3.3652,-0.450334,0.212598,-0.507972,0.400918
3.36545,-0.355546,0.362205,-0.34926,0.400918
3.3657,-0.266098,0.511811,-0.19989,0.400918
3.36595,-0.196935,0.629921,-0.0701767,0.400918
3.3662,-0.153231,0.629921,0.0150427,0.400918
3.36645,-0.130425,0.629921,0.0636003,0.400918
3.3667,-0.115311,0.614173,0.10316,0.400918
3.36695,-0.091092,0.464567,0.13013,0.400918
3.3672,-0.041651,0.259843,0.187097,0.400918
3.36745,0.0422723,0.0393701,0.25421,0.400918
3.3677,0.160934,-0.165354,0.359954,0.400918
3.36795,0.303296,-0.346457,0.474246,0.400918
3.3682,0.449506,-0.472441,0.582287,0.400918
3.36845,0.574208,-0.519685,0.661688,0.400918
3.3687,0.652857,-0.511811,0.681377,0.400918
3.36895,0.666558,-0.456693,0.635821,0.400918
3.3692,0.606979,-0.370079,0.509097,0.400918
3.36945,0.47881,-0.291339,0.327921,0.400918
3.3697,0.298535,-0.228346,0.0934837,0.400918
3.36995,0.0921242,-0.204724,-0.149673,0.400918
3.3702,-0.111107,-0.188976,-0.371383,0.400918
3.37045,-0.283551,-0.19685,-0.543137,0.400918
3.3707,-0.405798,-0.19685,-0.640959,0.400918
3.37095,-0.468897,-0.173228,-0.664002,0.400918
3.3712,-0.476382,-0.102362,-0.627331,0.400918
3.37145,-0.442023,0,-0.529874,0.400918
3.37171,-0.385185,0.141732,-0.417562,0.400918
3.37196,-0.32646,0.299213,-0.296397,0.400918
3.37221,-0.281705,0.448819,-0.209047,0.400918
3.37246,-0.258253,0.559055,-0.145342,0.400918
3.37271,-0.253601,0.606299,-0.108006,0.400918
3.37296,-0.256008,0.590551,-0.0992449,0.400918
3.37321,-0.248575,0.503937,-0.0782931,0.400918
3.37346,-0.213542,0.354331,-0.0351989,0.400918
3.37371,-0.138399,0.181102,0.0320016,0.400918
3.37396,-0.0193114,0,0.145401,0.400918
3.37421,0.136111,-0.141732,0.290006,0.400918
3.37446,0.31013,-0.251969,0.444931,0.400918
3.37471,0.477243,-0.307087,0.584934,0.400918
3.37496,0.610446,-0.307087,0.682066,0.400918
3.37521,0.685923,-0.267717,0.705881,0.400918
3.37546,0.68902,-0.212598,0.662152,0.400918
3.37571,0.617398,-0.165354,0.549678,0.400918
3.37596,0.481435,-0.133858,0.369691,0.400918
3.37621,0.302584,-0.141732,0.155781,0.400918
3.37646,0.108291,-0.181102,-0.0673986,0.400918
3.37671,-0.0730578,-0.228346,-0.254272,0.400918
3.37696,-0.218922,-0.275591,-0.391395,0.400918
3.37721,-0.315629,-0.299213,-0.469513,0.400918
3.37746,-0.361648,-0.275591,-0.486256,0.400918
3.37771,-0.365907,-0.204724,-0.460256,0.400918
3.37796,-0.344984,-0.0866142,-0.397394,0.400918
3.37821,-0.317967,0.0629921,-0.335941,0.400918
3.37846,-0.301325,0.220472,-0.287057,0.400918
3.37871,-0.304088,0.362205,-0.271463,0.400918
3.37896,-0.325533,0.448819,-0.276016,0.400918
3.37921,-0.355587,0.480315,-0.292827,0.400918
3.37946,-0.377037,0.448819,-0.301024,0.400918
3.37971,-0.370762,0.354331,-0.291847,0.400918
3.37996,-0.320463,0.228346,-0.23612,0.400918
3.38021,-0.218457,0.0866142,-0.122734,0.400918
3.38046,-0.0674743,-0.0393701,0.0423924,0.400918
3.38071,0.117669,-0.11811,0.223003,0.400918
3.38096,0.313294,-0.15748,0.416775,0.400918
3.38121,0.490938,-0.15748,0.581232,0.400918
3.38146,0.623318,-0.110236,0.700054,0.400918
3.38171,0.690009,-0.0551181,0.736933,0.400918
3.38196,0.681667,-0.00787402,0.690666,0.400918
3.38221,0.601968,0.00787402,0.575622,0.400918
3.38246,0.466663,0,0.410232,0.400918
3.38271,0.299824,-0.0551181,0.221425,0.400918
3.38296,0.128922,-0.133858,0.0300912,0.400918
3.38321,-0.0218697,-0.220472,-0.127005,0.400918
3.38346,-0.135425,-0.291339,-0.244657,0.400918
3.38371,-0.205834,-0.322835,-0.300489,0.400918
3.38396,-0.237698,-0.291339,-0.313385,0.400918
3.38421,-0.24481,-0.220472,-0.297607,0.400918
3.38446,-0.244424,-0.0944882,-0.277605,0.400918
3.38471,-0.2534,0.0314961,-0.274242,0.400918
3.38496,-0.282196,0.165354,-0.29201,0.400918
3.38521,-0.332207,0.275591,-0.335835,0.400918
3.38546,-0.394804,0.322835,-0.395262,0.400918
3.38571,-0.453175,0.314961,-0.446472,0.400918
3.38596,-0.486607,0.251969,-0.47191,0.400918
3.38621,-0.475496,0.15748,-0.452737,0.400918
3.38646,-0.407401,0.0393701,-0.372847,0.400918
3.38671,-0.279837,-0.0551181,-0.227078,0.400918
3.38696,-0.102961,-0.11811,-0.0326516,0.400918
3.38721,0.102548,-0.133858,0.176058,0.400918
3.38746,0.308743,-0.110236,0.391896,0.400918
3.38771,0.486292,-0.0472441,0.563999,0.400918
3.38796,0.609917,0.0314961,0.669833,0.400918
3.38821,0.664161,0.102362,0.695373,0.400918
3.38846,0.645703,0.149606,0.652314,0.400918
3.38871,0.564006,0.15748,0.547101,0.400918
3.38896,0.438618,0.110236,0.404249,0.400918
3.38921,0.294452,0.023622,0.239268,0.400918
3.38946,0.156335,-0.0708661,0.0942883,0.400918
3.38971,0.0429969,-0.173228,-0.0209204,0.400918
3.38996,-0.0357178,-0.244094,-0.0872,0.400918
3.39021,-0.081227,-0.259843,-0.114823,0.400918
3.39046,-0.10396,-0.228346,-0.12857,0.400918
3.39071,-0.120162,-0.149606,-0.131457,0.400918
3.39096,-0.146459,-0.0393701,-0.145018,0.400918
3.39121,-0.195136,0.0551181,-0.19226,0.400918
3.39146,-0.269817,0.149606,-0.263199,0.400918
3.39171,-0.363752,0.19685,-0.364529,0.400918
3.39196,-0.461084,0.19685,-0.469603,0.400918
3.39221,-0.540026,0.141732,-0.54443,0.400918
3.39246,-0.578011,0.0472441,-0.587317,0.400918
3.39271,-0.557751,-0.0472441,-0.56271,0.400918
3.39296,-0.471021,-0.149606,-0.466687,0.400918
3.39321,-0.322225,-0.212598,-0.311628,0.400918
3.39346,-0.127571,-0.220472,-0.101093,0.400918
3.39371,0.0872906,-0.188976,0.112013,0.400918
3.39396,0.292653,-0.0944882,0.318377,0.400918
3.39421,0.460086,0.00787402,0.479184,0.400918
3.39446,0.568893,0.11811,0.578111,0.400918
3.39471,0.609263,0.204724,0.605094,0.400918
3.39496,0.584263,0.244094,0.557949,0.400918
3.39521,0.508017,0.23622,0.473205,0.400918
3.39546,0.402145,0.181102,0.355259,0.400918
3.39571,0.290315,0.0866142,0.246478,0.400918
3.39596,0.192328,0,0.156869,0.400918
3.39621,0.120452,-0.0866142,0.108517,0.400918
3.39647,0.0763236,-0.125984,0.0841031,0.400918
3.39672,0.0520302,-0.133858,0.08106,0.400918
3.39697,0.0326458,-0.0866142,0.0747747,0.400918
3.39722,0.001294,-0.00787402,0.0495818,0.400918
3.39747,-0.0561639,0.0708661,5.43357e-05,0.400918
3.39772,-0.145729,0.133858,-0.0964441,0.400918
3.39797,-0.263559,0.173228,-0.227244,0.400918
3.39822,-0.39524,0.15748,-0.37423,0.400918
3.39847,-0.51898,0.0866142,-0.511412,0.400918
3.39872,-0.60985,-0.015748,-0.615947,0.400918
3.39897,-0.646045,-0.141732,-0.66088,0.400918
3.39922,-0.613598,-0.259843,-0.623269,0.400918
3.39947,-0.510186,-0.338583,-0.526224,0.400918
3.39972,-0.346634,-0.370079,-0.359891,0.400918
3.39997,-0.144226,-0.338583,-0.15824,0.400918
3.40022,0.0683166,-0.251969,0.0520129,0.400918
3.40047,0.261664,-0.133858,0.233886,0.400918
3.40072,0.410813,0,0.366856,0.400918
3.40097,0.500806,0.11811,0.44808,0.400918
3.40122,0.528263,0.204724,0.464333,0.400918
3.40147,0.501925,0.23622,0.428011,0.400918
3.40172,0.439345,0.228346,0.361578,0.400918
3.40197,0.3621,0.173228,0.300917,0.400918
3.40222,0.290118,0.102362,0.241505,0.400918
3.40247,0.237234,0.0393701,0.213691,0.400918
3.40272,0.207571,0,0.220669,0.400918
3.40297,0.195367,0,0.239102,0.400918
3.40322,0.186879,0.0314961,0.251917,0.400918
3.40347,0.164829,0.102362,0.250627,0.400918
3.40372,0.113113,0.173228,0.207766,0.400918
3.40397,0.0226394,0.23622,0.121557,0.400918
3.40422,-0.106125,0.267717,-0.019032,0.400918
3.40447,-0.261376,0.23622,-0.181293,0.400918
3.40472,-0.422393,0.149606,-0.36639,0.400918
3.40497,-0.562894,0.0314961,-0.523958,0.400918
3.40522,-0.657531,-0.11811,-0.629706,0.400918
3.40547,-0.686636,-0.267717,-0.667978,0.400918
3.40572,-0.641282,-0.385827,-0.636967,0.400918
3.40597,-0.525512,-0.448819,-0.529809,0.400918
3.40622,-0.355564,-0.464567,-0.371372,0.400918
3.40647,-0.156723,-0.409449,-0.187084,0.400918
3.40672,0.0420235,-0.307087,-0.0059437,0.400918
3.40697,0.21347,-0.181102,0.145006,0.400918
3.40722,0.338366,-0.0472441,0.252266,0.400918
3.40747,0.407945,0.0472441,0.296332,0.400918
3.40772,0.425663,0.11811,0.31062,0.400918
3.40797,0.404533,0.141732,0.279714,0.400918
3.40822,0.363797,0.133858,0.250162,0.400918
3.40847,0.322615,0.0944882,0.222466,0.400918
3.40872,0.295869,0.0629921,0.22582,0.400918
3.40897,0.289745,0.0472441,0.260188,0.400918
3.40922,0.300266,0.0708661,0.301961,0.400918
3.40947,0.315051,0.11811,0.355209,0.400918
3.40972,0.316051,0.204724,0.396608,0.400918
3.40997,0.285477,0.291339,0.388814,0.400918
3.41022,0.210268,0.370079,0.330147,0.400918
3.41047,0.0872811,0.401575,0.206828,0.400918
3.41072,-0.075881,0.393701,0.0470311,0.400918
3.41097,-0.260411,0.314961,-0.14493,0.400918
3.41122,-0.440502,0.181102,-0.336947,0.400918
3.41147,-0.588061,0.015748,-0.497072,0.400918
3.41172,-0.678837,-0.149606,-0.604878,0.400918
3.41197,-0.697465,-0.314961,-0.634167,0.400918
3.41222,-0.640897,-0.433071,-0.59514,0.400918
3.41247,-0.519105,-0.503937,-0.488309,0.400918
3.41272,-0.352715,-0.503937,-0.354208,0.400918
3.41297,-0.168618,-0.440945,-0.194357,0.400918
3.41322,0.00550684,-0.346457,-0.0459957,0.400918
3.41347,0.147528,-0.23622,0.0571312,0.400918
3.41372,0.24437,-0.133858,0.123095,0.400918
3.41397,0.294686,-0.0551181,0.142017,0.400918
3.41422,0.307243,-0.015748,0.14311,0.400918
3.41447,0.298552,0,0.1217,0.400918
3.41472,0.286685,0,0.122201,0.400918
3.41497,0.287263,-0.00787402,0.147404,0.400918
3.41522,0.308111,0,0.203173,0.400918
3.41547,0.347296,0.0472441,0.283475,0.400918
3.41572,0.393524,0.125984,0.376332,0.400918
3.41597,0.428593,0.228346,0.457041,0.400918
3.41622,0.432587,0.354331,0.495033,0.400918
3.41647,0.388803,0.464567,0.485776,0.400918
3.41672,0.28927,0.535433,0.409398,0.400918
3.41697,0.136936,0.551181,0.270101,0.400918
3.41722,-0.0531167,0.503937,0.0953297,0.400918
3.41747,-0.256883,0.393701,-0.110956,0.400918
3.41772,-0.445095,0.228346,-0.301983,0.400918
3.41797,-0.59031,0.0393701,-0.452168,0.400918
3.41822,-0.671286,-0.141732,-0.538898,0.400918
3.41847,-0.678256,-0.307087,-0.555924,0.400918
3.41872,-0.614337,-0.417323,-0.519406,0.400918
3.41897,-0.494436,-0.480315,-0.427323,0.400918
3.41922,-0.342055,-0.480315,-0.304943,0.400918
3.41947,-0.183527,-0.433071,-0.192745,0.400918
3.41972,-0.0427319,-0.362205,-0.0940484,0.400918
3.41997,0.0645659,-0.299213,-0.034777,0.400918
3.42022,0.132531,-0.23622,-0.00644518,0.400918
3.42047,0.166583,-0.19685,-0.00863567,0.400918
3.42072,0.180058,-0.181102,-0.0205045,0.400918
3.42097,0.190308,-0.181102,-0.0228559,0.400918
3.42123,0.21313,-0.173228,0.0048519,0.400918
3.42148,0.258273,-0.141732,0.0766568,0.400918
3.42173,0.325979,-0.0787402,0.180988,0.400918
3.42198,0.406221,0.015748,0.301163,0.400918
3.42223,0.481239,0.149606,0.425108,0.400918
3.42248,0.529256,0.307087,0.520892,0.400918
3.42273,0.530004,0.456693,0.56127,0.400918
3.42298,0.47037,0.582677,0.548293,0.400918
3.42323,0.347804,0.629921,0.454978,0.400918
3.42348,0.172362,0.629921,0.308967,0.400918
3.42373,-0.0352554,0.582677,0.119991,0.400918
3.42398,-0.246604,0.448819,-0.0804408,0.400918
3.42423,-0.432377,0.275591,-0.25839,0.400918
3.42448,-0.566861,0.0866142,-0.384558,0.454328
3.42473,-0.634212,-0.0866142,-0.452178,0.454328
3.42498,-0.630666,-0.23622,-0.459812,0.454328
3.42523,-0.565039,-0.338583,-0.413557,0.454328
3.42548,-0.456113,-0.393701,-0.339823,0.454328
3.42573,-0.327946,-0.401575,-0.258819,0.454328
3.42598,-0.204355,-0.377953,-0.185921,0.454328
3.42623,-0.103102,-0.354331,-0.135488,0.454328
3.42648,-0.0331054,-0.338583,-0.129611,0.454328
3.42673,0.00775205,-0.330709,-0.139608,0.454328
3.42698,0.0302333,-0.338583,-0.153706,0.454328
3.42723,0.0509474,-0.354331,-0.170123,0.454328
3.42748,0.0859196,-0.354331,-0.145109,0.454328
3.42773,0.146982,-0.338583,-0.0815435,0.454328
3.42798,0.236641,-0.283465,0.0309887,0.454328
3.42823,0.347239,-0.173228,0.171011,0.454328
3.42848,0.461739,-0.023622,0.325194,0.454328
3.42873,0.557332,0.149606,0.460318,0.454328
3.42898,0.610658,0.338583,0.560646,0.454328
3.42923,0.603356,0.511811,0.59062,0.454328
3.42948,0.527145,0.629921,0.557525,0.454328
3.42973,0.385685,0.629921,0.458,0.454328
3.42998,0.195307,0.629921,0.303413,0.454328
3.43023,-0.0186151,0.614173,0.124562,0.454328
3.43048,-0.226202,0.480315,-0.0584645,0.454328
3.43073,-0.399361,0.314961,-0.210155,0.454328
3.43098,-0.516832,0.149606,-0.304694,0.454328
3.43123,-0.568951,0,-0.354276,0.454328
3.43148,-0.558052,-0.125984,-0.345267,0.454328
3.43173,-0.497841,-0.212598,-0.309614,0.454328
3.43198,-0.409079,-0.259843,-0.257579,0.454328
3.43223,-0.314345,-0.283465,-0.205924,0.454328
3.43248,-0.232537,-0.299213,-0.184008,0.454328
3.43273,-0.174605,-0.314961,-0.181972,0.454328
3.43298,-0.141255,-0.354331,-0.206865,0.454328
3.43323,-0.123859,-0.393701,-0.24909,0.454328
3.43348,-0.106734,-0.440945,-0.276858,0.454328
3.43373,-0.0731652,-0.480315,-0.277813,0.454328
3.43398,-0.00916072,-0.488189,-0.238188,0.454328
3.43423,0.0907177,-0.448819,-0.14142,0.454328
3.43448,0.221777,-0.370079,-0.00100605,0.454328
3.43473,0.368687,-0.228346,0.173994,0.454328
3.43498,0.508679,-0.0472441,0.338652,0.454328
3.43523,0.615944,0.141732,0.478409,0.454328
3.43548,0.667652,0.330709,0.571636,0.454328
3.43573,0.649366,0.496063,0.600778,0.454328
3.43598,0.558167,0.598425,0.549747,0.454328
3.43623,0.404328,0.629921,0.436918,0.454328
3.43648,0.209034,0.606299,0.287648,0.454328
3.43673,0.00042667,0.519685,0.125939,0.454328
3.43698,-0.192338,0.393701,-0.0307703,0.454328
3.43723,-0.344442,0.259843,-0.148843,0.454328
3.43748,-0.440965,0.133858,-0.222007,0.454328
3.43773,-0.478489,0.0314961,-0.24577,0.454328
3.43798,-0.465371,-0.0314961,-0.234732,0.454328
3.43823,-0.418402,-0.0787402,-0.215017,0.454328
3.43848,-0.358395,-0.0944882,-0.186544,0.454328
3.43873,-0.304343,-0.11811,-0.177685,0.454328
3.43898,-0.268634,-0.149606,-0.201462,0.454328
3.43923,-0.254423,-0.19685,-0.256193,0.454328
3.43948,-0.254709,-0.267717,-0.314545,0.454328
3.43973,-0.254986,-0.346457,-0.365401,0.454328
3.43998,-0.237316,-0.417323,-0.392367,0.454328
3.44023,-0.185793,-0.480315,-0.366685,0.454328
3.44048,-0.0910257,-0.496063,-0.292347,0.454328
3.44073,0.0455796,-0.464567,-0.152144,0.454328
3.44098,0.211987,-0.370079,0.0165055,0.454328
3.44123,0.386304,-0.23622,0.217813,0.454328
3.44148,0.541776,-0.0629921,0.390413,0.454328
3.44173,0.651943,0.110236,0.528157,0.454328
3.44198,0.696658,0.267717,0.612493,0.454328
3.44223,0.666298,0.393701,0.61535,0.454328
3.44248,0.564284,0.464567,0.548802,0.454328
3.44273,0.406233,0.480315,0.421813,0.454328
3.44298,0.217139,0.440945,0.27899,0.454328
3.44323,0.0251915,0.362205,0.11943,0.454328
3.44348,-0.142814,0.267717,-0.0144125,0.454328
3.44373,-0.268,0.181102,-0.111889,0.454328
3.44398,-0.341868,0.110236,-0.16624,0.454328
3.44423,-0.367823,0.0708661,-0.180611,0.454328
3.44448,-0.358571,0.629921,-0.172731,0.454328
3.44473,-0.332679,0.606299,-0.168518,0.454328
3.44498,-0.308623,0.385827,-0.171731,0.454328
3.44523,-0.29995,0.110236,-0.197618,0.454328
3.44548,-0.311659,-0.173228,-0.24707,0.454328
3.44573,-0.338669,-0.472441,-0.303346,0.454328
3.44599,-0.367234,-0.629921,-0.353618,0.454328
3.44624,-0.378729,-0.629921,-0.387295,0.454328
3.44649,-0.354719,-0.629921,-0.389913,0.454328
3.44674,-0.281959,-0.629921,-0.342025,0.454328
3.44699,-0.157332,-0.629921,-0.248032,0.454328
3.44724,0.0111772,-0.629921,-0.108144,0.454328
3.44749,0.204267,-0.629921,0.0500202,0.454328
3.44774,0.395631,-0.629921,0.219459,0.454328
3.44799,0.556378,-0.338583,0.363196,0.454328
3.44824,0.661693,-0.023622,0.451933,0.454328
3.44849,0.695651,0.259843,0.479428,0.454328
3.44874,0.654589,0.503937,0.444526,0.454328
3.44899,0.547803,0.629921,0.359243,0.454328
3.44924,0.395348,0.629921,0.238747,0.454328
3.44949,0.223384,0.629921,0.120944,0.454328
3.44974,0.0585964,0.629921,0.0294909,0.454328
3.44999,-0.0771722,0.629921,-0.0306244,0.454328
3.45024,-0.171867,0.629921,-0.0468707,0.454328
3.45049,-0.224034,0.629921,-0.0240039,0.454328
3.45074,-0.242981,0.629921,0.0214469,0.454328
3.45099,-0.244432,0.488189,0.0727524,0.454328
3.45124,-0.246507,0.314961,0.0918989,0.454328
3.45149,-0.263346,0.110236,0.0852915,0.454328
3.45174,-0.301933,-0.0944882,0.0267596,0.454328
3.45199,-0.359142,-0.314961,-0.0668196,0.454328
3.45224,-0.422235,-0.535433,-0.195314,0.454328
3.45249,-0.472191,-0.629921,-0.314691,0.454328
3.45274,-0.488164,-0.629921,-0.414654,0.454328
3.45299,-0.452919,-0.629921,-0.474812,0.454328
3.45324,-0.358179,-0.629921,-0.475081,0.454328
3.45349,-0.206917,-0.629921,-0.415651,0.454328
3.45374,-0.0143391,-0.629921,-0.296827,0.454328
3.45399,0.195243,-0.519685,-0.150552,0.454328
3.45424,0.392261,-0.314961,0.0192209,0.454328
3.45449,0.548626,-0.102362,0.168726,0.454328
3.45474,0.642871,0.0866142,0.278452,0.454328
3.45499,0.664674,0.23622,0.342594,0.454328
3.45524,0.616459,0.354331,0.353123,0.454328
3.45549,0.512713,0.433071,0.337096,0.454328
3.45574,0.375872,0.472441,0.300637,0.454328
3.45599,0.231493,0.488189,0.25694,0.454328
3.45624,0.102482,0.496063,0.22269,0.454328
3.45649,0.00382327,0.488189,0.216331,0.454328
3.45674,-0.0594467,0.488189,0.22928,0.454328
3.45699,-0.0931884,0.472441,0.25028,0.454328
3.45724,-0.110786,0.440945,0.25456,0.454328
3.45749,-0.129668,0.393701,0.231472,0.454328
3.45774,-0.164753,0.322835,0.173053,0.454328
3.45799,-0.225087,0.212598,0.0668621,0.454328
3.45824,-0.309656,0.0787402,-0.0888771,0.454328
3.45849,-0.40753,-0.0629921,-0.254812,0.454328
3.45874,-0.499496,-0.212598,-0.427276,0.454328
3.45899,-0.562991,-0.354331,-0.564809,0.454328
3.45924,-0.577026,-0.472441,-0.652519,0.454328
3.45949,-0.52767,-0.543307,-0.666236,0.454328
3.45974,-0.412355,-0.559055,-0.592474,0.454328
3.45999,-0.240589,-0.535433,-0.458813,0.454328
3.46024,-0.0335013,-0.480315,-0.270758,0.454328
3.46049,0.180959,-0.401575,-0.0587986,0.454328
3.46074,0.372603,-0.307087,0.132463,0.454328
3.46099,0.516229,-0.220472,0.293603,0.454328
3.46124,0.595235,-0.141732,0.401619,0.454328
3.46149,0.605637,-0.0866142,0.458773,0.454328
3.46174,0.555825,-0.0393701,0.45301,0.454328
3.46199,0.463609,0.00787402,0.407059,0.454328
3.46224,0.352242,0.0629921,0.339247,0.454328
3.46249,0.244441,0.125984,0.274724,0.454328
3.46274,0.15705,0.212598,0.223245,0.454328
3.46299,0.0978388,0.307087,0.200632,0.454328
3.46324,0.0639241,0.401575,0.177804,0.454328
3.46349,0.0439821,0.488189,0.17266,0.454328
3.46374,0.0212942,0.551181,0.14731,0.454328
3.46399,-0.0202461,0.574803,0.0996232,0.454328
3.46424,-0.0917034,0.543307,0.0244517,0.454328
3.46449,-0.194846,0.472441,-0.0917328,0.454328
3.46474,-0.321133,0.346457,-0.229262,0.454328
3.46499,-0.452213,0.188976,-0.363136,0.454328
3.46524,-0.56452,0.023622,-0.477047,0.454328
3.46549,-0.633674,-0.141732,-0.551622,0.454328
3.46574,-0.640631,-0.291339,-0.561404,0.454328
3.46599,-0.576428,-0.409449,-0.508203,0.454328
3.46624,-0.444403,-0.488189,-0.389513,0.454328
3.46649,-0.260533,-0.527559,-0.227036,0.454328
3.46674,-0.0498867,-0.535433,-0.0381305,0.454328
3.46699,0.157538,-0.527559,0.13243,0.454328
3.46724,0.334036,-0.496063,0.270214,0.454328
3.46749,0.458246,-0.456693,0.354043,0.454328
3.46774,0.520333,-0.409449,0.380594,0.454328
3.46799,0.522443,-0.338583,0.349587,0.454328
3.46824,0.477625,-0.267717,0.285249,0.454328
3.46849,0.40581,-0.173228,0.20101,0.454328
3.46874,0.328648,-0.0472441,0.120032,0.454328
3.46899,0.263941,0.0787402,0.0705471,0.454328
3.46924,0.221343,0.23622,0.060665,0.454328
3.46949,0.200697,0.393701,0.0780769,0.454328
3.46974,0.192144,0.551181,0.109285,0.454328
3.46999,0.179911,0.629921,0.150735,0.454328
3.47024,0.1463,0.629921,0.176101,0.454328
3.47049,0.0781927,0.629921,0.171887,0.454328
3.47075,-0.0299691,0.629921,0.11944,0.454328
3.471,-0.172425,0.574803,0.0225491,0.454328
3.47125,-0.333184,0.409449,-0.0997632,0.454328
3.4715,-0.488464,0.228346,-0.223474,0.454328
3.47175,-0.6117,0.0393701,-0.331348,0.454328
3.472,-0.679274,-0.133858,-0.403208,0.454328
3.47225,-0.675895,-0.291339,-0.419839,0.454328
3.4725,-0.598216,-0.409449,-0.385132,0.454328
3.47275,-0.455922,-0.496063,-0.300423,0.454328
3.473,-0.26966,-0.543307,-0.183456,0.454328
3.47325,-0.0674066,-0.559055,-0.0598735,0.454328
3.4735,0.122357,-0.566929,0.04677,0.454328
3.47375,0.275042,-0.551181,0.114005,0.454328
3.474,0.375925,-0.511811,0.148951,0.454328
3.47425,0.421504,-0.472441,0.137854,0.454328
3.4745,0.420123,-0.409449,0.103146,0.454328
3.47475,0.387789,-0.314961,0.060439,0.454328
3.475,0.3446,-0.19685,0.0173995,0.454328
3.47525,0.308437,-0.0551181,0.0170198,0.454328
3.4755,0.290609,0.0944882,0.0461781,0.454328
3.47575,0.292922,0.259843,0.109696,0.454328
3.476,0.307302,0.425197,0.204854,0.454328
3.47625,0.31839,0.559055,0.289989,0.454328
3.4765,0.307354,0.629921,0.354501,0.454328
3.47675,0.258275,0.629921,0.381566,0.454328
3.477,0.161721,0.629921,0.346967,0.454328
3.47725,0.0193862,0.614173,0.258018,0.454328
3.4775,-0.156011,0.496063,0.126124,0.454328
3.47775,-0.342031,0.354331,-0.0366006,0.454328
3.478,-0.511223,0.19685,-0.199775,0.454328
3.47825,-0.6363,0.0393701,-0.346348,0.454328
3.4785,-0.696438,-0.0944882,-0.435826,0.454328
3.47875,-0.681495,-0.204724,-0.472771,0.454328
3.479,-0.594175,-0.291339,-0.446035,0.454328
3.47925,-0.44964,-0.354331,-0.372258,0.454328
3.4795,-0.271897,-0.401575,-0.263417,0.454328
3.47975,-0.0891215,-0.433071,-0.165421,0.454328
3.48,0.0731992,-0.456693,-0.0694209,0.454328
3.48025,0.196162,-0.472441,-0.00311157,0.454328
3.4805,0.272043,-0.480315,0.0256061,0.454328
3.48075,0.304073,-0.472441,0.0300243,0.454328
3.481,0.305019,-0.440945,0.0226378,0.454328
3.48125,0.29261,-0.370079,0.0292822,0.454328
3.4815,0.284698,-0.275591,0.0388749,0.454328
3.48175,0.29383,-0.141732,0.0881663,0.454328
3.482,0.323618,0,0.172517,0.454328
3.48225,0.367824,0.165354,0.269224,0.454328
3.4825,0.41164,0.314961,0.360043,0.454328
3.48275,0.435262,0.440945,0.442901,0.454328
3.483,0.419885,0.527559,0.472392,0.454328
3.48325,0.351857,0.574803,0.446857,0.454328
3.4835,0.22798,0.566929,0.363417,0.454328
3.48375,0.0565344,0.519685,0.22868,0.454328
3.484,-0.142902,0.440945,0.0469594,0.454328
3.48425,-0.343534,0.338583,-0.142328,0.454328
3.4845,-0.51594,0.23622,-0.304319,0.454328
3.48475,-0.63483,0.141732,-0.431395,0.454328
3.485,-0.683607,0.0551181,-0.494701,0.454328
3.48525,-0.658155,-0.015748,-0.493101,0.454328
3.4855,-0.567066,-0.0787402,-0.446344,0.454328
3.48575,-0.429613,-0.141732,-0.352104,0.454328
3.486,-0.271422,-0.212598,-0.241119,0.454328
3.48625,-0.118085,-0.283465,-0.131262,0.454328
3.4865,0.0092913,-0.354331,-0.0498158,0.454328
3.48675,0.0992909,-0.433071,-0.00378928,0.454328
3.487,0.151094,-0.488189,0.0203305,0.454328
3.48725,0.174078,-0.519685,0.02293,0.454328
3.4875,0.183863,-0.527559,0.0209133,0.454328
3.48775,0.198026,-0.480315,0.0259852,0.454328
3.488,0.230053,-0.393701,0.0575745,0.454328
3.48825,0.285736,-0.267717,0.123909,0.454328
3.4885,0.360729,-0.11811,0.211685,0.454328
3.48875,0.441257,0.0314961,0.307697,0.454328
3.489,0.506992,0.181102,0.401173,0.454328
3.48925,0.536323,0.314961,0.451556,0.454328
3.4895,0.511553,0.409449,0.463551,0.454328
3.48975,0.423682,0.464567,0.407241,0.454328
3.49,0.275893,0.480315,0.294379,0.454328
3.49025,0.083146,0.464567,0.140737,0.454328
3.4905,-0.129786,0.425197,-0.0324752,0.454328
3.49075,-0.333506,0.385827,-0.204598,0.454328
3.491,-0.499246,0.330709,-0.337836,0.454328
3.49125,-0.60542,0.283465,-0.419351,0.454328
3.4915,-0.641131,0.228346,-0.450957,0.454328
3.49175,-0.608401,0.173228,-0.412019,0.454328
3.492,-0.520911,0.102362,-0.335553,0.454328
3.49225,-0.400534,0.015748,-0.24588,0.454328
3.4925,-0.271634,-0.0787402,-0.151175,0.454328
3.49275,-0.156189,-0.19685,-0.0744842,0.454328
3.493,-0.0682639,-0.314961,-0.0275286,0.454328
3.49325,-0.0119615,-0.440945,-0.0103568,0.454328
3.4935,0.0190791,-0.527559,-0.0230622,0.454328
3.49375,0.038548,-0.590551,-0.0490919,0.454328
3.494,0.063711,-0.598425,-0.0546112,0.454328
3.49425,0.109241,-0.559055,-0.0395943,0.454328
3.4945,0.183208,-0.480315,0.00486321,0.454328
3.49475,0.283655,-0.354331,0.0919118,0.454328
3.495,0.398577,-0.204724,0.197454,0.454328
3.49525,0.507725,-0.0472441,0.311319,0.454328
3.49551,0.587278,0.0866142,0.395889,0.454328
3.49576,0.615681,0.212598,0.452911,0.454328
3.49601,0.578312,0.307087,0.44268,0.454328
3.49626,0.472104,0.370079,0.375324,0.454328
3.49651,0.306441,0.401575,0.259924,0.454328
3.49676,0.102165,0.417323,0.111913,0.454328
3.49701,-0.112789,0.425197,-0.0417916,0.454328
3.49726,-0.308296,0.425197,-0.185727,0.454328
3.49751,-0.458896,0.409449,-0.291234,0.454328
3.49776,-0.54799,0.401575,-0.349837,0.454328
3.49801,-0.571285,0.362205,-0.343931,0.454328
3.49826,-0.536408,0.314961,-0.305476,0.454328
3.49851,-0.460908,0.23622,-0.239311,0.454328
3.49876,-0.3668,0.133858,-0.16123,0.454328
3.49901,-0.275783,0,-0.102959,0.454328
3.49926,-0.203749,-0.141732,-0.0769176,0.454328
3.49951,-0.157093,-0.299213,-0.0689125,0.454328
3.49976,-0.132382,-0.425197,-0.093373,0.454328
3.50001,-0.1172,-0.535433,-0.132977,0.454328
3.50026,-0.094961,-0.598425,-0.157853,0.454328
3.50051,-0.0491802,-0.606299,-0.157718,0.454328
3.50076,0.0305008,-0.566929,-0.116134,0.454328
3.50101,0.145438,-0.480315,-0.0404046,0.454328
3.50126,0.285883,-0.362205,0.0804579,0.454328
3.50151,0.432897,-0.228346,0.212695,0.454328
3.50176,0.561458,-0.0944882,0.330964,0.454328
3.50201,0.646694,0.015748,0.429038,0.454328
3.50226,0.668695,0.11811,0.469047,0.454328
3.50251,0.617825,0.19685,0.455537,0.454328
3.50276,0.497025,0.251969,0.383528,0.454328
3.50301,0.321771,0.299213,0.263525,0.454328
3.50326,0.116828,0.338583,0.118881,0.454328
3.50351,-0.0881874,0.370079,-0.0253731,0.454328
3.50376,-0.265571,0.393701,-0.151109,0.454328
3.50401,-0.394326,0.417323,-0.229542,0.454328
3.50426,-0.464539,0.433071,-0.27175,0.454328
3.50451,-0.478033,0.425197,-0.258113,0.454328
3.50476,-0.447668,0.377953,-0.223791,0.454328
3.50501,-0.392356,0.299213,-0.18047,0.454328
3.50526,-0.332896,0.181102,-0.131794,0.454328
3.50551,-0.285914,0.0472441,-0.111638,0.454328
3.50576,-0.259925,-0.0944882,-0.128557,0.454328
3.50601,-0.253473,-0.251969,-0.165153,0.454328
3.50626,-0.255859,-0.377953,-0.207165,0.454328
3.50651,-0.250546,-0.472441,-0.250049,0.454328
3.50676,-0.21955,-0.527559,-0.258781,0.454328
3.50701,-0.149534,-0.527559,-0.228527,0.454328
3.50726,-0.0354517,-0.480315,-0.154958,0.454328
3.50751,0.116423,-0.409449,-0.0447478,0.454328
3.50776,0.289471,-0.322835,0.110274,0.454328
3.50801,0.458803,-0.220472,0.261307,0.454328
3.50826,0.597368,-0.133858,0.386607,0.454328
3.50851,0.680611,-0.0551181,0.478363,0.454328
3.50876,0.692613,0.00787402,0.511028,0.454328
3.50901,0.629485,0.0629921,0.476076,0.454328
3.50926,0.500159,0.110236,0.387613,0.454328
3.50951,0.325001,0.15748,0.264108,0.454328
3.50976,0.131007,0.220472,0.114264,0.454328
3.51001,-0.0531853,0.283465,-0.0157593,0.454328
3.51026,-0.204162,0.354331,-0.122364,0.454328
3.51051,-0.306966,0.409449,-0.187132,0.454328
3.51076,-0.358687,0.448819,-0.212008,0.454328
3.51101,-0.367007,0.456693,-0.197297,0.454328
3.51126,-0.348149,0.425197,-0.169439,0.454328
3.51151,-0.320883,0.354331,-0.150055,0.454328
3.51176,-0.302357,0.23622,-0.135015,0.454328
3.51201,-0.302679,0.102362,-0.150097,0.454328
3.51226,-0.322314,-0.0393701,-0.195938,0.454328
3.51251,-0.352107,-0.181102,-0.247054,0.454328
3.51276,-0.375655,-0.299213,-0.3064,0.454328
3.51301,-0.373511,-0.385827,-0.336021,0.454328
3.51326,-0.329101,-0.425197,-0.328998,0.454328
3.51351,-0.233163,-0.417323,-0.262446,0.454328
3.51376,-0.0875117,-0.393701,-0.156184,0.454328
3.51401,0.0948043,-0.346457,-0.00637949,0.454328
3.51426,0.290535,-0.291339,0.158012,0.454328
3.51451,0.471886,-0.23622,0.308547,0.454328
3.51476,0.610838,-0.19685,0.439135,0.454328
3.51501,0.685997,-0.15748,0.508315,0.454328
3.51526,0.686546,-0.11811,0.516568,0.454328
3.51551,0.614642,-0.0787402,0.464952,0.454328
3.51576,0.484749,-0.023622,0.364922,0.454328
3.51601,0.320203,0.0393701,0.22909,0.454328
3.51626,0.148349,0.125984,0.0961126,0.454328
3.51651,-0.00582792,0.220472,-0.0158593,0.454328
3.51676,-0.124299,0.322835,-0.0978356,0.454328
3.51701,-0.199754,0.409449,-0.140766,0.454328
3.51726,-0.235578,0.472441,-0.141541,0.454328
3.51751,-0.244745,0.480315,-0.132692,0.454328
3.51776,-0.244282,0.456693,-0.116328,0.454328
3.51801,-0.251457,0.377953,-0.115929,0.454328
3.51826,-0.277637,0.267717,-0.129342,0.454328
3.51851,-0.32541,0.133858,-0.177684,0.454328
3.51876,-0.387262,0,-0.247297,0.454328
3.51901,-0.447173,-0.110236,-0.314921,0.454328
3.51926,-0.484629,-0.212598,-0.378911,0.454328
3.51951,-0.479579,-0.283465,-0.391391,0.454328
3.51976,-0.418559,-0.307087,-0.368755,0.454328
3.52002,-0.297704,-0.314961,-0.280773,0.454328
3.52027,-0.125755,-0.307087,-0.144616,0.454328
3.52052,0.0777427,-0.283465,0.0160356,0.454328
3.52077,0.285406,-0.267717,0.180898,0.454328
3.52102,0.467781,-0.259843,0.335125,0.454328
3.52127,0.598775,-0.251969,0.443879,0.454328
3.52152,0.661599,-0.244094,0.488153,0.454328
3.52177,0.651456,-0.228346,0.482282,0.454328
3.52202,0.576362,-0.19685,0.421674,0.454328
3.52227,0.454861,-0.133858,0.314396,0.454328
3.52252,0.311622,-0.0393701,0.200291,0.454328
3.52277,0.171599,0.0629921,0.0970234,0.454328
3.52302,0.0547209,0.181102,0.00730149,0.454328
3.52327,-0.0283128,0.299213,-0.0434649,0.454328
3.52352,-0.0772328,0.401575,-0.0581747,0.454328
3.52377,-0.101991,0.456693,-0.0460614,0.454328
3.52402,-0.117943,0.472441,-0.0417371,0.454328
3.52427,-0.142382,0.433071,-0.0393923,0.454328
3.52452,-0.18804,0.362205,-0.0703548,0.284798
3.52477,-0.259809,0.251969,-0.11983,0.284798
3.52502,-0.352133,0.141732,-0.206193,0.284798
3.52527,-0.450124,0.023622,-0.302814,0.284798
3.52552,-0.532431,-0.0629921,-0.386695,0.284798
3.52577,-0.576277,-0.133858,-0.445854,0.284798
3.52602,-0.563525,-0.173228,-0.454579,0.284798
3.52627,-0.484642,-0.188976,-0.405311,0.284798
3.52652,-0.342536,-0.19685,-0.304138,0.284798
3.52677,-0.152,-0.19685,-0.15438,0.284798
3.52702,0.0619078,-0.204724,0.0224701,0.284798
3.52727,0.269956,-0.228346,0.188286,0.284798
3.52752,0.443113,-0.259843,0.327821,0.284798
3.52777,0.559577,-0.291339,0.416135,0.284798
3.52802,0.608085,-0.307087,0.451962,0.284798
3.52827,0.590242,-0.307087,0.433434,0.284798
3.52852,0.518998,-0.275591,0.374068,0.284798
3.52877,0.415373,-0.19685,0.278529,0.284798
3.52902,0.303094,-0.0944882,0.194776,0.284798
3.52927,0.202645,0.023622,0.111372,0.284798
3.52952,0.127397,0.15748,0.0652249,0.284798
3.52977,0.0802301,0.275591,0.0474743,0.284798
3.53002,0.0542793,0.362205,0.0441602,0.284798
3.53027,0.0352032,0.409449,0.05585,0.284798
3.53052,0.0061065,0.409449,0.0553202,0.284798
3.53077,-0.0477821,0.370079,0.0202437,0.284798
3.53102,-0.133551,0.299213,-0.0362824,0.284798
3.53127,-0.248612,0.204724,-0.130191,0.284798
3.53152,-0.379675,0.11811,-0.249981,0.284798
3.53177,-0.505616,0.0393701,-0.362741,0.284798
3.53202,-0.601687,-0.015748,-0.458158,0.284798
3.53227,-0.645207,-0.0551181,-0.51234,0.284798
3.53252,-0.621169,-0.0708661,-0.511295,0.284798
3.53277,-0.525887,-0.0787402,-0.435613,0.284798
3.53302,-0.368325,-0.0866142,-0.310006,0.284798
3.53327,-0.169276,-0.102362,-0.15786,0.284798
3.53352,0.0437475,-0.141732,0.0186439,0.284798
3.53377,0.24068,-0.188976,0.185284,0.284798
3.53402,0.396149,-0.23622,0.303068,0.284798
3.53427,0.49343,-0.291339,0.387398,0.284798
3.53452,0.5281,-0.314961,0.405882,0.284798
3.53477,0.507318,-0.314961,0.38224,0.284798
3.53502,0.447916,-0.267717,0.326494,0.284798
3.53527,0.371279,-0.19685,0.2624,0.284798
3.53552,0.297787,-0.0866142,0.198776,0.284798
3.53577,0.242231,0.0314961,0.160116,0.284798
3.53602,0.209939,0.149606,0.144008,0.284798
3.53627,0.196267,0.244094,0.153265,0.284798
3.53652,0.188215,0.307087,0.165494,0.284798
3.53677,0.168678,0.322835,0.171607,0.284798
3.53702,0.121094,0.299213,0.145022,0.284798
3.53727,0.0353815,0.251969,0.0876853,0.284798
3.53752,-0.0892794,0.181102,-0.0174675,0.284798
3.53777,-0.24233,0.110236,-0.150938,0.284798
3.53802,-0.403975,0.0551181,-0.289867,0.284798
3.53827,-0.548353,0.015748,-0.422385,0.284798
3.53852,-0.649495,0,-0.522117,0.284798
3.53877,-0.687012,0,-0.571472,0.284798
3.53902,-0.650472,0,-0.551021,0.284798
3.53927,-0.54237,0.00787402,-0.467803,0.284798
3.53952,-0.37762,0,-0.336591,0.284798
3.53977,-0.180689,-0.0314961,-0.171643,0.284798
3.54002,0.0195799,-0.0787402,-0.00375247,0.284798
3.54027,0.195429,-0.141732,0.142309,0.284798
3.54052,0.326494,-0.212598,0.255961,0.284798
3.54077,0.40263,-0.267717,0.317886,0.284798
3.54102,0.425943,-0.291339,0.331102,0.284798
3.54127,0.408453,-0.275591,0.319639,0.284798
3.54152,0.368989,-0.228346,0.278993,0.284798
3.54177,0.326937,-0.149606,0.246978,0.284798
3.54202,0.297989,-0.0393701,0.2266,0.284798
3.54227,0.289423,0.0551181,0.22933,0.284798
3.54252,0.298623,0.149606,0.248203,0.284798
3.54277,0.313638,0.212598,0.27717,0.284798
3.54302,0.317336,0.23622,0.297897,0.284798
3.54327,0.291198,0.220472,0.28625,0.284798
3.54352,0.221761,0.181102,0.232822,0.284798
3.54377,0.104093,0.11811,0.133722,0.284798
3.54402,-0.0550167,0.0629921,-0.000894179,0.284798
3.54427,-0.238371,0.015748,-0.171828,0.284798
3.54452,-0.420453,0,-0.338585,0.284798
3.54478,-0.573227,-0.00787402,-0.480693,0.284798
3.54503,-0.671702,0,-0.586146,0.284798
3.54528,-0.699242,0.0314961,-0.614728,0.284798
3.54553,-0.651252,0.0551181,-0.589129,0.284798
3.54578,-0.536243,0.0629921,-0.4884,0.284798
3.54603,-0.373772,0.0472441,-0.350048,0.284798
3.54628,-0.190274,0.00787402,-0.197956,0.284798
3.54653,-0.0136752,-0.0472441,-0.0412715,0.284798
3.54678,0.133018,-0.11811,0.0864957,0.284798
3.54703,0.235478,-0.188976,0.179925,0.284798
3.54728,0.291003,-0.228346,0.231152,0.284798
3.54753,0.307248,-0.23622,0.252377,0.284798
3.54778,0.300023,-0.204724,0.242346,0.284798
3.54803,0.287692,-0.149606,0.239696,0.284798
3.54828,0.286219,-0.0629921,0.244644,0.284798
3.54853,0.304568,0.023622,0.260539,0.284798
3.54878,0.342076,0.110236,0.308072,0.284798
3.54903,0.388257,0.173228,0.354776,0.284798
3.54928,0.425684,0.19685,0.405748,0.284798
3.54953,0.434319,0.181102,0.415827,0.284798
3.54978,0.396774,0.133858,0.391346,0.284798
3.55003,0.303885,0.0629921,0.31715,0.284798
3.55028,0.157204,0,0.18643,0.284798
3.55053,-0.0295026,-0.0393701,0.0154125,0.284798
3.55078,-0.23313,-0.0708661,-0.177938,0.284798
3.55103,-0.424669,-0.0708661,-0.361634,0.284798
3.55128,-0.576239,-0.0472441,-0.506753,0.284798
3.55153,-0.665524,-0.00787402,-0.600445,0.284798
3.55178,-0.681305,0.0314961,-0.635417,0.284798
3.55203,-0.625161,0.0629921,-0.59149,0.284798
3.55228,-0.510787,0.0708661,-0.497721,0.284798
3.55253,-0.360821,0.0472441,-0.367795,0.284798
3.55278,-0.20176,0.00787402,-0.225253,0.284798
3.55303,-0.0577553,-0.0472441,-0.0937656,0.284798
3.55328,0.0538712,-0.11811,0.0127326,0.284798
3.55353,0.126501,-0.15748,0.0771609,0.284798
3.55378,0.163868,-0.173228,0.12199,0.284798
3.55403,0.178913,-0.15748,0.140824,0.284798
3.55428,0.18864,-0.102362,0.152284,0.284798
3.55453,0.209402,-0.015748,0.18206,0.284798
3.55478,0.251701,0.0629921,0.232129,0.284798
3.55503,0.317076,0.149606,0.306766,0.284798
3.55528,0.39663,0.19685,0.385597,0.284798
3.55553,0.47337,0.212598,0.464574,0.284798
3.55578,0.525695,0.188976,0.519943,0.284798
3.55603,0.532867,0.133858,0.539835,0.284798
3.55628,0.480706,0.0472441,0.501055,0.284798
3.55653,0.36527,-0.0314961,0.395367,0.284798
3.55678,0.195169,-0.102362,0.242006,0.284798
3.55703,-0.0100399,-0.15748,0.037909,0.284798
3.55728,-0.22249,-0.165354,-0.168961,0.284798
3.55753,-0.412755,-0.141732,-0.35712,0.284798
3.55778,-0.554317,-0.102362,-0.502852,0.284798
3.55803,-0.630027,-0.0393701,-0.600865,0.284798
3.55828,-0.634532,0,-0.626638,0.284798
3.55853,-0.575457,0.0314961,-0.590775,0.284798
3.55878,-0.470425,0.0314961,-0.504084,0.284798
3.55903,-0.343227,0.00787402,-0.399182,0.284798
3.55928,-0.217973,-0.0314961,-0.278992,0.284798
3.55953,-0.113458,-0.0787402,-0.179558,0.284798
3.55978,-0.0396842,-0.110236,-0.104537,0.284798
3.56003,0.00419837,-0.125984,-0.0586006,0.284798
3.56028,0.0280438,-0.102362,-0.0182371,0.284798
3.56053,0.0480909,-0.0472441,0.0171192,0.284798
3.56078,0.0806185,0.0314961,0.0687282,0.284798
3.56103,0.138282,0.125984,0.137089,0.284798
3.56128,0.224754,0.212598,0.228218,0.284798
3.56153,0.333614,0.275591,0.353531,0.284798
3.56178,0.448764,0.299213,0.473281,0.284798
3.56203,0.547851,0.267717,0.576366,0.284798
3.56228,0.607235,0.204724,0.642432,0.284798
3.56253,0.607789,0.102362,0.657221,0.284798
3.56278,0.539688,0,0.599876,0.284798
3.56303,0.405391,-0.102362,0.46658,0.284798
3.56328,0.219497,-0.181102,0.293161,0.284798
3.56353,0.00685032,-0.220472,0.0728031,0.284798
3.56378,-0.203057,-0.228346,-0.141752,0.284798
3.56403,-0.381451,-0.204724,-0.334899,0.284798
3.56428,-0.506332,-0.125984,-0.479073,0.284798
3.56453,-0.566142,-0.0472441,-0.561166,0.284798
3.56478,-0.562254,0.023622,-0.588571,0.284798
3.56503,-0.506863,0.0787402,-0.558294,0.284798
3.56528,-0.420272,0.102362,-0.501863,0.284798
3.56553,-0.325134,0.0944882,-0.419593,0.284798
3.56578,-0.241049,0.0787402,-0.337194,0.284798
3.56603,-0.180055,0.0393701,-0.275378,0.284798
3.56628,-0.144088,0.023622,-0.226859,0.284798
3.56653,-0.125531,0.023622,-0.182336,0.284798
3.56678,-0.109253,0.0472441,-0.129598,0.284798
3.56703,-0.078471,0.0944882,-0.0675584,0.284798
3.56728,-0.0185209,0.165354,0.0133836,0.284798
3.56753,0.0771525,0.228346,0.134769,0.284798
3.56778,0.20515,0.267717,0.282917,0.284798
3.56803,0.351258,0.283465,0.438181,0.284798
3.56828,0.493401,0.251969,0.584307,0.284798
3.56853,0.605805,0.173228,0.705842,0.284798
3.56878,0.665052,0.0708661,0.756947,0.284798
3.56903,0.655363,-0.0472441,0.742695,0.284798
3.56928,0.572462,-0.173228,0.6467,0.284798
3.56954,0.425086,-0.275591,0.482279,0.284798
3.56979,0.233199,-0.338583,0.280812,0.284798
3.57004,0.024702,-0.362205,0.0509194,0.284798
3.57029,-0.171362,-0.338583,-0.171385,0.284798
3.57054,-0.329244,-0.291339,-0.360624,0.284798
3.57079,-0.432736,-0.220472,-0.496753,0.284798
3.57104,-0.476974,-0.149606,-0.562746,0.284798
3.57129,-0.469075,-0.0866142,-0.580829,0.284798
3.57154,-0.425028,-0.0551181,-0.560257,0.284798
3.57179,-0.365487,-0.0314961,-0.506335,0.284798
3.57204,-0.309921,-0.0314961,-0.452527,0.284798
3.57229,-0.271723,-0.0314961,-0.393528,0.284798
3.57254,-0.255112,-0.015748,-0.358504,0.284798
3.57279,-0.254409,0,-0.324697,0.284798
3.57304,-0.255506,0.0629921,-0.288177,0.284798
3.57329,-0.240984,0.141732,-0.239134,0.284798
3.57354,-0.193993,0.244094,-0.154414,0.284798
3.57379,-0.104586,0.346457,-0.0421318,0.284798
3.57404,0.0276653,0.425197,0.11743,0.284798
3.57429,0.191409,0.464567,0.294769,0.284798
3.57454,0.366218,0.448819,0.479098,0.284798
3.57479,0.525343,0.385827,0.644092,0.284798
3.57504,0.642121,0.275591,0.755435,0.284798
3.57529,0.695219,0.133858,0.814915,0.284798
3.57554,0.673778,-0.023622,0.785957,0.284798
3.57579,0.579606,-0.173228,0.681497,0.284798
3.57604,0.426992,-0.291339,0.525003,0.284798
3.57629,0.240108,-0.377953,0.318556,0.284798
3.57654,0.047001,-0.409449,0.104184,0.284798
3.57679,-0.12499,-0.401575,-0.103318,0.284798
3.57704,-0.255894,-0.370079,-0.268232,0.284798
3.57729,-0.335842,-0.322835,-0.387252,0.284798
3.57754,-0.366937,-0.275591,-0.460321,0.284798
3.57779,-0.360921,-0.244094,-0.486546,0.284798
3.57804,-0.335984,-0.228346,-0.492478,0.284798
3.57829,-0.310863,-0.212598,-0.48866,0.284798
3.57854,-0.29992,-0.204724,-0.484949,0.284798
3.57879,-0.309291,-0.173228,-0.487131,0.284798
3.57904,-0.335062,-0.11811,-0.493306,0.284798
3.57929,-0.364448,-0.023622,-0.489341,0.284798
3.57954,-0.378872,0.0944882,-0.473258,0.284798
3.57979,-0.359881,0.244094,-0.407835,0.284798
3.58004,-0.293241,0.385827,-0.302893,0.284798
3.58029,-0.17451,0.519685,-0.152944,0.284798
3.58054,-0.0103821,0.614173,0.0487911,0.284798
3.58079,0.181073,0.629921,0.270371,0.284798
3.58104,0.374152,0.614173,0.490859,0.284798
3.58129,0.539912,0.519685,0.68023,0.284798
3.58154,0.652795,0.377953,0.815837,0.284798
3.58179,0.695601,0.204724,0.878108,0.284798
3.58204,0.663146,0.0314961,0.857345,0.284798
3.58229,0.563217,-0.125984,0.756613,0.284798
3.58254,0.41492,-0.259843,0.591389,0.284798
3.58279,0.243743,-0.346457,0.397316,0.284798
3.58304,0.0769337,-0.393701,0.200552,0.284798
3.58329,-0.0631987,-0.417323,0.010061,0.284798
3.58354,-0.162904,-0.417323,-0.145441,0.284798
3.58379,-0.219893,-0.409449,-0.269675,0.284798
3.58404,-0.24192,-0.409449,-0.347892,0.284798
3.58429,-0.244585,-0.417323,-0.400502,0.284798
3.58454,-0.245601,-0.425197,-0.445562,0.284798
3.58479,-0.260285,-0.425197,-0.497799,0.284798
3.58504,-0.296269,-0.393701,-0.545484,0.284798
3.58529,-0.351772,-0.338583,-0.591617,0.284798
3.58554,-0.415156,-0.228346,-0.637284,0.284798
3.58579,-0.467669,-0.0787402,-0.660049,0.284798
3.58604,-0.488657,0.0944882,-0.649613,0.284798
3.58629,-0.460076,0.299213,-0.570172,0.284798
3.58654,-0.372431,0.496063,-0.434236,0.284798
3.58679,-0.227252,0.629921,-0.234246,0.284798
3.58704,-0.0384273,0.629921,0.000383281,0.284798
3.58729,0.170647,0.629921,0.266729,0.284798
3.58754,0.370673,0.629921,0.504003,0.284798
3.58779,0.533118,0.629921,0.710512,0.284798
3.58804,0.635457,0.488189,0.853163,0.284798
3.58829,0.665919,0.307087,0.902482,0.284798
3.58854,0.625401,0.125984,0.881038,0.284798
3.58879,0.527145,-0.023622,0.77308,0.284798
3.58904,0.392866,-0.165354,0.629468,0.284798
3.58929,0.248077,-0.259843,0.446722,0.284798
3.58954,0.116288,-0.330709,0.274259,0.284798
3.58979,0.0136006,-0.377953,0.10842,0.284798
3.59004,-0.053748,-0.425197,-0.0236283,0.284798
3.59029,-0.0903945,-0.472441,-0.130199,0.284798
3.59054,-0.109009,-0.527559,-0.216244,0.284798
3.59079,-0.126806,-0.582677,-0.294953,0.284798
3.59104,-0.159414,-0.622047,-0.381265,0.284798
3.59129,-0.216623,-0.629921,-0.474893,0.284798
3.59154,-0.298708,-0.598425,-0.57388,0.284798
3.59179,-0.395882,-0.519685,-0.673538,0.284798
3.59204,-0.489684,-0.362205,-0.757101,0.284798
3.59229,-0.557756,-0.15748,-0.794771,0.284798
3.59254,-0.578473,0.0629921,-0.785659,0.284798
3.59279,-0.537046,0.322835,-0.693736,0.284798
3.59304,-0.429153,0.551181,-0.536402,0.284798
3.59329,-0.263244,0.629921,-0.323658,0.284798
3.59354,-0.0588426,0.629921,-0.0571434,0.284798
3.59379,0.156219,0.629921,0.21467,0.284798
3.59404,0.352108,0.629921,0.474927,0.284798
3.5943,0.502381,0.629921,0.676801,0.284798
3.59455,0.589541,0.519685,0.815183,0.284798
3.5948,0.607818,0.354331,0.8723,0.284798
3.59505,0.564235,0.188976,0.852334,0.284798
3.5953,0.475932,0.0551181,0.760882,0.284798
3.59555,0.365577,-0.0393701,0.641104,0.284798
3.5958,0.25632,-0.11811,0.503022,0.284798
3.59605,0.165923,-0.181102,0.357688,0.284798
3.5963,0.103334,-0.23622,0.236587,0.284798
3.59655,0.0668823,-0.307087,0.124021,0.284798
3.5968,0.0461109,-0.385827,0.0231131,0.284798
3.59705,0.024632,-0.480315,-0.0653061,0.284798
3.5973,-0.0139667,-0.559055,-0.175483,0.284798
3.59755,-0.0816018,-0.622047,-0.292926,0.284798
3.5978,-0.181243,-0.629921,-0.423229,0.284798
3.59805,-0.305593,-0.614173,-0.572354,0.284798
3.5983,-0.437257,-0.519685,-0.705962,0.284798
3.59855,-0.55309,-0.362205,-0.814158,0.284798
3.5988,-0.62846,-0.15748,-0.86002,0.284798
3.59905,-0.643434,0.0551181,-0.843099,0.284798
3.5993,-0.587684,0.275591,-0.750661,0.284798
3.59955,-0.46304,0.456693,-0.581811,0.284798
3.5998,-0.284116,0.582677,-0.350456,0.284798
3.60005,-0.0750994,0.629921,-0.0848493,0.284798
3.6003,0.134307,0.614173,0.18553,0.284798
3.60055,0.315667,0.535433,0.419317,0.284798
3.6008,0.446779,0.425197,0.610878,0.284798
3.60105,0.516313,0.307087,0.7277,0.284798
3.6013,0.524902,0.19685,0.773532,0.284798
3.60155,0.484743,0.110236,0.750682,0.284798
3.6018,0.414953,0.0472441,0.68323,0.284798
3.60205,0.337374,0.023622,0.594167,0.284798
3.6023,0.270504,0,0.487568,0.284798
3.60255,0.225178,-0.00787402,0.384328,0.284798
3.6028,0.20222,-0.0551181,0.299474,0.284798
3.60305,0.193084,-0.125984,0.222205,0.284798
3.6033,0.182114,-0.220472,0.139049,0.284798
3.60355,0.151942,-0.322835,0.0474772,0.284798
3.6038,0.0882663,-0.425197,-0.0589412,0.284798
3.60405,-0.0151486,-0.503937,-0.195397,0.284798
3.6043,-0.154306,-0.527559,-0.352074,0.284798
3.60455,-0.313959,-0.503937,-0.523701,0.284798
3.6048,-0.471332,-0.409449,-0.672581,0.284798
3.60505,-0.599677,-0.267717,-0.784654,0.284798
3.6053,-0.674804,-0.0866142,-0.836454,0.284798
3.60555,-0.680199,0.0944882,-0.81612,0.284798
3.6058,-0.611015,0.251969,-0.717589,0.284798
3.60605,-0.47544,0.362205,-0.54495,0.284798
3.6063,-0.29299,0.425197,-0.325696,0.284798
3.60655,-0.0910177,0.417323,-0.0879606,0.284798
3.6068,0.101553,0.362205,0.147856,0.284798
3.60705,0.259582,0.275591,0.351121,0.284798
3.6073,0.366986,0.173228,0.49721,0.284798
3.60755,0.418846,0.0944882,0.572565,0.284798
3.6078,0.422288,0.0393701,0.596037,0.284798
3.60805,0.392561,0.015748,0.577392,0.284798
3.6083,0.349635,0.0314961,0.525759,0.284798
3.60855,0.311881,0.0629921,0.464953,0.284798
3.6088,0.291602,0.0944882,0.413187,0.284798
3.60905,0.291773,0.0944882,0.371311,0.284798
3.6093,0.305415,0.0551181,0.337687,0.284798
3.60955,0.317848,0,0.303571,0.284798
3.6098,0.310334,-0.102362,0.252151,0.284798
3.61005,0.266411,-0.212598,0.175052,0.284798
3.6103,0.175583,-0.322835,0.0636843,0.284798
3.61055,0.0382029,-0.385827,-0.0785947,0.284798
3.6108,-0.134394,-0.401575,-0.247385,0.284798
3.61105,-0.320453,-0.354331,-0.432813,0.284798
3.6113,-0.493108,-0.259843,-0.590699,0.284798
3.61155,-0.624624,-0.11811,-0.709319,0.284798
3.6118,-0.693192,0.023622,-0.760536,0.284798
3.61205,-0.687186,0.149606,-0.743606,0.284798
3.6123,-0.607864,0.251969,-0.656654,0.284798
3.61255,-0.468903,0.291339,-0.498186,0.284798
3.6128,-0.29372,0.283465,-0.306576,0.284798
3.61305,-0.110028,0.220472,-0.104779,0.284798
3.6133,0.0557565,0.125984,0.082662,0.284798
3.61355,0.184099,0.0314961,0.235132,0.284798
3.6138,0.265456,-0.0472441,0.343992,0.284798
3.61405,0.302253,-0.0866142,0.391937,0.284798
3.6143,0.305894,-0.0866142,0.407222,0.284798
3.61455,0.294164,-0.0472441,0.39787,0.284798
3.6148,0.284925,0.015748,0.378362,0.284798
3.61505,0.29167,0.0787402,0.372069,0.284798
3.6153,0.319146,0.125984,0.368116,0.284798
3.61555,0.362281,0.141732,0.376439,0.284798
3.6158,0.407111,0.110236,0.392003,0.284798
3.61605,0.434235,0.0314961,0.392294,0.284798
3.6163,0.42423,-0.0551181,0.372299,0.284798
3.61655,0.362789,-0.149606,0.293362,0.284798
3.6168,0.245298,-0.220472,0.176015,0.284798
3.61705,0.0785586,-0.251969,0.0209719,0.284798
3.6173,-0.1188,-0.244094,-0.170165,0.284798
3.61755,-0.320832,-0.173228,-0.36197,0.284798
3.6178,-0.497995,-0.0629921,-0.526847,0.284798
3.61805,-0.624266,0.0472441,-0.640098,0.284798
3.6183,-0.681759,0.15748,-0.699783,0.284798
3.61855,-0.664845,0.23622,-0.671656,0.284798
3.6188,-0.580651,0.267717,-0.590222,0.284798
3.61906,-0.447399,0.23622,-0.44756,0.284798
3.61931,-0.290272,0.149606,-0.282999,0.284798
3.61956,-0.135113,0.0393701,-0.122739,0.284798
3.61981,-0.00387684,-0.0708661,0.0283745,0.284798
3.62006,0.0907892,-0.165354,0.128755,0.284798
3.62031,0.146772,-0.228346,0.202129,0.284798
3.62056,0.172424,-0.23622,0.232479,0.284798
3.62081,0.182825,-0.188976,0.239433,0.284798
3.62106,0.195656,-0.110236,0.245217,0.284798
3.62131,0.225067,-0.015748,0.259933,0.284798
3.62156,0.278006,0.0551181,0.292544,0.284798
3.62181,0.351264,0.110236,0.335617,0.284798
3.62206,0.432105,0.125984,0.39323,0.284798
3.62231,0.500813,0.0944882,0.433224,0.284798
3.62256,0.535456,0.0314961,0.45932,0.284798
3.62281,0.517661,-0.0393701,0.443664,0.284798
3.62306,0.437405,-0.102362,0.370501,0.284798
3.62331,0.296016,-0.133858,0.239676,0.284798
3.62356,0.107547,-0.125984,0.0736914,0.284798
3.62381,-0.104615,-0.0708661,-0.116853,0.284798
3.62406,-0.310881,0.023622,-0.3062,0.284798
3.62431,-0.482499,0.141732,-0.456289,0.284798
3.62456,-0.596419,0.244094,-0.562313,0.431547
3.62481,-0.640643,0.307087,-0.603413,0.431547
3.62506,-0.615463,0.314961,-0.573977,0.431547
3.62531,-0.533403,0.259843,-0.491635,0.431547
3.62556,-0.415629,0.15748,-0.371393,0.431547
3.62581,-0.286478,0.023622,-0.237503,0.431547
3.62606,-0.168529,-0.110236,-0.121154,0.431547
3.62631,-0.0769331,-0.23622,-0.0193426,0.431547
3.62656,-0.0171163,-0.322835,0.0341508,0.431547
3.62681,0.0163674,-0.346457,0.0711922,0.431547
3.62706,0.0363135,-0.322835,0.0814926,0.431547
3.62731,0.0599563,-0.244094,0.084401,0.431547
3.62756,0.102455,-0.141732,0.104873,0.431547
3.62781,0.173003,-0.0393701,0.144832,0.431547
3.62806,0.270758,0.0314961,0.212628,0.431547
3.62831,0.384902,0.0708661,0.29503,0.431547
3.62856,0.495933,0.0787402,0.387095,0.431547
3.62881,0.580179,0.0551181,0.460948,0.431547
3.62906,0.615552,0.00787402,0.50168,0.431547
3.62931,0.58633,-0.0314961,0.482718,0.431547
3.62956,0.487987,-0.0551181,0.41388,0.431547
3.62981,0.328433,-0.0393701,0.288686,0.431547
3.63006,0.127346,0.00787402,0.113624,0.431547
3.63031,-0.0879387,0.0944882,-0.0632293,0.431547
3.63056,-0.287189,0.204724,-0.235424,0.431547
3.63081,-0.444153,0.307087,-0.369348,0.431547
3.63106,-0.54096,0.370079,-0.452942,0.431547
3.63131,-0.571832,0.385827,-0.482547,0.431547
3.63156,-0.543042,0.330709,-0.455632,0.431547
3.63181,-0.471131,0.228346,-0.382731,0.431547
3.63206,-0.378105,0.0787402,-0.294619,0.431547
3.63231,-0.285787,-0.0787402,-0.205603,0.431547
3.63256,-0.210931,-0.23622,-0.138694,0.431547
3.63281,-0.161412,-0.354331,-0.0970478,0.431547
3.63306,-0.134478,-0.417323,-0.0843515,0.431547
3.63331,-0.119106,-0.417323,-0.0848319,0.431547
3.63356,-0.0984982,-0.362205,-0.0843104,0.431547
3.63381,-0.0562979,-0.283465,-0.0733994,0.431547
3.63406,0.0192313,-0.173228,-0.0393529,0.431547
3.63431,0.130216,-0.0787402,0.0347072,0.431547
3.63456,0.268568,-0.023622,0.143322,0.431547
3.63481,0.415988,0,0.27147,0.431547
3.63506,0.5481,0,0.394506,0.431547
3.63531,0.639629,-0.023622,0.48819,0.431547
3.63556,0.669807,-0.0472441,0.529738,0.431547
3.63581,0.627619,-0.0472441,0.514957,0.431547
3.63606,0.514473,-0.023622,0.446343,0.431547
3.63631,0.344486,0.0393701,0.30927,0.431547
3.63656,0.141532,0.141732,0.147715,0.431547
3.63681,-0.0649966,0.267717,-0.0157532,0.431547
3.63706,-0.246949,0.385827,-0.173338,0.431547
3.63731,-0.382137,0.472441,-0.287198,0.431547
3.63756,-0.459384,0.503937,-0.346259,0.431547
3.63781,-0.479066,0.472441,-0.358016,0.431547
3.63806,-0.452871,0.370079,-0.334964,0.431547
3.63831,-0.399476,0.220472,-0.277405,0.431547
3.63856,-0.339516,0.0314961,-0.215946,0.431547
3.63881,-0.290428,-0.141732,-0.178817,0.431547
3.63906,-0.261837,-0.299213,-0.152315,0.431547
3.63931,-0.253476,-0.409449,-0.166425,0.431547
3.63956,-0.255604,-0.456693,-0.188672,0.431547
3.63981,-0.252157,-0.448819,-0.210921,0.431547
3.64006,-0.225005,-0.393701,-0.220659,0.431547
3.64031,-0.160044,-0.314961,-0.200079,0.431547
3.64056,-0.0510528,-0.228346,-0.137158,0.431547
3.64081,0.0970369,-0.173228,-0.0313592,0.431547
3.64106,0.268768,-0.133858,0.110539,0.431547
3.64131,0.439932,-0.11811,0.257708,0.431547
3.64156,0.583514,-0.125984,0.385091,0.431547
3.64181,0.674297,-0.133858,0.490994,0.431547
3.64206,0.695147,-0.125984,0.528116,0.431547
3.64231,0.640595,-0.0866142,0.51051,0.431547
3.64256,0.518309,0,0.427695,0.431547
3.64281,0.347157,0.11811,0.301857,0.431547
3.64306,0.15397,0.267717,0.15281,0.431547
3.64331,-0.0328977,0.425197,0.00762557,0.431547
3.64356,-0.1886,0.543307,-0.109863,0.431547
3.64382,-0.297579,0.614173,-0.196182,0.431547
3.64407,-0.355006,0.622047,-0.235621,0.431547
3.64432,-0.367821,0.551181,-0.223014,0.431547
3.64457,-0.351129,0.417323,-0.195015,0.431547
3.64482,-0.32393,0.23622,-0.15808,0.431547
3.64507,-0.303678,0.0393701,-0.138228,0.431547
3.64532,-0.301551,-0.141732,-0.141712,0.431547
3.64557,-0.319204,-0.291339,-0.165291,0.431547
3.64582,-0.348544,-0.385827,-0.211902,0.431547
3.64607,-0.373826,-0.425197,-0.2717,0.431547
3.64632,-0.375664,-0.425197,-0.315863,0.431547
3.64657,-0.336894,-0.385827,-0.323054,0.431547
3.64682,-0.247163,-0.338583,-0.29037,0.431547
3.64707,-0.106911,-0.291339,-0.202615,0.431547
3.64732,0.0721352,-0.275591,-0.0739922,0.431547
3.64757,0.267768,-0.267717,0.0743196,0.431547
3.64782,0.452241,-0.283465,0.234619,0.431547
3.64807,0.59746,-0.291339,0.365275,0.431547
3.64832,0.680935,-0.283465,0.456782,0.431547
3.64857,0.690376,-0.23622,0.487902,0.431547
3.64882,0.626502,-0.141732,0.46417,0.431547
3.64907,0.502351,0,0.382227,0.431547
3.64932,0.340484,0.173228,0.261105,0.431547
3.64957,0.168096,0.354331,0.133746,0.431547
3.64982,0.0107218,0.535433,0.0275789,0.431547
3.65007,-0.112561,0.629921,-0.0616477,0.431547
3.65032,-0.193116,0.629921,-0.0997766,0.431547
3.65057,-0.233079,0.629921,-0.112814,0.431547
3.65082,-0.24455,0.606299,-0.0973805,0.431547
3.65107,-0.244253,0.456693,-0.0647784,0.431547
3.65132,-0.249791,0.267717,-0.0545856,0.431547
3.65157,-0.273391,0.0708661,-0.0662835,0.431547
3.65182,-0.318819,-0.0866142,-0.114704,0.431547
3.65207,-0.3797,-0.228346,-0.186259,0.431547
3.65232,-0.440859,-0.314961,-0.269439,0.431547
3.65257,-0.482058,-0.354331,-0.345118,0.431547
3.65282,-0.483026,-0.362205,-0.396872,0.431547
3.65307,-0.428873,-0.346457,-0.395836,0.431547
3.65332,-0.314967,-0.338583,-0.34831,0.431547
3.65357,-0.148101,-0.346457,-0.239074,0.431547
3.65382,0.0529739,-0.370079,-0.0991157,0.431547
3.65407,0.261714,-0.409449,0.0605826,0.431547
3.65432,0.448454,-0.440945,0.218206,0.431547
3.65457,0.586673,-0.448819,0.34127,0.431547
3.65482,0.657984,-0.425197,0.416812,0.431547
3.65507,0.656295,-0.338583,0.433272,0.431547
3.65532,0.588053,-0.19685,0.394616,0.431547
3.65557,0.470802,-0.00787402,0.31871,0.431547
3.65582,0.328777,0.19685,0.216657,0.431547
3.65607,0.187196,0.409449,0.123321,0.431547
3.65632,0.0668228,0.590551,0.0403063,0.431547
3.65657,-0.020424,0.629921,-0.00248885,0.431547
3.65682,-0.0730147,0.629921,-0.00498173,0.431547
3.65707,-0.0999015,0.629921,0.00707412,0.431547
3.65732,-0.115957,0.629921,0.0296601,0.431547
3.65757,-0.138612,0.472441,0.0417241,0.431547
3.65782,-0.18132,0.299213,0.0292596,0.431547
3.65807,-0.250127,0.125984,-0.0175424,0.431547
3.65832,-0.340601,-0.00787402,-0.103131,0.431547
3.65857,-0.438949,-0.11811,-0.214604,0.431547
3.65882,-0.5243,-0.188976,-0.323163,0.431547
3.65907,-0.573822,-0.228346,-0.408593,0.431547
3.65932,-0.56837,-0.244094,-0.45092,0.431547
3.65957,-0.49737,-0.267717,-0.441383,0.431547
3.65982,-0.362166,-0.307087,-0.37285,0.431547
3.66007,-0.176188,-0.354331,-0.249036,0.431547
3.66032,0.0364397,-0.417323,-0.102934,0.431547
3.66057,0.246768,-0.488189,0.064219,0.431547
3.66082,0.425339,-0.527559,0.203894,0.431547
3.66107,0.549308,-0.535433,0.319083,0.431547
3.66132,0.605974,-0.496063,0.366244,0.431547
3.66157,0.595472,-0.393701,0.368805,0.431547
3.66182,0.529528,-0.228346,0.327429,0.431547
3.66207,0.428484,-0.0314961,0.252537,0.431547
3.66232,0.31605,0.181102,0.17668,0.431547
3.66257,0.213394,0.385827,0.111801,0.431547
3.66282,0.134745,0.535433,0.0840516,0.431547
3.66307,0.0845485,0.629921,0.0704095,0.431547
3.66332,0.0567204,0.629921,0.0912599,0.431547
3.66357,0.0377389,0.614173,0.117025,0.431547
3.66382,0.0105676,0.519685,0.137973,0.431547
3.66407,-0.0397478,0.393701,0.128433,0.431547
3.66432,-0.121799,0.251969,0.0889938,0.431547
3.66457,-0.233827,0.125984,-0.00245082,0.431547
3.66482,-0.364043,0.0314961,-0.120868,0.431547
3.66507,-0.491851,-0.023622,-0.25309,0.431547
3.66532,-0.592708,-0.0629921,-0.371441,0.431547
3.66557,-0.643377,-0.0866142,-0.465624,0.431547
3.66582,-0.627736,-0.11811,-0.507026,0.431547
3.66607,-0.540622,-0.15748,-0.478482,0.431547
3.66632,-0.389512,-0.220472,-0.390854,0.431547
3.66657,-0.194016,-0.307087,-0.257822,0.431547
3.66682,0.0189518,-0.409449,-0.0989032,0.431547
3.66707,0.219229,-0.496063,0.0558065,0.431547
3.66732,0.380666,-0.551181,0.188762,0.431547
3.66757,0.485265,-0.559055,0.278678,0.431547
3.66782,0.527158,-0.503937,0.318402,0.431547
3.66807,0.512171,-0.393701,0.314086,0.431547
3.66832,0.456251,-0.220472,0.266219,0.431547
3.66858,0.380433,-0.0314961,0.214911,0.431547
3.66883,0.305718,0.165354,0.16941,0.431547
3.66908,0.247566,0.338583,0.146624,0.431547
3.66933,0.212578,0.464567,0.146716,0.431547
3.66958,0.197337,0.535433,0.172147,0.431547
3.66983,0.189389,0.543307,0.201791,0.431547
3.67008,0.172133,0.488189,0.230403,0.431547
3.67033,0.128533,0.409449,0.22961,0.431547
3.67058,0.047571,0.307087,0.194824,0.431547
3.67083,-0.0728419,0.212598,0.111857,0.431547
3.67108,-0.22341,0.125984,-0.0197171,0.431547
3.67133,-0.38532,0.0787402,-0.162548,0.431547
3.67158,-0.533118,0.0551181,-0.319656,0.431547
3.67183,-0.640563,0.0393701,-0.443711,0.431547
3.67208,-0.686346,0.015748,-0.523692,0.431547
3.67233,-0.658655,-0.00787402,-0.54094,0.431547
3.67258,-0.558432,-0.0708661,-0.497795,0.431547
3.67283,-0.399318,-0.165354,-0.398104,0.431547
3.67308,-0.204613,-0.275591,-0.250425,0.431547
3.67333,-0.00332811,-0.393701,-0.0940964,0.431547
3.67358,0.176751,-0.488189,0.047226,0.431547
3.67383,0.313725,-0.543307,0.167486,0.431547
3.67408,0.396568,-0.543307,0.231867,0.431547
3.67433,0.425558,-0.472441,0.256136,0.431547
3.67458,0.412065,-0.354331,0.247744,0.431547
3.67483,0.374019,-0.188976,0.218683,0.431547
3.67508,0.331451,0,0.184661,0.431547
3.67533,0.30039,0.15748,0.168736,0.431547
3.67558,0.289359,0.299213,0.187106,0.431547
3.67583,0.296921,0.385827,0.218292,0.431547
3.67608,0.312068,0.417323,0.261896,0.431547
3.67633,0.318097,0.401575,0.312099,0.431547
3.67658,0.296305,0.354331,0.331205,0.431547
3.67683,0.232431,0.275591,0.308286,0.431547
3.67708,0.120314,0.204724,0.239077,0.431547
3.67733,-0.0346077,0.15748,0.122004,0.431547
3.67758,-0.21632,0.125984,-0.0385849,0.431547
3.67783,-0.399995,0.125984,-0.207513,0.431547
3.67808,-0.55763,0.125984,-0.366975,0.431547
3.67833,-0.663569,0.133858,-0.495576,0.431547
3.67858,-0.699956,0.110236,-0.55613,0.431547
3.67883,-0.660664,0.0629921,-0.558086,0.431547
3.67908,-0.552633,-0.015748,-0.495797,0.431547
3.67933,-0.394537,-0.125984,-0.380621,0.431547
3.67958,-0.212031,-0.259843,-0.23804,0.431547
3.67983,-0.033285,-0.377953,-0.0964733,0.431547
3.68008,0.117895,-0.464567,0.0301848,0.431547
3.68033,0.225919,-0.503937,0.121197,0.431547
3.68058,0.286767,-0.488189,0.162202,0.431547
3.68083,0.306923,-0.409449,0.174098,0.431547
3.68108,0.301519,-0.283465,0.16661,0.431547
3.68133,0.288859,-0.133858,0.15948,0.431547
3.68158,0.285463,0.015748,0.158867,0.431547
3.68183,0.301304,0.149606,0.180317,0.431547
3.68208,0.336918,0.251969,0.230204,0.431547
3.68233,0.382873,0.291339,0.297226,0.431547
3.68258,0.422444,0.299213,0.362875,0.431547
3.68283,0.435402,0.259843,0.409913,0.431547
3.68308,0.404071,0.212598,0.42047,0.431547
3.68333,0.317741,0.165354,0.370094,0.431547
3.68358,0.177026,0.125984,0.271432,0.431547
3.68383,-0.00612849,0.11811,0.123885,0.431547
3.68408,-0.209103,0.125984,-0.0559708,0.431547
3.68433,-0.403769,0.15748,-0.246161,0.431547
3.68458,-0.56122,0.173228,-0.404951,0.431547
3.68483,-0.658727,0.188976,-0.523431,0.431547
3.68508,-0.683324,0.165354,-0.568101,0.431547
3.68533,-0.635097,0.0944882,-0.551305,0.431547
3.68558,-0.526598,0,-0.474497,0.431547
3.68583,-0.379464,-0.11811,-0.36728,0.431547
3.68608,-0.220121,-0.23622,-0.230081,0.431547
3.68633,-0.0732617,-0.346457,-0.11696,0.431547
3.68658,0.0427381,-0.417323,-0.0189216,0.431547
3.68683,0.119973,-0.433071,0.0407801,0.431547
3.68708,0.160956,-0.401575,0.0701289,0.431547
3.68733,0.177792,-0.314961,0.0775221,0.431547
3.68758,0.187228,-0.19685,0.083902,0.431547
3.68783,0.205985,-0.0551181,0.093424,0.431547
3.68808,0.245461,0.0551181,0.137988,0.431547
3.68833,0.308383,0.149606,0.204176,0.431547
3.68858,0.387007,0.19685,0.287331,0.431547
3.68883,0.465161,0.204724,0.38504,0.431547
3.68908,0.521502,0.181102,0.463974,0.431547
3.68933,0.534895,0.133858,0.508736,0.431547
3.68958,0.490169,0.0944882,0.496016,0.431547
3.68983,0.381963,0.0629921,0.431721,0.431547
3.69008,0.217482,0.0551181,0.294321,0.431547
3.69033,0.0150693,0.0787402,0.121959,0.431547
3.69058,-0.198157,0.11811,-0.0777764,0.431547
3.69083,-0.392449,0.165354,-0.270439,0.431547
3.69108,-0.540844,0.204724,-0.417424,0.431547
3.69133,-0.624841,0.204724,-0.523302,0.431547
3.69158,-0.637569,0.181102,-0.559496,0.431547
3.69183,-0.585233,0.102362,-0.528915,0.431547
3.69208,-0.484431,0,-0.450392,0.431547
3.69233,-0.358541,-0.110236,-0.348419,0.431547
3.69258,-0.231931,-0.220472,-0.245138,0.431547
3.69283,-0.124347,-0.307087,-0.154159,0.431547
3.69308,-0.0466911,-0.346457,-0.0809896,0.431547
3.69334,0.000242236,-0.338583,-0.0489046,0.431547
3.69359,0.0257979,-0.283465,-0.027604,0.431547
3.69384,0.0452976,-0.19685,-0.0226,0.431547
3.69409,0.0756757,-0.0866142,0.00431658,0.431547
3.69434,0.129902,0.015748,0.0501564,0.431547
3.69459,0.213191,0.0944882,0.132528,0.431547
3.69484,0.320107,0.133858,0.238684,0.431547
3.69509,0.435569,0.141732,0.355685,0.431547
3.69534,0.537799,0.11811,0.47721,0.431547
3.69559,0.602985,0.0708661,0.559424,0.431547
3.69584,0.611223,0.015748,0.597988,0.431547
3.69609,0.551298,-0.00787402,0.566562,0.431547
3.69634,0.424263,-0.015748,0.465704,0.431547
3.69659,0.243308,0,0.310754,0.431547
3.69684,0.03233,0.0393701,0.116529,0.431547
3.69709,-0.179468,0.0944882,-0.0951966,0.431547
3.69734,-0.362894,0.149606,-0.274319,0.431547
3.69759,-0.494915,0.188976,-0.417422,0.431547
3.69784,-0.562559,0.181102,-0.495563,0.431547
3.69809,-0.565735,0.141732,-0.517755,0.431547
3.69834,-0.51545,0.0708661,-0.486745,0.431547
3.69859,-0.431352,-0.015748,-0.418009,0.431547
3.69884,-0.336087,-0.11811,-0.343822,0.431547
3.69909,-0.249896,-0.19685,-0.26179,0.431547
3.69934,-0.185867,-0.251969,-0.204803,0.431547
3.69959,-0.14717,-0.251969,-0.1729,0.431547
3.69984,-0.127241,-0.220472,-0.153375,0.431547
3.70009,-0.111661,-0.141732,-0.146085,0.431547
3.70034,-0.0833645,-0.0551181,-0.121431,0.431547
3.70059,-0.0273709,0.0314961,-0.0722368,0.431547
3.70084,0.0640486,0.102362,0.00970109,0.431547
3.70109,0.18884,0.141732,0.138123,0.431547
3.70134,0.333779,0.141732,0.279897,0.431547
3.70159,0.47771,0.102362,0.427224,0.431547
3.70184,0.594921,0.0551181,0.56138,0.431547
3.70209,0.66144,-0.00787402,0.642646,0.431547
3.70234,0.66033,-0.0551181,0.660313,0.431547
3.70259,0.585848,-0.0866142,0.612788,0.431547
3.70284,0.44522,-0.0787402,0.486043,0.431547
3.70309,0.257335,-0.0472441,0.313525,0.431547
3.70334,0.049158,0,0.114053,0.431547
3.70359,-0.149725,0.0551181,-0.0851245,0.431547
3.70384,-0.313276,0.102362,-0.258753,0.431547
3.70409,-0.423563,0.125984,-0.390003,0.431547
3.70434,-0.474725,-0.440945,-0.450939,0.431547
3.70459,-0.472204,-0.338583,-0.464542,0.431547
3.70484,-0.43144,-0.212598,-0.442008,0.431547
3.70509,-0.372623,-0.0708661,-0.39742,0.431547
3.70534,-0.315713,0.0866142,-0.349293,0.431547
3.70559,-0.27508,0.267717,-0.331941,0.431547
3.70584,-0.256032,0.456693,-0.327761,0.431547
3.70609,-0.254051,0.622047,-0.330148,0.431547
3.70634,-0.255904,0.629921,-0.333104,0.431547
3.70659,-0.244078,0.629921,-0.305116,0.431547
3.70684,-0.201591,0.629921,-0.241229,0.431547
3.70709,-0.117421,0.629921,-0.115535,0.431547
3.70734,0.010155,0.629921,0.0633742,0.431547
3.70759,0.171085,0.590551,0.27724,0.431547
3.70784,0.345917,0.393701,0.50471,0.431547
3.70809,0.508316,0.173228,0.710174,0.431547
3.70834,0.631346,-0.0393701,0.867753,0.431547
3.70859,0.69273,-0.244094,0.952589,0.431547
3.70884,0.680236,-0.417323,0.946543,0.431547
3.70909,0.594107,-0.559055,0.840812,0.431547
3.70934,0.447269,-0.629921,0.648384,0.431547
3.70959,0.262995,-0.629921,0.399646,0.431547
3.70984,0.0691107,-0.629921,0.129321,0.431547
3.71009,-0.106581,-0.629921,-0.137352,0.431547
3.71034,-0.243069,-0.629921,-0.373877,0.431547
3.71059,-0.329075,-0.629921,-0.546944,0.431547
3.71084,-0.36553,-0.629921,-0.653772,0.431547
3.71109,-0.363007,-0.574803,-0.710234,0.431547
3.71134,-0.339293,-0.425197,-0.710276,0.431547
3.71159,-0.313257,-0.23622,-0.69285,0.431547
3.71184,-0.300186,0,-0.662712,0.431547
3.71209,-0.307163,0.23622,-0.62102,0.431547
3.71234,-0.331513,0.496063,-0.589506,0.431547
3.71259,-0.361362,0.629921,-0.535548,0.431547
3.71284,-0.378637,0.629921,-0.462568,0.431547
3.71309,-0.364372,0.629921,-0.357452,0.431547
3.71334,-0.303903,0.629921,-0.18861,0.431547
3.71359,-0.191077,0.629921,0.0152499,0.431547
3.71384,-0.0316694,0.629921,0.256668,0.431547
3.71409,0.157903,0.629921,0.506419,0.431547
3.71434,0.352202,0.574803,0.741321,0.431547
3.71459,0.522704,0.338583,0.921981,0.431547
3.71484,0.642865,0.0944882,1.02518,0.431547
3.71509,0.694491,-0.133858,1.03045,0.431547
3.71534,0.670738,-0.346457,0.949184,0.431547
3.71559,0.577952,-0.527559,0.776514,0.431547
3.71584,0.434008,-0.629921,0.547103,0.431547
3.71609,0.264169,-0.629921,0.283459,0.431547
3.71634,0.0955459,-0.629921,0.0133024,0.431547
3.71659,-0.0486517,-0.629921,-0.22484,0.431547
3.71684,-0.153422,-0.629921,-0.410267,0.431547
3.71709,-0.215261,-0.629921,-0.537497,0.431547
3.71734,-0.240695,-0.629921,-0.614128,0.431547
3.71759,-0.244721,-0.629921,-0.635042,0.431547
3.71784,-0.245028,-0.629921,-0.620307,0.431547
3.7181,-0.257534,-0.385827,-0.606621,0.431547
3.71835,-0.290888,-0.0944882,-0.584244,0.431547
3.7186,-0.344521,0.212598,-0.581621,0.431547
3.71885,-0.407837,0.527559,-0.571433,0.431547
3.7191,-0.462705,0.629921,-0.549973,0.431547
3.71935,-0.488455,0.629921,-0.493135,0.431547
3.7196,-0.4664,0.629921,-0.401107,0.431547
3.71985,-0.385871,0.629921,-0.236502,0.431547
3.7201,-0.246968,0.629921,-0.0310201,0.431547
3.72035,-0.0622295,0.629921,0.205555,0.431547
3.7206,0.145927,0.629921,0.454296,0.431547
3.72085,0.348557,0.629921,0.674502,0.431547
3.7211,0.516825,0.527559,0.846102,0.431547
3.72135,0.627031,0.283465,0.932469,0.431547
3.7216,0.666165,0.0472441,0.939938,0.431547
3.72185,0.633531,-0.165354,0.856898,0.431547
3.7221,0.54098,-0.370079,0.70766,0.431547
3.72235,0.409717,-0.566929,0.515173,0.431547
3.7226,0.26485,-0.629921,0.295725,0.431547
3.72285,0.130512,-0.629921,0.0884892,0.431547
3.7231,0.0239633,-0.629921,-0.0821819,0.431547
3.72335,-0.0476117,-0.629921,-0.225523,0.431547
3.7236,-0.087225,-0.629921,-0.316666,0.431547
3.72385,-0.107221,-0.629921,-0.376928,0.431547
3.7241,-0.124126,-0.629921,-0.425456,0.431547
3.72435,-0.154429,-0.629921,-0.461971,0.431547
3.7246,-0.208448,-0.551181,-0.508365,0.367926
3.72485,-0.28798,-0.251969,-0.55877,0.367926
3.7251,-0.384178,0.0629921,-0.626003,0.367926
3.72535,-0.479513,0.377953,-0.67422,0.367926
3.7256,-0.551812,0.629921,-0.695078,0.367926
3.72585,-0.579046,0.629921,-0.663978,0.367926
3.7261,-0.545394,0.629921,-0.567102,0.367926
3.72635,-0.4451,0.629921,-0.399328,0.367926
3.7266,-0.28524,0.629921,-0.1686,0.367926
3.72685,-0.0840316,0.629921,0.104228,0.367926
3.7271,0.131327,0.629921,0.374158,0.367926
3.72735,0.331044,0.629921,0.617417,0.367926
3.7276,0.487736,0.590551,0.793176,0.367926
3.72785,0.582879,0.417323,0.899465,0.367926
3.7281,0.60913,0.23622,0.913144,0.367926
3.72835,0.57211,0.0472441,0.847036,0.367926
3.7286,0.487952,-0.141732,0.723002,0.367926
3.72885,0.378934,-0.338583,0.552905,0.367926
3.7291,0.268474,-0.543307,0.386024,0.367926
3.72935,0.175186,-0.629921,0.221662,0.367926
3.7296,0.109205,-0.629921,0.0785642,0.367926
3.72985,0.0700636,-0.629921,-0.024902,0.367926
3.7301,0.0482321,-0.629921,-0.116551,0.367926
3.73035,0.0277255,-0.629921,-0.195563,0.367926
3.7306,-0.00810091,-0.629921,-0.283426,0.367926
3.73085,-0.0719592,-0.629921,-0.372831,0.367926
3.7311,-0.167994,-0.598425,-0.485649,0.367926
3.73135,-0.290166,-0.322835,-0.599889,0.367926
3.7316,-0.422177,-0.0314961,-0.70158,0.367926
3.73185,-0.541094,0.244094,-0.786026,0.367926
3.7321,-0.622397,0.488189,-0.814013,0.367926
3.73235,-0.645242,0.629921,-0.77991,0.367926
3.7326,-0.597959,0.629921,-0.673022,0.367926
3.73285,-0.481006,0.629921,-0.474795,0.367926
3.7331,-0.307278,0.629921,-0.230084,0.367926
3.73335,-0.100426,0.629921,0.0523975,0.367926
3.7336,0.1106,0.629921,0.33772,0.367926
3.73385,0.296471,0.629921,0.581044,0.367926
3.7341,0.434442,0.622047,0.755328,0.367926
3.73435,0.511345,0.503937,0.846151,0.367926
3.7346,0.526759,0.377953,0.859397,0.367926
3.73485,0.491405,0.23622,0.802204,0.367926
3.7351,0.423994,0.0551181,0.692444,0.367926
3.73535,0.346271,-0.133858,0.556045,0.367926
3.7356,0.277378,-0.346457,0.432445,0.367926
3.73585,0.229265,-0.559055,0.314478,0.367926
3.7361,0.203943,-0.629921,0.214746,0.367926
3.73635,0.193895,-0.629921,0.12862,0.367926
3.7366,0.184045,-0.629921,0.0562719,0.367926
3.73685,0.157062,-0.629921,-0.0376981,0.367926
3.7371,0.0977739,-0.629921,-0.147553,0.367926
3.73735,-0.000945075,-0.629921,-0.284535,0.367926
3.7376,-0.136485,-0.574803,-0.434234,0.367926
3.73785,-0.294865,-0.346457,-0.594909,0.367926
3.7381,-0.453796,-0.102362,-0.737527,0.367926
3.73835,-0.586907,0.11811,-0.846119,0.367926
3.7386,-0.669353,0.307087,-0.882173,0.367926
3.73885,-0.683458,0.464567,-0.849126,0.367926
3.7391,-0.622878,0.559055,-0.721278,0.367926
3.73935,-0.494299,0.622047,-0.520722,0.367926
3.7396,-0.316046,0.629921,-0.26524,0.367926
3.73985,-0.114853,0.629921,0.00326977,0.367926
3.7401,0.0802601,0.629921,0.26921,0.367926
3.74035,0.243404,0.629921,0.492934,0.367926
3.7406,0.357264,0.606299,0.651226,0.367926
3.74085,0.415505,0.551181,0.736086,0.367926
3.7411,0.423991,0.480315,0.742162,0.367926
3.74135,0.397153,0.362205,0.70936,0.367926
3.7416,0.354751,0.204724,0.636114,0.367926
3.74185,0.315581,0.015748,0.549799,0.367926
3.7421,0.292901,-0.188976,0.470076,0.367926
3.74235,0.290823,-0.409449,0.399673,0.367926
3.7426,0.303517,-0.598425,0.35293,0.367926
3.74286,0.317031,-0.629921,0.303627,0.367926
3.74311,0.312993,-0.629921,0.225849,0.367926
3.74336,0.273886,-0.629921,0.133385,0.367926
3.74361,0.188906,-0.629921,-0.00249382,0.367926
3.74386,0.0565202,-0.629921,-0.18204,0.367926
3.74411,-0.112784,-0.503937,-0.378019,0.367926
3.74436,-0.298688,-0.314961,-0.579298,0.367926
3.74461,-0.474348,-0.133858,-0.755514,0.367926
3.74486,-0.612063,0.023622,-0.87603,0.367926
3.74511,-0.688866,0.15748,-0.926462,0.367926
3.74536,-0.691845,0.259843,-0.877052,0.367926
3.74561,-0.620669,0.322835,-0.752046,0.367926
3.74586,-0.487659,0.370079,-0.548255,0.367926
3.74611,-0.315334,0.417323,-0.308825,0.367926
3.74636,-0.131192,0.456693,-0.0484072,0.367926
3.74661,0.0378984,0.496063,0.182287,0.367926
3.74686,0.171371,0.543307,0.372931,0.367926
3.74711,0.258356,0.566929,0.504711,0.367926
3.74736,0.299884,0.559055,0.564113,0.367926
3.74761,0.306648,0.519685,0.581535,0.367926
3.74786,0.29576,0.433071,0.557146,0.367926
3.74811,0.285385,0.291339,0.525592,0.367926
3.74836,0.289803,0.110236,0.489746,0.367926
3.74861,0.314903,-0.0866142,0.476414,0.367926
3.74886,0.356768,-0.291339,0.475086,0.367926
3.74911,0.402339,-0.472441,0.463779,0.367926
3.74936,0.432599,-0.598425,0.44446,0.367926
3.74961,0.427851,-0.629921,0.386267,0.367926
3.74986,0.372928,-0.629921,0.28144,0.367926
3.75011,0.261921,-0.614173,0.125819,0.367926
3.75036,0.100217,-0.519685,-0.0764384,0.367926
3.75061,-0.0947641,-0.385827,-0.30516,0.367926
3.75086,-0.297783,-0.251969,-0.532125,0.367926
3.75111,-0.479335,-0.133858,-0.728676,0.367926
3.75136,-0.612735,-0.0314961,-0.856703,0.367926
3.75161,-0.678864,0.0314961,-0.910061,0.367926
3.75186,-0.67059,0.0708661,-0.862599,0.367926
3.75211,-0.593549,0.110236,-0.743289,0.367926
3.75236,-0.464852,0.15748,-0.55593,0.367926
3.75261,-0.309071,0.212598,-0.332527,0.367926
3.75286,-0.152578,0.283465,-0.112798,0.367926
3.75311,-0.0175676,0.362205,0.0843408,0.367926
3.75336,0.0816195,0.440945,0.224061,0.367926
3.75361,0.141946,0.511811,0.327256,0.367926
3.75386,0.170439,0.535433,0.37115,0.367926
3.75411,0.181825,0.511811,0.396601,0.367926
3.75436,0.193436,0.433071,0.404102,0.367926
3.75461,0.220437,0.307087,0.415001,0.367926
3.75486,0.270527,0.141732,0.437805,0.367926
3.75511,0.341915,-0.0314961,0.48558,0.367926
3.75536,0.4228,-0.212598,0.535257,0.367926
3.75561,0.494064,-0.354331,0.572184,0.367926
3.75586,0.53378,-0.440945,0.570921,0.367926
3.75611,0.522887,-0.480315,0.522973,0.367926
3.75636,0.450159,-0.456693,0.411666,0.367926
3.75661,0.315471,-0.401575,0.236055,0.367926
3.75686,0.131494,-0.314961,0.0118865,0.367926
3.75711,-0.0793632,-0.220472,-0.233124,0.367926
3.75736,-0.287876,-0.149606,-0.46645,0.367926
3.75761,-0.464941,-0.102362,-0.665822,0.367926
3.75786,-0.58652,-0.0708661,-0.781931,0.367926
3.75811,-0.639178,-0.0708661,-0.825109,0.367926
3.75836,-0.621726,-0.0708661,-0.778145,0.367926
3.75861,-0.545395,-0.0629921,-0.666968,0.367926
3.75886,-0.430478,-0.0314961,-0.500727,0.367926
3.75911,-0.301485,0.023622,-0.330812,0.367926
3.75936,-0.18125,0.110236,-0.162757,0.367926
3.75961,-0.0860551,0.220472,-0.0199014,0.367926
3.75986,-0.02258,0.314961,0.0695286,0.367926
3.76011,0.0134659,0.401575,0.130278,0.367926
3.76036,0.0341306,0.433071,0.160545,0.367926
3.76061,0.0564731,0.425197,0.184654,0.367926
3.76086,0.0961045,0.354331,0.22027,0.367926
3.76111,0.163191,0.244094,0.281887,0.367926
3.76136,0.258098,0.102362,0.36084,0.367926
3.76161,0.371191,-0.0314961,0.461235,0.367926
3.76186,0.483771,-0.149606,0.563163,0.367926
3.76211,0.572393,-0.23622,0.631231,0.367926
3.76236,0.614516,-0.275591,0.658612,0.367926
3.76261,0.593373,-0.267717,0.618819,0.367926
3.76286,0.503008,-0.220472,0.500309,0.367926
3.76311,0.349877,-0.149606,0.31479,0.367926
3.76336,0.15233,-0.0944882,0.0868843,0.367926
3.76361,-0.0627411,-0.0472441,-0.153305,0.367926
3.76386,-0.265484,-0.023622,-0.369944,0.367926
3.76411,-0.428488,-0.0393701,-0.547388,0.367926
3.76436,-0.533,-0.0787402,-0.659093,0.367926
3.76461,-0.571472,-0.125984,-0.681706,0.367926
3.76486,-0.549071,-0.165354,-0.645624,0.367926
3.76511,-0.481142,-0.173228,-0.551307,0.367926
3.76536,-0.389429,-0.149606,-0.423804,0.367926
3.76561,-0.295999,-0.0866142,-0.301792,0.367926
3.76586,-0.218477,0,-0.202639,0.367926
3.76611,-0.165909,0.102362,-0.131428,0.367926
3.76636,-0.13674,0.204724,-0.0946504,0.367926
3.76661,-0.120823,0.275591,-0.0732729,0.367926
3.76686,-0.101728,0.299213,-0.048638,0.367926
3.76711,-0.0628253,0.283465,-0.0102344,0.367926
3.76736,0.00846966,0.212598,0.0552791,0.367926
3.76762,0.115477,0.110236,0.155364,0.367926
3.76787,0.251388,0.00787402,0.289411,0.367926
3.76812,0.398915,-0.0787402,0.443334,0.367926
3.76837,0.534269,-0.141732,0.574541,0.367926
3.76862,0.631702,-0.15748,0.667799,0.367926
3.76887,0.6699,-0.141732,0.705315,0.367926
3.76912,0.636415,-0.0866142,0.663885,0.367926
3.76937,0.531062,0,0.543634,0.367926
3.76962,0.366739,0.0629921,0.362695,0.367926
3.76987,0.166186,0.110236,0.146169,0.367926
3.77012,-0.0414552,0.11811,-0.0787544,0.367926
3.77037,-0.227628,0.0866142,-0.280783,0.367926
3.77062,-0.369128,0.0314961,-0.426344,0.367926
3.77087,-0.453419,-0.0472441,-0.507485,0.367926
3.77112,-0.479454,-0.125984,-0.520861,0.367926
3.77137,-0.457793,-0.181102,-0.485345,0.367926
3.77162,-0.406511,-0.204724,-0.42224,0.367926
3.77187,-0.346298,-0.188976,-0.339048,0.367926
3.77212,-0.29524,-0.125984,-0.276603,0.367926
3.77237,-0.264043,-0.0472441,-0.241171,0.367926
3.77262,-0.253634,0.0314961,-0.233268,0.367926
3.77287,-0.255273,0.110236,-0.231719,0.367926
3.77312,-0.253437,0.149606,-0.24061,0.367926
3.77337,-0.230044,0.141732,-0.230802,0.367926
3.77362,-0.169967,0.0944882,-0.179165,0.367926
3.77387,-0.066214,0.023622,-0.0811579,0.367926
3.77412,0.0779883,-0.0551181,0.0624655,0.367926
3.77437,0.247974,-0.125984,0.238596,0.367926
3.77462,0.420772,-0.173228,0.410244,0.367926
3.77487,0.568877,-0.173228,0.567604,0.367926
3.77512,0.667,-0.125984,0.670685,0.367926
3.77537,0.696634,-0.0393701,0.702246,0.367926
3.77562,0.650803,0.0551181,0.656403,0.367926
3.77587,0.535702,0.149606,0.537595,0.367926
3.77612,0.369005,0.23622,0.358399,0.367926
3.77637,0.176918,0.275591,0.168018,0.367926
3.77662,-0.0121134,0.259843,-0.0276327,0.367926
3.77687,-0.172495,0.204724,-0.184335,0.367926
3.77712,-0.287465,0.11811,-0.298619,0.367926
3.77737,-0.350803,0.00787402,-0.348546,0.367926
3.77762,-0.368221,-0.0708661,-0.353525,0.367926
3.77787,-0.354038,-0.133858,-0.313666,0.367926
3.77812,-0.327083,-0.149606,-0.278342,0.367926
3.77837,-0.305262,-0.141732,-0.244888,0.367926
3.77862,-0.300712,-0.0866142,-0.24329,0.367926
3.77887,-0.316322,-0.0314961,-0.259762,0.367926
3.77912,-0.34493,0.00787402,-0.299768,0.367926
3.77937,-0.371671,0.0314961,-0.354905,0.367926
3.77962,-0.377245,0.023622,-0.374645,0.367926
3.77987,-0.34402,-0.023622,-0.361148,0.367926
3.78012,-0.260447,-0.0944882,-0.295894,0.367926
3.78037,-0.125761,-0.181102,-0.17514,0.367926
3.78062,0.0497053,-0.259843,-0.00914889,0.367926
3.78087,0.244749,-0.299213,0.187889,0.367926
3.78112,0.432044,-0.291339,0.371357,0.367926
3.78137,0.583213,-0.228346,0.52568,0.367926
3.78162,0.674833,-0.125984,0.630358,0.367926
3.78187,0.693209,0,0.646163,0.367926
3.78212,0.637515,0.141732,0.591204,0.367926
3.78237,0.519427,0.267717,0.480467,0.367926
3.78262,0.36062,0.346457,0.322543,0.367926
3.78287,0.188062,0.377953,0.161402,0.367926
3.78312,0.0278676,0.354331,0.00966309,0.367926
3.78337,-0.100214,0.291339,-0.095755,0.367926
3.78362,-0.185783,0.19685,-0.167402,0.367926
3.78387,-0.230176,0.102362,-0.176692,0.367926
3.78412,-0.24399,0.023622,-0.167358,0.367926
3.78437,-0.244311,-0.023622,-0.143236,0.367926
3.78462,-0.248319,-0.0314961,-0.135567,0.367926
3.78487,-0.269461,-0.015748,-0.147165,0.367926
3.78512,-0.31248,0,-0.199606,0.367926
3.78537,-0.37215,0.023622,-0.266384,0.367926
3.78562,-0.434311,0.023622,-0.361756,0.367926
3.78587,-0.478922,0,-0.439334,0.367926
3.78612,-0.485546,-0.0708661,-0.479551,0.367926
3.78637,-0.438342,-0.173228,-0.46228,0.367926
3.78662,-0.331363,-0.283465,-0.382353,0.367926
3.78687,-0.169962,-0.377953,-0.244415,0.367926
3.78712,0.0283382,-0.440945,-0.0554998,0.367926
3.78737,0.237713,-0.456693,0.145794,0.367926
3.78762,0.428536,-0.401575,0.328107,0.367926
3.78787,0.573631,-0.299213,0.472137,0.367926
3.78812,0.653385,-0.15748,0.545308,0.367926
3.78837,0.6602,0,0.55509,0.367926
3.78862,0.599057,0.15748,0.495737,0.367926
3.78887,0.486399,0.283465,0.397127,0.367926
3.78912,0.345944,0.362205,0.265167,0.367926
3.78937,0.203042,0.393701,0.145536,0.367926
3.78962,0.0793993,0.370079,0.043388,0.367926
3.78987,-0.0120435,0.314961,-0.00769987,0.367926
3.79012,-0.0684289,0.251969,-0.0303491,0.367926
3.79037,-0.0975665,0.188976,-0.0217115,0.367926
3.79062,-0.114065,0.141732,-0.00202071,0.367926
3.79087,-0.135131,0.125984,0.0123176,0.367926
3.79112,-0.174973,0.125984,-0.0165644,0.367926
3.79137,-0.240728,0.141732,-0.0674346,0.367926
3.79162,-0.329188,0.149606,-0.168476,0.367926
3.79187,-0.427598,0.133858,-0.290204,0.367926
3.79212,-0.515669,0.0708661,-0.403028,0.367926
3.79238,-0.570523,-0.00787402,-0.498389,0.367926
3.79263,-0.572292,-0.133858,-0.537253,0.367926
3.79288,-0.509192,-0.275591,-0.50354,0.367926
3.79313,-0.381081,-0.417323,-0.414745,0.367926
3.79338,-0.200116,-0.527559,-0.259743,0.367926
3.79363,0.0109367,-0.582677,-0.0709459,0.367926
3.79388,0.223017,-0.566929,0.12197,0.367926
3.79413,0.406795,-0.496063,0.281007,0.367926
3.79438,0.538002,-0.370079,0.404372,0.367926
3.79463,0.602882,-0.204724,0.459901,0.367926
3.79488,0.599883,-0.0393701,0.444402,0.367926
3.79513,0.539568,0.110236,0.388884,0.367926
3.79538,0.441455,0.23622,0.300268,0.367926
3.79563,0.329082,0.307087,0.200496,0.367926
3.79588,0.224418,0.338583,0.122965,0.367926
3.79613,0.1425,0.338583,0.0747829,0.367926
3.79638,0.0890789,0.314961,0.0707687,0.367926
3.79663,0.0591943,0.283465,0.0905664,0.367926
3.79688,0.040037,0.267717,0.120975,0.367926
3.79713,0.0146975,0.267717,0.138311,0.367926
3.79738,-0.0322725,0.283465,0.135427,0.367926
3.79763,-0.110466,0.314961,0.0789067,0.367926
3.79788,-0.219374,0.322835,-0.0174159,0.367926
3.79813,-0.348385,0.307087,-0.14955,0.367926
3.79838,-0.477711,0.244094,-0.303122,0.367926
3.79863,-0.583026,0.141732,-0.432152,0.367926
3.79888,-0.640613,0,-0.518737,0.367926
3.79913,-0.633296,-0.165354,-0.5528,0.367926
3.79938,-0.554456,-0.346457,-0.510525,0.367926
3.79963,-0.410071,-0.496063,-0.404992,0.367926
3.79988,-0.218418,-0.606299,-0.247577,0.367926
3.80013,-0.00602273,-0.629921,-0.0733198,0.367926
3.80038,0.197226,-0.629921,0.100091,0.367926
3.80063,0.364381,-0.551181,0.235865,0.367926
3.80088,0.476198,-0.417323,0.320001,0.367926
3.80113,0.525417,-0.259843,0.344201,0.367926
3.80138,0.516449,-0.110236,0.323955,0.367926
3.80163,0.464311,0.015748,0.266092,0.367926
3.80188,0.389684,0.125984,0.194498,0.367926
3.80213,0.313891,0.188976,0.138445,0.367926
3.80238,0.253237,0.23622,0.101906,0.367926
3.80263,0.2155,0.251969,0.112764,0.367926
3.80288,0.198429,0.267717,0.153022,0.367926
3.80313,0.190544,0.291339,0.196836,0.367926
3.80338,0.175218,0.330709,0.238683,0.367926
3.80363,0.135563,0.385827,0.252938,0.367926
3.80388,0.0592005,0.433071,0.225865,0.367926
3.80413,-0.0567309,0.472441,0.138687,0.367926
3.80438,-0.204654,0.488189,0.00423828,0.367926
3.80463,-0.366405,0.448819,-0.153502,0.367926
3.80488,-0.517319,0.354331,-0.30638,0.367926
3.80513,-0.630823,0.212598,-0.446801,0.367926
3.80538,-0.684647,0.0314961,-0.524564,0.367926
3.80563,-0.66586,-0.165354,-0.53734,0.367926
3.80588,-0.573664,-0.354331,-0.485009,0.367926
3.80613,-0.420335,-0.511811,-0.368791,0.367926
3.80638,-0.228445,-0.622047,-0.217581,0.367926
3.80663,-0.0264206,-0.629921,-0.0615676,0.367926
3.80688,0.157465,-0.629921,0.0854878,0.367926
3.80713,0.300315,-0.566929,0.177686,0.367926
3.80738,0.389749,-0.456693,0.229502,0.367926
3.80763,0.424666,-0.322835,0.229406,0.367926
3.80788,0.415336,-0.19685,0.193482,0.367926
3.80813,0.37912,-0.0944882,0.147346,0.367926
3.80838,0.336138,-0.00787402,0.0980415,0.367926
3.80863,0.303082,0.0393701,0.088013,0.367926
3.80888,0.289566,0.0944882,0.098996,0.367926
3.80913,0.295335,0.141732,0.156075,0.367926
3.80938,0.310372,0.19685,0.224259,0.367926
3.80963,0.31847,0.275591,0.299513,0.367926
3.80988,0.300818,0.370079,0.336376,0.367926
3.81013,0.24242,0.464567,0.335717,0.367926
3.81038,0.135913,0.551181,0.281347,0.367926
3.81063,-0.0145793,0.606299,0.163837,0.367926
3.81088,-0.194302,0.614173,0.00911182,0.367926
3.81113,-0.379174,0.559055,-0.157567,0.367926
3.81138,-0.541391,0.440945,-0.325692,0.367926
3.81163,-0.654458,0.275591,-0.440125,0.367926
3.81188,-0.699605,0.0787402,-0.50591,0.367926
3.81213,-0.66911,-0.125984,-0.503137,0.367926
3.81238,-0.568404,-0.322835,-0.424661,0.367926
3.81263,-0.414964,-0.480315,-0.308259,0.367926
3.81288,-0.233844,-0.582677,-0.176603,0.367926
3.81313,-0.0532897,-0.622047,-0.0419881,0.367926
3.81338,0.102033,-0.606299,0.0584283,0.367926
3.81363,0.215692,-0.543307,0.122902,0.367926
3.81388,0.281842,-0.464567,0.132924,0.367926
3.81413,0.306239,-0.370079,0.112536,0.367926
3.81438,0.302829,-0.291339,0.0708507,0.367926
3.81463,0.290164,-0.220472,0.0380335,0.367926
3.81488,0.284947,-0.165354,0.0241303,0.367926
3.81513,0.298327,-0.110236,0.0453978,0.367926
3.81538,0.33193,-0.0472441,0.107014,0.367926
3.81563,0.377491,0.015748,0.202273,0.367926
3.81588,0.418759,0.125984,0.299533,0.367926
3.81613,0.435862,0.251969,0.376133,0.367926
3.81638,0.410483,0.385827,0.417403,0.367926
3.81663,0.330831,0.519685,0.38784,0.367926
3.81688,0.196126,0.629921,0.309181,0.367926
3.81714,0.0169615,0.629921,0.172539,0.367926
3.81739,-0.185068,0.629921,0.00655096,0.367926
3.81764,-0.382261,0.614173,-0.170502,0.367926
3.81789,-0.545425,0.488189,-0.318033,0.367926
3.81814,-0.650905,0.314961,-0.42743,0.367926
3.81839,-0.684334,0.11811,-0.462981,0.367926
3.81864,-0.64426,-0.0629921,-0.441109,0.367926
3.81889,-0.54187,-0.23622,-0.365318,0.367926
3.81914,-0.397939,-0.370079,-0.255749,0.367926
3.81939,-0.238665,-0.448819,-0.140098,0.367926
3.81964,-0.0892079,-0.480315,-0.0478699,0.367926
3.81989,0.0310515,-0.480315,0.0144821,0.367926
3.82014,0.112932,-0.448819,0.040116,0.367926
3.82039,0.157702,-0.409449,0.0234746,0.367926
3.82064,0.176569,-0.370079,-0.00709716,0.367926
3.82089,0.185866,-0.346457,-0.0358485,0.367926
3.82114,0.202869,-0.322835,-0.0392459,0.367926
3.82139,0.23956,-0.291339,-0.0152592,0.367926
3.82164,0.299921,-0.259843,0.055032,0.367926
3.82189,0.377462,-0.188976,0.160556,0.367926
3.82214,0.456651,-0.0866142,0.278442,0.367926
3.82239,0.516708,0.0314961,0.382361,0.367926
3.82264,0.536104,0.173228,0.452179,0.367926
3.82289,0.498725,0.330709,0.469344,0.367926
3.82314,0.39786,0.472441,0.423993,0.367926
3.82339,0.239259,0.582677,0.31495,0.367926
3.82364,0.0401449,0.629921,0.154283,0.367926
3.82389,-0.173464,0.629921,-0.0280478,0.367926
3.82414,-0.371392,0.566929,-0.20315,0.367926
3.82439,-0.526463,0.629921,-0.333866,0.367926
3.82464,-0.618585,0.629921,-0.416255,0.414938
3.82489,-0.639689,0.322835,-0.428975,0.414938
3.82514,-0.594318,-0.0551181,-0.389347,0.414938
3.82539,-0.498089,-0.433071,-0.306734,0.414938
3.82564,-0.373895,-0.629921,-0.205499,0.414938
3.82589,-0.246164,-0.629921,-0.100811,0.414938
3.82614,-0.135562,-0.629921,-0.0299336,0.414938
3.82639,-0.0541351,-0.629921,-0.0111429,0.414938
3.82664,-0.00390058,-0.629921,-0.0293317,0.414938
3.82689,0.0234665,-0.629921,-0.0744911,0.414938
3.82714,0.0426847,-0.629921,-0.128498,0.414938
3.82739,0.0710755,-0.629921,-0.156445,0.414938
3.82764,0.122029,-0.629921,-0.158955,0.414938
3.82789,0.201969,-0.629921,-0.111835,0.414938
3.82814,0.3067,-0.370079,-0.0172462,0.414938
3.82839,0.422192,-0.0314961,0.10222,0.414938
3.82864,0.527229,0.299213,0.236523,0.414938
3.82889,0.597936,0.629921,0.347118,0.414938
3.82914,0.613668,0.629921,0.415424,0.414938
3.82939,0.56196,0.629921,0.43214,0.414938
3.82964,0.442377,0.629921,0.401523,0.414938
3.82989,0.266695,0.629921,0.317497,0.414938
3.83014,0.0577992,0.629921,0.207535,0.414938
3.83039,-0.155478,0.629921,0.0816889,0.414938
3.83064,-0.34361,0.629921,-0.0369646,0.414938
3.83089,-0.482593,0.629921,-0.124577,0.414938
3.83114,-0.558067,0.629921,-0.181394,0.414938
3.83139,-0.568392,0.440945,-0.189514,0.414938
3.83164,-0.523565,0.0708661,-0.162216,0.414938
3.83189,-0.44228,-0.299213,-0.132793,0.414938
3.83214,-0.347176,-0.629921,-0.0925587,0.414938
3.83239,-0.259035,-0.629921,-0.0843666,0.414938
3.83264,-0.192044,-0.629921,-0.101126,0.414938
3.83289,-0.150521,-0.629921,-0.146362,0.414938
3.83314,-0.129017,-0.629921,-0.222644,0.414938
3.83339,-0.113914,-0.629921,-0.30502,0.414938
3.83364,-0.0878654,-0.629921,-0.369051,0.414938
3.83389,-0.0358322,-0.629921,-0.373122,0.414938
3.83414,0.05142,-0.629921,-0.330903,0.414938
3.83439,0.172677,-0.629921,-0.220062,0.414938
3.83464,0.316291,-0.488189,-0.0605507,0.414938
3.83489,0.461607,-0.165354,0.11486,0.414938
3.83514,0.583326,0.165354,0.294049,0.414938
3.83539,0.656894,0.488189,0.431322,0.414938
3.83564,0.664265,0.629921,0.518272,0.414938
3.83589,0.598373,0.629921,0.531808,0.414938
3.83614,0.464689,0.629921,0.488732,0.414938
3.83639,0.281077,0.629921,0.391416,0.414938
3.83664,0.073653,0.629921,0.267488,0.414938
3.83689,-0.127708,0.629921,0.133991,0.414938
3.83714,-0.296557,0.629921,0.0235471,0.414938
3.83739,-0.41366,0.629921,-0.0612308,0.414938
3.83764,-0.471661,0.629921,-0.108918,0.414938
3.83789,-0.474863,0.543307,-0.123389,0.414938
3.83814,-0.437604,0.204724,-0.126395,0.414938
3.83839,-0.37981,-0.133858,-0.11613,0.414938
3.83864,-0.321778,-0.464567,-0.119797,0.414938
3.83889,-0.278752,-0.629921,-0.138247,0.414938
3.83914,-0.257199,-0.629921,-0.193985,0.414938
3.83939,-0.253753,-0.629921,-0.263937,0.414938
3.83964,-0.256014,-0.629921,-0.342057,0.414938
3.83989,-0.24674,-0.629921,-0.409289,0.414938
3.84014,-0.208597,-0.629921,-0.4412,0.414938
3.84039,-0.129641,-0.629921,-0.418299,0.414938
3.84064,-0.00687742,-0.629921,-0.334556,0.414938
3.84089,0.15096,-0.629921,-0.186708,0.414938
3.84114,0.325447,-0.622047,-0.00531457,0.414938
3.84139,0.490737,-0.338583,0.182867,0.414938
3.84165,0.619706,-0.023622,0.355945,0.414938
3.8419,0.689232,0.275591,0.479467,0.414938
3.84215,0.685657,0.574803,0.531798,0.414938
3.8424,0.607755,0.629921,0.518953,0.414938
3.84265,0.467019,0.629921,0.444413,0.414938
3.8429,0.285656,0.629921,0.33441,0.414938
3.84315,0.0914793,0.629921,0.215058,0.414938
3.8434,-0.0876145,0.629921,0.10315,0.414938
3.84365,-0.229409,0.629921,0.015691,0.414938
3.8439,-0.321661,0.629921,-0.0352352,0.414938
3.84415,-0.363473,0.629921,-0.0484019,0.414938
3.8444,-0.364797,0.629921,-0.0409635,0.414938
3.84465,-0.34251,0.385827,-0.0386576,0.414938
3.8449,-0.315891,0.0787402,-0.0433189,0.414938
3.84515,-0.300732,-0.220472,-0.0617439,0.414938
3.8454,-0.305288,-0.519685,-0.121851,0.414938
3.84565,-0.328092,-0.629921,-0.201015,0.414938
3.8459,-0.358104,-0.629921,-0.294219,0.414938
3.84615,-0.377864,-0.629921,-0.387276,0.414938
3.8464,-0.368211,-0.629921,-0.454248,0.414938
3.84665,-0.313707,-0.629921,-0.475077,0.414938
3.8469,-0.206982,-0.629921,-0.431739,0.414938
3.84715,-0.0523536,-0.629921,-0.325811,0.414938
3.8474,0.134805,-0.629921,-0.179017,0.414938
3.84765,0.330007,-0.629921,0.00565006,0.414938
3.8479,0.50479,-0.503937,0.176975,0.414938
3.84815,0.63206,-0.220472,0.330581,0.414938
3.8484,0.692322,0.0708661,0.433873,0.414938
3.84865,0.677359,0.362205,0.468979,0.414938
3.8489,0.591969,0.629921,0.442255,0.414938
3.84915,0.452833,0.629921,0.360564,0.414938
3.8494,0.284617,0.629921,0.261913,0.414938
3.84965,0.114509,0.629921,0.168485,0.414938
3.8499,-0.0335455,0.629921,0.0950819,0.414938
3.85015,-0.143368,0.629921,0.0582597,0.414938
3.8504,-0.210116,0.629921,0.05174,0.414938
3.85065,-0.239168,0.629921,0.0712183,0.414938
3.8509,-0.24481,0.629921,0.0885348,0.414938
3.85115,-0.244632,0.566929,0.0837491,0.414938
3.8514,-0.255087,0.283465,0.0565661,0.414938
3.85165,-0.285801,0,-0.00643869,0.414938
3.8519,-0.337414,-0.291339,-0.105039,0.414938
3.85215,-0.400409,-0.566929,-0.226585,0.414938
3.8524,-0.45743,-0.629921,-0.34941,0.414938
3.85265,-0.487582,-0.629921,-0.45083,0.414938
3.8529,-0.471899,-0.629921,-0.511337,0.414938
3.85315,-0.398488,-0.629921,-0.511761,0.414938
3.8534,-0.266112,-0.629921,-0.449355,0.414938
3.85365,-0.085701,-0.629921,-0.340637,0.414938
3.8539,0.121017,-0.629921,-0.176038,0.414938
3.85415,0.325957,-0.629921,-0.0058168,0.414938
3.8544,0.499573,-0.629921,0.164746,0.414938
3.85465,0.617604,-0.401575,0.296444,0.414938
3.8549,0.665364,-0.125984,0.371893,0.414938
3.85515,0.64082,0.149606,0.389667,0.414938
3.8554,0.554385,0.425197,0.36557,0.414938
3.85565,0.426385,0.629921,0.298693,0.414938
3.8559,0.281847,0.629921,0.216759,0.414938
3.85615,0.145134,0.629921,0.161039,0.414938
3.8564,0.0347161,0.629921,0.116567,0.414938
3.85665,-0.0410228,0.629921,0.117157,0.414938
3.8569,-0.0838981,0.629921,0.146897,0.414938
3.85715,-0.105393,0.629921,0.178891,0.414938
3.8574,-0.121743,0.629921,0.194573,0.414938
3.85765,-0.149735,0.629921,0.175424,0.414938
3.8579,-0.200707,0.456693,0.122647,0.414938
3.85815,-0.277496,0.181102,0.018989,0.414938
3.8584,-0.372485,-0.0944882,-0.114737,0.414938
3.85865,-0.469118,-0.362205,-0.258369,0.414938
3.8589,-0.545237,-0.614173,-0.394747,0.414938
3.85915,-0.578761,-0.629921,-0.497378,0.414938
3.8594,-0.552805,-0.629921,-0.543057,0.414938
3.85965,-0.460241,-0.629921,-0.527837,0.414938
3.8599,-0.306653,-0.629921,-0.441067,0.414938
3.86015,-0.109019,-0.629921,-0.322706,0.414938
3.8604,0.106213,-0.629921,-0.161885,0.414938
3.86065,0.309305,-0.629921,-0.00239639,0.414938
3.8609,0.472221,-0.629921,0.146005,0.414938
3.86115,0.575248,-0.543307,0.244126,0.414938
3.8614,0.609551,-0.299213,0.293869,0.414938
3.86165,0.579325,-0.0393701,0.304416,0.414938
3.8619,0.499629,0.220472,0.268847,0.414938
3.86215,0.392278,0.472441,0.222312,0.414938
3.8624,0.280878,0.629921,0.17403,0.414938
3.86265,0.184841,0.629921,0.146329,0.414938
3.8629,0.115502,0.629921,0.150651,0.414938
3.86315,0.0734913,0.629921,0.184584,0.414938
3.8634,0.0503748,0.629921,0.233741,0.414938
3.86365,0.0307223,0.629921,0.269246,0.414938
3.8639,-0.00256769,0.629921,0.288626,0.414938
3.86415,-0.062673,0.629921,0.255287,0.414938
3.8644,-0.155119,0.590551,0.164639,0.414938
3.86465,-0.27482,0.346457,0.0411051,0.414938
3.8649,-0.406824,0.0787402,-0.118368,0.414938
3.86515,-0.528561,-0.173228,-0.280783,0.414938
3.8654,-0.615515,-0.417323,-0.427539,0.414938
3.86565,-0.646108,-0.629921,-0.510955,0.414938
3.8659,-0.607269,-0.629921,-0.545374,0.414938
3.86615,-0.498078,-0.629921,-0.506454,0.414938
3.86641,-0.329972,-0.629921,-0.418311,0.414938
3.86666,-0.125576,-0.629921,-0.286001,0.414938
3.86691,0.0865401,-0.629921,-0.141331,0.414938
3.86716,0.276712,-0.629921,-0.00646742,0.414938
3.86741,0.421245,-0.629921,0.109558,0.414938
3.86766,0.505598,-0.629921,0.174256,0.414938
3.86791,0.527902,-0.456693,0.206734,0.414938
3.86816,0.497566,-0.220472,0.199147,0.414938
3.86841,0.432896,0.015748,0.168466,0.414938
3.86866,0.355286,0.259843,0.14118,0.414938
3.86891,0.284554,0.503937,0.129085,0.414938
3.86916,0.233704,0.629921,0.14457,0.414938
3.86941,0.205886,0.629921,0.185429,0.414938
3.86966,0.194714,0.629921,0.245882,0.414938
3.86991,0.185735,0.629921,0.315094,0.414938
3.87016,0.161656,0.629921,0.356574,0.414938
3.87041,0.106719,0.629921,0.352686,0.414938
3.87066,0.0127355,0.629921,0.30427,0.414938
3.87091,-0.118993,0.629921,0.195186,0.414938
3.87116,-0.275696,0.472441,0.0445315,0.414938
3.87141,-0.435901,0.23622,-0.133815,0.414938
3.87166,-0.573426,0,-0.303199,0.414938
3.87191,-0.662942,-0.23622,-0.43856,0.414938
3.87216,-0.685666,-0.448819,-0.508787,0.414938
3.87241,-0.633784,-0.629921,-0.517197,0.414938
3.87266,-0.512462,-0.629921,-0.469011,0.414938
3.87291,-0.33878,-0.629921,-0.369576,0.414938
3.87316,-0.138777,-0.629921,-0.25018,0.414938
3.87341,0.0585828,-0.629921,-0.115898,0.414938
3.87366,0.226528,-0.629921,-0.0136055,0.414938
3.87391,0.346641,-0.629921,0.060668,0.414938
3.87416,0.41146,-0.629921,0.0957075,0.414938
3.87441,0.425024,-0.590551,0.101558,0.414938
3.87466,0.401529,-0.393701,0.0851435,0.414938
3.87491,0.359881,-0.165354,0.0736535,0.414938
3.87516,0.319522,0.0708661,0.0700225,0.414938
3.87541,0.294503,0.314961,0.0972741,0.414938
3.87566,0.290089,0.543307,0.155832,0.414938
3.87591,0.301705,0.629921,0.235988,0.414938
3.87616,0.31597,0.629921,0.314368,0.414938
3.87641,0.314968,0.629921,0.393157,0.414938
3.87666,0.280709,0.629921,0.423561,0.414938
3.87691,0.201437,0.629921,0.412318,0.414938
3.87716,0.0743111,0.629921,0.332893,0.414938
3.87741,-0.0915177,0.629921,0.200787,0.414938
3.87766,-0.276782,0.566929,0.0395923,0.414938
3.87791,-0.455123,0.362205,-0.139462,0.414938
3.87816,-0.598646,0.149606,-0.307129,0.414938
3.87841,-0.683515,-0.0551181,-0.422505,0.414938
3.87866,-0.695443,-0.259843,-0.484499,0.414938
3.87891,-0.632605,-0.440945,-0.47269,0.414938
3.87916,-0.505863,-0.598425,-0.412403,0.414938
3.87941,-0.336787,-0.629921,-0.31994,0.414938
3.87966,-0.152491,-0.629921,-0.208761,0.414938
3.87991,0.0195321,-0.629921,-0.105609,0.414938
3.88016,0.157986,-0.629921,-0.0376371,0.414938
3.88041,0.250612,-0.629921,0.00450247,0.414938
3.88066,0.297113,-0.629921,0.00154495,0.414938
3.88091,0.307156,-0.629921,-0.00303186,0.414938
3.88116,0.29737,-0.519685,-0.0223906,0.414938
3.88141,0.286061,-0.314961,-0.0134566,0.414938
3.88166,0.288241,-0.0866142,0.0134945,0.414938
3.88191,0.310905,0.141732,0.0787878,0.414938
3.88216,0.351315,0.377953,0.175112,0.414938
3.88241,0.397358,0.582677,0.283325,0.414938
3.88266,0.430472,0.629921,0.380285,0.414938
3.88291,0.430765,0.629921,0.456233,0.414938
3.88316,0.382274,0.629921,0.475131,0.414938
3.88341,0.277828,0.629921,0.441515,0.414938
3.88366,0.121522,0.629921,0.342016,0.414938
3.88391,-0.0709311,0.629921,0.19863,0.414938
3.88416,-0.274331,0.614173,0.0222224,0.414938
3.88441,-0.459996,0.448819,-0.146446,0.414938
3.88466,-0.600195,0.275591,-0.2914,0.414938
3.88491,-0.674922,0.0866142,-0.387169,0.414938
3.88516,-0.675358,-0.0787402,-0.431437,0.414938
3.88541,-0.605723,-0.259843,-0.409142,0.414938
3.88566,-0.481974,-0.425197,-0.346527,0.414938
3.88591,-0.32795,-0.574803,-0.262425,0.414938
3.88616,-0.170257,-0.629921,-0.174515,0.414938
3.88641,-0.0317674,-0.629921,-0.110156,0.414938
3.88666,0.0720162,-0.629921,-0.0732687,0.414938
3.88691,0.136747,-0.629921,-0.0671845,0.414938
3.88716,0.16833,-0.629921,-0.0897545,0.414938
3.88741,0.180832,-0.629921,-0.110202,0.414938
3.88766,0.191527,-0.614173,-0.112204,0.414938
3.88791,0.216141,-0.433071,-0.0862788,0.414938
3.88816,0.263397,-0.220472,-0.0258085,0.414938
3.88841,0.332707,0.00787402,0.0768084,0.414938
3.88866,0.41335,0.244094,0.207192,0.414938
3.88891,0.486876,0.456693,0.328304,0.414938
3.88916,0.531476,0.622047,0.435672,0.414938
3.88941,0.527242,0.629921,0.500501,0.414938
3.88966,0.46204,0.629921,0.500692,0.414938
3.88991,0.334227,0.629921,0.446865,0.414938
3.89016,0.154982,0.629921,0.332665,0.414938
3.89041,-0.0540816,0.629921,0.178376,0.414938
3.89066,-0.264427,0.629921,0.0173134,0.414938
3.89091,-0.446602,0.519685,-0.138084,0.414938
3.89117,-0.575641,0.377953,-0.265336,0.414938
3.89142,-0.636729,0.228346,-0.334076,0.414938
3.89167,-0.627162,0.0708661,-0.35382,0.414938
3.89192,-0.556848,-0.0866142,-0.321044,0.414938
3.89217,-0.445227,-0.251969,-0.26754,0.414938
3.89242,-0.316624,-0.417323,-0.198594,0.414938
3.89267,-0.194331,-0.574803,-0.146527,0.414938
3.89292,-0.0956293,-0.629921,-0.124043,0.414938
3.89317,-0.0284377,-0.629921,-0.121918,0.414938
3.89342,0.010348,-0.629921,-0.150742,0.414938
3.89367,0.0319707,-0.629921,-0.184667,0.414938
3.89392,0.0531227,-0.629921,-0.20951,0.414938
3.89417,0.0901458,-0.629921,-0.193297,0.414938
3.89442,0.153689,-0.519685,-0.148955,0.414938
3.89467,0.245701,-0.314961,-0.0468565,0.414938
3.89492,0.357443,-0.0944882,0.0861843,0.414938
3.89517,0.471278,0.11811,0.235273,0.414938
3.89542,0.564065,0.322835,0.374569,0.414938
3.89567,0.612591,0.488189,0.478596,0.414938
3.89592,0.599513,0.622047,0.522198,0.414938
3.89617,0.517145,0.629921,0.509629,0.414938
3.89642,0.37066,0.629921,0.432818,0.414938
3.89667,0.177066,0.629921,0.308954,0.414938
3.89692,-0.0374893,0.629921,0.165203,0.414938
3.89717,-0.243219,0.629921,0.00401621,0.414938
3.89742,-0.412075,0.566929,-0.118007,0.414938
3.89767,-0.52411,0.464567,-0.217256,0.414938
3.89792,-0.570321,0.346457,-0.260965,0.414938
3.89817,-0.554463,0.212598,-0.26064,0.414938
3.89842,-0.490834,0.0629921,-0.232082,0.414938
3.89867,-0.400737,-0.102362,-0.187268,0.414938
3.89892,-0.306444,-0.275591,-0.154503,0.414938
3.89917,-0.226382,-0.448819,-0.134901,0.414938
3.89942,-0.170745,-0.614173,-0.15323,0.414938
3.89967,-0.139269,-0.629921,-0.189339,0.414938
3.89992,-0.122499,-0.629921,-0.237613,0.414938
3.90017,-0.104676,-0.629921,-0.27205,0.414938
3.90042,-0.0688944,-0.629921,-0.295666,0.414938
3.90067,-0.00180408,-0.629921,-0.258896,0.414938
3.90092,0.10115,-0.566929,-0.186725,0.414938
3.90117,0.23438,-0.385827,-0.059023,0.414938
3.90142,0.381676,-0.181102,0.102255,0.414938
3.90167,0.519816,0.015748,0.264498,0.414938
3.90192,0.622943,0.19685,0.399751,0.414938
3.90217,0.668984,0.354331,0.496221,0.414938
3.90242,0.6442,0.480315,0.534291,0.414938
3.90267,0.546882,0.559055,0.495303,0.414938
3.90292,0.388485,0.614173,0.41358,0.414938
3.90317,0.190741,0.629921,0.283988,0.414938
3.90342,-0.0176072,0.629921,0.138338,0.414938
3.90367,-0.207555,0.629921,0.0123647,0.414938
3.90392,-0.355309,0.590551,-0.0915373,0.414938
3.90417,-0.44653,0.535433,-0.150585,0.414938
3.90442,-0.47917,0.448819,-0.172572,0.414938
3.90467,-0.462238,0.338583,-0.167642,0.414938
3.90492,-0.413335,0.19685,-0.141594,0.414938
3.90517,-0.353208,0.023622,-0.113274,0.414938
3.90542,-0.300341,-0.149606,-0.115706,0.414938
3.90567,-0.266597,-0.346457,-0.133767,0.414938
3.90592,-0.254034,-0.519685,-0.181505,0.414938
3.90617,-0.25499,-0.629921,-0.255598,0.414938
3.90642,-0.254415,-0.629921,-0.313924,0.414938
3.90667,-0.234446,-0.629921,-0.355451,0.414938
3.90692,-0.179239,-0.629921,-0.356305,0.414938
3.90717,-0.0806846,-0.629921,-0.304802,0.414938
3.90742,0.05931,-0.574803,-0.197623,0.414938
3.90767,0.227311,-0.417323,-0.0533041,0.414938
3.90792,0.401173,-0.244094,0.116529,0.414938
3.90817,0.553577,-0.0629921,0.284889,0.414938
3.90842,0.658741,0.0866142,0.413809,0.414938
3.90867,0.697044,0.220472,0.493823,0.414938
3.90892,0.660035,0.330709,0.507293,0.414938
3.90917,0.552371,0.409449,0.463317,0.414938
3.90942,0.390497,0.472441,0.371995,0.414938
3.90967,0.199915,0.527559,0.247234,0.414938
3.90992,0.0090769,0.566929,0.12779,0.414938
3.91017,-0.155772,0.582677,0.0249325,0.414938
3.91042,-0.276624,0.598425,-0.0451448,0.414938
3.91067,-0.345951,0.574803,-0.0890755,0.414938
3.91092,-0.368179,0.519685,-0.0865293,0.414938
3.91117,-0.356675,0.433071,-0.078526,0.414938
3.91142,-0.330316,0.307087,-0.0642681,0.414938
3.91167,-0.307099,0.141732,-0.0727373,0.414938
3.91192,-0.300165,-0.0393701,-0.105071,0.414938
3.91217,-0.313573,-0.23622,-0.164625,0.414938
3.91242,-0.341294,-0.425197,-0.241193,0.414938
3.91267,-0.369223,-0.574803,-0.32721,0.414938
3.91292,-0.37828,-0.629921,-0.394978,0.414938
3.91317,-0.35039,-0.629921,-0.424108,0.414938
3.91342,-0.273005,-0.629921,-0.403594,0.414938
3.91367,-0.144034,-0.629921,-0.319355,0.414938
3.91392,0.0274411,-0.559055,-0.19535,0.414938
3.91417,0.221624,-0.433071,-0.0303425,0.414938
3.91442,0.411256,-0.291339,0.148397,0.414938
3.91467,0.568128,-0.15748,0.301104,0.414938
3.91492,0.667663,-0.0393701,0.410732,0.414938
3.91517,0.695,0.0708661,0.470957,0.414938
3.91542,0.647672,0.165354,0.462622,0.414938
3.91567,0.535933,0.251969,0.407651,0.414938
3.91593,0.38064,0.330709,0.311597,0.414938
3.91618,0.208206,0.417323,0.212133,0.414938
3.91643,0.0453175,0.496063,0.108291,0.414938
3.91668,-0.0872656,0.559055,0.0410645,0.414938
3.91693,-0.177987,0.606299,0.00389464,0.414938
3.91718,-0.226843,0.629921,-0.00874884,0.414938
3.91743,-0.243443,0.598425,-0.00597517,0.414938
3.91768,-0.244429,0.535433,0.0105029,0.414938
3.91793,-0.247161,0.401575,0.000796178,0.414938
3.91818,-0.265849,0.244094,-0.0291753,0.414938
3.91843,-0.306352,0.0472441,-0.0936532,0.414938
3.91868,-0.364642,-0.149606,-0.19015,0.414938
3.91893,-0.427477,-0.330709,-0.292009,0.414938
3.91918,-0.475253,-0.488189,-0.384188,0.414938
3.91943,-0.487311,-0.590551,-0.44429,0.414938
3.91968,-0.446966,-0.629921,-0.463633,0.414938
3.91993,-0.346993,-0.629921,-0.42083,0.414938
3.92018,-0.191299,-0.606299,-0.320192,0.414938
3.92043,0.00386053,-0.527559,-0.178608,0.414938
3.92068,0.213453,-0.440945,-0.0115553,0.414938
3.92093,0.407973,-0.330709,0.15153,0.414938
3.92118,0.559669,-0.23622,0.290475,0.414938
3.92143,0.647759,-0.149606,0.376287,0.414938
3.92168,0.663104,-0.0629921,0.414344,0.414938
3.92193,0.60934,0.00787402,0.391997,0.414938
3.92218,0.501609,0.102362,0.331784,0.414938
3.92243,0.363084,0.19685,0.250171,0.414938
3.92268,0.219217,0.307087,0.17126,0.414938
3.92293,0.0924383,0.425197,0.109591,0.414938
3.92318,-0.00316543,0.519685,0.0774511,0.414938
3.92343,-0.0634546,0.606299,0.0697947,0.414938
3.92368,-0.0951505,0.629921,0.0780481,0.414938
3.92393,-0.11224,0.629921,0.0938218,0.414938
3.92418,-0.131818,0.582677,0.100025,0.414938
3.92443,-0.168998,0.472441,0.0675848,0.414938
3.92468,-0.231596,0.307087,0.00801843,0.274762
3.92493,-0.317921,0.125984,-0.0997097,0.274762
3.92518,-0.4161,-0.0629921,-0.212023,0.274762
3.92543,-0.506576,-0.244094,-0.341551,0.274762
3.92568,-0.566527,-0.385827,-0.442582,0.274762
3.92593,-0.575301,-0.488189,-0.498436,0.274762
3.92618,-0.52019,-0.535433,-0.4893,0.274762
3.92643,-0.39925,-0.543307,-0.430278,0.274762
3.92668,-0.223499,-0.519685,-0.306828,0.274762
3.92693,-0.0144538,-0.472441,-0.161585,0.274762
3.92718,0.198982,-0.425197,0.00970138,0.274762
3.92743,0.387511,-0.362205,0.156349,0.274762
3.92768,0.525847,-0.314961,0.27041,0.274762
3.92793,0.598874,-0.267717,0.343149,0.274762
3.92818,0.603528,-0.212598,0.353519,0.274762
3.92843,0.54908,-0.141732,0.331153,0.274762
3.92868,0.454214,-0.0472441,0.272868,0.274762
3.92893,0.342296,0.0629921,0.212462,0.274762
3.92918,0.235771,0.19685,0.159724,0.274762
3.92943,0.150663,0.346457,0.13333,0.274762
3.92968,0.0939478,0.480315,0.130997,0.274762
3.92993,0.0618219,0.590551,0.140146,0.274762
3.93018,0.0422483,0.629921,0.169729,0.274762
3.93043,0.018518,0.629921,0.17601,0.274762
3.93068,-0.0252412,0.614173,0.157002,0.274762
3.93093,-0.0995744,0.511811,0.108505,0.274762
3.93118,-0.205211,0.354331,0.00479566,0.274762
3.93143,-0.332739,0.181102,-0.123523,0.274762
3.93168,-0.463237,0.00787402,-0.255736,0.274762
3.93193,-0.572676,-0.141732,-0.390933,0.274762
3.93218,-0.637,-0.267717,-0.482128,0.274762
3.93243,-0.637849,-0.354331,-0.521755,0.274762
3.93268,-0.567369,-0.409449,-0.490047,0.274762
3.93293,-0.429963,-0.425197,-0.409816,0.274762
3.93318,-0.242625,-0.417323,-0.282905,0.274762
3.93343,-0.0311273,-0.409449,-0.130351,0.274762
3.93368,0.174711,-0.401575,0.0233897,0.274762
3.93393,0.347201,-0.393701,0.153247,0.274762
3.93418,0.466268,-0.385827,0.246321,0.274762
3.93443,0.522774,-0.370079,0.285123,0.274762
3.93468,0.520122,-0.338583,0.28463,0.274762
3.93493,0.472025,-0.275591,0.254821,0.274762
3.93518,0.398925,-0.173228,0.206669,0.274762
3.93543,0.322308,-0.0472441,0.170235,0.274762
3.93568,0.259239,0.110236,0.147375,0.274762
3.93593,0.218794,0.275591,0.157738,0.274762
3.93618,0.199658,0.433071,0.177046,0.274762
3.93643,0.191483,0.559055,0.219495,0.274762
3.93668,0.177957,0.629921,0.245866,0.274762
3.93693,0.141952,0.629921,0.245054,0.274762
3.93718,0.0702654,0.606299,0.211913,0.274762
3.93743,-0.0412056,0.511811,0.129967,0.274762
3.93768,-0.186101,0.370079,0.00450859,0.274762
3.93793,-0.347406,0.220472,-0.142173,0.274762
3.93818,-0.500997,0.0708661,-0.285195,0.274762
3.93843,-0.620188,-0.0551181,-0.418577,0.274762
3.93868,-0.681926,-0.149606,-0.49163,0.274762
3.93893,-0.671986,-0.212598,-0.508753,0.274762
3.93918,-0.588035,-0.259843,-0.475956,0.274762
3.93943,-0.440902,-0.283465,-0.373886,0.274762
3.93968,-0.252137,-0.307087,-0.240102,0.274762
3.93993,-0.0497736,-0.330709,-0.0964675,0.274762
3.94018,0.137599,-0.370079,0.0341742,0.274762
3.94043,0.286148,-0.401575,0.131599,0.274762
3.94069,0.382163,-0.440945,0.191286,0.274762
3.94094,0.423151,-0.456693,0.215323,0.274762
3.94119,0.418234,-0.440945,0.203695,0.274762
3.94144,0.38413,-0.385827,0.172438,0.274762
3.94169,0.340974,-0.283465,0.150143,0.274762
3.94194,0.306058,-0.133858,0.136216,0.274762
3.94219,0.290052,0.0314961,0.151043,0.274762
3.94244,0.293889,0.212598,0.197533,0.274762
3.94269,0.308673,0.377953,0.252659,0.274762
3.94294,0.318483,0.511811,0.294261,0.274762
3.94319,0.304754,0.582677,0.320796,0.274762
3.94344,0.251731,0.598425,0.310383,0.274762
3.94369,0.150904,0.559055,0.252599,0.274762
3.94394,0.0050341,0.472441,0.139562,0.274762
3.94419,-0.17226,0.354331,-0.0106635,0.274762
3.94444,-0.358037,0.23622,-0.163098,0.274762
3.94469,-0.524321,0.125984,-0.310693,0.274762
3.94494,-0.644391,0.0393701,-0.43255,0.274762
3.94519,-0.698184,-0.023622,-0.492837,0.274762
3.94544,-0.676569,-0.0629921,-0.498506,0.274762
3.94569,-0.583481,-0.102362,-0.438312,0.274762
3.94594,-0.435008,-0.133858,-0.336675,0.274762
3.94619,-0.255763,-0.181102,-0.214136,0.274762
3.94644,-0.0736548,-0.244094,-0.0875088,0.274762
3.94669,0.0856973,-0.322835,0.0219686,0.274762
3.94694,0.204793,-0.401575,0.0915554,0.274762
3.94719,0.276442,-0.472441,0.124177,0.274762
3.94744,0.305166,-0.511811,0.135341,0.274762
3.94769,0.304097,-0.511811,0.117553,0.274762
3.94794,0.291504,-0.456693,0.105577,0.274762
3.94819,0.284738,-0.346457,0.0984372,0.274762
3.94844,0.295644,-0.19685,0.128632,0.274762
3.94869,0.327101,-0.023622,0.184827,0.274762
3.94894,0.371966,0.141732,0.247096,0.274762
3.94919,0.414739,0.299213,0.324728,0.274762
3.94944,0.435724,0.417323,0.376681,0.274762
3.94969,0.416132,0.480315,0.387512,0.274762
3.94994,0.343142,0.488189,0.355703,0.274762
3.95019,0.214599,0.448819,0.266103,0.274762
3.95044,0.0397245,0.385827,0.135995,0.274762
3.95069,-0.160966,0.299213,-0.0346327,0.274762
3.95094,-0.360278,0.228346,-0.199287,0.274762
3.95119,-0.528817,0.165354,-0.336388,0.274762
3.95144,-0.642071,0.125984,-0.444476,0.274762
3.95169,-0.68431,0.102362,-0.483669,0.274762
3.95194,-0.652546,0.0787402,-0.470864,0.274762
3.95219,-0.556563,0.0551181,-0.40674,0.274762
3.95244,-0.416203,0.00787402,-0.308434,0.274762
3.95269,-0.257356,-0.0551181,-0.19444,0.274762
3.95294,-0.105571,-0.149606,-0.0897571,0.274762
3.95319,0.0188132,-0.259843,-0.00811724,0.274762
3.95344,0.105367,-0.385827,0.039766,0.274762
3.95369,0.15408,-0.480315,0.0529682,0.274762
3.95394,0.1751,-0.535433,0.0467034,0.274762
3.95419,0.184698,-0.543307,0.0415709,0.274762
3.95444,0.199956,-0.480315,0.0515249,0.274762
3.95469,0.234,-0.377953,0.0832021,0.274762
3.95494,0.291675,-0.23622,0.142551,0.274762
3.95519,0.367867,-0.0629921,0.223273,0.274762
3.95544,0.447897,0.0866142,0.316299,0.274762
3.95569,0.511346,0.212598,0.389769,0.274762
3.95594,0.536588,0.307087,0.443078,0.274762
3.95619,0.506388,0.354331,0.434452,0.274762
3.95644,0.413051,0.354331,0.375431,0.274762
3.95669,0.260465,0.330709,0.261035,0.274762
3.95694,0.0648948,0.283465,0.114296,0.274762
3.95719,-0.148553,0.23622,-0.0546943,0.274762
3.95744,-0.349832,0.204724,-0.226344,0.274762
3.95769,-0.511197,0.19685,-0.350529,0.274762
3.95794,-0.611393,0.204724,-0.434547,0.274762
3.95819,-0.640874,0.212598,-0.46226,0.274762
3.95844,-0.602618,0.220472,-0.426809,0.274762
3.95869,-0.511359,0.188976,-0.359493,0.274762
3.95894,-0.38916,0.133858,-0.269784,0.274762
3.95919,-0.260646,0.0472441,-0.17535,0.274762
3.95944,-0.1472,-0.0708661,-0.0951701,0.274762
3.95969,-0.0620231,-0.212598,-0.0530568,0.274762
3.95994,-0.00837086,-0.346457,-0.0262538,0.274762
3.96019,0.0210213,-0.456693,-0.025091,0.274762
3.96044,0.0402917,-0.519685,-0.0332051,0.274762
3.96069,0.066801,-0.519685,-0.0211498,0.274762
3.96094,0.114569,-0.464567,0.00983868,0.274762
3.96119,0.191106,-0.370079,0.073826,0.274762
3.96144,0.293452,-0.23622,0.162151,0.274762
3.96169,0.408675,-0.0944882,0.273754,0.274762
3.96194,0.516181,0.023622,0.371597,0.274762
3.96219,0.592115,0.125984,0.459041,0.274762
3.96244,0.615164,0.181102,0.492459,0.274762
3.96269,0.571665,0.204724,0.46513,0.274762
3.96294,0.459702,0.19685,0.389569,0.274762
3.96319,0.289612,0.173228,0.251951,0.274762
3.96344,0.0832074,0.15748,0.0932865,0.274762
3.96369,-0.131224,0.15748,-0.0831962,0.274762
3.96394,-0.323632,0.173228,-0.23933,0.274762
3.96419,-0.469274,0.212598,-0.352081,0.274762
3.96444,-0.552656,-0.456693,-0.408061,0.274762
3.96469,-0.570291,-0.251969,-0.418018,0.274762
3.96494,-0.531172,-0.023622,-0.381041,0.274762
3.96519,-0.453015,0.212598,-0.324786,0.274762
3.96545,-0.358371,0.440945,-0.255047,0.274762
3.9657,-0.268552,0.614173,-0.211634,0.274762
3.96595,-0.198589,0.629921,-0.186081,0.274762
3.9662,-0.154253,0.629921,-0.185358,0.274762
3.96645,-0.130887,0.629921,-0.191212,0.274762
3.9667,-0.115896,0.629921,-0.183614,0.274762
3.96695,-0.0919948,0.629921,-0.150633,0.274762
3.9672,-0.0436781,0.551181,-0.0809054,0.274762
3.96745,0.0392783,0.425197,0.0432085,0.274762
3.9677,0.156921,0.291339,0.21412,0.274762
3.96795,0.298833,0.165354,0.402866,0.274762
3.9682,0.445214,0.0393701,0.606222,0.274762
3.96845,0.571057,-0.0866142,0.770386,0.274762
3.9687,0.651397,-0.220472,0.871837,0.274762
3.96895,0.667186,-0.377953,0.895556,0.274762
3.9692,0.609871,-0.527559,0.815758,0.274762
3.96945,0.483455,-0.629921,0.654859,0.274762
3.9697,0.304487,-0.629921,0.422224,0.274762
3.96995,0.0983256,-0.629921,0.144638,0.274762
3.9702,-0.105228,-0.629921,-0.137411,0.274762
3.97045,-0.279108,-0.629921,-0.399945,0.274762
3.9707,-0.402922,-0.629921,-0.598451,0.274762
3.97095,-0.467891,-0.590551,-0.735406,0.274762
3.9712,-0.476956,-0.354331,-0.790555,0.274762
3.97145,-0.443485,-0.0866142,-0.79037,0.274762
3.9717,-0.386999,0.181102,-0.741898,0.274762
3.97195,-0.328063,0.425197,-0.662552,0.274762
3.9722,-0.282735,0.629921,-0.578991,0.274762
3.97245,-0.258628,0.629921,-0.492351,0.274762
3.9727,-0.253543,0.629921,-0.396352,0.274762
3.97295,-0.255965,0.629921,-0.294315,0.274762
3.9732,-0.248995,0.629921,-0.180288,0.274762
3.97345,-0.215024,0.629921,-0.0325698,0.274762
3.9737,-0.141242,0.629921,0.138298,0.274762
3.97395,-0.0235226,0.614173,0.332582,0.274762
3.9742,0.131142,0.480315,0.540508,0.274762
3.97445,0.304769,0.346457,0.736497,0.274762
3.9747,0.47265,0.19685,0.890994,0.274762
3.97495,0.607197,0.015748,0.988855,0.274762
3.9752,0.684681,-0.173228,1.00153,0.274762
3.97545,0.690054,-0.385827,0.925252,0.274762
3.9757,0.620521,-0.598425,0.764598,0.274762
3.97595,0.486273,-0.629921,0.525687,0.274762
3.9762,0.308237,-0.629921,0.244478,0.274762
3.97645,0.114175,-0.629921,-0.0495201,0.274762
3.9767,-0.0681182,-0.629921,-0.3236,0.274762
3.97695,-0.215167,-0.629921,-0.535225,0.274762
3.9772,-0.313535,-0.629921,-0.690608,0.274762
3.97745,-0.360949,-0.629921,-0.758106,0.274762
3.9777,-0.366259,-0.503937,-0.751344,0.274762
3.97795,-0.345734,-0.228346,-0.702442,0.274762
3.9782,-0.318696,0.0472441,-0.623948,0.274762
3.97845,-0.301574,0.307087,-0.541935,0.274762
3.9787,-0.30368,0.519685,-0.468621,0.274762
3.97895,-0.324733,0.629921,-0.410679,0.274762
3.9792,-0.354707,0.629921,-0.358427,0.274762
3.97945,-0.376775,0.629921,-0.28695,0.274762
3.9797,-0.371417,0.629921,-0.205573,0.274762
3.97995,-0.322776,0.629921,-0.0808776,0.274762
3.9802,-0.222207,0.629921,0.0809634,0.274762
3.98045,-0.0726387,0.629921,0.268518,0.274762
3.9807,0.111826,0.629921,0.463522,0.274762
3.98095,0.307527,0.590551,0.656381,0.274762
3.9812,0.48621,0.448819,0.809001,0.274762
3.98145,0.620269,0.275591,0.894693,0.274762
3.9817,0.689094,0.0629921,0.903605,0.274762
3.98195,0.682991,-0.173228,0.838576,0.274762
3.9822,0.605231,-0.417323,0.69511,0.274762
3.98245,0.471253,-0.629921,0.494949,0.274762
3.9827,0.305044,-0.629921,0.267538,0.274762
3.98295,0.133791,-0.629921,0.0416633,0.274762
3.9832,-0.0178969,-0.629921,-0.166503,0.274762
3.98345,-0.132701,-0.629921,-0.332099,0.274762
3.9837,-0.204441,-0.629921,-0.440711,0.274762
3.98395,-0.237311,-0.629921,-0.496759,0.274762
3.9842,-0.24472,-0.629921,-0.515567,0.274762
3.98445,-0.244391,-0.401575,-0.511528,0.274762
3.9847,-0.252834,-0.165354,-0.502884,0.274762
3.98495,-0.281017,0.0472441,-0.502727,0.274762
3.9852,-0.330471,0.23622,-0.513062,0.274762
3.98545,-0.392903,0.409449,-0.537666,0.274762
3.9857,-0.451736,0.535433,-0.543143,0.274762
3.98595,-0.486066,0.629921,-0.521466,0.274762
3.9862,-0.476679,0.629921,-0.44742,0.274762
3.98645,-0.410272,0.629921,-0.322477,0.274762
3.9867,-0.284504,0.629921,-0.133227,0.274762
3.98695,-0.108798,0.629921,0.097117,0.274762
3.9872,0.0961975,0.629921,0.350603,0.274762
3.98745,0.302918,0.629921,0.586501,0.274762
3.9877,0.481623,0.629921,0.776523,0.274762
3.98795,0.607187,0.480315,0.892455,0.274762
3.9882,0.663581,0.283465,0.927344,0.274762
3.98845,0.64724,0.0393701,0.883607,0.274762
3.9887,0.567187,-0.19685,0.761226,0.274762
3.98895,0.442827,-0.440945,0.591502,0.274762
3.9892,0.298889,-0.629921,0.396385,0.274762
3.98945,0.160133,-0.629921,0.193815,0.274762
3.9897,0.0459658,-0.629921,0.0202539,0.274762
3.98995,-0.0339179,-0.629921,-0.127614,0.274762
3.99021,-0.0802665,-0.629921,-0.233562,0.274762
3.99046,-0.103495,-0.629921,-0.318382,0.274762
3.99071,-0.119527,-0.629921,-0.374807,0.274762
3.99096,-0.145419,-0.503937,-0.431122,0.274762
3.99121,-0.193338,-0.338583,-0.4961,0.274762
3.99146,-0.267277,-0.181102,-0.561331,0.274762
3.99171,-0.360822,-0.023622,-0.637078,0.274762
3.99196,-0.458344,0.102362,-0.69486,0.274762
3.99221,-0.538065,0.23622,-0.730065,0.274762
3.99246,-0.57764,0.354331,-0.707954,0.274762
3.99271,-0.559279,0.472441,-0.618304,0.274762
3.99296,-0.474519,0.590551,-0.457718,0.274762
3.99321,-0.327448,0.629921,-0.241569,0.274762
3.99346,-0.133756,0.629921,0.0152585,0.274762
3.99371,0.0809271,0.629921,0.286724,0.274762
3.99396,0.287003,0.629921,0.536127,0.274762
3.99421,0.45586,0.629921,0.733485,0.274762
3.99446,0.566568,0.606299,0.860048,0.274762
3.99471,0.609064,0.440945,0.899912,0.274762
3.99496,0.585811,0.228346,0.856542,0.274762
3.99521,0.510825,0,0.746498,0.274762
3.99546,0.405594,-0.212598,0.602611,0.274762
3.99571,0.293508,-0.417323,0.442865,0.274762
3.99596,0.194955,-0.566929,0.289101,0.274762
3.99621,0.122147,-0.629921,0.149163,0.274762
3.99646,0.0772982,-0.629921,0.0397921,0.274762
3.99671,0.0525678,-0.629921,-0.0490575,0.274762
3.99696,0.0334055,-0.629921,-0.13036,0.274762
3.99721,0.00251989,-0.606299,-0.213715,0.274762
3.99746,-0.0539512,-0.527559,-0.312007,0.274762
3.99771,-0.142637,-0.440945,-0.425556,0.274762
3.99796,-0.259716,-0.346457,-0.552453,0.274762
3.99821,-0.391334,-0.251969,-0.677164,0.274762
3.99846,-0.515549,-0.149606,-0.782522,0.274762
3.99871,-0.607841,-0.0393701,-0.830502,0.274762
3.99896,-0.645949,0.0787402,-0.820695,0.274762
3.99921,-0.615588,0.220472,-0.727136,0.274762
3.99946,-0.514322,0.362205,-0.558981,0.274762
3.99971,-0.352154,0.503937,-0.334071,0.274762
3.99996,-0.150621,0.622047,-0.0767465,0.274762
4.00021,0.0621715,0.629921,0.193241,0.274762
4.00046,0.256187,0.629921,0.437311,0.274762
4.00071,0.406947,0.629921,0.616688,0.274762
4.00096,0.498785,0.629921,0.73968,0.274762
4.00121,0.528293,0.496063,0.774509,0.274762
4.00146,0.503612,0.338583,0.752259,0.274762
4.00171,0.441955,0.149606,0.673737,0.274762
4.00196,0.364939,-0.015748,0.58394,0.274762
4.00221,0.292542,-0.173228,0.478903,0.274762
4.00246,0.238789,-0.299213,0.379858,0.274762
4.00271,0.208363,-0.385827,0.298293,0.274762
4.00296,0.195694,-0.448819,0.23301,0.274762
4.00321,0.187418,-0.472441,0.168855,0.274762
4.00346,0.1662,-0.488189,0.0894275,0.274762
4.00371,0.116065,-0.480315,-0.0186936,0.274762
4.00396,0.0274645,-0.480315,-0.158094,0.274762
4.00421,-0.0996611,-0.464567,-0.312246,0.274762
4.00446,-0.253882,-0.440945,-0.493141,0.274762
4.00471,-0.415026,-0.401575,-0.665501,0.274762
4.00496,-0.557054,-0.346457,-0.797626,0.274762
4.00521,-0.654334,-0.251969,-0.868796,0.274762
4.00546,-0.686898,-0.133858,-0.872513,0.274762
4.00571,-0.645409,0,-0.793125,0.274762
4.00596,-0.533024,0.149606,-0.638056,0.274762
4.00621,-0.365513,0.307087,-0.42261,0.274762
4.00646,-0.16758,0.440945,-0.176043,0.274762
4.00671,0.031516,0.543307,0.074021,0.274762
4.00696,0.20503,0.598425,0.285438,0.274762
4.00721,0.33277,0.606299,0.454917,0.274762
4.00745,0.40543,0.559055,0.557989,0.274762
4.0077,0.425847,0.480315,0.597029,0.274762
4.00795,0.406618,0.362205,0.597091,0.274762
4.0082,0.366439,0.244094,0.574067,0.274762
4.00845,0.324831,0.125984,0.528252,0.274762
4.0087,0.296952,0.023622,0.492976,0.274762
4.00895,0.28952,-0.0551181,0.466987,0.274762
4.0092,0.29932,-0.133858,0.44279,0.274762
4.00945,0.314256,-0.188976,0.420169,0.274762
4.0097,0.316837,-0.244094,0.374142,0.274762
4.00995,0.28878,-0.283465,0.289111,0.274762
4.0102,0.217028,-0.330709,0.170869,0.274762
4.01045,0.0971934,-0.377953,0.00179052,0.274762
4.0107,-0.0635062,-0.417323,-0.192052,0.274762
4.01095,-0.247122,-0.440945,-0.412068,0.274762
4.0112,-0.428365,-0.433071,-0.613238,0.274762
4.01145,-0.579028,-0.401575,-0.772276,0.274762
4.0117,-0.674492,-0.330709,-0.86446,0.274762
4.01195,-0.69872,-0.228346,-0.875635,0.274762
4.0122,-0.647659,-0.0944882,-0.798536,0.274762
4.01245,-0.530308,0.0393701,-0.663017,0.274762
4.0127,-0.366529,0.173228,-0.467279,0.274762
4.01295,-0.183054,0.283465,-0.250968,0.274762
4.0132,-0.00739317,0.362205,-0.0375529,0.274762
4.01345,0.137704,0.401575,0.151891,0.274762
4.0137,0.238281,0.385827,0.282339,0.274762
4.01395,0.29213,0.346457,0.370754,0.274762
4.0142,0.307325,0.291339,0.425566,0.274762
4.01445,0.299626,0.220472,0.438615,0.274762
4.0147,0.287418,0.15748,0.450766,0.274762
4.01495,0.286451,0.102362,0.455386,0.274762
4.0152,0.305473,0.0551181,0.478193,0.274762
4.01545,0.34336,0.0314961,0.498815,0.274762
4.0157,0.389554,0.00787402,0.519126,0.274762
4.01595,0.426476,0,0.521772,0.274762
4.0162,0.433971,-0.0314961,0.492635,0.274762
4.01645,0.395037,-0.0708661,0.413699,0.274762
4.0167,0.300845,-0.125984,0.277563,0.274762
4.01695,0.153122,-0.188976,0.0945839,0.274762
4.0172,-0.034092,-0.244094,-0.120207,0.274762
4.01745,-0.237575,-0.283465,-0.344832,0.274762
4.0177,-0.428347,-0.299213,-0.548765,0.274762
4.01795,-0.578683,-0.291339,-0.699544,0.274762
4.0182,-0.666559,-0.23622,-0.783492,0.274762
4.01845,-0.680897,-0.165354,-0.791628,0.274762
4.0187,-0.623554,-0.0708661,-0.714216,0.274762
4.01895,-0.508559,0.00787402,-0.584243,0.274762
4.0192,-0.35838,0.0866142,-0.413264,0.274762
4.01945,-0.199526,0.141732,-0.2361,0.274762
4.0197,-0.0560058,0.173228,-0.074134,0.274762
4.01995,0.0550127,0.165354,0.0640172,0.274762
4.0202,0.127134,0.133858,0.152396,0.274762
4.02045,0.164257,0.102362,0.206408,0.274762
4.0207,0.17902,0.0551181,0.238758,0.274762
4.02095,0.188778,0.023622,0.268141,0.274762
4.0212,0.209588,0.00787402,0.288934,0.274762
4.02145,0.252098,0.015748,0.33292,0.274762
4.0217,0.317472,0.0314961,0.401568,0.274762
4.02195,0.397062,0.0629921,0.464314,0.274762
4.0222,0.473665,0.0866142,0.52662,0.274762
4.02245,0.525809,0.0944882,0.55564,0.274762
4.0227,0.532773,0.0866142,0.536162,0.274762
4.02295,0.480612,0.0551181,0.465771,0.274762
4.0232,0.365245,0.00787402,0.338088,0.274762
4.02345,0.195324,-0.0314961,0.157503,0.274762
4.0237,-0.00965441,-0.0866142,-0.0523657,0.274762
4.02395,-0.222025,-0.11811,-0.267718,0.274762
4.0242,-0.412102,-0.133858,-0.451401,0.274762
4.02445,-0.553854,-0.125984,-0.581537,0.274762
4.0247,-0.629772,-0.0866142,-0.654224,0.441867
4.02495,-0.634739,-0.0472441,-0.646709,0.441867
4.0252,-0.576098,0,-0.5796,0.441867
4.02544,-0.471441,0.0393701,-0.475734,0.441867
4.02569,-0.344448,0.0551181,-0.341863,0.441867
4.02594,-0.219187,0.0551181,-0.21607,0.441867
4.02619,-0.114476,0.023622,-0.115631,0.441867
4.02644,-0.0403919,-0.015748,-0.0338242,0.441867
4.02669,0.00378328,-0.0629921,0.0142586,0.441867
4.02694,0.0277745,-0.110236,0.0340324,0.441867
4.02719,0.0476383,-0.141732,0.0551591,0.441867
4.02744,0.0800077,-0.141732,0.0953822,0.441867
4.02769,0.13702,-0.125984,0.144044,0.441867
4.02794,0.222985,-0.0787402,0.228401,0.441867
4.02819,0.331444,-0.023622,0.322825,0.441867
4.02844,0.446606,0.0314961,0.433513,0.441867
4.02869,0.546062,0.0866142,0.527167,0.441867
4.02894,0.606467,0.11811,0.572335,0.441867
4.02919,0.608532,0.125984,0.572113,0.441867
4.02944,0.542097,0.11811,0.507686,0.441867
4.02969,0.409288,0.0944882,0.37773,0.441867
4.02994,0.224791,0.0629921,0.196271,0.441867
4.03019,0.0125753,0.0393701,0.00375787,0.441867
4.03044,-0.197563,0.0314961,-0.188834,0.441867
4.03069,-0.377107,0.0393701,-0.360561,0.441867
4.03094,-0.503514,0.0551181,-0.473045,0.441867
4.03119,-0.565371,0.0866142,-0.519077,0.441867
4.03144,-0.563257,0.110236,-0.513387,0.441867
4.03169,-0.509257,0.125984,-0.455661,0.441867
4.03194,-0.423404,0.11811,-0.371886,0.441867
4.03219,-0.328293,0.0787402,-0.276508,0.441867
4.03244,-0.243655,0.00787402,-0.206519,0.441867
4.03269,-0.181805,-0.0629921,-0.147263,0.441867
4.03294,-0.145043,-0.141732,-0.122436,0.441867
4.03319,-0.125985,-0.220472,-0.111848,0.441867
4.03344,-0.110164,-0.283465,-0.104498,0.441867
4.03369,-0.0800923,-0.307087,-0.0875711,0.441867
4.03394,-0.0216999,-0.291339,-0.0371614,0.441867
4.03419,0.0724868,-0.259843,0.0404724,0.441867
4.03444,0.199163,-0.188976,0.150818,0.441867
4.03469,0.344852,-0.11811,0.283713,0.441867
4.03494,0.48747,-0.0393701,0.410804,0.441867
4.03519,0.601646,0.015748,0.51857,0.441867
4.03544,0.663719,0.0551181,0.56903,0.441867
4.03569,0.657498,0.0944882,0.564514,0.441867
4.03594,0.578072,0.102362,0.501233,0.441867
4.03619,0.433676,0.110236,0.372258,0.441867
4.03644,0.243595,0.125984,0.204614,0.441867
4.03669,0.0353504,0.141732,0.0259555,0.441867
4.03694,-0.161841,0.181102,-0.151889,0.441867
4.03719,-0.322179,0.212598,-0.277663,0.441867
4.03744,-0.428617,0.251969,-0.359879,0.441867
4.03769,-0.476018,0.291339,-0.394559,0.441867
4.03794,-0.470583,0.299213,-0.371882,0.441867
4.03819,-0.428145,0.275591,-0.319099,0.441867
4.03844,-0.369049,0.220472,-0.26555,0.441867
4.03869,-0.312804,0.133858,-0.20972,0.441867
4.03894,-0.273358,0.023622,-0.179666,0.441867
4.03919,-0.255577,-0.0944882,-0.167599,0.441867
4.03944,-0.254159,-0.212598,-0.184067,0.441867
4.03969,-0.255735,-0.314961,-0.201642,0.441867
4.03994,-0.24265,-0.385827,-0.212952,0.441867
4.04019,-0.198303,-0.417323,-0.188617,0.441867
4.04044,-0.111768,-0.409449,-0.138606,0.441867
4.04069,0.0177382,-0.370079,-0.035513,0.441867
4.04094,0.179744,-0.307087,0.0981312,0.441867
4.04119,0.354431,-0.23622,0.242247,0.441867
4.04144,0.515358,-0.165354,0.377958,0.441867
4.04169,0.635771,-0.102362,0.480034,0.441867
4.04194,0.693853,-0.0472441,0.534693,0.441867
4.04219,0.677877,0,0.525832,0.441867
4.04244,0.588703,0.0314961,0.451043,0.441867
4.04269,0.439889,0.0787402,0.327523,0.441867
4.04294,0.254612,0.133858,0.174936,0.441867
4.04319,0.0612721,0.204724,0.0207758,0.441867
4.04344,-0.113039,0.283465,-0.10925,0.441867
4.04368,-0.2474,0.362205,-0.208648,0.441867
4.04393,-0.331418,0.425197,-0.252138,0.441867
4.04418,-0.36602,0.464567,-0.25532,0.441867
4.04443,-0.362351,0.464567,-0.230569,0.441867
4.04468,-0.338338,0.425197,-0.185642,0.441867
4.04493,-0.312543,0.338583,-0.151595,0.441867
4.04518,-0.300074,0.212598,-0.136032,0.441867
4.04543,-0.307751,0.0708661,-0.155018,0.441867
4.04568,-0.332508,-0.0708661,-0.191171,0.441867
4.04593,-0.36215,-0.212598,-0.235173,0.441867
4.04618,-0.378733,-0.330709,-0.279065,0.441867
4.04643,-0.36328,-0.401575,-0.290498,0.441867
4.04668,-0.301397,-0.448819,-0.272862,0.441867
4.04693,-0.187252,-0.448819,-0.201833,0.441867
4.04718,-0.0269332,-0.433071,-0.0872896,0.441867
4.04743,0.162919,-0.393701,0.0633329,0.441867
4.04768,0.356779,-0.346457,0.211507,0.441867
4.04793,0.526194,-0.299213,0.351007,0.441867
4.04818,0.644915,-0.251969,0.449064,0.441867
4.04843,0.694771,-0.204724,0.483961,0.441867
4.04868,0.669473,-0.149606,0.466927,0.441867
4.04893,0.575563,-0.0866142,0.388707,0.441867
4.04918,0.430958,0,0.268847,0.441867
4.04943,0.261144,0.102362,0.141629,0.441867
4.04968,0.0928332,0.220472,0.015386,0.441867
4.04993,-0.0506822,0.338583,-0.0821726,0.441867
4.05018,-0.154695,0.456693,-0.132692,0.441867
4.05043,-0.21581,0.543307,-0.14904,0.441867
4.05068,-0.240891,0.598425,-0.135077,0.441867
4.05093,-0.244749,0.590551,-0.102299,0.441867
4.05118,-0.2451,0.543307,-0.0819439,0.441867
4.05143,-0.257736,0.440945,-0.0686323,0.441867
4.05168,-0.291328,0.307087,-0.0960613,0.441867
4.05193,-0.344991,0.149606,-0.13806,0.441867
4.05218,-0.408224,-0.00787402,-0.211899,0.441867
4.05243,-0.463048,-0.149606,-0.283105,0.441867
4.05268,-0.488472,-0.267717,-0.335009,0.441867
4.05293,-0.466255,-0.362205,-0.352237,0.441867
4.05318,-0.385453,-0.417323,-0.312494,0.441867
4.05343,-0.246513,-0.440945,-0.223772,0.441867
4.05368,-0.0618782,-0.448819,-0.101102,0.441867
4.05393,0.146083,-0.448819,0.0493832,0.441867
4.05418,0.348506,-0.440945,0.200851,0.441867
4.05443,0.516581,-0.425197,0.330515,0.441867
4.05468,0.626851,-0.401575,0.410082,0.441867
4.05493,0.666146,-0.362205,0.43,0.441867
4.05518,0.633797,-0.307087,0.397444,0.441867
4.05543,0.541579,-0.220472,0.315774,0.441867
4.05568,0.410558,-0.0944882,0.209797,0.441867
4.05593,0.2659,0.0393701,0.0995842,0.441867
4.05618,0.131461,0.19685,0.00841645,0.441867
4.05643,0.0247311,0.354331,-0.042335,0.441867
4.05668,-0.0470464,0.496063,-0.0628809,0.441867
4.05693,-0.0869584,0.606299,-0.0579329,0.441867
4.05718,-0.107062,0.629921,-0.0267846,0.441867
4.05743,-0.123981,0.629921,-0.00569988,0.441867
4.05768,-0.153824,0.614173,0.00800119,0.441867
4.05793,-0.207519,0.519685,-0.01196,0.441867
4.05818,-0.286547,0.377953,-0.0626247,0.441867
4.05843,-0.382515,0.228346,-0.151814,0.441867
4.05868,-0.478035,0.0787402,-0.245233,0.441867
4.05893,-0.550855,-0.0472441,-0.330104,0.441867
4.05918,-0.579066,-0.165354,-0.377581,0.441867
4.05943,-0.546709,-0.259843,-0.379696,0.441867
4.05968,-0.447899,-0.338583,-0.33915,0.441867
4.05993,-0.289291,-0.393701,-0.234741,0.441867
4.06018,-0.0889351,-0.433071,-0.0962332,0.441867
4.06043,0.126122,-0.480315,0.0580224,0.441867
4.06068,0.326391,-0.511811,0.194487,0.441867
4.06093,0.484462,-0.527559,0.305951,0.441867
4.06118,0.581187,-0.535433,0.364855,0.441867
4.06143,0.609333,-0.511811,0.368456,0.441867
4.06168,0.574005,-0.448819,0.323581,0.441867
4.06192,0.490935,-0.338583,0.247137,0.441867
4.06217,0.382439,-0.19685,0.156267,0.441867
4.06242,0.271778,-0.0314961,0.0689544,0.441867
4.06267,0.177894,0.149606,0.0164114,0.441867
4.06292,0.110943,0.330709,-0.00702782,0.441867
4.06317,0.0710378,0.496063,0.000989164,0.441867
4.06342,0.0488744,0.606299,0.032889,0.441867
4.06367,0.0286453,0.629921,0.0728832,0.441867
4.06392,-0.00623921,0.629921,0.0837859,0.441867
4.06417,-0.0688851,0.629921,0.0690537,0.441867
4.06442,-0.163607,0.551181,0.0209157,0.441867
4.06467,-0.284868,0.440945,-0.0645613,0.441867
4.06492,-0.416802,0.314961,-0.167553,0.441867
4.06517,-0.536721,0.188976,-0.277146,0.441867
4.06542,-0.619934,0.0629921,-0.365803,0.441867
4.06567,-0.645688,-0.0314961,-0.408166,0.441867
4.06592,-0.601636,-0.125984,-0.401772,0.441867
4.06617,-0.487744,-0.220472,-0.332059,0.441867
4.06642,-0.316353,-0.307087,-0.225481,0.441867
4.06667,-0.110622,-0.393701,-0.0795348,0.441867
4.06692,0.100577,-0.480315,0.0680314,0.441867
4.06717,0.288293,-0.551181,0.192263,0.441867
4.06742,0.428816,-0.614173,0.273726,0.441867
4.06767,0.508964,-0.629921,0.306162,0.441867
4.06792,0.527376,-0.622047,0.294791,0.441867
4.06817,0.494305,-0.566929,0.247586,0.441867
4.06842,0.428126,-0.448819,0.174851,0.441867
4.06867,0.350494,-0.291339,0.103491,0.441867
4.06892,0.280776,-0.102362,0.0485931,0.441867
4.06917,0.231379,0.0866142,0.028364,0.441867
4.06942,0.204886,0.283465,0.0416376,0.441867
4.06967,0.194322,0.448819,0.0796031,0.441867
4.06992,0.184964,0.566929,0.125137,0.441867
4.07017,0.159419,0.629921,0.152201,0.441867
4.07042,0.102611,0.629921,0.159724,0.441867
4.07067,0.00639752,0.629921,0.121335,0.441867
4.07092,-0.12686,0.574803,0.0384478,0.441867
4.07117,-0.284286,0.488189,-0.0663039,0.441867
4.07142,-0.443748,0.393701,-0.194639,0.441867
4.07167,-0.579312,0.299213,-0.301107,0.441867
4.07192,-0.665757,0.204724,-0.382539,0.441867
4.07217,-0.684872,0.110236,-0.419963,0.441867
4.07242,-0.629438,0.00787402,-0.394322,0.441867
4.07267,-0.505338,-0.0944882,-0.313894,0.441867
4.07292,-0.329992,-0.212598,-0.188093,0.441867
4.07317,-0.129683,-0.338583,-0.0559567,0.441867
4.07342,0.0667062,-0.464567,0.0742451,0.441867
4.07367,0.232755,-0.574803,0.173834,0.441867
4.07392,0.350566,-0.629921,0.236229,0.441867
4.07417,0.413036,-0.629921,0.238594,0.441867
4.07442,0.42475,-0.629921,0.213779,0.441867
4.07467,0.400072,-0.629921,0.156154,0.441867
4.07492,0.358172,-0.527559,0.103887,0.441867
4.07517,0.318274,-0.370079,0.061139,0.441867
4.07542,0.293978,-0.181102,0.0426672,0.441867
4.07567,0.290302,0,0.0665388,0.441867
4.07592,0.302213,0.188976,0.105692,0.441867
4.07617,0.316335,0.346457,0.16374,0.441867
4.07642,0.314319,0.464567,0.207801,0.441867
4.07667,0.278988,0.535433,0.231349,0.441867
4.07692,0.198165,0.574803,0.21217,0.441867
4.07717,0.0699222,0.566929,0.149201,0.441867
4.07742,-0.0967462,0.543307,0.0442755,0.441867
4.07767,-0.282009,0.503937,-0.0875917,0.441867
4.07792,-0.459578,0.448819,-0.219061,0.441867
4.07817,-0.60168,0.393701,-0.335784,0.441867
4.07842,-0.684737,0.322835,-0.407867,0.441867
4.07867,-0.694791,0.244094,-0.428833,0.441867
4.07892,-0.630345,0.149606,-0.37857,0.441867
4.07917,-0.50251,0.0314961,-0.293765,0.441867
4.07942,-0.332981,-0.0866142,-0.173823,0.441867
4.07967,-0.148856,-0.244094,-0.0435744,0.441867
4.07992,0.0226756,-0.393701,0.0659053,0.441867
4.08016,0.160054,-0.527559,0.14838,0.441867
4.08041,0.251864,-0.629921,0.177961,0.441867
4.08066,0.297487,-0.629921,0.175458,0.441867
4.08091,0.307073,-0.629921,0.137505,0.441867
4.08116,0.297057,-0.629921,0.0973555,0.441867
4.08141,0.286006,-0.535433,0.0594086,0.441867
4.08166,0.288403,-0.393701,0.0487678,0.441867
4.08191,0.311305,-0.228346,0.0640102,0.441867
4.08216,0.351843,-0.0551181,0.117679,0.441867
4.08241,0.397733,0.0866142,0.189209,0.441867
4.08266,0.430611,0.220472,0.247828,0.441867
4.08291,0.430654,0.322835,0.290769,0.441867
4.08316,0.38181,0.393701,0.30394,0.441867
4.08341,0.276983,0.440945,0.25705,0.441867
4.08366,0.120634,0.456693,0.155533,0.441867
4.08391,-0.0717124,0.464567,0.0272053,0.441867
4.08416,-0.274985,0.464567,-0.12537,0.441867
4.08441,-0.460375,0.629921,-0.264245,0.441867
4.08466,-0.600332,0.629921,-0.372224,0.441867
4.08491,-0.674928,0.629921,-0.426285,0.441867
4.08516,-0.675392,0.496063,-0.420909,0.441867
4.08541,-0.605894,0.204724,-0.361441,0.441867
4.08566,-0.48232,-0.125984,-0.261208,0.441867
4.08591,-0.328555,-0.488189,-0.135198,0.441867
4.08616,-0.170898,-0.629921,-0.0130983,0.441867
4.08641,-0.0325001,-0.629921,0.0715208,0.441867
4.08666,0.0715272,-0.629921,0.120878,0.441867
4.08691,0.136459,-0.629921,0.123288,0.441867
4.08716,0.168127,-0.629921,0.0804192,0.441867
4.08741,0.180795,-0.629921,0.0279873,0.441867
4.08766,0.191399,-0.629921,-0.0268127,0.441867
4.08791,0.215761,-0.629921,-0.0532543,0.441867
4.08816,0.262683,-0.448819,-0.0440996,0.441867
4.08841,0.331723,-0.0551181,0.010187,0.441867
4.08866,0.412179,0.291339,0.093381,0.441867
4.08891,0.485896,0.574803,0.195863,0.441867
4.08916,0.531021,0.629921,0.283611,0.441867
4.08941,0.527863,0.629921,0.336453,0.441867
4.08966,0.463725,0.629921,0.353777,0.441867
4.08991,0.337261,0.629921,0.325811,0.441867
4.09016,0.15892,0.629921,0.2546,0.441867
4.09041,-0.0495643,0.629921,0.14415,0.441867
4.09066,-0.260102,0.629921,0.0242477,0.441867
4.09091,-0.443009,0.629921,-0.0931316,0.441867
4.09116,-0.573324,0.629921,-0.179889,0.441867
4.09141,-0.636079,0.559055,-0.232499,0.441867
4.09166,-0.62821,0.409449,-0.233234,0.441867
4.09191,-0.55933,0.212598,-0.198726,0.441867
4.09216,-0.448628,-0.023622,-0.152069,0.441867
4.09241,-0.320306,-0.299213,-0.0910148,0.441867
4.09266,-0.197605,-0.574803,-0.0490761,0.441867
4.09291,-0.0982245,-0.629921,-0.0407553,0.441867
4.09316,-0.0300243,-0.629921,-0.0605348,0.441867
4.09341,0.0093653,-0.629921,-0.105739,0.441867
4.09366,0.0313882,-0.629921,-0.162732,0.441867
4.09391,0.0522459,-0.629921,-0.210314,0.441867
4.09416,0.0884521,-0.629921,-0.225139,0.441867
4.09441,0.15097,-0.629921,-0.190267,0.441867
4.09466,0.241849,-0.401575,-0.107052,0.441867
4.09491,0.353044,-0.165354,0.0177702,0.441867
4.09516,0.467059,0.023622,0.161989,0.441867
4.09541,0.561031,0.181102,0.306071,0.441867
4.09566,0.611787,0.291339,0.421537,0.441867
4.09591,0.60139,0.370079,0.481594,0.441867
4.09616,0.522116,0.425197,0.488776,0.441867
4.09641,0.378194,0.488189,0.425041,0.441867
4.09666,0.186286,0.559055,0.310115,0.441867
4.09691,-0.0277472,0.629921,0.163792,0.441867
4.09716,-0.234244,0.629921,0.0145959,0.441867
4.09741,-0.405204,0.629921,-0.119049,0.441867
4.09766,-0.520171,0.629921,-0.212601,0.441867
4.09791,-0.569544,0.629921,-0.267502,0.441867
4.09816,-0.556521,0.629921,-0.269719,0.441867
4.0984,-0.495021,0.582677,-0.242526,0.441867
4.09865,-0.405718,0.338583,-0.187581,0.441867
4.0989,-0.3112,0.0314961,-0.147146,0.441867
4.09915,-0.230171,-0.275591,-0.114508,0.441867
4.0994,-0.173107,-0.574803,-0.102324,0.441867
4.09965,-0.140523,-0.629921,-0.113042,0.441867
4.0999,-0.123299,-0.629921,-0.137805,0.441867
4.10015,-0.106032,-0.629921,-0.166667,0.441867
4.1004,-0.0717688,-0.629921,-0.175391,0.441867
4.10065,-0.00683234,-0.629921,-0.164154,0.441867
4.1009,0.0939021,-0.629921,-0.100089,0.441867
4.10115,0.225517,-0.629921,0.000346149,0.441867
4.1014,0.372415,-0.464567,0.129548,0.441867
4.10165,0.511773,-0.307087,0.261065,0.441867
4.1019,0.617862,-0.15748,0.374228,0.441867
4.10215,0.66805,-0.023622,0.443525,0.441867
4.1024,0.64813,0.102362,0.452228,0.441867
4.10265,0.555631,0.251969,0.394262,0.441867
4.1029,0.400795,0.409449,0.291771,0.441867
4.10315,0.205177,0.590551,0.147876,0.441867
4.1034,-0.00320575,0.629921,0.00333281,0.441867
4.10365,-0.195275,0.629921,-0.12353,0.441867
4.1039,-0.346425,0.629921,-0.222967,0.441867
4.10415,-0.441956,0.629921,-0.257797,0.441867
4.1044,-0.478644,0.629921,-0.254908,0.441867
4.10465,-0.464968,0.629921,-0.204289,0.441867
4.1049,-0.417754,0.629921,-0.140391,0.441867
4.10515,-0.357768,0.409449,-0.0797373,0.441867
4.1054,-0.303872,0.0551181,-0.0322388,0.441867
4.10565,-0.268423,-0.299213,-0.0253228,0.441867
4.1059,-0.254315,-0.622047,-0.045107,0.441867
4.10615,-0.254734,-0.629921,-0.0928226,0.441867
4.1064,-0.254954,-0.629921,-0.145715,0.441867
4.10665,-0.237264,-0.629921,-0.203832,0.441867
4.1069,-0.185432,-0.629921,-0.225299,0.441867
4.10715,-0.090747,-0.629921,-0.219791,0.441867
4.1074,0.0459593,-0.629921,-0.153666,0.441867
4.10765,0.212247,-0.629921,-0.0539034,0.441867
4.1079,0.386391,-0.519685,0.070289,0.441867
4.10815,0.541672,-0.370079,0.195603,0.441867
4.1084,0.651829,-0.244094,0.307803,0.441867
4.10865,0.696636,-0.110236,0.369626,0.441867
4.1089,0.666539,0.023622,0.373101,0.441867
4.10915,0.564828,0.19685,0.323875,0.441867
4.1094,0.407233,0.385827,0.237924,0.441867
4.10965,0.218326,0.590551,0.131102,0.441867
4.1099,0.0264902,0.629921,0.025158,0.441867
4.11015,-0.141617,0.629921,-0.0593403,0.441867
4.1104,-0.267101,0.629921,-0.10412,0.441867
4.11065,-0.341387,0.629921,-0.118298,0.441867
4.1109,-0.367767,0.629921,-0.0883204,0.441867
4.11115,-0.358908,0.629921,-0.0361269,0.441867
4.1114,-0.333046,0.629921,-0.00320699,0.441867
4.11165,-0.308861,0.338583,0.0235255,0.441867
4.1119,-0.299929,0.00787402,0.00115895,0.441867
4.11215,-0.3113,-0.291339,-0.0486459,0.441867
4.1124,-0.338155,-0.551181,-0.120597,0.441867
4.11265,-0.366847,-0.629921,-0.214383,0.441867
4.1129,-0.378907,-0.629921,-0.297906,0.441867
4.11315,-0.355576,-0.629921,-0.36218,0.441867
4.1134,-0.283959,-0.629921,-0.375987,0.441867
4.11365,-0.160502,-0.629921,-0.333556,0.441867
4.1139,0.00706307,-0.629921,-0.240814,0.441867
4.11415,0.199682,-0.582677,-0.11116,0.441867
4.1144,0.391143,-0.511811,0.0466965,0.441867
4.11465,0.552835,-0.448819,0.1952,0.441867
4.1149,0.65979,-0.370079,0.311291,0.441867
4.11515,0.695736,-0.275591,0.375604,0.441867
4.1154,0.65677,-0.15748,0.388337,0.441867
4.11565,0.551729,0.00787402,0.338855,0.441867
4.1159,0.400389,0.212598,0.26354,0.441867
4.11615,0.228708,0.440945,0.171531,0.441867
4.11639,0.0635958,0.629921,0.0733295,0.441867
4.11664,-0.0733255,0.629921,0.0110983,0.441867
4.11689,-0.16938,0.629921,-0.0242228,0.441867
4.11714,-0.222845,0.629921,-0.0306111,0.441867
4.11739,-0.242701,0.629921,-0.00501315,0.441867
4.11764,-0.24446,0.629921,0.0199881,0.441867
4.11789,-0.246219,0.629921,0.0302745,0.441867
4.11814,-0.262288,0.385827,0.0100173,0.441867
4.11839,-0.300004,0.102362,-0.0364532,0.441867
4.11864,-0.356576,-0.133858,-0.121505,0.441867
4.11889,-0.419787,-0.338583,-0.221314,0.441867
4.11914,-0.470574,-0.488189,-0.325818,0.441867
4.11939,-0.488393,-0.574803,-0.396592,0.441867
4.11964,-0.455694,-0.606299,-0.424394,0.441867
4.11989,-0.363764,-0.614173,-0.40633,0.441867
4.12014,-0.214956,-0.606299,-0.322573,0.441867
4.12039,-0.0239672,-0.606299,-0.196939,0.441867
4.12064,0.185125,-0.606299,-0.0506866,0.441867
4.12089,0.383347,-0.614173,0.113346,0.441867
4.12114,0.542127,-0.614173,0.241908,0.441867
4.12139,0.639815,-0.582677,0.329771,0.441867
4.12164,0.665352,-0.503937,0.370004,0.441867
4.12189,0.620627,-0.362205,0.352384,0.441867
4.12214,0.519364,-0.165354,0.29159,0.441867
4.12239,0.383764,0.0708661,0.202078,0.441867
4.12264,0.2393,0.338583,0.112705,0.441867
4.12289,0.109099,0.606299,0.0390296,0.441867
4.12314,0.00855306,0.629921,-0.00746054,0.441867
4.12339,-0.0566329,0.629921,-0.0219319,0.441867
4.12364,-0.0917637,0.629921,0.00368876,0.441867
4.12389,-0.109825,0.629921,0.0427778,0.441867
4.12414,-0.12814,0.629921,0.0649837,0.441867
4.12439,-0.161922,0.629921,0.0774202,0.441867
4.12464,-0.220447,0.433071,0.0440895,0.246909
4.12489,-0.303658,0.204724,-0.0349225,0.246909
4.12514,-0.401061,0,-0.133292,0.246909
4.12539,-0.494007,-0.165354,-0.237461,0.246909
4.12564,-0.560089,-0.291339,-0.342013,0.246909
4.12589,-0.57796,-0.377953,-0.404522,0.246909
4.12614,-0.533237,-0.433071,-0.420494,0.246909
4.12639,-0.422472,-0.480315,-0.385158,0.246909
4.12664,-0.254293,-0.535433,-0.283498,0.246909
4.12689,-0.0490732,-0.598425,-0.158541,0.246909
4.12714,0.165667,-0.629921,-0.00766133,0.246909
4.12739,0.359812,-0.629921,0.121359,0.246909
4.12764,0.507531,-0.629921,0.228272,0.246909
4.12789,0.591719,-0.629921,0.294584,0.246909
4.12814,0.607202,-0.629921,0.302841,0.246909
4.12839,0.561462,-0.480315,0.270764,0.246909
4.12864,0.471827,-0.244094,0.203113,0.246909
4.12889,0.361296,0.023622,0.134548,0.246909
4.12914,0.252564,0.314961,0.0666041,0.246909
4.12939,0.163158,0.582677,0.0307544,0.246909
4.12964,0.101684,0.629921,0.0311733,0.246909
4.12989,0.0660535,0.629921,0.0529791,0.246909
4.13014,0.0453584,0.629921,0.100505,0.246909
4.13039,0.0237228,0.629921,0.143606,0.246909
4.13064,-0.0156488,0.629921,0.159675,0.246909
4.13089,-0.0841147,0.614173,0.148319,0.246909
4.13114,-0.184657,0.417323,0.0930309,0.246909
4.13139,-0.309249,0.244094,-0.0149317,0.246909
4.13164,-0.440803,0.0866142,-0.140059,0.246909
4.13189,-0.555736,-0.0314961,-0.267287,0.246909
4.13214,-0.629673,-0.125984,-0.373124,0.246909
4.13239,-0.64293,-0.204724,-0.438348,0.246909
4.13264,-0.585496,-0.267717,-0.438764,0.246909
4.13289,-0.459504,-0.346457,-0.388528,0.246909
4.13314,-0.2798,-0.448819,-0.28721,0.246909
4.13339,-0.0706682,-0.559055,-0.159727,0.246909
4.13364,0.13835,-0.629921,-0.0141678,0.246909
4.13389,0.318617,-0.629921,0.100837,0.246909
4.13414,0.448639,-0.629921,0.197106,0.246909
4.13439,0.516903,-0.629921,0.233913,0.246909
4.13463,0.524632,-0.629921,0.236949,0.246909
4.13488,0.483744,-0.519685,0.196275,0.246909
4.13513,0.413882,-0.275591,0.149919,0.246909
4.13538,0.336401,0,0.106717,0.246909
4.13563,0.26981,0.267717,0.0782309,0.246909
4.13588,0.224759,0.511811,0.0879245,0.246909
4.13613,0.202137,0.629921,0.113255,0.246909
4.13638,0.192898,0.629921,0.16759,0.246909
4.13663,0.18196,0.629921,0.211403,0.246909
4.13688,0.151568,0.629921,0.245641,0.246909
4.13713,0.0876736,0.629921,0.244366,0.246909
4.13738,-0.0158764,0.535433,0.203243,0.246909
4.13763,-0.155015,0.401575,0.105106,0.246909
4.13788,-0.314615,0.283465,-0.0307547,0.246909
4.13813,-0.471779,0.188976,-0.176745,0.246909
4.13838,-0.599894,0.11811,-0.307436,0.246909
4.13863,-0.674805,0.0551181,-0.414783,0.246909
4.13888,-0.680204,-0.00787402,-0.461212,0.246909
4.13913,-0.611125,-0.0944882,-0.455323,0.246909
4.13938,-0.47577,-0.212598,-0.38675,0.246909
4.13963,-0.293591,-0.362205,-0.275479,0.246909
4.13988,-0.0918185,-0.519685,-0.140103,0.246909
4.14013,0.100691,-0.629921,-0.0146003,0.246909
4.14038,0.258854,-0.629921,0.095714,0.246909
4.14063,0.366406,-0.629921,0.161607,0.246909
4.14088,0.41868,-0.629921,0.185049,0.246909
4.14113,0.422453,-0.629921,0.175011,0.246909
4.14138,0.392866,-0.535433,0.145248,0.246909
4.14163,0.350103,-0.299213,0.106107,0.246909
4.14188,0.312272,-0.0393701,0.0933296,0.246909
4.14213,0.291739,0.204724,0.100951,0.246909
4.14238,0.291651,0.417323,0.129261,0.246909
4.14263,0.30527,0.566929,0.193203,0.246909
4.14288,0.317666,0.629921,0.251608,0.246909
4.14313,0.310727,0.629921,0.300258,0.246909
4.14338,0.267522,0.622047,0.321382,0.246909
4.14363,0.17774,0.551181,0.299406,0.246909
4.14388,0.0411567,0.480315,0.222432,0.246909
4.14413,-0.130587,0.409449,0.0955076,0.246909
4.14438,-0.316537,0.354331,-0.0440996,0.246909
4.14463,-0.489703,0.314961,-0.202053,0.246909
4.14488,-0.622206,0.275591,-0.331698,0.246909
4.14513,-0.692408,0.23622,-0.423835,0.246909
4.14538,-0.688249,0.149606,-0.449518,0.246909
4.14563,-0.610759,0.0314961,-0.425771,0.246909
4.14588,-0.47321,-0.11811,-0.350324,0.246909
4.14613,-0.29884,-0.307087,-0.234831,0.246909
4.14638,-0.115122,-0.503937,-0.120442,0.246909
4.14663,0.0513672,-0.629921,-0.0139021,0.246909
4.14688,0.180905,-0.629921,0.0702469,0.246909
4.14713,0.26364,-0.629921,0.108153,0.246909
4.14738,0.30168,-0.629921,0.108515,0.246909
4.14763,0.306036,-0.629921,0.082732,0.246909
4.14788,0.294625,-0.535433,0.0552432,0.246909
4.14813,0.285088,-0.307087,0.0438725,0.246909
4.14838,0.291056,-0.0708661,0.0595352,0.246909
4.14863,0.317771,0.133858,0.102791,0.246909
4.14888,0.360568,0.314961,0.166046,0.246909
4.14913,0.405501,0.433071,0.255374,0.246909
4.14938,0.433667,0.488189,0.325234,0.246909
4.14963,0.425582,0.503937,0.3829,0.246909
4.14988,0.366567,0.488189,0.378516,0.246909
4.15013,0.251394,0.456693,0.332841,0.246909
4.15038,0.086688,0.433071,0.234744,0.246909
4.15063,-0.10961,0.425197,0.0896979,0.246909
4.15088,-0.311963,0.425197,-0.0703577,0.246909
4.15113,-0.49063,0.433071,-0.215777,0.246909
4.15138,-0.619721,0.417323,-0.344557,0.246909
4.15163,-0.680678,0.370079,-0.420386,0.246909
4.15188,-0.667409,0.275591,-0.434114,0.246909
4.15213,-0.586224,0.125984,-0.389233,0.246909
4.15238,-0.455162,-0.0629921,-0.305825,0.246909
4.15263,-0.298536,-0.283465,-0.208648,0.246909
4.15287,-0.142997,-0.496063,-0.108835,0.246909
4.15312,-0.0101113,-0.629921,-0.0268803,0.246909
4.15337,0.0864981,-0.629921,0.0204567,0.246909
4.15362,0.144551,-0.629921,0.034714,0.246909
4.15387,0.171625,-0.629921,0.0221903,0.246909
4.15412,0.182307,-0.629921,0.000981121,0.246909
4.15437,0.194604,-0.496063,-0.0176689,0.246909
4.15462,0.222644,-0.291339,-0.0102887,0.246909
4.15487,0.274102,-0.0866142,0.0380307,0.246909
4.15512,0.346258,0.0787402,0.109179,0.246909
4.15537,0.427148,0.212598,0.212645,0.246909
4.15562,0.49713,0.291339,0.310325,0.246909
4.15587,0.53467,0.330709,0.393986,0.246909
4.15612,0.520659,0.354331,0.439439,0.246909
4.15637,0.444726,0.354331,0.4295,0.246909
4.15662,0.307281,0.370079,0.360226,0.246909
4.15687,0.121566,0.401575,0.236939,0.246909
4.15712,-0.0897623,0.440945,0.0881647,0.246909
4.15737,-0.297113,0.488189,-0.0815514,0.246909
4.15762,-0.471836,0.519685,-0.226639,0.246909
4.15787,-0.590496,0.519685,-0.332027,0.246909
4.15812,-0.63984,0.456693,-0.388219,0.246909
4.15837,-0.619483,0.346457,-0.391254,0.246909
4.15862,-0.541179,0.173228,-0.338126,0.246909
4.15887,-0.425361,-0.0314961,-0.266078,0.246909
4.15912,-0.296312,-0.259843,-0.182489,0.246909
4.15937,-0.176931,-0.472441,-0.106676,0.246909
4.15962,-0.0830072,-0.629921,-0.0601663,0.246909
4.15987,-0.0207448,-0.629921,-0.0408187,0.246909
4.16012,0.0144488,-0.629921,-0.0543628,0.246909
4.16037,0.0347467,-0.629921,-0.0748147,0.246909
4.16062,0.0575123,-0.590551,-0.101634,0.246909
4.16087,0.0978517,-0.425197,-0.0940564,0.246909
4.16112,0.165865,-0.259843,-0.056706,0.246909
4.16137,0.261503,-0.110236,0.0162985,0.246909
4.16162,0.374797,0.00787402,0.132418,0.246909
4.16187,0.486823,0.0944882,0.254219,0.246909
4.16212,0.574491,0.141732,0.366221,0.246909
4.16237,0.614836,0.173228,0.44859,0.246909
4.16262,0.591882,0.19685,0.480347,0.246909
4.16287,0.49973,0.228346,0.453092,0.246909
4.16312,0.345409,0.291339,0.375147,0.246909
4.16337,0.147109,0.362205,0.241782,0.246909
4.16362,-0.0678258,0.448819,0.0786442,0.246909
4.16387,-0.269551,0.535433,-0.0826219,0.246909
4.16412,-0.431459,0.582677,-0.211229,0.246909
4.16437,-0.534421,0.582677,-0.302282,0.246909
4.16462,-0.57157,0.519685,-0.344681,0.246909
4.16487,-0.548161,0.385827,-0.332902,0.246909
4.16512,-0.479793,0.204724,-0.287732,0.246909
4.16537,-0.387766,-0.00787402,-0.223959,0.246909
4.16562,-0.294629,-0.23622,-0.165358,0.246909
4.16587,-0.217502,-0.433071,-0.121743,0.246909
4.16612,-0.165339,-0.582677,-0.108351,0.246909
4.16637,-0.13645,-0.629921,-0.123929,0.246909
4.16662,-0.120714,-0.629921,-0.153675,0.246909
4.16687,-0.101416,-0.590551,-0.177792,0.246909
4.16712,-0.0622282,-0.488189,-0.193863,0.246909
4.16737,0.00923277,-0.362205,-0.163278,0.246909
4.16762,0.116513,-0.244094,-0.0920189,0.246909
4.16787,0.252412,-0.141732,0.0109895,0.246909
4.16812,0.399774,-0.0708661,0.151739,0.246909
4.16837,0.534911,-0.023622,0.292614,0.246909
4.16862,0.632023,0,0.417313,0.246909
4.16887,0.669879,0.023622,0.490475,0.246909
4.16912,0.636239,0.0551181,0.508915,0.246909
4.16937,0.530914,0.133858,0.467099,0.246909
4.16962,0.366559,0.228346,0.369961,0.246909
4.16987,0.166296,0.346457,0.229253,0.246909
4.17012,-0.0410587,0.464567,0.0715902,0.246909
4.17037,-0.227192,0.559055,-0.0773321,0.246909
4.17062,-0.368816,0.614173,-0.18532,0.246909
4.17087,-0.453095,0.598425,-0.250483,0.246909
4.17111,-0.479499,0.519685,-0.271666,0.246909
4.17136,-0.45811,0.385827,-0.261837,0.246909
4.17161,-0.406867,0.19685,-0.224532,0.246909
4.17186,-0.346777,-0.00787402,-0.181747,0.246909
4.17211,-0.295604,-0.212598,-0.153752,0.246909
4.17236,-0.264286,-0.370079,-0.148467,0.246909
4.17261,-0.253642,-0.488189,-0.17263,0.246909
4.17286,-0.255313,-0.527559,-0.214921,0.246909
4.17311,-0.253549,-0.511811,-0.255909,0.246909
4.17336,-0.230549,-0.448819,-0.284783,0.246909
4.17361,-0.171195,-0.362205,-0.269386,0.246909
4.17386,-0.068121,-0.275591,-0.223416,0.246909
4.17411,0.0752906,-0.212598,-0.112365,0.246909
4.17436,0.244866,-0.173228,0.0277703,0.246909
4.17461,0.417765,-0.149606,0.186129,0.246909
4.17486,0.566431,-0.141732,0.338482,0.246909
4.17511,0.665602,-0.125984,0.464889,0.246909
4.17536,0.696789,-0.0944882,0.531753,0.246909
4.17561,0.652664,-0.0393701,0.528406,0.246909
4.17586,0.539128,0.0551181,0.471156,0.246909
4.17611,0.373463,0.181102,0.357222,0.246909
4.17636,0.181842,0.322835,0.216884,0.246909
4.17661,-0.00740211,0.448819,0.078592,0.246909
4.17686,-0.168761,0.543307,-0.051848,0.246909
4.17711,-0.284903,0.590551,-0.143245,0.246909
4.17736,-0.349706,0.566929,-0.191038,0.246909
4.17761,-0.368276,0.480315,-0.202167,0.246909
4.17786,-0.354696,0.330709,-0.185055,0.246909
4.17811,-0.327962,0.15748,-0.167227,0.246909
4.17836,-0.305793,-0.015748,-0.150348,0.246909
4.17861,-0.300524,-0.173228,-0.158195,0.246909
4.17886,-0.315432,-0.299213,-0.195464,0.246909
4.17911,-0.34391,-0.370079,-0.243965,0.246909
4.17936,-0.370941,-0.377953,-0.308625,0.246909
4.17961,-0.377562,-0.354331,-0.359012,0.246909
4.17986,-0.346219,-0.299213,-0.374946,0.246909
4.18011,-0.264803,-0.244094,-0.337892,0.246909
4.18036,-0.132033,-0.204724,-0.24966,0.246909
4.18061,0.0417728,-0.181102,-0.113711,0.246909
4.18086,0.236326,-0.188976,0.0490812,0.246909
4.18111,0.424464,-0.212598,0.227512,0.246909
4.18136,0.57761,-0.228346,0.383876,0.246909
4.18161,0.672191,-0.220472,0.494039,0.246909
4.18186,0.694048,-0.188976,0.549053,0.246909
4.18211,0.641721,-0.110236,0.539835,0.246909
4.18236,0.526216,0,0.457131,0.246909
4.18261,0.369041,0.149606,0.34117,0.246909
4.18286,0.196609,0.291339,0.213194,0.246909
4.18311,0.0353144,0.417323,0.084709,0.246909
4.18336,-0.0945158,0.503937,-0.0241028,0.246909
4.18361,-0.182387,0.535433,-0.0887627,0.246909
4.18386,-0.228807,0.488189,-0.117582,0.246909
4.18411,-0.243766,0.393701,-0.127384,0.246909
4.18436,-0.244359,0.259843,-0.114721,0.246909
4.18461,-0.247784,0.110236,-0.110216,0.246909
4.18486,-0.267651,-0.0314961,-0.131671,0.246909
4.18511,-0.309363,-0.141732,-0.178113,0.246909
4.18536,-0.368424,-0.212598,-0.249784,0.246909
4.18561,-0.430797,-0.244094,-0.325867,0.246909
4.18586,-0.476997,-0.228346,-0.40539,0.246909
4.18611,-0.486519,-0.19685,-0.452747,0.246909
4.18636,-0.44314,-0.165354,-0.445253,0.246909
4.18661,-0.339934,-0.133858,-0.390982,0.246909
4.18686,-0.181951,-0.141732,-0.27204,0.246909
4.18711,0.0144676,-0.165354,-0.104534,0.246909
4.18736,0.223991,-0.204724,0.0737552,0.246909
4.18761,0.416699,-0.259843,0.258477,0.246909
4.18786,0.565579,-0.283465,0.410098,0.246909
4.18811,0.650159,-0.275591,0.514471,0.246909
4.18836,0.662108,-0.23622,0.547915,0.246909
4.18861,0.605379,-0.133858,0.512458,0.246909
4.18886,0.495917,-0.00787402,0.434128,0.246909
4.18911,0.356677,0.133858,0.326145,0.246909
4.18935,0.213357,0.275591,0.202996,0.246909
4.1896,0.087701,0.385827,0.0997781,0.246909
4.18985,-0.00622808,0.440945,0.0302722,0.246909
4.1901,-0.0652691,0.440945,-0.0106226,0.246909
4.19035,-0.0958416,0.385827,-0.0272193,0.246909
4.1906,-0.112807,0.283465,-0.0257078,0.246909
4.19085,-0.132858,0.15748,-0.0341216,0.246909
4.1911,-0.170787,0.0393701,-0.0543879,0.246909
4.19135,-0.234322,-0.0551181,-0.109241,0.246909
4.1916,-0.321257,-0.11811,-0.200076,0.246909
4.19185,-0.419393,-0.141732,-0.305267,0.246909
4.1921,-0.50905,-0.125984,-0.411092,0.246909
4.19235,-0.567663,-0.0944882,-0.498193,0.246909
4.1926,-0.57465,-0.0629921,-0.531624,0.246909
4.19285,-0.517501,-0.0314961,-0.514231,0.246909
4.1931,-0.394867,-0.0393701,-0.430367,0.246909
4.19335,-0.218098,-0.0708661,-0.290355,0.246909
4.1936,-0.00865941,-0.133858,-0.109168,0.246909
4.19385,0.204275,-0.204724,0.0886355,0.246909
4.1941,0.391688,-0.259843,0.273374,0.246909
4.19435,0.528375,-0.291339,0.412132,0.246909
4.1946,0.599753,-0.283465,0.492742,0.246909
4.19485,0.602888,-0.220472,0.518315,0.246909
4.1951,0.547441,-0.11811,0.486032,0.246909
4.19535,0.451982,0,0.404778,0.246909
4.1956,0.340189,0.125984,0.309876,0.246909
4.19585,0.233984,0.244094,0.222276,0.246909
4.1961,0.149512,0.322835,0.147485,0.246909
4.19635,0.0932044,0.346457,0.105875,0.246909
4.1966,0.0616161,0.314961,0.0902281,0.246909
4.19685,0.0420218,0.244094,0.0869465,0.246909
4.1971,0.0180542,0.141732,0.0727567,0.246909
4.19735,-0.0259331,0.0472441,0.044237,0.246909
4.1976,-0.100604,-0.0314961,-0.0130538,0.246909
4.19785,-0.20642,-0.0787402,-0.113414,0.246909
4.1981,-0.334021,-0.102362,-0.234129,0.246909
4.19835,-0.464231,-0.0708661,-0.369911,0.246909
4.1986,-0.573397,-0.0314961,-0.493751,0.246909
4.19885,-0.637173,0.015748,-0.582243,0.246909
4.1991,-0.63767,0.0472441,-0.607284,0.246909
4.19935,-0.566832,0.0551181,-0.575432,0.246909
4.1996,-0.429461,0.023622,-0.465888,0.246909
4.19985,-0.242007,-0.023622,-0.299255,0.246909
4.2001,-0.0308186,-0.0944882,-0.0992313,0.246909
4.20035,0.174828,-0.181102,0.0935008,0.246909
4.2006,0.34731,-0.23622,0.266774,0.246909
4.20085,0.466179,-0.259843,0.393948,0.246909
4.2011,0.522734,-0.228346,0.466882,0.246909
4.20135,0.520186,-0.165354,0.477608,0.246909
4.2016,0.472395,-0.0708661,0.440921,0.246909
4.20185,0.399303,0.0314961,0.381831,0.246909
4.2021,0.322718,0.133858,0.306057,0.246909
4.20235,0.259567,0.204724,0.252159,0.246909
4.2026,0.218984,0.228346,0.21628,0.246909
4.20285,0.199639,0.204724,0.197552,0.246909
4.2031,0.191615,0.149606,0.200866,0.246909
4.20335,0.178155,0.0629921,0.192736,0.246909
4.2036,0.142595,-0.015748,0.172038,0.246909
4.20385,0.0714043,-0.0866142,0.11611,0.246909
4.2041,-0.0395223,-0.133858,0.0132395,0.246909
4.20435,-0.183875,-0.133858,-0.124965,0.246909
4.2046,-0.344938,-0.0944882,-0.283811,0.246909
4.20485,-0.498741,-0.023622,-0.446014,0.246909
4.2051,-0.618538,0.0393701,-0.580332,0.246909
4.20535,-0.681403,0.102362,-0.664202,0.246909
4.2056,-0.672865,0.133858,-0.676186,0.246909
4.20585,-0.590474,0.133858,-0.612003,0.246909
4.2061,-0.444464,0.0944882,-0.480034,0.246909
4.20635,-0.256493,0.0393701,-0.301014,0.246909
4.2066,-0.054402,-0.023622,-0.105528,0.246909
4.20685,0.133512,-0.0944882,0.0871183,0.246909
4.2071,0.283042,-0.133858,0.251282,0.246909
4.20735,0.380326,-0.141732,0.361262,0.246909
4.20759,0.422674,-0.102362,0.414639,0.246909
4.20784,0.418908,-0.0472441,0.425357,0.246909
4.20809,0.385349,0.023622,0.4,0.246909
4.20834,0.342189,0.0944882,0.360004,0.246909
4.20859,0.306848,0.141732,0.325789,0.246909
4.20884,0.290253,0.15748,0.306476,0.246909
4.20909,0.29344,0.125984,0.31152,0.246909
4.20934,0.308217,0.0551181,0.319685,0.246909
4.20959,0.318411,-0.023622,0.32511,0.246909
4.20984,0.305898,-0.125984,0.312546,0.246909
4.21009,0.25447,-0.204724,0.261622,0.246909
4.21034,0.15554,-0.244094,0.169051,0.246909
4.21059,0.0112889,-0.244094,0.0273819,0.246909
4.21084,-0.165041,-0.204724,-0.155576,0.246909
4.21109,-0.350812,-0.125984,-0.346299,0.246909
4.21134,-0.518243,-0.0314961,-0.531689,0.246909
4.21159,-0.64057,0.0551181,-0.665108,0.246909
4.21184,-0.697413,0.133858,-0.737215,0.246909
4.21209,-0.679103,0.173228,-0.728381,0.246909
4.21234,-0.588951,0.173228,-0.649529,0.246909
4.21259,-0.442633,0.149606,-0.505851,0.246909
4.21284,-0.264468,0.102362,-0.313051,0.246909
4.21309,-0.0819764,0.0551181,-0.123814,0.246909
4.21334,0.078743,0.023622,0.0594959,0.246909
4.21359,0.199943,0.00787402,0.213351,0.246909
4.21384,0.273995,0.0314961,0.305341,0.246909
4.21409,0.304583,0.0708661,0.354667,0.246909
4.21434,0.30463,0.11811,0.375445,0.246909
4.21459,0.292196,0.165354,0.367151,0.246909
4.21484,0.284691,0.188976,0.363329,0.246909
4.21509,0.294474,0.173228,0.361859,0.246909
4.21534,0.324818,0.11811,0.388466,0.246909
4.21559,0.369278,0.0314961,0.421278,0.246909
4.21584,0.412646,-0.0866142,0.448954,0.246909
4.21609,0.435537,-0.212598,0.46447,0.246909
4.21634,0.418741,-0.322835,0.431484,0.246909
4.21659,0.349226,-0.393701,0.349434,0.246909
4.21684,0.224068,-0.417323,0.213384,0.246909
4.21709,0.0517959,-0.385827,0.026766,0.246909
4.21734,-0.148021,-0.314961,-0.188395,0.246909
4.21759,-0.347918,-0.204724,-0.411561,0.246909
4.21784,-0.519211,-0.0944882,-0.60101,0.246909
4.21809,-0.636603,0.015748,-0.742663,0.246909
4.21834,-0.683835,0.0944882,-0.798099,0.246909
4.21859,-0.656919,0.15748,-0.774185,0.246909
4.21884,-0.564896,0.173228,-0.678535,0.246909
4.21909,-0.427064,0.181102,-0.526255,0.246909
4.21934,-0.26872,0.173228,-0.346434,0.246909
4.21959,-0.115876,0.165354,-0.160708,0.246909
4.21984,0.0108813,0.181102,0.00641649,0.246909
4.22009,0.100244,0.204724,0.134969,0.246909
4.22034,0.151546,0.251969,0.232915,0.246909
4.22059,0.174149,0.299213,0.285293,0.246909
4.22084,0.184072,0.338583,0.315853,0.246909
4.22109,0.19829,0.346457,0.341658,0.246909
4.22134,0.230464,0.307087,0.375964,0.246909
4.22159,0.286225,0.23622,0.428886,0.246909
4.22184,0.36132,0.110236,0.48932,0.246909
4.22209,0.441671,-0.0472441,0.55228,0.246909
4.22234,0.507177,-0.220472,0.602802,0.246909
4.22259,0.536429,-0.377953,0.607084,0.246909
4.22284,0.511353,-0.503937,0.548062,0.246909
4.22309,0.423426,-0.574803,0.433588,0.246909
4.22334,0.275746,-0.590551,0.253332,0.246909
4.22359,0.0831931,-0.543307,0.0260352,0.246909
4.22384,-0.129615,-0.456693,-0.224142,0.246909
4.22409,-0.333078,-0.338583,-0.471446,0.246909
4.22434,-0.498846,-0.212598,-0.661073,0.246909
4.22459,-0.605127,-0.0866142,-0.802083,0.313531
4.22484,-0.641191,0.00787402,-0.843834,0.313531
4.22509,-0.608754,0.0787402,-0.816472,0.313531
4.22534,-0.521704,0.133858,-0.707109,0.313531
4.22558,-0.401395,0.181102,-0.55999,0.313531
4.22583,-0.272682,0.228346,-0.390871,0.313531
4.22608,-0.157172,0.283465,-0.218941,0.313531
4.22633,-0.069005,0.354331,-0.0746567,0.313531
4.22658,-0.0123193,0.433071,0.0400978,0.313531
4.22683,0.0187053,0.503937,0.132562,0.313531
4.22708,0.0384022,0.559055,0.194951,0.313531
4.22733,0.0632986,0.574803,0.251648,0.313531
4.22758,0.108384,0.543307,0.327983,0.313531
4.22783,0.181752,0.456693,0.412401,0.313531
4.22808,0.281841,0.307087,0.503696,0.313531
4.22833,0.396475,0.11811,0.60904,0.313531
4.22858,0.505722,-0.0944882,0.695991,0.313531
4.22883,0.586174,-0.307087,0.747197,0.313531
4.22908,0.615697,-0.503937,0.735204,0.313531
4.22933,0.579869,-0.629921,0.662592,0.313531
4.22958,0.475263,-0.629921,0.500576,0.313531
4.22983,0.310967,-0.629921,0.283269,0.313531
4.23008,0.107433,-0.629921,0.0132082,0.313531
4.23033,-0.107318,-0.606299,-0.258699,0.313531
4.23058,-0.303688,-0.496063,-0.505487,0.313531
4.23083,-0.45549,-0.370079,-0.700132,0.313531
4.23108,-0.546434,-0.251969,-0.825823,0.313531
4.23133,-0.571442,-0.141732,-0.856481,0.313531
4.23158,-0.538257,-0.0393701,-0.819423,0.313531
4.23183,-0.463556,0.0472441,-0.719473,0.313531
4.23208,-0.369879,0.141732,-0.580508,0.313531
4.23233,-0.278596,0.251969,-0.436869,0.313531
4.23258,-0.205798,0.377953,-0.291046,0.313531
4.23283,-0.158319,0.503937,-0.172512,0.313531
4.23308,-0.133117,0.629921,-0.0743758,0.313531
4.23333,-0.117803,0.629921,0.00601879,0.313531
4.23358,-0.0960906,0.629921,0.0923768,0.313531
4.23383,-0.0515945,0.629921,0.182189,0.313531
4.23408,0.0266809,0.629921,0.295427,0.313531
4.23433,0.140127,0.598425,0.421773,0.313531
4.23458,0.279735,0.401575,0.568554,0.313531
4.23483,0.426653,0.165354,0.701577,0.313531
4.23508,0.556644,-0.0708661,0.799338,0.313531
4.23533,0.644099,-0.314961,0.847479,0.313531
4.23558,0.669264,-0.503937,0.827124,0.313531
4.23583,0.621765,-0.629921,0.720906,0.313531
4.23608,0.504197,-0.629921,0.537498,0.313531
4.23633,0.331039,-0.629921,0.297221,0.313531
4.23658,0.127278,-0.629921,0.0226018,0.313531
4.23683,-0.0784272,-0.590551,-0.252505,0.313531
4.23708,-0.257481,-0.496063,-0.495036,0.313531
4.23733,-0.389068,-0.401575,-0.665976,0.313531
4.23758,-0.462321,-0.314961,-0.773733,0.313531
4.23783,-0.478659,-0.23622,-0.79683,0.313531
4.23808,-0.450072,-0.15748,-0.753634,0.313531
4.23833,-0.39573,-0.0787402,-0.668467,0.313531
4.23858,-0.33612,0.015748,-0.558788,0.313531
4.23883,-0.288098,0.125984,-0.445796,0.313531
4.23908,-0.260826,0.267717,-0.347378,0.313531
4.23933,-0.253563,0.409449,-0.264303,0.313531
4.23958,-0.255784,0.551181,-0.197433,0.313531
4.23983,-0.251284,0.629921,-0.129005,0.313531
4.24008,-0.222587,0.629921,-0.0443715,0.313531
4.24033,-0.155244,0.629921,0.0640811,0.313531
4.24058,-0.0441388,0.629921,0.203371,0.313531
4.24083,0.105612,0.511811,0.370744,0.313531
4.24108,0.277608,0.330709,0.540011,0.313531
4.24133,0.448131,0.11811,0.694811,0.313531
4.24158,0.589398,-0.0787402,0.813898,0.313531
4.24183,0.677046,-0.259843,0.870869,0.313531
4.24208,0.694257,-0.393701,0.841624,0.313531
4.24233,0.636375,-0.480315,0.73012,0.313531
4.24258,0.511292,-0.511811,0.543493,0.313531
4.24283,0.338873,-0.496063,0.306527,0.313531
4.24308,0.145555,-0.456693,0.0502765,0.313531
4.24333,-0.0403495,-0.401575,-0.199082,0.313531
4.24358,-0.194183,-0.346457,-0.400287,0.313531
4.24382,-0.300924,-0.299213,-0.553045,0.313531
4.24407,-0.356339,-0.275591,-0.625774,0.313531
4.24432,-0.367751,-0.244094,-0.638679,0.313531
4.24457,-0.350121,-0.204724,-0.601618,0.313531
4.24482,-0.323001,-0.149606,-0.543966,0.313531
4.24507,-0.303252,-0.0629921,-0.476893,0.313531
4.24532,-0.301848,0.0393701,-0.412372,0.313531
4.24557,-0.32002,0.173228,-0.371101,0.313531
4.24582,-0.349602,0.314961,-0.342193,0.313531
4.24607,-0.37424,0.440945,-0.318262,0.313531
4.24632,-0.375223,0.535433,-0.269561,0.313531
4.24657,-0.334924,0.582677,-0.195836,0.313531
4.24682,-0.243829,0.559055,-0.0753996,0.313531
4.24707,-0.102255,0.488189,0.0851672,0.313531
4.24732,0.0773335,0.354331,0.274819,0.313531
4.24757,0.272931,0.19685,0.462775,0.313531
4.24782,0.456544,0.023622,0.644617,0.313531
4.24807,0.600255,-0.11811,0.766068,0.313531
4.24832,0.682027,-0.228346,0.829259,0.313531
4.24857,0.689745,-0.307087,0.800198,0.313531
4.24882,0.624326,-0.322835,0.695751,0.313531
4.24907,0.49927,-0.307087,0.523516,0.313531
4.24932,0.337237,-0.275591,0.313435,0.313531
4.24957,0.164897,-0.228346,0.0844677,0.313531
4.24982,0.00826059,-0.19685,-0.116278,0.313531
4.25007,-0.114305,-0.181102,-0.279526,0.313531
4.25032,-0.193966,-0.181102,-0.377398,0.313531
4.25057,-0.233548,-0.188976,-0.43495,0.313531
4.25082,-0.24452,-0.19685,-0.435721,0.313531
4.25107,-0.244279,-0.188976,-0.413938,0.313531
4.25132,-0.249913,-0.15748,-0.391078,0.313531
4.25157,-0.273773,-0.0787402,-0.373281,0.313531
4.25182,-0.319359,0.00787402,-0.375044,0.313531
4.25207,-0.380341,0.125984,-0.400801,0.313531
4.25232,-0.441283,0.244094,-0.413112,0.313531
4.25257,-0.482241,0.338583,-0.422899,0.313531
4.25282,-0.482793,0.401575,-0.400053,0.313531
4.25307,-0.428368,0.409449,-0.322667,0.313531
4.25332,-0.314289,0.370079,-0.198626,0.313531
4.25357,-0.147466,0.275591,-0.027501,0.313531
4.25382,0.0535508,0.15748,0.174296,0.313531
4.25407,0.262067,0.0314961,0.385811,0.313531
4.25432,0.448594,-0.0787402,0.559965,0.313531
4.25457,0.586638,-0.165354,0.695116,0.313531
4.25482,0.657987,-0.212598,0.739733,0.313531
4.25507,0.656307,-0.220472,0.716196,0.313531
4.25532,0.588343,-0.188976,0.622775,0.313531
4.25557,0.471461,-0.141732,0.465249,0.313531
4.25582,0.329484,-0.0866142,0.290477,0.313531
4.25607,0.188055,-0.0551181,0.113819,0.313531
4.25632,0.067519,-0.0393701,-0.0379405,0.313531
4.25657,-0.0199023,-0.0472441,-0.144181,0.313531
4.25682,-0.0727837,-0.0708661,-0.205512,0.313531
4.25707,-0.0996423,-0.102362,-0.230682,0.313531
4.25732,-0.115791,-0.125984,-0.232295,0.313531
4.25757,-0.138188,-0.133858,-0.233545,0.313531
4.25782,-0.180607,-0.0944882,-0.238548,0.313531
4.25807,-0.248973,-0.0393701,-0.277237,0.313531
4.25832,-0.339246,0.0393701,-0.337344,0.313531
4.25857,-0.437429,0.133858,-0.411223,0.313531
4.25882,-0.523168,0.212598,-0.482151,0.313531
4.25907,-0.573384,0.267717,-0.512746,0.313531
4.25932,-0.569002,0.283465,-0.506572,0.313531
4.25957,-0.499446,0.251969,-0.42434,0.313531
4.25982,-0.36549,0.181102,-0.295359,0.313531
4.26007,-0.180467,0.0787402,-0.111923,0.313531
4.26032,0.0316707,-0.0314961,0.100841,0.313531
4.26057,0.24209,-0.133858,0.309801,0.313531
4.26082,0.421604,-0.204724,0.474971,0.313531
4.26107,0.54697,-0.23622,0.589316,0.313531
4.26132,0.605307,-0.228346,0.63321,0.313531
4.26157,0.596525,-0.173228,0.608348,0.313531
4.26182,0.532035,-0.102362,0.523358,0.313531
4.26206,0.431669,-0.0314961,0.400173,0.313531
4.26231,0.319331,0.015748,0.254517,0.313531
4.26256,0.216197,0.0551181,0.131148,0.313531
4.26281,0.136782,0.0629921,0.0405691,0.313531
4.26306,0.0857026,0.0393701,-0.0126923,0.313531
4.26331,0.0574149,0.00787402,-0.0317664,0.313531
4.26356,0.0384334,-0.023622,-0.0359275,0.313531
4.26381,0.011942,-0.0393701,-0.0402706,0.313531
4.26406,-0.0374694,-0.0314961,-0.0621542,0.313531
4.26431,-0.118111,0,-0.121192,0.313531
4.26456,-0.229171,0.0551181,-0.207214,0.313531
4.26481,-0.358773,0.11811,-0.309448,0.313531
4.26506,-0.486942,0.181102,-0.427371,0.313531
4.26531,-0.589377,0.220472,-0.516719,0.313531
4.26556,-0.642467,0.220472,-0.564207,0.313531
4.26581,-0.629887,0.181102,-0.554423,0.313531
4.26606,-0.545915,0.0944882,-0.481864,0.313531
4.26631,-0.397558,-0.00787402,-0.335441,0.313531
4.26656,-0.203572,-0.11811,-0.151789,0.313531
4.26681,0.00894926,-0.220472,0.0488961,0.313531
4.26706,0.210347,-0.291339,0.236521,0.313531
4.26731,0.373953,-0.314961,0.392355,0.313531
4.26756,0.481616,-0.291339,0.480391,0.313531
4.26781,0.526442,-0.228346,0.505854,0.313531
4.26806,0.514205,-0.133858,0.470734,0.313531
4.26831,0.45984,-0.0393701,0.400092,0.313531
4.26856,0.384701,0.0472441,0.29881,0.313531
4.26881,0.30953,0.110236,0.21105,0.313531
4.26906,0.250193,0.133858,0.146388,0.313531
4.26931,0.213902,0.133858,0.108301,0.313531
4.26956,0.197873,0.11811,0.111702,0.313531
4.26981,0.189949,0.0787402,0.122875,0.313531
4.27006,0.173679,0.0551181,0.133292,0.313531
4.27031,0.132176,0.0551181,0.133036,0.313531
4.27056,0.0537207,0.0629921,0.089058,0.313531
4.27081,-0.064318,0.110236,-0.000366466,0.313531
4.27106,-0.213367,0.149606,-0.13123,0.313531
4.27131,-0.374938,0.19685,-0.268416,0.313531
4.27156,-0.524459,0.220472,-0.41961,0.313531
4.27181,-0.635156,0.204724,-0.52847,0.313531
4.27206,-0.685529,0.149606,-0.589634,0.313531
4.27231,-0.662956,0.0629921,-0.577292,0.313531
4.27256,-0.56752,-0.0551181,-0.502545,0.313531
4.27281,-0.41184,-0.181102,-0.364573,0.313531
4.27306,-0.219,-0.299213,-0.189123,0.313531
4.27331,-0.0172206,-0.377953,-0.0144411,0.313531
4.27356,0.164858,-0.409449,0.150081,0.313531
4.27381,0.305497,-0.401575,0.266227,0.313531
4.27406,0.392255,-0.330709,0.331117,0.313531
4.27431,0.425133,-0.23622,0.343357,0.313531
4.27456,0.414132,-0.125984,0.310076,0.313531
4.27481,0.377442,-0.015748,0.254503,0.313531
4.27506,0.334591,0.0708661,0.207085,0.313531
4.27531,0.302165,0.133858,0.171625,0.313531
4.27556,0.289451,0.165354,0.163612,0.313531
4.27581,0.295841,0.165354,0.185941,0.313531
4.27606,0.310938,0.15748,0.235885,0.313531
4.27631,0.318355,0.149606,0.277083,0.313531
4.27656,0.299643,0.15748,0.302329,0.313531
4.27681,0.239618,0.181102,0.278963,0.313531
4.27706,0.131822,0.220472,0.208895,0.313531
4.27731,-0.0198329,0.259843,0.0916863,0.313531
4.27756,-0.199728,0.291339,-0.0636741,0.313531
4.27781,-0.38434,0.307087,-0.242272,0.313531
4.27806,-0.545197,0.291339,-0.395981,0.313531
4.27831,-0.656682,0.220472,-0.518735,0.313531
4.27856,-0.699774,0.11811,-0.573032,0.313531
4.27881,-0.667443,-0.00787402,-0.559528,0.313531
4.27906,-0.565249,-0.165354,-0.483308,0.313531
4.27931,-0.411006,-0.307087,-0.360607,0.313531
4.27956,-0.229682,-0.425197,-0.201397,0.313531
4.27981,-0.0497067,-0.496063,-0.0510116,0.313531
4.28006,0.10483,-0.511811,0.0735266,0.313531
4.2803,0.217331,-0.480315,0.159736,0.313531
4.28055,0.282696,-0.401575,0.188564,0.313531
4.2808,0.306332,-0.291339,0.184529,0.313531
4.28105,0.302694,-0.173228,0.154881,0.313531
4.2813,0.290023,-0.0708661,0.124159,0.313531
4.28155,0.284973,0.00787402,0.112369,0.313531
4.2818,0.298651,0.0708661,0.124032,0.313531
4.28205,0.332491,0.110236,0.174856,0.313531
4.2823,0.378,0.141732,0.248066,0.313531
4.28255,0.419006,0.165354,0.326481,0.313531
4.2828,0.435914,0.204724,0.39518,0.313531
4.28305,0.409935,0.251969,0.419024,0.313531
4.2833,0.330039,0.314961,0.387458,0.313531
4.28355,0.194953,0.377953,0.2973,0.313531
4.2838,0.0159302,0.425197,0.154693,0.313531
4.28405,-0.18615,0.456693,-0.0266171,0.313531
4.2843,-0.38296,0.440945,-0.211878,0.313531
4.28455,-0.545939,0.385827,-0.370594,0.313531
4.2848,-0.651063,0.275591,-0.476948,0.313531
4.28505,-0.68435,0.125984,-0.521834,0.313531
4.2853,-0.644234,-0.0472441,-0.496032,0.313531
4.28555,-0.54196,-0.220472,-0.418791,0.313531
4.2858,-0.398115,-0.385827,-0.312989,0.313531
4.28605,-0.239025,-0.503937,-0.180686,0.313531
4.2863,-0.0897827,-0.566929,-0.0685172,0.313531
4.28655,0.0306371,-0.574803,0.0050113,0.313531
4.2868,0.112522,-0.535433,0.0490986,0.313531
4.28705,0.157647,-0.464567,0.0496621,0.313531
4.2873,0.176415,-0.362205,0.0273009,0.313531
4.28755,0.185896,-0.267717,-0.00133893,0.313531
4.2878,0.202599,-0.173228,-0.0105808,0.313531
4.28805,0.239064,-0.0944882,0.0149712,0.313531
4.2883,0.299076,-0.0314961,0.0749801,0.313531
4.28855,0.376445,0.023622,0.169048,0.313531
4.2888,0.45566,0.0866142,0.285047,0.313531
4.28905,0.516173,0.15748,0.394849,0.313531
4.2893,0.536205,0.244094,0.470356,0.313531
4.28955,0.499828,0.338583,0.484204,0.313531
4.2898,0.40013,0.440945,0.449699,0.313531
4.29005,0.242508,0.527559,0.342799,0.313531
4.2903,0.0440423,0.590551,0.190888,0.313531
4.29055,-0.169259,0.606299,0.00704053,0.313531
4.2908,-0.367602,0.574803,-0.160647,0.313531
4.29105,-0.523734,0.480315,-0.306338,0.313531
4.2913,-0.61728,0.338583,-0.399714,0.313531
4.29155,-0.639981,0.15748,-0.432048,0.313531
4.2918,-0.596113,-0.0314961,-0.402513,0.313531
4.29205,-0.501077,-0.220472,-0.325338,0.313531
4.2923,-0.377285,-0.385827,-0.24244,0.313531
4.29255,-0.249592,-0.503937,-0.154669,0.313531
4.2928,-0.138285,-0.574803,-0.0869104,0.313531
4.29305,-0.0561277,-0.590551,-0.0610677,0.313531
4.2933,-0.00491334,-0.566929,-0.0677019,0.313531
4.29355,0.0228526,-0.511811,-0.0958543,0.313531
4.2938,0.0421278,-0.448819,-0.129331,0.313531
4.29405,0.0697795,-0.377953,-0.14877,0.313531
4.2943,0.119826,-0.307087,-0.133208,0.313531
4.29455,0.198668,-0.23622,-0.0640129,0.313531
4.2948,0.302615,-0.165354,0.0356373,0.313531
4.29505,0.417944,-0.0866142,0.171254,0.313531
4.2953,0.523799,0,0.316609,0.313531
4.29555,0.596096,0.110236,0.440051,0.313531
4.2958,0.614195,0.244094,0.513492,0.313531
4.29605,0.565475,0.385827,0.523177,0.313531
4.2963,0.448588,0.519685,0.474363,0.313531
4.29655,0.275087,0.622047,0.358783,0.313531
4.2968,0.0672378,0.629921,0.203088,0.313531
4.29705,-0.146155,0.629921,0.0325009,0.313531
4.2973,-0.336,0.629921,-0.124683,0.313531
4.29755,-0.477468,0.543307,-0.246453,0.313531
4.2978,-0.555969,0.385827,-0.312958,0.313531
4.29805,-0.569318,0.204724,-0.324306,0.313531
4.2983,-0.526861,0.015748,-0.296848,0.313531
4.29854,-0.446855,-0.15748,-0.239387,0.313531
4.29879,-0.352094,-0.307087,-0.178287,0.313531
4.29904,-0.263214,-0.417323,-0.140123,0.313531
4.29929,-0.194931,-0.488189,-0.11763,0.313531
4.29954,-0.15218,-0.511811,-0.141241,0.313531
4.29979,-0.129876,-0.519685,-0.183598,0.313531
4.30004,-0.114782,-0.496063,-0.226037,0.313531
4.30029,-0.0899979,-0.464567,-0.26424,0.313531
4.30054,-0.0397643,-0.433071,-0.259858,0.313531
4.30079,0.0452743,-0.393701,-0.203423,0.313531
4.30104,0.164704,-0.338583,-0.106435,0.313531
4.30129,0.307256,-0.275591,0.03891,0.313531
4.30154,0.453175,-0.188976,0.200737,0.313531
4.30179,0.576867,-0.0787402,0.357266,0.313531
4.30204,0.653966,0.0472441,0.483948,0.313531
4.30229,0.666025,0.19685,0.547359,0.313531
4.30254,0.604875,0.346457,0.547668,0.313531
4.30279,0.475295,0.488189,0.478536,0.313531
4.30304,0.294534,0.590551,0.349979,0.313531
4.30329,0.0880879,0.629921,0.192883,0.313531
4.30354,-0.114572,0.629921,0.0398569,0.313531
4.30379,-0.286203,0.598425,-0.0925702,0.313531
4.30404,-0.407232,0.488189,-0.19002,0.313531
4.30429,-0.469438,0.346457,-0.240353,0.313531
4.30454,-0.476318,0.19685,-0.242748,0.313531
4.30479,-0.441265,0.0314961,-0.206491,0.313531
4.30504,-0.384446,-0.102362,-0.168275,0.313531
4.30529,-0.32579,-0.220472,-0.146975,0.313531
4.30554,-0.281309,-0.307087,-0.145544,0.313531
4.30579,-0.258134,-0.362205,-0.173894,0.313531
4.30604,-0.253619,-0.393701,-0.233284,0.313531
4.30629,-0.256027,-0.409449,-0.293484,0.313531
4.30654,-0.248449,-0.417323,-0.347075,0.313531
4.30679,-0.213146,-0.417323,-0.370819,0.313531
4.30704,-0.137858,-0.417323,-0.338622,0.313531
4.30729,-0.0186934,-0.409449,-0.249023,0.313531
4.30754,0.136627,-0.377953,-0.103998,0.313531
4.30779,0.31057,-0.322835,0.0686823,0.313531
4.30804,0.477481,-0.244094,0.256,0.313531
4.30829,0.610433,-0.125984,0.413756,0.313531
4.30854,0.685914,0.00787402,0.524979,0.313531
4.30879,0.68909,0.15748,0.5751,0.313531
4.30904,0.617674,0.307087,0.553693,0.313531
4.30929,0.482007,0.433071,0.470783,0.313531
4.30954,0.30346,0.527559,0.337046,0.313531
4.30979,0.109375,0.566929,0.193386,0.313531
4.31004,-0.0720482,0.566929,0.0491563,0.313531
4.31029,-0.218054,0.511811,-0.0585677,0.313531
4.31054,-0.315062,0.417323,-0.130491,0.313531
4.31079,-0.361522,0.299213,-0.163607,0.313531
4.31104,-0.365926,0.173228,-0.156853,0.313531
4.31129,-0.345282,0.0472441,-0.132309,0.313531
4.31154,-0.318319,-0.0472441,-0.120435,0.313531
4.31179,-0.301426,-0.125984,-0.132032,0.313531
4.31204,-0.303869,-0.19685,-0.174532,0.313531
4.31229,-0.325188,-0.244094,-0.235311,0.313531
4.31254,-0.355073,-0.275591,-0.322873,0.313531
4.31279,-0.376785,-0.314961,-0.398007,0.313531
4.31304,-0.37116,-0.346457,-0.444531,0.313531
4.31329,-0.321942,-0.377953,-0.449036,0.313531
4.31354,-0.220933,-0.401575,-0.385271,0.313531
4.31379,-0.071125,-0.409449,-0.26341,0.313531
4.31404,0.11335,-0.393701,-0.0912279,0.313531
4.31429,0.309028,-0.338583,0.102686,0.313531
4.31454,0.487139,-0.251969,0.298989,0.313531
4.31479,0.620872,-0.141732,0.450696,0.313531
4.31504,0.689222,0,0.547304,0.313531
4.31529,0.682865,0.133858,0.574714,0.313531
4.31554,0.604959,0.275591,0.529185,0.313531
4.31579,0.471075,0.377953,0.444011,0.313531
4.31604,0.304821,0.448819,0.316714,0.313531
4.31629,0.133837,0.480315,0.185925,0.313531
4.31653,-0.0176891,0.464567,0.0682736,0.313531
4.31678,-0.132467,0.409449,-0.0157282,0.313531
4.31703,-0.204242,0.322835,-0.0539076,0.313531
4.31728,-0.237103,0.228346,-0.0681313,0.313531
4.31753,-0.244776,0.141732,-0.0646915,0.313531
4.31778,-0.244503,0.0551181,-0.0566033,0.313531
4.31803,-0.252742,0,-0.0720629,0.313531
4.31828,-0.280715,-0.0551181,-0.125727,0.313531
4.31853,-0.33,-0.102362,-0.207415,0.313531
4.31878,-0.392255,-0.141732,-0.30419,0.313531
4.31903,-0.45107,-0.181102,-0.418498,0.313531
4.31928,-0.485947,-0.220472,-0.499581,0.313531
4.31953,-0.477034,-0.275591,-0.529892,0.313531
4.31978,-0.411612,-0.322835,-0.51217,0.313531
4.32003,-0.286662,-0.362205,-0.412413,0.313531
4.32028,-0.111891,-0.385827,-0.265201,0.313531
4.32053,0.0928411,-0.370079,-0.0746074,0.313531
4.32078,0.29937,-0.314961,0.13736,0.313531
4.32103,0.47882,-0.228346,0.321272,0.313531
4.32128,0.605415,-0.11811,0.461658,0.313531
4.32153,0.663192,0,0.541783,0.313531
4.32178,0.648281,0.11811,0.548918,0.313531
4.32203,0.569591,0.23622,0.502664,0.313531
4.32228,0.445902,0.314961,0.410113,0.313531
4.32253,0.302373,0.354331,0.302021,0.313531
4.32278,0.16342,0.362205,0.188141,0.313531
4.32303,0.0485467,0.338583,0.112821,0.313531
4.32328,-0.0322359,0.283465,0.0651284,0.313531
4.32353,-0.079331,0.220472,0.0423134,0.313531
4.32378,-0.102942,0.15748,0.0403659,0.313531
4.32403,-0.119115,0.102362,0.0301084,0.313531
4.32428,-0.144276,0.0629921,0.00853866,0.313531
4.32453,-0.191435,0.0314961,-0.0466873,0.383005
4.32478,-0.264481,0,-0.133337,0.383005
4.32503,-0.3575,-0.015748,-0.261771,0.383005
4.32528,-0.455029,-0.0551181,-0.393852,0.383005
4.32553,-0.535874,-0.102362,-0.509719,0.383005
4.32578,-0.577125,-0.165354,-0.585359,0.383005
4.32603,-0.561186,-0.220472,-0.606563,0.383005
4.32628,-0.479022,-0.275591,-0.558505,0.383005
4.32653,-0.334314,-0.314961,-0.433619,0.383005
4.32678,-0.142151,-0.330709,-0.255775,0.383005
4.32703,0.072058,-0.314961,-0.0480179,0.383005
4.32728,0.278857,-0.259843,0.158819,0.383005
4.32753,0.449712,-0.181102,0.327361,0.383005
4.32778,0.563114,-0.0787402,0.45433,0.383005
4.32803,0.608614,0.023622,0.512449,0.383005
4.32828,0.588202,0.11811,0.514734,0.383005
4.32853,0.515167,0.19685,0.462677,0.383005
4.32878,0.410921,0.244094,0.372919,0.383005
4.32903,0.298855,0.251969,0.292776,0.383005
4.32928,0.199256,0.23622,0.217682,0.383005
4.32953,0.125153,0.204724,0.172114,0.383005
4.32978,0.0790475,0.15748,0.153146,0.383005
4.33003,0.0536653,0.11811,0.147486,0.383005
4.33028,0.0344555,0.0866142,0.147017,0.383005
4.33053,0.00485316,0.0629921,0.123417,0.383005
4.33078,-0.0500129,0.0551181,0.0671731,0.383005
4.33103,-0.136791,0.0472441,-0.0299027,0.383005
4.33128,-0.252432,0.0472441,-0.157764,0.383005
4.33153,-0.38353,0.023622,-0.313877,0.383005
4.33178,-0.508919,0,-0.463455,0.383005
4.33203,-0.603618,-0.0393701,-0.586166,0.383005
4.33228,-0.645447,-0.0944882,-0.664155,0.383005
4.33253,-0.619603,-0.15748,-0.662156,0.383005
4.33278,-0.522639,-0.204724,-0.584469,0.383005
4.33303,-0.363986,-0.23622,-0.439173,0.383005
4.33328,-0.164365,-0.244094,-0.243503,0.383005
4.33353,0.0481993,-0.212598,-0.0287212,0.383005
4.33378,0.2445,-0.165354,0.160718,0.383005
4.33403,0.398618,-0.0944882,0.319516,0.383005
4.33428,0.494681,-0.023622,0.425812,0.383005
4.33453,0.52821,0.0393701,0.470487,0.383005
4.33477,0.50669,0.0944882,0.457909,0.383005
4.33502,0.446777,0.125984,0.412584,0.383005
4.33527,0.370107,0.125984,0.346535,0.383005
4.33552,0.296818,0.110236,0.293775,0.383005
4.33577,0.24165,0.0787402,0.261522,0.383005
4.33602,0.209615,0.0472441,0.242535,0.383005
4.33627,0.196155,0.015748,0.240609,0.383005
4.33652,0.1881,0,0.252575,0.383005
4.33677,0.168357,0.00787402,0.238393,0.383005
4.33702,0.120568,0.015748,0.187089,0.383005
4.33727,0.0345188,0.0393701,0.0960479,0.383005
4.33752,-0.0901718,0.0629921,-0.0351769,0.383005
4.33777,-0.243225,0.0708661,-0.208028,0.383005
4.33802,-0.404771,0.0708661,-0.381638,0.383005
4.33827,-0.548778,0.0472441,-0.541775,0.383005
4.33852,-0.649655,0.00787402,-0.666511,0.383005
4.33877,-0.687021,-0.0314961,-0.711358,0.383005
4.33902,-0.65043,-0.0708661,-0.677917,0.383005
4.33927,-0.542375,-0.102362,-0.583283,0.383005
4.33952,-0.377813,-0.11811,-0.414476,0.383005
4.33977,-0.181205,-0.102362,-0.21763,0.383005
4.34002,0.0189799,-0.0708661,-0.0116644,0.383005
4.34027,0.194851,-0.023622,0.175369,0.383005
4.34052,0.325911,0.015748,0.302937,0.383005
4.34077,0.402382,0.0551181,0.391651,0.383005
4.34102,0.425957,0.0866142,0.417656,0.383005
4.34127,0.40871,0.0787402,0.402487,0.383005
4.34152,0.369333,0.0551181,0.365966,0.383005
4.34177,0.327249,0.015748,0.328656,0.383005
4.34202,0.298182,-0.023622,0.310375,0.383005
4.34227,0.289366,-0.0787402,0.304045,0.383005
4.34252,0.298375,-0.110236,0.320444,0.383005
4.34277,0.313475,-0.125984,0.342412,0.383005
4.34302,0.317458,-0.125984,0.342863,0.383005
4.34327,0.291934,-0.0944882,0.317513,0.383005
4.34352,0.223189,-0.0551181,0.232496,0.383005
4.34377,0.106443,-0.00787402,0.109077,0.383005
4.34402,-0.0518509,0.023622,-0.063805,0.383005
4.34427,-0.234864,-0.212598,-0.258523,0.383005
4.34452,-0.41696,-0.0944882,-0.450165,0.383005
4.34477,-0.570462,-0.00787402,-0.606828,0.383005
4.34502,-0.670278,0.0472441,-0.711029,0.383005
4.34527,-0.699468,0.110236,-0.750587,0.383005
4.34552,-0.653192,0.181102,-0.698456,0.383005
4.34577,-0.539758,0.275591,-0.584533,0.383005
4.34602,-0.378358,0.385827,-0.409069,0.383005
4.34627,-0.195225,0.511811,-0.208008,0.383005
4.34652,-0.0183502,0.629921,-0.0144448,0.383005
4.34677,0.129451,0.629921,0.148497,0.383005
4.34702,0.233166,0.629921,0.285664,0.383005
4.34727,0.289928,0.629921,0.367978,0.383005
4.34752,0.307296,0.629921,0.423203,0.383005
4.34777,0.30053,0.488189,0.446707,0.383005
4.34802,0.287931,0.251969,0.462553,0.383005
4.34827,0.285928,-0.023622,0.474995,0.383005
4.34852,0.303545,-0.299213,0.508645,0.383005
4.34877,0.340477,-0.543307,0.546077,0.383005
4.34902,0.38658,-0.629921,0.577207,0.383005
4.34927,0.424701,-0.629921,0.583718,0.383005
4.34952,0.434695,-0.629921,0.545267,0.383005
4.34977,0.399324,-0.629921,0.441889,0.383005
4.35002,0.308878,-0.629921,0.271042,0.383005
4.35027,0.164276,-0.614173,0.0454995,0.383005
4.35052,-0.0210315,-0.480315,-0.215123,0.383005
4.35077,-0.224106,-0.354331,-0.485855,0.383005
4.35102,-0.416621,-0.244094,-0.73353,0.383005
4.35127,-0.57056,-0.141732,-0.914937,0.383005
4.35152,-0.662936,-0.0393701,-1.0087,0.383005
4.35177,-0.682212,0.0708661,-1.00881,0.383005
4.35202,-0.629348,0.220472,-0.903332,0.383005
4.35227,-0.517533,0.385827,-0.723623,0.383005
4.35252,-0.368829,0.574803,-0.497522,0.383005
4.35277,-0.209855,0.629921,-0.238908,0.383005
4.35301,-0.0646191,0.629921,-0.00776254,0.383005
4.35326,0.0489135,0.629921,0.197482,0.383005
4.35351,0.123489,0.629921,0.355002,0.383005
4.35376,0.162645,0.629921,0.458148,0.383005
4.35401,0.178459,0.629921,0.523351,0.383005
4.35426,0.187989,0.551181,0.552313,0.383005
4.35451,0.207576,0.244094,0.571105,0.383005
4.35476,0.248567,-0.0787402,0.590313,0.383005
4.35501,0.312611,-0.393701,0.608395,0.383005
4.35526,0.391655,-0.629921,0.630032,0.383005
4.35551,0.468984,-0.629921,0.629033,0.383005
4.35576,0.52351,-0.629921,0.595545,0.383005
4.35601,0.534063,-0.629921,0.513613,0.383005
4.35626,0.486104,-0.629921,0.368881,0.383005
4.35651,0.374673,-0.629921,0.167534,0.383005
4.35676,0.207944,-0.629921,-0.0827914,0.383005
4.35701,0.00454075,-0.629921,-0.346128,0.383005
4.35726,-0.208379,-0.535433,-0.588286,0.383005
4.35751,-0.400878,-0.417323,-0.795181,0.383005
4.35776,-0.546329,-0.291339,-0.919542,0.383005
4.35801,-0.626935,-0.133858,-0.962354,0.383005
4.35826,-0.636548,0.0472441,-0.913333,0.383005
4.35851,-0.581655,0.267717,-0.785629,0.383005
4.35876,-0.479257,0.511811,-0.598397,0.383005
4.35901,-0.353034,0.629921,-0.386441,0.383005
4.35926,-0.227027,0.629921,-0.172381,0.383005
4.35951,-0.120561,0.629921,0.013106,0.383005
4.35976,-0.0443602,0.629921,0.163401,0.383005
4.36001,0.00162061,0.629921,0.271527,0.383005
4.36026,0.0265753,0.629921,0.333426,0.383005
4.36051,0.0461546,0.629921,0.380716,0.383005
4.36076,0.0772045,0.606299,0.410567,0.383005
4.36101,0.132389,0.267717,0.450018,0.383005
4.36126,0.216466,-0.0787402,0.492625,0.383005
4.36151,0.323808,-0.393701,0.55155,0.383005
4.36176,0.439107,-0.629921,0.613621,0.383005
4.36201,0.540513,-0.629921,0.653974,0.383005
4.36226,0.604112,-0.629921,0.635928,0.383005
4.36251,0.610396,-0.629921,0.570812,0.383005
4.36276,0.548593,-0.629921,0.428278,0.383005
4.36301,0.420015,-0.629921,0.224266,0.383005
4.36326,0.23815,-0.629921,-0.0278635,0.383005
4.36351,0.0268428,-0.629921,-0.288165,0.383005
4.36376,-0.184439,-0.629921,-0.520532,0.383005
4.36401,-0.366607,-0.551181,-0.709817,0.383005
4.36426,-0.497221,-0.433071,-0.826281,0.383005
4.36451,-0.563332,-0.275591,-0.855505,0.383005
4.36476,-0.565167,-0.0787402,-0.808006,0.383005
4.36501,-0.513961,0.15748,-0.700136,0.383005
4.36526,-0.429629,0.433071,-0.553076,0.383005
4.36551,-0.334508,0.629921,-0.38665,0.383005
4.36576,-0.248651,0.629921,-0.240569,0.383005
4.36601,-0.184971,0.629921,-0.10769,0.383005
4.36626,-0.146809,0.629921,-0.00235834,0.383005
4.36651,-0.127008,0.629921,0.0718747,0.383005
4.36676,-0.111418,0.629921,0.135621,0.383005
4.36701,-0.0828327,0.629921,0.195218,0.383005
4.36726,-0.0265826,0.543307,0.2647,0.383005
4.36751,0.0651125,0.244094,0.355352,0.383005
4.36776,0.189938,-0.0472441,0.463215,0.383005
4.36801,0.334965,-0.291339,0.579737,0.383005
4.36826,0.478691,-0.496063,0.682847,0.383005
4.36851,0.595452,-0.622047,0.742637,0.383005
4.36876,0.661635,-0.629921,0.744491,0.383005
4.36901,0.660162,-0.629921,0.665898,0.383005
4.36926,0.585577,-0.629921,0.517079,0.383005
4.36951,0.444893,-0.629921,0.296124,0.383005
4.36976,0.257021,-0.629921,0.0380579,0.383005
4.37001,0.048969,-0.629921,-0.233337,0.383005
4.37026,-0.149617,-0.629921,-0.475724,0.383005
4.37051,-0.313136,-0.622047,-0.652538,0.383005
4.37076,-0.423433,-0.527559,-0.76586,0.383005
4.37101,-0.474603,-0.377953,-0.797571,0.383005
4.37125,-0.472176,-0.181102,-0.754032,0.383005
4.3715,-0.431738,0.0629921,-0.656483,0.383005
4.37175,-0.373088,0.338583,-0.542072,0.383005
4.372,-0.316086,0.614173,-0.419118,0.383005
4.37225,-0.27528,0.629921,-0.307268,0.383005
4.3725,-0.256155,0.629921,-0.215546,0.383005
4.37275,-0.254012,0.629921,-0.154251,0.383005
4.373,-0.255921,0.629921,-0.0886153,0.383005
4.37325,-0.24434,0.629921,-0.0177211,0.383005
4.3735,-0.202405,0.629921,0.0609752,0.383005
4.37375,-0.118939,0.433071,0.179467,0.383005
4.374,0.00803956,0.188976,0.30746,0.383005
4.37425,0.168401,-0.023622,0.462759,0.383005
4.3745,0.343034,-0.212598,0.617084,0.383005
4.37475,0.505638,-0.330709,0.733209,0.383005
4.375,0.629471,-0.409449,0.800814,0.383005
4.37525,0.692229,-0.448819,0.795012,0.383005
4.3755,0.681292,-0.464567,0.701454,0.383005
4.37575,0.596575,-0.496063,0.540912,0.383005
4.376,0.451132,-0.527559,0.30921,0.383005
4.37625,0.267601,-0.566929,0.05852,0.383005
4.3765,0.0738253,-0.614173,-0.193722,0.383005
4.37675,-0.102607,-0.629921,-0.404518,0.383005
4.377,-0.240064,-0.622047,-0.553019,0.383005
4.37725,-0.327406,-0.551181,-0.641437,0.383005
4.3775,-0.365225,-0.425197,-0.653058,0.383005
4.37775,-0.363491,-0.220472,-0.616011,0.383005
4.378,-0.340163,0.015748,-0.550045,0.383005
4.37825,-0.313896,0.275591,-0.469195,0.383005
4.3785,-0.300308,0.527559,-0.398967,0.383005
4.37875,-0.30658,0.629921,-0.338488,0.383005
4.379,-0.330557,0.629921,-0.305124,0.383005
4.37925,-0.360256,0.629921,-0.281045,0.383005
4.3795,-0.378464,0.629921,-0.238748,0.383005
4.37975,-0.365665,0.629921,-0.180031,0.383005
4.38,-0.307131,0.488189,-0.0796508,0.383005
4.38025,-0.196305,0.291339,0.0642412,0.383005
4.3805,-0.0386473,0.110236,0.234748,0.383005
4.38075,0.149945,-0.0314961,0.42914,0.383005
4.381,0.344514,-0.125984,0.599006,0.383005
4.38125,0.516239,-0.188976,0.736147,0.383005
4.3815,0.639014,-0.220472,0.80464,0.383005
4.38175,0.693781,-0.23622,0.799157,0.383005
4.382,0.673362,-0.267717,0.700876,0.383005
4.38225,0.583583,-0.314961,0.539264,0.383005
4.3825,0.441753,-0.385827,0.319908,0.383005
4.38275,0.272421,-0.464567,0.095314,0.383005
4.383,0.103377,-0.543307,-0.118823,0.383005
4.38325,-0.0422539,-0.598425,-0.296695,0.383005
4.3835,-0.149098,-0.598425,-0.405085,0.383005
4.38375,-0.213148,-0.527559,-0.470085,0.383005
4.384,-0.240051,-0.393701,-0.475304,0.383005
4.38425,-0.244759,-0.19685,-0.447238,0.383005
4.3845,-0.244736,0.0314961,-0.41254,0.383005
4.38475,-0.256334,0.267717,-0.381237,0.383005
4.385,-0.288388,0.480315,-0.370382,0.383005
4.38525,-0.34103,0.622047,-0.38357,0.383005
4.3855,-0.404051,0.629921,-0.394941,0.383005
4.38575,-0.460158,0.629921,-0.405992,0.383005
4.386,-0.488121,0.590551,-0.383951,0.383005
4.38625,-0.469468,0.456693,-0.320776,0.383005
4.3865,-0.392607,0.299213,-0.1987,0.383005
4.38675,-0.257385,0.141732,-0.0333857,0.383005
4.387,-0.0751031,0.0314961,0.173375,0.383005
4.38725,0.132206,-0.0314961,0.383018,0.383005
4.3875,0.335816,-0.0708661,0.575505,0.383005
4.38775,0.507039,-0.0787402,0.712076,0.383005
4.388,0.621629,-0.0787402,0.773978,0.383005
4.38825,0.665816,-0.0866142,0.76278,0.383005
4.3885,0.637987,-0.125984,0.660234,0.383005
4.38875,0.549265,-0.19685,0.504772,0.383005
4.389,0.419832,-0.291339,0.31491,0.383005
4.38925,0.27537,-0.401575,0.121764,0.383005
4.38949,0.139663,-0.488189,-0.0416331,0.383005
4.38974,0.030793,-0.543307,-0.173821,0.383005
4.38999,-0.0434936,-0.535433,-0.251516,0.383005
4.39024,-0.0850802,-0.456693,-0.288876,0.383005
4.39049,-0.105978,-0.307087,-0.285791,0.383005
4.39074,-0.1226,-0.110236,-0.276531,0.383005
4.39099,-0.151237,0.102362,-0.27944,0.383005
4.39124,-0.203113,0.299213,-0.298873,0.383005
4.39149,-0.280658,0.456693,-0.347247,0.383005
4.39174,-0.375951,0.543307,-0.404576,0.383005
4.39199,-0.472239,0.551181,-0.469249,0.383005
4.39224,-0.5472,0.496063,-0.506334,0.383005
4.39249,-0.578839,0.385827,-0.489549,0.383005
4.39274,-0.550878,0.251969,-0.419233,0.383005
4.39299,-0.456482,0.11811,-0.291095,0.383005
4.39324,-0.301334,0.015748,-0.10818,0.383005
4.39349,-0.102929,-0.0393701,0.102446,0.383005
4.39374,0.112061,-0.0551181,0.317349,0.383005
4.39399,0.314186,-0.0314961,0.499882,0.383005
4.39424,0.475787,0,0.631032,0.383005
4.39449,0.576921,0.00787402,0.689127,0.383005
4.39474,0.609533,0,0.660422,0.383005
4.39499,0.578034,-0.0393701,0.572595,0.383005
4.39524,0.497397,-0.125984,0.436487,0.383005
4.39549,0.389927,-0.23622,0.286926,0.383005
4.39574,0.278735,-0.354331,0.144063,0.383005
4.39599,0.183218,-0.433071,0.0279023,0.383005
4.39624,0.114428,-0.464567,-0.0494384,0.383005
4.39649,0.0731108,-0.433071,-0.0774544,0.383005
4.39674,0.0501424,-0.338583,-0.0861339,0.383005
4.39699,0.0300993,-0.188976,-0.09128,0.383005
4.39724,-0.00324209,0,-0.102124,0.383005
4.39749,-0.0636973,0.165354,-0.149214,0.383005
4.39774,-0.156547,0.314961,-0.213171,0.383005
4.39799,-0.276319,0.409449,-0.317481,0.383005
4.39824,-0.408047,0.425197,-0.419867,0.383005
4.39849,-0.529634,0.393701,-0.519598,0.383005
4.39874,-0.615988,0.299213,-0.57585,0.383005
4.39899,-0.646078,0.173228,-0.570686,0.383005
4.39924,-0.606815,0.0551181,-0.498261,0.383005
4.39949,-0.497181,-0.0314961,-0.362141,0.383005
4.39974,-0.329012,-0.0787402,-0.18479,0.383005
4.39999,-0.124816,-0.0787402,0.0288557,0.383005
4.40024,0.087036,-0.0472441,0.236016,0.383005
4.40049,0.277167,0,0.3962,0.383005
4.40074,0.421338,0.0551181,0.513266,0.383005
4.40099,0.505578,0.0787402,0.55294,0.383005
4.40124,0.527886,0.0472441,0.531024,0.383005
4.40149,0.49769,0,0.455588,0.383005
4.40174,0.433099,-0.102362,0.361081,0.383005
4.40199,0.355652,-0.212598,0.257636,0.383005
4.40224,0.284836,-0.307087,0.17578,0.383005
4.40249,0.233882,-0.362205,0.12224,0.383005
4.40274,0.206122,-0.362205,0.103637,0.383005
4.40299,0.194839,-0.307087,0.103962,0.383005
4.40324,0.185724,-0.188976,0.102352,0.383005
4.40349,0.161989,-0.0314961,0.0968619,0.383005
4.40374,0.107605,0.11811,0.0552099,0.383005
4.40399,0.0139346,0.259843,-0.0196817,0.383005
4.40424,-0.117137,0.346457,-0.14583,0.383005
4.40449,-0.273391,0.377953,-0.28976,0.383005
4.40474,-0.43369,0.338583,-0.432616,0.383005
4.40499,-0.571611,0.251969,-0.548803,0.383005
4.40524,-0.662018,0.133858,-0.622728,0.383005
4.40549,-0.685911,0.00787402,-0.618631,0.383005
4.40574,-0.635376,-0.0866142,-0.54978,0.383005
4.40599,-0.515283,-0.149606,-0.407875,0.383005
4.40624,-0.342747,-0.15748,-0.232139,0.383005
4.40649,-0.143111,-0.11811,-0.0290282,0.383005
4.40674,0.054441,-0.0551181,0.156521,0.383005
4.40699,0.223138,0.00787402,0.29673,0.383005
4.40724,0.344393,0.0551181,0.38471,0.383005
4.40749,0.410639,0.0629921,0.408006,0.383005
4.40773,0.425256,0.0314961,0.389709,0.383005
4.40798,0.40244,-0.0314961,0.337021,0.383005
4.40823,0.361145,-0.11811,0.27288,0.383005
4.40848,0.320512,-0.212598,0.225348,0.383005
4.40873,0.29494,-0.275591,0.192934,0.383005
4.40898,0.290021,-0.299213,0.203993,0.383005
4.40923,0.30113,-0.251969,0.222397,0.383005
4.40948,0.315535,-0.15748,0.25861,0.383005
4.40973,0.315439,-0.015748,0.267153,0.383005
4.40998,0.2827,0.125984,0.255316,0.383005
4.41023,0.20497,0.267717,0.186989,0.383005
4.41048,0.0797058,0.362205,0.0694044,0.383005
4.41073,-0.0847423,0.401575,-0.0795456,0.383005
4.41098,-0.269801,0.370079,-0.259239,0.383005
4.41123,-0.448649,0.275591,-0.418125,0.383005
4.41148,-0.593922,0.149606,-0.54604,0.383005
4.41173,-0.681389,0.015748,-0.620561,0.383005
4.41198,-0.696497,-0.102362,-0.61685,0.383005
4.41223,-0.636686,-0.181102,-0.543287,0.383005
4.41248,-0.512582,-0.220472,-0.409481,0.383005
4.41273,-0.344752,-0.19685,-0.241515,0.383005
4.41298,-0.160889,-0.149606,-0.0669365,0.383005
4.41323,0.0120749,-0.0866142,0.0735683,0.383005
4.41348,0.152238,-0.023622,0.182372,0.383005
4.41373,0.247335,0,0.237825,0.383005
4.41398,0.295719,0,0.254408,0.383005
4.41423,0.307209,-0.0472441,0.234085,0.383005
4.41448,0.298167,-0.11811,0.197019,0.383005
4.41473,0.286429,-0.19685,0.170261,0.383005
4.41498,0.287624,-0.251969,0.167061,0.383005
4.41523,0.309182,-0.275591,0.204967,0.383005
4.41548,0.348795,-0.23622,0.253644,0.383005
4.41573,0.394835,-0.141732,0.323506,0.383005
4.41598,0.429365,0,0.377569,0.383005
4.41623,0.431871,0.15748,0.401198,0.383005
4.41648,0.386724,0.307087,0.369651,0.383005
4.41673,0.28569,0.417323,0.284744,0.383005
4.41698,0.132396,0.472441,0.144418,0.383005
4.41723,-0.0584713,0.456693,-0.0267405,0.383005
4.41748,-0.261799,0.377953,-0.211679,0.383005
4.41773,-0.449264,0.251969,-0.384269,0.383005
4.41798,-0.592881,0.102362,-0.50213,0.383005
4.41823,-0.672273,-0.0314961,-0.563929,0.383005
4.41848,-0.677595,-0.149606,-0.55404,0.383005
4.41873,-0.61241,-0.220472,-0.486581,0.383005
4.41898,-0.491808,-0.23622,-0.371084,0.383005
4.41923,-0.339115,-0.212598,-0.234263,0.383005
4.41948,-0.181017,-0.173228,-0.101128,0.383005
4.41973,-0.0407485,-0.11811,-0.00153621,0.383005
4.41998,0.0659231,-0.0866142,0.0625732,0.383005
4.42023,0.133319,-0.0787402,0.0924923,0.383005
4.42048,0.166753,-0.11811,0.0834101,0.383005
4.42073,0.180282,-0.181102,0.0633714,0.383005
4.42098,0.190395,-0.251969,0.0539352,0.383005
4.42123,0.213471,-0.307087,0.0667428,0.383005
4.42148,0.258796,-0.322835,0.11271,0.383005
4.42173,0.326638,-0.283465,0.198151,0.383005
4.42198,0.406815,-0.188976,0.299166,0.383005
4.42223,0.481762,-0.0393701,0.390557,0.383005
4.42248,0.529298,0.125984,0.471317,0.383005
4.42273,0.52977,0.307087,0.491396,0.383005
4.42298,0.469997,0.448819,0.456361,0.383005
4.42323,0.34748,0.543307,0.356602,0.383005
4.42348,0.171811,0.566929,0.198807,0.383005
4.42373,-0.0354177,0.511811,0.0199725,0.383005
4.42398,-0.246551,0.401575,-0.166248,0.383005
4.42423,-0.432338,0.259843,-0.329541,0.383005
4.42448,-0.566716,0.102362,-0.433153,0.431462
4.42473,-0.634096,-0.0314961,-0.483184,0.431462
4.42498,-0.630772,-0.141732,-0.463202,0.431462
4.42523,-0.565536,-0.188976,-0.397277,0.431462
4.42548,-0.456774,-0.204724,-0.302028,0.431462
4.42572,-0.3289,-0.181102,-0.202823,0.431462
4.42597,-0.20508,-0.15748,-0.123323,0.431462
4.42622,-0.103822,-0.141732,-0.0702925,0.431462
4.42647,-0.033563,-0.141732,-0.0540075,0.431462
4.42672,0.00732202,-0.181102,-0.0659207,0.431462
4.42697,0.0302292,-0.244094,-0.0885229,0.431462
4.42722,0.0505329,-0.314961,-0.0989621,0.431462
4.42747,0.0852789,-0.377953,-0.08759,0.431462
4.42772,0.145979,-0.401575,-0.0311375,0.431462
4.42797,0.235126,-0.377953,0.0604517,0.431462
4.42822,0.345337,-0.283465,0.184921,0.431462
4.42847,0.459944,-0.133858,0.329641,0.431462
4.42872,0.555891,0.0393701,0.44774,0.431462
4.42897,0.610067,0.23622,0.531399,0.431462
4.42922,0.60424,0.417323,0.555719,0.431462
4.42947,0.529345,0.543307,0.509698,0.431462
4.42972,0.389331,0.606299,0.395934,0.431462
4.42997,0.200061,0.598425,0.241084,0.431462
4.43022,-0.0133092,0.511811,0.0585303,0.431462
4.43047,-0.221521,0.385827,-0.110174,0.431462
4.43072,-0.395494,0.228346,-0.253277,0.431462
4.43097,-0.5145,0.0787402,-0.338075,0.431462
4.43122,-0.568418,-0.0393701,-0.377884,0.431462
4.43147,-0.559205,-0.125984,-0.353502,0.431462
4.43172,-0.500108,-0.165354,-0.3067,0.431462
4.43197,-0.41204,-0.173228,-0.239039,0.431462
4.43222,-0.317142,-0.165354,-0.185373,0.431462
4.43247,-0.234829,-0.165354,-0.158747,0.431462
4.43272,-0.17608,-0.181102,-0.157483,0.431462
4.43297,-0.141973,-0.228346,-0.178891,0.431462
4.43322,-0.124179,-0.291339,-0.221236,0.431462
4.43347,-0.107665,-0.370079,-0.248342,0.431462
4.43372,-0.0749258,-0.440945,-0.24754,0.431462
4.43397,-0.0121424,-0.480315,-0.210955,0.431462
4.43422,0.0862315,-0.464567,-0.111617,0.431462
4.43447,0.216066,-0.393701,0.0252608,0.431462
4.43472,0.362695,-0.251969,0.182677,0.431462
4.43497,0.503304,-0.0629921,0.348986,0.431462
4.43522,0.61226,0.133858,0.487923,0.431462
4.43547,0.666844,0.346457,0.570029,0.431462
4.43572,0.651709,0.511811,0.591369,0.431462
4.43597,0.563779,0.622047,0.539867,0.431462
4.43622,0.412645,0.629921,0.424124,0.431462
4.43647,0.219016,0.606299,0.279473,0.431462
4.43672,0.0102525,0.511811,0.108442,0.431462
4.43697,-0.183532,0.377953,-0.0437058,0.431462
4.43722,-0.337989,0.228346,-0.159299,0.431462
4.43747,-0.437541,0.102362,-0.224349,0.431462
4.43772,-0.477971,0,-0.254148,0.431462
4.43797,-0.46701,-0.0629921,-0.238639,0.431462
4.43822,-0.421492,-0.102362,-0.21082,0.431462
4.43847,-0.361676,-0.125984,-0.177705,0.431462
4.43872,-0.306954,-0.141732,-0.17787,0.431462
4.43897,-0.270107,-0.181102,-0.197469,0.431462
4.43922,-0.254695,-0.23622,-0.244812,0.431462
4.43947,-0.254469,-0.322835,-0.312861,0.431462
4.43972,-0.255435,-0.425197,-0.36396,0.431462
4.43997,-0.239391,-0.511811,-0.399691,0.431462
4.44022,-0.190069,-0.566929,-0.379702,0.431462
4.44047,-0.0983287,-0.582677,-0.311406,0.431462
4.44072,0.0357467,-0.527559,-0.178158,0.431462
4.44097,0.200678,-0.401575,-0.00962424,0.431462
4.44122,0.375163,-0.228346,0.177639,0.431462
4.44147,0.532481,-0.00787402,0.354034,0.431462
4.44172,0.646426,0.212598,0.494696,0.431462
4.44197,0.695943,0.417323,0.577182,0.431462
4.44222,0.670866,0.566929,0.590544,0.431462
4.44247,0.573557,0.629921,0.540467,0.431462
4.44272,0.418909,0.629921,0.426594,0.431462
4.44297,0.231101,0.614173,0.298381,0.431462
4.44322,0.0387835,0.511811,0.154302,0.431462
4.44347,-0.131548,0.393701,0.0316354,0.431462
4.44372,-0.260411,0.267717,-0.0501789,0.431462
4.44396,-0.338106,0.15748,-0.0953017,0.431462
4.44421,-0.367165,0.0787402,-0.112538,0.431462
4.44446,-0.360287,0.023622,-0.105258,0.431462
4.44471,-0.335015,-0.015748,-0.100594,0.431462
4.44496,-0.310091,-0.0551181,-0.11389,0.431462
4.44521,-0.299895,-0.110236,-0.159193,0.431462
4.44546,-0.30999,-0.19685,-0.226849,0.431462
4.44571,-0.336099,-0.299213,-0.323674,0.431462
4.44596,-0.365177,-0.425197,-0.419619,0.431462
4.44621,-0.37886,-0.543307,-0.493711,0.431462
4.44646,-0.358443,-0.629921,-0.522744,0.431462
4.44671,-0.290401,-0.629921,-0.487737,0.431462
4.44696,-0.170252,-0.629921,-0.388673,0.431462
4.44721,-0.00507703,-0.582677,-0.232693,0.431462
4.44746,0.186691,-0.425197,-0.0411214,0.431462
4.44771,0.379023,-0.212598,0.152441,0.431462
4.44796,0.543753,0.00787402,0.336523,0.431462
4.44821,0.654805,0.23622,0.478253,0.431462
4.44846,0.695705,0.433071,0.550796,0.431462
4.44871,0.661513,0.574803,0.557647,0.431462
4.44896,0.560365,0.629921,0.503212,0.431462
4.44921,0.411218,0.629921,0.409189,0.431462
4.44946,0.240204,0.606299,0.302384,0.431462
4.44971,0.0737507,0.527559,0.198657,0.431462
4.44996,-0.0655101,0.425197,0.119446,0.431462
4.45021,-0.164323,0.330709,0.0607406,0.431462
4.45046,-0.220357,0.244094,0.0410753,0.431462
4.45071,-0.242208,0.188976,0.0370913,0.431462
4.45096,-0.244684,0.133858,0.0362281,0.431462
4.45121,-0.245697,0.0787402,0.0123524,0.431462
4.45146,-0.260559,0.00787402,-0.0421024,0.431462
4.45171,-0.296874,-0.0787402,-0.134508,0.431462
4.45196,-0.352443,-0.204724,-0.256176,0.431462
4.45221,-0.415667,-0.354331,-0.386868,0.431462
4.45246,-0.468062,-0.511811,-0.509868,0.431462
4.45271,-0.48857,-0.629921,-0.586487,0.431462
4.45296,-0.459735,-0.629921,-0.615157,0.431462
4.45321,-0.371759,-0.629921,-0.567626,0.431462
4.45346,-0.226326,-0.629921,-0.451338,0.431462
4.45371,-0.0374599,-0.629921,-0.277155,0.431462
4.45396,0.171221,-0.456693,-0.0764403,0.431462
4.45421,0.371283,-0.228346,0.123533,0.431462
4.45446,0.533349,0.00787402,0.306966,0.431462
4.45471,0.635486,0.228346,0.438009,0.431462
4.45496,0.66587,0.417323,0.504306,0.431462
4.45521,0.625553,0.543307,0.506999,0.431462
4.45546,0.527305,0.606299,0.459675,0.431462
4.45571,0.393328,0.614173,0.384928,0.431462
4.45596,0.248684,0.590551,0.301188,0.431462
4.45621,0.116853,0.527559,0.24174,0.431462
4.45646,0.0141711,0.472441,0.201287,0.431462
4.45671,-0.0532361,0.409449,0.181876,0.431462
4.45696,-0.0902132,0.354331,0.184812,0.431462
4.45721,-0.10898,0.307087,0.179579,0.431462
4.45746,-0.126479,0.251969,0.164579,0.431462
4.45771,-0.159027,0.181102,0.113614,0.431462
4.45796,-0.215789,0.0787402,0.0210897,0.431462
4.45821,-0.297521,-0.0551181,-0.117413,0.431462
4.45846,-0.394409,-0.220472,-0.27487,0.431462
4.45871,-0.488509,-0.393701,-0.432505,0.431462
4.45896,-0.556965,-0.566929,-0.567995,0.431462
4.45921,-0.578687,-0.629921,-0.650947,0.431462
4.45946,-0.53822,-0.629921,-0.668772,0.431462
4.45971,-0.431692,-0.629921,-0.612934,0.431462
4.45996,-0.266836,-0.629921,-0.485703,0.431462
4.46021,-0.063354,-0.574803,-0.304265,0.431462
4.46046,0.151911,-0.385827,-0.107733,0.431462
4.46071,0.348193,-0.165354,0.0946152,0.431462
4.46096,0.499537,0.0314961,0.258371,0.431462
4.46121,0.588304,0.220472,0.368525,0.431462
4.46146,0.608242,0.354331,0.425976,0.431462
4.46171,0.565987,0.440945,0.432735,0.431462
4.46196,0.478684,0.464567,0.404528,0.431462
4.4622,0.368787,0.464567,0.356165,0.431462
4.46245,0.259245,0.433071,0.314881,0.431462
4.4627,0.168293,0.401575,0.293254,0.431462
4.46295,0.104675,0.377953,0.292769,0.431462
4.4632,0.0677199,0.362205,0.303624,0.431462
4.46345,0.0466133,0.354331,0.315526,0.431462
4.4637,0.0256782,0.338583,0.300509,0.431462
4.46395,-0.0122944,0.307087,0.257453,0.431462
4.4642,-0.0786332,0.23622,0.163716,0.431462
4.46445,-0.17707,0.133858,0.0220237,0.431462
4.4647,-0.300633,0,-0.150527,0.431462
4.46495,-0.432435,-0.173228,-0.34215,0.431462
4.4652,-0.549128,-0.346457,-0.511487,0.431462
4.46545,-0.626411,-0.511811,-0.644568,0.431462
4.4657,-0.644161,-0.622047,-0.719806,0.431462
4.46595,-0.591473,-0.629921,-0.710113,0.431462
4.4662,-0.469722,-0.629921,-0.620182,0.431462
4.46645,-0.292757,-0.590551,-0.474928,0.431462
4.4667,-0.084885,-0.448819,-0.290605,0.431462
4.46695,0.125041,-0.275591,-0.0869698,0.431462
4.4672,0.307978,-0.102362,0.0927245,0.431462
4.46745,0.441937,0.0551181,0.228437,0.431462
4.4677,0.51438,0.181102,0.319726,0.431462
4.46795,0.525861,0.259843,0.36334,0.431462
4.4682,0.48766,0.299213,0.370855,0.431462
4.46845,0.418995,0.299213,0.347306,0.431462
4.4687,0.341316,0.291339,0.329097,0.431462
4.46895,0.273641,0.275591,0.326316,0.431462
4.4692,0.226937,0.275591,0.331428,0.431462
4.46945,0.203025,0.283465,0.358378,0.431462
4.4697,0.19341,0.307087,0.39176,0.431462
4.46995,0.183243,0.330709,0.406175,0.431462
4.4702,0.15442,0.338583,0.372977,0.431462
4.47045,0.0931348,0.314961,0.300794,0.431462
4.4707,-0.00777141,0.251969,0.179019,0.431462
4.47095,-0.144998,0.149606,0.00869474,0.431462
4.4712,-0.303957,0.00787402,-0.195051,0.431462
4.47145,-0.461946,-0.149606,-0.394374,0.431462
4.4717,-0.592714,-0.307087,-0.564887,0.431462
4.47195,-0.67191,-0.440945,-0.685538,0.431462
4.4722,-0.682147,-0.527559,-0.734827,0.431462
4.47245,-0.617894,-0.551181,-0.700927,0.431462
4.4727,-0.486331,-0.519685,-0.597587,0.431462
4.47295,-0.306634,-0.425197,-0.444855,0.431462
4.4732,-0.105177,-0.299213,-0.259729,0.431462
4.47345,0.0886431,-0.165354,-0.0787684,0.431462
4.4737,0.249906,-0.0314961,0.0772046,0.431462
4.47395,0.361036,0.0629921,0.189738,0.431462
4.4742,0.416877,0.133858,0.260132,0.431462
4.47445,0.423397,0.165354,0.288049,0.431462
4.4747,0.395588,0.165354,0.297557,0.431462
4.47495,0.352882,0.15748,0.295828,0.431462
4.4752,0.314299,0.141732,0.303075,0.431462
4.47545,0.292421,0.141732,0.332547,0.431462
4.4757,0.291135,0.165354,0.379993,0.431462
4.47595,0.304152,0.204724,0.424765,0.431462
4.4762,0.317272,0.251969,0.472175,0.431462
4.47645,0.312165,0.291339,0.475458,0.431462
4.4767,0.271762,0.307087,0.434602,0.431462
4.47695,0.185255,0.291339,0.341065,0.431462
4.4772,0.0514566,0.228346,0.187926,0.431462
4.47745,-0.118621,0.125984,-0.0134144,0.431462
4.4777,-0.304353,0,-0.229263,0.431462
4.47795,-0.479146,-0.133858,-0.430024,0.431462
4.4782,-0.61524,-0.267717,-0.595843,0.431462
4.47845,-0.689964,-0.362205,-0.699197,0.431462
4.4787,-0.690856,-0.409449,-0.721855,0.431462
4.47895,-0.617872,-0.401575,-0.672308,0.431462
4.4792,-0.483813,-0.346457,-0.559961,0.431462
4.47945,-0.310943,-0.251969,-0.400328,0.431462
4.4797,-0.126942,-0.141732,-0.23516,0.431462
4.47995,0.0414136,-0.0393701,-0.0775447,0.431462
4.4802,0.173661,0.0314961,0.0478891,0.431462
4.48044,0.259622,0.0866142,0.136653,0.431462
4.48069,0.30035,0.0944882,0.182072,0.431462
4.48094,0.306597,0.0866142,0.209369,0.431462
4.48119,0.295398,0.0551181,0.229941,0.431462
4.48144,0.285383,0.0314961,0.24709,0.431462
4.48169,0.290045,0.023622,0.297135,0.431462
4.48194,0.315439,0.0314961,0.360153,0.431462
4.48219,0.357409,0.0708661,0.433424,0.431462
4.48244,0.402871,0.125984,0.498647,0.431462
4.48269,0.432764,0.181102,0.540431,0.431462
4.48294,0.427551,0.228346,0.54165,0.431462
4.48319,0.372062,0.244094,0.48288,0.431462
4.48344,0.260648,0.220472,0.348314,0.431462
4.48369,0.0988235,0.165354,0.177855,0.431462
4.48394,-0.0961371,0.0708661,-0.0390315,0.431462
4.48419,-0.298926,-0.0393701,-0.260439,0.431462
4.48444,-0.480186,-0.149606,-0.462016,0.431462
4.48469,-0.613066,-0.228346,-0.608491,0.431462
4.48494,-0.678993,-0.283465,-0.692594,0.431462
4.48519,-0.670481,-0.283465,-0.693502,0.431462
4.48544,-0.59349,-0.23622,-0.624738,0.431462
4.48569,-0.464858,-0.15748,-0.516801,0.431462
4.48594,-0.309207,-0.0708661,-0.369005,0.431462
4.48619,-0.152816,0.00787402,-0.22423,0.431462
4.48644,-0.017926,0.0708661,-0.0986407,0.431462
4.48669,0.0813067,0.110236,-0.00158549,0.431462
4.48694,0.141801,0.102362,0.0671629,0.431462
4.48719,0.170384,0.0708661,0.102791,0.431462
4.48744,0.181786,0.023622,0.135267,0.431462
4.48769,0.19342,-0.015748,0.16815,0.431462
4.48794,0.220158,-0.0551181,0.221435,0.431462
4.48819,0.269968,-0.0629921,0.299361,0.431462
4.48844,0.341079,-0.0472441,0.3908,0.431462
4.48869,0.421787,0,0.486342,0.431462
4.48894,0.493329,0.0551181,0.563741,0.431462
4.48919,0.533549,0.102362,0.601071,0.431462
4.48944,0.523432,0.149606,0.588692,0.431462
4.48969,0.45167,0.149606,0.506882,0.431462
4.48994,0.318189,0.11811,0.34744,0.431462
4.49019,0.134935,0.0629921,0.150452,0.431462
4.49044,-0.0755154,0,-0.0755019,0.431462
4.49069,-0.284223,-0.0787402,-0.293195,0.431462
4.49094,-0.461797,-0.133858,-0.483064,0.431462
4.49119,-0.58473,-0.165354,-0.601865,0.431462
4.49144,-0.638784,-0.15748,-0.666725,0.431462
4.49169,-0.622876,-0.110236,-0.65022,0.431462
4.49194,-0.547702,-0.0393701,-0.57568,0.431462
4.49219,-0.433611,0.0393701,-0.458286,0.431462
4.49244,-0.304826,0.110236,-0.334749,0.431462
4.49269,-0.184187,0.165354,-0.21467,0.431462
4.49294,-0.0881854,0.173228,-0.118245,0.431462
4.49319,-0.0239238,0.149606,-0.0526993,0.431462
4.49344,0.0126102,0.0866142,-0.00320663,0.431462
4.49369,0.0335627,0.00787402,0.0265614,0.431462
4.49394,0.0555988,-0.0629921,0.0656833,0.431462
4.49419,0.0944869,-0.125984,0.120062,0.431462
4.49444,0.160415,-0.165354,0.200303,0.431462
4.49469,0.254537,-0.173228,0.302798,0.431462
4.49494,0.36702,-0.149606,0.419914,0.431462
4.49519,0.479978,-0.0944882,0.530365,0.431462
4.49544,0.569835,-0.0393701,0.606497,0.431462
4.49569,0.614018,0,0.633426,0.431462
4.49594,0.595518,0.0314961,0.595282,0.431462
4.49619,0.507978,0.0314961,0.485569,0.431462
4.49644,0.357013,0.00787402,0.308461,0.431462
4.49669,0.161117,-0.023622,0.108131,0.431462
4.49694,-0.0536979,-0.0629921,-0.117239,0.431462
4.49719,-0.257168,-0.0866142,-0.320781,0.431462
4.49744,-0.422433,-0.0944882,-0.476743,0.431462
4.49769,-0.529658,-0.0551181,-0.576707,0.431462
4.49794,-0.571134,0,-0.601779,0.431462
4.49819,-0.551307,0.0787402,-0.565915,0.431462
4.49844,-0.485225,0.165354,-0.490744,0.431462
4.49868,-0.394219,0.244094,-0.387952,0.431462
4.49893,-0.300429,0.291339,-0.280681,0.431462
4.49918,-0.221847,0.299213,-0.195892,0.431462
4.49943,-0.167995,0.267717,-0.129905,0.431462
4.49968,-0.137926,0.188976,-0.0880438,0.431462
4.49993,-0.121391,0.0787402,-0.0618665,0.431462
4.50018,-0.103152,-0.015748,-0.0321182,0.431462
4.50043,-0.065717,-0.11811,0.0123086,0.431462
4.50068,0.00330475,-0.19685,0.0859441,0.431462
4.50093,0.108468,-0.244094,0.182023,0.431462
4.50118,0.242788,-0.251969,0.307002,0.431462
4.50143,0.390171,-0.228346,0.435216,0.431462
4.50168,0.526803,-0.19685,0.5461,0.431462
4.50193,0.627291,-0.149606,0.618323,0.431462
4.50218,0.669554,-0.125984,0.625404,0.431462
4.50243,0.640794,-0.102362,0.5699,0.431462
4.50268,0.539822,-0.110236,0.437997,0.431462
4.50293,0.378892,-0.125984,0.261207,0.431462
4.50318,0.180078,-0.141732,0.0584147,0.431462
4.50343,-0.0277048,-0.133858,-0.14497,0.431462
4.50368,-0.21605,-0.102362,-0.32345,0.431462
4.50393,-0.36108,-0.0472441,-0.457515,0.431462
4.50418,-0.449355,0.0314961,-0.515838,0.431462
4.50443,-0.47937,0.149606,-0.519788,0.431462
4.50468,-0.460617,0.267717,-0.475014,0.431462
4.50493,-0.410841,0.362205,-0.405058,0.431462
4.50518,-0.350586,0.433071,-0.312556,0.431462
4.50543,-0.298461,0.456693,-0.241192,0.431462
4.50568,-0.265673,0.425197,-0.184229,0.431462
4.50593,-0.253922,0.346457,-0.153992,0.431462
4.50618,-0.254965,0.23622,-0.137968,0.431462
4.50643,-0.254159,0.102362,-0.128542,0.431462
4.50668,-0.233038,-0.015748,-0.102567,0.431462
4.50693,-0.176463,-0.133858,-0.0446005,0.431462
4.50718,-0.0762181,-0.220472,0.0560928,0.431462
4.50743,0.0647693,-0.267717,0.181281,0.431462
4.50768,0.233285,-0.291339,0.322798,0.431462
4.50793,0.406693,-0.291339,0.456175,0.431462
4.50818,0.557786,-0.283465,0.563322,0.431462
4.50843,0.661026,-0.275591,0.620482,0.431462
4.50868,0.697039,-0.267717,0.614661,0.431462
4.50893,0.657811,-0.275591,0.53539,0.431462
4.50918,0.548401,-0.283465,0.39378,0.431462
4.50943,0.385691,-0.283465,0.211247,0.431462
4.50968,0.19463,-0.267717,0.0180039,0.431462
4.50993,0.00452354,-0.220472,-0.165628,0.431462
4.51018,-0.159302,-0.133858,-0.320367,0.431462
4.51043,-0.278713,-0.015748,-0.409934,0.431462
4.51068,-0.347087,0.125984,-0.447689,0.431462
4.51093,-0.368198,0.275591,-0.432775,0.431462
4.51118,-0.356285,0.417323,-0.391644,0.431462
4.51143,-0.32973,0.519685,-0.32553,0.431462
4.51168,-0.306809,0.574803,-0.262671,0.431462
4.51193,-0.300224,0.582677,-0.219139,0.431462
4.51218,-0.313964,0.527559,-0.202593,0.431462
4.51243,-0.341752,0.425197,-0.20174,0.431462
4.51268,-0.369608,0.299213,-0.203906,0.431462
4.51293,-0.37825,0.149606,-0.193528,0.431462
4.51318,-0.349531,0.015748,-0.149551,0.431462
4.51343,-0.271768,-0.0866142,-0.0736071,0.431462
4.51368,-0.142366,-0.181102,0.04399,0.431462
4.51393,0.0293574,-0.251969,0.182683,0.431462
4.51418,0.223464,-0.291339,0.338227,0.431462
4.51443,0.41273,-0.330709,0.477194,0.431462
4.51468,0.569092,-0.354331,0.576355,0.431462
4.51493,0.668112,-0.385827,0.614469,0.431462
4.51518,0.694936,-0.417323,0.581281,0.431462
4.51543,0.647276,-0.448819,0.488532,0.431462
4.51568,0.535549,-0.464567,0.345416,0.431462
4.51593,0.380099,-0.456693,0.158021,0.431462
4.51618,0.207987,-0.409449,-0.0230788,0.431462
4.51643,0.0452156,-0.307087,-0.177152,0.431462
4.51667,-0.0873334,-0.173228,-0.290281,0.431462
4.51692,-0.178035,0,-0.359781,0.431462
4.51717,-0.226729,0.181102,-0.374655,0.431462
4.51742,-0.243471,0.354331,-0.348782,0.431462
4.51767,-0.244388,0.511811,-0.300322,0.431462
4.51792,-0.247146,0.622047,-0.255574,0.431462
4.51817,-0.265659,0.629921,-0.231958,0.431462
4.51842,-0.306019,0.629921,-0.219701,0.431462
4.51867,-0.364132,0.606299,-0.228118,0.431462
4.51892,-0.427034,0.496063,-0.246116,0.431462
4.51917,-0.474973,0.370079,-0.264411,0.431462
4.51942,-0.487268,0.228346,-0.249675,0.431462
4.51967,-0.447817,0.102362,-0.191608,0.431462
4.51992,-0.348657,-0.00787402,-0.101339,0.431462
4.52017,-0.193847,-0.110236,0.0367542,0.431462
4.52042,0.000890771,-0.188976,0.197836,0.431462
4.52067,0.210151,-0.259843,0.349049,0.431462
4.52092,0.405044,-0.322835,0.491083,0.431462
4.52117,0.557536,-0.385827,0.576519,0.431462
4.52142,0.646805,-0.456693,0.59878,0.431462
4.52167,0.663497,-0.511811,0.548066,0.431462
4.52192,0.611079,-0.559055,0.439038,0.431462
4.52217,0.504264,-0.582677,0.286899,0.431462
4.52242,0.366363,-0.559055,0.123802,0.431462
4.52267,0.222492,-0.496063,-0.0298698,0.431462
4.52292,0.0950767,-0.385827,-0.162019,0.431462
4.52317,-0.00120149,-0.228346,-0.246078,0.431462
4.52342,-0.0622388,-0.0472441,-0.28073,0.431462
4.52367,-0.0944653,0.133858,-0.273488,0.431462
4.52392,-0.111755,0.314961,-0.248606,0.431462
4.52417,-0.131099,0.456693,-0.218708,0.431462
4.52442,-0.167514,0.566929,-0.201414,0.36186
4.52467,-0.229361,0.614173,-0.203245,0.36186
4.52492,-0.314925,0.614173,-0.231723,0.36186
4.52517,-0.412984,0.566929,-0.28335,0.36186
4.52542,-0.50392,0.488189,-0.322396,0.36186
4.52567,-0.565073,0.393701,-0.341027,0.36186
4.52592,-0.57609,0.299213,-0.331353,0.36186
4.52617,-0.523403,0.204724,-0.259026,0.36186
4.52642,-0.404755,0.11811,-0.148404,0.36186
4.52667,-0.230966,0.0393701,0.0057543,0.36186
4.52692,-0.0231334,-0.023622,0.183743,0.36186
4.52717,0.190676,-0.110236,0.342251,0.36186
4.52742,0.380608,-0.19685,0.47411,0.36186
4.52767,0.521305,-0.299213,0.552033,0.36186
4.52792,0.597115,-0.401575,0.561876,0.36186
4.52817,0.604756,-0.488189,0.513787,0.36186
4.52842,0.552516,-0.566929,0.410737,0.36186
4.52867,0.459179,-0.606299,0.283038,0.36186
4.52892,0.347593,-0.598425,0.143819,0.36186
4.52917,0.240413,-0.543307,0.0159142,0.36186
4.52942,0.154191,-0.433071,-0.0684679,0.36186
4.52967,0.0961791,-0.283465,-0.128503,0.36186
4.52992,0.0628964,-0.11811,-0.136781,0.36186
4.53017,0.0430846,0.0551181,-0.140354,0.36186
4.53042,0.0202388,0.220472,-0.127794,0.36186
4.53067,-0.0221381,0.338583,-0.133645,0.36186
4.53092,-0.0946959,0.433071,-0.15917,0.36186
4.53117,-0.198658,0.480315,-0.216275,0.36186
4.53142,-0.325133,0.488189,-0.293531,0.36186
4.53167,-0.456113,0.464567,-0.372297,0.36186
4.53192,-0.567228,0.425197,-0.428194,0.36186
4.53217,-0.634823,0.377953,-0.45774,0.36186
4.53242,-0.639864,0.330709,-0.427999,0.36186
4.53267,-0.573689,0.275591,-0.344921,0.36186
4.53292,-0.440234,0.23622,-0.213334,0.36186
4.53317,-0.255627,0.181102,-0.0353239,0.36186
4.53342,-0.0446956,0.110236,0.152662,0.36186
4.53367,0.162096,0.023622,0.322929,0.36186
4.53392,0.337283,-0.0787402,0.448564,0.36186
4.53417,0.46014,-0.204724,0.525415,0.36186
4.53442,0.521021,-0.330709,0.531151,0.36186
4.53467,0.52191,-0.440945,0.49095,0.36186
4.53491,0.476478,-0.527559,0.394864,0.36186
4.53516,0.404581,-0.582677,0.288651,0.36186
4.53541,0.32747,-0.574803,0.179069,0.36186
4.53566,0.263127,-0.527559,0.0960064,0.36186
4.53591,0.221016,-0.433071,0.0329564,0.36186
4.53616,0.20044,-0.291339,0.0123592,0.36186
4.53641,0.191958,-0.149606,0.0030929,0.36186
4.53666,0.179692,-0.00787402,-0.0023868,0.36186
4.53691,0.145935,0.110236,-0.0186571,0.36186
4.53716,0.0773099,0.212598,-0.0602816,0.36186
4.53741,-0.0309856,0.283465,-0.132323,0.36186
4.53766,-0.173449,0.322835,-0.231192,0.36186
4.53791,-0.33433,0.338583,-0.341854,0.36186
4.53816,-0.48924,0.338583,-0.447727,0.36186
4.53841,-0.612206,0.338583,-0.523252,0.36186
4.53866,-0.679386,0.338583,-0.552669,0.36186
4.53891,-0.675747,0.330709,-0.510909,0.36186
4.53916,-0.597995,0.330709,-0.406228,0.36186
4.53941,-0.455842,0.307087,-0.25793,0.36186
4.53966,-0.269564,0.275591,-0.0674831,0.36186
4.53991,-0.0675087,0.212598,0.113516,0.36186
4.54016,0.12192,0.11811,0.277988,0.36186
4.54041,0.274609,0.00787402,0.402269,0.36186
4.54066,0.375719,-0.11811,0.466441,0.36186
4.54091,0.421429,-0.251969,0.465791,0.36186
4.54116,0.420168,-0.370079,0.429302,0.36186
4.54141,0.388216,-0.464567,0.353262,0.36186
4.54166,0.344924,-0.503937,0.281791,0.36186
4.54191,0.308708,-0.503937,0.211147,0.36186
4.54216,0.290728,-0.464567,0.165522,0.36186
4.54241,0.292762,-0.377953,0.147072,0.36186
4.54266,0.30704,-0.275591,0.141697,0.36186
4.54291,0.318368,-0.15748,0.141134,0.36186
4.54316,0.307641,-0.0551181,0.131043,0.36186
4.54341,0.259277,0.023622,0.0944882,0.36186
4.54366,0.163629,0.0944882,0.0141722,0.36186
4.54391,0.0221483,0.141732,-0.0995009,0.36186
4.54416,-0.152917,0.165354,-0.237726,0.36186
4.54441,-0.338703,0.19685,-0.374251,0.36186
4.54466,-0.508324,0.220472,-0.499767,0.36186
4.54491,-0.634391,0.244094,-0.584741,0.36186
4.54516,-0.695925,0.283465,-0.605306,0.36186
4.54541,-0.682619,0.314961,-0.556999,0.36186
4.54566,-0.596987,0.338583,-0.445129,0.36186
4.54591,-0.453489,0.346457,-0.296994,0.36186
4.54616,-0.276573,0.322835,-0.109995,0.36186
4.54641,-0.0937668,0.267717,0.0605257,0.36186
4.54666,0.0693798,0.181102,0.205048,0.36186
4.54691,0.193442,0.0629921,0.313864,0.36186
4.54716,0.270424,-0.0629921,0.364134,0.36186
4.54741,0.303546,-0.181102,0.370646,0.36186
4.54766,0.305374,-0.291339,0.340837,0.36186
4.54791,0.293006,-0.362205,0.29636,0.36186
4.54816,0.284773,-0.401575,0.264226,0.36186
4.54841,0.293204,-0.393701,0.246233,0.36186
4.54866,0.322289,-0.362205,0.239107,0.36186
4.54891,0.366096,-0.291339,0.264384,0.36186
4.54916,0.410301,-0.220472,0.279389,0.36186
4.54941,0.43492,-0.141732,0.292864,0.36186
4.54966,0.421384,-0.0866142,0.271969,0.36186
4.54991,0.355646,-0.0314961,0.20772,0.36186
4.55016,0.233822,-0.00787402,0.0925755,0.36186
4.55041,0.0641878,0.00787402,-0.0528775,0.36186
4.55066,-0.134309,0.0314961,-0.220795,0.36186
4.55091,-0.335286,0.0629921,-0.385025,0.36186
4.55116,-0.509402,0.102362,-0.523664,0.36186
4.55141,-0.630876,0.15748,-0.611623,0.36186
4.55166,-0.682998,0.212598,-0.632872,0.36186
4.55191,-0.660942,0.275591,-0.582329,0.36186
4.55216,-0.57275,0.322835,-0.470251,0.36186
4.55241,-0.437058,0.338583,-0.327932,0.36186
4.55266,-0.279429,0.322835,-0.166444,0.36186
4.55291,-0.125283,0.267717,-0.0055845,0.36186
4.55315,0.00363318,0.181102,0.110661,0.36186
4.5534,0.0955475,0.0708661,0.190839,0.36186
4.55365,0.14905,-0.023622,0.235332,0.36186
4.5539,0.173407,-0.125984,0.242685,0.36186
4.55415,0.183336,-0.212598,0.231711,0.36186
4.5544,0.19681,-0.259843,0.231207,0.36186
4.55465,0.227668,-0.267717,0.232178,0.36186
4.5549,0.28188,-0.251969,0.266656,0.36186
4.55515,0.355909,-0.212598,0.31872,0.36186
4.5554,0.436655,-0.165354,0.370894,0.36186
4.55565,0.503794,-0.125984,0.416422,0.36186
4.5559,0.535899,-0.0866142,0.433261,0.36186
4.55615,0.51499,-0.0629921,0.395209,0.36186
4.5564,0.431155,-0.0551181,0.315031,0.36186
4.55665,0.287029,-0.0551181,0.173858,0.36186
4.5569,0.0968569,-0.0551181,0.00545616,0.36186
4.55715,-0.115316,-0.0393701,-0.183396,0.36186
4.5574,-0.320614,-0.015748,-0.361573,0.36186
4.55765,-0.489515,0.023622,-0.507629,0.36186
4.5579,-0.60018,0.0787402,-0.592256,0.36186
4.55815,-0.640995,0.141732,-0.602385,0.36186
4.5584,-0.612889,0.188976,-0.565001,0.36186
4.55865,-0.52868,0.228346,-0.465964,0.36186
4.5589,-0.410004,0.244094,-0.340904,0.36186
4.55915,-0.280918,0.212598,-0.200428,0.36186
4.5594,-0.164019,0.165354,-0.0856037,0.36186
4.55965,-0.0738742,0.0944882,0.00193721,0.36186
4.5599,-0.0151665,0.00787402,0.0542892,0.36186
4.56015,0.0173449,-0.0629921,0.0776818,0.36186
4.5604,0.0369842,-0.125984,0.0854316,0.36186
4.56065,0.0610392,-0.15748,0.0931259,0.36186
4.5609,0.104657,-0.165354,0.128296,0.36186
4.56115,0.176044,-0.141732,0.180576,0.36186
4.5614,0.274496,-0.102362,0.255447,0.36186
4.56165,0.388889,-0.0629921,0.357199,0.36186
4.5619,0.499204,-0.023622,0.448869,0.36186
4.56215,0.582131,0,0.516985,0.36186
4.5624,0.615726,0.00787402,0.54217,0.36186
4.56265,0.584351,0,0.50563,0.36186
4.5629,0.484118,-0.015748,0.413016,0.36186
4.56315,0.323318,-0.0393701,0.257393,0.36186
4.5634,0.12151,-0.0551181,0.0725462,0.36186
4.56365,-0.0934972,-0.0472441,-0.118473,0.36186
4.5639,-0.291692,-0.0314961,-0.29794,0.36186
4.56415,-0.447166,0,-0.43693,0.36186
4.5644,-0.542488,0.0472441,-0.508716,0.36186
4.56465,-0.571831,0.0866142,-0.531014,0.36186
4.5649,-0.541862,0.11811,-0.492031,0.36186
4.56515,-0.469463,0.125984,-0.418814,0.36186
4.5654,-0.37615,0.110236,-0.327781,0.36186
4.56565,-0.28419,0.0787402,-0.246972,0.36186
4.5659,-0.209881,0.015748,-0.171717,0.36186
4.56615,-0.160688,-0.0393701,-0.128568,0.36186
4.5664,-0.134164,-0.102362,-0.113148,0.36186
4.56665,-0.118962,-0.141732,-0.104048,0.36186
4.5669,-0.097965,-0.15748,-0.0959856,0.36186
4.56715,-0.055385,-0.149606,-0.0561421,0.36186
4.5674,0.0203114,-0.110236,0.00553337,0.36186
4.56765,0.131561,-0.0551181,0.110165,0.36186
4.5679,0.270119,0,0.237643,0.36186
4.56815,0.417273,0.0551181,0.375993,0.36186
4.5684,0.548979,0.0944882,0.50413,0.36186
4.56865,0.640106,0.110236,0.586086,0.36186
4.5689,0.669749,0.102362,0.617576,0.36186
4.56915,0.627186,0.0866142,0.588853,0.36186
4.5694,0.513905,0.0551181,0.487865,0.36186
4.56965,0.343805,0.0314961,0.333059,0.36186
4.5699,0.141012,0.00787402,0.151949,0.36186
4.57015,-0.0652029,0.00787402,-0.0423641,0.36186
4.5704,-0.246887,0.015748,-0.200506,0.36186
4.57065,-0.382162,0.0314961,-0.325427,0.36186
4.5709,-0.459316,0.0551181,-0.395246,0.36186
4.57115,-0.479029,0.0708661,-0.41885,0.36186
4.57139,-0.453128,0.0629921,-0.401042,0.36186
4.57164,-0.399649,0.0393701,-0.354047,0.36186
4.57189,-0.33981,-0.00787402,-0.30556,0.36186
4.57214,-0.290709,-0.0708661,-0.271452,0.36186
4.57239,-0.261956,-0.141732,-0.254651,0.36186
4.57264,-0.253476,-0.204724,-0.256078,0.36186
4.57289,-0.25577,-0.244094,-0.278435,0.36186
4.57314,-0.25217,-0.259843,-0.277665,0.36186
4.57339,-0.225429,-0.23622,-0.26559,0.36186
4.57364,-0.161134,-0.181102,-0.209454,0.36186
4.57389,-0.0528885,-0.110236,-0.113232,0.36186
4.57414,0.094765,-0.023622,0.0346916,0.36186
4.57439,0.266097,0.0551181,0.196464,0.36186
4.57464,0.43731,0.11811,0.361321,0.36186
4.57489,0.581556,0.173228,0.511286,0.36186
4.57514,0.673251,0.188976,0.614891,0.36186
4.57539,0.695464,0.19685,0.652416,0.36186
4.57564,0.642418,0.181102,0.613828,0.36186
4.57589,0.521357,0.15748,0.521777,0.36186
4.57614,0.351122,0.141732,0.382842,0.36186
4.57639,0.158398,0.133858,0.214431,0.36186
4.57664,-0.0288005,0.133858,0.0445059,0.36186
4.57689,-0.185416,0.141732,-0.0958527,0.36186
4.57714,-0.29544,0.141732,-0.194813,0.36186
4.57739,-0.354047,0.125984,-0.252635,0.36186
4.57764,-0.368057,0.102362,-0.267686,0.36186
4.57789,-0.351933,0.0393701,-0.262072,0.36186
4.57814,-0.324646,-0.023622,-0.254631,0.36186
4.57839,-0.30411,-0.125984,-0.254405,0.36186
4.57864,-0.301304,-0.212598,-0.272441,0.36186
4.57889,-0.318397,-0.307087,-0.315411,0.36186
4.57914,-0.347524,-0.370079,-0.36319,0.36186
4.57939,-0.373173,-0.401575,-0.415277,0.36186
4.57964,-0.376133,-0.393701,-0.43662,0.36186
4.57989,-0.339202,-0.346457,-0.415536,0.36186
4.58014,-0.251307,-0.259843,-0.344583,0.36186
4.58039,-0.112983,-0.165354,-0.224676,0.36186
4.58064,0.0646812,-0.0551181,-0.0553666,0.36186
4.58089,0.259875,0.0393701,0.13111,0.36186
4.58114,0.44545,0.125984,0.322373,0.36186
4.58139,0.592539,0.188976,0.475153,0.36186
4.58164,0.678804,0.228346,0.588797,0.36186
4.58189,0.691551,0.251969,0.629296,0.36186
4.58214,0.63077,0.259843,0.600223,0.36186
4.58239,0.508926,0.275591,0.522238,0.36186
4.58264,0.348537,0.283465,0.398091,0.36186
4.58289,0.176108,0.299213,0.267315,0.36186
4.58314,0.0176489,0.307087,0.139509,0.36186
4.58339,-0.107438,0.307087,0.0422531,0.36186
4.58364,-0.190151,0.291339,-0.0320796,0.36186
4.58389,-0.231965,0.251969,-0.0660357,0.36186
4.58414,-0.244397,0.173228,-0.0831532,0.36186
4.58439,-0.244168,0.0629921,-0.107123,0.36186
4.58464,-0.249159,-0.0551181,-0.133424,0.36186
4.58489,-0.271523,-0.19685,-0.180779,0.36186
4.58514,-0.315776,-0.322835,-0.251951,0.36186
4.58539,-0.375989,-0.440945,-0.34514,0.36186
4.58564,-0.437695,-0.511811,-0.44869,0.36186
4.58589,-0.48051,-0.543307,-0.527893,0.36186
4.58614,-0.484438,-0.527559,-0.568165,0.36186
4.58639,-0.433787,-0.464567,-0.547419,0.36186
4.58664,-0.323586,-0.370079,-0.466722,0.36186
4.58689,-0.159822,-0.251969,-0.333542,0.36186
4.58714,0.0395273,-0.141732,-0.151422,0.36186
4.58739,0.24876,-0.023622,0.0510903,0.36186
4.58764,0.437506,0.0708661,0.244319,0.36186
4.58789,0.579341,0.149606,0.402604,0.36186
4.58814,0.655537,0.220472,0.513334,0.36186
4.58839,0.658676,0.275591,0.556225,0.36186
4.58864,0.594525,0.322835,0.548874,0.36186
4.58889,0.480187,0.377953,0.482041,0.36186
4.58914,0.339194,0.425197,0.396565,0.36186
4.58939,0.196873,0.464567,0.311841,0.36186
4.58963,0.0746064,0.488189,0.232635,0.36186
4.58988,-0.0152497,0.488189,0.171735,0.36186
4.59013,-0.0702164,0.448819,0.137314,0.36186
4.59038,-0.0984304,0.377953,0.123711,0.36186
4.59063,-0.114571,0.251969,0.103402,0.36186
4.59088,-0.136327,0.102362,0.0650484,0.36186
4.59113,-0.17703,-0.0708661,-0.00397437,0.36186
4.59138,-0.243666,-0.244094,-0.0954937,0.36186
4.59163,-0.332772,-0.409449,-0.226817,0.36186
4.59188,-0.431147,-0.535433,-0.374002,0.36186
4.59213,-0.518254,-0.622047,-0.504886,0.36186
4.59238,-0.571662,-0.629921,-0.614357,0.36186
4.59263,-0.571243,-0.629921,-0.666632,0.36186
4.59288,-0.50608,-0.566929,-0.650018,0.36186
4.59313,-0.376149,-0.480315,-0.571881,0.36186
4.59338,-0.19389,-0.370079,-0.417769,0.36186
4.59363,0.0174882,-0.251969,-0.234214,0.36186
4.59388,0.228833,-0.133858,-0.0345898,0.36186
4.59413,0.411073,-0.023622,0.161233,0.36186
4.59438,0.540719,0.0708661,0.308877,0.36186
4.59463,0.603659,0.165354,0.416333,0.36186
4.59488,0.598928,0.259843,0.463061,0.36186
4.59513,0.537586,0.362205,0.45927,0.36186
4.59538,0.439037,0.456693,0.431775,0.36186
4.59563,0.326654,0.551181,0.37928,0.36186
4.59588,0.222464,0.622047,0.343156,0.36186
4.59613,0.14109,0.629921,0.31603,0.36186
4.59638,0.0882736,0.629921,0.309402,0.36186
4.59663,0.0587805,0.614173,0.307883,0.36186
4.59688,0.0396366,0.503937,0.299818,0.36186
4.59713,0.0141126,0.354331,0.276972,0.36186
4.59738,-0.0332774,0.165354,0.222725,0.36186
4.59763,-0.11172,-0.0393701,0.1229,0.36186
4.59788,-0.221048,-0.244094,-0.0284383,0.36186
4.59813,-0.350075,-0.425197,-0.200739,0.36186
4.59838,-0.479053,-0.574803,-0.375761,0.36186
4.59863,-0.583785,-0.629921,-0.542731,0.36186
4.59888,-0.640883,-0.629921,-0.665235,0.36186
4.59913,-0.632948,-0.629921,-0.724404,0.36186
4.59938,-0.553622,-0.629921,-0.71403,0.36186
4.59963,-0.408932,-0.590551,-0.622722,0.36186
4.59988,-0.217359,-0.488189,-0.475514,0.36186
4.60013,-0.00507665,-0.385827,-0.290021,0.36186
4.60038,0.19803,-0.275591,-0.0990361,0.36186
4.60063,0.364795,-0.165354,0.0681875,0.36186
4.60088,0.476356,-0.0472441,0.202922,0.36186
4.60113,0.525385,0.0708661,0.294556,0.36186
4.60138,0.516477,0.212598,0.339208,0.36186
4.60163,0.464446,0.362205,0.359854,0.36186
4.60188,0.389821,0.503937,0.351268,0.36186
4.60213,0.314075,0.629921,0.353532,0.36186
4.60238,0.253403,0.629921,0.357239,0.36186
4.60263,0.215675,0.629921,0.384446,0.36186
4.60288,0.198474,0.629921,0.413342,0.36186
4.60313,0.190561,0.629921,0.447843,0.36186
4.60338,0.175386,0.629921,0.459593,0.36186
4.60363,0.135975,0.456693,0.426379,0.36186
4.60388,0.0602384,0.244094,0.342552,0.36186
4.60413,-0.0554146,0.00787402,0.205531,0.36186
4.60438,-0.202881,-0.19685,0.02253,0.36186
4.60463,-0.36437,-0.393701,-0.185817,0.36186
4.60488,-0.515401,-0.559055,-0.392299,0.36186
4.60513,-0.629562,-0.629921,-0.562931,0.36186
4.60538,-0.684349,-0.629921,-0.694674,0.36186
4.60563,-0.666781,-0.629921,-0.74063,0.36186
4.60588,-0.575815,-0.629921,-0.723571,0.36186
4.60613,-0.423642,-0.629921,-0.631144,0.36186
4.60638,-0.232331,-0.614173,-0.492577,0.36186
4.60663,-0.03029,-0.535433,-0.325049,0.36186
4.60688,0.153989,-0.440945,-0.158269,0.36186
4.60713,0.297721,-0.322835,-0.0129151,0.36186
4.60738,0.38823,-0.19685,0.0927305,0.36186
4.60763,0.424451,-0.0314961,0.171971,0.36186
4.60787,0.416016,0.141732,0.211029,0.36186
4.60812,0.380174,0.338583,0.23324,0.36186
4.60837,0.337216,0.527559,0.258999,0.36186
4.60862,0.303768,0.629921,0.293803,0.36186
4.60887,0.289686,0.629921,0.347877,0.36186
4.60912,0.294945,0.629921,0.420087,0.36186
4.60937,0.310009,0.629921,0.496974,0.36186
4.60962,0.318509,0.629921,0.552625,0.36186
4.60987,0.302002,0.629921,0.574958,0.36186
4.61012,0.245016,0.543307,0.54191,0.36186
4.61037,0.140377,0.322835,0.435008,0.36186
4.61062,-0.00868763,0.0944882,0.272389,0.36186
4.61087,-0.187404,-0.110236,0.067888,0.36186
4.61112,-0.372477,-0.307087,-0.164146,0.36186
4.61137,-0.535918,-0.472441,-0.377727,0.36186
4.61162,-0.651195,-0.598425,-0.548662,0.36186
4.61187,-0.69925,-0.629921,-0.6689,0.36186
4.61212,-0.671822,-0.629921,-0.722012,0.36186
4.61237,-0.573983,-0.629921,-0.696325,0.36186
4.61262,-0.42231,-0.629921,-0.611702,0.36186
4.61287,-0.241998,-0.629921,-0.489501,0.36186
4.61312,-0.0609602,-0.629921,-0.352281,0.36186
4.61337,0.0957314,-0.606299,-0.223188,0.36186
4.61362,0.211556,-0.496063,-0.112492,0.36186
4.61387,0.279776,-0.346457,-0.0288035,0.36186
4.61412,0.30585,-0.165354,0.0287254,0.36186
4.61437,0.303293,0.0472441,0.0692259,0.36186
4.61462,0.290758,0.283465,0.106532,0.36186
4.61487,0.284862,0.511811,0.162139,0.36186
4.61512,0.297089,0.629921,0.247312,0.36186
4.61537,0.329666,0.629921,0.350518,0.36186
4.61562,0.374967,0.629921,0.457444,0.36186
4.61587,0.416935,0.629921,0.561959,0.36186
4.61612,0.435896,0.629921,0.644208,0.36186
4.61637,0.413237,0.629921,0.672573,0.36186
4.61662,0.337022,0.614173,0.621546,0.36186
4.61687,0.205464,0.401575,0.508626,0.36186
4.61712,0.0285252,0.173228,0.327452,0.36186
4.61737,-0.172563,-0.0393701,0.112422,0.36186
4.61762,-0.370708,-0.220472,-0.122742,0.36186
4.61787,-0.536608,-0.370079,-0.338556,0.36186
4.61812,-0.646231,-0.496063,-0.505486,0.36186
4.61837,-0.684457,-0.582677,-0.621541,0.36186
4.61862,-0.649071,-0.629921,-0.654128,0.36186
4.61887,-0.550152,-0.629921,-0.63829,0.36186
4.61912,-0.408478,-0.629921,-0.5671,0.36186
4.61937,-0.249641,-0.629921,-0.481491,0.36186
4.61962,-0.0989529,-0.629921,-0.374453,0.36186
4.61987,0.0238774,-0.629921,-0.290535,0.36186
4.62012,0.108327,-0.582677,-0.214682,0.36186
4.62037,0.155497,-0.440945,-0.170023,0.36186
4.62062,0.175705,-0.251969,-0.121616,0.36186
4.62087,0.185195,-0.0314961,-0.0701363,0.36186
4.62112,0.200998,0.19685,-0.00817994,0.36186
4.62137,0.235871,0.425197,0.0882276,0.36186
4.62162,0.294497,0.622047,0.207319,0.36186
4.62187,0.370976,0.629921,0.358054,0.36186
4.62212,0.450848,0.629921,0.510017,0.36186
4.62237,0.513121,0.629921,0.631623,0.36186
4.62262,0.536507,0.629921,0.719664,0.36186
4.62287,0.504155,0.629921,0.740461,0.36186
4.62312,0.408721,0.527559,0.692135,0.36186
4.62337,0.254331,0.354331,0.559182,0.36186
4.62362,0.0579979,0.19685,0.367932,0.36186
4.62387,-0.155295,0.0393701,0.1386,0.36186
4.62412,-0.355518,-0.0787402,-0.0894833,0.36186
4.62437,-0.515169,-0.188976,-0.295992,0.367378
4.62462,-0.61328,-0.275591,-0.462104,0.367378
4.62487,-0.640684,-0.362205,-0.560824,0.367378
4.62512,-0.600757,-0.440945,-0.591307,0.367378
4.62537,-0.508434,-0.511811,-0.576754,0.367378
4.62562,-0.385979,-0.590551,-0.519906,0.367378
4.62586,-0.257714,-0.629921,-0.453121,0.367378
4.62611,-0.144805,-0.629921,-0.384008,0.367378
4.62636,-0.0605513,-0.629921,-0.334905,0.367378
4.62661,-0.00756904,-0.590551,-0.293746,0.367378
4.62686,0.0216291,-0.464567,-0.265384,0.367378
4.62711,0.0407511,-0.291339,-0.227014,0.367378
4.62736,0.0673991,-0.0944882,-0.164706,0.367378
4.62761,0.115569,0.110236,-0.0831258,0.367378
4.62786,0.192634,0.314961,0.0426315,0.367378
4.62811,0.29514,0.480315,0.198826,0.367378
4.62836,0.410414,0.598425,0.376783,0.367378
4.62861,0.517463,0.629921,0.542313,0.367378
4.62886,0.59284,0.629921,0.67396,0.367378
4.62911,0.615047,0.606299,0.753965,0.367378
4.62936,0.570906,0.511811,0.757437,0.367378
4.62961,0.458172,0.401575,0.685481,0.367378
4.62986,0.287959,0.291339,0.545173,0.367378
4.63011,0.0814813,0.19685,0.355422,0.367378
4.63036,-0.132707,0.102362,0.134463,0.367378
4.63061,-0.324699,0.0314961,-0.077531,0.367378
4.63086,-0.469912,-0.023622,-0.256608,0.367378
4.63111,-0.552821,-0.0866142,-0.397479,0.367378
4.63136,-0.570292,-0.165354,-0.475374,0.367378
4.63161,-0.531,-0.251969,-0.498953,0.367378
4.63186,-0.45296,-0.346457,-0.492856,0.367378
4.63211,-0.358294,-0.448819,-0.45597,0.367378
4.63236,-0.268582,-0.535433,-0.414586,0.367378
4.63261,-0.198711,-0.582677,-0.389733,0.367378
4.63286,-0.154373,-0.590551,-0.36877,0.367378
4.63311,-0.1308,-0.535433,-0.351804,0.367378
4.63336,-0.115915,-0.440945,-0.338079,0.367378
4.63361,-0.0922478,-0.291339,-0.303793,0.367378
4.63386,-0.0439734,-0.110236,-0.235125,0.367378
4.63411,0.0385778,0.0629921,-0.129946,0.367378
4.63436,0.155811,0.228346,0.0157962,0.367378
4.63461,0.297494,0.354331,0.201577,0.367378
4.63486,0.443831,0.433071,0.388506,0.367378
4.63511,0.569951,0.464567,0.56757,0.367378
4.63536,0.650778,0.440945,0.692435,0.367378
4.63561,0.667388,0.393701,0.75351,0.367378
4.63586,0.611097,0.330709,0.7414,0.367378
4.63611,0.485822,0.259843,0.654568,0.367378
4.63636,0.307585,0.204724,0.512906,0.367378
4.63661,0.10182,0.173228,0.31335,0.367378
4.63686,-0.101827,0.149606,0.109128,0.367378
4.63711,-0.276213,0.125984,-0.0812149,0.367378
4.63736,-0.400969,0.102362,-0.235384,0.367378
4.63761,-0.467135,0.0629921,-0.340303,0.367378
4.63786,-0.477235,-0.00787402,-0.400522,0.367378
4.63811,-0.44457,-0.102362,-0.414299,0.367378
4.63836,-0.388414,-0.212598,-0.404637,0.367378
4.63861,-0.329421,-0.322835,-0.392303,0.367378
4.63886,-0.283634,-0.417323,-0.380325,0.367378
4.63911,-0.259077,-0.480315,-0.383177,0.367378
4.63936,-0.253409,-0.496063,-0.391885,0.367378
4.63961,-0.25601,-0.448819,-0.405491,0.367378
4.63986,-0.249584,-0.362205,-0.39376,0.367378
4.64011,-0.216485,-0.23622,-0.363281,0.367378
4.64036,-0.144172,-0.0866142,-0.281484,0.367378
4.64061,-0.0279299,0.0393701,-0.151018,0.367378
4.64086,0.125534,0.15748,0.0200348,0.367378
4.64111,0.298912,0.228346,0.212132,0.367378
4.64136,0.467106,0.259843,0.407996,0.367378
4.64161,0.603236,0.259843,0.569137,0.367378
4.64186,0.683017,0.228346,0.6849,0.367378
4.64211,0.691209,0.181102,0.728422,0.367378
4.64236,0.624542,0.141732,0.699808,0.367378
4.64261,0.492724,0.125984,0.599269,0.367378
4.64286,0.315945,0.11811,0.443707,0.367378
4.64311,0.122163,0.141732,0.263626,0.367378
4.64336,-0.0609129,0.173228,0.0864864,0.367378
4.64361,-0.209881,0.19685,-0.0739411,0.367378
4.64386,-0.310348,0.204724,-0.201115,0.367378
4.6441,-0.35977,0.165354,-0.270162,0.367378
4.64435,-0.366675,0.102362,-0.314672,0.367378
4.6446,-0.347009,0.00787402,-0.315468,0.367378
4.64485,-0.319907,-0.0944882,-0.317088,0.367378
4.6451,-0.302015,-0.212598,-0.322164,0.367378
4.64535,-0.303082,-0.307087,-0.345549,0.367378
4.6456,-0.323261,-0.362205,-0.376007,0.367378
4.64585,-0.353247,-0.370079,-0.410079,0.367378
4.6461,-0.376115,-0.330709,-0.445613,0.367378
4.64635,-0.372599,-0.251969,-0.442261,0.367378
4.6466,-0.32674,-0.149606,-0.401785,0.367378
4.64685,-0.229293,-0.0393701,-0.313917,0.367378
4.6471,-0.0821053,0.0393701,-0.166648,0.367378
4.64735,0.100632,0.102362,0.0177359,0.367378
4.6476,0.296142,0.11811,0.225788,0.367378
4.64785,0.47648,0.102362,0.412652,0.367378
4.6481,0.613833,0.0629921,0.564671,0.367378
4.64835,0.686989,0.015748,0.666299,0.367378
4.6486,0.68557,-0.015748,0.693245,0.367378
4.64885,0.612109,-0.023622,0.641008,0.367378
4.6491,0.481116,0,0.528128,0.367378
4.64935,0.316414,0.0393701,0.386535,0.367378
4.6496,0.144787,0.110236,0.223004,0.367378
4.64985,-0.00873689,0.181102,0.0725621,0.367378
4.6501,-0.126272,0.23622,-0.052799,0.367378
4.65035,-0.200677,0.259843,-0.140054,0.367378
4.6506,-0.236159,0.244094,-0.188341,0.367378
4.65085,-0.244687,0.181102,-0.213229,0.367378
4.6511,-0.244309,0.0866142,-0.221928,0.367378
4.65135,-0.251675,-0.015748,-0.242375,0.367378
4.6516,-0.278195,-0.110236,-0.275215,0.367378
4.65185,-0.326141,-0.181102,-0.325949,0.367378
4.6521,-0.388107,-0.220472,-0.388586,0.367378
4.65235,-0.447696,-0.212598,-0.448704,0.367378
4.6526,-0.484666,-0.165354,-0.489262,0.367378
4.65285,-0.479372,-0.0944882,-0.483608,0.367378
4.6531,-0.41786,-0.023622,-0.434984,0.367378
4.65335,-0.296553,0.023622,-0.32405,0.367378
4.6536,-0.124532,0.0472441,-0.159049,0.367378
4.65385,0.0787418,0.0393701,0.0350189,0.367378
4.6541,0.286248,0,0.240024,0.367378
4.65435,0.468307,-0.0629921,0.423451,0.367378
4.6546,0.599037,-0.133858,0.559757,0.367378
4.65485,0.661599,-0.181102,0.633545,0.367378
4.6551,0.651478,-0.204724,0.631327,0.367378
4.65535,0.576355,-0.188976,0.567877,0.367378
4.6556,0.455116,-0.125984,0.453968,0.367378
4.65585,0.311952,-0.0314961,0.323247,0.367378
4.6561,0.171963,0.0629921,0.177035,0.367378
4.65635,0.0550961,0.165354,0.0654762,0.367378
4.6566,-0.027893,0.244094,-0.0237079,0.367378
4.65685,-0.077244,0.275591,-0.0875258,0.367378
4.6571,-0.10178,0.259843,-0.115077,0.367378
4.65735,-0.117806,0.212598,-0.124299,0.367378
4.6576,-0.142045,0.133858,-0.142312,0.367378
4.65785,-0.187534,0.0551181,-0.185283,0.367378
4.6581,-0.258896,0,-0.24316,0.367378
4.65835,-0.351039,-0.0393701,-0.315124,0.367378
4.6586,-0.448919,-0.0472441,-0.402406,0.367378
4.65885,-0.531391,-0.015748,-0.47653,0.367378
4.6591,-0.576097,0.023622,-0.511477,0.367378
4.65935,-0.56426,0.0708661,-0.505568,0.367378
4.6596,-0.486437,0.110236,-0.436677,0.367378
4.65985,-0.345478,0.110236,-0.314599,0.367378
4.6601,-0.156021,0.0708661,-0.140319,0.367378
4.66035,0.0579209,0,0.0650531,0.367378
4.6606,0.265958,-0.102362,0.259821,0.367378
4.66085,0.439981,-0.212598,0.419616,0.367378
4.6611,0.557611,-0.299213,0.535121,0.367378
4.66135,0.607811,-0.362205,0.58113,0.367378
4.6616,0.591323,-0.370079,0.562796,0.367378
4.66185,0.521328,-0.330709,0.489373,0.367378
4.6621,0.418414,-0.23622,0.378385,0.367378
4.66234,0.306003,-0.125984,0.260401,0.367378
4.66259,0.205206,0,0.145585,0.367378
4.66284,0.129241,0.110236,0.0625364,0.367378
4.66309,0.0811995,0.188976,0.00964634,0.367378
4.66334,0.0548025,0.228346,-0.0265208,0.367378
4.66359,0.0360094,0.228346,-0.0408342,0.367378
4.66384,0.00720941,0.188976,-0.0496999,0.367378
4.66409,-0.0454491,0.149606,-0.0782261,0.367378
4.66434,-0.130032,0.110236,-0.137109,0.367378
4.66459,-0.244,0.0866142,-0.225646,0.367378
4.66484,-0.374867,0.0944882,-0.322621,0.367378
4.66509,-0.501195,0.133858,-0.421031,0.367378
4.66534,-0.598844,0.181102,-0.49972,0.367378
4.66559,-0.644646,0.228346,-0.53549,0.367378
4.66584,-0.623506,0.259843,-0.512531,0.367378
4.66609,-0.531139,0.259843,-0.429724,0.367378
4.66634,-0.376173,0.204724,-0.281051,0.367378
4.66659,-0.178171,0.102362,-0.102071,0.367378
4.66684,0.0344555,-0.023622,0.0890878,0.367378
4.66709,0.23244,-0.181102,0.270134,0.367378
4.66734,0.390276,-0.322835,0.411902,0.367378
4.66759,0.490356,-0.440945,0.496983,0.367378
4.66784,0.527738,-0.496063,0.520552,0.367378
4.66809,0.509411,-0.503937,0.486249,0.367378
4.66834,0.451623,-0.440945,0.406958,0.367378
4.66859,0.375213,-0.338583,0.306233,0.367378
4.66884,0.30128,-0.212598,0.202871,0.367378
4.66909,0.244513,-0.0866142,0.129662,0.367378
4.66934,0.211067,0.015748,0.0724829,0.367378
4.66959,0.196657,0.0866142,0.047112,0.367378
4.66984,0.188941,0.125984,0.0383839,0.367378
4.67009,0.170221,0.141732,0.0372734,0.367378
4.67034,0.124832,0.133858,0.0111726,0.367378
4.67059,0.0415235,0.125984,-0.0369441,0.367378
4.67084,-0.0807707,0.133858,-0.112861,0.367378
4.67109,-0.232686,0.173228,-0.220573,0.367378
4.67134,-0.394185,0.23622,-0.334573,0.367378
4.67159,-0.540368,0.314961,-0.447897,0.367378
4.67184,-0.644823,0.385827,-0.518675,0.367378
4.67209,-0.68675,0.440945,-0.541555,0.367378
4.67234,-0.655159,0.448819,-0.505395,0.367378
4.67259,-0.551608,0.401575,-0.397365,0.367378
4.67284,-0.389879,0.299213,-0.244933,0.367378
4.67309,-0.194514,0.149606,-0.0568242,0.367378
4.67334,0.00606342,-0.0314961,0.123265,0.367378
4.67359,0.184513,-0.220472,0.282307,0.367378
4.67384,0.318945,-0.393701,0.39909,0.367378
4.67409,0.398939,-0.511811,0.449895,0.367378
4.67434,0.425712,-0.574803,0.450109,0.367378
4.67459,0.410902,-0.574803,0.402503,0.367378
4.67484,0.372174,-0.511811,0.327667,0.367378
4.67509,0.329817,-0.417323,0.240953,0.367378
4.67534,0.299497,-0.307087,0.165647,0.367378
4.67559,0.289334,-0.188976,0.121234,0.367378
4.67584,0.29737,-0.102362,0.0996128,0.367378
4.67609,0.31274,-0.0472441,0.102238,0.367378
4.67634,0.317765,-0.00787402,0.111007,0.367378
4.67659,0.294847,0.00787402,0.100626,0.367378
4.67684,0.229306,0.0314961,0.0628337,0.367378
4.67709,0.115552,0.0708661,0.00108931,0.367378
4.67734,-0.0404814,0.141732,-0.111368,0.367378
4.67759,-0.222323,0.244094,-0.232393,0.367378
4.67784,-0.405524,0.362205,-0.366187,0.367378
4.67809,-0.561815,0.480315,-0.46719,0.367378
4.67834,-0.665695,0.574803,-0.530733,0.367378
4.67859,-0.699879,0.629921,-0.544484,0.367378
4.67884,-0.65853,0.614173,-0.47728,0.367378
4.67909,-0.548913,0.535433,-0.356605,0.367378
4.67934,-0.389978,0.393701,-0.196881,0.367378
4.67959,-0.207597,0.19685,-0.0158635,0.367378
4.67984,-0.0291557,-0.015748,0.145872,0.367378
4.68009,0.12086,-0.220472,0.285072,0.367378
4.68034,0.227684,-0.401575,0.361848,0.367378
4.68058,0.287631,-0.519685,0.394983,0.367378
4.68083,0.307147,-0.574803,0.368981,0.367378
4.68108,0.301231,-0.566929,0.3135,0.367378
4.68133,0.288628,-0.527559,0.252846,0.367378
4.68158,0.285538,-0.456693,0.194442,0.367378
4.68183,0.30174,-0.385827,0.156533,0.367378
4.68208,0.337532,-0.314961,0.141165,0.367378
4.68233,0.383566,-0.275591,0.151481,0.367378
4.68258,0.422757,-0.244094,0.163721,0.367378
4.68283,0.435393,-0.220472,0.176002,0.367378
4.68308,0.403411,-0.188976,0.161251,0.367378
4.68333,0.316439,-0.125984,0.109801,0.367378
4.68358,0.175323,-0.0314961,0.0095547,0.367378
4.68383,-0.00776667,0.0944882,-0.118529,0.367378
4.68408,-0.210709,0.251969,-0.259541,0.367378
4.68433,-0.404995,0.417323,-0.394783,0.367378
4.68458,-0.561978,0.574803,-0.507684,0.367378
4.68483,-0.659003,0.629921,-0.558029,0.367378
4.68508,-0.68331,0.629921,-0.542723,0.367378
4.68533,-0.634962,0.629921,-0.465199,0.367378
4.68558,-0.526289,0.629921,-0.335501,0.367378
4.68583,-0.379293,0.472441,-0.166839,0.367378
4.68608,-0.220003,0.283465,-0.00591981,0.367378
4.68633,-0.0734206,0.0866142,0.13303,0.367378
4.68658,0.0425368,-0.0944882,0.239271,0.367378
4.68683,0.11987,-0.251969,0.301853,0.367378
4.68708,0.160988,-0.354331,0.308402,0.367378
4.68733,0.177661,-0.409449,0.279701,0.367378
4.68758,0.187085,-0.433071,0.236941,0.367378
4.68783,0.205867,-0.425197,0.198071,0.367378
4.68808,0.245085,-0.409449,0.180619,0.367378
4.68833,0.3077,-0.401575,0.189761,0.367378
4.68858,0.386322,-0.401575,0.215018,0.367378
4.68883,0.464427,-0.417323,0.254589,0.367378
4.68908,0.520982,-0.433071,0.286875,0.367378
4.68933,0.535152,-0.433071,0.290238,0.367378
4.68958,0.491085,-0.401575,0.257157,0.367378
4.68983,0.383938,-0.322835,0.166516,0.367378
4.69008,0.220377,-0.188976,0.0382895,0.367378
4.69033,0.0185437,-0.015748,-0.122745,0.367378
4.69058,-0.194622,0.173228,-0.29048,0.367378
4.69083,-0.389197,0.377953,-0.443561,0.367378
4.69108,-0.538548,0.551181,-0.549787,0.367378
4.69133,-0.623878,0.629921,-0.588646,0.367378
4.69158,-0.63809,0.629921,-0.569945,0.367378
4.69183,-0.586906,0.629921,-0.472021,0.367378
4.69208,-0.487123,0.629921,-0.342795,0.367378
4.69233,-0.361588,0.527559,-0.185956,0.367378
4.69258,-0.234934,0.362205,-0.0368881,0.367378
4.69283,-0.126788,0.19685,0.0859899,0.367378
4.69308,-0.0482897,0.0551181,0.172229,0.367378
4.69333,-0.000594511,-0.0629921,0.209791,0.367378
4.69358,0.0251331,-0.141732,0.224214,0.367378
4.69383,0.0447793,-0.19685,0.205424,0.367378
4.69408,0.0745269,-0.23622,0.190953,0.367378
4.69433,0.127775,-0.275591,0.189408,0.367378
4.69458,0.209993,-0.314961,0.20938,0.367378
4.69483,0.31637,-0.385827,0.256974,0.367378
4.69508,0.431717,-0.456693,0.314459,0.367378
4.69533,0.534616,-0.527559,0.376038,0.367378
4.69558,0.601502,-0.590551,0.402424,0.367378
4.69583,0.612018,-0.614173,0.399481,0.367378
4.69608,0.554868,-0.582677,0.325303,0.367378
4.69633,0.430391,-0.488189,0.206141,0.367378
4.69658,0.251322,-0.338583,0.0409159,0.367378
4.69683,0.0411344,-0.141732,-0.150311,0.367378
4.69708,-0.170897,0.0708661,-0.333678,0.367378
4.69733,-0.356154,0.283465,-0.48211,0.367378
4.69758,-0.490454,0.472441,-0.587852,0.367378
4.69783,-0.561011,0.606299,-0.611931,0.367378
4.69808,-0.566764,0.629921,-0.576805,0.367378
4.69833,-0.518768,0.629921,-0.486251,0.367378
4.69858,-0.435717,0.614173,-0.346056,0.367378
4.69882,-0.340667,0.527559,-0.208588,0.367378
4.69907,-0.253681,0.417323,-0.0700699,0.367378
4.69932,-0.188438,0.307087,0.0325323,0.367378
4.69957,-0.148623,0.212598,0.101807,0.367378
4.69982,-0.128142,0.133858,0.12512,0.367378
4.70007,-0.112565,0.0787402,0.139865,0.367378
4.70032,-0.0854181,0.023622,0.145488,0.367378
4.70057,-0.0314617,-0.023622,0.151166,0.367378
4.70082,0.0580772,-0.102362,0.193353,0.367378
4.70107,0.181029,-0.212598,0.254592,0.367378
4.70132,0.325184,-0.338583,0.335795,0.367378
4.70157,0.469597,-0.472441,0.423293,0.367378
4.70182,0.58914,-0.598425,0.479191,0.367378
4.70207,0.659164,-0.629921,0.504549,0.367378
4.70232,0.662558,-0.629921,0.474347,0.367378
4.70257,0.592565,-0.629921,0.384354,0.367378
4.70282,0.455869,-0.614173,0.231264,0.367378
4.70307,0.27037,-0.448819,0.0388663,0.367378
4.70332,0.0629333,-0.251969,-0.155558,0.367378
4.70357,-0.137547,-0.0393701,-0.344902,0.367378
4.70382,-0.303786,0.173228,-0.481886,0.367378
4.70407,-0.417924,0.346457,-0.565622,0.367378
4.70432,-0.472884,0.480315,-0.584934,0.367378
4.70457,-0.473928,0.551181,-0.543318,0.367378
4.70482,-0.435109,0.559055,-0.451924,0.367378
4.70507,-0.377039,0.543307,-0.334213,0.367378
4.70532,-0.319505,0.496063,-0.221144,0.367378
4.70557,-0.277342,0.440945,-0.123181,0.367378
4.70582,-0.256771,0.401575,-0.0558313,0.367378
4.70607,-0.253799,0.362205,-0.00916858,0.367378
4.70632,-0.255938,0.330709,0.00332867,0.367378
4.70657,-0.245837,0.299213,0.0172773,0.367378
4.70682,-0.2065,0.251969,0.0457637,0.367378
4.70707,-0.125655,0.173228,0.0888644,0.367378
4.70732,-0.00165366,0.0551181,0.171338,0.367378
4.70757,0.157099,-0.0944882,0.281004,0.367378
4.70782,0.331393,-0.275591,0.400655,0.367378
4.70807,0.495951,-0.456693,0.508842,0.367378
4.70832,0.623007,-0.622047,0.58216,0.367378
4.70857,0.690246,-0.629921,0.606576,0.367378
4.70882,0.684305,-0.629921,0.554714,0.367378
4.70907,0.604359,-0.629921,0.441426,0.367378
4.70932,0.462195,-0.629921,0.268653,0.367378
4.70957,0.280352,-0.535433,0.0710815,0.367378
4.70982,0.0863138,-0.346457,-0.140873,0.367378
4.71007,-0.0919259,-0.141732,-0.315946,0.367378
4.71032,-0.232389,0.0314961,-0.445363,0.367378
4.71057,-0.323357,0.188976,-0.523003,0.367378
4.71082,-0.363985,0.299213,-0.526746,0.367378
4.71107,-0.364545,0.377953,-0.48967,0.367378
4.71132,-0.341885,0.409449,-0.416767,0.367378
4.71157,-0.315498,0.433071,-0.33058,0.367378
4.71182,-0.300608,0.440945,-0.250553,0.367378
4.71207,-0.305578,0.448819,-0.192769,0.367378
4.71232,-0.328472,0.480315,-0.166677,0.367378
4.71257,-0.35855,0.496063,-0.152712,0.367378
4.71282,-0.377962,0.511811,-0.141007,0.367378
4.71307,-0.367917,0.496063,-0.112522,0.367378
4.71332,-0.312455,0.448819,-0.059393,0.367378
4.71357,-0.205283,0.346457,0.0267082,0.367378
4.71382,-0.0502823,0.19685,0.152773,0.367378
4.71407,0.137038,0.00787402,0.309106,0.367378
4.71432,0.332063,-0.19685,0.458068,0.367378
4.71457,0.506155,-0.401575,0.591604,0.367378
4.71482,0.632761,-0.574803,0.666098,0.367378
4.71507,0.692497,-0.629921,0.68638,0.367378
4.71532,0.677046,-0.629921,0.620724,0.367378
4.71557,0.591329,-0.629921,0.481776,0.367378
4.71582,0.452109,-0.622047,0.304074,0.367378
4.71607,0.284053,-0.480315,0.10011,0.367378
4.71632,0.114069,-0.322835,-0.100306,0.367378
4.71657,-0.0336201,-0.165354,-0.275181,0.367378
4.71681,-0.143522,-0.0393701,-0.389812,0.367378
4.71706,-0.210057,0.0629921,-0.451452,0.367378
4.71731,-0.239187,0.125984,-0.455026,0.367378
4.71756,-0.244853,0.165354,-0.422276,0.367378
4.71781,-0.244729,0.19685,-0.366651,0.367378
4.71806,-0.254935,0.228346,-0.319913,0.367378
4.71831,-0.285571,0.267717,-0.275206,0.367378
4.71856,-0.337003,0.322835,-0.270085,0.367378
4.71881,-0.399964,0.385827,-0.26615,0.367378
4.71906,-0.457004,0.456693,-0.277074,0.367378
4.71931,-0.48749,0.503937,-0.280757,0.367378
4.71956,-0.472321,0.503937,-0.241834,0.367378
4.71981,-0.399609,0.472441,-0.168478,0.367378
4.72006,-0.268005,0.370079,-0.0536325,0.367378
4.72031,-0.0881336,0.228346,0.108532,0.367378
4.72056,0.118294,0.0551181,0.283914,0.367378
4.72081,0.323057,-0.133858,0.455637,0.367378
4.72106,0.49712,-0.307087,0.584316,0.367378
4.72131,0.616245,-0.448819,0.669196,0.367378
4.72156,0.665186,-0.527559,0.6765,0.367378
4.72181,0.641829,-0.551181,0.610582,0.367378
4.72206,0.556548,-0.511811,0.484432,0.367378
4.72231,0.429277,-0.433071,0.316013,0.367378
4.72256,0.284877,-0.330709,0.133928,0.367378
4.72281,0.148054,-0.220472,-0.0345527,0.367378
4.72306,0.0368057,-0.133858,-0.171326,0.367378
4.72331,-0.0395625,-0.0708661,-0.253941,0.367378
4.72356,-0.0831619,-0.023622,-0.286557,0.367378
4.72381,-0.105014,0,-0.290473,0.367378
4.72406,-0.121334,0,-0.273513,0.367378
4.72431,-0.148611,0.023622,-0.252476,0.361878
4.72456,-0.198814,0.0629921,-0.248205,0.361878
4.72481,-0.274863,0.133858,-0.275815,0.361878
4.72506,-0.369451,0.220472,-0.318282,0.361878
4.72531,-0.466166,0.314961,-0.36958,0.361878
4.72556,-0.543373,0.401575,-0.414416,0.361878
4.72581,-0.578536,0.448819,-0.430453,0.361878
4.72606,-0.554794,0.456693,-0.390901,0.361878
4.72631,-0.464769,0.425197,-0.306024,0.361878
4.72656,-0.313089,0.322835,-0.158943,0.361878
4.72681,-0.116876,0.188976,0.0239003,0.361878
4.72706,0.0979175,0.0314961,0.221144,0.361878
4.72731,0.301875,-0.11811,0.404143,0.361878
4.72756,0.466785,-0.251969,0.543449,0.361878
4.72781,0.572288,-0.338583,0.6215,0.361878
4.72806,0.609498,-0.377953,0.636277,0.361878
4.72831,0.581821,-0.370079,0.576926,0.361878
4.72856,0.503934,-0.314961,0.46635,0.361878
4.72881,0.397341,-0.244094,0.328059,0.361878
4.72906,0.285762,-0.165354,0.184889,0.361878
4.72931,0.188832,-0.102362,0.0564814,0.361878
4.72956,0.118172,-0.0708661,-0.0351912,0.361878
4.72981,0.0751123,-0.0551181,-0.0871216,0.361878
4.73006,0.0512804,-0.0708661,-0.097073,0.361878
4.73031,0.031798,-0.0787402,-0.101194,0.361878
4.73056,-0.000318808,-0.0787402,-0.110445,0.361878
4.73081,-0.0588385,-0.0629921,-0.128779,0.361878
4.73106,-0.149389,-0.015748,-0.181146,0.361878
4.73131,-0.267824,0.0551181,-0.268457,0.361878
4.73156,-0.39943,0.149606,-0.36422,0.361878
4.73181,-0.522319,0.244094,-0.455823,0.361878
4.73206,-0.611889,0.322835,-0.524381,0.361878
4.73231,-0.646125,0.370079,-0.550418,0.361878
4.73256,-0.611536,0.362205,-0.507734,0.361878
4.73281,-0.506438,0.307087,-0.410094,0.361878
4.73306,-0.3417,0.212598,-0.241631,0.361878
4.73331,-0.138878,0.0866142,-0.0480982,0.361878
4.73356,0.0734677,-0.0393701,0.154846,0.361878
4.73381,0.265775,-0.149606,0.335683,0.361878
4.73406,0.413502,-0.228346,0.47222,0.361878
4.73431,0.502139,-0.267717,0.545325,0.361878
4.73456,0.528236,-0.251969,0.557408,0.361878
4.73481,0.501065,-0.204724,0.504242,0.361878
4.73505,0.437921,-0.141732,0.409847,0.361878
4.7353,0.360691,-0.0708661,0.310938,0.361878
4.73555,0.289053,-0.023622,0.210741,0.361878
4.7358,0.236572,0,0.142495,0.361878
4.73605,0.207138,0,0.0989038,0.361878
4.7363,0.195253,-0.023622,0.082995,0.361878
4.73655,0.186726,-0.0629921,0.079829,0.361878
4.7368,0.164342,-0.0944882,0.0701529,0.361878
4.73705,0.112227,-0.102362,0.0500091,0.361878
4.7373,0.0214236,-0.0866142,-0.0110845,0.361878
4.73755,-0.107476,-0.0314961,-0.115566,0.361878
4.7378,-0.262681,0.0393701,-0.244962,0.361878
4.73805,-0.423454,0.125984,-0.382304,0.361878
4.7383,-0.563759,0.204724,-0.508495,0.361878
4.73855,-0.657866,0.251969,-0.598073,0.361878
4.7388,-0.686582,0.259843,-0.621366,0.361878
4.73905,-0.640989,0.228346,-0.575352,0.361878
4.7393,-0.525218,0.149606,-0.468346,0.361878
4.73955,-0.355286,0.0472441,-0.297421,0.361878
4.7398,-0.156514,-0.0551181,-0.108466,0.361878
4.74005,0.0419986,-0.149606,0.0844106,0.361878
4.7403,0.213245,-0.220472,0.25169,0.361878
4.74055,0.338242,-0.23622,0.364515,0.361878
4.7408,0.407848,-0.212598,0.42169,0.361878
4.74105,0.425687,-0.15748,0.432061,0.361878
4.7413,0.404628,-0.0787402,0.38277,0.361878
4.74155,0.364043,0,0.326393,0.361878
4.7418,0.322898,0.0551181,0.266561,0.361878
4.74205,0.296013,0.0944882,0.222903,0.361878
4.7423,0.289632,0.0866142,0.211762,0.361878
4.74255,0.300214,0.0629921,0.216444,0.361878
4.7428,0.314956,0.023622,0.235107,0.361878
4.74305,0.316235,-0.015748,0.255603,0.361878
4.7433,0.286038,-0.0472441,0.25121,0.361878
4.74355,0.211651,-0.0472441,0.204537,0.361878
4.7438,0.0894028,-0.023622,0.1056,0.361878
4.74405,-0.0731943,0.015748,-0.0351577,0.361878
4.7443,-0.257285,0.0787402,-0.207164,0.361878
4.74455,-0.437593,0.141732,-0.376394,0.361878
4.7448,-0.585761,0.188976,-0.51675,0.361878
4.74505,-0.677796,0.188976,-0.614108,0.361878
4.7453,-0.697847,0.15748,-0.646236,0.361878
4.74555,-0.642895,0.0866142,-0.593889,0.361878
4.7458,-0.52225,-0.00787402,-0.488137,0.361878
4.74605,-0.356817,-0.11811,-0.332904,0.361878
4.7463,-0.172991,-0.212598,-0.151987,0.361878
4.74655,0.00142183,-0.267717,0.0116147,0.361878
4.7468,0.144458,-0.291339,0.142147,0.361878
4.74705,0.242436,-0.267717,0.236974,0.361878
4.7473,0.293834,-0.188976,0.271625,0.361878
4.74755,0.307358,-0.102362,0.26764,0.361878
4.7478,0.298928,-0.00787402,0.244166,0.361878
4.74805,0.286977,0.0787402,0.216184,0.361878
4.7483,0.286915,0.125984,0.202864,0.361878
4.74855,0.307091,0.149606,0.225907,0.361878
4.7488,0.345872,0.141732,0.264778,0.361878
4.74905,0.392033,0.110236,0.329065,0.361878
4.7493,0.427635,0.0787402,0.385045,0.361878
4.74955,0.433146,0.0472441,0.407111,0.361878
4.7498,0.391431,0.0314961,0.400238,0.361878
4.75005,0.294171,0.0472441,0.332501,0.361878
4.7503,0.143691,0.0708661,0.208063,0.361878
4.75055,-0.0449961,0.125984,0.0405236,0.361878
4.7508,-0.248535,0.165354,-0.154021,0.361878
4.75105,-0.437969,0.188976,-0.349232,0.361878
4.7513,-0.585224,0.181102,-0.496516,0.361878
4.75155,-0.669255,0.133858,-0.595875,0.361878
4.7518,-0.679566,0.0472441,-0.618306,0.361878
4.75205,-0.61857,-0.0551181,-0.572859,0.361878
4.7523,-0.501005,-0.181102,-0.470514,0.361878
4.75255,-0.349815,-0.283465,-0.336532,0.361878
4.7528,-0.19097,-0.362205,-0.192218,0.361878
4.75305,-0.0489776,-0.393701,-0.0625512,0.361878
4.75329,0.060001,-0.370079,0.0228182,0.361878
4.75354,0.129891,-0.307087,0.0800034,0.361878
4.75379,0.16562,-0.212598,0.0962587,0.361878
4.75404,0.179551,-0.0944882,0.093068,0.361878
4.75429,0.189508,0.00787402,0.0858674,0.361878
4.75454,0.211241,0.0944882,0.0950542,0.361878
4.75479,0.255131,0.149606,0.14327,0.361878
4.75504,0.321538,0.173228,0.208851,0.361878
4.75529,0.40152,0.165354,0.307165,0.361878
4.75554,0.477245,0.15748,0.414006,0.361878
4.75579,0.527513,0.141732,0.488866,0.361878
4.75604,0.531598,0.141732,0.537937,0.361878
4.75629,0.475978,0.15748,0.521228,0.361878
4.75654,0.357195,0.188976,0.435312,0.361878
4.75679,0.184836,0.23622,0.286206,0.361878
4.75704,-0.021264,0.275591,0.101321,0.361878
4.75729,-0.233298,0.283465,-0.102354,0.361878
4.75754,-0.421271,0.267717,-0.288751,0.361878
4.75779,-0.559753,0.204724,-0.434589,0.361878
4.75804,-0.631843,0.102362,-0.523621,0.361878
4.75829,-0.633058,-0.023622,-0.539515,0.361878
4.75854,-0.571363,-0.181102,-0.50035,0.361878
4.75879,-0.464958,-0.322835,-0.423089,0.361878
4.75904,-0.337332,-0.433071,-0.315384,0.361878
4.75929,-0.212815,-0.496063,-0.220539,0.361878
4.75954,-0.109661,-0.503937,-0.143499,0.361878
4.75979,-0.0373381,-0.464567,-0.0994195,0.361878
4.76004,0.0056062,-0.370079,-0.0805867,0.361878
4.76029,0.0288411,-0.267717,-0.0914591,0.361878
4.76054,0.0489407,-0.141732,-0.0878422,0.361878
4.76079,0.0823776,-0.0393701,-0.0818733,0.361878
4.76104,0.141009,0.0393701,-0.0275399,0.361878
4.76129,0.228358,0.0944882,0.057009,0.361878
4.76154,0.337724,0.133858,0.191093,0.361878
4.76179,0.452583,0.15748,0.333385,0.361878
4.76204,0.550675,0.173228,0.46337,0.361878
4.76229,0.608259,0.204724,0.565577,0.361878
4.76254,0.606592,0.251969,0.615993,0.361878
4.76279,0.536448,0.307087,0.59265,0.361878
4.76304,0.400482,0.370079,0.507697,0.361878
4.76329,0.213636,0.425197,0.351727,0.361878
4.76354,0.000716393,0.448819,0.157651,0.361878
4.76379,-0.208369,0.440945,-0.0379768,0.361878
4.76404,-0.385474,0.370079,-0.20852,0.361878
4.76429,-0.508738,0.259843,-0.334853,0.361878
4.76454,-0.566816,0.102362,-0.413028,0.361878
4.76479,-0.561449,-0.0708661,-0.42038,0.361878
4.76504,-0.505259,-0.251969,-0.396574,0.361878
4.76529,-0.418236,-0.409449,-0.337284,0.361878
4.76554,-0.323291,-0.527559,-0.270282,0.361878
4.76579,-0.23964,-0.582677,-0.231803,0.361878
4.76604,-0.179069,-0.590551,-0.205874,0.361878
4.76629,-0.143556,-0.535433,-0.216773,0.361878
4.76654,-0.125275,-0.456693,-0.243803,0.361878
4.76679,-0.109039,-0.354331,-0.263396,0.361878
4.76704,-0.0777782,-0.251969,-0.273471,0.361878
4.76729,-0.0174631,-0.149606,-0.233855,0.361878
4.76754,0.0785658,-0.0629921,-0.152018,0.361878
4.76779,0.206917,-0.00787402,-0.0115738,0.361878
4.76804,0.352888,0.0472441,0.155083,0.361878
4.76829,0.494761,0.110236,0.325085,0.361878
4.76854,0.606576,0.173228,0.490491,0.361878
4.76879,0.66519,0.251969,0.599496,0.361878
4.76904,0.655017,0.346457,0.651789,0.361878
4.76929,0.571817,0.448819,0.627702,0.361878
4.76954,0.424033,0.543307,0.530199,0.361878
4.76979,0.232373,0.606299,0.388773,0.361878
4.77004,0.0240745,0.622047,0.20931,0.361878
4.77029,-0.171674,0.582677,0.0335914,0.361878
4.77054,-0.32951,0.480315,-0.111014,0.361878
4.77079,-0.432727,0.330709,-0.207441,0.361878
4.77104,-0.476911,0.133858,-0.264735,0.361878
4.77129,-0.469087,-0.0629921,-0.269198,0.361878
4.77153,-0.425158,-0.267717,-0.256329,0.361878
4.77178,-0.36574,-0.433071,-0.232994,0.361878
4.77203,-0.310168,-0.551181,-0.221577,0.361878
4.77228,-0.271818,-0.614173,-0.234337,0.361878
4.77253,-0.255095,-0.629921,-0.266612,0.361878
4.77278,-0.254387,-0.598425,-0.330052,0.361878
4.77303,-0.255647,-0.527559,-0.384954,0.361878
4.77328,-0.241051,-0.448819,-0.431141,0.361878
4.77353,-0.194685,-0.370079,-0.427272,0.361878
4.77378,-0.105837,-0.291339,-0.370588,0.361878
4.77403,0.0259371,-0.228346,-0.252085,0.361878
4.77428,0.18922,-0.149606,-0.0875127,0.361878
4.77453,0.36369,-0.0708661,0.111813,0.361878
4.77478,0.523187,0.015748,0.309994,0.361878
4.77503,0.640661,0.133858,0.4821,0.361878
4.77528,0.694944,0.267717,0.594535,0.361878
4.77553,0.674847,0.417323,0.640417,0.361878
4.77578,0.581979,0.559055,0.61553,0.361878
4.77603,0.430429,0.629921,0.531091,0.361878
4.77628,0.244149,0.629921,0.394654,0.361878
4.77653,0.0511,0.629921,0.242951,0.361878
4.77678,-0.121603,0.629921,0.105318,0.361878
4.77703,-0.253381,0.566929,-0.00465528,0.361878
4.77728,-0.334439,0.385827,-0.0765418,0.361878
4.77753,-0.36678,0.181102,-0.114672,0.361878
4.77778,-0.361406,-0.023622,-0.126124,0.361878
4.77803,-0.336762,-0.220472,-0.127682,0.361878
4.77828,-0.31144,-0.377953,-0.144727,0.361878
4.77853,-0.299957,-0.496063,-0.182391,0.361878
4.77878,-0.308693,-0.566929,-0.241216,0.361878
4.77903,-0.334188,-0.582677,-0.335569,0.361878
4.77928,-0.363483,-0.566929,-0.43413,0.361878
4.77953,-0.378763,-0.519685,-0.511356,0.361878
4.77978,-0.361274,-0.472441,-0.551668,0.361878
4.78003,-0.296568,-0.425197,-0.534786,0.361878
4.78028,-0.179533,-0.362205,-0.453449,0.361878
4.78053,-0.0170777,-0.299213,-0.308605,0.361878
4.78078,0.173506,-0.228346,-0.108114,0.361878
4.78103,0.367055,-0.141732,0.103866,0.361878
4.78128,0.534148,-0.023622,0.309789,0.361878
4.78153,0.649505,0.0944882,0.484192,0.361878
4.78178,0.695318,0.244094,0.589499,0.361878
4.78203,0.666039,0.393701,0.627306,0.361878
4.78228,0.568745,0.527559,0.594109,0.361878
4.78253,0.422213,0.629921,0.507711,0.361878
4.78278,0.251458,0.629921,0.394635,0.361878
4.78303,0.0841382,0.629921,0.271066,0.361878
4.78328,-0.0573813,0.598425,0.158424,0.361878
4.78353,-0.159038,0.472441,0.082568,0.361878
4.78378,-0.21811,0.314961,0.0344045,0.361878
4.78403,-0.241423,0.125984,0.0126435,0.361878
4.78428,-0.244625,-0.0393701,-0.00459114,0.361878
4.78453,-0.245521,-0.19685,-0.0391848,0.361878
4.78478,-0.259006,-0.314961,-0.0891178,0.361878
4.78503,-0.293762,-0.393701,-0.174522,0.361878
4.78528,-0.348409,-0.433071,-0.285698,0.361878
4.78553,-0.41162,-0.440945,-0.422381,0.361878
4.78578,-0.465277,-0.433071,-0.535336,0.361878
4.78603,-0.488688,-0.409449,-0.626227,0.361878
4.78628,-0.463231,-0.385827,-0.649278,0.361878
4.78653,-0.379266,-0.362205,-0.610822,0.361878
4.78678,-0.237516,-0.338583,-0.493499,0.361878
4.78703,-0.0510337,-0.299213,-0.315991,0.361878
4.78728,0.157605,-0.23622,-0.0944226,0.361878
4.78753,0.358778,-0.15748,0.138122,0.361878
4.78778,0.524278,-0.0472441,0.339333,0.361878
4.78803,0.630855,0.0708661,0.498616,0.361878
4.78828,0.666216,0.220472,0.593426,0.361878
4.78853,0.630144,0.362205,0.608848,0.361878
4.78878,0.535302,0.480315,0.56842,0.361878
4.78903,0.402652,0.551181,0.483561,0.361878
4.78928,0.258067,0.582677,0.387452,0.361878
4.78953,0.124889,0.551181,0.289178,0.361878
4.78977,0.0199657,0.472441,0.202995,0.361878
4.79002,-0.0500679,0.346457,0.151822,0.361878
4.79027,-0.0883698,0.204724,0.127803,0.361878
4.79052,-0.10782,0.0551181,0.10693,0.361878
4.79077,-0.125257,-0.0708661,0.0699796,0.361878
4.79102,-0.156108,-0.173228,0.0135704,0.361878
4.79127,-0.211168,-0.251969,-0.0779989,0.361878
4.79152,-0.291499,-0.291339,-0.199834,0.361878
4.79177,-0.387946,-0.307087,-0.352304,0.361878
4.79202,-0.482718,-0.307087,-0.505549,0.361878
4.79227,-0.553765,-0.299213,-0.631083,0.361878
4.79252,-0.57889,-0.291339,-0.706642,0.361878
4.79277,-0.543013,-0.291339,-0.707018,0.361878
4.79302,-0.440727,-0.291339,-0.634173,0.361878
4.79327,-0.279354,-0.283465,-0.492153,0.361878
4.79352,-0.0772454,-0.267717,-0.290264,0.361878
4.79377,0.137765,-0.220472,-0.0534318,0.361878
4.79402,0.33619,-0.149606,0.166208,0.361878
4.79427,0.491489,-0.0393701,0.364256,0.361878
4.79452,0.584544,0.0787402,0.493783,0.361878
4.79477,0.608896,0.204724,0.558462,0.361878
4.79502,0.57049,0.322835,0.566558,0.361878
4.79527,0.485534,0.417323,0.521027,0.361878
4.79552,0.376233,0.456693,0.446228,0.361878
4.79577,0.26616,0.456693,0.370752,0.361878
4.79602,0.173388,0.409449,0.301919,0.361878
4.79627,0.108085,0.314961,0.253877,0.361878
4.79652,0.0694924,0.204724,0.22954,0.361878
4.79677,0.0479654,0.0787402,0.211027,0.361878
4.79702,0.027138,-0.015748,0.189328,0.361878
4.79727,-0.00889312,-0.102362,0.135895,0.361878
4.79752,-0.0731647,-0.165354,0.0577536,0.361878
4.79777,-0.169736,-0.188976,-0.0767622,0.361878
4.79802,-0.292008,-0.19685,-0.230931,0.361878
4.79827,-0.423779,-0.188976,-0.40614,0.361878
4.79852,-0.542438,-0.181102,-0.572336,0.361878
4.79877,-0.622983,-0.181102,-0.697053,0.361878
4.79902,-0.645094,-0.188976,-0.753086,0.361878
4.79927,-0.597205,-0.204724,-0.738597,0.361878
4.79952,-0.479624,-0.220472,-0.638192,0.361878
4.79977,-0.30571,-0.228346,-0.46329,0.361878
4.80002,-0.0990188,-0.212598,-0.245874,0.361878
4.80027,0.111529,-0.165354,-0.024414,0.361878
4.80052,0.297405,-0.0944882,0.187288,0.361878
4.80077,0.434852,0,0.359291,0.361878
4.80102,0.511451,0.102362,0.468116,0.361878
4.80127,0.526846,0.204724,0.511782,0.361878
4.80152,0.491455,0.299213,0.506479,0.361878
4.80177,0.423965,0.346457,0.461476,0.361878
4.80202,0.346398,0.354331,0.406744,0.361878
4.80227,0.277468,0.322835,0.35454,0.361878
4.80252,0.229344,0.251969,0.327776,0.361878
4.80277,0.204,0.149606,0.313018,0.361878
4.80302,0.193803,0.0551181,0.306828,0.361878
4.80327,0.184021,-0.0314961,0.307679,0.361878
4.80352,0.157323,-0.0944882,0.275687,0.361878
4.80377,0.0984867,-0.141732,0.202417,0.361878
4.80402,-2.65496e-05,-0.149606,0.0860409,0.361878
4.80427,-0.13504,-0.141732,-0.0819849,0.361878
4.80452,-0.293045,-0.11811,-0.271298,0.361878
4.80477,-0.452088,-0.0944882,-0.470263,0.361878
4.80502,-0.585523,-0.0866142,-0.637361,0.361878
4.80527,-0.668612,-0.0866142,-0.745168,0.361878
4.80552,-0.683797,-0.102362,-0.791137,0.361878
4.80577,-0.624334,-0.125984,-0.738136,0.361878
4.80602,-0.496762,-0.141732,-0.613748,0.361878
4.80627,-0.319489,-0.149606,-0.431273,0.361878
4.80652,-0.118751,-0.133858,-0.214267,0.361878
4.80677,0.076816,-0.0787402,-0.00640811,0.361878
4.80702,0.240571,-0.015748,0.184775,0.361878
4.80727,0.35531,0.0629921,0.330678,0.361878
4.80752,0.414922,0.149606,0.409698,0.361878
4.80777,0.424292,0.228346,0.445357,0.361878
4.80801,0.397993,0.259843,0.434992,0.361878
4.80826,0.35583,0.275591,0.402557,0.361878
4.80851,0.316411,0.23622,0.376135,0.361878
4.80876,0.293241,0.173228,0.369355,0.361878
4.80901,0.290626,0.0866142,0.373374,0.361878
4.80926,0.303062,0,0.389969,0.361878
4.80951,0.316696,-0.0787402,0.398276,0.361878
4.80976,0.313559,-0.133858,0.392894,0.361878
4.81001,0.275899,-0.165354,0.345878,0.361878
4.81026,0.192301,-0.165354,0.241276,0.361878
4.81051,0.0616295,-0.125984,0.092411,0.361878
4.81076,-0.106464,-0.0866142,-0.099451,0.361878
4.81101,-0.292302,-0.0393701,-0.313598,0.361878
4.81126,-0.468532,0,-0.521436,0.361878
4.81151,-0.607827,0.00787402,-0.675966,0.361878
4.81176,-0.687236,0.00787402,-0.772293,0.361878
4.81201,-0.693159,0,-0.791142,0.361878
4.81226,-0.624759,-0.023622,-0.715702,0.361878
4.81251,-0.494127,-0.0472441,-0.578014,0.361878
4.81276,-0.323014,-0.0551181,-0.389854,0.361878
4.81301,-0.138892,-0.0393701,-0.183615,0.361878
4.81326,0.0311015,-0.00787402,0.0108529,0.361878
4.81351,0.166215,0.0314961,0.177844,0.361878
4.81376,0.255536,0.0866142,0.2828,0.361878
4.81401,0.298926,0.133858,0.341965,0.361878
4.81426,0.306789,0.15748,0.364686,0.361878
4.81451,0.296504,0.15748,0.359526,0.361878
4.81476,0.285638,0.11811,0.348861,0.361878
4.81501,0.289086,0.0551181,0.348364,0.361878
4.81526,0.313107,-0.015748,0.370008,0.361878
4.81551,0.354358,-0.0944882,0.400183,0.361878
4.81576,0.400041,-0.165354,0.442534,0.361878
4.81601,0.431788,-0.204724,0.459079,0.361878
4.81626,0.429232,-0.212598,0.440292,0.361878
4.81651,0.377482,-0.188976,0.378822,0.361878
4.81676,0.269753,-0.133858,0.245345,0.361878
4.81701,0.110938,-0.0629921,0.0730054,0.361878
4.81726,-0.0827469,0,-0.138537,0.361878
4.81751,-0.285885,0.0629921,-0.357462,0.361878
4.81776,-0.469287,0.102362,-0.546964,0.361878
4.81801,-0.606319,0.125984,-0.687757,0.361878
4.81826,-0.676899,0.11811,-0.754237,0.361878
4.81851,-0.673341,0.0944882,-0.741998,0.361878
4.81876,-0.600357,0.0708661,-0.640538,0.361878
4.81901,-0.474533,0.0551181,-0.486843,0.361878
4.81926,-0.319775,0.0472441,-0.308163,0.361878
4.81951,-0.162714,0.0551181,-0.125318,0.361878
4.81976,-0.0257068,0.0787402,0.0402292,0.361878
4.82001,0.0761081,0.0944882,0.160189,0.361878
4.82026,0.138934,0.110236,0.224795,0.361878
4.82051,0.169068,0.11811,0.264234,0.361878
4.82076,0.181295,0.0866142,0.266898,0.361878
4.82101,0.192354,0.0393701,0.262697,0.361878
4.82126,0.217651,-0.0314961,0.277667,0.361878
4.82151,0.265893,-0.11811,0.305146,0.361878
4.82176,0.335975,-0.204724,0.357166,0.361878
4.82201,0.416579,-0.275591,0.418584,0.361878
4.82226,0.489236,-0.314961,0.475911,0.361878
4.82251,0.532234,-0.314961,0.491163,0.361878
4.82276,0.525929,-0.283465,0.467067,0.361878
4.82301,0.45845,-0.220472,0.38748,0.361878
4.82326,0.328779,-0.125984,0.24422,0.361878
4.82351,0.148105,-0.023622,0.048207,0.361878
4.82376,-0.061336,0.0629921,-0.161638,0.361878
4.82401,-0.270905,0.133858,-0.372067,0.361878
4.82426,-0.451713,0.188976,-0.553261,0.377893
4.82451,-0.578611,0.204724,-0.657594,0.377893
4.82476,-0.637429,0.212598,-0.694356,0.377893
4.82501,-0.625859,0.204724,-0.656005,0.377893
4.82526,-0.554239,0.188976,-0.549854,0.377893
4.82551,-0.441827,0.181102,-0.399699,0.377893
4.82576,-0.313294,0.173228,-0.236517,0.377893
4.826,-0.191458,0.181102,-0.090949,0.377893
4.82625,-0.0936387,0.181102,0.027206,0.377893
4.8265,-0.0272226,0.173228,0.106496,0.377893
4.82675,0.0107041,0.149606,0.14871,0.377893
4.827,0.0324321,0.102362,0.161791,0.377893
4.82725,0.0538109,0.023622,0.166609,0.377893
4.8275,0.091048,-0.0708661,0.180112,0.377893
4.82775,0.155265,-0.173228,0.215377,0.377893
4.828,0.247589,-0.283465,0.277554,0.377893
4.82825,0.359373,-0.370079,0.359275,0.377893
4.8285,0.472837,-0.433071,0.439688,0.377893
4.82875,0.565116,-0.448819,0.508795,0.377893
4.829,0.612849,-0.417323,0.531309,0.377893
4.82925,0.598926,-0.346457,0.495692,0.377893
4.8295,0.515697,-0.251969,0.39133,0.377893
4.82975,0.368777,-0.133858,0.221448,0.377893
4.83,0.174972,-0.015748,0.024407,0.377893
4.83025,-0.0393295,0.0787402,-0.191281,0.377893
4.8305,-0.244854,0.165354,-0.384788,0.377893
4.83075,-0.41311,0.228346,-0.53235,0.377893
4.831,-0.524537,0.267717,-0.619157,0.377893
4.83125,-0.570452,0.283465,-0.626341,0.377893
4.8315,-0.554336,0.299213,-0.56178,0.377893
4.83175,-0.490531,0.307087,-0.455216,0.377893
4.832,-0.400493,0.314961,-0.321313,0.377893
4.83225,-0.306322,0.322835,-0.188019,0.377893
4.8325,-0.226363,0.322835,-0.07012,0.377893
4.83275,-0.170761,0.307087,0.00363494,0.377893
4.833,-0.139251,0.267717,0.0463326,0.377893
4.83325,-0.122487,0.19685,0.0635435,0.377893
4.8335,-0.104743,0.102362,0.0593924,0.377893
4.83375,-0.0691902,-0.015748,0.0752792,0.377893
4.834,-0.00219553,-0.15748,0.109645,0.377893
4.83425,0.100452,-0.299213,0.173467,0.377893
4.8345,0.233282,-0.417323,0.271272,0.377893
4.83475,0.380444,-0.511811,0.376823,0.377893
4.835,0.518675,-0.559055,0.476244,0.377893
4.83525,0.622152,-0.551181,0.542131,0.377893
4.8355,0.668917,-0.503937,0.549131,0.377893
4.83575,0.644893,-0.409449,0.489126,0.377893
4.836,0.548653,-0.291339,0.366952,0.377893
4.83625,0.390983,-0.165354,0.186533,0.377893
4.8365,0.193788,-0.0393701,-0.0118627,0.377893
4.83675,-0.0145065,0.0629921,-0.220466,0.377893
4.837,-0.204697,0.15748,-0.389302,0.377893
4.83725,-0.353076,0.228346,-0.505936,0.377893
4.8375,-0.44548,0.283465,-0.556625,0.377893
4.83775,-0.479096,0.330709,-0.535144,0.377893
4.838,-0.462926,0.370079,-0.459544,0.377893
4.83825,-0.414585,0.409449,-0.354889,0.377893
4.8385,-0.354582,0.440945,-0.238711,0.377893
4.83875,-0.30138,0.464567,-0.141536,0.377893
4.839,-0.267155,0.456693,-0.0664482,0.377893
4.83925,-0.253984,0.425197,-0.0310527,0.377893
4.8395,-0.254886,0.354331,-0.0265351,0.377893
4.83975,-0.254596,0.251969,-0.0360777,0.377893
4.84,-0.235523,0.110236,-0.0306348,0.377893
4.84025,-0.18137,-0.0393701,-0.00557551,0.377893
4.8405,-0.0842645,-0.220472,0.0628785,0.377893
4.84075,0.0543701,-0.370079,0.151502,0.377893
4.841,0.221742,-0.503937,0.269123,0.377893
4.84125,0.395649,-0.590551,0.39719,0.377893
4.8415,0.549054,-0.622047,0.495958,0.377893
4.84175,0.65604,-0.598425,0.555062,0.377893
4.842,0.696952,-0.519685,0.547852,0.377893
4.84225,0.662761,-0.409449,0.472932,0.377893
4.8425,0.557504,-0.291339,0.331627,0.377893
4.84275,0.397429,-0.165354,0.14993,0.377893
4.843,0.207713,-0.0472441,-0.045062,0.377893
4.84325,0.0165498,0.0393701,-0.226393,0.377893
4.8435,-0.149593,0.11811,-0.362981,0.377893
4.84375,-0.27254,0.181102,-0.442624,0.377893
4.844,-0.344018,0.244094,-0.459092,0.377893
4.84424,-0.368057,0.291339,-0.42356,0.377893
4.84449,-0.357775,0.346457,-0.342455,0.377893
4.84474,-0.33162,0.401575,-0.254844,0.377893
4.84499,-0.307867,0.448819,-0.169236,0.377893
4.84524,-0.300026,0.480315,-0.120265,0.377893
4.84549,-0.312403,0.480315,-0.0993299,0.377893
4.84574,-0.339819,0.440945,-0.104921,0.377893
4.84599,-0.368077,0.370079,-0.127063,0.377893
4.84624,-0.378577,0.244094,-0.148599,0.377893
4.84649,-0.352964,0.0944882,-0.144638,0.377893
4.84674,-0.278599,-0.0629921,-0.110492,0.377893
4.84699,-0.152438,-0.228346,-0.0214967,0.377893
4.84724,0.0171263,-0.370079,0.101868,0.377893
4.84749,0.210478,-0.480315,0.242477,0.377893
4.84774,0.400952,-0.543307,0.389399,0.377893
4.84799,0.560307,-0.551181,0.498618,0.377893
4.84824,0.663696,-0.511811,0.547311,0.377893
4.84849,0.695521,-0.440945,0.535168,0.377893
4.84874,0.652548,-0.346457,0.462534,0.377893
4.84899,0.544414,-0.251969,0.327592,0.377893
4.84924,0.39135,-0.15748,0.155974,0.377893
4.84949,0.219342,-0.0787402,-0.0087577,0.377893
4.84974,0.0551253,-0.00787402,-0.164105,0.377893
4.84999,-0.0797315,0.0472441,-0.263475,0.377893
4.85024,-0.173277,0.110236,-0.315006,0.377893
4.85049,-0.224673,0.165354,-0.310468,0.377893
4.85074,-0.24313,0.244094,-0.272096,0.377893
4.85099,-0.244512,0.314961,-0.219796,0.377893
4.85124,-0.246505,0.393701,-0.162554,0.377893
4.85149,-0.263831,0.448819,-0.134656,0.377893
4.85174,-0.302659,0.488189,-0.140506,0.377893
4.85199,-0.360018,0.488189,-0.167659,0.377893
4.85224,-0.423015,0.440945,-0.228139,0.377893
4.85249,-0.472666,0.354331,-0.269914,0.377893
4.85274,-0.488015,0.220472,-0.294077,0.377893
4.85299,-0.452269,0.0629921,-0.281202,0.377893
4.85324,-0.356867,-0.0866142,-0.209886,0.377893
4.85349,-0.20544,-0.244094,-0.0873605,0.377893
4.85374,-0.0127422,-0.354331,0.0707635,0.377893
4.85399,0.19644,-0.440945,0.238486,0.377893
4.85424,0.393233,-0.472441,0.386989,0.377893
4.85449,0.549226,-0.472441,0.500589,0.377893
4.85474,0.643071,-0.433071,0.554158,0.377893
4.85499,0.664581,-0.370079,0.533738,0.377893
4.85524,0.616375,-0.291339,0.445118,0.377893
4.85549,0.512695,-0.228346,0.323272,0.377893
4.85574,0.375901,-0.165354,0.171672,0.377893
4.85599,0.231667,-0.110236,0.0201961,0.377893
4.85624,0.102686,-0.0629921,-0.0856912,0.377893
4.85649,0.00415694,0,-0.162908,0.377893
4.85674,-0.0592198,0.0551181,-0.191106,0.377893
4.85699,-0.0930771,0.125984,-0.1768,0.377893
4.85724,-0.110787,0.212598,-0.139121,0.377893
4.85749,-0.129309,0.307087,-0.108841,0.377893
4.85774,-0.164462,0.393701,-0.101197,0.377893
4.85799,-0.224419,0.456693,-0.124857,0.377893
4.85824,-0.30873,0.488189,-0.175758,0.377893
4.85849,-0.406367,0.472441,-0.249098,0.377893
4.85874,-0.498622,0.409449,-0.325803,0.377893
4.85899,-0.562473,0.314961,-0.38646,0.377893
4.85924,-0.57722,0.173228,-0.404403,0.377893
4.85949,-0.528834,0.023622,-0.362186,0.377893
4.85974,-0.41459,-0.110236,-0.267328,0.377893
4.85999,-0.243804,-0.244094,-0.118787,0.377893
4.86024,-0.0373875,-0.338583,0.0501697,0.377893
4.86049,0.177025,-0.393701,0.230511,0.377893
4.86074,0.369327,-0.409449,0.376409,0.377893
4.86099,0.513812,-0.385827,0.478064,0.377893
4.86124,0.594371,-0.354331,0.508209,0.377893
4.86149,0.606175,-0.307087,0.483164,0.377893
4.86174,0.557575,-0.259843,0.40176,0.377893
4.86199,0.466105,-0.212598,0.277063,0.377893
4.86224,0.355096,-0.181102,0.159797,0.377893
4.86248,0.247075,-0.149606,0.0528291,0.377893
4.86273,0.159106,-0.102362,-0.0186881,0.377893
4.86298,0.098949,-0.0472441,-0.0560605,0.377893
4.86323,0.0646439,0.023622,-0.0543826,0.377893
4.86348,0.0444501,0.110236,-0.0305818,0.377893
4.86373,0.0221668,0.220472,-0.0135342,0.377893
4.86398,-0.0186016,0.322835,-0.00315492,0.377893
4.86423,-0.0888449,0.409449,-0.0293973,0.377893
4.86448,-0.190914,0.472441,-0.0957825,0.377893
4.86473,-0.316535,0.488189,-0.192071,0.377893
4.86498,-0.447661,0.448819,-0.302024,0.377893
4.86523,-0.56105,0.370079,-0.404847,0.377893
4.86548,-0.632063,0.259843,-0.461663,0.377893
4.86573,-0.641638,0.125984,-0.472918,0.377893
4.86598,-0.580276,-0.015748,-0.417153,0.377893
4.86623,-0.45101,-0.141732,-0.303905,0.377893
4.86648,-0.268722,-0.23622,-0.142502,0.377893
4.86673,-0.0590236,-0.307087,0.0355211,0.377893
4.86698,0.149105,-0.338583,0.205733,0.377893
4.86723,0.3271,-0.338583,0.339476,0.377893
4.86748,0.454048,-0.322835,0.415146,0.377893
4.86773,0.518848,-0.291339,0.434261,0.377893
4.86798,0.523534,-0.267717,0.406007,0.377893
4.86823,0.480521,-0.251969,0.323467,0.377893
4.86848,0.409649,-0.23622,0.232523,0.377893
4.86873,0.332407,-0.212598,0.141989,0.377893
4.86898,0.266769,-0.181102,0.0806147,0.377893
4.86923,0.222929,-0.141732,0.0531998,0.377893
4.86948,0.201384,-0.0708661,0.0563344,0.377893
4.86973,0.192585,0.00787402,0.0880751,0.377893
4.86998,0.180711,0.125984,0.116653,0.377893
4.87023,0.149009,0.244094,0.119848,0.377893
4.87048,0.0831033,0.346457,0.0903787,0.377893
4.87073,-0.0225967,0.433071,0.0265472,0.377893
4.87098,-0.163423,0.472441,-0.0827081,0.377893
4.87123,-0.323442,0.472441,-0.215425,0.377893
4.87148,-0.479744,0.425197,-0.348688,0.377893
4.87173,-0.605467,0.330709,-0.459435,0.377893
4.87198,-0.677042,0.212598,-0.525591,0.377893
4.87223,-0.678325,0.0787402,-0.523014,0.377893
4.87248,-0.605393,-0.0472441,-0.44992,0.377893
4.87273,-0.466687,-0.149606,-0.327851,0.377893
4.87298,-0.282863,-0.228346,-0.164557,0.377893
4.87323,-0.080786,-0.259843,0.013094,0.377893
4.87348,0.110275,-0.275591,0.164502,0.377893
4.87373,0.266161,-0.267717,0.276507,0.377893
4.87398,0.370681,-0.251969,0.333586,0.377893
4.87423,0.420024,-0.244094,0.345129,0.377893
4.87448,0.421453,-0.23622,0.300649,0.377893
4.87473,0.390793,-0.244094,0.237547,0.377893
4.87498,0.347803,-0.251969,0.17502,0.377893
4.87523,0.310594,-0.251969,0.133878,0.377893
4.87548,0.291204,-0.228346,0.117127,0.377893
4.87573,0.292191,-0.173228,0.135273,0.377893
4.87598,0.306111,-0.0944882,0.181841,0.377893
4.87623,0.317839,0,0.224959,0.377893
4.87648,0.309487,0.125984,0.246846,0.377893
4.87673,0.263905,0.244094,0.24189,0.377893
4.87698,0.171519,0.346457,0.183172,0.377893
4.87723,0.0325278,0.409449,0.0723537,0.377893
4.87748,-0.140574,0.433071,-0.069896,0.377893
4.87773,-0.32663,0.409449,-0.232758,0.377893
4.87798,-0.498165,0.338583,-0.385181,0.377893
4.87823,-0.627892,0.23622,-0.499979,0.377893
4.87848,-0.694123,0.125984,-0.550717,0.377893
4.87873,-0.685877,0.023622,-0.542671,0.377893
4.87898,-0.604531,-0.0629921,-0.463538,0.377893
4.87923,-0.464456,-0.125984,-0.332555,0.377893
4.87948,-0.288745,-0.165354,-0.178187,0.377893
4.87973,-0.105289,-0.173228,-0.0274247,0.377893
4.87998,0.0595423,-0.165354,0.105745,0.377893
4.88023,0.186575,-0.15748,0.189705,0.377893
4.88048,0.266777,-0.15748,0.229483,0.377893
4.88072,0.30259,-0.165354,0.222721,0.377893
4.88097,0.30577,-0.188976,0.191803,0.377893
4.88122,0.293926,-0.220472,0.162288,0.377893
4.88147,0.284935,-0.244094,0.138326,0.377893
4.88172,0.291991,-0.244094,0.146517,0.377893
4.88197,0.319831,-0.212598,0.180557,0.377893
4.88222,0.363079,-0.165354,0.246617,0.377893
4.88247,0.407553,-0.0787402,0.309979,0.377893
4.88272,0.434397,0.0314961,0.371311,0.377893
4.88297,0.423775,0.141732,0.383611,0.377893
4.88322,0.36155,0.244094,0.343013,0.377893
4.88347,0.243545,0.322835,0.256511,0.377893
4.88372,0.0767115,0.354331,0.109649,0.377893
4.88397,-0.120795,0.354331,-0.0709497,0.377893
4.88422,-0.322544,0.307087,-0.244997,0.377893
4.88447,-0.499133,0.228346,-0.40433,0.377893
4.88472,-0.62485,0.125984,-0.525339,0.377893
4.88497,-0.681918,0.0314961,-0.565994,0.377893
4.88522,-0.664553,-0.0393701,-0.543821,0.377893
4.88547,-0.580243,-0.0944882,-0.461028,0.377893
4.88572,-0.447149,-0.11811,-0.341724,0.377893
4.88597,-0.289835,-0.11811,-0.206972,0.377893
4.88622,-0.135,-0.110236,-0.0744759,0.377893
4.88647,-0.00388812,-0.0944882,0.0196736,0.377893
4.88672,0.0908317,-0.0866142,0.0797039,0.377893
4.88697,0.146824,-0.0944882,0.103487,0.377893
4.88722,0.172293,-0.11811,0.0991602,0.377893
4.88747,0.182797,-0.149606,0.0886923,0.377893
4.88772,0.19558,-0.188976,0.0796454,0.377893
4.88797,0.224874,-0.212598,0.112952,0.377893
4.88822,0.277531,-0.204724,0.161955,0.377893
4.88847,0.350665,-0.165354,0.255097,0.377893
4.88872,0.431361,-0.102362,0.347916,0.377893
4.88897,0.500304,-0.00787402,0.434356,0.377893
4.88922,0.535353,0.0866142,0.492651,0.377893
4.88947,0.518093,0.188976,0.497026,0.377893
4.88972,0.4387,0.267717,0.437565,0.377893
4.88997,0.298334,0.307087,0.321043,0.377893
4.89022,0.110425,0.307087,0.142494,0.377893
4.89047,-0.101419,0.267717,-0.0545835,0.377893
4.89072,-0.307711,0.188976,-0.245353,0.377893
4.89097,-0.479932,0.0944882,-0.401327,0.377893
4.89122,-0.595057,0.00787402,-0.50337,0.377893
4.89147,-0.64045,-0.0629921,-0.546084,0.377893
4.89172,-0.616599,-0.110236,-0.521398,0.377893
4.89197,-0.535693,-0.133858,-0.443945,0.377893
4.89222,-0.418315,-0.125984,-0.345475,0.377893
4.89247,-0.289402,-0.102362,-0.240133,0.377893
4.89272,-0.171067,-0.0708661,-0.141352,0.377893
4.89297,-0.078731,-0.0551181,-0.0840272,0.377893
4.89322,-0.0181136,-0.0472441,-0.0509419,0.377893
4.89347,0.0156206,-0.0708661,-0.046434,0.377893
4.89372,0.0357776,-0.0944882,-0.0494684,0.377893
4.89397,0.0590914,-0.141732,-0.0415648,0.377893
4.89422,0.100879,-0.165354,-0.00124511,0.377893
4.89447,0.170362,-0.165354,0.0758994,0.377893
4.89472,0.267446,-0.149606,0.185655,0.377893
4.89497,0.381087,-0.0866142,0.312,0.377893
4.89522,0.492563,0,0.442681,0.377893
4.89547,0.578038,0.0944882,0.552416,0.377893
4.89572,0.615254,0.188976,0.606133,0.377893
4.89597,0.58862,0.267717,0.597719,0.377893
4.89622,0.492877,0.314961,0.509864,0.377893
4.89647,0.335268,0.307087,0.372898,0.377893
4.89672,0.135577,0.267717,0.187149,0.377893
4.89697,-0.0792942,0.188976,-0.0178992,0.377893
4.89722,-0.279638,0.0866142,-0.209387,0.377893
4.89747,-0.438732,-0.015748,-0.35753,0.377893
4.89772,-0.538167,-0.102362,-0.445531,0.377893
4.89797,-0.571762,-0.15748,-0.476607,0.377893
4.89822,-0.545542,-0.188976,-0.457323,0.377893
4.89847,-0.475066,-0.181102,-0.402758,0.377893
4.89872,-0.382602,-0.15748,-0.331045,0.377893
4.89896,-0.289858,-0.11811,-0.266424,0.377893
4.89921,-0.213952,-0.0866142,-0.221383,0.377893
4.89946,-0.163149,-0.0629921,-0.208425,0.377893
4.89971,-0.135539,-0.0708661,-0.206066,0.377893
4.89996,-0.119666,-0.0866142,-0.217527,0.377893
4.90021,-0.0999883,-0.110236,-0.213988,0.377893
4.90046,-0.0592577,-0.133858,-0.177645,0.377893
4.90071,0.0141248,-0.141732,-0.0915564,0.377893
4.90096,0.123379,-0.110236,0.0252168,0.377893
4.90121,0.260323,-0.0551181,0.189779,0.377893
4.90146,0.407775,0.023622,0.357882,0.377893
4.90171,0.541366,0.125984,0.515754,0.377893
4.90196,0.635718,0.228346,0.631569,0.377893
4.90221,0.670004,0.314961,0.69162,0.377893
4.90246,0.632329,0.362205,0.672616,0.377893
4.90271,0.523198,0.370079,0.580209,0.377893
4.90296,0.356347,0.330709,0.423456,0.377893
4.90321,0.155039,0.23622,0.235231,0.377893
4.90346,-0.0522706,0.125984,0.0407749,0.377893
4.90371,-0.236238,0,-0.133379,0.377893
4.90396,-0.374889,-0.110236,-0.266424,0.377893
4.90421,-0.455956,-0.19685,-0.351406,0.377893
4.90446,-0.479524,-0.244094,-0.383264,0.377893
4.90471,-0.45581,-0.251969,-0.379628,0.377893
4.90496,-0.403687,-0.228346,-0.348899,0.377893
4.90521,-0.343666,-0.188976,-0.318755,0.377893
4.90546,-0.293336,-0.149606,-0.307392,0.377893
4.90571,-0.263166,-0.11811,-0.323007,0.377893
4.90596,-0.25366,-0.110236,-0.343877,0.377893
4.90621,-0.25535,-0.110236,-0.370094,0.377893
4.90646,-0.252876,-0.125984,-0.385442,0.377893
4.90671,-0.228364,-0.133858,-0.372426,0.377893
4.90696,-0.166765,-0.133858,-0.306891,0.377893
4.90721,-0.0611936,-0.0944882,-0.179848,0.377893
4.90746,0.0840413,-0.0393701,-0.0107608,0.377893
4.90771,0.25432,0.0472441,0.185364,0.377893
4.90796,0.426696,0.15748,0.392995,0.377893
4.90821,0.573279,0.275591,0.571798,0.377893
4.90846,0.669228,0.370079,0.692308,0.377893
4.90871,0.696334,0.425197,0.746222,0.377893
4.90896,0.648163,0.425197,0.725605,0.377893
4.90921,0.53111,0.377953,0.623218,0.377893
4.90946,0.363557,0.283465,0.47386,0.377893
4.90971,0.171051,0.149606,0.297223,0.377893
4.90996,-0.0171177,0.00787402,0.110626,0.377893
4.91021,-0.176284,-0.125984,-0.0439259,0.377893
4.91046,-0.289664,-0.23622,-0.162504,0.377893
4.91071,-0.351916,-0.307087,-0.237251,0.377893
4.91096,-0.368137,-0.330709,-0.280289,0.377893
4.91121,-0.353433,-0.322835,-0.301271,0.377893
4.91146,-0.32657,-0.291339,-0.311163,0.377893
4.91171,-0.304962,-0.244094,-0.337248,0.377893
4.91196,-0.30083,-0.19685,-0.373135,0.377893
4.91221,-0.316823,-0.173228,-0.431781,0.377893
4.91246,-0.345488,-0.149606,-0.49888,0.377893
4.91271,-0.371895,-0.141732,-0.548979,0.377893
4.91296,-0.377132,-0.141732,-0.561034,0.377893
4.91321,-0.342926,-0.11811,-0.518058,0.377893
4.91346,-0.258807,-0.0787402,-0.41025,0.377893
4.91371,-0.123567,-0.00787402,-0.244103,0.377893
4.91396,0.0519487,0.0944882,-0.0359239,0.377893
4.91421,0.247171,0.212598,0.197926,0.377893
4.91446,0.433924,0.338583,0.428415,0.377893
4.91471,0.584499,0.448819,0.626085,0.377893
4.91496,0.675357,0.519685,0.752081,0.377893
4.91521,0.69308,0.535433,0.798315,0.377893
4.91546,0.636831,0.488189,0.766523,0.377893
4.91571,0.518595,0.385827,0.665295,0.377893
4.91596,0.359633,0.23622,0.523318,0.377893
4.91621,0.18733,0.0629921,0.360378,0.377893
4.91646,0.0273716,-0.0944882,0.194873,0.377893
4.91671,-0.100598,-0.244094,0.0638089,0.377893
4.91695,-0.186022,-0.354331,-0.0395342,0.377893
4.9172,-0.230136,-0.417323,-0.121046,0.377893
4.91745,-0.244022,-0.433071,-0.17216,0.377893
4.9177,-0.244428,-0.417323,-0.225322,0.377893
4.91795,-0.248317,-0.377953,-0.279548,0.377893
4.9182,-0.269344,-0.330709,-0.359328,0.377893
4.91845,-0.312289,-0.291339,-0.457916,0.377893
4.9187,-0.371834,-0.259843,-0.561415,0.377893
4.91895,-0.433875,-0.244094,-0.650336,0.377893
4.9192,-0.478787,-0.212598,-0.706925,0.377893
4.91945,-0.485532,-0.173228,-0.716029,0.377893
4.9197,-0.439052,-0.110236,-0.644396,0.377893
4.91995,-0.332711,-0.015748,-0.50947,0.377893
4.9202,-0.171907,0.102362,-0.306525,0.377893
4.92045,0.0259713,0.251969,-0.0551557,0.377893
4.9207,0.235061,0.409449,0.207706,0.377893
4.92095,0.426212,0.551181,0.454603,0.377893
4.9212,0.571979,0.629921,0.644422,0.377893
4.92145,0.652728,0.629921,0.775013,0.377893
4.9217,0.660616,0.629921,0.821305,0.377893
4.92195,0.600653,0.559055,0.788051,0.377893
4.9222,0.48873,0.401575,0.701991,0.377893
4.92245,0.348789,0.212598,0.574811,0.377893
4.9227,0.205974,0,0.428902,0.377893
4.92295,0.081621,-0.181102,0.300482,0.377893
4.9232,-0.0104025,-0.338583,0.187157,0.377893
4.92345,-0.0674111,-0.448819,0.0928767,0.377893
4.9237,-0.0969729,-0.511811,0.0152844,0.377893
4.92395,-0.113789,-0.527559,-0.0618288,0.377893
4.9242,-0.134318,-0.519685,-0.150302,0.349883
4.92445,-0.17354,-0.488189,-0.252992,0.349883
4.9247,-0.238574,-0.448819,-0.392178,0.349883
4.92495,-0.326439,-0.425197,-0.536448,0.349883
4.9252,-0.42463,-0.393701,-0.681395,0.349883
4.92545,-0.513381,-0.362205,-0.79942,0.349883
4.9257,-0.569443,-0.307087,-0.856219,0.349883
4.92595,-0.573276,-0.228346,-0.855635,0.349883
4.9262,-0.512511,-0.110236,-0.763803,0.349883
4.92645,-0.386455,0.0314961,-0.590541,0.349883
4.9267,-0.207132,0.220472,-0.355973,0.349883
4.92695,0.00298934,0.417323,-0.0785649,0.349883
4.9272,0.215271,0.598425,0.191713,0.349883
4.92745,0.400632,0.629921,0.440575,0.349883
4.9277,0.53406,0.629921,0.633538,0.349883
4.92795,0.60157,0.629921,0.755683,0.349883
4.9282,0.601313,0.629921,0.806628,0.349883
4.92845,0.543151,0.629921,0.787214,0.349883
4.9287,0.446174,0.433071,0.710844,0.349883
4.92895,0.334151,0.19685,0.601919,0.349883
4.9292,0.228644,-0.015748,0.500213,0.349883
4.92945,0.145657,-0.228346,0.391302,0.349883
4.9297,0.0909323,-0.385827,0.30591,0.349883
4.92995,0.06014,-0.503937,0.228199,0.349883
4.9302,0.0408611,-0.566929,0.145181,0.349883
4.93045,0.0164639,-0.598425,0.0451957,0.349883
4.9307,-0.0291375,-0.606299,-0.0769175,0.349883
4.93095,-0.105655,-0.598425,-0.2289,0.349883
4.9312,-0.213038,-0.582677,-0.410859,0.349883
4.93145,-0.341164,-0.566929,-0.593403,0.349883
4.9317,-0.471106,-0.543307,-0.77066,0.349883
4.93195,-0.57817,-0.503937,-0.903635,0.349883
4.9322,-0.638926,-0.417323,-0.969984,0.349883
4.93245,-0.635718,-0.291339,-0.941781,0.349883
4.9327,-0.56094,-0.125984,-0.830128,0.349883
4.93295,-0.420203,0.0787402,-0.641691,0.349883
4.9332,-0.23098,0.322835,-0.396795,0.349883
4.93345,-0.0190906,0.551181,-0.116763,0.349883
4.9337,0.185451,0.629921,0.155728,0.349883
4.93395,0.355214,0.629921,0.402159,0.349883
4.9342,0.470821,0.629921,0.584765,0.349883
4.93445,0.524115,0.629921,0.695918,0.349883
4.9347,0.518677,0.629921,0.743305,0.349883
4.93495,0.468726,0.629921,0.738095,0.349883
4.93519,0.395112,0.456693,0.689125,0.349883
4.93544,0.318735,0.228346,0.616713,0.349883
4.93569,0.25677,-0.00787402,0.549583,0.349883
4.93594,0.217449,-0.204724,0.482857,0.349883
4.93619,0.19909,-0.362205,0.42379,0.349883
4.93644,0.191057,-0.488189,0.358154,0.349883
4.93669,0.177107,-0.574803,0.281731,0.349883
4.93694,0.139488,-0.622047,0.159978,0.349883
4.93719,0.0663082,-0.629921,0.00940069,0.349883
4.93744,-0.0466107,-0.629921,-0.181682,0.349883
4.93769,-0.192316,-0.629921,-0.402165,0.349883
4.93794,-0.353892,-0.629921,-0.62363,0.349883
4.93819,-0.506327,-0.629921,-0.824515,0.349883
4.93844,-0.623544,-0.622047,-0.96292,0.349883
4.93869,-0.682911,-0.511811,-1.02014,0.349883
4.93894,-0.670225,-0.354331,-0.990513,0.349883
4.93919,-0.583909,-0.141732,-0.86685,0.349883
4.93944,-0.435183,0.0866142,-0.669015,0.349883
4.93969,-0.245597,0.346457,-0.418758,0.349883
4.93994,-0.0433908,0.574803,-0.146593,0.349883
4.94019,0.142719,0.629921,0.1044,0.349883
4.94044,0.289711,0.629921,0.318516,0.349883
4.94069,0.384098,0.629921,0.487424,0.349883
4.94094,0.423635,0.629921,0.588333,0.349883
4.94119,0.41751,0.629921,0.639378,0.349883
4.94144,0.383161,0.551181,0.654574,0.349883
4.94169,0.339858,0.346457,0.637715,0.349883
4.94194,0.305426,0.149606,0.612252,0.349883
4.94219,0.289952,-0.015748,0.59044,0.349883
4.94244,0.294116,-0.149606,0.564336,0.349883
4.94269,0.308948,-0.251969,0.540206,0.349883
4.94294,0.318654,-0.314961,0.488461,0.349883
4.94319,0.304102,-0.354331,0.404575,0.349883
4.94344,0.25025,-0.401575,0.264207,0.349883
4.94369,0.148831,-0.440945,0.0791234,0.349883
4.94394,0.00243602,-0.488189,-0.137309,0.349883
4.94419,-0.17531,-0.535433,-0.383101,0.349883
4.94444,-0.360631,-0.566929,-0.621493,0.349883
4.94469,-0.526197,-0.574803,-0.810435,0.349883
4.94494,-0.645579,-0.535433,-0.946185,0.349883
4.94519,-0.698373,-0.448819,-0.990462,0.349883
4.94544,-0.675916,-0.299213,-0.939641,0.349883
4.94569,-0.582319,-0.110236,-0.81324,0.349883
4.94594,-0.433532,0.0866142,-0.608499,0.349883
4.94619,-0.254224,0.307087,-0.380021,0.349883
4.94644,-0.0725637,0.488189,-0.142314,0.349883
4.94669,0.0866927,0.622047,0.0715844,0.349883
4.94694,0.205275,0.629921,0.246212,0.349883
4.94719,0.276683,0.629921,0.377274,0.349883
4.94744,0.305055,0.598425,0.45205,0.349883
4.94769,0.304221,0.464567,0.500766,0.349883
4.94794,0.291453,0.322835,0.521735,0.349883
4.94819,0.284715,0.173228,0.540631,0.349883
4.94844,0.295635,0.0472441,0.562087,0.349883
4.94869,0.327036,-0.0472441,0.587788,0.349883
4.94894,0.371792,-0.102362,0.600141,0.349883
4.94919,0.414566,-0.141732,0.599996,0.349883
4.94944,0.435687,-0.15748,0.564025,0.349883
4.94969,0.416299,-0.173228,0.480424,0.349883
4.94994,0.343892,-0.212598,0.336985,0.349883
4.95019,0.215606,-0.259843,0.137906,0.349883
4.95044,0.0414024,-0.322835,-0.0946596,0.349883
4.95069,-0.159045,-0.393701,-0.340853,0.349883
4.95094,-0.358126,-0.440945,-0.570818,0.349883
4.95119,-0.527314,-0.464567,-0.751637,0.349883
4.95144,-0.641079,-0.433071,-0.867092,0.349883
4.95169,-0.684256,-0.346457,-0.896349,0.349883
4.95194,-0.653489,-0.212598,-0.834143,0.349883
4.95219,-0.558404,-0.0472441,-0.702374,0.349883
4.95244,-0.418631,0.125984,-0.525738,0.349883
4.95269,-0.260138,0.291339,-0.330482,0.349883
4.95294,-0.108131,0.417323,-0.141193,0.349883
4.95319,0.01682,0.480315,0.0264258,0.349883
4.95343,0.103946,0.488189,0.151887,0.349883
4.95368,0.153472,0.433071,0.234561,0.349883
4.95393,0.174982,0.346457,0.298809,0.349883
4.95418,0.184597,0.228346,0.334488,0.349883
4.95443,0.199371,0.110236,0.368833,0.349883
4.95468,0.232931,0.015748,0.41438,0.349883
4.95493,0.289962,-0.0472441,0.479568,0.349883
4.95518,0.365667,-0.0708661,0.539159,0.349883
4.95543,0.445766,-0.0708661,0.594092,0.349883
4.95568,0.509985,-0.0551181,0.61891,0.349883
4.95593,0.536497,-0.0393701,0.600449,0.349883
4.95618,0.508301,-0.0551181,0.523525,0.349883
4.95643,0.416791,-0.0787402,0.374439,0.349883
4.95668,0.26621,-0.141732,0.185692,0.349883
4.95693,0.0718185,-0.212598,-0.0502621,0.349883
4.95718,-0.141079,-0.275591,-0.282591,0.349883
4.95743,-0.34347,-0.330709,-0.496086,0.349883
4.95768,-0.506327,-0.330709,-0.657759,0.349883
4.95793,-0.608901,-0.299213,-0.746775,0.349883
4.95818,-0.641079,-0.212598,-0.762012,0.349883
4.95843,-0.605318,-0.0866142,-0.703774,0.349883
4.95868,-0.515671,0.0551181,-0.583343,0.349883
4.95893,-0.39447,0.181102,-0.437164,0.349883
4.95918,-0.265891,0.299213,-0.286532,0.349883
4.95943,-0.151515,0.354331,-0.151509,0.349883
4.95968,-0.0651555,0.362205,-0.039308,0.349883
4.95993,-0.0100954,0.314961,0.0361742,0.349883
4.96018,0.0200502,0.228346,0.0892452,0.349883
4.96043,0.0394765,0.11811,0.128252,0.349883
4.96068,0.0649742,0.00787402,0.170456,0.349883
4.96093,0.111696,-0.0629921,0.223867,0.349883
4.96118,0.186634,-0.110236,0.30775,0.349883
4.96143,0.287792,-0.125984,0.408744,0.349883
4.96168,0.402722,-0.0944882,0.502358,0.349883
4.96193,0.511184,-0.0551181,0.58399,0.349883
4.96218,0.589218,-0.00787402,0.633481,0.349883
4.96243,0.615607,0.00787402,0.623483,0.349883
4.96268,0.57587,0,0.541245,0.349883
4.96293,0.467692,-0.015748,0.402512,0.349883
4.96318,0.300621,-0.0787402,0.215035,0.349883
4.96343,0.0956435,-0.141732,-0.00461351,0.349883
4.96368,-0.11892,-0.188976,-0.231964,0.349883
4.96393,-0.313195,-0.220472,-0.419712,0.349883
4.96418,-0.462043,-0.204724,-0.553448,0.349883
4.96443,-0.549487,-0.149606,-0.62173,0.349883
4.96468,-0.571095,-0.0472441,-0.620937,0.349883
4.96493,-0.534934,0.0551181,-0.565946,0.349883
4.96518,-0.458818,0.173228,-0.471769,0.349883
4.96543,-0.36471,0.267717,-0.357761,0.349883
4.96568,-0.274024,0.322835,-0.260798,0.349883
4.96593,-0.202578,0.314961,-0.174339,0.349883
4.96618,-0.156469,0.259843,-0.113094,0.349883
4.96643,-0.13205,0.165354,-0.0765385,0.349883
4.96668,-0.116936,0.0472441,-0.0558358,0.349883
4.96693,-0.0943095,-0.0629921,-0.0201171,0.349883
4.96718,-0.0481655,-0.149606,0.0381129,0.349883
4.96743,0.0319247,-0.204724,0.114382,0.349883
4.96768,0.147115,-0.220472,0.223847,0.349883
4.96793,0.287734,-0.188976,0.35309,0.349883
4.96818,0.434548,-0.133858,0.479555,0.349883
4.96843,0.562638,-0.0629921,0.575543,0.349883
4.96868,0.647285,-0.00787402,0.629212,0.349883
4.96893,0.668547,0.023622,0.618695,0.349883
4.96918,0.617133,0.0314961,0.53783,0.349883
4.96943,0.495973,0,0.396308,0.349883
4.96968,0.32049,-0.023622,0.213539,0.349883
4.96993,0.115676,-0.0708661,0.0112987,0.349883
4.97018,-0.0889775,-0.102362,-0.184971,0.349883
4.97043,-0.266171,-0.102362,-0.33861,0.349883
4.97068,-0.394645,-0.0629921,-0.447318,0.349883
4.97093,-0.464597,0,-0.485749,0.349883
4.97118,-0.478135,0.0866142,-0.47965,0.349883
4.97143,-0.447685,0.181102,-0.422537,0.349883
4.97167,-0.392514,0.259843,-0.352796,0.349883
4.97192,-0.333014,0.299213,-0.277436,0.349883
4.97217,-0.286066,0.283465,-0.218717,0.349883
4.97242,-0.25991,0.220472,-0.188269,0.349883
4.97267,-0.253475,0.125984,-0.180105,0.349883
4.97292,-0.255862,0,-0.179295,0.349883
4.97317,-0.250557,-0.125984,-0.181939,0.349883
4.97342,-0.219897,-0.220472,-0.150872,0.349883
4.97367,-0.150366,-0.283465,-0.0905191,0.349883
4.97392,-0.0369485,-0.307087,0.00961707,0.349883
4.97417,0.114604,-0.275591,0.140026,0.349883
4.97442,0.287334,-0.212598,0.294649,0.349883
4.97467,0.456719,-0.133858,0.433301,0.349883
4.97492,0.595708,-0.0472441,0.538792,0.349883
4.97517,0.67987,0,0.601335,0.349883
4.97542,0.693035,0.0314961,0.589076,0.349883
4.97567,0.631123,0.0393701,0.51408,0.349883
4.97592,0.502925,0.015748,0.381761,0.349883
4.97617,0.328644,0,0.213875,0.349883
4.97642,0.134939,-0.023622,0.0385417,0.349883
4.97667,-0.0497547,-0.023622,-0.114994,0.349883
4.97692,-0.201375,0.00787402,-0.233842,0.349883
4.97717,-0.30521,0.0708661,-0.30441,0.349883
4.97742,-0.357981,0.15748,-0.321072,0.349883
4.97767,-0.367299,0.244094,-0.306383,0.349883
4.97792,-0.348821,0.307087,-0.272545,0.349883
4.97817,-0.321489,0.346457,-0.229872,0.349883
4.97842,-0.302677,0.330709,-0.20148,0.349883
4.97867,-0.30235,0.267717,-0.208275,0.349883
4.97892,-0.32155,0.15748,-0.228654,0.349883
4.97917,-0.351207,0.015748,-0.257162,0.349883
4.97942,-0.375155,-0.11811,-0.295137,0.349883
4.97967,-0.374109,-0.244094,-0.298477,0.349883
4.97992,-0.331343,-0.338583,-0.272864,0.349883
4.98017,-0.237175,-0.385827,-0.192074,0.349883
4.98042,-0.0932672,-0.370079,-0.0721587,0.349883
4.98067,0.0878567,-0.322835,0.0824518,0.349883
4.98092,0.283383,-0.244094,0.240531,0.349883
4.98117,0.465612,-0.165354,0.390873,0.349883
4.98142,0.606566,-0.0944882,0.501282,0.349883
4.98167,0.684376,-0.0393701,0.555741,0.349883
4.98192,0.687957,-0.015748,0.546704,0.349883
4.98217,0.618917,-0.00787402,0.465168,0.349883
4.98242,0.491255,-0.00787402,0.351519,0.349883
4.98267,0.32779,-0.015748,0.210563,0.349883
4.98292,0.155759,0,0.0671151,0.349883
4.98317,0.000484609,0.0472441,-0.049402,0.349883
4.98342,-0.119723,0.11811,-0.136162,0.349883
4.98367,-0.197306,0.220472,-0.172314,0.349883
4.98392,-0.234685,0.314961,-0.178801,0.349883
4.98417,-0.24465,0.401575,-0.157143,0.349883
4.98442,-0.244147,0.448819,-0.138722,0.349883
4.98467,-0.250735,0.440945,-0.13475,0.349883
4.98492,-0.27573,0.377953,-0.150502,0.349883
4.98517,-0.322438,0.267717,-0.198726,0.349883
4.98542,-0.383744,0.125984,-0.254539,0.349883
4.98567,-0.444321,-0.0314961,-0.319741,0.349883
4.98592,-0.483445,-0.188976,-0.368502,0.349883
4.98617,-0.481343,-0.314961,-0.382823,0.349883
4.98642,-0.42365,-0.393701,-0.348274,0.349883
4.98667,-0.306401,-0.433071,-0.259,0.349883
4.98692,-0.137159,-0.417323,-0.123525,0.349883
4.98717,0.0650882,-0.362205,0.042748,0.349883
4.98742,0.273041,-0.291339,0.21292,0.349883
4.98767,0.457617,-0.228346,0.355579,0.349883
4.98792,0.592292,-0.173228,0.447062,0.349883
4.98817,0.65978,-0.133858,0.49195,0.349883
4.98842,0.654248,-0.110236,0.466822,0.349883
4.98867,0.583104,-0.102362,0.394132,0.349883
4.98892,0.464038,-0.0866142,0.295809,0.349883
4.98917,0.321581,-0.0472441,0.179086,0.349883
4.98942,0.180693,0.00787402,0.0716951,0.349883
4.98967,0.0619042,0.102362,-0.000909454,0.349883
4.98991,-0.0237231,0.220472,-0.0412845,0.349883
4.99016,-0.074762,0.346457,-0.0555802,0.349883
4.99041,-0.100652,0.456693,-0.0378104,0.349883
4.99066,-0.116531,0.535433,-0.028126,0.349883
4.99091,-0.139986,0.559055,-0.0159973,0.349883
4.99116,-0.183707,0.527559,-0.041217,0.349883
4.99141,-0.253414,0.433071,-0.10308,0.349883
4.99166,-0.344519,0.299213,-0.183593,0.349883
4.99191,-0.442743,0.11811,-0.281182,0.349883
4.99216,-0.52696,-0.0472441,-0.360027,0.349883
4.99241,-0.57467,-0.204724,-0.425737,0.349883
4.99266,-0.566946,-0.322835,-0.435297,0.349883
4.99291,-0.493698,-0.401575,-0.387795,0.349883
4.99316,-0.356656,-0.433071,-0.285888,0.349883
4.99341,-0.169365,-0.417323,-0.141933,0.349883
4.99366,0.043443,-0.385827,0.0117709,0.349883
4.99391,0.252957,-0.346457,0.178116,0.349883
4.99416,0.429902,-0.299213,0.297613,0.349883
4.99441,0.551974,-0.275591,0.376913,0.349883
4.99466,0.606562,-0.259843,0.401334,0.349883
4.99491,0.594329,-0.251969,0.380827,0.349883
4.99516,0.527167,-0.228346,0.308453,0.349883
4.99541,0.425706,-0.188976,0.222831,0.349883
4.99566,0.313377,-0.110236,0.136362,0.349883
4.99591,0.211229,0,0.0723677,0.349883
4.99616,0.133214,0.141732,0.0419386,0.349883
4.99641,0.083697,0.291339,0.0361787,0.349883
4.99666,0.0562798,0.448819,0.0636412,0.349883
4.99691,0.037085,0.559055,0.0860396,0.349883
4.99716,0.0098417,0.629921,0.101033,0.349883
4.99741,-0.0409925,0.629921,0.0815787,0.349883
4.99766,-0.123398,0.590551,0.0291872,0.349883
4.99791,-0.235901,0.472441,-0.0617951,0.349883
4.99816,-0.365966,0.322835,-0.171713,0.349883
4.99841,-0.493522,0.149606,-0.291264,0.349883
4.99866,-0.593651,-0.023622,-0.387483,0.349883
4.99891,-0.64363,-0.165354,-0.451282,0.349883
4.99916,-0.627167,-0.275591,-0.455953,0.349883
4.99941,-0.539441,-0.346457,-0.403426,0.349883
4.99966,-0.387804,-0.377953,-0.298955,0.349883
4.99991,-0.192219,-0.385827,-0.150406,0.349883
5.00016,0.0205261,-0.377953,0.001209,0.349883
5.00041,0.22057,-0.377953,0.144179,0.349883
5.00066,0.381408,-0.377953,0.242735,0.349883
5.00091,0.485602,-0.385827,0.301852,0.349883
5.00116,0.527149,-0.393701,0.308669,0.349883
5.00141,0.512068,-0.401575,0.272212,0.349883
5.00166,0.45617,-0.370079,0.218679,0.349883
5.00191,0.380486,-0.307087,0.159935,0.349883
5.00216,0.305688,-0.19685,0.105462,0.349883
5.00241,0.247579,-0.0472441,0.0894896,0.349883
5.00266,0.21268,0.110236,0.0947073,0.349883
5.00291,0.19736,0.291339,0.119089,0.349883
5.00316,0.189316,0.456693,0.163291,0.349883
5.00341,0.172256,0.582677,0.191978,0.349883
5.00366,0.12894,0.629921,0.188845,0.349883
5.00391,0.0481262,0.629921,0.146567,0.349883
5.00416,-0.0717891,0.590551,0.0637101,0.349883
5.00441,-0.221953,0.472441,-0.0531924,0.349883
5.00466,-0.383722,0.330709,-0.190788,0.349883
5.00491,-0.531664,0.173228,-0.316498,0.349883
5.00516,-0.639709,0.023622,-0.420218,0.349883
5.00541,-0.686221,-0.0866142,-0.475328,0.349883
5.00566,-0.659611,-0.165354,-0.466626,0.349883
5.00591,-0.56031,-0.228346,-0.396813,0.349883
5.00616,-0.402071,-0.251969,-0.282158,0.349883
5.00641,-0.207909,-0.275591,-0.143534,0.349883
5.00666,-0.00656128,-0.299213,-0.0105774,0.349883
5.00691,0.173775,-0.322835,0.108392,0.349883
5.00716,0.311604,-0.362205,0.190074,0.349883
5.00741,0.39536,-0.401575,0.228086,0.349883
5.00766,0.42547,-0.433071,0.223731,0.349883
5.00791,0.412723,-0.448819,0.195502,0.349883
5.00815,0.375129,-0.417323,0.150738,0.349883
5.0084,0.332369,-0.338583,0.120872,0.349883
5.00865,0.300936,-0.220472,0.105068,0.349883
5.0089,0.289417,-0.0629921,0.12335,0.349883
5.00915,0.296549,0.102362,0.173104,0.349883
5.0094,0.311599,0.283465,0.227249,0.349883
5.00965,0.318237,0.433071,0.277345,0.349883
5.0099,0.297549,0.535433,0.296836,0.349883
5.01015,0.23497,0.582677,0.269756,0.349883
5.0104,0.12455,0.566929,0.206353,0.349883
5.01065,-0.0289903,0.503937,0.0910892,0.349883
5.0109,-0.209969,0.401575,-0.0555546,0.349883
5.01115,-0.393935,0.275591,-0.214718,0.349883
5.0114,-0.552884,0.149606,-0.347488,0.349883
5.01165,-0.660859,0.0472441,-0.448762,0.349883
5.0119,-0.699961,-0.023622,-0.490677,0.349883
5.01215,-0.663495,-0.0787402,-0.474428,0.349883
5.0124,-0.55807,-0.11811,-0.404619,0.349883
5.01265,-0.401493,-0.149606,-0.290443,0.349883
5.0129,-0.219616,-0.173228,-0.160138,0.349883
5.01315,-0.0404304,-0.220472,-0.0360639,0.349883
5.0134,0.112102,-0.283465,0.0554038,0.349883
5.01365,0.222302,-0.354331,0.120035,0.349883
5.0139,0.284927,-0.409449,0.135896,0.349883
5.01415,0.306695,-0.456693,0.132023,0.349883
5.0144,0.30209,-0.464567,0.116548,0.349883
5.01465,0.289358,-0.433071,0.0902673,0.349883
5.0149,0.285225,-0.346457,0.10199,0.349883
5.01515,0.299989,-0.212598,0.124859,0.349883
5.0154,0.334721,-0.0551181,0.182309,0.349883
5.01565,0.38044,0.110236,0.261704,0.349883
5.0159,0.420887,0.267717,0.330505,0.349883
5.01615,0.435729,0.401575,0.375547,0.349883
5.0164,0.406943,0.472441,0.390257,0.349883
5.01665,0.323993,0.496063,0.344979,0.349883
5.0169,0.186274,0.472441,0.246086,0.349883
5.01715,0.00500785,0.401575,0.100463,0.349883
5.0174,-0.197253,0.314961,-0.0626553,0.349883
5.01765,-0.392842,0.220472,-0.231551,0.349883
5.0179,-0.553248,0.133858,-0.37033,0.349883
5.01815,-0.654807,0.0629921,-0.461626,0.349883
5.0184,-0.683986,0.023622,-0.487955,0.349883
5.01865,-0.640164,-0.00787402,-0.46427,0.349883
5.0189,-0.534991,-0.0314961,-0.390641,0.349883
5.01915,-0.389643,-0.0629921,-0.279456,0.349883
5.0194,-0.230528,-0.110236,-0.169631,0.349883
5.01965,-0.0823541,-0.173228,-0.0764762,0.349883
5.0199,0.0361872,-0.251969,-0.0010276,0.349883
5.02015,0.115963,-0.338583,0.0315446,0.349883
5.0204,0.159046,-0.401575,0.0383572,0.349883
5.02065,0.177251,-0.448819,0.036454,0.349883
5.0209,0.186419,-0.456693,0.0275231,0.349883
5.02115,0.203998,-0.401575,0.0389561,0.349883
5.0214,0.241714,-0.307087,0.0769005,0.349883
5.02165,0.30301,-0.173228,0.153443,0.349883
5.0219,0.38083,-0.023622,0.244064,0.349883
5.02215,0.459772,0.125984,0.342094,0.349883
5.0224,0.518445,0.251969,0.425932,0.349883
5.02265,0.535702,0.354331,0.473514,0.349883
5.0229,0.496019,0.401575,0.460733,0.349883
5.02315,0.393006,0.401575,0.392484,0.349883
5.0234,0.232404,0.370079,0.271531,0.349883
5.02365,0.0325513,0.299213,0.109954,0.349883
5.0239,-0.180592,0.228346,-0.066883,0.349883
5.02415,-0.377461,0.15748,-0.233155,0.40991
5.0244,-0.530585,0.110236,-0.365516,0.40991
5.02465,-0.620383,0.0787402,-0.448328,0.40991
5.0249,-0.639226,0.0551181,-0.470012,0.40991
5.02515,-0.592137,0.0472441,-0.43726,0.40991
5.0254,-0.494721,0.023622,-0.36988,0.40991
5.02565,-0.370304,-0.00787402,-0.274758,0.40991
5.0259,-0.242919,-0.0629921,-0.189342,0.40991
5.02614,-0.132956,-0.141732,-0.121966,0.40991
5.02639,-0.0524922,-0.23622,-0.086824,0.40991
5.02664,-0.00306496,-0.322835,-0.0704486,0.40991
5.02689,0.0240992,-0.393701,-0.0740283,0.40991
5.02714,0.0432116,-0.425197,-0.0762979,0.40991
5.02739,0.0718266,-0.409449,-0.058251,0.40991
5.02764,0.123335,-0.346457,-0.00985306,0.40991
5.02789,0.203828,-0.244094,0.0676948,0.40991
5.02814,0.308747,-0.110236,0.18162,0.40991
5.02839,0.42427,0.015748,0.305396,0.40991
5.02864,0.528736,0.149606,0.421886,0.40991
5.02889,0.598566,0.244094,0.511451,0.40991
5.02914,0.613412,0.307087,0.554828,0.40991
5.02939,0.56086,0.322835,0.525757,0.40991
5.02964,0.440323,0.307087,0.436836,0.40991
5.02989,0.264414,0.259843,0.302421,0.40991
5.03014,0.0556122,0.204724,0.12715,0.40991
5.03039,-0.157646,0.149606,-0.0566534,0.40991
5.03064,-0.345143,0.110236,-0.220145,0.40991
5.03089,-0.483408,0.0944882,-0.341537,0.40991
5.03114,-0.558321,0.0866142,-0.405535,0.40991
5.03139,-0.568388,0.0787402,-0.417917,0.40991
5.03164,-0.523172,0.0787402,-0.393333,0.40991
5.03189,-0.441935,0.0472441,-0.334217,0.40991
5.03214,-0.346808,0.00787402,-0.275531,0.40991
5.03239,-0.258872,-0.0551181,-0.223719,0.40991
5.03264,-0.191972,-0.141732,-0.197902,0.40991
5.03289,-0.150654,-0.23622,-0.186711,0.40991
5.03314,-0.128892,-0.314961,-0.191237,0.40991
5.03339,-0.113901,-0.362205,-0.199231,0.40991
5.03364,-0.0880384,-0.370079,-0.18431,0.40991
5.03389,-0.0358672,-0.338583,-0.141934,0.40991
5.03414,0.0509984,-0.251969,-0.0589467,0.40991
5.03439,0.171942,-0.149606,0.0616086,0.40991
5.03464,0.315402,-0.0314961,0.20352,0.40991
5.03489,0.460667,0.0866142,0.360383,0.40991
5.03514,0.582415,0.173228,0.492863,0.40991
5.03539,0.656505,0.228346,0.584518,0.40991
5.03564,0.664516,0.251969,0.61035,0.40991
5.03589,0.599404,0.228346,0.579254,0.40991
5.03614,0.466663,0.188976,0.469845,0.40991
5.03639,0.283811,0.133858,0.319504,0.40991
5.03664,0.0765082,0.0787402,0.143879,0.40991
5.03689,-0.124944,0.0551181,-0.0323053,0.40991
5.03714,-0.294146,0.0393701,-0.173025,0.40991
5.03739,-0.412329,0.0472441,-0.290096,0.40991
5.03764,-0.471239,0.0629921,-0.348273,0.40991
5.03789,-0.475178,0.0866142,-0.365137,0.40991
5.03814,-0.438587,0.0944882,-0.350081,0.40991
5.03839,-0.381197,0.0708661,-0.319184,0.40991
5.03864,-0.322928,0.023622,-0.288691,0.40991
5.03889,-0.279494,-0.0314961,-0.276042,0.40991
5.03914,-0.257566,-0.110236,-0.286908,0.40991
5.03939,-0.253609,-0.188976,-0.301358,0.40991
5.03964,-0.255914,-0.251969,-0.317903,0.40991
5.03989,-0.247378,-0.283465,-0.323881,0.40991
5.04014,-0.210051,-0.267717,-0.286397,0.40991
5.04039,-0.132443,-0.212598,-0.214505,0.40991
5.04064,-0.011123,-0.125984,-0.0825364,0.40991
5.04089,0.14572,-0.0314961,0.0753021,0.40991
5.04114,0.320061,0.0629921,0.253856,0.40991
5.04139,0.4858,0.133858,0.424311,0.40991
5.04164,0.616279,0.181102,0.566762,0.40991
5.04189,0.688003,0.19685,0.654589,0.40991
5.04214,0.68708,0.173228,0.66993,0.40991
5.04239,0.611742,0.11811,0.611065,0.40991
5.04264,0.473259,0.0629921,0.502611,0.40991
5.04289,0.292856,0.00787402,0.337304,0.40991
5.04314,0.0989365,-0.023622,0.165329,0.40991
5.04339,-0.080984,-0.0393701,0.00180059,0.40991
5.04364,-0.224734,-0.0314961,-0.135778,0.40991
5.04389,-0.318945,0,-0.234905,0.40991
5.04414,-0.362568,0.023622,-0.283789,0.40991
5.04438,-0.365302,0.0472441,-0.309449,0.40991
5.04463,-0.343902,0.0629921,-0.306258,0.40991
5.04488,-0.316959,0.0472441,-0.310557,0.40991
5.04513,-0.30103,0,-0.315029,0.40991
5.04538,-0.30462,-0.0472441,-0.332538,0.40991
5.04563,-0.326655,-0.110236,-0.377935,0.40991
5.04588,-0.356608,-0.15748,-0.408069,0.40991
5.04613,-0.377518,-0.181102,-0.433227,0.40991
5.04638,-0.369608,-0.165354,-0.428542,0.40991
5.04663,-0.317789,-0.125984,-0.36449,0.40991
5.04688,-0.214017,-0.0551181,-0.254064,0.40991
5.04713,-0.0616515,0.023622,-0.097529,0.40991
5.04738,0.124125,0.110236,0.0953182,0.40991
5.04763,0.319323,0.173228,0.301656,0.40991
5.04788,0.495861,0.220472,0.479482,0.40991
5.04813,0.626404,0.220472,0.622273,0.40991
5.04838,0.690835,0.181102,0.698772,0.40991
5.04863,0.680326,0.110236,0.69531,0.40991
5.04888,0.598928,0.0314961,0.62887,0.40991
5.04913,0.462462,-0.0393701,0.514438,0.40991
5.04938,0.295496,-0.102362,0.356777,0.40991
5.04963,0.124985,-0.141732,0.195438,0.40991
5.04988,-0.0250828,-0.141732,0.0466847,0.40991
5.05013,-0.137565,-0.11811,-0.0727089,0.40991
5.05038,-0.206803,-0.0866142,-0.158095,0.40991
5.05063,-0.238259,-0.0472441,-0.211205,0.40991
5.05088,-0.244915,-0.023622,-0.237117,0.40991
5.05113,-0.244462,-0.015748,-0.262311,0.40991
5.05138,-0.253699,-0.0314961,-0.292644,0.40991
5.05163,-0.282907,-0.0551181,-0.340994,0.40991
5.05188,-0.33314,-0.0866142,-0.407078,0.40991
5.05213,-0.395676,-0.11811,-0.477753,0.40991
5.05238,-0.453823,-0.125984,-0.529224,0.40991
5.05263,-0.486645,-0.0944882,-0.561526,0.40991
5.05288,-0.475119,-0.0393701,-0.534395,0.40991
5.05313,-0.406356,0.023622,-0.448009,0.40991
5.05338,-0.278253,0.125984,-0.301794,0.40991
5.05363,-0.10113,0.212598,-0.108597,0.40991
5.05388,0.104183,0.283465,0.107351,0.40991
5.05413,0.310375,0.322835,0.330732,0.40991
5.05438,0.487261,0.314961,0.520967,0.40991
5.05463,0.610374,0.267717,0.663132,0.40991
5.05488,0.664179,0.181102,0.727774,0.40991
5.05513,0.645556,0.0708661,0.717051,0.40991
5.05538,0.563683,-0.023622,0.648445,0.40991
5.05563,0.438454,-0.125984,0.532836,0.40991
5.05588,0.294569,-0.19685,0.38852,0.40991
5.05613,0.156307,-0.23622,0.244475,0.40991
5.05638,0.0431727,-0.23622,0.119548,0.40991
5.05663,-0.0354892,-0.228346,0.0138709,0.40991
5.05688,-0.0812171,-0.19685,-0.0644717,0.40991
5.05713,-0.103984,-0.165354,-0.1175,0.40991
5.05738,-0.119947,-0.149606,-0.171158,0.40991
5.05763,-0.146193,-0.149606,-0.232128,0.40991
5.05788,-0.194776,-0.149606,-0.303128,0.40991
5.05813,-0.269136,-0.165354,-0.391564,0.40991
5.05838,-0.362807,-0.165354,-0.497741,0.40991
5.05863,-0.460187,-0.141732,-0.589055,0.40991
5.05888,-0.539248,-0.0944882,-0.657637,0.40991
5.05913,-0.577837,-0.015748,-0.673668,0.40991
5.05938,-0.558462,0.0866142,-0.632302,0.40991
5.05963,-0.472624,0.204724,-0.520824,0.40991
5.05988,-0.324744,0.322835,-0.342092,0.40991
5.06013,-0.130924,0.417323,-0.115601,0.40991
5.06038,0.0837741,0.472441,0.122873,0.40991
5.06063,0.289319,0.480315,0.355709,0.40991
5.06088,0.457435,0.433071,0.549384,0.40991
5.06113,0.567335,0.338583,0.679511,0.40991
5.06138,0.609187,0.220472,0.742268,0.40991
5.06163,0.585494,0.0787402,0.731045,0.40991
5.06188,0.510149,-0.0551181,0.662978,0.40991
5.06213,0.404859,-0.173228,0.552355,0.40991
5.06238,0.292855,-0.259843,0.430601,0.40991
5.06262,0.194543,-0.307087,0.314245,0.40991
5.06287,0.121967,-0.330709,0.207591,0.40991
5.06312,0.0771296,-0.338583,0.118659,0.40991
5.06337,0.052487,-0.322835,0.0498874,0.40991
5.06362,0.0334417,-0.322835,-0.0238566,0.40991
5.06387,0.00238813,-0.322835,-0.0996471,0.40991
5.06412,-0.0539693,-0.322835,-0.197382,0.40991
5.06437,-0.142398,-0.322835,-0.325121,0.40991
5.06462,-0.259262,-0.307087,-0.454478,0.40991
5.06487,-0.390857,-0.259843,-0.594458,0.40991
5.06512,-0.515026,-0.181102,-0.70944,0.40991
5.06537,-0.607384,-0.0629921,-0.784883,0.40991
5.06562,-0.645866,0.0708661,-0.785188,0.40991
5.06587,-0.616091,0.244094,-0.718978,0.40991
5.06612,-0.515432,0.401575,-0.581432,0.40991
5.06637,-0.354052,0.535433,-0.376956,0.40991
5.06662,-0.152858,0.629921,-0.132042,0.40991
5.06687,0.0597418,0.629921,0.132498,0.40991
5.06712,0.254068,0.622047,0.36158,0.40991
5.06737,0.405629,0.535433,0.562661,0.40991
5.06762,0.498164,0.385827,0.68259,0.40991
5.06787,0.528348,0.220472,0.744451,0.40991
5.06812,0.50409,0.0472441,0.728548,0.40991
5.06837,0.442916,-0.102362,0.675857,0.40991
5.06862,0.365769,-0.228346,0.582135,0.40991
5.06887,0.293297,-0.330709,0.4819,0.40991
5.06912,0.239212,-0.393701,0.386192,0.40991
5.06937,0.208524,-0.425197,0.297315,0.40991
5.06962,0.195709,-0.448819,0.218314,0.40991
5.06987,0.187667,-0.456693,0.141608,0.40991
5.07012,0.166481,-0.464567,0.0471933,0.40991
5.07037,0.116825,-0.472441,-0.0578165,0.40991
5.07062,0.0287396,-0.464567,-0.202394,0.40991
5.07087,-0.0980433,-0.433071,-0.358653,0.40991
5.07112,-0.252159,-0.377953,-0.534141,0.40991
5.07137,-0.413207,-0.275591,-0.692927,0.40991
5.07162,-0.555523,-0.141732,-0.81146,0.40991
5.07187,-0.653552,0.023622,-0.876902,0.40991
5.07212,-0.686941,0.220472,-0.860073,0.40991
5.07237,-0.646293,0.417323,-0.766723,0.40991
5.07262,-0.534769,0.598425,-0.588568,0.40991
5.07287,-0.367695,0.629921,-0.358558,0.40991
5.07312,-0.169954,0.629921,-0.102352,0.40991
5.07337,0.0292899,0.629921,0.158423,0.40991
5.07362,0.203393,0.629921,0.393407,0.40991
5.07387,0.331582,0.566929,0.562142,0.40991
5.07412,0.404943,0.393701,0.674775,0.40991
5.07437,0.425768,0.204724,0.712401,0.40991
5.07462,0.407059,0.023622,0.695284,0.40991
5.07487,0.366858,-0.141732,0.640961,0.40991
5.07512,0.325254,-0.275591,0.569015,0.40991
5.07537,0.297155,-0.377953,0.487845,0.40991
5.07562,0.289498,-0.448819,0.414605,0.40991
5.07587,0.299156,-0.503937,0.350128,0.40991
5.07612,0.314316,-0.543307,0.283035,0.40991
5.07637,0.316859,-0.582677,0.211612,0.40991
5.07662,0.28929,-0.606299,0.104974,0.40991
5.07687,0.218155,-0.614173,-0.0224489,0.40991
5.07712,0.0987377,-0.598425,-0.189992,0.40991
5.07737,-0.0615206,-0.543307,-0.376125,0.40991
5.07762,-0.24494,-0.448819,-0.55834,0.40991
5.07787,-0.426203,-0.299213,-0.731396,0.40991
5.07812,-0.577601,-0.102362,-0.851442,0.40991
5.07837,-0.67377,0.11811,-0.903642,0.40991
5.07862,-0.698867,0.346457,-0.877918,0.40991
5.07887,-0.648633,0.559055,-0.760701,0.40991
5.07912,-0.532017,0.629921,-0.57136,0.40991
5.07937,-0.368606,0.629921,-0.345657,0.40991
5.07962,-0.185303,0.629921,-0.0889083,0.40991
5.07987,-0.00913983,0.629921,0.156099,0.40991
5.08012,0.136243,0.629921,0.355704,0.40991
5.08037,0.237411,0.582677,0.501526,0.40991
5.08062,0.29185,0.393701,0.586471,0.40991
5.08086,0.307402,0.204724,0.620429,0.40991
5.08111,0.299856,0.023622,0.603257,0.40991
5.08136,0.287451,-0.125984,0.563004,0.40991
5.08161,0.286409,-0.259843,0.519736,0.40991
5.08186,0.305132,-0.370079,0.482219,0.40991
5.08211,0.342847,-0.456693,0.450072,0.40991
5.08236,0.388899,-0.535433,0.414077,0.40991
5.08261,0.426115,-0.614173,0.370382,0.40991
5.08286,0.434058,-0.629921,0.304406,0.40991
5.08311,0.395963,-0.629921,0.19123,0.40991
5.08336,0.302156,-0.629921,0.0403066,0.40991
5.08361,0.155167,-0.629921,-0.147568,0.40991
5.08386,-0.0317597,-0.629921,-0.354299,0.40991
5.08411,-0.235226,-0.503937,-0.557656,0.40991
5.08436,-0.426481,-0.314961,-0.728122,0.40991
5.08461,-0.577256,-0.0787402,-0.853889,0.40991
5.08486,-0.665892,0.173228,-0.894154,0.40991
5.08511,-0.68117,0.417323,-0.848292,0.40991
5.08536,-0.624664,0.629921,-0.73067,0.40991
5.08561,-0.510053,0.629921,-0.552374,0.40991
5.08586,-0.360164,0.629921,-0.332392,0.40991
5.08611,-0.201313,0.629921,-0.103781,0.40991
5.08636,-0.0575219,0.629921,0.107043,0.40991
5.08661,0.0539505,0.629921,0.282658,0.40991
5.08686,0.126557,0.590551,0.401045,0.40991
5.08711,0.163968,0.409449,0.473781,0.40991
5.08736,0.178993,0.244094,0.496595,0.40991
5.08761,0.188712,0.0787402,0.493216,0.40991
5.08786,0.209343,-0.0629921,0.492571,0.40991
5.08811,0.251463,-0.188976,0.486608,0.40991
5.08836,0.316602,-0.314961,0.499893,0.40991
5.08861,0.396031,-0.433071,0.504937,0.40991
5.08886,0.472879,-0.543307,0.504396,0.40991
5.08911,0.525348,-0.629921,0.473541,0.40991
5.08936,0.533163,-0.629921,0.409147,0.40991
5.08961,0.481496,-0.629921,0.284909,0.40991
5.08986,0.366973,-0.629921,0.116361,0.40991
5.09011,0.197559,-0.629921,-0.093059,0.40991
5.09036,-0.0071878,-0.629921,-0.317899,0.40991
5.09061,-0.219712,-0.559055,-0.531161,0.40991
5.09086,-0.410118,-0.330709,-0.710271,0.40991
5.09111,-0.55244,-0.0708661,-0.818532,0.40991
5.09136,-0.629353,0.19685,-0.859668,0.40991
5.09161,-0.635128,0.456693,-0.807241,0.40991
5.09186,-0.576992,0.629921,-0.695089,0.40991
5.09211,-0.472811,0.629921,-0.523875,0.40991
5.09236,-0.346041,0.629921,-0.328591,0.40991
5.09261,-0.220561,0.629921,-0.13292,0.40991
5.09286,-0.115631,0.629921,0.0481862,0.40991
5.09311,-0.041021,0.629921,0.186359,0.40991
5.09336,0.0033961,0.606299,0.279554,0.40991
5.09361,0.0276332,0.456693,0.33671,0.40991
5.09386,0.0474683,0.314961,0.362877,0.40991
5.09411,0.0794936,0.173228,0.394433,0.40991
5.09436,0.136162,0.0393701,0.428678,0.40991
5.09461,0.221759,-0.0944882,0.474305,0.40991
5.09486,0.330077,-0.23622,0.516297,0.40991
5.09511,0.445312,-0.385827,0.568462,0.40991
5.09536,0.545091,-0.551181,0.594078,0.40991
5.09561,0.606109,-0.629921,0.581041,0.40991
5.09586,0.608835,-0.629921,0.506495,0.40991
5.09611,0.543291,-0.629921,0.37369,0.40991
5.09636,0.411283,-0.629921,0.183606,0.40991
5.09661,0.227042,-0.629921,-0.0396634,0.40991
5.09686,0.0150016,-0.629921,-0.285593,0.40991
5.09711,-0.195234,-0.598425,-0.505774,0.40991
5.09736,-0.375344,-0.362205,-0.669548,0.40991
5.09761,-0.502491,-0.102362,-0.781833,0.40991
5.09786,-0.565023,0.141732,-0.799867,0.40991
5.09811,-0.56347,0.377953,-0.750771,0.40991
5.09836,-0.510131,0.559055,-0.639577,0.40991
5.09861,-0.424586,0.629921,-0.491886,0.40991
5.09886,-0.329372,0.629921,-0.333546,0.40991
5.0991,-0.244471,0.629921,-0.175684,0.40991
5.09935,-0.182332,0.629921,-0.0467701,0.40991
5.0996,-0.145359,0.629921,0.0582055,0.40991
5.09985,-0.126191,0.559055,0.135375,0.40991
5.1001,-0.110293,0.480315,0.187714,0.40991
5.10035,-0.0805976,0.401575,0.230564,0.40991
5.1006,-0.0226291,0.314961,0.294191,0.40991
5.10085,0.0712806,0.212598,0.364218,0.40991
5.1011,0.197566,0.0944882,0.455743,0.40991
5.10135,0.343124,-0.0314961,0.546303,0.40991
5.1016,0.48589,-0.19685,0.628494,0.40991
5.10185,0.600671,-0.370079,0.677759,0.40991
5.1021,0.663373,-0.527559,0.672731,0.40991
5.10235,0.657994,-0.629921,0.591463,0.40991
5.1026,0.57933,-0.629921,0.452328,0.40991
5.10285,0.435578,-0.629921,0.26129,0.40991
5.1031,0.245879,-0.629921,0.0255517,0.40991
5.10335,0.0377732,-0.629921,-0.20643,0.40991
5.1036,-0.159765,-0.527559,-0.428015,0.40991
5.10385,-0.32059,-0.330709,-0.586383,0.40991
5.1041,-0.427707,-0.125984,-0.690333,0.40991
5.10435,-0.47594,0.0629921,-0.706713,0.40991
5.1046,-0.470954,0.228346,-0.669571,0.40991
5.10485,-0.428863,0.354331,-0.583735,0.40991
5.1051,-0.369673,0.433071,-0.470691,0.40991
5.10535,-0.313368,0.464567,-0.352576,0.40991
5.1056,-0.273687,0.472441,-0.249085,0.40991
5.10585,-0.25568,0.464567,-0.161725,0.40991
5.1061,-0.25414,0.448819,-0.100084,0.40991
5.10635,-0.255773,0.433071,-0.0465561,0.40991
5.1066,-0.24297,0.417323,0.0059225,0.40991
5.10685,-0.199011,0.401575,0.0660245,0.40991
5.1071,-0.112922,0.362205,0.154088,0.40991
5.10735,0.0159648,0.307087,0.274834,0.40991
5.1076,0.17781,0.212598,0.398453,0.40991
5.10785,0.352343,0.0866142,0.53453,0.40991
5.1081,0.513629,-0.0551181,0.651397,0.40991
5.10835,0.634695,-0.228346,0.712232,0.40991
5.1086,0.693569,-0.385827,0.720409,0.40991
5.10885,0.678446,-0.527559,0.651338,0.40991
5.1091,0.590124,-0.614173,0.519295,0.40991
5.10935,0.441978,-0.629921,0.322429,0.40991
5.1096,0.256975,-0.614173,0.101097,0.40991
5.10985,0.063433,-0.527559,-0.116927,0.40991
5.1101,-0.111239,-0.401575,-0.313358,0.40991
5.11035,-0.246104,-0.244094,-0.455576,0.40991
5.1106,-0.330892,-0.0944882,-0.546221,0.40991
5.11085,-0.365853,0.023622,-0.571902,0.40991
5.1111,-0.362633,0.125984,-0.553935,0.40991
5.11135,-0.338504,0.181102,-0.496716,0.40991
5.1116,-0.312818,0.220472,-0.422494,0.40991
5.11185,-0.300117,0.228346,-0.357693,0.40991
5.1121,-0.307552,0.23622,-0.313832,0.40991
5.11235,-0.332045,0.251969,-0.285406,0.40991
5.1126,-0.361877,0.275591,-0.260055,0.40991
5.11285,-0.378703,0.307087,-0.229425,0.40991
5.1131,-0.363761,0.338583,-0.184085,0.40991
5.11335,-0.302311,0.362205,-0.0995459,0.40991
5.1136,-0.188901,0.362205,0.0142715,0.40991
5.11385,-0.0289564,0.330709,0.156975,0.40991
5.1141,0.160734,0.251969,0.331659,0.40991
5.11435,0.354599,0.133858,0.495333,0.40991
5.1146,0.524466,0,0.627692,0.40991
5.11485,0.643814,-0.149606,0.708594,0.40991
5.1151,0.694635,-0.283465,0.731869,0.40991
5.11535,0.670186,-0.393701,0.673282,0.40991
5.1156,0.577074,-0.456693,0.544593,0.40991
5.11585,0.432776,-0.464567,0.373392,0.40991
5.1161,0.263079,-0.417323,0.169056,0.40991
5.11635,0.0946366,-0.330709,-0.0244379,0.40991
5.1166,-0.0490937,-0.220472,-0.188029,0.40991
5.11685,-0.153878,-0.11811,-0.307756,0.40991
5.11709,-0.215314,-0.023622,-0.376181,0.40991
5.11734,-0.24074,0.0314961,-0.398565,0.40991
5.11759,-0.244748,0.0629921,-0.383793,0.40991
5.11784,-0.245117,0.0708661,-0.36551,0.40991
5.11809,-0.2575,0.0629921,-0.341208,0.40991
5.11834,-0.290781,0.0551181,-0.33586,0.40991
5.11859,-0.344284,0.0629921,-0.354591,0.40991
5.11884,-0.407595,0.0866142,-0.368402,0.40991
5.11909,-0.462549,0.133858,-0.389323,0.40991
5.11934,-0.488271,0.19685,-0.39042,0.40991
5.11959,-0.466751,0.244094,-0.345941,0.40991
5.11984,-0.38675,0.291339,-0.260778,0.40991
5.12009,-0.248511,0.299213,-0.124071,0.40991
5.12034,-0.064099,0.267717,0.0566287,0.40991
5.12059,0.143533,0.204724,0.246793,0.40991
5.12084,0.346289,0.102362,0.425344,0.40991
5.12109,0.515,-0.00787402,0.575079,0.40991
5.12134,0.626035,-0.133858,0.670849,0.40991
5.12159,0.666107,-0.23622,0.690121,0.40991
5.12184,0.634618,-0.299213,0.638766,0.40991
5.12209,0.5429,-0.307087,0.533422,0.40991
5.12234,0.412212,-0.275591,0.377293,0.40991
5.12259,0.267498,-0.212598,0.215379,0.40991
5.12284,0.132992,-0.125984,0.0612174,0.40991
5.12309,0.0256632,-0.0393701,-0.0576617,0.40991
5.12334,-0.0463961,0.023622,-0.145176,0.40991
5.12359,-0.0866214,0.0551181,-0.183438,0.40991
5.12384,-0.106886,0.0629921,-0.210406,0.40991
5.12409,-0.123723,0.0393701,-0.210096,0.443972
5.12434,-0.153389,0.00787402,-0.226909,0.443972
5.12459,-0.206663,-0.023622,-0.251139,0.443972
5.12484,-0.285547,-0.0393701,-0.304985,0.443972
5.12509,-0.381443,-0.0393701,-0.369611,0.443972
5.12534,-0.477015,-0.00787402,-0.441194,0.443972
5.12559,-0.550104,0.0393701,-0.495029,0.443972
5.12584,-0.579073,0.102362,-0.501847,0.443972
5.12609,-0.547477,0.15748,-0.467198,0.443972
5.12634,-0.449559,0.19685,-0.374073,0.443972
5.12659,-0.291314,0.19685,-0.228723,0.443972
5.12684,-0.0915102,0.165354,-0.0328031,0.443972
5.12709,0.123734,0.0866142,0.16021,0.443972
5.12734,0.324362,0,0.346458,0.443972
5.12759,0.482906,-0.0944882,0.500966,0.443972
5.12784,0.580446,-0.173228,0.586909,0.443972
5.12809,0.609386,-0.220472,0.604647,0.443972
5.12834,0.574662,-0.228346,0.565445,0.443972
5.12859,0.492089,-0.188976,0.476771,0.443972
5.12884,0.38384,-0.110236,0.354454,0.443972
5.12909,0.272946,-0.015748,0.240842,0.443972
5.12934,0.178774,0.0629921,0.133814,0.443972
5.12959,0.11161,0.125984,0.0612195,0.443972
5.12984,0.0715024,0.15748,0.0150501,0.443972
5.13009,0.048887,0.15748,-0.0103697,0.443972
5.13034,0.0289508,0.11811,-0.0261434,0.443972
5.13059,-0.00574148,0.0629921,-0.0392815,0.443972
5.13084,-0.0680424,0,-0.0892576,0.443972
5.13109,-0.162409,-0.0551181,-0.161757,0.443972
5.13134,-0.283286,-0.0787402,-0.255113,0.443972
5.13159,-0.415252,-0.0708661,-0.366134,0.443972
5.13184,-0.535407,-0.0472441,-0.476552,0.443972
5.13209,-0.619344,0,-0.550961,0.443972
5.13234,-0.645783,0.0472441,-0.581458,0.443972
5.13259,-0.602507,0.0787402,-0.541573,0.443972
5.13284,-0.489349,0.0866142,-0.443971,0.443972
5.13309,-0.318691,0.0629921,-0.295883,0.443972
5.13334,-0.113135,0.00787402,-0.106452,0.443972
5.13359,0.0983157,-0.0629921,0.0869923,0.443972
5.13384,0.286281,-0.141732,0.263799,0.443972
5.13409,0.427503,-0.212598,0.396244,0.443972
5.13434,0.508518,-0.244094,0.471338,0.443972
5.13459,0.527471,-0.228346,0.485832,0.443972
5.13484,0.494912,-0.181102,0.450485,0.443972
5.13509,0.429071,-0.0866142,0.383071,0.443972
5.13533,0.351372,0.015748,0.302847,0.443972
5.13558,0.281513,0.125984,0.236014,0.443972
5.13583,0.231848,0.212598,0.188707,0.443972
5.13608,0.205006,0.267717,0.160419,0.443972
5.13633,0.194224,0.275591,0.162624,0.443972
5.13658,0.185148,0.244094,0.163209,0.443972
5.13683,0.159932,0.181102,0.152571,0.443972
5.13708,0.103426,0.102362,0.119602,0.443972
5.13733,0.00775601,0.0314961,0.0522514,0.443972
5.13758,-0.125075,-0.015748,-0.0637465,0.443972
5.13783,-0.282468,-0.0393701,-0.19581,0.443972
5.13808,-0.442032,-0.0393701,-0.344264,0.443972
5.13833,-0.578061,-0.023622,-0.477387,0.443972
5.13858,-0.665115,0,-0.569304,0.443972
5.13883,-0.685041,0.015748,-0.610708,0.443972
5.13908,-0.630506,0.00787402,-0.577247,0.443972
5.13933,-0.507125,-0.015748,-0.475723,0.443972
5.13958,-0.33224,-0.0787402,-0.328844,0.443972
5.13983,-0.131941,-0.15748,-0.155369,0.443972
5.14008,0.0644737,-0.251969,0.0196878,0.443972
5.14033,0.231064,-0.314961,0.16957,0.443972
5.14058,0.349615,-0.354331,0.273574,0.443972
5.14083,0.412544,-0.338583,0.326299,0.443972
5.14108,0.424844,-0.275591,0.336948,0.443972
5.14133,0.40052,-0.165354,0.312528,0.443972
5.14158,0.358712,-0.0393701,0.277736,0.443972
5.14183,0.318665,0.102362,0.238478,0.443972
5.14208,0.294148,0.228346,0.215424,0.443972
5.14233,0.290197,0.314961,0.21918,0.443972
5.14258,0.301957,0.362205,0.248963,0.443972
5.14283,0.316241,0.354331,0.284716,0.443972
5.14308,0.314626,0.314961,0.309025,0.443972
5.14333,0.279599,0.251969,0.308374,0.443972
5.14358,0.199398,0.181102,0.256128,0.443972
5.14383,0.071709,0.11811,0.159959,0.443972
5.14408,-0.0947552,0.0708661,0.024169,0.443972
5.14433,-0.279837,0.0472441,-0.137845,0.443972
5.14458,-0.457755,0.0551181,-0.309321,0.443972
5.14483,-0.60028,0.0551181,-0.458255,0.443972
5.14508,-0.684164,0.0551181,-0.552006,0.443972
5.14533,-0.695113,0.023622,-0.591931,0.443972
5.14558,-0.631493,-0.023622,-0.564834,0.443972
5.14583,-0.504135,-0.110236,-0.470574,0.443972
5.14608,-0.335011,-0.228346,-0.340508,0.443972
5.14633,-0.151062,-0.338583,-0.189862,0.443972
5.14658,0.0207173,-0.433071,-0.040802,0.443972
5.14683,0.158815,-0.496063,0.0702613,0.443972
5.14708,0.251009,-0.503937,0.15003,0.443972
5.14733,0.297175,-0.448819,0.176527,0.443972
5.14758,0.307292,-0.346457,0.176831,0.443972
5.14783,0.297281,-0.19685,0.164634,0.443972
5.14808,0.286072,-0.0314961,0.146942,0.443972
5.14833,0.288244,0.125984,0.153409,0.443972
5.14858,0.310924,0.259843,0.192613,0.443972
5.14883,0.351243,0.354331,0.244233,0.443972
5.14908,0.397339,0.393701,0.318775,0.443972
5.14933,0.430315,0.401575,0.384578,0.443972
5.14958,0.430753,0.370079,0.426184,0.443972
5.14983,0.382709,0.314961,0.416447,0.443972
5.15008,0.278666,0.267717,0.364203,0.443972
5.15033,0.12253,0.23622,0.253045,0.443972
5.15058,-0.0693497,0.220472,0.0903893,0.443972
5.15083,-0.272562,0.212598,-0.0877558,0.443972
5.15108,-0.458513,0.204724,-0.266286,0.443972
5.15133,-0.599063,0.19685,-0.404097,0.443972
5.15158,-0.67448,0.149606,-0.497582,0.443972
5.15183,-0.675796,0.0629921,-0.529497,0.443972
5.15208,-0.607114,-0.0472441,-0.501174,0.443972
5.15233,-0.483983,-0.188976,-0.417366,0.443972
5.15258,-0.33051,-0.338583,-0.304855,0.443972
5.15283,-0.172513,-0.488189,-0.197543,0.443972
5.15308,-0.0338342,-0.598425,-0.0917814,0.443972
5.15333,0.0705599,-0.629921,-0.0198299,0.443972
5.15357,0.135777,-0.629921,0.0185925,0.443972
5.15382,0.168097,-0.559055,0.021956,0.443972
5.15407,0.180584,-0.425197,0.0160989,0.443972
5.15432,0.191209,-0.251969,0.00839737,0.443972
5.15457,0.215455,-0.0787402,0.0202052,0.443972
5.15482,0.262042,0.0866142,0.0716999,0.443972
5.15507,0.330768,0.220472,0.147553,0.443972
5.15532,0.411333,0.307087,0.25101,0.443972
5.15557,0.485132,0.362205,0.359184,0.443972
5.15582,0.530667,0.377953,0.450148,0.443972
5.15607,0.528246,0.370079,0.503655,0.443972
5.15632,0.464948,0.362205,0.502489,0.443972
5.15657,0.338915,0.354331,0.434555,0.443972
5.15682,0.161227,0.370079,0.303973,0.443972
5.15707,-0.0469638,0.385827,0.144778,0.443972
5.15732,-0.257863,0.393701,-0.0407871,0.443972
5.15757,-0.441071,0.393701,-0.203418,0.443972
5.15782,-0.572192,0.354331,-0.342667,0.443972
5.15807,-0.635699,0.275591,-0.423524,0.443972
5.15832,-0.628773,0.141732,-0.43865,0.443972
5.15857,-0.560411,-0.023622,-0.410587,0.443972
5.15882,-0.45016,-0.212598,-0.344796,0.443972
5.15907,-0.32168,-0.409449,-0.263769,0.443972
5.15932,-0.19893,-0.574803,-0.180608,0.443972
5.15957,-0.0992074,-0.629921,-0.133277,0.443972
5.15982,-0.0307634,-0.629921,-0.103858,0.443972
5.16007,0.00914005,-0.629921,-0.111041,0.443972
5.16032,0.0310578,-0.629921,-0.123276,0.443972
5.16057,0.0519275,-0.488189,-0.131075,0.443972
5.16082,0.0880385,-0.322835,-0.130322,0.443972
5.16107,0.150065,-0.149606,-0.081978,0.443972
5.16132,0.240644,0,0.00710275,0.443972
5.16157,0.351731,0.133858,0.125852,0.443972
5.16182,0.465816,0.220472,0.265693,0.443972
5.16207,0.560059,0.275591,0.398444,0.443972
5.16232,0.611529,0.299213,0.500559,0.443972
5.16257,0.60184,0.322835,0.556767,0.443972
5.16282,0.523324,0.354331,0.538351,0.443972
5.16307,0.380194,0.385827,0.458706,0.443972
5.16332,0.188921,0.425197,0.333647,0.443972
5.16357,-0.0253557,0.472441,0.168346,0.443972
5.16382,-0.231988,0.488189,-0.00360215,0.443972
5.16407,-0.403537,0.488189,-0.157331,0.443972
5.16432,-0.519289,0.433071,-0.274117,0.443972
5.16457,-0.569462,0.330709,-0.331556,0.443972
5.16482,-0.556979,0.173228,-0.343839,0.443972
5.16507,-0.495914,-0.00787402,-0.320542,0.443972
5.16532,-0.406731,-0.212598,-0.271294,0.443972
5.16557,-0.312253,-0.401575,-0.224766,0.443972
5.16582,-0.231003,-0.559055,-0.186614,0.443972
5.16607,-0.173546,-0.629921,-0.178327,0.443972
5.16632,-0.140698,-0.629921,-0.194654,0.443972
5.16657,-0.123578,-0.629921,-0.232025,0.443972
5.16682,-0.106437,-0.551181,-0.261302,0.443972
5.16707,-0.0721507,-0.425197,-0.264528,0.443972
5.16732,-0.00780571,-0.275591,-0.234625,0.443972
5.16757,0.092523,-0.133858,-0.146995,0.443972
5.16782,0.223998,-0.023622,-0.0233704,0.443972
5.16807,0.370755,0.0629921,0.127495,0.443972
5.16832,0.510199,0.11811,0.293636,0.443972
5.16857,0.616913,0.165354,0.448697,0.443972
5.16882,0.66783,0.19685,0.548807,0.443972
5.16907,0.648789,0.23622,0.600226,0.443972
5.16932,0.557103,0.291339,0.578404,0.443972
5.16957,0.402873,0.346457,0.483429,0.443972
5.16982,0.20748,0.417323,0.347285,0.443972
5.17007,-0.000813038,0.480315,0.179229,0.443972
5.17032,-0.193047,0.519685,0.0255072,0.443972
5.17057,-0.345073,0.503937,-0.116939,0.443972
5.17082,-0.441211,0.440945,-0.210368,0.443972
5.17107,-0.478447,0.330709,-0.262024,0.443972
5.17132,-0.465413,0.165354,-0.270138,0.443972
5.17157,-0.418542,-0.023622,-0.250656,0.443972
5.17181,-0.358458,-0.212598,-0.234701,0.443972
5.17206,-0.304438,-0.385827,-0.215917,0.443972
5.17231,-0.268687,-0.519685,-0.22634,0.443972
5.17256,-0.254383,-0.582677,-0.259371,0.443972
5.17281,-0.25462,-0.590551,-0.301955,0.443972
5.17306,-0.255142,-0.543307,-0.342619,0.443972
5.17331,-0.237457,-0.440945,-0.377972,0.443972
5.17356,-0.186332,-0.330709,-0.362616,0.443972
5.17381,-0.0921154,-0.212598,-0.296445,0.443972
5.17406,0.0442185,-0.110236,-0.179751,0.443972
5.17431,0.210212,-0.0393701,-0.0207666,0.443972
5.17456,0.384318,0.00787402,0.161455,0.443972
5.17481,0.540117,0.0314961,0.344307,0.443972
5.17506,0.650914,0.0629921,0.50048,0.443972
5.17531,0.696525,0.102362,0.595043,0.443972
5.17556,0.667322,0.15748,0.630714,0.443972
5.17581,0.566387,0.23622,0.586578,0.443972
5.17606,0.409211,0.314961,0.484333,0.443972
5.17631,0.220602,0.409449,0.341588,0.443972
5.17656,0.0288274,0.472441,0.184256,0.443972
5.17681,-0.139989,0.503937,0.0438339,0.443972
5.17706,-0.265933,0.488189,-0.0704664,0.443972
5.17731,-0.340741,0.417323,-0.145451,0.443972
5.17756,-0.367782,0.283465,-0.186614,0.443972
5.17781,-0.359231,0.11811,-0.192804,0.443972
5.17806,-0.33336,-0.0551181,-0.19102,0.443972
5.17831,-0.309086,-0.228346,-0.194742,0.443972
5.17856,-0.299917,-0.370079,-0.220061,0.443972
5.17881,-0.311065,-0.464567,-0.266811,0.443972
5.17906,-0.337727,-0.496063,-0.333015,0.443972
5.17931,-0.366506,-0.472441,-0.394586,0.443972
5.17956,-0.378764,-0.401575,-0.449616,0.443972
5.17981,-0.356182,-0.314961,-0.470974,0.443972
5.18006,-0.285227,-0.228346,-0.438947,0.443972
5.18031,-0.162137,-0.141732,-0.345682,0.443972
5.18056,0.00491548,-0.0866142,-0.191761,0.443972
5.18081,0.197291,-0.0551181,-0.00328392,0.443972
5.18106,0.389211,-0.0393701,0.196069,0.443972
5.18131,0.55129,-0.023622,0.380796,0.443972
5.18156,0.658897,0,0.531469,0.443972
5.18181,0.69574,0.0393701,0.615558,0.443972
5.18206,0.657615,0.110236,0.630096,0.443972
5.18231,0.553176,0.204724,0.572198,0.443972
5.18256,0.402323,0.299213,0.470794,0.443972
5.18281,0.230715,0.393701,0.335464,0.443972
5.18306,0.0652905,0.448819,0.194782,0.443972
5.18331,-0.0719421,0.464567,0.0796368,0.443972
5.18356,-0.168336,0.433071,-0.0105598,0.443972
5.18381,-0.222545,0.338583,-0.0679333,0.443972
5.18406,-0.24269,0.204724,-0.0954745,0.443972
5.18431,-0.244459,0.0472441,-0.105584,0.443972
5.18456,-0.246203,-0.110236,-0.12875,0.443972
5.18481,-0.262003,-0.251969,-0.160889,0.443972
5.18506,-0.29944,-0.346457,-0.221399,0.443972
5.18531,-0.35579,-0.401575,-0.313516,0.443972
5.18556,-0.419054,-0.393701,-0.408244,0.443972
5.18581,-0.470144,-0.346457,-0.499927,0.443972
5.18606,-0.488537,-0.275591,-0.551161,0.443972
5.18631,-0.456318,-0.204724,-0.559387,0.443972
5.18656,-0.365083,-0.133858,-0.501361,0.443972
5.18681,-0.216978,-0.0866142,-0.375197,0.443972
5.18706,-0.0264766,-0.0629921,-0.20337,0.443972
5.18731,0.182901,-0.0629921,0.0113187,0.443972
5.18756,0.38121,-0.0708661,0.225736,0.443972
5.18781,0.540539,-0.0629921,0.40535,0.443972
5.18806,0.639137,-0.0314961,0.539523,0.443972
5.18831,0.665501,0.00787402,0.611209,0.443972
5.18856,0.621428,0.0944882,0.615874,0.443972
5.18881,0.520786,0.188976,0.547159,0.443972
5.18906,0.385482,0.291339,0.453858,0.443972
5.18931,0.240943,0.370079,0.333759,0.443972
5.18956,0.110473,0.409449,0.223822,0.443972
5.18981,0.00966751,0.401575,0.135834,0.443972
5.19005,-0.0561711,0.346457,0.0680611,0.443972
5.1903,-0.09156,0.23622,0.0331641,0.443972
5.19055,-0.109631,0.102362,0.00400388,0.443972
5.1908,-0.127956,-0.0393701,-0.023974,0.443972
5.19105,-0.161345,-0.173228,-0.0680146,0.443972
5.1913,-0.219608,-0.267717,-0.142105,0.443972
5.19155,-0.302484,-0.330709,-0.242848,0.443972
5.1918,-0.399926,-0.338583,-0.367103,0.443972
5.19205,-0.493041,-0.291339,-0.488383,0.443972
5.1923,-0.559482,-0.228346,-0.590741,0.443972
5.19255,-0.578033,-0.149606,-0.644094,0.443972
5.1928,-0.534142,-0.0787402,-0.632132,0.443972
5.19305,-0.424092,-0.0314961,-0.55495,0.443972
5.1933,-0.256637,-0.00787402,-0.402643,0.443972
5.19355,-0.0515556,-0.023622,-0.20008,0.443972
5.1938,0.163223,-0.0393701,0.0247844,0.443972
5.19405,0.357701,-0.0629921,0.237762,0.443972
5.1943,0.506269,-0.0629921,0.417228,0.443972
5.19455,0.591129,-0.0472441,0.530589,0.443972
5.1948,0.607455,0,0.591777,0.443972
5.19505,0.562259,0.0708661,0.581311,0.443972
5.1953,0.473123,0.15748,0.522591,0.443972
5.19555,0.362534,0.23622,0.438297,0.443972
5.1958,0.253749,0.299213,0.342107,0.443972
5.19605,0.163964,0.307087,0.265904,0.443972
5.1963,0.102148,0.275591,0.199401,0.443972
5.19655,0.0662846,0.204724,0.162853,0.443972
5.1968,0.0458062,0.102362,0.134931,0.443972
5.19705,0.0239427,-0.00787402,0.104994,0.443972
5.1973,-0.0150815,-0.125984,0.0548622,0.443972
5.19755,-0.0831182,-0.204724,-0.027819,0.443972
5.1978,-0.183364,-0.251969,-0.14263,0.443972
5.19805,-0.307848,-0.251969,-0.28585,0.443972
5.1983,-0.439321,-0.204724,-0.439472,0.443972
5.19855,-0.554497,-0.133858,-0.579169,0.443972
5.1988,-0.629112,-0.0551181,-0.676796,0.443972
5.19905,-0.643152,0.00787402,-0.716886,0.443972
5.1993,-0.586563,0.0551181,-0.680084,0.443972
5.19955,-0.461229,0.0708661,-0.559694,0.443972
5.1998,-0.2821,0.0551181,-0.380228,0.443972
5.20005,-0.0731661,0.015748,-0.168364,0.443972
5.2003,0.135821,-0.023622,0.0621208,0.443972
5.20055,0.316927,-0.0472441,0.268453,0.443972
5.2008,0.447461,-0.0629921,0.425584,0.443972
5.20105,0.516507,-0.0551181,0.521642,0.443972
5.2013,0.52491,-0.00787402,0.559478,0.443972
5.20155,0.484558,0.0472441,0.536227,0.443972
5.2018,0.414686,0.110236,0.486064,0.443972
5.20205,0.337284,0.165354,0.40827,0.443972
5.2023,0.270448,0.188976,0.341752,0.443972
5.20255,0.225155,0.173228,0.285485,0.443972
5.2028,0.202238,0.11811,0.256702,0.443972
5.20305,0.192984,0.0314961,0.231889,0.443972
5.2033,0.182065,-0.0629921,0.212581,0.443972
5.20355,0.152036,-0.149606,0.164355,0.443972
5.2038,0.0887756,-0.220472,0.0914014,0.443972
5.20405,-0.0145481,-0.244094,-0.0206869,0.443972
5.2043,-0.153293,-0.23622,-0.171247,0.443972
5.20455,-0.312719,-0.173228,-0.338992,0.443972
5.2048,-0.470019,-0.0866142,-0.502173,0.443972
5.20505,-0.598692,0.00787402,-0.644084,0.443972
5.2053,-0.674314,0.0944882,-0.730585,0.443972
5.20555,-0.680577,0.165354,-0.744016,0.443972
5.2058,-0.612281,0.19685,-0.678142,0.443972
5.20605,-0.477665,0.188976,-0.541652,0.443972
5.2063,-0.295886,0.141732,-0.346221,0.443972
5.20655,-0.0942897,0.0866142,-0.131894,0.443972
5.2068,0.0987196,0.0314961,0.0851874,0.443972
5.20705,0.257273,-0.00787402,0.278307,0.443972
5.2073,0.365461,-0.023622,0.405771,0.443972
5.20755,0.418462,-0.023622,0.488896,0.443972
5.2078,0.422624,0,0.505392,0.443972
5.20805,0.393314,0.0393701,0.486872,0.443972
5.20829,0.350565,0.0708661,0.441027,0.443972
5.20854,0.312631,0.0787402,0.392183,0.443972
5.20879,0.291859,0.0551181,0.346806,0.443972
5.20904,0.291559,0.00787402,0.325322,0.443972
5.20929,0.305019,-0.0629921,0.323989,0.443972
5.20954,0.31761,-0.15748,0.30677,0.443972
5.20979,0.311002,-0.244094,0.287474,0.443972
5.21004,0.268416,-0.307087,0.233247,0.443972
5.21029,0.178955,-0.322835,0.123493,0.443972
5.21054,0.0429909,-0.291339,-0.0157985,0.443972
5.21079,-0.128451,-0.220472,-0.200539,0.443972
5.21104,-0.314477,-0.110236,-0.392047,0.443972
5.21129,-0.48787,0.00787402,-0.561356,0.443972
5.21154,-0.620986,0.133858,-0.697882,0.443972
5.21179,-0.691993,0.228346,-0.77557,0.443972
5.21204,-0.68872,0.291339,-0.759936,0.443972
5.21229,-0.612044,0.314961,-0.66754,0.443972
5.21254,-0.475076,0.299213,-0.512144,0.443972
5.21279,-0.300893,0.244094,-0.309818,0.443972
5.21304,-0.117108,0.181102,-0.0923059,0.443972
5.21329,0.0496032,0.11811,0.109259,0.443972
5.21354,0.179524,0.0708661,0.2702,0.443972
5.21379,0.263054,0.0472441,0.373418,0.443972
5.21404,0.301446,0.0393701,0.434949,0.443972
5.21429,0.306293,0.0393701,0.445798,0.443972
5.21454,0.294844,0.0472441,0.423314,0.443972
5.21479,0.285173,0.0314961,0.404146,0.443972
5.21504,0.290865,0,0.384134,0.443972
5.21529,0.317357,-0.0629921,0.37936,0.443972
5.21554,0.359842,-0.15748,0.382858,0.443972
5.21579,0.405044,-0.259843,0.393119,0.443972
5.21604,0.433525,-0.354331,0.391387,0.443972
5.21629,0.42586,-0.425197,0.358177,0.443972
5.21654,0.367475,-0.448819,0.28085,0.443972
5.21679,0.253103,-0.425197,0.1456,0.443972
5.21704,0.0889612,-0.338583,-0.0325824,0.443972
5.21729,-0.107343,-0.220472,-0.23591,0.443972
5.21754,-0.309683,-0.0629921,-0.442024,0.443972
5.21779,-0.488786,0.0866142,-0.621649,0.443972
5.21804,-0.618563,0.228346,-0.737005,0.443972
5.21829,-0.680425,0.338583,-0.792057,0.443972
5.21854,-0.667975,0.401575,-0.749318,0.443972
5.21879,-0.587521,0.417323,-0.644238,0.443972
5.21904,-0.456835,0.401575,-0.476113,0.443972
5.21929,-0.300577,0.346457,-0.273475,0.443972
5.21954,-0.14472,0.291339,-0.0755253,0.443972
5.21979,-0.0113653,0.23622,0.107157,0.443972
5.22004,0.0857077,0.188976,0.244372,0.443972
5.22029,0.144063,0.15748,0.325511,0.443972
5.22054,0.171303,0.125984,0.372102,0.443972
5.22079,0.182298,0.102362,0.376319,0.443972
5.22104,0.194381,0.0629921,0.375585,0.443972
5.22129,0.22218,0,0.375201,0.443972
5.22154,0.273409,-0.0944882,0.388043,0.443972
5.22179,0.345352,-0.204724,0.412913,0.443972
5.22204,0.426233,-0.338583,0.439292,0.443972
5.22229,0.496469,-0.464567,0.462908,0.443972
5.22254,0.534443,-0.559055,0.463895,0.443972
5.22279,0.521178,-0.606299,0.414257,0.443972
5.22304,0.445986,-0.598425,0.304104,0.443972
5.22329,0.309321,-0.527559,0.139856,0.443972
5.22354,0.123813,-0.393701,-0.0607161,0.443972
5.22379,-0.0872602,-0.220472,-0.278022,0.443972
5.22404,-0.294827,-0.0393701,-0.495324,0.36288
5.22429,-0.470178,0.133858,-0.663431,0.36288
5.22454,-0.589494,0.291339,-0.762396,0.36288
5.22479,-0.63967,0.401575,-0.78557,0.36288
5.22504,-0.620056,0.456693,-0.729038,0.36288
5.22529,-0.542344,0.472441,-0.602756,0.36288
5.22554,-0.426832,0.448819,-0.428464,0.36288
5.22579,-0.297799,0.409449,-0.236069,0.36288
5.22604,-0.17812,0.362205,-0.0526785,0.36288
5.22628,-0.08393,0.314961,0.088752,0.36288
5.22653,-0.0213096,0.275591,0.199474,0.36288
5.22678,0.0140176,0.23622,0.261306,0.36288
5.22703,0.0346342,0.19685,0.28865,0.36288
5.22728,0.0571576,0.133858,0.298084,0.36288
5.22753,0.0972208,0.0551181,0.312556,0.36288
5.22778,0.16498,-0.0472441,0.343782,0.36288
5.22803,0.260256,-0.173228,0.379895,0.36288
5.22828,0.373443,-0.322835,0.435677,0.36288
5.22853,0.485612,-0.464567,0.490903,0.36288
5.22878,0.573687,-0.574803,0.52379,0.36288
5.22903,0.614715,-0.629921,0.512549,0.36288
5.22928,0.592555,-0.629921,0.441857,0.36288
5.22953,0.501099,-0.606299,0.313985,0.36288
5.22978,0.3474,-0.496063,0.127318,0.36288
5.23003,0.149577,-0.330709,-0.0786287,0.36288
5.23028,-0.0652127,-0.141732,-0.299417,0.36288
5.23053,-0.267495,0.0393701,-0.497281,0.36288
5.23078,-0.429879,0.212598,-0.640123,0.36288
5.23103,-0.533589,0.346457,-0.717475,0.36288
5.23128,-0.571567,0.433071,-0.708537,0.36288
5.23153,-0.548765,0.480315,-0.631263,0.36288
5.23178,-0.480763,0.488189,-0.502584,0.36288
5.23203,-0.388894,0.464567,-0.335691,0.36288
5.23228,-0.295608,0.433071,-0.182423,0.36288
5.23253,-0.218269,0.393701,-0.0411529,0.36288
5.23278,-0.16581,0.362205,0.0657609,0.36288
5.23303,-0.136592,0.322835,0.126305,0.36288
5.23328,-0.120783,0.283465,0.159598,0.36288
5.23353,-0.10174,0.220472,0.175655,0.36288
5.23378,-0.0629885,0.133858,0.189912,0.36288
5.23403,0.00829157,0.023622,0.219466,0.36288
5.23428,0.115069,-0.102362,0.268758,0.36288
5.23453,0.250719,-0.267717,0.353112,0.36288
5.23478,0.398131,-0.425197,0.435454,0.36288
5.23503,0.533536,-0.566929,0.508498,0.36288
5.23528,0.631202,-0.629921,0.543841,0.36288
5.23553,0.669873,-0.629921,0.531642,0.36288
5.23578,0.637003,-0.629921,0.452914,0.36288
5.23603,0.53252,-0.598425,0.321595,0.36288
5.23628,0.368913,-0.456693,0.127259,0.36288
5.23653,0.168619,-0.275591,-0.0781735,0.36288
5.23678,-0.0388286,-0.0866142,-0.286112,0.36288
5.23703,-0.225238,0.0866142,-0.462718,0.36288
5.23728,-0.367357,0.23622,-0.578232,0.36288
5.23753,-0.452634,0.346457,-0.61922,0.36288
5.23778,-0.479484,0.425197,-0.595201,0.36288
5.23803,-0.458559,0.456693,-0.519343,0.36288
5.23828,-0.40758,0.472441,-0.394799,0.36288
5.23853,-0.347457,0.464567,-0.268025,0.36288
5.23878,-0.29614,0.448819,-0.148455,0.36288
5.23903,-0.264529,0.433071,-0.066001,0.36288
5.23928,-0.253606,0.417323,-0.0111049,0.36288
5.23953,-0.255293,0.385827,0.0127841,0.36288
5.23978,-0.253673,0.338583,0.0184426,0.36288
5.24003,-0.230987,0.259843,0.0348158,0.36288
5.24028,-0.172024,0.149606,0.062649,0.36288
5.24053,-0.0695804,0.00787402,0.120622,0.36288
5.24078,0.0734253,-0.15748,0.215451,0.36288
5.24103,0.242909,-0.330709,0.325179,0.36288
5.24128,0.415642,-0.496063,0.43998,0.36288
5.24153,0.56494,-0.629921,0.534827,0.36288
5.24178,0.664797,-0.629921,0.582426,0.36288
5.24203,0.696847,-0.629921,0.566785,0.36288
5.24228,0.653602,-0.629921,0.480682,0.36288
5.24253,0.540796,-0.566929,0.328258,0.36288
5.24278,0.37551,-0.417323,0.135364,0.36288
5.24303,0.184119,-0.244094,-0.0676112,0.36288
5.24328,-0.00530923,-0.0708661,-0.258826,0.36288
5.24353,-0.166987,0.0787402,-0.401282,0.36288
5.24378,-0.283953,0.212598,-0.48945,0.36288
5.24403,-0.349224,0.307087,-0.515664,0.36288
5.24428,-0.368264,0.377953,-0.479577,0.36288
5.24452,-0.355032,0.417323,-0.412175,0.36288
5.24477,-0.32827,0.440945,-0.314227,0.36288
5.24502,-0.305966,0.464567,-0.226563,0.36288
5.24527,-0.300469,0.480315,-0.159952,0.36288
5.24552,-0.315133,0.488189,-0.116462,0.36288
5.24577,-0.343562,0.480315,-0.103567,0.36288
5.24602,-0.370717,0.456693,-0.112055,0.36288
5.24627,-0.377587,0.401575,-0.10882,0.36288
5.24652,-0.346758,0.307087,-0.0871348,0.36288
5.24677,-0.266065,0.165354,-0.0289819,0.36288
5.24702,-0.133977,0,0.0657361,0.36288
5.24727,0.0396895,-0.188976,0.186281,0.36288
5.24752,0.234037,-0.370079,0.327663,0.36288
5.24777,0.422419,-0.535433,0.463583,0.36288
5.24802,0.576184,-0.629921,0.561785,0.36288
5.24827,0.671527,-0.629921,0.601093,0.36288
5.24852,0.694229,-0.629921,0.572351,0.36288
5.24877,0.642746,-0.629921,0.476073,0.36288
5.24902,0.5278,-0.543307,0.31653,0.36288
5.24927,0.371014,-0.401575,0.132759,0.36288
5.24952,0.198604,-0.244094,-0.0599056,0.36288
5.24977,0.036941,-0.0866142,-0.224933,0.36288
5.25002,-0.093343,0.0393701,-0.341485,0.36288
5.25027,-0.181601,0.149606,-0.403646,0.36288
5.25052,-0.228341,0.23622,-0.410513,0.36288
5.25077,-0.243801,0.314961,-0.371148,0.36288
5.25102,-0.244356,0.370079,-0.304046,0.36288
5.25127,-0.24766,0.425197,-0.244261,0.36288
5.25152,-0.267334,0.480315,-0.191769,0.36288
5.25177,-0.308776,0.527559,-0.170079,0.36288
5.25202,-0.367688,0.551181,-0.180245,0.36288
5.25227,-0.430171,0.559055,-0.200592,0.36288
5.25252,-0.476578,0.535433,-0.218408,0.36288
5.25277,-0.486702,0.464567,-0.221359,0.36288
5.25302,-0.443997,0.346457,-0.181348,0.36288
5.25327,-0.341365,0.181102,-0.103815,0.36288
5.25352,-0.183941,0,0.0258478,0.36288
5.25377,0.0120445,-0.204724,0.176442,0.36288
5.25402,0.221474,-0.393701,0.341415,0.36288
5.25427,0.414752,-0.551181,0.480548,0.36288
5.25452,0.564183,-0.629921,0.577792,0.36288
5.25477,0.649583,-0.629921,0.604177,0.36288
5.25502,0.662405,-0.629921,0.555326,0.36288
5.25527,0.606376,-0.629921,0.448426,0.36288
5.25552,0.49741,-0.527559,0.29605,0.36288
5.25577,0.358369,-0.409449,0.118196,0.36288
5.25602,0.214884,-0.267717,-0.0544975,0.36288
5.25627,0.0890079,-0.149606,-0.185355,0.36288
5.25652,-0.00532728,-0.0393701,-0.273768,0.36288
5.25677,-0.064631,0.0472441,-0.304897,0.36288
5.25702,-0.0957015,0.133858,-0.292569,0.36288
5.25727,-0.11261,0.220472,-0.262053,0.36288
5.25752,-0.132532,0.307087,-0.212522,0.36288
5.25777,-0.170279,0.393701,-0.178751,0.36288
5.25802,-0.233429,0.488189,-0.178566,0.36288
5.25827,-0.320028,0.559055,-0.201027,0.36288
5.25852,-0.418252,0.614173,-0.243641,0.36288
5.25877,-0.508127,0.629921,-0.29037,0.36288
5.25902,-0.567253,0.598425,-0.32677,0.36288
5.25927,-0.574932,0.519685,-0.315084,0.36288
5.25952,-0.518465,0.385827,-0.264629,0.36288
5.25977,-0.396648,0.212598,-0.150308,0.36288
5.26002,-0.220402,0.00787402,0.0029549,0.36288
5.26027,-0.0113049,-0.173228,0.173084,0.36288
5.26052,0.202,-0.346457,0.348711,0.36288
5.26077,0.389629,-0.480315,0.480429,0.36288
5.26102,0.527133,-0.559055,0.56908,0.36288
5.26127,0.599384,-0.590551,0.578843,0.36288
5.26152,0.60321,-0.574803,0.521524,0.36288
5.26177,0.548353,-0.511811,0.415529,0.36288
5.26202,0.453431,-0.448819,0.2672,0.36288
5.26227,0.341458,-0.362205,0.111196,0.36288
5.26252,0.235124,-0.283465,-0.0199739,0.36288
5.26276,0.150345,-0.220472,-0.11616,0.36288
5.26301,0.0936096,-0.149606,-0.165121,0.36288
5.26326,0.0616075,-0.0866142,-0.172205,0.36288
5.26351,0.0422564,-0.00787402,-0.155124,0.36288
5.26376,0.0185571,0.0708661,-0.123499,0.36288
5.26401,-0.0253545,0.173228,-0.11318,0.36288
5.26426,-0.0995374,0.283465,-0.126691,0.36288
5.26451,-0.205029,0.393701,-0.164294,0.36288
5.26476,-0.33253,0.496063,-0.243102,0.36288
5.26501,-0.462817,0.566929,-0.326634,0.36288
5.26526,-0.572349,0.590551,-0.397847,0.36288
5.26551,-0.636804,0.566929,-0.435344,0.36288
5.26576,-0.63802,0.488189,-0.428206,0.36288
5.26601,-0.568068,0.362205,-0.354295,0.36288
5.26626,-0.431397,0.204724,-0.221896,0.36288
5.26651,-0.244275,0.0393701,-0.0495601,0.36288
5.26676,-0.0331897,-0.11811,0.138794,0.36288
5.26701,0.17257,-0.251969,0.312242,0.36288
5.26726,0.345457,-0.346457,0.446006,0.36288
5.26751,0.46524,-0.401575,0.518477,0.36288
5.26776,0.522423,-0.417323,0.520581,0.36288
5.26801,0.520501,-0.409449,0.471959,0.36288
5.26826,0.473168,-0.377953,0.377859,0.36288
5.26851,0.400216,-0.346457,0.253725,0.36288
5.26876,0.323559,-0.307087,0.143491,0.36288
5.26901,0.260232,-0.283465,0.0520667,0.36288
5.26926,0.219258,-0.259843,0.00402406,0.36288
5.26951,0.199785,-0.228346,-0.0109191,0.36288
5.26976,0.19172,-0.181102,-0.00579672,0.36288
5.27001,0.178304,-0.110236,0.0155631,0.36288
5.27026,0.143089,-0.015748,0.0214173,0.36288
5.27051,0.0724746,0.0866142,-0.00780986,0.36288
5.27076,-0.0378991,0.212598,-0.071247,0.36288
5.27101,-0.182144,0.330709,-0.176593,0.36288
5.27126,-0.343053,0.433071,-0.293022,0.36288
5.27151,-0.497096,0.496063,-0.409475,0.36288
5.27176,-0.617452,0.511811,-0.506622,0.36288
5.27201,-0.681056,0.480315,-0.540716,0.36288
5.27226,-0.673401,0.401575,-0.519787,0.36288
5.27251,-0.591834,0.291339,-0.430585,0.36288
5.27276,-0.446371,0.15748,-0.282616,0.36288
5.27301,-0.258825,0.0314961,-0.0949575,0.36288
5.27326,-0.0567327,-0.0787402,0.0900419,0.36288
5.27351,0.131377,-0.165354,0.264378,0.36288
5.27376,0.281694,-0.220472,0.386601,0.36288
5.27401,0.379504,-0.251969,0.44801,0.36288
5.27426,0.422459,-0.259843,0.444498,0.36288
5.27451,0.419227,-0.251969,0.405517,0.36288
5.27476,0.385823,-0.244094,0.328438,0.36288
5.27501,0.342669,-0.251969,0.235603,0.36288
5.27526,0.307163,-0.259843,0.174351,0.36288
5.27551,0.290299,-0.267717,0.129724,0.36288
5.27576,0.293321,-0.267717,0.120807,0.36288
5.27601,0.308048,-0.259843,0.139313,0.36288
5.27626,0.318302,-0.220472,0.161677,0.36288
5.27651,0.306258,-0.149606,0.174619,0.36288
5.27676,0.255348,-0.0551181,0.142081,0.36288
5.27701,0.1571,0.0551181,0.0796403,0.36288
5.27726,0.0130819,0.173228,-0.0261648,0.36288
5.27751,-0.162878,0.283465,-0.170763,0.36288
5.27776,-0.348697,0.362205,-0.326002,0.36288
5.27801,-0.516566,0.409449,-0.465427,0.36288
5.27826,-0.639491,0.409449,-0.566018,0.36288
5.27851,-0.697177,0.370079,-0.60058,0.36288
5.27876,-0.679767,0.283465,-0.568425,0.36288
5.27901,-0.590317,0.188976,-0.468567,0.36288
5.27926,-0.444576,0.0866142,-0.310951,0.36288
5.27951,-0.266625,0,-0.130117,0.36288
5.27976,-0.083917,-0.0629921,0.052815,0.36288
5.28001,0.0771822,-0.110236,0.195228,0.36288
5.28026,0.198827,-0.125984,0.291559,0.36288
5.28051,0.273268,-0.133858,0.336628,0.36288
5.28076,0.304528,-0.125984,0.332085,0.36288
5.281,0.304724,-0.125984,0.293103,0.36288
5.28125,0.292332,-0.149606,0.247911,0.36288
5.2815,0.284823,-0.173228,0.203919,0.36288
5.28175,0.294256,-0.204724,0.191977,0.36288
5.282,0.324366,-0.228346,0.198556,0.36288
5.28225,0.368777,-0.251969,0.237399,0.36288
5.2825,0.412166,-0.244094,0.282572,0.36288
5.28275,0.435302,-0.204724,0.313847,0.36288
5.283,0.419235,-0.133858,0.317806,0.36288
5.28325,0.350256,-0.0393701,0.271115,0.36288
5.2835,0.225713,0.0551181,0.170987,0.36288
5.28375,0.0540134,0.165354,0.0192459,0.36288
5.284,-0.14533,0.251969,-0.160252,0.36288
5.28425,-0.345794,0.299213,-0.332116,0.36288
5.2845,-0.517481,0.314961,-0.486451,0.36288
5.28475,-0.635616,0.283465,-0.583933,0.36288
5.285,-0.683741,0.228346,-0.61837,0.36288
5.28525,-0.657752,0.149606,-0.577359,0.36288
5.2855,-0.566275,0.0629921,-0.471641,0.36288
5.28575,-0.428894,0,-0.322807,0.36288
5.286,-0.270502,-0.0472441,-0.160598,0.36288
5.28625,-0.117545,-0.0708661,-0.0149283,0.36288
5.2865,0.00959781,-0.0787402,0.0972537,0.36288
5.28675,0.0995397,-0.0629921,0.165129,0.36288
5.287,0.151245,-0.0472441,0.192137,0.36288
5.28725,0.173977,-0.0393701,0.183337,0.36288
5.2875,0.183846,-0.0472441,0.16694,0.36288
5.28775,0.198117,-0.0708661,0.148017,0.36288
5.288,0.229948,-0.110236,0.154753,0.36288
5.28825,0.285445,-0.149606,0.198549,0.36288
5.2885,0.360393,-0.188976,0.269552,0.36288
5.28875,0.440765,-0.204724,0.346276,0.36288
5.289,0.506592,-0.181102,0.425173,0.36288
5.28925,0.536384,-0.133858,0.467438,0.36288
5.2895,0.511917,-0.0629921,0.452088,0.36288
5.28975,0.424822,0.023622,0.381731,0.36288
5.29,0.277772,0.110236,0.252134,0.36288
5.29025,0.0857345,0.181102,0.0713303,0.36288
5.2905,-0.127245,0.228346,-0.125515,0.36288
5.29075,-0.330869,0.244094,-0.313419,0.36288
5.291,-0.49722,0.212598,-0.468192,0.36288
5.29125,-0.60435,0.15748,-0.56007,0.36288
5.2915,-0.641174,0.0787402,-0.583603,0.36288
5.29175,-0.609476,0,-0.539371,0.36288
5.292,-0.522961,-0.0551181,-0.453287,0.36288
5.29225,-0.402852,-0.0944882,-0.322056,0.36288
5.2925,-0.274144,-0.110236,-0.20471,0.36288
5.29275,-0.158385,-0.0944882,-0.090639,0.36288
5.293,-0.0697541,-0.0629921,-0.0220517,0.36288
5.29325,-0.012826,-0.023622,0.0106339,0.36288
5.2935,0.0184248,0,0.0215911,0.36288
5.29375,0.0380398,0,0.0153977,0.36288
5.294,0.063015,0,0.0179132,0.36288
5.29425,0.107692,-0.0314961,0.0404662,0.36288
5.2945,0.180724,-0.0708661,0.106692,0.36288
5.29475,0.280613,-0.102362,0.201175,0.36288
5.295,0.395128,-0.125984,0.325574,0.36288
5.29525,0.504575,-0.11811,0.447701,0.36288
5.2955,0.585529,-0.0866142,0.536043,0.36288
5.29575,0.615663,-0.023622,0.587755,0.36288
5.296,0.580696,0.0472441,0.562053,0.36288
5.29625,0.476861,0.125984,0.472529,0.36288
5.2965,0.313048,0.188976,0.321781,0.36288
5.29675,0.109811,0.228346,0.130303,0.36288
5.297,-0.104862,0.228346,-0.0734778,0.36288
5.29725,-0.301492,0.188976,-0.265593,0.36288
5.2975,-0.454147,0.11811,-0.415237,0.36288
5.29775,-0.545748,0.0314961,-0.499398,0.36288
5.298,-0.571501,-0.0551181,-0.5118,0.36288
5.29825,-0.538952,-0.133858,-0.477068,0.36288
5.2985,-0.464583,-0.181102,-0.406798,0.36288
5.29875,-0.370992,-0.188976,-0.320141,0.36288
5.299,-0.279625,-0.181102,-0.232243,0.36288
5.29924,-0.206439,-0.133858,-0.180969,0.36288
5.29949,-0.15874,-0.0866142,-0.152748,0.36288
5.29974,-0.133338,-0.0393701,-0.150863,0.36288
5.29999,-0.117881,-0.015748,-0.161009,0.36288
5.30024,-0.0963401,-0.00787402,-0.163665,0.36288
5.30049,-0.0523076,-0.015748,-0.131526,0.36288
5.30074,0.0254409,-0.0314961,-0.0574218,0.36288
5.30099,0.138713,-0.0629921,0.0522809,0.36288
5.30124,0.27802,-0.0629921,0.202976,0.36288
5.30149,0.42499,-0.0551181,0.359427,0.36288
5.30174,0.555352,-0.00787402,0.509876,0.36288
5.30199,0.643404,0.0393701,0.626202,0.36288
5.30224,0.669335,0.11811,0.670268,0.36288
5.30249,0.622807,0.204724,0.64168,0.36288
5.30274,0.505843,0.275591,0.538833,0.36288
5.30299,0.33329,0.307087,0.376204,0.36288
5.30324,0.129725,0.299213,0.181997,0.36288
5.30349,-0.0760934,0.251969,-0.0152555,0.36288
5.30374,-0.255748,0.15748,-0.18392,0.36288
5.30399,-0.387852,0.0472441,-0.309757,0.36288
5.30424,-0.461699,-0.0629921,-0.388766,0.36288
5.30449,-0.478827,-0.165354,-0.397929,0.36288
5.30474,-0.450778,-0.244094,-0.382086,0.36288
5.30499,-0.396425,-0.283465,-0.336266,0.36288
5.30524,-0.336773,-0.283465,-0.291189,0.36288
5.30549,-0.28852,-0.251969,-0.26177,0.36288
5.30574,-0.261025,-0.212598,-0.267011,0.36288
5.30599,-0.253428,-0.165354,-0.286057,0.36288
5.30624,-0.255676,-0.11811,-0.322074,0.36288
5.30649,-0.251458,-0.0944882,-0.343546,0.36288
5.30674,-0.223139,-0.0866142,-0.340507,0.36288
5.30699,-0.156413,-0.0866142,-0.282225,0.36288
5.30724,-0.0456086,-0.0944882,-0.175685,0.36288
5.30749,0.103693,-0.0787402,-0.0198324,0.36288
5.30774,0.275559,-0.0472441,0.173306,0.36288
5.30799,0.446326,0.00787402,0.369942,0.36288
5.30824,0.58802,0.102362,0.544968,0.36288
5.30849,0.676322,0.204724,0.661075,0.36288
5.30874,0.694512,0.307087,0.70474,0.36288
5.30899,0.637419,0.393701,0.677444,0.36288
5.30924,0.51307,0.440945,0.578982,0.36288
5.30949,0.341061,0.448819,0.421792,0.36288
5.30974,0.147714,0.401575,0.252076,0.36288
5.30999,-0.0383222,0.299213,0.0752999,0.36288
5.31024,-0.192632,0.165354,-0.0688215,0.36288
5.31049,-0.299848,0.023622,-0.172063,0.36288
5.31074,-0.356066,-0.110236,-0.231016,0.36288
5.31099,-0.367807,-0.23622,-0.243469,0.36288
5.31124,-0.350406,-0.314961,-0.2449,0.36288
5.31149,-0.323343,-0.354331,-0.239304,0.36288
5.31174,-0.303384,-0.354331,-0.245345,0.36288
5.31199,-0.301745,-0.338583,-0.292848,0.36288
5.31224,-0.319762,-0.307087,-0.352198,0.36288
5.31249,-0.349198,-0.275591,-0.420611,0.36288
5.31274,-0.374065,-0.251969,-0.4951,0.36288
5.31299,-0.375436,-0.244094,-0.527538,0.36288
5.31324,-0.335573,-0.23622,-0.507283,0.36288
5.31349,-0.245082,-0.220472,-0.427526,0.36288
5.31374,-0.104165,-0.19685,-0.287877,0.36288
5.31399,0.0749809,-0.133858,-0.0941122,0.36288
5.31424,0.270762,-0.0472441,0.12919,0.36288
5.31449,0.454581,0.0708661,0.345087,0.36288
5.31474,0.598901,0.212598,0.530481,0.36288
5.31499,0.681519,0.354331,0.654586,0.36288
5.31524,0.69009,0.488189,0.704085,0.36288
5.31549,0.625466,0.574803,0.672212,0.36288
5.31574,0.501045,0.614173,0.585842,0.36288
5.31599,0.33916,0.598425,0.455104,0.36288
5.31624,0.166863,0.511811,0.312072,0.36288
5.31649,0.00992479,0.377953,0.17319,0.36288
5.31674,-0.113228,0.212598,0.0701398,0.36288
5.31699,-0.193392,0.0472441,-0.00247836,0.36288
5.31723,-0.233267,-0.102362,-0.0372129,0.36288
5.31748,-0.244373,-0.228346,-0.0580715,0.36288
5.31773,-0.244353,-0.322835,-0.0884264,0.36288
5.31798,-0.24975,-0.370079,-0.12899,0.36288
5.31823,-0.273364,-0.393701,-0.197123,0.36288
5.31848,-0.318731,-0.409449,-0.302841,0.36288
5.31873,-0.379584,-0.401575,-0.419637,0.36288
5.31898,-0.440656,-0.409449,-0.545569,0.36288
5.31923,-0.482043,-0.425197,-0.642018,0.36288
5.31948,-0.483002,-0.425197,-0.683943,0.36288
5.31973,-0.429357,-0.425197,-0.663534,0.36288
5.31998,-0.315956,-0.393701,-0.560668,0.36288
5.32023,-0.149535,-0.322835,-0.392505,0.36288
5.32048,0.0512234,-0.204724,-0.17718,0.36288
5.32073,0.259703,-0.0551181,0.0617254,0.36288
5.32098,0.446557,0.11811,0.291676,0.36288
5.32123,0.585459,0.307087,0.473462,0.36288
5.32148,0.657572,0.480315,0.591841,0.36288
5.32173,0.656728,0.622047,0.643918,0.36288
5.32198,0.589448,0.629921,0.631331,0.36288
5.32223,0.472978,0.629921,0.564821,0.36288
5.32248,0.331181,0.629921,0.474021,0.36288
5.32273,0.18962,0.543307,0.370359,0.36288
5.32298,0.0686503,0.385827,0.289731,0.36288
5.32323,-0.0190782,0.220472,0.224861,0.36288
5.32348,-0.0723264,0.0472441,0.180325,0.36288
5.32373,-0.0992872,-0.0944882,0.150516,0.36288
5.32398,-0.115697,-0.212598,0.113791,0.357162
5.32423,-0.13795,-0.299213,0.0536692,0.357162
5.32448,-0.179957,-0.346457,-0.0395806,0.357162
5.32473,-0.248088,-0.385827,-0.168686,0.357162
5.32498,-0.338115,-0.417323,-0.329334,0.357162
5.32523,-0.436318,-0.440945,-0.505056,0.357162
5.32548,-0.522173,-0.456693,-0.658414,0.357162
5.32573,-0.573037,-0.480315,-0.768551,0.357162
5.32598,-0.569427,-0.480315,-0.805167,0.357162
5.32623,-0.50065,-0.456693,-0.771936,0.357162
5.32648,-0.367275,-0.401575,-0.640593,0.357162
5.32673,-0.183009,-0.299213,-0.452522,0.357162
5.32698,0.0291447,-0.149606,-0.220663,0.357162
5.32723,0.239642,0.023622,0.0273043,0.357162
5.32748,0.419888,0.212598,0.260687,0.357162
5.32773,0.545875,0.401575,0.436799,0.357162
5.32798,0.605095,0.566929,0.55439,0.357162
5.32823,0.597013,0.629921,0.612149,0.357162
5.32848,0.53303,0.629921,0.602048,0.357162
5.32873,0.432949,0.629921,0.558831,0.357162
5.32898,0.320668,0.598425,0.498357,0.357162
5.32923,0.217267,0.456693,0.439526,0.357162
5.32948,0.137552,0.299213,0.386186,0.357162
5.32973,0.0861604,0.125984,0.355768,0.357162
5.32998,0.0575571,-0.015748,0.325664,0.357162
5.33023,0.038559,-0.149606,0.28927,0.357162
5.33048,0.0122156,-0.23622,0.232369,0.357162
5.33073,-0.0366006,-0.307087,0.129787,0.357162
5.33098,-0.117071,-0.346457,-0.00708234,0.357162
5.33123,-0.227735,-0.377953,-0.197128,0.357162
5.33148,-0.357226,-0.417323,-0.397557,0.357162
5.33173,-0.485574,-0.448819,-0.597166,0.357162
5.33198,-0.588427,-0.472441,-0.762379,0.357162
5.33223,-0.64221,-0.496063,-0.871411,0.357162
5.33248,-0.630514,-0.488189,-0.898879,0.357162
5.33273,-0.547211,-0.448819,-0.831142,0.357162
5.33298,-0.399599,-0.362205,-0.67436,0.357162
5.33323,-0.206,-0.228346,-0.465884,0.357162
5.33348,0.00659702,-0.0629921,-0.212712,0.357162
5.33373,0.208288,0.125984,0.0298423,0.357162
5.33398,0.372337,0.322835,0.242362,0.357162
5.33423,0.480612,0.503937,0.412267,0.357162
5.33448,0.52634,0.629921,0.514604,0.357162
5.33473,0.514617,0.629921,0.562406,0.357162
5.33498,0.460627,0.629921,0.569266,0.357162
5.33523,0.385613,0.629921,0.540572,0.357162
5.33547,0.310312,0.511811,0.516371,0.357162
5.33572,0.25076,0.362205,0.491367,0.357162
5.33597,0.21428,0.188976,0.478039,0.357162
5.33622,0.1979,0.0393701,0.464078,0.357162
5.33647,0.19007,-0.0866142,0.449334,0.357162
5.33672,0.173999,-0.188976,0.409768,0.357162
5.33697,0.13275,-0.259843,0.324466,0.357162
5.33722,0.0547616,-0.307087,0.184979,0.357162
5.33747,-0.0627305,-0.346457,0.00729202,0.357162
5.33772,-0.211422,-0.385827,-0.223019,0.357162
5.33797,-0.37314,-0.417323,-0.451198,0.357162
5.33822,-0.522894,-0.464567,-0.672594,0.357162
5.33847,-0.634182,-0.488189,-0.835489,0.357162
5.33872,-0.685337,-0.503937,-0.927116,0.357162
5.33897,-0.66361,-0.480315,-0.93204,0.357162
5.33922,-0.569016,-0.409449,-0.844288,0.357162
5.33947,-0.413922,-0.299213,-0.66976,0.357162
5.33972,-0.221251,-0.141732,-0.453844,0.357162
5.33997,-0.0195137,0.0472441,-0.212411,0.357162
5.34022,0.162933,0.251969,0.0135173,0.357162
5.34047,0.304026,0.440945,0.209216,0.357162
5.34072,0.391663,0.590551,0.356424,0.357162
5.34097,0.425018,0.629921,0.443635,0.357162
5.34122,0.414434,0.629921,0.487457,0.357162
5.34147,0.377983,0.629921,0.508352,0.357162
5.34172,0.335052,0.566929,0.513751,0.357162
5.34197,0.302437,0.417323,0.52254,0.357162
5.34222,0.289518,0.259843,0.544054,0.357162
5.34247,0.295638,0.102362,0.55924,0.357162
5.34272,0.310782,-0.0314961,0.574415,0.357162
5.34297,0.318399,-0.141732,0.563652,0.357162
5.34322,0.299975,-0.220472,0.515689,0.357162
5.34347,0.240601,-0.275591,0.403563,0.357162
5.34372,0.13336,-0.314961,0.230495,0.357162
5.34397,-0.0177431,-0.362205,0.00664863,0.357162
5.34422,-0.197651,-0.401575,-0.244056,0.357162
5.34447,-0.38227,-0.448819,-0.495712,0.357162
5.34472,-0.543562,-0.488189,-0.719835,0.357162
5.34497,-0.655783,-0.519685,-0.884979,0.357162
5.34522,-0.699705,-0.511811,-0.959252,0.357162
5.34547,-0.668244,-0.464567,-0.942044,0.357162
5.34572,-0.566835,-0.370079,-0.829648,0.357162
5.34597,-0.412936,-0.228346,-0.656052,0.357162
5.34622,-0.232024,-0.0393701,-0.450047,0.357162
5.34647,-0.0517045,0.165354,-0.223289,0.357162
5.34672,0.10336,0.362205,-0.0187557,0.357162
5.34697,0.216403,0.535433,0.146243,0.357162
5.34722,0.282181,0.629921,0.273167,0.357162
5.34747,0.306314,0.629921,0.35064,0.357162
5.34772,0.3029,0.629921,0.406693,0.357162
5.34797,0.290145,0.622047,0.439344,0.357162
5.34822,0.28493,0.488189,0.486241,0.357162
5.34847,0.298382,0.338583,0.53239,0.357162
5.34872,0.331881,0.181102,0.590405,0.357162
5.34897,0.377467,0.0393701,0.652083,0.357162
5.34922,0.418709,-0.0787402,0.684169,0.357162
5.34947,0.435856,-0.165354,0.670113,0.357162
5.34972,0.410547,-0.228346,0.606817,0.357162
5.34997,0.331297,-0.283465,0.464724,0.357162
5.35022,0.196699,-0.322835,0.259389,0.357162
5.35047,0.0180839,-0.377953,0.0105067,0.357162
5.35072,-0.183766,-0.433071,-0.263155,0.357162
5.35097,-0.380711,-0.496063,-0.530164,0.357162
5.35122,-0.544278,-0.535433,-0.751264,0.357162
5.35147,-0.650233,-0.559055,-0.894811,0.357162
5.35172,-0.68439,-0.535433,-0.951737,0.357162
5.35197,-0.645083,-0.456693,-0.913743,0.357162
5.35222,-0.543401,-0.322835,-0.803295,0.357162
5.35247,-0.400122,-0.149606,-0.635364,0.357162
5.35272,-0.240953,0.0472441,-0.436033,0.357162
5.35297,-0.0912891,0.251969,-0.250847,0.357162
5.35322,0.0294384,0.433071,-0.0806046,0.357162
5.35347,0.11178,0.574803,0.0607321,0.357162
5.35371,0.157406,0.629921,0.160521,0.357162
5.35396,0.176382,0.629921,0.23728,0.357162
5.35421,0.185761,0.598425,0.300642,0.357162
5.35446,0.202215,0.496063,0.369765,0.357162
5.35471,0.238555,0.362205,0.457693,0.357162
5.35496,0.298255,0.228346,0.542974,0.357162
5.35521,0.3755,0.102362,0.641492,0.357162
5.35546,0.454786,0.00787402,0.723282,0.357162
5.35571,0.515621,-0.0551181,0.76685,0.357162
5.35596,0.536283,-0.102362,0.756492,0.357162
5.35621,0.500624,-0.133858,0.659786,0.357162
5.35646,0.401544,-0.15748,0.505655,0.357162
5.35671,0.244628,-0.204724,0.274186,0.357162
5.35696,0.0465011,-0.251969,0.00602302,0.357162
5.35721,-0.16668,-0.314961,-0.273866,0.357162
5.35746,-0.365588,-0.377953,-0.522746,0.357162
5.35771,-0.522242,-0.425197,-0.725292,0.357162
5.35796,-0.616587,-0.448819,-0.837668,0.357162
5.35821,-0.640155,-0.425197,-0.865617,0.357162
5.35846,-0.596952,-0.362205,-0.817567,0.357162
5.35871,-0.502392,-0.244094,-0.698137,0.357162
5.35896,-0.378837,-0.0944882,-0.552379,0.357162
5.35921,-0.250953,0.0551181,-0.385962,0.357162
5.35946,-0.139435,0.220472,-0.2307,0.357162
5.35971,-0.0569115,0.338583,-0.105861,0.357162
5.35996,-0.00524844,0.417323,-0.0112969,0.357162
5.36021,0.0225945,0.440945,0.062855,0.357162
5.36046,0.041871,0.409449,0.119895,0.357162
5.36071,0.0692248,0.338583,0.186305,0.357162
5.36096,0.119167,0.23622,0.265824,0.357162
5.36121,0.197583,0.149606,0.36816,0.357162
5.36146,0.301302,0.0629921,0.481312,0.357162
5.36171,0.416637,0.00787402,0.603316,0.357162
5.36196,0.52272,-0.00787402,0.693638,0.357162
5.36221,0.595538,-0.015748,0.740474,0.357162
5.36246,0.614422,-0.00787402,0.733904,0.357162
5.36271,0.56637,0,0.635493,0.357162
5.36296,0.450315,-0.015748,0.472485,0.357162
5.36321,0.277362,-0.0472441,0.255767,0.357162
5.36346,0.0696343,-0.102362,0.00701916,0.357162
5.36371,-0.143866,-0.165354,-0.241376,0.357162
5.36396,-0.334022,-0.244094,-0.457454,0.357162
5.36421,-0.476055,-0.291339,-0.606212,0.357162
5.36446,-0.555511,-0.314961,-0.688438,0.357162
5.36471,-0.569504,-0.299213,-0.696809,0.357162
5.36496,-0.527605,-0.23622,-0.628689,0.357162
5.36521,-0.447914,-0.133858,-0.53577,0.357162
5.36546,-0.353174,-0.015748,-0.420293,0.357162
5.36571,-0.264152,0.0944882,-0.306817,0.357162
5.36596,-0.195662,0.19685,-0.221017,0.357162
5.36621,-0.152457,0.259843,-0.161647,0.357162
5.36646,-0.130078,0.275591,-0.114332,0.357162
5.36671,-0.114996,0.244094,-0.0842128,0.357162
5.36696,-0.0903011,0.181102,-0.0419706,0.357162
5.36721,-0.0404353,0.0944882,0.0226143,0.357162
5.36746,0.0440663,0.015748,0.1226,0.357162
5.36771,0.163053,-0.0393701,0.25087,0.357162
5.36796,0.305598,-0.0708661,0.393658,0.357162
5.36821,0.45136,-0.0708661,0.545853,0.357162
5.36846,0.575653,-0.0472441,0.651293,0.357162
5.36871,0.653406,-0.00787402,0.712808,0.357162
5.36896,0.666266,0.0314961,0.701126,0.357162
5.36921,0.606006,0.0551181,0.61342,0.357162
5.36946,0.477378,0.0551181,0.464872,0.357162
5.36971,0.296742,0.0314961,0.257442,0.357162
5.36996,0.0905329,-0.00787402,0.0305299,0.357162
5.37021,-0.112337,-0.0708661,-0.185157,0.357162
5.37046,-0.284578,-0.125984,-0.358441,0.357162
5.37071,-0.406285,-0.165354,-0.475797,0.357162
5.37096,-0.469039,-0.173228,-0.522567,0.357162
5.37121,-0.476426,-0.133858,-0.515419,0.357162
5.37146,-0.44188,-0.0708661,-0.472288,0.357162
5.37171,-0.385148,0.00787402,-0.4005,0.357162
5.37195,-0.32651,0.0944882,-0.333372,0.357162
5.3722,-0.281679,0.165354,-0.272287,0.357162
5.37245,-0.258231,0.204724,-0.244266,0.357162
5.3727,-0.253614,0.204724,-0.236222,0.357162
5.37295,-0.256035,0.15748,-0.232791,0.357162
5.3732,-0.248385,0.0866142,-0.224289,0.357162
5.37345,-0.213785,0,-0.178219,0.357162
5.3737,-0.139002,-0.0944882,-0.0985494,0.357162
5.37395,-0.0204385,-0.15748,0.0286311,0.357162
5.3742,0.134765,-0.19685,0.184032,0.357162
5.37445,0.308342,-0.188976,0.355609,0.357162
5.3747,0.47568,-0.15748,0.516406,0.357162
5.37495,0.609211,-0.0944882,0.636086,0.357162
5.3752,0.685436,-0.0314961,0.69062,0.357162
5.37545,0.689491,0.023622,0.674063,0.357162
5.3757,0.618959,0.0629921,0.578483,0.357162
5.37595,0.48381,0.0708661,0.426762,0.357162
5.3762,0.305688,0.0551181,0.233992,0.357162
5.37645,0.111619,0.015748,0.0409301,0.357162
5.3767,-0.0702145,-0.015748,-0.142742,0.357162
5.37695,-0.216609,-0.0393701,-0.274075,0.357162
5.3772,-0.314218,-0.0472441,-0.353716,0.357162
5.37745,-0.361128,-0.015748,-0.386874,0.357162
5.3777,-0.366132,0.0314961,-0.361676,0.357162
5.37795,-0.345585,0.102362,-0.325283,0.357162
5.3782,-0.318594,0.173228,-0.285091,0.357162
5.37845,-0.301532,0.228346,-0.255141,0.357162
5.3787,-0.303724,0.251969,-0.256111,0.357162
5.37895,-0.324869,0.23622,-0.267876,0.357162
5.3792,-0.354812,0.173228,-0.296532,0.357162
5.37945,-0.376577,0.0787402,-0.320196,0.357162
5.3797,-0.371466,-0.023622,-0.318481,0.357162
5.37995,-0.322819,-0.141732,-0.265888,0.357162
5.3802,-0.222297,-0.23622,-0.177454,0.357162
5.38045,-0.0729957,-0.307087,-0.03141,0.357162
5.3807,0.111081,-0.322835,0.144301,0.357162
5.38095,0.306695,-0.299213,0.31831,0.357162
5.3812,0.485346,-0.244094,0.479939,0.357162
5.38145,0.619659,-0.165354,0.589111,0.357162
5.3817,0.688847,-0.0866142,0.636846,0.357162
5.38195,0.683364,-0.023622,0.604137,0.357162
5.3822,0.606195,0.00787402,0.505143,0.357162
5.38245,0.472872,0.023622,0.357817,0.357162
5.3827,0.306921,0.023622,0.187289,0.357162
5.38295,0.135664,0.015748,0.0281458,0.357162
5.3832,-0.0161029,0.00787402,-0.108248,0.357162
5.38345,-0.131364,0.023622,-0.193331,0.357162
5.3837,-0.203755,0.0629921,-0.238549,0.357162
5.38395,-0.236996,0.125984,-0.238305,0.357162
5.3842,-0.244754,0.204724,-0.211277,0.357162
5.38445,-0.24439,0.283465,-0.1848,0.357162
5.3847,-0.252598,0.338583,-0.170947,0.357162
5.38495,-0.280258,0.370079,-0.184243,0.357162
5.3852,-0.329328,0.346457,-0.226157,0.357162
5.38545,-0.391495,0.275591,-0.288195,0.357162
5.3857,-0.450441,0.165354,-0.346974,0.357162
5.38595,-0.485771,0.023622,-0.377484,0.357162
5.3862,-0.477553,-0.11811,-0.383823,0.357162
5.38645,-0.412624,-0.244094,-0.322909,0.357162
5.3867,-0.288443,-0.346457,-0.216533,0.357162
5.38695,-0.114154,-0.401575,-0.0579021,0.357162
5.3872,0.0905015,-0.409449,0.117996,0.357162
5.38745,0.297167,-0.370079,0.295945,0.357162
5.3877,0.476989,-0.314961,0.437065,0.357162
5.38795,0.604243,-0.23622,0.528287,0.357162
5.3882,0.66298,-0.15748,0.550674,0.357162
5.38845,0.648846,-0.102362,0.509812,0.357162
5.3887,0.570806,-0.0629921,0.40862,0.357162
5.38895,0.447464,-0.0393701,0.282704,0.357162
5.3892,0.303999,-0.023622,0.142537,0.357162
5.38945,0.164935,0,0.0212341,0.357162
5.3897,0.0497068,0.023622,-0.066929,0.357162
5.38995,-0.0316041,0.0866142,-0.109689,0.357162
5.39019,-0.0790955,0.173228,-0.106991,0.357162
5.39044,-0.102729,0.259843,-0.0905569,0.357162
5.39069,-0.118779,0.354331,-0.0637407,0.357162
5.39094,-0.143958,0.433071,-0.0617663,0.357162
5.39119,-0.190728,0.472441,-0.0800976,0.357162
5.39144,-0.263423,0.464567,-0.128831,0.357162
5.39169,-0.35638,0.401575,-0.206398,0.357162
5.39194,-0.45395,0.299213,-0.297143,0.357162
5.39219,-0.535128,0.15748,-0.381012,0.357162
5.39244,-0.577014,-0.00787402,-0.42571,0.357162
5.39269,-0.561614,-0.165354,-0.425059,0.357162
5.39294,-0.480366,-0.291339,-0.36476,0.357162
5.39319,-0.336319,-0.385827,-0.246424,0.357162
5.39344,-0.144455,-0.433071,-0.083453,0.357162
5.39369,0.0695418,-0.433071,0.088705,0.357162
5.39394,0.276437,-0.409449,0.253909,0.357162
5.39419,0.447911,-0.354331,0.37411,0.357162
5.39444,0.562251,-0.299213,0.445754,0.357162
5.39469,0.608472,-0.251969,0.451157,0.357162
5.39494,0.58877,-0.212598,0.403143,0.357162
5.39519,0.516438,-0.173228,0.317851,0.357162
5.39544,0.412222,-0.149606,0.204446,0.357162
5.39569,0.300124,-0.110236,0.104598,0.357162
5.39594,0.200364,-0.0551181,0.033098,0.357162
5.39619,0.125766,0.015748,-0.00179926,0.357162
5.39644,0.0793141,0.125984,-0.00622942,0.357162
5.39669,0.0539082,0.244094,0.0181977,0.357162
5.39694,0.034601,0.370079,0.0396399,0.357162
5.39719,0.00521839,0.480315,0.0544247,0.357162
5.39744,-0.0491841,0.559055,0.04785,0.357162
5.39769,-0.135501,0.582677,-0.0157764,0.357162
5.39794,-0.251027,0.559055,-0.104601,0.357162
5.39819,-0.381991,0.472441,-0.208687,0.357162
5.39844,-0.507592,0.330709,-0.328636,0.357162
5.39869,-0.602775,0.165354,-0.418789,0.357162
5.39894,-0.645297,0,-0.466078,0.357162
5.39919,-0.620326,-0.15748,-0.451553,0.357162
5.39944,-0.524247,-0.283465,-0.375169,0.357162
5.39969,-0.366018,-0.370079,-0.248398,0.357162
5.39994,-0.166829,-0.417323,-0.0867471,0.357162
5.40019,0.0457558,-0.433071,0.0822323,0.357162
5.40044,0.242528,-0.417323,0.218064,0.357162
5.40069,0.397239,-0.393701,0.322245,0.357162
5.40094,0.493916,-0.370079,0.367438,0.357162
5.40119,0.528074,-0.354331,0.352139,0.357162
5.40144,0.507244,-0.338583,0.304141,0.357162
5.40169,0.447606,-0.314961,0.22141,0.357162
5.40194,0.371012,-0.275591,0.141031,0.357162
5.40219,0.297557,-0.212598,0.0785692,0.357162
5.40244,0.242108,-0.125984,0.0509865,0.357162
5.40269,0.209874,-0.00787402,0.0555839,0.357162
5.40294,0.196364,0.133858,0.0831462,0.357162
5.40319,0.188128,0.291339,0.118432,0.357162
5.40344,0.168737,0.440945,0.153281,0.357162
5.40369,0.121347,0.566929,0.152063,0.357162
5.40394,0.0356477,0.629921,0.109361,0.357162
5.40419,-0.0886213,0.629921,0.0283952,0.357162
5.40444,-0.241345,0.614173,-0.0945226,0.357162
5.40469,-0.402876,0.511811,-0.220076,0.357162
5.40494,-0.547338,0.370079,-0.342947,0.357162
5.40519,-0.648817,0.204724,-0.428871,0.357162
5.40544,-0.687007,0.0393701,-0.468763,0.357162
5.40569,-0.651239,-0.0944882,-0.442007,0.357162
5.40594,-0.543928,-0.212598,-0.352609,0.357162
5.40619,-0.379972,-0.299213,-0.222447,0.357162
5.40644,-0.183577,-0.354331,-0.071272,0.357162
5.40669,0.0168539,-0.377953,0.0763617,0.357162
5.40694,0.193021,-0.401575,0.187963,0.357162
5.40719,0.324681,-0.417323,0.260914,0.357162
5.40744,0.40169,-0.433071,0.272309,0.357162
5.40769,0.426027,-0.448819,0.253793,0.357162
5.40794,0.409066,-0.456693,0.190124,0.357162
5.40819,0.369834,-0.448819,0.134999,0.357162
5.40843,0.327699,-0.409449,0.0855398,0.357162
5.40868,0.29841,-0.322835,0.0645547,0.357162
5.40893,0.289358,-0.204724,0.0707692,0.357162
5.40918,0.298281,-0.0472441,0.108907,0.357162
5.40943,0.313252,0.125984,0.17006,0.357162
5.40968,0.317564,0.307087,0.220648,0.357162
5.40993,0.292474,0.472441,0.244752,0.357162
5.41018,0.224157,0.606299,0.224301,0.357162
5.41043,0.108076,0.629921,0.151375,0.357162
5.41068,-0.0498165,0.629921,0.0458157,0.357162
5.41093,-0.232583,0.629921,-0.0962595,0.357162
5.41118,-0.415025,0.535433,-0.236025,0.357162
5.41143,-0.568941,0.409449,-0.354,0.357162
5.41168,-0.6695,0.267717,-0.435478,0.357162
5.41193,-0.699563,0.11811,-0.459696,0.357162
5.41218,-0.654145,0,-0.412935,0.357162
5.41243,-0.541402,-0.102362,-0.31696,0.357162
5.41268,-0.3805,-0.181102,-0.193525,0.357162
5.41293,-0.197278,-0.251969,-0.0572222,0.357162
5.41318,-0.0201741,-0.307087,0.0614232,0.357162
5.41343,0.127814,-0.370079,0.147763,0.357162
5.41368,0.232341,-0.425197,0.18933,0.357162
5.41393,0.289619,-0.488189,0.184129,0.357162
5.41418,0.30715,-0.543307,0.151225,0.357162
5.41443,0.300579,-0.574803,0.0989661,0.357162
5.41468,0.288232,-0.574803,0.0532947,0.357162
5.41493,0.285879,-0.527559,0.0396,0.357162
5.41518,0.303212,-0.425197,0.0588923,0.357162
5.41543,0.339951,-0.275591,0.108732,0.357162
5.41568,0.386011,-0.102362,0.177776,0.357162
5.41593,0.424272,0.0944882,0.245057,0.357162
5.41618,0.434919,0.291339,0.297428,0.357162
5.41643,0.399947,0.464567,0.30441,0.357162
5.41668,0.310148,0.590551,0.268476,0.357162
5.41693,0.16636,0.629921,0.169227,0.357162
5.41718,-0.0186642,0.629921,0.0439762,0.357162
5.41743,-0.221846,0.622047,-0.109345,0.357162
5.41768,-0.414638,0.535433,-0.24738,0.357162
5.41793,-0.569014,0.417323,-0.359667,0.357162
5.41818,-0.662311,0.307087,-0.416937,0.357162
5.41843,-0.682499,0.188976,-0.424938,0.357162
5.41868,-0.630348,0.0944882,-0.365216,0.357162
5.41893,-0.519055,0.00787402,-0.267337,0.357162
5.41918,-0.370607,-0.0551181,-0.153888,0.357162
5.41943,-0.211587,-0.133858,-0.0331259,0.357162
5.41968,-0.0662658,-0.212598,0.0464488,0.357162
5.41993,0.0479167,-0.299213,0.0993718,0.357162
5.42018,0.122949,-0.393701,0.101836,0.357162
5.42043,0.162218,-0.480315,0.0769911,0.357162
5.42068,0.178442,-0.559055,0.0362781,0.357162
5.42093,0.187933,-0.606299,0.00227128,0.357162
5.42118,0.207307,-0.614173,-0.011658,0.357162
5.42143,0.247893,-0.566929,0.0133082,0.357162
5.42168,0.311781,-0.464567,0.0647203,0.357162
5.42193,0.390708,-0.314961,0.152237,0.357162
5.42218,0.46821,-0.133858,0.243527,0.357162
5.42243,0.523046,0.0472441,0.326778,0.357162
5.42268,0.534187,0.228346,0.373445,0.357162
5.42293,0.486941,0.377953,0.363726,0.357162
5.42318,0.376437,0.488189,0.3084,0.357162
5.42343,0.210029,0.551181,0.190156,0.357162
5.42368,0.00690521,0.559055,0.0402881,0.357162
5.42393,-0.205839,0.527559,-0.109823,0.408484
5.42418,-0.398753,0.464567,-0.249787,0.408484
5.42443,-0.545063,0.393701,-0.357614,0.408484
5.42468,-0.626461,0.322835,-0.397668,0.408484
5.42493,-0.636789,0.251969,-0.390236,0.408484
5.42518,-0.582611,0.188976,-0.331066,0.408484
5.42543,-0.480611,0.125984,-0.24013,0.408484
5.42568,-0.354596,0.0708661,-0.144241,0.408484
5.42593,-0.22849,-0.00787402,-0.0557612,0.408484
5.42618,-0.121553,-0.110236,0.00149607,0.408484
5.42642,-0.0449668,-0.220472,0.0165578,0.408484
5.42667,0.00109861,-0.346457,0.0100173,0.408484
5.42692,0.0264547,-0.456693,-0.0221245,0.408484
5.42717,0.0459946,-0.551181,-0.0517519,0.408484
5.42742,0.0766009,-0.606299,-0.0674837,0.408484
5.42767,0.131478,-0.606299,-0.0486357,0.408484
5.42792,0.215397,-0.566929,0.0208981,0.408484
5.42817,0.322519,-0.464567,0.116089,0.408484
5.42842,0.437784,-0.314961,0.222203,0.408484
5.42867,0.539501,-0.149606,0.330302,0.408484
5.42892,0.603638,0.015748,0.409032,0.408484
5.42917,0.610778,0.165354,0.44586,0.408484
5.42942,0.549807,0.291339,0.410547,0.408484
5.42967,0.421759,0.377953,0.327475,0.408484
5.42992,0.24038,0.425197,0.190325,0.408484
5.43017,0.0294889,0.440945,0.0344815,0.408484
5.43042,-0.182208,0.425197,-0.119373,0.408484
5.43067,-0.364852,0.393701,-0.254215,0.408484
5.43092,-0.495952,0.362205,-0.343465,0.408484
5.43117,-0.562855,0.330709,-0.364773,0.408484
5.43142,-0.565528,0.299213,-0.350012,0.408484
5.43167,-0.514811,0.275591,-0.283817,0.408484
5.43192,-0.430714,0.228346,-0.208105,0.408484
5.43217,-0.335566,0.165354,-0.132916,0.408484
5.43242,-0.249486,0.0787402,-0.078699,0.408484
5.43267,-0.185651,-0.0314961,-0.0617976,0.408484
5.43292,-0.147238,-0.165354,-0.0686933,0.408484
5.43317,-0.127084,-0.299213,-0.0952771,0.408484
5.43342,-0.111536,-0.425197,-0.123964,0.408484
5.43367,-0.083438,-0.519685,-0.140585,0.408484
5.43392,-0.0273326,-0.574803,-0.121352,0.408484
5.43417,0.0639325,-0.574803,-0.0651667,0.408484
5.43442,0.188414,-0.519685,0.0360904,0.408484
5.43467,0.333173,-0.425197,0.158173,0.408484
5.43492,0.477162,-0.291339,0.289751,0.408484
5.43517,0.594355,-0.149606,0.400083,0.408484
5.43542,0.661149,-0.015748,0.477005,0.408484
5.43567,0.660559,0.102362,0.482531,0.408484
5.43592,0.586784,0.19685,0.43976,0.408484
5.43617,0.44676,0.267717,0.327408,0.408484
5.43642,0.259494,0.299213,0.185385,0.408484
5.43667,0.0514658,0.314961,0.0296399,0.408484
5.43692,-0.147577,0.314961,-0.115449,0.408484
5.43717,-0.311386,0.322835,-0.236236,0.408484
5.43742,-0.422586,0.330709,-0.293585,0.408484
5.43767,-0.474416,0.338583,-0.311646,0.408484
5.43792,-0.472703,0.338583,-0.283192,0.408484
5.43817,-0.4323,0.330709,-0.234699,0.408484
5.43842,-0.373809,0.291339,-0.171273,0.408484
5.43867,-0.316665,0.228346,-0.130184,0.408484
5.43892,-0.275673,0.141732,-0.114502,0.408484
5.43917,-0.256103,0.015748,-0.124173,0.408484
5.43942,-0.253908,-0.11811,-0.163997,0.408484
5.43967,-0.255851,-0.259843,-0.202605,0.408484
5.43992,-0.244752,-0.377953,-0.235075,0.408484
5.44017,-0.203012,-0.472441,-0.226275,0.408484
5.44042,-0.120039,-0.511811,-0.184179,0.408484
5.44067,0.00621904,-0.511811,-0.0840863,0.408484
5.44092,0.166302,-0.456693,0.0491439,0.408484
5.44117,0.341093,-0.370079,0.1945,0.408484
5.44142,0.503972,-0.259843,0.34309,0.408484
5.44167,0.628318,-0.141732,0.44836,0.408484
5.44192,0.691911,-0.0393701,0.516135,0.408484
5.44217,0.681829,0.0393701,0.514581,0.408484
5.44242,0.598005,0.102362,0.441119,0.408484
5.44267,0.453179,0.141732,0.334995,0.408484
5.44292,0.269759,0.173228,0.181386,0.408484
5.44317,0.0759233,0.204724,0.0356052,0.408484
5.44342,-0.100615,0.228346,-0.0966031,0.408484
5.44367,-0.238851,0.259843,-0.180215,0.408484
5.44392,-0.32679,0.291339,-0.2259,0.408484
5.44417,-0.364924,0.330709,-0.233987,0.408484
5.44442,-0.363572,0.354331,-0.210592,0.408484
5.44466,-0.340539,0.362205,-0.176262,0.408484
5.44491,-0.314182,0.330709,-0.148948,0.408484
5.44516,-0.300346,0.267717,-0.135228,0.408484
5.44541,-0.306376,0.165354,-0.165957,0.408484
5.44566,-0.330176,0.0393701,-0.211091,0.408484
5.44591,-0.360022,-0.0866142,-0.265236,0.408484
5.44616,-0.378502,-0.220472,-0.311473,0.408484
5.44641,-0.36596,-0.330709,-0.33339,0.408484
5.44666,-0.308005,-0.409449,-0.30128,0.408484
5.44691,-0.198018,-0.433071,-0.230599,0.408484
5.44716,-0.0405915,-0.417323,-0.10308,0.408484
5.44741,0.147765,-0.370079,0.0605142,0.408484
5.44766,0.342228,-0.291339,0.227539,0.408484
5.44791,0.5144,-0.204724,0.377549,0.408484
5.44816,0.637995,-0.125984,0.487442,0.408484
5.44841,0.693591,-0.0629921,0.527511,0.408484
5.44866,0.674031,-0.015748,0.512097,0.408484
5.44891,0.584933,0.00787402,0.442465,0.408484
5.44916,0.443552,0.0314961,0.324652,0.408484
5.44941,0.274531,0.0551181,0.183059,0.408484
5.44966,0.105361,0.0944882,0.0604269,0.408484
5.44991,-0.0408679,0.133858,-0.0449069,0.408484
5.45016,-0.148212,0.188976,-0.11023,0.408484
5.45041,-0.212502,0.259843,-0.144772,0.408484
5.45066,-0.239995,0.314961,-0.14596,0.408484
5.45091,-0.24485,0.354331,-0.124874,0.408484
5.45116,-0.244763,0.354331,-0.118381,0.408484
5.45141,-0.256028,0.330709,-0.123066,0.408484
5.45166,-0.287914,0.259843,-0.157702,0.408484
5.45191,-0.340333,0.165354,-0.215694,0.408484
5.45216,-0.403353,0.0472441,-0.292788,0.408484
5.45241,-0.459582,-0.0629921,-0.369168,0.408484
5.45266,-0.487966,-0.173228,-0.412568,0.408484
5.45291,-0.469919,-0.259843,-0.42539,0.408484
5.45316,-0.393972,-0.307087,-0.365504,0.408484
5.45341,-0.259153,-0.307087,-0.259927,0.408484
5.45366,-0.0773051,-0.291339,-0.105825,0.408484
5.45391,0.129633,-0.244094,0.0715389,0.408484
5.45416,0.333676,-0.188976,0.247833,0.408484
5.45441,0.505415,-0.141732,0.393487,0.408484
5.45466,0.620744,-0.102362,0.496714,0.408484
5.45491,0.665683,-0.0787402,0.536945,0.408484
5.45516,0.6387,-0.0708661,0.510563,0.408484
5.45541,0.550556,-0.0629921,0.435013,0.408484
5.45566,0.421521,-0.0629921,0.31659,0.408484
5.45591,0.276977,-0.0393701,0.19783,0.408484
5.45616,0.141029,0,0.10082,0.408484
5.45641,0.0317684,0.0472441,0.0222541,0.408484
5.45666,-0.0426991,0.125984,-0.0256974,0.408484
5.45691,-0.0848495,0.19685,-0.0417905,0.408484
5.45716,-0.105896,0.259843,-0.0384293,0.408484
5.45741,-0.122411,0.299213,-0.0449261,0.408484
5.45766,-0.150679,0.307087,-0.0698447,0.408484
5.45791,-0.202422,0.275591,-0.114675,0.408484
5.45816,-0.279673,0.212598,-0.186891,0.408484
5.45841,-0.374779,0.125984,-0.286772,0.408484
5.45866,-0.471,0.0314961,-0.390243,0.408484
5.45891,-0.546507,-0.0551181,-0.473735,0.408484
5.45916,-0.578861,-0.125984,-0.520241,0.408484
5.45941,-0.55168,-0.173228,-0.498148,0.408484
5.45966,-0.457858,-0.188976,-0.421418,0.408484
5.45991,-0.303459,-0.173228,-0.287436,0.408484
5.46016,-0.105519,-0.141732,-0.117429,0.408484
5.46041,0.109688,-0.110236,0.0831882,0.408484
5.46066,0.312126,-0.0787402,0.256935,0.408484
5.46091,0.474119,-0.0629921,0.407322,0.408484
5.46116,0.576064,-0.0551181,0.492987,0.408484
5.46141,0.609591,-0.0708661,0.513359,0.408484
5.46166,0.578743,-0.0944882,0.487984,0.408484
5.46191,0.49853,-0.11811,0.415207,0.408484
5.46216,0.391214,-0.11811,0.326279,0.408484
5.46241,0.280023,-0.110236,0.227034,0.408484
5.46266,0.184273,-0.0629921,0.152624,0.408484
5.4629,0.115173,-0.00787402,0.109744,0.408484
5.46315,0.073364,0.0551181,0.0769229,0.408484
5.4634,0.0502542,0.125984,0.0753711,0.408484
5.46365,0.0305153,0.181102,0.059949,0.408484
5.4639,-0.00281819,0.212598,0.0330768,0.408484
5.46415,-0.0629023,0.212598,-0.0194281,0.408484
5.4644,-0.155197,0.173228,-0.117087,0.408484
5.46465,-0.274749,0.11811,-0.228794,0.408484
5.4649,-0.406565,0.0472441,-0.35957,0.408484
5.46515,-0.52839,-0.00787402,-0.481764,0.408484
5.4654,-0.615295,-0.0629921,-0.570466,0.408484
5.46565,-0.646074,-0.0944882,-0.601178,0.408484
5.4659,-0.607622,-0.0944882,-0.571922,0.408484
5.46615,-0.498926,-0.0708661,-0.473939,0.408484
5.4664,-0.331343,-0.0393701,-0.312098,0.408484
5.46665,-0.127184,0,-0.121943,0.408484
5.4669,0.084757,0.0314961,0.071081,0.408484
5.46715,0.275053,0.0472441,0.249154,0.408484
5.4674,0.420086,0.0314961,0.379351,0.408484
5.46765,0.505045,0,0.45609,0.408484
5.4679,0.528019,-0.0393701,0.479781,0.408484
5.46815,0.498222,-0.0866142,0.459182,0.408484
5.4684,0.433982,-0.11811,0.394346,0.408484
5.46865,0.356538,-0.141732,0.334661,0.408484
5.4689,0.285601,-0.133858,0.27485,0.408484
5.46915,0.234284,-0.0944882,0.236591,0.408484
5.4694,0.206256,-0.0472441,0.217128,0.408484
5.46965,0.194835,0,0.203258,0.408484
5.4699,0.186011,0.0551181,0.199333,0.408484
5.47015,0.162312,0.0866142,0.170395,0.408484
5.4704,0.108349,0.0944882,0.114912,0.408484
5.47065,0.0153776,0.0787402,0.014516,0.408484
5.4709,-0.115524,0.0393701,-0.117818,0.408484
5.47115,-0.271578,-0.00787402,-0.269989,0.408484
5.4714,-0.431957,-0.0551181,-0.437834,0.408484
5.47165,-0.570206,-0.0866142,-0.571724,0.408484
5.4719,-0.661326,-0.0944882,-0.659558,0.408484
5.47215,-0.686034,-0.0708661,-0.681952,0.408484
5.4724,-0.636443,-0.0314961,-0.633628,0.408484
5.47265,-0.516952,0.023622,-0.510604,0.408484
5.4729,-0.344874,0.0866142,-0.341753,0.408484
5.47315,-0.145372,0.141732,-0.144267,0.408484
5.4734,0.0521335,0.173228,0.0434188,0.408484
5.47365,0.221531,0.173228,0.212354,0.408484
5.4739,0.3434,0.141732,0.327805,0.408484
5.47415,0.410065,0.0866142,0.402014,0.408484
5.4744,0.425233,0.0314961,0.427655,0.408484
5.47465,0.402906,-0.023622,0.412705,0.408484
5.4749,0.361688,-0.0787402,0.380723,0.408484
5.47515,0.320903,-0.0944882,0.351999,0.408484
5.4754,0.295106,-0.102362,0.330847,0.408484
5.47565,0.289929,-0.0866142,0.32541,0.408484
5.4759,0.30103,-0.0551181,0.340053,0.408484
5.47615,0.315519,-0.0314961,0.342831,0.408484
5.4764,0.315505,-0.015748,0.334429,0.408484
5.47665,0.283219,-0.023622,0.285599,0.408484
5.4769,0.206288,-0.0551181,0.195133,0.408484
5.47715,0.0813084,-0.0944882,0.0611506,0.408484
5.4774,-0.0827679,-0.133858,-0.123274,0.408484
5.47765,-0.26753,-0.181102,-0.312233,0.408484
5.4779,-0.446632,-0.204724,-0.495774,0.408484
5.47815,-0.592572,-0.19685,-0.641056,0.408484
5.4784,-0.68079,-0.15748,-0.731878,0.408484
5.47865,-0.696768,-0.0866142,-0.740601,0.408484
5.4789,-0.63775,0,-0.675997,0.408484
5.47915,-0.514265,0.102362,-0.557846,0.408484
5.4794,-0.347135,0.188976,-0.383606,0.408484
5.47965,-0.163126,0.259843,-0.195801,0.408484
5.4799,0.0103213,0.299213,-0.0173455,0.408484
5.48015,0.150963,0.299213,0.142052,0.408484
5.4804,0.246371,0.267717,0.247083,0.408484
5.48065,0.295654,0.212598,0.323562,0.408484
5.4809,0.307316,0.149606,0.348546,0.408484
5.48114,0.29823,0.0787402,0.361447,0.408484
5.48139,0.286447,0.0314961,0.374973,0.408484
5.48164,0.287526,0,0.38308,0.408484
5.48189,0.308759,-0.00787402,0.415909,0.408484
5.48214,0.348298,-0.015748,0.448548,0.408484
5.48239,0.394283,-0.023622,0.484618,0.408484
5.48264,0.429045,-0.0472441,0.501275,0.408484
5.48289,0.4322,-0.0866142,0.475838,0.408484
5.48314,0.387621,-0.141732,0.407793,0.408484
5.48339,0.287076,-0.212598,0.28154,0.408484
5.48364,0.134322,-0.283465,0.0991932,0.408484
5.48389,-0.0560011,-0.354331,-0.12083,0.408484
5.48414,-0.259566,-0.385827,-0.337577,0.408484
5.48439,-0.447201,-0.393701,-0.53794,0.408484
5.48464,-0.59161,-0.346457,-0.699635,0.408484
5.48489,-0.671724,-0.267717,-0.782061,0.408484
5.48514,-0.677967,-0.149606,-0.795356,0.408484
5.48539,-0.613508,-0.015748,-0.728816,0.408484
5.48564,-0.49349,0.11811,-0.603768,0.408484
5.48589,-0.340907,0.244094,-0.437416,0.408484
5.48614,-0.18271,0.330709,-0.264533,0.408484
5.48639,-0.0421097,0.385827,-0.101366,0.408484
5.48664,0.0647779,0.401575,0.0352954,0.408484
5.48689,0.132855,0.393701,0.140555,0.408484
5.48714,0.166614,0.346457,0.211519,0.408484
5.48739,0.180054,0.307087,0.262398,0.408484
5.48764,0.19031,0.259843,0.307036,0.408484
5.48789,0.213149,0.220472,0.364991,0.408484
5.48814,0.258175,0.181102,0.424213,0.408484
5.48839,0.325728,0.141732,0.502636,0.408484
5.48864,0.40587,0.102362,0.581415,0.408484
5.48889,0.480978,0.0472441,0.636172,0.408484
5.48914,0.529051,-0.023622,0.666009,0.408484
5.48939,0.530022,-0.125984,0.626368,0.408484
5.48964,0.47097,-0.251969,0.525724,0.408484
5.48989,0.349135,-0.370079,0.368248,0.408484
5.49014,0.174216,-0.488189,0.151461,0.408484
5.49039,-0.0330376,-0.574803,-0.0959274,0.408484
5.49064,-0.244292,-0.614173,-0.34219,0.408484
5.49089,-0.430324,-0.598425,-0.560698,0.408484
5.49114,-0.565428,-0.527559,-0.72578,0.408484
5.49139,-0.633775,-0.409449,-0.81435,0.408484
5.49164,-0.63122,-0.259843,-0.820931,0.408484
5.49189,-0.566581,-0.0866142,-0.766729,0.408484
5.49214,-0.45817,0.0787402,-0.650497,0.408484
5.49239,-0.330356,0.220472,-0.504345,0.408484
5.49264,-0.2065,0.346457,-0.355992,0.408484
5.49289,-0.104936,0.425197,-0.223436,0.408484
5.49314,-0.0341015,0.472441,-0.104966,0.408484
5.49339,0.00708261,0.496063,-0.0107707,0.408484
5.49364,0.0298733,0.488189,0.0717171,0.408484
5.49389,0.0503429,0.480315,0.157811,0.408484
5.49414,0.084834,0.464567,0.243027,0.408484
5.49439,0.145008,0.440945,0.349527,0.408484
5.49464,0.233871,0.417323,0.474556,0.408484
5.49489,0.34403,0.362205,0.595614,0.408484
5.49514,0.458687,0.291339,0.71109,0.408484
5.49539,0.554993,0.181102,0.793071,0.408484
5.49564,0.609718,0.0314961,0.819548,0.408484
5.49589,0.604638,-0.125984,0.777634,0.408484
5.49614,0.530708,-0.314961,0.655443,0.408484
5.49639,0.391401,-0.496063,0.455208,0.408484
5.49664,0.202348,-0.629921,0.215924,0.408484
5.49689,-0.0109126,-0.629921,-0.0560591,0.408484
5.49714,-0.219119,-0.629921,-0.317247,0.408484
5.49739,-0.393855,-0.629921,-0.546801,0.408484
5.49764,-0.513568,-0.629921,-0.713392,0.408484
5.49789,-0.568086,-0.574803,-0.806188,0.408484
5.49814,-0.559574,-0.401575,-0.817695,0.408484
5.49839,-0.501021,-0.212598,-0.771769,0.408484
5.49864,-0.413137,-0.023622,-0.672438,0.408484
5.49889,-0.318239,0.133858,-0.559695,0.408484
5.49914,-0.235609,0.275591,-0.440532,0.408484
5.49938,-0.17654,0.385827,-0.340358,0.408484
5.49963,-0.142367,0.472441,-0.240861,0.408484
5.49988,-0.124477,0.543307,-0.16102,0.408484
5.50013,-0.107815,0.590551,-0.0702519,0.408484
5.50038,-0.0753518,0.629921,0.0324008,0.408484
5.50063,-0.0132011,0.629921,0.158846,0.408484
5.50088,0.0849773,0.629921,0.314493,0.408484
5.50113,0.214498,0.629921,0.4827,0.408484
5.50138,0.360851,0.598425,0.65848,0.408484
5.50163,0.501769,0.496063,0.806505,0.408484
5.50188,0.611273,0.338583,0.905138,0.408484
5.50213,0.666571,0.141732,0.937974,0.408484
5.50238,0.652367,-0.0787402,0.880172,0.408484
5.50263,0.565221,-0.314961,0.742281,0.408484
5.50288,0.414608,-0.551181,0.537493,0.408484
5.50313,0.221308,-0.629921,0.28097,0.408484
5.50338,0.0127769,-0.629921,0.00554146,0.408484
5.50363,-0.181574,-0.629921,-0.250043,0.408484
5.50388,-0.336563,-0.629921,-0.479569,0.408484
5.50413,-0.43661,-0.629921,-0.641178,0.408484
5.50438,-0.477897,-0.629921,-0.727194,0.408484
5.50463,-0.46743,-0.535433,-0.753275,0.408484
5.50488,-0.422178,-0.362205,-0.724497,0.408484
5.50513,-0.362502,-0.181102,-0.664614,0.408484
5.50538,-0.30749,-0.015748,-0.59931,0.408484
5.50563,-0.270372,0.133858,-0.521677,0.408484
5.50588,-0.254843,0.267717,-0.462599,0.408484
5.50613,-0.254355,0.385827,-0.397206,0.408484
5.50638,-0.255201,0.503937,-0.328312,0.408484
5.50663,-0.239639,0.622047,-0.236996,0.408484
5.50688,-0.191012,0.629921,-0.11284,0.408484
5.50713,-0.099545,0.629921,0.0516575,0.408484
5.50738,0.034078,0.629921,0.250428,0.408484
5.50763,0.198556,0.629921,0.461576,0.408484
5.50788,0.3731,0.629921,0.666106,0.408484
5.50813,0.530901,0.629921,0.838916,0.408484
5.50838,0.645463,0.503937,0.955651,0.408484
5.50863,0.695795,0.267717,0.981346,0.408484
5.50888,0.671559,0,0.920518,0.408484
5.50913,0.575001,-0.259843,0.78533,0.408484
5.50938,0.421039,-0.519685,0.579537,0.408484
5.50963,0.233476,-0.629921,0.323739,0.408484
5.50988,0.0408364,-0.629921,0.0660302,0.408484
5.51013,-0.129886,-0.629921,-0.171885,0.408484
5.51038,-0.259066,-0.629921,-0.366676,0.408484
5.51063,-0.337596,-0.629921,-0.51106,0.408484
5.51088,-0.367152,-0.629921,-0.598034,0.408484
5.51113,-0.360417,-0.629921,-0.642932,0.408484
5.51138,-0.335272,-0.503937,-0.641346,0.408484
5.51163,-0.310343,-0.354331,-0.629412,0.408484
5.51188,-0.299902,-0.204724,-0.601365,0.408484
5.51213,-0.309791,-0.0551181,-0.588575,0.408484
5.51238,-0.335703,0.0944882,-0.573536,0.408484
5.51263,-0.364825,0.251969,-0.549047,0.408484
5.51288,-0.378973,0.409449,-0.49312,0.408484
5.51313,-0.359061,0.566929,-0.400486,0.408484
5.51338,-0.291389,0.629921,-0.264632,0.408484
5.51363,-0.171823,0.629921,-0.0736822,0.408484
5.51388,-0.00732111,0.629921,0.156779,0.408484
5.51413,0.184501,0.629921,0.409318,0.408484
5.51438,0.376974,0.629921,0.636827,0.408484
5.51463,0.542032,0.629921,0.830435,0.408484
5.51488,0.653849,0.574803,0.956599,0.408484
5.51513,0.695676,0.338583,0.985588,0.408484
5.51538,0.662308,0.0708661,0.92816,0.408484
5.51563,0.561905,-0.173228,0.79626,0.408484
5.51588,0.413067,-0.401575,0.601887,0.408484
5.51613,0.242133,-0.566929,0.379181,0.408484
5.51638,0.0756818,-0.629921,0.148285,0.408484
5.51663,-0.0639778,-0.629921,-0.0558634,0.408484
5.51688,-0.163532,-0.629921,-0.229514,0.408484
5.51713,-0.220031,-0.629921,-0.356455,0.408484
5.51737,-0.241975,-0.606299,-0.44904,0.408484
5.51762,-0.244779,-0.527559,-0.50621,0.408484
5.51787,-0.245693,-0.456693,-0.548053,0.408484
5.51812,-0.260315,-0.377953,-0.580031,0.408484
5.51837,-0.296302,-0.299213,-0.609939,0.408484
5.51862,-0.35172,-0.212598,-0.646602,0.408484
5.51887,-0.414927,-0.102362,-0.668122,0.408484
5.51912,-0.467667,0.015748,-0.674049,0.408484
5.51937,-0.488516,0.173228,-0.626591,0.408484
5.51962,-0.460314,0.338583,-0.525274,0.408484
5.51987,-0.373024,0.496063,-0.371081,0.408484
5.52012,-0.228435,0.629921,-0.157624,0.408484
5.52037,-0.0397122,0.629921,0.0893265,0.408484
5.52062,0.168893,0.629921,0.348762,0.408484
5.52087,0.369016,0.629921,0.587902,0.408484
5.52112,0.53185,0.622047,0.778973,0.408484
5.52137,0.634753,0.472441,0.891031,0.408484
5.52162,0.665966,0.275591,0.926093,0.408484
5.52187,0.626382,0.0787402,0.875475,0.408484
5.52212,0.528676,-0.0944882,0.754941,0.408484
5.52237,0.394948,-0.244094,0.590431,0.408484
5.52262,0.250413,-0.346457,0.395236,0.408484
5.52287,0.118155,-0.393701,0.205667,0.408484
5.52312,0.015067,-0.409449,0.0414897,0.408484
5.52337,-0.0528778,-0.401575,-0.0937055,0.408484
5.52362,-0.0897814,-0.377953,-0.195654,0.408484
5.52387,-0.108904,-0.354331,-0.26611,0.427507
5.52412,-0.126307,-0.346457,-0.331741,0.427507
5.52437,-0.15842,-0.346457,-0.396007,0.427507
5.52462,-0.214892,-0.346457,-0.468548,0.427507
5.52487,-0.296494,-0.330709,-0.550416,0.427507
5.52512,-0.393274,-0.291339,-0.628564,0.427507
5.52537,-0.487537,-0.220472,-0.683868,0.427507
5.52562,-0.556367,-0.110236,-0.705702,0.427507
5.52587,-0.578598,0.015748,-0.683519,0.427507
5.52612,-0.539173,0.165354,-0.58729,0.427507
5.52637,-0.43341,0.322835,-0.438648,0.427507
5.52662,-0.268916,0.448819,-0.227897,0.427507
5.52687,-0.0657322,0.527559,0.0160081,0.427507
5.52712,0.149144,0.559055,0.26193,0.427507
5.52737,0.346225,0.511811,0.480056,0.427507
5.52762,0.4982,0.425197,0.64929,0.427507
5.52787,0.587585,0.299213,0.750321,0.427507
5.52812,0.608332,0.15748,0.783484,0.427507
5.52837,0.566976,0.023622,0.741719,0.427507
5.52862,0.479869,-0.0787402,0.646899,0.427507
5.52887,0.370138,-0.141732,0.518112,0.427507
5.52912,0.260385,-0.173228,0.378686,0.427507
5.52937,0.169127,-0.165354,0.251414,0.427507
5.52962,0.105364,-0.149606,0.141479,0.427507
5.52987,0.0681615,-0.125984,0.0560077,0.427507
5.53012,0.0467206,-0.11811,-0.0128404,0.427507
5.53037,0.0258848,-0.133858,-0.0719288,0.427507
5.53062,-0.011578,-0.181102,-0.142698,0.427507
5.53087,-0.0777644,-0.228346,-0.231364,0.427507
5.53112,-0.175833,-0.275591,-0.328371,0.427507
5.53137,-0.299046,-0.299213,-0.446634,0.427507
5.53162,-0.430907,-0.299213,-0.563972,0.427507
5.53187,-0.54796,-0.244094,-0.663263,0.427507
5.53212,-0.625805,-0.15748,-0.706721,0.427507
5.53237,-0.644407,-0.0393701,-0.702042,0.427507
5.53262,-0.592431,0.0866142,-0.618584,0.427507
5.53287,-0.471406,0.204724,-0.47925,0.427507
5.53312,-0.295166,0.307087,-0.283661,0.427507
5.53337,-0.0875018,0.346457,-0.0580722,0.427507
5.53362,0.122816,0.338583,0.171102,0.427507
5.53387,0.306205,0.283465,0.362183,0.427507
5.53412,0.440604,0.19685,0.514494,0.427507
5.53437,0.513978,0.0944882,0.598657,0.427507
5.53462,0.526102,0,0.619169,0.427507
5.53487,0.48827,-0.0629921,0.581513,0.427507
5.53512,0.419866,-0.0866142,0.515652,0.427507
5.53537,0.342177,-0.0866142,0.432696,0.427507
5.53561,0.274283,-0.0472441,0.341716,0.427507
5.53586,0.227417,0,0.281624,0.427507
5.53611,0.20312,0.0393701,0.223732,0.427507
5.53636,0.193402,0.0708661,0.182687,0.427507
5.53661,0.183334,0.0629921,0.146529,0.427507
5.53686,0.155056,0.023622,0.0988896,0.427507
5.53711,0.0939656,-0.0393701,0.0268675,0.427507
5.53736,-0.00647151,-0.11811,-0.0882282,0.427507
5.53761,-0.143137,-0.181102,-0.218488,0.427507
5.53786,-0.302136,-0.220472,-0.368196,0.427507
5.53811,-0.460263,-0.220472,-0.510906,0.427507
5.53836,-0.591473,-0.181102,-0.629403,0.427507
5.53861,-0.671369,-0.110236,-0.690475,0.427507
5.53886,-0.682428,-0.015748,-0.689157,0.427507
5.53911,-0.619,0.0708661,-0.622124,0.427507
5.53936,-0.488271,0.15748,-0.479595,0.427507
5.53961,-0.308812,0.19685,-0.298324,0.427507
5.53986,-0.107426,0.188976,-0.0962361,0.427507
5.54011,0.0866446,0.133858,0.0911156,0.427507
5.54036,0.248164,0.0551181,0.25668,0.427507
5.54061,0.360163,-0.0314961,0.375901,0.427507
5.54086,0.416621,-0.11811,0.443997,0.427507
5.54111,0.423459,-0.173228,0.449038,0.427507
5.54136,0.395964,-0.181102,0.433075,0.427507
5.54161,0.353414,-0.141732,0.387358,0.427507
5.54186,0.314673,-0.0708661,0.33927,0.427507
5.54211,0.29258,0.00787402,0.311009,0.427507
5.54236,0.291005,0.0944882,0.296563,0.427507
5.54261,0.303903,0.165354,0.286125,0.427507
5.54286,0.317296,0.19685,0.285498,0.427507
5.54311,0.312523,0.181102,0.267983,0.427507
5.54336,0.27238,0.133858,0.229813,0.427507
5.54361,0.186433,0.0629921,0.141681,0.427507
5.54386,0.05338,-0.00787402,0.0152001,0.427507
5.54411,-0.116604,-0.0708661,-0.140502,0.427507
5.54436,-0.302285,-0.102362,-0.305042,0.427507
5.54461,-0.477212,-0.0944882,-0.460105,0.427507
5.54486,-0.613929,-0.0551181,-0.582001,0.427507
5.54511,-0.689521,0,-0.639205,0.427507
5.54536,-0.691319,0.0708661,-0.645318,0.427507
5.54561,-0.619151,0.125984,-0.57558,0.427507
5.54586,-0.485583,0.141732,-0.446003,0.427507
5.54611,-0.312988,0.11811,-0.285311,0.427507
5.54636,-0.129154,0.0551181,-0.113869,0.427507
5.54661,0.0394242,-0.0314961,0.0490149,0.427507
5.54686,0.172488,-0.141732,0.174812,0.427507
5.54711,0.259,-0.244094,0.250673,0.427507
5.54736,0.299978,-0.307087,0.285182,0.427507
5.54761,0.306743,-0.322835,0.296872,0.427507
5.54786,0.295793,-0.283465,0.281473,0.427507
5.54811,0.285376,-0.204724,0.257984,0.427507
5.54836,0.289845,-0.0944882,0.254534,0.427507
5.54861,0.31503,0.023622,0.26693,0.427507
5.54886,0.356843,0.125984,0.303896,0.427507
5.54911,0.402269,0.19685,0.33318,0.427507
5.54936,0.432513,0.228346,0.363538,0.427507
5.54961,0.427791,0.212598,0.358046,0.427507
5.54986,0.373155,0.165354,0.318016,0.427507
5.55011,0.262389,0.110236,0.224166,0.427507
5.55036,0.100956,0.0551181,0.0909831,0.427507
5.55061,-0.0938759,0.023622,-0.0746031,0.427507
5.55086,-0.296526,0.023622,-0.248792,0.427507
5.55111,-0.478389,0.0551181,-0.407131,0.427507
5.55136,-0.611935,0.102362,-0.519888,0.427507
5.55161,-0.678613,0.15748,-0.57831,0.427507
5.55186,-0.670987,0.19685,-0.574804,0.427507
5.55211,-0.594701,0.204724,-0.501468,0.427507
5.55236,-0.466512,0.165354,-0.389835,0.427507
5.55261,-0.311149,0.0787402,-0.250238,0.427507
5.55286,-0.154462,-0.0393701,-0.116502,0.427507
5.55311,-0.0192083,-0.173228,0.00173998,0.427507
5.55336,0.080485,-0.307087,0.0827167,0.427507
5.55361,0.141166,-0.409449,0.128258,0.427507
5.55385,0.170285,-0.456693,0.149579,0.427507
5.5541,0.181778,-0.440945,0.143522,0.427507
5.55435,0.193118,-0.377953,0.145438,0.427507
5.5546,0.219783,-0.267717,0.150054,0.427507
5.55485,0.269293,-0.133858,0.189789,0.427507
5.5551,0.340182,-0.00787402,0.23592,0.427507
5.55535,0.420877,0.0944882,0.308005,0.427507
5.5556,0.492603,0.15748,0.36816,0.427507
5.55585,0.533283,0.188976,0.418229,0.427507
5.5561,0.523992,0.181102,0.423657,0.427507
5.55635,0.452777,0.15748,0.374138,0.427507
5.5566,0.319956,0.125984,0.277011,0.427507
5.55685,0.137162,0.11811,0.132878,0.427507
5.5571,-0.0728912,0.125984,-0.0430086,0.427507
5.55735,-0.282024,0.165354,-0.213928,0.427507
5.5576,-0.460097,0.228346,-0.357535,0.427507
5.55785,-0.583596,0.299213,-0.459705,0.427507
5.5581,-0.638507,0.346457,-0.50214,0.427507
5.55835,-0.623453,0.354331,-0.487726,0.427507
5.5586,-0.548839,0.307087,-0.420218,0.427507
5.55885,-0.435102,0.212598,-0.313828,0.427507
5.5591,-0.306263,0.0629921,-0.203033,0.427507
5.55935,-0.185397,-0.102362,-0.102193,0.427507
5.5596,-0.0892336,-0.267717,-0.0336009,0.427507
5.55985,-0.0246235,-0.417323,0.0152634,0.427507
5.5601,0.0124093,-0.511811,0.025204,0.427507
5.56035,0.0334517,-0.551181,0.0266467,0.427507
5.5606,0.0551421,-0.527559,0.0210704,0.427507
5.56085,0.093981,-0.448819,0.0309883,0.427507
5.5611,0.159553,-0.330709,0.0598011,0.427507
5.56135,0.253242,-0.19685,0.1223,0.427507
5.5616,0.365631,-0.0787402,0.208311,0.427507
5.56185,0.478761,0,0.305196,0.427507
5.5621,0.568997,0.0629921,0.389741,0.427507
5.56235,0.613898,0.0866142,0.443563,0.427507
5.5626,0.596065,0.0944882,0.439603,0.427507
5.56285,0.509298,0.0944882,0.392172,0.427507
5.5631,0.35919,0.11811,0.280277,0.427507
5.56335,0.163689,0.15748,0.138936,0.427507
5.5636,-0.0513196,0.220472,-0.0229258,0.427507
5.56385,-0.255083,0.314961,-0.18015,0.427507
5.5641,-0.4207,0.401575,-0.303072,0.427507
5.56435,-0.528867,0.480315,-0.385844,0.427507
5.5646,-0.571084,0.511811,-0.41232,0.427507
5.56485,-0.551788,0.488189,-0.384525,0.427507
5.5651,-0.486159,0.401575,-0.314263,0.427507
5.56535,-0.395321,0.267717,-0.236082,0.427507
5.5656,-0.301422,0.0787402,-0.156769,0.427507
5.56585,-0.2227,-0.11811,-0.0890166,0.427507
5.5661,-0.168397,-0.307087,-0.0591169,0.427507
5.56635,-0.138079,-0.464567,-0.0538443,0.427507
5.5666,-0.121692,-0.559055,-0.0740948,0.427507
5.56685,-0.103583,-0.582677,-0.0851914,0.427507
5.5671,-0.0662116,-0.551181,-0.0902213,0.427507
5.56735,0.00243406,-0.480315,-0.0638941,0.427507
5.5676,0.106947,-0.377953,-0.011771,0.427507
5.56785,0.241183,-0.267717,0.0860827,0.427507
5.5681,0.388521,-0.173228,0.194328,0.427507
5.56835,0.525348,-0.110236,0.310183,0.427507
5.5686,0.626275,-0.0708661,0.398992,0.427507
5.56885,0.669431,-0.0393701,0.452508,0.427507
5.5691,0.641502,-0.015748,0.448147,0.427507
5.56935,0.541462,0.00787402,0.383333,0.427507
5.5696,0.380941,0.0708661,0.278648,0.427507
5.56985,0.18259,0.173228,0.136244,0.427507
5.5701,-0.0254586,0.299213,-0.014047,0.427507
5.57035,-0.21394,0.425197,-0.14761,0.427507
5.5706,-0.359808,0.543307,-0.249188,0.427507
5.57085,-0.448762,0.629921,-0.30633,0.427507
5.5711,-0.479388,0.629921,-0.313731,0.427507
5.57135,-0.461105,0.606299,-0.273626,0.427507
5.5716,-0.411548,0.488189,-0.216505,0.427507
5.57185,-0.351274,0.314961,-0.152806,0.427507
5.57209,-0.298991,0.102362,-0.115815,0.427507
5.57234,-0.265836,-0.102362,-0.0945912,0.427507
5.57259,-0.253897,-0.291339,-0.0993652,0.427507
5.57284,-0.255036,-0.440945,-0.125002,0.427507
5.57309,-0.254158,-0.527559,-0.163792,0.427507
5.57334,-0.23336,-0.551181,-0.185582,0.427507
5.57359,-0.177257,-0.527559,-0.184891,0.427507
5.57384,-0.0777644,-0.472441,-0.135082,0.427507
5.57409,0.0630339,-0.393701,-0.0576874,0.427507
5.57434,0.231333,-0.330709,0.0588798,0.427507
5.57459,0.404677,-0.283465,0.1944,0.427507
5.57484,0.55621,-0.251969,0.312224,0.427507
5.57509,0.660203,-0.23622,0.407869,0.427507
5.57534,0.697039,-0.204724,0.444322,0.427507
5.57559,0.658735,-0.165354,0.430505,0.427507
5.57584,0.549962,-0.0866142,0.36253,0.427507
5.57609,0.387718,0.023622,0.250489,0.427507
5.57634,0.197013,0.165354,0.118791,0.427507
5.57659,0.00675453,0.338583,-0.0116459,0.427507
5.57684,-0.157737,0.503937,-0.123854,0.427507
5.57709,-0.277723,0.629921,-0.200482,0.427507
5.57734,-0.346456,0.629921,-0.229362,0.427507
5.57759,-0.368259,0.629921,-0.208693,0.427507
5.57784,-0.356612,0.629921,-0.174739,0.427507
5.57809,-0.329987,0.527559,-0.127463,0.427507
5.57834,-0.306966,0.346457,-0.0990024,0.427507
5.57859,-0.300182,0.141732,-0.0895552,0.427507
5.57884,-0.313677,-0.0472441,-0.102989,0.427507
5.57909,-0.34146,-0.220472,-0.147972,0.427507
5.57934,-0.369289,-0.346457,-0.205422,0.427507
5.57959,-0.378246,-0.417323,-0.257926,0.427507
5.57984,-0.350258,-0.440945,-0.276696,0.427507
5.58009,-0.273111,-0.425197,-0.256601,0.427507
5.58034,-0.144033,-0.393701,-0.187593,0.427507
5.58059,0.0272913,-0.370079,-0.0779209,0.427507
5.58084,0.221068,-0.346457,0.0610066,0.427507
5.58109,0.410745,-0.346457,0.202766,0.427507
5.58134,0.567623,-0.354331,0.334064,0.427507
5.58159,0.667318,-0.354331,0.420904,0.427507
5.58184,0.69505,-0.338583,0.450497,0.427507
5.58209,0.64821,-0.283465,0.42115,0.427507
5.58234,0.5371,-0.188976,0.347877,0.427507
5.58259,0.382132,-0.0472441,0.230395,0.427507
5.58284,0.209897,0.125984,0.108049,0.427507
5.58309,0.0468667,0.307087,-0.00636083,0.427507
5.58334,-0.0858902,0.480315,-0.0841971,0.427507
5.58359,-0.177094,0.614173,-0.13377,0.427507
5.58384,-0.226476,0.629921,-0.143055,0.427507
5.58409,-0.243496,0.629921,-0.125923,0.427507
5.58434,-0.244294,0.614173,-0.0899078,0.427507
5.58459,-0.247106,0.480315,-0.0671002,0.427507
5.58484,-0.265362,0.322835,-0.0707876,0.427507
5.58509,-0.305411,0.141732,-0.0986243,0.427507
5.58534,-0.36341,-0.015748,-0.149096,0.427507
5.58559,-0.426317,-0.141732,-0.225686,0.427507
5.58584,-0.474527,-0.228346,-0.29311,0.427507
5.58609,-0.487496,-0.275591,-0.33917,0.427507
5.58634,-0.448524,-0.283465,-0.353164,0.427507
5.58659,-0.350045,-0.291339,-0.304803,0.427507
5.58684,-0.195806,-0.283465,-0.214423,0.427507
5.58709,-0.00164199,-0.299213,-0.0761233,0.427507
5.58734,0.207846,-0.330709,0.0719332,0.427507
5.58759,0.403064,-0.370079,0.227592,0.427507
5.58784,0.55601,-0.409449,0.348633,0.427507
5.58809,0.646227,-0.433071,0.419926,0.427507
5.58834,0.663742,-0.417323,0.444681,0.427507
5.58859,0.612035,-0.362205,0.409166,0.427507
5.58884,0.505762,-0.244094,0.327298,0.427507
5.58909,0.367996,-0.0866142,0.21617,0.427507
5.58934,0.224156,0.0944882,0.116126,0.427507
5.58959,0.0965067,0.275591,0.0226805,0.427507
5.58984,-0.000385395,0.440945,-0.0285057,0.427507
5.59009,-0.0618201,0.566929,-0.0569617,0.427507
5.59033,-0.0943138,0.614173,-0.0488757,0.427507
5.59058,-0.111634,0.606299,-0.0362487,0.427507
5.59083,-0.13089,0.535433,-0.0158912,0.427507
5.59108,-0.167028,0.409449,-0.0263446,0.427507
5.59133,-0.228423,0.267717,-0.0534341,0.427507
5.59158,-0.313788,0.133858,-0.12407,0.427507
5.59183,-0.411677,0.023622,-0.206742,0.427507
5.59208,-0.502975,-0.0551181,-0.29627,0.427507
5.59233,-0.56467,-0.110236,-0.372951,0.427507
5.59258,-0.576251,-0.133858,-0.422973,0.427507
5.59283,-0.524319,-0.141732,-0.407261,0.427507
5.59308,-0.406687,-0.15748,-0.341095,0.427507
5.59333,-0.233363,-0.188976,-0.225628,0.427507
5.59358,-0.0255308,-0.23622,-0.0703828,0.427507
5.59383,0.188382,-0.307087,0.0890595,0.427507
5.59408,0.378524,-0.385827,0.238096,0.427507
5.59433,0.520064,-0.448819,0.351024,0.427507
5.59458,0.596694,-0.480315,0.405545,0.427507
5.59483,0.604984,-0.464567,0.414966,0.427507
5.59508,0.553377,-0.385827,0.366483,0.427507
5.59533,0.460404,-0.267717,0.291588,0.427507
5.59558,0.349019,-0.102362,0.204791,0.427507
5.59583,0.241633,0.0787402,0.126506,0.427507
5.59608,0.15496,0.251969,0.0687409,0.427507
5.59633,0.0966042,0.393701,0.0367232,0.427507
5.59658,0.0633073,0.488189,0.0341943,0.427507
5.59683,0.043438,0.519685,0.0501574,0.427507
5.59708,0.0204856,0.496063,0.0647599,0.427507
5.59733,-0.0215844,0.425197,0.0630745,0.427507
5.59758,-0.0935549,0.322835,0.0212319,0.427507
5.59783,-0.197364,0.220472,-0.0518277,0.427507
5.59808,-0.323647,0.125984,-0.152862,0.427507
5.59833,-0.454628,0.0629921,-0.266146,0.427507
5.59858,-0.566146,0.015748,-0.373707,0.427507
5.59883,-0.634346,0,-0.452868,0.427507
5.59908,-0.64016,0,-0.487389,0.427507
5.59933,-0.574951,-0.015748,-0.455752,0.427507
5.59958,-0.442032,-0.0472441,-0.372703,0.427507
5.59983,-0.257875,-0.102362,-0.23192,0.427507
5.60008,-0.0473116,-0.19685,-0.0745718,0.427507
5.60033,0.159691,-0.291339,0.0838493,0.427507
5.60058,0.33562,-0.385827,0.225408,0.427507
5.60083,0.459154,-0.456693,0.327204,0.427507
5.60108,0.520576,-0.496063,0.375223,0.427507
5.60133,0.522253,-0.464567,0.37022,0.427507
5.60158,0.477231,-0.385827,0.329556,0.427507
5.60183,0.405473,-0.251969,0.25775,0.427507
5.60208,0.328339,-0.0944882,0.201713,0.427507
5.60233,0.263716,0.0708661,0.149404,0.427507
5.60258,0.221308,0.220472,0.125546,0.427507
5.60283,0.200687,0.330709,0.120466,0.427507
5.60308,0.191951,0.393701,0.136842,0.427507
5.60333,0.179825,0.401575,0.163973,0.427507
5.60358,0.146401,0.370079,0.16085,0.427507
5.60383,0.0784683,0.299213,0.130547,0.427507
5.60408,-0.0296057,0.228346,0.0586305,0.427507
5.60433,-0.171733,0.15748,-0.0498772,0.427507
5.60458,-0.332367,0.110236,-0.179248,0.427507
5.60483,-0.487618,0.0866142,-0.32365,0.427507
5.60508,-0.611078,0.0944882,-0.440376,0.427507
5.60533,-0.678986,0.0944882,-0.513866,0.427507
5.60558,-0.676261,0.0944882,-0.537223,0.427507
5.60583,-0.599242,0.0787402,-0.493533,0.427507
5.60608,-0.457717,0.023622,-0.385679,0.427507
5.60633,-0.271988,-0.0472441,-0.245014,0.427507
5.60658,-0.0697338,-0.15748,-0.0795377,0.427507
5.60683,0.119998,-0.275591,0.0776786,0.427507
5.60708,0.273221,-0.370079,0.201517,0.427507
5.60733,0.37474,-0.440945,0.280565,0.427507
5.60758,0.421278,-0.464567,0.310707,0.427507
5.60783,0.420464,-0.425197,0.303837,0.427507
5.60808,0.388626,-0.338583,0.265684,0.427507
5.60833,0.345381,-0.204724,0.226599,0.427507
5.60857,0.309038,-0.0629921,0.189822,0.427507
5.60882,0.290791,0.0708661,0.183851,0.427507
5.60907,0.292707,0.181102,0.19765,0.427507
5.60932,0.306791,0.251969,0.22271,0.427507
5.60957,0.318243,0.283465,0.255636,0.427507
5.60982,0.308082,0.267717,0.267384,0.427507
5.61007,0.260239,0.220472,0.258126,0.427507
5.61032,0.164911,0.173228,0.19368,0.427507
5.61057,0.0239145,0.11811,0.0843999,0.427507
5.61082,-0.150658,0.0866142,-0.0504795,0.427507
5.61107,-0.336662,0.0866142,-0.212831,0.427507
5.61132,-0.506437,0.102362,-0.372563,0.427507
5.61157,-0.633224,0.133858,-0.488897,0.427507
5.61182,-0.69562,0.15748,-0.566011,0.427507
5.61207,-0.68319,0.165354,-0.567902,0.427507
5.61232,-0.59831,0.141732,-0.506073,0.427507
5.61257,-0.455666,0.0787402,-0.399782,0.427507
5.61282,-0.278634,-0.00787402,-0.254627,0.427507
5.61307,-0.0957248,-0.11811,-0.098463,0.427507
5.61332,0.0675515,-0.228346,0.0384371,0.427507
5.61357,0.192128,-0.314961,0.149649,0.427507
5.61382,0.27002,-0.362205,0.213668,0.427507
5.61407,0.303467,-0.370079,0.234503,0.427507
5.61432,0.305364,-0.314961,0.229457,0.427507
5.61457,0.293218,-0.23622,0.213213,0.427507
5.61482,0.284831,-0.11811,0.200196,0.427507
5.61507,0.292964,-0.00787402,0.208728,0.427507
5.61532,0.321856,0.0866142,0.236411,0.427507
5.61557,0.365521,0.149606,0.282504,0.427507
5.61582,0.409807,0.173228,0.334799,0.427507
5.61607,0.434917,0.15748,0.378796,0.427507
5.61632,0.421611,0.11811,0.386206,0.427507
5.61657,0.356633,0.0708661,0.349999,0.427507
5.61682,0.235673,0.023622,0.253197,0.427507
5.61707,0.0665042,0.00787402,0.116373,0.427507
5.61732,-0.132034,0.00787402,-0.0582427,0.427507
5.61757,-0.332951,0.0314961,-0.24476,0.427507
5.61782,-0.507551,0.0866142,-0.408055,0.427507
5.61807,-0.629891,0.133858,-0.538739,0.427507
5.61832,-0.682848,0.165354,-0.598604,0.427507
5.61857,-0.661602,0.181102,-0.592871,0.427507
5.61882,-0.574119,0.149606,-0.530084,0.427507
5.61907,-0.438762,0.0866142,-0.414167,0.427507
5.61932,-0.281216,0,-0.269892,0.427507
5.61957,-0.12707,-0.0866142,-0.139233,0.427507
5.61982,0.0024331,-0.173228,-0.0166681,0.427507
5.62007,0.094812,-0.23622,0.0642603,0.427507
5.62032,0.148727,-0.251969,0.114645,0.427507
5.62057,0.173108,-0.23622,0.134932,0.427507
5.62082,0.183322,-0.173228,0.144199,0.427507
5.62107,0.196651,-0.0866142,0.151973,0.427507
5.62132,0.227106,0,0.180926,0.427507
5.62157,0.281154,0.0708661,0.236836,0.427507
5.62182,0.354989,0.11811,0.302687,0.427507
5.62207,0.435739,0.125984,0.392186,0.427507
5.62232,0.503227,0.102362,0.461992,0.427507
5.62257,0.535742,0.0551181,0.505316,0.427507
5.62282,0.515507,0,0.500729,0.427507
5.62307,0.432611,-0.0551181,0.43202,0.427507
5.62332,0.288901,-0.0866142,0.312155,0.427507
5.62357,0.0991378,-0.0944882,0.135266,0.427507
5.62382,-0.112941,-0.0708661,-0.061954,0.321403
5.62407,-0.318268,-0.015748,-0.267531,0.321403
5.62432,-0.487936,0.0314961,-0.435946,0.321403
5.62457,-0.59935,0.0866142,-0.551142,0.321403
5.62482,-0.640877,0.125984,-0.612334,0.321403
5.62507,-0.613546,0.133858,-0.600559,0.321403
5.62532,-0.529893,0.102362,-0.530762,0.321403
5.62557,-0.411455,0.0551181,-0.424003,0.321403
5.62582,-0.282452,-0.00787402,-0.301801,0.321403
5.62607,-0.165169,-0.0708661,-0.191807,0.321403
5.62632,-0.0746496,-0.11811,-0.0943754,0.321403
5.62656,-0.0158085,-0.141732,-0.0346638,0.321403
5.62681,0.016933,-0.125984,0.00420336,0.321403
5.62706,0.0368668,-0.0708661,0.0231108,0.321403
5.62731,0.0607714,0,0.0492127,0.321403
5.62756,0.103888,0.0708661,0.1033,0.321403
5.62781,0.175118,0.133858,0.166548,0.321403
5.62806,0.273282,0.173228,0.271526,0.321403
5.62831,0.387509,0.173228,0.379948,0.321403
5.62856,0.498033,0.133858,0.495929,0.321403
5.62881,0.581392,0.0629921,0.576866,0.321403
5.62906,0.615643,-0.015748,0.62308,0.321403
5.62931,0.585201,-0.0944882,0.605757,0.321403
5.62956,0.485572,-0.15748,0.510443,0.321403
5.62981,0.325369,-0.188976,0.363046,0.321403
5.63006,0.124119,-0.188976,0.157335,0.321403
5.63031,-0.0909053,-0.15748,-0.0542434,0.321403
5.63056,-0.289695,-0.102362,-0.264833,0.321403
5.63081,-0.445776,-0.0393701,-0.433668,0.321403
5.63106,-0.541663,0,-0.542603,0.321403
5.63131,-0.57191,0.023622,-0.59847,0.321403
5.63156,-0.542526,0.023622,-0.586537,0.321403
5.63181,-0.470453,0.00787402,-0.519487,0.321403
5.63206,-0.377281,-0.015748,-0.443175,0.321403
5.63231,-0.285142,-0.0551181,-0.351171,0.321403
5.63256,-0.210544,-0.0787402,-0.269439,0.321403
5.63281,-0.161217,-0.0708661,-0.206222,0.321403
5.63306,-0.134287,-0.0393701,-0.168196,0.321403
5.63331,-0.11884,0.023622,-0.132851,0.321403
5.63356,-0.0984414,0.102362,-0.0996745,0.321403
5.63381,-0.0561906,0.188976,-0.0500981,0.321403
5.63406,0.0193175,0.259843,0.0364098,0.321403
5.63431,0.13017,0.299213,0.15917,0.321403
5.63456,0.268189,0.299213,0.308766,0.321403
5.63481,0.415646,0.251969,0.460322,0.321403
5.63506,0.547657,0.173228,0.60011,0.321403
5.63531,0.639379,0.0708661,0.693224,0.321403
5.63556,0.669849,-0.0393701,0.730096,0.321403
5.63581,0.628086,-0.141732,0.69818,0.321403
5.63606,0.51551,-0.212598,0.591406,0.321403
5.63631,0.346134,-0.251969,0.410071,0.321403
5.63656,0.143341,-0.267717,0.197346,0.321403
5.63681,-0.0630059,-0.244094,-0.021686,0.321403
5.63706,-0.245029,-0.204724,-0.229059,0.321403
5.63731,-0.380787,-0.173228,-0.397043,0.321403
5.63756,-0.458848,-0.149606,-0.502575,0.321403
5.63781,-0.479163,-0.133858,-0.551738,0.321403
5.63806,-0.45356,-0.133858,-0.557433,0.321403
5.63831,-0.400548,-0.141732,-0.513907,0.321403
5.63856,-0.340473,-0.149606,-0.467537,0.321403
5.63881,-0.29115,-0.133858,-0.408851,0.321403
5.63906,-0.262223,-0.102362,-0.367912,0.321403
5.63931,-0.253421,-0.0314961,-0.345496,0.321403
5.63956,-0.255469,0.0551181,-0.325114,0.321403
5.63981,-0.252438,0.173228,-0.292553,0.321403
5.64006,-0.22583,0.291339,-0.239527,0.321403
5.64031,-0.162026,0.393701,-0.15002,0.321403
5.64056,-0.0542881,0.464567,-0.0207609,0.321403
5.64081,0.0927592,0.480315,0.147933,0.321403
5.64106,0.264135,0.456693,0.340278,0.321403
5.64131,0.435484,0.377953,0.539031,0.321403
5.64156,0.580097,0.259843,0.698528,0.321403
5.64181,0.672548,0.11811,0.804124,0.321403
5.64206,0.695625,-0.00787402,0.842172,0.321403
5.64231,0.643411,-0.133858,0.78423,0.321403
5.64256,0.523166,-0.228346,0.662173,0.321403
5.64281,0.353202,-0.283465,0.480072,0.321403
5.64306,0.160562,-0.322835,0.255674,0.321403
5.64331,-0.0266304,-0.330709,0.0283937,0.321403
5.64356,-0.183707,-0.330709,-0.169727,0.321403
5.64381,-0.294562,-0.330709,-0.329579,0.321403
5.64406,-0.35374,-0.338583,-0.439806,0.321403
5.64431,-0.367995,-0.346457,-0.499998,0.321403
5.64456,-0.352284,-0.354331,-0.512837,0.321403
5.6448,-0.324996,-0.346457,-0.516158,0.321403
5.64505,-0.304236,-0.307087,-0.501944,0.321403
5.6453,-0.301223,-0.244094,-0.493344,0.321403
5.64555,-0.318076,-0.141732,-0.495373,0.321403
5.6458,-0.347119,-0.00787402,-0.501285,0.321403
5.64605,-0.373064,0.149606,-0.500117,0.321403
5.6463,-0.376211,0.314961,-0.462949,0.321403
5.64655,-0.339812,0.472441,-0.386465,0.321403
5.6468,-0.252764,0.590551,-0.261652,0.321403
5.64705,-0.114983,0.629921,-0.0747446,0.321403
5.6473,0.0625689,0.629921,0.146488,0.321403
5.64755,0.257698,0.622047,0.386679,0.321403
5.6478,0.443376,0.519685,0.604916,0.321403
5.64805,0.591196,0.385827,0.787888,0.321403
5.6483,0.678239,0.228346,0.894446,0.321403
5.64855,0.691834,0.0708661,0.92225,0.321403
5.6488,0.631888,-0.0551181,0.860659,0.321403
5.64905,0.510564,-0.173228,0.728806,0.321403
5.6493,0.350453,-0.267717,0.534013,0.321403
5.64955,0.178182,-0.346457,0.317432,0.321403
5.6498,0.0192277,-0.409449,0.105916,0.321403
5.65005,-0.106327,-0.464567,-0.0861209,0.321403
5.6503,-0.189302,-0.511811,-0.239606,0.321403
5.65055,-0.231544,-0.559055,-0.34128,0.321403
5.6508,-0.24445,-0.590551,-0.411721,0.321403
5.65105,-0.244247,-0.598425,-0.459805,0.321403
5.6513,-0.248944,-0.574803,-0.50373,0.321403
5.65155,-0.271172,-0.511811,-0.538244,0.321403
5.6518,-0.315162,-0.385827,-0.59396,0.321403
5.65205,-0.375265,-0.220472,-0.635183,0.321403
5.6523,-0.437097,-0.023622,-0.671835,0.321403
5.65255,-0.480141,0.19685,-0.674947,0.321403
5.6528,-0.484606,0.417323,-0.641794,0.321403
5.65305,-0.434837,0.598425,-0.529986,0.321403
5.6533,-0.325093,0.629921,-0.36588,0.321403
5.65355,-0.161864,0.629921,-0.138673,0.321403
5.6538,0.0372073,0.629921,0.126496,0.321403
5.65405,0.24627,0.629921,0.398214,0.321403
5.6543,0.435622,0.629921,0.648913,0.321403
5.65455,0.578111,0.535433,0.838117,0.321403
5.6548,0.655015,0.377953,0.9402,0.321403
5.65505,0.659067,0.220472,0.962739,0.321403
5.6553,0.595764,0.0708661,0.890464,0.321403
5.65555,0.481686,-0.0629921,0.753767,0.321403
5.6558,0.340952,-0.188976,0.573858,0.321403
5.65605,0.19837,-0.307087,0.379523,0.321403
5.6563,0.0757651,-0.433071,0.189178,0.321403
5.65655,-0.0143601,-0.543307,0.0214506,0.321403
5.6568,-0.0698599,-0.629921,-0.110442,0.321403
5.65705,-0.0983082,-0.629921,-0.217442,0.321403
5.6573,-0.114481,-0.629921,-0.297831,0.321403
5.65755,-0.135873,-0.629921,-0.379371,0.321403
5.6578,-0.176535,-0.629921,-0.458963,0.321403
5.65805,-0.242798,-0.629921,-0.549276,0.321403
5.6583,-0.331616,-0.535433,-0.638705,0.321403
5.65855,-0.430023,-0.322835,-0.726216,0.321403
5.6588,-0.517373,-0.0708661,-0.785147,0.321403
5.65905,-0.571118,0.181102,-0.803089,0.321403
5.6593,-0.571694,0.433071,-0.753978,0.321403
5.65955,-0.507137,0.629921,-0.627376,0.321403
5.6598,-0.377895,0.629921,-0.438362,0.321403
5.66005,-0.196357,0.629921,-0.184776,0.321403
5.6603,0.0146445,0.629921,0.0973149,0.321403
5.66055,0.226596,0.629921,0.385604,0.321403
5.6608,0.409316,0.629921,0.632143,0.321403
5.66105,0.539483,0.629921,0.810311,0.321403
5.6613,0.603384,0.543307,0.904877,0.321403
5.66155,0.599523,0.393701,0.915548,0.321403
5.6618,0.538539,0.251969,0.855422,0.321403
5.66205,0.440321,0.0944882,0.732924,0.321403
5.6623,0.32791,-0.0551181,0.581631,0.321403
5.66255,0.223502,-0.220472,0.41977,0.321403
5.6628,0.141973,-0.393701,0.274523,0.321403
5.66304,0.0886425,-0.566929,0.149912,0.321403
5.66329,0.0589312,-0.629921,0.0502541,0.321403
5.66354,0.0400009,-0.629921,-0.0479123,0.321403
5.66379,0.014645,-0.629921,-0.139417,0.321403
5.66404,-0.0326543,-0.629921,-0.247954,0.321403
5.66429,-0.110704,-0.629921,-0.372813,0.321403
5.66454,-0.219552,-0.629921,-0.513831,0.321403
5.66479,-0.348579,-0.629921,-0.655571,0.321403
5.66504,-0.477668,-0.433071,-0.781988,0.321403
5.66529,-0.582808,-0.15748,-0.869166,0.321403
5.66554,-0.640608,0.110236,-0.892949,0.321403
5.66579,-0.633397,0.377953,-0.835066,0.321403
5.66604,-0.554869,0.598425,-0.702178,0.321403
5.66629,-0.411039,0.629921,-0.503738,0.321403
5.66654,-0.219657,0.629921,-0.240857,0.321403
5.66679,-0.00743681,0.629921,0.0409226,0.321403
5.66704,0.1957,0.629921,0.320603,0.321403
5.66729,0.363021,0.629921,0.561988,0.321403
5.66754,0.475505,0.629921,0.730879,0.321403
5.66779,0.525239,0.629921,0.827507,0.321403
5.66804,0.516796,0.582677,0.845011,0.321403
5.66829,0.465249,0.448819,0.794368,0.321403
5.66854,0.390734,0.291339,0.703625,0.321403
5.66879,0.314919,0.110236,0.590947,0.321403
5.66904,0.25404,-0.0866142,0.486259,0.321403
5.66929,0.215916,-0.307087,0.390625,0.321403
5.66954,0.198509,-0.543307,0.310651,0.321403
5.66979,0.190786,-0.629921,0.232469,0.321403
5.67004,0.175568,-0.629921,0.146212,0.321403
5.67029,0.13652,-0.629921,0.0384509,0.321403
5.67054,0.0612483,-0.629921,-0.109206,0.321403
5.67079,-0.0537459,-0.629921,-0.274451,0.321403
5.67104,-0.201124,-0.629921,-0.468742,0.321403
5.67129,-0.362564,-0.629921,-0.659273,0.321403
5.67154,-0.513764,-0.543307,-0.826474,0.321403
5.67179,-0.628556,-0.275591,-0.931634,0.321403
5.67204,-0.684101,0.00787402,-0.959726,0.321403
5.67229,-0.66738,0.259843,-0.906283,0.321403
5.67254,-0.577332,0.464567,-0.766347,0.321403
5.67279,-0.425604,0.629921,-0.557292,0.321403
5.67304,-0.234575,0.629921,-0.299633,0.321403
5.67329,-0.0327153,0.629921,-0.0213523,0.321403
5.67354,0.152154,0.629921,0.234785,0.321403
5.67379,0.296448,0.629921,0.459359,0.321403
5.67404,0.387596,0.629921,0.615393,0.321403
5.67429,0.424206,0.629921,0.710149,0.321403
5.67454,0.416373,0.629921,0.740035,0.321403
5.67479,0.380711,0.582677,0.711876,0.321403
5.67504,0.33766,0.448819,0.672595,0.321403
5.67529,0.30406,0.283465,0.614989,0.321403
5.67554,0.2897,0.0866142,0.560142,0.321403
5.67579,0.294751,-0.133858,0.511915,0.321403
5.67604,0.30993,-0.370079,0.461516,0.321403
5.67629,0.318432,-0.590551,0.401647,0.321403
5.67654,0.302303,-0.629921,0.319176,0.321403
5.67679,0.246084,-0.629921,0.195587,0.321403
5.67704,0.142001,-0.629921,0.0194331,0.321403
5.67729,-0.00673791,-0.629921,-0.186673,0.321403
5.67754,-0.185331,-0.629921,-0.418013,0.321403
5.67779,-0.370307,-0.629921,-0.641023,0.321403
5.67804,-0.534305,-0.480315,-0.828431,0.321403
5.67829,-0.650245,-0.267717,-0.951561,0.321403
5.67854,-0.699105,-0.0708661,-0.99413,0.321403
5.67879,-0.672592,0.0944882,-0.933433,0.321403
5.67904,-0.575424,0.23622,-0.799823,0.321403
5.67929,-0.42422,0.338583,-0.590896,0.321403
5.67954,-0.244254,0.417323,-0.341641,0.321403
5.67979,-0.0629972,0.472441,-0.0865156,0.321403
5.68004,0.0942293,0.519685,0.141145,0.321403
5.68029,0.210347,0.559055,0.337674,0.321403
5.68054,0.279111,0.590551,0.469446,0.321403
5.68079,0.305835,0.606299,0.544257,0.321403
5.68104,0.303686,0.606299,0.580915,0.321403
5.68128,0.290817,0.566929,0.588074,0.321403
5.68153,0.284878,0.488189,0.579388,0.321403
5.68178,0.296837,0.354331,0.569765,0.321403
5.68203,0.329208,0.188976,0.580477,0.321403
5.68228,0.374301,0,0.584803,0.321403
5.68253,0.416483,-0.212598,0.570202,0.321403
5.68278,0.435806,-0.401575,0.53877,0.321403
5.68303,0.413914,-0.551181,0.45441,0.321403
5.68328,0.33813,-0.629921,0.326273,0.321403
5.68353,0.207252,-0.629921,0.133998,0.321403
5.68378,0.0308998,-0.629921,-0.0961556,0.321403
5.68403,-0.170065,-0.590551,-0.347843,0.321403
5.68428,-0.368625,-0.472441,-0.584977,0.321403
5.68453,-0.535033,-0.338583,-0.786696,0.321403
5.68478,-0.645292,-0.212598,-0.91365,0.321403
5.68503,-0.684465,-0.0944882,-0.951712,0.321403
5.68528,-0.649872,-0.00787402,-0.899672,0.321403
5.68553,-0.551627,0.0551181,-0.76917,0.321403
5.68578,-0.410338,0.102362,-0.584649,0.321403
5.68603,-0.251411,0.149606,-0.368997,0.321403
5.68628,-0.100482,0.19685,-0.152322,0.321403
5.68653,0.0225339,0.259843,0.0368388,0.321403
5.68678,0.107677,0.322835,0.184288,0.321403
5.68703,0.155236,0.393701,0.289183,0.321403
5.68728,0.175665,0.456693,0.35519,0.321403
5.68753,0.184964,0.488189,0.393659,0.321403
5.68778,0.200795,0.496063,0.423995,0.321403
5.68803,0.235381,0.440945,0.449352,0.321403
5.68828,0.293656,0.338583,0.495134,0.321403
5.68853,0.370039,0.204724,0.553011,0.321403
5.68878,0.449961,0.0393701,0.598615,0.321403
5.68903,0.51254,-0.11811,0.632568,0.321403
5.68928,0.536616,-0.267717,0.621378,0.321403
5.68953,0.504807,-0.370079,0.549209,0.321403
5.68978,0.41009,-0.433071,0.408651,0.321403
5.69003,0.256539,-0.440945,0.223771,0.321403
5.69028,0.0603219,-0.401575,-0.0164888,0.321403
5.69053,-0.15294,-0.330709,-0.269331,0.321403
5.69078,-0.353472,-0.251969,-0.492145,0.321403
5.69103,-0.513538,-0.173228,-0.677827,0.321403
5.69128,-0.612601,-0.110236,-0.790209,0.321403
5.69153,-0.640808,-0.0787402,-0.823277,0.321403
5.69178,-0.60154,-0.0629921,-0.776283,0.321403
5.69203,-0.50974,-0.0629921,-0.658309,0.321403
5.69228,-0.387443,-0.0551181,-0.501883,0.321403
5.69253,-0.259088,-0.0393701,-0.333149,0.321403
5.69278,-0.146067,0,-0.173475,0.321403
5.69303,-0.0612535,0.0629921,-0.053499,0.321403
5.69328,-0.00792292,0.141732,0.0469089,0.321403
5.69353,0.0212417,0.228346,0.106237,0.321403
5.69378,0.0403803,0.314961,0.139685,0.321403
5.69403,0.0670842,0.362205,0.177731,0.321403
5.69428,0.114932,0.370079,0.23709,0.321403
5.69453,0.191492,0.330709,0.308273,0.321403
5.69478,0.29389,0.244094,0.394256,0.321403
5.69503,0.409102,0.141732,0.500699,0.321403
5.69528,0.516362,0.015748,0.596041,0.321403
5.69553,0.592273,-0.0866142,0.656835,0.321403
5.69578,0.615104,-0.181102,0.662541,0.321403
5.69603,0.571748,-0.228346,0.6116,0.321403
5.69628,0.459955,-0.23622,0.477486,0.321403
5.69653,0.290093,-0.204724,0.291815,0.321403
5.69678,0.0838727,-0.149606,0.0635612,0.321403
5.69703,-0.130158,-0.0944882,-0.179012,0.321403
5.69728,-0.322569,-0.0393701,-0.387679,0.321403
5.69753,-0.468655,-0.00787402,-0.55475,0.321403
5.69778,-0.552312,-0.00787402,-0.652837,0.321403
5.69803,-0.570373,-0.0314961,-0.673423,0.321403
5.69828,-0.531749,-0.0708661,-0.624539,0.321403
5.69853,-0.454009,-0.110236,-0.53511,0.321403
5.69878,-0.359424,-0.141732,-0.421641,0.321403
5.69903,-0.269586,-0.141732,-0.300035,0.321403
5.69928,-0.199312,-0.110236,-0.212322,0.321403
5.69952,-0.154668,-0.0472441,-0.144324,0.321403
5.69977,-0.131119,0.023622,-0.0972606,0.321403
5.70002,-0.116003,0.110236,-0.07246,0.321403
5.70027,-0.0925311,0.181102,-0.046455,0.321403
5.70052,-0.0447548,0.212598,-0.00332863,0.321403
5.70077,0.0372891,0.212598,0.0791502,0.321403
5.70102,0.15436,0.173228,0.182609,0.321403
5.70127,0.295839,0.102362,0.326204,0.321403
5.70152,0.44215,0.015748,0.462224,0.321403
5.70177,0.568537,-0.0551181,0.586619,0.321403
5.70202,0.650169,-0.11811,0.673209,0.321403
5.70227,0.667653,-0.141732,0.689543,0.321403
5.70252,0.612241,-0.125984,0.626305,0.321403
5.70277,0.487543,-0.0787402,0.499836,0.321403
5.70302,0.309959,-0.00787402,0.311028,0.321403
5.70327,0.104384,0.0551181,0.0988306,0.321403
5.70352,-0.0996897,0.11811,-0.114761,0.321403
5.70377,-0.27455,0.149606,-0.300433,0.321403
5.70402,-0.399949,0.141732,-0.430484,0.321403
5.70427,-0.466707,0.0944882,-0.504271,0.321403
5.70452,-0.477463,0.0393701,-0.513825,0.321403
5.70477,-0.445169,-0.0314961,-0.46874,0.321403
5.70502,-0.389089,-0.102362,-0.40157,0.321403
5.70527,-0.330052,-0.149606,-0.331442,0.321403
5.70552,-0.284034,-0.15748,-0.2668,0.321403
5.70577,-0.259189,-0.133858,-0.228037,0.321403
5.70602,-0.253492,-0.0866142,-0.220536,0.321403
5.70627,-0.255911,-0.015748,-0.221991,0.321403
5.70652,-0.24968,0.0314961,-0.224568,0.321403
5.70677,-0.217213,0.0629921,-0.200692,0.321403
5.70702,-0.145161,0.0708661,-0.143193,0.321403
5.70727,-0.0294156,0.0393701,-0.0423058,0.321403
5.70752,0.123687,-0.00787402,0.107624,0.321403
5.70777,0.296782,-0.0708661,0.269661,0.321403
5.70802,0.465341,-0.133858,0.437125,0.321403
5.70827,0.601972,-0.173228,0.565898,0.321403
5.70852,0.682475,-0.181102,0.649286,0.321403
5.70877,0.691575,-0.141732,0.671382,0.321403
5.70902,0.625677,-0.0708661,0.60545,0.321403
5.70927,0.494494,0.023622,0.481971,0.321403
5.70952,0.318255,0.11811,0.30263,0.321403
5.70977,0.124306,0.204724,0.102722,0.321403
5.71002,-0.0590521,0.259843,-0.0712825,0.321403
5.71027,-0.208276,0.283465,-0.223062,0.321403
5.71052,-0.309345,0.251969,-0.323047,0.321403
5.71077,-0.359558,0.188976,-0.357069,0.321403
5.71102,-0.366862,0.102362,-0.348835,0.321403
5.71127,-0.347237,0.015748,-0.319207,0.321403
5.71152,-0.320234,-0.0472441,-0.273831,0.321403
5.71177,-0.302139,-0.0944882,-0.232734,0.321403
5.71202,-0.302964,-0.102362,-0.223873,0.321403
5.71227,-0.32299,-0.0866142,-0.246632,0.321403
5.71252,-0.352848,-0.0551181,-0.285582,0.321403
5.71277,-0.375887,-0.0314961,-0.318792,0.321403
5.71302,-0.372976,-0.015748,-0.334774,0.321403
5.71327,-0.327461,-0.023622,-0.309696,0.321403
5.71352,-0.230617,-0.0629921,-0.244942,0.321403
5.71377,-0.0841888,-0.11811,-0.117037,0.321403
5.71402,0.0982597,-0.19685,0.0461292,0.321403
5.71427,0.29399,-0.259843,0.224018,0.321403
5.71452,0.474654,-0.299213,0.401907,0.321403
5.71477,0.612516,-0.291339,0.533857,0.321403
5.71502,0.686584,-0.251969,0.608868,0.321403
5.71527,0.686015,-0.15748,0.61428,0.321403
5.71552,0.613363,-0.0393701,0.54793,0.321403
5.71577,0.482944,0.0866142,0.422404,0.321403
5.71602,0.318346,0.204724,0.261963,0.321403
5.71627,0.146629,0.299213,0.10467,0.321403
5.71652,-0.00700925,0.362205,-0.04436,0.321403
5.71677,-0.125256,0.370079,-0.142101,0.321403
5.71702,-0.20016,0.330709,-0.200251,0.321403
5.71727,-0.235802,0.267717,-0.207266,0.321403
5.71751,-0.244556,0.188976,-0.186646,0.321403
5.71776,-0.244371,0.110236,-0.159315,0.321403
5.71801,-0.251548,0.0472441,-0.149961,0.321403
5.71826,-0.277718,0.015748,-0.153193,0.321403
5.71851,-0.325489,0,-0.197763,0.321403
5.71876,-0.387346,0,-0.259731,0.321403
5.71901,-0.447148,0,-0.331971,0.321403
5.71926,-0.484529,-0.00787402,-0.390716,0.321403
5.71951,-0.479659,-0.0393701,-0.41373,0.321403
5.71976,-0.418825,-0.102362,-0.394567,0.321403
5.72001,-0.298413,-0.188976,-0.302241,0.321403
5.72026,-0.126649,-0.283465,-0.171535,0.321403
5.72051,0.0764053,-0.370079,0.0135213,0.321403
5.72076,0.284026,-0.425197,0.19239,0.321403
5.72101,0.466344,-0.448819,0.364046,0.321403
5.72126,0.597951,-0.417323,0.484223,0.321403
5.72151,0.661333,-0.322835,0.540918,0.321403
5.72176,0.651974,-0.204724,0.524915,0.321403
5.72201,0.577524,-0.0472441,0.455089,0.321403
5.72226,0.456663,0.0944882,0.346764,0.321403
5.72251,0.313745,0.23622,0.208014,0.321403
5.72276,0.173584,0.330709,0.0871842,0.321403
5.72301,0.0561787,0.385827,-0.00999708,0.321403
5.72326,-0.0272347,0.393701,-0.0656152,0.321403
5.72351,-0.0767012,0.370079,-0.0744996,0.321403
5.72376,-0.101874,0.322835,-0.06449,0.483443
5.72401,-0.1177,0.259843,-0.0437585,0.483443
5.72426,-0.141745,0.212598,-0.0307921,0.483443
5.72451,-0.186769,0.181102,-0.0347711,0.483443
5.72476,-0.257976,0.165354,-0.0906677,0.483443
5.72501,-0.349782,0.15748,-0.16776,0.483443
5.72526,-0.44783,0.133858,-0.273062,0.483443
5.72551,-0.530644,0.102362,-0.375159,0.483443
5.72576,-0.575826,0.0472441,-0.44806,0.483443
5.72601,-0.564698,-0.0393701,-0.473486,0.483443
5.72626,-0.487859,-0.15748,-0.427572,0.483443
5.72651,-0.347333,-0.283465,-0.335927,0.483443
5.72676,-0.158307,-0.409449,-0.187037,0.483443
5.72701,0.0552783,-0.511811,-0.00729491,0.483443
5.72726,0.263558,-0.566929,0.172645,0.483443
5.72751,0.438244,-0.566929,0.325933,0.483443
5.72776,0.556697,-0.511811,0.418124,0.483443
5.72801,0.607554,-0.401575,0.457714,0.483443
5.72826,0.591886,-0.251969,0.425896,0.483443
5.72851,0.52238,-0.0866142,0.349073,0.483443
5.72876,0.419729,0.0629921,0.25709,0.483443
5.72901,0.307328,0.19685,0.151354,0.483443
5.72926,0.206188,0.291339,0.0694105,0.483443
5.72951,0.129877,0.354331,0.0255099,0.483443
5.72976,0.0817348,0.370079,0.0152401,0.483443
5.73001,0.0549321,0.362205,0.0296789,0.483443
5.73026,0.036147,0.346457,0.0662379,0.483443
5.73051,0.00779133,0.330709,0.0906854,0.483443
5.73076,-0.0445366,0.322835,0.0894171,0.483443
5.73101,-0.128946,0.322835,0.0440452,0.483443
5.73126,-0.24261,0.322835,-0.0465454,0.483443
5.73151,-0.373278,0.314961,-0.156855,0.483443
5.73176,-0.499863,0.291339,-0.284979,0.483443
5.73201,-0.597961,0.220472,-0.405243,0.483443
5.73226,-0.644522,0.11811,-0.472788,0.483443
5.73251,-0.624237,-0.00787402,-0.486283,0.483443
5.73276,-0.532523,-0.165354,-0.439722,0.483443
5.73301,-0.378173,-0.338583,-0.324187,0.483443
5.73326,-0.18074,-0.488189,-0.174608,0.483443
5.73351,0.0321218,-0.598425,-0.00478026,0.483443
5.73376,0.230436,-0.629921,0.157326,0.483443
5.73401,0.388628,-0.629921,0.276578,0.483443
5.73426,0.489443,-0.574803,0.348183,0.483443
5.73451,0.527714,-0.456693,0.358847,0.483443
5.73476,0.509935,-0.314961,0.318963,0.483443
5.73501,0.452411,-0.15748,0.241151,0.483443
5.73526,0.37612,-0.00787402,0.166886,0.483443
5.73551,0.302035,0.102362,0.101897,0.483443
5.73575,0.245103,0.19685,0.0598984,0.483443
5.736,0.211419,0.259843,0.059511,0.483443
5.73625,0.196671,0.291339,0.0955104,0.483443
5.7365,0.188962,0.314961,0.142671,0.483443
5.73675,0.1707,0.338583,0.175669,0.483443
5.737,0.125459,0.377953,0.199267,0.483443
5.73725,0.0426217,0.409449,0.166511,0.483443
5.7375,-0.0792444,0.448819,0.0887266,0.483443
5.73775,-0.230727,0.472441,-0.0265224,0.483443
5.738,-0.392403,0.464567,-0.16647,0.483443
5.73825,-0.538897,0.409449,-0.310309,0.483443
5.7385,-0.643928,0.322835,-0.422096,0.483443
5.73875,-0.686659,0.188976,-0.491109,0.483443
5.739,-0.655913,0.015748,-0.480654,0.483443
5.73925,-0.553117,-0.165354,-0.419973,0.483443
5.7395,-0.392105,-0.338583,-0.301434,0.483443
5.73975,-0.196773,-0.488189,-0.145232,0.483443
5.74,0.00391843,-0.590551,0.00840489,0.483443
5.74025,0.182526,-0.629921,0.141893,0.483443
5.7405,0.31779,-0.614173,0.229201,0.483443
5.74075,0.398423,-0.535433,0.268637,0.483443
5.741,0.425751,-0.433071,0.256794,0.483443
5.74125,0.411168,-0.307087,0.209293,0.483443
5.7415,0.372719,-0.188976,0.141498,0.483443
5.74175,0.330279,-0.0866142,0.0976135,0.483443
5.742,0.29975,0,0.0706255,0.483443
5.74225,0.289377,0.0629921,0.0753532,0.483443
5.7425,0.297152,0.11811,0.125015,0.483443
5.74275,0.31251,0.15748,0.186826,0.483443
5.743,0.317952,0.212598,0.246328,0.483443
5.74325,0.295238,0.275591,0.289344,0.483443
5.7435,0.230236,0.346457,0.280208,0.483443
5.74375,0.117271,0.417323,0.221924,0.483443
5.744,-0.0383538,0.488189,0.114858,0.483443
5.74425,-0.220238,0.629921,-0.0277678,0.483443
5.7445,-0.403375,0.629921,-0.191021,0.483443
5.74475,-0.560197,0.559055,-0.347149,0.483443
5.745,-0.66489,0.370079,-0.453816,0.483443
5.74525,-0.699917,0.15748,-0.498104,0.483443
5.7455,-0.659459,-0.0944882,-0.47703,0.483443
5.74575,-0.550741,-0.354331,-0.399824,0.483443
5.746,-0.391942,-0.614173,-0.269972,0.483443
5.74625,-0.209655,-0.629921,-0.127842,0.483443
5.7465,-0.0312281,-0.629921,0.0095195,0.483443
5.74675,0.119452,-0.629921,0.10806,0.483443
5.747,0.22689,-0.629921,0.147973,0.483443
5.74725,0.287059,-0.629921,0.152082,0.483443
5.7475,0.306981,-0.629921,0.120099,0.483443
5.74775,0.301446,-0.629921,0.0673905,0.483443
5.748,0.288802,-0.614173,0.0229296,0.483443
5.74825,0.285492,-0.377953,0.000220323,0.483443
5.7485,0.301439,-0.141732,0.00721431,0.483443
5.74875,0.337016,0.0708661,0.0611608,0.483443
5.749,0.383087,0.291339,0.139222,0.483443
5.74925,0.422498,0.480315,0.224641,0.483443
5.7495,0.435232,0.629921,0.285698,0.483443
5.74975,0.403992,0.629921,0.330304,0.483443
5.75,0.317904,0.629921,0.315757,0.483443
5.75025,0.17713,0.629921,0.265188,0.483443
5.7505,-0.00558154,0.629921,0.160693,0.483443
5.75075,-0.208226,0.629921,0.0289502,0.483443
5.751,-0.402799,0.629921,-0.112932,0.483443
5.75125,-0.560527,0.629921,-0.230288,0.483443
5.7515,-0.658323,0.629921,-0.312446,0.483443
5.75175,-0.683436,0.480315,-0.343769,0.483443
5.752,-0.635895,0.181102,-0.323313,0.483443
5.75225,-0.527784,-0.141732,-0.25049,0.483443
5.7525,-0.381191,-0.472441,-0.16031,0.483443
5.75275,-0.221918,-0.629921,-0.070383,0.483443
5.753,-0.0748824,-0.629921,0.00454758,0.483443
5.75325,0.0415084,-0.629921,0.045748,0.483443
5.7535,0.119059,-0.629921,0.0493673,0.483443
5.75375,0.160783,-0.629921,0.00762745,0.483443
5.75399,0.177639,-0.629921,-0.0493438,0.483443
5.75424,0.187037,-0.629921,-0.100678,0.483443
5.75449,0.205457,-0.629921,-0.126897,0.483443
5.75474,0.244539,-0.629921,-0.103642,0.483443
5.75499,0.306884,-0.393701,-0.0332324,0.483443
5.75524,0.385375,-0.141732,0.0644519,0.483443
5.75549,0.463577,0.110236,0.187863,0.483443
5.75574,0.520486,0.354331,0.292074,0.483443
5.75599,0.535232,0.598425,0.371736,0.483443
5.75624,0.492069,0.629921,0.409156,0.483443
5.75649,0.385432,0.629921,0.37997,0.483443
5.75674,0.222434,0.629921,0.294844,0.483443
5.75699,0.021143,0.629921,0.176732,0.483443
5.75724,-0.1923,0.629921,0.0358937,0.483443
5.75749,-0.387243,0.629921,-0.106292,0.483443
5.75774,-0.537233,0.629921,-0.207003,0.483443
5.75799,-0.623222,0.629921,-0.28014,0.483443
5.75824,-0.638354,0.582677,-0.301416,0.483443
5.75849,-0.587826,0.251969,-0.267274,0.483443
5.75874,-0.488496,-0.0944882,-0.208331,0.483443
5.75899,-0.363146,-0.433071,-0.137432,0.483443
5.75924,-0.236267,-0.629921,-0.0706148,0.483443
5.75949,-0.127804,-0.629921,-0.0323217,0.483443
5.75974,-0.0491376,-0.629921,-0.0306753,0.483443
5.75999,-0.000896236,-0.629921,-0.05497,0.483443
5.76024,0.0250079,-0.629921,-0.11531,0.483443
5.76049,0.0443903,-0.629921,-0.167805,0.483443
5.76074,0.0739416,-0.629921,-0.198947,0.483443
5.76099,0.127072,-0.629921,-0.187941,0.483443
5.76124,0.208945,-0.629921,-0.136625,0.483443
5.76149,0.314995,-0.496063,-0.0314167,0.483443
5.76174,0.430422,-0.23622,0.108227,0.483443
5.76199,0.533578,0.015748,0.252411,0.483443
5.76224,0.60106,0.283465,0.364147,0.483443
5.76249,0.612344,0.543307,0.4429,0.483443
5.76274,0.555857,0.629921,0.452691,0.483443
5.76299,0.432094,0.629921,0.404902,0.483443
5.76324,0.25376,0.629921,0.307228,0.483443
5.76349,0.0435362,0.629921,0.169764,0.483443
5.76374,-0.168644,0.629921,0.0383452,0.483443
5.76399,-0.354133,0.629921,-0.0858587,0.483443
5.76424,-0.489134,0.629921,-0.177067,0.483443
5.76449,-0.560642,0.629921,-0.222282,0.483443
5.76474,-0.567084,0.590551,-0.224842,0.483443
5.76499,-0.519534,0.275591,-0.198572,0.483443
5.76524,-0.436792,-0.0472441,-0.148999,0.483443
5.76549,-0.341734,-0.362205,-0.105085,0.483443
5.76574,-0.254645,-0.629921,-0.0696229,0.483443
5.76599,-0.189135,-0.629921,-0.0737698,0.483443
5.76624,-0.14887,-0.629921,-0.11232,0.483443
5.76649,-0.128039,-0.629921,-0.169824,0.483443
5.76674,-0.112915,-0.629921,-0.232767,0.483443
5.76699,-0.0857582,-0.629921,-0.290084,0.483443
5.76724,-0.032184,-0.629921,-0.295714,0.483443
5.76749,0.0567157,-0.629921,-0.262768,0.483443
5.76774,0.179246,-0.629921,-0.15954,0.483443
5.76799,0.32352,-0.559055,-0.0223836,0.483443
5.76824,0.468049,-0.338583,0.133135,0.483443
5.76849,0.587984,-0.102362,0.287056,0.483443
5.76874,0.658694,0.141732,0.409993,0.483443
5.76899,0.662877,0.401575,0.472345,0.483443
5.76924,0.593864,0.629921,0.476219,0.483443
5.76949,0.457883,0.629921,0.411372,0.483443
5.76974,0.27261,0.629921,0.30257,0.483443
5.76999,0.065252,0.629921,0.167392,0.483443
5.77024,-0.135098,0.629921,0.0402698,0.483443
5.77049,-0.302233,0.629921,-0.0623267,0.483443
5.77074,-0.417031,0.629921,-0.130608,0.483443
5.77099,-0.472657,0.629921,-0.153881,0.483443
5.77124,-0.474096,0.629921,-0.147644,0.483443
5.77149,-0.435945,0.370079,-0.117801,0.483443
5.77174,-0.377763,0.0866142,-0.0838542,0.483443
5.77199,-0.320115,-0.173228,-0.0658161,0.483443
5.77223,-0.277678,-0.425197,-0.0763128,0.483443
5.77248,-0.256839,-0.629921,-0.120958,0.483443
5.77273,-0.253701,-0.629921,-0.189988,0.483443
5.77298,-0.256066,-0.629921,-0.263193,0.483443
5.77323,-0.245993,-0.629921,-0.327037,0.483443
5.77348,-0.207074,-0.629921,-0.361783,0.483443
5.77373,-0.126983,-0.629921,-0.353343,0.483443
5.77398,-0.00322061,-0.629921,-0.282286,0.483443
5.77423,0.15521,-0.629921,-0.160497,0.483443
5.77448,0.329445,-0.629921,-0.00745549,0.483443
5.77473,0.494144,-0.511811,0.162095,0.483443
5.77498,0.621866,-0.299213,0.31623,0.483443
5.77523,0.689873,-0.0629921,0.428949,0.483443
5.77548,0.68484,0.173228,0.471682,0.483443
5.77573,0.605738,0.417323,0.447535,0.483443
5.77598,0.464054,0.629921,0.368445,0.483443
5.77623,0.282503,0.629921,0.257447,0.483443
5.77648,0.08865,0.629921,0.13557,0.483443
5.77673,-0.0901452,0.629921,0.0218676,0.483443
5.77698,-0.231137,0.629921,-0.0552896,0.483443
5.77723,-0.322469,0.629921,-0.082334,0.483443
5.77748,-0.363651,0.629921,-0.0868487,0.483443
5.77773,-0.364783,0.629921,-0.0598464,0.483443
5.77798,-0.34226,0.519685,-0.0365449,0.483443
5.77823,-0.315718,0.291339,-0.0126859,0.483443
5.77848,-0.300683,0.0551181,-0.0305782,0.483443
5.77873,-0.305389,-0.165354,-0.0723684,0.483443
5.77898,-0.328188,-0.370079,-0.143242,0.483443
5.77923,-0.358305,-0.551181,-0.238396,0.483443
5.77948,-0.377793,-0.629921,-0.322006,0.483443
5.77973,-0.368178,-0.629921,-0.384513,0.483443
5.77998,-0.313525,-0.629921,-0.398593,0.483443
5.78023,-0.206715,-0.629921,-0.359121,0.483443
5.78048,-0.0522017,-0.629921,-0.264816,0.483443
5.78073,0.134645,-0.629921,-0.131427,0.483443
5.78098,0.329758,-0.629921,0.0288012,0.483443
5.78123,0.504424,-0.629921,0.189138,0.483443
5.78148,0.63169,-0.488189,0.318975,0.483443
5.78173,0.692209,-0.267717,0.404998,0.483443
5.78198,0.677642,-0.023622,0.422882,0.483443
5.78223,0.59264,0.228346,0.385392,0.483443
5.78248,0.454011,0.464567,0.298358,0.483443
5.78273,0.28616,0.629921,0.188721,0.483443
5.78298,0.115864,0.629921,0.0912629,0.483443
5.78323,-0.0322028,0.629921,0.00535499,0.483443
5.78348,-0.142359,0.629921,-0.0331854,0.483443
5.78373,-0.209624,0.629921,-0.0326646,0.483443
5.78398,-0.239114,0.629921,-0.010465,0.483443
5.78423,-0.244742,0.629921,0.0299547,0.483443
5.78448,-0.244605,0.629921,0.0588328,0.483443
5.78473,-0.254759,0.472441,0.0594212,0.483443
5.78498,-0.285114,0.267717,0.0115848,0.483443
5.78523,-0.336312,0.0551181,-0.0590838,0.483443
5.78548,-0.399207,-0.149606,-0.163412,0.483443
5.78573,-0.456409,-0.354331,-0.270545,0.483443
5.78598,-0.487455,-0.543307,-0.358439,0.483443
5.78623,-0.472924,-0.629921,-0.411709,0.483443
5.78648,-0.400703,-0.629921,-0.40928,0.483443
5.78673,-0.269736,-0.629921,-0.359003,0.483443
5.78698,-0.0905585,-0.629921,-0.24616,0.483443
5.78723,0.115953,-0.629921,-0.103779,0.483443
5.78748,0.320894,-0.629921,0.055617,0.483443
5.78773,0.495453,-0.629921,0.191626,0.483443
5.78798,0.615174,-0.622047,0.298548,0.483443
5.78823,0.665074,-0.417323,0.350333,0.483443
5.78848,0.64263,-0.181102,0.348105,0.483443
5.78873,0.557843,0.0629921,0.302769,0.483443
5.78898,0.430862,0.299213,0.226015,0.483443
5.78923,0.28649,0.519685,0.134225,0.483443
5.78948,0.149443,0.629921,0.058627,0.483443
5.78973,0.0380065,0.629921,0.0205942,0.483443
5.78998,-0.0389793,0.629921,0.0128248,0.483443
5.79023,-0.0829141,0.629921,0.0441606,0.483443
5.79047,-0.10469,0.629921,0.0899731,0.483443
5.79072,-0.121205,0.629921,0.126068,0.483443
5.79097,-0.148366,0.629921,0.143648,0.483443
5.79122,-0.198144,0.606299,0.122128,0.483443
5.79147,-0.273796,0.433071,0.0436579,0.483443
5.79172,-0.368322,0.23622,-0.06281,0.483443
5.79197,-0.465106,0.023622,-0.194575,0.483443
5.79222,-0.542534,-0.181102,-0.311399,0.483443
5.79247,-0.578511,-0.385827,-0.40066,0.483443
5.79272,-0.555374,-0.582677,-0.441976,0.483443
5.79297,-0.466099,-0.629921,-0.428772,0.483443
5.79322,-0.315275,-0.629921,-0.34789,0.483443
5.79347,-0.119394,-0.629921,-0.2273,0.483443
5.79372,0.0955353,-0.629921,-0.0806916,0.483443
5.79397,0.299557,-0.629921,0.0648773,0.483443
5.79422,0.465069,-0.629921,0.186569,0.483443
5.79447,0.57152,-0.629921,0.259246,0.483443
5.79472,0.609506,-0.511811,0.290742,0.483443
5.79497,0.582431,-0.299213,0.2782,0.483443
5.79522,0.50505,-0.0708661,0.222789,0.483443
5.79547,0.398626,0.149606,0.156161,0.483443
5.79572,0.287064,0.362205,0.0949495,0.483443
5.79597,0.189907,0.551181,0.0596148,0.483443
5.79622,0.118743,0.629921,0.0609017,0.483443
5.79647,0.0753814,0.629921,0.0824778,0.483443
5.79672,0.0516355,0.629921,0.140471,0.483443
5.79697,0.0319602,0.629921,0.189152,0.483443
5.79722,8.32984e-05,0.629921,0.218543,0.483443
5.79747,-0.0578579,0.629921,0.214712,0.483443
5.79772,-0.14806,0.629921,0.159141,0.483443
5.79797,-0.266395,0.551181,0.0583653,0.483443
5.79822,-0.397942,0.377953,-0.0781351,0.483443
5.79847,-0.521024,0.173228,-0.22647,0.483443
5.79872,-0.611119,-0.023622,-0.355414,0.483443
5.79897,-0.646068,-0.244094,-0.440903,0.483443
5.79922,-0.612429,-0.440945,-0.464514,0.483443
5.79947,-0.508135,-0.629921,-0.426108,0.483443
5.79972,-0.343787,-0.629921,-0.331676,0.483443
5.79997,-0.14124,-0.629921,-0.203193,0.483443
5.80022,0.070928,-0.629921,-0.0570564,0.483443
5.80047,0.263864,-0.629921,0.0705867,0.483443
5.80072,0.412206,-0.629921,0.162392,0.483443
5.80097,0.501368,-0.629921,0.214713,0.483443
5.80122,0.52818,-0.582677,0.221256,0.483443
5.80147,0.501668,-0.401575,0.18649,0.483443
5.80172,0.438794,-0.212598,0.142212,0.483443
5.80197,0.361596,-0.00787402,0.0957661,0.483443
5.80222,0.289763,0.181102,0.0663599,0.483443
5.80247,0.236993,0.370079,0.0703094,0.483443
5.80272,0.207454,0.527559,0.0991213,0.483443
5.80297,0.195457,0.629921,0.159372,0.483443
5.80322,0.186772,0.629921,0.228142,0.483443
5.80347,0.164641,0.629921,0.26848,0.483443
5.80372,0.113182,0.629921,0.284903,0.483443
5.80397,0.0226088,0.629921,0.251771,0.483443
5.80422,-0.105884,0.629921,0.166487,0.483443
5.80447,-0.260873,0.629921,0.0454028,0.483443
5.80472,-0.421589,0.480315,-0.107082,0.483443
5.80497,-0.56238,0.307087,-0.262429,0.483443
5.80522,-0.657124,0.102362,-0.376834,0.483443
5.80547,-0.686699,-0.102362,-0.452265,0.483443
5.80572,-0.641896,-0.299213,-0.458432,0.483443
5.80597,-0.526847,-0.488189,-0.399054,0.483443
5.80622,-0.357392,-0.629921,-0.292232,0.483443
5.80647,-0.159,-0.629921,-0.166885,0.483443
5.80672,0.0399099,-0.629921,-0.0356949,0.483443
5.80697,0.211601,-0.629921,0.0614509,0.483443
5.80722,0.336972,-0.629921,0.134479,0.483443
5.80747,0.407446,-0.629921,0.155354,0.483443
5.80772,0.425812,-0.622047,0.134736,0.483443
5.80797,0.40508,-0.496063,0.0960986,0.483443
5.80822,0.364505,-0.330709,0.0567696,0.483443
5.80847,0.323327,-0.15748,0.0400132,0.483443
5.80871,0.296196,0.00787402,0.0459378,0.483443
5.80896,0.289642,0.188976,0.0776517,0.483443
5.80921,0.300115,0.362205,0.152332,0.483443
5.80946,0.314748,0.511811,0.230389,0.483443
5.80971,0.316277,0.629921,0.297054,0.483443
5.80996,0.286759,0.629921,0.345133,0.483443
5.81021,0.212687,0.629921,0.333647,0.483443
5.81046,0.0910312,0.629921,0.276876,0.483443
5.81071,-0.071016,0.629921,0.161916,0.483443
5.81096,-0.25501,0.629921,0.0224115,0.483443
5.81121,-0.435699,0.566929,-0.138806,0.483443
5.81146,-0.584368,0.401575,-0.282084,0.483443
5.81171,-0.677026,0.220472,-0.390487,0.483443
5.81196,-0.698046,0.023622,-0.434659,0.483443
5.81221,-0.643909,-0.15748,-0.42009,0.483443
5.81246,-0.524022,-0.338583,-0.355722,0.483443
5.81271,-0.358991,-0.488189,-0.246465,0.483443
5.81296,-0.1752,-0.606299,-0.136458,0.483443
5.81321,-0.000357157,-0.629921,-0.0274793,0.483443
5.81346,0.142905,-0.629921,0.043278,0.483443
5.81371,0.241678,-0.629921,0.0820489,0.483443
5.81396,0.293578,-0.629921,0.0790228,0.483443
5.81421,0.307441,-0.629921,0.0422975,0.483443
5.81446,0.298987,-0.566929,0.00870116,0.483443
5.81471,0.287122,-0.440945,-0.0201825,0.483443
5.81496,0.286834,-0.307087,-0.0097341,0.483443
5.81521,0.306734,-0.141732,0.0270242,0.483443
5.81546,0.345195,0.023622,0.101593,0.483443
5.81571,0.391474,0.19685,0.204707,0.483443
5.81596,0.427443,0.362205,0.298791,0.483443
5.81621,0.433437,0.519685,0.370058,0.483443
5.81646,0.392131,0.629921,0.39628,0.483443
5.81671,0.295516,0.629921,0.366315,0.483443
5.81696,0.145832,0.629921,0.276548,0.483443
5.81721,-0.0427714,0.629921,0.143987,0.483443
5.81746,-0.246291,0.629921,-0.00889804,0.483443
5.81771,-0.435863,0.598425,-0.167562,0.483443
5.81796,-0.583769,0.464567,-0.292716,0.483443
5.81821,-0.668732,0.307087,-0.376571,0.483443
5.81846,-0.679884,0.141732,-0.40505,0.483443
5.81871,-0.619656,-0.023622,-0.370569,0.483443
5.81896,-0.502575,-0.181102,-0.300138,0.483443
5.81921,-0.351603,-0.330709,-0.197986,0.483443
5.81946,-0.192857,-0.456693,-0.104222,0.483443
5.81971,-0.0505798,-0.551181,-0.0223574,0.483443
5.81996,0.0590612,-0.622047,0.0131032,0.483443
5.82021,0.129401,-0.629921,0.0228924,0.483443
5.82046,0.165225,-0.629921,-0.00657193,0.483443
5.82071,0.17954,-0.629921,-0.0383813,0.483443
5.82096,0.189433,-0.614173,-0.0683916,0.483443
5.82121,0.210937,-0.535433,-0.0775553,0.483443
5.82146,0.254427,-0.417323,-0.0386481,0.483443
5.82171,0.320684,-0.283465,0.0365152,0.483443
5.82196,0.400573,-0.110236,0.139353,0.483443
5.82221,0.476509,0.0551181,0.256431,0.483443
5.82246,0.527109,0.23622,0.354879,0.483443
5.82271,0.531804,0.401575,0.417251,0.483443
5.82296,0.476902,0.543307,0.417651,0.483443
5.82321,0.359039,0.629921,0.370124,0.483443
5.82346,0.186972,0.629921,0.259148,0.483443
5.82371,-0.0188879,0.629921,0.111009,0.239523
5.82396,-0.230791,0.629921,-0.0398676,0.239523
5.82421,-0.419419,0.606299,-0.187708,0.239523
5.82446,-0.558578,0.496063,-0.290385,0.239523
5.82471,-0.631468,0.370079,-0.34793,0.239523
5.82496,-0.633394,0.228346,-0.352118,0.239523
5.82521,-0.572382,0.0944882,-0.303245,0.239523
5.82546,-0.466341,-0.0472441,-0.224286,0.239523
5.82571,-0.338894,-0.173228,-0.148968,0.239523
5.82596,-0.214251,-0.299213,-0.0715656,0.239523
5.82621,-0.110606,-0.409449,-0.0330546,0.239523
5.82646,-0.0379001,-0.496063,-0.0330935,0.239523
5.8267,0.00511187,-0.574803,-0.0552048,0.239523
5.82695,0.0287269,-0.629921,-0.090129,0.239523
5.8272,0.0487622,-0.629921,-0.127039,0.239523
5.82745,0.0817401,-0.629921,-0.138543,0.239523
5.8277,0.140059,-0.598425,-0.11777,0.239523
5.82795,0.227255,-0.511811,-0.0414568,0.239523
5.8282,0.336422,-0.385827,0.057853,0.239523
5.82845,0.451285,-0.228346,0.192342,0.239523
5.8287,0.549716,-0.0551181,0.316282,0.239523
5.82895,0.607865,0.11811,0.404745,0.239523
5.8292,0.607073,0.291339,0.450279,0.239523
5.82945,0.537759,0.433071,0.434073,0.239523
5.8297,0.402299,0.543307,0.357957,0.239523
5.82995,0.215905,0.614173,0.240409,0.239523
5.8302,0.00336039,0.629921,0.0891274,0.239523
5.83045,-0.20618,0.622047,-0.0627058,0.239523
5.8307,-0.383793,0.574803,-0.188857,0.239523
5.83095,-0.507563,0.503937,-0.274227,0.239523
5.8312,-0.566433,0.409449,-0.30731,0.239523
5.83145,-0.561881,0.307087,-0.29149,0.239523
5.8317,-0.506151,0.204724,-0.233359,0.239523
5.83195,-0.419337,0.0866142,-0.160241,0.239523
5.8322,-0.324331,-0.015748,-0.10643,0.239523
5.83245,-0.240472,-0.141732,-0.0627873,0.239523
5.8327,-0.179715,-0.259843,-0.0647756,0.239523
5.83295,-0.143962,-0.377953,-0.0941829,0.239523
5.8332,-0.125345,-0.480315,-0.139528,0.239523
5.83345,-0.109176,-0.566929,-0.180761,0.239523
5.8337,-0.0782788,-0.629921,-0.207627,0.239523
5.83395,-0.0182654,-0.629921,-0.194962,0.239523
5.8342,0.0773382,-0.629921,-0.141449,0.239523
5.83445,0.205196,-0.559055,-0.0340171,0.239523
5.8347,0.351103,-0.440945,0.0936848,0.239523
5.83495,0.493074,-0.299213,0.238184,0.239523
5.8352,0.605549,-0.133858,0.361835,0.239523
5.83545,0.66491,0.0314961,0.452521,0.239523
5.8357,0.655516,0.188976,0.472031,0.239523
5.83595,0.573115,0.330709,0.435374,0.239523
5.8362,0.426315,0.440945,0.337313,0.239523
5.83645,0.234875,0.503937,0.203447,0.239523
5.8367,0.0263703,0.543307,0.0602919,0.239523
5.83695,-0.169686,0.543307,-0.0740754,0.239523
5.8372,-0.327838,0.511811,-0.176707,0.239523
5.83745,-0.43202,0.472441,-0.233829,0.239523
5.8377,-0.476798,0.417323,-0.244723,0.239523
5.83795,-0.46948,0.346457,-0.210836,0.239523
5.8382,-0.425747,0.275591,-0.161219,0.239523
5.83845,-0.366453,0.188976,-0.118604,0.239523
5.8387,-0.310721,0.0944882,-0.0857157,0.239523
5.83895,-0.272183,-0.00787402,-0.0815096,0.239523
5.8392,-0.25512,-0.133858,-0.117093,0.239523
5.83945,-0.254276,-0.267717,-0.168643,0.239523
5.8397,-0.255595,-0.385827,-0.228304,0.239523
5.83995,-0.241507,-0.496063,-0.272127,0.239523
5.8402,-0.195352,-0.582677,-0.280875,0.239523
5.84045,-0.107019,-0.622047,-0.238462,0.239523
5.8407,0.0240708,-0.614173,-0.15134,0.239523
5.84095,0.187298,-0.559055,-0.0172582,0.239523
5.8412,0.361765,-0.456693,0.140125,0.239523
5.84145,0.521575,-0.322835,0.290678,0.239523
5.8417,0.6396,-0.173228,0.413469,0.239523
5.84195,0.694729,-0.023622,0.47856,0.239523
5.8422,0.675485,0.110236,0.480233,0.239523
5.84245,0.583496,0.228346,0.42984,0.239523
5.8427,0.432531,0.314961,0.322559,0.239523
5.84295,0.246317,0.385827,0.18138,0.239523
5.8432,0.0531697,0.417323,0.0502542,0.239523
5.84345,-0.119668,0.425197,-0.0646124,0.239523
5.8437,-0.252239,0.425197,-0.143348,0.239523
5.84395,-0.333891,0.417323,-0.178849,0.239523
5.8442,-0.366535,0.401575,-0.17634,0.239523
5.84445,-0.361519,0.377953,-0.144647,0.239523
5.8447,-0.337139,0.338583,-0.106233,0.239523
5.84494,-0.311706,0.275591,-0.0820239,0.239523
5.84519,-0.29997,0.188976,-0.0883827,0.239523
5.84544,-0.308461,0.0866142,-0.12454,0.239523
5.84569,-0.333796,-0.0314961,-0.19458,0.239523
5.84594,-0.36327,-0.173228,-0.26339,0.239523
5.84619,-0.378849,-0.307087,-0.327338,0.239523
5.84644,-0.361634,-0.433071,-0.359792,0.239523
5.84669,-0.297515,-0.519685,-0.345234,0.239523
5.84694,-0.181313,-0.566929,-0.271578,0.239523
5.84719,-0.0190652,-0.559055,-0.145462,0.239523
5.84744,0.171319,-0.519685,0.0141188,0.239523
5.84769,0.364805,-0.433071,0.180302,0.239523
5.84794,0.532384,-0.314961,0.340679,0.239523
5.84819,0.648581,-0.188976,0.44737,0.239523
5.84844,0.695232,-0.0629921,0.494424,0.239523
5.84869,0.666808,0.0393701,0.478534,0.239523
5.84894,0.570165,0.133858,0.410593,0.239523
5.84919,0.424046,0.19685,0.292192,0.239523
5.84944,0.253568,0.23622,0.173063,0.239523
5.84969,0.0860885,0.275591,0.0510941,0.239523
5.84994,-0.0560515,0.299213,-0.034785,0.239523
5.85019,-0.158214,0.330709,-0.0869164,0.239523
5.85044,-0.217517,0.354331,-0.0998093,0.239523
5.85069,-0.241397,0.370079,-0.0842119,0.239523
5.85094,-0.244719,0.385827,-0.0615002,0.239523
5.85119,-0.245376,0.370079,-0.0542654,0.239523
5.85144,-0.258674,0.338583,-0.062211,0.239523
5.85169,-0.293255,0.267717,-0.109445,0.239523
5.85194,-0.347694,0.165354,-0.182367,0.239523
5.85219,-0.410937,0.0393701,-0.276231,0.239523
5.85244,-0.46474,-0.0944882,-0.356148,0.239523
5.85269,-0.488598,-0.228346,-0.422846,0.239523
5.85294,-0.463965,-0.354331,-0.430093,0.239523
5.85319,-0.380715,-0.440945,-0.388829,0.239523
5.85344,-0.239349,-0.488189,-0.277156,0.239523
5.85369,-0.053269,-0.488189,-0.130992,0.239523
5.85394,0.155041,-0.448819,0.0440442,0.239523
5.85419,0.356686,-0.370079,0.224622,0.239523
5.85444,0.522618,-0.275591,0.364185,0.239523
5.85469,0.630067,-0.181102,0.452603,0.239523
5.85494,0.666188,-0.0866142,0.491089,0.239523
5.85519,0.630939,-0.015748,0.454129,0.239523
5.85544,0.536646,0.0314961,0.37517,0.239523
5.85569,0.404551,0.0708661,0.274932,0.239523
5.85594,0.259656,0.102362,0.164665,0.239523
5.85619,0.126214,0.133858,0.0713737,0.239523
5.85644,0.0208894,0.173228,0.0125207,0.239523
5.85669,-0.0493184,0.220472,-0.0103935,0.239523
5.85694,-0.0883476,0.283465,-0.0139951,0.239523
5.85719,-0.107742,0.338583,0.00565076,0.239523
5.85744,-0.124883,0.377953,0.0132711,0.239523
5.85769,-0.155701,0.385827,-0.0100135,0.239523
5.85794,-0.210437,0.370079,-0.0574413,0.239523
5.85819,-0.290392,0.307087,-0.142107,0.239523
5.85844,-0.386778,0.212598,-0.244586,0.239523
5.85869,-0.481701,0.0944882,-0.356618,0.239523
5.85894,-0.553132,-0.0393701,-0.452109,0.239523
5.85919,-0.579001,-0.173228,-0.501486,0.239523
5.85944,-0.54388,-0.275591,-0.484802,0.239523
5.85969,-0.442187,-0.354331,-0.410846,0.239523
5.85994,-0.281402,-0.385827,-0.284797,0.239523
5.86019,-0.0798577,-0.377953,-0.116003,0.239523
5.86044,0.135412,-0.338583,0.0708115,0.239523
5.86069,0.334188,-0.275591,0.24351,0.239523
5.86094,0.48991,-0.212598,0.369393,0.239523
5.86119,0.583769,-0.149606,0.440443,0.239523
5.86144,0.609041,-0.102362,0.455258,0.239523
5.86169,0.571265,-0.0708661,0.422707,0.239523
5.86194,0.486707,-0.0551181,0.338275,0.239523
5.86219,0.37752,-0.0393701,0.248219,0.239523
5.86244,0.267316,-0.015748,0.165182,0.239523
5.86269,0.174407,0.00787402,0.113976,0.239523
5.86294,0.108793,0.0551181,0.0844376,0.239523
5.86318,0.0697193,0.133858,0.0754573,0.239523
5.86343,0.0480734,0.212598,0.0935535,0.239523
5.86368,0.0275746,0.291339,0.0978501,0.239523
5.86393,-0.00842868,0.346457,0.0860628,0.239523
5.86418,-0.0723216,0.377953,0.032256,0.239523
5.86443,-0.168351,0.362205,-0.0583039,0.239523
5.86468,-0.290425,0.314961,-0.175103,0.239523
5.86493,-0.42231,0.220472,-0.312217,0.239523
5.86518,-0.541242,0.102362,-0.437419,0.239523
5.86543,-0.622375,-0.00787402,-0.524061,0.239523
5.86568,-0.645186,-0.11811,-0.558048,0.239523
5.86593,-0.59811,-0.204724,-0.525814,0.239523
5.86618,-0.481453,-0.259843,-0.431164,0.239523
5.86643,-0.308092,-0.275591,-0.281116,0.239523
5.86668,-0.101394,-0.251969,-0.0965696,0.239523
5.86693,0.109283,-0.212598,0.0858722,0.239523
5.86718,0.295359,-0.15748,0.238195,0.239523
5.86743,0.433686,-0.110236,0.358223,0.239523
5.86768,0.511004,-0.0866142,0.408474,0.239523
5.86793,0.52691,-0.0787402,0.411861,0.239523
5.86818,0.492038,-0.0944882,0.363975,0.239523
5.86843,0.42486,-0.110236,0.300538,0.239523
5.86868,0.347269,-0.11811,0.235612,0.239523
5.86893,0.278206,-0.11811,0.196593,0.239523
5.86918,0.22971,-0.0866142,0.174867,0.239523
5.86943,0.204108,-0.023622,0.1694,0.239523
5.86968,0.194005,0.0472441,0.191463,0.239523
5.86993,0.184332,0.133858,0.205746,0.239523
5.87018,0.15769,0.220472,0.195283,0.239523
5.87043,0.0992867,0.283465,0.154665,0.239523
5.87068,0.00146743,0.307087,0.0656196,0.239523
5.87093,-0.13339,0.299213,-0.0660508,0.239523
5.87118,-0.291225,0.244094,-0.226236,0.239523
5.87143,-0.450386,0.15748,-0.376367,0.239523
5.87168,-0.584191,0.0551181,-0.509816,0.239523
5.87193,-0.668012,-0.0314961,-0.595948,0.239523
5.87218,-0.684022,-0.102362,-0.62289,0.239523
5.87243,-0.625502,-0.149606,-0.566314,0.239523
5.87268,-0.498502,-0.15748,-0.446892,0.239523
5.87293,-0.32165,-0.141732,-0.287488,0.239523
5.87318,-0.121006,-0.102362,-0.104407,0.239523
5.87343,0.0745509,-0.0472441,0.0642589,0.239523
5.87368,0.239033,-0.015748,0.203708,0.239523
5.87393,0.354395,0,0.303616,0.239523
5.87418,0.414423,0,0.344167,0.239523
5.87443,0.424495,-0.0314961,0.349955,0.239523
5.87468,0.398481,-0.0787402,0.312719,0.239523
5.87493,0.356367,-0.133858,0.283986,0.239523
5.87518,0.316784,-0.15748,0.251313,0.239523
5.87543,0.293373,-0.173228,0.241447,0.239523
5.87568,0.290509,-0.149606,0.263837,0.239523
5.87593,0.302961,-0.0944882,0.291369,0.239523
5.87618,0.316706,-0.015748,0.318565,0.239523
5.87643,0.313497,0.0629921,0.325919,0.239523
5.87668,0.276482,0.133858,0.295385,0.239523
5.87693,0.193685,0.188976,0.215509,0.239523
5.87718,0.063288,0.204724,0.0876757,0.239523
5.87743,-0.104461,0.181102,-0.0795262,0.239523
5.87768,-0.289852,0.125984,-0.268185,0.239523
5.87793,-0.466568,0.0472441,-0.447256,0.239523
5.87818,-0.606557,-0.015748,-0.5809,0.239523
5.87843,-0.686737,-0.0708661,-0.659376,0.239523
5.87868,-0.693539,-0.110236,-0.665065,0.239523
5.87893,-0.626036,-0.102362,-0.598088,0.239523
5.87918,-0.495867,-0.0629921,-0.462758,0.239523
5.87943,-0.325226,-0.00787402,-0.302932,0.239523
5.87968,-0.141113,0.0551181,-0.12749,0.239523
5.87993,0.0293974,0.110236,0.0279682,0.239523
5.88018,0.165014,0.149606,0.148865,0.239523
5.88043,0.254638,0.141732,0.23406,0.239523
5.88068,0.29875,0.110236,0.271446,0.239523
5.88093,0.306922,0.0393701,0.27908,0.239523
5.88118,0.296571,-0.0314961,0.267085,0.239523
5.88142,0.285756,-0.110236,0.262939,0.239523
5.88167,0.288955,-0.165354,0.285283,0.239523
5.88192,0.312713,-0.181102,0.32161,0.239523
5.88217,0.353856,-0.165354,0.375677,0.239523
5.88242,0.399505,-0.11811,0.423351,0.239523
5.88267,0.431323,-0.0551181,0.454128,0.239523
5.88292,0.429634,0,0.452314,0.239523
5.88317,0.378529,0.0472441,0.383963,0.239523
5.88342,0.271214,0.0708661,0.27164,0.239523
5.88367,0.112916,0.0551181,0.0974187,0.239523
5.88392,-0.0802619,0.015748,-0.107471,0.239523
5.88417,-0.283675,-0.0314961,-0.313867,0.239523
5.88442,-0.467453,-0.535433,-0.497715,0.239523
5.88467,-0.605012,-0.503937,-0.638326,0.239523
5.88492,-0.67646,-0.433071,-0.699354,0.239523
5.88517,-0.673809,-0.299213,-0.696897,0.239523
5.88542,-0.601529,-0.110236,-0.623467,0.239523
5.88567,-0.476262,0.110236,-0.50287,0.239523
5.88592,-0.321569,0.370079,-0.367996,0.239523
5.88617,-0.164377,0.614173,-0.225555,0.239523
5.88642,-0.0272366,0.629921,-0.0890538,0.239523
5.88667,0.0750181,0.629921,0.00417336,0.239523
5.88692,0.138518,0.629921,0.0843333,0.239523
5.88717,0.168956,0.629921,0.14377,0.239523
5.88742,0.181071,0.629921,0.20095,0.239523
5.88767,0.192248,0.629921,0.251626,0.239523
5.88792,0.217294,0.409449,0.336142,0.239523
5.88817,0.265237,0.181102,0.435357,0.239523
5.88842,0.335051,-0.015748,0.540777,0.239523
5.88867,0.41564,-0.188976,0.654846,0.239523
5.88892,0.488489,-0.314961,0.746204,0.239523
5.88917,0.53206,-0.417323,0.779199,0.239523
5.88942,0.526265,-0.480315,0.739448,0.239523
5.88967,0.45951,-0.551181,0.62393,0.239523
5.88992,0.330508,-0.622047,0.424948,0.239523
5.89017,0.150553,-0.629921,0.16518,0.239523
5.89042,-0.0589521,-0.629921,-0.133181,0.239523
5.89067,-0.268683,-0.629921,-0.435159,0.239523
5.89092,-0.449775,-0.629921,-0.694508,0.239523
5.89117,-0.57758,-0.629921,-0.882943,0.239523
5.89142,-0.637205,-0.629921,-0.977225,0.239523
5.89167,-0.626392,-0.519685,-0.990552,0.239523
5.89192,-0.555348,-0.259843,-0.907499,0.239523
5.89217,-0.443245,0.0472441,-0.771938,0.239523
5.89242,-0.314738,0.385827,-0.599827,0.239523
5.89267,-0.192848,0.629921,-0.420011,0.239523
5.89292,-0.0947099,0.629921,-0.249198,0.239523
5.89317,-0.0277183,0.629921,-0.091546,0.239523
5.89342,0.0104905,0.629921,0.031677,0.239523
5.89367,0.0320782,0.629921,0.149798,0.239523
5.89392,0.0535988,0.629921,0.262661,0.239523
5.89417,0.0905637,0.629921,0.377511,0.239523
5.89442,0.154255,0.629921,0.500188,0.239523
5.89467,0.246308,0.433071,0.622598,0.239523
5.89492,0.358058,0.220472,0.739787,0.239523
5.89517,0.471604,0.0393701,0.834434,0.239523
5.89542,0.564283,-0.125984,0.886521,0.239523
5.89567,0.612583,-0.275591,0.872944,0.239523
5.89592,0.59942,-0.433071,0.789512,0.239523
5.89617,0.517155,-0.590551,0.615897,0.239523
5.89642,0.370916,-0.629921,0.367776,0.239523
5.89667,0.177291,-0.629921,0.0866221,0.239523
5.89692,-0.0369433,-0.629921,-0.22004,0.239523
5.89717,-0.242503,-0.629921,-0.506456,0.239523
5.89742,-0.411549,-0.629921,-0.734921,0.239523
5.89767,-0.523695,-0.629921,-0.885494,0.239523
5.89792,-0.570212,-0.629921,-0.938683,0.239523
5.89817,-0.554778,-0.629921,-0.910277,0.239523
5.89842,-0.491676,-0.409449,-0.814953,0.239523
5.89867,-0.401594,-0.0314961,-0.676896,0.239523
5.89892,-0.307404,0.354331,-0.522963,0.239523
5.89917,-0.227106,0.629921,-0.378396,0.239523
5.89942,-0.171184,0.629921,-0.254452,0.239523
5.89966,-0.13947,0.629921,-0.142691,0.239523
5.89991,-0.122786,0.629921,-0.0490486,0.239523
5.90016,-0.104916,0.629921,0.0435641,0.239523
5.90041,-0.0696603,0.629921,0.147043,0.239523
5.90066,-0.00330445,0.629921,0.270009,0.239523
5.90091,0.0991038,0.629921,0.410473,0.239523
5.90116,0.231689,0.622047,0.560315,0.239523
5.90141,0.378678,0.440945,0.705043,0.239523
5.90166,0.51719,0.251969,0.826541,0.239523
5.90191,0.621241,0.0787402,0.89675,0.239523
5.90216,0.66866,-0.0944882,0.894314,0.239523
5.90241,0.645657,-0.299213,0.813397,0.239523
5.90266,0.550085,-0.511811,0.648391,0.239523
5.90291,0.393003,-0.629921,0.426636,0.239523
5.90316,0.196323,-0.629921,0.156367,0.239523
5.90341,-0.011831,-0.629921,-0.119592,0.239523
5.90366,-0.202797,-0.629921,-0.370524,0.239523
5.90391,-0.35176,-0.629921,-0.580187,0.239523
5.90416,-0.444635,-0.629921,-0.708439,0.239523
5.90441,-0.479091,-0.629921,-0.76983,0.239523
5.90466,-0.463583,-0.629921,-0.764915,0.239523
5.90491,-0.415285,-0.496063,-0.708859,0.239523
5.90516,-0.355258,-0.110236,-0.622657,0.239523
5.90541,-0.301886,0.267717,-0.537306,0.239523
5.90566,-0.267386,0.622047,-0.451728,0.239523
5.90591,-0.254115,0.629921,-0.391226,0.239523
5.90616,-0.25477,0.629921,-0.32934,0.239523
5.90641,-0.254581,0.629921,-0.263594,0.239523
5.90666,-0.235818,0.629921,-0.172624,0.239523
5.90691,-0.182374,0.629921,-0.0433617,0.239523
5.90716,-0.0855406,0.629921,0.126341,0.239523
5.90741,0.0526572,0.629921,0.326122,0.239523
5.90766,0.21961,0.629921,0.528325,0.239523
5.90791,0.393759,0.606299,0.728179,0.239523
5.90816,0.547535,0.464567,0.876563,0.239523
5.90841,0.655166,0.299213,0.968471,0.239523
5.90866,0.696914,0.0944882,0.97528,0.239523
5.90891,0.663553,-0.125984,0.887044,0.239523
5.90916,0.559025,-0.385827,0.725046,0.239523
5.90941,0.399607,-0.629921,0.505371,0.239523
5.90966,0.210094,-0.629921,0.244498,0.239523
5.90991,0.0185681,-0.629921,-0.0195108,0.239523
5.91016,-0.147992,-0.629921,-0.259585,0.239523
5.91041,-0.271269,-0.629921,-0.450117,0.239523
5.91066,-0.343576,-0.629921,-0.579277,0.239523
5.91091,-0.368092,-0.629921,-0.649416,0.239523
5.91116,-0.357931,-0.629921,-0.664347,0.239523
5.91141,-0.331877,-0.543307,-0.642586,0.239523
5.91166,-0.308094,-0.181102,-0.610476,0.239523
5.91191,-0.3,0.165354,-0.575295,0.239523
5.91216,-0.312186,0.472441,-0.547892,0.239523
5.91241,-0.339417,0.629921,-0.530626,0.239523
5.91266,-0.367745,0.629921,-0.496264,0.239523
5.91291,-0.378743,0.629921,-0.431115,0.239523
5.91316,-0.353652,0.629921,-0.327507,0.239523
5.91341,-0.279659,0.629921,-0.160315,0.239523
5.91366,-0.154072,0.629921,0.0390043,0.239523
5.91391,0.0148468,0.629921,0.281542,0.239523
5.91416,0.208287,0.629921,0.527133,0.239523
5.91441,0.398942,0.629921,0.746612,0.239523
5.91466,0.558667,0.629921,0.91216,0.239523
5.91491,0.662845,0.480315,1.00483,0.239523
5.91516,0.695596,0.275591,1.0006,0.239523
5.91541,0.653434,0.023622,0.914364,0.239523
5.91566,0.546025,-0.259843,0.749814,0.239523
5.91591,0.393226,-0.566929,0.524516,0.239523
5.91616,0.22126,-0.629921,0.285072,0.239523
5.91641,0.0570178,-0.629921,0.0490885,0.239523
5.91666,-0.0782567,-0.629921,-0.158034,0.239523
5.91691,-0.172548,-0.629921,-0.318158,0.239523
5.91716,-0.224394,-0.629921,-0.436205,0.239523
5.91741,-0.242924,-0.629921,-0.508601,0.239523
5.91765,-0.244605,-0.629921,-0.541709,0.239523
5.9179,-0.246478,-0.551181,-0.557436,0.239523
5.91815,-0.263457,-0.228346,-0.578188,0.239523
5.9184,-0.302063,0.0629921,-0.588857,0.239523
5.91865,-0.359281,0.322835,-0.617528,0.239523
5.9189,-0.422289,0.519685,-0.629889,0.239523
5.91915,-0.47232,0.629921,-0.620117,0.239523
5.9194,-0.48803,0.629921,-0.561779,0.239523
5.91965,-0.452929,0.629921,-0.454109,0.239523
5.9199,-0.358444,0.629921,-0.265823,0.239523
5.92015,-0.207611,0.629921,-0.0350782,0.239523
5.9204,-0.0151971,0.629921,0.228244,0.239523
5.92065,0.194125,0.629921,0.498314,0.239523
5.9209,0.391023,0.629921,0.733171,0.239523
5.92115,0.547811,0.629921,0.902506,0.239523
5.9214,0.642438,0.614173,0.986299,0.239523
5.92165,0.664859,0.409449,0.982487,0.239523
5.9219,0.617288,0.141732,0.892875,0.239523
5.92215,0.514112,-0.15748,0.730551,0.239523
5.9224,0.37753,-0.480315,0.534044,0.239523
5.92265,0.233379,-0.629921,0.326654,0.239523
5.9229,0.103985,-0.629921,0.123873,0.239523
5.92315,0.00500084,-0.629921,-0.040716,0.239523
5.9234,-0.0587774,-0.629921,-0.181219,0.239523
5.92365,-0.0926701,-0.629921,-0.275955,0.426216
5.9239,-0.110709,-0.629921,-0.347866,0.426216
5.92415,-0.129266,-0.629921,-0.413049,0.426216
5.9244,-0.163822,-0.535433,-0.468802,0.426216
5.92465,-0.22363,-0.275591,-0.534723,0.426216
5.9249,-0.307679,-0.023622,-0.605684,0.426216
5.92515,-0.405234,0.165354,-0.671287,0.426216
5.9254,-0.497496,0.322835,-0.729569,0.426216
5.92565,-0.561939,0.448819,-0.731644,0.426216
5.9259,-0.577332,0.535433,-0.676917,0.426216
5.92615,-0.529883,0.614173,-0.555917,0.426216
5.9264,-0.416392,0.629921,-0.357208,0.426216
5.92665,-0.246091,0.629921,-0.109438,0.426216
5.9269,-0.0397796,0.629921,0.166856,0.426216
5.92715,0.174476,0.629921,0.436758,0.426216
5.9274,0.367423,0.629921,0.677039,0.426216
5.92765,0.512563,0.629921,0.847644,0.426216
5.9279,0.593751,0.629921,0.928001,0.426216
5.92815,0.606355,0.496063,0.918455,0.426216
5.9284,0.558443,0.23622,0.836739,0.426216
5.92865,0.467316,-0.0629921,0.701556,0.426216
5.9289,0.356447,-0.370079,0.535559,0.426216
5.92915,0.248185,-0.629921,0.365646,0.426216
5.9294,0.159898,-0.629921,0.213915,0.426216
5.92965,0.0996018,-0.629921,0.0851307,0.426216
5.9299,0.0650648,-0.629921,-0.0188323,0.426216
5.93015,0.0445583,-0.629921,-0.10085,0.426216
5.9304,0.0223983,-0.629921,-0.182135,0.426216
5.93065,-0.0178446,-0.629921,-0.269343,0.426216
5.9309,-0.0879283,-0.464567,-0.382189,0.426216
5.93115,-0.189639,-0.283465,-0.500047,0.426216
5.9314,-0.31494,-0.125984,-0.620365,0.426216
5.93165,-0.446159,-0.00787402,-0.730269,0.426216
5.9319,-0.559937,0.0787402,-0.806248,0.426216
5.93215,-0.631539,0.149606,-0.830877,0.426216
5.9324,-0.641988,0.220472,-0.774223,0.426216
5.93265,-0.581328,0.314961,-0.635664,0.426216
5.9329,-0.452768,0.417323,-0.434659,0.426216
5.93315,-0.271174,0.543307,-0.180984,0.426216
5.9334,-0.0616413,0.629921,0.0921524,0.426216
5.93365,0.146919,0.629921,0.350763,0.426216
5.9339,0.325398,0.629921,0.568747,0.426216
5.93415,0.452804,0.629921,0.713912,0.426216
5.9344,0.518531,0.629921,0.793426,0.426216
5.93465,0.523841,0.496063,0.784764,0.426216
5.9349,0.481176,0.267717,0.723716,0.426216
5.93515,0.410534,0.00787402,0.619542,0.426216
5.9354,0.333251,-0.23622,0.50576,0.426216
5.93565,0.267376,-0.456693,0.39867,0.426216
5.93589,0.22338,-0.622047,0.311432,0.426216
5.93614,0.201457,-0.629921,0.237618,0.426216
5.93639,0.192576,-0.629921,0.165349,0.426216
5.93664,0.181065,-0.629921,0.097095,0.426216
5.93689,0.149693,-0.543307,0.00358277,0.426216
5.93714,0.0839918,-0.425197,-0.110381,0.426216
5.93739,-0.0212442,-0.314961,-0.263348,0.426216
5.93764,-0.161534,-0.228346,-0.436793,0.426216
5.93789,-0.321622,-0.165354,-0.606742,0.426216
5.93814,-0.478099,-0.125984,-0.750466,0.426216
5.93839,-0.604298,-0.0944882,-0.851384,0.426216
5.93864,-0.676604,-0.0629921,-0.886736,0.426216
5.93889,-0.67871,0,-0.822641,0.426216
5.93914,-0.60659,0.0787402,-0.685548,0.426216
5.93939,-0.468697,0.204724,-0.483031,0.426216
5.93964,-0.285067,0.346457,-0.232757,0.426216
5.93989,-0.0830206,0.472441,0.0257836,0.426216
5.94014,0.108326,0.582677,0.254469,0.426216
5.94039,0.264491,0.629921,0.445798,0.426216
5.94064,0.369887,0.629921,0.568949,0.426216
5.94089,0.419836,0.543307,0.624348,0.426216
5.94114,0.421564,0.401575,0.624374,0.426216
5.94139,0.391308,0.212598,0.58892,0.426216
5.94164,0.348325,0.015748,0.52313,0.426216
5.94189,0.310939,-0.173228,0.466672,0.426216
5.94214,0.291337,-0.314961,0.419646,0.426216
5.94239,0.291919,-0.401575,0.385874,0.426216
5.94264,0.305861,-0.433071,0.362246,0.426216
5.94289,0.317893,-0.401575,0.324822,0.426216
5.94314,0.309898,-0.338583,0.268949,0.426216
5.94339,0.264589,-0.259843,0.173721,0.426216
5.94364,0.172762,-0.188976,0.0320392,0.426216
5.94389,0.0345011,-0.141732,-0.142386,0.426216
5.94414,-0.138535,-0.133858,-0.340792,0.426216
5.94439,-0.324578,-0.149606,-0.532381,0.426216
5.94464,-0.496292,-0.165354,-0.695436,0.426216
5.94489,-0.626549,-0.188976,-0.804899,0.426216
5.94514,-0.693783,-0.181102,-0.837211,0.426216
5.94539,-0.686393,-0.133858,-0.783621,0.426216
5.94564,-0.605899,-0.0472441,-0.656697,0.426216
5.94589,-0.466276,0.0629921,-0.465914,0.426216
5.94614,-0.290992,0.188976,-0.25107,0.426216
5.94639,-0.107478,0.322835,-0.0321559,0.426216
5.94664,0.0576839,0.417323,0.151283,0.426216
5.94689,0.185469,0.456693,0.2974,0.426216
5.94714,0.266218,0.440945,0.381297,0.426216
5.94739,0.302443,0.362205,0.423239,0.426216
5.94764,0.305937,0.23622,0.423504,0.426216
5.94789,0.294143,0.0944882,0.400842,0.426216
5.94814,0.284908,-0.0472441,0.387881,0.426216
5.94839,0.291765,-0.15748,0.381627,0.426216
5.94864,0.319309,-0.228346,0.398092,0.426216
5.94889,0.362506,-0.244094,0.424336,0.426216
5.94914,0.407169,-0.212598,0.443561,0.426216
5.94939,0.434195,-0.149606,0.438491,0.426216
5.94964,0.424086,-0.0708661,0.405748,0.426216
5.94989,0.362723,-0.015748,0.3093,0.426216
5.95014,0.245358,0.00787402,0.163572,0.426216
5.95039,0.0787622,0.00787402,-0.0318145,0.426216
5.95064,-0.118524,-0.0314961,-0.238892,0.426216
5.95089,-0.320179,-0.0866142,-0.441043,0.426216
5.95114,-0.497403,-0.15748,-0.600517,0.426216
5.95139,-0.623814,-0.19685,-0.70729,0.426216
5.95164,-0.681648,-0.212598,-0.740004,0.426216
5.95189,-0.66516,-0.181102,-0.700892,0.426216
5.95214,-0.581523,-0.102362,-0.581897,0.426216
5.95239,-0.448836,0,-0.434639,0.426216
5.95264,-0.291779,0.102362,-0.259402,0.426216
5.95289,-0.136611,0.19685,-0.0986684,0.426216
5.95314,-0.00511725,0.259843,0.0416835,0.426216
5.95339,0.0898261,0.275591,0.133204,0.426216
5.95364,0.146234,0.228346,0.182759,0.426216
5.95389,0.172216,0.149606,0.205554,0.426216
5.95413,0.182786,0.0393701,0.215871,0.426216
5.95438,0.195258,-0.0629921,0.224531,0.426216
5.95463,0.224462,-0.149606,0.253287,0.426216
5.95488,0.276823,-0.188976,0.311656,0.426216
5.95513,0.349752,-0.188976,0.384802,0.426216
5.95538,0.430469,-0.133858,0.45743,0.426216
5.95563,0.499621,-0.0551181,0.512516,0.426216
5.95588,0.535157,0.0314961,0.534587,0.426216
5.95613,0.518742,0.11811,0.499403,0.426216
5.95638,0.439893,0.165354,0.403648,0.426216
5.95663,0.30017,0.173228,0.257589,0.426216
5.95688,0.112688,0.133858,0.0609196,0.426216
5.95713,-0.0988004,0.0708661,-0.15044,0.426216
5.95738,-0.305557,0,-0.347851,0.426216
5.95763,-0.47831,-0.0787402,-0.506699,0.426216
5.95788,-0.594024,-0.125984,-0.609452,0.426216
5.95813,-0.640377,-0.141732,-0.626906,0.426216
5.95838,-0.617256,-0.11811,-0.58996,0.426216
5.95863,-0.53688,-0.0629921,-0.491304,0.426216
5.95888,-0.419828,0.00787402,-0.373881,0.426216
5.95913,-0.290822,0.0708661,-0.243992,0.426216
5.95938,-0.172238,0.11811,-0.135725,0.426216
5.95963,-0.0797358,0.125984,-0.0518203,0.426216
5.95988,-0.0187762,0.0866142,-0.00642503,0.426216
5.96013,0.0154413,0.00787402,0.0184517,0.426216
5.96038,0.0356634,-0.0787402,0.0306275,0.426216
5.96063,0.0586105,-0.181102,0.0481213,0.426216
5.96088,0.100332,-0.251969,0.0839963,0.426216
5.96113,0.169459,-0.283465,0.151959,0.426216
5.96138,0.266128,-0.267717,0.244272,0.426216
5.96163,0.379703,-0.204724,0.353351,0.426216
5.96188,0.491377,-0.0944882,0.466156,0.426216
5.96213,0.577263,0.023622,0.542002,0.426216
5.96238,0.615225,0.141732,0.571563,0.426216
5.96263,0.589262,0.23622,0.537995,0.426216
5.96288,0.494284,0.283465,0.437847,0.426216
5.96313,0.337509,0.275591,0.287419,0.426216
5.96338,0.138174,0.23622,0.100583,0.426216
5.96363,-0.0769338,0.165354,-0.101378,0.426216
5.96388,-0.277609,0.0866142,-0.277053,0.426216
5.96413,-0.437084,0.023622,-0.409951,0.426216
5.96438,-0.537505,-0.00787402,-0.486068,0.426216
5.96463,-0.571796,-0.015748,-0.493901,0.426216
5.96488,-0.54609,0,-0.454586,0.426216
5.96513,-0.476037,0.0393701,-0.376464,0.426216
5.96538,-0.383703,0.0787402,-0.284076,0.426216
5.96563,-0.290914,0.0944882,-0.206991,0.426216
5.96588,-0.214772,0.0787402,-0.150845,0.426216
5.96613,-0.163515,0.0314961,-0.116506,0.426216
5.96638,-0.135672,-0.0551181,-0.120316,0.426216
5.96663,-0.119972,-0.165354,-0.125598,0.426216
5.96688,-0.10027,-0.275591,-0.129988,0.426216
5.96713,-0.059799,-0.362205,-0.104543,0.426216
5.96738,0.0131602,-0.417323,-0.043206,0.426216
5.96763,0.12182,-0.409449,0.0589496,0.426216
5.96788,0.258698,-0.346457,0.189603,0.426216
5.96813,0.40595,-0.23622,0.328634,0.426216
5.96838,0.539968,-0.102362,0.452112,0.426216
5.96863,0.63494,0.0393701,0.542417,0.426216
5.96888,0.669979,0.165354,0.577864,0.426216
5.96913,0.633136,0.251969,0.542675,0.426216
5.96938,0.525045,0.299213,0.441172,0.426216
5.96963,0.358445,0.307087,0.294659,0.426216
5.96988,0.157366,0.275591,0.111213,0.426216
5.97013,-0.0498127,0.228346,-0.0586699,0.426216
5.97038,-0.234191,0.181102,-0.205826,0.426216
5.97063,-0.373696,0.141732,-0.310338,0.426216
5.97088,-0.455445,0.133858,-0.357562,0.426216
5.97113,-0.479457,0.141732,-0.352272,0.426216
5.97138,-0.456338,0.165354,-0.312708,0.426216
5.97163,-0.404405,0.188976,-0.251823,0.426216
5.97188,-0.344339,0.188976,-0.203917,0.426216
5.97213,-0.293841,0.15748,-0.171959,0.426216
5.97237,-0.263346,0.0787402,-0.157934,0.426216
5.97262,-0.253615,-0.023622,-0.176838,0.426216
5.97287,-0.255428,-0.15748,-0.213251,0.426216
5.97312,-0.252903,-0.307087,-0.243094,0.426216
5.97337,-0.228737,-0.433071,-0.245477,0.426216
5.97362,-0.167622,-0.519685,-0.212976,0.426216
5.97387,-0.0627971,-0.551181,-0.130496,0.426216
5.97412,0.0822664,-0.519685,-2.8383e-05,0.426216
5.97437,0.252361,-0.433071,0.147709,0.426216
5.97462,0.424716,-0.299213,0.301473,0.426216
5.97487,0.571862,-0.149606,0.437515,0.426216
5.97512,0.668498,0,0.515968,0.426216
5.97537,0.696438,0.11811,0.547781,0.426216
5.97562,0.649189,0.212598,0.497462,0.426216
5.97587,0.532744,0.259843,0.400579,0.426216
5.97612,0.365619,0.275591,0.26047,0.426216
5.97637,0.173433,0.275591,0.107202,0.426216
5.97662,-0.0149253,0.259843,-0.0340075,0.426216
5.97687,-0.174782,0.259843,-0.143733,0.426216
5.97712,-0.288747,0.275591,-0.212823,0.426216
5.97737,-0.351353,0.299213,-0.231078,0.426216
5.97762,-0.368242,0.322835,-0.206618,0.426216
5.97787,-0.353777,0.354331,-0.170319,0.426216
5.97812,-0.326824,0.354331,-0.135867,0.426216
5.97837,-0.305099,0.322835,-0.11729,0.426216
5.97862,-0.300755,0.23622,-0.131913,0.426216
5.97887,-0.316513,0.110236,-0.164887,0.426216
5.97912,-0.345201,-0.0472441,-0.231976,0.426216
5.97937,-0.371603,-0.220472,-0.28758,0.426216
5.97962,-0.377181,-0.393701,-0.329019,0.426216
5.97987,-0.343725,-0.527559,-0.326196,0.426216
5.98012,-0.260224,-0.614173,-0.278421,0.426216
5.98037,-0.125295,-0.629921,-0.184109,0.426216
5.98062,0.049852,-0.590551,-0.0476929,0.426216
5.98087,0.244785,-0.496063,0.115672,0.426216
5.98112,0.431986,-0.362205,0.276102,0.426216
5.98137,0.583111,-0.220472,0.400397,0.426216
5.98162,0.674671,-0.0866142,0.471128,0.426216
5.98187,0.693303,0.023622,0.48731,0.426216
5.98212,0.637852,0.102362,0.436687,0.426216
5.98237,0.520203,0.15748,0.338052,0.426216
5.98262,0.361691,0.19685,0.212061,0.426216
5.98287,0.189222,0.228346,0.0856432,0.426216
5.98312,0.0289773,0.259843,-0.018899,0.426216
5.98337,-0.099214,0.314961,-0.0851266,0.426216
5.98362,-0.18514,0.370079,-0.113333,0.426216
5.98387,-0.229926,0.433071,-0.10554,0.426216
5.98412,-0.244066,0.496063,-0.0713118,0.426216
5.98437,-0.244332,0.519685,-0.0437763,0.426216
5.98462,-0.24825,0.503937,-0.0349996,0.426216
5.98487,-0.269012,0.440945,-0.0555859,0.426216
5.98512,-0.31166,0.314961,-0.106468,0.426216
5.98537,-0.37111,0.149606,-0.181282,0.426216
5.98562,-0.433178,-0.0314961,-0.265337,0.426216
5.98587,-0.47839,-0.23622,-0.350936,0.426216
5.98612,-0.485837,-0.417323,-0.389219,0.426216
5.98637,-0.439843,-0.551181,-0.381175,0.426216
5.98662,-0.334177,-0.629921,-0.321058,0.426216
5.98687,-0.174164,-0.629921,-0.213428,0.426216
5.98712,0.0234202,-0.614173,-0.0598213,0.426216
5.98737,0.232778,-0.535433,0.09914,0.426216
5.98762,0.424135,-0.425197,0.244794,0.426216
5.98787,0.570548,-0.307087,0.361974,0.426216
5.98812,0.65225,-0.19685,0.417839,0.426216
5.98837,0.660956,-0.102362,0.40744,0.426216
5.98862,0.601682,-0.0314961,0.361101,0.426216
5.98887,0.490469,0.015748,0.263517,0.426216
5.98912,0.350426,0.0787402,0.164188,0.426216
5.98937,0.207488,0.149606,0.0709875,0.426216
5.98962,0.0830076,0.23622,0.0102393,0.426216
5.98987,-0.009638,0.330709,-0.022296,0.426216
5.99012,-0.0671817,0.440945,-0.0132133,0.426216
5.99037,-0.0968412,0.543307,0.00801466,0.426216
5.99061,-0.113474,0.614173,0.0436867,0.426216
5.99086,-0.134082,0.629921,0.054896,0.426216
5.99111,-0.173015,0.629921,0.038986,0.426216
5.99136,-0.237567,0.543307,-0.00913428,0.426216
5.99161,-0.325357,0.393701,-0.0937864,0.426216
5.99186,-0.423508,0.212598,-0.202049,0.426216
5.99211,-0.512476,0,-0.305789,0.426216
5.99236,-0.569116,-0.19685,-0.396814,0.426216
5.99261,-0.573436,-0.370079,-0.433123,0.426216
5.99286,-0.513518,-0.503937,-0.41031,0.426216
5.99311,-0.388381,-0.582677,-0.33167,0.426216
5.99336,-0.209576,-0.590551,-0.20843,0.426216
5.99361,0.00058589,-0.559055,-0.0602462,0.426216
5.99386,0.213012,-0.503937,0.0931574,0.426216
5.99411,0.398621,-0.417323,0.22571,0.426216
5.99436,0.532951,-0.338583,0.315104,0.426216
5.99461,0.601244,-0.267717,0.353009,0.426216
5.99486,0.601629,-0.212598,0.337435,0.426216
5.99511,0.544072,-0.15748,0.284076,0.426216
5.99536,0.447418,-0.110236,0.203762,0.426216
5.99561,0.335415,-0.0393701,0.127363,0.426216
5.99586,0.229835,0.0393701,0.0716002,0.426216
5.99611,0.146383,0.149606,0.0481101,0.426216
5.99636,0.0913213,0.283465,0.0564794,0.426216
5.99661,0.060534,0.417323,0.0877074,0.426216
5.99686,0.0412207,0.535433,0.127608,0.426216
5.99711,0.0167401,0.622047,0.148,0.426216
5.99736,-0.0285388,0.629921,0.136837,0.426216
5.99761,-0.104472,0.629921,0.0953794,0.426216
5.99786,-0.211709,0.535433,-0.000809294,0.426216
5.99811,-0.33967,0.393701,-0.120241,0.426216
5.99836,-0.469654,0.220472,-0.248199,0.426216
5.99861,-0.577155,0.023622,-0.368194,0.426216
5.99886,-0.638535,-0.141732,-0.455656,0.426216
5.99911,-0.636113,-0.299213,-0.477707,0.426216
5.99936,-0.5623,-0.393701,-0.439184,0.426216
5.99961,-0.42207,-0.456693,-0.348044,0.426216
5.99986,-0.233261,-0.464567,-0.211162,0.426216
6.00011,-0.0216996,-0.448819,-0.0608534,0.426216
6.00036,0.183093,-0.409449,0.0896355,0.426216
6.00061,0.353626,-0.370079,0.204046,0.426216
6.00086,0.469923,-0.338583,0.275733,0.426216
6.00111,0.523758,-0.314961,0.297956,0.426216
6.00136,0.519082,-0.291339,0.280741,0.426216
6.00161,0.469513,-0.259843,0.231106,0.426216
6.00186,0.396013,-0.212598,0.172639,0.426216
6.00211,0.319588,-0.133858,0.128017,0.426216
6.00236,0.257323,-0.0314961,0.1072,0.426216
6.00261,0.217708,0.0944882,0.121498,0.426216
6.00286,0.199324,0.244094,0.154723,0.426216
6.00311,0.191056,0.385827,0.19757,0.426216
6.00336,0.177271,0.503937,0.225554,0.426216
6.00361,0.140249,0.590551,0.232456,0.426216
6.00386,0.0675217,0.622047,0.198946,0.426216
6.00411,-0.045181,0.582677,0.114953,0.426216
6.00436,-0.190573,0.629921,-0.0175162,0.426216
6.00461,-0.351942,0.629921,-0.164166,0.426216
6.00486,-0.504749,0.362205,-0.306315,0.426216
6.00511,-0.622493,0.0551181,-0.426971,0.426216
6.00536,-0.682609,-0.228346,-0.495035,0.426216
6.00561,-0.670849,-0.472441,-0.494477,0.426216
6.00586,-0.585244,-0.629921,-0.432506,0.426216
6.00611,-0.437116,-0.629921,-0.32578,0.426216
6.00636,-0.248044,-0.629921,-0.180705,0.426216
6.00661,-0.0455946,-0.629921,-0.0429776,0.426216
6.00686,0.140853,-0.629921,0.0780297,0.426216
6.00711,0.288398,-0.629921,0.155427,0.426216
6.00736,0.383199,-0.629921,0.189999,0.426216
6.00761,0.423548,-0.629921,0.175604,0.426216
6.00786,0.417847,-0.629921,0.121137,0.426216
6.00811,0.383588,-0.629921,0.0661718,0.426216
6.00836,0.340359,-0.480315,0.0276682,0.426216
6.00861,0.305726,-0.141732,0.00856289,0.426216
6.00885,0.289984,0.220472,0.0229029,0.426216
6.0091,0.294047,0.590551,0.0681712,0.426216
6.00935,0.308701,0.629921,0.141991,0.426216
6.0096,0.318367,0.629921,0.214916,0.426216
6.00985,0.3046,0.629921,0.274852,0.426216
6.0101,0.251279,0.629921,0.308419,0.426216
6.01035,0.150178,0.629921,0.290601,0.426216
6.0106,0.00424962,0.629921,0.2252,0.426216
6.01085,-0.172868,0.629921,0.107429,0.426216
6.0111,-0.358613,0.629921,-0.0325589,0.426216
6.01135,-0.524548,0.496063,-0.174439,0.426216
6.0116,-0.644508,0.23622,-0.293737,0.426216
6.01185,-0.698179,-0.00787402,-0.359006,0.426216
6.0121,-0.676662,-0.23622,-0.377056,0.426216
6.01235,-0.583719,-0.433071,-0.346902,0.426216
6.0126,-0.435568,-0.622047,-0.266281,0.426216
6.01285,-0.256289,-0.629921,-0.171795,0.426216
6.0131,-0.0744896,-0.629921,-0.0833809,0.426216
6.01335,0.084868,-0.629921,-0.0131406,0.426216
6.0136,0.204029,-0.629921,0.0148547,0.426216
6.01385,0.27622,-0.629921,0.0123318,0.426216
6.0141,0.305019,-0.629921,-0.015052,0.426216
6.01435,0.304231,-0.629921,-0.0580234,0.426216
6.0146,0.291813,-0.629921,-0.0825925,0.426216
6.01485,0.284746,-0.614173,-0.077942,0.426216
6.0151,0.295369,-0.267717,-0.0348022,0.426216
6.01535,0.326586,0.102362,0.0448776,0.426216
6.0156,0.371215,0.472441,0.158562,0.426216
6.01585,0.414098,0.629921,0.267424,0.426216
6.0161,0.435743,0.629921,0.358329,0.426216
6.01635,0.416722,0.629921,0.419326,0.426216
6.0166,0.344957,0.629921,0.433172,0.426216
6.01685,0.217524,0.629921,0.38626,0.426216
6.0171,0.0437572,0.629921,0.280062,0.426216
6.01735,-0.156768,0.629921,0.135365,0.426216
6.0176,-0.35602,0.629921,-0.0281664,0.426216
6.01785,-0.525541,0.622047,-0.184591,0.426216
6.0181,-0.640191,0.409449,-0.300763,0.426216
6.01835,-0.684207,0.204724,-0.369106,0.426216
6.0186,-0.654247,0,-0.3789,0.426216
6.01885,-0.559843,-0.204724,-0.343085,0.426216
6.0191,-0.420362,-0.417323,-0.266187,0.426216
6.01935,-0.261915,-0.629921,-0.180725,0.426216
6.0196,-0.109884,-0.629921,-0.0994768,0.426216
6.01985,0.0156749,-0.629921,-0.0500008,0.426216
6.0201,0.103266,-0.629921,-0.0381134,0.426216
6.02035,0.152947,-0.629921,-0.0540856,0.426216
6.0206,0.174703,-0.629921,-0.0790675,0.426216
6.02085,0.184575,-0.629921,-0.111602,0.426216
6.0211,0.199183,-0.629921,-0.117936,0.426216
6.02135,0.232338,-0.629921,-0.0814534,0.426216
6.0216,0.289205,-0.377953,-0.0130954,0.426216
6.02185,0.364735,-0.015748,0.0980644,0.426216
6.0221,0.444868,0.338583,0.228011,0.426216
6.02235,0.509472,0.629921,0.337817,0.426216
6.0226,0.536415,0.629921,0.429278,0.426216
6.02285,0.508905,0.629921,0.460509,0.426216
6.0231,0.418334,0.629921,0.445183,0.426216
6.02335,0.268145,0.629921,0.363288,0.426216
6.0236,0.0741287,0.629921,0.25094,0.363443
6.02385,-0.138715,0.629921,0.0980201,0.363443
6.0241,-0.341179,0.629921,-0.0485372,0.363443
6.02435,-0.504831,0.629921,-0.186535,0.363443
6.0246,-0.608168,0.590551,-0.277705,0.363443
6.02485,-0.641061,0.425197,-0.31657,0.363443
6.0251,-0.606092,0.23622,-0.308937,0.363443
6.02535,-0.516929,0.015748,-0.261705,0.363443
6.0256,-0.39593,-0.220472,-0.192734,0.363443
6.02585,-0.26741,-0.480315,-0.127866,0.363443
6.0261,-0.152622,-0.629921,-0.0785934,0.363443
6.02635,-0.0658837,-0.629921,-0.0571066,0.363443
6.0266,-0.0107019,-0.629921,-0.0790865,0.363443
6.02684,0.019655,-0.629921,-0.108383,0.363443
6.02709,0.0393514,-0.629921,-0.152323,0.363443
6.02734,0.0646762,-0.629921,-0.181456,0.363443
6.02759,0.110888,-0.629921,-0.169632,0.363443
6.02784,0.185667,-0.629921,-0.114175,0.363443
6.02809,0.286554,-0.472441,-0.0250465,0.363443
6.02834,0.401352,-0.133858,0.113224,0.363443
6.02859,0.510057,0.181102,0.252301,0.363443
6.02884,0.588547,0.456693,0.367924,0.363443
6.02909,0.615614,0.629921,0.443999,0.363443
6.02934,0.576821,0.629921,0.466671,0.363443
6.02959,0.469229,0.629921,0.435911,0.363443
6.02984,0.302727,0.629921,0.348452,0.363443
6.03009,0.0982697,0.629921,0.223156,0.363443
6.03034,-0.116355,0.629921,0.0902181,0.363443
6.03059,-0.31126,0.629921,-0.0440242,0.363443
6.03084,-0.460738,0.629921,-0.14208,0.363443
6.03109,-0.548759,0.629921,-0.211289,0.363443
6.03134,-0.571254,0.629921,-0.230459,0.363443
6.03159,-0.535841,0.472441,-0.202446,0.363443
6.03184,-0.45984,0.251969,-0.161914,0.363443
6.03209,-0.365842,-0.015748,-0.123179,0.363443
6.03234,-0.274946,-0.314961,-0.0879336,0.363443
6.03259,-0.203201,-0.622047,-0.0812097,0.363443
6.03284,-0.156858,-0.629921,-0.0999542,0.363443
6.03309,-0.132156,-0.629921,-0.142239,0.363443
6.03334,-0.117018,-0.629921,-0.197844,0.363443
6.03359,-0.0948184,-0.629921,-0.243981,0.363443
6.03384,-0.0490184,-0.629921,-0.255036,0.363443
6.03409,0.0308914,-0.629921,-0.227284,0.363443
6.03434,0.145684,-0.629921,-0.145768,0.363443
6.03459,0.285944,-0.559055,-0.0291832,0.363443
6.03484,0.432943,-0.267717,0.121598,0.363443
6.03509,0.561372,0,0.275289,0.363443
6.03534,0.646519,0.228346,0.393414,0.363443
6.03559,0.668754,0.425197,0.464268,0.363443
6.03584,0.618092,0.574803,0.467584,0.363443
6.03609,0.497654,0.629921,0.414218,0.363443
6.03634,0.322866,0.629921,0.316238,0.363443
6.03659,0.1182,0.629921,0.198827,0.363443
6.03684,-0.0868182,0.629921,0.0679804,0.363443
6.03709,-0.264228,0.629921,-0.0336329,0.363443
6.03734,-0.393355,0.629921,-0.105554,0.363443
6.03759,-0.464208,0.629921,-0.146563,0.363443
6.03784,-0.47833,0.629921,-0.136943,0.363443
6.03809,-0.448158,0.629921,-0.110313,0.363443
6.03834,-0.39324,0.448819,-0.0791431,0.363443
6.03859,-0.333656,0.165354,-0.060451,0.363443
6.03884,-0.286473,-0.149606,-0.0646214,0.363443
6.03909,-0.260153,-0.472441,-0.0947253,0.363443
6.03934,-0.253403,-0.629921,-0.156805,0.363443
6.03959,-0.255758,-0.629921,-0.220216,0.363443
6.03984,-0.25086,-0.629921,-0.28568,0.363443
6.04009,-0.220352,-0.629921,-0.319045,0.363443
6.04034,-0.151319,-0.629921,-0.320868,0.363443
6.04059,-0.0384047,-0.629921,-0.265667,0.363443
6.04084,0.112567,-0.629921,-0.157731,0.363443
6.04109,0.285372,-0.629921,-0.0144934,0.363443
6.04134,0.454931,-0.409449,0.145691,0.363443
6.04159,0.594328,-0.19685,0.295676,0.363443
6.04184,0.679289,-0.00787402,0.397057,0.363443
6.04209,0.693299,0.141732,0.449684,0.363443
6.04234,0.632209,0.291339,0.439018,0.363443
6.04259,0.504806,0.433071,0.374497,0.363443
6.04284,0.330751,0.574803,0.270626,0.363443
6.04309,0.13709,0.629921,0.1569,0.363443
6.04334,-0.0476291,0.629921,0.0457285,0.363443
6.04359,-0.199733,0.629921,-0.0397157,0.363443
6.04384,-0.304405,0.629921,-0.086842,0.363443
6.04409,-0.357736,0.629921,-0.0938949,0.363443
6.04434,-0.36728,0.629921,-0.073109,0.363443
6.04459,-0.349183,0.629921,-0.0383076,0.363443
6.04484,-0.321824,0.606299,-0.0187828,0.363443
6.04508,-0.30278,0.314961,-0.0211626,0.363443
6.04533,-0.302246,0,-0.0520777,0.363443
6.04558,-0.321209,-0.322835,-0.121983,0.363443
6.04583,-0.350805,-0.622047,-0.202243,0.363443
6.04608,-0.375082,-0.629921,-0.279886,0.363443
6.04633,-0.374244,-0.629921,-0.340333,0.363443
6.04658,-0.332024,-0.629921,-0.372106,0.363443
6.04683,-0.238704,-0.629921,-0.346423,0.363443
6.04708,-0.0953218,-0.629921,-0.268803,0.363443
6.04733,0.0857198,-0.629921,-0.151135,0.363443
6.04758,0.281221,-0.629921,-7.10788e-05,0.363443
6.04783,0.463597,-0.535433,0.156596,0.363443
6.04808,0.605309,-0.393701,0.284741,0.363443
6.04833,0.683914,-0.251969,0.374247,0.363443
6.04858,0.688348,-0.110236,0.40766,0.363443
6.04883,0.620124,0.0393701,0.3793,0.363443
6.04908,0.492943,0.204724,0.306811,0.363443
6.04933,0.329717,0.385827,0.209549,0.363443
6.04958,0.157813,0.582677,0.103415,0.363443
6.04983,0.00201319,0.629921,0.022321,0.363443
6.05008,-0.118673,0.629921,-0.0255634,0.363443
6.05033,-0.196514,0.629921,-0.0417379,0.363443
6.05058,-0.234306,0.629921,-0.0280674,0.363443
6.05083,-0.244718,0.629921,0.00872316,0.363443
6.05108,-0.244215,0.629921,0.0379407,0.363443
6.05133,-0.250497,0.629921,0.0465152,0.363443
6.05158,-0.275345,0.425197,0.0160519,0.363443
6.05183,-0.321798,0.110236,-0.0529734,0.363443
6.05208,-0.383024,-0.188976,-0.140041,0.363443
6.05233,-0.443754,-0.456693,-0.242714,0.363443
6.05258,-0.483132,-0.629921,-0.337376,0.363443
6.05283,-0.481586,-0.629921,-0.392358,0.363443
6.05308,-0.424787,-0.629921,-0.406384,0.363443
6.05333,-0.307983,-0.629921,-0.361816,0.363443
6.05358,-0.139392,-0.629921,-0.270653,0.363443
6.05383,0.0625187,-0.629921,-0.139408,0.363443
6.05408,0.270584,-0.629921,0.00812881,0.363443
6.05433,0.455799,-0.629921,0.148904,0.363443
6.05458,0.591154,-0.559055,0.26333,0.363443
6.05483,0.659392,-0.464567,0.332244,0.363443
6.05508,0.65473,-0.346457,0.342232,0.363443
6.05533,0.584238,-0.19685,0.302544,0.363443
6.05558,0.465569,0,0.234874,0.363443
6.05583,0.323341,0.212598,0.153017,0.363443
6.05608,0.182256,0.464567,0.0718257,0.363443
6.05633,0.0630136,0.629921,0.0245168,0.363443
6.05658,-0.0228048,0.629921,0.00360328,0.363443
6.05683,-0.0744434,0.629921,0.0213809,0.363443
6.05708,-0.100545,0.629921,0.052786,0.363443
6.05733,-0.116613,0.629921,0.0908968,0.363443
6.05758,-0.139506,0.629921,0.109677,0.363443
6.05783,-0.183121,0.629921,0.10029,0.363443
6.05808,-0.252512,0.496063,0.0421761,0.363443
6.05833,-0.343354,0.212598,-0.0584935,0.363443
6.05858,-0.441454,-0.0472441,-0.171204,0.363443
6.05883,-0.526126,-0.283465,-0.289055,0.363443
6.05908,-0.574357,-0.464567,-0.381689,0.363443
6.05933,-0.567492,-0.590551,-0.42557,0.363443
6.05958,-0.494844,-0.629921,-0.427453,0.363443
6.05983,-0.358473,-0.629921,-0.358879,0.363443
6.06008,-0.171873,-0.629921,-0.251134,0.363443
6.06033,0.0407968,-0.629921,-0.119281,0.363443
6.06058,0.250763,-0.629921,0.0208693,0.363443
6.06083,0.42822,-0.629921,0.149102,0.363443
6.06108,0.550834,-0.629921,0.232778,0.363443
6.06133,0.60638,-0.629921,0.275339,0.363443
6.06158,0.594851,-0.535433,0.260218,0.363443
6.06183,0.528175,-0.377953,0.219521,0.363443
6.06208,0.427012,-0.165354,0.160987,0.363443
6.06233,0.314617,0.0787402,0.0969001,0.363443
6.06258,0.212231,0.354331,0.0518643,0.363443
6.06283,0.134058,0.622047,0.0427055,0.363443
6.06308,0.0840315,0.629921,0.0541521,0.363443
6.06332,0.056416,0.629921,0.0954878,0.363443
6.06357,0.0374596,0.629921,0.140881,0.363443
6.06382,0.0104058,0.629921,0.175774,0.363443
6.06407,-0.0403228,0.629921,0.178955,0.363443
6.06432,-0.122337,0.629921,0.144059,0.363443
6.06457,-0.234381,0.519685,0.0589712,0.363443
6.06482,-0.364469,0.291339,-0.0598104,0.363443
6.06507,-0.492169,0.0629921,-0.195787,0.363443
6.06532,-0.592748,-0.11811,-0.318835,0.363443
6.06557,-0.643453,-0.259843,-0.405818,0.363443
6.06582,-0.627715,-0.377953,-0.451591,0.363443
6.06607,-0.540776,-0.456693,-0.427957,0.363443
6.06632,-0.389978,-0.527559,-0.342815,0.363443
6.06657,-0.194543,-0.598425,-0.22576,0.363443
6.06682,0.0181818,-0.629921,-0.0942982,0.363443
6.06707,0.218294,-0.629921,0.0363078,0.363443
6.06732,0.379714,-0.629921,0.135394,0.363443
6.06757,0.484839,-0.629921,0.195805,0.363443
6.06782,0.527083,-0.629921,0.219321,0.363443
6.06807,0.51245,-0.629921,0.194577,0.363443
6.06832,0.457,-0.519685,0.147503,0.363443
6.06857,0.381396,-0.291339,0.102908,0.363443
6.06882,0.306512,-0.023622,0.0727076,0.363443
6.06907,0.248185,0.259843,0.0571444,0.363443
6.06932,0.21289,0.535433,0.0805442,0.363443
6.06957,0.197381,0.629921,0.121798,0.363443
6.06982,0.189554,0.629921,0.175279,0.363443
6.07007,0.172473,0.629921,0.228246,0.363443
6.07032,0.129538,0.629921,0.246201,0.363443
6.07057,0.0494265,0.629921,0.223679,0.363443
6.07082,-0.0700773,0.629921,0.159128,0.363443
6.07107,-0.220177,0.527559,0.0455295,0.363443
6.07132,-0.381931,0.354331,-0.0936044,0.363443
6.07157,-0.530085,0.188976,-0.22735,0.363443
6.07182,-0.638785,0.0551181,-0.354243,0.363443
6.07207,-0.686074,-0.0472441,-0.422358,0.363443
6.07232,-0.66031,-0.149606,-0.450277,0.363443
6.07257,-0.561916,-0.244094,-0.406411,0.363443
6.07282,-0.404085,-0.354331,-0.311847,0.363443
6.07307,-0.210164,-0.472441,-0.196436,0.363443
6.07332,-0.00896007,-0.598425,-0.0637057,0.363443
6.07357,0.171998,-0.629921,0.0442285,0.363443
6.07382,0.310407,-0.629921,0.120839,0.363443
6.07407,0.394802,-0.629921,0.157286,0.363443
6.07432,0.42529,-0.629921,0.155183,0.363443
6.07457,0.413115,-0.629921,0.132723,0.363443
6.07482,0.375672,-0.606299,0.0943657,0.363443
6.07507,0.332801,-0.377953,0.0620703,0.363443
6.07532,0.301187,-0.102362,0.0619783,0.363443
6.07557,0.289335,0.173228,0.0778611,0.363443
6.07582,0.296338,0.433071,0.130833,0.363443
6.07607,0.311534,0.629921,0.200229,0.363443
6.07632,0.318195,0.629921,0.262739,0.363443
6.07657,0.297907,0.629921,0.296517,0.363443
6.07682,0.236044,0.629921,0.305719,0.363443
6.07707,0.126236,0.629921,0.254527,0.363443
6.07732,-0.0271102,0.629921,0.163798,0.363443
6.07757,-0.207887,0.519685,0.0354183,0.363443
6.07782,-0.3918,0.409449,-0.113193,0.363443
6.07807,-0.551174,0.314961,-0.253127,0.363443
6.07832,-0.660002,0.228346,-0.359168,0.363443
6.07857,-0.699938,0.149606,-0.410243,0.363443
6.07882,-0.664369,0.0551181,-0.418248,0.363443
6.07907,-0.559583,-0.0472441,-0.356596,0.363443
6.07932,-0.403634,-0.188976,-0.270403,0.363443
6.07957,-0.221873,-0.354331,-0.157998,0.363443
6.07982,-0.0422998,-0.527559,-0.042682,0.363443
6.08007,0.110661,-0.629921,0.0360894,0.363443
6.08032,0.22116,-0.629921,0.0902538,0.363443
6.08057,0.284464,-0.629921,0.106884,0.363443
6.08082,0.306718,-0.629921,0.0882759,0.363443
6.08107,0.302301,-0.629921,0.049951,0.363443
6.08132,0.289409,-0.629921,0.0263942,0.363443
6.08156,0.28521,-0.425197,0.0170371,0.363443
6.08181,0.299705,-0.15748,0.0512939,0.363443
6.08206,0.334249,0.0944882,0.108622,0.363443
6.08231,0.379955,0.322835,0.185157,0.363443
6.08256,0.420467,0.503937,0.261426,0.363443
6.08281,0.435698,0.614173,0.331738,0.363443
6.08306,0.407698,0.629921,0.366635,0.363443
6.08331,0.325179,0.629921,0.343522,0.363443
6.08356,0.188047,0.622047,0.282363,0.363443
6.08381,0.0074149,0.559055,0.167868,0.363443
6.08406,-0.194762,0.511811,0.0253512,0.363443
6.08431,-0.390804,0.464567,-0.120454,0.363443
6.08456,-0.551752,0.425197,-0.256304,0.363443
6.08481,-0.653975,0.385827,-0.340089,0.363443
6.08506,-0.684095,0.330709,-0.386688,0.363443
6.08531,-0.641051,0.244094,-0.369987,0.363443
6.08556,-0.536528,0.110236,-0.306378,0.363443
6.08581,-0.391529,-0.0472441,-0.220722,0.363443
6.08606,-0.232282,-0.251969,-0.121317,0.363443
6.08631,-0.08384,-0.472441,-0.0392365,0.363443
6.08656,0.0348976,-0.629921,0.0118698,0.363443
6.08681,0.115366,-0.629921,0.0356764,0.363443
6.08706,0.158822,-0.629921,0.0272919,0.363443
6.08731,0.176997,-0.629921,0.00118677,0.363443
6.08756,0.186178,-0.629921,-0.0271026,0.363443
6.08781,0.203764,-0.629921,-0.0374243,0.363443
6.08806,0.241188,-0.433071,-0.0125045,0.363443
6.08831,0.302147,-0.204724,0.0398883,0.363443
6.08856,0.379887,0.015748,0.129565,0.363443
6.08881,0.458908,0.204724,0.231768,0.363443
6.08906,0.517917,0.338583,0.331168,0.363443
6.08931,0.535893,0.433071,0.398561,0.363443
6.08956,0.496759,0.472441,0.415928,0.363443
6.08981,0.394456,0.488189,0.372908,0.363443
6.09006,0.234671,0.488189,0.287309,0.363443
6.09031,0.0348973,0.488189,0.15168,0.363443
6.09056,-0.178257,0.496063,0.00149536,0.363443
6.09081,-0.375474,0.511811,-0.141078,0.363443
6.09106,-0.529045,0.527559,-0.260754,0.363443
6.09131,-0.619802,0.519685,-0.33218,0.363443
6.09156,-0.639441,0.480315,-0.360275,0.363443
6.09181,-0.592997,0.385827,-0.332081,0.363443
6.09206,-0.496039,0.228346,-0.26137,0.363443
6.09231,-0.371771,0.0314961,-0.184923,0.363443
6.09256,-0.244267,-0.19685,-0.103672,0.363443
6.09281,-0.134178,-0.425197,-0.0536097,0.363443
6.09306,-0.0531489,-0.629921,-0.0212117,0.363443
6.09331,-0.0033843,-0.629921,-0.021312,0.363443
6.09356,0.0237242,-0.629921,-0.0520302,0.363443
6.09381,0.0428296,-0.629921,-0.0826509,0.363443
6.09406,0.0714783,-0.629921,-0.099792,0.363443
6.09431,0.122656,-0.606299,-0.0870573,0.363443
6.09456,0.202652,-0.417323,-0.0321131,0.363443
6.09481,0.307477,-0.220472,0.0572218,0.363443
6.09506,0.422967,-0.0393701,0.163706,0.363443
6.09531,0.527686,0.0866142,0.282927,0.363443
6.09556,0.598078,0.181102,0.37799,0.363443
6.09581,0.613561,0.251969,0.436334,0.363443
6.09606,0.561797,0.283465,0.434537,0.363443
6.09631,0.442189,0.314961,0.379615,0.363443
6.09656,0.266596,0.354331,0.269804,0.363443
6.09681,0.0580117,0.409449,0.129357,0.363443
6.09706,-0.155131,0.480315,-0.0193778,0.363443
6.09731,-0.343082,0.551181,-0.152939,0.363443
6.09756,-0.482215,0.606299,-0.248896,0.363443
6.09781,-0.557903,0.622047,-0.307556,0.363443
6.09806,-0.568551,0.582677,-0.314979,0.363443
6.09831,-0.523971,0.480315,-0.276257,0.363443
6.09856,-0.443002,0.314961,-0.210273,0.363443
6.09881,-0.348072,0.0944882,-0.1499,0.363443
6.09906,-0.25985,-0.141732,-0.0937322,0.363443
6.09931,-0.192535,-0.377953,-0.0711185,0.363443
6.09956,-0.150918,-0.574803,-0.0722924,0.363443
6.0998,-0.129202,-0.629921,-0.101093,0.363443
6.10005,-0.113808,-0.629921,-0.128726,0.363443
6.1003,-0.088358,-0.629921,-0.16035,0.363443
6.10055,-0.0367947,-0.629921,-0.158017,0.363443
6.1008,0.0496619,-0.527559,-0.124885,0.363443
6.10105,0.170455,-0.377953,-0.040111,0.363443
6.1013,0.313574,-0.23622,0.0683807,0.363443
6.10155,0.459021,-0.11811,0.193516,0.363443
6.1018,0.581245,-0.0314961,0.312512,0.363443
6.10205,0.655985,0.023622,0.403946,0.363443
6.1023,0.66489,0.0629921,0.454851,0.363443
6.10255,0.600715,0.102362,0.433008,0.363443
6.1028,0.468456,0.165354,0.371591,0.363443
6.10305,0.286034,0.244094,0.250026,0.363443
6.1033,0.079068,0.346457,0.114811,0.363443
6.10355,-0.12285,0.464567,-0.0204213,0.363443
6.1038,-0.292553,0.574803,-0.137267,0.363443
6.10405,-0.411171,0.629921,-0.2237,0.363443
6.1043,-0.47078,0.629921,-0.250951,0.363443
6.10455,-0.475463,0.629921,-0.242176,0.363443
6.1048,-0.439215,0.527559,-0.208723,0.363443
6.10505,-0.381878,0.346457,-0.155796,0.363443
6.1053,-0.323535,0.125984,-0.123589,0.363443
6.10555,-0.279849,-0.102362,-0.10263,0.363443
6.1058,-0.257648,-0.314961,-0.107822,0.363443
6.10605,-0.253684,-0.488189,-0.141998,0.363443
6.1063,-0.255827,-0.598425,-0.183779,0.363443
6.10655,-0.247513,-0.629921,-0.232069,0.363443
6.1068,-0.210837,-0.614173,-0.23986,0.363443
6.10705,-0.133495,-0.535433,-0.218998,0.363443
6.1073,-0.0126622,-0.440945,-0.158502,0.363443
6.10755,0.143845,-0.338583,-0.0505939,0.363443
6.1078,0.317943,-0.251969,0.0794432,0.363443
6.10805,0.48408,-0.188976,0.223616,0.363443
6.1083,0.615094,-0.15748,0.344569,0.363443
6.10855,0.687567,-0.125984,0.433079,0.363443
6.1088,0.687504,-0.102362,0.463346,0.363443
6.10905,0.612966,-0.0472441,0.436059,0.363443
6.1093,0.475088,0.0314961,0.350449,0.363443
6.10955,0.29519,0.149606,0.232997,0.363443
6.1098,0.101061,0.299213,0.106514,0.363443
6.11005,-0.0791735,0.448819,-0.0177535,0.363443
6.1103,-0.223199,0.590551,-0.111104,0.363443
6.11055,-0.318251,0.629921,-0.163943,0.363443
6.1108,-0.362414,0.629921,-0.183349,0.363443
6.11105,-0.365523,0.629921,-0.173685,0.363443
6.1113,-0.344142,0.535433,-0.141997,0.363443
6.11155,-0.317268,0.354331,-0.108339,0.363443
6.1118,-0.301123,0.141732,-0.0980747,0.363443
6.11205,-0.304478,-0.0708661,-0.122854,0.363443
6.1123,-0.326375,-0.259843,-0.164452,0.363443
6.11255,-0.356217,-0.393701,-0.219148,0.363443
6.1128,-0.377327,-0.472441,-0.281743,0.363443
6.11305,-0.370048,-0.488189,-0.32113,0.363443
6.1133,-0.318583,-0.448819,-0.3165,0.363443
6.11355,-0.215411,-0.393701,-0.270408,0.363443
6.1138,-0.0637832,-0.338583,-0.176399,0.363443
6.11405,0.121738,-0.291339,-0.0454755,0.363443
6.1143,0.317193,-0.267717,0.11391,0.363443
6.11455,0.494096,-0.267717,0.266686,0.363443
6.1148,0.625182,-0.267717,0.386796,0.363443
6.11505,0.690532,-0.275591,0.458268,0.363443
6.1153,0.680869,-0.244094,0.474879,0.363443
6.11555,0.600265,-0.181102,0.427654,0.363443
6.1158,0.46434,-0.0708661,0.341289,0.363443
6.11605,0.297433,0.0787402,0.226215,0.363443
6.1163,0.126798,0.251969,0.100493,0.363443
6.11655,-0.0234064,0.425197,0.000139122,0.363443
6.1168,-0.136612,0.574803,-0.0738675,0.363443
6.11705,-0.206341,0.629921,-0.114217,0.363443
6.1173,-0.23794,0.629921,-0.114783,0.363443
6.11755,-0.244797,0.622047,-0.102122,0.363443
6.11779,-0.244509,0.496063,-0.0791295,0.363443
6.11804,-0.253541,0.322835,-0.0770326,0.363443
6.11829,-0.282403,0.133858,-0.0981287,0.363443
6.11854,-0.332465,-0.0393701,-0.148929,0.363443
6.11879,-0.394917,-0.181102,-0.221371,0.363443
6.11904,-0.453313,-0.275591,-0.298398,0.363443
6.11929,-0.486573,-0.314961,-0.361325,0.363443
6.11954,-0.475376,-0.314961,-0.390759,0.363443
6.11979,-0.407405,-0.291339,-0.370226,0.363443
6.12004,-0.280185,-0.259843,-0.290391,0.363443
6.12029,-0.10329,-0.244094,-0.179061,0.363443
6.12054,0.101842,-0.251969,-0.0199263,0.363443
6.12079,0.307792,-0.283465,0.145649,0.363443
6.12104,0.485374,-0.330709,0.288856,0.363443
6.12129,0.609383,-0.370079,0.402438,0.363443
6.12154,0.664013,-0.377953,0.455286,0.363443
6.12179,0.646147,-0.354331,0.453827,0.363443
6.12204,0.565096,-0.275591,0.400608,0.363443
6.12229,0.440027,-0.133858,0.309998,0.363443
6.12254,0.29619,0.0314961,0.201191,0.363443
6.12279,0.157896,0.220472,0.101034,0.363443
6.12304,0.0442046,0.393701,0.0239591,0.363443
6.12329,-0.0349825,0.535433,-0.017931,0.363443
6.12354,-0.0807079,0.606299,-0.0396075,0.231736
6.12379,-0.103894,0.606299,-0.0341573,0.231736
6.12404,-0.119826,0.543307,-0.0241764,0.231736
6.12429,-0.14586,0.417323,-0.021127,0.231736
6.12454,-0.193999,0.267717,-0.0429081,0.231736
6.12479,-0.268184,0.11811,-0.104222,0.231736
6.12504,-0.361683,-0.00787402,-0.185671,0.231736
6.12529,-0.459125,-0.0944882,-0.271478,0.231736
6.12554,-0.538493,-0.149606,-0.362981,0.231736
6.12579,-0.577644,-0.15748,-0.431373,0.231736
6.12604,-0.558991,-0.141732,-0.449998,0.231736
6.12629,-0.47411,-0.125984,-0.411047,0.231736
6.12654,-0.326666,-0.133858,-0.309921,0.231736
6.12679,-0.133242,-0.165354,-0.175113,0.231736
6.12704,0.0811419,-0.220472,-0.00433348,0.231736
6.12729,0.2872,-0.299213,0.158786,0.231736
6.12754,0.455875,-0.370079,0.3009,0.231736
6.12779,0.566516,-0.433071,0.392645,0.231736
6.12804,0.609027,-0.448819,0.433674,0.231736
6.12829,0.586129,-0.409449,0.420559,0.231736
6.12854,0.511244,-0.314961,0.361643,0.231736
6.12879,0.406189,-0.15748,0.278201,0.231736
6.12904,0.294165,0.00787402,0.196671,0.231736
6.12929,0.195486,0.19685,0.117852,0.231736
6.12954,0.122562,0.354331,0.0762798,0.231736
6.12979,0.0776363,0.472441,0.0483367,0.231736
6.13004,0.0526064,0.511811,0.0511805,0.231736
6.13029,0.0335945,0.488189,0.0641681,0.231736
6.13054,0.0030048,0.417323,0.0633695,0.231736
6.13079,-0.0530136,0.307087,0.038908,0.231736
6.13104,-0.141269,0.188976,-0.0186157,0.231736
6.13129,-0.257847,0.0866142,-0.104943,0.231736
6.13154,-0.389279,0.00787402,-0.226381,0.231736
6.13179,-0.513734,-0.023622,-0.341944,0.231736
6.13204,-0.606573,-0.0314961,-0.443868,0.231736
6.13229,-0.645842,-0.00787402,-0.503067,0.231736
6.13254,-0.616926,0,-0.502707,0.231736
6.13279,-0.516902,0.00787402,-0.446348,0.231736
6.13304,-0.356109,-0.023622,-0.330319,0.231736
6.13329,-0.155447,-0.0866142,-0.173104,0.231736
6.13354,0.0574316,-0.181102,-0.00600187,0.231736
6.13379,0.252122,-0.291339,0.154912,0.231736
6.13404,0.404066,-0.385827,0.28841,0.231736
6.13429,0.497343,-0.448819,0.366479,0.231736
6.13454,0.5284,-0.464567,0.396998,0.231736
6.13479,0.504666,-0.409449,0.3736,0.231736
6.13504,0.443731,-0.307087,0.327334,0.231736
6.13529,0.366667,-0.15748,0.264936,0.231736
6.13554,0.294023,0.00787402,0.199578,0.231736
6.13579,0.239772,0.165354,0.159476,0.231736
6.13603,0.208852,0.283465,0.145468,0.231736
6.13628,0.195713,0.362205,0.147154,0.231736
6.13653,0.187703,0.377953,0.156298,0.231736
6.13678,0.167,0.346457,0.164625,0.231736
6.13703,0.117507,0.267717,0.13901,0.231736
6.13728,0.0298947,0.181102,0.0878463,0.231736
6.13753,-0.0962706,0.102362,-0.0114571,0.231736
6.13778,-0.250191,0.0472441,-0.12996,0.231736
6.13803,-0.411446,0.0314961,-0.275838,0.231736
6.13828,-0.554109,0.0472441,-0.411824,0.231736
6.13853,-0.65275,0.0866142,-0.509774,0.231736
6.13878,-0.686952,0.11811,-0.564365,0.231736
6.13903,-0.647147,0.141732,-0.544917,0.231736
6.13928,-0.536356,0.125984,-0.469774,0.231736
6.13953,-0.369969,0.0629921,-0.336767,0.231736
6.13978,-0.172217,-0.015748,-0.175227,0.231736
6.14003,0.0271799,-0.141732,-0.000470347,0.231736
6.14028,0.20147,-0.267717,0.147781,0.231736
6.14053,0.330504,-0.370079,0.262965,0.231736
6.14078,0.4045,-0.433071,0.329328,0.231736
6.14103,0.425862,-0.433071,0.345191,0.231736
6.14128,0.407359,-0.377953,0.324729,0.231736
6.14153,0.367573,-0.267717,0.287823,0.231736
6.14178,0.325695,-0.125984,0.250263,0.231736
6.14203,0.297383,0.00787402,0.222342,0.231736
6.14228,0.289436,0.133858,0.208563,0.231736
6.14253,0.298926,0.212598,0.220008,0.231736
6.14278,0.313906,0.244094,0.244034,0.231736
6.14303,0.31709,0.228346,0.264866,0.231736
6.14328,0.28974,0.173228,0.258681,0.231736
6.14353,0.219154,0.110236,0.207012,0.231736
6.14378,0.100516,0.0472441,0.120118,0.231736
6.14403,-0.0594474,0.00787402,-0.00355426,0.231736
6.14428,-0.242854,-0.590551,-0.168526,0.231736
6.14453,-0.424285,-0.464567,-0.327614,0.231736
6.14478,-0.576062,-0.314961,-0.465643,0.231736
6.14503,-0.673062,-0.141732,-0.566339,0.231736
6.14528,-0.699026,0.015748,-0.616663,0.231736
6.14553,-0.649661,0.165354,-0.600919,0.231736
6.14578,-0.53375,0.283465,-0.525456,0.231736
6.14603,-0.370599,0.370079,-0.408771,0.231736
6.14628,-0.187351,0.425197,-0.263749,0.231736
6.14653,-0.0112787,0.464567,-0.119813,0.231736
6.14678,0.134898,0.488189,0.0213908,0.231736
6.14703,0.236616,0.503937,0.130896,0.231736
6.14728,0.291336,0.511811,0.21148,0.231736
6.14753,0.307272,0.511811,0.272643,0.231736
6.14778,0.300078,0.488189,0.314606,0.231736
6.14803,0.287606,0.440945,0.355326,0.231736
6.14828,0.286278,0.362205,0.412042,0.231736
6.14853,0.304799,0.244094,0.484765,0.231736
6.14878,0.342314,0.0866142,0.561836,0.231736
6.14903,0.388434,-0.0866142,0.631043,0.231736
6.14928,0.425899,-0.283465,0.676596,0.231736
6.14953,0.434122,-0.464567,0.664658,0.231736
6.14978,0.396621,-0.629921,0.597506,0.231736
6.15003,0.3037,-0.629921,0.459503,0.231736
6.15028,0.157032,-0.629921,0.236981,0.231736
6.15053,-0.0295475,-0.629921,-0.0284952,0.231736
6.15078,-0.232759,-0.629921,-0.319994,0.231736
6.15103,-0.424342,-0.606299,-0.592921,0.231736
6.15128,-0.575889,-0.448819,-0.819694,0.231736
6.15153,-0.665312,-0.283465,-0.97856,0.231736
6.15178,-0.681403,-0.11811,-1.02436,0.231736
6.15203,-0.625677,0.0314961,-0.984351,0.231736
6.15228,-0.511597,0.173228,-0.866245,0.231736
6.15253,-0.36208,0.299213,-0.675672,0.231736
6.15278,-0.203211,0.417323,-0.454578,0.231736
6.15303,-0.0589369,0.511811,-0.218778,0.231736
6.15328,0.0529789,0.606299,-0.00712255,0.231736
6.15353,0.125796,0.629921,0.165524,0.231736
6.15378,0.163796,0.629921,0.303475,0.231736
6.15403,0.178979,0.629921,0.409075,0.231736
6.15427,0.188453,0.629921,0.493869,0.231736
6.15452,0.208906,0.629921,0.573798,0.231736
6.15477,0.250881,0.590551,0.638765,0.231736
6.15502,0.315761,0.417323,0.711094,0.231736
6.15527,0.39509,0.188976,0.759843,0.231736
6.15552,0.472059,-0.0551181,0.795588,0.231736
6.15577,0.52491,-0.322835,0.781618,0.231736
6.15602,0.533324,-0.566929,0.714531,0.231736
6.15627,0.482574,-0.629921,0.580557,0.231736
6.15652,0.368545,-0.629921,0.377012,0.231736
6.15677,0.199668,-0.629921,0.112445,0.231736
6.15702,-0.00457475,-0.629921,-0.181363,0.231736
6.15727,-0.217417,-0.629921,-0.471249,0.231736
6.15752,-0.408229,-0.629921,-0.716917,0.231736
6.15777,-0.551214,-0.629921,-0.907805,0.231736
6.15802,-0.628802,-0.496063,-1.00139,0.231736
6.15827,-0.635482,-0.314961,-0.997672,0.231736
6.15852,-0.577977,-0.125984,-0.912123,0.231736
6.15877,-0.474222,0.0551181,-0.758142,0.231736
6.15902,-0.347505,0.23622,-0.563298,0.231736
6.15927,-0.221863,0.417323,-0.365149,0.231736
6.15952,-0.116602,0.590551,-0.177585,0.231736
6.15977,-0.0418269,0.629921,-0.0267039,0.231736
6.16002,0.00312542,0.629921,0.10416,0.231736
6.16027,0.0275158,0.629921,0.202582,0.231736
6.16052,0.0470639,0.629921,0.280903,0.231736
6.16077,0.0790904,0.629921,0.370084,0.231736
6.16102,0.135415,0.629921,0.458111,0.231736
6.16127,0.220674,0.629921,0.553587,0.231736
6.16152,0.328694,0.598425,0.654589,0.231736
6.16177,0.444033,0.314961,0.740268,0.231736
6.16202,0.544102,0,0.793977,0.231736
6.16227,0.605752,-0.307087,0.805363,0.231736
6.16252,0.609261,-0.598425,0.751626,0.231736
6.16277,0.544372,-0.629921,0.623229,0.231736
6.16302,0.41306,-0.629921,0.435124,0.231736
6.16327,0.229523,-0.629921,0.179235,0.231736
6.16352,0.0175986,-0.629921,-0.105173,0.231736
6.16377,-0.193021,-0.629921,-0.379883,0.231736
6.16402,-0.373398,-0.629921,-0.614575,0.231736
6.16427,-0.501265,-0.629921,-0.785725,0.231736
6.16452,-0.564744,-0.629921,-0.875766,0.231736
6.16477,-0.564023,-0.551181,-0.882498,0.231736
6.16502,-0.510948,-0.346457,-0.816194,0.231736
6.16527,-0.425674,-0.133858,-0.700455,0.231736
6.16552,-0.330422,0.0866142,-0.559716,0.231736
6.16577,-0.245406,0.330709,-0.425859,0.231736
6.16602,-0.182939,0.582677,-0.299436,0.231736
6.16627,-0.145578,0.629921,-0.202764,0.231736
6.16652,-0.126264,0.629921,-0.116551,0.231736
6.16677,-0.110661,0.629921,-0.0288624,0.231736
6.16702,-0.0809776,0.629921,0.0633201,0.231736
6.16727,-0.0233316,0.629921,0.188475,0.231736
6.16752,0.0698733,0.629921,0.330852,0.231736
6.16777,0.195859,0.629921,0.490167,0.231736
6.16802,0.341458,0.629921,0.646676,0.231736
6.16827,0.484376,0.472441,0.787753,0.231736
6.16852,0.599422,0.133858,0.887184,0.231736
6.16877,0.662996,-0.204724,0.912367,0.231736
6.16902,0.658436,-0.519685,0.867307,0.231736
6.16927,0.580726,-0.629921,0.738229,0.231736
6.16952,0.437662,-0.629921,0.529922,0.231736
6.16977,0.24834,-0.629921,0.273701,0.231736
6.17002,0.0400783,-0.629921,-0.0179483,0.231736
6.17027,-0.157504,-0.629921,-0.287308,0.231736
6.17052,-0.319113,-0.629921,-0.531095,0.231736
6.17077,-0.426897,-0.629921,-0.69499,0.231736
6.17102,-0.475603,-0.629921,-0.792031,0.231736
6.17127,-0.47118,-0.629921,-0.810673,0.231736
6.17152,-0.429528,-0.598425,-0.769326,0.231736
6.17177,-0.370391,-0.370079,-0.690332,0.231736
6.17202,-0.313958,-0.110236,-0.599941,0.231736
6.17227,-0.27399,0.173228,-0.511912,0.231736
6.17251,-0.25572,0.480315,-0.433669,0.231736
6.17276,-0.254033,0.629921,-0.370773,0.231736
6.17301,-0.255921,0.629921,-0.298741,0.231736
6.17326,-0.243168,0.629921,-0.214046,0.231736
6.17351,-0.199644,0.629921,-0.0983828,0.231736
6.17376,-0.114311,0.629921,0.064546,0.231736
6.17401,0.0143479,0.629921,0.25495,0.231736
6.17426,0.175898,0.629921,0.460928,0.231736
6.17451,0.350408,0.629921,0.666061,0.231736
6.17476,0.51188,0.629921,0.835088,0.231736
6.17501,0.633637,0.283465,0.950592,0.231736
6.17526,0.693297,-0.0393701,0.980909,0.231736
6.17551,0.67909,-0.354331,0.925746,0.231736
6.17576,0.591479,-0.622047,0.791055,0.231736
6.17601,0.443889,-0.629921,0.583464,0.231736
6.17626,0.259138,-0.629921,0.321767,0.231736
6.17651,0.065746,-0.629921,0.0464235,0.231736
6.17676,-0.109514,-0.629921,-0.208001,0.231736
6.17701,-0.244923,-0.629921,-0.427325,0.231736
6.17726,-0.330075,-0.629921,-0.580956,0.231736
6.17751,-0.365784,-0.629921,-0.676459,0.231736
6.17776,-0.3629,-0.629921,-0.708569,0.231736
6.17801,-0.33888,-0.629921,-0.692904,0.231736
6.17826,-0.313024,-0.614173,-0.657251,0.231736
6.17851,-0.30016,-0.330709,-0.611339,0.231736
6.17876,-0.307334,0,-0.57282,0.231736
6.17901,-0.331755,0.346457,-0.539988,0.231736
6.17926,-0.361651,0.629921,-0.509576,0.231736
6.17951,-0.378575,0.629921,-0.457615,0.231736
6.17976,-0.364085,0.629921,-0.370585,0.231736
6.18001,-0.303456,0.629921,-0.240028,0.231736
6.18026,-0.1904,0.629921,-0.0463767,0.231736
6.18051,-0.0309212,0.629921,0.181068,0.231736
6.18076,0.158334,0.629921,0.425895,0.231736
6.18101,0.352328,0.629921,0.653405,0.231736
6.18126,0.522803,0.629921,0.845119,0.231736
6.18151,0.642837,0.448819,0.962007,0.231736
6.18176,0.694457,0.141732,0.995167,0.231736
6.18201,0.670879,-0.141732,0.944865,0.231736
6.18226,0.578456,-0.409449,0.805523,0.231736
6.18251,0.43472,-0.629921,0.598719,0.231736
6.18276,0.26519,-0.629921,0.366073,0.231736
6.18301,0.0963959,-0.629921,0.118363,0.231736
6.18326,-0.0477328,-0.629921,-0.105153,0.231736
6.18351,-0.152776,-0.629921,-0.288127,0.231736
6.18376,-0.214933,-0.629921,-0.430829,0.231736
6.18401,-0.240697,-0.629921,-0.51895,0.231736
6.18426,-0.244645,-0.629921,-0.559841,0.231736
6.18451,-0.24498,-0.629921,-0.591446,0.231736
6.18476,-0.257292,-0.629921,-0.603659,0.231736
6.18501,-0.290291,-0.574803,-0.618802,0.231736
6.18526,-0.343581,-0.23622,-0.636855,0.231736
6.18551,-0.406665,0.11811,-0.649863,0.231736
6.18576,-0.46199,0.480315,-0.640197,0.231736
6.18601,-0.488304,0.629921,-0.605988,0.231736
6.18626,-0.467439,0.629921,-0.523257,0.231736
6.18651,-0.387927,0.629921,-0.374371,0.231736
6.18676,-0.250402,0.629921,-0.164994,0.231736
6.18701,-0.0665598,0.629921,0.0923095,0.231736
6.18726,0.141195,0.629921,0.363793,0.231736
6.18751,0.34417,0.629921,0.611506,0.231736
6.18776,0.51324,0.629921,0.81498,0.231736
6.18801,0.625036,0.551181,0.938409,0.231736
6.18826,0.666095,0.322835,0.977936,0.231736
6.18851,0.635367,0.102362,0.923446,0.231736
6.18876,0.544256,-0.0866142,0.802315,0.231736
6.18901,0.413816,-0.275591,0.622079,0.231736
6.18926,0.269242,-0.448819,0.419986,0.231736
6.18951,0.13434,-0.614173,0.212126,0.231736
6.18976,0.0268342,-0.629921,0.0370217,0.231736
6.19001,-0.0458603,-0.629921,-0.116654,0.231736
6.19026,-0.0864037,-0.629921,-0.225831,0.231736
6.19051,-0.106765,-0.629921,-0.3124,0.231736
6.19075,-0.123575,-0.629921,-0.386025,0.231736
6.191,-0.153002,-0.629921,-0.445256,0.231736
6.19125,-0.205953,-0.629921,-0.521642,0.231736
6.1915,-0.284458,-0.629921,-0.604885,0.231736
6.19175,-0.380149,-0.346457,-0.67582,0.231736
6.192,-0.475981,-0.023622,-0.740429,0.231736
6.19225,-0.549515,0.283465,-0.768191,0.231736
6.1925,-0.579007,0.559055,-0.747072,0.231736
6.19275,-0.548149,0.629921,-0.659585,0.231736
6.193,-0.450974,0.629921,-0.4994,0.231736
6.19325,-0.293564,0.629921,-0.273249,0.231736
6.1935,-0.0938675,0.629921,0.00514583,0.231736
6.19375,0.121369,0.629921,0.288913,0.231736
6.194,0.322102,0.629921,0.55327,0.231736
6.19425,0.481474,0.629921,0.768162,0.231736
6.1945,0.579773,0.503937,0.893046,0.231736
6.19475,0.609483,0.370079,0.935132,0.231736
6.195,0.575346,0.251969,0.896932,0.231736
6.19525,0.49324,0.133858,0.788097,0.231736
6.1955,0.385128,0,0.635857,0.231736
6.19575,0.274228,-0.141732,0.466693,0.231736
6.196,0.179813,-0.299213,0.307452,0.231736
6.19625,0.11214,-0.472441,0.164993,0.231736
6.1965,0.0717434,-0.629921,0.0532821,0.231736
6.19675,0.049238,-0.629921,-0.0348856,0.231736
6.197,0.0291326,-0.629921,-0.121814,0.231736
6.19725,-0.00529983,-0.629921,-0.207431,0.231736
6.1975,-0.0670174,-0.629921,-0.313082,0.231736
6.19775,-0.161043,-0.629921,-0.438841,0.231736
6.198,-0.281838,-0.582677,-0.572047,0.231736
6.19825,-0.413774,-0.346457,-0.692832,0.231736
6.1985,-0.534165,-0.0866142,-0.799115,0.231736
6.19875,-0.61865,0.149606,-0.8503,0.231736
6.199,-0.645822,0.362205,-0.842508,0.231736
6.19925,-0.603502,0.519685,-0.74433,0.231736
6.1995,-0.491133,0.606299,-0.578844,0.231736
6.19975,-0.320828,0.629921,-0.334622,0.231736
6.2,-0.115507,0.614173,-0.0606563,0.231736
6.20025,0.0958068,0.566929,0.215485,0.231736
6.2005,0.284434,0.503937,0.473813,0.231736
6.20075,0.42629,0.448819,0.666762,0.231736
6.201,0.507837,0.401575,0.796059,0.231736
6.20125,0.527493,0.362205,0.831751,0.231736
6.2015,0.495562,0.322835,0.804701,0.231736
6.20175,0.42996,0.267717,0.716248,0.231736
6.202,0.352271,0.188976,0.600048,0.231736
6.20225,0.282191,0.0708661,0.474945,0.231736
6.2025,0.232233,-0.0708661,0.364476,0.231736
6.20275,0.205301,-0.244094,0.276797,0.231736
6.203,0.194426,-0.417323,0.199233,0.231736
6.20325,0.185214,-0.574803,0.129248,0.231736
6.2035,0.160274,-0.629921,0.0483296,0.231736
6.20375,0.104436,-0.629921,-0.0493968,0.231736
6.204,0.00899655,-0.629921,-0.177216,0.231736
6.20425,-0.123446,-0.598425,-0.336036,0.231736
6.2045,-0.280493,-0.440945,-0.513036,0.231736
6.20475,-0.440201,-0.251969,-0.670301,0.231736
6.205,-0.576746,-0.0629921,-0.804708,0.231736
6.20525,-0.664464,0.102362,-0.875577,0.231736
6.2055,-0.685267,0.228346,-0.86319,0.231736
6.20575,-0.631509,0.299213,-0.778726,0.231736
6.206,-0.508827,0.330709,-0.600344,0.231736
6.20625,-0.334383,0.314961,-0.373404,0.231736
6.2065,-0.134425,0.283465,-0.111092,0.231736
6.20675,0.0624255,0.251969,0.144074,0.231736
6.207,0.229489,0.23622,0.366647,0.231736
6.20725,0.348425,0.23622,0.533839,0.231736
6.2075,0.412339,0.259843,0.623128,0.231736
6.20775,0.42502,0.299213,0.652632,0.231736
6.208,0.400996,0.322835,0.617435,0.231736
6.20825,0.359176,0.314961,0.562887,0.231736
6.2085,0.319068,0.275591,0.482156,0.231736
6.20875,0.294291,0.181102,0.420883,0.231736
6.20899,0.290186,0.0472441,0.371041,0.231736
6.20924,0.301713,-0.0944882,0.337783,0.231736
6.20949,0.316051,-0.259843,0.314512,0.231736
6.20974,0.314712,-0.393701,0.277452,0.231736
6.20999,0.280269,-0.480315,0.210508,0.231736
6.21024,0.200502,-0.503937,0.113724,0.231736
6.21049,0.0733366,-0.464567,-0.0275924,0.231736
6.21074,-0.092549,-0.370079,-0.20847,0.231736
6.21099,-0.277758,-0.244094,-0.402737,0.231736
6.21124,-0.455717,-0.102362,-0.589205,0.231736
6.21149,-0.598966,0.015748,-0.733017,0.231736
6.21174,-0.683571,0.102362,-0.810397,0.231736
6.21199,-0.695415,0.149606,-0.819077,0.231736
6.21224,-0.632596,0.141732,-0.734982,0.231736
6.21249,-0.506151,0.102362,-0.581731,0.231736
6.21274,-0.33721,0.0472441,-0.36883,0.231736
6.21299,-0.153086,0.00787402,-0.153321,0.231736
6.21324,0.0189863,-0.00787402,0.0624645,0.231736
6.21349,0.157326,0.00787402,0.233738,0.231736
6.21374,0.250411,0.0551181,0.353676,0.231736
6.21399,0.296972,0.125984,0.413181,0.231736
6.21424,0.307213,0.204724,0.428008,0.231736
6.21449,0.297345,0.259843,0.409573,0.231736
6.21474,0.286196,0.291339,0.383953,0.231736
6.21499,0.288132,0.267717,0.357513,0.231736
6.21524,0.310543,0.188976,0.355339,0.231736
6.21549,0.350689,0.0787402,0.375835,0.231736
6.21574,0.396793,-0.0472441,0.400799,0.231736
6.21599,0.430171,-0.165354,0.42156,0.231736
6.21624,0.431114,-0.259843,0.419647,0.231736
6.21649,0.383488,-0.299213,0.364132,0.231736
6.21674,0.280086,-0.283465,0.251718,0.231736
6.21699,0.124724,-0.220472,0.0994353,0.231736
6.21724,-0.0671051,-0.11811,-0.10113,0.231736
6.21749,-0.270339,-0.015748,-0.309614,0.231736
6.21774,-0.456471,0.0787402,-0.50619,0.231736
6.21799,-0.597703,0.141732,-0.656423,0.231736
6.21824,-0.674059,0.15748,-0.730771,0.231736
6.21849,-0.676211,0.11811,-0.732484,0.231736
6.21874,-0.608283,0.0472441,-0.658037,0.231736
6.21899,-0.485596,-0.0314961,-0.518064,0.231736
6.21924,-0.332303,-0.11811,-0.341765,0.231736
6.21949,-0.174377,-0.165354,-0.168036,0.231736
6.21974,-0.0353897,-0.173228,-0.00238601,0.231736
6.21999,0.069676,-0.141732,0.119404,0.231736
6.22024,0.135336,-0.0708661,0.189943,0.231736
6.22049,0.167732,0.00787402,0.223356,0.231736
6.22074,0.180576,0.102362,0.225051,0.231736
6.22099,0.191114,0.165354,0.220029,0.231736
6.22124,0.214973,0.188976,0.231043,0.231736
6.22149,0.261309,0.15748,0.255511,0.231736
6.22174,0.329893,0.102362,0.309158,0.231736
6.22199,0.41039,0.00787402,0.378358,0.231736
6.22224,0.484437,-0.0708661,0.449911,0.231736
6.22249,0.530327,-0.141732,0.498858,0.231736
6.22274,0.528536,-0.173228,0.505969,0.231736
6.22299,0.46596,-0.15748,0.457978,0.231736
6.22324,0.340836,-0.0944882,0.33633,0.231736
6.22349,0.163408,0,0.162596,0.504212
6.22374,-0.0445814,0.110236,-0.0384632,0.504212
6.22399,-0.255394,0.204724,-0.249335,0.504212
6.22424,-0.43929,0.267717,-0.442363,0.504212
6.22449,-0.57111,0.275591,-0.56929,0.504212
6.22474,-0.635422,0.228346,-0.634428,0.504212
6.22499,-0.6292,0.133858,-0.628068,0.504212
6.22524,-0.561489,0.015748,-0.551354,0.504212
6.22549,-0.451567,-0.102362,-0.429168,0.504212
6.22574,-0.32324,-0.204724,-0.294138,0.504212
6.22599,-0.200181,-0.267717,-0.154099,0.504212
6.22624,-0.100107,-0.267717,-0.0427491,0.504212
6.22649,-0.0312819,-0.228346,0.0238752,0.504212
6.22674,0.00867168,-0.15748,0.0533001,0.504212
6.22698,0.0309468,-0.0708661,0.0559549,0.504212
6.22723,0.0517278,0,0.0521084,0.504212
6.22748,0.0873667,0.0314961,0.0588413,0.504212
6.22773,0.149251,0.0393701,0.0991385,0.504212
6.22798,0.239507,0.00787402,0.172515,0.504212
6.22823,0.350419,-0.0472441,0.268537,0.504212
6.22848,0.464547,-0.110236,0.372722,0.504212
6.22873,0.559155,-0.15748,0.473017,0.504212
6.22898,0.611218,-0.165354,0.5412,0.504212
6.22923,0.602423,-0.133858,0.5493,0.504212
6.22948,0.524777,-0.0393701,0.489536,0.504212
6.22973,0.38208,0.0629921,0.36448,0.504212
6.22998,0.191223,0.19685,0.191128,0.504212
6.23023,-0.0227192,0.322835,-0.0041539,0.504212
6.23048,-0.229846,0.409449,-0.207459,0.504212
6.23073,-0.401852,0.440945,-0.370281,0.504212
6.23098,-0.518209,0.401575,-0.476469,0.504212
6.23123,-0.569171,0.307087,-0.522923,0.504212
6.23148,-0.557479,0.173228,-0.495126,0.504212
6.23173,-0.496844,0.023622,-0.419671,0.504212
6.23198,-0.408019,-0.110236,-0.317533,0.504212
6.23223,-0.313272,-0.212598,-0.214347,0.504212
6.23248,-0.231766,-0.275591,-0.133288,0.504212
6.23273,-0.174159,-0.283465,-0.0820061,0.504212
6.23298,-0.141083,-0.259843,-0.0660967,0.504212
6.23323,-0.123453,-0.204724,-0.0694026,0.504212
6.23348,-0.106597,-0.149606,-0.0950519,0.504212
6.23373,-0.0728377,-0.11811,-0.0963945,0.504212
6.23398,-0.00866059,-0.102362,-0.0757128,0.504212
6.23423,0.0912481,-0.133858,-0.00519329,0.504212
6.23448,0.222129,-0.188976,0.100658,0.504212
6.23473,0.36898,-0.23622,0.223444,0.504212
6.23498,0.508747,-0.275591,0.364037,0.504212
6.23523,0.61596,-0.275591,0.476795,0.504212
6.23548,0.667653,-0.220472,0.551235,0.504212
6.23573,0.649395,-0.11811,0.548632,0.504212
6.23598,0.558489,0.023622,0.490058,0.504212
6.23623,0.405057,0.188976,0.363873,0.504212
6.23648,0.210004,0.362205,0.190673,0.504212
6.23673,0.00146169,0.488189,0.00266876,0.504212
6.23698,-0.191115,0.566929,-0.166543,0.504212
6.23723,-0.343481,0.574803,-0.299732,0.504212
6.23748,-0.440529,0.503937,-0.369895,0.504212
6.23773,-0.478405,0.385827,-0.380404,0.504212
6.23798,-0.465722,0.23622,-0.352003,0.504212
6.23823,-0.419155,0.0787402,-0.280481,0.504212
6.23848,-0.359161,-0.0472441,-0.205252,0.504212
6.23873,-0.304961,-0.149606,-0.142804,0.504212
6.23898,-0.269025,-0.212598,-0.107689,0.504212
6.23923,-0.254384,-0.228346,-0.109644,0.504212
6.23948,-0.254506,-0.220472,-0.145611,0.504212
6.23973,-0.255113,-0.19685,-0.182368,0.504212
6.23998,-0.237962,-0.188976,-0.211802,0.504212
6.24023,-0.18706,-0.204724,-0.219811,0.504212
6.24048,-0.0933589,-0.259843,-0.178488,0.504212
6.24073,0.0423104,-0.314961,-0.0803294,0.504212
6.24098,0.208274,-0.385827,0.0463119,0.504212
6.24123,0.382414,-0.440945,0.203521,0.504212
6.24148,0.538564,-0.448819,0.352018,0.504212
6.24173,0.649948,-0.401575,0.466539,0.504212
6.24198,0.696412,-0.299213,0.532919,0.504212
6.24223,0.66806,-0.133858,0.528143,0.504212
6.24248,0.567989,0.0551181,0.453573,0.504212
6.24273,0.411194,0.267717,0.317036,0.504212
6.24298,0.222775,0.448819,0.164722,0.504212
6.24323,0.0308655,0.582677,0.00234001,0.504212
6.24348,-0.138112,0.629921,-0.132922,0.504212
6.24373,-0.264863,0.629921,-0.224361,0.504212
6.24398,-0.340262,0.574803,-0.264698,0.504212
6.24423,-0.36759,0.448819,-0.252969,0.504212
6.24448,-0.359536,0.299213,-0.20126,0.504212
6.24473,-0.333733,0.165354,-0.145849,0.504212
6.24498,-0.309327,0.0472441,-0.0975201,0.504212
6.24522,-0.299904,-0.023622,-0.0772784,0.504212
6.24547,-0.310806,-0.0787402,-0.09338,0.504212
6.24572,-0.337328,-0.102362,-0.140532,0.504212
6.24597,-0.366317,-0.11811,-0.209906,0.504212
6.24622,-0.3789,-0.149606,-0.276494,0.504212
6.24647,-0.356609,-0.19685,-0.314076,0.504212
6.24672,-0.286248,-0.275591,-0.308189,0.504212
6.24697,-0.16398,-0.377953,-0.243424,0.504212
6.24722,0.00288835,-0.488189,-0.121909,0.504212
6.24747,0.1951,-0.574803,0.0266033,0.504212
6.24772,0.387003,-0.614173,0.197613,0.504212
6.24797,0.549605,-0.606299,0.345903,0.504212
6.24822,0.658068,-0.519685,0.447942,0.504212
6.24847,0.695758,-0.370079,0.494365,0.504212
6.24872,0.658484,-0.165354,0.472016,0.504212
6.24897,0.554662,0.0472441,0.383852,0.504212
6.24922,0.404184,0.267717,0.264082,0.504212
6.24947,0.232822,0.448819,0.121278,0.504212
6.24972,0.0672039,0.582677,-0.00990344,0.504212
6.24997,-0.0706709,0.629921,-0.10783,0.504212
6.25022,-0.167573,0.622047,-0.150693,0.504212
6.25047,-0.222002,0.566929,-0.157449,0.504212
6.25072,-0.242689,0.464567,-0.122244,0.504212
6.25097,-0.244553,0.362205,-0.0783856,0.504212
6.25122,-0.246041,0.259843,-0.0329464,0.504212
6.25147,-0.261687,0.173228,-0.0195642,0.504212
6.25172,-0.298902,0.125984,-0.0371375,0.504212
6.25197,-0.355061,0.0866142,-0.103086,0.504212
6.25222,-0.41839,0.0551181,-0.187464,0.504212
6.25247,-0.469648,0,-0.283274,0.504212
6.25272,-0.488362,-0.0629921,-0.349438,0.504212
6.25297,-0.457138,-0.173228,-0.375973,0.504212
6.25322,-0.366614,-0.299213,-0.350062,0.504212
6.25347,-0.218873,-0.448819,-0.268863,0.504212
6.25372,-0.0287414,-0.582677,-0.135454,0.504212
6.25397,0.180155,-0.629921,0.033703,0.504212
6.25422,0.379169,-0.629921,0.19464,0.504212
6.25447,0.539077,-0.629921,0.338526,0.504212
6.25472,0.638333,-0.582677,0.424634,0.504212
6.25497,0.665577,-0.417323,0.447962,0.504212
6.25522,0.622456,-0.204724,0.412307,0.504212
6.25547,0.522178,0.015748,0.318461,0.504212
6.25572,0.387212,0.228346,0.206468,0.504212
6.25597,0.242511,0.393701,0.0959986,0.504212
6.25622,0.111755,0.511811,-0.00220789,0.504212
6.25647,0.0104924,0.559055,-0.0553002,0.504212
6.25672,-0.0554652,0.551181,-0.0656097,0.504212
6.25697,-0.0913834,0.511811,-0.0424775,0.504212
6.25722,-0.109555,0.448819,0.00432161,0.504212
6.25747,-0.127563,0.385827,0.036705,0.504212
6.25772,-0.160982,0.330709,0.0557579,0.504212
6.25797,-0.218838,0.299213,0.0256283,0.504212
6.25822,-0.301447,0.275591,-0.0340496,0.504212
6.25847,-0.398765,0.244094,-0.138982,0.504212
6.25872,-0.492057,0.19685,-0.248892,0.504212
6.25897,-0.558912,0.125984,-0.353798,0.504212
6.25922,-0.578236,0.00787402,-0.425154,0.504212
6.25947,-0.534957,-0.133858,-0.43452,0.504212
6.25972,-0.425634,-0.314961,-0.380787,0.504212
6.25997,-0.25874,-0.488189,-0.273521,0.504212
6.26022,-0.0541846,-0.629921,-0.119398,0.504212
6.26047,0.160896,-0.629921,0.0522471,0.504212
6.26072,0.355761,-0.629921,0.201049,0.504212
6.26097,0.504782,-0.629921,0.320604,0.504212
6.26122,0.590604,-0.606299,0.388078,0.504212
6.26147,0.607685,-0.440945,0.391061,0.504212
6.26172,0.563095,-0.23622,0.344624,0.504212
6.26197,0.474332,-0.023622,0.259158,0.504212
6.26222,0.363817,0.15748,0.156867,0.504212
6.26247,0.254875,0.299213,0.0811517,0.504212
6.26272,0.164947,0.393701,0.01865,0.504212
6.26297,0.102819,0.440945,0.00759606,0.504212
6.26322,0.0664871,0.448819,0.0258859,0.504212
6.26346,0.0459134,0.440945,0.062678,0.504212
6.26371,0.0244024,0.417323,0.113425,0.504212
6.26396,-0.0145758,0.409449,0.1271,0.504212
6.26421,-0.0822271,0.409449,0.10933,0.504212
6.26446,-0.181946,0.629921,0.0458519,0.504212
6.26471,-0.306257,0.629921,-0.0552325,0.504212
6.26496,-0.437869,0.629921,-0.179198,0.504212
6.26521,-0.553352,0.559055,-0.308153,0.504212
6.26546,-0.628593,0.362205,-0.405999,0.504212
6.26571,-0.64334,0.11811,-0.456849,0.504212
6.26596,-0.587564,-0.15748,-0.429843,0.504212
6.26621,-0.463139,-0.440945,-0.342733,0.504212
6.26646,-0.284529,-0.629921,-0.21375,0.504212
6.26671,-0.0755441,-0.629921,-0.0431084,0.504212
6.26696,0.133612,-0.629921,0.118897,0.504212
6.26721,0.314951,-0.629921,0.248227,0.504212
6.26746,0.44638,-0.629921,0.331981,0.504212
6.26771,0.516143,-0.629921,0.347331,0.504212
6.26796,0.525048,-0.629921,0.316223,0.504212
6.26821,0.485189,-0.629921,0.243003,0.504212
6.26846,0.415591,-0.409449,0.149695,0.504212
6.26871,0.338137,-0.102362,0.0709455,0.504212
6.26896,0.27116,0.173228,0.0109885,0.504212
6.26921,0.225485,0.417323,-0.0136503,0.504212
6.26946,0.202323,0.622047,-0.0020606,0.504212
6.26971,0.193188,0.629921,0.045638,0.504212
6.26996,0.182402,0.629921,0.094339,0.504212
6.27021,0.152449,0.629921,0.143625,0.504212
6.27046,0.0896331,0.629921,0.166159,0.504212
6.27071,-0.0130036,0.629921,0.143426,0.504212
6.27096,-0.151609,0.629921,0.0861534,0.504212
6.27121,-0.310897,0.629921,-0.01652,0.504212
6.27146,-0.468251,0.629921,-0.127203,0.504212
6.27171,-0.597436,0.566929,-0.239605,0.504212
6.27196,-0.673808,0.354331,-0.317597,0.504212
6.27221,-0.680905,0.102362,-0.352326,0.504212
6.27246,-0.613549,-0.173228,-0.332625,0.504212
6.27271,-0.479471,-0.456693,-0.256126,0.504212
6.27296,-0.298076,-0.629921,-0.144273,0.504212
6.27321,-0.0965328,-0.629921,-0.0154328,0.504212
6.27346,0.0965008,-0.629921,0.0960429,0.504212
6.27371,0.255805,-0.629921,0.16711,0.504212
6.27396,0.364623,-0.629921,0.186088,0.504212
6.27421,0.418035,-0.629921,0.165471,0.504212
6.27446,0.422874,-0.629921,0.113663,0.504212
6.27471,0.394011,-0.629921,0.044567,0.504212
6.27496,0.351093,-0.393701,-0.00706156,0.504212
6.27521,0.312984,-0.149606,-0.0350056,0.504212
6.27546,0.291958,0.0629921,-0.026246,0.504212
6.27571,0.291419,0.259843,0.0157519,0.504212
6.27596,0.304745,0.417323,0.0974635,0.504212
6.27621,0.317456,0.551181,0.183034,0.504212
6.27646,0.311163,0.629921,0.265432,0.504212
6.27671,0.269064,0.629921,0.306805,0.504212
6.27696,0.180407,0.629921,0.314235,0.504212
6.27721,0.0447873,0.629921,0.254304,0.504212
6.27746,-0.126423,0.629921,0.151858,0.504212
6.27771,-0.312237,0.629921,0.0165009,0.504212
6.27796,-0.486099,0.629921,-0.132693,0.504212
6.27821,-0.6198,0.629921,-0.261577,0.504212
6.27846,-0.691554,0.496063,-0.35429,0.504212
6.27871,-0.689209,0.267717,-0.387156,0.504212
6.27896,-0.613278,0.00787402,-0.362016,0.504212
6.27921,-0.476869,-0.251969,-0.287523,0.504212
6.27946,-0.303123,-0.519685,-0.185581,0.504212
6.27971,-0.119461,-0.629921,-0.0713392,0.504212
6.27996,0.0479515,-0.629921,0.028279,0.504212
6.28021,0.178381,-0.629921,0.096952,0.504212
6.28046,0.262222,-0.629921,0.109693,0.504212
6.28071,0.301318,-0.629921,0.0937584,0.504212
6.28096,0.306449,-0.629921,0.0513003,0.504212
6.28121,0.294913,-0.629921,0.00252918,0.504212
6.28146,0.285158,-0.551181,-0.0144808,0.504212
6.2817,0.2907,-0.377953,-0.0142917,0.504212
6.28195,0.316935,-0.204724,0.0388961,0.504212
6.2822,0.359339,-0.0393701,0.111276,0.504212
6.28245,0.404526,0.11811,0.207317,0.504212
6.2827,0.433296,0.283465,0.281635,0.504212
6.28295,0.426335,0.440945,0.339891,0.504212
6.2832,0.368604,0.590551,0.351744,0.504212
6.28345,0.254634,0.629921,0.301388,0.504212
6.2837,0.0909874,0.629921,0.200563,0.504212
6.28395,-0.104848,0.629921,0.0589079,0.504212
6.2842,-0.307502,0.629921,-0.0928776,0.504212
6.28445,-0.487018,0.629921,-0.236178,0.504212
6.2847,-0.617354,0.629921,-0.348197,0.504212
6.28495,-0.680095,0.629921,-0.397746,0.504212
6.2852,-0.668537,0.456693,-0.392775,0.504212
6.28545,-0.588764,0.204724,-0.331361,0.504212
6.2857,-0.458607,-0.0708661,-0.234622,0.504212
6.28595,-0.302371,-0.338583,-0.11913,0.504212
6.2862,-0.14635,-0.582677,-0.00737789,0.504212
6.28645,-0.0128457,-0.629921,0.0734407,0.504212
6.2867,0.0846728,-0.629921,0.10633,0.504212
6.28695,0.143693,-0.629921,0.105393,0.504212
6.2872,0.171215,-0.629921,0.060756,0.504212
6.28745,0.182075,-0.629921,0.0125879,0.504212
6.2877,0.194251,-0.629921,-0.0326913,0.504212
6.28795,0.221787,-0.629921,-0.0462315,0.504212
6.2882,0.272633,-0.559055,-0.0221066,0.504212
6.28845,0.344419,-0.409449,0.0373493,0.504212
6.2887,0.425304,-0.244094,0.128188,0.504212
6.28895,0.495762,-0.0708661,0.222056,0.504212
6.2892,0.534343,0.11811,0.305383,0.504212
6.28945,0.5216,0.322835,0.337723,0.504212
6.2897,0.447132,0.519685,0.324287,0.504212
6.28995,0.31112,0.629921,0.256517,0.504212
6.2902,0.1263,0.629921,0.143853,0.504212
6.29045,-0.0848775,0.629921,0.0065196,0.504212
6.2907,-0.292648,0.629921,-0.134321,0.504212
6.29095,-0.46832,0.629921,-0.254952,0.504212
6.2912,-0.588559,0.629921,-0.319364,0.504212
6.29145,-0.639543,0.629921,-0.339992,0.504212
6.2917,-0.62067,0.551181,-0.313656,0.504212
6.29195,-0.543512,0.299213,-0.235422,0.504212
6.2922,-0.428269,0.023622,-0.13843,0.504212
6.29245,-0.299229,-0.228346,-0.0438341,0.504212
6.2927,-0.179478,-0.456693,0.0232774,0.504212
6.29295,-0.0847562,-0.629921,0.0647441,0.504212
6.2932,-0.021764,-0.629921,0.0540592,0.504212
6.29345,0.0138266,-0.629921,0.0151861,0.504212
6.2937,0.0342794,-0.629921,-0.039768,0.504212
6.29395,0.0569203,-0.629921,-0.0999054,0.504212
6.2942,0.0966958,-0.629921,-0.135219,0.504212
6.29445,0.163933,-0.629921,-0.116563,0.504212
6.2947,0.259072,-0.629921,-0.0625553,0.504212
6.29495,0.372124,-0.519685,0.0298787,0.504212
6.2952,0.484408,-0.370079,0.147963,0.504212
6.29545,0.572922,-0.19685,0.261083,0.504212
6.2957,0.614535,0,0.339311,0.504212
6.29595,0.593145,0.204724,0.3798,0.504212
6.2962,0.502649,0.425197,0.346461,0.504212
6.29645,0.349606,0.622047,0.267152,0.504212
6.2967,0.152111,0.629921,0.150151,0.504212
6.29695,-0.0628419,0.629921,0.00891862,0.504212
6.2972,-0.265199,0.629921,-0.125462,0.504212
6.29745,-0.428399,0.629921,-0.225464,0.504212
6.2977,-0.532839,0.629921,-0.270621,0.504212
6.29795,-0.571537,0.629921,-0.271312,0.504212
6.2982,-0.549277,0.590551,-0.235271,0.504212
6.29845,-0.481745,0.370079,-0.160409,0.504212
6.2987,-0.389995,0.133858,-0.0938672,0.504212
6.29895,-0.296672,-0.0866142,-0.0357146,0.504212
6.2992,-0.218976,-0.299213,-0.00271868,0.504212
6.29945,-0.166196,-0.472441,-0.00160664,0.504212
6.2997,-0.136947,-0.614173,-0.0433059,0.504212
6.29994,-0.121086,-0.629921,-0.0963441,0.504212
6.30019,-0.10194,-0.629921,-0.161031,0.504212
6.30044,-0.0633809,-0.629921,-0.19282,0.504212
6.30069,0.00713255,-0.629921,-0.19497,0.504212
6.30094,0.113725,-0.629921,-0.144237,0.504212
6.30119,0.249104,-0.629921,-0.0484132,0.504212
6.30144,0.396382,-0.629921,0.0775047,0.504212
6.30169,0.531916,-0.496063,0.205496,0.504212
6.30194,0.63037,-0.338583,0.319702,0.504212
6.30219,0.669794,-0.141732,0.394334,0.504212
6.30244,0.637873,0.0629921,0.409925,0.504212
6.30269,0.534037,0.283465,0.356051,0.504212
6.30294,0.370984,0.488189,0.257794,0.504212
6.30319,0.171169,0.629921,0.12099,0.504212
6.30344,-0.0363534,0.629921,-0.0157114,0.504212
6.30369,-0.223398,0.629921,-0.136786,0.504212
6.30394,-0.366121,0.629921,-0.208837,0.504212
6.30419,-0.451873,0.629921,-0.238638,0.504212
6.30444,-0.479547,0.629921,-0.220106,0.504212
6.30469,-0.459066,0.629921,-0.169173,0.504212
6.30494,-0.408223,0.472441,-0.112275,0.504212
6.30519,-0.348125,0.275591,-0.0496422,0.504212
6.30544,-0.296616,0.0787402,-0.0210799,0.504212
6.30569,-0.264726,-0.102362,-0.018678,0.504212
6.30594,-0.253721,-0.275591,-0.0606156,0.504212
6.30619,-0.255178,-0.425197,-0.117921,0.504212
6.30644,-0.253684,-0.559055,-0.180686,0.504212
6.30669,-0.231331,-0.629921,-0.226976,0.504212
6.30694,-0.173091,-0.629921,-0.23523,0.504212
6.30719,-0.0709161,-0.629921,-0.204647,0.504212
6.30744,0.0716711,-0.629921,-0.130026,0.504212
6.30769,0.240772,-0.629921,-0.0119418,0.504212
6.30794,0.41378,-0.629921,0.132599,0.504212
6.30819,0.563486,-0.614173,0.255708,0.504212
6.30844,0.664015,-0.472441,0.355821,0.504212
6.30869,0.69692,-0.283465,0.409301,0.504212
6.30894,0.654491,-0.0708661,0.39424,0.504212
6.30919,0.54239,0.141732,0.323162,0.504212
6.30944,0.377731,0.362205,0.215835,0.504212
6.30969,0.186291,0.559055,0.0804266,0.504212
6.30994,-0.00332945,0.629921,-0.0499138,0.504212
6.31019,-0.16545,0.629921,-0.143598,0.504212
6.31044,-0.282755,0.629921,-0.193439,0.504212
6.31069,-0.348847,0.629921,-0.191928,0.504212
6.31094,-0.368345,0.629921,-0.157894,0.504212
6.31119,-0.355212,0.629921,-0.0977123,0.504212
6.31144,-0.328632,0.566929,-0.0436001,0.504212
6.31169,-0.306167,0.409449,-0.0077345,0.504212
6.31194,-0.300411,0.228346,-0.0062822,0.504212
6.31219,-0.314899,0.0629921,-0.0339126,0.504212
6.31244,-0.343156,-0.110236,-0.104422,0.504212
6.31269,-0.37041,-0.275591,-0.180211,0.504212
6.31294,-0.377807,-0.433071,-0.242195,0.504212
6.31319,-0.347518,-0.566929,-0.2842,0.504212
6.31344,-0.267199,-0.629921,-0.270558,0.504212
6.31369,-0.135672,-0.629921,-0.213486,0.504212
6.31394,0.0373786,-0.629921,-0.105357,0.504212
6.31419,0.23185,-0.629921,0.0215531,0.504212
6.31444,0.420454,-0.629921,0.159096,0.504212
6.31469,0.574628,-0.629921,0.282103,0.504212
6.31494,0.670781,-0.551181,0.365961,0.504212
6.31519,0.694406,-0.385827,0.387267,0.504212
6.31544,0.64372,-0.173228,0.353657,0.504212
6.31569,0.529476,0.0314961,0.282084,0.504212
6.31594,0.372911,0.244094,0.162455,0.504212
6.31619,0.200505,0.440945,0.0510267,0.504212
6.31644,0.0387918,0.606299,-0.0512822,0.504212
6.31669,-0.091926,0.629921,-0.113427,0.504212
6.31694,-0.180931,0.629921,-0.135546,0.504212
6.31719,-0.228108,0.629921,-0.112845,0.504212
6.31744,-0.24362,0.629921,-0.0543322,0.504212
6.31769,-0.244444,0.629921,-0.00142907,0.504212
6.31793,-0.247608,0.622047,0.0362886,0.504212
6.31818,-0.266931,0.496063,0.0341796,0.504212
6.31843,-0.308158,0.354331,0.000609501,0.504212
6.31868,-0.366793,0.19685,-0.0678767,0.504212
6.31893,-0.429462,0.023622,-0.163365,0.504212
6.31918,-0.476285,-0.141732,-0.253855,0.504212
6.31943,-0.486789,-0.314961,-0.315686,0.504212
6.31968,-0.444741,-0.472441,-0.338305,0.504212
6.31993,-0.34306,-0.606299,-0.311894,0.504212
6.32018,-0.186169,-0.629921,-0.224356,0.504212
6.32043,0.00974342,-0.629921,-0.0950777,0.504212
6.32068,0.219178,-0.629921,0.0422091,0.504212
6.32093,0.412604,-0.629921,0.1851,0.504212
6.32118,0.562765,-0.629921,0.288708,0.504212
6.32143,0.64905,-0.606299,0.35159,0.504212
6.32168,0.66264,-0.448819,0.355853,0.504212
6.32193,0.60737,-0.259843,0.307577,0.504212
6.32218,0.498869,-0.0629921,0.230996,0.504212
6.32243,0.360183,0.125984,0.129676,0.504212
6.32268,0.216575,0.314961,0.0334828,0.504212
6.32293,0.0902193,0.472441,-0.0352297,0.504212
6.32318,-0.00453515,0.598425,-0.0643638,0.504212
6.32343,-0.0642307,0.629921,-0.0538703,0.241425
6.32368,-0.0955058,0.629921,-0.0123955,0.241425
6.32393,-0.112529,0.629921,0.0395808,0.241425
6.32418,-0.132311,0.629921,0.0749815,0.241425
6.32443,-0.169605,0.629921,0.0891841,0.241425
6.32468,-0.232602,0.566929,0.0610434,0.241425
6.32493,-0.318957,0.448819,-0.00850787,0.241425
6.32518,-0.417125,0.307087,-0.108692,0.241425
6.32543,-0.507241,0.141732,-0.220839,0.241425
6.32568,-0.566788,-0.023622,-0.313462,0.241425
6.32593,-0.575132,-0.19685,-0.373484,0.241425
6.32618,-0.51961,-0.362205,-0.373243,0.241425
6.32643,-0.398312,-0.511811,-0.322826,0.241425
6.32668,-0.222582,-0.629921,-0.219276,0.241425
6.32693,-0.0137058,-0.629921,-0.0797714,0.241425
6.32718,0.199484,-0.629921,0.0652007,0.241425
6.32743,0.387793,-0.629921,0.194848,0.241425
6.32768,0.525975,-0.629921,0.287798,0.241425
6.32793,0.598864,-0.629921,0.326035,0.241425
6.32818,0.603569,-0.496063,0.306826,0.241425
6.32843,0.549277,-0.346457,0.250692,0.241425
6.32868,0.454665,-0.173228,0.171173,0.241425
6.32893,0.342807,0,0.0913685,0.241425
6.32918,0.236201,0.15748,0.0267412,0.241425
6.32943,0.151093,0.322835,-0.00460425,0.241425
6.32968,0.0942281,0.456693,-0.00680909,0.241425
6.32993,0.0620106,0.566929,0.032096,0.241425
6.33018,0.0423687,0.629921,0.0842628,0.241425
6.33043,0.0188166,0.629921,0.124983,0.241425
6.33068,-0.0245559,0.629921,0.138488,0.241425
6.33093,-0.0985733,0.629921,0.123548,0.241425
6.33118,-0.20372,0.629921,0.0594434,0.241425
6.33143,-0.330932,0.535433,-0.0423868,0.241425
6.33168,-0.461346,0.409449,-0.167794,0.241425
6.33193,-0.571294,0.251969,-0.280972,0.241425
6.33218,-0.636365,0.0866142,-0.371013,0.241425
6.33243,-0.638474,-0.0787402,-0.410921,0.241425
6.33268,-0.569214,-0.251969,-0.391378,0.241425
6.33293,-0.433226,-0.417323,-0.314673,0.241425
6.33318,-0.246766,-0.551181,-0.186311,0.241425
6.33343,-0.0358031,-0.629921,-0.0490849,0.241425
6.33368,0.170428,-0.629921,0.0975457,0.241425
6.33393,0.343828,-0.629921,0.208556,0.241425
6.33418,0.464086,-0.629921,0.271747,0.241425
6.33443,0.522189,-0.629921,0.283813,0.241425
6.33468,0.520873,-0.543307,0.243327,0.241425
6.33493,0.473864,-0.425197,0.186785,0.241425
6.33518,0.401112,-0.283465,0.116147,0.241425
6.33543,0.324381,-0.125984,0.0481615,0.241425
6.33568,0.260804,0.023622,0.0155222,0.241425
6.33593,0.219681,0.181102,0.0181419,0.241425
6.33617,0.19984,0.330709,0.0552797,0.241425
6.33642,0.191716,0.464567,0.108278,0.241425
6.33667,0.178689,0.574803,0.164341,0.241425
6.33692,0.143823,0.629921,0.2005,0.241425
6.33717,0.073421,0.629921,0.198018,0.241425
6.33742,-0.0364969,0.629921,0.141251,0.241425
6.33767,-0.180231,0.629921,0.0486048,0.241425
6.33792,-0.341237,0.590551,-0.0776033,0.241425
6.33817,-0.495493,0.472441,-0.209891,0.241425
6.33842,-0.616323,0.330709,-0.331645,0.241425
6.33867,-0.680721,0.173228,-0.402134,0.241425
6.33892,-0.673889,0.00787402,-0.427394,0.241425
6.33917,-0.593121,-0.15748,-0.385075,0.241425
6.33942,-0.448447,-0.314961,-0.288586,0.241425
6.33967,-0.261051,-0.448819,-0.157153,0.241425
6.33992,-0.0589489,-0.559055,-0.0281943,0.241425
6.34017,0.12948,-0.629921,0.0996894,0.241425
6.34042,0.280098,-0.629921,0.180902,0.241425
6.34067,0.378862,-0.629921,0.218223,0.241425
6.34092,0.422337,-0.629921,0.210638,0.241425
6.34117,0.419385,-0.574803,0.162447,0.241425
6.34142,0.38635,-0.488189,0.102058,0.241425
6.34167,0.343179,-0.370079,0.0510106,0.241425
6.34192,0.307532,-0.23622,0.0263629,0.241425
6.34217,0.290406,-0.0866142,0.027368,0.241425
6.34242,0.293147,0.0629921,0.0657223,0.241425
6.34267,0.307799,0.220472,0.129538,0.241425
6.34292,0.318388,0.370079,0.199815,0.241425
6.34317,0.306341,0.496063,0.256717,0.241425
6.34342,0.256099,0.598425,0.27282,0.241425
6.34367,0.15841,0.629921,0.23635,0.241425
6.34392,0.0151021,0.629921,0.158551,0.241425
6.34417,-0.16082,0.629921,0.0302399,0.241425
6.34442,-0.34647,0.606299,-0.105792,0.241425
6.34467,-0.514758,0.503937,-0.249044,0.241425
6.34492,-0.638441,0.377953,-0.354789,0.241425
6.34517,-0.69694,0.244094,-0.418574,0.241425
6.34542,-0.680383,0.0866142,-0.412926,0.241425
6.34567,-0.591919,-0.0551181,-0.363715,0.241425
6.34592,-0.446442,-0.19685,-0.256406,0.241425
6.34617,-0.268688,-0.330709,-0.130793,0.241425
6.34642,-0.0860786,-0.433071,-0.0134201,0.241425
6.34667,0.0753784,-0.527559,0.0750729,0.241425
6.34692,0.197787,-0.590551,0.133282,0.241425
6.34717,0.272772,-0.622047,0.151861,0.241425
6.34742,0.304251,-0.622047,0.127166,0.241425
6.34767,0.304909,-0.598425,0.0760027,0.241425
6.34792,0.292541,-0.535433,0.0367486,0.241425
6.34817,0.284778,-0.448819,0.0138244,0.241425
6.34842,0.294003,-0.338583,0.0154225,0.241425
6.34867,0.323905,-0.19685,0.0619217,0.241425
6.34892,0.3682,-0.0314961,0.128713,0.241425
6.34917,0.411812,0.11811,0.220666,0.241425
6.34942,0.435151,0.267717,0.289755,0.241425
6.34967,0.419618,0.409449,0.333193,0.241425
6.34992,0.35151,0.527559,0.328643,0.241425
6.35017,0.227595,0.598425,0.262778,0.241425
6.35042,0.0561065,0.629921,0.153823,0.241425
6.35067,-0.143053,0.629921,0.00310351,0.241425
6.35092,-0.343469,0.598425,-0.146925,0.241425
6.35117,-0.515823,0.519685,-0.281347,0.241425
6.35142,-0.634676,0.417323,-0.373299,0.241425
6.35167,-0.683581,0.299213,-0.409948,0.241425
6.35192,-0.658457,0.173228,-0.395978,0.241425
6.35217,-0.56762,0.0393701,-0.321028,0.241425
6.35242,-0.430611,-0.0787402,-0.219688,0.241425
6.35267,-0.272444,-0.204724,-0.10763,0.241425
6.35292,-0.119119,-0.307087,-0.0147412,0.241425
6.35317,0.00842198,-0.409449,0.0504977,0.241425
6.35342,0.0985886,-0.496063,0.081278,0.241425
6.35367,0.150697,-0.559055,0.0677927,0.241425
6.35392,0.17392,-0.598425,0.032597,0.241425
6.35417,0.183829,-0.606299,0.00136103,0.241425
6.35441,0.197773,-0.574803,-0.02566,0.241425
6.35466,0.229499,-0.511811,-0.0201633,0.241425
6.35491,0.284705,-0.409449,0.0237244,0.241425
6.35516,0.359448,-0.283465,0.110693,0.241425
6.35541,0.439895,-0.133858,0.197864,0.241425
6.35566,0.505956,0.023622,0.300425,0.241425
6.35591,0.536261,0.181102,0.363777,0.241425
6.35616,0.512658,0.322835,0.390249,0.241425
6.35641,0.4261,0.440945,0.35415,0.241425
6.35666,0.279673,0.527559,0.266654,0.241425
6.35691,0.088029,0.574803,0.138853,0.241425
6.35716,-0.124637,0.582677,-0.0226904,0.241425
6.35741,-0.328765,0.559055,-0.174031,0.241425
6.35766,-0.495678,0.511811,-0.299717,0.241425
6.35791,-0.60342,0.433071,-0.375153,0.241425
6.35816,-0.641195,0.346457,-0.394319,0.241425
6.35841,-0.610209,0.251969,-0.349401,0.241425
6.35866,-0.524195,0.149606,-0.281368,0.241425
6.35891,-0.404382,0.0314961,-0.186831,0.241425
6.35916,-0.275545,-0.0708661,-0.0922781,0.241425
6.35941,-0.159517,-0.188976,-0.0280448,0.241425
6.35966,-0.0707154,-0.299213,0.00748695,0.241425
6.35991,-0.0132202,-0.409449,0.010879,0.241425
6.36016,0.0182642,-0.503937,-0.0231987,0.241425
6.36041,0.0379193,-0.566929,-0.0510265,0.241425
6.36066,0.0625083,-0.606299,-0.0812385,0.241425
6.36091,0.107102,-0.598425,-0.0750512,0.241425
6.36116,0.179779,-0.559055,-0.0364928,0.241425
6.36141,0.279276,-0.472441,0.0472731,0.241425
6.36166,0.39381,-0.354331,0.1564,0.241425
6.36191,0.503424,-0.204724,0.269286,0.241425
6.36216,0.584821,-0.0472441,0.366439,0.241425
6.36241,0.61573,0.0944882,0.4268,0.241425
6.36266,0.581421,0.23622,0.425543,0.241425
6.36291,0.478353,0.362205,0.367512,0.241425
6.36316,0.315349,0.440945,0.259604,0.241425
6.36341,0.112428,0.496063,0.117352,0.241425
6.36366,-0.102524,0.511811,-0.0420639,0.241425
6.36391,-0.299391,0.503937,-0.186846,0.241425
6.36416,-0.452586,0.480315,-0.293175,0.241425
6.36441,-0.545139,0.433071,-0.344223,0.241425
6.36466,-0.571617,0.385827,-0.338804,0.241425
6.36491,-0.539565,0.314961,-0.293212,0.241425
6.36516,-0.46578,0.23622,-0.220574,0.241425
6.36541,-0.372087,0.141732,-0.140103,0.241425
6.36566,-0.280564,0.0314961,-0.0805275,0.241425
6.36591,-0.207225,-0.0787402,-0.0447066,0.241425
6.36616,-0.159071,-0.19685,-0.0471121,0.241425
6.36641,-0.133282,-0.322835,-0.080185,0.241425
6.36666,-0.118195,-0.440945,-0.118286,0.241425
6.36691,-0.0968306,-0.527559,-0.147374,0.241425
6.36716,-0.0528971,-0.590551,-0.148307,0.241425
6.36741,0.0244238,-0.598425,-0.115992,0.241425
6.36766,0.137042,-0.566929,-0.0398495,0.241425
6.36791,0.276379,-0.488189,0.0732588,0.241425
6.36816,0.423372,-0.377953,0.203715,0.241425
6.36841,0.554016,-0.244094,0.331062,0.241425
6.36866,0.642717,-0.0944882,0.425046,0.241425
6.36891,0.669409,0.0314961,0.466623,0.241425
6.36916,0.623712,0.15748,0.449073,0.241425
6.36941,0.507654,0.267717,0.369142,0.241425
6.36966,0.335434,0.338583,0.243494,0.241425
6.36991,0.132056,0.385827,0.0982662,0.241425
6.37016,-0.0736694,0.417323,-0.0547969,0.241425
6.37041,-0.253768,0.433071,-0.179038,0.241425
6.37066,-0.386741,0.425197,-0.254882,0.241425
6.37091,-0.461268,0.417323,-0.289562,0.241425
6.37116,-0.478828,0.393701,-0.277675,0.241425
6.37141,-0.451342,0.362205,-0.224754,0.241425
6.37166,-0.397148,0.307087,-0.174356,0.241425
6.37191,-0.337425,0.23622,-0.113921,0.241425
6.37216,-0.288999,0.141732,-0.0940501,0.241425
6.37241,-0.261172,0.023622,-0.0933144,0.241425
6.37265,-0.253365,-0.110236,-0.130633,0.241425
6.3729,-0.255764,-0.244094,-0.175948,0.241425
6.37315,-0.251517,-0.370079,-0.220032,0.241425
6.3734,-0.223565,-0.472441,-0.23685,0.241425
6.37365,-0.157333,-0.543307,-0.220712,0.241425
6.3739,-0.0472664,-0.559055,-0.147562,0.241425
6.37415,0.101882,-0.535433,-0.0395381,0.241425
6.3744,0.273597,-0.472441,0.110965,0.241425
6.37465,0.444387,-0.377953,0.257411,0.241425
6.3749,0.586675,-0.259843,0.383373,0.241425
6.37515,0.675687,-0.141732,0.472769,0.241425
6.3754,0.69472,-0.023622,0.495524,0.241425
6.37565,0.638545,0.0708661,0.462005,0.241425
6.3759,0.514771,0.149606,0.363959,0.241425
6.37615,0.343154,0.212598,0.236284,0.241425
6.3764,0.150089,0.259843,0.0889924,0.241425
6.37665,-0.0364089,0.299213,-0.0494129,0.241425
6.3769,-0.191197,0.330709,-0.15388,0.241425
6.37715,-0.299004,0.362205,-0.211607,0.241425
6.3774,-0.355569,0.385827,-0.220928,0.241425
6.37765,-0.367952,0.401575,-0.20578,0.241425
6.3779,-0.350762,0.401575,-0.16014,0.241425
6.37815,-0.323591,0.377953,-0.131616,0.241425
6.3784,-0.303541,0.314961,-0.10841,0.241425
6.37865,-0.301638,0.228346,-0.125175,0.241425
6.3789,-0.319432,0.110236,-0.159262,0.241425
6.37915,-0.348918,-0.023622,-0.221891,0.241425
6.3794,-0.373802,-0.165354,-0.274723,0.241425
6.37965,-0.375539,-0.299213,-0.317486,0.241425
6.3799,-0.336446,-0.401575,-0.317662,0.241425
6.38015,-0.246571,-0.472441,-0.265292,0.241425
6.3804,-0.105949,-0.496063,-0.155258,0.241425
6.38065,0.0728572,-0.472441,-0.0124744,0.241425
6.3809,0.268392,-0.425197,0.148661,0.241425
6.38115,0.452694,-0.338583,0.29996,0.241425
6.3814,0.597595,-0.251969,0.428101,0.241425
6.38165,0.68094,-0.15748,0.499872,0.241425
6.3819,0.690421,-0.0787402,0.506214,0.241425
6.38215,0.626571,-0.00787402,0.448408,0.241425
6.3824,0.502706,0.0314961,0.346969,0.241425
6.38265,0.341238,0.0787402,0.21698,0.241425
6.3829,0.168733,0.125984,0.0798957,0.241425
6.38315,0.0114816,0.165354,-0.0282446,0.241425
6.3834,-0.111904,0.220472,-0.106097,0.241425
6.38365,-0.192569,0.275591,-0.146236,0.241425
6.3839,-0.233098,0.338583,-0.137772,0.241425
6.38415,-0.244433,0.385827,-0.118539,0.241425
6.3844,-0.244254,0.409449,-0.0951704,0.241425
6.38465,-0.249754,0.409449,-0.0942664,0.241425
6.3849,-0.272997,0.354331,-0.115058,0.241425
6.38515,-0.318082,0.275591,-0.16316,0.241425
6.3854,-0.378861,0.165354,-0.238884,0.241425
6.38565,-0.439982,0.023622,-0.316348,0.241425
6.3859,-0.481517,-0.102362,-0.373327,0.241425
6.38615,-0.483387,-0.228346,-0.401997,0.241425
6.3864,-0.430231,-0.322835,-0.374969,0.241425
6.38665,-0.317498,-0.377953,-0.300078,0.241425
6.3869,-0.151844,-0.393701,-0.160592,0.241425
6.38715,0.0484723,-0.377953,0.00442156,0.241425
6.3874,0.257447,-0.330709,0.173934,0.241425
6.38765,0.444701,-0.267717,0.331599,0.241425
6.3879,0.584124,-0.204724,0.44622,0.241425
6.38815,0.657195,-0.149606,0.500953,0.241425
6.3884,0.657271,-0.110236,0.490017,0.241425
6.38865,0.590561,-0.0866142,0.427779,0.241425
6.3889,0.474564,-0.0629921,0.323506,0.241425
6.38915,0.332817,-0.0314961,0.205569,0.241425
6.3894,0.191103,0,0.0943232,0.241425
6.38965,0.0700054,0.0472441,0.0131905,0.241425
6.3899,-0.0183648,0.11811,-0.0361843,0.241425
6.39015,-0.071987,0.19685,-0.050146,0.241425
6.3904,-0.0991723,0.283465,-0.0443643,0.241425
6.39065,-0.115377,0.346457,-0.0347723,0.241425
6.39089,-0.137685,0.385827,-0.0335905,0.241425
6.39114,-0.179393,0.393701,-0.0593674,0.241425
6.39139,-0.24709,0.354331,-0.127481,0.241425
6.39164,-0.337017,0.275591,-0.213278,0.241425
6.39189,-0.435208,0.165354,-0.3132,0.241425
6.39214,-0.521313,0.0472441,-0.406888,0.241425
6.39239,-0.57279,-0.0629921,-0.468534,0.241425
6.39264,-0.569765,-0.165354,-0.4863,0.241425
6.39289,-0.501747,-0.23622,-0.435977,0.241425
6.39314,-0.369277,-0.275591,-0.327346,0.241425
6.39339,-0.185255,-0.267717,-0.171179,0.241425
6.39364,0.0267403,-0.244094,0.0178605,0.241425
6.39389,0.237423,-0.212598,0.188543,0.241425
6.39414,0.417954,-0.165354,0.342976,0.241425
6.39439,0.544859,-0.133858,0.442228,0.241425
6.39464,0.604861,-0.125984,0.484331,0.241425
6.39489,0.597414,-0.125984,0.468274,0.241425
6.39514,0.534033,-0.133858,0.398384,0.241425
6.39539,0.43421,-0.141732,0.307118,0.241425
6.39564,0.321917,-0.133858,0.211207,0.241425
6.39589,0.218429,-0.110236,0.133719,0.241425
6.39614,0.138235,-0.0551181,0.088052,0.241425
6.39639,0.0865138,0.015748,0.060328,0.241425
6.39664,0.0579369,0.110236,0.0646387,0.241425
6.39689,0.0389276,0.204724,0.0674365,0.241425
6.39714,0.0125231,0.283465,0.0610773,0.241425
6.39739,-0.035956,0.338583,0.0238136,0.241425
6.39764,-0.115846,0.346457,-0.0500872,0.241425
6.39789,-0.226376,0.307087,-0.15384,0.241425
6.39814,-0.355728,0.23622,-0.280058,0.241425
6.39839,-0.48416,0.141732,-0.405162,0.241425
6.39864,-0.587483,0.0393701,-0.508298,0.241425
6.39889,-0.641908,-0.0393701,-0.556583,0.241425
6.39914,-0.631008,-0.102362,-0.551686,0.241425
6.39939,-0.548666,-0.141732,-0.48242,0.241425
6.39964,-0.401531,-0.149606,-0.348088,0.241425
6.39989,-0.20831,-0.125984,-0.169428,0.241425
6.40014,0.00400039,-0.0944882,0.0162283,0.241425
6.40039,0.205982,-0.0629921,0.193944,0.241425
6.40064,0.370826,-0.0472441,0.333348,0.241425
6.40089,0.4798,-0.0472441,0.421878,0.241425
6.40114,0.526068,-0.0708661,0.447944,0.241425
6.40139,0.515081,-0.11811,0.428637,0.241425
6.40164,0.461442,-0.165354,0.370478,0.241425
6.40189,0.386519,-0.19685,0.299655,0.241425
6.40214,0.311148,-0.212598,0.239271,0.241425
6.40239,0.251277,-0.188976,0.198423,0.241425
6.40264,0.214507,-0.133858,0.169898,0.241425
6.40289,0.198122,-0.0551181,0.170866,0.241425
6.40314,0.190077,0.0314961,0.179303,0.241425
6.40339,0.174197,0.133858,0.178544,0.241425
6.40364,0.133562,0.204724,0.14374,0.241425
6.40389,0.056031,0.244094,0.0718992,0.241425
6.40414,-0.061253,0.244094,-0.045179,0.241425
6.40439,-0.209656,0.212598,-0.188314,0.241425
6.40464,-0.371207,0.149606,-0.340914,0.241425
6.40489,-0.521365,0.0787402,-0.48901,0.241425
6.40514,-0.633212,0.00787402,-0.589385,0.241425
6.40539,-0.685168,-0.0393701,-0.638157,0.241425
6.40564,-0.664342,-0.0629921,-0.609909,0.241425
6.40589,-0.570436,-0.0551181,-0.512729,0.241425
6.40614,-0.415908,-0.023622,-0.366337,0.241425
6.40639,-0.223715,0.015748,-0.181213,0.241425
6.40664,-0.0218556,0.0551181,0.00506678,0.241425
6.40689,0.161124,0.0866142,0.173316,0.241425
6.40714,0.302787,0.0866142,0.296388,0.241425
6.40739,0.390843,0.0472441,0.368118,0.241425
6.40764,0.424992,0,0.388044,0.241425
6.40789,0.415001,-0.0708661,0.371142,0.241425
6.40814,0.378424,-0.141732,0.339988,0.241425
6.40839,0.335536,-0.204724,0.298593,0.241425
6.40864,0.302705,-0.228346,0.26842,0.241425
6.40889,0.289519,-0.220472,0.270846,0.241425
6.40913,0.295416,-0.173228,0.279007,0.241425
6.40938,0.310542,-0.102362,0.305062,0.241425
6.40963,0.318337,-0.015748,0.304191,0.241425
6.40988,0.300532,0.0551181,0.284365,0.241425
6.41013,0.241456,0.102362,0.220588,0.241425
6.41038,0.134798,0.125984,0.119106,0.241425
6.41063,-0.0158853,0.110236,-0.0426259,0.241425
6.41088,-0.195372,0.0629921,-0.213074,0.241425
6.41113,-0.380279,0,-0.398575,0.241425
6.41138,-0.541978,-0.0393701,-0.552643,0.241425
6.41163,-0.654713,-0.0866142,-0.652142,0.241425
6.41188,-0.699629,-0.0944882,-0.685751,0.241425
6.41213,-0.669011,-0.0629921,-0.643076,0.241425
6.41238,-0.568309,-0.00787402,-0.543894,0.241425
6.41263,-0.415017,0.0629921,-0.385073,0.241425
6.41288,-0.234088,0.141732,-0.206865,0.241425
6.41313,-0.0535946,0.204724,-0.0359485,0.241425
6.41338,0.101645,0.23622,0.117381,0.241425
6.41363,0.215224,0.23622,0.224014,0.241425
6.41388,0.281778,0.181102,0.282051,0.241425
6.41413,0.306316,0.110236,0.302093,0.241425
6.41438,0.302928,0.015748,0.301656,0.241425
6.41463,0.290336,-0.0629921,0.304217,0.241425
6.41488,0.284931,-0.125984,0.308984,0.241425
6.41513,0.298089,-0.165354,0.328999,0.241425
6.41538,0.331417,-0.165354,0.365033,0.241425
6.41563,0.37689,-0.141732,0.418215,0.241425
6.41588,0.41827,-0.0944882,0.448529,0.241425
6.41613,0.435973,-0.0472441,0.461175,0.241425
6.41638,0.411045,-0.00787402,0.418627,0.241425
6.41663,0.33244,0,0.319576,0.241425
6.41688,0.198682,-0.023622,0.167928,0.241425
6.41713,0.0204735,-0.0787402,-0.0236813,0.241425
6.41738,-0.181492,-0.141732,-0.232697,0.241425
6.41763,-0.378647,-0.204724,-0.429341,0.241425
6.41788,-0.542588,-0.23622,-0.595518,0.241425
6.41813,-0.649444,-0.23622,-0.698999,0.241425
6.41838,-0.684444,-0.19685,-0.725592,0.241425
6.41863,-0.645935,-0.110236,-0.685811,0.241425
6.41888,-0.544905,0,-0.577433,0.241425
6.41913,-0.401874,0.11811,-0.427517,0.241425
6.41938,-0.242716,0.23622,-0.264868,0.241425
6.41963,-0.0930034,0.330709,-0.116812,0.241425
6.41988,0.0283491,0.370079,0.00915145,0.241425
6.42013,0.111153,0.370079,0.106718,0.241425
6.42038,0.15692,0.322835,0.164779,0.241425
6.42063,0.17612,0.251969,0.200366,0.241425
6.42088,0.185728,0.15748,0.232412,0.241425
6.42113,0.201997,0.0708661,0.273894,0.241425
6.42138,0.237931,0.00787402,0.324079,0.241425
6.42163,0.29747,-0.023622,0.399036,0.241425
6.42188,0.37456,-0.0393701,0.491282,0.241425
6.42213,0.453958,-0.0314961,0.56423,0.241425
6.42238,0.515167,-0.023622,0.615087,0.241425
6.42263,0.536277,-0.0314961,0.611854,0.241425
6.42288,0.501315,-0.0551181,0.557599,0.241425
6.42313,0.403173,-0.110236,0.421762,0.241425
6.42338,0.246624,-0.188976,0.232395,0.281583
6.42363,0.0488359,-0.283465,0.003107,0.281583
6.42388,-0.164333,-0.377953,-0.229336,0.281583
6.42413,-0.363355,-0.440945,-0.448422,0.281583
6.42438,-0.520831,-0.472441,-0.62419,0.281583
6.42463,-0.615952,-0.440945,-0.725103,0.281583
6.42488,-0.640237,-0.354331,-0.751506,0.281583
6.42513,-0.597798,-0.220472,-0.713523,0.281583
6.42538,-0.50369,-0.0551181,-0.616757,0.281583
6.42563,-0.380302,0.110236,-0.496103,0.281583
6.42588,-0.252453,0.267717,-0.358936,0.281583
6.42613,-0.140499,0.385827,-0.23542,0.281583
6.42638,-0.057593,0.464567,-0.13356,0.281583
6.42663,-0.00582193,0.480315,-0.0487579,0.281583
6.42688,0.0224571,0.456693,0.0154103,0.281583
6.42712,0.041735,0.401575,0.0715933,0.281583
6.42737,0.0688945,0.330709,0.148621,0.281583
6.42762,0.118319,0.275591,0.241034,0.281583
6.42787,0.196578,0.220472,0.350848,0.281583
6.42812,0.300042,0.188976,0.488694,0.281583
6.42837,0.415282,0.173228,0.61425,0.281583
6.42862,0.521438,0.141732,0.721654,0.281583
6.42887,0.59494,0.102362,0.785973,0.281583
6.42912,0.61452,0.0393701,0.769123,0.281583
6.42937,0.567421,-0.0551181,0.69199,0.281583
6.42962,0.451933,-0.188976,0.53405,0.281583
6.42987,0.279684,-0.338583,0.313396,0.281583
6.43012,0.0722723,-0.488189,0.0592511,0.281583
6.43037,-0.141332,-0.622047,-0.205891,0.281583
6.43062,-0.332152,-0.629921,-0.431838,0.281583
6.43087,-0.474837,-0.629921,-0.608739,0.281583
6.43112,-0.554944,-0.629921,-0.718674,0.281583
6.43137,-0.569742,-0.551181,-0.756834,0.281583
6.43162,-0.528376,-0.377953,-0.723571,0.281583
6.43187,-0.448963,-0.181102,-0.658797,0.281583
6.43212,-0.354303,0.023622,-0.562083,0.281583
6.43237,-0.265105,0.212598,-0.457652,0.281583
6.43262,-0.196246,0.362205,-0.370798,0.281583
6.43287,-0.15293,0.464567,-0.290149,0.281583
6.43312,-0.130171,0.527559,-0.223182,0.281583
6.43337,-0.115089,0.543307,-0.157087,0.281583
6.43362,-0.0906809,0.527559,-0.0745761,0.281583
6.43387,-0.0413366,0.511811,0.0476059,0.281583
6.43412,0.0429698,0.488189,0.195465,0.281583
6.43437,0.161585,0.472441,0.369601,0.281583
6.43462,0.303804,0.464567,0.552001,0.281583
6.43487,0.44978,0.440945,0.722778,0.281583
6.43512,0.574448,0.401575,0.854372,0.281583
6.43537,0.652865,0.314961,0.921057,0.281583
6.43562,0.66658,0.181102,0.909046,0.281583
6.43587,0.607061,0.00787402,0.811813,0.281583
6.43612,0.479132,-0.19685,0.631716,0.281583
6.43637,0.299158,-0.417323,0.403119,0.281583
6.43662,0.092861,-0.629921,0.134138,0.281583
6.43687,-0.110219,-0.629921,-0.123069,0.281583
6.43712,-0.282706,-0.629921,-0.36161,0.281583
6.43737,-0.405079,-0.629921,-0.531141,0.281583
6.43762,-0.468728,-0.629921,-0.65281,0.281583
6.43787,-0.476679,-0.629921,-0.698027,0.281583
6.43812,-0.442389,-0.574803,-0.696629,0.281583
6.43837,-0.385875,-0.362205,-0.652545,0.281583
6.43862,-0.32713,-0.133858,-0.601705,0.281583
6.43887,-0.282117,0.0629921,-0.538733,0.281583
6.43912,-0.258448,0.244094,-0.490765,0.281583
6.43937,-0.253528,0.370079,-0.446531,0.281583
6.43962,-0.255941,0.472441,-0.393261,0.281583
6.43987,-0.248727,0.535433,-0.322741,0.281583
6.44012,-0.214296,0.582677,-0.222538,0.281583
6.44037,-0.140019,0.614173,-0.0694792,0.281583
6.44062,-0.0219493,0.629921,0.124583,0.281583
6.44087,0.132701,0.629921,0.335979,0.281583
6.44112,0.306385,0.629921,0.567144,0.281583
6.44137,0.473934,0.629921,0.769643,0.281583
6.44162,0.607914,0.629921,0.92161,0.281583
6.44187,0.684954,0.519685,0.997309,0.281583
6.44212,0.68986,0.354331,0.981112,0.281583
6.44237,0.620134,0.149606,0.879259,0.281583
6.44262,0.485757,-0.0866142,0.699733,0.281583
6.44287,0.307819,-0.330709,0.470088,0.281583
6.44312,0.113754,-0.559055,0.212034,0.281583
6.44337,-0.0681369,-0.629921,-0.0313629,0.281583
6.44362,-0.215279,-0.629921,-0.240832,0.281583
6.44387,-0.313485,-0.629921,-0.398131,0.281583
6.44412,-0.360942,-0.629921,-0.509635,0.281583
6.44437,-0.366154,-0.629921,-0.574694,0.281583
6.44462,-0.345955,-0.551181,-0.595651,0.281583
6.44487,-0.318914,-0.385827,-0.596129,0.281583
6.44512,-0.301611,-0.220472,-0.591742,0.281583
6.44536,-0.303569,-0.0866142,-0.590276,0.281583
6.44561,-0.324511,0.015748,-0.595546,0.281583
6.44586,-0.354417,0.0944882,-0.584662,0.281583
6.44611,-0.376544,0.165354,-0.555295,0.281583
6.44636,-0.371659,0.220472,-0.490411,0.281583
6.44661,-0.323573,0.291339,-0.361745,0.281583
6.44686,-0.223897,0.362205,-0.191177,0.281583
6.44711,-0.0751014,0.448819,0.0282242,0.281583
6.44736,0.108924,0.527559,0.265427,0.281583
6.44761,0.304552,0.590551,0.510106,0.281583
6.44786,0.483394,0.622047,0.722689,0.281583
6.44811,0.618489,0.614173,0.870615,0.281583
6.44836,0.688488,0.535433,0.941898,0.281583
6.44861,0.68386,0.409449,0.9195,0.281583
6.44886,0.607487,0.23622,0.824789,0.281583
6.44911,0.474606,0.0314961,0.66058,0.281583
6.44936,0.308856,-0.165354,0.458098,0.281583
6.44961,0.137695,-0.338583,0.241785,0.281583
6.44986,-0.0146257,-0.464567,0.0501761,0.281583
6.45011,-0.130377,-0.535433,-0.113458,0.281583
6.45036,-0.203019,-0.551181,-0.237156,0.281583
6.45061,-0.23684,-0.503937,-0.318043,0.281583
6.45086,-0.244834,-0.433071,-0.376707,0.281583
6.45111,-0.244446,-0.338583,-0.416927,0.281583
6.45136,-0.252335,-0.259843,-0.459653,0.281583
6.45161,-0.279839,-0.19685,-0.50549,0.281583
6.45186,-0.328562,-0.141732,-0.558139,0.281583
6.45211,-0.39078,-0.11811,-0.617407,0.281583
6.45236,-0.44991,-0.102362,-0.652224,0.281583
6.45261,-0.485515,-0.0787402,-0.646449,0.281583
6.45286,-0.477875,-0.0393701,-0.585021,0.281583
6.45311,-0.413824,0.015748,-0.470277,0.281583
6.45336,-0.290097,0.110236,-0.289726,0.281583
6.45361,-0.11629,0.212598,-0.0702013,0.281583
6.45386,0.0879265,0.322835,0.180703,0.281583
6.45411,0.294747,0.417323,0.413454,0.281583
6.45436,0.475103,0.472441,0.617102,0.281583
6.45461,0.603199,0.472441,0.752519,0.281583
6.45486,0.662672,0.433071,0.812211,0.281583
6.45511,0.649418,0.338583,0.794679,0.281583
6.45536,0.572003,0.212598,0.703405,0.281583
6.45561,0.449299,0.0629921,0.574363,0.281583
6.45586,0.305758,-0.0629921,0.406314,0.281583
6.45611,0.166366,-0.15748,0.24925,0.281583
6.45636,0.0507659,-0.220472,0.112679,0.281583
6.45661,-0.0307336,-0.23622,0.0119546,0.281583
6.45686,-0.0788116,-0.220472,-0.067946,0.281583
6.45711,-0.102634,-0.181102,-0.119294,0.281583
6.45736,-0.118667,-0.133858,-0.174566,0.281583
6.45761,-0.143449,-0.0944882,-0.220163,0.281583
6.45786,-0.190102,-0.0787402,-0.289328,0.281583
6.45811,-0.262489,-0.0866142,-0.378383,0.281583
6.45836,-0.35521,-0.11811,-0.483192,0.281583
6.45861,-0.452867,-0.165354,-0.574729,0.281583
6.45886,-0.534344,-0.204724,-0.638738,0.281583
6.45911,-0.576778,-0.220472,-0.662443,0.281583
6.45936,-0.562256,-0.19685,-0.616343,0.281583
6.45961,-0.4816,-0.149606,-0.517598,0.281583
6.45986,-0.338204,-0.0629921,-0.34217,0.281583
6.46011,-0.146998,0.0314961,-0.137341,0.281583
6.46036,0.0671462,0.133858,0.0938163,0.281583
6.46061,0.274289,0.212598,0.30981,0.281583
6.46086,0.446307,0.259843,0.479052,0.281583
6.46111,0.561211,0.267717,0.599634,0.281583
6.46136,0.608382,0.23622,0.647329,0.281583
6.46161,0.589365,0.173228,0.624896,0.281583
6.46186,0.517496,0.0944882,0.550927,0.281583
6.46211,0.413501,0.015748,0.453733,0.281583
6.46236,0.301345,-0.0314961,0.341633,0.281583
6.46261,0.201328,-0.0551181,0.247918,0.281583
6.46286,0.126572,-0.0472441,0.169849,0.281583
6.46311,0.0796167,-0.00787402,0.120882,0.281583
6.46336,0.0540326,0.0393701,0.0835849,0.281583
6.4636,0.0349891,0.0944882,0.0548115,0.281583
6.46385,0.00581621,0.125984,0.0116924,0.281583
6.4641,-0.0484672,0.125984,-0.0553404,0.281583
6.46435,-0.134396,0.0944882,-0.151096,0.281583
6.4646,-0.249486,0.0314961,-0.274981,0.281583
6.46485,-0.380496,-0.0393701,-0.403415,0.281583
6.4651,-0.506276,-0.125984,-0.534526,0.281583
6.46535,-0.601948,-0.19685,-0.616284,0.281583
6.4656,-0.645217,-0.23622,-0.649449,0.281583
6.46585,-0.620973,-0.244094,-0.623677,0.281583
6.4661,-0.52567,-0.212598,-0.516483,0.281583
6.46635,-0.368256,-0.149606,-0.365638,0.281583
6.4666,-0.169174,-0.0787402,-0.165895,0.281583
6.46685,0.0434319,-0.015748,0.0387354,0.281583
6.4671,0.24031,0.023622,0.219948,0.281583
6.46735,0.395629,0.0393701,0.364916,0.281583
6.4676,0.49324,0.0314961,0.458273,0.281583
6.46785,0.528085,0,0.479297,0.281583
6.4681,0.507685,-0.0472441,0.462379,0.281583
6.46835,0.448459,-0.0787402,0.410981,0.281583
6.4686,0.371915,-0.0944882,0.337059,0.281583
6.46885,0.29836,-0.0787402,0.276394,0.281583
6.4691,0.242684,-0.0314961,0.230669,0.281583
6.46935,0.210053,0.0472441,0.209139,0.281583
6.4696,0.196373,0.141732,0.209312,0.281583
6.46985,0.188383,0.23622,0.204719,0.281583
6.4701,0.168993,0.307087,0.182982,0.281583
6.47035,0.121999,0.338583,0.137475,0.281583
6.4706,0.0370019,0.322835,0.0646801,0.281583
6.47085,-0.086869,0.267717,-0.0576791,0.281583
6.4711,-0.239552,0.181102,-0.205466,0.281583
6.47135,-0.401103,0.0787402,-0.354141,0.281583
6.4716,-0.545822,-0.023622,-0.48516,0.281583
6.47185,-0.647978,-0.102362,-0.580283,0.281583
6.4721,-0.686962,-0.15748,-0.615567,0.281583
6.47235,-0.652135,-0.181102,-0.578666,0.281583
6.4726,-0.545753,-0.165354,-0.47483,0.281583
6.47285,-0.382032,-0.141732,-0.328351,0.281583
6.4731,-0.185838,-0.110236,-0.155597,0.281583
6.47335,0.0144861,-0.102362,0.0165251,0.281583
6.4736,0.191307,-0.110236,0.166386,0.281583
6.47385,0.323577,-0.133858,0.275993,0.281583
6.4741,0.401207,-0.188976,0.330587,0.281583
6.47435,0.425908,-0.244094,0.33108,0.281583
6.4746,0.409489,-0.275591,0.307809,0.281583
6.47485,0.37038,-0.291339,0.271999,0.281583
6.4751,0.328226,-0.251969,0.236157,0.281583
6.47535,0.298629,-0.181102,0.213444,0.281583
6.4756,0.289313,-0.0787402,0.210917,0.281583
6.47585,0.298056,0.0551181,0.230224,0.281583
6.4761,0.313204,0.188976,0.267795,0.281583
6.47635,0.317375,0.307087,0.279182,0.281583
6.4766,0.292892,0.393701,0.272077,0.281583
6.47685,0.225361,0.433071,0.226123,0.281583
6.4771,0.109582,0.417323,0.130656,0.281583
6.47735,-0.0478975,0.370079,-0.00812764,0.281583
6.4776,-0.230314,0.283465,-0.166801,0.281583
6.47785,-0.412931,0.19685,-0.320733,0.281583
6.4781,-0.567465,0.110236,-0.453608,0.281583
6.47835,-0.66874,0.0472441,-0.533577,0.281583
6.4786,-0.699651,0,-0.56038,0.281583
6.47885,-0.655162,-0.023622,-0.518016,0.281583
6.4791,-0.542983,-0.0314961,-0.419308,0.281583
6.47935,-0.382477,-0.0472441,-0.274728,0.281583
6.4796,-0.199531,-0.0708661,-0.122827,0.281583
6.47985,-0.0220022,-0.11811,0.0143388,0.281583
6.4801,0.126434,-0.19685,0.131111,0.281583
6.48035,0.231267,-0.283465,0.195347,0.281583
6.4806,0.289072,-0.370079,0.22291,0.281583
6.48085,0.307208,-0.448819,0.207661,0.281583
6.4811,0.300798,-0.480315,0.188392,0.281583
6.48135,0.288274,-0.472441,0.157728,0.281583
6.4816,0.285833,-0.409449,0.149829,0.281583
6.48184,0.302897,-0.299213,0.161593,0.281583
6.48209,0.339467,-0.15748,0.202941,0.281583
6.48234,0.385539,0,0.256421,0.281583
6.48259,0.423887,0.165354,0.302922,0.281583
6.48284,0.434948,0.307087,0.333308,0.281583
6.48309,0.400781,0.401575,0.318196,0.281583
6.48334,0.311411,0.448819,0.261198,0.281583
6.48359,0.168193,0.456693,0.154431,0.281583
6.48384,-0.0162299,0.417323,0.00928108,0.281583
6.48409,-0.219369,0.370079,-0.151128,0.281583
6.48434,-0.41265,0.307087,-0.306558,0.281583
6.48459,-0.567602,0.259843,-0.423332,0.281583
6.48484,-0.661586,0.220472,-0.483564,0.281583
6.48509,-0.682708,0.188976,-0.493872,0.281583
6.48534,-0.631317,0.165354,-0.433366,0.281583
6.48559,-0.520651,0.125984,-0.329264,0.281583
6.48584,-0.372514,0.0708661,-0.207207,0.281583
6.48609,-0.21332,0,-0.0825444,0.281583
6.48634,-0.0677071,-0.110236,0.0266082,0.281583
6.48659,0.0466815,-0.244094,0.0979786,0.281583
6.48684,0.122403,-0.377953,0.127617,0.281583
6.48709,0.162028,-0.503937,0.117358,0.281583
6.48734,0.1782,-0.598425,0.0980271,0.281583
6.48759,0.187682,-0.629921,0.0698735,0.281583
6.48784,0.20704,-0.614173,0.0693858,0.281583
6.48809,0.24733,-0.535433,0.0839675,0.281583
6.48834,0.310898,-0.401575,0.135205,0.281583
6.48859,0.389761,-0.244094,0.198164,0.281583
6.48884,0.467373,-0.0629921,0.276633,0.281583
6.48909,0.522689,0.0944882,0.334942,0.281583
6.48934,0.534464,0.23622,0.358561,0.281583
6.48959,0.48777,0.338583,0.345252,0.281583
6.48984,0.377967,0.401575,0.274408,0.281583
6.49009,0.212351,0.425197,0.146962,0.281583
6.49034,0.00926828,0.425197,0.000872287,0.281583
6.49059,-0.203529,0.409449,-0.154245,0.281583
6.49084,-0.396829,0.393701,-0.290863,0.281583
6.49109,-0.543617,0.385827,-0.379694,0.281583
6.49134,-0.625978,0.377953,-0.428164,0.281583
6.49159,-0.637094,0.377953,-0.404195,0.281583
6.49184,-0.583544,0.346457,-0.34752,0.281583
6.49209,-0.481961,0.291339,-0.250665,0.281583
6.49234,-0.356061,0.204724,-0.14151,0.281583
6.49259,-0.22981,0.0787402,-0.0431157,0.281583
6.49284,-0.122735,-0.0708661,0.0188392,0.281583
6.49309,-0.0455778,-0.251969,0.0517609,0.281583
6.49334,0.000811583,-0.425197,0.0453058,0.281583
6.49359,0.0260893,-0.566929,0.0253314,0.281583
6.49384,0.0458363,-0.629921,-0.00840871,0.281583
6.49409,0.0762172,-0.629921,-0.021867,0.281583
6.49434,0.130755,-0.629921,-0.00208092,0.281583
6.49459,0.214134,-0.606299,0.044705,0.281583
6.49484,0.321232,-0.480315,0.116317,0.281583
6.49509,0.436495,-0.314961,0.213709,0.281583
6.49534,0.538506,-0.149606,0.307386,0.281583
6.49559,0.603157,0,0.372924,0.281583
6.49584,0.610948,0.11811,0.397218,0.281583
6.49609,0.550837,0.220472,0.359377,0.281583
6.49634,0.423704,0.291339,0.273468,0.281583
6.49659,0.242606,0.338583,0.14793,0.281583
6.49684,0.0318915,0.377953,-0.00164749,0.281583
6.49709,-0.179562,0.409449,-0.149965,0.281583
6.49734,-0.362864,0.448819,-0.265389,0.281583
6.49759,-0.49487,0.480315,-0.340452,0.281583
6.49784,-0.562527,0.519685,-0.366047,0.281583
6.49809,-0.565771,0.519685,-0.342226,0.281583
6.49834,-0.51585,0.503937,-0.269128,0.281583
6.49859,-0.431795,0.440945,-0.183456,0.281583
6.49884,-0.336684,0.330709,-0.0979327,0.281583
6.49909,-0.250436,0.165354,-0.0383796,0.281583
6.49934,-0.186174,-0.015748,-0.00552893,0.281583
6.49959,-0.147338,-0.220472,-0.00878247,0.281583
6.49984,-0.127387,-0.409449,-0.0280891,0.281583
6.50008,-0.111653,-0.574803,-0.0630665,0.281583
6.50033,-0.0837962,-0.629921,-0.0881282,0.281583
6.50058,-0.0283096,-0.629921,-0.0829781,0.281583
6.50083,0.0625327,-0.629921,-0.0426585,0.281583
6.50108,0.186894,-0.629921,0.0352632,0.281583
6.50133,0.331507,-0.519685,0.13694,0.281583
6.50158,0.475554,-0.385827,0.245495,0.281583
6.50183,0.593251,-0.244094,0.349289,0.281583
6.50208,0.66072,-0.11811,0.404198,0.281583
6.50233,0.66104,-0.00787402,0.412362,0.281583
6.50258,0.588127,0.0708661,0.359837,0.281583
6.50283,0.448621,0.149606,0.25649,0.281583
6.50308,0.261747,0.228346,0.124828,0.281583
6.50333,0.0540167,0.299213,-0.0175321,0.281583
6.50358,-0.145532,0.385827,-0.159368,0.281583
6.50383,-0.309867,0.472441,-0.257526,0.281583
6.50408,-0.421514,0.551181,-0.308123,0.281583
6.50433,-0.474037,0.614173,-0.304498,0.281583
6.50458,-0.473042,0.629921,-0.260133,0.281583
6.50483,-0.432952,0.629921,-0.196902,0.281583
6.50508,-0.374493,0.559055,-0.126613,0.281583
6.50533,-0.317246,0.433071,-0.0685853,0.281583
6.50558,-0.275994,0.267717,-0.0407054,0.281583
6.50583,-0.256286,0.0629921,-0.0367153,0.281583
6.50608,-0.253977,-0.141732,-0.064966,0.281583
6.50633,-0.25578,-0.330709,-0.105489,0.281583
6.50658,-0.244927,-0.488189,-0.142757,0.281583
6.50683,-0.203856,-0.598425,-0.15339,0.281583
6.50708,-0.121152,-0.629921,-0.128081,0.281583
6.50733,0.00462864,-0.629921,-0.0589643,0.281583
6.50758,0.164402,-0.598425,0.0475238,0.281583
6.50783,0.338992,-0.519685,0.162913,0.281583
6.50808,0.502301,-0.425197,0.279374,0.281583
6.50833,0.627213,-0.330709,0.378263,0.281583
6.50858,0.691584,-0.244094,0.424891,0.281583
6.50883,0.682356,-0.165354,0.40393,0.281583
6.50908,0.599315,-0.0944882,0.340609,0.281583
6.50933,0.455062,-0.00787402,0.228807,0.281583
6.50958,0.272113,0.0787402,0.0981866,0.281583
6.50983,0.0780239,0.173228,-0.0424924,0.281583
6.51008,-0.0988588,0.299213,-0.153743,0.281583
6.51033,-0.237388,0.417323,-0.226128,0.281583
6.51058,-0.326166,0.527559,-0.251979,0.281583
6.51083,-0.364825,0.622047,-0.240315,0.281583
6.51108,-0.363823,0.629921,-0.185645,0.281583
6.51133,-0.340788,0.629921,-0.136858,0.281583
6.51158,-0.314472,0.590551,-0.0826101,0.281583
6.51183,-0.300407,0.472441,-0.0574909,0.281583
6.51208,-0.306212,0.307087,-0.0635669,0.281583
6.51233,-0.329796,0.11811,-0.0992935,0.281583
6.51258,-0.359643,-0.0629921,-0.156916,0.281583
6.51283,-0.378351,-0.23622,-0.204208,0.281583
6.51308,-0.366466,-0.370079,-0.236223,0.281583
6.51333,-0.308871,-0.464567,-0.223628,0.281583
6.51358,-0.199481,-0.511811,-0.169274,0.281583
6.51383,-0.042769,-0.527559,-0.0656925,0.281583
6.51408,0.145368,-0.503937,0.0635381,0.281583
6.51433,0.340125,-0.464567,0.193431,0.281583
6.51458,0.512699,-0.417323,0.324232,0.281583
6.51483,0.636872,-0.370079,0.406205,0.281583
6.51508,0.693392,-0.330709,0.446677,0.281583
6.51533,0.674671,-0.275591,0.417348,0.281583
6.51558,0.586351,-0.220472,0.335844,0.281583
6.51583,0.445474,-0.141732,0.228361,0.281583
6.51608,0.276469,-0.0393701,0.095035,0.281583
6.51633,0.10714,0.0787402,-0.0301895,0.281583
6.51658,-0.0392107,0.220472,-0.118085,0.281583
6.51683,-0.147321,0.362205,-0.173665,0.281583
6.51708,-0.212092,0.496063,-0.182298,0.281583
6.51733,-0.239711,0.590551,-0.155313,0.281583
6.51758,-0.244743,0.629921,-0.116608,0.281583
6.51783,-0.244939,0.629921,-0.0813026,0.281583
6.51807,-0.255838,0.574803,-0.0711962,0.281583
6.51832,-0.287384,0.464567,-0.0814515,0.281583
6.51857,-0.339637,0.314961,-0.121801,0.281583
6.51882,-0.402599,0.15748,-0.183122,0.281583
6.51907,-0.458917,0,-0.2568,0.281583
6.51932,-0.487961,-0.141732,-0.30484,0.281583
6.51957,-0.470364,-0.251969,-0.309284,0.281583
6.51982,-0.395104,-0.322835,-0.27882,0.281583
6.52007,-0.261155,-0.370079,-0.191359,0.281583
6.52032,-0.0796636,-0.393701,-0.0718927,0.281583
6.52057,0.127293,-0.393701,0.0772312,0.281583
6.52082,0.331324,-0.393701,0.234116,0.281583
6.52107,0.503609,-0.393701,0.349498,0.281583
6.52132,0.619849,-0.393701,0.427525,0.281583
6.52157,0.665673,-0.385827,0.446565,0.281583
6.52182,0.639384,-0.370079,0.406435,0.281583
6.52207,0.551843,-0.322835,0.328972,0.281583
6.52232,0.423115,-0.244094,0.210571,0.281583
6.52257,0.278726,-0.141732,0.0970738,0.281583
6.52282,0.142655,0,-0.00106939,0.281583
6.52307,0.032749,0.141732,-0.0638306,0.281583
6.52332,-0.0421371,0.299213,-0.0935856,0.388506
6.52357,-0.0843717,0.433071,-0.0962853,0.388506
6.52382,-0.105814,0.527559,-0.0705108,0.388506
6.52407,-0.122274,0.582677,-0.0532388,0.388506
6.52432,-0.150312,0.102362,-0.0379802,0.388506
6.52457,-0.201589,0.15748,-0.0569068,0.388506
6.52482,-0.278691,0.188976,-0.111341,0.388506
6.52507,-0.373648,0.19685,-0.189408,0.388506
6.52532,-0.469968,0.19685,-0.281516,0.388506
6.52557,-0.545809,0.181102,-0.368426,0.388506
6.52582,-0.57875,0.15748,-0.4228,0.388506
6.52607,-0.552302,0.141732,-0.430007,0.388506
6.52632,-0.459433,0.125984,-0.382363,0.388506
6.52657,-0.305443,0.11811,-0.263217,0.388506
6.52682,-0.107864,0.102362,-0.106202,0.388506
6.52707,0.107071,0.0944882,0.0669189,0.388506
6.52732,0.31006,0.0787402,0.249197,0.388506
6.52757,0.472642,0.0472441,0.389426,0.388506
6.52782,0.575339,0,0.486928,0.388506
6.52807,0.609527,-0.0472441,0.523819,0.388506
6.52832,0.579446,-0.110236,0.5136,0.388506
6.52857,0.499662,-0.181102,0.44759,0.388506
6.52882,0.392555,-0.228346,0.366939,0.388506
6.52907,0.281209,-0.267717,0.27467,0.388506
6.52932,0.185175,-0.275591,0.200171,0.388506
6.52957,0.115725,-0.259843,0.143102,0.388506
6.52982,0.0738442,-0.228346,0.11081,0.388506
6.53007,0.0503665,-0.173228,0.0851019,0.388506
6.53032,0.0306858,-0.110236,0.0560624,0.388506
6.53057,-0.00216495,-0.0472441,0.00345885,0.388506
6.53082,-0.0619021,0,-0.0741836,0.388506
6.53107,-0.154025,0.0393701,-0.189505,0.388506
6.53132,-0.273311,0.0787402,-0.330013,0.388506
6.53157,-0.405002,0.0944882,-0.470448,0.388506
6.53182,-0.527141,0.11811,-0.606056,0.388506
6.53207,-0.614559,0.133858,-0.683297,0.388506
6.53232,-0.646151,0.141732,-0.703496,0.388506
6.53257,-0.608562,0.165354,-0.650595,0.388506
6.53282,-0.500478,0.188976,-0.521883,0.388506
6.53307,-0.333453,0.204724,-0.327048,0.388506
6.53332,-0.129788,0.220472,-0.0957739,0.388506
6.53357,0.082475,0.220472,0.139942,0.388506
6.53382,0.27317,0.204724,0.356628,0.388506
6.53407,0.418608,0.165354,0.511981,0.388506
6.53432,0.504315,0.110236,0.609823,0.388506
6.53457,0.528145,0.0393701,0.635538,0.388506
6.53482,0.498847,-0.0314961,0.608124,0.388506
6.53507,0.434821,-0.11811,0.532153,0.388506
6.53532,0.357425,-0.181102,0.439775,0.388506
6.53557,0.286295,-0.23622,0.342812,0.388506
6.53582,0.234814,-0.267717,0.26592,0.388506
6.53607,0.206562,-0.275591,0.211318,0.388506
6.53631,0.194832,-0.259843,0.165776,0.388506
6.53656,0.186065,-0.23622,0.123173,0.388506
6.53681,0.162874,-0.204724,0.0698755,0.388506
6.53706,0.109086,-0.173228,-0.00468961,0.388506
6.53731,0.0165886,-0.133858,-0.114552,0.388506
6.53756,-0.113715,-0.102362,-0.251359,0.388506
6.53781,-0.269604,-0.0708661,-0.405422,0.388506
6.53806,-0.430222,-0.0393701,-0.557515,0.388506
6.53831,-0.568855,-0.00787402,-0.675747,0.388506
6.53856,-0.660505,0.023622,-0.737617,0.388506
6.53881,-0.686147,0.0708661,-0.728926,0.388506
6.53906,-0.637393,0.11811,-0.648973,0.388506
6.53931,-0.518769,0.173228,-0.495608,0.388506
6.53956,-0.347192,0.228346,-0.296485,0.388506
6.53981,-0.147822,0.267717,-0.0692496,0.388506
6.54006,0.0500625,0.291339,0.145729,0.388506
6.54031,0.219674,0.299213,0.318801,0.388506
6.54056,0.3424,0.275591,0.44655,0.388506
6.54081,0.409694,0.244094,0.517474,0.388506
6.54106,0.425561,0.188976,0.523399,0.388506
6.54131,0.403238,0.11811,0.493363,0.388506
6.54156,0.362232,0.0472441,0.446505,0.388506
6.54181,0.32132,-0.015748,0.383995,0.388506
6.54206,0.295308,-0.0787402,0.344038,0.388506
6.54231,0.289747,-0.133858,0.323143,0.388506
6.54256,0.30079,-0.181102,0.313268,0.388506
6.54281,0.315319,-0.212598,0.305286,0.388506
6.54306,0.315781,-0.244094,0.287496,0.388506
6.54331,0.283732,-0.251969,0.244334,0.388506
6.54356,0.207321,-0.267717,0.149223,0.388506
6.54381,0.0831439,-0.275591,0.00888206,0.388506
6.54406,-0.0807966,-0.267717,-0.15968,0.388506
6.54431,-0.265447,-0.259843,-0.350273,0.388506
6.54456,-0.444757,-0.23622,-0.541078,0.388506
6.54481,-0.590972,-0.19685,-0.68608,0.388506
6.54506,-0.680182,-0.141732,-0.764739,0.388506
6.54531,-0.697013,-0.0787402,-0.774958,0.388506
6.54556,-0.638875,0,-0.708673,0.388506
6.54581,-0.515943,0.0787402,-0.574559,0.388506
6.54606,-0.349152,0.15748,-0.392613,0.388506
6.54631,-0.165159,0.23622,-0.186342,0.388506
6.54656,0.00833254,0.291339,0.00228428,0.388506
6.54681,0.149683,0.338583,0.165217,0.388506
6.54706,0.245643,0.354331,0.275304,0.388506
6.54731,0.295194,0.354331,0.346327,0.388506
6.54756,0.30722,0.338583,0.376055,0.388506
6.54781,0.298454,0.299213,0.389594,0.388506
6.54806,0.286582,0.251969,0.385302,0.388506
6.54831,0.287369,0.181102,0.399746,0.388506
6.54856,0.308397,0.11811,0.425665,0.388506
6.54881,0.34775,0.0472441,0.47179,0.388506
6.54906,0.393837,-0.015748,0.508783,0.388506
6.54931,0.428875,-0.0787402,0.527722,0.388506
6.54956,0.432329,-0.15748,0.510305,0.388506
6.54981,0.388356,-0.220472,0.445827,0.388506
6.55006,0.288696,-0.291339,0.314077,0.388506
6.55031,0.136242,-0.346457,0.124108,0.388506
6.55056,-0.0537665,-0.385827,-0.0959722,0.388506
6.55081,-0.25712,-0.401575,-0.328448,0.388506
6.55106,-0.445123,-0.401575,-0.544478,0.388506
6.55131,-0.590331,-0.385827,-0.709232,0.388506
6.55156,-0.671247,-0.346457,-0.806568,0.388506
6.55181,-0.678304,-0.275591,-0.826733,0.388506
6.55206,-0.614599,-0.19685,-0.762219,0.388506
6.55231,-0.49508,-0.102362,-0.646432,0.388506
6.55256,-0.342837,0,-0.480964,0.388506
6.55281,-0.184587,0.0944882,-0.305278,0.388506
6.55306,-0.0434757,0.188976,-0.136694,0.388506
6.55331,0.0638633,0.275591,0.00142369,0.388506
6.55356,0.132142,0.346457,0.105268,0.388506
6.55381,0.166472,0.393701,0.171662,0.388506
6.55406,0.180045,0.433071,0.221331,0.388506
6.55431,0.190037,0.440945,0.276321,0.388506
6.55455,0.212682,0.433071,0.330381,0.388506
6.5548,0.257557,0.401575,0.395133,0.388506
6.55505,0.324863,0.362205,0.484602,0.388506
6.5553,0.404938,0.283465,0.581527,0.388506
6.55555,0.48019,0.204724,0.65556,0.388506
6.5558,0.528676,0.110236,0.695011,0.388506
6.55605,0.530433,0,0.68328,0.388506
6.5563,0.472139,-0.102362,0.599843,0.388506
6.55655,0.350783,-0.212598,0.451985,0.388506
6.5568,0.176373,-0.307087,0.238231,0.388506
6.55705,-0.030416,-0.393701,-0.00429523,0.388506
6.5573,-0.242029,-0.464567,-0.262094,0.388506
6.55755,-0.428504,-0.503937,-0.494154,0.388506
6.5578,-0.564294,-0.519685,-0.666605,0.388506
6.55805,-0.633328,-0.503937,-0.77122,0.388506
6.5583,-0.631661,-0.464567,-0.800361,0.388506
6.55855,-0.567626,-0.401575,-0.747583,0.388506
6.5588,-0.459615,-0.322835,-0.657386,0.388506
6.55905,-0.331812,-0.220472,-0.526923,0.388506
6.5593,-0.207769,-0.11811,-0.392109,0.388506
6.55955,-0.105861,0,-0.276414,0.388506
6.5598,-0.0348671,0.11811,-0.179716,0.388506
6.56005,0.00684054,0.23622,-0.0994695,0.388506
6.5603,0.0297609,0.330709,-0.0326958,0.388506
6.56055,0.0499206,0.425197,0.027866,0.388506
6.5608,0.084393,0.496063,0.112921,0.388506
6.56105,0.144218,0.543307,0.217347,0.388506
6.5613,0.232751,0.559055,0.349268,0.388506
6.56155,0.342641,0.543307,0.491284,0.388506
6.5618,0.457236,0.496063,0.635427,0.388506
6.56205,0.554058,0.425197,0.756994,0.388506
6.5623,0.609448,0.322835,0.819143,0.388506
6.56255,0.605028,0.212598,0.823288,0.388506
6.5628,0.531881,0.0787402,0.732697,0.388506
6.56305,0.393375,-0.0472441,0.578362,0.388506
6.5633,0.204868,-0.181102,0.359799,0.388506
6.56355,-0.00851523,-0.291339,0.1044,0.388506
6.5638,-0.216951,-0.393701,-0.153041,0.388506
6.56405,-0.391987,-0.480315,-0.379744,0.388506
6.5643,-0.512443,-0.543307,-0.555147,0.388506
6.56455,-0.567895,-0.574803,-0.661792,0.388506
6.5648,-0.560036,-0.582677,-0.699624,0.388506
6.56505,-0.501886,-0.559055,-0.674215,0.388506
6.5653,-0.414233,-0.519685,-0.623141,0.388506
6.56555,-0.319386,-0.440945,-0.543479,0.388506
6.5658,-0.236513,-0.346457,-0.470729,0.388506
6.56605,-0.177171,-0.228346,-0.405932,0.388506
6.5663,-0.142559,-0.0944882,-0.361169,0.388506
6.56655,-0.124546,0.0393701,-0.316062,0.388506
6.5668,-0.108016,0.188976,-0.259428,0.388506
6.56705,-0.0757737,0.330709,-0.186138,0.388506
6.5673,-0.0140266,0.456693,-0.0693971,0.388506
6.56755,0.0835257,0.551181,0.0781143,0.388506
6.5678,0.212768,0.614173,0.266581,0.388506
6.56805,0.359188,0.629921,0.468456,0.388506
6.5683,0.500295,0.614173,0.653513,0.388506
6.56855,0.610271,0.559055,0.802126,0.388506
6.5688,0.666289,0.480315,0.886468,0.388506
6.56905,0.65291,0.370079,0.897034,0.388506
6.5693,0.566711,0.244094,0.821595,0.388506
6.56955,0.416758,0.11811,0.660554,0.388506
6.5698,0.223599,0.00787402,0.450067,0.388506
6.57005,0.0150635,-0.102362,0.209906,0.388506
6.5703,-0.179367,-0.19685,-0.0295222,0.388506
6.57055,-0.335161,-0.283465,-0.248658,0.388506
6.5708,-0.435882,-0.354331,-0.399722,0.388506
6.57105,-0.477638,-0.409449,-0.505845,0.388506
6.5713,-0.467711,-0.448819,-0.553504,0.388506
6.57155,-0.422862,-0.480315,-0.561512,0.388506
6.5718,-0.363211,-0.480315,-0.543584,0.388506
6.57205,-0.308058,-0.472441,-0.516037,0.388506
6.5723,-0.27064,-0.433071,-0.50029,0.388506
6.57255,-0.254857,-0.354331,-0.488267,0.388506
6.57279,-0.254423,-0.267717,-0.475223,0.388506
6.57304,-0.255373,-0.149606,-0.454969,0.388506
6.57329,-0.239882,-0.023622,-0.412732,0.388506
6.57354,-0.191705,0.0866142,-0.31724,0.388506
6.57379,-0.100995,0.204724,-0.192297,0.388506
6.57404,0.0324138,0.299213,-0.00733633,0.388506
6.57429,0.196626,0.370079,0.205867,0.388506
6.57454,0.371184,0.401575,0.419869,0.388506
6.57479,0.529214,0.409449,0.62691,0.388506
6.57504,0.644492,0.393701,0.774306,0.388506
6.57529,0.695625,0.346457,0.850469,0.388506
6.57554,0.672309,0.299213,0.849996,0.388506
6.57579,0.576437,0.244094,0.763241,0.388506
6.57604,0.422998,0.188976,0.610386,0.388506
6.57629,0.235646,0.133858,0.408808,0.388506
6.57654,0.0431217,0.0866142,0.188722,0.388506
6.57679,-0.128219,0.0393701,-0.00729874,0.388506
6.57704,-0.257957,0,-0.178286,0.388506
6.57729,-0.33685,-0.0629921,-0.298328,0.388506
6.57754,-0.367135,-0.125984,-0.359492,0.388506
6.57779,-0.360709,-0.19685,-0.391492,0.388506
6.57804,-0.335647,-0.259843,-0.400522,0.388506
6.57829,-0.310532,-0.322835,-0.403506,0.388506
6.57854,-0.299913,-0.354331,-0.405317,0.388506
6.57879,-0.309546,-0.362205,-0.426574,0.388506
6.57904,-0.33541,-0.354331,-0.45838,0.388506
6.57929,-0.364471,-0.299213,-0.484468,0.388506
6.57954,-0.37889,-0.23622,-0.483465,0.388506
6.57979,-0.35945,-0.149606,-0.459973,0.388506
6.58004,-0.29261,-0.0629921,-0.378832,0.388506
6.58029,-0.173388,0.015748,-0.243566,0.388506
6.58054,-0.00932667,0.0866142,-0.0670851,0.388506
6.58079,0.182098,0.133858,0.13781,0.388506
6.58104,0.374742,0.15748,0.35543,0.388506
6.58129,0.540439,0.165354,0.536792,0.388506
6.58154,0.652968,0.165354,0.675328,0.388506
6.58179,0.695608,0.15748,0.738868,0.388506
6.58204,0.663094,0.15748,0.718592,0.388506
6.58229,0.563355,0.165354,0.633213,0.388506
6.58254,0.415049,0.173228,0.50014,0.388506
6.58279,0.244242,0.188976,0.331189,0.388506
6.58304,0.0774035,0.204724,0.166162,0.388506
6.58329,-0.0626749,0.204724,0.0156028,0.388506
6.58354,-0.162492,0.188976,-0.0885218,0.388506
6.58379,-0.219855,0.149606,-0.162791,0.388506
6.58404,-0.24196,0.0866142,-0.194842,0.388506
6.58429,-0.244682,0.00787402,-0.216563,0.388506
6.58454,-0.245539,-0.0629921,-0.226332,0.388506
6.58479,-0.260073,-0.141732,-0.24632,0.388506
6.58504,-0.295734,-0.212598,-0.293268,0.388506
6.58529,-0.351007,-0.251969,-0.357044,0.388506
6.58554,-0.414187,-0.267717,-0.429502,0.388506
6.58579,-0.467148,-0.251969,-0.489003,0.388506
6.58604,-0.488621,-0.220472,-0.524207,0.388506
6.58629,-0.461006,-0.165354,-0.502355,0.388506
6.58654,-0.374282,-0.125984,-0.429677,0.388506
6.58679,-0.230296,-0.0866142,-0.296705,0.388506
6.58704,-0.0422043,-0.0629921,-0.114434,0.388506
6.58729,0.166563,-0.0551181,0.0946034,0.388506
6.58754,0.366772,-0.0551181,0.295883,0.388506
6.58779,0.530176,-0.0551181,0.46742,0.388506
6.58804,0.63389,-0.0551181,0.583917,0.388506
6.58829,0.666053,-0.0393701,0.627107,0.388506
6.58854,0.627212,0,0.606779,0.388506
6.58879,0.53028,0.0472441,0.520991,0.388506
6.58904,0.396567,0.110236,0.411945,0.388506
6.58929,0.251994,0.188976,0.272428,0.388506
6.58954,0.119652,0.251969,0.154059,0.388506
6.58979,0.0161891,0.299213,0.05695,0.388506
6.59004,-0.0523869,0.314961,-0.00902259,0.388506
6.59029,-0.0895912,0.291339,-0.0378616,0.388506
6.59054,-0.108592,0.23622,-0.0560583,0.388506
6.59079,-0.126138,0.173228,-0.071442,0.388506
6.59103,-0.157996,0.0866142,-0.0962003,0.388506
6.59128,-0.214144,0.00787402,-0.152087,0.388506
6.59153,-0.295385,-0.0551181,-0.226886,0.388506
6.59178,-0.392139,-0.0944882,-0.324969,0.388506
6.59203,-0.486533,-0.11811,-0.428541,0.388506
6.59228,-0.555845,-0.125984,-0.511827,0.388506
6.59253,-0.578616,-0.125984,-0.544917,0.388506
6.59278,-0.539937,-0.11811,-0.526045,0.388506
6.59303,-0.434908,-0.11811,-0.443014,0.388506
6.59328,-0.271224,-0.133858,-0.306731,0.388506
6.59353,-0.0681089,-0.165354,-0.116962,0.388506
6.59378,0.146802,-0.204724,0.0743087,0.388506
6.59403,0.344029,-0.244094,0.267869,0.388506
6.59428,0.496855,-0.267717,0.413342,0.388506
6.59453,0.587008,-0.267717,0.506609,0.388506
6.59478,0.608516,-0.23622,0.526297,0.388506
6.59503,0.56773,-0.181102,0.496096,0.388506
6.59528,0.481051,-0.0787402,0.418701,0.388506
6.59553,0.371424,0.015748,0.314544,0.388506
6.59578,0.261645,0.133858,0.215327,0.388506
6.59603,0.169965,0.23622,0.134583,0.388506
6.59628,0.105853,0.307087,0.0790572,0.388506
6.59653,0.0683767,0.346457,0.0593362,0.388506
6.59678,0.0470702,0.354331,0.0555242,0.388506
6.59703,0.026089,0.322835,0.0539889,0.388506
6.59728,-0.011095,0.259843,0.0336102,0.388506
6.59753,-0.0766962,0.204724,-0.00401485,0.388506
6.59778,-0.174432,0.149606,-0.0818845,0.388506
6.59803,-0.29758,0.0944882,-0.188574,0.388506
6.59828,-0.429445,0.0708661,-0.315546,0.388506
6.59853,-0.546775,0.0472441,-0.428861,0.388506
6.59878,-0.625191,0.0393701,-0.509545,0.388506
6.59903,-0.644543,0.015748,-0.544966,0.388506
6.59928,-0.593528,-0.00787402,-0.51529,0.388506
6.59953,-0.473272,-0.0629921,-0.421895,0.388506
6.59978,-0.297349,-0.125984,-0.271297,0.388506
6.60003,-0.0898791,-0.212598,-0.0934978,0.388506
6.60028,0.120342,-0.299213,0.0819327,0.388506
6.60053,0.304425,-0.377953,0.244427,0.388506
6.60078,0.439477,-0.425197,0.358358,0.388506
6.60103,0.513388,-0.433071,0.422616,0.388506
6.60128,0.526199,-0.401575,0.424311,0.388506
6.60153,0.488962,-0.330709,0.373917,0.388506
6.60178,0.420767,-0.220472,0.307586,0.388506
6.60203,0.343067,-0.0944882,0.222475,0.388506
6.60228,0.274928,0.023622,0.157325,0.388506
6.60253,0.227767,0.141732,0.118029,0.388506
6.60278,0.203395,0.220472,0.104965,0.388506
6.60303,0.193605,0.267717,0.119174,0.388506
6.60328,0.183423,0.291339,0.130622,0.388506
6.60353,0.155443,0.283465,0.13697,0.388506
6.60378,0.095031,0.267717,0.108281,0.388506
6.60403,-0.00517683,0.244094,0.0479842,0.388506
6.60428,-0.141472,0.228346,-0.0558931,0.388506
6.60453,-0.300162,0.228346,-0.184405,0.388506
6.60478,-0.458471,0.23622,-0.319018,0.388506
6.60503,-0.590225,0.244094,-0.441713,0.388506
6.60528,-0.670811,0.244094,-0.519234,0.388506
6.60553,-0.682764,0.220472,-0.535393,0.388506
6.60578,-0.620182,0.165354,-0.495323,0.388506
6.60603,-0.490041,0.0787402,-0.392535,0.388506
6.60628,-0.311188,-0.0314961,-0.24128,0.388506
6.60653,-0.109903,-0.15748,-0.0600565,0.388506
6.60678,0.0846415,-0.291339,0.0974335,0.388506
6.60703,0.246615,-0.401575,0.240481,0.388506
6.60728,0.359053,-0.480315,0.32668,0.388506
6.60753,0.416359,-0.511811,0.358773,0.388506
6.60778,0.423683,-0.488189,0.340073,0.388506
6.60803,0.396461,-0.425197,0.297133,0.388506
6.60828,0.35403,-0.330709,0.233159,0.388506
6.60853,0.31505,-0.212598,0.179576,0.388506
6.60878,0.292698,-0.102362,0.148118,0.388506
6.60903,0.290976,0,0.141279,0.388506
6.60927,0.303655,0.0629921,0.155392,0.388506
6.60952,0.316933,0.11811,0.184809,0.388506
6.60977,0.312657,0.149606,0.202276,0.388506
6.61002,0.273231,0.165354,0.200313,0.388506
6.61027,0.187605,0.188976,0.147546,0.388506
6.61052,0.0550624,0.220472,0.0607062,0.388506
6.61077,-0.11422,0.267717,-0.0680645,0.388506
6.61102,-0.300216,0.330709,-0.220578,0.388506
6.61127,-0.475412,0.377953,-0.357343,0.388506
6.61152,-0.612697,0.417323,-0.471588,0.388506
6.61177,-0.689036,0.433071,-0.535839,0.388506
6.61202,-0.691723,0.409449,-0.533949,0.388506
6.61227,-0.620339,0.330709,-0.470632,0.388506
6.61252,-0.48748,0.220472,-0.341137,0.388506
6.61277,-0.315033,0.0708661,-0.18273,0.388506
6.61302,-0.131155,-0.0866142,-0.0175406,0.388506
6.61327,0.0377431,-0.244094,0.128104,0.388506
6.61352,0.171065,-0.377953,0.238073,0.388506
6.61377,0.258372,-0.472441,0.29242,0.388506
6.61402,0.299824,-0.519685,0.301638,0.388506
6.61427,0.306692,-0.519685,0.276449,0.388506
6.61452,0.295861,-0.464567,0.225211,0.388506
6.61477,0.285477,-0.393701,0.186427,0.388506
6.61502,0.2897,-0.307087,0.15424,0.388506
6.61527,0.314628,-0.228346,0.143393,0.388506
6.61552,0.356278,-0.15748,0.174458,0.388506
6.61577,0.40174,-0.102362,0.203232,0.388506
6.61602,0.43242,-0.0551181,0.245768,0.388506
6.61627,0.428225,-0.023622,0.256251,0.388506
6.61652,0.374012,0.023622,0.234227,0.388506
6.61677,0.263881,0.0866142,0.1665,0.388506
6.61702,0.103199,0.173228,0.0476969,0.388506
6.61727,-0.091616,0.275591,-0.0942993,0.388506
6.61752,-0.294329,0.385827,-0.253113,0.388506
6.61777,-0.476416,0.488189,-0.393945,0.388506
6.61802,-0.610672,0.559055,-0.498073,0.388506
6.61827,-0.678294,0.582677,-0.530514,0.388506
6.61852,-0.671498,0.551181,-0.507901,0.388506
6.61877,-0.595949,0.472441,-0.424629,0.388506
6.61902,-0.468163,0.338583,-0.289125,0.388506
6.61927,-0.312944,0.165354,-0.138422,0.388506
6.61952,-0.1563,0,0.0172311,0.388506
6.61977,-0.0207154,-0.173228,0.13071,0.388506
6.62002,0.0796578,-0.322835,0.208313,0.388506
6.62027,0.140772,-0.417323,0.243226,0.388506
6.62052,0.169948,-0.472441,0.231587,0.388506
6.62077,0.181771,-0.480315,0.197714,0.388506
6.62102,0.193001,-0.456693,0.157859,0.388506
6.62127,0.219271,-0.417323,0.139948,0.388506
6.62152,0.268532,-0.377953,0.140251,0.388506
6.62177,0.339287,-0.338583,0.165099,0.388506
6.62202,0.419941,-0.307087,0.212737,0.388506
6.62227,0.491954,-0.283465,0.269456,0.388506
6.62252,0.53301,-0.251969,0.304472,0.388506
6.62277,0.524366,-0.204724,0.306668,0.388506
6.62302,0.454087,-0.125984,0.262936,0.388506
6.62327,0.32195,-0.023622,0.169771,0.404133
6.62352,0.139385,0.102362,0.0361528,0.404133
6.62377,-0.0705072,0.259843,-0.130379,0.404133
6.62402,-0.279597,0.417323,-0.290406,0.404133
6.62427,-0.45839,0.551181,-0.420615,0.404133
6.62452,-0.582608,0.629921,-0.499579,0.404133
6.62477,-0.638328,0.629921,-0.519467,0.404133
6.62502,-0.62397,0.629921,-0.479567,0.404133
6.62527,-0.549971,0.566929,-0.373712,0.404133
6.62552,-0.436529,0.425197,-0.246404,0.404133
6.62577,-0.307817,0.251969,-0.101236,0.404133
6.62602,-0.186611,0.0708661,0.0178357,0.404133
6.62627,-0.0900861,-0.0787402,0.109017,0.404133
6.62652,-0.0250999,-0.220472,0.156612,0.404133
6.62677,0.0119645,-0.307087,0.16861,0.404133
6.62702,0.0333409,-0.362205,0.14976,0.404133
6.62726,0.0549185,-0.393701,0.116912,0.404133
6.62751,0.0932728,-0.401575,0.101753,0.404133
6.62776,0.1587,-0.401575,0.100557,0.404133
6.62801,0.252074,-0.409449,0.135097,0.404133
6.62826,0.364314,-0.425197,0.204652,0.404133
6.62851,0.477526,-0.440945,0.268578,0.404133
6.62876,0.568152,-0.448819,0.338331,0.404133
6.62901,0.613547,-0.433071,0.372203,0.404133
6.62926,0.596748,-0.377953,0.362921,0.404133
6.62951,0.51061,-0.275591,0.288431,0.404133
6.62976,0.361141,-0.141732,0.167889,0.404133
6.63001,0.166021,0.0393701,0.0147202,0.404133
6.63026,-0.0485048,0.228346,-0.152057,0.404133
6.63051,-0.252992,0.417323,-0.311456,0.404133
6.63076,-0.419174,0.582677,-0.43297,0.404133
6.63101,-0.527884,0.629921,-0.493182,0.404133
6.63126,-0.570886,0.629921,-0.495407,0.404133
6.63151,-0.552528,0.629921,-0.431012,0.404133
6.63176,-0.487124,0.582677,-0.332094,0.404133
6.63201,-0.396445,0.440945,-0.207562,0.404133
6.63226,-0.302417,0.291339,-0.0841442,0.404133
6.63251,-0.223426,0.141732,0.00394953,0.404133
6.63276,-0.168893,0.00787402,0.0654711,0.404133
6.63301,-0.138443,-0.0866142,0.0850696,0.404133
6.63326,-0.121759,-0.149606,0.0728374,0.404133
6.63351,-0.103768,-0.204724,0.0499628,0.404133
6.63376,-0.0669424,-0.244094,0.0365939,0.404133
6.63401,0.00152743,-0.283465,0.0410416,0.404133
6.63426,0.105627,-0.330709,0.0839941,0.404133
6.63451,0.239423,-0.401575,0.160751,0.404133
6.63476,0.386761,-0.456693,0.246662,0.404133
6.63501,0.523942,-0.519685,0.344919,0.404133
6.63526,0.625399,-0.551181,0.409572,0.404133
6.63551,0.669358,-0.535433,0.440753,0.404133
6.63576,0.6422,-0.480315,0.415021,0.404133
6.63601,0.542933,-0.362205,0.31943,0.404133
6.63626,0.383183,-0.204724,0.184355,0.404133
6.63651,0.185132,-0.00787402,0.0161702,0.404133
6.63676,-0.0232096,0.173228,-0.163532,0.404133
6.63701,-0.212066,0.354331,-0.308249,0.404133
6.63726,-0.358297,0.496063,-0.414716,0.404133
6.63751,-0.448162,0.574803,-0.459898,0.404133
6.63776,-0.479414,0.598425,-0.448488,0.404133
6.63801,-0.461464,0.566929,-0.382519,0.404133
6.63826,-0.412182,0.488189,-0.283604,0.404133
6.63851,-0.351964,0.377953,-0.188231,0.404133
6.63876,-0.299484,0.275591,-0.0988942,0.404133
6.63901,-0.266148,0.181102,-0.0445795,0.404133
6.63926,-0.253875,0.110236,-0.0208615,0.404133
6.63951,-0.25492,0.0551181,-0.0284502,0.404133
6.63976,-0.254372,0.00787402,-0.0492909,0.404133
6.64001,-0.233915,-0.023622,-0.0664457,0.404133
6.64026,-0.178045,-0.0629921,-0.0604095,0.404133
6.64051,-0.0790682,-0.125984,-0.0143667,0.404133
6.64076,0.061086,-0.220472,0.0697177,0.404133
6.64101,0.229382,-0.322835,0.175993,0.404133
6.64126,0.402799,-0.417323,0.307571,0.404133
6.64151,0.55472,-0.511811,0.415052,0.404133
6.64176,0.659334,-0.566929,0.495103,0.404133
6.64201,0.69703,-0.566929,0.51223,0.404133
6.64226,0.659571,-0.503937,0.466368,0.404133
6.64251,0.551646,-0.393701,0.363423,0.404133
6.64276,0.389742,-0.23622,0.216278,0.404133
6.64301,0.199187,-0.0629921,0.0409475,0.404133
6.64326,0.00875623,0.11811,-0.129118,0.404133
6.64351,-0.155922,0.267717,-0.269503,0.404133
6.64376,-0.276726,0.377953,-0.35953,0.404133
6.64401,-0.346043,0.433071,-0.394757,0.404133
6.64426,-0.368119,0.629921,-0.371393,0.404133
6.64451,-0.356937,0.629921,-0.321644,0.404133
6.64476,-0.330353,0.629921,-0.24692,0.404133
6.64501,-0.307182,0.417323,-0.18175,0.404133
6.64526,-0.300144,0.204724,-0.134177,0.404133
6.6455,-0.313393,0.015748,-0.118368,0.404133
6.64575,-0.341056,-0.125984,-0.118836,0.404133
6.646,-0.369128,-0.228346,-0.139013,0.404133
6.64625,-0.378238,-0.275591,-0.152776,0.404133
6.6465,-0.350753,-0.314961,-0.160836,0.404133
6.64675,-0.274206,-0.330709,-0.128995,0.404133
6.647,-0.145938,-0.362205,-0.0587338,0.404133
6.64725,0.0252285,-0.409449,0.0382836,0.404133
6.6475,0.218878,-0.480315,0.150508,0.404133
6.64775,0.408583,-0.551181,0.269775,0.404133
6.648,0.566021,-0.614173,0.374103,0.404133
6.64825,0.666588,-0.629921,0.427071,0.404133
6.6485,0.695172,-0.614173,0.422824,0.404133
6.64875,0.649175,-0.519685,0.360848,0.404133
6.649,0.538647,-0.362205,0.259881,0.404133
6.64925,0.384018,-0.141732,0.123634,0.404133
6.6495,0.211995,0.0866142,-0.0143961,0.404133
6.64975,0.048831,0.314961,-0.144711,0.404133
6.65,-0.0846789,0.519685,-0.225055,0.404133
6.65025,-0.176391,0.629921,-0.259434,0.404133
6.6505,-0.225981,0.629921,-0.239164,0.404133
6.65075,-0.243519,0.629921,-0.197147,0.404133
6.651,-0.244563,0.629921,-0.123313,0.404133
6.65125,-0.246925,0.543307,-0.0629088,0.404133
6.6515,-0.264975,0.425197,-0.0287824,0.404133
6.65175,-0.304843,0.299213,-0.0267659,0.404133
6.652,-0.362668,0.19685,-0.0566178,0.404133
6.65225,-0.425486,0.11811,-0.123323,0.404133
6.6525,-0.474077,0.0551181,-0.180858,0.404133
6.65275,-0.487543,0.015748,-0.240816,0.404133
6.653,-0.449431,-0.0393701,-0.256469,0.404133
6.65325,-0.351658,-0.110236,-0.22249,0.404133
6.6535,-0.197878,-0.220472,-0.150951,0.404133
6.65375,-0.00393168,-0.362205,-0.0272985,0.404133
6.654,0.205314,-0.503937,0.107803,0.404133
6.65425,0.401079,-0.629921,0.251898,0.404133
6.6545,0.554634,-0.629921,0.353811,0.404133
6.65475,0.645526,-0.629921,0.413547,0.404133
6.655,0.663922,-0.629921,0.418213,0.404133
6.65525,0.612985,-0.629921,0.360634,0.404133
6.6555,0.507198,-0.456693,0.265104,0.404133
6.65575,0.36974,-0.220472,0.151458,0.404133
6.656,0.225701,0.0314961,0.0291092,0.404133
6.65625,0.097743,0.275591,-0.0679676,0.404133
6.6565,0.000661275,0.480315,-0.125572,0.404133
6.65675,-0.0611562,0.614173,-0.142976,0.404133
6.657,-0.0941603,0.629921,-0.130244,0.404133
6.65725,-0.111555,0.629921,-0.0916046,0.404133
6.6575,-0.130475,0.622047,-0.0547515,0.404133
6.65775,-0.166546,0.535433,-0.0344891,0.404133
6.658,-0.227616,0.433071,-0.039583,0.404133
6.65825,-0.312728,0.346457,-0.0838497,0.404133
6.6585,-0.410528,0.275591,-0.147962,0.404133
6.65875,-0.502026,0.220472,-0.227576,0.404133
6.659,-0.564167,0.165354,-0.294508,0.404133
6.65925,-0.576546,0.110236,-0.324174,0.404133
6.6595,-0.525226,0.023622,-0.315814,0.404133
6.65975,-0.408308,-0.0787402,-0.255029,0.404133
6.66,-0.235517,-0.220472,-0.145845,0.404133
6.66025,-0.0281715,-0.393701,-0.00521319,0.404133
6.6605,0.186085,-0.551181,0.144594,0.404133
6.66075,0.37665,-0.629921,0.279258,0.404133
6.661,0.51867,-0.629921,0.373581,0.404133
6.66125,0.596264,-0.629921,0.413093,0.404133
6.6615,0.605298,-0.629921,0.389689,0.404133
6.66175,0.554271,-0.574803,0.323504,0.404133
6.662,0.461645,-0.370079,0.221807,0.404133
6.66225,0.350295,-0.133858,0.109004,0.404133
6.6625,0.242727,0.0866142,0.0177136,0.404133
6.66275,0.155905,0.291339,-0.0418564,0.404133
6.663,0.0970331,0.448819,-0.0712535,0.404133
6.66325,0.063488,0.535433,-0.0597663,0.404133
6.6635,0.0435477,0.559055,-0.0215286,0.404133
6.66374,0.020971,0.535433,0.0187285,0.404133
6.66399,-0.0210351,0.472441,0.052893,0.404133
6.66424,-0.0926161,0.401575,0.0501908,0.404133
6.66449,-0.195914,0.338583,-0.00149843,0.404133
6.66474,-0.322051,0.291339,-0.0763124,0.404133
6.66499,-0.453197,0.259843,-0.176665,0.404133
6.66524,-0.565058,0.251969,-0.27878,0.404133
6.66549,-0.633918,0.220472,-0.358871,0.404133
6.66574,-0.640447,0.181102,-0.392693,0.404133
6.66599,-0.576045,0.102362,-0.377936,0.404133
6.66624,-0.44402,-0.00787402,-0.309781,0.404133
6.66649,-0.260345,-0.165354,-0.187496,0.404133
6.66674,-0.049687,-0.338583,-0.0389668,0.404133
6.66699,0.157525,-0.496063,0.108037,0.404133
6.66724,0.333718,-0.622047,0.235203,0.404133
6.66749,0.45816,-0.629921,0.317438,0.404133
6.66774,0.520296,-0.629921,0.347317,0.404133
6.66799,0.522462,-0.622047,0.318294,0.404133
6.66824,0.477905,-0.480315,0.263998,0.404133
6.66849,0.406384,-0.299213,0.18711,0.404133
6.66874,0.329172,-0.102362,0.113724,0.404133
6.66899,0.2644,0.0708661,0.0590423,0.404133
6.66924,0.221603,0.220472,0.0384048,0.404133
6.66949,0.200751,0.314961,0.0523572,0.404133
6.66974,0.192162,0.362205,0.0901182,0.404133
6.66999,0.180192,0.370079,0.128779,0.404133
6.67024,0.146863,0.346457,0.153605,0.404133
6.67049,0.0793835,0.314961,0.146233,0.404133
6.67074,-0.0280124,0.291339,0.0884033,0.404133
6.67099,-0.17002,0.283465,0.00124638,0.404133
6.67124,-0.330547,0.299213,-0.13123,0.404133
6.67149,-0.485896,0.314961,-0.257787,0.404133
6.67174,-0.609745,0.330709,-0.385198,0.404133
6.67199,-0.678576,0.330709,-0.459812,0.404133
6.67224,-0.676692,0.283465,-0.493219,0.404133
6.67249,-0.600607,0.188976,-0.444881,0.404133
6.67274,-0.459586,0.0472441,-0.346369,0.404133
6.67299,-0.274398,-0.11811,-0.211313,0.404133
6.67324,-0.0721923,-0.291339,-0.0505395,0.404133
6.67349,0.117829,-0.456693,0.0958073,0.404133
6.67374,0.271826,-0.582677,0.219729,0.404133
6.67399,0.37398,-0.629921,0.295383,0.404133
6.67424,0.421069,-0.629921,0.31207,0.404133
6.67449,0.420757,-0.551181,0.292227,0.404133
6.67474,0.389147,-0.425197,0.236848,0.404133
6.67499,0.345898,-0.267717,0.184217,0.404133
6.67524,0.309369,-0.102362,0.132277,0.404133
6.67549,0.290821,0.023622,0.112736,0.404133
6.67574,0.292544,0.133858,0.120391,0.404133
6.67599,0.306698,0.204724,0.153716,0.404133
6.67624,0.318115,0.228346,0.192187,0.404133
6.67649,0.308294,0.23622,0.219939,0.404133
6.67674,0.260863,0.228346,0.218676,0.404133
6.67699,0.166429,0.228346,0.175409,0.404133
6.67724,0.025676,0.251969,0.0886212,0.404133
6.67749,-0.148609,0.283465,-0.0372482,0.404133
6.67774,-0.334444,0.338583,-0.188226,0.404133
6.67799,-0.504722,0.377953,-0.332558,0.404133
6.67824,-0.632125,0.401575,-0.44524,0.404133
6.67849,-0.695326,0.385827,-0.501937,0.404133
6.67874,-0.683787,0.322835,-0.500998,0.404133
6.67899,-0.599625,0.204724,-0.44047,0.404133
6.67924,-0.457507,0.0472441,-0.33246,0.404133
6.67949,-0.280878,-0.133858,-0.185423,0.404133
6.67974,-0.0976857,-0.307087,-0.0262646,0.404133
6.67999,0.0659547,-0.456693,0.100255,0.404133
6.68024,0.191052,-0.551181,0.194793,0.404133
6.68049,0.269252,-0.582677,0.238531,0.404133
6.68074,0.303384,-0.543307,0.238265,0.404133
6.68099,0.30554,-0.456693,0.201894,0.404133
6.68124,0.293285,-0.330709,0.15882,0.404133
6.68149,0.284796,-0.19685,0.123989,0.404133
6.68174,0.292768,-0.0708661,0.110439,0.404133
6.68198,0.321408,0.023622,0.127896,0.404133
6.68223,0.365019,0.0866142,0.168437,0.404133
6.68248,0.409311,0.125984,0.230077,0.404133
6.68273,0.434738,0.133858,0.290512,0.404133
6.68298,0.42216,0.133858,0.321625,0.404133
6.68323,0.357843,0.133858,0.302075,0.404133
6.68348,0.237274,0.165354,0.239202,0.404133
6.68373,0.068575,0.212598,0.12514,0.404133
6.68398,-0.129534,0.267717,-0.0183949,0.404133
6.68423,-0.330802,0.338583,-0.182774,0.404133
6.68448,-0.505853,0.393701,-0.336209,0.404133
6.68473,-0.628783,0.409449,-0.450049,0.404133
6.68498,-0.682628,0.377953,-0.501705,0.404133
6.68523,-0.662257,0.291339,-0.498644,0.404133
6.68548,-0.575428,0.165354,-0.424599,0.404133
6.68573,-0.440571,0.00787402,-0.314863,0.404133
6.68598,-0.283004,-0.15748,-0.190638,0.404133
6.68623,-0.128664,-0.307087,-0.0678647,0.404133
6.68648,0.00100367,-0.425197,0.0325031,0.404133
6.68673,0.0938307,-0.480315,0.0955822,0.404133
6.68698,0.1484,-0.480315,0.110161,0.404133
6.68723,0.173041,-0.425197,0.106232,0.404133
6.68748,0.183098,-0.330709,0.0798756,0.404133
6.68773,0.196495,-0.220472,0.0666255,0.404133
6.68798,0.226677,-0.11811,0.0712382,0.404133
6.68823,0.280352,-0.0314961,0.111618,0.404133
6.68848,0.354047,0.023622,0.175338,0.404133
6.68873,0.434823,0.0472441,0.265413,0.404133
6.68898,0.502565,0.0472441,0.358154,0.404133
6.68923,0.535719,0.0393701,0.41907,0.404133
6.68948,0.516015,0.0393701,0.445238,0.404133
6.68973,0.433842,0.0629921,0.410931,0.404133
6.68998,0.291004,0.110236,0.316027,0.404133
6.69023,0.10166,0.173228,0.173563,0.404133
6.69048,-0.110565,0.259843,-0.00914714,0.404133
6.69073,-0.316135,0.330709,-0.187222,0.404133
6.69098,-0.486161,0.377953,-0.34224,0.404133
6.69123,-0.598512,0.385827,-0.449457,0.404133
6.69148,-0.640846,0.338583,-0.502857,0.404133
6.69173,-0.614238,0.23622,-0.493058,0.404133
6.69198,-0.531117,0.102362,-0.423055,0.404133
6.69223,-0.412905,-0.0393701,-0.318705,0.404133
6.69248,-0.283863,-0.188976,-0.211816,0.404133
6.69273,-0.166491,-0.307087,-0.119624,0.404133
6.69298,-0.0754295,-0.377953,-0.0470923,0.404133
6.69323,-0.0162232,-0.393701,-0.012771,0.404133
6.69348,0.0167624,-0.362205,-0.0133699,0.404133
6.69373,0.0367011,-0.291339,-0.0219505,0.404133
6.69398,0.0605064,-0.212598,-0.0178004,0.404133
6.69423,0.103322,-0.11811,-0.00856174,0.404133
6.69448,0.174033,-0.0472441,0.0454666,0.404133
6.69473,0.272071,0,0.128157,0.404133
6.69498,0.386018,0.00787402,0.237372,0.404133
6.69523,0.496862,0,0.359133,0.404133
6.69548,0.580699,-0.00787402,0.46688,0.404133
6.69573,0.615552,-0.015748,0.533679,0.404133
6.69598,0.585886,0,0.540701,0.404133
6.69623,0.487288,0.0314961,0.474571,0.404133
6.69648,0.327414,0.0944882,0.355227,0.404133
6.69673,0.126486,0.165354,0.189273,0.404133
6.69698,-0.0885549,0.251969,-0.00475628,0.404133
6.69723,-0.287458,0.314961,-0.190689,0.404133
6.69748,-0.444326,0.338583,-0.335483,0.404133
6.69773,-0.541005,0.314961,-0.433104,0.404133
6.69798,-0.571849,0.259843,-0.466421,0.404133
6.69823,-0.543104,0.149606,-0.446419,0.404133
6.69848,-0.471464,0.023622,-0.392717,0.404133
6.69873,-0.378538,-0.102362,-0.309169,0.404133
6.69898,-0.286185,-0.212598,-0.228222,0.404133
6.69923,-0.21121,-0.291339,-0.172691,0.404133
6.69948,-0.161567,-0.314961,-0.14067,0.404133
6.69973,-0.134626,-0.299213,-0.135458,0.404133
6.69998,-0.11915,-0.251969,-0.135737,0.404133
6.70022,-0.0986708,-0.173228,-0.145798,0.404133
6.70047,-0.0567531,-0.0866142,-0.132783,0.404133
6.70072,0.0181088,-0.023622,-0.0739389,0.404133
6.70097,0.128783,0.00787402,0.0146512,0.404133
6.70122,0.266557,0.023622,0.147988,0.404133
6.70147,0.41392,0.015748,0.300929,0.404133
6.70172,0.546286,0,0.43829,0.404133
6.70197,0.638629,-0.015748,0.555209,0.404133
6.70222,0.669869,-0.0314961,0.613569,0.404133
6.70247,0.62906,-0.00787402,0.601912,0.404133
6.70272,0.517106,0.0314961,0.528025,0.404133
6.70297,0.348253,0.0944882,0.385115,0.404133
6.70322,0.145901,0.165354,0.209878,0.404133
6.70347,-0.0605628,0.228346,0.0183402,0.404133
6.70372,-0.243253,0.259843,-0.153179,0.404133
6.70397,-0.379632,0.259843,-0.288768,0.404133
6.70422,-0.458171,0.212598,-0.369362,0.404133
6.70447,-0.47929,0.125984,-0.404809,0.404133
6.70472,-0.454104,0.015748,-0.389607,0.404133
6.70497,-0.401206,-0.0944882,-0.349357,0.404133
6.70522,-0.341131,-0.19685,-0.297701,0.404133
6.70547,-0.291593,-0.267717,-0.257064,0.404133
6.70572,-0.262387,-0.299213,-0.249204,0.404133
6.70597,-0.253521,-0.275591,-0.255664,0.404133
6.70622,-0.255358,-0.220472,-0.274714,0.404133
6.70647,-0.252479,-0.141732,-0.295127,0.404133
6.70672,-0.226466,-0.0551181,-0.289674,0.404133
6.70697,-0.163155,0.00787402,-0.248829,0.404133
6.70722,-0.0556822,0.0629921,-0.149967,0.404133
6.70747,0.0909678,0.0866142,-0.0135772,0.404133
6.70772,0.261997,0.0866142,0.157038,0.404133
6.70797,0.433655,0.0551181,0.343254,0.404133
6.70822,0.578712,0.0314961,0.507984,0.404133
6.70847,0.671861,0.015748,0.63119,0.404133
6.70872,0.695808,0.00787402,0.684438,0.404133
6.70897,0.644395,0.0314961,0.663876,0.404133
6.70922,0.52483,0.0708661,0.573092,0.404133
6.70947,0.355461,0.125984,0.430326,0.404133
6.70972,0.162727,0.173228,0.245959,0.404133
6.70997,-0.0246921,0.19685,0.0724242,0.404133
6.71022,-0.182236,0.188976,-0.0940074,0.404133
6.71047,-0.293438,0.149606,-0.208868,0.404133
6.71072,-0.353428,0.0629921,-0.282461,0.404133
6.71097,-0.368119,-0.0393701,-0.312507,0.404133
6.71122,-0.352486,-0.141732,-0.307486,0.404133
6.71147,-0.325346,-0.23622,-0.29765,0.404133
6.71172,-0.304408,-0.307087,-0.293526,0.404133
6.71197,-0.301133,-0.330709,-0.307872,0.404133
6.71222,-0.317826,-0.314961,-0.341031,0.404133
6.71247,-0.346713,-0.244094,-0.393311,0.404133
6.71272,-0.372785,-0.15748,-0.439088,0.404133
6.71297,-0.376488,-0.0551181,-0.454199,0.404133
6.71322,-0.340415,0.0314961,-0.43186,0.404133
6.71347,-0.253971,0.102362,-0.358113,0.404133
6.71372,-0.116735,0.149606,-0.227219,0.404133
6.71397,0.0602311,0.15748,-0.0428703,0.404133
6.71422,0.255521,0.149606,0.168245,0.404133
6.71447,0.44146,0.125984,0.383231,0.404133
6.71472,0.589728,0.110236,0.564412,0.404133
6.71497,0.6776,0.102362,0.684613,0.404133
6.71522,0.692114,0.110236,0.742662,0.404133
6.71547,0.632947,0.133858,0.707489,0.404133
6.71572,0.512488,0.165354,0.613984,0.404133
6.71597,0.352367,0.188976,0.466082,0.404133
6.71622,0.180065,0.19685,0.297023,0.404133
6.71647,0.0210339,0.165354,0.136889,0.404133
6.71672,-0.10497,0.110236,2.98539e-05,0.404133
6.71697,-0.188801,0.00787402,-0.0990455,0.404133
6.71722,-0.231353,-0.0944882,-0.161637,0.404133
6.71747,-0.24429,-0.220472,-0.196301,0.404133
6.71772,-0.244328,-0.322835,-0.229385,0.404133
6.71797,-0.248865,-0.401575,-0.255667,0.404133
6.71821,-0.270755,-0.433071,-0.301499,0.404133
6.71846,-0.314523,-0.417323,-0.366478,0.404133
6.71871,-0.374511,-0.346457,-0.45058,0.404133
6.71896,-0.436409,-0.251969,-0.539591,0.404133
6.71921,-0.479905,-0.125984,-0.594003,0.404133
6.71946,-0.484636,-0.00787402,-0.614214,0.404133
6.71971,-0.435665,0.0866142,-0.576518,0.404133
6.71996,-0.326829,0.165354,-0.464889,0.404133
6.72021,-0.164146,0.212598,-0.290929,0.404133
6.72046,0.0348888,0.228346,-0.0697171,0.404133
6.72071,0.243805,0.23622,0.169667,0.404133
6.72096,0.43354,0.23622,0.405257,0.404133
6.72121,0.576872,0.228346,0.592434,0.404133
6.72146,0.654583,0.244094,0.719242,0.404133
6.72171,0.659403,0.259843,0.765589,0.404133
6.72196,0.596835,0.275591,0.733503,0.404133
6.72221,0.483182,0.291339,0.6402,0.404133
6.72246,0.342589,0.275591,0.51287,0.404133
6.72271,0.200037,0.228346,0.367716,0.404133
6.72296,0.0769285,0.141732,0.236945,0.404133
6.72321,-0.0136183,0.023622,0.128222,0.300226
6.72346,-0.0692572,-0.11811,0.0416478,0.300226
6.72371,-0.0979421,-0.267717,-0.0159098,0.300226
6.72396,-0.114393,-0.409449,-0.0667411,0.300226
6.72421,-0.135624,-0.511811,-0.132984,0.300226
6.72446,-0.175828,-0.566929,-0.203381,0.300226
6.72471,-0.241935,-0.574803,-0.307233,0.300226
6.72496,-0.330526,-0.527559,-0.432059,0.300226
6.72521,-0.428905,-0.425197,-0.564025,0.300226
6.72546,-0.516537,-0.299213,-0.679803,0.300226
6.72571,-0.570723,-0.15748,-0.760865,0.300226
6.72596,-0.571983,-0.015748,-0.771299,0.300226
6.72621,-0.508376,0.0944882,-0.709957,0.300226
6.72646,-0.379633,0.188976,-0.568583,0.300226
6.72671,-0.198581,0.251969,-0.358007,0.300226
6.72696,0.01224,0.299213,-0.111688,0.300226
6.72721,0.22412,0.338583,0.158333,0.300226
6.72746,0.407551,0.362205,0.394161,0.300226
6.72771,0.538417,0.393701,0.583504,0.300226
6.72796,0.602965,0.417323,0.713029,0.300226
6.72821,0.599961,0.433071,0.760943,0.300226
6.72846,0.539515,0.440945,0.734595,0.300226
6.72871,0.441574,0.409449,0.667138,0.300226
6.72896,0.329252,0.354331,0.564796,0.300226
6.72921,0.224544,0.251969,0.457752,0.300226
6.72946,0.14268,0.110236,0.360804,0.300226
6.72971,0.0892281,-0.0472441,0.276811,0.300226
6.72996,0.0590836,-0.23622,0.205712,0.300226
6.73021,0.0401203,-0.409449,0.142598,0.300226
6.73046,0.0149351,-0.551181,0.0653611,0.300226
6.73071,-0.031814,-0.629921,-0.0322257,0.300226
6.73096,-0.109693,-0.629921,-0.168389,0.300226
6.73121,-0.21821,-0.629921,-0.32482,0.300226
6.73146,-0.34698,-0.559055,-0.509792,0.300226
6.73171,-0.476232,-0.433071,-0.681012,0.300226
6.73196,-0.581815,-0.283465,-0.820001,0.300226
6.73221,-0.640258,-0.125984,-0.89228,0.300226
6.73246,-0.633956,0.023622,-0.900232,0.300226
6.73271,-0.556107,0.141732,-0.807787,0.300226
6.73296,-0.412936,0.244094,-0.633119,0.300226
6.73321,-0.222181,0.314961,-0.396589,0.300226
6.73346,-0.0100407,0.370079,-0.123478,0.300226
6.73371,0.193607,0.417323,0.149139,0.300226
6.73396,0.361468,0.448819,0.39411,0.300226
6.73421,0.474442,0.480315,0.581665,0.300226
6.73446,0.525086,0.496063,0.696273,0.300226
6.73471,0.517228,0.503937,0.739568,0.300226
6.73496,0.465983,0.472441,0.722613,0.300226
6.73521,0.391637,0.409449,0.677295,0.300226
6.73546,0.315717,0.307087,0.596187,0.300226
6.73571,0.254577,0.15748,0.525031,0.300226
6.73596,0.216311,-0.00787402,0.452444,0.300226
6.73621,0.198546,-0.204724,0.391608,0.300226
6.73645,0.190789,-0.401575,0.322303,0.300226
6.7367,0.175986,-0.566929,0.246571,0.300226
6.73695,0.137304,-0.629921,0.147828,0.300226
6.7372,0.0622526,-0.629921,0.00563987,0.300226
6.73745,-0.0522948,-0.629921,-0.172978,0.300226
6.7377,-0.19905,-0.629921,-0.373036,0.300226
6.73795,-0.360758,-0.527559,-0.587815,0.300226
6.7382,-0.512207,-0.370079,-0.774586,0.300226
6.73845,-0.627512,-0.19685,-0.918865,0.300226
6.7387,-0.683872,-0.0314961,-0.974516,0.300226
6.73895,-0.667996,0.110236,-0.950027,0.300226
6.7392,-0.578705,0.228346,-0.822977,0.300226
6.73945,-0.42774,0.314961,-0.623778,0.300226
6.7397,-0.236817,0.393701,-0.364319,0.300226
6.73995,-0.0349082,0.448819,-0.0883406,0.300226
6.7402,0.14997,0.488189,0.171488,0.300226
6.74045,0.294928,0.519685,0.400115,0.300226
6.7407,0.386955,0.543307,0.564729,0.300226
6.74095,0.424147,0.551181,0.663978,0.300226
6.7412,0.416575,0.527559,0.690369,0.300226
6.74145,0.381431,0.472441,0.683916,0.300226
6.7417,0.338154,0.377953,0.641021,0.300226
6.74195,0.304346,0.228346,0.599085,0.300226
6.7422,0.289783,0.0551181,0.54676,0.300226
6.74245,0.294558,-0.133858,0.511091,0.300226
6.7427,0.309499,-0.338583,0.466505,0.300226
6.74295,0.318554,-0.519685,0.409612,0.300226
6.7432,0.302598,-0.629921,0.327263,0.300226
6.74345,0.246902,-0.629921,0.206664,0.300226
6.7437,0.143376,-0.629921,0.0287786,0.300226
6.74395,-0.00467494,-0.629921,-0.172505,0.300226
6.7442,-0.18326,-0.598425,-0.409215,0.300226
6.74445,-0.3683,-0.456693,-0.63283,0.300226
6.7447,-0.532565,-0.299213,-0.82783,0.300226
6.74495,-0.649285,-0.125984,-0.952014,0.300226
6.7452,-0.698971,0.015748,-0.991378,0.300226
6.74545,-0.673306,0.149606,-0.927708,0.300226
6.7457,-0.576959,0.251969,-0.789522,0.300226
6.74595,-0.426127,0.338583,-0.576205,0.300226
6.7462,-0.246319,0.401575,-0.325054,0.300226
6.74645,-0.0651289,0.464567,-0.0712534,0.300226
6.7467,0.0927214,0.511811,0.167148,0.300226
6.74695,0.209374,0.551181,0.354202,0.300226
6.7472,0.278676,0.574803,0.484309,0.300226
6.74745,0.305603,0.582677,0.567554,0.300226
6.7477,0.303885,0.543307,0.592593,0.300226
6.74795,0.291014,0.464567,0.587713,0.300226
6.7482,0.284809,0.338583,0.57731,0.300226
6.74845,0.296558,0.173228,0.560907,0.300226
6.7487,0.328724,-0.015748,0.562449,0.300226
6.74895,0.373724,-0.228346,0.55732,0.300226
6.7492,0.416163,-0.417323,0.538214,0.300226
6.74945,0.435711,-0.582677,0.49941,0.300226
6.7497,0.414371,-0.629921,0.414429,0.300226
6.74995,0.339465,-0.629921,0.276282,0.300226
6.7502,0.209199,-0.629921,0.0844315,0.300226
6.75045,0.0330314,-0.629921,-0.152948,0.300226
6.7507,-0.167789,-0.543307,-0.397384,0.300226
6.75095,-0.366344,-0.393701,-0.633524,0.300226
6.7512,-0.533451,-0.244094,-0.821248,0.300226
6.75145,-0.644448,-0.0866142,-0.933838,0.300226
6.7517,-0.684413,0.0314961,-0.956352,0.300226
6.75195,-0.650672,0.141732,-0.891776,0.300226
6.7522,-0.553032,0.23622,-0.744961,0.300226
6.75245,-0.412079,0.314961,-0.539022,0.300226
6.7527,-0.253347,0.393701,-0.313404,0.300226
6.75295,-0.102016,0.456693,-0.0881817,0.300226
6.7532,0.0214135,0.519685,0.11048,0.300226
6.75345,0.10678,0.574803,0.263093,0.300226
6.7537,0.154729,0.606299,0.363533,0.300226
6.75395,0.175624,0.590551,0.426058,0.300226
6.7542,0.184937,0.543307,0.466175,0.300226
6.75445,0.200427,0.448819,0.485452,0.300226
6.75469,0.234895,0.299213,0.509289,0.300226
6.75494,0.292886,0.125984,0.544443,0.300226
6.75519,0.369092,-0.0787402,0.587623,0.300226
6.75544,0.449117,-0.283465,0.613889,0.300226
6.75569,0.511954,-0.464567,0.628723,0.300226
6.75594,0.536568,-0.598425,0.590492,0.300226
6.75619,0.50564,-0.629921,0.496551,0.300226
6.75644,0.411451,-0.629921,0.340627,0.300226
6.75669,0.258502,-0.629921,0.127158,0.300226
6.75694,0.0628877,-0.590551,-0.122342,0.300226
6.75719,-0.150348,-0.480315,-0.383482,0.300226
6.75744,-0.351421,-0.346457,-0.616746,0.300226
6.75769,-0.512079,-0.212598,-0.793862,0.300226
6.75794,-0.611775,-0.0944882,-0.894425,0.300226
6.75819,-0.640922,0.015748,-0.914001,0.300226
6.75844,-0.602347,0.102362,-0.837666,0.300226
6.75869,-0.511015,0.19685,-0.697122,0.300226
6.75894,-0.388988,0.283465,-0.504126,0.300226
6.75919,-0.260466,0.362205,-0.302982,0.300226
6.75944,-0.147155,0.448819,-0.123864,0.300226
6.75969,-0.0621065,0.519685,0.0298037,0.300226
6.75994,-0.00828029,0.582677,0.155304,0.300226
6.76019,0.0210968,0.614173,0.233051,0.300226
6.76044,0.0402505,0.614173,0.287449,0.300226
6.76069,0.0665492,0.551181,0.335837,0.300226
6.76094,0.114363,0.448819,0.385361,0.300226
6.76119,0.190507,0.291339,0.447271,0.300226
6.76144,0.292536,0.110236,0.531625,0.300226
6.76169,0.407789,-0.0708661,0.609942,0.300226
6.76194,0.51525,-0.251969,0.672654,0.300226
6.76219,0.59147,-0.401575,0.704824,0.300226
6.76244,0.615268,-0.496063,0.672608,0.300226
6.76269,0.572581,-0.543307,0.570479,0.300226
6.76294,0.46153,-0.535433,0.398371,0.300226
6.76319,0.292449,-0.488189,0.171062,0.300226
6.76344,0.0864574,-0.417323,-0.0898214,0.300226
6.76369,-0.127849,-0.330709,-0.338795,0.300226
6.76394,-0.320662,-0.244094,-0.560106,0.300226
6.76419,-0.467184,-0.173228,-0.722261,0.300226
6.76444,-0.551795,-0.11811,-0.80328,0.300226
6.76469,-0.570709,-0.0708661,-0.802271,0.300226
6.76494,-0.532423,-0.0393701,-0.723406,0.300226
6.76519,-0.455043,0,-0.600579,0.300226
6.76544,-0.360511,0.0551181,-0.451197,0.300226
6.76569,-0.270494,0.133858,-0.293287,0.300226
6.76594,-0.200038,0.220472,-0.166329,0.300226
6.76619,-0.154966,0.314961,-0.0676425,0.300226
6.76644,-0.131219,0.393701,0.00442471,0.300226
6.76669,-0.116329,0.440945,0.0486837,0.300226
6.76694,-0.0930551,0.456693,0.081494,0.300226
6.76719,-0.0453929,0.417323,0.141531,0.300226
6.76744,0.03622,0.338583,0.210156,0.300226
6.76769,0.15273,0.228346,0.319885,0.300226
6.76794,0.294186,0.0944882,0.440324,0.300226
6.76819,0.440556,-0.0393701,0.559972,0.300226
6.76844,0.567265,-0.149606,0.654161,0.300226
6.76869,0.649576,-0.23622,0.704673,0.300226
6.76894,0.667828,-0.283465,0.693637,0.300226
6.76919,0.613243,-0.283465,0.609021,0.300226
6.76944,0.489434,-0.259843,0.448114,0.300226
6.76969,0.312143,-0.212598,0.238667,0.300226
6.76994,0.106714,-0.165354,0.00447777,0.300226
6.77019,-0.0973047,-0.133858,-0.226617,0.300226
6.77044,-0.272639,-0.110236,-0.409706,0.300226
6.77069,-0.39892,-0.110236,-0.538614,0.300226
6.77094,-0.466353,-0.11811,-0.5993,0.300226
6.77119,-0.47753,-0.125984,-0.594212,0.300226
6.77144,-0.445766,-0.125984,-0.53974,0.300226
6.77169,-0.389815,-0.110236,-0.45752,0.300226
6.77194,-0.330689,-0.0629921,-0.363768,0.300226
6.77219,-0.284488,0,-0.289851,0.300226
6.77244,-0.259305,0.0787402,-0.230063,0.300226
6.77269,-0.253413,0.165354,-0.204887,0.300226
6.77293,-0.256012,0.23622,-0.189595,0.300226
6.77318,-0.249774,0.275591,-0.175955,0.300226
6.77343,-0.217693,0.275591,-0.149473,0.300226
6.77368,-0.146387,0.244094,-0.0722929,0.300226
6.77393,-0.0311269,0.181102,0.035295,0.300226
6.77418,0.121844,0.0944882,0.187261,0.300226
6.77443,0.294822,0,0.354673,0.300226
6.77468,0.463448,-0.0708661,0.513637,0.300226
6.77493,0.6007,-0.125984,0.644375,0.300226
6.77518,0.681937,-0.141732,0.711594,0.300226
6.77543,0.691887,-0.125984,0.716546,0.300226
6.77568,0.626901,-0.0866142,0.63186,0.300226
6.77593,0.496258,-0.0393701,0.492097,0.300226
6.77618,0.320374,0.00787402,0.299804,0.300226
6.77643,0.126671,0.0393701,0.0846426,0.300226
6.77668,-0.0571865,0.0472441,-0.109268,0.300226
6.77693,-0.206909,0.023622,-0.266995,0.300226
6.77718,-0.308572,-0.00787402,-0.367328,0.300226
6.77743,-0.359124,-0.0551181,-0.42044,0.300226
6.77768,-0.367045,-0.0944882,-0.409215,0.300226
6.77793,-0.347603,-0.11811,-0.378971,0.300226
6.77818,-0.320473,-0.11811,-0.333869,0.300226
6.77843,-0.302266,-0.0944882,-0.303987,0.300226
6.77868,-0.302825,-0.0472441,-0.282435,0.300226
6.77893,-0.322642,0,-0.292841,0.300226
6.77918,-0.352579,0.0551181,-0.320607,0.300226
6.77943,-0.375657,0.0944882,-0.346483,0.300226
6.77968,-0.373136,0.102362,-0.346569,0.300226
6.77993,-0.328409,0.0787402,-0.312199,0.300226
6.78018,-0.231934,0.0314961,-0.224203,0.300226
6.78043,-0.0860268,-0.023622,-0.0773738,0.300226
6.78068,0.0961133,-0.0866142,0.0956148,0.300226
6.78093,0.291641,-0.133858,0.291526,0.300226
6.78118,0.472823,-0.15748,0.474004,0.300226
6.78143,0.611297,-0.141732,0.603401,0.300226
6.78168,0.68609,-0.102362,0.683705,0.300226
6.78193,0.686453,-0.0314961,0.673321,0.300226
6.78218,0.614548,0.0472441,0.59389,0.300226
6.78243,0.484653,0.11811,0.455921,0.300226
6.78268,0.320439,0.181102,0.290121,0.300226
6.78293,0.148613,0.204724,0.115175,0.300226
6.78318,-0.00550367,0.19685,-0.0354574,0.300226
6.78343,-0.123992,0.165354,-0.151884,0.300226
6.78368,-0.199395,0.110236,-0.208325,0.300226
6.78393,-0.235672,0.0472441,-0.230719,0.300226
6.78418,-0.244824,0,-0.219357,0.300226
6.78443,-0.244264,-0.370079,-0.207716,0.300226
6.78468,-0.251425,-0.228346,-0.199738,0.300226
6.78493,-0.277317,-0.0551181,-0.209883,0.300226
6.78518,-0.324822,0.11811,-0.253084,0.300226
6.78543,-0.386462,0.275591,-0.32549,0.300226
6.78568,-0.446501,0.385827,-0.404778,0.300226
6.78593,-0.48424,0.440945,-0.469295,0.300226
6.78618,-0.480125,0.425197,-0.483129,0.300226
6.78643,-0.419782,0.354331,-0.437755,0.300226
6.78668,-0.300094,0.251969,-0.317164,0.300226
6.78693,-0.129005,0.141732,-0.140359,0.300226
6.78718,0.0738327,0.0472441,0.0776297,0.300226
6.78743,0.281801,-0.00787402,0.304659,0.300226
6.78768,0.464557,-0.0314961,0.509759,0.300226
6.78793,0.596652,-0.015748,0.654875,0.300226
6.78818,0.661057,0.015748,0.737653,0.300226
6.78843,0.652497,0.0551181,0.733684,0.300226
6.78868,0.578709,0.0787402,0.656008,0.300226
6.78893,0.458286,0.0708661,0.522958,0.300226
6.78918,0.315376,0.015748,0.362219,0.300226
6.78943,0.175033,-0.0629921,0.211251,0.300226
6.78968,0.0574755,-0.165354,0.0662592,0.300226
6.78993,-0.0265715,-0.259843,-0.0283815,0.300226
6.79018,-0.0763985,-0.330709,-0.100871,0.300226
6.79043,-0.101532,-0.354331,-0.136461,0.300226
6.79068,-0.117371,-0.322835,-0.166897,0.300226
6.79093,-0.141449,-0.23622,-0.203765,0.300226
6.79117,-0.186164,-0.110236,-0.257292,0.300226
6.79142,-0.256951,0.023622,-0.342572,0.300226
6.79167,-0.34867,0.149606,-0.445288,0.300226
6.79192,-0.446735,0.244094,-0.5389,0.300226
6.79217,-0.529832,0.283465,-0.6173,0.300226
6.79242,-0.575661,0.259843,-0.654419,0.300226
6.79267,-0.565127,0.188976,-0.623198,0.300226
6.79292,-0.489045,0.0866142,-0.515801,0.300226
6.79317,-0.349408,-0.00787402,-0.339046,0.300226
6.79342,-0.16059,-0.102362,-0.114683,0.300226
6.79367,0.0528782,-0.149606,0.139725,0.300226
6.79392,0.261384,-0.149606,0.37386,0.300226
6.79417,0.43639,-0.102362,0.558234,0.300226
6.79442,0.555775,-0.023622,0.676645,0.300226
6.79467,0.607413,0.0551181,0.714877,0.300226
6.79492,0.592369,0.125984,0.674612,0.300226
6.79517,0.523429,0.173228,0.569791,0.300226
6.79542,0.421003,0.173228,0.433447,0.300226
6.79567,0.30856,0.11811,0.285459,0.300226
6.79592,0.207318,0.0314961,0.157763,0.300226
6.79617,0.130516,-0.0551181,0.0621099,0.300226
6.79642,0.0820545,-0.133858,-0.0019136,0.300226
6.79667,0.0553006,-0.188976,-0.0194537,0.300226
6.79692,0.0362834,-0.188976,-0.0264331,0.300226
6.79717,0.00813301,-0.141732,-0.0441827,0.300226
6.79742,-0.0438451,-0.0629921,-0.0799222,0.300226
6.79767,-0.127681,0.0314961,-0.145828,0.300226
6.79792,-0.241223,0.125984,-0.248827,0.300226
6.79817,-0.371781,0.19685,-0.36972,0.300226
6.79842,-0.498491,0.212598,-0.481277,0.300226
6.79867,-0.597092,0.181102,-0.572372,0.300226
6.79892,-0.644312,0.0944882,-0.619569,0.300226
6.79917,-0.624829,-0.015748,-0.591712,0.300226
6.79942,-0.534072,-0.133858,-0.492557,0.300226
6.79967,-0.380167,-0.23622,-0.332344,0.300226
6.79992,-0.183074,-0.299213,-0.133655,0.300226
6.80017,0.0295427,-0.299213,0.0784304,0.300226
6.80042,0.228185,-0.251969,0.265472,0.300226
6.80067,0.387197,-0.15748,0.414195,0.300226
6.80092,0.488719,-0.0393701,0.491119,0.300226
6.80117,0.527526,0.0629921,0.494526,0.300226
6.80142,0.510454,0.141732,0.452486,0.300226
6.80167,0.453251,0.188976,0.372175,0.300226
6.80192,0.377028,0.181102,0.281398,0.300226
6.80217,0.30285,0.133858,0.206287,0.300226
6.80242,0.245583,0.0629921,0.156545,0.300226
6.80267,0.211615,0,0.143172,0.300226
6.80292,0.196884,-0.0472441,0.153791,0.300226
6.80317,0.188982,-0.0551181,0.180013,0.300226
6.80342,0.170934,-0.015748,0.198061,0.300226
6.80367,0.126217,0.0393701,0.1769,0.300226
6.80392,0.0439465,0.125984,0.121826,0.300226
6.80417,-0.0777224,0.212598,0.0106479,0.300226
6.80442,-0.228942,0.275591,-0.138947,0.300226
6.80467,-0.390492,0.283465,-0.306981,0.300226
6.80492,-0.537235,0.228346,-0.461373,0.300226
6.80517,-0.643042,0.133858,-0.57923,0.300226
6.80542,-0.686596,0,-0.640771,0.300226
6.80567,-0.656752,-0.149606,-0.620231,0.300226
6.80592,-0.554618,-0.283465,-0.526217,0.300226
6.80617,-0.394324,-0.385827,-0.374538,0.300226
6.80642,-0.19925,-0.425197,-0.190579,0.300226
6.80667,0.00177025,-0.401575,-0.0023594,0.300226
6.80692,0.180778,-0.322835,0.154335,0.300226
6.80717,0.316389,-0.220472,0.272142,0.300226
6.80742,0.397783,-0.0944882,0.32565,0.300226
6.80767,0.425784,0,0.33099,0.300226
6.80792,0.411574,0.0708661,0.297302,0.300226
6.80817,0.373171,0.102362,0.248441,0.300226
6.80842,0.330744,0.102362,0.20639,0.300226
6.80867,0.30001,0.0708661,0.18618,0.300226
6.80892,0.289347,0.023622,0.195898,0.300226
6.80917,0.297063,0,0.234688,0.300226
6.80941,0.31228,0.015748,0.291705,0.300226
6.80966,0.317927,0.0629921,0.330036,0.300226
6.80991,0.295716,0.141732,0.345041,0.300226
6.81016,0.23116,0.244094,0.30651,0.300226
6.81041,0.118743,0.338583,0.215903,0.300226
6.81066,-0.0364552,0.409449,0.0738585,0.300226
6.81091,-0.217957,0.425197,-0.105269,0.300226
6.81116,-0.401417,0.385827,-0.295646,0.300226
6.81141,-0.558683,0.275591,-0.463141,0.300226
6.81166,-0.664019,0.125984,-0.57118,0.300226
6.81191,-0.699945,-0.0472441,-0.614665,0.300226
6.81216,-0.660321,-0.220472,-0.592963,0.300226
6.81241,-0.552285,-0.370079,-0.491967,0.300226
6.81266,-0.394061,-0.456693,-0.347074,0.300226
6.81291,-0.211714,-0.496063,-0.180992,0.300226
6.81316,-0.0330787,-0.464567,-0.022716,0.300226
6.81341,0.117797,-0.385827,0.0962863,0.300226
6.81366,0.226021,-0.283465,0.167806,0.300226
6.81391,0.286714,-0.181102,0.196847,0.300226
6.81416,0.30702,-0.102362,0.181962,0.300226
6.81441,0.301488,-0.0472441,0.150945,0.300226
6.81466,0.288977,-0.0314961,0.120953,0.300226
6.81491,0.285464,-0.0314961,0.118543,0.300226
6.81516,0.301121,-0.0472441,0.138168,0.300226
6.81541,0.336539,-0.0393701,0.202728,0.300226
6.81566,0.382514,-0.00787402,0.282538,0.300226
6.81591,0.422093,0.0551181,0.369281,0.300226
6.81616,0.435412,0.165354,0.422117,0.300226
6.81641,0.404565,0.299213,0.431942,0.300226
6.81666,0.319124,0.425197,0.386254,0.300226
6.81691,0.179175,0.535433,0.274308,0.300226
6.81716,-0.0031616,0.582677,0.114068,0.300226
6.81741,-0.205959,0.566929,-0.0706402,0.300226
6.81766,-0.400783,0.488189,-0.256264,0.300226
6.81791,-0.558924,0.330709,-0.410869,0.300226
6.81816,-0.657634,0.149606,-0.506532,0.300226
6.81841,-0.68359,-0.0472441,-0.532634,0.300226
6.81866,-0.636837,-0.228346,-0.492533,0.300226
6.81891,-0.529348,-0.370079,-0.405195,0.300226
6.81916,-0.38296,-0.464567,-0.282226,0.300226
6.81941,-0.223663,-0.488189,-0.152588,0.300226
6.81966,-0.0765561,-0.456693,-0.0417248,0.300226
6.81991,0.0404745,-0.401575,0.024866,0.300226
6.82016,0.118485,-0.330709,0.0454997,0.300226
6.82041,0.160334,-0.267717,0.0415805,0.300226
6.82066,0.177391,-0.228346,0.0153339,0.300226
6.82091,0.186991,-0.212598,-0.0119225,0.300226
6.82116,0.205209,-0.212598,-0.0134013,0.300226
6.82141,0.243884,-0.212598,0.0191575,0.300226
6.82166,0.306071,-0.204724,0.0972088,0.300226
6.82191,0.384429,-0.149606,0.207942,0.300226
6.82216,0.462781,-0.0629921,0.3192,0.300226
6.82241,0.520093,0.0708661,0.431373,0.300226
6.82266,0.535305,0.23622,0.488195,0.300226
6.82291,0.492849,0.409449,0.501549,0.300226
6.82316,0.387145,0.566929,0.438263,0.453661
6.82341,0.224486,0.629921,0.306344,0.453661
6.82366,0.0234972,0.629921,0.142143,0.453661
6.82391,-0.189743,0.629921,-0.0446011,0.453661
6.82416,-0.385075,0.559055,-0.221577,0.453661
6.82441,-0.53591,0.393701,-0.357787,0.453661
6.82466,-0.622685,0.19685,-0.431113,0.453661
6.82491,-0.638533,0,-0.441684,0.453661
6.82516,-0.588741,-0.165354,-0.398857,0.453661
6.82541,-0.489829,-0.299213,-0.31377,0.453661
6.82566,-0.364782,-0.377953,-0.215202,0.453661
6.82591,-0.237745,-0.409449,-0.130368,0.453661
6.82616,-0.128825,-0.401575,-0.0787372,0.453661
6.82641,-0.049773,-0.377953,-0.0492978,0.453661
6.82666,-0.00143793,-0.362205,-0.0650486,0.453661
6.82691,0.0250749,-0.354331,-0.0995874,0.453661
6.82716,0.0442405,-0.362205,-0.128974,0.453661
6.8274,0.0735778,-0.377953,-0.142645,0.453661
6.82765,0.126186,-0.401575,-0.108453,0.453661
6.8279,0.207901,-0.401575,-0.0387568,0.453661
6.82815,0.313583,-0.354331,0.0768105,0.453661
6.8284,0.429084,-0.259843,0.220084,0.453661
6.82865,0.532535,-0.110236,0.361731,0.453661
6.8289,0.600537,0.0629921,0.470679,0.453661
6.82915,0.612535,0.267717,0.525963,0.453661
6.8294,0.557024,0.472441,0.518488,0.453661
6.82965,0.43379,0.629921,0.445007,0.453661
6.8299,0.255962,0.629921,0.309251,0.453661
6.83015,0.0461809,0.629921,0.132953,0.453661
6.8304,-0.166387,0.629921,-0.0332318,0.453661
6.83065,-0.352224,0.590551,-0.191328,0.453661
6.8309,-0.488005,0.433071,-0.292095,0.453661
6.83115,-0.560104,0.244094,-0.343281,0.453661
6.8314,-0.567398,0.0708661,-0.339674,0.453661
6.83165,-0.520354,-0.0708661,-0.297709,0.453661
6.8319,-0.438049,-0.173228,-0.225994,0.453661
6.83215,-0.342856,-0.244094,-0.157455,0.453661
6.8324,-0.255503,-0.283465,-0.11822,0.453661
6.83265,-0.189679,-0.307087,-0.102883,0.453661
6.8329,-0.149316,-0.330709,-0.125738,0.453661
6.83315,-0.12812,-0.362205,-0.167392,0.453661
6.8334,-0.113022,-0.409449,-0.219811,0.453661
6.83365,-0.0863383,-0.472441,-0.243019,0.453661
6.8339,-0.0331344,-0.519685,-0.237688,0.453661
6.83415,0.0555684,-0.559055,-0.173577,0.453661
6.8344,0.177744,-0.543307,-0.0661557,0.453661
6.83465,0.321725,-0.480315,0.0757544,0.453661
6.8349,0.466498,-0.354331,0.24551,0.453661
6.83515,0.586843,-0.165354,0.38746,0.453661
6.8354,0.65825,0.0393701,0.491432,0.453661
6.83565,0.663299,0.267717,0.538939,0.453661
6.8359,0.595012,0.472441,0.512215,0.453661
6.83615,0.459707,0.629921,0.420668,0.453661
6.8364,0.275063,0.629921,0.278238,0.453661
6.83665,0.0675718,0.629921,0.116394,0.453661
6.8369,-0.133026,0.629921,-0.0329144,0.453661
6.83715,-0.300435,0.582677,-0.150686,0.453661
6.8374,-0.415911,0.440945,-0.222279,0.453661
6.83765,-0.472423,0.291339,-0.245865,0.453661
6.8379,-0.474406,0.15748,-0.227652,0.453661
6.83815,-0.436488,0.0393701,-0.175858,0.453661
6.8384,-0.378487,-0.0393701,-0.131022,0.453661
6.83865,-0.320711,-0.0944882,-0.0973729,0.453661
6.8389,-0.278089,-0.149606,-0.102197,0.453661
6.83915,-0.257033,-0.204724,-0.132769,0.453661
6.8394,-0.253603,-0.267717,-0.199204,0.453661
6.83965,-0.255985,-0.354331,-0.269733,0.453661
6.8399,-0.246377,-0.456693,-0.324875,0.453661
6.84015,-0.207644,-0.559055,-0.341933,0.453661
6.8404,-0.128063,-0.629921,-0.31063,0.453661
6.84065,-0.00500969,-0.629921,-0.221842,0.453661
6.8409,0.153123,-0.629921,-0.086155,0.453661
6.84115,0.327496,-0.566929,0.0798379,0.453661
6.8414,0.492446,-0.417323,0.257587,0.453661
6.84165,0.620656,-0.220472,0.391918,0.453661
6.8419,0.689489,0,0.485689,0.453661
6.84215,0.685312,0.23622,0.518695,0.453661
6.8424,0.607,0.440945,0.479324,0.453661
6.84265,0.466064,0.582677,0.378462,0.453661
6.8429,0.284651,0.629921,0.243542,0.453661
6.84315,0.0907643,0.629921,0.106978,0.453661
6.8434,-0.0881188,0.629921,-0.0159116,0.453661
6.84365,-0.229877,0.559055,-0.0966119,0.453661
6.8439,-0.321807,0.456693,-0.137852,0.453661
6.84415,-0.363522,0.354331,-0.129319,0.453661
6.8444,-0.364842,0.259843,-0.103156,0.453661
6.84465,-0.342636,0.181102,-0.0659713,0.453661
6.8449,-0.316019,0.11811,-0.0438378,0.453661
6.84515,-0.300737,0.0629921,-0.046657,0.453661
6.8454,-0.305204,-0.00787402,-0.0960864,0.453661
6.84564,-0.327815,-0.0866142,-0.173946,0.453661
6.84589,-0.357919,-0.204724,-0.265622,0.453661
6.84614,-0.377802,-0.338583,-0.353331,0.453661
6.84639,-0.368433,-0.480315,-0.406198,0.453661
6.84664,-0.314352,-0.614173,-0.412714,0.453661
6.84689,-0.208383,-0.629921,-0.356609,0.453661
6.84714,-0.0541166,-0.629921,-0.248691,0.453661
6.84739,0.132473,-0.629921,-0.0831227,0.453661
6.84764,0.32764,-0.629921,0.0891075,0.453661
6.84789,0.50254,-0.472441,0.2552,0.453661
6.84814,0.63061,-0.259843,0.393716,0.453661
6.84839,0.691953,-0.0393701,0.468962,0.453661
6.84864,0.678244,0.173228,0.484541,0.453661
6.84889,0.594174,0.362205,0.42671,0.453661
6.84914,0.455786,0.496063,0.331395,0.453661
6.84939,0.288099,0.574803,0.213598,0.453661
6.84964,0.117867,0.598425,0.0999041,0.453661
6.84989,-0.0307801,0.574803,0.0189946,0.453661
6.85014,-0.14149,0.527559,-0.0282571,0.453661
6.85039,-0.208944,0.464567,-0.0367224,0.453661
6.85064,-0.23881,0.409449,-0.0157279,0.453661
6.85089,-0.244829,0.362205,0.0104507,0.453661
6.85114,-0.244645,0.322835,0.032968,0.453661
6.85139,-0.254543,0.275591,0.0292577,0.453661
6.85164,-0.284661,0.220472,-0.0178764,0.453661
6.85189,-0.335628,0.133858,-0.10845,0.453661
6.85214,-0.398502,0.00787402,-0.215441,0.453661
6.85239,-0.455916,-0.141732,-0.332703,0.453661
6.85264,-0.48709,-0.314961,-0.42153,0.453661
6.85289,-0.473324,-0.496063,-0.471448,0.453661
6.85314,-0.402012,-0.629921,-0.454045,0.453661
6.85339,-0.27146,-0.629921,-0.374035,0.453661
6.85364,-0.092736,-0.629921,-0.247996,0.453661
6.85389,0.113185,-0.629921,-0.0734132,0.453661
6.85414,0.318516,-0.629921,0.0996616,0.453661
6.85439,0.493779,-0.511811,0.25982,0.453661
6.85464,0.614227,-0.307087,0.371271,0.453661
6.85489,0.664872,-0.0944882,0.430726,0.453661
6.85514,0.643288,0.0944882,0.424663,0.453661
6.85539,0.559099,0.251969,0.366444,0.453661
6.85564,0.432534,0.362205,0.27718,0.453661
6.85589,0.288244,0.433071,0.176261,0.453661
6.85614,0.150835,0.456693,0.0995296,0.453661
6.85639,0.0390157,0.464567,0.049955,0.453661
6.85664,-0.0381557,0.456693,0.0426451,0.453661
6.85689,-0.0826633,0.448819,0.0521591,0.453661
6.85714,-0.104605,0.448819,0.0846978,0.453661
6.85739,-0.120857,0.448819,0.109926,0.453661
6.85764,-0.147828,0.440945,0.105503,0.453661
6.85789,-0.197478,0.417323,0.0662301,0.453661
6.85814,-0.272831,0.354331,-0.0122421,0.453661
6.85839,-0.36715,0.251969,-0.132504,0.453661
6.85864,-0.464044,0.102362,-0.271543,0.453661
6.85889,-0.541804,-0.0708661,-0.388848,0.453661
6.85914,-0.578355,-0.259843,-0.479422,0.453661
6.85939,-0.556113,-0.448819,-0.513493,0.453661
6.85964,-0.467421,-0.598425,-0.467733,0.453661
6.85989,-0.317226,-0.629921,-0.368802,0.453661
6.86014,-0.121967,-0.629921,-0.218629,0.453661
6.86039,0.0931518,-0.629921,-0.044768,0.453661
6.86064,0.297461,-0.606299,0.117666,0.453661
6.86089,0.463547,-0.464567,0.251412,0.453661
6.86114,0.57058,-0.291339,0.337025,0.453661
6.86139,0.609506,-0.133858,0.367897,0.453661
6.86164,0.583097,0.00787402,0.344253,0.453661
6.86189,0.506155,0.11811,0.284227,0.453661
6.86214,0.399911,0.19685,0.214473,0.453661
6.86239,0.288262,0.251969,0.150324,0.453661
6.86264,0.190831,0.283465,0.10529,0.453661
6.86289,0.119511,0.314961,0.0938208,0.453661
6.86314,0.0756535,0.346457,0.1187,0.453661
6.86339,0.0517512,0.385827,0.153593,0.453661
6.86364,0.0323644,0.433071,0.189967,0.453661
6.86388,0.000481645,0.472441,0.192326,0.453661
6.86413,-0.0570933,0.496063,0.169579,0.453661
6.86438,-0.146912,0.488189,0.0838736,0.453661
6.86463,-0.264835,0.425197,-0.0281182,0.453661
6.86488,-0.396453,0.322835,-0.1773,0.453661
6.86513,-0.51975,0.165354,-0.325653,0.453661
6.86538,-0.610373,0,-0.455173,0.453661
6.86563,-0.646089,-0.19685,-0.527616,0.453661
6.86588,-0.613175,-0.377953,-0.537519,0.453661
6.86613,-0.509642,-0.519685,-0.47301,0.453661
6.86638,-0.346082,-0.606299,-0.36052,0.453661
6.86663,-0.143601,-0.629921,-0.201458,0.453661
6.86688,0.0686298,-0.598425,-0.0289595,0.453661
6.86713,0.261708,-0.511811,0.120399,0.453661
6.86738,0.41068,-0.393701,0.233277,0.453661
6.86763,0.500778,-0.275591,0.295211,0.453661
6.86788,0.528266,-0.165354,0.304151,0.453661
6.86813,0.502166,-0.0708661,0.271595,0.453661
6.86838,0.439667,0,0.221488,0.453661
6.86863,0.36249,0.0393701,0.168082,0.453661
6.86888,0.290544,0.0787402,0.13061,0.453661
6.86913,0.237539,0.125984,0.131246,0.453661
6.86938,0.207605,0.173228,0.15059,0.453661
6.86963,0.195457,0.244094,0.199109,0.453661
6.86988,0.187045,0.322835,0.244138,0.453661
6.87013,0.164936,0.409449,0.27365,0.453661
6.87038,0.113889,0.472441,0.266282,0.453661
6.87063,0.024017,0.519685,0.205181,0.453661
6.87088,-0.104002,0.511811,0.089826,0.453661
6.87113,-0.259066,0.456693,-0.0614488,0.453661
6.87138,-0.419839,0.354331,-0.227249,0.453661
6.87163,-0.56093,0.204724,-0.389402,0.453661
6.87188,-0.656374,0.0314961,-0.501849,0.453661
6.87213,-0.686721,-0.133858,-0.553246,0.453661
6.87238,-0.642897,-0.291339,-0.544193,0.453661
6.87263,-0.52862,-0.401575,-0.460125,0.453661
6.87288,-0.359495,-0.472441,-0.337221,0.453661
6.87313,-0.161263,-0.488189,-0.176653,0.453661
6.87338,0.0374315,-0.456693,-0.0200021,0.453661
6.87363,0.209952,-0.393701,0.112738,0.453661
6.87388,0.335928,-0.314961,0.202778,0.453661
6.87413,0.406824,-0.244094,0.236497,0.453661
6.87438,0.425752,-0.188976,0.232477,0.453661
6.87463,0.405725,-0.141732,0.201988,0.453661
6.87488,0.36505,-0.110236,0.167547,0.453661
6.87513,0.32373,-0.0866142,0.1421,0.453661
6.87538,0.296382,-0.0551181,0.142684,0.453661
6.87563,0.289568,-0.00787402,0.177547,0.453661
6.87588,0.29972,0.0551181,0.233696,0.453661
6.87613,0.314718,0.149606,0.29313,0.453661
6.87638,0.316314,0.259843,0.342021,0.453661
6.87663,0.287238,0.362205,0.354902,0.453661
6.87688,0.21396,0.448819,0.3155,0.453661
6.87713,0.0925959,0.496063,0.221085,0.453661
6.87738,-0.0690619,0.496063,0.0732334,0.453661
6.87763,-0.252925,0.440945,-0.108714,0.453661
6.87788,-0.43365,0.338583,-0.286069,0.453661
6.87813,-0.582968,0.212598,-0.433317,0.453661
6.87838,-0.676363,0.0629921,-0.537963,0.453661
6.87863,-0.698246,-0.0708661,-0.569452,0.453661
6.87888,-0.644914,-0.19685,-0.539173,0.453661
6.87913,-0.525667,-0.275591,-0.44002,0.453661
6.87938,-0.360995,-0.322835,-0.302163,0.453661
6.87963,-0.177445,-0.322835,-0.15718,0.453661
6.87988,-0.00214067,-0.299213,-0.0113954,0.453661
6.88013,0.141588,-0.259843,0.0890383,0.453661
6.88038,0.240671,-0.228346,0.152801,0.453661
6.88063,0.293318,-0.204724,0.17152,0.453661
6.88088,0.307529,-0.19685,0.159146,0.453661
6.88113,0.29921,-0.19685,0.136742,0.453661
6.88138,0.28715,-0.204724,0.118957,0.453661
6.88163,0.286757,-0.19685,0.128425,0.453661
6.88188,0.306388,-0.173228,0.174778,0.453661
6.88212,0.344703,-0.11811,0.237095,0.453661
6.88237,0.391017,-0.0314961,0.315049,0.453661
6.88262,0.427096,0.0708661,0.384117,0.453661
6.88287,0.43353,0.188976,0.428028,0.453661
6.88312,0.393046,0.299213,0.411829,0.453661
6.88337,0.296854,0.385827,0.342126,0.453661
6.88362,0.147723,0.433071,0.218101,0.453661
6.88387,-0.0403139,0.433071,0.0473674,0.453661
6.88412,-0.243833,0.385827,-0.151449,0.453661
6.88437,-0.433931,0.299213,-0.323062,0.453661
6.88462,-0.582441,0.181102,-0.462545,0.453661
6.88487,-0.668114,0.0708661,-0.550015,0.453661
6.88512,-0.680192,-0.015748,-0.558895,0.453661
6.88537,-0.620705,-0.0944882,-0.512358,0.453661
6.88562,-0.504225,-0.149606,-0.404858,0.453661
6.88587,-0.353526,-0.15748,-0.273194,0.453661
6.88612,-0.194567,-0.15748,-0.139826,0.453661
6.88637,-0.0519733,-0.141732,-0.0320962,0.453661
6.88662,0.057881,-0.133858,0.046314,0.453661
6.88687,0.128906,-0.133858,0.085719,0.453661
6.88712,0.165067,-0.15748,0.0885558,0.453661
6.88737,0.179307,-0.19685,0.0811618,0.453661
6.88762,0.189169,-0.228346,0.0718416,0.453661
6.88787,0.210638,-0.259843,0.0821941,0.453661
6.88812,0.253828,-0.275591,0.129233,0.453661
6.88837,0.319785,-0.251969,0.208993,0.453661
6.88862,0.399626,-0.188976,0.305362,0.453661
6.88887,0.475703,-0.102362,0.40349,0.453661
6.88912,0.526819,0,0.4719,0.453661
6.88937,0.532168,0.11811,0.500647,0.453661
6.88962,0.477818,0.220472,0.464358,0.453661
6.88987,0.360646,0.299213,0.365339,0.453661
6.89012,0.189345,0.338583,0.207255,0.453661
6.89037,-0.0165128,0.330709,0.0137297,0.453661
6.89062,-0.22851,0.283465,-0.178354,0.453661
6.89087,-0.417357,0.204724,-0.357092,0.453661
6.89112,-0.557228,0.125984,-0.483578,0.453661
6.89137,-0.631084,0.0551181,-0.544099,0.453661
6.89162,-0.633787,0,-0.536719,0.453661
6.89187,-0.573384,-0.015748,-0.471282,0.453661
6.89212,-0.467721,-0.023622,-0.3688,0.453661
6.89237,-0.340354,-0.00787402,-0.253614,0.453661
6.89262,-0.215539,0,-0.155602,0.453661
6.89287,-0.111741,0.00787402,-0.074265,0.453661
6.89312,-0.0384664,0,-0.0262934,0.453661
6.89337,0.00485418,-0.023622,-0.014022,0.453661
6.89362,0.0283682,-0.0787402,-0.0091832,0.453661
6.89387,0.0485856,-0.149606,-0.00643833,0.453661
6.89412,0.0814361,-0.212598,0.0152338,0.453661
6.89437,0.139292,-0.251969,0.0654603,0.453661
6.89462,0.226019,-0.275591,0.146899,0.453661
6.89487,0.335121,-0.259843,0.268336,0.453661
6.89512,0.450014,-0.204724,0.390669,0.453661
6.89537,0.54859,-0.125984,0.495747,0.453661
6.89562,0.607464,-0.023622,0.559469,0.453661
6.89587,0.60741,0.0629921,0.563396,0.453661
6.89612,0.538882,0.133858,0.502673,0.453661
6.89637,0.404321,0.173228,0.375358,0.453661
6.89662,0.218349,0.188976,0.204654,0.453661
6.89687,0.00576094,0.165354,0.000768445,0.453661
6.89712,-0.203746,0.11811,-0.197941,0.453661
6.89737,-0.382104,0.0708661,-0.355608,0.453661
6.89762,-0.506572,0.023622,-0.471077,0.453661
6.89787,-0.566287,0.00787402,-0.518329,0.453661
6.89812,-0.562202,0.00787402,-0.496609,0.453661
6.89837,-0.507039,0.0314961,-0.442451,0.453661
6.89862,-0.420429,0.0708661,-0.354272,0.453661
6.89887,-0.325438,0.110236,-0.264625,0.453661
6.89912,-0.241393,0.141732,-0.190864,0.453661
6.89937,-0.180199,0.141732,-0.150723,0.453661
6.89962,-0.144168,0.125984,-0.12943,0.453661
6.89987,-0.125644,0.0708661,-0.120571,0.453661
6.90012,-0.109312,0,-0.120048,0.453661
6.90036,-0.0786771,-0.0708661,-0.0903963,0.453661
6.90061,-0.0192923,-0.141732,-0.0345549,0.453661
6.90086,0.0759111,-0.19685,0.0586009,0.453661
6.90111,0.203646,-0.212598,0.185552,0.453661
6.90136,0.349437,-0.204724,0.33704,0.453661
6.90161,0.491509,-0.165354,0.478199,0.453661
6.90186,0.604515,-0.110236,0.592359,0.453661
6.90211,0.664575,-0.0472441,0.643049,0.453661
6.90236,0.656104,0,0.627108,0.453661
6.90261,0.574554,0.0314961,0.540501,0.453661
6.90286,0.428239,0.0314961,0.392408,0.453661
6.90311,0.237153,0.00787402,0.201791,0.453661
6.90336,0.0289069,-0.015748,-0.0084354,0.453661
6.90361,-0.167693,-0.0551181,-0.198201,0.453661
6.90386,-0.326394,-0.0866142,-0.34989,0.453661
6.90411,-0.431033,-0.0866142,-0.446669,0.453661
6.90436,-0.476497,-0.0629921,-0.476585,0.453661
6.90461,-0.469869,-0.00787402,-0.462251,0.453661
6.90486,-0.426421,0.0551181,-0.416628,0.453661
6.90511,-0.367137,0.133858,-0.351959,0.453661
6.90536,-0.311276,0.19685,-0.294333,0.453661
6.90561,-0.27247,0.23622,-0.254999,0.453661
6.90586,-0.255282,0.251969,-0.238555,0.453661
6.90611,-0.254343,0.228346,-0.245893,0.453661
6.90636,-0.255542,0.173228,-0.237149,0.453661
6.90661,-0.241726,0.102362,-0.218581,0.453661
6.90686,-0.196256,0.023622,-0.166188,0.453661
6.90711,-0.108195,-0.0314961,-0.0685338,0.453661
6.90736,0.0224316,-0.0787402,0.0654046,0.453661
6.90761,0.185184,-0.102362,0.230886,0.453661
6.90786,0.359686,-0.0944882,0.409054,0.453661
6.90811,0.519959,-0.0787402,0.562357,0.453661
6.90836,0.63858,-0.0551181,0.672102,0.453661
6.90861,0.69451,-0.0393701,0.714586,0.453661
6.90886,0.676113,-0.0472441,0.683511,0.453661
6.90911,0.584888,-0.0708661,0.569682,0.453661
6.90936,0.434464,-0.110236,0.404333,0.453661
6.90961,0.248685,-0.165354,0.201149,0.453661
6.90986,0.0552425,-0.220472,0.00142911,0.453661
6.91011,-0.117968,-0.259843,-0.176017,0.453661
6.91036,-0.250847,-0.259843,-0.310002,0.453661
6.91061,-0.333338,-0.23622,-0.396979,0.453661
6.91086,-0.366489,-0.165354,-0.422166,0.453661
6.91111,-0.361798,-0.0708661,-0.414478,0.453661
6.91136,-0.337393,0.0314961,-0.387358,0.453661
6.91161,-0.311973,0.141732,-0.355535,0.453661
6.91186,-0.299998,0.23622,-0.341145,0.453661
6.91211,-0.308276,0.299213,-0.343111,0.453661
6.91236,-0.333406,0.322835,-0.361355,0.453661
6.91261,-0.362906,0.307087,-0.371058,0.453661
6.91286,-0.37874,0.267717,-0.370162,0.453661
6.91311,-0.362208,0.212598,-0.325384,0.453661
6.91336,-0.298455,0.165354,-0.246278,0.453661
6.91361,-0.182842,0.11811,-0.102381,0.453661
6.91386,-0.0212847,0.0866142,0.0780788,0.453661
6.91411,0.169131,0.0708661,0.283914,0.453661
6.91436,0.362734,0.0551181,0.475985,0.453661
6.91461,0.530752,0.0551181,0.642673,0.453661
6.91486,0.647477,0.0314961,0.747664,0.453661
6.91511,0.695137,-0.00787402,0.769113,0.453661
6.91536,0.667543,-0.0708661,0.715134,0.453661
6.91561,0.571659,-0.15748,0.600291,0.453661
6.91586,0.426007,-0.259843,0.418136,0.453661
6.91611,0.255676,-0.354331,0.229298,0.453661
6.91636,0.0878311,-0.425197,0.0367552,0.453661
6.91661,-0.0544822,-0.464567,-0.126834,0.453661
6.91686,-0.157384,-0.448819,-0.243178,0.453661
6.91711,-0.217158,-0.401575,-0.322687,0.453661
6.91736,-0.241336,-0.299213,-0.360798,0.453661
6.91761,-0.244619,-0.173228,-0.366594,0.453661
6.91786,-0.245387,-0.0314961,-0.371458,0.453661
6.91811,-0.25845,0.0944882,-0.382562,0.453661
6.91835,-0.292699,0.204724,-0.416769,0.453661
6.9186,-0.346854,0.283465,-0.455735,0.453661
6.91885,-0.410191,0.338583,-0.492538,0.453661
6.9191,-0.464314,0.346457,-0.514131,0.453661
6.91935,-0.488664,0.338583,-0.503577,0.453661
6.9196,-0.464491,0.322835,-0.439085,0.453661
6.91985,-0.381934,0.299213,-0.309371,0.453661
6.9201,-0.241417,0.283465,-0.127643,0.453661
6.92035,-0.0555013,0.283465,0.0858103,0.453661
6.9206,0.152706,0.275591,0.318405,0.453661
6.92085,0.354384,0.267717,0.538573,0.453661
6.9211,0.520896,0.244094,0.697583,0.453661
6.92135,0.629271,0.181102,0.799066,0.453661
6.9216,0.66622,0.0944882,0.80728,0.453661
6.92185,0.631712,-0.015748,0.743279,0.453661
6.9221,0.537985,-0.15748,0.614649,0.453661
6.92235,0.406163,-0.307087,0.450749,0.453661
6.9226,0.261395,-0.440945,0.265836,0.453661
6.92285,0.127733,-0.543307,0.0965267,0.453661
6.9231,0.0218181,-0.606299,-0.0397037,0.323495
6.92335,-0.0488031,-0.606299,-0.145974,0.323495
6.9236,-0.0878984,-0.559055,-0.215215,0.323495
6.92385,-0.107664,-0.464567,-0.260755,0.323495
6.9241,-0.124726,-0.338583,-0.291256,0.323495
6.92435,-0.155115,-0.204724,-0.345574,0.323495
6.9246,-0.20957,-0.0787402,-0.403672,0.323495
6.92485,-0.289383,0.023622,-0.482007,0.323495
6.9251,-0.385643,0.11811,-0.560139,0.323495
6.92535,-0.480704,0.181102,-0.624247,0.323495
6.9256,-0.552493,0.244094,-0.667101,0.323495
6.92585,-0.578973,0.283465,-0.641427,0.323495
6.9261,-0.544594,0.330709,-0.554434,0.323495
6.92635,-0.44385,0.385827,-0.403579,0.323495
6.9266,-0.283445,0.440945,-0.19529,0.323495
6.92685,-0.0822245,0.496063,0.0534723,0.323495
6.9271,0.132817,0.535433,0.30545,0.323495
6.92735,0.33218,0.543307,0.530297,0.323495
6.9276,0.488517,0.511811,0.695212,0.323495
6.92785,0.583139,0.433071,0.788314,0.323495
6.9281,0.609071,0.307087,0.814383,0.323495
6.92835,0.572033,0.133858,0.752007,0.323495
6.9286,0.487872,-0.0472441,0.646549,0.323495
6.92885,0.378868,-0.244094,0.512654,0.323495
6.9291,0.268474,-0.425197,0.361227,0.323495
6.92935,0.175267,-0.559055,0.231665,0.323495
6.9296,0.109304,-0.629921,0.125245,0.323495
6.92985,0.0701758,-0.629921,0.0327464,0.323495
6.9301,0.0481816,-0.629921,-0.028919,0.323495
6.93035,0.027766,-0.606299,-0.100661,0.323495
6.9306,-0.00773722,-0.519685,-0.183019,0.323495
6.93085,-0.0714833,-0.417323,-0.278663,0.323495
6.9311,-0.167139,-0.322835,-0.404959,0.323495
6.93135,-0.288968,-0.220472,-0.541486,0.323495
6.9316,-0.420767,-0.133858,-0.667977,0.323495
6.93185,-0.540041,-0.0393701,-0.771278,0.323495
6.9321,-0.621717,0.0472441,-0.826182,0.323495
6.93235,-0.645365,0.149606,-0.800473,0.323495
6.9326,-0.599152,0.267717,-0.703572,0.323495
6.93285,-0.483086,0.401575,-0.524117,0.323495
6.9331,-0.310251,0.527559,-0.289678,0.323495
6.93335,-0.104008,0.629921,-0.0262799,0.323495
6.9336,0.107033,0.629921,0.241606,0.323495
6.93385,0.293542,0.629921,0.470723,0.323495
6.9341,0.432295,0.629921,0.641612,0.323495
6.93435,0.510364,0.629921,0.752501,0.323495
6.9346,0.527107,0.519685,0.776957,0.323495
6.93485,0.492707,0.330709,0.741729,0.323495
6.9351,0.42572,0.110236,0.664317,0.323495
6.93535,0.348142,-0.102362,0.562059,0.323495
6.9356,0.278869,-0.307087,0.465574,0.323495
6.93585,0.230209,-0.464567,0.376834,0.323495
6.9361,0.204394,-0.590551,0.299433,0.323495
6.93635,0.193998,-0.629921,0.230568,0.323495
6.93659,0.184407,-0.629921,0.155921,0.323495
6.93684,0.158144,-0.629921,0.0628906,0.323495
6.93709,0.100081,-0.629921,-0.055026,0.323495
6.93734,0.00273213,-0.598425,-0.213249,0.323495
6.93759,-0.131548,-0.551181,-0.394427,0.323495
6.93784,-0.28925,-0.488189,-0.572505,0.323495
6.93809,-0.448486,-0.409449,-0.747739,0.323495
6.93834,-0.582906,-0.314961,-0.879559,0.323495
6.93859,-0.667405,-0.19685,-0.934511,0.323495
6.93884,-0.684238,-0.0393701,-0.92149,0.323495
6.93909,-0.626548,0.133858,-0.812076,0.323495
6.93934,-0.50055,0.330709,-0.627304,0.323495
6.93959,-0.324007,0.527559,-0.380754,0.323495
6.93984,-0.123261,0.629921,-0.11947,0.323495
6.94009,0.072523,0.629921,0.141548,0.323495
6.94034,0.237245,0.629921,0.366938,0.323495
6.94059,0.353518,0.629921,0.533214,0.323495
6.94084,0.414123,0.629921,0.636228,0.323495
6.94109,0.424522,0.629921,0.682169,0.323495
6.94134,0.398841,0.511811,0.670357,0.323495
6.94159,0.356905,0.307087,0.634844,0.323495
6.94184,0.317257,0.0866142,0.586559,0.323495
6.94209,0.293549,-0.110236,0.530511,0.323495
6.94234,0.290395,-0.275591,0.497414,0.323495
6.94259,0.302715,-0.417323,0.457003,0.323495
6.94284,0.316526,-0.519685,0.411961,0.323495
6.94309,0.313823,-0.598425,0.34962,0.323495
6.94334,0.277059,-0.629921,0.233514,0.323495
6.94359,0.19482,-0.629921,0.0852654,0.323495
6.94384,0.0651781,-0.629921,-0.105015,0.323495
6.94409,-0.102461,-0.629921,-0.336502,0.323495
6.94434,-0.287777,-0.629921,-0.559585,0.323495
6.94459,-0.46474,-0.629921,-0.761178,0.323495
6.94484,-0.605188,-0.582677,-0.914069,0.323495
6.94509,-0.68623,-0.448819,-0.982533,0.323495
6.94534,-0.693888,-0.259843,-0.963616,0.323495
6.94559,-0.627255,-0.0314961,-0.859553,0.323495
6.94584,-0.497603,0.212598,-0.688815,0.323495
6.94609,-0.327261,0.456693,-0.463578,0.323495
6.94634,-0.143127,0.629921,-0.213468,0.323495
6.94659,0.0274558,0.629921,0.0134161,0.323495
6.94684,0.163798,0.629921,0.217092,0.323495
6.94709,0.253975,0.629921,0.365926,0.323495
6.94734,0.298344,0.629921,0.475664,0.323495
6.94759,0.307053,0.629921,0.536125,0.323495
6.94784,0.296795,0.629921,0.55599,0.323495
6.94809,0.28587,0.480315,0.568456,0.323495
6.94834,0.288771,0.299213,0.581375,0.323495
6.94859,0.312322,0.11811,0.594624,0.323495
6.94884,0.353296,-0.0393701,0.612024,0.323495
6.94909,0.399079,-0.188976,0.623668,0.323495
6.94934,0.431202,-0.314961,0.597695,0.323495
6.94959,0.429829,-0.448819,0.535118,0.323495
6.94984,0.379343,-0.574803,0.414847,0.323495
6.95009,0.272908,-0.629921,0.242363,0.323495
6.95034,0.114889,-0.629921,0.0102163,0.323495
6.95059,-0.0780099,-0.629921,-0.247425,0.323495
6.95084,-0.281256,-0.629921,-0.51249,0.323495
6.95109,-0.465441,-0.629921,-0.731292,0.323495
6.95134,-0.603823,-0.629921,-0.899376,0.323495
6.95159,-0.676085,-0.629921,-0.975576,0.323495
6.95184,-0.674249,-0.456693,-0.970797,0.323495
6.95209,-0.602694,-0.204724,-0.875236,0.323495
6.95234,-0.477892,0.0393701,-0.711199,0.323495
6.95259,-0.323508,0.291339,-0.512773,0.323495
6.95284,-0.166229,0.511811,-0.302762,0.323495
6.95309,-0.028553,0.629921,-0.107532,0.323495
6.95334,0.0741604,0.629921,0.063075,0.323495
6.95359,0.137853,0.629921,0.183936,0.323495
6.95384,0.168841,0.629921,0.290435,0.323495
6.95409,0.181064,0.629921,0.361509,0.323495
6.95434,0.191958,0.622047,0.423368,0.323495
6.95459,0.216798,0.511811,0.494876,0.323495
6.95483,0.264584,0.401575,0.565942,0.323495
6.95508,0.334166,0.291339,0.633861,0.323495
6.95533,0.41472,0.188976,0.707672,0.323495
6.95558,0.487738,0.0787402,0.750414,0.323495
6.95583,0.53175,-0.0314961,0.75292,0.323495
6.95608,0.526766,-0.15748,0.691888,0.323495
6.95633,0.46077,-0.299213,0.552061,0.323495
6.95658,0.332229,-0.440945,0.360146,0.323495
6.95683,0.152753,-0.574803,0.110624,0.323495
6.95708,-0.0563272,-0.629921,-0.15917,0.323495
6.95733,-0.266458,-0.629921,-0.424367,0.323495
6.95758,-0.448027,-0.629921,-0.65023,0.323495
6.95783,-0.576382,-0.629921,-0.81122,0.323495
6.95808,-0.636861,-0.598425,-0.895258,0.323495
6.95833,-0.626917,-0.433071,-0.892534,0.323495
6.95858,-0.55645,-0.23622,-0.81314,0.323495
6.95883,-0.44491,-0.0314961,-0.680107,0.323495
6.95908,-0.316184,0.149606,-0.524479,0.323495
6.95933,-0.194083,0.299213,-0.361863,0.323495
6.95958,-0.0955876,0.409449,-0.216731,0.323495
6.95983,-0.0284437,0.472441,-0.0952497,0.323495
6.96008,0.0104494,0.496063,0.00901552,0.323495
6.96033,0.0319676,0.480315,0.0979636,0.323495
6.96058,0.0531568,0.448819,0.179379,0.323495
6.96083,0.0900833,0.417323,0.269074,0.323495
6.96108,0.153422,0.377953,0.372578,0.323495
6.96133,0.245072,0.346457,0.498517,0.323495
6.96158,0.356668,0.322835,0.625612,0.323495
6.96183,0.47037,0.275591,0.730885,0.323495
6.96208,0.563406,0.220472,0.795235,0.323495
6.96233,0.612403,0.141732,0.806847,0.323495
6.96258,0.599861,0.0314961,0.750349,0.323495
6.96283,0.518418,-0.0944882,0.613279,0.323495
6.96308,0.372831,-0.244094,0.410393,0.323495
6.96333,0.179844,-0.377953,0.166791,0.323495
6.96358,-0.0345558,-0.488189,-0.100844,0.323495
6.96383,-0.240232,-0.559055,-0.34155,0.323495
6.96408,-0.409762,-0.574803,-0.546338,0.323495
6.96433,-0.522844,-0.535433,-0.68814,0.323495
6.96458,-0.570108,-0.448819,-0.752909,0.323495
6.96483,-0.555307,-0.322835,-0.747199,0.323495
6.96508,-0.492585,-0.181102,-0.687637,0.323495
6.96533,-0.402694,-0.0472441,-0.586556,0.323495
6.96558,-0.308413,0.0629921,-0.477549,0.323495
6.96583,-0.227979,0.141732,-0.373057,0.323495
6.96608,-0.171782,0.188976,-0.278947,0.323495
6.96633,-0.139638,0.204724,-0.209626,0.323495
6.96658,-0.122853,0.212598,-0.149949,0.323495
6.96683,-0.10533,0.19685,-0.0815856,0.323495
6.96708,-0.0701261,0.204724,0.00442403,0.323495
6.96733,-0.00418275,0.204724,0.110415,0.323495
6.96758,0.0976107,0.23622,0.238594,0.323495
6.96783,0.229939,0.259843,0.394892,0.323495
6.96808,0.377021,0.291339,0.549597,0.323495
6.96833,0.515759,0.299213,0.685776,0.323495
6.96858,0.620321,0.275591,0.773142,0.323495
6.96883,0.668473,0.220472,0.792569,0.323495
6.96908,0.646301,0.133858,0.739258,0.323495
6.96933,0.551667,0.015748,0.613979,0.323495
6.96958,0.395214,-0.102362,0.427531,0.323495
6.96983,0.198631,-0.220472,0.205405,0.323495
6.97008,-0.00956714,-0.307087,-0.0309739,0.323495
6.97033,-0.200648,-0.362205,-0.23681,0.323495
6.97058,-0.350436,-0.362205,-0.403924,0.323495
6.97083,-0.44399,-0.322835,-0.51498,0.323495
6.97108,-0.478907,-0.251969,-0.561882,0.323495
6.97133,-0.463914,-0.165354,-0.561778,0.323495
6.97158,-0.415985,-0.0787402,-0.522828,0.323495
6.97183,-0.355956,-0.015748,-0.468089,0.323495
6.97208,-0.302432,0.023622,-0.411311,0.323495
6.97233,-0.26762,0.0314961,-0.359975,0.323495
6.97258,-0.254106,0.023622,-0.332003,0.323495
6.97283,-0.254839,0,-0.308185,0.323495
6.97307,-0.254779,-0.015748,-0.287978,0.323495
6.97332,-0.236108,-0.015748,-0.239875,0.323495
6.97357,-0.183129,0,-0.155752,0.323495
6.97382,-0.0870486,0.0314961,-0.0401439,0.323495
6.97407,0.0509485,0.0944882,0.118902,0.323495
6.97432,0.217665,0.15748,0.288617,0.323495
6.97457,0.391721,0.212598,0.47138,0.323495
6.97482,0.545915,0.251969,0.618899,0.323495
6.97507,0.654283,0.244094,0.714109,0.323495
6.97532,0.696848,0.204724,0.75098,0.323495
6.97557,0.664409,0.141732,0.708154,0.323495
6.97582,0.560539,0.0472441,0.587067,0.323495
6.97607,0.401609,-0.0393701,0.424069,0.323495
6.97632,0.212268,-0.11811,0.222249,0.323495
6.97657,0.0208214,-0.165354,0.0336652,0.323495
6.97682,-0.146386,-0.173228,-0.143493,0.323495
6.97707,-0.270233,-0.141732,-0.267499,0.323495
6.97732,-0.342901,-0.0944882,-0.34704,0.323495
6.97757,-0.368123,-0.0314961,-0.379431,0.323495
6.97782,-0.358246,0.015748,-0.383715,0.323495
6.97807,-0.332247,0.0551181,-0.369011,0.323495
6.97832,-0.308264,0.0629921,-0.353054,0.323495
6.97857,-0.299978,0.0314961,-0.341656,0.323495
6.97882,-0.311916,-0.00787402,-0.36097,0.323495
6.97907,-0.339124,-0.0708661,-0.382592,0.323495
6.97932,-0.367412,-0.133858,-0.391169,0.323495
6.97957,-0.378707,-0.165354,-0.3903,0.323495
6.97982,-0.354109,-0.181102,-0.352313,0.323495
6.98007,-0.280954,-0.15748,-0.268385,0.323495
6.98032,-0.1557,-0.102362,-0.13992,0.323495
6.98057,0.0128033,-0.023622,0.0325602,0.323495
6.98082,0.205697,0.0393701,0.223091,0.323495
6.98107,0.39693,0.102362,0.410545,0.323495
6.98132,0.557148,0.141732,0.555151,0.323495
6.98157,0.662061,0.141732,0.648655,0.323495
6.98182,0.695639,0.110236,0.67467,0.323495
6.98207,0.654429,0.0629921,0.632074,0.323495
6.98232,0.547538,0,0.528006,0.323495
6.98257,0.395241,-0.0393701,0.37758,0.323495
6.98282,0.223362,-0.0551181,0.216802,0.323495
6.98307,0.0586978,-0.0393701,0.0583142,0.323495
6.98332,-0.0770088,-0.00787402,-0.0686409,0.323495
6.98357,-0.171568,0.0551181,-0.150547,0.323495
6.98382,-0.22411,0.125984,-0.200285,0.323495
6.98407,-0.242934,0.188976,-0.215694,0.323495
6.98432,-0.244511,0.220472,-0.224835,0.323495
6.98457,-0.246431,0.212598,-0.232133,0.323495
6.98482,-0.263181,0.165354,-0.243708,0.323495
6.98507,-0.301512,0.0866142,-0.288121,0.323495
6.98532,-0.358562,0,-0.343272,0.323495
6.98557,-0.421562,-0.102362,-0.402149,0.323495
6.98582,-0.471654,-0.188976,-0.444064,0.323495
6.98607,-0.48821,-0.23622,-0.457513,0.323495
6.98632,-0.453789,-0.251969,-0.41739,0.323495
6.98657,-0.359782,-0.228346,-0.335617,0.323495
6.98682,-0.209532,-0.173228,-0.195919,0.323495
6.98707,-0.0177152,-0.110236,-0.0130348,0.323495
6.98732,0.191809,-0.0551181,0.169234,0.323495
6.98757,0.389006,-0.015748,0.351658,0.323495
6.98782,0.546227,0,0.487105,0.323495
6.98807,0.641681,-0.015748,0.569828,0.323495
6.98832,0.665042,-0.0472441,0.586476,0.323495
6.98857,0.618197,-0.0866142,0.53543,0.323495
6.98882,0.515578,-0.102362,0.439812,0.323495
6.98907,0.379159,-0.102362,0.323025,0.323495
6.98932,0.234937,-0.0629921,0.18976,0.323495
6.98957,0.105443,0,0.0807119,0.323495
6.98982,0.00607382,0.0944882,0.00178875,0.323495
6.99007,-0.0583308,0.204724,-0.0493392,0.323495
6.99032,-0.0925044,0.291339,-0.0672542,0.323495
6.99057,-0.110398,0.354331,-0.0821697,0.323495
6.99082,-0.129074,0.377953,-0.0899952,0.323495
6.99107,-0.163361,0.346457,-0.113977,0.323495
6.99131,-0.222712,0.275591,-0.165847,0.323495
6.99156,-0.306552,0.165354,-0.238253,0.323495
6.99181,-0.404101,0.0393701,-0.331211,0.323495
6.99206,-0.496527,-0.0629921,-0.413134,0.323495
6.99231,-0.561489,-0.15748,-0.472188,0.323495
6.99256,-0.577436,-0.204724,-0.490449,0.323495
6.99281,-0.53074,-0.228346,-0.453707,0.323495
6.99306,-0.41797,-0.212598,-0.357672,0.323495
6.99331,-0.248454,-0.188976,-0.209998,0.323495
6.99356,-0.0421705,-0.15748,-0.0345674,0.323495
6.99381,0.172161,-0.133858,0.146523,0.323495
6.99406,0.365294,-0.141732,0.306644,0.323495
6.99431,0.511306,-0.165354,0.424914,0.323495
6.99456,0.593269,-0.204724,0.488737,0.323495
6.99481,0.606623,-0.23622,0.483638,0.323495
6.99506,0.559263,-0.259843,0.43848,0.323495
6.99531,0.468525,-0.251969,0.346312,0.323495
6.99556,0.357728,-0.188976,0.252562,0.323495
6.99581,0.249422,-0.102362,0.163259,0.323495
6.99606,0.160694,0.015748,0.0901707,0.323495
6.99631,0.100052,0.165354,0.0530534,0.323495
6.99656,0.0652568,0.307087,0.0414645,0.323495
6.99681,0.0449093,0.409449,0.0327075,0.323495
6.99706,0.0226273,0.472441,0.033273,0.323495
6.99731,-0.0173188,0.488189,0.0122652,0.323495
6.99756,-0.086816,0.440945,-0.0352865,0.323495
6.99781,-0.188368,0.354331,-0.108273,0.323495
6.99806,-0.313461,0.244094,-0.212013,0.323495
6.99831,-0.444717,0.11811,-0.320876,0.323495
6.99856,-0.558813,0.00787402,-0.421301,0.323495
6.99881,-0.631007,-0.0629921,-0.485726,0.323495
6.99906,-0.642221,-0.11811,-0.492251,0.323495
6.99931,-0.582526,-0.141732,-0.444368,0.323495
6.99956,-0.454713,-0.149606,-0.341038,0.323495
6.99981,-0.273398,-0.149606,-0.198548,0.323495
7.00006,-0.0640189,-0.173228,-0.0312234,0.323495
7.00031,0.144486,-0.204724,0.132656,0.323495
7.00056,0.323688,-0.259843,0.263866,0.323495
7.00081,0.451762,-0.322835,0.358812,0.323495
7.00106,0.51803,-0.385827,0.395948,0.323495
7.00131,0.524011,-0.425197,0.373411,0.323495
7.00156,0.481906,-0.433071,0.328136,0.323495
7.00181,0.411442,-0.385827,0.252752,0.323495
7.00206,0.334129,-0.291339,0.181687,0.323495
7.00231,0.267987,-0.141732,0.129148,0.323495
7.00256,0.223695,0.015748,0.0966297,0.323495
7.00281,0.201568,0.19685,0.101472,0.323495
7.00306,0.192783,0.354331,0.115844,0.323495
7.00331,0.181179,0.472441,0.129732,0.323495
7.00356,0.150128,0.527559,0.134502,0.323495
7.00381,0.0851134,0.535433,0.0991611,0.323495
7.00406,-0.0198613,0.488189,0.0333749,0.323495
7.00431,-0.159836,0.409449,-0.0706667,0.323495
7.00456,-0.319653,0.307087,-0.190227,0.323495
7.00481,-0.476351,0.204724,-0.312789,0.323495
7.00506,-0.603122,0.11811,-0.414134,0.323495
7.00531,-0.676051,0.0551181,-0.472701,0.323495
7.00556,-0.679155,0.00787402,-0.4784,0.323495
7.00581,-0.607779,-0.00787402,-0.422622,0.323495
7.00606,-0.470532,-0.0393701,-0.316778,0.323495
7.00631,-0.287474,-0.0866142,-0.174593,0.323495
7.00656,-0.0856657,-0.149606,-0.0263308,0.323495
7.00681,0.106372,-0.23622,0.113056,0.323495
7.00706,0.263055,-0.346457,0.222429,0.323495
7.00731,0.368857,-0.456693,0.27982,0.323495
7.00756,0.419642,-0.535433,0.299064,0.323495
7.00781,0.422023,-0.582677,0.272785,0.323495
7.00806,0.391705,-0.574803,0.221477,0.323495
7.00831,0.348786,-0.503937,0.1649,0.323495
7.00856,0.311288,-0.377953,0.126106,0.323495
7.00881,0.291422,-0.204724,0.114151,0.323495
7.00906,0.291874,-0.00787402,0.121629,0.323495
7.00931,0.305611,0.181102,0.149841,0.323495
7.00955,0.31775,0.338583,0.189357,0.323495
7.0098,0.310082,0.456693,0.217466,0.323495
7.01005,0.265506,0.519685,0.203327,0.323495
7.0103,0.174,0.527559,0.157019,0.323495
7.01055,0.0362357,0.488189,0.0745164,0.323495
7.0108,-0.136286,0.433071,-0.0492065,0.323495
7.01105,-0.322524,0.354331,-0.182326,0.323495
7.0113,-0.494545,0.299213,-0.311727,0.323495
7.01155,-0.625402,0.244094,-0.410055,0.323495
7.0118,-0.693408,0.204724,-0.462875,0.323495
7.01205,-0.686899,0.173228,-0.447594,0.323495
7.0123,-0.60717,0.133858,-0.390444,0.323495
7.01255,-0.46823,0.0787402,-0.277744,0.323495
7.0128,-0.293048,0,-0.142818,0.323495
7.01305,-0.109454,-0.11811,-0.0117785,0.323495
7.0133,0.0560563,-0.251969,0.099057,0.323495
7.01355,0.184112,-0.401575,0.180314,0.323495
7.0138,0.265654,-0.543307,0.210584,0.323495
7.01405,0.302335,-0.629921,0.19876,0.323495
7.0143,0.305912,-0.629921,0.168693,0.323495
7.01455,0.294361,-0.629921,0.129649,0.323495
7.0148,0.284984,-0.582677,0.0939196,0.323495
7.01505,0.291586,-0.440945,0.0883998,0.323495
7.0153,0.318889,-0.251969,0.107886,0.323495
7.01555,0.361933,-0.0551181,0.157262,0.323495
7.0158,0.40666,0.125984,0.210261,0.323495
7.01605,0.434156,0.275591,0.262446,0.323495
7.0163,0.424594,0.393701,0.289092,0.323495
7.01655,0.363659,0.440945,0.263207,0.323495
7.0168,0.246921,0.456693,0.20243,0.323495
7.01705,0.0810508,0.440945,0.0916011,0.323495
7.0173,-0.116254,0.401575,-0.0507664,0.323495
7.01755,-0.318012,0.370079,-0.192548,0.323495
7.0178,-0.495502,0.346457,-0.317441,0.323495
7.01805,-0.622651,0.330709,-0.400578,0.323495
7.0183,-0.681432,0.314961,-0.43827,0.323495
7.01855,-0.665765,0.299213,-0.419964,0.323495
7.0188,-0.582846,0.259843,-0.343403,0.323495
7.01905,-0.450521,0.188976,-0.236548,0.323495
7.0193,-0.29357,0.0787402,-0.123807,0.323495
7.01955,-0.138419,-0.0551181,-0.0144872,0.323495
7.0198,-0.00657412,-0.220472,0.0630476,0.323495
7.02005,0.0890553,-0.385827,0.109908,0.323495
7.0203,0.145883,-0.535433,0.119863,0.323495
7.02055,0.171903,-0.629921,0.0979777,0.323495
7.0208,0.182775,-0.629921,0.0739069,0.323495
7.02105,0.195116,-0.629921,0.0473397,0.323495
7.0213,0.22392,-0.559055,0.0534445,0.323495
7.02155,0.276036,-0.417323,0.0786084,0.323495
7.0218,0.348841,-0.251969,0.135613,0.323495
7.02205,0.429545,-0.0866142,0.219754,0.323495
7.0223,0.49902,0.0551181,0.291137,0.323495
7.02255,0.534954,0.181102,0.341374,0.323495
7.0228,0.519202,0.251969,0.356861,0.323495
7.02305,0.441292,0.299213,0.327975,0.436075
