Time,Disturbance,Actuator,Error,RMS_E
0.400255,0.429651,0,0.432688,0
0.400505,0.303392,0,0.303287,0
0.400755,0.0196983,0,0.0211784,0
0.401005,-0.33161,0,-0.331389,0
0.401255,-0.60427,0,-0.60104,0
0.401505,-0.681523,0,-0.683885,0
0.401755,-0.545463,0,-0.548007,0
0.402005,-0.283716,0,-0.281053,0
0.402255,-0.0290567,0,-0.0307343,0
0.402505,0.125037,0,0.129103,0
0.402755,0.175981,0,0.173245,0
0.403005,0.196106,0,0.199983,0
0.403255,0.263929,0,0.268924,0
0.403505,0.393517,0,0.393749,0
0.403755,0.514262,0,0.517089,0
0.404005,0.51703,0,0.517392,0
0.404255,0.334987,0,0.330094,0
0.404505,0.00107157,0,-0.00336864,0
0.404755,-0.358839,0,-0.363472,0
0.405005,-0.596518,0,-0.600883,0
0.405255,-0.627814,0,-0.631105,0
0.405505,-0.478005,0,-0.47301,0
0.405755,-0.256136,0,-0.259447,0
0.406005,-0.0777766,0,-0.0814601,0
0.406255,0.00938825,0,0.00713243,0
0.406505,0.0461911,0,0.0425481,0
0.406755,0.116115,0,0.112092,0
0.407005,0.26845,0,0.2677,0
0.407255,0.467148,0,0.462991,0
0.407505,0.604287,0,0.60916,0
0.407755,0.5705,0,0.571073,0
0.408005,0.334199,0,0.333731,0
0.408255,-0.0271664,0,-0.0266746,0
0.408505,-0.366556,0,-0.36929,0
0.408755,-0.552897,-0.0314961,-0.557025,0
0.409005,-0.545151,-0.0944882,-0.545696,0
0.409255,-0.406156,-0.133858,-0.404983,0
0.409505,-0.248842,-0.141732,-0.247244,0
0.409755,-0.154357,-0.125984,-0.158271,0
0.410005,-0.11986,-0.102362,-0.125415,0
0.410255,-0.0721343,-0.0708661,-0.0764471,0
0.410505,0.0646652,-0.0708661,0.0558558,0
0.410755,0.297321,-0.0944882,0.276501,0
0.411005,0.541524,-0.125984,0.510434,0
0.411255,0.667969,-0.133858,0.635271,0
0.411505,0.586029,-0.110236,0.550709,0
0.411755,0.30793,-0.00787402,0.272734,0
0.412005,-0.0523226,0.188976,-0.0883825,0
0.412255,-0.345465,0.425197,-0.381946,0
0.412505,-0.474475,0.598425,-0.505322,0
0.412755,-0.444548,0.645669,-0.476589,0
0.413005,-0.343463,0.535433,-0.356808,0
0.413255,-0.268616,0.299213,-0.263069,0
0.413505,-0.254038,-0.015748,-0.220906,0
0.413755,-0.249611,-0.362205,-0.182846,0
0.414005,-0.166479,-0.669291,-0.0622621,0
0.414255,0.0451672,-0.889764,0.177423,0
0.414505,0.34279,-1,0.498085,0
0.414755,0.603507,-0.968504,0.74836,0
0.415005,0.696267,-0.755906,0.802512,0
0.415255,0.565181,-0.377953,0.613171,0
0.415505,0.26724,0.125984,0.246708,0
0.415755,-0.0617278,0.716535,-0.176378,0
0.416005,-0.290436,1,-0.487245,0
0.416255,-0.367669,1,-0.638177,0
0.416505,-0.339925,1,-0.646323,0
0.416755,-0.301906,1,-0.597652,0
0.417005,-0.317102,0.897638,-0.557895,0
0.417255,-0.367017,0.110236,-0.521701,0
0.417506,-0.365455,-0.740157,-0.394503,0
0.417756,-0.227689,-1,-0.123062,0
0.418006,0.0553337,-1,0.285873,0
0.418256,0.392929,-1,0.724935,0
0.418506,0.640271,-1,1.02669,0
0.418756,0.684826,-1,1.06574,0
0.419006,0.51527,-0.937008,0.83324,0
0.419256,0.226077,0.141732,0.43879,0
0.419506,-0.0447194,1,0.0287929,0
0.419756,-0.201937,1,-0.280899,0
0.420006,-0.244077,1,-0.478707,0
0.420256,-0.246285,1,-0.601034,0
0.420506,-0.289544,1,-0.702496,0
0.420756,-0.39006,1,-0.810958,0
0.421006,-0.479782,0.700787,-0.838456,0
0.421256,-0.45396,-0.826772,-0.706492,0
0.421506,-0.251852,-1,-0.359619,0
0.421756,0.0869735,-1,0.141084,0
0.422006,0.433674,-1,0.641258,0
0.422256,0.642034,-1,0.968924,0
0.422506,0.635342,-1,1.01842,0
0.422756,0.448556,-1,0.838462,0
0.423006,0.198783,-0.480315,0.534262,0
0.423256,0.00486736,1,0.235954,0
0.423506,-0.0864942,1,0.00743881,0
0.423756,-0.118751,1,-0.176679,0
0.424006,-0.176774,1,-0.378893,0
0.424256,-0.308814,1,-0.611758,0
0.424506,-0.47762,1,-0.835318,0
0.424756,-0.577246,1,-0.924515,0
0.425006,-0.505541,-0.275591,-0.798824,0
0.425256,-0.241626,-1,-0.431486,0
0.425506,0.127398,-1,0.0731559,0
0.425756,0.451271,-1,0.534773,0
0.426006,0.604068,-1,0.811045,0
0.426256,0.555799,-1,0.84428,0
0.426506,0.38048,-1,0.696712,0
0.426756,0.197321,-1,0.498565,0
0.427006,0.0871907,0.952756,0.31184,0
0.427256,0.0438912,1,0.171334,0
0.427506,-0.00763375,1,-0.0143584,0
0.427756,-0.140389,1,-0.271339,0
0.428006,-0.35554,1,-0.586726,0
0.428256,-0.565573,1,-0.850721,0
0.428506,-0.645319,1,-0.937976,0
0.428756,-0.51628,0.622047,-0.769947,0
0.429006,-0.205919,-1,-0.368298,0
0.429256,0.161074,-1,0.112051,0
0.429506,0.434968,-1,0.51436,0
0.429756,0.528245,-1,0.720469,0
0.430006,0.459647,-1,0.737265,0
0.430256,0.326789,-1,0.63177,0
0.430506,0.228812,-1,0.51548,0
0.430756,0.195649,0.291339,0.427487,0
0.431006,0.173351,1,0.299659,0
0.431256,0.0751939,1,0.0762424,0
0.431506,-0.139748,1,-0.265439,0
0.431756,-0.419258,1,-0.659815,0
0.432006,-0.638029,1,-0.936568,0
0.432256,-0.67402,1,-0.984438,0
0.432506,-0.489254,1,-0.765239,0
0.432756,-0.158797,-1,-0.349638,0
0.433006,0.173119,-1,0.090168,0
0.433256,0.379679,-1,0.427118,0
0.433506,0.423284,-1,0.601682,0
0.433756,0.363688,-1,0.642609,0
0.434006,0.300629,-1,0.618933,0
0.434256,0.293648,-1,0.609481,0
0.434506,0.317474,-0.496063,0.569151,0
0.434756,0.2849,1,0.445581,0
0.435006,0.120369,1,0.155917,0
0.435256,-0.170183,1,-0.265979,0
0.435506,-0.484786,1,-0.713406,0
0.435756,-0.680179,1,-0.984083,0
0.436006,-0.65971,1,-1.00205,0
0.436256,-0.434766,1,-0.745753,0
0.436506,-0.117157,-0.740157,-0.363243,0
0.436756,0.151881,-1,0.0183984,0
0.437006,0.287621,-1,0.287019,0
0.437256,0.3039,-1,0.434756,0
0.437506,0.284995,-1,0.527289,0
0.437756,0.309717,-1,0.618099,0
0.438006,0.384786,-1,0.703395,0
0.438256,0.435904,-1,0.707307,0
0.438506,0.363928,1,0.556802,0
0.438756,0.125537,1,0.202347,0
0.439007,-0.220176,1,-0.275329,0
0.439257,-0.535084,1,-0.724185,0
0.439507,-0.681808,1,-0.963289,0
0.439757,-0.60641,1,-0.932015,0
0.440007,-0.36839,1,-0.682877,0
0.440257,-0.0973292,0.19685,-0.361401,0
0.440507,0.0920919,-1,-0.0728748,0
0.440757,0.168416,-1,0.135878,0
0.441007,0.188187,-1,0.291765,0
0.441257,0.237542,-1,0.463353,0
0.441507,0.354162,-1,0.660579,0
0.441757,0.488542,-1,0.821469,0
0.442007,0.533212,-1,0.837086,0
0.442257,0.401152,1,0.637592,0
0.442507,0.0964839,1,0.224085,0
0.442757,-0.27317,1,-0.285415,0
0.443007,-0.554737,1,-0.693743,0
0.443257,-0.639746,1,-0.886589,0
0.443507,-0.52585,1,-0.823829,0
0.443757,-0.308626,1,-0.60663,0
0.444007,-0.111528,1,-0.373164,0
0.444257,-0.00347421,-1,-0.178078,0
0.444507,0.0380038,-1,-0.017466,0
0.444757,0.0941987,-1,0.165811,0
0.445007,0.228946,-1,0.427185,0
0.445257,0.425963,-1,0.719625,0
0.445507,0.586946,-1,0.920374,0
0.445757,0.594327,-1,0.915756,0
0.446007,0.3951,0.952756,0.650035,0
0.446257,0.0463636,1,0.195925,0
0.446507,-0.310737,1,-0.292123,0
0.446757,-0.533294,1,-0.64158,0
0.447007,-0.559276,1,-0.775556,0
0.447257,-0.43537,1,-0.707791,0
0.447507,-0.272862,1,-0.561381,0
0.447757,-0.164842,1,-0.421358,0
0.448007,-0.12405,-1,-0.2995,0
0.448257,-0.0843041,-1,-0.150696,0
0.448507,0.0361973,-1,0.093625,0
0.448757,0.258514,-1,0.440749,0
0.449007,0.510046,-1,0.782843,0
0.449257,0.661517,-1,0.971019,0
0.449507,0.610479,-1,0.909184,0
0.449757,0.353031,-0.0629921,0.593702,0
0.450007,-0.00659781,1,0.133926,0
0.450257,-0.316754,1,-0.297068,0
0.450507,-0.468406,1,-0.584891,0
0.450757,-0.453741,1,-0.684813,0
0.451007,-0.354896,1,-0.657687,0
0.451257,-0.273617,1,-0.591582,0
0.451507,-0.253658,1,-0.53976,0
0.451757,-0.252158,-1,-0.470363,0
0.452007,-0.179609,-1,-0.288193,0
0.452257,0.0212801,-1,0.0494843,0
0.452507,0.316624,-1,0.476184,0
0.452757,0.587073,-1,0.849103,0
0.453007,0.697052,-1,1.00144,0
0.453257,0.58162,-1,0.88923,0
0.453507,0.290307,-1,0.550101,0
0.453757,-0.0426132,1,0.118459,0
0.454007,-0.281103,1,-0.237038,0
0.454257,-0.366929,1,-0.455345,0
0.454507,-0.342421,1,-0.556553,0
0.454757,-0.302709,1,-0.615,0
0.455007,-0.315328,1,-0.658099,0
0.455257,-0.365393,1,-0.69283,0
0.455507,-0.367325,-1,-0.629844,0
0.455757,-0.233969,-1,-0.386393,0
0.456007,0.0470821,-1,0.0237652,0
0.456257,0.386435,-1,0.505867,0
0.456507,0.637705,-1,0.860913,0
0.456757,0.685637,-1,0.968626,0
0.457007,0.517139,-1,0.813398,0
0.457257,0.227015,-1,0.489915,0
0.457507,-0.0450121,1,0.138705,0
0.457757,-0.202447,1,-0.126773,0
0.458007,-0.244169,1,-0.300013,0
0.458257,-0.246469,1,-0.42894,0
0.458507,-0.290996,1,-0.558049,0
0.458757,-0.39265,1,-0.708204,0
0.459007,-0.4811,1,-0.788286,0
0.459257,-0.45035,-0.204724,-0.699554,0
0.459507,-0.241495,-1,-0.392819,0
0.459757,0.101858,-1,0.0795193,0
0.460007,0.446865,-1,0.549891,0
0.460258,0.646895,-1,0.865337,0
0.460508,0.629122,-1,0.917775,0
0.460758,0.43459,-1,0.73969,0
0.461008,0.184171,-1,0.463849,0
0.461258,-0.00429441,1,0.197312,0
0.461508,-0.0897648,1,0.00854691,0
0.461758,-0.121202,1,-0.157824,0
0.462008,-0.184464,1,-0.34731,0
0.462258,-0.322698,1,-0.579113,0
0.462508,-0.490911,1,-0.789343,0
0.462758,-0.578865,1,-0.881787,0
0.463008,-0.487814,0.700787,-0.734525,0
0.463258,-0.206859,-1,-0.363593,0
0.463508,0.166309,-1,0.125249,0
0.463758,0.477888,-1,0.573778,0
0.464008,0.608145,-1,0.832423,0
0.464258,0.539456,-1,0.846215,0
0.464508,0.356113,-1,0.692654,0
0.464758,0.178484,-1,0.492328,0
0.465008,0.0788829,1,0.320498,0
0.465258,0.0393983,1,0.171361,0
0.465508,-0.0202692,1,-0.0191058,0
0.465758,-0.167545,1,-0.298236,0
0.466008,-0.390118,1,-0.620965,0
0.466258,-0.589151,1,-0.885906,0
0.466508,-0.639538,1,-0.935125,0
0.466758,-0.476001,1,-0.73025,0
0.467008,-0.144651,-1,-0.323335,0
0.467258,0.217977,-1,0.150943,0
0.467508,0.465181,-1,0.533024,0
0.467758,0.525704,-1,0.719644,0
0.468008,0.436664,-1,0.72129,0
0.468258,0.303587,-1,0.623754,0
0.468508,0.218073,-1,0.530734,0
0.468758,0.19318,0.283465,0.4481,0
0.469008,0.162146,1,0.317301,0
0.469258,0.040378,1,0.061602,0
0.469508,-0.196407,1,-0.308227,0
0.469758,-0.475904,1,-0.696461,0
0.470008,-0.664474,1,-0.955115,0
0.470258,-0.651084,1,-0.966395,0
0.470508,-0.422553,1,-0.699382,0
0.470758,-0.0766905,-1,-0.278648,0
0.471008,0.23617,-1,0.136798,0
0.471258,0.404135,-1,0.436259,0
0.471508,0.414525,-1,0.577256,0
0.471758,0.34482,-1,0.60112,0
0.472008,0.293033,-1,0.596032,0
0.472258,0.299723,-1,0.599419,0
0.472508,0.318352,-0.480315,0.56563,0
0.472758,0.255668,1,0.419187,0
0.473008,0.0515961,1,0.0890607,0
0.473258,-0.260117,1,-0.354952,0
0.473508,-0.556943,1,-0.766324,0
0.473758,-0.698037,1,-0.997553,0
0.474008,-0.612551,1,-0.940786,0
0.474258,-0.345228,1,-0.648239,0
0.474508,-0.0269996,-1,-0.262427,0
0.474758,0.207939,-1,0.0767059,0
0.475008,0.302154,-1,0.302806,0
0.475258,0.297286,-1,0.429619,0
0.475508,0.285923,-1,0.519895,0
0.475758,0.330304,-1,0.622735,0
0.476008,0.4089,-1,0.706058,0
0.476258,0.429882,-1,0.678822,0
0.476508,0.302864,1,0.466953,0
0.476758,0.0159131,1,0.0751035,0
0.477008,-0.338222,1,-0.417084,0
0.477258,-0.609533,1,-0.805977,0
0.477508,-0.680019,1,-0.971209,0
0.477758,-0.53522,1,-0.858985,0
0.478008,-0.268422,1,-0.583321,0
0.478258,-0.0157664,-0.84252,-0.264822,0
0.478508,0.131644,-1,-0.0150017,0
0.478758,0.177516,-1,0.154988,0
0.479008,0.199383,-1,0.310878,0
0.479258,0.274446,-1,0.49721,0
0.479508,0.408711,-1,0.684366,0
0.479758,0.522558,-1,0.8101,0
0.480008,0.50487,-1,0.760432,0
0.480258,0.297343,1,0.477396,0
0.480508,-0.0519154,1,0.0165474,0
0.480758,-0.405551,1,-0.460454,0
0.481008,-0.615969,1,-0.796137,0
0.481258,-0.613033,1,-0.884836,0
0.481508,-0.440385,1,-0.751325,0
0.481759,-0.217184,1,-0.518631,0
0.482009,-0.0539248,0.015748,-0.296473,0
0.482259,0.0183164,-1,-0.130095,0
0.482509,0.055505,-1,0.0340683,0
0.482759,0.142366,-1,0.257713,0
0.483009,0.312895,-1,0.541382,0
0.483259,0.509983,-1,0.806226,0
0.483509,0.614828,-1,0.930444,0
0.483759,0.528343,-1,0.817856,0
0.484009,0.245837,1,0.46247,0
0.484259,-0.128175,1,-0.0254034,0
0.484509,-0.438174,1,-0.46161,0
0.484759,-0.569578,1,-0.725735,0
0.485009,-0.512593,1,-0.765653,0
0.485259,-0.354775,1,-0.659797,0
0.485509,-0.210572,1,-0.514884,0
0.485759,-0.139248,0.771654,-0.387778,0
0.486009,-0.109952,-1,-0.272109,0
0.486259,-0.0377363,-1,-0.0796418,0
0.486509,0.137809,-1,0.226966,0
0.486759,0.390163,-1,0.608968,0
0.487009,0.608191,-1,0.908665,0
0.487259,0.663522,-1,0.995165,0
0.487509,0.497808,-1,0.817833,0
0.487759,0.167527,1,0.418214,0
0.488009,-0.185735,1,-0.0435343,0
0.488259,-0.420484,1,-0.412511,0
0.488509,-0.477432,1,-0.60151,0
0.488759,-0.40357,1,-0.626752,0
0.489009,-0.303509,1,-0.594,0
0.489259,-0.255945,1,-0.549947,0
0.489509,-0.25605,1,-0.513171,0
0.489759,-0.225745,-1,-0.40403,0
0.490009,-0.0824614,-1,-0.145248,0
0.490259,0.183719,-1,0.244752,0
0.490509,0.483882,-1,0.675703,0
0.490759,0.676692,-1,0.956374,0
0.491009,0.656882,-1,0.975855,0
0.491259,0.424992,-1,0.726937,0
0.491509,0.0892914,1,0.338192,0
0.491759,-0.201653,1,-0.0546539,0
0.492009,-0.350022,1,-0.332943,0
0.492259,-0.359546,1,-0.466411,0
0.492509,-0.314296,1,-0.524234,0
0.492759,-0.303119,1,-0.568829,0
0.493009,-0.346243,1,-0.626761,0
0.493259,-0.378775,1,-0.623469,0
0.493509,-0.303036,-1,-0.464348,0
0.493759,-0.0709668,-1,-0.129367,0
0.494009,0.263866,-1,0.328128,0
0.494259,0.565557,-1,0.753546,0
0.494509,0.695257,-1,0.969527,0
0.494759,0.597555,-1,0.902891,0
0.495009,0.333687,-1,0.631357,0
0.495259,0.0392799,0.409449,0.274932,0
0.495509,-0.163756,1,-0.0322631,0
0.495759,-0.239283,1,-0.224258,0
0.496009,-0.244257,1,-0.359652,0
0.496259,-0.2689,1,-0.493444,0
0.496509,-0.356256,1,-0.648592,0
0.496759,-0.460797,1,-0.757275,0
0.497009,-0.478264,1,-0.743628,0
0.497259,-0.325249,-1,-0.510871,0
0.497509,-0.0111261,-1,-0.0907126,0
0.497759,0.351709,-1,0.406518,0
0.498009,0.6088,-1,0.790204,0
0.498259,0.656653,-1,0.929337,0
0.498509,0.502846,-1,0.817774,0
0.498759,0.253593,-1,0.561106,0
0.499009,0.0382427,-0.385827,0.284412,0
0.499259,-0.0749014,1,0.0764796,0
0.499509,-0.112943,1,-0.0794119,0
0.499759,-0.160452,1,-0.263188,0
0.500009,-0.279796,1,-0.501523,0.561632
0.500259,-0.449949,1,-0.75774,0.561632
0.500509,-0.570542,1,-0.899858,0.561632
0.500759,-0.530156,1,-0.838296,0.561632
0.501009,-0.290305,-1,-0.527092,0.561632
0.501259,0.0752477,-1,-0.0496912,0.561632
0.501509,0.416793,-1,0.421358,0.561632
0.501759,0.596705,-1,0.735098,0.561632
0.502009,0.569744,-1,0.817041,0.561632
0.502259,0.401224,-1,0.700108,0.561632
0.502509,0.212468,-1,0.518003,0.561632
0.502759,0.0934813,-1,0.357827,0.561632
0.503009,0.0464348,1,0.224561,0.561632
0.503259,-0.00188033,1,0.0574838,0.561632
0.503509,-0.129252,1,-0.201115,0.561632
0.503759,-0.343043,1,-0.54339,0.561632
0.504009,-0.558022,1,-0.848301,0.561632
0.504259,-0.645867,1,-0.975632,0.561632
0.504509,-0.522772,1,-0.844784,0.561632
0.504759,-0.213009,-1,-0.466119,0.561632
0.505009,0.15731,-1,-0.00137215,0.561632
0.505259,0.434487,-1,0.413578,0.561632
0.505509,0.528241,-1,0.637762,0.561632
0.505759,0.457895,-1,0.668073,0.561632
0.506009,0.323835,-1,0.600755,0.561632
0.506259,0.22685,-1,0.513925,0.561632
0.506509,0.195112,-1,0.447488,0.561632
0.506759,0.170942,1,0.344759,0.561632
0.507009,0.0660131,1,0.128472,0.561632
0.507259,-0.157229,1,-0.216593,0.561632
0.507509,-0.439306,1,-0.621291,0.561632
0.507759,-0.649174,1,-0.918448,0.561632
0.508009,-0.665969,1,-0.978006,0.561632
0.508259,-0.460785,1,-0.753298,0.561632
0.508509,-0.120171,-1,-0.358682,0.561632
0.508759,0.205411,-1,0.0658997,0.561632
0.509009,0.393692,-1,0.380602,0.561632
0.509259,0.419153,-1,0.529625,0.561632
0.509509,0.352781,-1,0.561567,0.561632
0.509759,0.295591,-1,0.562031,0.561632
0.510009,0.29719,-1,0.564611,0.561632
0.510259,0.318592,-1,0.553436,0.561632
0.510509,0.266638,1,0.418499,0.561632
0.510759,0.0742581,1,0.124349,0.561632
0.511009,-0.233556,1,-0.309649,0.561632
0.511259,-0.538199,1,-0.725713,0.561632
0.511509,-0.695228,1,-0.9748,0.561632
0.511759,-0.625254,1,-0.930428,0.561632
0.512008,-0.365385,1,-0.655206,0.561632
0.512258,-0.0446648,-0.929134,-0.275193,0.561632
0.512508,0.198542,-1,0.0669103,0.561632
0.512758,0.300394,-1,0.295844,0.561632
0.513008,0.298368,-1,0.421715,0.561632
0.513258,0.285437,-1,0.511356,0.561632
0.513508,0.327521,-1,0.60781,0.561632
0.513758,0.406516,-1,0.686912,0.561632
0.514008,0.431112,-1,0.668595,0.561632
0.514258,0.308441,1,0.464223,0.561632
0.514508,0.0234994,1,0.0722043,0.561632
0.514758,-0.332168,1,-0.409764,0.561632
0.515008,-0.606998,1,-0.805568,0.561632
0.515258,-0.680429,1,-0.958769,0.561632
0.515508,-0.536437,1,-0.854209,0.561632
0.515758,-0.268745,1,-0.570708,0.561632
0.516008,-0.0151855,-0.267717,-0.254497,0.561632
0.516258,0.132218,-1,-0.00778388,0.561632
0.516508,0.177708,-1,0.170483,0.561632
0.516758,0.200006,-1,0.318133,0.561632
0.517008,0.276657,-1,0.505719,0.561632
0.517258,0.412082,-1,0.713311,0.561632
0.517508,0.524332,-1,0.842017,0.561632
0.517758,0.50122,-1,0.778778,0.561632
0.518008,0.286533,1,0.485784,0.561632
0.518258,-0.0671851,1,0.0204106,0.561632
0.518508,-0.418861,1,-0.458896,0.561632
0.518758,-0.620872,1,-0.789548,0.561632
0.519008,-0.607322,1,-0.874711,0.561632
0.519258,-0.42776,1,-0.743903,0.561632
0.519508,-0.204679,1,-0.513533,0.561632
0.519758,-0.0466383,0.228346,-0.304518,0.561632
0.520008,0.0210629,-1,-0.139859,0.561632
0.520258,0.0593331,-1,0.0215458,0.561632
0.520508,0.152751,-1,0.245937,0.561632
0.520758,0.329427,-1,0.547534,0.561632
0.521008,0.524412,-1,0.81936,0.561632
0.521258,0.615754,-1,0.935085,0.561632
0.521508,0.509128,-1,0.805917,0.561632
0.521758,0.210599,1,0.43625,0.561632
0.522008,-0.165525,1,-0.0411989,0.561632
0.522258,-0.461871,1,-0.47409,0.561632
0.522508,-0.571592,1,-0.715698,0.561632
0.522758,-0.49729,1,-0.7366,0.561632
0.523008,-0.334908,1,-0.623907,0.561632
0.523258,-0.197582,1,-0.488982,0.561632
0.523508,-0.134648,0.622047,-0.381939,0.561632
0.523758,-0.104811,-1,-0.271248,0.561632
0.524008,-0.020404,-1,-0.0689237,0.561632
0.524258,0.170352,-1,0.253523,0.561632
0.524508,0.42703,-1,0.630166,0.561632
0.524758,0.629244,-1,0.912233,0.561632
0.525008,0.652465,-1,0.966279,0.561632
0.525258,0.453902,-1,0.746206,0.561632
0.525508,0.107986,1,0.341406,0.561632
0.525757,-0.23559,1,-0.102924,0.561632
0.526007,-0.442543,1,-0.443088,0.561632
0.526257,-0.471359,1,-0.601447,0.561632
0.526507,-0.384639,1,-0.615493,0.561632
0.526757,-0.289842,1,-0.564973,0.561632
0.527007,-0.25398,1,-0.537016,0.561632
0.527257,-0.255623,0.874016,-0.500887,0.561632
0.527507,-0.208391,-1,-0.365844,0.561632
0.527757,-0.037934,-1,-0.0857966,0.561632
0.528007,0.246057,-1,0.324568,0.561632
0.528257,0.537086,-1,0.736875,0.561632
0.528507,0.692031,-1,0.975353,0.561632
0.528757,0.62261,-1,0.936553,0.561632
0.529007,0.355099,-1,0.6537,0.561632
0.529257,0.0156545,1,0.248294,0.561632
0.529507,-0.249546,1,-0.118652,0.561632
0.529757,-0.362343,1,-0.360638,0.561632
0.530007,-0.349914,1,-0.475123,0.561632
0.530257,-0.306235,1,-0.526908,0.561632
0.530507,-0.309859,1,-0.583981,0.561632
0.530757,-0.359163,1,-0.646479,0.561632
0.531007,-0.373283,1,-0.617446,0.561632
0.531257,-0.258212,-1,-0.418995,0.561632
0.531507,0.0109019,-1,-0.0394984,0.561632
0.531757,0.353447,-1,0.429663,0.561632
0.532007,0.621692,-1,0.813402,0.561632
0.532257,0.690602,-1,0.977896,0.561632
0.532507,0.535927,-1,0.856934,0.561632
0.532757,0.247606,-1,0.55337,0.561632
0.533007,-0.0315507,1,0.211925,0.561632
0.533257,-0.197655,1,-0.0568083,0.561632
0.533507,-0.243861,1,-0.233032,0.561632
0.533757,-0.246003,1,-0.362557,0.561632
0.534007,-0.289013,1,-0.504764,0.561632
0.534257,-0.390744,1,-0.661883,0.561632
0.534507,-0.480678,1,-0.75791,0.561632
0.534757,-0.450329,1,-0.688363,0.561632
0.535007,-0.239005,-1,-0.407287,0.561632
0.535257,0.108166,-1,0.0513286,0.561632
0.535507,0.454252,-1,0.529484,0.561632
0.535757,0.649928,-1,0.838405,0.561632
0.536007,0.623788,-1,0.901544,0.561632
0.536257,0.422032,-1,0.737804,0.561632
0.536507,0.170388,-1,0.468153,0.561632
0.536757,-0.013242,1,0.224406,0.561632
0.537007,-0.0929945,1,0.0464383,0.561632
0.537257,-0.124268,1,-0.113168,0.561632
0.537507,-0.194145,1,-0.306687,0.561632
0.537757,-0.339928,1,-0.555757,0.561632
0.538007,-0.506748,1,-0.780305,0.561632
0.538257,-0.578659,1,-0.858724,0.561632
0.538507,-0.461595,1,-0.702654,0.561632
0.538757,-0.15854,-1,-0.319283,0.561632
0.539007,0.218568,-1,0.16976,0.561632
0.539257,0.511234,-1,0.580705,0.561632
0.539506,0.609306,-1,0.806594,0.561632
0.539756,0.513133,-1,0.795048,0.561632
0.540006,0.321016,-1,0.633278,0.561632
0.540256,0.1533,-1,0.450815,0.561632
0.540506,0.0684954,1,0.307972,0.561632
0.540756,0.031817,1,0.171609,0.561632
0.541006,-0.0431119,1,-0.0366685,0.561632
0.541256,-0.212366,1,-0.330862,0.561632
0.541506,-0.442334,1,-0.663592,0.561632
0.541756,-0.618508,1,-0.889138,0.561632
0.542006,-0.619442,1,-0.897842,0.561632
0.542256,-0.403499,1,-0.639308,0.561632
0.542506,-0.0460407,-1,-0.206928,0.561632
0.542756,0.301144,-1,0.248224,0.561632
0.543006,0.501207,-1,0.573784,0.561632
0.543256,0.511421,-1,0.704285,0.561632
0.543506,0.396736,-1,0.681715,0.561632
0.543756,0.270066,-1,0.586472,0.561632
0.544006,0.205664,-1,0.505468,0.561632
0.544256,0.188331,1,0.429779,0.561632
0.544506,0.135071,1,0.266511,0.561632
0.544756,-0.0285063,1,-0.0141495,0.561632
0.545006,-0.294711,1,-0.417614,0.561632
0.545256,-0.560447,1,-0.783678,0.561632
0.545506,-0.686251,1,-0.960328,0.561632
0.545756,-0.588043,1,-0.86455,0.561632
0.546006,-0.296831,1,-0.532965,0.561632
0.546256,0.0568498,-1,-0.109313,0.561632
0.546506,0.323435,-1,0.267801,0.561632
0.546756,0.42444,-1,0.50156,0.561632
0.547006,0.389244,-1,0.580031,0.561632
0.547256,0.316419,-1,0.60121,0.561632
0.547506,0.28961,-1,0.60391,0.561632
0.547756,0.311744,-1,0.610821,0.561632
0.548006,0.305625,1,0.54443,0.561632
0.548256,0.180515,1,0.316535,0.561632
0.548506,-0.0859111,1,-0.077004,0.561632
0.548756,-0.411779,1,-0.527145,0.561632
0.549006,-0.651226,1,-0.868078,0.561632
0.549256,-0.684409,1,-0.956074,0.561632
0.549506,-0.494986,1,-0.772905,0.561632
0.549756,-0.180679,1,-0.423818,0.561632
0.550006,0.110611,-1,-0.0526478,0.561632
0.550256,0.274264,-1,0.217379,0.561632
0.550506,0.306254,-1,0.382096,0.561632
0.550756,0.286385,-1,0.477576,0.561632
0.551006,0.302631,-1,0.580139,0.561632
0.551256,0.374839,-1,0.685655,0.561632
0.551506,0.434732,-1,0.736583,0.561632
0.551756,0.378207,1,0.616266,0.561632
0.552006,0.151205,1,0.292735,0.561632
0.552256,-0.194765,1,-0.188086,0.561632
0.552506,-0.520321,1,-0.640442,0.561632
0.552756,-0.679988,1,-0.897355,0.561632
0.553006,-0.612069,1,-0.883169,0.561632
0.553255,-0.373951,1,-0.657203,0.561632
0.553505,-0.0991154,1,-0.335561,0.561632
0.553755,0.092828,-1,-0.0722095,0.561632
0.554005,0.168988,-1,0.118505,0.561632
0.554255,0.188907,-1,0.265663,0.561632
0.554505,0.241295,-1,0.43387,0.561632
0.554755,0.362167,-1,0.64245,0.561632
0.555005,0.495839,-1,0.808998,0.561632
0.555255,0.529683,-1,0.826783,0.561632
0.555505,0.378594,1,0.611973,0.561632
0.555755,0.0571017,1,0.193811,0.561632
0.556005,-0.314693,1,-0.300025,0.561632
0.556255,-0.578696,1,-0.698509,0.561632
0.556505,-0.634097,1,-0.853947,0.561632
0.556755,-0.494905,1,-0.77197,0.561632
0.557005,-0.270376,1,-0.55276,0.561632
0.557255,-0.0843212,1,-0.324274,0.561632
0.557505,0.00783893,-1,-0.151435,0.561632
0.557755,0.045632,-1,-0.00809722,0.561632
0.558005,0.116495,-1,0.18475,0.561632
0.558255,0.272331,-1,0.462232,0.561632
0.558505,0.474208,-1,0.753724,0.561632
0.558755,0.607596,-1,0.918155,0.561632
0.559005,0.559971,-1,0.857003,0.561632
0.559255,0.305205,1,0.545877,0.561632
0.559505,-0.0669933,1,0.0674734,0.561632
0.559755,-0.399748,1,-0.388451,0.561632
0.560005,-0.563116,1,-0.677061,0.561632
0.560255,-0.529235,1,-0.749799,0.561632
0.560505,-0.376803,1,-0.646994,0.561632
0.560755,-0.224613,1,-0.505552,0.561632
0.561005,-0.143915,1,-0.382019,0.561632
0.561255,-0.113473,-1,-0.277742,0.561632
0.561505,-0.0488206,-1,-0.10029,0.561632
0.561755,0.118093,-1,0.195684,0.561632
0.562005,0.369428,-1,0.568311,0.561632
0.562255,0.596661,-1,0.872413,0.561632
0.562505,0.666503,-1,0.983495,0.561632
0.562755,0.512147,-1,0.808741,0.561632
0.563005,0.184557,1,0.421404,0.561632
0.563255,-0.173777,1,-0.0376847,0.561632
0.563505,-0.416046,1,-0.405298,0.561632
0.563755,-0.47789,1,-0.591936,0.561632
0.564005,-0.404875,1,-0.619961,0.561632
0.564255,-0.30385,1,-0.575014,0.561632
0.564505,-0.255898,1,-0.534003,0.561632
0.564755,-0.256114,1,-0.493824,0.561632
0.565005,-0.224105,-1,-0.389721,0.561632
0.565255,-0.0761952,-1,-0.1252,0.561632
0.565505,0.195252,-1,0.270086,0.561632
0.565755,0.496235,-1,0.689788,0.561632
0.566005,0.681623,-1,0.965752,0.561632
0.566255,0.647863,-1,0.95914,0.561632
0.566505,0.402743,-1,0.703674,0.561632
0.566755,0.0626657,0.905512,0.300452,0.561632
0.567005,-0.221169,1,-0.0846136,0.561632
0.567254,-0.356051,1,-0.341078,0.561632
0.567504,-0.355575,1,-0.469432,0.561632
0.567754,-0.310147,1,-0.531852,0.561632
0.568004,-0.306056,1,-0.587186,0.561632
0.568254,-0.353161,1,-0.637102,0.561632
0.568504,-0.376764,1,-0.624728,0.561632
0.568754,-0.278711,-1,-0.448485,0.561632
0.569004,-0.0229357,-1,-0.0821909,0.561632
0.569254,0.319734,-1,0.385104,0.561632
0.569504,0.603131,-1,0.79924,0.561632
0.569754,0.694149,-1,0.974868,0.561632
0.570004,0.556814,-1,0.868121,0.561632
0.570254,0.273389,-1,0.57412,0.561632
0.570504,-0.012676,0.811024,0.22364,0.561632
0.570754,-0.189869,1,-0.0452257,0.561632
0.571004,-0.243203,1,-0.232584,0.561632
0.571254,-0.245336,1,-0.359431,0.561632
0.571504,-0.284328,1,-0.50112,0.561632
0.571754,-0.384122,1,-0.656915,0.561632
0.572004,-0.477963,1,-0.768512,0.561632
0.572254,-0.456022,1,-0.70539,0.561632
0.572504,-0.25239,-1,-0.421184,0.561632
0.572754,0.0926647,-1,0.0314457,0.561632
0.573004,0.443312,-1,0.509728,0.561632
0.573254,0.646961,-1,0.830008,0.561632
0.573504,0.627477,-1,0.901168,0.561632
0.573754,0.428157,-1,0.742301,0.561632
0.574004,0.175094,-1,0.476907,0.561632
0.574254,-0.0111467,0.905512,0.227051,0.561632
0.574504,-0.0925032,1,0.0475681,0.561632
0.574754,-0.12394,1,-0.105174,0.561632
0.575004,-0.193815,1,-0.307954,0.561632
0.575254,-0.340107,1,-0.552503,0.561632
0.575504,-0.507465,1,-0.779411,0.561632
0.575754,-0.578526,1,-0.855486,0.561632
0.576004,-0.45858,1,-0.695556,0.561632
0.576254,-0.152047,-1,-0.314256,0.561632
0.576504,0.226478,-1,0.172143,0.561632
0.576754,0.516555,-1,0.587357,0.561632
0.577004,0.608968,-1,0.794528,0.561632
0.577254,0.507346,-1,0.780102,0.561632
0.577504,0.313364,-1,0.627498,0.561632
0.577754,0.147853,-1,0.44055,0.561632
0.578004,0.0662377,1,0.29857,0.561632
0.578254,0.0296555,1,0.167409,0.561632
0.578504,-0.0498901,1,-0.0335464,0.561632
0.578754,-0.225342,1,-0.345091,0.561632
0.579004,-0.456741,1,-0.670727,0.561632
0.579254,-0.62524,1,-0.898296,0.561632
0.579504,-0.610804,1,-0.889512,0.561632
0.579754,-0.379346,1,-0.617349,0.561632
0.580004,-0.0153038,-1,-0.168567,0.561632
0.580254,0.325343,-1,0.278727,0.561632
0.580504,0.509552,-1,0.584281,0.561632
0.580754,0.504295,-1,0.698009,0.561632
0.581003,0.383057,-1,0.664768,0.561632
0.581253,0.260094,-1,0.573175,0.561632
0.581503,0.202694,-1,0.503219,0.561632
0.581753,0.185982,1,0.418746,0.561632
0.582003,0.122712,1,0.255042,0.561632
0.582253,-0.0560456,1,-0.044915,0.561632
0.582503,-0.330401,1,-0.452044,0.561632
0.582753,-0.586986,1,-0.807124,0.561632
0.583003,-0.686729,1,-0.959852,0.561632
0.583253,-0.557599,1,-0.843054,0.561632
0.583503,-0.247284,1,-0.487466,0.561632
0.583753,0.103764,-1,-0.0519483,0.561632
0.584003,0.349391,-1,0.296701,0.561632
0.584253,0.425807,-1,0.498169,0.561632
0.584503,0.377529,-1,0.574028,0.561632
0.584753,0.307739,-1,0.590901,0.561632
0.585003,0.291193,-1,0.60729,0.561632
0.585253,0.315482,-1,0.620338,0.561632
0.585503,0.294282,1,0.534938,0.561632
0.585753,0.142401,1,0.279201,0.561632
0.586003,-0.144782,1,-0.135508,0.561632
0.586253,-0.467537,1,-0.586407,0.561632
0.586503,-0.675738,1,-0.897799,0.561632
0.586753,-0.663265,1,-0.934393,0.561632
0.587003,-0.437718,1,-0.716294,0.561632
0.587253,-0.114939,1,-0.353729,0.561632
0.587503,0.156911,-1,-0.00880853,0.561632
0.587753,0.29021,-1,0.238749,0.561632
0.588003,0.302816,-1,0.376583,0.561632
0.588253,0.284721,-1,0.47804,0.561632
0.588503,0.315176,-1,0.596482,0.561632
0.588753,0.393411,-1,0.708098,0.561632
0.589003,0.435368,-1,0.731458,0.561632
0.589253,0.339717,1,0.575565,0.561632
0.589503,0.074226,1,0.213127,0.561632
0.589753,-0.282844,1,-0.265873,0.561632
0.590003,-0.580112,1,-0.702004,0.561632
0.590253,-0.684018,1,-0.899505,0.561632
0.590503,-0.562208,1,-0.834269,0.561632
0.590753,-0.299472,1,-0.581416,0.561632
0.591003,-0.0365292,1,-0.276779,0.561632
0.591253,0.123826,-1,-0.0358837,0.561632
0.591503,0.176176,-1,0.127138,0.561632
0.591753,0.197109,-1,0.268355,0.561632
0.592003,0.269331,-1,0.462891,0.561632
0.592253,0.403833,-1,0.686079,0.561632
0.592503,0.521157,-1,0.839904,0.561632
0.592753,0.505832,-1,0.801478,0.561632
0.593003,0.296134,1,0.533048,0.561632
0.593253,-0.0582658,1,0.0824879,0.561632
0.593503,-0.414401,1,-0.406453,0.561632
0.593753,-0.620223,1,-0.742623,0.561632
0.594003,-0.607136,1,-0.826609,0.561632
0.594253,-0.425453,1,-0.698213,0.561632
0.594503,-0.200893,1,-0.481279,0.561632
0.594752,-0.043719,1,-0.285129,0.561632
0.595002,0.022428,-1,-0.134471,0.561632
0.595252,0.0618362,-1,0.0113721,0.561632
0.595502,0.160147,-1,0.234451,0.561632
0.595752,0.341923,-1,0.536392,0.561632
0.596002,0.535574,-1,0.810661,0.561632
0.596252,0.615229,-1,0.928525,0.561632
0.596502,0.489879,-1,0.789845,0.561632
0.596752,0.175772,1,0.407612,0.561632
0.597002,-0.202485,1,-0.0705995,0.561632
0.597252,-0.484457,1,-0.476318,0.561632
0.597502,-0.571118,1,-0.686313,0.561632
0.597752,-0.478644,1,-0.697973,0.561632
0.598002,-0.312481,1,-0.59017,0.561632
0.598252,-0.183828,1,-0.467237,0.561632
0.598502,-0.129989,0.874016,-0.367827,0.561632
0.598752,-0.0970051,-1,-0.259266,0.561632
0.599002,0.00457358,-1,-0.0473806,0.561632
0.599252,0.214429,-1,0.287737,0.561632
0.599502,0.473529,-1,0.663272,0.561632
0.599752,0.650915,-1,0.925367,0.561632
0.600002,0.629068,-1,0.93832,0.571723
0.600252,0.387946,-1,0.678582,0.571723
0.600502,0.0258803,1,0.253783,0.571723
0.600752,-0.298819,1,-0.1708,0.571723
0.601002,-0.464791,1,-0.461565,0.571723
0.601252,-0.45655,1,-0.577882,0.571723
0.601502,-0.357187,1,-0.574648,0.571723
0.601752,-0.273861,1,-0.549508,0.571723
0.602002,-0.253742,1,-0.53716,0.571723
0.602252,-0.251495,0.125984,-0.48984,0.571723
0.602502,-0.173308,-1,-0.335946,0.571723
0.602752,0.0381532,-1,-0.0105935,0.571723
0.603002,0.341275,-1,0.409893,0.571723
0.603252,0.606683,-1,0.792208,0.571723
0.603502,0.695377,-1,0.945826,0.571723
0.603752,0.551058,-1,0.829828,0.571723
0.604002,0.239777,-1,0.498497,0.571723
0.604252,-0.091397,1,0.101009,0.571723
0.604502,-0.308137,1,-0.218863,0.571723
0.604752,-0.368083,1,-0.396166,0.571723
0.605002,-0.331832,1,-0.479331,0.571723
0.605252,-0.30002,1,-0.535576,0.571723
0.605502,-0.32689,1,-0.599848,0.571723
0.605752,-0.374955,1,-0.65035,0.571723
0.606002,-0.345647,-0.708661,-0.569702,0.571723
0.606252,-0.162563,-1,-0.294425,0.571723
0.606502,0.15538,-1,0.134097,0.571723
0.606752,0.487767,-1,0.590593,0.571723
0.607002,0.681044,-1,0.874557,0.571723
0.607252,0.645515,-1,0.898031,0.571723
0.607502,0.411838,-1,0.673896,0.571723
0.607752,0.107901,-1,0.326685,0.571723
0.608002,-0.127537,1,0.0187594,0.571723
0.608252,-0.23161,1,-0.181443,0.571723
0.608501,-0.244375,1,-0.315269,0.571723
0.608751,-0.259165,1,-0.444416,0.571723
0.609001,-0.33611,1,-0.608182,0.571723
0.609251,-0.445727,1,-0.747792,0.571723
0.609501,-0.485667,1,-0.77258,0.571723
0.609751,-0.359726,-1,-0.583241,0.571723
0.610001,-0.0599989,-1,-0.185278,0.571723
0.610251,0.30967,-1,0.313071,0.571723
0.610501,0.589594,-1,0.713697,0.571723
0.610751,0.661937,-1,0.880615,0.571723
0.611001,0.521645,-1,0.792412,0.571723
0.611251,0.272031,-1,0.552313,0.571723
0.611501,0.0485477,-1,0.277311,0.571723
0.611751,-0.0717647,1,0.0819933,0.571723
0.612001,-0.111967,1,-0.0681791,0.571723
0.612251,-0.158733,1,-0.242878,0.571723
0.612501,-0.278268,1,-0.481171,0.571723
0.612751,-0.450417,1,-0.739889,0.571723
0.613001,-0.571385,1,-0.892523,0.571723
0.613251,-0.526029,1,-0.833707,0.571723
0.613501,-0.276955,-1,-0.516531,0.571723
0.613751,0.0956327,-1,-0.0340348,0.571723
0.614001,0.434909,-1,0.425139,0.571723
0.614251,0.601899,-1,0.731634,0.571723
0.614501,0.558477,-1,0.781867,0.571723
0.614751,0.380285,-1,0.665206,0.571723
0.615001,0.193946,-1,0.484769,0.571723
0.615251,0.0843612,-1,0.33125,0.571723
0.615501,0.0418254,1,0.211279,0.571723
0.615751,-0.0151684,1,0.0376782,0.571723
0.616001,-0.160467,1,-0.229877,0.571723
0.616251,-0.385538,1,-0.58624,0.571723
0.616501,-0.588795,1,-0.875727,0.571723
0.616751,-0.638732,1,-0.95938,0.571723
0.617001,-0.467695,1,-0.775121,0.571723
0.617251,-0.126643,-1,-0.371601,0.571723
0.617501,0.238856,-1,0.0968658,0.571723
0.617751,0.477346,-1,0.465042,0.571723
0.618001,0.522105,-1,0.639401,0.571723
0.618251,0.421319,-1,0.64125,0.571723
0.618501,0.288225,-1,0.562938,0.571723
0.618751,0.21138,-1,0.489461,0.571723
0.619001,0.190949,-1,0.431947,0.571723
0.619251,0.148573,1,0.311736,0.571723
0.619501,0.00121231,1,0.0621785,0.571723
0.619751,-0.257762,1,-0.324701,0.571723
0.620001,-0.533497,1,-0.724861,0.571723
0.620251,-0.682697,1,-0.961085,0.571723
0.620501,-0.608533,1,-0.923594,0.571723
0.620751,-0.329466,1,-0.62896,0.571723
0.621001,0.0279655,-1,-0.210752,0.571723
0.621251,0.308329,-1,0.166792,0.571723
0.621501,0.422728,-1,0.414446,0.571723
0.621751,0.393575,-1,0.509297,0.571723
0.622001,0.319537,-1,0.537417,0.571723
0.62225,0.289441,-1,0.560453,0.571723
0.6225,0.310785,-1,0.591565,0.571723
0.62275,0.307053,-0.330709,0.547414,0.571723
0.623,0.184241,1,0.34211,0.571723
0.62325,-0.0826151,1,-0.0340656,0.571723
0.6235,-0.411206,1,-0.481802,0.571723
0.62375,-0.652211,1,-0.830579,0.571723
0.624,-0.683088,1,-0.939594,0.571723
0.62425,-0.488492,1,-0.77345,0.571723
0.6245,-0.17028,1,-0.429131,0.571723
0.62475,0.120013,-1,-0.0817886,0.571723
0.625,0.278441,-1,0.174676,0.571723
0.62525,0.305554,-1,0.319495,0.571723
0.6255,0.285634,-1,0.423459,0.571723
0.62575,0.306421,-1,0.531419,0.571723
0.626,0.381624,-1,0.660639,0.571723
0.62625,0.435829,-1,0.707197,0.571723
0.6265,0.363397,0.826772,0.58554,0.571723
0.62675,0.117768,1,0.251288,0.571723
0.627,-0.236643,1,-0.212664,0.571723
0.62725,-0.551531,1,-0.640188,0.571723
0.6275,-0.684002,1,-0.866104,0.571723
0.62775,-0.586156,1,-0.826144,0.571723
0.628,-0.331635,1,-0.57784,0.571723
0.62825,-0.0611587,1,-0.268909,0.571723
0.6285,0.112856,-1,-0.0300105,0.571723
0.62875,0.17392,-1,0.133824,0.571723
0.629,0.193854,-1,0.270289,0.571723
0.62925,0.259577,-1,0.450867,0.571723
0.6295,0.391127,-1,0.654284,0.571723
0.62975,0.514987,-1,0.815522,0.571723
0.63,0.513944,-1,0.789008,0.571723
0.63025,0.318113,1,0.525551,0.571723
0.6305,-0.0310898,1,0.0854317,0.571723
0.63075,-0.393905,1,-0.403102,0.571723
0.631,-0.61369,1,-0.749512,0.571723
0.63125,-0.613513,1,-0.837695,0.571723
0.6315,-0.437572,1,-0.718325,0.571723
0.63175,-0.211091,1,-0.485921,0.571723
0.632,-0.0486937,1,-0.283809,0.571723
0.63225,0.0208279,-1,-0.130255,0.571723
0.6325,0.0596459,-1,0.0266749,0.571723
0.63275,0.155428,-1,0.250484,0.571723
0.633,0.335951,-1,0.544979,0.571723
0.63325,0.531684,-1,0.823474,0.571723
0.6335,0.615496,-1,0.941635,0.571723
0.63375,0.493665,-1,0.800348,0.571723
0.634,0.180229,1,0.421205,0.571723
0.63425,-0.199637,1,-0.0635708,0.571723
0.6345,-0.483633,1,-0.478221,0.571723
0.63475,-0.571128,1,-0.697708,0.571723
0.635,-0.477998,1,-0.70755,0.571723
0.63525,-0.311112,1,-0.600747,0.571723
0.6355,-0.182697,1,-0.470893,0.571723
0.63575,-0.129491,1,-0.382015,0.571723
0.636,-0.0957949,-1,-0.265973,0.571723
0.636249,0.00850886,-1,-0.0506206,0.571723
0.636499,0.221807,-1,0.290699,0.571723
0.636749,0.481644,-1,0.678839,0.571723
0.636999,0.654206,-1,0.934034,0.571723
0.637249,0.623056,-1,0.949859,0.571723
0.637499,0.372757,-1,0.685654,0.571723
0.637749,0.00732599,1,0.251974,0.571723
0.637999,-0.312581,1,-0.171125,0.571723
0.638249,-0.468612,1,-0.452974,0.571723
0.638499,-0.451837,1,-0.56669,0.571723
0.638749,-0.350104,1,-0.563982,0.571723
0.638999,-0.270366,1,-0.54339,0.571723
0.639249,-0.253945,1,-0.534566,0.571723
0.639499,-0.249272,0.19685,-0.491769,0.571723
0.639749,-0.160844,-1,-0.328455,0.571723
0.639999,0.0624892,-1,0.00350689,0.571723
0.640249,0.369583,-1,0.431666,0.571723
0.640499,0.624624,-1,0.794304,0.571723
0.640749,0.691271,-1,0.936728,0.571723
0.640999,0.524195,-1,0.802805,0.571723
0.641249,0.201926,-1,0.458275,0.571723
0.641499,-0.123337,1,0.0727561,0.571723
0.641749,-0.322886,1,-0.2239,0.571723
0.641999,-0.366774,1,-0.381688,0.571723
0.642249,-0.325677,1,-0.463817,0.571723
0.642499,-0.300048,1,-0.525734,0.571723
0.642749,-0.333888,1,-0.598083,0.571723
0.642999,-0.377875,1,-0.63938,0.571723
0.643249,-0.329772,-1,-0.548058,0.571723
0.643499,-0.122573,-1,-0.254081,0.571723
0.643749,0.208261,-1,0.189249,0.571723
0.643999,0.530043,-1,0.627034,0.571723
0.644249,0.691394,-1,0.881911,0.571723
0.644499,0.618479,-1,0.851096,0.571723
0.644749,0.361888,-1,0.596752,0.571723
0.644999,0.0596628,-1,0.262562,0.571723
0.645249,-0.155349,1,-0.0301781,0.571723
0.645499,-0.238187,1,-0.207673,0.571723
0.645749,-0.244225,1,-0.334504,0.571723
0.645999,-0.268376,1,-0.465723,0.571723
0.646249,-0.357109,1,-0.626197,0.571723
0.646499,-0.46271,1,-0.758598,0.571723
0.646749,-0.47564,1,-0.755156,0.571723
0.646999,-0.31069,-1,-0.519856,0.571723
0.647249,0.0163642,-1,-0.0944862,0.571723
0.647499,0.381923,-1,0.396835,0.571723
0.647749,0.625059,-1,0.763568,0.571723
0.647999,0.646977,-1,0.888338,0.571723
0.648249,0.469988,-1,0.756743,0.571723
0.648499,0.214187,-1,0.49558,0.571723
0.648749,0.010473,-1,0.246094,0.571723
0.648999,-0.0857934,1,0.0650941,0.571723
0.649249,-0.119183,1,-0.0835783,0.571723
0.649499,-0.180408,1,-0.273341,0.571723
0.649749,-0.319408,1,-0.538764,0.571723
0.649998,-0.491176,1,-0.791903,0.571723
0.650248,-0.57908,1,-0.914387,0.571723
0.650498,-0.479122,1,-0.797381,0.571723
0.650748,-0.183846,-1,-0.424734,0.571723
0.650998,0.197845,-1,0.0618727,0.571723
0.651248,0.501904,-1,0.493098,0.571723
0.651498,0.609499,-1,0.738682,0.571723
0.651748,0.516333,-1,0.750868,0.571723
0.651998,0.322362,-1,0.609557,0.571723
0.652248,0.152541,-1,0.451456,0.571723
0.652498,0.0676357,-0.377953,0.321495,0.571723
0.652748,0.030532,1,0.206935,0.571723
0.652998,-0.0484056,1,0.0195311,0.571723
0.653248,-0.224557,1,-0.290695,0.571723
0.653498,-0.457852,1,-0.634962,0.571723
0.653748,-0.626448,1,-0.885633,0.571723
0.653998,-0.60803,1,-0.900632,0.571723
0.654248,-0.369747,1,-0.643145,0.571723
0.654498,-0.000819939,-1,-0.216094,0.571723
0.654748,0.338109,-1,0.224992,0.571723
0.654998,0.513922,-1,0.520042,0.571723
0.655248,0.498919,-1,0.623952,0.571723
0.655498,0.373061,-1,0.596696,0.571723
0.655748,0.252837,-1,0.519025,0.571723
0.655998,0.200617,-1,0.473239,0.571723
0.656248,0.183455,1,0.413509,0.571723
0.656498,0.109878,1,0.252179,0.571723
0.656748,-0.0838107,1,-0.0446221,0.571723
0.656998,-0.365488,1,-0.445437,0.571723
0.657248,-0.611379,1,-0.781833,0.571723
0.657498,-0.682735,1,-0.905853,0.571723
0.657748,-0.520776,1,-0.749242,0.571723
0.657998,-0.191418,1,-0.390575,0.571723
0.658248,0.154113,-1,0.0261711,0.571723
0.658498,0.374651,-1,0.339676,0.571723
0.658748,0.423674,-1,0.499991,0.571723
0.658998,0.362857,-1,0.554747,0.571723
0.659248,0.29928,-1,0.561561,0.571723
0.659498,0.294934,-1,0.583824,0.571723
0.659748,0.318302,-1,0.586814,0.571723
0.659998,0.273737,1,0.475651,0.571723
0.660248,0.0861711,1,0.185419,0.571723
0.660498,-0.223996,1,-0.249203,0.571723
0.660748,-0.535169,1,-0.683169,0.571723
0.660998,-0.695461,1,-0.932976,0.571723
0.661248,-0.621292,1,-0.897022,0.571723
0.661498,-0.35311,1,-0.625431,0.571723
0.661748,-0.0280721,1,-0.254883,0.571723
0.661998,0.210782,-1,0.0739554,0.571723
0.662248,0.303248,-1,0.278503,0.571723
0.662498,0.295902,-1,0.396007,0.571723
0.662748,0.287138,-1,0.503433,0.571723
0.662998,0.337883,-1,0.639489,0.571723
0.663248,0.416716,-1,0.755704,0.571723
0.663498,0.42214,-1,0.731864,0.571723
0.663747,0.265191,1,0.505564,0.571723
0.663997,-0.0491515,1,0.0862753,0.571723
0.664247,-0.406333,1,-0.409475,0.571723
0.664497,-0.645825,1,-0.773657,0.571723
0.664747,-0.661927,1,-0.900252,0.571723
0.664997,-0.469334,1,-0.760489,0.571723
0.665247,-0.187592,1,-0.483007,0.571723
0.665497,0.043499,-0.19685,-0.211152,0.571723
0.665747,0.155356,-1,-0.0174848,0.571723
0.665997,0.183112,-1,0.121548,0.571723
0.666247,0.219051,-1,0.286733,0.571723
0.666497,0.323601,-1,0.496934,0.571723
0.666747,0.465508,-1,0.710016,0.571723
0.666997,0.53658,-1,0.80793,0.571723
0.667247,0.432582,-1,0.684512,0.571723
0.667497,0.139596,1,0.324979,0.571723
0.667747,-0.23945,1,-0.143106,0.571723
0.667997,-0.540776,1,-0.563277,0.571723
0.668247,-0.640592,1,-0.78248,0.571723
0.668497,-0.529264,1,-0.754657,0.571723
0.668747,-0.307004,1,-0.573576,0.571723
0.668997,-0.106464,1,-0.374863,0.571723
0.669247,6.65055e-05,-1,-0.217291,0.571723
0.669497,0.0408371,-1,-0.0890162,0.571723
0.669747,0.10451,-1,0.091524,0.571723
0.669997,0.253305,-1,0.355463,0.571723
0.670247,0.45746,-1,0.644169,0.571723
0.670497,0.602855,-1,0.844945,0.571723
0.670747,0.569288,-1,0.816565,0.571723
0.670997,0.32167,-1,0.529729,0.571723
0.671247,-0.0529561,1,0.0736403,0.571723
0.671497,-0.393287,1,-0.363486,0.571723
0.671747,-0.562355,1,-0.65616,0.571723
0.671997,-0.529137,1,-0.733897,0.571723
0.672247,-0.374505,1,-0.653545,0.571723
0.672497,-0.221493,1,-0.523225,0.571723
0.672747,-0.142241,1,-0.419225,0.571723
0.672997,-0.111764,-1,-0.327562,0.571723
0.673247,-0.0416357,-1,-0.14792,0.571723
0.673497,0.13513,-1,0.147876,0.571723
0.673747,0.392632,-1,0.535868,0.571723
0.673997,0.612838,-1,0.851298,0.571723
0.674247,0.660388,-1,0.942666,0.571723
0.674497,0.477967,-1,0.76058,0.571723
0.674747,0.132885,0.125984,0.374093,0.571723
0.674997,-0.220882,1,-0.0653181,0.571723
0.675247,-0.438621,1,-0.401489,0.571723
0.675497,-0.472053,1,-0.561387,0.571723
0.675747,-0.384593,1,-0.573846,0.571723
0.675997,-0.288645,1,-0.545547,0.571723
0.676247,-0.253813,1,-0.538848,0.571723
0.676497,-0.255258,1,-0.512427,0.571723
0.676747,-0.201135,-1,-0.390426,0.571723
0.676997,-0.0174095,-1,-0.0991642,0.571723
0.677247,0.277626,-1,0.318201,0.571723
0.677496,0.56509,-1,0.724917,0.571723
0.677746,0.696465,-1,0.947367,0.571723
0.677996,0.592461,-1,0.87785,0.571723
0.678246,0.298603,-1,0.581788,0.571723
0.678496,-0.0429129,1,0.182463,0.571723
0.678746,-0.285359,1,-0.145252,0.571723
0.678996,-0.367583,1,-0.345029,0.571723
0.679246,-0.338592,1,-0.437971,0.571723
0.679496,-0.30111,1,-0.496303,0.571723
0.679746,-0.320944,1,-0.572809,0.571723
0.679996,-0.371407,1,-0.623299,0.571723
0.680246,-0.355081,1,-0.566701,0.571723
0.680496,-0.187,-1,-0.323688,0.571723
0.680746,0.124885,-1,0.0827191,0.571723
0.680996,0.46472,-1,0.540727,0.571723
0.681246,0.674505,-1,0.871319,0.571723
0.681496,0.654454,-1,0.927571,0.571723
0.681746,0.427618,-1,0.726272,0.571723
0.681996,0.121094,-1,0.40659,0.571723
0.682246,-0.121093,1,0.0946963,0.571723
0.682496,-0.230329,1,-0.11271,0.571723
0.682746,-0.244313,1,-0.254564,0.571723
0.682996,-0.258608,1,-0.394533,0.571723
0.683246,-0.33573,1,-0.569194,0.571723
0.683496,-0.446154,1,-0.72635,0.571723
0.683746,-0.485207,1,-0.767934,0.571723
0.683996,-0.35504,-0.0708661,-0.592764,0.571723
0.684246,-0.0494498,-1,-0.197939,0.571723
0.684496,0.32283,-1,0.280043,0.571723
0.684746,0.597934,-1,0.675697,0.571723
0.684996,0.659224,-1,0.844308,0.571723
0.685246,0.507819,-1,0.76175,0.571723
0.685496,0.253883,-1,0.532244,0.571723
0.685746,0.0349302,-1,0.285347,0.571723
0.685996,-0.0774515,1,0.104045,0.571723
0.686246,-0.114696,1,-0.0304108,0.571723
0.686496,-0.167301,1,-0.200971,0.571723
0.686746,-0.296304,1,-0.447387,0.571723
0.686996,-0.470264,1,-0.714251,0.571723
0.687246,-0.576761,1,-0.859041,0.571723
0.687496,-0.503356,1,-0.78333,0.571723
0.687746,-0.227113,-1,-0.447293,0.571723
0.687996,0.154211,-1,0.0164885,0.571723
0.688246,0.47619,-1,0.460568,0.571723
0.688496,0.608533,-1,0.714643,0.571723
0.688746,0.533004,-1,0.733028,0.571723
0.688996,0.342495,-1,0.591835,0.571723
0.689246,0.165388,-1,0.419302,0.571723
0.689496,0.0722581,-1,0.285855,0.571723
0.689746,0.0341542,1,0.17588,0.571723
0.689996,-0.0383068,1,0.000999238,0.571723
0.690246,-0.207249,1,-0.290315,0.571723
0.690496,-0.440699,1,-0.632459,0.571723
0.690746,-0.619479,1,-0.893748,0.571723
0.690996,-0.616486,1,-0.919996,0.571723
0.691245,-0.39013,1,-0.67478,0.571723
0.691495,-0.0234173,-1,-0.243262,0.571723
0.691745,0.322888,-1,0.203209,0.571723
0.691995,0.509867,-1,0.513787,0.571723
0.692245,0.502976,-1,0.642067,0.571723
0.692495,0.379067,-1,0.613381,0.571723
0.692745,0.256284,-1,0.541835,0.571723
0.692995,0.201389,-1,0.487546,0.571723
0.693245,0.18428,0.00787402,0.425473,0.571723
0.693495,0.113208,1,0.269,0.571723
0.693745,-0.0782694,1,-0.041386,0.571723
0.693995,-0.360316,1,-0.438365,0.571723
0.694245,-0.608943,1,-0.803659,0.571723
0.694495,-0.683184,1,-0.938644,0.571723
0.694745,-0.522269,1,-0.805823,0.571723
0.694995,-0.191881,1,-0.443853,0.571723
0.695245,0.154921,-1,-0.0375248,0.571723
0.695495,0.375544,-1,0.290134,0.571723
0.695745,0.423405,-1,0.457329,0.571723
0.695995,0.361685,-1,0.51274,0.571723
0.696245,0.298578,-1,0.544334,0.571723
0.696495,0.295499,-1,0.57881,0.571723
0.696745,0.318428,-1,0.597935,0.571723
0.696995,0.270127,1,0.495887,0.571723
0.697245,0.0767584,1,0.215978,0.571723
0.697495,-0.237342,1,-0.218223,0.571723
0.697745,-0.546382,1,-0.643026,0.571723
0.697995,-0.697444,1,-0.892762,0.571723
0.698245,-0.611232,1,-0.860173,0.571723
0.698495,-0.334848,1,-0.586001,0.571723
0.698745,-0.0101214,1,-0.221759,0.571723
0.698995,0.221155,-1,0.0863363,0.571723
0.699245,0.304939,-1,0.267529,0.571723
0.699495,0.294175,-1,0.371181,0.571723
0.699745,0.288713,-1,0.483835,0.571723
0.699995,0.34431,-1,0.617859,0.549844
0.700245,0.421743,-1,0.722095,0.549844
0.700495,0.415516,-1,0.692828,0.549844
0.700745,0.241499,1,0.454882,0.549844
0.700995,-0.0846296,1,0.0317652,0.549844
0.701245,-0.438551,1,-0.445091,0.549844
0.701495,-0.658928,1,-0.791804,0.549844
0.701745,-0.64946,1,-0.884672,0.549844
0.701995,-0.438908,1,-0.721002,0.549844
0.702245,-0.15544,1,-0.439089,0.549844
0.702495,0.0637283,-0.716535,-0.172661,0.549844
0.702745,0.161738,-1,0.0150439,0.549844
0.702995,0.185371,-1,0.146963,0.549844
0.703245,0.228747,-1,0.304882,0.549844
0.703495,0.342901,-1,0.522307,0.549844
0.703745,0.482873,-1,0.715142,0.549844
0.703995,0.533883,-1,0.779316,0.549844
0.704245,0.399179,-1,0.614933,0.549844
0.704495,0.0825909,1,0.233823,0.549844
0.704745,-0.296728,1,-0.240002,0.549844
0.704994,-0.572649,1,-0.63636,0.549844
0.705244,-0.635052,1,-0.814514,0.549844
0.705494,-0.495263,1,-0.753563,0.549844
0.705744,-0.267016,1,-0.557476,0.549844
0.705994,-0.0799316,1,-0.352788,0.549844
0.706244,0.010262,-1,-0.203529,0.549844
0.706494,0.0482844,-1,-0.0701444,0.549844
0.706744,0.125883,-1,0.135256,0.549844
0.706994,0.291685,-1,0.418963,0.549844
0.707244,0.495622,-1,0.714034,0.549844
0.707494,0.613396,-1,0.881639,0.549844
0.707744,0.534217,-1,0.79915,0.549844
0.707994,0.247907,-0.275591,0.475349,0.549844
0.708244,-0.135321,1,0.00111278,0.549844
0.708494,-0.448345,1,-0.421693,0.549844
0.708744,-0.571122,1,-0.65744,0.549844
0.708994,-0.50001,1,-0.695919,0.549844
0.709244,-0.334687,1,-0.601178,0.549844
0.709494,-0.195358,1,-0.488383,0.549844
0.709744,-0.133242,1,-0.398022,0.549844
0.709994,-0.101902,-1,-0.291011,0.549844
0.710244,-0.00843997,-1,-0.0965954,0.549844
0.710494,0.196143,-1,0.227118,0.549844
0.710744,0.458759,-1,0.615282,0.549844
0.710994,0.646302,-1,0.893939,0.549844
0.711244,0.633824,-1,0.918349,0.549844
0.711494,0.395408,-1,0.679349,0.549844
0.711744,0.0296735,1,0.257938,0.549844
0.711994,-0.299295,1,-0.152513,0.549844
0.712244,-0.465753,1,-0.442736,0.549844
0.712494,-0.454585,1,-0.552852,0.549844
0.712744,-0.353009,1,-0.545056,0.549844
0.712994,-0.271267,1,-0.510477,0.549844
0.713244,-0.253899,1,-0.503029,0.549844
0.713494,-0.24929,1,-0.462978,0.549844
0.713744,-0.160059,-1,-0.304597,0.549844
0.713994,0.0663764,-1,0.0231108,0.549844
0.714244,0.376311,-1,0.454461,0.549844
0.714494,0.629921,-1,0.823427,0.549844
0.714744,0.689029,-1,0.95908,0.549844
0.714994,0.511588,-1,0.80904,0.549844
0.715244,0.182626,-1,0.465464,0.549844
0.715494,-0.140621,1,0.06992,0.549844
0.715744,-0.330784,1,-0.214776,0.549844
0.715994,-0.365262,1,-0.375867,0.549844
0.716244,-0.321592,1,-0.45059,0.549844
0.716494,-0.300805,1,-0.526631,0.549844
0.716744,-0.339644,1,-0.618818,0.549844
0.716994,-0.378936,1,-0.659452,0.549844
0.717244,-0.313596,-0.88189,-0.545035,0.549844
0.717494,-0.0847076,-1,-0.230486,0.549844
0.717744,0.256682,-1,0.217874,0.549844
0.717994,0.566578,-1,0.641686,0.549844
0.718244,0.695598,-1,0.874343,0.549844
0.718494,0.586278,-1,0.81497,0.549844
0.718744,0.309265,-1,0.548488,0.549844
0.718993,0.0121109,-1,0.216796,0.549844
0.719243,-0.180367,1,-0.0382242,0.549844
0.719493,-0.242353,1,-0.201581,0.549844
0.719743,-0.244885,1,-0.319981,0.549844
0.719993,-0.281934,1,-0.468302,0.549844
0.720243,-0.38228,1,-0.63597,0.549844
0.720493,-0.477994,1,-0.767334,0.549844
0.720743,-0.454107,1,-0.72294,0.549844
0.720993,-0.242447,-1,-0.450678,0.549844
0.721243,0.111656,-1,0.0019779,0.549844
0.721493,0.463058,-1,0.480035,0.549844
0.721743,0.654058,-1,0.785934,0.549844
0.721993,0.613873,-1,0.843831,0.549844
0.722243,0.398535,-1,0.673932,0.549844
0.722493,0.144429,-1,0.415912,0.549844
0.722743,-0.0296652,-0.456693,0.20031,0.549844
0.722993,-0.0987804,1,0.0419168,0.549844
0.723243,-0.13165,1,-0.0979655,0.549844
0.723493,-0.21736,1,-0.315206,0.549844
0.723743,-0.378208,1,-0.585325,0.549844
0.723993,-0.537261,1,-0.820723,0.549844
0.724243,-0.568344,1,-0.867317,0.549844
0.724493,-0.391902,1,-0.668616,0.549844
0.724743,-0.0449832,-1,-0.250123,0.549844
0.724993,0.329701,-1,0.223111,0.549844
0.725243,0.569598,-1,0.594721,0.549844
0.725493,0.593025,-1,0.744788,0.549844
0.725743,0.443141,-1,0.68215,0.549844
0.725993,0.244337,-1,0.540525,0.549844
0.726243,0.106843,-1,0.398556,0.549844
0.726493,0.0509479,1,0.295203,0.549844
0.726743,0.00645152,1,0.156127,0.549844
0.726993,-0.114188,1,-0.0765795,0.549844
0.727243,-0.328606,1,-0.416954,0.549844
0.727493,-0.551674,1,-0.737386,0.549844
0.727743,-0.64598,1,-0.879657,0.549844
0.727993,-0.519446,1,-0.763025,0.549844
0.728243,-0.198549,0.929134,-0.41246,0.549844
0.728493,0.179532,-1,0.040033,0.549844
0.728743,0.450963,-1,0.401714,0.549844
0.728993,0.527095,-1,0.595988,0.549844
0.729243,0.440183,-1,0.619363,0.549844
0.729493,0.303279,-1,0.564752,0.549844
0.729743,0.21648,-1,0.506054,0.549844
0.729993,0.192392,-1,0.45604,0.549844
0.730243,0.15579,1,0.359786,0.549844
0.730493,0.0173637,1,0.12358,0.549844
0.730743,-0.238633,1,-0.25325,0.549844
0.730993,-0.520591,1,-0.654336,0.549844
0.731243,-0.680633,1,-0.907672,0.549844
0.731493,-0.61398,1,-0.883199,0.549844
0.731743,-0.335131,1,-0.60391,0.549844
0.731993,0.0266431,-1,-0.19506,0.549844
0.732243,0.31005,-1,0.173419,0.549844
0.732493,0.423306,-1,0.392772,0.549844
0.732742,0.391201,-1,0.481711,0.549844
0.732992,0.316804,-1,0.499402,0.549844
0.733242,0.289709,-1,0.523437,0.549844
0.733492,0.312578,-1,0.548574,0.549844
0.733742,0.302331,-1,0.503696,0.549844
0.733992,0.16459,1,0.291569,0.549844
0.734242,-0.117394,1,-0.0857032,0.549844
0.734492,-0.447843,1,-0.531709,0.549844
0.734742,-0.670011,1,-0.863928,0.549844
0.734992,-0.66758,1,-0.938098,0.549844
0.735242,-0.442892,1,-0.735959,0.549844
0.735492,-0.115197,1,-0.382125,0.549844
0.735742,0.160153,-1,-0.0444946,0.549844
0.735992,0.292111,-1,0.186075,0.549844
0.736242,0.30179,-1,0.319077,0.549844
0.736492,0.284725,-1,0.426759,0.549844
0.736742,0.320516,-1,0.5569,0.549844
0.736992,0.400986,-1,0.682038,0.549844
0.737242,0.432924,-1,0.708419,0.549844
0.737492,0.313823,1,0.54333,0.549844
0.737742,0.0237527,1,0.170149,0.549844
0.737992,-0.340498,1,-0.307301,0.549844
0.738242,-0.61602,1,-0.707809,0.549844
0.738492,-0.676581,1,-0.854737,0.549844
0.738742,-0.512964,1,-0.743507,0.549844
0.738992,-0.233548,1,-0.471188,0.549844
0.739242,0.0148551,1,-0.190103,0.549844
0.739492,0.146023,-1,0.00811495,0.549844
0.739742,0.181007,-1,0.141596,0.549844
0.739992,0.210929,-1,0.290135,0.549844
0.740242,0.307128,-1,0.495264,0.549844
0.740492,0.450429,-1,0.720101,0.549844
0.740742,0.535973,-1,0.829779,0.549844
0.740992,0.451886,-1,0.726886,0.549844
0.741242,0.171711,1,0.380161,0.549844
0.741492,-0.209052,1,-0.0994456,0.549844
0.741742,-0.524458,1,-0.535648,0.549844
0.741992,-0.641082,1,-0.780056,0.549844
0.742242,-0.539976,1,-0.773302,0.549844
0.742492,-0.318396,1,-0.599966,0.549844
0.742742,-0.112979,1,-0.394128,0.549844
0.742992,-0.00192304,-0.188976,-0.234405,0.549844
0.743242,0.0399772,-1,-0.103804,0.549844
0.743492,0.102892,-1,0.0736741,0.549844
0.743742,0.251729,-1,0.337381,0.549844
0.743992,0.457409,-1,0.651803,0.549844
0.744242,0.603394,-1,0.862974,0.549844
0.744492,0.566842,-1,0.845004,0.549844
0.744742,0.313399,-1,0.555792,0.549844
0.744992,-0.0655576,1,0.107432,0.549844
0.745242,-0.404231,1,-0.325653,0.549844
0.745492,-0.5652,1,-0.606771,0.549844
0.745742,-0.522377,1,-0.682319,0.549844
0.745992,-0.363201,1,-0.615899,0.549844
0.746242,-0.212861,1,-0.504471,0.549844
0.746491,-0.138851,1,-0.421653,0.549844
0.746741,-0.108524,-1,-0.333961,0.549844
0.746991,-0.0294079,-1,-0.166261,0.549844
0.747241,0.160143,-1,0.140775,0.549844
0.747491,0.422513,-1,0.525792,0.549844
0.747741,0.630199,-1,0.833024,0.549844
0.747991,0.649385,-1,0.906851,0.549844
0.748241,0.436734,-1,0.69349,0.549844
0.748491,0.0771801,0.275591,0.296981,0.549844
0.748741,-0.266245,1,-0.124925,0.549844
0.748991,-0.456213,1,-0.421178,0.549844
0.749241,-0.462635,1,-0.540062,0.549844
0.749491,-0.364882,1,-0.537451,0.549844
0.749741,-0.276796,1,-0.513729,0.549844
0.749991,-0.253561,1,-0.502947,0.549844
0.750241,-0.25195,1,-0.473259,0.549844
0.750491,-0.174052,-1,-0.32411,0.549844
0.750741,0.0411156,-1,-0.0201352,0.549844
0.750991,0.349782,-1,0.402178,0.549844
0.751241,0.615189,-1,0.779779,0.549844
0.751491,0.693184,-1,0.94174,0.549844
0.751741,0.53131,-1,0.816615,0.549844
0.751991,0.207013,-1,0.476714,0.549844
0.752241,-0.12272,1,0.0807796,0.549844
0.752491,-0.324002,1,-0.208374,0.549844
0.752741,-0.366425,1,-0.365373,0.549844
0.752991,-0.32402,1,-0.44824,0.549844
0.753241,-0.300345,1,-0.513033,0.549844
0.753491,-0.337128,1,-0.597776,0.549844
0.753741,-0.378701,1,-0.644683,0.549844
0.753991,-0.3188,0.220472,-0.536448,0.549844
0.754241,-0.094511,-1,-0.228139,0.549844
0.754491,0.246643,-1,0.217632,0.549844
0.754741,0.560707,-1,0.65163,0.549844
0.754991,0.695382,-1,0.889765,0.549844
0.755241,0.589787,-1,0.856388,0.549844
0.755491,0.313115,-1,0.594102,0.549844
0.755741,0.0142376,-1,0.266765,0.549844
0.755991,-0.1799,1,0.0106245,0.549844
0.756241,-0.242345,1,-0.157917,0.549844
0.756491,-0.244938,1,-0.281785,0.549844
0.756741,-0.282528,1,-0.443783,0.549844
0.756991,-0.383649,1,-0.629746,0.549844
0.757241,-0.478902,1,-0.772733,0.549844
0.757491,-0.451745,1,-0.739293,0.549844
0.757741,-0.235114,-1,-0.465038,0.549844
0.757991,0.122521,-1,-0.0140851,0.549844
0.758241,0.472459,-1,0.445483,0.549844
0.758491,0.656688,-1,0.755019,0.549844
0.758741,0.607788,-1,0.806198,0.549844
0.758991,0.386949,-1,0.630559,0.549844
0.759241,0.133465,-1,0.386243,0.549844
0.759491,-0.0356835,-0.629921,0.177948,0.549844
0.759741,-0.100741,1,0.0406806,0.549844
0.759991,-0.134691,1,-0.0926545,0.549844
0.76024,-0.225907,1,-0.303157,0.549844
0.76049,-0.390624,1,-0.579927,0.549844
0.76074,-0.545372,1,-0.807375,0.549844
0.76099,-0.562453,1,-0.84485,0.549844
0.76124,-0.368738,1,-0.63408,0.549844
0.76149,-0.0116007,-1,-0.209049,0.549844
0.76174,0.358593,-1,0.257037,0.549844
0.76199,0.581153,-1,0.598447,0.549844
0.76224,0.584435,-1,0.728514,0.549844
0.76249,0.422907,-1,0.660286,0.549844
0.76274,0.225725,-1,0.499615,0.549844
0.76299,0.0973821,-1,0.376528,0.549844
0.76324,0.0471232,1,0.270637,0.549844
0.76349,-0.00251521,1,0.141181,0.549844
0.76374,-0.136037,1,-0.113876,0.549844
0.76399,-0.358833,1,-0.452273,0.549844
0.76424,-0.574024,1,-0.7567,0.549844
0.76449,-0.642662,1,-0.881506,0.549844
0.76474,-0.484596,1,-0.728493,0.549844
0.76499,-0.144334,0.0708661,-0.352809,0.549844
0.76524,0.229116,-1,0.0970041,0.549844
0.76549,0.475398,-1,0.439426,0.549844
0.76574,0.522019,-1,0.596592,0.549844
0.76599,0.418632,-1,0.592527,0.549844
0.76624,0.284193,-1,0.525267,0.549844
0.76649,0.209356,-1,0.461431,0.549844
0.76674,0.189832,-1,0.412995,0.549844
0.76699,0.140776,1,0.299802,0.549844
0.76724,-0.0210057,1,0.0415348,0.549844
0.76749,-0.292283,1,-0.349064,0.549844
0.76774,-0.564048,1,-0.726503,0.549844
0.76799,-0.68685,1,-0.929271,0.549844
0.76824,-0.573596,1,-0.851022,0.549844
0.76849,-0.264514,1,-0.531952,0.549844
0.76874,0.0949584,-1,-0.119085,0.549844
0.76899,0.348323,-1,0.234051,0.549844
0.76924,0.425806,-1,0.427522,0.549844
0.76949,0.37484,-1,0.497905,0.549844
0.76974,0.305095,-1,0.517504,0.549844
0.76999,0.292416,-1,0.554042,0.549844
0.77024,0.317092,-1,0.575523,0.549844
0.77049,0.284231,-0.314961,0.500299,0.549844
0.77074,0.109418,1,0.245463,0.549844
0.77099,-0.197516,1,-0.17244,0.549844
0.77124,-0.517666,1,-0.610643,0.549844
0.77149,-0.692548,1,-0.890507,0.549844
0.77174,-0.628975,1,-0.89397,0.549844
0.77199,-0.36267,1,-0.647864,0.549844
0.77224,-0.0333357,1,-0.29268,0.549844
0.77249,0.209923,-1,0.0205256,0.549844
0.77274,0.303404,-1,0.21807,0.549844
0.77299,0.295395,-1,0.32834,0.549844
0.77324,0.287719,-1,0.444072,0.549844
0.77349,0.341345,-1,0.586515,0.549844
0.77374,0.420076,-1,0.70713,0.549844
0.773989,0.417208,-1,0.699898,0.549844
0.774239,0.24467,1,0.472607,0.549844
0.774489,-0.0831402,1,0.0552948,0.549844
0.774739,-0.439813,1,-0.412504,0.549844
0.774989,-0.660254,1,-0.75733,0.549844
0.775239,-0.646913,1,-0.840486,0.549844
0.775489,-0.431135,1,-0.68152,0.549844
0.775739,-0.145603,1,-0.40137,0.549844
0.775989,0.0707034,0.11811,-0.14723,0.549844
0.776239,0.164171,-1,0.0224337,0.549844
0.776489,0.186569,-1,0.142399,0.549844
0.776739,0.234301,-1,0.305262,0.549844
0.776989,0.353976,-1,0.53245,0.549844
0.777239,0.492464,-1,0.734095,0.549844
0.777489,0.530043,-1,0.792757,0.549844
0.777739,0.374099,-1,0.60676,0.549844
0.777989,0.0410953,1,0.211761,0.549844
0.778239,-0.337647,1,-0.266547,0.549844
0.778489,-0.593282,1,-0.638857,0.549844
0.778739,-0.626319,1,-0.786962,0.549844
0.778989,-0.464875,1,-0.709879,0.549844
0.779239,-0.23374,1,-0.509716,0.549844
0.779489,-0.0591886,1,-0.324685,0.549844
0.779739,0.0178482,-1,-0.19234,0.549844
0.779989,0.056598,-1,-0.0652607,0.549844
0.780239,0.14969,-1,0.146965,0.549844
0.780489,0.330846,-1,0.444827,0.549844
0.780739,0.530304,-1,0.73033,0.549844
0.780989,0.6154,-1,0.869625,0.549844
0.781239,0.487904,-1,0.742337,0.549844
0.781489,0.164884,0.811024,0.378041,0.549844
0.781739,-0.219883,1,-0.0825894,0.549844
0.781989,-0.497404,1,-0.468825,0.549844
0.782239,-0.568993,1,-0.655687,0.549844
0.782489,-0.46142,1,-0.636485,0.549844
0.782739,-0.291514,1,-0.513292,0.549844
0.782989,-0.171154,1,-0.404409,0.549844
0.783239,-0.125186,1,-0.318912,0.549844
0.783489,-0.0849757,-1,-0.213076,0.549844
0.783739,0.0409622,-1,0.014836,0.549844
0.783989,0.275178,-1,0.360098,0.549844
0.784239,0.532522,-1,0.721536,0.549844
0.784489,0.667942,-1,0.93306,0.549844
0.784739,0.57778,-1,0.867739,0.549844
0.784989,0.278527,-1,0.539141,0.549844
0.785239,-0.0962755,1,0.106018,0.549844
0.785489,-0.380205,1,-0.285703,0.549844
0.785739,-0.479256,1,-0.500002,0.549844
0.785989,-0.421124,1,-0.565411,0.549844
0.786239,-0.315239,1,-0.556392,0.549844
0.786489,-0.257861,1,-0.54322,0.549844
0.786739,-0.256006,1,-0.536861,0.549844
0.786989,-0.228493,-0.952756,-0.453545,0.549844
0.787239,-0.0832605,-1,-0.220884,0.549844
0.787489,0.192775,-1,0.16101,0.549844
0.787739,0.500712,-1,0.594984,0.549844
0.787988,0.684994,-1,0.86923,0.549844
0.788238,0.637311,-1,0.871233,0.549844
0.788488,0.373213,-1,0.619758,0.549844
0.788738,0.0239962,-1,0.233243,0.549844
0.788988,-0.250209,1,-0.107267,0.549844
0.789238,-0.363534,1,-0.327962,0.549844
0.789488,-0.347029,1,-0.422876,0.549844
0.789738,-0.303938,1,-0.495186,0.549844
0.789988,-0.314434,1,-0.57979,0.549844
0.790238,-0.366084,1,-0.665855,0.549844
0.790488,-0.36423,1,-0.634553,0.549844
0.790738,-0.213696,-1,-0.420022,0.549844
0.790988,0.0906598,-1,-0.0253091,0.549844
0.791238,0.438664,-1,0.444761,0.549844
0.791488,0.666353,-1,0.8035,0.549844
0.791738,0.662484,-1,0.887434,0.549844
0.791988,0.441837,-1,0.723627,0.549844
0.792238,0.131972,-1,0.403959,0.549844
0.792488,-0.11673,1,0.117499,0.549844
0.792738,-0.229663,1,-0.0868267,0.549844
0.792988,-0.244441,1,-0.20976,0.549844
0.793238,-0.259164,1,-0.34113,0.549844
0.793488,-0.338334,1,-0.509326,0.549844
0.793738,-0.449574,1,-0.680004,0.549844
0.793988,-0.48333,1,-0.723288,0.549844
0.794238,-0.340831,1,-0.545146,0.549844
0.794488,-0.0225292,-1,-0.154896,0.549844
0.794738,0.352401,-1,0.311928,0.549844
0.794988,0.614386,-1,0.690657,0.549844
0.795238,0.651723,-1,0.843463,0.549844
0.795488,0.479375,-1,0.745919,0.549844
0.795738,0.219915,-1,0.505678,0.549844
0.795988,0.0114848,-1,0.276621,0.549844
0.796238,-0.0863637,1,0.116668,0.549844
0.796488,-0.120062,1,-0.0148452,0.549844
0.796738,-0.184713,1,-0.19961,0.549844
0.796988,-0.329526,1,-0.467451,0.549844
0.797238,-0.50229,1,-0.729309,0.549844
0.797488,-0.578717,1,-0.860994,0.549844
0.797738,-0.455577,1,-0.733695,0.549844
0.797988,-0.137824,-1,-0.365578,0.549844
0.798238,0.249072,-1,0.104198,0.549844
0.798488,0.533471,-1,0.507344,0.549844
0.798738,0.605963,-1,0.696691,0.549844
0.798988,0.483096,-1,0.663478,0.549844
0.799238,0.281946,-1,0.513041,0.549844
0.799488,0.126112,-1,0.369589,0.549844
0.799738,0.0574581,-0.929134,0.260476,0.549844
0.799988,0.0177779,1,0.153933,0.534844
0.800238,-0.0864707,1,-0.0550879,0.534844
0.800488,-0.290276,1,-0.372445,0.534844
0.800738,-0.522585,1,-0.714023,0.534844
0.800988,-0.644922,1,-0.912694,0.534844
0.801238,-0.550131,1,-0.839864,0.534844
0.801488,-0.246476,1,-0.515375,0.534844
0.801737,0.136888,-1,-0.0686287,0.534844
0.801987,0.429721,-1,0.323741,0.534844
0.802237,0.528246,-1,0.541904,0.534844
0.802487,0.452625,-1,0.597683,0.534844
0.802737,0.31422,-1,0.547311,0.534844
0.802987,0.220585,-1,0.500619,0.534844
0.803237,0.193364,-1,0.471995,0.534844
0.803487,0.160526,1,0.388002,0.534844
0.803737,0.0284762,1,0.172373,0.534844
0.803987,-0.224913,1,-0.191788,0.534844
0.804237,-0.510923,1,-0.600175,0.534844
0.804487,-0.678798,1,-0.860274,0.534844
0.804737,-0.618163,1,-0.847475,0.534844
0.804987,-0.340316,1,-0.578005,0.534844
0.805237,0.0242094,-1,-0.179776,0.534844
0.805487,0.310277,-1,0.172068,0.534844
0.805737,0.423536,-1,0.384436,0.534844
0.805987,0.389926,-1,0.460211,0.534844
0.806237,0.315267,-1,0.470007,0.534844
0.806487,0.289909,-1,0.483274,0.534844
0.806737,0.31356,-1,0.518756,0.534844
0.806987,0.299143,-1,0.471819,0.534844
0.807237,0.151827,1,0.2488,0.534844
0.807487,-0.139221,1,-0.129701,0.534844
0.807737,-0.469828,1,-0.567397,0.534844
0.807987,-0.679111,1,-0.8776,0.534844
0.808237,-0.655359,1,-0.919917,0.534844
0.808487,-0.412729,1,-0.694057,0.534844
0.808737,-0.0810454,1,-0.333315,0.534844
0.808987,0.183035,-1,0.00261523,0.534844
0.809237,0.298337,-1,0.218365,0.534844
0.809487,0.298834,-1,0.337828,0.534844
0.809737,0.285605,-1,0.446256,0.534844
0.809987,0.33102,-1,0.586481,0.534844
0.810237,0.412057,-1,0.700134,0.534844
0.810487,0.425651,-1,0.703774,0.534844
0.810737,0.275198,1,0.504429,0.534844
0.810987,-0.0403145,1,0.0958049,0.534844
0.811237,-0.403643,1,-0.387037,0.534844
0.811487,-0.646922,1,-0.752738,0.534844
0.811737,-0.659384,1,-0.861791,0.534844
0.811987,-0.458566,1,-0.71028,0.534844
0.812237,-0.171911,1,-0.430205,0.534844
0.812487,0.0559742,-0.0866142,-0.162012,0.534844
0.812737,0.160032,-1,0.0116643,0.534844
0.812987,0.184961,-1,0.14918,0.534844
0.813237,0.227823,-1,0.298073,0.534844
0.813487,0.342931,-1,0.515055,0.534844
0.813737,0.484287,-1,0.725239,0.534844
0.813987,0.533065,-1,0.786146,0.534844
0.814237,0.390333,-1,0.615272,0.534844
0.814487,0.0641301,1,0.231596,0.534844
0.814737,-0.318094,1,-0.252886,0.534844
0.814987,-0.585088,1,-0.635252,0.534844
0.815237,-0.629928,1,-0.794354,0.534844
0.815486,-0.474577,1,-0.720838,0.534844
0.815736,-0.24259,1,-0.524421,0.534844
0.815986,-0.063771,1,-0.325529,0.534844
0.816236,0.0165398,-1,-0.192218,0.534844
0.816486,0.0552298,-1,-0.0631542,0.534844
0.816736,0.146317,-1,0.1489,0.534844
0.816986,0.326628,-1,0.442247,0.534844
0.817236,0.527583,-1,0.737882,0.534844
0.817486,0.615518,-1,0.870528,0.534844
0.817736,0.489897,-1,0.749459,0.534844
0.817986,0.166535,1,0.380965,0.534844
0.818236,-0.219952,1,-0.0893871,0.534844
0.818486,-0.498144,1,-0.468181,0.534844
0.818736,-0.568752,1,-0.648736,0.534844
0.818986,-0.459519,1,-0.635672,0.534844
0.819236,-0.288976,1,-0.506246,0.534844
0.819486,-0.169576,1,-0.391637,0.534844
0.819736,-0.124651,0.582677,-0.31635,0.534844
0.819986,-0.0830579,-1,-0.200125,0.534844
0.820236,0.0470043,-1,0.023411,0.534844
0.820486,0.284815,-1,0.373118,0.534844
0.820736,0.541265,-1,0.730014,0.534844
0.820986,0.6691,-1,0.919535,0.534844
0.821236,0.567514,-1,0.837302,0.534844
0.821486,0.259373,-1,0.50378,0.534844
0.821736,-0.115829,1,0.0567341,0.534844
0.821986,-0.391642,1,-0.31185,0.534844
0.822236,-0.479377,1,-0.524073,0.534844
0.822486,-0.414068,1,-0.575414,0.534844
0.822736,-0.308797,1,-0.557033,0.534844
0.822986,-0.256343,1,-0.543233,0.534844
0.823236,-0.256123,1,-0.537303,0.534844
0.823486,-0.221781,-1,-0.446753,0.534844
0.823736,-0.0636022,-1,-0.189754,0.534844
0.823986,0.221971,-1,0.20489,0.534844
0.824236,0.526178,-1,0.638503,0.534844
0.824486,0.691491,-1,0.893609,0.534844
0.824736,0.618409,-1,0.870511,0.534844
0.824986,0.336576,-1,0.59468,0.534844
0.825236,-0.0128778,1,0.20259,0.534844
0.825486,-0.271995,1,-0.127229,0.534844
0.825736,-0.366704,1,-0.332426,0.534844
0.825986,-0.340949,1,-0.412804,0.534844
0.826236,-0.301506,1,-0.465452,0.534844
0.826486,-0.320322,1,-0.535254,0.534844
0.826736,-0.371547,1,-0.593051,0.534844
0.826986,-0.353468,1,-0.540772,0.534844
0.827236,-0.17797,-1,-0.290621,0.534844
0.827486,0.143174,-1,0.119836,0.534844
0.827736,0.484884,-1,0.56829,0.534844
0.827986,0.682259,-1,0.877659,0.534844
0.828236,0.639485,-1,0.905679,0.534844
0.828486,0.392876,-1,0.675176,0.534844
0.828736,0.0825724,-1,0.345892,0.534844
0.828986,-0.146056,1,0.0417109,0.534844
0.829235,-0.236847,1,-0.149251,0.534844
0.829485,-0.244174,1,-0.272202,0.534844
0.829735,-0.268406,1,-0.416804,0.534844
0.829985,-0.359423,1,-0.60408,0.534844
0.830235,-0.465902,1,-0.755312,0.534844
0.830485,-0.471084,1,-0.752889,0.534844
0.830735,-0.288966,-1,-0.521917,0.534844
0.830985,0.0546851,-1,-0.0869146,0.534844
0.831235,0.421292,-1,0.399092,0.534844
0.831485,0.642634,-1,0.738746,0.534844
0.831735,0.629248,-1,0.824703,0.534844
0.831985,0.4245,-1,0.668418,0.534844
0.832235,0.164995,-1,0.415116,0.534844
0.832485,-0.0203636,-0.755906,0.189402,0.534844
0.832735,-0.0964848,1,0.046628,0.534844
0.832985,-0.129265,1,-0.0883525,0.534844
0.833235,-0.212307,1,-0.292308,0.534844
0.833485,-0.373165,1,-0.561089,0.534844
0.833735,-0.535407,1,-0.800598,0.534844
0.833985,-0.568547,1,-0.856275,0.534844
0.834235,-0.38964,1,-0.659149,0.534844
0.834485,-0.0370945,-1,-0.239147,0.534844
0.834735,0.340289,-1,0.234536,0.534844
0.834985,0.575322,-1,0.599738,0.534844
0.835235,0.58825,-1,0.728062,0.534844
0.835485,0.429502,-1,0.663364,0.534844
0.835735,0.229961,-1,0.511131,0.534844
0.835985,0.0987485,-1,0.370537,0.534844
0.836235,0.0473903,1,0.270952,0.534844
0.836485,-0.00248336,1,0.143011,0.534844
0.836735,-0.137437,1,-0.107385,0.534844
0.836985,-0.362632,1,-0.447381,0.534844
0.837235,-0.577884,1,-0.763725,0.534844
0.837485,-0.64122,1,-0.878422,0.534844
0.837735,-0.473734,1,-0.717555,0.534844
0.837985,-0.125784,-1,-0.329985,0.534844
0.838235,0.247459,-1,0.113597,0.534844
0.838485,0.484391,-1,0.450519,0.534844
0.838735,0.518294,-1,0.592667,0.534844
0.838985,0.407336,-1,0.562008,0.534844
0.839235,0.274509,-1,0.46932,0.534844
0.839485,0.20601,-1,0.408434,0.534844
0.839735,0.187884,-1,0.353785,0.534844
0.839985,0.129242,1,0.22691,0.534844
0.840235,-0.0490293,1,-0.0366547,0.534844
0.840485,-0.330173,1,-0.430015,0.534844
0.840735,-0.592532,1,-0.78915,0.534844
0.840985,-0.68564,1,-0.950651,0.534844
0.841235,-0.536447,1,-0.816482,0.534844
0.841485,-0.205785,1,-0.461853,0.534844
0.841735,0.14833,-1,-0.0364172,0.534844
0.841985,0.374756,-1,0.292568,0.534844
0.842235,0.423078,-1,0.460228,0.534844
0.842485,0.359547,-1,0.5234,0.534844
0.842735,0.297106,-1,0.550014,0.534844
0.842984,0.296899,-1,0.584505,0.534844
0.843234,0.318582,-1,0.599126,0.534844
0.843484,0.258915,1,0.488476,0.534844
0.843734,0.0471463,1,0.179621,0.534844
0.843984,-0.279294,1,-0.258102,0.534844
0.844234,-0.5801,1,-0.682547,0.534844
0.844484,-0.699944,1,-0.902911,0.534844
0.844734,-0.573856,1,-0.82025,0.534844
0.844984,-0.272212,1,-0.52675,0.534844
0.845234,0.0484608,-1,-0.167746,0.534844
0.845484,0.252069,-1,0.106621,0.534844
0.845734,0.30721,-1,0.268417,0.534844
0.845984,0.288636,-1,0.362873,0.534844
0.846234,0.297548,-1,0.457304,0.534844
0.846484,0.368257,-1,0.575859,0.534844
0.846734,0.43377,-1,0.649916,0.534844
0.846984,0.379939,-1,0.557672,0.534844
0.847234,0.144933,1,0.25717,0.534844
0.847484,-0.214261,1,-0.192125,0.534844
0.847734,-0.542424,1,-0.629125,0.534844
0.847984,-0.683789,1,-0.876736,0.534844
0.848234,-0.583757,1,-0.845942,0.534844
0.848484,-0.32105,1,-0.604867,0.534844
0.848734,-0.0469865,1,-0.300961,0.534844
0.848984,0.122067,-1,-0.0645797,0.534844
0.849234,0.176391,-1,0.0907396,0.534844
0.849484,0.19869,-1,0.231559,0.534844
0.849734,0.277034,-1,0.432173,0.534844
0.849984,0.417909,-1,0.656638,0.534844
0.850234,0.528695,-1,0.817456,0.534844
0.850484,0.486119,-1,0.76613,0.534844
0.850734,0.23829,1,0.464115,0.534844
0.850984,-0.139757,1,3.9696e-05,0.534844
0.851234,-0.482538,1,-0.4589,0.534844
0.851484,-0.638268,1,-0.740282,0.534844
0.851734,-0.56537,1,-0.756721,0.534844
0.851984,-0.349839,1,-0.595717,0.534844
0.852234,-0.133467,1,-0.382318,0.534844
0.852484,-0.00942434,-0.0708661,-0.217778,0.534844
0.852734,0.0366407,-1,-0.103265,0.534844
0.852984,0.0945991,-1,0.0590358,0.534844
0.853234,0.238015,-1,0.314961,0.534844
0.853484,0.44515,-1,0.620332,0.534844
0.853734,0.599805,-1,0.835869,0.534844
0.853984,0.572234,-1,0.825562,0.534844
0.854234,0.32176,-1,0.545614,0.534844
0.854484,-0.0607463,1,0.0944702,0.534844
0.854734,-0.404114,1,-0.344012,0.534844
0.854984,-0.565764,1,-0.616588,0.534844
0.855234,-0.519436,1,-0.687015,0.534844
0.855484,-0.357026,1,-0.605982,0.534844
0.855734,-0.207503,1,-0.489725,0.534844
0.855984,-0.136629,1,-0.399048,0.534844
0.856234,-0.105637,-1,-0.317922,0.534844
0.856484,-0.0179604,-1,-0.136765,0.534844
0.856734,0.183734,-1,0.184804,0.534844
0.856983,0.450309,-1,0.573245,0.534844
0.857233,0.644488,-1,0.861597,0.534844
0.857483,0.634044,-1,0.891038,0.534844
0.857733,0.390555,-1,0.654135,0.534844
0.857983,0.0181177,1,0.238335,0.534844
0.858233,-0.311411,1,-0.178466,0.534844
0.858483,-0.46987,1,-0.444267,0.534844
0.858733,-0.448268,1,-0.527535,0.534844
0.858983,-0.342899,1,-0.516012,0.534844
0.859233,-0.266278,1,-0.483744,0.534844
0.859483,-0.254597,1,-0.481701,0.534844
0.859733,-0.243847,-0.0393701,-0.434574,0.534844
0.859983,-0.132933,-1,-0.255702,0.534844
0.860233,0.118188,-1,0.0925405,0.534844
0.860483,0.434548,-1,0.51637,0.534844
0.860733,0.661656,-1,0.836832,0.534844
0.860983,0.668582,-1,0.904111,0.534844
0.861233,0.440738,-1,0.681819,0.534844
0.861483,0.092606,-1,0.307731,0.534844
0.861733,-0.208943,1,-0.0610891,0.534844
0.861983,-0.35485,1,-0.309701,0.534844
0.862233,-0.355101,1,-0.421902,0.534844
0.862483,-0.308695,1,-0.487897,0.534844
0.862733,-0.308365,1,-0.566272,0.534844
0.862983,-0.358777,1,-0.640725,0.534844
0.863233,-0.372062,1,-0.637529,0.534844
0.863483,-0.244488,-1,-0.451265,0.534844
0.863733,0.0458799,-1,-0.0615909,0.534844
0.863983,0.399924,-1,0.41522,0.534844
0.864233,0.651211,-1,0.780559,0.534844
0.864483,0.674376,-1,0.902053,0.534844
0.864733,0.469528,-1,0.738866,0.534844
0.864983,0.15877,-1,0.423956,0.534844
0.865233,-0.101388,1,0.12642,0.534844
0.865483,-0.225839,1,-0.0815955,0.534844
0.865733,-0.244501,1,-0.213298,0.534844
0.865983,-0.256814,1,-0.338229,0.534844
0.866233,-0.333071,1,-0.50797,0.534844
0.866483,-0.445732,1,-0.669923,0.534844
0.866733,-0.48462,1,-0.720145,0.534844
0.866983,-0.346742,-0.433071,-0.547552,0.534844
0.867233,-0.0288497,-1,-0.161109,0.534844
0.867483,0.349336,-1,0.317292,0.534844
0.867733,0.61425,-1,0.690441,0.534844
0.867983,0.651125,-1,0.820258,0.534844
0.868233,0.475747,-1,0.694709,0.534844
0.868483,0.214011,-1,0.439434,0.534844
0.868733,0.00668119,-1,0.200838,0.534844
0.868983,-0.0882759,1,0.0411043,0.534844
0.869233,-0.121717,1,-0.0902259,0.534844
0.869483,-0.190608,1,-0.27165,0.534844
0.869733,-0.340672,1,-0.521934,0.534844
0.869983,-0.512489,1,-0.772574,0.534844
0.870233,-0.576993,1,-0.858297,0.534844
0.870483,-0.434511,1,-0.692405,0.534844
0.870732,-0.101421,-1,-0.293182,0.534844
0.870982,0.285674,-1,0.184767,0.534844
0.871232,0.552777,-1,0.580058,0.534844
0.871482,0.599916,-1,0.747558,0.534844
0.871732,0.45898,-1,0.696882,0.534844
0.871982,0.256244,-1,0.5303,0.534844
0.872232,0.111429,-1,0.384311,0.534844
0.872482,0.0520122,1,0.276968,0.534844
0.872732,0.00757471,1,0.150186,0.534844
0.872982,-0.114036,1,-0.0920814,0.534844
0.873232,-0.332263,1,-0.42263,0.534844
0.873482,-0.557339,1,-0.745874,0.534844
0.873732,-0.645288,1,-0.881365,0.534844
0.873982,-0.503792,1,-0.749504,0.534844
0.874232,-0.168038,-1,-0.373414,0.534844
0.874482,0.212542,-1,0.0762076,0.534844
0.874732,0.469708,-1,0.43211,0.534844
0.874982,0.523075,-1,0.597116,0.534844
0.875232,0.420533,-1,0.582351,0.534844
0.875482,0.284399,-1,0.486114,0.534844
0.875732,0.20898,-1,0.412584,0.534844
0.875982,0.189462,-1,0.35993,0.534844
0.876232,0.137369,1,0.236995,0.534844
0.876482,-0.0316259,1,-0.0200855,0.534844
0.876732,-0.30953,1,-0.408794,0.534844
0.876982,-0.579152,1,-0.777841,0.534844
0.877232,-0.686797,1,-0.954068,0.534844
0.877482,-0.551116,1,-0.832598,0.534844
0.877732,-0.225633,1,-0.483653,0.534844
0.877982,0.132865,-1,-0.0471235,0.534844
0.878232,0.368514,-1,0.289275,0.534844
0.878482,0.424079,-1,0.462438,0.534844
0.878732,0.362555,-1,0.525478,0.534844
0.878982,0.298272,-1,0.543721,0.534844
0.879232,0.296199,-1,0.586691,0.534844
0.879482,0.318614,-1,0.601911,0.534844
0.879732,0.261777,1,0.487151,0.534844
0.879982,0.0521499,1,0.189023,0.534844
0.880232,-0.274581,1,-0.250477,0.534844
0.880482,-0.577813,1,-0.682267,0.534844
0.880732,-0.699962,1,-0.895833,0.534844
0.880982,-0.57434,1,-0.81882,0.534844
0.881232,-0.271558,1,-0.53086,0.534844
0.881482,0.0500636,-1,-0.168172,0.534844
0.881732,0.253321,-1,0.109043,0.534844
0.881982,0.307323,-1,0.262133,0.534844
0.882232,0.28834,-1,0.36015,0.534844
0.882482,0.298492,-1,0.453068,0.534844
0.882732,0.370441,-1,0.574055,0.534844
0.882982,0.434459,-1,0.642672,0.534844
0.883232,0.375106,-1,0.557881,0.534844
0.883482,0.132976,1,0.245666,0.534844
0.883732,-0.229711,1,-0.208413,0.534844
0.883982,-0.553841,1,-0.645047,0.534844
0.884232,-0.68439,1,-0.8719,0.534844
0.884481,-0.572639,1,-0.831811,0.534844
0.884731,-0.304279,1,-0.580596,0.534844
0.884981,-0.0329615,1,-0.29069,0.534844
0.885231,0.128463,-1,-0.0630682,0.534844
0.885481,0.177803,-1,0.0887167,0.534844
0.885731,0.201801,-1,0.232878,0.534844
0.885981,0.286331,-1,0.443695,0.534844
0.886231,0.429734,-1,0.675613,0.534844
0.886481,0.532552,-1,0.816031,0.534844
0.886731,0.472305,-1,0.748915,0.534844
0.886981,0.206676,1,0.436449,0.534844
0.887231,-0.177251,1,-0.0444244,0.534844
0.887481,-0.508414,1,-0.49143,0.534844
0.887731,-0.640812,1,-0.743341,0.534844
0.887981,-0.546405,1,-0.743859,0.534844
0.888231,-0.32293,1,-0.567383,0.534844
0.888481,-0.113593,1,-0.366308,0.534844
0.888731,-0.00116723,-1,-0.219268,0.534844
0.888981,0.0410197,-1,-0.0989076,0.534844
0.889231,0.107478,-1,0.0668985,0.534844
0.889481,0.263503,-1,0.336295,0.534844
0.889731,0.472608,-1,0.626479,0.534844
0.889981,0.609109,-1,0.811942,0.534844
0.890231,0.549143,-1,0.759519,0.534844
0.890481,0.26984,-0.291339,0.451552,0.534844
0.890731,-0.119781,1,-0.013554,0.534844
0.890981,-0.443459,1,-0.430645,0.534844
0.891231,-0.571159,1,-0.660938,0.534844
0.891481,-0.497245,1,-0.682062,0.534844
0.891731,-0.328021,1,-0.565261,0.534844
0.891981,-0.189506,1,-0.439151,0.534844
0.892231,-0.130848,1,-0.345981,0.534844
0.892481,-0.0968872,-1,-0.246015,0.534844
0.892731,0.010338,-1,-0.0429914,0.534844
0.892981,0.232023,-1,0.301404,0.534844
0.893231,0.497885,-1,0.676601,0.534844
0.893481,0.661312,-1,0.920399,0.534844
0.893731,0.602538,-1,0.894254,0.534844
0.893981,0.320086,-1,0.591246,0.534844
0.894231,-0.0591629,1,0.152483,0.534844
0.894481,-0.361316,1,-0.250332,0.534844
0.894731,-0.478253,1,-0.485743,0.534844
0.894981,-0.427954,1,-0.559774,0.534844
0.895231,-0.320419,1,-0.540915,0.534844
0.895481,-0.258847,1,-0.530453,0.534844
0.895731,-0.255786,1,-0.525471,0.534844
0.895981,-0.229979,-1,-0.457538,0.534844
0.896231,-0.0849667,-1,-0.227241,0.534844
0.896481,0.19404,-1,0.157048,0.534844
0.896731,0.505018,-1,0.588875,0.534844
0.896981,0.687071,-1,0.858017,0.534844
0.897231,0.630274,-1,0.854785,0.534844
0.897481,0.355621,-1,0.591034,0.534844
0.897731,0.00276083,0.574803,0.203548,0.534844
0.897981,-0.264704,1,-0.136022,0.534844
0.89823,-0.366053,1,-0.33245,0.534844
0.89848,-0.342116,1,-0.419801,0.534844
0.89873,-0.301772,1,-0.467846,0.534844
0.89898,-0.31993,1,-0.527938,0.534844
0.89923,-0.371504,1,-0.589627,0.534844
0.89948,-0.352728,1,-0.536354,0.534844
0.89973,-0.173833,-1,-0.29031,0.534844
0.89998,0.151648,-1,0.133235,0.527829
2.02416,0.0676957,-1,0.0725327,0.527829
2.02441,-0.172669,-1,-0.172272,0.527829
2.02466,-0.243402,-1,-0.239056,0.527829
2.02491,-0.247759,-1,-0.253259,0.527829
2.02516,-0.313622,-1,-0.334517,0.527829
2.02541,-0.439447,1,-0.501174,0.527829
2.02566,-0.48169,1,-0.586642,0.527829
2.02591,-0.297526,1,-0.455672,0.527829
2.02616,0.0932527,1,-0.108715,0.527829
2.02641,0.490452,1,0.280219,0.527829
2.02666,0.665514,1,0.478089,0.527829
2.02691,0.544888,1,0.418511,0.527829
2.02716,0.259471,-1,0.228671,0.527829
2.02741,0.0144117,-1,0.0829891,0.527829
2.02766,-0.0917234,-1,0.0956008,0.527829
2.02791,-0.129998,-1,0.153224,0.527829
2.02816,-0.231792,-1,0.102681,0.527829
2.02841,-0.423373,0.188976,-0.08179,0.527829
2.02866,-0.571371,1,-0.280957,0.527829
2.02891,-0.499034,1,-0.308607,0.527829
2.02916,-0.164698,1,-0.0952605,0.527829
2.02941,0.272174,0.23622,0.223874,0.527829
2.02966,0.566312,-0.606299,0.428575,0.527829
2.02991,0.582028,-1,0.38838,0.527829
2.03016,0.389595,-1,0.179484,0.527829
2.03041,0.176961,-1,-0.0213013,0.527829
2.03066,0.0687912,-0.76378,-0.117311,0.527829
2.03091,0.0244377,0,-0.145029,0.527829
2.03116,-0.0882287,1,-0.248083,0.527829
2.03141,-0.325599,1,-0.471702,0.527829
2.03166,-0.574409,1,-0.716833,0.527829
2.03191,-0.63439,1,-0.748302,0.527829
2.03216,-0.401952,1,-0.470031,0.527829
2.03241,0.0195497,0.440945,0.0218555,0.527829
2.03266,0.390647,-1,0.480786,0.527829
2.03291,0.528106,-1,0.698868,0.527829
2.03316,0.440225,-1,0.696724,0.527829
2.03341,0.286276,-1,0.604926,0.527829
2.03366,0.20523,-1,0.536054,0.527829
2.03391,0.18413,-1,0.481541,0.527829
2.03416,0.0917231,-0.0944882,0.300085,0.527829
2.03441,-0.158783,1,-0.0605601,0.527829
2.03466,-0.486413,1,-0.533132,0.527829
2.03491,-0.681141,1,-0.866093,0.527829
2.03516,-0.582657,1,-0.880543,0.527829
2.03541,-0.228348,1,-0.596337,0.527829
2.03567,0.169743,1,-0.204092,0.527829
2.03592,0.398186,-1,0.0678636,0.527829
2.03617,0.408776,-1,0.175266,0.527829
2.03642,0.324666,-1,0.219892,0.527829
2.03667,0.289828,-1,0.327931,0.527829
2.03692,0.316173,-1,0.472325,0.527829
2.03717,0.276259,-1,0.5111,0.527829
2.03742,0.0512795,-0.80315,0.315008,0.527829
2.03767,-0.318825,1,-0.06571,0.527829
2.03792,-0.631063,1,-0.43428,0.527829
2.03817,-0.680367,1,-0.572249,0.527829
2.03842,-0.433882,1,-0.431055,0.527829
2.03867,-0.0596527,1,-0.13855,0.527829
2.03892,0.218975,1,0.0803855,0.527829
2.03917,0.306959,-0.228346,0.15539,0.527829
2.03942,0.288047,-1,0.144799,0.527829
2.03967,0.305342,-1,0.210453,0.527829
2.03992,0.392863,-1,0.36388,0.527829
2.04017,0.431354,-1,0.47186,0.527829
2.04042,0.271856,-1,0.343082,0.527829
2.04067,-0.0951246,-1,-0.00341602,0.527829
2.04092,-0.49147,1,-0.423978,0.527829
2.04117,-0.682384,1,-0.654737,0.527829
2.04142,-0.568267,1,-0.602033,0.527829
2.04167,-0.261139,1,-0.357815,0.527829
2.04192,0.0240997,1,-0.111529,0.527829
2.04217,0.157927,1,0.0113685,0.527829
2.04242,0.186785,0.283465,0.0718656,0.527829
2.04267,0.247646,-1,0.185136,0.527829
2.04292,0.396723,-1,0.407234,0.527829
2.04317,0.528206,-1,0.625164,0.527829
2.04342,0.46736,-1,0.640997,0.527829
2.04367,0.151013,-1,0.363901,0.527829
2.04392,-0.283417,-0.944882,-0.0655568,0.527829
2.04417,-0.59106,1,-0.42173,0.527829
2.04442,-0.614916,1,-0.51353,0.527829
2.04467,-0.404566,1,-0.403213,0.527829
2.04492,-0.151673,1,-0.249658,0.527829
2.04517,-0.00727674,1,-0.183252,0.527829
2.04542,0.0424873,1,-0.164933,0.527829
2.04567,0.126259,0.188976,-0.0757737,0.527829
2.04592,0.322723,-1,0.163983,0.527829
2.04617,0.546402,-1,0.458041,0.527829
2.04642,0.605836,-1,0.617084,0.527829
2.04667,0.383122,-1,0.478528,0.527829
2.04692,-0.0382946,-1,0.124872,0.527829
2.04717,-0.42319,-0.590551,-0.235017,0.527829
2.04742,-0.571585,1,-0.400575,0.527829
2.04767,-0.471443,1,-0.347183,0.527829
2.04792,-0.279622,1,-0.232429,0.527829
2.04817,-0.156091,1,-0.187193,0.527829
2.04842,-0.115578,1,-0.211446,0.527829
2.04867,-0.0372806,1,-0.160972,0.527829
2.04892,0.179878,-0.543307,0.0572408,0.527829
2.04917,0.479516,-1,0.39773,0.527829
2.04942,0.664328,-1,0.637512,0.527829
2.04967,0.566754,-1,0.606621,0.527829
2.04992,0.207593,-1,0.305694,0.527829
2.05017,-0.206776,-1,-0.0816146,0.527829
2.05042,-0.450712,-0.393701,-0.326667,0.527829
2.05067,-0.456496,1,-0.368483,0.527829
2.05092,-0.34006,1,-0.322137,0.527829
2.05117,-0.260712,1,-0.31766,0.527829
2.05142,-0.255988,1,-0.380352,0.527829
2.05167,-0.214365,1,-0.378557,0.527829
2.05192,-0.0104375,1,-0.182837,0.527829
2.05217,0.334261,-0.952756,0.194526,0.527829
2.05242,0.632356,-1,0.555149,0.527829
2.05267,0.675513,-1,0.680269,0.527829
2.05292,0.418759,-1,0.51219,0.527829
2.05317,0.0240284,-1,0.182054,0.527829
2.05342,-0.276131,-1,-0.0891055,0.527829
2.05367,-0.36814,-0.0551181,-0.189639,0.527829
2.05392,-0.32609,1,-0.194101,0.527829
2.05417,-0.301485,1,-0.251762,0.527829
2.05442,-0.350715,1,-0.391562,0.527829
2.05467,-0.37285,1,-0.48882,0.527829
2.05492,-0.219646,1,-0.392923,0.527829
2.05517,0.13095,0.858268,-0.0477395,0.527829
2.05542,0.513554,-1,0.357892,0.527829
2.05567,0.694708,-1,0.590982,0.527829
2.05592,0.566153,-1,0.54587,0.527829
2.05617,0.234217,-1,0.297283,0.527829
2.05642,-0.0787825,-1,0.0490752,0.527829
2.05667,-0.226832,-1,-0.0666694,0.527829
2.05692,-0.244273,0.102362,-0.0896838,0.527829
2.05717,-0.27087,1,-0.157589,0.527829
2.05742,-0.379988,1,-0.333178,0.527829
2.05767,-0.48391,1,-0.520464,0.527829
2.05792,-0.414662,1,-0.518234,0.527829
2.05817,-0.102401,1,-0.253573,0.527829
2.05842,0.324687,0.393701,0.169161,0.527829
2.05867,0.623459,-1,0.489288,0.527829
2.05892,0.63133,-1,0.56243,0.527829
2.05917,0.393729,-1,0.394301,0.527829
2.05942,0.107747,-1,0.184868,0.527829
2.05967,-0.0607856,-1,0.0699581,0.527829
2.05992,-0.112403,-1,0.0303832,0.527829
2.06017,-0.174042,0.551181,-0.0413804,0.527829
2.06043,-0.335236,1,-0.255318,0.527829
2.06068,-0.52602,1,-0.521197,0.527829
2.06093,-0.564234,1,-0.636298,0.527829
2.06118,-0.331654,1,-0.46807,0.527829
2.06143,0.0926643,1,-0.0676815,0.527829
2.06168,0.474328,0.110236,0.314226,0.527829
2.06193,0.609328,-1,0.496052,0.527829
2.06218,0.482208,-1,0.431872,0.527829
2.06243,0.254461,-1,0.288021,0.527829
2.06268,0.0987219,-1,0.204905,0.527829
2.06293,0.0430862,-1,0.198229,0.527829
2.06318,-0.0279801,-1,0.134814,0.527829
2.06343,-0.220676,0.992126,-0.0744268,0.527829
2.06368,-0.488573,1,-0.401471,0.527829
2.06393,-0.644366,1,-0.637349,0.527829
2.06418,-0.524212,1,-0.602817,0.527829
2.06443,-0.149554,1,-0.287272,0.527829
2.06468,0.271007,1,0.106435,0.527829
2.06493,0.507941,-0.149606,0.343406,0.527829
2.06518,0.490911,-1,0.369679,0.527829
2.06543,0.339596,-1,0.294207,0.527829
2.06568,0.223537,-1,0.259433,0.527829
2.06593,0.192119,-1,0.305058,0.527829
2.06618,0.141704,-1,0.300511,0.527829
2.06643,-0.0522554,-0.889764,0.116103,0.527829
2.06668,-0.373757,1,-0.239472,0.527829
2.06693,-0.641263,1,-0.566055,0.527829
2.06718,-0.652716,1,-0.650531,0.527829
2.06743,-0.368257,1,-0.448917,0.527829
2.06768,0.0443197,1,-0.105361,0.527829
2.06793,0.347126,1,0.181881,0.527829
2.06818,0.424227,-0.307087,0.266932,0.527829
2.06843,0.352608,-1,0.238202,0.527829
2.06868,0.291527,-1,0.249259,0.527829
2.06893,0.306917,-1,0.353754,0.527829
2.06918,0.30595,-1,0.418883,0.527829
2.06943,0.14525,-1,0.302761,0.527829
2.06968,-0.195956,-0.291339,-0.0322893,0.527829
2.06993,-0.553768,1,-0.417365,0.527829
2.07018,-0.699771,1,-0.623334,0.527829
2.07043,-0.534091,1,-0.534707,0.527829
2.07068,-0.172666,1,-0.250964,0.527829
2.07093,0.154463,1,0.0191602,0.527829
2.07118,0.298333,1,0.14466,0.527829
2.07143,0.295451,-0.669291,0.159998,0.527829
2.07168,0.291301,-1,0.210223,0.527829
2.07193,0.365153,-1,0.357601,0.527829
2.07218,0.435421,-1,0.500027,0.527829
2.07243,0.341651,-1,0.476253,0.527829
2.07268,0.0211628,-1,0.180855,0.527829
2.07293,-0.393355,0.19685,-0.239315,0.527829
2.07318,-0.660213,1,-0.5448,0.527829
2.07343,-0.626228,1,-0.577725,0.527829
2.07368,-0.349913,1,-0.381479,0.527829
2.07393,-0.0387862,1,-0.145069,0.527829
2.07418,0.137903,1,-0.0116,0.527829
2.07443,0.181567,1,0.0304704,0.527829
2.07468,0.223201,-1,0.0988582,0.527829
2.07493,0.354027,-1,0.289941,0.527829
2.07518,0.50703,-1,0.515948,0.527829
2.07543,0.506858,-1,0.605427,0.527829
2.07568,0.247143,-1,0.398,0.527829
2.07593,-0.181489,-1,-0.0064966,0.527829
2.07618,-0.541147,0.598425,-0.384237,0.527829
2.07643,-0.635437,1,-0.520093,0.527829
2.07668,-0.464604,1,-0.422956,0.527829
2.07693,-0.202892,1,-0.254039,0.527829
2.07718,-0.0279875,1,-0.146728,0.527829
2.07743,0.0334104,1,-0.117464,0.527829
2.07768,0.0988587,0.685039,-0.0573575,0.527829
2.07793,0.272626,-1,0.142925,0.527829
2.07818,0.505836,-1,0.436968,0.527829
2.07843,0.615463,-1,0.628894,0.527829
2.07868,0.451215,-1,0.552503,0.527829
2.07893,0.0527184,-1,0.204871,0.527829
2.07918,-0.361124,-1,-0.192515,0.527829
2.07943,-0.564795,0.84252,-0.413564,0.527829
2.07968,-0.504215,1,-0.403792,0.527829
2.07993,-0.314321,1,-0.285139,0.527829
2.08018,-0.17089,1,-0.225069,0.527829
2.08043,-0.121287,1,-0.242771,0.527829
2.08068,-0.0607296,1,-0.215073,0.527829
2.08093,0.131119,0.0629921,-0.0245736,0.527829
2.08118,0.428881,-1,0.314614,0.527829
2.08143,0.649738,-1,0.595501,0.527829
2.08168,0.605024,-1,0.633513,0.527829
2.08193,0.277989,-1,0.375431,0.527829
2.08218,-0.146306,-1,0.00480428,0.527829
2.08243,-0.428636,-0.84252,-0.277068,0.527829
2.08268,-0.468055,1,-0.339807,0.527829
2.08293,-0.358651,1,-0.27916,0.527829
2.08318,-0.266819,1,-0.266544,0.527829
2.08343,-0.255163,1,-0.335648,0.527829
2.08368,-0.228368,1,-0.367927,0.527829
2.08393,-0.0503727,1,-0.208346,0.527829
2.08418,0.284229,-0.519685,0.136108,0.527829
2.08443,0.60339,-1,0.503437,0.527829
2.08468,0.688343,-1,0.654223,0.527829
2.08493,0.464452,-1,0.520294,0.527829
2.08519,0.0727133,-1,0.19465,0.527829
2.08544,-0.250175,-1,-0.092458,0.527829
2.08569,-0.367074,-0.614173,-0.215947,0.527829
2.08594,-0.332673,1,-0.211035,0.527829
2.08619,-0.300143,1,-0.246692,0.527829
2.08644,-0.343762,1,-0.363072,0.527829
2.08669,-0.376725,1,-0.48389,0.527829
2.08694,-0.24609,1,-0.401844,0.527829
2.08719,0.0900249,1,-0.081214,0.527829
2.08744,0.481611,-1,0.327633,0.527829
2.08769,0.690723,-1,0.588664,0.527829
2.08794,0.589505,-1,0.564811,0.527829
2.08819,0.266318,-1,0.329953,0.527829
2.08844,-0.0577159,-1,0.0719967,0.527829
2.08869,-0.221146,-1,-0.0620749,0.527829
2.08894,-0.244336,-0.259843,-0.0944614,0.527829
2.08919,-0.265897,1,-0.151467,0.527829
2.08944,-0.370313,1,-0.321453,0.527829
2.08969,-0.480378,1,-0.519281,0.527829
2.08994,-0.427145,1,-0.54185,0.527829
2.09019,-0.128076,1,-0.289569,0.527829
2.09044,0.299767,0.669291,0.131917,0.527829
2.09069,0.613488,-1,0.464162,0.527829
2.09094,0.638746,-1,0.548842,0.527829
2.09119,0.409203,-1,0.402819,0.527829
2.09144,0.119906,-1,0.189273,0.527829
2.09169,-0.0564152,-1,0.0728854,0.527829
2.09194,-0.110911,-1,0.0420251,0.527829
2.09219,-0.169856,0.244094,-0.0228038,0.527829
2.09244,-0.328011,1,-0.232399,0.527829
2.09269,-0.521049,1,-0.494151,0.527829
2.09294,-0.566897,1,-0.617983,0.527829
2.09319,-0.341246,1,-0.456317,0.527829
2.09344,0.0818555,1,-0.0710635,0.527829
2.09369,0.468426,0.251969,0.311417,0.527829
2.09394,0.609449,-1,0.481635,0.527829
2.09419,0.485431,-1,0.417755,0.527829
2.09444,0.257015,-1,0.270317,0.527829
2.09469,0.0995409,-1,0.189413,0.527829
2.09494,0.0428988,-1,0.179217,0.527829
2.09519,-0.0277525,-1,0.128192,0.527829
2.09544,-0.220817,0.874016,-0.0849428,0.527829
2.09569,-0.489611,1,-0.40909,0.527829
2.09594,-0.644513,1,-0.637177,0.527829
2.09619,-0.521499,1,-0.593838,0.527829
2.09644,-0.143822,1,-0.281593,0.527829
2.09669,0.276722,1,0.113769,0.527829
2.09694,0.509934,-0.023622,0.361203,0.527829
2.09719,0.488383,-1,0.383007,0.527829
2.09744,0.335694,-1,0.293706,0.527829
2.09769,0.221653,-1,0.267143,0.527829
2.09794,0.191516,-1,0.30762,0.527829
2.09819,0.137731,-1,0.299578,0.527829
2.09844,-0.0626206,-0.771654,0.101423,0.527829
2.09869,-0.38737,1,-0.248431,0.527829
2.09894,-0.648168,1,-0.569459,0.527829
2.09919,-0.64533,1,-0.643769,0.527829
2.09944,-0.34867,1,-0.434911,0.527829
2.09969,0.0649171,1,-0.0820982,0.527829
2.09994,0.357524,1,0.186926,0.527829
2.10019,0.422579,-0.307087,0.264744,0.527829
2.10044,0.347095,-1,0.236836,0.527829
2.10069,0.290433,-1,0.256278,0.527829
2.10094,0.30915,-1,0.356193,0.527829
2.10119,0.300894,-1,0.421195,0.527829
2.10144,0.124929,-1,0.289544,0.527829
2.10169,-0.226252,-0.125984,-0.0650375,0.527829
2.10194,-0.576164,1,-0.445948,0.527829
2.10219,-0.697638,1,-0.627989,0.527829
2.10244,-0.50734,1,-0.518193,0.527829
2.10269,-0.138493,1,-0.216011,0.527829
2.10294,0.176396,1,0.0424607,0.527829
2.10319,0.30241,1,0.159746,0.527829
2.10344,0.292799,-0.724409,0.169824,0.527829
2.10369,0.295316,-1,0.21557,0.527829
2.10394,0.375448,-1,0.372476,0.527829
2.10419,0.435674,-1,0.507288,0.527829
2.10444,0.316323,-1,0.453235,0.527829
2.10469,-0.0258699,-1,0.139978,0.527829
2.10494,-0.437007,0.425197,-0.28678,0.527829
2.10519,-0.672976,1,-0.562007,0.527829
2.10544,-0.601692,1,-0.559455,0.527829
2.10569,-0.307636,1,-0.347334,0.527829
2.10594,-0.0064021,1,-0.113241,0.527829
2.10619,0.14922,1,0.000992902,0.527829
2.10644,0.184069,0.866142,0.036638,0.527829
2.10669,0.235664,-1,0.115853,0.527829
2.10694,0.378066,-1,0.323584,0.527829
2.10719,0.520643,-1,0.539355,0.527829
2.10744,0.48494,-1,0.582052,0.527829
2.10769,0.188161,-1,0.348862,0.527829
2.10794,-0.247947,-1,-0.066097,0.527829
2.10819,-0.576326,0.811024,-0.414332,0.527829
2.10844,-0.622745,1,-0.510094,0.527829
2.10869,-0.422075,1,-0.388045,0.527829
2.10894,-0.164629,1,-0.221908,0.527829
2.10919,-0.0117167,1,-0.133613,0.527829
2.10944,0.0403761,1,-0.118097,0.527829
2.10969,0.12055,0.283465,-0.0306219,0.527829
2.10995,0.314274,-1,0.190212,0.527829
2.1102,0.541158,-1,0.488814,0.527829
2.11045,0.607457,-1,0.631631,0.527829
2.1107,0.389195,-1,0.490045,0.527829
2.11095,-0.0334118,-1,0.113944,0.527829
2.1112,-0.421805,-0.740157,-0.262893,0.527829
2.11145,-0.571605,1,-0.433026,0.527829
2.1117,-0.47003,1,-0.378275,0.527829
2.11195,-0.27712,1,-0.263192,0.527829
2.1122,-0.154801,1,-0.219523,0.527829
2.11245,-0.114702,1,-0.241843,0.527829
2.1127,-0.0327305,1,-0.177544,0.527829
2.11295,0.19091,-0.409449,0.0487918,0.527829
2.1132,0.491728,-1,0.397394,0.527829
2.11345,0.666915,-1,0.642132,0.527829
2.1137,0.552098,-1,0.603911,0.527829
2.11395,0.180381,-1,0.299848,0.527829
2.1142,-0.231113,-1,-0.0795315,0.527829
2.11445,-0.458995,-0.433071,-0.308159,0.527829
2.1147,-0.44909,1,-0.332807,0.527829
2.11495,-0.329836,1,-0.273543,0.527829
2.1152,-0.257968,1,-0.289244,0.527829
2.11545,-0.256066,1,-0.359984,0.527829
2.1157,-0.201659,1,-0.357423,0.527829
2.11595,0.0236133,1,-0.142316,0.527829
2.1162,0.376787,-1,0.235404,0.527829
2.11645,0.654703,-1,0.565899,0.527829
2.1167,0.657307,-1,0.645176,0.527829
2.11695,0.367463,-1,0.436447,0.527829
2.1172,-0.0293973,-1,0.101889,0.527829
2.11745,-0.303236,-1,-0.140162,0.527829
2.1177,-0.366606,-0.102362,-0.21054,0.527829
2.11795,-0.317546,1,-0.210116,0.527829
2.1182,-0.305628,1,-0.262054,0.527829
2.11845,-0.361166,1,-0.402932,0.527829
2.1187,-0.361433,1,-0.477345,0.527829
2.11895,-0.166664,1,-0.325642,0.527829
2.1192,0.209539,0.456693,0.0361235,0.527829
2.11945,0.57206,-1,0.427913,0.527829
2.1197,0.693189,-1,0.606478,0.527829
2.11995,0.50607,-1,0.500518,0.527829
2.1202,0.157177,-1,0.225468,0.527829
2.12045,-0.127896,-1,-0.0039241,0.527829
2.1207,-0.237898,-1,-0.0911058,0.527829
2.12095,-0.244643,0.362205,-0.104103,0.527829
2.1212,-0.290364,1,-0.198671,0.527829
2.12145,-0.412702,1,-0.392157,0.527829
2.1217,-0.488578,1,-0.549878,0.527829
2.12195,-0.355084,1,-0.476107,0.527829
2.1222,0.00957398,1,-0.15157,0.527829
2.12245,0.42883,-0.0629921,0.27642,0.527829
2.1227,0.657079,-1,0.534404,0.527829
2.12295,0.581594,-1,0.521635,0.527829
2.1232,0.305933,-1,0.332367,0.527829
2.12345,0.0417318,-1,0.131566,0.527829
2.1237,-0.0842232,-1,0.0569005,0.527829
2.12395,-0.123934,-1,0.0251296,0.363289
2.1242,-0.213973,1,-0.094236,0.363289
2.12445,-0.40139,1,-0.330099,0.363289
2.1247,-0.564214,1,-0.572996,0.363289
2.12495,-0.51733,1,-0.598641,0.363289
2.1252,-0.198846,1,-0.34449,0.363289
2.12545,0.242873,1,0.0738918,0.363289
2.1257,0.555636,-0.433071,0.407984,0.363289
2.12595,0.58801,-1,0.481202,0.363289
2.1262,0.399941,-1,0.364921,0.363289
2.12645,0.182816,-1,0.238164,0.363289
2.1267,0.0700311,-1,0.196011,0.363289
2.12695,0.025586,-1,0.180971,0.363289
2.1272,-0.0869953,-0.480315,0.0763716,0.363289
2.12745,-0.326144,1,-0.201413,0.363289
2.1277,-0.576546,1,-0.507211,0.363289
2.12795,-0.632629,1,-0.648958,0.363289
2.1282,-0.391026,1,-0.48515,0.363289
2.12845,0.0366746,1,-0.112899,0.363289
2.1287,0.403522,0.976378,0.239194,0.363289
2.12895,0.528049,-0.732283,0.380942,0.363289
2.1292,0.429946,-1,0.335119,0.363289
2.12945,0.276592,-1,0.254671,0.363289
2.1297,0.202374,-1,0.265778,0.363289
2.12995,0.180567,-1,0.30973,0.363289
2.1302,0.0732054,-1,0.236732,0.363289
2.13045,-0.195509,0.275591,-0.0423776,0.363289
2.1307,-0.521893,1,-0.404081,0.363289
2.13095,-0.68648,1,-0.632696,0.363289
2.1312,-0.544661,1,-0.57148,0.363289
2.13145,-0.164805,1,-0.258093,0.363289
2.1317,0.221315,1,0.0864691,0.363289
2.13195,0.413448,0.692913,0.269907,0.363289
2.1322,0.395836,-1,0.278318,0.363289
2.13245,0.311622,-1,0.247478,0.363289
2.1327,0.292825,-1,0.305546,0.363289
2.13295,0.318523,-1,0.404964,0.363289
2.1332,0.245259,-1,0.387439,0.363289
2.13345,-0.0243921,-1,0.136332,0.363289
2.1337,-0.405867,0.929134,-0.267404,0.363289
2.13395,-0.672278,1,-0.577617,0.363289
2.1342,-0.642169,1,-0.622905,0.363289
2.13445,-0.338623,1,-0.408304,0.363289
2.13471,0.0326773,1,-0.0930313,0.363289
2.13496,0.261997,1,0.109694,0.363289
2.13521,0.305581,0.291339,0.161312,0.363289
2.13546,0.284656,-1,0.180867,0.363289
2.13571,0.327848,-1,0.293158,0.363289
2.13596,0.418602,-1,0.465675,0.363289
2.13621,0.40568,-1,0.521607,0.363289
2.13646,0.166404,-1,0.33225,0.363289
2.13671,-0.241052,-0.496063,-0.0615859,0.363289
2.13696,-0.592146,1,-0.441871,0.363289
2.13721,-0.674496,1,-0.587324,0.363289
2.13746,-0.464899,1,-0.454652,0.363289
2.13771,-0.138921,1,-0.207798,0.363289
2.13796,0.0956725,1,-0.0303843,0.363289
2.13821,0.174356,1,0.0241938,0.363289
2.13846,0.201082,-0.283465,0.0648079,0.363289
2.13871,0.301953,-1,0.205497,0.363289
2.13896,0.465692,-1,0.436499,0.363289
2.13921,0.533253,-1,0.590292,0.363289
2.13946,0.354056,-1,0.474085,0.363289
2.13971,-0.046477,-1,0.106042,0.363289
2.13996,-0.455983,0,-0.303557,0.363289
2.14021,-0.639738,1,-0.518318,0.363289
2.14046,-0.532098,1,-0.4695,0.363289
2.14071,-0.272839,1,-0.286051,0.363289
2.14096,-0.062296,1,-0.153082,0.363289
2.14121,0.0229304,1,-0.112037,0.363289
2.14146,0.0734995,1,-0.0722402,0.363289
2.14171,0.217653,-1,0.0919257,0.363289
2.14196,0.451524,-1,0.381849,0.363289
2.14221,0.610693,-1,0.618932,0.363289
2.14246,0.516225,-1,0.604324,0.363289
2.14271,0.155234,-1,0.299414,0.363289
2.14296,-0.28033,-1,-0.118326,0.363289
2.14321,-0.54456,0.330709,-0.399138,0.363289
2.14346,-0.5344,1,-0.432106,0.363289
2.14371,-0.354256,1,-0.327488,0.363289
2.14396,-0.19092,1,-0.244987,0.363289
2.14421,-0.12708,1,-0.256244,0.363289
2.14446,-0.0795485,1,-0.241109,0.363289
2.14471,0.0852662,0.385827,-0.080841,0.363289
2.14496,0.376133,-1,0.249003,0.363289
2.14521,0.627337,-1,0.561244,0.363289
2.14546,0.633887,-1,0.650205,0.363289
2.14571,0.341888,-1,0.433436,0.363289
2.14596,-0.0865113,-1,0.0602187,0.363289
2.14621,-0.402895,-1,-0.237535,0.363289
2.14646,-0.475198,0.661417,-0.328384,0.363289
2.14671,-0.375349,1,-0.276316,0.363289
2.14696,-0.273579,1,-0.253581,0.363289
2.14721,-0.254484,1,-0.319567,0.363289
2.14746,-0.236939,1,-0.364503,0.363289
2.14771,-0.0786215,1,-0.23672,0.363289
2.14796,0.247262,-0.393701,0.0871408,0.363289
2.14821,0.580412,-1,0.459699,0.363289
2.14846,0.693791,-1,0.643114,0.363289
2.14871,0.492512,-1,0.521289,0.363289
2.14896,0.103166,-1,0.196785,0.363289
2.14921,-0.233681,-1,-0.105166,0.363289
2.14946,-0.365688,-0.677165,-0.227774,0.363289
2.14971,-0.336218,1,-0.223131,0.363289
2.14996,-0.299914,1,-0.240521,0.363289
2.15021,-0.340842,1,-0.357122,0.363289
2.15046,-0.377591,1,-0.474314,0.363289
2.15071,-0.254109,1,-0.393838,0.363289
2.15096,0.0790107,0.968504,-0.0746614,0.363289
2.15121,0.474378,-1,0.340092,0.363289
2.15146,0.68983,-1,0.60714,0.363289
2.15171,0.591661,-1,0.584328,0.363289
2.15196,0.26711,-1,0.33837,0.363289
2.15221,-0.0582922,-1,0.0670753,0.363289
2.15246,-0.221974,-1,-0.0711461,0.363289
2.15271,-0.244253,-0.188976,-0.101853,0.363289
2.15296,-0.267217,1,-0.164439,0.363289
2.15321,-0.37387,1,-0.345547,0.363289
2.15346,-0.482277,1,-0.527768,0.363289
2.15371,-0.419782,1,-0.547558,0.363289
2.15396,-0.109762,1,-0.283018,0.363289
2.15421,0.321087,0.346457,0.141431,0.363289
2.15446,0.623511,-1,0.474827,0.363289
2.15471,0.630047,-1,0.545531,0.363289
2.15496,0.388111,-1,0.378387,0.363289
2.15521,0.100987,-1,0.178545,0.363289
2.15546,-0.064308,-1,0.0633297,0.363289
2.15571,-0.113884,-1,0.0341993,0.363289
2.15596,-0.180249,0.503937,-0.0456767,0.363289
2.15621,-0.348364,1,-0.254031,0.363289
2.15646,-0.536333,1,-0.513464,0.363289
2.15671,-0.555492,1,-0.614828,0.363289
2.15696,-0.297598,1,-0.418241,0.363289
2.15721,0.137816,1,-0.0181714,0.363289
2.15746,0.50369,-0.0787402,0.347707,0.363289
2.15771,0.605844,-1,0.487682,0.363289
2.15796,0.453957,-1,0.400187,0.363289
2.15821,0.226074,-1,0.251274,0.363289
2.15846,0.0858745,-1,0.182437,0.363289
2.15871,0.0366263,-1,0.181095,0.363289
2.15896,-0.050664,-0.84252,0.0988678,0.363289
2.15921,-0.266269,1,-0.143225,0.363289
2.15947,-0.532088,1,-0.463257,0.363289
2.15972,-0.645122,1,-0.658067,0.363289
2.15997,-0.463952,1,-0.552883,0.363289
2.16022,-0.0553482,1,-0.198454,0.363289
2.16047,0.34507,1,0.177466,0.363289
2.16072,0.524587,-0.370079,0.374875,0.363289
2.16097,0.459797,-1,0.35774,0.363289
2.16122,0.302485,-1,0.273939,0.363289
2.16147,0.209349,-1,0.26302,0.363289
2.16172,0.186864,-1,0.313163,0.363289
2.16197,0.105292,-1,0.27287,0.363289
2.16222,-0.136692,-0.015748,0.0323242,0.363289
2.16247,-0.468808,1,-0.337231,0.363289
2.16272,-0.678044,1,-0.611183,0.363289
2.16297,-0.591006,1,-0.605661,0.363289
2.16322,-0.237114,1,-0.320061,0.363289
2.16347,0.166591,1,0.0334867,0.363289
2.16372,0.398519,0.866142,0.253399,0.363289
2.16397,0.407793,-0.795276,0.283875,0.363289
2.16422,0.322505,-1,0.241376,0.363289
2.16447,0.290229,-1,0.283946,0.363289
2.16472,0.317031,-1,0.393403,0.363289
2.16497,0.268043,-1,0.396082,0.363289
2.16522,0.026005,-1,0.186161,0.363289
2.16547,-0.352637,0.732283,-0.20788,0.363289
2.16572,-0.650515,1,-0.54923,0.363289
2.16597,-0.665511,1,-0.630584,0.363289
2.16622,-0.388596,1,-0.439389,0.363289
2.16647,-0.0111157,1,-0.118369,0.363289
2.16672,0.244144,1,0.0995952,0.363289
2.16697,0.307064,0.440945,0.166306,0.363289
2.16722,0.285336,-1,0.185251,0.363289
2.16747,0.318295,-1,0.281441,0.363289
2.16772,0.410066,-1,0.450751,0.363289
2.16797,0.417514,-1,0.532222,0.363289
2.16822,0.20364,-1,0.363625,0.363289
2.16847,-0.195809,-0.519685,-0.0294373,0.363289
2.16872,-0.565862,1,-0.421635,0.363289
2.16897,-0.680901,1,-0.59593,0.363289
2.16922,-0.494358,1,-0.486211,0.363289
2.16947,-0.168317,1,-0.23743,0.363289
2.16972,0.0815212,1,-0.0411028,0.363289
2.16997,0.171829,1,0.0192853,0.363289
2.17022,0.197199,-0.188976,0.0620761,0.363289
2.17047,0.289979,-1,0.196806,0.363289
2.17072,0.453652,-1,0.43325,0.363289
2.17097,0.535702,-1,0.594384,0.363289
2.17122,0.37634,-1,0.500493,0.363289
2.17147,-0.0152359,-1,0.152521,0.363289
2.17172,-0.433612,-0.00787402,-0.272735,0.363289
2.17197,-0.637151,1,-0.511909,0.363289
2.17222,-0.545018,1,-0.474865,0.363289
2.17247,-0.288112,1,-0.304144,0.363289
2.17272,-0.0702833,1,-0.155845,0.363289
2.17297,0.0206871,1,-0.118984,0.363289
2.17322,0.0696686,1,-0.078199,0.363289
2.17347,0.208387,-0.984252,0.0786181,0.363289
2.17372,0.44158,-1,0.362432,0.363289
2.17397,0.608379,-1,0.605567,0.363289
2.17422,0.525005,-1,0.607928,0.363289
2.17447,0.169947,-1,0.303184,0.363289
2.17472,-0.268725,-1,-0.113996,0.363289
2.17497,-0.541029,0.322835,-0.399416,0.363289
2.17522,-0.537276,1,-0.438828,0.363289
2.17547,-0.358512,1,-0.32784,0.363289
2.17572,-0.192949,1,-0.241394,0.363289
2.17597,-0.127624,1,-0.249417,0.363289
2.17622,-0.0805343,1,-0.243521,0.363289
2.17647,0.0830629,0.275591,-0.0782646,0.363289
2.17672,0.374101,-1,0.246712,0.363289
2.17697,0.626956,-1,0.55839,0.363289
2.17722,0.633981,-1,0.646123,0.363289
2.17747,0.340683,-1,0.430916,0.363289
2.17772,-0.088921,-1,0.0532724,0.363289
2.17797,-0.404625,-0.866142,-0.253447,0.363289
2.17822,-0.474639,0.685039,-0.339484,0.363289
2.17847,-0.373431,1,-0.290858,0.363289
2.17872,-0.272465,1,-0.256242,0.363289
2.17897,-0.254614,1,-0.319908,0.363289
2.17922,-0.235413,1,-0.368554,0.363289
2.17947,-0.0716757,1,-0.229053,0.363289
2.17972,0.258233,-0.566929,0.101972,0.363289
2.17997,0.588665,-1,0.481378,0.363289
2.18022,0.691881,-1,0.652006,0.363289
2.18047,0.47936,-1,0.510108,0.363289
2.18072,0.0861256,-1,0.190287,0.363289
2.18097,-0.244377,-1,-0.108801,0.363289
2.18122,-0.366691,-0.543307,-0.22817,0.363289
2.18147,-0.333005,1,-0.226917,0.363289
2.18172,-0.300161,1,-0.25076,0.363289
2.18197,-0.344496,1,-0.3699,0.363289
2.18222,-0.376139,1,-0.47654,0.363289
2.18247,-0.238725,1,-0.389432,0.363289
2.18272,0.105813,0.661417,-0.0600363,0.363289
2.18297,0.497606,-1,0.360959,0.363289
2.18322,0.693522,-1,0.609584,0.363289
2.18347,0.572534,-1,0.562975,0.363289
2.18372,0.238667,-1,0.308161,0.363289
2.18397,-0.0787717,-1,0.0499002,0.363289
2.18423,-0.227575,-1,-0.0782703,0.363289
2.18448,-0.244092,-0.181102,-0.105826,0.363289
2.18473,-0.273391,1,-0.185867,0.363289
2.18498,-0.386515,1,-0.362706,0.363289
2.18523,-0.486274,1,-0.54885,0.363289
2.18548,-0.399678,1,-0.527351,0.363289
2.18573,-0.067226,0.181102,-0.24171,0.363289
2.18598,0.363322,-1,0.186342,0.363289
2.18623,0.639744,-1,0.492879,0.363289
2.18648,0.612348,-1,0.526055,0.363289
2.18673,0.353186,-1,0.329337,0.363289
2.18698,0.0736244,-1,0.0966847,0.363289
2.18723,-0.0744492,-0.228346,-0.0173838,0.363289
2.18748,-0.11843,1,-0.0627395,0.363289
2.18773,-0.195837,1,-0.162264,0.363289
2.18798,-0.375315,1,-0.383401,0.363289
2.18823,-0.552732,1,-0.604339,0.363289
2.18848,-0.536894,1,-0.610629,0.363289
2.18873,-0.24286,-0.818898,-0.301086,0.363289
2.18898,0.200046,-1,0.16687,0.363289
2.18923,0.537224,-1,0.561051,0.363289
2.18948,0.596324,-1,0.677233,0.363289
2.18973,0.41924,-1,0.538552,0.363289
2.18998,0.196554,-1,0.318566,0.363289
2.19023,0.0745338,-0.448819,0.174342,0.363289
2.19048,0.0288694,1,0.0812388,0.363289
2.19073,-0.0768406,1,-0.100768,0.363289
2.19098,-0.311732,1,-0.412253,0.363289
2.19123,-0.567817,1,-0.743946,0.363289
2.19148,-0.636086,1,-0.8476,0.363289
2.19173,-0.403486,0.0944882,-0.61633,0.363289
2.19198,0.0244179,-1,-0.148273,0.363289
2.19223,0.397695,-1,0.301596,0.363289
2.19248,0.528309,-1,0.525298,0.363289
2.19273,0.431462,-1,0.523757,0.363289
2.19298,0.277108,-1,0.423425,0.363289
2.19323,0.202298,-1,0.375906,0.363289
2.19348,0.180351,0.88189,0.343331,0.363289
2.19373,0.070464,1,0.191661,0.363289
2.19398,-0.202453,1,-0.163502,0.363289
2.19423,-0.52962,1,-0.568284,0.363289
2.19448,-0.686937,1,-0.795515,0.363289
2.19473,-0.532957,1,-0.66893,0.363289
2.19498,-0.145676,-0.889764,-0.285359,0.363289
2.19523,0.236746,-1,0.135285,0.363289
2.19548,0.417334,-1,0.375216,0.363289
2.19573,0.390569,-1,0.419276,0.363289
2.19598,0.30746,-1,0.383313,0.363289
2.19623,0.294484,-1,0.398433,0.363289
2.19648,0.318488,-1,0.419315,0.363289
2.19673,0.229604,1,0.300096,0.363289
2.19698,-0.0584792,1,-0.045577,0.363289
2.19723,-0.441732,1,-0.506146,0.363289
2.19748,-0.684784,1,-0.81404,0.363289
2.19773,-0.61917,1,-0.796079,0.363289
2.19798,-0.293536,1,-0.480763,0.363289
2.19823,0.0718854,-1,-0.0811643,0.363289
2.19848,0.276872,-1,0.181253,0.363289
2.19873,0.302923,-1,0.29821,0.363289
2.19898,0.285321,-1,0.36448,0.363289
2.19923,0.340886,-1,0.488165,0.363289
2.19948,0.427744,-1,0.606833,0.363289
2.19973,0.383725,0.417323,0.554948,0.363289
2.19998,0.105684,1,0.236176,0.363289
2.20023,-0.313047,1,-0.251194,0.363289
2.20048,-0.630359,1,-0.654811,0.363289
2.20073,-0.654597,1,-0.756462,0.363289
2.20098,-0.404681,1,-0.550199,0.363289
2.20123,-0.0805329,0.566929,-0.226585,0.363289
2.20148,0.122877,-1,-0.00556432,0.363289
2.20173,0.17926,-1,0.112225,0.363289
2.20198,0.214102,-1,0.222783,0.363289
2.20223,0.336595,-1,0.413571,0.363289
2.20248,0.496362,-1,0.627225,0.363289
2.20273,0.51633,-1,0.662197,0.363289
2.20298,0.272803,1,0.399775,0.363289
2.20323,-0.156438,1,-0.0700213,0.363289
2.20348,-0.529861,1,-0.51773,0.363289
2.20373,-0.637169,1,-0.701959,0.363289
2.20398,-0.469607,1,-0.594885,0.363289
2.20423,-0.204726,1,-0.351915,0.363289
2.20448,-0.0276101,0.00787402,-0.165174,0.363289
2.20473,0.0341421,-1,-0.0579012,0.363289
2.20498,0.102135,-1,0.0776535,0.363289
2.20523,0.282203,-1,0.334785,0.363289
2.20548,0.516586,-1,0.637908,0.363289
2.20573,0.61384,-1,0.777669,0.363289
2.20598,0.426577,-0.267717,0.598881,0.363289
2.20623,0.0123455,1,0.148563,0.363289
2.20648,-0.394124,1,-0.316646,0.363289
2.20673,-0.57007,1,-0.580978,0.363289
2.20698,-0.483045,1,-0.570508,0.363289
2.20723,-0.288656,1,-0.428191,0.363289
2.20748,-0.158765,1,-0.3101,0.363289
2.20773,-0.116189,-0.92126,-0.252759,0.363289
2.20798,-0.0380848,-1,-0.121583,0.363289
2.20823,0.182897,-1,0.170299,0.363289
2.20848,0.486609,-1,0.550259,0.363289
2.20873,0.666424,-1,0.792406,0.363289
2.20899,0.55225,-1,0.707345,0.363289
2.20924,0.176756,0.889764,0.322294,0.363289
2.20949,-0.237101,1,-0.139276,0.363289
2.20974,-0.461516,1,-0.42968,0.363289
2.20999,-0.445516,1,-0.48265,0.363289
2.21024,-0.324812,1,-0.424979,0.363289
2.21049,-0.256687,1,-0.383702,0.363289
2.21074,-0.25583,1,-0.375795,0.363289
2.21099,-0.191733,-1,-0.278277,0.363289
2.21124,0.0494913,-1,0.0241882,0.363289
2.21149,0.408945,-1,0.465105,0.363289
2.21174,0.669361,-1,0.799149,0.363289
2.21199,0.637954,-1,0.815733,0.363289
2.21224,0.321368,-1,0.512143,0.363289
2.21249,-0.0747389,1,0.0946111,0.363289
2.21274,-0.323588,1,-0.214623,0.363289
2.21299,-0.362711,1,-0.337183,0.363289
2.21324,-0.3104,1,-0.377876,0.363289
2.21349,-0.311795,1,-0.449848,0.363289
2.21374,-0.369998,1,-0.538882,0.363289
2.21399,-0.342988,-0.244094,-0.51182,0.363289
2.21424,-0.105049,-1,-0.23807,0.363289
2.21449,0.291216,-1,0.223628,0.363289
2.21474,0.622799,-1,0.637253,0.363289
2.21499,0.676436,-1,0.76568,0.363289
2.21524,0.432601,-1,0.565686,0.363289
2.21549,0.0768787,-0.433071,0.227828,0.363289
2.21574,-0.171064,1,-0.0519773,0.363289
2.21599,-0.243686,1,-0.170201,0.363289
2.21624,-0.248383,1,-0.251362,0.363289
2.21649,-0.318757,1,-0.389354,0.363289
2.21674,-0.446828,1,-0.567399,0.363289
2.21699,-0.476349,1,-0.619008,0.363289
2.21724,-0.265304,-1,-0.389163,0.363289
2.21749,0.145221,-1,0.0758543,0.363289
2.21774,0.531754,-1,0.532718,0.363289
2.21799,0.664953,-1,0.735593,0.363289
2.21824,0.501,-1,0.628378,0.363289
2.21849,0.203587,-1,0.348987,0.363289
2.21874,-0.0197015,0.125984,0.120236,0.363289
2.21899,-0.101669,1,-0.0144073,0.363289
2.21924,-0.145731,1,-0.124402,0.363289
2.21949,-0.277205,1,-0.334953,0.363289
2.21974,-0.47888,1,-0.611916,0.363289
2.21999,-0.578734,1,-0.742199,0.363289
2.22024,-0.415903,0.15748,-0.5895,0.363289
2.22049,-0.0147986,-1,-0.149114,0.363289
2.22074,0.405559,-1,0.333307,0.363289
2.22099,0.605604,-1,0.621634,0.363289
2.22124,0.520909,-1,0.604759,0.363289
2.22149,0.293365,-1,0.430846,0.363289
2.22174,0.115844,-1,0.26641,0.363289
2.22199,0.0484192,1,0.188024,0.363289
2.22224,-0.0130256,1,0.075504,0.363289
2.22249,-0.191856,1,-0.176088,0.363289
2.22274,-0.462967,1,-0.532241,0.363289
2.22299,-0.640405,1,-0.764006,0.363289
2.22324,-0.542528,1,-0.697142,0.363289
2.22349,-0.173779,-1,-0.31361,0.363289
2.22374,0.256645,-1,0.155392,0.363289
2.22399,0.505346,-1,0.470087,0.396104
2.22424,0.491945,-1,0.537341,0.396104
2.22449,0.338714,-1,0.438537,0.396104
2.22474,0.222135,-1,0.348565,0.396104
2.22499,0.191485,-0.929134,0.311992,0.396104
2.22524,0.135862,1,0.225501,0.396104
2.22549,-0.0711039,1,-0.0519053,0.396104
2.22574,-0.401109,1,-0.46064,0.396104
2.22599,-0.655939,1,-0.790175,0.396104
2.22624,-0.633649,1,-0.813158,0.396104
2.22649,-0.317476,0.748031,-0.511724,0.396104
2.22674,0.0992452,-1,-0.0699918,0.396104
2.22699,0.374481,-1,0.265279,0.396104
2.22724,0.417934,-1,0.392303,0.396104
2.22749,0.335963,-1,0.398865,0.396104
2.22774,0.289382,-1,0.425384,0.396104
2.22799,0.313682,-1,0.473182,0.396104
2.22824,0.286234,0.464567,0.44078,0.396104
2.22849,0.073103,1,0.19128,0.396104
2.22874,-0.299391,1,-0.247091,0.396104
2.22899,-0.62433,1,-0.650113,0.396104
2.22924,-0.681864,1,-0.778755,0.396104
2.22949,-0.43183,1,-0.566538,0.396104
2.22974,-0.0511174,-0.0314961,-0.187641,0.396104
2.22999,0.226483,-1,0.114124,0.396104
2.23024,0.307125,-1,0.248589,0.396104
2.23049,0.286552,-1,0.298248,0.396104
2.23074,0.311682,-1,0.392994,0.396104
2.23099,0.403032,-1,0.521439,0.396104
2.23124,0.423803,-1,0.551098,0.396104
2.23149,0.226917,1,0.327323,0.396104
2.23174,-0.167488,1,-0.114644,0.396104
2.23199,-0.549159,1,-0.569909,0.396104
2.23224,-0.683039,1,-0.780553,0.396104
2.23249,-0.508344,1,-0.662308,0.396104
2.23274,-0.181455,1,-0.345908,0.396104
2.23299,0.0753188,-0.574803,-0.0717879,0.396104
2.23324,0.170957,-1,0.0767695,0.396104
2.23349,0.196063,-1,0.178435,0.396104
2.23375,0.287513,-1,0.357347,0.396104
2.234,0.451885,-1,0.582264,0.396104
2.23425,0.535864,-1,0.699677,0.396104
2.2345,0.376158,0.251969,0.543614,0.396104
2.23475,-0.01792,1,0.11099,0.396104
2.235,-0.437853,1,-0.379534,0.396104
2.23525,-0.638037,1,-0.66006,0.396104
2.2355,-0.5399,1,-0.634532,0.396104
2.23575,-0.279927,1,-0.414234,0.396104
2.236,-0.0649089,1,-0.207977,0.396104
2.23625,0.0225903,-1,-0.0956271,0.396104
2.2365,0.0736751,-1,0.00207682,0.396104
2.23675,0.21965,-1,0.228143,0.396104
2.237,0.455801,-1,0.543228,0.396104
2.23725,0.612109,-1,0.75649,0.396104
2.2375,0.507136,-1,0.673171,0.396104
2.23775,0.135269,1,0.282458,0.396104
2.238,-0.301033,1,-0.198395,0.396104
2.23825,-0.55184,1,-0.518665,0.396104
2.2385,-0.524671,1,-0.574516,0.396104
2.23875,-0.338024,1,-0.456844,0.396104
2.239,-0.181227,1,-0.325046,0.396104
2.23925,-0.124321,0.433071,-0.26496,0.396104
2.2395,-0.0689805,-1,-0.162928,0.396104
2.23975,0.115089,-1,0.0765235,0.396104
2.24,0.414994,-1,0.46062,0.396104
2.24025,0.646159,-1,0.763079,0.396104
2.2405,0.608345,-1,0.771493,0.396104
2.24075,0.278246,-0.133858,0.450747,0.396104
2.241,-0.151595,1,-0.00761826,0.396104
2.24125,-0.433106,1,-0.348392,0.396104
2.2415,-0.465152,1,-0.455765,0.396104
2.24175,-0.351356,1,-0.415318,0.396104
2.242,-0.263485,1,-0.378452,0.396104
2.24225,-0.255671,1,-0.394327,0.396104
2.2425,-0.218379,-0.905512,-0.333972,0.396104
2.24275,-0.0165043,-1,-0.0959357,0.396104
2.243,0.333902,-1,0.323157,0.396104
2.24325,0.635743,-1,0.703893,0.396104
2.2435,0.671169,-1,0.795035,0.396104
2.24375,0.398823,-1,0.544448,0.396104
2.244,-0.0033895,0.653543,0.12923,0.396104
2.24425,-0.293029,1,-0.209144,0.396104
2.2445,-0.367606,1,-0.34266,0.396104
2.24475,-0.319394,1,-0.37298,0.396104
2.245,-0.304908,1,-0.42417,0.396104
2.24525,-0.360499,1,-0.501602,0.396104
2.2455,-0.361137,0.818898,-0.503548,0.396104
2.24575,-0.162551,-1,-0.263606,0.396104
2.246,0.220187,-1,0.178697,0.396104
2.24625,0.582301,-1,0.624543,0.396104
2.2465,0.690654,-1,0.819115,0.396104
2.24675,0.486626,-1,0.664226,0.396104
2.247,0.13115,-1,0.326149,0.396104
2.24725,-0.144721,1,0.0231696,0.396104
2.2475,-0.240884,1,-0.134139,0.396104
2.24775,-0.245683,1,-0.21355,0.396104
2.248,-0.302381,1,-0.367624,0.396104
2.24825,-0.429773,1,-0.560852,0.396104
2.2485,-0.484966,1,-0.652905,0.396104
2.24875,-0.310106,-0.88189,-0.47626,0.396104
2.249,0.0848053,-1,-0.0449896,0.396104
2.24925,0.491061,-1,0.426893,0.396104
2.2495,0.665849,-1,0.684174,0.396104
2.24975,0.533945,-1,0.610477,0.396104
2.25,0.239811,-1,0.35107,0.396104
2.25025,-0.000737678,-0.543307,0.116117,0.396104
2.2505,-0.0969406,1,-0.00781375,0.396104
2.25075,-0.137622,1,-0.108638,0.396104
2.251,-0.257047,1,-0.298699,0.396104
2.25125,-0.4579,1,-0.559795,0.396104
2.2515,-0.578697,1,-0.725212,0.396104
2.25175,-0.44606,0.779528,-0.597168,0.396104
2.252,-0.0606054,-1,-0.184246,0.396104
2.25225,0.371195,-1,0.297554,0.396104
2.2525,0.599632,-1,0.612308,0.396104
2.25275,0.537698,-1,0.62973,0.396104
2.253,0.313767,-1,0.45986,0.396104
2.25325,0.126312,-1,0.291879,0.396104
2.2535,0.0516003,0.204724,0.203588,0.396104
2.25375,-0.00475473,1,0.091672,0.396104
2.254,-0.173441,1,-0.149735,0.396104
2.25425,-0.443475,1,-0.504597,0.396104
2.2545,-0.635475,1,-0.763386,0.396104
2.25475,-0.558924,1,-0.732276,0.396104
2.255,-0.202536,-0.622047,-0.374377,0.396104
2.25525,0.233345,-1,0.0962814,0.396104
2.2555,0.498292,-1,0.424052,0.396104
2.25575,0.498149,-1,0.495063,0.396104
2.256,0.347032,-1,0.411706,0.396104
2.25625,0.225642,-1,0.337268,0.396104
2.2565,0.192314,-1,0.310762,0.396104
2.25675,0.140829,1,0.233232,0.396104
2.257,-0.0594338,1,-0.0102007,0.396104
2.25725,-0.38842,1,-0.409492,0.396104
2.2575,-0.650994,1,-0.744542,0.396104
2.25775,-0.639505,1,-0.781294,0.396104
2.258,-0.32897,0.96063,-0.487028,0.396104
2.25826,0.0897085,-1,-0.0450525,0.396104
2.25851,0.371018,-1,0.283417,0.396104
2.25876,0.418955,-1,0.405795,0.396104
2.25901,0.337478,-1,0.405516,0.396104
2.25926,0.289427,-1,0.418877,0.396104
2.25951,0.313314,-1,0.472272,0.396104
2.25976,0.287197,-0.015748,0.434886,0.396104
2.26001,0.0745174,1,0.18031,0.396104
2.26026,-0.298691,1,-0.268286,0.396104
2.26051,-0.624615,1,-0.673685,0.396104
2.26076,-0.681353,1,-0.797642,0.396104
2.26101,-0.429507,1,-0.593541,0.396104
2.26126,-0.0476205,0.204724,-0.221318,0.396104
2.26151,0.22883,-1,0.0904013,0.396104
2.26176,0.307417,-1,0.224511,0.396104
2.26201,0.286373,-1,0.281004,0.396104
2.26226,0.313168,-1,0.389993,0.396104
2.26251,0.405313,-1,0.527766,0.396104
2.26276,0.421753,-1,0.563985,0.396104
2.26301,0.217012,1,0.34729,0.396104
2.26326,-0.182313,1,-0.105404,0.396104
2.26351,-0.55953,1,-0.544901,0.396104
2.26376,-0.681512,1,-0.749735,0.396104
2.26401,-0.495726,1,-0.621565,0.396104
2.26426,-0.1669,1,-0.306553,0.396104
2.26451,0.0835636,-0.228346,-0.046877,0.396104
2.26476,0.172689,-1,0.0854781,0.396104
2.26501,0.198679,-1,0.178568,0.396104
2.26526,0.295853,-1,0.352786,0.396104
2.26551,0.461133,-1,0.579056,0.396104
2.26576,0.533986,-1,0.695797,0.396104
2.26601,0.355779,0.125984,0.517974,0.396104
2.26626,-0.049713,1,0.0736502,0.396104
2.26651,-0.461976,1,-0.404027,0.396104
2.26676,-0.640403,1,-0.66258,0.396104
2.26701,-0.522283,1,-0.613978,0.396104
2.26726,-0.258364,1,-0.392635,0.396104
2.26751,-0.0529388,1,-0.192519,0.396104
2.26776,0.0262106,-0.968504,-0.0909157,0.396104
2.26801,0.0816436,-1,0.0194818,0.396104
2.26826,0.239567,-1,0.246754,0.396104
2.26851,0.47766,-1,0.565876,0.396104
2.26876,0.61519,-1,0.763253,0.396104
2.26901,0.479333,-1,0.640709,0.396104
2.26926,0.0871703,1,0.240396,0.396104
2.26951,-0.340803,1,-0.239974,0.396104
2.26976,-0.561954,1,-0.534935,0.396104
2.27001,-0.507521,1,-0.562663,0.396104
2.27026,-0.315005,1,-0.431177,0.396104
2.27051,-0.169721,1,-0.31121,0.396104
2.27076,-0.120412,0.496063,-0.25738,0.396104
2.27101,-0.0545283,-1,-0.153042,0.396104
2.27126,0.149861,-1,0.109082,0.396104
2.27151,0.454567,-1,0.497789,0.396104
2.27176,0.659674,-1,0.775992,0.396104
2.27201,0.577652,-1,0.741728,0.396104
2.27226,0.217462,0.015748,0.398082,0.396104
2.27251,-0.206349,1,-0.0545007,0.396104
2.27276,-0.452958,1,-0.355575,0.396104
2.27301,-0.452846,1,-0.441987,0.396104
2.27326,-0.332669,1,-0.388789,0.396104
2.27351,-0.258195,1,-0.368044,0.396104
2.27376,-0.256126,1,-0.3811,0.396104
2.27401,-0.199008,-0.905512,-0.307213,0.396104
2.27426,0.0346936,-1,-0.0380573,0.396104
2.27451,0.394897,-1,0.391274,0.396104
2.27476,0.66474,-1,0.73356,0.396104
2.27501,0.643318,-1,0.765475,0.396104
2.27526,0.329877,-1,0.470395,0.396104
2.27551,-0.0695393,0.685039,0.0536894,0.396104
2.27576,-0.322595,1,-0.242611,0.396104
2.27601,-0.36259,1,-0.352716,0.396104
2.27626,-0.310435,1,-0.36871,0.396104
2.27651,-0.312264,1,-0.433155,0.396104
2.27676,-0.370581,1,-0.522318,0.396104
2.27701,-0.340437,0.519685,-0.481383,0.396104
2.27726,-0.0961107,-1,-0.202766,0.396104
2.27751,0.30437,-1,0.264272,0.396104
2.27776,0.630912,-1,0.677675,0.396104
2.27801,0.671215,-1,0.79637,0.396104
2.27826,0.415372,-1,0.588535,0.396104
2.27851,0.0584492,-0.748031,0.240754,0.396104
2.27876,-0.180461,1,-0.0265339,0.396104
2.27901,-0.24431,1,-0.146181,0.396104
2.27926,-0.250389,1,-0.23131,0.396104
2.27951,-0.328292,1,-0.392382,0.396104
2.27976,-0.455951,1,-0.587394,0.396104
2.28001,-0.467839,1,-0.625569,0.396104
2.28026,-0.231452,-1,-0.383923,0.396104
2.28051,0.191188,-1,0.0770181,0.396104
2.28076,0.5616,-1,0.513112,0.396104
2.28101,0.659573,-1,0.696378,0.396104
2.28126,0.467409,-1,0.564734,0.396104
2.28151,0.167481,-1,0.293294,0.396104
2.28176,-0.0379886,-0.354331,0.0756815,0.396104
2.28201,-0.106254,1,-0.0241504,0.396104
2.28226,-0.157645,1,-0.130259,0.396104
2.28251,-0.306429,1,-0.354345,0.396104
2.28276,-0.506549,1,-0.6241,0.396104
2.28302,-0.572154,1,-0.732206,0.396104
2.28327,-0.360256,0.181102,-0.52418,0.396104
2.28352,0.0654967,-1,-0.0623429,0.396104
2.28377,0.463142,-1,0.397304,0.396104
2.28402,0.609381,-1,0.61334,0.396104
2.28427,0.481467,-1,0.567003,0.396104
2.28452,0.249379,-1,0.377618,0.396104
2.28477,0.0945607,-1,0.237626,0.396104
2.28502,0.0402434,0.472441,0.161833,0.396104
2.28527,-0.0396844,1,0.033279,0.396104
2.28552,-0.249059,1,-0.242512,0.396104
2.28577,-0.520241,1,-0.596162,0.396104
2.28602,-0.64585,1,-0.783974,0.396104
2.28627,-0.47295,1,-0.643401,0.396104
2.28652,-0.0622954,-1,-0.222683,0.396104
2.28677,0.343762,-1,0.224965,0.396104
2.28702,0.525095,-1,0.473133,0.396104
2.28727,0.456904,-1,0.486484,0.396104
2.28752,0.298122,-1,0.388272,0.396104
2.28777,0.207574,-1,0.330951,0.396104
2.28802,0.185238,-0.858268,0.30226,0.396104
2.28827,0.0942792,1,0.179625,0.396104
2.28852,-0.162209,1,-0.129132,0.396104
2.28877,-0.496732,1,-0.537719,0.396104
2.28902,-0.684211,1,-0.79857,0.396104
2.28927,-0.560577,1,-0.723653,0.396104
2.28952,-0.18255,0.275591,-0.353734,0.396104
2.28977,0.213057,-1,0.0620883,0.396104
2.29002,0.412679,-1,0.318511,0.396104
2.29027,0.395515,-1,0.38389,0.396104
2.29052,0.310482,-1,0.375348,0.396104
2.29077,0.293554,-1,0.406569,0.396104
2.29102,0.318465,-1,0.458314,0.396104
2.29127,0.234104,0.661417,0.361713,0.396104
2.29152,-0.0529158,1,0.0324653,0.396104
2.29177,-0.439548,1,-0.427547,0.396104
2.29202,-0.685045,1,-0.747636,0.396104
2.29227,-0.616394,1,-0.734771,0.396104
2.29252,-0.284827,1,-0.427281,0.396104
2.29277,0.0810138,-0.244094,-0.0565355,0.396104
2.29302,0.280706,-1,0.186963,0.396104
2.29327,0.301717,-1,0.273493,0.396104
2.29352,0.28614,-1,0.330263,0.396104
2.29377,0.347141,-1,0.459492,0.396104
2.29402,0.431191,-1,0.577762,0.396104
2.29427,0.36963,-0.590551,0.5148,0.396104
2.29452,0.0695819,1,0.184129,0.396104
2.29477,-0.354347,1,-0.296506,0.396104
2.29502,-0.649271,1,-0.67285,0.396104
2.29527,-0.636393,1,-0.736533,0.396104
2.29552,-0.361751,1,-0.508591,0.396104
2.29577,-0.0426489,1,-0.212621,0.396104
2.29602,0.138597,-0.614173,-0.00388833,0.396104
2.29627,0.182135,-1,0.0828187,0.396104
2.29652,0.227442,-1,0.204041,0.396104
2.29677,0.365919,-1,0.43105,0.396104
2.29702,0.516125,-1,0.654521,0.396104
2.29727,0.490773,-1,0.663833,0.396104
2.29752,0.19511,1,0.363365,0.396104
2.29777,-0.248868,1,-0.124062,0.396104
2.29802,-0.580077,1,-0.523233,0.396104
2.29827,-0.618809,1,-0.637257,0.396104
2.29852,-0.407292,1,-0.485097,0.396104
2.29877,-0.148802,1,-0.261449,0.396104
2.29902,-0.00425701,0.669291,-0.117908,0.396104
2.29927,0.0450272,-1,-0.0414488,0.396104
2.29952,0.138971,-1,0.109454,0.396104
2.29977,0.349591,-1,0.392254,0.396104
2.30002,0.568304,-1,0.676168,0.396104
2.30027,0.5895,-1,0.74058,0.396104
2.30052,0.314117,-0.149606,0.472916,0.396104
2.30077,-0.130811,1,-0.00113393,0.396104
2.30102,-0.48346,1,-0.405071,0.396104
2.30127,-0.565155,1,-0.567368,0.396104
2.30152,-0.417925,1,-0.491594,0.396104
2.30177,-0.230176,1,-0.351356,0.396104
2.30202,-0.137861,1,-0.272265,0.396104
2.30227,-0.0995996,-0.338583,-0.21562,0.396104
2.30252,0.0278017,-1,-0.0414468,0.396104
2.30277,0.300929,-1,0.296805,0.396104
2.30302,0.585635,-1,0.666248,0.396104
2.30327,0.659123,-1,0.797533,0.396104
2.30352,0.417775,-1,0.590546,0.396104
2.30377,-0.0103511,0.866142,0.154964,0.396104
2.30402,-0.366216,1,-0.243627,0.396104
2.30427,-0.479387,1,-0.420495,0.396104
2.30452,-0.392755,1,-0.421719,0.396104
2.30477,-0.281571,1,-0.370389,0.396104
2.30502,-0.253783,1,-0.383032,0.396104
2.30527,-0.243027,0.330709,-0.369537,0.396104
2.30552,-0.0977066,-1,-0.193298,0.396104
2.30577,0.224694,-1,0.181125,0.396104
2.30602,0.568213,-1,0.60521,0.396104
2.30627,0.695091,-1,0.797327,0.396104
2.30652,0.497975,-1,0.635675,0.396104
2.30677,0.103497,0.519685,0.254739,0.396104
2.30702,-0.236992,1,-0.117455,0.396104
2.30727,-0.366539,1,-0.304365,0.396104
2.30752,-0.333563,1,-0.335366,0.396104
2.30778,-0.30019,1,-0.363949,0.396104
2.30803,-0.345586,1,-0.447059,0.396104
2.30828,-0.375388,0.92126,-0.477213,0.396104
2.30853,-0.228131,-1,-0.306187,0.396104
2.30878,0.127575,-1,0.0978324,0.396104
2.30903,0.518533,-1,0.556731,0.396104
2.30928,0.695489,-1,0.800656,0.396104
2.30953,0.548443,-1,0.705451,0.396104
2.30978,0.202368,-0.354331,0.36139,0.396104
2.31003,-0.105013,1,0.0275627,0.396104
2.31028,-0.234381,1,-0.15552,0.396104
2.31053,-0.244428,1,-0.239578,0.396104
2.31078,-0.285413,1,-0.363015,0.396104
2.31103,-0.407919,1,-0.53635,0.396104
2.31128,-0.488536,1,-0.62789,0.396104
2.31153,-0.354944,-1,-0.479117,0.396104
2.31178,0.0175309,-1,-0.05859,0.396104
2.31203,0.441536,-1,0.425609,0.396104
2.31228,0.660708,-1,0.726248,0.396104
2.31253,0.56598,-1,0.691771,0.396104
2.31278,0.278421,-1,0.417571,0.396104
2.31303,0.0211001,0.15748,0.154173,0.396104
2.31328,-0.0913934,1,-0.00629258,0.396104
2.31353,-0.13106,1,-0.110691,0.396104
2.31378,-0.239219,1,-0.299746,0.396104
2.31403,-0.438325,1,-0.567275,0.396104
2.31428,-0.576378,1,-0.735291,0.396104
2.31453,-0.469066,-0.141732,-0.626932,0.396104
2.31478,-0.0967233,-1,-0.220664,0.396104
2.31503,0.343706,-1,0.284692,0.396104
2.31528,0.593439,-1,0.612919,0.396104
2.31553,0.548512,-1,0.631847,0.396104
2.31578,0.327217,-1,0.461619,0.396104
2.31603,0.132892,-1,0.274433,0.396104
2.31628,0.0536209,0.818898,0.17373,0.396104
2.31653,-0.000856738,1,0.063116,0.396104
2.31678,-0.165602,1,-0.170396,0.396104
2.31703,-0.436117,1,-0.518349,0.396104
2.31728,-0.633727,1,-0.780268,0.396104
2.31753,-0.562495,0.937008,-0.734132,0.396104
2.31778,-0.206516,-1,-0.357659,0.396104
2.31803,0.231891,-1,0.120229,0.396104
2.31828,0.498674,-1,0.457865,0.396104
2.31853,0.497112,-1,0.540148,0.396104
2.31878,0.344653,-1,0.455443,0.396104
2.31903,0.224224,-1,0.35831,0.396104
2.31928,0.191949,-0.322835,0.317384,0.396104
2.31953,0.137443,1,0.234209,0.396104
2.31978,-0.0703627,1,-0.035705,0.396104
2.32003,-0.403183,1,-0.449974,0.396104
2.32028,-0.658124,1,-0.770251,0.396104
2.32053,-0.629222,1,-0.790636,0.396104
2.32078,-0.303421,-0.606299,-0.468943,0.396104
2.32103,0.115218,-1,-0.0210264,0.396104
2.32128,0.382344,-1,0.304897,0.396104
2.32153,0.414807,-1,0.409972,0.396104
2.32178,0.33023,-1,0.39487,0.396104
2.32203,0.289566,-1,0.382344,0.396104
2.32228,0.315729,-1,0.421443,0.396104
2.32253,0.275008,1,0.359887,0.396104
2.32278,0.0391897,1,0.0752083,0.396104
2.32303,-0.343409,1,-0.377056,0.396104
2.32328,-0.648881,1,-0.749412,0.396104
2.32353,-0.664665,1,-0.813372,0.396104
2.32378,-0.380722,0.566929,-0.54084,0.396104
2.32403,0.00114015,-1,-0.131349,0.448289
2.32428,0.251757,-1,0.168405,0.448289
2.32453,0.306394,-1,0.304696,0.448289
2.32478,0.28485,-1,0.363199,0.448289
2.32503,0.326018,-1,0.452007,0.448289
2.32528,0.418304,-1,0.56939,0.448289
2.32553,0.403995,0.0944882,0.541047,0.448289
2.32578,0.15496,1,0.241245,0.448289
2.32603,-0.261994,1,-0.240807,0.448289
2.32628,-0.607859,1,-0.672394,0.448289
2.32653,-0.666451,1,-0.797657,0.448289
2.32678,-0.432528,1,-0.599336,0.448289
2.32703,-0.102121,0.015748,-0.270046,0.448289
2.32728,0.115066,-1,-0.0232957,0.448289
2.32753,0.178347,-1,0.111589,0.448289
2.32778,0.211471,-1,0.217042,0.448289
2.32803,0.332402,-1,0.422174,0.448289
2.32828,0.494525,-1,0.630614,0.448289
2.32853,0.516592,-1,0.668691,0.448289
2.32878,0.268945,1,0.401531,0.448289
2.32903,-0.166584,1,-0.0909036,0.448289
2.32928,-0.538604,1,-0.528847,0.448289
2.32953,-0.634688,1,-0.707733,0.448289
2.32978,-0.454869,1,-0.581421,0.448289
2.33003,-0.188182,1,-0.345462,0.448289
2.33028,-0.0194002,-0.244094,-0.157469,0.448289
2.33053,0.038091,-1,-0.0620619,0.448289
2.33078,0.115163,-1,0.0896919,0.448289
2.33103,0.309706,-1,0.35994,0.448289
2.33128,0.541613,-1,0.66176,0.448289
2.33153,0.605834,-1,0.767676,0.448289
2.33178,0.373312,0.897638,0.528594,0.448289
2.33203,-0.0628403,1,0.0660674,0.448289
2.33228,-0.446135,1,-0.383458,0.448289
2.33254,-0.57095,1,-0.583626,0.448289
2.33279,-0.445989,1,-0.515976,0.448289
2.33304,-0.252081,1,-0.352467,0.448289
2.33329,-0.144364,0.944882,-0.250697,0.448289
2.33354,-0.106796,-1,-0.182834,0.448289
2.33379,0.00236789,-1,-0.0227384,0.448289
2.33404,0.260877,-1,0.305473,0.448289
2.33429,0.557347,-1,0.672544,0.448289
2.33454,0.667028,-1,0.833478,0.448289
2.33479,0.460697,-0.173228,0.633207,0.448289
2.33504,0.0406091,1,0.181609,0.448289
2.33529,-0.336629,1,-0.251439,0.448289
2.33554,-0.478998,1,-0.471198,0.448289
2.33579,-0.406279,1,-0.472224,0.448289
2.33604,-0.289776,1,-0.413184,0.448289
2.33629,-0.253487,1,-0.389465,0.448289
2.33654,-0.247437,-0.125984,-0.374554,0.448289
2.33679,-0.119939,-1,-0.197269,0.448289
2.33704,0.190128,-1,0.180641,0.448289
2.33729,0.5431,-1,0.615279,0.448289
2.33754,0.69697,-1,0.835454,0.448289
2.33779,0.525028,-1,0.695196,0.448289
2.33804,0.136897,0.889764,0.302173,0.448289
2.33829,-0.217121,1,-0.0854333,0.448289
2.33854,-0.364039,1,-0.29579,0.448289
2.33879,-0.337879,1,-0.353653,0.448289
2.33904,-0.299898,1,-0.378911,0.448289
2.33929,-0.341343,1,-0.455565,0.448289
2.33954,-0.377162,0.937008,-0.492029,0.448289
2.33979,-0.243563,-1,-0.332279,0.448289
2.34004,0.103732,-1,0.0667872,0.448289
2.34029,0.50098,-1,0.534237,0.448289
2.34054,0.694356,-1,0.802558,0.448289
2.34079,0.562172,-1,0.715334,0.448289
2.34104,0.218913,-0.259843,0.386114,0.448289
2.34129,-0.0953031,1,0.0501312,0.448289
2.34154,-0.232462,1,-0.14231,0.448289
2.34179,-0.244189,1,-0.228375,0.448289
2.34204,-0.282484,1,-0.345117,0.448289
2.34229,-0.403912,1,-0.51635,0.448289
2.34254,-0.488804,1,-0.622193,0.448289
2.34279,-0.361544,-0.992126,-0.481214,0.448289
2.34304,0.00763631,-1,-0.0638654,0.448289
2.34329,0.43484,-1,0.421503,0.448289
2.34354,0.659789,-1,0.720544,0.448289
2.34379,0.569027,-1,0.686098,0.448289
2.34404,0.281523,-1,0.422554,0.448289
2.34429,0.0222928,-0.0551181,0.141475,0.448289
2.34454,-0.0912987,1,-0.0115675,0.448289
2.34479,-0.130958,1,-0.122172,0.448289
2.34504,-0.239477,1,-0.303294,0.448289
2.34529,-0.439342,1,-0.573652,0.448289
2.34554,-0.576735,1,-0.75085,0.448289
2.34579,-0.466395,-0.0314961,-0.63607,0.448289
2.34604,-0.0907742,-1,-0.229453,0.448289
2.34629,0.349638,-1,0.281348,0.448289
2.34654,0.595406,-1,0.603348,0.448289
2.34679,0.544812,-1,0.632212,0.448289
2.34704,0.321224,-1,0.452579,0.448289
2.34729,0.129063,-1,0.281138,0.448289
2.34754,0.0524582,0.456693,0.180027,0.448289
2.34779,-0.00439022,1,0.0790634,0.448289
2.34804,-0.174302,1,-0.1733,0.448289
2.34829,-0.446965,1,-0.522475,0.448289
2.34854,-0.637208,1,-0.782991,0.448289
2.34879,-0.551687,0.913386,-0.728172,0.448289
2.34904,-0.185034,-1,-0.355683,0.448289
2.34929,0.251783,-1,0.129271,0.448289
2.34954,0.505165,-1,0.449803,0.448289
2.34979,0.490648,-1,0.506622,0.448289
2.35004,0.335111,-1,0.422307,0.448289
2.35029,0.21985,-1,0.336982,0.448289
2.35054,0.190543,-0.574803,0.301004,0.448289
2.35079,0.128762,1,0.211871,0.448289
2.35104,-0.0918342,1,-0.066734,0.448289
2.35129,-0.428235,1,-0.46968,0.448289
2.35154,-0.667806,1,-0.778724,0.448289
2.35179,-0.612332,1,-0.763619,0.448289
2.35204,-0.26831,-0.574803,-0.427714,0.448289
2.35229,0.147114,-1,0.0109996,0.448289
2.35254,0.394042,-1,0.324736,0.448289
2.35279,0.409037,-1,0.407303,0.448289
2.35304,0.322703,-1,0.388892,0.448289
2.35329,0.29035,-1,0.389783,0.448289
2.35354,0.31753,-1,0.427582,0.448289
2.35379,0.260695,1,0.345001,0.448289
2.35404,0.00229939,1,0.0352418,0.448289
2.35429,-0.385702,1,-0.423632,0.448289
2.35454,-0.667627,1,-0.767629,0.448289
2.35479,-0.644676,1,-0.791528,0.448289
2.35504,-0.33509,0.440945,-0.49323,0.448289
2.35529,0.0421184,-1,-0.0936947,0.448289
2.35554,0.268117,-1,0.182872,0.448289
2.35579,0.304176,-1,0.30324,0.448289
2.35604,0.28493,-1,0.357082,0.448289
2.35629,0.337768,-1,0.459343,0.448289
2.35654,0.426781,-1,0.566389,0.448289
2.35679,0.384326,0.149606,0.51362,0.448289
2.35704,0.101547,1,0.179326,0.448289
2.3573,-0.323425,1,-0.307738,0.448289
2.35755,-0.637701,1,-0.701318,0.448289
2.3578,-0.646661,1,-0.77566,0.448289
2.35805,-0.381362,1,-0.555305,0.448289
2.3583,-0.056966,0.102362,-0.220621,0.448289
2.35855,0.133864,-1,0.00525297,0.448289
2.3588,0.181349,-1,0.112147,0.448289
2.35905,0.224211,-1,0.240475,0.448289
2.3593,0.360924,-1,0.460019,0.448289
2.35955,0.513926,-1,0.653867,0.448289
2.3598,0.493408,-0.708661,0.649173,0.448289
2.36005,0.199782,1,0.332256,0.448289
2.3603,-0.246065,1,-0.161419,0.448289
2.36055,-0.580183,1,-0.570204,0.448289
2.3608,-0.618158,1,-0.685443,0.448289
2.36105,-0.404018,1,-0.527949,0.448289
2.3613,-0.144722,1,-0.289586,0.448289
2.36155,-0.00245042,-0.102362,-0.133433,0.448289
2.3618,0.0467977,-1,-0.0440559,0.448289
2.36205,0.144428,-1,0.122946,0.448289
2.3623,0.359792,-1,0.418731,0.448289
2.36255,0.575266,-1,0.706538,0.448289
2.3628,0.582189,-1,0.748721,0.448289
2.36305,0.290433,1,0.453709,0.448289
2.3633,-0.159077,1,-0.0246539,0.448289
2.36355,-0.498818,1,-0.429875,0.448289
2.3638,-0.560116,1,-0.57114,0.448289
2.36405,-0.401215,1,-0.467368,0.448289
2.3643,-0.217323,1,-0.322815,0.448289
2.36455,-0.134006,0.92126,-0.233119,0.448289
2.3648,-0.0928289,-1,-0.16624,0.448289
2.36505,0.051015,-1,0.0293291,0.448289
2.3653,0.336134,-1,0.380101,0.448289
2.36555,0.609258,-1,0.724571,0.448289
2.3658,0.645868,-1,0.809499,0.448289
2.36605,0.368022,0.251969,0.53831,0.448289
2.3663,-0.0680334,1,0.077786,0.448289
2.36655,-0.397996,1,-0.31138,0.448289
2.3668,-0.475504,1,-0.464658,0.448289
2.36705,-0.372996,1,-0.436679,0.448289
2.3673,-0.271236,1,-0.375935,0.448289
2.36755,-0.255079,1,-0.379464,0.448289
2.3678,-0.231109,-0.385827,-0.328074,0.448289
2.36805,-0.0513814,-1,-0.10425,0.448289
2.3683,0.292975,-1,0.300929,0.448289
2.36855,0.61487,-1,0.700732,0.448289
2.3688,0.681416,-1,0.827322,0.448289
2.36905,0.427258,-0.614173,0.598131,0.448289
2.3693,0.0213352,0.992126,0.184631,0.448289
2.36955,-0.283288,1,-0.174155,0.448289
2.3698,-0.367873,1,-0.324109,0.448289
2.37005,-0.320847,1,-0.350365,0.448289
2.3703,-0.304409,1,-0.397552,0.448289
2.37055,-0.3603,1,-0.479538,0.448289
2.3708,-0.360632,0.448819,-0.476251,0.448289
2.37105,-0.15614,-1,-0.237589,0.448289
2.3713,0.23339,-1,0.219349,0.448289
2.37155,0.593416,-1,0.652706,0.448289
2.3718,0.686962,-1,0.814475,0.448289
2.37205,0.464782,-1,0.63025,0.448289
2.3723,0.104324,-0.0314961,0.265956,0.448289
2.37255,-0.16065,1,-0.0263074,0.448289
2.3728,-0.242834,1,-0.166423,0.448289
2.37305,-0.247657,1,-0.258092,0.448289
2.3733,-0.31625,1,-0.394544,0.448289
2.37355,-0.445939,1,-0.57615,0.448289
2.3738,-0.475501,1,-0.615849,0.448289
2.37405,-0.257471,-1,-0.378148,0.448289
2.3743,0.162267,-1,0.0922205,0.448289
2.37455,0.546492,-1,0.540094,0.448289
2.3748,0.662233,-1,0.73935,0.448289
2.37505,0.478437,-1,0.613244,0.448289
2.3753,0.175912,-1,0.325581,0.448289
2.37555,-0.035222,0,0.103068,0.448289
2.3758,-0.106086,1,-0.013199,0.448289
2.37605,-0.157183,1,-0.137118,0.448289
2.3763,-0.307245,1,-0.368649,0.448289
2.37655,-0.508932,1,-0.635154,0.448289
2.3768,-0.570709,1,-0.741581,0.448289
2.37705,-0.349503,-0.811024,-0.521019,0.448289
2.3773,0.0839749,-1,-0.0620301,0.448289
2.37755,0.477354,-1,0.398561,0.448289
2.3778,0.608521,-1,0.604708,0.448289
2.37805,0.466711,-1,0.532242,0.448289
2.3783,0.233417,-1,0.330957,0.448289
2.37855,0.0869878,-0.992126,0.190429,0.448289
2.3788,0.0361142,0.76378,0.123637,0.448289
2.37905,-0.0546953,1,-0.0199554,0.448289
2.3793,-0.27926,1,-0.309744,0.448289
2.37955,-0.54721,1,-0.654284,0.448289
2.3798,-0.64162,1,-0.800483,0.448289
2.38005,-0.426763,0,-0.595167,0.448289
2.3803,0.00356811,-1,-0.139386,0.448289
2.38055,0.390122,-1,0.294173,0.448289
2.3808,0.528309,-1,0.5071,0.448289
2.38105,0.430278,-1,0.4829,0.448289
2.3813,0.273954,-1,0.369361,0.448289
2.38155,0.201057,-1,0.314347,0.448289
2.3818,0.177537,-0.023622,0.278162,0.448289
2.38206,0.0546565,1,0.11591,0.448289
2.38231,-0.23472,1,-0.245689,0.448289
2.38256,-0.560382,1,-0.637504,0.448289
2.38281,-0.685085,1,-0.831014,0.448289
2.38306,-0.48508,0.732283,-0.66207,0.448289
2.38331,-0.0740252,-1,-0.243023,0.448289
2.38356,0.288892,-1,0.158962,0.448289
2.38381,0.424761,-1,0.369182,0.448289
2.38406,0.370839,-1,0.390043,0.448289
2.38431,0.29619,-1,0.379364,0.448289
2.38456,0.302428,-1,0.405219,0.448289
2.38481,0.311649,-0.787402,0.421316,0.448289
2.38506,0.165115,1,0.245011,0.448289
2.38531,-0.177277,1,-0.161604,0.448289
2.38556,-0.548652,1,-0.597547,0.448289
2.38581,-0.699593,1,-0.820154,0.448289
2.38606,-0.521101,1,-0.686133,0.448289
2.38631,-0.144756,-0.0944882,-0.314358,0.448289
2.38656,0.178935,-1,0.0374586,0.448289
2.38681,0.303882,-1,0.222878,0.448289
2.38706,0.290902,-1,0.288941,0.448289
2.38731,0.29978,-1,0.363452,0.448289
2.38756,0.387132,-1,0.49939,0.448289
2.38781,0.43266,-1,0.561351,0.448289
2.38806,0.270996,1,0.381014,0.448289
2.38831,-0.110722,1,-0.0453072,0.448289
2.38856,-0.513965,1,-0.514482,0.448289
2.38881,-0.684438,1,-0.766064,0.448289
2.38906,-0.532707,1,-0.662879,0.448289
2.38931,-0.205085,0.818898,-0.35737,0.448289
2.38956,0.0649026,-0.0944882,-0.0654734,0.448289
2.38981,0.169485,-1,0.0863795,0.448289
2.39006,0.195004,-1,0.176183,0.448289
2.39031,0.285702,-1,0.348437,0.448289
2.39056,0.451952,-1,0.579303,0.448289
2.39081,0.535492,-1,0.700436,0.448289
2.39106,0.366595,0.543307,0.535178,0.448289
2.39131,-0.0391719,1,0.0919089,0.448289
2.39156,-0.458463,1,-0.398314,0.448289
2.39181,-0.640409,1,-0.652978,0.448289
2.39206,-0.519602,1,-0.602551,0.448289
2.39231,-0.252067,1,-0.371242,0.448289
2.39256,-0.0480684,0.866142,-0.175071,0.448289
2.39281,0.0282586,-0.566929,-0.0695347,0.448289
2.39306,0.087504,-1,0.0411824,0.448289
2.39331,0.255353,-1,0.274894,0.448289
2.39356,0.49601,-1,0.595946,0.448289
2.39381,0.615531,-1,0.771782,0.448289
2.39406,0.44703,-0.11811,0.621284,0.448289
2.39431,0.0331758,1,0.193373,0.448289
2.39456,-0.385217,1,-0.278973,0.448289
2.39481,-0.569733,1,-0.531307,0.448289
2.39506,-0.481886,1,-0.517039,0.448289
2.39531,-0.284017,1,-0.363852,0.448289
2.39556,-0.155608,1,-0.264049,0.448289
2.39581,-0.114133,0.181102,-0.2077,0.448289
2.39606,-0.0263344,-1,-0.0828965,0.448289
2.39631,0.211285,-1,0.213474,0.448289
2.39656,0.517796,-1,0.584451,0.448289
2.39681,0.669898,-1,0.798912,0.448289
2.39706,0.508569,-0.779528,0.672907,0.448289
2.39731,0.102212,1,0.259748,0.448289
2.39756,-0.297731,1,-0.179892,0.448289
2.39781,-0.475173,1,-0.416441,0.448289
2.39806,-0.421218,1,-0.4362,0.448289
2.39831,-0.300025,1,-0.371888,0.448289
2.39856,-0.253687,1,-0.361091,0.448289
2.39881,-0.251454,0.929134,-0.350049,0.448289
2.39906,-0.140931,-1,-0.211708,0.448289
2.39931,0.156694,-1,0.144464,0.448289
2.39956,0.517488,-1,0.572034,0.448289
2.39981,0.696441,-1,0.820641,0.448289
2.40006,0.547882,-1,0.724487,0.448289
2.40031,0.164893,0.291339,0.342068,0.448289
2.40056,-0.200787,1,-0.0514051,0.448289
2.40081,-0.361442,1,-0.268861,0.448289
2.40106,-0.340653,1,-0.327519,0.448289
2.40131,-0.299944,1,-0.36574,0.448289
2.40156,-0.338784,1,-0.450653,0.448289
2.40181,-0.377857,1,-0.500175,0.448289
2.40206,-0.250601,-1,-0.357583,0.448289
2.40231,0.0945938,-1,0.0294722,0.448289
2.40256,0.495663,-1,0.506531,0.448289
2.40281,0.694063,-1,0.778082,0.448289
2.40306,0.563263,-1,0.693022,0.448289
2.40331,0.21812,-0.559055,0.368547,0.448289
2.40356,-0.0970434,0.291339,0.0297199,0.448289
2.40381,-0.233125,1,-0.148816,0.448289
2.40406,-0.24423,1,-0.227998,0.448289
2.40431,-0.284719,1,-0.350596,0.448289
2.40456,-0.40812,1,-0.529824,0.448289
2.40481,-0.48858,1,-0.640466,0.448289
2.40506,-0.35038,-0.448819,-0.49661,0.448289
2.40531,0.0291735,-1,-0.0772536,0.448289
2.40556,0.454211,-1,0.414754,0.448289
2.40581,0.663118,-1,0.701496,0.448289
2.40606,0.553663,-1,0.656334,0.448289
2.40631,0.259545,-1,0.39714,0.448289
2.40656,0.00813939,-0.629921,0.146224,0.448289
2.40682,-0.0954617,0.551181,0.0145996,0.448289
2.40707,-0.136193,1,-0.0891852,0.448289
2.40732,-0.255896,1,-0.281353,0.448289
2.40757,-0.459518,1,-0.562294,0.448289
2.40782,-0.579105,1,-0.737248,0.448289
2.40807,-0.435142,0.133858,-0.615173,0.448289
2.40832,-0.0365353,-1,-0.204678,0.448289
2.40857,0.395231,-1,0.278463,0.448289
2.40882,0.605054,-1,0.567045,0.448289
2.40907,0.51997,-1,0.551249,0.448289
2.40932,0.288091,-1,0.371726,0.448289
2.40957,0.111135,-1,0.218499,0.448289
2.40982,0.045968,-0.173228,0.151219,0.448289
2.41007,-0.0217981,1,0.0436913,0.448289
2.41032,-0.21562,1,-0.211273,0.448289
2.41057,-0.491809,1,-0.562253,0.448289
2.41082,-0.645572,1,-0.778221,0.448289
2.41107,-0.501738,0.685039,-0.659056,0.448289
2.41132,-0.0990706,-1,-0.252321,0.448289
2.41157,0.321195,-1,0.198823,0.448289
2.41182,0.522224,-1,0.463839,0.448289
2.41207,0.463605,-1,0.481959,0.448289
2.41232,0.30296,-1,0.371171,0.448289
2.41257,0.208511,-1,0.301365,0.448289
2.41282,0.1857,-0.88189,0.280628,0.448289
2.41307,0.0940361,1,0.154443,0.448289
2.41332,-0.166525,1,-0.159929,0.448289
2.41357,-0.504313,1,-0.562947,0.448289
2.41382,-0.685585,1,-0.81442,0.448289
2.41407,-0.546721,1,-0.715278,0.448289
2.41432,-0.15641,-0.559055,-0.331842,0.448289
2.41457,0.235569,-1,0.0892793,0.448289
2.41482,0.41814,-1,0.334691,0.448289
2.41507,0.387356,-1,0.383662,0.448289
2.41532,0.304271,-1,0.373102,0.448289
2.41557,0.29678,-1,0.39907,0.448289
2.41582,0.317191,-1,0.436684,0.448289
2.41607,0.20559,1,0.303172,0.448289
2.41632,-0.111358,1,-0.0591172,0.448289
2.41657,-0.496758,1,-0.520765,0.448289
2.41682,-0.697648,1,-0.792508,0.448289
2.41707,-0.568294,1,-0.70944,0.448289
2.41732,-0.205865,0.228346,-0.364368,0.448289
2.41757,0.141235,-0.559055,0.011068,0.448289
2.41782,0.297388,-1,0.217534,0.448289
2.41807,0.295147,-1,0.287479,0.448289
2.41832,0.293022,-1,0.356014,0.448289
2.41857,0.372849,-1,0.482561,0.448289
2.41882,0.435814,-1,0.571342,0.448289
2.41907,0.307779,0.511811,0.43151,0.448289
2.41932,-0.0530274,1,0.0294984,0.448289
2.41957,-0.470243,1,-0.452128,0.448289
2.41982,-0.681263,1,-0.740541,0.448289
2.42007,-0.565809,1,-0.686298,0.448289
2.42032,-0.245632,0.976378,-0.387719,0.448289
2.42057,0.0416509,0.314961,-0.0967533,0.448289
2.42082,0.164226,-0.661417,0.0635812,0.448289
2.42107,0.191001,-1,0.154182,0.448289
2.42132,0.270567,-1,0.312185,0.448289
2.42157,0.43467,-1,0.553093,0.448289
2.42182,0.536465,-1,0.702487,0.448289
2.42207,0.396343,0.015748,0.570887,0.448289
2.42232,0.005625,1,0.157646,0.448289
2.42257,-0.425685,1,-0.325322,0.448289
2.42282,-0.637274,1,-0.610456,0.448289
2.42307,-0.539841,1,-0.585969,0.448289
2.42332,-0.274967,1,-0.377854,0.448289
2.42357,-0.0595407,1,-0.172133,0.448289
2.42382,0.0246606,0.00787402,-0.0837565,0.448289
2.42407,0.0800037,-1,0.0137303,0.448539
2.42432,0.238635,-1,0.235661,0.448539
2.42457,0.480138,-1,0.54902,0.448539
2.42482,0.615472,-1,0.748123,0.448539
2.42507,0.467363,-0.692913,0.639172,0.448539
2.42532,0.0622866,1,0.224869,0.448539
2.42557,-0.364807,1,-0.242535,0.448539
2.42582,-0.567443,1,-0.509615,0.448539
2.42607,-0.491343,1,-0.508759,0.448539
2.42632,-0.293721,1,-0.367251,0.448539
2.42657,-0.159192,1,-0.265014,0.448539
2.42682,-0.115847,0.984252,-0.214028,0.448539
2.42707,-0.0331067,-1,-0.105255,0.448539
2.42732,0.199319,-1,0.189221,0.448539
2.42757,0.507835,-1,0.568897,0.448539
2.42782,0.669579,-1,0.794478,0.448539
2.42807,0.518309,-1,0.696916,0.448539
2.42832,0.115194,0.519685,0.291739,0.448539
2.42857,-0.289867,1,-0.13973,0.448539
2.42882,-0.474402,1,-0.380662,0.448539
2.42907,-0.423767,1,-0.415042,0.448539
2.42932,-0.301664,1,-0.362433,0.448539
2.42957,-0.25371,1,-0.353563,0.448539
2.42982,-0.251897,1,-0.368712,0.448539
2.43007,-0.14238,-0.905512,-0.23745,0.448539
2.43032,0.154894,-1,0.110276,0.448539
2.43057,0.516726,-1,0.537282,0.448539
2.43082,0.696467,-1,0.781922,0.448539
2.43107,0.546774,-1,0.680024,0.448539
2.43132,0.162197,-0.181102,0.318593,0.448539
2.43158,-0.203039,0.417323,-0.0749174,0.448539
2.43183,-0.362319,1,-0.274667,0.448539
2.43208,-0.34003,1,-0.328171,0.448539
2.43233,-0.29991,1,-0.362586,0.448539
2.43258,-0.340137,1,-0.4534,0.448539
2.43283,-0.377319,1,-0.515827,0.448539
2.43308,-0.244026,-0.472441,-0.370253,0.448539
2.43333,0.107099,-1,0.0187383,0.448539
2.43358,0.506515,-1,0.482768,0.448539
2.43383,0.695048,-1,0.745574,0.448539
2.43408,0.552387,-1,0.662349,0.448539
2.43433,0.202891,-0.913386,0.344207,0.448539
2.43458,-0.1073,-0.433071,0.0337785,0.448539
2.43483,-0.235309,0.425197,-0.129438,0.448539
2.43508,-0.244488,1,-0.203845,0.448539
2.43533,-0.289526,1,-0.326413,0.448539
2.43558,-0.415268,1,-0.527869,0.448539
2.43583,-0.4878,1,-0.655985,0.448539
2.43608,-0.332842,-0.0629921,-0.51892,0.448539
2.43633,0.0580945,-1,-0.106488,0.448539
2.43658,0.477456,-1,0.363273,0.448539
2.43683,0.665405,-1,0.626016,0.448539
2.43708,0.535524,-1,0.568701,0.448539
2.43733,0.236532,-1,0.317785,0.448539
2.43758,-0.00545389,-1,0.0978419,0.448539
2.43783,-0.0986054,-0.165354,-0.00231907,0.448539
2.43808,-0.141699,1,-0.081558,0.448539
2.43833,-0.271798,1,-0.273991,0.448539
2.43858,-0.476873,1,-0.55048,0.448539
2.43883,-0.578301,1,-0.705678,0.448539
2.43908,-0.405746,0.338583,-0.567082,0.448539
2.43933,0.00935827,-1,-0.151849,0.448539
2.43958,0.430049,-1,0.305786,0.448539
2.43983,0.608855,-1,0.551249,0.448539
2.44008,0.497872,-1,0.508147,0.448539
2.44033,0.263071,-1,0.327078,0.448539
2.44058,0.0992648,-1,0.182112,0.448539
2.44083,0.0417999,-0.732283,0.11598,0.448539
2.44108,-0.0368549,1,0.00680531,0.448539
2.44133,-0.247934,1,-0.25331,0.448539
2.44158,-0.522623,1,-0.595369,0.448539
2.44183,-0.645475,1,-0.779904,0.448539
2.44208,-0.460147,0.692913,-0.63027,0.448539
2.44233,-0.0381105,-0.858268,-0.210983,0.448539
2.44258,0.365131,-1,0.235791,0.448539
2.44283,0.527561,-1,0.459302,0.448539
2.44308,0.442255,-1,0.450292,0.448539
2.44333,0.282735,-1,0.353927,0.448539
2.44358,0.203095,-1,0.302101,0.448539
2.44383,0.180324,-1,0.280481,0.448539
2.44408,0.0652983,1,0.140531,0.448539
2.44433,-0.219407,1,-0.192648,0.448539
2.44458,-0.549945,1,-0.596122,0.448539
2.44483,-0.686141,1,-0.798659,0.448539
2.44508,-0.494306,1,-0.658337,0.448539
2.44533,-0.0832855,-0.133858,-0.255657,0.448539
2.44558,0.284731,-0.661417,0.144334,0.448539
2.44583,0.425003,-1,0.33703,0.448539
2.44608,0.371182,-1,0.359226,0.448539
2.44633,0.296134,-1,0.360618,0.448539
2.44658,0.302454,-1,0.419842,0.448539
2.44683,0.310919,-1,0.447819,0.448539
2.44708,0.160448,0.858268,0.284564,0.448539
2.44733,-0.186964,1,-0.11292,0.448539
2.44758,-0.557748,1,-0.541675,0.448539
2.44783,-0.698767,1,-0.764917,0.448539
2.44808,-0.507695,1,-0.624137,0.448539
2.44833,-0.126225,0.590551,-0.265988,0.448539
2.44858,0.191049,0.15748,0.057178,0.448539
2.44883,0.305489,-0.637795,0.212941,0.448539
2.44908,0.289622,-1,0.263319,0.448539
2.44933,0.303878,-1,0.354257,0.448539
2.44958,0.394049,-1,0.511486,0.448539
2.44983,0.428749,-1,0.587733,0.448539
2.45008,0.244467,0.496063,0.405624,0.448539
2.45033,-0.152201,1,-0.013471,0.448539
2.45058,-0.544891,1,-0.471858,0.448539
2.45083,-0.682812,1,-0.683137,0.448539
2.45108,-0.500639,1,-0.567416,0.448539
2.45133,-0.166615,1,-0.272144,0.448539
2.45158,0.0863973,0.944882,-0.0203661,0.448539
2.45183,0.173928,-0.125984,0.0882587,0.448539
2.45208,0.201181,-1,0.160595,0.448539
2.45233,0.306591,-1,0.337529,0.448539
2.45258,0.474278,-1,0.571186,0.448539
2.45283,0.528413,-1,0.684562,0.448539
2.45308,0.314415,0.125984,0.498499,0.448539
2.45333,-0.114535,1,0.0559554,0.448539
2.45358,-0.510947,1,-0.388394,0.448539
2.45383,-0.639146,1,-0.582803,0.448539
2.45408,-0.475301,1,-0.495323,0.448539
2.45433,-0.204345,1,-0.270662,0.448539
2.45458,-0.0251101,1,-0.116497,0.448539
2.45483,0.0362225,0.346457,-0.0476941,0.448539
2.45508,0.110935,-1,0.0685871,0.448539
2.45533,0.30467,-1,0.310254,0.448539
2.45558,0.539631,-1,0.614394,0.448539
2.45583,0.605641,-1,0.73618,0.448539
2.45608,0.368195,-0.220472,0.529625,0.448539
2.45634,-0.0744941,1,0.0823575,0.448539
2.45659,-0.456142,1,-0.334649,0.448539
2.45684,-0.569533,1,-0.51551,0.448539
2.45709,-0.434065,1,-0.451388,0.448539
2.45734,-0.240329,1,-0.30486,0.448539
2.45759,-0.140042,1,-0.219368,0.448539
2.45784,-0.101825,0.795276,-0.182632,0.448539
2.45809,0.0231957,-1,-0.018755,0.448539
2.45834,0.298203,-1,0.306754,0.448539
2.45859,0.58698,-1,0.661909,0.448539
2.45884,0.657215,-1,0.803133,0.448539
2.45909,0.404378,-0.590551,0.583245,0.448539
2.45934,-0.0316961,0.496063,0.146654,0.448539
2.45959,-0.381429,0.88189,-0.2382,0.448539
2.45984,-0.477533,1,-0.400695,0.448539
2.46009,-0.380511,1,-0.380758,0.448539
2.46034,-0.274186,1,-0.343555,0.448539
2.46059,-0.254468,1,-0.359723,0.448539
2.46084,-0.233468,1,-0.355363,0.448539
2.46109,-0.0583001,-1,-0.148865,0.448539
2.46134,0.287157,-1,0.240962,0.448539
2.46159,0.613353,-1,0.635562,0.448539
2.46184,0.681207,-1,0.780948,0.448539
2.46209,0.423337,-0.968504,0.563807,0.448539
2.46234,0.0134855,-0.259843,0.174639,0.448539
2.46259,-0.288964,0.102362,-0.15097,0.448539
2.46284,-0.367407,0.88189,-0.284861,0.448539
2.46309,-0.318256,1,-0.303499,0.448539
2.46334,-0.306132,1,-0.362624,0.448539
2.46359,-0.36368,1,-0.485002,0.448539
2.46384,-0.353778,1,-0.507052,0.448539
2.46409,-0.13005,-1,-0.285755,0.448539
2.46434,0.270618,-1,0.15131,0.448539
2.46459,0.617053,-1,0.561764,0.448539
2.46484,0.676852,-1,0.694598,0.448539
2.46509,0.425616,-1,0.507627,0.448539
2.46534,0.062234,-0.976378,0.16727,0.448539
2.46559,-0.181197,-0.614173,-0.0780348,0.448539
2.46584,-0.244381,0.488189,-0.173084,0.448539
2.46609,-0.251563,1,-0.234865,0.448539
2.46634,-0.335589,1,-0.388448,0.448539
2.46659,-0.463354,1,-0.585821,0.448539
2.46684,-0.456975,1,-0.623535,0.448539
2.46709,-0.190039,-0.724409,-0.373292,0.448539
2.46734,0.247829,-1,0.0906524,0.448539
2.46759,0.596205,-1,0.497812,0.448539
2.46784,0.644796,-1,0.618504,0.448539
2.46809,0.413711,-1,0.451269,0.448539
2.46834,0.114542,-1,0.197028,0.448539
2.46859,-0.0619398,-1,0.0322127,0.448539
2.46884,-0.114141,0.133858,-0.0390962,0.448539
2.46909,-0.184334,1,-0.153796,0.448539
2.46934,-0.361794,1,-0.391357,0.448539
2.46959,-0.54835,1,-0.643807,0.448539
2.46984,-0.538792,1,-0.68751,0.448539
2.47009,-0.236857,-0.338583,-0.408902,0.448539
2.47034,0.217875,-1,0.0642043,0.448539
2.47059,0.550787,-1,0.445637,0.448539
2.47084,0.587172,-1,0.543642,0.448539
2.47109,0.390574,-1,0.416737,0.448539
2.47134,0.170491,-1,0.237099,0.448539
2.47159,0.0642621,-1,0.151703,0.448539
2.47184,0.0169182,-0.181102,0.0839076,0.448539
2.47209,-0.120233,1,-0.0873316,0.448539
2.47234,-0.383026,1,-0.404688,0.448539
2.47259,-0.614447,1,-0.702301,0.448539
2.47284,-0.595879,1,-0.739071,0.448539
2.47309,-0.270469,0.0629921,-0.445078,0.448539
2.47334,0.179309,-0.850394,0.0229961,0.448539
2.47359,0.481499,-1,0.363496,0.448539
2.47384,0.507733,-1,0.457851,0.448539
2.47409,0.359171,-1,0.378137,0.448539
2.47434,0.229527,-1,0.298539,0.448539
2.47459,0.1927,-1,0.293607,0.448539
2.47484,0.142395,-0.464567,0.230719,0.448539
2.47509,-0.0617429,1,-0.0112987,0.448539
2.47534,-0.398123,1,-0.394254,0.448539
2.47559,-0.657866,1,-0.726443,0.448539
2.47584,-0.626447,1,-0.761914,0.448539
2.47609,-0.291555,0.496063,-0.462595,0.448539
2.47634,0.131146,-0.102362,-0.0331905,0.448539
2.47659,0.389999,-0.409449,0.262242,0.448539
2.47684,0.410383,-1,0.343538,0.448539
2.47709,0.323387,-1,0.337715,0.448539
2.47734,0.290477,-1,0.373051,0.448539
2.47759,0.317788,-1,0.449289,0.448539
2.47784,0.256577,-0.692913,0.405218,0.448539
2.47809,-0.010991,1,0.113288,0.448539
2.47834,-0.404212,1,-0.327763,0.448539
2.47859,-0.676072,1,-0.667349,0.448539
2.47884,-0.630156,1,-0.688583,0.448539
2.47909,-0.302416,0.96063,-0.417406,0.448539
2.47934,0.0724568,0.661417,-0.0619132,0.448539
2.47959,0.279475,0.23622,0.165922,0.448539
2.47984,0.301396,-0.952756,0.222778,0.448539
2.48009,0.286538,-1,0.276462,0.448539
2.48034,0.351443,-1,0.41004,0.448539
2.48059,0.433315,-1,0.556561,0.448539
2.48084,0.354445,-0.84252,0.519827,0.448539
2.4811,0.0305891,1,0.191363,0.448539
2.48135,-0.3991,1,-0.267182,0.448539
2.4816,-0.666574,1,-0.602254,0.448539
2.48185,-0.607959,1,-0.619876,0.448539
2.4821,-0.305485,1,-0.369151,0.448539
2.48235,0.00389266,1,-0.0886171,0.448539
2.4826,0.154731,0.850394,0.0630994,0.448539
2.48285,0.186624,-0.748031,0.119459,0.448539
2.4831,0.251602,-1,0.23811,0.448539
2.48335,0.409839,-1,0.462231,0.448539
2.4836,0.533931,-1,0.655506,0.448539
2.48385,0.43206,-0.96063,0.602672,0.448539
2.4841,0.0638771,0.992126,0.237858,0.448539
2.48435,-0.380547,1,-0.226747,0.448539
2.4846,-0.629197,1,-0.533503,0.448539
2.48485,-0.562658,1,-0.548355,0.448539
2.4851,-0.303663,1,-0.350245,0.448539
2.48535,-0.0748037,1,-0.151359,0.448539
2.4856,0.0207423,1,-0.0668432,0.448539
2.48585,0.0725344,-0.559055,0.0104637,0.448539
2.4861,0.220982,-1,0.202033,0.448539
2.48635,0.462715,-1,0.505568,0.448539
2.4866,0.614185,-1,0.723617,0.448539
2.48685,0.486527,-1,0.64557,0.448539
2.4871,0.0896417,0.519685,0.259707,0.448539
2.48735,-0.346218,1,-0.200998,0.448539
2.4876,-0.564645,1,-0.476397,0.448539
2.48785,-0.498409,1,-0.479281,0.448539
2.4881,-0.300439,1,-0.344727,0.448539
2.48835,-0.161398,1,-0.247415,0.448539
2.4886,-0.116804,1,-0.218211,0.448539
2.48885,-0.0356606,-0.385827,-0.118899,0.448539
2.4891,0.195629,-1,0.164592,0.448539
2.48935,0.505786,-1,0.539165,0.448539
2.4896,0.669626,-1,0.768028,0.448539
2.48985,0.516758,-1,0.671695,0.448539
2.4901,0.110665,-0.015748,0.283764,0.448539
2.49035,-0.294724,0.393701,-0.147102,0.448539
2.4906,-0.475439,0.677165,-0.369931,0.448539
2.49085,-0.420421,1,-0.384733,0.448539
2.4911,-0.298505,1,-0.340201,0.448539
2.49135,-0.253576,1,-0.356143,0.448539
2.4916,-0.250238,1,-0.380988,0.448539
2.49185,-0.131667,-0.251969,-0.26525,0.448539
2.4921,0.175761,-1,0.0746438,0.448539
2.49235,0.535527,-1,0.499858,0.448539
2.4926,0.697035,-1,0.728052,0.448539
2.49285,0.524029,-1,0.61766,0.448539
2.4931,0.129098,-0.598425,0.25754,0.448539
2.49335,-0.225621,-0.370079,-0.0996967,0.448539
2.4936,-0.365692,0.165354,-0.273504,0.448539
2.49385,-0.33408,1,-0.29648,0.448539
2.4941,-0.300253,1,-0.326344,0.448539
2.49435,-0.347213,1,-0.4346,0.448539
2.4946,-0.373464,1,-0.513098,0.448539
2.49485,-0.211996,-0.110236,-0.370987,0.448539
2.4951,0.159593,-1,0.0146331,0.448539
2.49535,0.547979,-1,0.457954,0.448539
2.4956,0.694813,-1,0.668506,0.448539
2.49585,0.509869,-1,0.554474,0.448539
2.4961,0.14887,-1,0.235146,0.448539
2.49635,-0.139522,-1,-0.0373888,0.448539
2.4966,-0.240382,-0.283465,-0.15375,0.448539
2.49685,-0.245923,1,-0.203062,0.448539
2.4971,-0.307023,1,-0.331039,0.448539
2.49735,-0.437716,1,-0.525866,0.448539
2.4976,-0.480035,1,-0.634345,0.448539
2.49785,-0.273776,0.0472441,-0.460918,0.448539
2.4981,0.145916,-1,-0.0334073,0.448539
2.49835,0.539671,-1,0.404245,0.448539
2.4986,0.662942,-1,0.594288,0.448539
2.49885,0.478831,-1,0.489514,0.448539
2.4991,0.172834,-1,0.229246,0.448539
2.49935,-0.0381758,-1,0.0480644,0.448539
2.4996,-0.107136,-0.653543,-0.0266419,0.448539
2.49985,-0.161531,1,-0.115494,0.448539
2.5001,-0.318878,1,-0.320869,0.448539
2.50035,-0.520093,1,-0.58687,0.448539
2.5006,-0.564003,1,-0.700842,0.448539
2.50085,-0.315712,0.23622,-0.481741,0.448539
2.5011,0.131313,-1,-0.0293217,0.448539
2.50135,0.508206,-1,0.381949,0.448539
2.5016,0.603256,-1,0.538882,0.448539
2.50185,0.435113,-1,0.433954,0.448539
2.5021,0.203561,-1,0.258696,0.448539
2.50235,0.0752394,-1,0.14872,0.448539
2.5026,0.0276358,-0.944882,0.102083,0.448539
2.50285,-0.0859053,1,-0.050204,0.448539
2.5031,-0.33439,1,-0.349772,0.448539
2.50335,-0.588267,1,-0.669704,0.448539
2.5036,-0.621483,1,-0.757785,0.448539
2.50385,-0.33833,0.480315,-0.515464,0.448539
2.5041,0.111529,-0.417323,-0.0603981,0.448539
2.50435,0.452149,-0.637795,0.313709,0.448539
2.5046,0.519625,-0.96063,0.44081,0.448539
2.50485,0.384536,-1,0.381675,0.448539
2.5051,0.242315,-1,0.308491,0.448539
2.50535,0.194856,-1,0.309056,0.448539
2.5056,0.156731,-1,0.276443,0.448539
2.50586,-0.0227594,1,0.080863,0.448539
2.50611,-0.351044,1,-0.294993,0.448539
2.50636,-0.636965,1,-0.643423,0.448539
2.50661,-0.650038,1,-0.735859,0.448539
2.50686,-0.344968,0.748031,-0.476885,0.448539
2.50711,0.0836487,0.259843,-0.0600359,0.448539
2.50736,0.372235,0.0708661,0.238311,0.448539
2.50761,0.417622,-0.645669,0.330768,0.448539
2.50786,0.332795,-1,0.316711,0.448539
2.50811,0.289488,-1,0.336985,0.448539
2.50836,0.315603,-1,0.420975,0.448539
2.50861,0.272437,-1,0.415476,0.448539
2.50886,0.025934,1,0.17722,0.448539
2.50911,-0.36528,1,-0.247945,0.448539
2.50936,-0.661598,1,-0.604719,0.448539
2.50961,-0.649129,1,-0.659669,0.448539
2.50986,-0.339185,1,-0.405935,0.448539
2.51011,0.0438672,0.952756,-0.0502764,0.448539
2.51036,0.270352,0.708661,0.175625,0.448539
2.51061,0.303572,-0.401575,0.241331,0.448539
2.51086,0.285381,-1,0.27228,0.448539
2.51111,0.343702,-1,0.404473,0.448539
2.51136,0.43065,-1,0.558529,0.448539
2.51161,0.36877,-1,0.548121,0.448539
2.51186,0.0597813,0.92126,0.249387,0.448539
2.51211,-0.372449,1,-0.212579,0.448539
2.51236,-0.658589,1,-0.559369,0.448539
2.51261,-0.620542,1,-0.59886,0.448539
2.51286,-0.32577,1,-0.362504,0.448539
2.51311,-0.00993432,1,-0.0880635,0.448539
2.51336,0.150978,1,0.0678967,0.448539
2.51361,0.185519,-0.259843,0.116203,0.448539
2.51386,0.246236,-1,0.220774,0.448539
2.51411,0.402062,-1,0.436177,0.448539
2.51436,0.531926,-1,0.639849,0.448539
2.51461,0.44131,-1,0.598258,0.448539
2.51486,0.0801612,0.629921,0.25038,0.448539
2.51511,-0.367595,1,-0.217054,0.448539
2.51536,-0.626187,1,-0.528064,0.448539
2.51561,-0.567955,1,-0.539818,0.448539
2.51586,-0.310408,1,-0.341604,0.448539
2.51611,-0.0783513,1,-0.142367,0.448539
2.51636,0.0196077,1,-0.0602106,0.448539
2.51661,0.0708835,-0.141732,0.0130786,0.448539
2.51686,0.217983,-1,0.197768,0.448539
2.51711,0.460031,-1,0.493679,0.448539
2.51736,0.613872,-1,0.714893,0.448539
2.51761,0.487847,-1,0.644981,0.448539
2.51786,0.0905453,0.251969,0.260933,0.448539
2.51811,-0.34657,0.787402,-0.193534,0.448539
2.51836,-0.565023,0.850394,-0.45869,0.448539
2.51861,-0.497241,1,-0.467147,0.448539
2.51886,-0.298491,1,-0.333267,0.448539
2.51911,-0.160702,1,-0.248573,0.448539
2.51936,-0.116097,1,-0.216919,0.448539
2.51961,-0.0330141,-0.0787402,-0.125031,0.448539
2.51986,0.20162,-1,0.145291,0.448539
2.52011,0.512449,-1,0.515861,0.448539
2.52036,0.669875,-1,0.740277,0.448539
2.52061,0.507526,-1,0.639823,0.448539
2.52086,0.0960513,-0.220472,0.254296,0.448539
2.52111,-0.305805,0.023622,-0.158586,0.448539
2.52136,-0.477103,0.283465,-0.370567,0.448539
2.52161,-0.415508,1,-0.368537,0.448539
2.52186,-0.294469,1,-0.321227,0.448539
2.52211,-0.253611,1,-0.346323,0.448539
2.52236,-0.248479,1,-0.380152,0.448539
2.52261,-0.12036,-0.0551181,-0.263766,0.448539
2.52286,0.196156,-1,0.0687618,0.448539
2.52311,0.552624,-1,0.475039,0.448539
2.52336,0.69618,-1,0.686093,0.448539
2.52361,0.503161,-1,0.559734,0.448539
2.52386,0.101704,-0.76378,0.202672,0.448539
2.52411,-0.242991,-0.708661,-0.13067,0.413881
2.52436,-0.367506,-0.181102,-0.276312,0.413881
2.52461,-0.329725,1,-0.287398,0.413881
2.52486,-0.301199,1,-0.316149,0.413881
2.52511,-0.352582,1,-0.43754,0.413881
2.52536,-0.369041,1,-0.514117,0.413881
2.52561,-0.186948,-0.015748,-0.358168,0.413881
2.52586,0.19772,-1,0.0438557,0.413881
2.52611,0.574702,-1,0.458277,0.413881
2.52636,0.690742,-1,0.638863,0.413881
2.52661,0.47843,-1,0.501405,0.413881
2.52686,0.113163,-1,0.181926,0.413881
2.52711,-0.15842,-1,-0.0760032,0.413881
2.52736,-0.242886,-0.535433,-0.164112,0.413881
2.52761,-0.248116,1,-0.208502,0.413881
2.52786,-0.319933,1,-0.335874,0.413881
2.52811,-0.450801,1,-0.532925,0.413881
2.52836,-0.470325,1,-0.619543,0.413881
2.52861,-0.231101,0.0551181,-0.40488,0.413881
2.52886,0.201884,-1,0.0355861,0.413881
2.52911,0.573465,-1,0.441203,0.413881
2.52936,0.654114,-1,0.593823,0.413881
2.52961,0.439882,-1,0.447474,0.413881
2.52986,0.13589,-1,0.192609,0.413881
2.53011,-0.0542392,-1,0.0192719,0.413881
2.53036,-0.111664,-0.779528,-0.0457351,0.413881
2.53062,-0.17679,1,-0.140407,0.413881
2.53087,-0.349352,1,-0.364658,0.413881
2.53112,-0.541545,1,-0.617232,0.413881
2.53137,-0.545744,1,-0.679466,0.413881
2.53162,-0.253716,0.188976,-0.425915,0.413881
2.53187,0.202318,-0.834646,0.0319815,0.413881
2.53212,0.545007,-0.976378,0.41593,0.413881
2.53237,0.589711,-1,0.519323,0.413881
2.53262,0.394917,-1,0.394043,0.413881
2.53287,0.172666,-1,0.229888,0.413881
2.53312,0.064704,-1,0.142673,0.413881
2.53337,0.0169446,-0.913386,0.1004,0.413881
2.53362,-0.121001,1,-0.0698413,0.413881
2.53387,-0.386143,1,-0.387384,0.413881
2.53412,-0.616585,1,-0.679,0.413881
2.53437,-0.591799,1,-0.726105,0.413881
2.53462,-0.258553,0.409449,-0.429321,0.413881
2.53487,0.193207,-0.173228,0.0227848,0.413881
2.53512,0.487765,-0.275591,0.349077,0.413881
2.53537,0.503138,-0.76378,0.432706,0.413881
2.53562,0.350712,-1,0.350729,0.413881
2.53587,0.225418,-1,0.2928,0.413881
2.53612,0.191665,-1,0.306847,0.413881
2.53637,0.134558,-0.944882,0.274017,0.413881
2.53662,-0.0832486,1,0.0490852,0.413881
2.53687,-0.424622,1,-0.339144,0.413881
2.53712,-0.668554,1,-0.648333,0.413881
2.53737,-0.606829,1,-0.657229,0.413881
2.53762,-0.250623,0.716535,-0.356801,0.413881
2.53787,0.167865,0.535433,0.0458484,0.413881
2.53812,0.402887,0.377953,0.286064,0.413881
2.53837,0.402638,-0.574803,0.331903,0.413881
2.53862,0.314665,-1,0.301316,0.413881
2.53887,0.292732,-1,0.338027,0.413881
2.53912,0.318489,-1,0.428131,0.413881
2.53937,0.232963,-0.905512,0.381761,0.413881
2.53962,-0.0637616,1,0.0857994,0.413881
2.53987,-0.458253,1,-0.334211,0.413881
2.54012,-0.691748,1,-0.628197,0.413881
2.54037,-0.592415,1,-0.594821,0.413881
2.54062,-0.23713,1,-0.291834,0.413881
2.54087,0.123055,1,0.0379952,0.413881
2.54112,0.29409,0.897638,0.207688,0.413881
2.54137,0.296181,-0.496063,0.245501,0.413881
2.54162,0.291773,-1,0.28921,0.413881
2.54187,0.370868,-1,0.43157,0.413881
2.54212,0.435957,-1,0.564953,0.413881
2.54237,0.307171,-0.826772,0.480055,0.413881
2.54262,-0.0593061,1,0.126531,0.413881
2.54287,-0.479118,1,-0.322404,0.413881
2.54312,-0.682785,1,-0.584469,0.413881
2.54337,-0.553242,1,-0.529207,0.413881
2.54362,-0.22537,1,-0.261736,0.413881
2.54387,0.0560087,1,-0.0150923,0.413881
2.54412,0.168248,1,0.0866107,0.413881
2.54437,0.19449,-0.527559,0.138808,0.413881
2.54462,0.285142,-1,0.271289,0.413881
2.54487,0.453869,-1,0.501195,0.413881
2.54512,0.534872,-1,0.647404,0.413881
2.54537,0.353848,-0.755906,0.51193,0.413881
2.54562,-0.0643042,0.732283,0.105515,0.413881
2.54587,-0.480827,1,-0.335336,0.413881
2.54612,-0.641085,1,-0.558056,0.413881
2.54637,-0.496265,1,-0.478089,0.413881
2.54662,-0.223228,1,-0.262936,0.413881
2.54687,-0.0325477,1,-0.102515,0.413881
2.54712,0.0336937,1,-0.0402496,0.413881
2.54737,0.104916,-0.582677,0.0495245,0.413881
2.54762,0.294922,-1,0.286922,0.413881
2.54787,0.533769,-1,0.585978,0.413881
2.54812,0.607422,-1,0.724244,0.413881
2.54837,0.373452,-0.748031,0.532848,0.413881
2.54862,-0.0719521,0.259843,0.0945606,0.413881
2.54887,-0.456925,0.456693,-0.311674,0.413881
2.54912,-0.569199,0.598425,-0.483092,0.413881
2.54937,-0.430172,1,-0.418655,0.413881
2.54962,-0.235776,1,-0.288839,0.413881
2.54987,-0.138132,1,-0.241471,0.413881
2.55012,-0.0990225,1,-0.231249,0.413881
2.55037,0.0345137,-0.653543,-0.0913366,0.413881
2.55062,0.31817,-1,0.233041,0.413881
2.55087,0.601723,-1,0.573801,0.413881
2.55112,0.64861,-1,0.695758,0.413881
2.55137,0.369617,-0.84252,0.469975,0.413881
2.55162,-0.0737527,-0.330709,0.0526846,0.413881
2.55187,-0.4044,-0.267717,-0.288089,0.413881
2.55212,-0.473061,0.244094,-0.392372,0.413881
2.55237,-0.364441,1,-0.340619,0.413881
2.55262,-0.266838,1,-0.302795,0.413881
2.55287,-0.255531,1,-0.354033,0.413881
2.55312,-0.220041,1,-0.359473,0.413881
2.55337,-0.0124962,-0.677165,-0.16295,0.413881
2.55362,0.349511,-1,0.224041,0.413881
2.55387,0.648871,-1,0.574737,0.413881
2.55412,0.656137,-1,0.651778,0.413881
2.55437,0.348533,-1,0.404911,0.413881
2.55462,-0.0623535,-0.992126,0.0177324,0.413881
2.55487,-0.323365,-0.944882,-0.237854,0.413881
2.55512,-0.36149,0,-0.297918,0.413881
2.55538,-0.308075,1,-0.298916,0.413881
2.55563,-0.316375,1,-0.366676,0.413881
2.55588,-0.374866,1,-0.501462,0.413881
2.55613,-0.320431,1,-0.49517,0.413881
2.55638,-0.0361337,-0.653543,-0.235849,0.413881
2.55663,0.380362,-1,0.207552,0.413881
2.55688,0.668069,-1,0.540402,0.413881
2.55713,0.631355,-1,0.583335,0.413881
2.55738,0.318842,-1,0.340089,0.413881
2.55763,-0.0309519,-1,0.0349829,0.413881
2.55788,-0.216914,-1,-0.138154,0.413881
2.55813,-0.244215,-0.110236,-0.176163,0.413881
2.55838,-0.268082,1,-0.235453,0.413881
2.55863,-0.380987,1,-0.404577,0.413881
2.55888,-0.485932,1,-0.57532,0.413881
2.55913,-0.393069,1,-0.53291,0.413881
2.55938,-0.0394447,-0.503937,-0.206997,0.413881
2.55963,0.40224,-1,0.250797,0.413881
2.55988,0.654603,-1,0.54387,0.413881
2.56013,0.579243,-1,0.535802,0.413881
2.56038,0.289818,-1,0.305799,0.413881
2.56063,0.0236813,-1,0.0799705,0.413881
2.56088,-0.091951,-1,-0.0252454,0.413881
2.56113,-0.132791,-0.110236,-0.0787499,0.413881
2.56138,-0.248696,1,-0.235496,0.413881
2.56163,-0.454388,1,-0.495608,0.413881
2.56188,-0.578965,1,-0.68848,0.413881
2.56213,-0.434557,1,-0.59246,0.413881
2.56238,-0.0287209,-0.204724,-0.202228,0.413881
2.56263,0.406136,-0.645669,0.24814,0.413881
2.56288,0.607076,-0.629921,0.502999,0.413881
2.56313,0.508057,-1,0.46982,0.413881
2.56338,0.271172,-1,0.30252,0.413881
2.56363,0.101667,-1,0.183572,0.413881
2.56388,0.0418407,-1,0.15859,0.413881
2.56413,-0.0369403,-0.015748,0.0728786,0.413881
2.56438,-0.250359,1,-0.170489,0.413881
2.56463,-0.52771,1,-0.505702,0.413881
2.56488,-0.644717,1,-0.695251,0.413881
2.56513,-0.445095,0.259843,-0.554501,0.413881
2.56538,-0.0124714,-0.496063,-0.151602,0.413881
2.56563,0.384707,-0.259843,0.244062,0.413881
2.56588,0.528137,0.0393701,0.422781,0.413881
2.56613,0.427733,-0.440945,0.359474,0.413881
2.56638,0.269774,-1,0.244952,0.413881
2.56663,0.199827,-1,0.213836,0.413881
2.56688,0.173929,-0.748031,0.22153,0.413881
2.56713,0.0359987,1,0.0931839,0.413881
2.56738,-0.270434,1,-0.21554,0.413881
2.56763,-0.590121,1,-0.567103,0.413881
2.56788,-0.67689,0.84252,-0.688288,0.413881
2.56813,-0.429548,-0.708661,-0.464433,0.413881
2.56838,-0.000846513,-1,-0.0340288,0.413881
2.56863,0.333925,-0.826772,0.318477,0.413881
2.56888,0.424397,-0.755906,0.439089,0.413881
2.56913,0.349811,-1,0.38667,0.413881
2.56938,0.290261,-1,0.327048,0.413881
2.56963,0.31084,-1,0.326811,0.413881
2.56988,0.292446,-0.0866142,0.269576,0.413881
2.57013,0.0815316,1,0.0132727,0.413881
2.57038,-0.301398,1,-0.434141,0.413881
2.57063,-0.632366,1,-0.81968,0.413881
2.57088,-0.673327,1,-0.905165,0.413881
2.57113,-0.394748,-0.110236,-0.625909,0.413881
2.57138,-0.00384308,-0.393701,-0.195044,0.413881
2.57163,0.25308,-0.385827,0.137295,0.413881
2.57188,0.305867,-1,0.286506,0.413881
2.57213,0.284608,-1,0.354675,0.413881
2.57238,0.332808,-1,0.484881,0.413881
2.57263,0.424793,-1,0.622338,0.413881
2.57288,0.386746,-0.244094,0.591947,0.413881
2.57313,0.099472,1,0.272403,0.413881
2.57338,-0.334022,1,-0.224222,0.413881
2.57363,-0.645487,1,-0.624011,0.413881
2.57388,-0.636005,1,-0.697057,0.413881
2.57413,-0.352342,0.614173,-0.475425,0.413881
2.57438,-0.0282087,0.677165,-0.17776,0.413881
2.57463,0.145479,0.417323,0.000783679,0.413881
2.57488,0.184255,-0.905512,0.078681,0.413881
2.57513,0.240219,-1,0.196021,0.413881
2.57538,0.393668,-1,0.426968,0.413881
2.57563,0.529907,-1,0.623063,0.413881
2.57588,0.450034,-0.149606,0.588407,0.413881
2.57613,0.0940723,1,0.241135,0.413881
2.57638,-0.357707,1,-0.234249,0.413881
2.57663,-0.624211,1,-0.553847,0.413881
2.57688,-0.571,0.984252,-0.553546,0.413881
2.57713,-0.31284,1,-0.333682,0.413881
2.57738,-0.0788774,1,-0.122508,0.413881
2.57763,0.0198066,0.740157,-0.0142326,0.413881
2.57788,0.0716256,-1,0.0682452,0.413881
2.57813,0.221206,-1,0.268065,0.413881
2.57838,0.464902,-1,0.562759,0.413881
2.57863,0.614605,-1,0.768776,0.413881
2.57888,0.478764,0.19685,0.653541,0.413881
2.57913,0.0734798,1,0.228679,0.413881
2.57938,-0.361707,1,-0.24526,0.413881
2.57963,-0.567443,1,-0.518904,0.413881
2.57989,-0.487995,1,-0.510783,0.413881
2.58014,-0.287352,1,-0.354842,0.413881
2.58039,-0.155493,1,-0.239562,0.413881
2.58064,-0.113356,0.700787,-0.189158,0.413881
2.58089,-0.0208813,-1,-0.0576417,0.413881
2.58114,0.226855,-1,0.243218,0.413881
2.58139,0.536001,-1,0.620104,0.413881
2.58164,0.669162,-1,0.819566,0.413881
2.58189,0.474737,0.346457,0.659861,0.413881
2.58214,0.0483962,1,0.232156,0.413881
2.58239,-0.33844,1,-0.197064,0.413881
2.58264,-0.479174,0.984252,-0.402562,0.413881
2.58289,-0.399661,1,-0.392221,0.413881
2.58314,-0.28373,1,-0.313065,0.413881
2.58339,-0.253987,1,-0.304407,0.413881
2.58364,-0.241487,0.598425,-0.293862,0.413881
2.58389,-0.0853072,-1,-0.1106,0.413881
2.58414,0.253031,-1,0.27603,0.413881
2.58439,0.594551,-1,0.677994,0.413881
2.58464,0.687473,-1,0.826791,0.413881
2.58489,0.443962,0.165354,0.606418,0.413881
2.58514,0.0311211,0.692913,0.183939,0.413881
2.58539,-0.282715,0.535433,-0.17485,0.413881
2.58564,-0.367838,0.826772,-0.327074,0.413881
2.58589,-0.318838,1,-0.34132,0.413881
2.58614,-0.306114,1,-0.37383,0.413881
2.58639,-0.364421,1,-0.460231,0.413881
2.58664,-0.351387,0.472441,-0.453139,0.413881
2.58689,-0.118158,-1,-0.187127,0.413881
2.58714,0.289843,-1,0.268777,0.413881
2.58739,0.629729,-1,0.677908,0.413881
2.58764,0.668177,-1,0.779643,0.413881
2.58789,0.396813,-0.19685,0.539741,0.413881
2.58814,0.0323759,-0.141732,0.179225,0.413881
2.58839,-0.195085,-0.141732,-0.0789644,0.413881
2.58864,-0.244945,0.76378,-0.183511,0.413881
2.58889,-0.256696,1,-0.265877,0.413881
2.58914,-0.353686,1,-0.421615,0.413881
2.58939,-0.475564,1,-0.599176,0.413881
2.58964,-0.432444,0.228346,-0.579685,0.413881
2.58989,-0.120921,-1,-0.257456,0.413881
2.59014,0.326577,-1,0.226538,0.413881
2.59039,0.632191,-1,0.592872,0.413881
2.59064,0.614835,-0.984252,0.645588,0.413881
2.59089,0.34616,-0.669291,0.417783,0.413881
2.59114,0.0599824,-0.905512,0.149158,0.413881
2.59139,-0.0815177,-0.574803,-0.00987984,0.413881
2.59164,-0.124044,0.92126,-0.0858776,0.413881
2.59189,-0.221072,1,-0.230866,0.413881
2.59214,-0.420279,1,-0.49661,0.413881
2.59239,-0.573595,1,-0.707335,0.413881
2.59264,-0.478012,-0.0629921,-0.638591,0.413881
2.59289,-0.101115,-1,-0.257578,0.413881
2.59314,0.349769,-1,0.229262,0.413881
2.59339,0.597593,-1,0.539298,0.413881
2.59364,0.536711,-0.984252,0.542801,0.413881
2.59389,0.304678,-1,0.358973,0.413881
2.59414,0.117598,-1,0.184396,0.413881
2.59439,0.0478807,-0.779528,0.106251,0.413881
2.59464,-0.0192866,1,0.00436162,0.413881
2.59489,-0.214846,1,-0.239011,0.413881
2.59514,-0.495397,1,-0.587675,0.413881
2.59539,-0.646093,1,-0.795799,0.413881
2.59564,-0.486793,-0.251969,-0.668971,0.413881
2.59589,-0.068877,-1,-0.240651,0.413881
2.59614,0.348653,-1,0.221107,0.413881
2.59639,0.526595,-1,0.456115,0.413881
2.59664,0.445927,-1,0.448022,0.413881
2.59689,0.28416,-1,0.326103,0.413881
2.59714,0.202965,-1,0.269548,0.413881
2.59739,0.179561,-0.771654,0.232435,0.413881
2.59764,0.0586241,1,0.0879011,0.413881
2.59789,-0.235726,1,-0.262762,0.413881
2.59814,-0.566233,1,-0.646994,0.413881
2.59839,-0.683323,1,-0.830112,0.413881
2.59864,-0.462913,-0.244094,-0.639455,0.413881
2.59889,-0.0384034,-0.968504,-0.201447,0.413881
2.59914,0.314601,-0.76378,0.188653,0.413881
2.59939,0.426005,-0.76378,0.360299,0.413881
2.59964,0.357377,-1,0.361498,0.413881
2.59989,0.29156,-1,0.341445,0.413881
2.60014,0.308253,-1,0.374904,0.413881
2.60039,0.298871,-0.590551,0.369336,0.413881
2.60064,0.10315,1,0.151255,0.413881
2.60089,-0.275033,1,-0.278369,0.413881
2.60114,-0.618402,1,-0.680347,0.413881
2.60139,-0.680911,1,-0.796711,0.413881
2.60164,-0.416165,-0.023622,-0.568412,0.413881
2.60189,-0.0231887,-0.220472,-0.170762,0.413881
2.60214,0.245377,-0.0787402,0.13545,0.413881
2.60239,0.306583,-0.692913,0.256114,0.413881
2.60264,0.284841,-1,0.297213,0.413881
2.60289,0.328899,-1,0.395993,0.413881
2.60314,0.422161,-1,0.535885,0.413881
2.60339,0.392315,-0.299213,0.521602,0.413881
2.60364,0.113095,1,0.22298,0.413881
2.60389,-0.32048,1,-0.253742,0.413881
2.60414,-0.640541,1,-0.63544,0.413881
2.60439,-0.640332,0.952756,-0.698045,0.413881
2.60465,-0.36023,0.385827,-0.455825,0.413881
2.6049,-0.0337299,0.566929,-0.138083,0.413881
2.60515,0.144339,0.425197,0.0525216,0.413881
2.6054,0.183987,-0.826772,0.138492,0.413881
2.60565,0.239062,-1,0.249596,0.413881
2.6059,0.39195,-1,0.463043,0.413881
2.60615,0.529604,-1,0.650061,0.413881
2.6064,0.450614,0.015748,0.601518,0.413881
2.60665,0.0940911,1,0.235964,0.413881
2.6069,-0.358219,1,-0.254698,0.413881
2.60715,-0.624786,1,-0.585049,0.413881
2.6074,-0.569348,0.88189,-0.585461,0.413881
2.60765,-0.309858,0.96063,-0.368151,0.413881
2.6079,-0.0768355,1,-0.148951,0.413881
2.60815,0.0206991,0.716535,-0.0397339,0.413881
2.6084,0.0730417,-1,0.0518226,0.413881
2.60865,0.225803,-1,0.25334,0.413881
2.6089,0.47053,-1,0.560821,0.413881
2.60915,0.615161,-1,0.76495,0.413881
2.6094,0.469672,0.291339,0.656057,0.413881
2.60965,0.0578027,1,0.233078,0.413881
2.6099,-0.374265,1,-0.238093,0.413881
2.61015,-0.569393,1,-0.500758,0.413881
2.6104,-0.480594,1,-0.477648,0.413881
2.61065,-0.279212,1,-0.323104,0.413881
2.6109,-0.152465,1,-0.216957,0.413881
2.61115,-0.111662,0.748031,-0.169906,0.413881
2.6114,-0.0118226,-1,-0.0422707,0.413881
2.61165,0.24423,-1,0.263125,0.413881
2.6119,0.550694,-1,0.641269,0.413881
2.61215,0.667112,-1,0.813109,0.413881
2.6124,0.452255,0.385827,0.629265,0.413881
2.61265,0.0184151,1,0.186958,0.413881
2.6129,-0.357098,0.992126,-0.228857,0.413881
2.61315,-0.47937,0.779528,-0.414112,0.413881
2.6134,-0.39007,1,-0.386063,0.413881
2.61365,-0.27801,1,-0.321686,0.413881
2.6139,-0.254419,1,-0.315298,0.413881
2.61415,-0.23576,0.566929,-0.28955,0.413881
2.6144,-0.0622834,-1,-0.0892751,0.413881
2.61465,0.28694,-1,0.308121,0.413881
2.6149,0.616488,-1,0.703422,0.413881
2.61515,0.678115,-1,0.810425,0.413881
2.6154,0.407136,0.267717,0.57381,0.413881
2.61565,-0.00854991,0.527559,0.148338,0.413881
2.6159,-0.301824,0.275591,-0.18905,0.413881
2.61615,-0.365774,0.669291,-0.3169,0.413881
2.6164,-0.313455,1,-0.328594,0.413881
2.61665,-0.310544,1,-0.378719,0.413881
2.6169,-0.369983,1,-0.473838,0.413881
2.61715,-0.336819,0.23622,-0.450989,0.413881
2.6174,-0.0749189,-1,-0.164273,0.413881
2.61765,0.341187,-1,0.300116,0.413881
2.6179,0.653911,-1,0.671459,0.413881
2.61815,0.647804,-0.850394,0.721122,0.413881
2.6184,0.348667,-0.0944882,0.461537,0.413881
2.61865,-0.00936142,-0.23622,0.108915,0.413881
2.6189,-0.210537,-0.251969,-0.122174,0.413881
2.61915,-0.244479,0.795276,-0.199724,0.413881
2.6194,-0.264398,1,-0.269877,0.413881
2.61965,-0.373582,1,-0.431571,0.413881
2.6199,-0.484188,1,-0.586283,0.413881
2.62015,-0.402186,-0.125984,-0.53294,0.413881
2.6204,-0.0549329,-1,-0.175461,0.413881
2.62065,0.39071,-1,0.311738,0.413881
2.6209,0.652318,-1,0.639856,0.413881
2.62115,0.583225,-0.755906,0.620977,0.413881
2.6214,0.293828,-0.685039,0.368483,0.413881
2.62165,0.0250413,-1,0.104745,0.413881
2.6219,-0.091811,-0.543307,-0.0311544,0.413881
2.62215,-0.133085,1,-0.108602,0.413881
2.6224,-0.250422,1,-0.287993,0.413881
2.62265,-0.457277,1,-0.552898,0.413881
2.6229,-0.579114,1,-0.731489,0.413881
2.62315,-0.426684,-0.472441,-0.60278,0.413881
2.6234,-0.0137439,-1,-0.178238,0.413881
2.62365,0.419204,-1,0.30415,0.413881
2.6239,0.608421,-1,0.553203,0.413881
2.62415,0.497427,-0.88189,0.504754,0.412677
2.6244,0.258755,-1,0.312318,0.412677
2.62465,0.0958301,-1,0.163761,0.412677
2.6249,0.0392327,-0.582677,0.0973247,0.412677
2.62515,-0.0470031,1,-0.0266456,0.412677
2.6254,-0.271818,1,-0.302652,0.412677
2.62565,-0.546402,1,-0.63756,0.412677
2.6259,-0.640508,1,-0.787864,0.412677
2.62615,-0.411162,-0.629921,-0.589738,0.412677
2.6264,0.0332758,-1,-0.134626,0.412677
2.62665,0.413708,-1,0.288885,0.412677
2.6269,0.526452,-0.80315,0.473304,0.412677
2.62715,0.40821,-1,0.414911,0.412677
2.6274,0.255528,-1,0.294286,0.412677
2.62765,0.19712,-1,0.257143,0.412677
2.6279,0.165408,-0.385827,0.215383,0.412677
2.62815,0.00229155,1,0.0208153,0.412677
2.6284,-0.321368,1,-0.355081,0.412677
2.62865,-0.623168,1,-0.720658,0.412677
2.6289,-0.659431,0.984252,-0.805445,0.412677
2.62915,-0.365613,-0.551181,-0.531567,0.412677
2.62941,0.0678635,-0.850394,-0.0881245,0.412677
2.62966,0.367467,-0.496063,0.262381,0.412677
2.62991,0.418278,-0.700787,0.378798,0.412677
2.63016,0.333207,-1,0.351329,0.412677
2.63041,0.289412,-1,0.350119,0.412677
2.63066,0.316204,-1,0.397927,0.412677
2.63091,0.268375,-0.00787402,0.355313,0.412677
2.63116,0.0117859,1,0.0673662,0.412677
2.63141,-0.385152,1,-0.375434,0.412677
2.63166,-0.671198,1,-0.725529,0.412677
2.63191,-0.63462,0.661417,-0.742164,0.412677
2.63216,-0.3058,-0.188976,-0.441953,0.412677
2.63241,0.0747855,-0.0629921,-0.0475283,0.412677
2.63266,0.28176,0.00787402,0.19118,0.412677
2.63291,0.300593,-0.897638,0.266401,0.412677
2.63316,0.287621,-1,0.308486,0.412677
2.63341,0.357942,-1,0.427402,0.412677
2.63366,0.435002,-1,0.532675,0.412677
2.63391,0.334508,0.425197,0.446178,0.412677
2.63416,-0.0142178,1,0.0789324,0.412677
2.63441,-0.444869,1,-0.401208,0.412677
2.63466,-0.678518,1,-0.69126,0.412677
2.63491,-0.573435,0.574803,-0.645595,0.412677
2.63516,-0.249286,0.401575,-0.341891,0.412677
2.63541,0.0435531,0.716535,-0.0424762,0.412677
2.63566,0.165901,0.299213,0.107626,0.412677
2.63591,0.192752,-1,0.179365,0.412677
2.63616,0.280016,-1,0.31948,0.412677
2.63641,0.449304,-1,0.542985,0.412677
2.63666,0.535324,-1,0.678264,0.412677
2.63691,0.357545,0.795276,0.517615,0.412677
2.63716,-0.0630504,1,0.0777704,0.412677
2.63741,-0.482645,1,-0.392796,0.412677
2.63766,-0.640928,1,-0.614991,0.412677
2.63791,-0.490301,0.740157,-0.516992,0.412677
2.63816,-0.215072,1,-0.275402,0.412677
2.63841,-0.0277377,1,-0.0984096,0.412677
2.63866,0.0357716,0.307087,-0.0103787,0.412677
2.63891,0.112302,-1,0.0974556,0.412677
2.63916,0.310925,-1,0.353811,0.412677
2.63941,0.547412,-1,0.656507,0.412677
2.63966,0.600245,-1,0.758346,0.412677
2.63991,0.338559,0.976378,0.523455,0.412677
2.64016,-0.11693,1,0.0491069,0.412677
2.64041,-0.483511,1,-0.368215,0.412677
2.64066,-0.563138,0.811024,-0.512372,0.412677
2.64091,-0.404548,1,-0.417877,0.412677
2.64116,-0.216207,1,-0.264258,0.412677
2.64141,-0.132558,1,-0.186061,0.412677
2.64166,-0.0885975,0.0551181,-0.132804,0.412677
2.64191,0.0708211,-1,0.0569446,0.412677
2.64216,0.37183,-1,0.410713,0.412677
2.64241,0.632487,-1,0.728949,0.412677
2.64266,0.620413,-0.677165,0.771725,0.412677
2.64291,0.289318,0.866142,0.452853,0.412677
2.64316,-0.156664,1,-0.00795442,0.412677
2.64341,-0.440737,0.637795,-0.350852,0.412677
2.64366,-0.458087,0.755906,-0.429994,0.412677
2.64391,-0.335789,1,-0.353107,0.412677
2.64416,-0.25802,1,-0.306786,0.412677
2.64441,-0.255991,1,-0.315021,0.412677
2.64466,-0.187764,-0.393701,-0.239117,0.412677
2.64491,0.0722095,-1,0.0589495,0.412677
2.64516,0.446931,-1,0.483251,0.412677
2.64541,0.686036,-1,0.779507,0.412677
2.64566,0.59511,-0.330709,0.72976,0.412677
2.64591,0.226469,0.511811,0.371404,0.412677
2.64616,-0.16444,0.299213,-0.0456861,0.412677
2.64641,-0.355991,0.149606,-0.280139,0.412677
2.64666,-0.345526,1,-0.33003,0.412677
2.64691,-0.30027,1,-0.341491,0.412677
2.64716,-0.336814,1,-0.416001,0.412677
2.64741,-0.378149,1,-0.475145,0.412677
2.64766,-0.247038,-0.874016,-0.338401,0.412677
2.64791,0.11027,-1,0.0506609,0.412677
2.64816,0.51552,-1,0.507526,0.412677
2.64841,0.695727,-1,0.753287,0.412677
2.64866,0.532946,-0.283465,0.629354,0.412677
2.64891,0.17116,-0.11811,0.2821,0.412677
2.64916,-0.130092,-0.456693,-0.0368912,0.412677
2.64941,-0.239982,-0.0393701,-0.180343,0.412677
2.64966,-0.245948,1,-0.241752,0.412677
2.64991,-0.306534,1,-0.356814,0.412677
2.65016,-0.439069,1,-0.534729,0.412677
2.65041,-0.478389,1,-0.612011,0.412677
2.65066,-0.260573,-1,-0.403378,0.412677
2.65091,0.169835,-1,0.0594857,0.412677
2.65116,0.557967,-1,0.500783,0.412677
2.65141,0.658053,-1,0.658172,0.412677
2.65166,0.450908,-0.535433,0.504936,0.412677
2.65191,0.142781,-0.92126,0.223309,0.412677
2.65216,-0.0527432,-1,0.0248995,0.412677
2.65241,-0.111694,0.0472441,-0.0602534,0.412677
2.65266,-0.17786,1,-0.168592,0.412677
2.65291,-0.353381,1,-0.407412,0.412677
2.65316,-0.545516,1,-0.663085,0.412677
2.65341,-0.53953,0.653543,-0.706876,0.412677
2.65366,-0.231621,-1,-0.416088,0.412677
2.65391,0.230635,-1,0.0764286,0.412677
2.65417,0.559451,-1,0.450794,0.412677
2.65442,0.579689,-0.748031,0.544477,0.412677
2.65467,0.370717,-1,0.390674,0.412677
2.65492,0.154606,-1,0.196104,0.412677
2.65517,0.0585959,-1,0.113036,0.412677
2.65542,0.0065346,0.393701,0.0472554,0.412677
2.65567,-0.152981,1,-0.154081,0.412677
2.65592,-0.429876,1,-0.476867,0.412677
2.65617,-0.634512,1,-0.740128,0.412677
2.65642,-0.552764,0.204724,-0.699393,0.412677
2.65667,-0.173877,-1,-0.328747,0.412677
2.65692,0.271367,-1,0.145019,0.412677
2.65717,0.513335,-0.732283,0.434944,0.412677
2.65742,0.476694,-0.80315,0.461309,0.412677
2.65767,0.313557,-1,0.338593,0.412677
2.65792,0.210807,-1,0.25292,0.412677
2.65817,0.186356,-1,0.23713,0.412677
2.65842,0.0948098,0.905512,0.114968,0.412677
2.65867,-0.17293,1,-0.184523,0.412677
2.65892,-0.516691,1,-0.583945,0.412677
2.65917,-0.686852,1,-0.816566,0.412677
2.65942,-0.519773,-0.0708661,-0.678662,0.412677
2.65967,-0.108345,-0.80315,-0.258923,0.412677
2.65992,0.274664,-0.488189,0.162447,0.412677
2.66017,0.424451,-0.330709,0.369394,0.412677
2.66042,0.371042,-1,0.372043,0.412677
2.66067,0.295363,-1,0.347842,0.412677
2.66092,0.304052,-1,0.391626,0.412677
2.66117,0.307809,-1,0.401245,0.412677
2.66142,0.138244,1,0.219319,0.412677
2.66167,-0.228226,1,-0.194812,0.412677
2.66192,-0.591387,1,-0.615651,0.412677
2.66217,-0.69107,1,-0.775799,0.412677
2.66242,-0.452367,-0.0314961,-0.58711,0.412677
2.66267,-0.0571121,-0.0866142,-0.196028,0.412677
2.66292,0.230726,0.251969,0.112665,0.412677
2.66317,0.307329,-0.228346,0.240272,0.412677
2.66342,0.285256,-1,0.277311,0.412677
2.66367,0.32285,-1,0.366235,0.412677
2.66392,0.417991,-1,0.509021,0.412677
2.66417,0.400527,-0.574803,0.516517,0.412677
2.66442,0.133685,1,0.252911,0.412677
2.66467,-0.300403,1,-0.209464,0.412677
2.66492,-0.632795,1,-0.596198,0.412677
2.66517,-0.646402,0.740157,-0.661291,0.412677
2.66542,-0.371086,0.322835,-0.427751,0.412677
2.66567,-0.0405212,0.716535,-0.120354,0.412677
2.66592,0.142501,0.755906,0.0771018,0.412677
2.66617,0.183732,-0.464567,0.145131,0.412677
2.66642,0.238126,-1,0.248513,0.412677
2.66667,0.39143,-1,0.449853,0.412677
2.66692,0.529737,-1,0.636467,0.412677
2.66717,0.448925,-0.015748,0.589806,0.412677
2.66742,0.0879054,1,0.226887,0.412677
2.66767,-0.365858,1,-0.262819,0.412677
2.66792,-0.627092,1,-0.573418,0.412677
2.66817,-0.563328,0.622047,-0.573294,0.412677
2.66842,-0.299958,0.937008,-0.338854,0.412677
2.66867,-0.0700718,1,-0.128401,0.412677
2.66892,0.0229683,0.929134,-0.0251996,0.412677
2.66917,0.0778318,-0.968504,0.0582706,0.412677
2.66942,0.238682,-1,0.266185,0.412677
2.66967,0.485521,-1,0.57491,0.412677
2.66992,0.615824,-1,0.757187,0.412677
2.67017,0.446221,0.433071,0.617313,0.412677
2.67042,0.0196632,1,0.184473,0.412677
2.67067,-0.402858,1,-0.28191,0.412677
2.67092,-0.571512,0.716535,-0.514523,0.412677
2.67117,-0.462276,0.850394,-0.464923,0.412677
2.67142,-0.260853,1,-0.303128,0.412677
2.67167,-0.145584,1,-0.208724,0.412677
2.67192,-0.10621,0.771654,-0.155471,0.412677
2.67217,0.010219,-1,-0.0194263,0.412677
2.67242,0.284197,-1,0.302147,0.412677
2.67267,0.581558,-1,0.654399,0.412677
2.67292,0.657617,-1,0.793603,0.412677
2.67317,0.398365,0.598425,0.565039,0.412677
2.67342,-0.0473439,1,0.10827,0.412677
2.67367,-0.39383,0.574803,-0.274912,0.412677
2.67392,-0.475023,0.472441,-0.421086,0.412677
2.67417,-0.368059,1,-0.374037,0.412677
2.67442,-0.267684,1,-0.308656,0.412677
2.67467,-0.255569,1,-0.309329,0.412677
2.67492,-0.219598,0.322835,-0.278815,0.412677
2.67517,-0.00735107,-1,-0.0457092,0.412677
2.67542,0.359965,-1,0.3697,0.412677
2.67567,0.655717,-1,0.713773,0.412677
2.67592,0.64713,-0.637795,0.758439,0.412677
2.67617,0.322853,0.401575,0.459014,0.412677
2.67642,-0.0885552,0.275591,0.0404999,0.412677
2.67667,-0.334329,-0.0393701,-0.246165,0.412677
2.67692,-0.357323,0.582677,-0.31965,0.412677
2.67717,-0.304499,1,-0.318311,0.412677
2.67742,-0.322876,1,-0.384258,0.412677
2.67767,-0.37799,1,-0.468237,0.412677
2.67792,-0.294618,-0.244094,-0.396988,0.412677
2.67817,0.0238752,-1,-0.0547316,0.412677
2.67842,0.443161,-1,0.40925,0.412677
2.67867,0.687135,-1,0.702251,0.412677
2.67893,0.588841,-0.370079,0.653925,0.412677
2.67918,0.244719,-0.110236,0.337347,0.412677
2.67943,-0.0863114,-0.551181,-0.00225314,0.412677
2.67968,-0.231841,-0.401575,-0.167502,0.412677
2.67993,-0.244428,0.992126,-0.230252,0.412677
2.68018,-0.287551,1,-0.314289,0.412677
2.68043,-0.415772,1,-0.493216,0.412677
2.68068,-0.487369,1,-0.600609,0.412677
2.68093,-0.318841,-0.811024,-0.444739,0.412677
2.68118,0.0900236,-1,-0.0191157,0.412677
2.68143,0.507648,-1,0.441768,0.412677
2.68168,0.665736,-1,0.655693,0.412677
2.68193,0.499236,-0.448819,0.546071,0.412677
2.68218,0.189004,-0.858268,0.254384,0.412677
2.68243,-0.0327538,-1,0.0344887,0.412677
2.68268,-0.10635,-0.370079,-0.0687528,0.412677
2.68293,-0.161134,1,-0.15717,0.412677
2.68318,-0.321345,1,-0.370435,0.412677
2.68343,-0.524668,1,-0.640489,0.412677
2.68368,-0.559373,1,-0.722158,0.412677
2.68393,-0.290803,-1,-0.472644,0.412677
2.68418,0.167656,-1,0.00333164,0.412677
2.68443,0.531376,-0.212598,0.419397,0.412677
2.68468,0.594553,-0.511811,0.548966,0.412677
2.68493,0.403438,-1,0.423724,0.412677
2.68518,0.176192,-1,0.233172,0.412677
2.68543,0.0652129,-1,0.14049,0.412677
2.68568,0.0164407,-1,0.101957,0.412677
2.68593,-0.12548,1,-0.0666319,0.412677
2.68618,-0.395992,1,-0.379735,0.412677
2.68643,-0.622746,1,-0.671388,0.412677
2.68668,-0.579064,1,-0.69713,0.412677
2.68693,-0.224327,0.76378,-0.376087,0.412677
2.68718,0.229835,0.645669,0.0716489,0.412677
2.68743,0.502249,0.606299,0.377674,0.412677
2.68768,0.489871,-0.409449,0.417857,0.412677
2.68793,0.32911,-1,0.340908,0.412677
2.68818,0.215792,-1,0.311189,0.412677
2.68843,0.188497,-1,0.356625,0.412677
2.68868,0.109892,-0.968504,0.32819,0.412677
2.68893,-0.143488,1,0.0891461,0.412677
2.68918,-0.490804,1,-0.29297,0.412677
2.68943,-0.684934,1,-0.552571,0.412677
2.68968,-0.544672,1,-0.492503,0.412677
2.68993,-0.142502,1,-0.168525,0.412677
2.69018,0.25307,1,0.175425,0.412677
2.69043,0.422223,1,0.330529,0.412677
2.69068,0.377548,-0.677165,0.294609,0.412677
2.69093,0.297849,-1,0.246843,0.412677
2.69118,0.301917,-1,0.309481,0.412677
2.69143,0.310893,-1,0.388997,0.412677
2.69168,0.15413,-0.448819,0.27104,0.412677
2.69193,-0.20587,1,-0.0656862,0.412677
2.69218,-0.57728,1,-0.463444,0.412677
2.69243,-0.694607,1,-0.615952,0.412677
2.69268,-0.468787,1,-0.446634,0.412677
2.69293,-0.073674,1,-0.0926344,0.412677
2.69318,0.223097,1,0.190708,0.412677
2.69343,0.30718,1,0.27787,0.412677
2.69368,0.285659,-1,0.290773,0.412677
2.69393,0.320192,-1,0.364959,0.412677
2.69418,0.41588,-1,0.514358,0.412677
2.69443,0.404217,-1,0.560514,0.412677
2.69468,0.142775,-0.102362,0.326043,0.412677
2.69493,-0.291191,1,-0.117963,0.412677
2.69518,-0.629187,1,-0.503265,0.412677
2.69543,-0.648872,1,-0.595974,0.412677
2.69568,-0.375291,1,-0.392718,0.412677
2.69593,-0.0433101,1,-0.110508,0.412677
2.69618,0.141529,1,0.0497496,0.412677
2.69643,0.18339,0.889764,0.0911217,0.412677
2.69668,0.237861,-1,0.182512,0.412677
2.69693,0.391492,-1,0.388711,0.412677
2.69718,0.529895,-1,0.599153,0.412677
2.69743,0.447531,-1,0.589056,0.412677
2.69768,0.0840315,-0.0708661,0.262355,0.412677
2.69793,-0.370778,0.480315,-0.188889,0.412677
2.69818,-0.628623,0.440945,-0.48235,0.412677
2.69843,-0.559973,0.952756,-0.47615,0.412677
2.69868,-0.294195,1,-0.273003,0.412677
2.69893,-0.0662273,1,-0.103211,0.412677
2.69918,0.0241968,1,-0.0558295,0.412677
2.69943,0.0803732,0.377953,-0.0190472,0.412677
2.69968,0.245731,-1,0.163825,0.412677
2.69993,0.492951,-1,0.45365,0.412677
2.70018,0.615493,-1,0.633291,0.412677
2.70043,0.433233,-1,0.50504,0.412677
2.70068,1.03271e-05,-0.393701,0.104037,0.412677
2.70093,-0.416727,-0.346457,-0.309241,0.412677
2.70118,-0.571653,-0.0866142,-0.491883,0.412677
2.70143,-0.452523,1,-0.423168,0.412677
2.70168,-0.251696,1,-0.277546,0.412677
2.70193,-0.14235,1,-0.229123,0.412677
2.70218,-0.103064,1,-0.229213,0.412677
2.70243,0.0229989,-0.188976,-0.12723,0.412677
2.70268,0.304939,-1,0.178337,0.412677
2.70293,0.596197,-1,0.513187,0.412677
2.70318,0.650335,-1,0.634955,0.412677
2.70343,0.369316,-1,0.418912,0.412677
2.70369,-0.0798582,-1,0.00695344,0.412677
2.70394,-0.4101,-1,-0.317125,0.412677
2.70419,-0.47082,-0.267717,-0.395552,0.412677
2.70444,-0.357245,1,-0.325065,0.412677
2.70469,-0.263712,1,-0.29566,0.412677
2.70494,-0.255867,1,-0.359864,0.412677
2.70519,-0.208811,1,-0.376282,0.412677
2.70544,0.022968,-0.645669,-0.169173,0.412677
2.70569,0.396217,-1,0.21346,0.412677
2.70594,0.671035,-1,0.538344,0.412677
2.70619,0.626009,-1,0.558432,0.412677
2.70644,0.278599,-1,0.270261,0.412677
2.70669,-0.126358,-1,-0.0826018,0.412677
2.70694,-0.346485,-1,-0.287798,0.412677
2.70719,-0.351322,-0.0708661,-0.298177,0.412677
2.70744,-0.301649,1,-0.283812,0.412677
2.70769,-0.330363,1,-0.356129,0.412677
2.70794,-0.379014,1,-0.464144,0.412677
2.70819,-0.267601,1,-0.402405,0.412677
2.70844,0.0767833,-0.787402,-0.0773094,0.412677
2.70869,0.490443,-1,0.355952,0.412677
2.70894,0.694492,-1,0.603506,0.412677
2.70919,0.551488,-1,0.53153,0.412677
2.70944,0.192024,-1,0.217389,0.412677
2.70969,-0.119401,-1,-0.0632388,0.412677
2.70994,-0.238448,-1,-0.169091,0.412677
2.71019,-0.245155,0.417323,-0.198381,0.412677
2.71044,-0.302784,1,-0.299464,0.412677
2.71069,-0.435363,1,-0.497302,0.412677
2.71094,-0.480011,1,-0.597342,0.412677
2.71119,-0.266719,0.818898,-0.43094,0.412677
2.71144,0.164012,-0.527559,-0.0120913,0.412677
2.71169,0.556141,-0.771654,0.412725,0.412677
2.71194,0.658194,-0.795276,0.573271,0.412677
2.71219,0.449876,-1,0.434536,0.412677
2.71244,0.140036,-1,0.190314,0.412677
2.71269,-0.0543559,-1,0.0368854,0.412677
2.71294,-0.112443,-1,-0.00613585,0.412677
2.71319,-0.180848,1,-0.0826697,0.412677
2.71344,-0.360318,1,-0.312045,0.412677
2.71369,-0.550083,1,-0.560566,0.412677
2.71394,-0.53249,1,-0.607778,0.412677
2.71419,-0.210826,0.645669,-0.328988,0.412677
2.71444,0.254189,0.0551181,0.122242,0.412677
2.71469,0.569689,0.023622,0.455676,0.412677
2.71494,0.571027,-0.559055,0.497713,0.412677
2.71519,0.353522,-1,0.35101,0.412677
2.71544,0.142812,-1,0.20012,0.412677
2.71569,0.0550569,-1,0.160739,0.412677
2.71594,-0.00119289,-1,0.13051,0.412677
2.71619,-0.175261,1,-0.0490634,0.412677
2.71644,-0.457098,1,-0.361583,0.412677
2.71669,-0.641801,1,-0.602154,0.412677
2.71694,-0.523384,1,-0.552693,0.412677
2.71719,-0.121032,0.88189,-0.210443,0.412677
2.71744,0.315098,0.874016,0.208403,0.412677
2.71769,0.522835,0.622047,0.42543,0.412677
2.71794,0.457775,-0.748031,0.394346,0.412677
2.71819,0.293412,-1,0.286491,0.412677
2.71844,0.204662,-1,0.27,0.412677
2.71869,0.18111,-1,0.306716,0.412677
2.71894,0.0654455,-0.535433,0.234957,0.412677
2.71919,-0.227928,1,-0.0560722,0.412677
2.71944,-0.563281,1,-0.424391,0.412677
2.71969,-0.683239,1,-0.595193,0.412677
2.71994,-0.45869,1,-0.440787,0.412677
2.72019,-0.0286299,1,-0.0708633,0.412677
2.72044,0.322559,1,0.253922,0.412677
2.72069,0.42541,0.850394,0.361147,0.412677
2.72094,0.352077,-1,0.311188,0.412677
2.72119,0.290418,-1,0.290121,0.412677
2.72144,0.311124,-1,0.37712,0.412677
2.72169,0.290438,-1,0.408202,0.412677
2.72194,0.0711762,-0.023622,0.223574,0.412677
2.72219,-0.320038,1,-0.168702,0.412677
2.72244,-0.644772,1,-0.519657,0.412677
2.72269,-0.662195,1,-0.597141,0.412677
2.72294,-0.360797,1,-0.359769,0.412677
2.72319,0.0319241,1,-0.00911395,0.412677
2.72344,0.268499,1,0.210223,0.412677
2.72369,0.303504,0.685039,0.254262,0.412677
2.72394,0.285727,-1,0.264428,0.412677
2.72419,0.347795,-1,0.379182,0.398426
2.72444,0.432694,-1,0.521001,0.398426
2.72469,0.352705,-1,0.499024,0.398426
2.72494,0.0172833,0.173228,0.198001,0.398426
2.72519,-0.420291,1,-0.250914,0.398426
2.72544,-0.674139,1,-0.546678,0.398426
2.72569,-0.585296,1,-0.529719,0.398426
2.72594,-0.26308,1,-0.272302,0.398426
2.72619,0.0368797,1,-0.0140706,0.398426
2.72644,0.164753,1,0.0936465,0.398426
2.72669,0.192092,0.165354,0.130562,0.398426
2.72694,0.279055,-1,0.249539,0.398426
2.72719,0.449812,-1,0.464762,0.398426
2.72744,0.534958,-1,0.615915,0.398426
2.72769,0.351328,-1,0.484312,0.398426
2.72794,-0.0754827,-0.00787402,0.0787066,0.398426
2.72819,-0.493589,0.259843,-0.34368,0.398426
2.72845,-0.640061,0.417323,-0.535731,0.398426
2.7287,-0.477097,1,-0.442571,0.398426
2.72895,-0.199917,1,-0.22887,0.398426
2.7292,-0.0204618,1,-0.110458,0.398426
2.72945,0.0389975,1,-0.0827012,0.398426
2.7297,0.123903,-0.448819,-0.00414389,0.398426
2.72995,0.334332,-1,0.227789,0.398426
2.7302,0.564932,-1,0.516929,0.398426
2.73045,0.587055,-1,0.602667,0.398426
2.7307,0.290185,-1,0.363473,0.398426
2.73095,-0.17434,-0.574803,-0.0711759,0.398426
2.7312,-0.512636,-0.527559,-0.4045,0.398426
2.73145,-0.55115,0.188976,-0.477986,0.398426
2.7317,-0.372902,1,-0.349489,0.398426
2.73195,-0.19527,1,-0.239815,0.398426
2.7322,-0.126569,1,-0.229431,0.398426
2.73245,-0.0724258,1,-0.221416,0.398426
2.7327,0.118326,-1,-0.0445824,0.398426
2.73295,0.433093,-1,0.296193,0.398426
2.7332,0.657328,-1,0.574663,0.398426
2.73345,0.573972,-1,0.554701,0.398426
2.7337,0.191846,-1,0.231,0.398426
2.73395,-0.242423,-1,-0.179739,0.398426
2.7342,-0.467085,-1,-0.396295,0.398426
2.73445,-0.433763,0.385827,-0.391678,0.398426
2.7347,-0.307312,1,-0.304493,0.398426
2.73495,-0.253963,1,-0.314897,0.398426
2.7352,-0.25172,1,-0.380772,0.398426
2.73545,-0.136664,1,-0.305213,0.398426
2.7357,0.175755,-1,0.00110757,0.398426
2.73595,0.542427,-1,0.392189,0.398426
2.7362,0.696537,-1,0.60015,0.398426
2.73645,0.501539,-1,0.477435,0.398426
2.7367,0.0914326,-1,0.130348,0.398426
2.73695,-0.253583,-1,-0.17915,0.398426
2.7372,-0.36791,-1,-0.285604,0.398426
2.73745,-0.324759,0.92126,-0.259388,0.398426
2.7377,-0.303346,1,-0.284152,0.398426
2.73795,-0.35998,1,-0.401179,0.398426
2.7382,-0.357733,1,-0.465716,0.398426
2.73845,-0.135133,0.472441,-0.285406,0.398426
2.7387,0.274498,-1,0.117875,0.398426
2.73895,0.62488,-1,0.500251,0.398426
2.7392,0.669235,-1,0.597864,0.398426
2.73945,0.39484,-1,0.390314,0.398426
2.7397,0.0260302,-1,0.0698782,0.398426
2.73995,-0.199203,-1,-0.142216,0.398426
2.7402,-0.244634,-1,-0.18278,0.398426
2.74045,-0.259726,1,-0.22547,0.398426
2.7407,-0.363818,1,-0.385201,0.398426
2.74095,-0.481127,1,-0.562031,0.398426
2.7412,-0.412498,1,-0.55656,0.398426
2.74145,-0.0711268,0.251969,-0.241734,0.398426
2.7417,0.380543,-0.527559,0.207249,0.398426
2.74195,0.65093,-0.614173,0.514896,0.398426
2.7422,0.583728,-1,0.5173,0.398426
2.74245,0.291482,-1,0.290625,0.398426
2.7427,0.0212735,-1,0.0846719,0.398426
2.74295,-0.0932953,-1,0.00817877,0.398426
2.7432,-0.135629,-0.511811,-0.0286652,0.398426
2.74345,-0.259762,1,-0.169919,0.398426
2.7437,-0.469998,1,-0.431868,0.398426
2.74395,-0.578518,1,-0.602964,0.398426
2.7442,-0.399319,1,-0.48349,0.398426
2.74445,0.0320223,0.456693,-0.0978486,0.398426
2.7447,0.454376,0.244094,0.321868,0.398426
2.74495,0.609356,-0.0629921,0.502741,0.398426
2.7452,0.46904,-1,0.406971,0.398426
2.74545,0.228146,-1,0.236168,0.398426
2.7457,0.0826002,-1,0.150948,0.398426
2.74595,0.0319989,-1,0.147523,0.398426
2.7462,-0.075625,0.141732,0.0626571,0.398426
2.74645,-0.324891,1,-0.202881,0.398426
2.7467,-0.586319,1,-0.507619,0.398426
2.74695,-0.61999,1,-0.604666,0.398426
2.7472,-0.324273,1,-0.366182,0.398426
2.74745,0.136284,1,0.0616417,0.398426
2.7477,0.468012,1,0.382682,0.398426
2.74795,0.512135,0.0708661,0.447501,0.398426
2.7482,0.363533,-1,0.341483,0.398426
2.74845,0.229514,-1,0.267334,0.398426
2.7487,0.192465,-1,0.301751,0.398426
2.74895,0.136365,-1,0.30481,0.398426
2.7492,-0.0846916,0.692913,0.101949,0.398426
2.74945,-0.432228,1,-0.257656,0.398426
2.7497,-0.673008,1,-0.552545,0.398426
2.74995,-0.591747,1,-0.545482,0.398426
2.7502,-0.214719,1,-0.22747,0.398426
2.75045,0.202912,1,0.154408,0.398426
2.7507,0.413657,1,0.35036,0.398426
2.75095,0.39095,-0.188976,0.330931,0.398426
2.7512,0.304698,-1,0.286936,0.398426
2.75145,0.297197,-1,0.332339,0.398426
2.7517,0.315812,-1,0.414032,0.398426
2.75195,0.186008,-1,0.327013,0.398426
2.7522,-0.157553,0.897638,-0.0054901,0.398426
2.75245,-0.544128,1,-0.407235,0.398426
2.7527,-0.699232,1,-0.610146,0.398426
2.75295,-0.503789,1,-0.485575,0.398426
2.75321,-0.111232,1,-0.149069,0.398426
2.75346,0.205308,1,0.138679,0.398426
2.75371,0.30681,1,0.237287,0.398426
2.75396,0.286835,-0.795276,0.243014,0.398426
2.75421,0.314265,-1,0.313204,0.398426
2.75446,0.410175,-1,0.468937,0.398426
2.75471,0.411757,-1,0.534694,0.398426
2.75496,0.16443,-0.685039,0.325735,0.398426
2.75521,-0.26836,0.645669,-0.107718,0.398426
2.75546,-0.619662,0.929134,-0.486786,0.398426
2.75571,-0.654862,1,-0.583354,0.398426
2.75596,-0.387913,1,-0.388267,0.398426
2.75621,-0.051784,1,-0.10777,0.398426
2.75646,0.139259,1,0.0517806,0.398426
2.75671,0.183212,1,0.0833262,0.398426
2.75696,0.236361,-1,0.165582,0.398426
2.75721,0.390004,-1,0.363233,0.398426
2.75746,0.529751,-1,0.576004,0.398426
2.75771,0.44693,-1,0.554509,0.398426
2.75796,0.0803469,-0.535433,0.232936,0.398426
2.75821,-0.376013,0.015748,-0.217352,0.398426
2.75846,-0.630252,0.181102,-0.498875,0.398426
2.75871,-0.554794,0.976378,-0.477872,0.398426
2.75896,-0.285778,1,-0.278205,0.398426
2.75921,-0.0608525,1,-0.113702,0.398426
2.75946,0.0255936,1,-0.0845352,0.398426
2.75971,0.0852702,0.582677,-0.045181,0.398426
2.75996,0.25773,-1,0.135995,0.398426
2.76021,0.505627,-1,0.420654,0.398426
2.76046,0.613861,-1,0.594826,0.398426
2.76071,0.409476,-1,0.455462,0.398426
2.76096,-0.0349616,-0.858268,0.0580993,0.398426
2.76121,-0.440345,-0.76378,-0.335541,0.398426
2.76146,-0.570457,-0.23622,-0.47881,0.398426
2.76171,-0.434281,1,-0.386074,0.398426
2.76196,-0.235987,1,-0.246427,0.398426
2.76221,-0.137467,1,-0.213397,0.398426
2.76246,-0.0965612,1,-0.234016,0.398426
2.76271,0.0474968,-0.102362,-0.118461,0.398426
2.76296,0.343573,-1,0.194652,0.398426
2.76321,0.619818,-1,0.510923,0.398426
2.76346,0.631933,-1,0.578232,0.398426
2.76371,0.312688,-1,0.329358,0.398426
2.76396,-0.138718,-1,-0.0792805,0.398426
2.76421,-0.435755,-1,-0.366388,0.398426
2.76446,-0.460245,-0.220472,-0.396965,0.398426
2.76471,-0.337286,1,-0.305822,0.398426
2.76496,-0.257923,1,-0.282736,0.398426
2.76521,-0.25602,1,-0.351727,0.398426
2.76546,-0.184327,1,-0.325191,0.398426
2.76571,0.0840254,-0.590551,-0.0788695,0.398426
2.76596,0.462406,-1,0.307809,0.398426
2.76621,0.690424,-1,0.581459,0.398426
2.76646,0.577007,-1,0.529097,0.398426
2.76671,0.193106,-1,0.21181,0.398426
2.76696,-0.191089,-1,-0.13846,0.398426
2.76721,-0.361429,-1,-0.298412,0.398426
2.76746,-0.338665,0.220472,-0.291706,0.398426
2.76771,-0.299951,1,-0.289938,0.398426
2.76796,-0.345431,1,-0.389196,0.398426
2.76821,-0.373634,1,-0.476758,0.398426
2.76846,-0.204796,1,-0.356296,0.398426
2.76871,0.181198,-0.645669,0.0179724,0.398426
2.76896,0.570378,-1,0.432907,0.398426
2.76921,0.690292,-1,0.600107,0.398426
2.76946,0.468639,-1,0.452079,0.398426
2.76971,0.0952439,-1,0.140522,0.398426
2.76996,-0.170622,-1,-0.0906688,0.398426
2.77021,-0.24422,-1,-0.156244,0.398426
2.77046,-0.251274,0.944882,-0.183356,0.398426
2.77071,-0.337453,1,-0.313379,0.398426
2.77096,-0.467235,1,-0.51173,0.398426
2.77121,-0.447048,1,-0.550692,0.398426
2.77146,-0.150645,0.724409,-0.299623,0.398426
2.77171,0.303334,-0.251969,0.148692,0.398426
2.77196,0.62611,-0.464567,0.499293,0.398426
2.77221,0.618531,-0.92126,0.551467,0.398426
2.77246,0.347432,-1,0.347265,0.398426
2.77271,0.0571929,-1,0.123859,0.398426
2.77296,-0.0835006,-1,0.0277204,0.398426
2.77321,-0.126219,-1,-0.00590439,0.398426
2.77346,-0.231025,1,-0.123827,0.398426
2.77371,-0.436769,1,-0.369487,0.398426
2.77396,-0.577497,1,-0.581589,0.398426
2.77421,-0.448036,1,-0.517754,0.398426
2.77446,-0.0408389,0.779528,-0.169177,0.398426
2.77471,0.403705,0.456693,0.259953,0.398426
2.77496,0.607394,0.133858,0.485884,0.398426
2.77521,0.501099,-1,0.423458,0.398426
2.77546,0.259408,-1,0.249115,0.398426
2.77571,0.0947048,-1,0.155143,0.398426
2.77596,0.03833,-1,0.150558,0.398426
2.77621,-0.0529623,-0.377953,0.091521,0.398426
2.77646,-0.286829,1,-0.145619,0.398426
2.77671,-0.560872,1,-0.454671,0.398426
2.77696,-0.634235,1,-0.587894,0.398426
2.77721,-0.375036,1,-0.388803,0.398426
2.77746,0.0825101,1,0.0201145,0.398426
2.77771,0.443464,1,0.36542,0.398426
2.77797,0.520383,0.362205,0.443833,0.398426
2.77822,0.38276,-1,0.348168,0.398426
2.77847,0.239023,-1,0.254578,0.398426
2.77872,0.194301,-1,0.276497,0.398426
2.77897,0.14844,-1,0.284306,0.398426
2.77922,-0.0536762,0.283465,0.113611,0.398426
2.77947,-0.398365,1,-0.240838,0.398426
2.77972,-0.661869,1,-0.544239,0.398426
2.77997,-0.614262,1,-0.562873,0.398426
2.78022,-0.255088,1,-0.26598,0.398426
2.78047,0.172187,1,0.125029,0.398426
2.78072,0.406402,1,0.340694,0.398426
2.78097,0.398259,0.0708661,0.3474,0.398426
2.78122,0.309437,-1,0.290757,0.398426
2.78147,0.295097,-1,0.329267,0.398426
2.78172,0.317824,-1,0.408763,0.398426
2.78197,0.202981,-1,0.344125,0.398426
2.78222,-0.129397,0.590551,0.0280084,0.398426
2.78247,-0.522828,1,-0.379542,0.398426
2.78272,-0.699969,1,-0.597878,0.398426
2.78297,-0.523922,1,-0.490727,0.398426
2.78322,-0.134194,1,-0.163109,0.398426
2.78347,0.19338,1,0.131578,0.398426
2.78372,0.306329,1,0.231857,0.398426
2.78397,0.287953,-0.566929,0.233198,0.398426
2.78422,0.310764,-1,0.294686,0.398426
2.78447,0.406618,-1,0.456101,0.398426
2.78472,0.415964,-1,0.522005,0.398426
2.78497,0.178914,-0.937008,0.325249,0.398426
2.78522,-0.25229,0.433071,-0.0924603,0.398426
2.78547,-0.612158,0.818898,-0.473806,0.398426
2.78572,-0.659091,1,-0.576582,0.398426
2.78597,-0.397617,1,-0.393706,0.398426
2.78622,-0.059163,1,-0.118997,0.398426
2.78647,0.137159,1,0.0411285,0.398426
2.78672,0.182584,1,0.0786196,0.398426
2.78697,0.234778,-1,0.146946,0.398426
2.78722,0.387323,-1,0.341279,0.398426
2.78747,0.529031,-1,0.547629,0.398426
2.78772,0.449036,-1,0.537126,0.398426
2.78797,0.0833167,-0.755906,0.226642,0.398426
2.78822,-0.374844,-0.15748,-0.220785,0.398426
2.78847,-0.63032,0.0944882,-0.504938,0.398426
2.78872,-0.554345,0.984252,-0.472991,0.398426
2.78897,-0.284526,1,-0.275616,0.398426
2.78922,-0.0597892,1,-0.122496,0.398426
2.78947,0.0261105,1,-0.0907571,0.398426
2.78972,0.086314,0.716535,-0.0527521,0.398426
2.78997,0.261462,-1,0.123865,0.398426
2.79022,0.509582,-1,0.418506,0.398426
2.79047,0.613024,-1,0.586267,0.398426
2.79072,0.400913,-1,0.441949,0.398426
2.79097,-0.0477066,-1,0.0437677,0.398426
2.79122,-0.448885,-0.929134,-0.33929,0.398426
2.79147,-0.569518,-0.275591,-0.472803,0.398426
2.79172,-0.427017,1,-0.3685,0.398426
2.79197,-0.230193,1,-0.234995,0.398426
2.79222,-0.135692,1,-0.210261,0.398426
2.79247,-0.0937963,1,-0.228792,0.398426
2.79272,0.0578864,-0.0472441,-0.108957,0.398426
2.79297,0.359134,-1,0.195768,0.398426
2.79322,0.628366,-1,0.500143,0.398426
2.79347,0.622554,-1,0.562395,0.398426
2.79372,0.288161,-1,0.285001,0.398426
2.79397,-0.162816,-1,-0.115604,0.398426
2.79422,-0.444972,-1,-0.380672,0.398426
2.79447,-0.454363,-0.173228,-0.395857,0.398426
2.79472,-0.328926,1,-0.307213,0.398426
2.79497,-0.25628,1,-0.283757,0.398426
2.79522,-0.255263,1,-0.343183,0.398426
2.79547,-0.171232,1,-0.308781,0.398426
2.79572,0.111906,-0.551181,-0.0415592,0.398426
2.79597,0.489927,-1,0.349366,0.398426
2.79622,0.694974,-1,0.598296,0.398426
2.79647,0.551704,-1,0.51439,0.398426
2.79672,0.154907,-1,0.184391,0.398426
2.79697,-0.216968,-1,-0.153488,0.398426
2.79722,-0.365461,-1,-0.297703,0.398426
2.79747,-0.332667,0.401575,-0.28534,0.398426
2.79772,-0.300799,1,-0.28849,0.398426
2.79797,-0.352575,1,-0.397889,0.398426
2.79822,-0.367443,1,-0.476707,0.398426
2.79847,-0.171583,1,-0.325769,0.398426
2.79872,0.229522,-0.582677,0.0667942,0.398426
2.79897,0.600958,-1,0.457209,0.398426
2.79922,0.680582,-1,0.591771,0.398426
2.79947,0.427208,-1,0.411915,0.398426
2.79972,0.0535898,-1,0.104143,0.398426
2.79997,-0.189163,-1,-0.099345,0.398426
2.80022,-0.244608,-1,-0.144599,0.398426
2.80047,-0.256401,1,-0.185973,0.398426
2.80072,-0.355365,1,-0.327124,0.398426
2.80097,-0.477655,1,-0.516134,0.398426
2.80122,-0.422848,1,-0.522628,0.398426
2.80147,-0.0907463,0.724409,-0.23533,0.398426
2.80172,0.364547,-0.141732,0.209149,0.398426
2.80197,0.647147,-0.417323,0.521621,0.398426
2.80222,0.59006,-1,0.519137,0.398426
2.80247,0.29875,-1,0.294664,0.398426
2.80273,0.024822,-1,0.0898894,0.398426
2.80298,-0.0924758,-1,0.013485,0.398426
2.80323,-0.135074,-0.84252,-0.0145928,0.398426
2.80348,-0.259485,1,-0.155713,0.398426
2.80373,-0.470857,1,-0.403036,0.398426
2.80398,-0.578292,1,-0.574461,0.398426
2.80423,-0.394434,1,-0.462919,0.398426
2.80448,0.0417128,0.88189,-0.0746471,0.398426
2.80473,0.462471,0.590551,0.332521,0.398426
2.80498,0.608798,0.0629921,0.495216,0.398426
2.80523,0.460354,-1,0.395397,0.398426
2.80548,0.219367,-1,0.217808,0.398426
2.80573,0.0787347,-1,0.146311,0.398426
2.80598,0.0290385,-1,0.152817,0.398426
2.80623,-0.0867546,0,0.0728656,0.398426
2.80648,-0.343467,1,-0.188736,0.398426
2.80673,-0.598325,1,-0.485169,0.398426
2.80698,-0.608995,1,-0.554026,0.398426
2.80723,-0.289939,1,-0.295538,0.398426
2.80748,0.173159,1,0.11872,0.398426
2.80773,0.484093,1,0.413577,0.398426
2.80798,0.502818,0.0708661,0.440702,0.398426
2.80823,0.346125,-1,0.315793,0.398426
2.80848,0.221699,-1,0.252619,0.398426
2.80873,0.190505,-1,0.28088,0.398426
2.80898,0.120206,-1,0.258048,0.398426
2.80923,-0.123826,0.614173,0.0395492,0.398426
2.80948,-0.475079,1,-0.325814,0.398426
2.80973,-0.683198,1,-0.583871,0.398426
2.80998,-0.552849,1,-0.518277,0.398426
2.81023,-0.149684,1,-0.171752,0.398426
2.81048,0.251226,1,0.195965,0.398426
2.81073,0.422455,1,0.35468,0.398426
2.81098,0.37587,-0.440945,0.328738,0.398426
2.81123,0.296732,-1,0.286182,0.398426
2.81148,0.303109,-1,0.347615,0.398426
2.81173,0.308312,-1,0.418589,0.398426
2.81198,0.137463,-1,0.286295,0.398426
2.81223,-0.235377,0.787402,-0.0715538,0.398426
2.81248,-0.599406,1,-0.459497,0.398426
2.81273,-0.687166,1,-0.603334,0.398426
2.81298,-0.430956,1,-0.415675,0.398426
2.81323,-0.0303677,1,-0.0828748,0.398426
2.81348,0.245143,1,0.165195,0.398426
2.81373,0.306333,1,0.221082,0.398426
2.81398,0.284741,-1,0.223425,0.398426
2.81423,0.334125,-1,0.315974,0.398426
2.81448,0.42713,-1,0.473179,0.398426
2.81473,0.376993,-1,0.487354,0.398426
2.81498,0.0664061,-0.629921,0.219329,0.398426
2.81523,-0.377059,0.433071,-0.217319,0.398426
2.81548,-0.663661,0.748031,-0.530211,0.398426
2.81573,-0.606775,1,-0.535613,0.398426
2.81598,-0.292798,1,-0.293646,0.398426
2.81623,0.0196674,1,-0.0414577,0.398426
2.81648,0.161164,1,0.0636025,0.398426
2.81673,0.190046,0.740157,0.0893528,0.398426
2.81698,0.271898,-1,0.185816,0.398426
2.81723,0.442285,-1,0.408193,0.398426
2.81748,0.535989,-1,0.563094,0.398426
2.81773,0.360199,-1,0.458948,0.398426
2.81798,-0.0668306,-0.677165,0.070229,0.398426
2.81823,-0.490257,-0.23622,-0.344463,0.398426
2.81848,-0.640092,0.228346,-0.523578,0.398426
2.81873,-0.475795,1,-0.41194,0.398426
2.81898,-0.196578,1,-0.204947,0.398426
2.81923,-0.0182348,1,-0.0883738,0.398426
2.81948,0.0404215,1,-0.0841449,0.398426
2.81973,0.129685,-0.11811,-0.0100154,0.398426
2.81998,0.346274,-1,0.219255,0.398426
2.82023,0.57345,-1,0.481549,0.398426
2.82048,0.57757,-1,0.554446,0.398426
2.82073,0.259361,-1,0.290754,0.398426
2.82098,-0.209132,-1,-0.134451,0.398426
2.82123,-0.528311,-0.929134,-0.443265,0.398426
2.82148,-0.540224,0.165354,-0.477148,0.398426
2.82173,-0.350991,1,-0.330301,0.398426
2.82198,-0.182214,1,-0.221533,0.398426
2.82223,-0.123083,1,-0.219495,0.398426
2.82248,-0.0578827,1,-0.213693,0.398426
2.82273,0.157111,-0.811024,-0.0125686,0.398426
2.82298,0.477264,-1,0.326184,0.398426
2.82323,0.667533,-1,0.562152,0.398426
2.82348,0.528621,-1,0.491555,0.398426
2.82373,0.113981,-1,0.136757,0.398426
2.82398,-0.302443,-1,-0.247303,0.398426
2.82423,-0.477255,-1,-0.412213,0.350041
2.82448,-0.409657,-0.84252,-0.362788,0.350041
2.82473,-0.288174,1,-0.278675,0.350041
2.82498,-0.253817,1,-0.306495,0.350041
2.82523,-0.242237,1,-0.357468,0.350041
2.82548,-0.0821132,1,-0.258406,0.350041
2.82573,0.266002,-0.0551181,0.0628354,0.350041
2.82598,0.608438,0.0393701,0.411267,0.350041
2.82623,0.679898,0.811024,0.527004,0.350041
2.82648,0.405663,0.834646,0.327037,0.350041
2.82673,-0.0172412,-0.275591,-0.0117614,0.350041
2.82698,-0.309091,-1,-0.222958,0.350041
2.82723,-0.363994,-1,-0.200095,0.350041
2.82749,-0.309795,0.0472441,-0.076367,0.350041
2.82774,-0.315353,1,-0.0489438,0.350041
2.82799,-0.375207,0.874016,-0.109682,0.350041
2.82824,-0.315286,-0.834646,-0.0911431,0.350041
2.82849,-0.0143386,-1,0.149928,0.350041
2.82874,0.412234,-1,0.51466,0.350041
2.82899,0.680992,-0.669291,0.725265,0.350041
2.82924,0.602138,0.685039,0.578844,0.350041
2.82949,0.259835,0.834646,0.165801,0.350041
2.82974,-0.079648,0.267717,-0.257524,0.350041
2.82999,-0.231619,0.322835,-0.473507,0.350041
2.83024,-0.244422,1,-0.519371,0.350041
2.83049,-0.288977,1,-0.560222,0.350041
2.83074,-0.419586,1,-0.652489,0.350041
2.83099,-0.485936,0.897638,-0.646109,0.350041
2.83124,-0.301178,-1,-0.364996,0.350041
2.83149,0.122109,-1,0.170872,0.350041
2.83174,0.533446,-1,0.706333,0.350041
2.83199,0.662455,-1,0.940737,0.350041
2.83224,0.467192,-1,0.811774,0.350041
2.83249,0.153202,-1,0.50381,0.350041
2.83274,-0.0502668,-1,0.261817,0.350041
2.83299,-0.111473,0.393701,0.101962,0.350041
2.83324,-0.17925,1,-0.0874288,0.350041
2.83349,-0.359631,1,-0.407473,0.350041
2.83374,-0.551045,1,-0.750831,0.350041
2.83399,-0.529053,1,-0.836434,0.350041
2.83424,-0.197477,-1,-0.571587,0.350041
2.83449,0.272001,-1,-0.0996419,0.350041
2.83474,0.577779,-1,0.255988,0.350041
2.83499,0.561898,-1,0.326077,0.350041
2.83524,0.33519,-1,0.197331,0.350041
2.83549,0.130939,-1,0.0786394,0.350041
2.83574,0.05106,-1,0.0581581,0.350041
2.83599,-0.0122348,0.496063,0.0432787,0.350041
2.83624,-0.205147,1,-0.13547,0.350041
2.83649,-0.491453,1,-0.437168,0.350041
2.83674,-0.646044,1,-0.619113,0.350041
2.83699,-0.477355,0.267717,-0.474582,0.350041
2.83724,-0.0453049,-0.551181,-0.0519337,0.350041
2.83749,0.371513,-0.307087,0.382803,0.350041
2.83774,0.528367,-0.19685,0.561323,0.350041
2.83799,0.426923,-1,0.487351,0.350041
2.83824,0.266236,-1,0.34143,0.350041
2.83849,0.1986,-1,0.272674,0.350041
2.83874,0.169199,-0.976378,0.232149,0.350041
2.83899,0.0112679,1,0.0360904,0.350041
2.83924,-0.31629,1,-0.344513,0.350041
2.83949,-0.623984,1,-0.718291,0.350041
2.83974,-0.655929,0.76378,-0.81397,0.350041
2.83999,-0.347811,-0.259843,-0.546919,0.350041
2.84024,0.0929256,-0.15748,-0.0965394,0.350041
2.84049,0.380973,0.165354,0.227978,0.350041
2.84074,0.4126,-0.448819,0.321382,0.350041
2.84099,0.323242,-1,0.29989,0.350041
2.84124,0.290917,-1,0.33328,0.350041
2.84149,0.318388,-1,0.420046,0.350041
2.84174,0.239243,0.354331,0.36891,0.350041
2.84199,-0.0613785,1,0.0757808,0.350041
2.84224,-0.465952,1,-0.356485,0.350041
2.84249,-0.69512,1,-0.641166,0.350041
2.84274,-0.571422,0.338583,-0.564821,0.350041
2.84299,-0.194582,0.133858,-0.215118,0.350041
2.84324,0.158617,0.488189,0.122248,0.350041
2.84349,0.302233,0.110236,0.277681,0.350041
2.84374,0.291127,-1,0.292422,0.350041
2.84399,0.302314,-1,0.33001,0.350041
2.84424,0.395259,-1,0.443828,0.350041
2.84449,0.426016,-1,0.497954,0.350041
2.84474,0.217707,1,0.289515,0.350041
2.84499,-0.204876,1,-0.163664,0.350041
2.84524,-0.587697,1,-0.597808,0.350041
2.84549,-0.670112,1,-0.735007,0.350041
2.84574,-0.428433,0.732283,-0.532099,0.350041
2.84599,-0.0840338,1,-0.185651,0.350041
2.84624,0.128561,1,0.0504296,0.350041
2.84649,0.181369,-0.307087,0.146996,0.350041
2.84674,0.228019,-1,0.263513,0.350041
2.84699,0.376008,-1,0.48285,0.350041
2.84724,0.525163,-1,0.701321,0.350041
2.84749,0.4607,-0.354331,0.685549,0.350041
2.84774,0.104544,1,0.338586,0.350041
2.84799,-0.358585,1,-0.158465,0.350041
2.84824,-0.626979,1,-0.485969,0.350041
2.84849,-0.560723,0.913386,-0.502509,0.350041
2.84874,-0.29152,1,-0.303226,0.350041
2.84899,-0.0628196,1,-0.114021,0.350041
2.84924,0.0253358,1,-0.0475826,0.350041
2.84949,0.0854692,-1,0.0284633,0.350041
2.84974,0.260539,-1,0.23508,0.350041
2.84999,0.510118,-1,0.52899,0.350041
2.85024,0.612551,-1,0.695306,0.350041
2.85049,0.396034,0.314961,0.515444,0.350041
2.85074,-0.0562896,1,0.065205,0.350041
2.85099,-0.455329,0.897638,-0.360046,0.350041
2.85124,-0.568287,0.685039,-0.526522,0.350041
2.85149,-0.41981,1,-0.418827,0.350041
2.85174,-0.223955,1,-0.249343,0.350041
2.85199,-0.133723,1,-0.167743,0.350041
2.85225,-0.0895711,0.330709,-0.113394,0.350041
2.8525,0.0718714,-1,0.0779403,0.350041
2.85275,0.379081,-1,0.440647,0.350041
2.853,0.6387,-1,0.755743,0.350041
2.85325,0.608384,-0.740157,0.766438,0.350041
2.8535,0.253845,0.425197,0.42264,0.350041
2.85375,-0.195744,0.456693,-0.0459244,0.350041
2.854,-0.456122,0.244094,-0.363799,0.350041
2.85425,-0.444957,0.905512,-0.413683,0.350041
2.8545,-0.317297,1,-0.356492,0.350041
2.85475,-0.254616,1,-0.340488,0.350041
2.855,-0.253506,1,-0.369152,0.350041
2.85525,-0.148968,-0.724409,-0.262509,0.350041
2.8555,0.157244,-1,0.0707186,0.350041
2.85575,0.530726,-1,0.495644,0.350041
2.856,0.696927,-1,0.730145,0.350041
2.85625,0.507039,-0.338583,0.583042,0.350041
2.8565,0.0941199,-0.102362,0.193822,0.350041
2.85675,-0.254554,-0.354331,-0.156922,0.350041
2.857,-0.367959,0.149606,-0.30837,0.350041
2.85725,-0.323215,1,-0.308276,0.350041
2.8575,-0.304447,1,-0.328815,0.350041
2.85775,-0.362971,1,-0.43296,0.350041
2.858,-0.351814,0.84252,-0.459317,0.350041
2.85825,-0.110647,-1,-0.22298,0.350041
2.8585,0.30965,-1,0.225117,0.350041
2.85875,0.644099,-1,0.610941,0.350041
2.859,0.653382,-0.944882,0.676193,0.350041
2.85925,0.352305,-0.622047,0.423315,0.350041
2.8595,-0.0130048,-0.976378,0.0630505,0.350041
2.85975,-0.213545,-0.787402,-0.146142,0.350041
2.86,-0.244313,0.708661,-0.212748,0.350041
2.86025,-0.269501,1,-0.292498,0.350041
2.8605,-0.387789,1,-0.467566,0.350041
2.86075,-0.48811,1,-0.625896,0.350041
2.861,-0.367506,-0.149606,-0.546325,0.350041
2.86125,0.0195187,-1,-0.158153,0.350041
2.8615,0.461698,-1,0.324964,0.350041
2.86175,0.665274,-1,0.585705,0.350041
2.862,0.527388,-0.92126,0.517588,0.350041
2.86225,0.214922,-1,0.24589,0.350041
2.8625,-0.0228806,-1,0.0265964,0.350041
2.86275,-0.104675,-0.543307,-0.0582071,0.350041
2.863,-0.157328,1,-0.135662,0.350041
2.86325,-0.316832,1,-0.338748,0.350041
2.8635,-0.523888,1,-0.602705,0.350041
2.86375,-0.558087,1,-0.691717,0.350041
2.864,-0.279791,-0.76378,-0.435391,0.350041
2.86425,0.187725,-1,0.0436347,0.350041
2.8645,0.544604,-1,0.439248,0.350041
2.86475,0.58667,-0.88189,0.539632,0.350041
2.865,0.380189,-1,0.390806,0.350041
2.86525,0.157716,-1,0.202121,0.350041
2.8655,0.0588247,-1,0.107129,0.350041
2.86575,0.0048554,0.307087,0.0427015,0.350041
2.866,-0.162092,1,-0.167555,0.350041
2.86625,-0.446186,1,-0.503099,0.350041
2.8665,-0.640092,1,-0.748113,0.350041
2.86675,-0.527286,0.377953,-0.6798,0.350041
2.867,-0.12042,-0.716535,-0.281013,0.350041
2.86725,0.320085,-0.677165,0.187484,0.350041
2.8675,0.524048,-0.527559,0.440611,0.350041
2.86775,0.451504,-1,0.432618,0.350041
2.868,0.285506,-1,0.321598,0.350041
2.86825,0.202428,-1,0.268434,0.350041
2.8685,0.177487,-1,0.260116,0.350041
2.86875,0.0444888,1,0.111561,0.350041
2.869,-0.2669,1,-0.237037,0.350041
2.86925,-0.594538,1,-0.616476,0.350041
2.8695,-0.672661,1,-0.758325,0.350041
2.86975,-0.40084,0.110236,-0.526066,0.350041
2.87,0.0414051,-0.0787402,-0.0887846,0.350041
2.87025,0.36005,0.0866142,0.257061,0.350041
2.8705,0.419075,-0.551181,0.359915,0.350041
2.87075,0.333238,-1,0.327496,0.350041
2.871,0.289615,-1,0.343875,0.350041
2.87125,0.317204,-1,0.410327,0.350041
2.8715,0.258497,-0.181102,0.379487,0.350041
2.87175,-0.0204412,1,0.0921751,0.350041
2.872,-0.427237,1,-0.352566,0.350041
2.87225,-0.68705,1,-0.673328,0.350041
2.8725,-0.598545,0.795276,-0.633159,0.350041
2.87275,-0.234088,0.503937,-0.304136,0.350041
2.873,0.13362,0.748031,0.0479814,0.350041
2.87325,0.298045,0.330709,0.23669,0.350041
2.8735,0.293481,-1,0.267618,0.350041
2.87375,0.297464,-1,0.322296,0.350041
2.874,0.386977,-1,0.465799,0.350041
2.87425,0.430872,-1,0.553309,0.350041
2.8745,0.243773,0.795276,0.395056,0.350041
2.87475,-0.170517,1,-0.0367254,0.350041
2.875,-0.568273,1,-0.479443,0.350041
2.87525,-0.676379,1,-0.652217,0.350041
2.8755,-0.450703,0.905512,-0.479963,0.350041
2.87575,-0.103732,1,-0.157949,0.350041
2.876,0.120985,1,0.0644263,0.350041
2.87625,0.180211,-0.0944882,0.145508,0.350041
2.8765,0.222947,-1,0.232361,0.350041
2.87675,0.366441,-1,0.430716,0.350041
2.87701,0.521036,-1,0.644717,0.350041
2.87726,0.470847,-0.614173,0.644426,0.350041
2.87751,0.125196,1,0.310217,0.350041
2.87776,-0.340492,1,-0.186565,0.350041
2.87801,-0.62248,1,-0.517299,0.350041
2.87826,-0.568398,1,-0.530658,0.350041
2.87851,-0.301486,1,-0.325636,0.350041
2.87876,-0.0679206,1,-0.12134,0.350041
2.87901,0.0243531,1,-0.0342642,0.350041
2.87926,0.0829166,-1,0.0439529,0.350041
2.87951,0.254824,-1,0.260957,0.350041
2.87976,0.505536,-1,0.565631,0.350041
2.88001,0.613455,-1,0.734372,0.350041
2.88026,0.40188,0.133858,0.549344,0.350041
2.88051,-0.0501773,1,0.10341,0.350041
2.88076,-0.452155,0.897638,-0.333511,0.350041
2.88101,-0.568569,0.779528,-0.513503,0.350041
2.88126,-0.421046,1,-0.423586,0.350041
2.88151,-0.224464,1,-0.26797,0.350041
2.88176,-0.133926,1,-0.193676,0.350041
2.88201,-0.0893806,0.401575,-0.138254,0.350041
2.88226,0.0729297,-1,0.0547013,0.350041
2.88251,0.381962,-1,0.409906,0.350041
2.88276,0.640112,-1,0.719245,0.350041
2.88301,0.605455,-0.92126,0.738125,0.350041
2.88326,0.246297,0.228346,0.409145,0.350041
2.88351,-0.2032,0.314961,-0.0566376,0.350041
2.88376,-0.458638,0.23622,-0.355485,0.350041
2.88401,-0.44257,1,-0.402255,0.350041
2.88426,-0.31426,1,-0.343431,0.350041
2.88451,-0.254222,1,-0.331905,0.350041
2.88476,-0.252586,1,-0.359696,0.350041
2.88501,-0.141939,-0.677165,-0.255686,0.350041
2.88526,0.171368,-1,0.0835367,0.350041
2.88551,0.543137,-1,0.505332,0.350041
2.88576,0.696143,-1,0.715312,0.350041
2.88601,0.491245,-0.519685,0.56354,0.350041
2.88626,0.0734115,-0.314961,0.171074,0.350041
2.88651,-0.266467,-0.472441,-0.175069,0.350041
2.88676,-0.3681,0.19685,-0.309098,0.350041
2.88701,-0.320028,1,-0.310423,0.350041
2.88726,-0.306458,1,-0.34051,0.350041
2.88751,-0.366354,1,-0.451173,0.350041
2.88776,-0.343942,0.834646,-0.471388,0.350041
2.88801,-0.0857859,-1,-0.215897,0.350041
2.88826,0.338846,-1,0.233698,0.350041
2.88851,0.657169,-1,0.605442,0.350041
2.88876,0.639479,-1,0.654436,0.350041
2.88901,0.322658,-0.834646,0.381947,0.350041
2.88926,-0.0366424,-1,0.0399272,0.350041
2.88951,-0.221021,-0.779528,-0.155426,0.350041
2.88976,-0.244415,0.858268,-0.201516,0.350041
2.89001,-0.276308,1,-0.287394,0.350041
2.89026,-0.400634,1,-0.47618,0.350041
2.89051,-0.488757,1,-0.629481,0.350041
2.89076,-0.340222,-0.19685,-0.51647,0.350041
2.89101,0.0658252,-1,-0.104294,0.350041
2.89126,0.497057,-1,0.359159,0.350041
2.89151,0.665883,-1,0.596154,0.350041
2.89176,0.497596,-1,0.484448,0.350041
2.89201,0.181949,-1,0.21681,0.350041
2.89226,-0.0387613,-1,0.012729,0.350041
2.89251,-0.10829,-0.377953,-0.0564149,0.350041
2.89276,-0.169313,1,-0.152143,0.350041
2.89301,-0.342579,1,-0.376312,0.350041
2.89326,-0.541863,1,-0.624646,0.350041
2.89351,-0.540604,1,-0.680469,0.350041
2.89376,-0.225105,-0.76378,-0.383582,0.350041
2.89401,0.247445,-1,0.103029,0.350041
2.89426,0.569882,-1,0.468758,0.350041
2.89451,0.568696,-1,0.531605,0.350041
2.89476,0.345163,-1,0.362052,0.350041
2.89501,0.135659,-1,0.190033,0.350041
2.89526,0.0522044,-1,0.112284,0.350041
2.89551,-0.0095762,0.590551,0.0329123,0.350041
2.89576,-0.199933,1,-0.205086,0.350041
2.89601,-0.488083,1,-0.543509,0.350041
2.89626,-0.645922,1,-0.762102,0.350041
2.89651,-0.478231,0.299213,-0.632813,0.350041
2.89676,-0.0439216,-0.606299,-0.208181,0.350041
2.89701,0.373766,-0.535433,0.242981,0.350041
2.89726,0.528209,-0.590551,0.454446,0.350041
2.89751,0.423811,-1,0.417413,0.350041
2.89776,0.26321,-1,0.308531,0.350041
2.89801,0.197864,-1,0.276315,0.350041
2.89826,0.166563,-0.866142,0.25814,0.350041
2.89851,0.00051853,1,0.0808112,0.350041
2.89876,-0.332961,1,-0.288528,0.350041
2.89901,-0.633998,1,-0.646699,0.350041
2.89926,-0.64677,1,-0.72215,0.350041
2.89951,-0.321505,0.173228,-0.441842,0.350041
2.89976,0.119287,0.110236,-0.0119845,0.350041
2.90001,0.391026,0.0944882,0.284591,0.350041
2.90026,0.407163,-0.866142,0.352257,0.350041
2.90051,0.316859,-1,0.31657,0.350041
2.90076,0.292655,-1,0.347272,0.350041
2.90101,0.318489,-1,0.421361,0.350041
2.90126,0.219701,0.228346,0.340888,0.350041
2.90152,-0.103167,1,0.00133226,0.350041
2.90177,-0.504705,1,-0.439749,0.350041
2.90202,-0.699597,1,-0.691222,0.350041
2.90227,-0.534798,0.811024,-0.579876,0.350041
2.90252,-0.143157,0.724409,-0.210573,0.350041
2.90277,0.190501,0.866142,0.119874,0.350041
2.90302,0.305877,0.0944882,0.252612,0.350041
2.90327,0.287678,-1,0.278953,0.350041
2.90352,0.312306,-1,0.359505,0.350041
2.90377,0.40921,-1,0.518685,0.350041
2.90402,0.411677,-1,0.562408,0.350041
2.90427,0.159111,1,0.328769,0.350041
2.90452,-0.280411,1,-0.13479,0.350041
2.90477,-0.628194,1,-0.530137,0.350041
2.90502,-0.646679,1,-0.622908,0.350041
2.90527,-0.364198,1,-0.38974,0.350041
2.90552,-0.0292679,1,-0.0872229,0.350041
2.90577,0.148303,1,0.0846244,0.350041
2.90602,0.18541,-0.614173,0.139735,0.350041
2.90627,0.250043,-1,0.24898,0.350041
2.90652,0.414372,-1,0.473151,0.350041
2.90677,0.535787,-1,0.651146,0.350041
2.90702,0.404511,-0.173228,0.560847,0.350041
2.90727,-0.00190288,1,0.166181,0.350041
2.90752,-0.447163,1,-0.31128,0.350041
2.90777,-0.640804,1,-0.557677,0.350041
2.90802,-0.504656,1,-0.487797,0.350041
2.90827,-0.22345,1,-0.248242,0.350041
2.90852,-0.0285099,1,-0.0762361,0.350041
2.90877,0.0366817,0.700787,-0.00623268,0.350041
2.90902,0.117984,-1,0.1035,0.350041
2.90927,0.327533,-1,0.358367,0.350041
2.90952,0.563352,-1,0.648518,0.350041
2.90977,0.586099,-1,0.72505,0.350041
2.91002,0.280575,0.346457,0.442596,0.350041
2.91027,-0.191481,0.92126,-0.0405352,0.350041
2.91052,-0.522807,0.748031,-0.410814,0.350041
2.91077,-0.5431,1,-0.501603,0.350041
2.91102,-0.354334,1,-0.372561,0.350041
2.91127,-0.183152,1,-0.238457,0.350041
2.91152,-0.122665,1,-0.198987,0.350041
2.91177,-0.0566462,-0.322835,-0.124929,0.350041
2.91202,0.162014,-1,0.130443,0.350041
2.91227,0.48447,-1,0.499686,0.350041
2.91252,0.668653,-1,0.748441,0.350041
2.91277,0.515693,-0.590551,0.647132,0.350041
2.91302,0.0910598,0.165354,0.233136,0.350041
2.91327,-0.319601,0.125984,-0.197542,0.350041
2.91352,-0.478817,0.370079,-0.397943,0.350041
2.91377,-0.40021,1,-0.383858,0.350041
2.91402,-0.281685,1,-0.322943,0.350041
2.91427,-0.254341,1,-0.344254,0.350041
2.91452,-0.235422,1,-0.354901,0.350041
2.91477,-0.0530909,-1,-0.162574,0.350041
2.91502,0.310065,-1,0.221621,0.350041
2.91527,0.635378,-1,0.610198,0.350041
2.91552,0.662201,-1,0.703108,0.350041
2.91577,0.35005,-0.519685,0.437878,0.350041
2.91602,-0.0729941,-0.543307,0.024664,0.350041
2.91627,-0.33169,-0.409449,-0.237762,0.350041
2.91652,-0.357298,0.771654,-0.301381,0.350041
2.91677,-0.303836,1,-0.297604,0.350041
2.91702,-0.325489,1,-0.378952,0.350041
2.91727,-0.378897,1,-0.48993,0.350041
2.91752,-0.276389,-0.00787402,-0.418058,0.350041
2.91777,0.0688501,-1,-0.0644022,0.350041
2.91802,0.490662,-1,0.397263,0.350041
2.91827,0.695008,-1,0.652825,0.350041
2.91852,0.540092,-1,0.560761,0.350041
2.91877,0.170695,-1,0.221648,0.350041
2.91902,-0.135424,-1,-0.0649984,0.350041
2.91927,-0.24103,-0.299213,-0.191399,0.350041
2.91952,-0.246977,1,-0.237132,0.350041
2.91977,-0.318191,1,-0.358772,0.350041
2.92002,-0.453274,1,-0.561876,0.350041
2.92027,-0.463931,1,-0.619988,0.350041
2.92052,-0.196143,-0.850394,-0.377469,0.350041
2.92077,0.259391,-1,0.0910787,0.350041
2.92102,0.610184,-1,0.497917,0.350041
2.92127,0.630091,-1,0.583218,0.350041
2.92152,0.366429,-1,0.38148,0.350041
2.92177,0.0675195,-1,0.113386,0.350041
2.92202,-0.0813605,-1,-0.0185946,0.350041
2.92227,-0.125327,0.519685,-0.0777039,0.350041
2.92252,-0.230257,1,-0.217341,0.350041
2.92277,-0.43883,1,-0.482599,0.350041
2.92302,-0.578202,1,-0.679048,0.350041
2.92327,-0.437296,0.346457,-0.578776,0.350041
2.92352,-0.0173691,-1,-0.172036,0.350041
2.92377,0.425549,-1,0.296096,0.350041
2.92402,0.609285,-0.944882,0.540395,0.350041
2.92427,0.481457,-1,0.46663,0.407903
2.92452,0.236598,-1,0.268064,0.407903
2.92477,0.0843048,-1,0.135752,0.407903
2.92502,0.0322213,-0.858268,0.0833176,0.407903
2.92527,-0.0775751,1,-0.060615,0.407903
2.92552,-0.332539,1,-0.362223,0.407903
2.92577,-0.594031,1,-0.680869,0.407903
2.92602,-0.611457,1,-0.748871,0.407903
2.92628,-0.292144,-0.0787402,-0.461287,0.407903
2.92653,0.175859,-0.496063,0.0177428,0.407903
2.92678,0.486964,-0.425197,0.368263,0.407903
2.92703,0.500044,-0.968504,0.442406,0.407903
2.92728,0.339786,-1,0.353715,0.407903
2.92753,0.218442,-1,0.28972,0.407903
2.92778,0.189267,-1,0.296015,0.407903
2.92803,0.109917,0.275591,0.220468,0.407903
2.92828,-0.150497,1,-0.0682762,0.407903
2.92853,-0.504046,1,-0.463399,0.407903
2.92878,-0.686686,1,-0.711521,0.407903
2.92903,-0.516958,0.740157,-0.593813,0.407903
2.92928,-0.0937066,0.228346,-0.201172,0.407903
2.92953,0.290062,0.259843,0.192646,0.407903
2.92978,0.425705,-0.251969,0.355899,0.407903
2.93003,0.360891,-1,0.340151,0.407903
2.93028,0.291644,-1,0.325172,0.407903
2.93053,0.309405,-1,0.393004,0.407903
2.93078,0.293981,-1,0.409989,0.407903
2.93103,0.0758867,1,0.201743,0.407903
2.93128,-0.321755,1,-0.224965,0.407903
2.93153,-0.649107,1,-0.609533,0.407903
2.93178,-0.655082,1,-0.67211,0.407903
2.93203,-0.336706,0.84252,-0.3993,0.407903
2.93228,0.0586354,0.984252,-0.0236719,0.407903
2.93253,0.279552,0.661417,0.200079,0.407903
2.93278,0.300294,-0.826772,0.254209,0.407903
2.93303,0.288434,-1,0.301656,0.407903
2.93328,0.363808,-1,0.439415,0.407903
2.93353,0.43588,-1,0.578467,0.407903
2.93378,0.30625,0,0.479271,0.407903
2.93403,-0.0764829,1,0.0936376,0.407903
2.93428,-0.505163,1,-0.371251,0.407903
2.93453,-0.684361,1,-0.609442,0.407903
2.93478,-0.51167,1,-0.507466,0.407903
2.93503,-0.163992,1,-0.20582,0.407903
2.93528,0.0949902,1,0.0345545,0.407903
2.93553,0.176076,0.322835,0.117259,0.407903
2.93578,0.209555,-1,0.176694,0.407903
2.93603,0.337233,-1,0.361966,0.407903
2.93628,0.504906,-1,0.58698,0.407903
2.93653,0.49835,-1,0.625153,0.407903
2.93678,0.190497,0.716535,0.338887,0.407903
2.93703,-0.278853,1,-0.138642,0.407903
2.93728,-0.603528,1,-0.504803,0.407903
2.93753,-0.592692,1,-0.556004,0.407903
2.93778,-0.338311,1,-0.360343,0.407903
2.93803,-0.088376,1,-0.139797,0.407903
2.93828,0.0187143,1,-0.0330968,0.407903
2.93853,0.0724933,-0.645669,0.0340826,0.407903
2.93878,0.230461,-1,0.233681,0.407903
2.93903,0.482337,-1,0.541989,0.407903
2.93928,0.615704,-1,0.736341,0.407903
2.93953,0.43387,-0.346457,0.586509,0.407903
2.93978,-0.0095704,0.708661,0.153583,0.407903
2.94003,-0.429311,0.755906,-0.299354,0.407903
2.94028,-0.57106,0.811024,-0.501075,0.407903
2.94053,-0.435326,1,-0.427397,0.407903
2.94078,-0.234212,1,-0.278544,0.407903
2.94103,-0.136237,1,-0.210572,0.407903
2.94128,-0.0933368,0.708661,-0.177417,0.407903
2.94153,0.0611959,-1,-0.00200696,0.407903
2.94178,0.367902,-1,0.346806,0.407903
2.94203,0.63494,-1,0.682143,0.407903
2.94228,0.612039,-1,0.716432,0.407903
2.94253,0.258125,-0.149606,0.401432,0.407903
2.94278,-0.19507,0.0472441,-0.0518831,0.407903
2.94303,-0.456584,0.173228,-0.350391,0.407903
2.94328,-0.443486,1,-0.390627,0.407903
2.94353,-0.314884,1,-0.323002,0.407903
2.94378,-0.254341,1,-0.317615,0.407903
2.94403,-0.252401,1,-0.353107,0.407903
2.94428,-0.139374,-0.448819,-0.253238,0.407903
2.94453,0.177756,-1,0.0764503,0.407903
2.94478,0.549573,-1,0.496832,0.407903
2.94503,0.69528,-1,0.696461,0.407903
2.94528,0.479466,-1,0.538283,0.407903
2.94553,0.0576544,-1,0.143973,0.407903
2.94578,-0.275706,-1,-0.194499,0.407903
2.94603,-0.367419,0.322835,-0.317583,0.407903
2.94628,-0.317021,1,-0.318123,0.407903
2.94653,-0.308663,1,-0.374464,0.407903
2.94678,-0.369708,1,-0.50203,0.407903
2.94703,-0.33449,1,-0.517701,0.407903
2.94728,-0.0575181,-0.551181,-0.250129,0.407903
2.94753,0.372327,-1,0.206734,0.407903
2.94778,0.670301,-1,0.562357,0.407903
2.94803,0.620372,-1,0.58537,0.407903
2.94828,0.28564,-1,0.324016,0.407903
2.94853,-0.0648701,-1,0.0204584,0.407903
2.94878,-0.228784,-1,-0.130191,0.407903
2.94903,-0.244036,0.976378,-0.15282,0.407903
2.94928,-0.28665,1,-0.235758,0.407903
2.94953,-0.417717,1,-0.43113,0.407903
2.94978,-0.486096,1,-0.561195,0.407903
2.95003,-0.298367,-0.708661,-0.419634,0.407903
2.95028,0.130857,-1,0.000349705,0.407903
2.95053,0.542074,-1,0.432882,0.407903
2.95078,0.660119,-1,0.58795,0.407903
2.95104,0.451713,-1,0.416713,0.407903
2.95129,0.135913,-1,0.121268,0.407903
2.95154,-0.0583908,-1,-0.0648703,0.407903
2.95179,-0.114649,0.653543,-0.141121,0.407903
2.95204,-0.191126,1,-0.242715,0.407903
2.95229,-0.382715,1,-0.476384,0.407903
2.95254,-0.563322,1,-0.705423,0.407903
2.95279,-0.503685,1,-0.664435,0.407903
2.95304,-0.135545,-0.283465,-0.282306,0.407903
2.95329,0.333089,-1,0.227593,0.407903
2.95354,0.596646,-1,0.568849,0.407903
2.95379,0.532214,-1,0.587016,0.407903
2.95404,0.291303,-1,0.418593,0.407903
2.95429,0.106961,-1,0.267998,0.407903
2.95454,0.0427236,-1,0.202445,0.407903
2.95479,-0.0397053,0.913386,0.0885872,0.407903
2.95504,-0.266269,1,-0.200093,0.407903
2.95529,-0.548467,1,-0.561532,0.407903
2.95554,-0.637785,1,-0.742034,0.407903
2.95579,-0.384225,0.874016,-0.54641,0.407903
2.95604,0.0788394,-0.0472441,-0.110796,0.407903
2.95629,0.445207,-0.401575,0.267995,0.407903
2.95654,0.518852,-1,0.384141,0.407903
2.95679,0.3756,-1,0.312713,0.407903
2.95704,0.233801,-1,0.24618,0.407903
2.95729,0.192789,-1,0.266331,0.407903
2.95754,0.138128,-0.322835,0.240844,0.407903
2.95779,-0.0857227,1,0.0213504,0.407903
2.95804,-0.440122,1,-0.357006,0.407903
2.95829,-0.676759,1,-0.651408,0.407903
2.95854,-0.575497,1,-0.593965,0.407903
2.95879,-0.178947,0.84252,-0.236641,0.407903
2.95904,0.235407,0.440945,0.171833,0.407903
2.95929,0.420616,-0.401575,0.378352,0.407903
2.95954,0.378217,-1,0.375178,0.407903
2.95979,0.297206,-1,0.347271,0.407903
2.96004,0.303169,-1,0.401006,0.407903
2.96029,0.307471,-1,0.43821,0.407903
2.96054,0.129103,0.716535,0.263079,0.407903
2.96079,-0.252553,1,-0.151279,0.407903
2.96104,-0.613247,1,-0.568794,0.407903
2.96129,-0.679545,1,-0.702357,0.407903
2.96154,-0.399601,1,-0.477021,0.407903
2.96179,0.00459626,1,-0.104757,0.407903
2.96204,0.261246,1,0.15662,0.407903
2.96229,0.304275,-0.748031,0.235647,0.407903
2.96254,0.28551,-1,0.270973,0.407903
2.96279,0.348679,-1,0.403866,0.407903
2.96304,0.434073,-1,0.570641,0.407903
2.96329,0.341197,-0.629921,0.525041,0.407903
2.96354,-0.0148961,1,0.179948,0.407903
2.96379,-0.456554,1,-0.292646,0.407903
2.96404,-0.681812,1,-0.577528,0.407903
2.96429,-0.549452,1,-0.50846,0.407903
2.96454,-0.207405,1,-0.226903,0.407903
2.96479,0.073679,1,0.0226106,0.407903
2.96504,0.172903,0.385827,0.107418,0.407903
2.96529,0.202176,-1,0.158783,0.407903
2.96554,0.317374,-1,0.311485,0.407903
2.96579,0.490477,-1,0.537238,0.407903
2.96604,0.51356,-1,0.616235,0.407903
2.96629,0.236347,0.275591,0.36237,0.407903
2.96654,-0.231207,1,-0.110796,0.407903
2.96679,-0.584487,1,-0.506091,0.407903
2.96704,-0.608204,1,-0.578987,0.407903
2.96729,-0.366608,1,-0.391605,0.407903
2.96754,-0.106223,1,-0.160407,0.407903
2.96779,0.0140009,1,-0.0427197,0.407903
2.96804,0.0652218,-0.551181,0.0283746,0.407903
2.96829,0.211229,-1,0.215856,0.407903
2.96854,0.462543,-1,0.519199,0.407903
2.96879,0.615167,-1,0.738059,0.407903
2.96904,0.460031,-1,0.618828,0.407903
2.96929,0.0274344,0.440945,0.193009,0.407903
2.96954,-0.40613,0.92126,-0.270865,0.407903
2.96979,-0.571843,1,-0.494813,0.407903
2.97004,-0.449392,1,-0.446383,0.407903
2.97029,-0.24519,1,-0.310594,0.407903
2.97054,-0.139269,1,-0.241767,0.407903
2.97079,-0.097857,0.952756,-0.218441,0.407903
2.97104,0.0476133,-1,-0.0462949,0.407903
2.97129,0.349611,-1,0.298976,0.407903
2.97154,0.626358,-1,0.646355,0.407903
2.97179,0.621787,-1,0.710195,0.407903
2.97204,0.279372,-0.582677,0.413364,0.407903
2.97229,-0.177269,0.023622,-0.0303754,0.407903
2.97254,-0.451732,0.503937,-0.31715,0.407903
2.97279,-0.447638,1,-0.364501,0.407903
2.97304,-0.319046,1,-0.295353,0.407903
2.97329,-0.254722,1,-0.296222,0.407903
2.97354,-0.253104,1,-0.341225,0.407903
2.97379,-0.145656,-0.401575,-0.251887,0.407903
2.97404,0.167428,-1,0.0723938,0.407903
2.97429,0.542528,-1,0.490402,0.407903
2.97454,0.696023,-1,0.700734,0.407903
2.97479,0.486375,-1,0.542001,0.407903
2.97504,0.0641617,-1,0.138561,0.407903
2.97529,-0.272995,-0.622047,-0.20639,0.407903
2.97554,-0.367615,0.614173,-0.323184,0.407903
2.9758,-0.317598,1,-0.324116,0.407903
2.97605,-0.308472,1,-0.37929,0.407903
2.9763,-0.369425,1,-0.506891,0.407903
2.97655,-0.33444,1,-0.505694,0.407903
2.9768,-0.056441,-1,-0.227851,0.407903
2.97705,0.374327,-1,0.236569,0.407903
2.9773,0.671324,-1,0.598524,0.407903
2.97755,0.617972,-1,0.618021,0.407903
2.9778,0.280588,-1,0.350014,0.407903
2.97805,-0.0693936,-1,0.0310684,0.407903
2.9783,-0.229779,-0.566929,-0.129115,0.407903
2.97855,-0.244262,1,-0.163914,0.407903
2.9788,-0.288965,1,-0.260792,0.407903
2.97905,-0.421322,1,-0.459542,0.407903
2.9793,-0.484757,1,-0.588514,0.407903
2.97955,-0.287638,-0.102362,-0.43244,0.407903
2.9798,0.147182,-1,0.00019898,0.407903
2.98005,0.552826,-1,0.432269,0.407903
2.9803,0.657349,-1,0.594364,0.407903
2.98055,0.438777,-1,0.427648,0.407903
2.9808,0.123861,-1,0.147763,0.407903
2.98105,-0.0632117,-1,-0.021728,0.407903
2.9813,-0.116217,0.244094,-0.0807425,0.407903
2.98155,-0.198307,1,-0.19659,0.407903
2.9818,-0.394969,1,-0.447856,0.407903
2.98205,-0.568412,1,-0.674663,0.407903
2.9823,-0.489275,1,-0.629642,0.407903
2.98255,-0.105846,-0.677165,-0.252287,0.407903
2.9828,0.359517,-1,0.235793,0.407903
2.98305,0.602329,-1,0.530964,0.407903
2.9833,0.518106,-1,0.515554,0.407903
2.98355,0.273663,-1,0.333483,0.407903
2.9838,0.0988355,-1,0.193029,0.407903
2.98405,0.0393063,-1,0.132883,0.407903
2.9843,-0.0521908,1,0.0165182,0.407903
2.98455,-0.290425,1,-0.268016,0.407903
2.9848,-0.567718,1,-0.622034,0.407903
2.98505,-0.629203,1,-0.745703,0.407903
2.9853,-0.346522,0.464567,-0.510057,0.407903
2.98555,0.122515,-0.448819,-0.042692,0.407903
2.9858,0.465985,-0.795276,0.327589,0.407903
2.98605,0.511065,-1,0.429974,0.407903
2.9863,0.357871,-1,0.346127,0.407903
2.98655,0.2252,-1,0.268336,0.407903
2.9868,0.191192,-1,0.275626,0.407903
2.98705,0.123413,0.0551181,0.210602,0.407903
2.9873,-0.122388,1,-0.0462589,0.407903
2.98755,-0.478866,1,-0.451249,0.407903
2.9878,-0.684482,1,-0.71596,0.407903
2.98805,-0.539513,1,-0.623652,0.407903
2.9883,-0.122652,0.551181,-0.225586,0.407903
2.98855,0.273901,0.181102,0.173985,0.407903
2.9888,0.425062,-0.637795,0.357408,0.407903
2.98905,0.365382,-1,0.354708,0.407903
2.9893,0.292706,-1,0.343254,0.407903
2.98955,0.307971,-1,0.410464,0.407903
2.9898,0.296703,-1,0.434872,0.407903
2.99005,0.08455,1,0.221647,0.407903
2.9903,-0.313084,1,-0.209303,0.407903
2.99055,-0.646159,1,-0.599465,0.407903
2.9908,-0.656931,1,-0.683445,0.407903
2.99105,-0.338992,1,-0.413278,0.407903
2.9913,0.0587915,1,-0.0370011,0.407903
2.99155,0.28026,0.425197,0.184864,0.407903
2.9918,0.299902,-1,0.2415,0.407903
2.99205,0.288814,-1,0.28797,0.407903
2.9923,0.366166,-1,0.430123,0.407903
2.99255,0.435926,-1,0.562159,0.407903
2.9928,0.297714,-0.0314961,0.463573,0.407903
2.99305,-0.0934072,1,0.0715963,0.407903
2.9933,-0.519234,1,-0.390461,0.407903
2.99355,-0.683764,1,-0.616138,0.407903
2.9938,-0.495298,1,-0.497431,0.407903
2.99405,-0.144614,1,-0.185484,0.407903
2.9943,0.105089,1,0.0457045,0.407903
2.99455,0.178073,-0.141732,0.119065,0.407903
2.9948,0.214922,-1,0.190001,0.407903
2.99505,0.351094,-1,0.377466,0.407903
2.9953,0.514224,-1,0.599681,0.407903
2.99555,0.483397,-1,0.612376,0.407903
2.9958,0.148933,0.858268,0.292917,0.407903
2.99605,-0.322732,1,-0.201071,0.407903
2.9963,-0.618725,1,-0.54536,0.407903
2.99655,-0.572477,1,-0.55217,0.407903
2.9968,-0.304457,1,-0.339735,0.407903
2.99705,-0.0677977,1,-0.133567,0.407903
2.9973,0.0249256,1,-0.0447123,0.407903
2.99755,0.0850433,-1,0.0483987,0.407903
2.9978,0.26256,-1,0.264466,0.407903
2.99805,0.514496,-1,0.579118,0.407903
2.9983,0.610741,-1,0.739497,0.407903
2.99855,0.378156,-0.362205,0.54331,0.407903
2.9988,-0.0853391,0.850394,0.0734428,0.407903
2.99905,-0.474881,1,-0.348232,0.407903
2.9993,-0.563304,1,-0.499776,0.407903
2.99955,-0.398574,1,-0.402783,0.407903
2.9998,-0.207676,1,-0.263483,0.407903
3.00005,-0.128988,1,-0.208264,0.407903
3.0003,-0.0772109,0.0393701,-0.153307,0.407903
3.00056,0.111967,-1,0.059429,0.407903
3.00081,0.433104,-1,0.433614,0.407903
3.00106,0.659466,-1,0.725695,0.407903
3.00131,0.560828,-1,0.67712,0.407903
3.00156,0.157753,-0.133858,0.297566,0.407903
3.00181,-0.276289,0.307087,-0.148539,0.407903
3.00206,-0.475039,0.834646,-0.383616,0.407903
3.00231,-0.415648,1,-0.390213,0.407903
3.00256,-0.290866,1,-0.323098,0.407903
3.00281,-0.253744,1,-0.340719,0.407903
3.00306,-0.242178,1,-0.349611,0.407903
3.00331,-0.0775559,-1,-0.188559,0.407903
3.00356,0.278887,-1,0.203946,0.407903
3.00381,0.619922,-1,0.604477,0.407903
3.00406,0.671779,-1,0.725335,0.407903
3.00431,0.373013,-1,0.471156,0.407903
3.00456,-0.0551652,-0.653543,0.0599132,0.407903
3.00481,-0.326217,-0.11811,-0.224699,0.407903
3.00506,-0.358833,1,-0.299911,0.407903
3.00531,-0.304604,1,-0.310891,0.407903
3.00556,-0.324712,1,-0.401939,0.407903
3.00581,-0.378927,1,-0.515298,0.407903
3.00606,-0.276371,0.0708661,-0.436406,0.407903
3.00631,0.0723939,-1,-0.0832527,0.407903
3.00656,0.496288,-1,0.384673,0.407903
3.00681,0.695476,-1,0.648966,0.407903
3.00706,0.530291,-1,0.546244,0.407903
3.00731,0.155883,-1,0.221355,0.407903
3.00756,-0.145085,-1,-0.0657252,0.407903
3.00781,-0.242604,0.212598,-0.168235,0.407903
3.00806,-0.248273,1,-0.210252,0.407903
3.00831,-0.327076,1,-0.345778,0.407903
3.00856,-0.461609,1,-0.541559,0.407903
3.00881,-0.452656,1,-0.588517,0.407903
3.00906,-0.157011,-1,-0.304182,0.407903
3.00931,0.305937,-1,0.173873,0.407903
3.00956,0.63057,-1,0.53946,0.407903
3.00981,0.60992,-1,0.578311,0.407903
3.01006,0.32503,-1,0.345656,0.407903
3.01031,0.0374686,-1,0.084493,0.407903
3.01056,-0.0905073,-1,-0.0352817,0.407903
3.01081,-0.133674,1,-0.108667,0.407903
3.01106,-0.258335,1,-0.272208,0.407903
3.01131,-0.473267,1,-0.541212,0.407903
3.01156,-0.57768,1,-0.710787,0.407903
3.01181,-0.376989,0.228346,-0.542199,0.407903
3.01206,0.0747812,-1,-0.0849921,0.407903
3.01231,0.488442,-1,0.366754,0.407903
3.01256,0.604713,-1,0.543381,0.407903
3.01281,0.430224,-1,0.439931,0.407903
3.01306,0.190986,-1,0.243613,0.407903
3.01331,0.0679756,-1,0.143178,0.407903
3.01356,0.0176514,0.015748,0.0884166,0.407903
3.01381,-0.12775,1,-0.0913747,0.407903
3.01406,-0.407519,1,-0.420466,0.407903
3.01431,-0.630345,1,-0.70837,0.407903
3.01456,-0.555914,1,-0.687174,0.407903
3.01481,-0.164501,-0.251969,-0.313239,0.407903
3.01506,0.291317,-0.811024,0.151246,0.407903
3.01531,0.52035,-1,0.426503,0.407903
3.01556,0.459766,-1,0.426372,0.407903
3.01581,0.291291,-1,0.317579,0.407903
3.01606,0.203204,-1,0.270999,0.407903
3.01631,0.178399,-1,0.261607,0.407903
3.01656,0.0449541,1,0.117093,0.407903
3.01681,-0.271291,1,-0.243391,0.407903
3.01706,-0.600408,1,-0.629538,0.407903
3.01731,-0.668344,1,-0.761896,0.407903
3.01756,-0.379601,0.732283,-0.506962,0.407903
3.01781,0.0683107,0.11811,-0.067791,0.407903
3.01806,0.373766,-0.291339,0.266381,0.407903
3.01831,0.41425,-1,0.359917,0.407903
3.01856,0.324326,-1,0.332324,0.407903
3.01881,0.290969,-1,0.367772,0.407903
3.01906,0.318506,-1,0.436075,0.407903
3.01931,0.232455,0.0629921,0.376653,0.407903
3.01956,-0.0816799,1,0.0444368,0.407903
3.01981,-0.49013,1,-0.410747,0.407903
3.02006,-0.69887,1,-0.686613,0.407903
3.02031,-0.5414,1,-0.592606,0.407903
3.02056,-0.147402,1,-0.228997,0.407903
3.02081,0.190597,0.677165,0.0988207,0.407903
3.02106,0.306177,-0.472441,0.233445,0.407903
3.02131,0.287273,-1,0.253092,0.407903
3.02156,0.314781,-1,0.344848,0.407903
3.02181,0.4129,-1,0.51362,0.407903
3.02206,0.405342,-1,0.548717,0.407903
3.02231,0.134466,1,0.286642,0.407903
3.02256,-0.313286,1,-0.181111,0.407903
3.02281,-0.644115,1,-0.560423,0.407903
3.02306,-0.62998,1,-0.617534,0.407903
3.02331,-0.326617,1,-0.363033,0.407903
3.02356,0.00123995,1,-0.062811,0.407903
3.02381,0.157335,0.637795,0.0931627,0.407903
3.02406,0.189029,-1,0.144082,0.407903
3.02431,0.269232,-1,0.268299,0.395847
3.02456,0.442471,-1,0.503001,0.395847
3.02481,0.535455,-1,0.655323,0.395847
3.02506,0.348255,0.0629921,0.502133,0.395847
3.02532,-0.0933914,1,0.0528512,0.395847
3.02557,-0.512858,1,-0.405033,0.395847
3.02582,-0.636534,1,-0.587474,0.395847
3.02607,-0.445632,1,-0.45646,0.395847
3.02632,-0.164939,1,-0.218202,0.395847
3.02657,-0.00446225,1,-0.0665515,0.395847
3.02682,0.0485059,-0.251969,-0.00584022,0.395847
3.02707,0.160251,-1,0.144914,0.395847
3.02732,0.398955,-1,0.429795,0.395847
3.02757,0.601076,-1,0.696949,0.395847
3.02782,0.528479,-1,0.67108,0.395847
3.02807,0.140565,0.653543,0.298474,0.395847
3.02832,-0.324267,1,-0.194998,0.395847
3.02857,-0.563989,1,-0.47988,0.395847
3.02882,-0.491773,1,-0.481438,0.395847
3.02907,-0.283526,1,-0.330187,0.395847
3.02932,-0.151376,1,-0.226777,0.395847
3.02957,-0.108934,1,-0.186307,0.395847
3.02982,0.00517024,-1,-0.054419,0.395847
3.03007,0.285833,-1,0.273012,0.395847
3.03032,0.589772,-1,0.63449,0.395847
3.03057,0.65012,-1,0.764845,0.395847
3.03082,0.35656,-0.377953,0.50899,0.395847
3.03107,-0.105828,0.393701,0.0529825,0.395847
3.03132,-0.426668,0.732283,-0.303181,0.395847
3.03157,-0.462531,1,-0.391444,0.395847
3.03182,-0.337901,1,-0.335953,0.395847
3.03207,-0.257493,1,-0.306766,0.395847
3.03232,-0.255722,1,-0.341802,0.395847
3.03257,-0.172885,-0.377953,-0.272252,0.395847
3.03282,0.116822,-1,0.039887,0.395847
3.03307,0.501103,-1,0.471624,0.395847
3.03332,0.696555,-1,0.72993,0.395847
3.03357,0.527417,-1,0.609295,0.395847
3.03382,0.1126,-0.535433,0.213416,0.395847
3.03407,-0.24786,-0.181102,-0.150991,0.395847
3.03432,-0.367749,0.779528,-0.30771,0.395847
3.03457,-0.322909,1,-0.316008,0.395847
3.03482,-0.305067,1,-0.361114,0.395847
3.03507,-0.364983,1,-0.478419,0.395847
3.03532,-0.345687,0.937008,-0.485664,0.395847
3.03557,-0.0860773,-1,-0.219903,0.395847
3.03582,0.344693,-1,0.243943,0.395847
3.03607,0.661542,-1,0.622044,0.395847
3.03632,0.631346,-1,0.66312,0.395847
3.03657,0.302245,-1,0.38517,0.395847
3.03682,-0.055494,-1,0.0586525,0.395847
3.03707,-0.227186,-0.212598,-0.123798,0.395847
3.03732,-0.243997,1,-0.173651,0.395847
3.03757,-0.285635,1,-0.272249,0.395847
3.03782,-0.417269,1,-0.477558,0.395847
3.03807,-0.485887,1,-0.608644,0.395847
3.03832,-0.294291,-0.433071,-0.455741,0.395847
3.03857,0.140254,-1,-0.0170575,0.395847
3.03882,0.550346,-1,0.426401,0.395847
3.03907,0.657521,-1,0.591465,0.395847
3.03932,0.438095,-1,0.42755,0.395847
3.03957,0.121757,-1,0.147204,0.395847
3.03982,-0.0645535,-1,-0.0263182,0.395847
3.04007,-0.117083,0.645669,-0.0882555,0.395847
3.04032,-0.201601,1,-0.204888,0.395847
3.04057,-0.401191,1,-0.453325,0.395847
3.04082,-0.570524,1,-0.66914,0.395847
3.04107,-0.479787,0.771654,-0.613121,0.395847
3.04132,-0.0851571,-1,-0.217199,0.395847
3.04157,0.378386,-1,0.27474,0.395847
3.04182,0.605492,-1,0.555051,0.395847
3.04207,0.505581,-1,0.527065,0.395847
3.04232,0.25871,-1,0.321104,0.395847
3.04257,0.0919941,-1,0.1833,0.395847
3.04282,0.0358722,-0.582677,0.11757,0.395847
3.04307,-0.065534,1,-0.0183295,0.395847
3.04332,-0.315687,1,-0.322935,0.395847
3.04357,-0.585461,1,-0.656964,0.395847
3.04382,-0.616754,1,-0.754924,0.395847
3.04407,-0.303228,-0.0629921,-0.475785,0.395847
3.04432,0.169846,-0.913386,0.00341312,0.395847
3.04457,0.486471,-1,0.36046,0.395847
3.04482,0.499145,-1,0.430966,0.395847
3.04507,0.336904,-1,0.330129,0.395847
3.04532,0.216716,-1,0.258573,0.395847
3.04557,0.188379,-1,0.250212,0.395847
3.04582,0.101789,0.858268,0.161262,0.395847
3.04607,-0.170991,1,-0.141603,0.395847
3.04632,-0.525714,1,-0.542721,0.395847
3.04657,-0.686729,1,-0.755873,0.395847
3.04682,-0.485649,0.858268,-0.596389,0.395847
3.04707,-0.0482524,0,-0.166591,0.395847
3.04732,0.31902,-0.346457,0.225004,0.395847
3.04757,0.425095,-1,0.386665,0.395847
3.04782,0.347823,-1,0.369639,0.395847
3.04807,0.289662,-1,0.37205,0.395847
3.04832,0.313949,-1,0.441364,0.395847
3.04857,0.274696,-0.440945,0.410182,0.395847
3.04882,0.0149525,1,0.131902,0.395847
3.04907,-0.396675,1,-0.331966,0.395847
3.04932,-0.680137,1,-0.6866,0.395847
3.04957,-0.610598,1,-0.684004,0.395847
3.04982,-0.247111,0.874016,-0.365151,0.395847
3.05008,0.129209,0.574803,-0.00633464,0.395847
3.05033,0.298038,-0.267717,0.18082,0.395847
3.05058,0.293141,-1,0.228984,0.395847
3.05083,0.299208,-1,0.301929,0.395847
3.05108,0.391844,-1,0.4648,0.395847
3.05133,0.427116,-1,0.560591,0.395847
3.05158,0.216896,0.984252,0.369634,0.395847
3.05183,-0.214177,1,-0.0724168,0.395847
3.05208,-0.597773,1,-0.497913,0.395847
3.05233,-0.663753,1,-0.625216,0.395847
3.05258,-0.401882,1,-0.409557,0.395847
3.05283,-0.0558845,1,-0.0887448,0.395847
3.05308,0.140671,0.732283,0.0998845,0.395847
3.05333,0.18398,-1,0.160651,0.395847
3.05358,0.243747,-1,0.260732,0.395847
3.05383,0.406852,-1,0.474845,0.395847
3.05408,0.535021,-1,0.655052,0.395847
3.05433,0.408754,-0.228346,0.556303,0.395847
3.05458,-0.000788877,1,0.136247,0.395847
3.05483,-0.451295,1,-0.355239,0.395847
3.05508,-0.640926,1,-0.605703,0.395847
3.05533,-0.495017,1,-0.531341,0.395847
3.05558,-0.210117,1,-0.283851,0.395847
3.05583,-0.0213828,1,-0.117929,0.395847
3.05608,0.0397792,-0.015748,-0.0366185,0.395847
3.05633,0.131222,-1,0.0897985,0.395847
3.05658,0.354272,-1,0.373905,0.395847
3.05683,0.581193,-1,0.671809,0.395847
3.05708,0.564516,-1,0.709464,0.395847
3.05733,0.216685,0.606299,0.380218,0.395847
3.05758,-0.259295,1,-0.108734,0.395847
3.05783,-0.548525,1,-0.437913,0.395847
3.05808,-0.517852,1,-0.473066,0.395847
3.05833,-0.313549,1,-0.329549,0.395847
3.05858,-0.162758,1,-0.215192,0.395847
3.05883,-0.115555,1,-0.173222,0.395847
3.05908,-0.021666,-1,-0.071327,0.395847
3.05933,0.239162,-1,0.226558,0.395847
3.05958,0.556741,-1,0.600443,0.395847
3.05983,0.663342,-1,0.762207,0.395847
3.06008,0.411943,-0.385827,0.548376,0.395847
3.06033,-0.0473559,0.527559,0.0889695,0.395847
3.06058,-0.401469,0.84252,-0.293775,0.395847
3.06083,-0.471398,1,-0.427102,0.395847
3.06108,-0.353988,1,-0.369343,0.395847
3.06133,-0.261313,1,-0.325764,0.395847
3.06158,-0.256117,1,-0.347818,0.395847
3.06183,-0.192217,-0.244094,-0.278164,0.395847
3.06208,0.0750885,-1,0.0133031,0.395847
3.06233,0.463088,-1,0.458534,0.395847
3.06258,0.69226,-1,0.750607,0.395847
3.06283,0.561004,-1,0.668966,0.395847
3.06308,0.157706,-0.362205,0.288039,0.395847
3.06333,-0.221856,0,-0.0971891,0.395847
3.06358,-0.366607,0.811024,-0.280664,0.395847
3.06383,-0.328706,1,-0.303882,0.395847
3.06408,-0.302495,1,-0.34756,0.395847
3.06433,-0.359687,1,-0.461692,0.395847
3.06458,-0.355632,1,-0.48637,0.395847
3.06483,-0.116878,-0.566929,-0.253315,0.395847
3.06508,0.309697,-1,0.2054,0.395847
3.06533,0.647672,-1,0.611004,0.395847
3.06558,0.646622,-1,0.682065,0.395847
3.06583,0.331107,-1,0.420268,0.395847
3.06608,-0.035287,-1,0.0864,0.395847
3.06633,-0.221683,-0.692913,-0.102268,0.395847
3.06658,-0.244248,1,-0.157175,0.395847
3.06683,-0.279764,1,-0.254371,0.395847
3.06708,-0.408799,1,-0.451597,0.395847
3.06733,-0.487759,1,-0.601929,0.395847
3.06758,-0.312717,-0.00787402,-0.479503,0.395847
3.06783,0.115309,-1,-0.0579943,0.395847
3.06808,0.535356,-1,0.389928,0.395847
3.06833,0.660834,-1,0.570512,0.395847
3.06858,0.452121,-1,0.424858,0.395847
3.06883,0.133452,-1,0.148784,0.395847
3.06908,-0.060473,-1,-0.0257826,0.395847
3.06933,-0.115661,0.748031,-0.0825933,0.395847
3.06958,-0.196517,1,-0.190158,0.395847
3.06983,-0.393844,1,-0.426438,0.395847
3.07008,-0.568519,1,-0.653722,0.395847
3.07033,-0.486702,1,-0.599251,0.395847
3.07058,-0.0968286,-0.826772,-0.207593,0.395847
3.07083,0.369919,-1,0.293102,0.395847
3.07108,0.604442,-1,0.580445,0.395847
3.07133,0.509264,-1,0.543901,0.395847
3.07158,0.261851,-1,0.350503,0.395847
3.07183,0.0930555,-1,0.202579,0.395847
3.07208,0.0363846,-0.582677,0.132776,0.395847
3.07233,-0.0645026,1,-0.00831449,0.395847
3.07258,-0.314608,1,-0.312359,0.395847
3.07283,-0.585196,1,-0.662098,0.395847
3.07308,-0.61657,1,-0.758361,0.395847
3.07333,-0.301318,0.377953,-0.478431,0.395847
3.07358,0.172509,-0.826772,-0.014094,0.395847
3.07383,0.487637,-1,0.337421,0.395847
3.07408,0.497878,-1,0.421622,0.395847
3.07433,0.334503,-1,0.330194,0.395847
3.07458,0.215559,-1,0.269522,0.395847
3.07484,0.187878,-1,0.271963,0.395847
3.07509,0.0976926,1,0.18298,0.395847
3.07534,-0.179759,1,-0.119486,0.395847
3.07559,-0.53371,1,-0.522024,0.395847
3.07584,-0.686054,1,-0.731079,0.395847
3.07609,-0.473758,1,-0.554211,0.395847
3.07634,-0.032621,0.488189,-0.124548,0.395847
3.07659,0.327857,-0.417323,0.257531,0.395847
3.07684,0.424059,-1,0.401021,0.395847
3.07709,0.343594,-1,0.377898,0.395847
3.07734,0.289494,-1,0.380034,0.395847
3.07759,0.315627,-1,0.451502,0.395847
3.07784,0.267492,-0.559055,0.416395,0.395847
3.07809,-0.00499463,1,0.118548,0.395847
3.07834,-0.418612,1,-0.352826,0.395847
3.07859,-0.686659,1,-0.6877,0.395847
3.07884,-0.594688,1,-0.67297,0.395847
3.07909,-0.220553,1,-0.343391,0.395847
3.07934,0.147803,0.811024,0.00578062,0.395847
3.07959,0.30171,-0.669291,0.17241,0.395847
3.07984,0.291105,-1,0.209514,0.395847
3.08009,0.303649,-1,0.293735,0.395847
3.08034,0.399434,-1,0.462875,0.395847
3.08059,0.4213,-1,0.543006,0.395847
3.08084,0.18796,0.984252,0.334608,0.395847
3.08109,-0.252802,1,-0.117573,0.395847
3.08134,-0.618411,1,-0.518996,0.395847
3.08159,-0.651454,1,-0.608923,0.395847
3.08184,-0.369222,1,-0.38041,0.395847
3.08209,-0.0287476,1,-0.0655365,0.395847
3.08234,0.149511,0.582677,0.106985,0.395847
3.08259,0.186317,-1,0.166693,0.395847
3.08284,0.256094,-1,0.276532,0.395847
3.08309,0.425744,-1,0.496203,0.395847
3.08334,0.536598,-1,0.656971,0.395847
3.08359,0.375598,-0.464567,0.520246,0.395847
3.08384,-0.0555222,1,0.0782633,0.395847
3.08409,-0.490356,1,-0.398239,0.395847
3.08434,-0.639413,1,-0.613333,0.395847
3.08459,-0.46293,1,-0.504061,0.395847
3.08484,-0.178774,1,-0.267123,0.395847
3.08509,-0.00908438,1,-0.119156,0.395847
3.08534,0.0459283,-0.480315,-0.0493346,0.395847
3.08559,0.152969,-1,0.0931991,0.395847
3.08584,0.389345,-1,0.397376,0.395847
3.08609,0.597903,-1,0.672478,0.395847
3.08634,0.534639,-1,0.665191,0.395847
3.08659,0.15007,0.330709,0.307047,0.395847
3.08684,-0.318287,1,-0.177168,0.395847
3.08709,-0.563182,1,-0.467017,0.395847
3.08734,-0.492356,1,-0.464194,0.395847
3.08759,-0.283488,1,-0.31253,0.395847
3.08784,-0.151111,1,-0.221033,0.395847
3.08809,-0.108992,0.968504,-0.182877,0.395847
3.08834,0.0082352,-1,-0.0529858,0.395847
3.08859,0.29277,-1,0.277316,0.395847
3.08884,0.595625,-1,0.634968,0.395847
3.08909,0.646138,-1,0.748558,0.395847
3.08934,0.34107,-0.968504,0.478363,0.395847
3.08959,-0.123765,0.275591,0.0212919,0.395847
3.08984,-0.434688,1,-0.325923,0.395847
3.09009,-0.458437,1,-0.402151,0.395847
3.09034,-0.330675,1,-0.345735,0.395847
3.09059,-0.256098,1,-0.336576,0.395847
3.09084,-0.254589,1,-0.369352,0.395847
3.09109,-0.159563,-0.645669,-0.281331,0.395847
3.09134,0.146193,-1,0.0503204,0.395847
3.09159,0.528366,-1,0.489638,0.395847
3.09184,0.696773,-1,0.725775,0.395847
3.09209,0.495199,-1,0.568369,0.395847
3.09234,0.0704897,-0.976378,0.175529,0.395847
3.09259,-0.272309,0.0472441,-0.177404,0.395847
3.09284,-0.367974,1,-0.308285,0.395847
3.09309,-0.316551,1,-0.311668,0.395847
3.09334,-0.309587,1,-0.366338,0.395847
3.09359,-0.371398,1,-0.487088,0.395847
3.09384,-0.32699,0.834646,-0.473688,0.395847
3.09409,-0.0329942,-1,-0.16944,0.395847
3.09434,0.402995,-1,0.30659,0.395847
3.09459,0.681086,-1,0.642685,0.395847
3.09484,0.59611,-1,0.627067,0.395847
3.09509,0.241134,-1,0.326149,0.395847
3.09534,-0.0975781,-1,0.01065,0.395847
3.09559,-0.236101,0.464567,-0.132805,0.395847
3.09584,-0.245149,1,-0.182935,0.395847
3.09609,-0.303934,1,-0.298757,0.395847
3.09634,-0.441139,1,-0.502242,0.395847
3.09659,-0.473396,1,-0.592491,0.395847
3.09684,-0.224387,-0.590551,-0.360986,0.395847
3.09709,0.233282,-1,0.102701,0.395847
3.09734,0.601658,-1,0.515399,0.395847
3.09759,0.634155,-1,0.606382,0.395847
3.09784,0.369743,-1,0.390323,0.395847
3.09809,0.0663823,-1,0.114075,0.395847
3.09834,-0.082613,-0.944882,-0.025818,0.395847
3.09859,-0.127191,1,-0.0894235,0.395847
3.09884,-0.239315,1,-0.250481,0.395847
3.09909,-0.453072,1,-0.521251,0.395847
3.09934,-0.579024,1,-0.697157,0.395847
3.0996,-0.405399,0.80315,-0.55944,0.395847
3.09985,0.0385713,-1,-0.114067,0.395847
3.1001,0.468686,-1,0.356777,0.395847
3.10035,0.607474,-1,0.554917,0.395847
3.1006,0.442562,-1,0.462476,0.395847
3.10085,0.199267,-1,0.272436,0.395847
3.1011,0.0698997,-1,0.172703,0.395847
3.10135,0.0200946,0.338583,0.119066,0.395847
3.1016,-0.123614,1,-0.0646152,0.395847
3.10185,-0.404328,1,-0.392197,0.395847
3.1021,-0.629871,1,-0.687856,0.395847
3.10235,-0.554964,1,-0.664273,0.395847
3.1026,-0.159308,0.0944882,-0.295183,0.395847
3.10285,0.298214,-1,0.170991,0.395847
3.1031,0.522189,-1,0.432082,0.395847
3.10335,0.454269,-1,0.424648,0.395847
3.1036,0.285075,-1,0.322865,0.395847
3.10385,0.201671,-1,0.280469,0.395847
3.1041,0.175013,-1,0.263209,0.395847
3.10435,0.0290021,1,0.0928847,0.395847
3.1046,-0.298642,1,-0.275302,0.395847
3.10485,-0.618952,1,-0.649451,0.395847
3.1051,-0.656115,1,-0.756363,0.395847
3.10535,-0.338408,1,-0.47915,0.395847
3.1056,0.111375,0.188976,-0.030206,0.395847
3.10585,0.390791,-0.976378,0.272536,0.395847
3.1061,0.406109,-1,0.346422,0.395847
3.10635,0.314394,-1,0.326027,0.395847
3.1066,0.293977,-1,0.377928,0.395847
3.10685,0.318056,-1,0.443949,0.395847
3.1071,0.19952,0.535433,0.339545,0.395847
3.10735,-0.147493,1,-0.0356219,0.395847
3.1076,-0.546528,1,-0.47897,0.395847
3.10785,-0.697992,1,-0.703039,0.395847
3.1081,-0.479036,1,-0.536723,0.395847
3.10835,-0.070548,1,-0.154861,0.395847
3.1086,0.23206,0.307087,0.142287,0.395847
3.10885,0.306889,-1,0.24242,0.395847
3.1091,0.284828,-1,0.267754,0.395847
3.10935,0.334199,-1,0.38589,0.395847
3.1096,0.428508,-1,0.536414,0.395847
3.10985,0.367014,-0.968504,0.510579,0.395847
3.1101,0.0326238,1,0.173682,0.395847
3.11035,-0.420059,1,-0.321408,0.395847
3.1106,-0.676916,1,-0.638923,0.395847
3.11085,-0.568122,1,-0.596982,0.395847
3.1111,-0.226761,1,-0.311765,0.395847
3.11135,0.0654379,1,-0.0388786,0.395847
3.1116,0.172002,-0.346457,0.0670366,0.395847
3.11185,0.201415,-1,0.139496,0.395847
3.1121,0.316607,-1,0.304502,0.395847
3.11235,0.491555,-1,0.557176,0.395847
3.1126,0.510905,-1,0.623466,0.395847
3.11285,0.22145,0.393701,0.365427,0.395847
3.1131,-0.253558,1,-0.120433,0.395847
3.11335,-0.5964,1,-0.509975,0.395847
3.1136,-0.596692,1,-0.564948,0.395847
3.11385,-0.340752,1,-0.364931,0.395847
3.1141,-0.0872059,1,-0.143743,0.395847
3.11435,0.0199094,1,-0.0457056,0.395847
3.1146,0.0760977,-1,0.0296247,0.395847
3.11485,0.242866,-1,0.241635,0.395847
3.1151,0.498644,-1,0.553297,0.395847
3.11535,0.613781,-1,0.728604,0.395847
3.1156,0.397643,-0.968504,0.542922,0.395847
3.11585,-0.0653081,0.897638,0.0862595,0.395847
3.1161,-0.466627,1,-0.356586,0.395847
3.11635,-0.564641,1,-0.510326,0.395847
3.1166,-0.400564,1,-0.422583,0.395847
3.11685,-0.207633,1,-0.28264,0.395847
3.1171,-0.128708,1,-0.237457,0.395847
3.11735,-0.0752486,-0.401575,-0.180612,0.395847
3.1176,0.120825,-1,0.0518793,0.395847
3.11785,0.446554,-1,0.435092,0.395847
3.1181,0.663509,-1,0.717614,0.395847
3.11835,0.542827,-1,0.646908,0.395847
3.1186,0.123643,-0.456693,0.253193,0.395847
3.11885,-0.304346,0.748031,-0.184339,0.395847
3.1191,-0.478368,1,-0.395862,0.395847
3.11935,-0.402207,1,-0.378647,0.395847
3.1196,-0.281291,1,-0.320674,0.395847
3.11985,-0.254471,1,-0.345757,0.395847
3.1201,-0.232232,1,-0.336185,0.395847
3.12035,-0.0353916,-1,-0.129492,0.395847
3.1206,0.340628,-1,0.288301,0.395847
3.12085,0.653846,-1,0.657395,0.395847
3.1211,0.641333,-1,0.720132,0.395847
3.12135,0.293493,-1,0.412404,0.395847
3.1216,-0.127281,-0.535433,0.00850392,0.395847
3.12185,-0.350184,0.874016,-0.234542,0.395847
3.1221,-0.34719,1,-0.283374,0.395847
3.12235,-0.300178,1,-0.300287,0.395847
3.1226,-0.340506,1,-0.412552,0.395847
3.12285,-0.375475,1,-0.497904,0.395847
3.1231,-0.207665,-0.629921,-0.341332,0.395847
3.12335,0.191337,-1,0.0701432,0.395847
3.1236,0.585657,-1,0.517657,0.395847
3.12385,0.683492,-1,0.675258,0.395847
3.1241,0.426837,-1,0.470759,0.395847
3.12436,0.0433842,-1,0.117191,0.404771
3.12461,-0.197091,-0.464567,-0.12641,0.404771
3.12486,-0.244745,1,-0.192389,0.404771
3.12511,-0.262704,1,-0.257122,0.404771
3.12536,-0.376027,1,-0.433215,0.404771
3.12561,-0.486563,1,-0.602687,0.404771
3.12586,-0.376251,0.84252,-0.523772,0.404771
3.12611,0.0152676,-1,-0.123569,0.404771
3.12636,0.466726,-1,0.366086,0.404771
3.12661,0.665945,-1,0.624111,0.404771
3.12686,0.510421,-1,0.539475,0.404771
3.12711,0.189119,-1,0.269542,0.404771
3.12736,-0.0383493,-1,0.0708109,0.404771
3.12761,-0.109088,0.519685,-0.0125533,0.404771
3.12786,-0.173787,1,-0.106868,0.404771
3.12811,-0.355845,1,-0.349106,0.404771
3.12836,-0.552056,1,-0.618135,0.404771
3.12861,-0.522298,1,-0.638517,0.404771
3.12886,-0.169903,-0.338583,-0.309855,0.404771
3.12911,0.309353,-1,0.182044,0.404771
3.12936,0.592483,-1,0.513046,0.404771
3.12961,0.537213,-1,0.510372,0.404771
3.12986,0.293967,-1,0.323283,0.404771
3.13011,0.106499,-1,0.17548,0.404771
3.13036,0.0420581,-0.913386,0.114903,0.404771
3.13061,-0.0450413,1,0.00900149,0.404771
3.13086,-0.281059,1,-0.276523,0.404771
3.13111,-0.563435,1,-0.614783,0.404771
3.13136,-0.629839,1,-0.746534,0.404771
3.13161,-0.343696,1,-0.493414,0.404771
3.13186,0.131186,-0.614173,-0.0165757,0.404771
3.13211,0.472412,-1,0.354649,0.404771
3.13236,0.506822,-1,0.454565,0.404771
3.13261,0.347586,-1,0.366718,0.404771
3.13286,0.220183,-1,0.303011,0.404771
3.13311,0.18938,-1,0.304161,0.404771
3.13336,0.108208,0.779528,0.221529,0.404771
3.13361,-0.159936,1,-0.0722662,0.404771
3.13386,-0.518258,1,-0.485961,0.404771
3.13411,-0.686963,1,-0.71824,0.404771
3.13436,-0.488677,1,-0.567281,0.404771
3.13461,-0.0487797,0.700787,-0.153618,0.404771
3.13486,0.320581,-0.551181,0.226322,0.404771
3.13511,0.424773,-1,0.361642,0.404771
3.13536,0.345718,-1,0.346833,0.404771
3.13561,0.289399,-1,0.349335,0.404771
3.13586,0.315127,-1,0.419574,0.404771
3.13611,0.268237,-0.732283,0.395397,0.404771
3.13636,-0.00513639,1,0.0999143,0.404771
3.13661,-0.420955,1,-0.353693,0.404771
3.13686,-0.687716,1,-0.68225,0.404771
3.13711,-0.590402,1,-0.659037,0.404771
3.13736,-0.211869,1,-0.330381,0.404771
3.13761,0.154652,0.80315,0.0310217,0.404771
3.13786,0.302669,-0.976378,0.193944,0.404771
3.13811,0.28998,-1,0.230232,0.404771
3.13836,0.30633,-1,0.306604,0.404771
3.13861,0.403484,-1,0.480675,0.404771
3.13886,0.415951,-1,0.539047,0.404771
3.13911,0.166551,0.905512,0.305586,0.404771
3.13936,-0.280809,1,-0.16122,0.404771
3.13961,-0.632608,1,-0.557406,0.404771
3.13986,-0.639414,1,-0.626111,0.404771
3.14011,-0.341188,1,-0.379643,0.404771
3.14036,-0.00666746,1,-0.0680566,0.404771
3.14061,0.155891,0.354331,0.093045,0.404771
3.14086,0.188808,-1,0.150739,0.404771
3.14111,0.26913,-1,0.283474,0.404771
3.14136,0.444192,-1,0.515571,0.404771
3.14161,0.53488,-1,0.659777,0.404771
3.14186,0.337357,-0.535433,0.481821,0.404771
3.14211,-0.113096,1,0.0270738,0.404771
3.14236,-0.528038,1,-0.436618,0.404771
3.14261,-0.632251,1,-0.603671,0.404771
3.14286,-0.425022,1,-0.462812,0.404771
3.14311,-0.145666,1,-0.230358,0.404771
3.14336,0.00284878,1,-0.102922,0.404771
3.14361,0.0544003,-0.984252,-0.0440878,0.404771
3.14386,0.18222,-1,0.125719,0.404771
3.14411,0.431247,-1,0.434904,0.404771
3.14436,0.611222,-1,0.679942,0.404771
3.14461,0.489249,-1,0.605425,0.404771
3.14486,0.0655668,0.346457,0.193691,0.404771
3.14511,-0.385206,1,-0.271766,0.404771
3.14536,-0.571413,1,-0.502797,0.404771
3.14561,-0.455572,1,-0.457203,0.404771
3.14586,-0.247664,1,-0.30484,0.404771
3.14611,-0.139223,1,-0.222973,0.404771
3.14636,-0.0965911,0.417323,-0.182881,0.404771
3.14661,0.0550738,-1,-0.00413937,0.404771
3.14686,0.365532,-1,0.353591,0.404771
3.14711,0.636335,-1,0.680327,0.404771
3.14736,0.605845,-1,0.718048,0.404771
3.14761,0.236655,-0.984252,0.375664,0.404771
3.14786,-0.220418,0.464567,-0.0795158,0.404771
3.14811,-0.465064,1,-0.359156,0.404771
3.14836,-0.432112,1,-0.386198,0.404771
3.14861,-0.302079,1,-0.329085,0.404771
3.14886,-0.253556,1,-0.345145,0.404771
3.14912,-0.246661,1,-0.365249,0.404771
3.14937,-0.0978912,-1,-0.217011,0.404771
3.14962,0.253424,-1,0.161106,0.404771
3.14987,0.607817,-1,0.568569,0.404771
3.15012,0.676824,-1,0.706489,0.404771
3.15037,0.38341,-1,0.460721,0.404771
3.15062,-0.0502321,-0.88189,0.046076,0.404771
3.15087,-0.326515,0.559055,-0.240393,0.404771
3.15112,-0.358319,1,-0.3054,0.404771
3.15137,-0.303804,1,-0.308548,0.404771
3.15162,-0.327078,1,-0.394843,0.404771
3.15187,-0.379001,1,-0.494303,0.404771
3.15212,-0.260819,0.0944882,-0.39783,0.404771
3.15237,0.106514,-1,-0.0154189,0.404771
3.15262,0.527722,-1,0.450489,0.404771
3.15287,0.694869,-1,0.681032,0.404771
3.15312,0.491923,-1,0.545473,0.404771
3.15337,0.107507,-1,0.194694,0.404771
3.15362,-0.170961,-0.771654,-0.0749036,0.404771
3.15387,-0.244422,1,-0.164706,0.404771
3.15412,-0.253898,1,-0.221677,0.404771
3.15437,-0.351626,1,-0.375535,0.404771
3.15462,-0.477847,1,-0.568116,0.404771
3.15487,-0.415187,1,-0.548571,0.404771
3.15512,-0.0607803,-1,-0.205504,0.404771
3.15537,0.404773,-1,0.284593,0.404771
3.15562,0.659436,-1,0.595261,0.404771
3.15587,0.552253,-1,0.561377,0.404771
3.15612,0.236544,-1,0.288432,0.404771
3.15637,-0.0159945,-1,0.0636249,0.404771
3.15662,-0.104033,0.11811,-0.024873,0.404771
3.15687,-0.15831,1,-0.112913,0.404771
3.15712,-0.3243,1,-0.328718,0.404771
3.15737,-0.533117,1,-0.598967,0.404771
3.15762,-0.546258,1,-0.661928,0.404771
3.15787,-0.230856,0.110236,-0.364879,0.404771
3.15812,0.251615,-1,0.124176,0.404771
3.15837,0.57513,-1,0.494794,0.404771
3.15862,0.560049,-1,0.540162,0.404771
3.15887,0.324995,-1,0.36178,0.404771
3.15912,0.121685,-1,0.201114,0.404771
3.15937,0.0471486,-1,0.139705,0.404771
3.15962,-0.0282058,1,0.0412444,0.404771
3.15987,-0.248178,1,-0.218786,0.404771
3.16012,-0.538003,1,-0.564389,0.404771
3.16037,-0.639658,1,-0.735813,0.404771
3.16062,-0.387982,1,-0.518975,0.404771
3.16087,0.0835251,-0.409449,-0.0580813,0.404771
3.16112,0.45176,-1,0.336117,0.404771
3.16137,0.515707,-1,0.454157,0.404771
3.16162,0.364546,-1,0.37332,0.404771
3.16187,0.226977,-1,0.296654,0.404771
3.16212,0.191226,-1,0.290411,0.404771
3.16237,0.122492,0.417323,0.225421,0.404771
3.16262,-0.130224,1,-0.0531401,0.404771
3.16287,-0.49196,1,-0.467363,0.404771
3.16312,-0.686353,1,-0.714856,0.404771
3.16337,-0.516199,1,-0.600236,0.404771
3.16362,-0.0833064,0.968504,-0.193141,0.404771
3.16387,0.302131,-0.440945,0.196114,0.404771
3.16412,0.42577,-1,0.357131,0.404771
3.16437,0.352394,-1,0.344269,0.404771
3.16462,0.289866,-1,0.351315,0.404771
3.16487,0.313311,-1,0.426813,0.404771
3.16512,0.276487,-1,0.410227,0.404771
3.16537,0.0168849,1,0.145115,0.404771
3.16562,-0.399331,1,-0.318978,0.404771
3.16587,-0.682035,1,-0.66213,0.404771
3.16612,-0.603724,1,-0.655896,0.404771
3.16637,-0.231755,1,-0.336895,0.404771
3.16662,0.142298,0.905512,0.0149294,0.404771
3.16687,0.300676,-0.952756,0.185486,0.404771
3.16712,0.291164,-1,0.213975,0.404771
3.16737,0.303882,-1,0.291357,0.404771
3.16762,0.400353,-1,0.462217,0.404771
3.16787,0.419107,-1,0.531297,0.404771
3.16812,0.178061,0.732283,0.308641,0.404771
3.16837,-0.268873,1,-0.155197,0.404771
3.16862,-0.627561,1,-0.554721,0.404771
3.16887,-0.643283,1,-0.632856,0.404771
3.16912,-0.348463,1,-0.382209,0.404771
3.16937,-0.0113415,1,-0.0725578,0.404771
3.16962,0.154913,0.354331,0.0996854,0.404771
3.16987,0.188142,-1,0.152837,0.404771
3.17012,0.267926,-1,0.284666,0.404771
3.17037,0.44287,-1,0.512022,0.404771
3.17062,0.53501,-1,0.65801,0.404771
3.17087,0.337959,-0.677165,0.487403,0.404771
3.17112,-0.113453,1,0.0274398,0.404771
3.17137,-0.528996,1,-0.434204,0.404771
3.17162,-0.631899,1,-0.601576,0.404771
3.17187,-0.422767,1,-0.460197,0.404771
3.17212,-0.143097,1,-0.234854,0.404771
3.17237,0.00359188,1,-0.115615,0.404771
3.17262,0.0556059,-1,-0.0477411,0.404771
3.17287,0.185807,-1,0.119176,0.404771
3.17312,0.436651,-1,0.429764,0.404771
3.17337,0.612319,-1,0.679713,0.404771
3.17362,0.48094,-1,0.593184,0.404771
3.17388,0.0512392,0.275591,0.176536,0.404771
3.17413,-0.395994,1,-0.281966,0.404771
3.17438,-0.571846,1,-0.5057,0.404771
3.17463,-0.448394,1,-0.446716,0.404771
3.17488,-0.240988,1,-0.286851,0.404771
3.17513,-0.137199,1,-0.221641,0.404771
3.17538,-0.0937032,0.322835,-0.175588,0.404771
3.17563,0.066844,-1,0.00863773,0.404771
3.17588,0.382188,-1,0.367643,0.404771
3.17613,0.643998,-1,0.690511,0.404771
3.17638,0.593443,-1,0.702891,0.404771
3.17663,0.209848,-1,0.347856,0.404771
3.17688,-0.242696,0.527559,-0.113209,0.404771
3.17713,-0.470147,1,-0.375604,0.404771
3.17738,-0.423899,1,-0.391313,0.404771
3.17763,-0.295329,1,-0.333573,0.404771
3.17788,-0.253468,1,-0.352966,0.404771
3.17813,-0.24299,1,-0.36526,0.404771
3.17838,-0.0780091,-1,-0.203742,0.404771
3.17863,0.284666,-1,0.196747,0.404771
3.17888,0.626599,-1,0.590543,0.404771
3.17913,0.665007,-1,0.702408,0.404771
3.17938,0.347453,-1,0.438262,0.404771
3.17963,-0.083686,-0.834646,0.0255617,0.404771
3.17988,-0.337957,0.795276,-0.236234,0.404771
3.18013,-0.353222,1,-0.290608,0.404771
3.18038,-0.301518,1,-0.305827,0.404771
3.18063,-0.333628,1,-0.399125,0.404771
3.18088,-0.377913,1,-0.486871,0.404771
3.18113,-0.233583,-0.133858,-0.359495,0.404771
3.18138,0.153456,-1,0.0434592,0.404771
3.18163,0.562273,-1,0.494913,0.404771
3.18188,0.689632,-1,0.690202,0.404771
3.18213,0.452101,-1,0.512493,0.404771
3.18238,0.0657252,-1,0.158995,0.404771
3.18263,-0.189079,-0.543307,-0.0997399,0.404771
3.18288,-0.244757,1,-0.173884,0.404771
3.18313,-0.259687,1,-0.235342,0.404771
3.18338,-0.369704,1,-0.416073,0.404771
3.18363,-0.48516,1,-0.585443,0.404771
3.18388,-0.385011,1,-0.524163,0.404771
3.18413,0.00133672,-1,-0.144567,0.404771
3.18438,0.457769,-1,0.345385,0.404771
3.18463,0.665664,-1,0.608362,0.404771
3.18488,0.514292,-1,0.527738,0.404771
3.18513,0.191478,-1,0.266026,0.404771
3.18538,-0.0379234,-1,0.0556926,0.404771
3.18563,-0.109194,0.574803,-0.0125189,0.404771
3.18588,-0.174808,1,-0.110943,0.404771
3.18613,-0.358605,1,-0.35003,0.404771
3.18638,-0.554185,1,-0.611702,0.404771
3.18663,-0.517748,1,-0.623131,0.404771
3.18688,-0.157145,-0.0866142,-0.282008,0.404771
3.18713,0.322903,-1,0.212666,0.404771
3.18738,0.596323,-1,0.53051,0.404771
3.18763,0.528942,-1,0.52186,0.404771
3.18788,0.282419,-1,0.326808,0.404771
3.18813,0.10061,-1,0.178354,0.404771
3.18838,0.039497,-0.84252,0.124619,0.404771
3.18863,-0.0553169,1,0.0107002,0.404771
3.18888,-0.301439,1,-0.280973,0.404771
3.18913,-0.578698,1,-0.627844,0.404771
3.18938,-0.619931,1,-0.727969,0.404771
3.18963,-0.307237,1,-0.4503,0.404771
3.18988,0.170974,-0.629921,0.0253481,0.404771
3.19013,0.488889,-1,0.364702,0.404771
3.19038,0.496169,-1,0.434953,0.404771
3.19063,0.329926,-1,0.342009,0.404771
3.19088,0.213434,-1,0.281088,0.404771
3.19113,0.18646,-1,0.293493,0.404771
3.19138,0.0869349,1,0.19744,0.404771
3.19163,-0.204211,1,-0.124141,0.404771
3.19188,-0.556561,1,-0.530008,0.404771
3.19213,-0.682315,1,-0.713112,0.404771
3.19238,-0.435586,1,-0.509432,0.404771
3.19263,0.0159997,0.732283,-0.0797754,0.404771
3.19288,0.353937,-0.834646,0.277915,0.404771
3.19313,0.419262,-1,0.378417,0.404771
3.19338,0.330837,-1,0.346524,0.404771
3.19363,0.290049,-1,0.370732,0.404771
3.19388,0.318303,-1,0.432827,0.404771
3.19413,0.238236,-0.346457,0.369124,0.404771
3.19438,-0.0758335,1,0.0301495,0.404771
3.19463,-0.490391,1,-0.43359,0.404771
3.19488,-0.699297,1,-0.709739,0.404771
3.19513,-0.531223,1,-0.608312,0.404771
3.19538,-0.127882,1,-0.25486,0.404771
3.19563,0.204791,0.519685,0.0772367,0.404771
3.19588,0.307265,-1,0.194662,0.404771
3.19613,0.28575,-1,0.225026,0.404771
3.19638,0.323849,-1,0.331702,0.404771
3.19663,0.42204,-1,0.504868,0.404771
3.19688,0.384484,-1,0.514887,0.404771
3.19713,0.0709475,1,0.2091,0.404771
3.19738,-0.386534,1,-0.267922,0.404771
3.19763,-0.670206,1,-0.602439,0.404771
3.19788,-0.585233,1,-0.57503,0.404771
3.19813,-0.247813,1,-0.295605,0.404771
3.19839,0.0550801,1,-0.0111475,0.404771
3.19864,0.170106,-0.354331,0.10297,0.404771
3.19889,0.19953,-1,0.161389,0.404771
3.19914,0.312063,-1,0.322019,0.404771
3.19939,0.489087,-1,0.558503,0.404771
3.19964,0.512122,-1,0.619461,0.404771
3.19989,0.223062,-0.015748,0.35476,0.404771
3.20014,-0.25488,1,-0.142997,0.404771
3.20039,-0.598377,1,-0.532857,0.404771
3.20064,-0.593795,1,-0.588603,0.404771
3.20089,-0.333254,1,-0.393714,0.404771
3.20114,-0.0810855,1,-0.177217,0.404771
3.20139,0.0215287,1,-0.0822913,0.404771
3.20164,0.0804741,-1,-0.000334963,0.404771
3.20189,0.25632,-1,0.230205,0.404771
3.20214,0.51311,-1,0.551535,0.404771
3.20239,0.610328,-1,0.714054,0.404771
3.20264,0.367024,-1,0.515643,0.404771
3.20289,-0.107593,0.779528,0.0503078,0.404771
3.20314,-0.490702,1,-0.35734,0.404771
3.20339,-0.556903,1,-0.482605,0.404771
3.20364,-0.37664,1,-0.366703,0.404771
3.20389,-0.192067,1,-0.242271,0.404771
3.20414,-0.124303,1,-0.213665,0.404771
3.20439,-0.0596683,0.472441,-0.147394,0.404771
3.20464,0.162027,-1,0.0970772,0.404771
3.20489,0.49236,-1,0.47016,0.404771
3.20514,0.669854,-1,0.715618,0.404771
3.20539,0.489372,-1,0.594207,0.404771
3.20564,0.0419531,-1,0.178633,0.404771
3.20589,-0.357441,-0.88189,-0.222763,0.404771
3.20614,-0.47825,1,-0.376367,0.404771
3.20639,-0.375138,1,-0.332648,0.404771
3.20664,-0.267885,1,-0.301487,0.404771
3.20689,-0.255618,1,-0.370061,0.404771
3.20714,-0.208456,1,-0.374402,0.404771
3.20739,0.038692,-0.590551,-0.144819,0.404771
3.20764,0.430081,-1,0.268962,0.404771
3.20789,0.686314,-1,0.580879,0.404771
3.20814,0.580065,-1,0.543137,0.404771
3.20839,0.180451,-1,0.210965,0.404771
3.20864,-0.210827,-1,-0.131796,0.404771
3.20889,-0.366006,0.590551,-0.278705,0.404771
3.20914,-0.329433,1,-0.255931,0.404771
3.20939,-0.302476,1,-0.271071,0.404771
3.20964,-0.360311,1,-0.37894,0.404771
3.20989,-0.35309,1,-0.417949,0.404771
3.21014,-0.103191,0.543307,-0.183091,0.404771
3.21039,0.331621,-1,0.263777,0.404771
3.21064,0.659005,-1,0.632214,0.404771
3.21089,0.631295,-1,0.654827,0.404771
3.21114,0.296208,-1,0.376867,0.404771
3.21139,-0.0643873,-1,0.0428567,0.404771
3.21164,-0.229813,-1,-0.119949,0.404771
3.21189,-0.244342,1,-0.163825,0.404771
3.21214,-0.293243,1,-0.272609,0.404771
3.21239,-0.429808,1,-0.477348,0.404771
3.21264,-0.479963,1,-0.601418,0.404771
3.21289,-0.250513,1,-0.416298,0.404771
3.21314,0.206142,-0.425197,0.0247628,0.404771
3.21339,0.590843,-1,0.445378,0.404771
3.21364,0.639357,-1,0.549377,0.404771
3.21389,0.378508,-1,0.362062,0.404771
3.21414,0.0702244,-1,0.12222,0.404771
3.21439,-0.0825458,-1,0.0146143,0.404771
3.21464,-0.127429,0.787402,-0.0198362,0.404771
3.21489,-0.241841,1,-0.14924,0.404771
3.21514,-0.458303,1,-0.405794,0.404771
3.21539,-0.578898,1,-0.586021,0.404771
3.21564,-0.39011,1,-0.447048,0.404771
3.21589,0.0654273,1,-0.00532667,0.404771
3.21614,0.488072,-1,0.423481,0.404771
3.21639,0.603794,-1,0.571477,0.404771
3.21664,0.421326,-1,0.439399,0.404771
3.21689,0.180645,-1,0.262248,0.404771
3.21714,0.0636796,-1,0.175288,0.404771
3.21739,0.0107824,-1,0.134578,0.404771
3.21764,-0.153157,1,-0.0554951,0.404771
3.21789,-0.44436,1,-0.400621,0.404771
3.21814,-0.641915,1,-0.676534,0.404771
3.21839,-0.510267,1,-0.614804,0.404771
3.21864,-0.0778246,1,-0.233818,0.404771
3.21889,0.360864,0.417323,0.194584,0.404771
3.21914,0.528025,-1,0.378899,0.404771
3.21939,0.421207,-1,0.325502,0.404771
3.21964,0.258049,-1,0.244841,0.404771
3.21989,0.196482,-1,0.258727,0.404771
3.22014,0.158602,-1,0.268692,0.404771
3.22039,-0.0352726,1,0.0976811,0.404771
3.22064,-0.390091,1,-0.268208,0.404771
3.22089,-0.663919,1,-0.581065,0.404771
3.22114,-0.601042,1,-0.581164,0.404771
3.22139,-0.212269,1,-0.234177,0.404771
3.22164,0.219205,1,0.180447,0.404771
3.22189,0.419564,-0.519685,0.37574,0.404771
3.22214,0.378684,-1,0.362421,0.404771
3.22239,0.296391,-1,0.324602,0.404771
3.22264,0.304896,-1,0.3875,0.404771
3.22289,0.302722,-1,0.414805,0.404771
3.22315,0.1012,-0.740157,0.22271,0.404771
3.2234,-0.300363,1,-0.205328,0.404771
3.22365,-0.644265,1,-0.602018,0.404771
3.2239,-0.654856,1,-0.687081,0.404771
3.22415,-0.325595,1,-0.422501,0.404771
3.2244,0.0760789,1,-0.0632916,0.392777
3.22465,0.287002,1,0.132518,0.392777
3.2249,0.297277,-1,0.167048,0.392777
3.22515,0.292979,-1,0.213241,0.392777
3.2254,0.380304,-1,0.379859,0.392777
3.22565,0.432187,-1,0.510813,0.392777
3.2259,0.244054,-1,0.383507,0.392777
3.22615,-0.18417,0.818898,-0.0188171,0.392777
3.2264,-0.584926,1,-0.43066,0.392777
3.22665,-0.667685,1,-0.563202,0.392777
3.2269,-0.408429,1,-0.362126,0.392777
3.22715,-0.056679,1,-0.0665082,0.392777
3.2274,0.141927,1,0.0988485,0.392777
3.22765,0.184642,-0.661417,0.134277,0.392777
3.2279,0.248714,-1,0.215297,0.392777
3.22815,0.417742,-1,0.425113,0.392777
3.2284,0.536448,-1,0.583121,0.392777
3.22865,0.382072,-1,0.462087,0.392777
3.2289,-0.0515469,-0.897638,0.0317376,0.392777
3.22915,-0.491949,1,-0.422397,0.392777
3.2294,-0.638763,1,-0.615503,0.392777
3.22965,-0.454427,1,-0.499378,0.392777
3.2299,-0.168336,1,-0.271937,0.392777
3.23015,-0.00424887,1,-0.155531,0.392777
3.2304,0.0496983,0.905512,-0.10272,0.392777
3.23065,0.168,-1,0.0468719,0.392777
3.2309,0.414138,-1,0.347697,0.392777
3.23115,0.607638,-1,0.621843,0.392777
3.2314,0.503286,-1,0.598851,0.392777
3.23165,0.0860097,-1,0.241169,0.392777
3.2319,-0.373329,-0.0393701,-0.199338,0.392777
3.23215,-0.570971,1,-0.409108,0.392777
3.2324,-0.459611,1,-0.353883,0.392777
3.23265,-0.249556,1,-0.210646,0.392777
3.2329,-0.139283,1,-0.169346,0.392777
3.23315,-0.0965513,1,-0.17536,0.392777
3.2334,0.0577476,-1,-0.0427867,0.392777
3.23365,0.371688,-1,0.283384,0.392777
3.2339,0.640342,-1,0.582601,0.392777
3.23415,0.598275,-1,0.590108,0.392777
3.2344,0.216843,-1,0.248195,0.392777
3.23465,-0.238942,-1,-0.189485,0.392777
3.2349,-0.469763,0.984252,-0.43766,0.392777
3.23515,-0.423815,1,-0.41949,0.392777
3.2354,-0.294755,1,-0.342285,0.392777
3.23565,-0.253571,1,-0.350041,0.392777
3.2359,-0.242104,1,-0.36747,0.392777
3.23615,-0.0722414,0.440945,-0.197749,0.392777
3.2364,0.294697,-1,0.204377,0.392777
3.23665,0.633224,-1,0.597233,0.392777
3.2369,0.659364,-1,0.702412,0.392777
3.23715,0.330649,-1,0.439462,0.392777
3.2374,-0.100466,-1,0.0537284,0.392777
3.23765,-0.343611,-0.700787,-0.177071,0.392777
3.2379,-0.350063,1,-0.209965,0.392777
3.23815,-0.300556,1,-0.21678,0.392777
3.2384,-0.338273,1,-0.337,0.392777
3.23865,-0.37622,1,-0.454594,0.392777
3.2389,-0.211414,1,-0.354769,0.392777
3.23915,0.189963,-1,0.0283957,0.392777
3.2394,0.587637,-1,0.442921,0.392777
3.23965,0.681785,-1,0.579949,0.392777
3.2399,0.416814,-1,0.381206,0.392777
3.24015,0.0311283,-1,0.0470625,0.392777
3.2404,-0.203034,-1,-0.162492,0.392777
3.24065,-0.244474,1,-0.200629,0.392777
3.2409,-0.267016,1,-0.243294,0.392777
3.24115,-0.387382,1,-0.402983,0.392777
3.2414,-0.488491,1,-0.54969,0.392777
3.24165,-0.34875,1,-0.432736,0.392777
3.2419,0.0666429,0.456693,-0.0164387,0.392777
3.24215,0.507968,-1,0.447022,0.392777
3.2424,0.664328,-1,0.657244,0.392777
3.24265,0.469262,-1,0.524478,0.392777
3.2429,0.144802,-1,0.262152,0.392777
3.24315,-0.0579362,-1,0.0891315,0.392777
3.2434,-0.115358,-0.527559,0.0277546,0.392777
3.24365,-0.197455,1,-0.0893566,0.392777
3.2439,-0.398596,1,-0.345347,0.392777
3.24415,-0.571222,1,-0.600681,0.392777
3.2444,-0.473381,1,-0.57811,0.392777
3.24465,-0.0643327,1,-0.22821,0.392777
3.2449,0.401473,-0.551181,0.223512,0.392777
3.24515,0.608639,-1,0.454986,0.392777
3.2454,0.484024,-1,0.382193,0.392777
3.24565,0.232739,-1,0.203882,0.392777
3.2459,0.080325,-1,0.120077,0.392777
3.24615,0.028205,-1,0.11282,0.392777
3.2464,-0.0975772,1,-0.0102787,0.392777
3.24665,-0.371812,1,-0.298206,0.392777
3.2469,-0.6186,1,-0.58293,0.392777
3.24715,-0.57515,1,-0.591427,0.392777
3.2474,-0.19213,1,-0.251298,0.392777
3.24765,0.276404,1,0.211796,0.392777
3.24791,0.51898,-1,0.469421,0.392777
3.24816,0.459158,-1,0.444117,0.392777
3.24841,0.287818,-1,0.329164,0.392777
3.24866,0.202082,-1,0.305878,0.392777
3.24891,0.17479,-1,0.314831,0.392777
3.24916,0.0240602,0.0472441,0.165345,0.392777
3.24941,-0.31061,1,-0.207174,0.392777
3.24966,-0.628303,1,-0.577903,0.392777
3.24991,-0.64654,1,-0.673934,0.392777
3.25016,-0.306945,1,-0.397274,0.392777
3.25041,0.144427,1,0.0163998,0.392777
3.25066,0.402814,0.0393701,0.269831,0.392777
3.25091,0.39728,-1,0.287682,0.392777
3.25116,0.306269,-1,0.249239,0.392777
3.25141,0.298075,-1,0.313045,0.392777
3.25166,0.313955,-1,0.398635,0.392777
3.25191,0.15846,-1,0.280032,0.392777
3.25216,-0.220462,1,-0.0883087,0.392777
3.25241,-0.600495,1,-0.494059,0.392777
3.25266,-0.682525,1,-0.630823,0.392777
3.25291,-0.399142,1,-0.416981,0.392777
3.25316,0.0142789,1,-0.0453181,0.392777
3.25341,0.268523,1,0.184863,0.392777
3.25366,0.302584,-1,0.228359,0.392777
3.25391,0.287377,-1,0.246823,0.392777
3.25416,0.362185,-1,0.374261,0.392777
3.25441,0.435917,-1,0.508916,0.392777
3.25466,0.294534,-1,0.404771,0.392777
3.25491,-0.109405,0.165354,0.00870758,0.392777
3.25516,-0.538166,1,-0.442478,0.392777
3.25541,-0.680601,1,-0.633955,0.392777
3.25566,-0.461231,1,-0.475254,0.392777
3.25591,-0.103011,1,-0.177491,0.392777
3.25616,0.12541,1,0.0156724,0.392777
3.25641,0.181678,-0.125984,0.077798,0.392777
3.25666,0.232766,-1,0.153538,0.392777
3.25691,0.391535,-1,0.366576,0.392777
3.25716,0.532488,-1,0.570297,0.392777
3.25741,0.421994,-1,0.521594,0.392777
3.25766,0.0129097,-1,0.141757,0.392777
3.25791,-0.447115,1,-0.317802,0.392777
3.25816,-0.641096,1,-0.548616,0.392777
3.25841,-0.488686,1,-0.458615,0.392777
3.25866,-0.19899,1,-0.23359,0.392777
3.25891,-0.0154115,1,-0.100524,0.392777
3.25916,0.0432746,1,-0.0637919,0.392777
3.25941,0.1471,-1,0.0492022,0.392777
3.25966,0.38453,-1,0.323651,0.392777
3.25991,0.597515,-1,0.597265,0.392777
3.26016,0.531742,-1,0.599853,0.392777
3.26041,0.137511,-1,0.251648,0.392777
3.26066,-0.335048,-0.385827,-0.209843,0.392777
3.26091,-0.566967,1,-0.458453,0.392777
3.26116,-0.478703,1,-0.418216,0.392777
3.26141,-0.266691,1,-0.269426,0.392777
3.26166,-0.144485,1,-0.211283,0.392777
3.26191,-0.102495,1,-0.215826,0.392777
3.26216,0.0369498,-0.779528,-0.0856102,0.392777
3.26241,0.343091,-1,0.243622,0.392777
3.26266,0.627512,-1,0.575549,0.392777
3.26291,0.615593,-1,0.622674,0.392777
3.26316,0.253147,-1,0.312838,0.392777
3.26341,-0.210409,-1,-0.12775,0.392777
3.26366,-0.463987,0.76378,-0.393168,0.392777
3.26391,-0.432746,1,-0.394363,0.392777
3.26416,-0.301436,1,-0.307824,0.392777
3.26441,-0.253574,1,-0.325139,0.392777
3.26466,-0.245489,1,-0.360307,0.392777
3.26491,-0.0888816,0.826772,-0.206715,0.392777
3.26516,0.272086,-1,0.174736,0.392777
3.26541,0.621024,-1,0.564978,0.392777
3.26566,0.667663,-1,0.684972,0.392777
3.26591,0.351748,-1,0.437825,0.392777
3.26616,-0.0830512,-1,0.0523778,0.392777
3.26641,-0.338752,-0.858268,-0.189243,0.392777
3.26666,-0.352748,1,-0.229933,0.392777
3.26691,-0.301181,1,-0.228805,0.392777
3.26716,-0.335552,1,-0.32825,0.392777
3.26741,-0.377248,1,-0.445154,0.392777
3.26766,-0.220911,1,-0.351815,0.392777
3.26791,0.176764,-1,0.0331836,0.392777
3.26816,0.580194,-1,0.449743,0.392777
3.26841,0.68416,-1,0.593328,0.392777
3.26866,0.424913,-1,0.391124,0.392777
3.26891,0.0372362,-1,0.0576215,0.392777
3.26916,-0.200639,-1,-0.151783,0.392777
3.26941,-0.24454,1,-0.1969,0.392777
3.26966,-0.266265,1,-0.244355,0.392777
3.26991,-0.386019,1,-0.402984,0.392777
3.27016,-0.488316,1,-0.556786,0.392777
3.27041,-0.350008,1,-0.44869,0.392777
3.27066,0.0661384,0.653543,-0.02869,0.392777
3.27091,0.508201,-1,0.439133,0.392777
3.27116,0.664198,-1,0.645913,0.392777
3.27141,0.467475,-1,0.518853,0.392777
3.27166,0.142399,-1,0.25768,0.392777
3.27191,-0.0588578,-1,0.0954801,0.392777
3.27216,-0.115835,-0.551181,0.0426592,0.392777
3.27241,-0.199569,1,-0.076382,0.392777
3.27267,-0.40277,1,-0.332189,0.392777
3.27292,-0.572539,1,-0.586316,0.392777
3.27317,-0.466633,1,-0.560845,0.392777
3.27342,-0.0515997,1,-0.201129,0.392777
3.27367,0.411858,-0.535433,0.244453,0.392777
3.27392,0.60912,-1,0.463765,0.392777
3.27417,0.475862,-1,0.37713,0.392777
3.27442,0.224702,-1,0.18984,0.392777
3.27467,0.0774871,-1,0.105657,0.392777
3.27492,0.0258879,-1,0.0927487,0.392777
3.27517,-0.106764,1,-0.0278879,0.392777
3.27542,-0.386078,1,-0.323423,0.392777
3.27567,-0.62494,1,-0.600745,0.392777
3.27592,-0.562591,1,-0.588883,0.392777
3.27617,-0.166682,1,-0.230961,0.392777
3.27642,0.298289,1,0.229448,0.392777
3.27667,0.523023,-1,0.469846,0.392777
3.27692,0.449459,-1,0.434017,0.392777
3.27717,0.278808,-1,0.325687,0.392777
3.27742,0.20006,-1,0.309626,0.392777
3.27767,0.170294,-1,0.314766,0.392777
3.27792,0.00565886,0.149606,0.151902,0.392777
3.27817,-0.338194,1,-0.223489,0.392777
3.27842,-0.642807,1,-0.582729,0.392777
3.27867,-0.631167,1,-0.646864,0.392777
3.27892,-0.270076,1,-0.351847,0.392777
3.27917,0.176258,1,0.0520552,0.392777
3.27942,0.411186,-0.165354,0.281625,0.392777
3.27967,0.389246,-1,0.287662,0.392777
3.27992,0.301219,-1,0.246553,0.392777
3.28017,0.301286,-1,0.311789,0.392777
3.28042,0.309418,-1,0.386099,0.392777
3.28067,0.129366,-1,0.238218,0.392777
3.28092,-0.263936,1,-0.150587,0.392777
3.28117,-0.626547,1,-0.542501,0.392777
3.28142,-0.667911,1,-0.631918,0.392777
3.28167,-0.354963,1,-0.380916,0.392777
3.28192,0.0540371,1,-0.0181837,0.392777
3.28217,0.281356,1,0.191324,0.392777
3.28242,0.299133,-1,0.220625,0.392777
3.28267,0.290951,-1,0.248903,0.392777
3.28292,0.375207,-1,0.38979,0.392777
3.28317,0.433811,-1,0.513451,0.392777
3.28342,0.255896,-1,0.373996,0.392777
3.28367,-0.170196,0.409449,-0.0422941,0.392777
3.28392,-0.577915,1,-0.477774,0.392777
3.28417,-0.669851,1,-0.611952,0.392777
3.28442,-0.413903,1,-0.428728,0.392777
3.28467,-0.0596815,1,-0.129005,0.392777
3.28492,0.141172,1,0.0471458,0.392777
3.28517,0.184451,-0.598425,0.0865999,0.392777
3.28542,0.249343,-1,0.183545,0.392777
3.28567,0.419277,-1,0.399226,0.392777
3.28592,0.536295,-1,0.584311,0.392777
3.28617,0.375617,-1,0.47073,0.392777
3.28642,-0.0635759,-1,0.0534854,0.392777
3.28667,-0.501376,1,-0.397257,0.392777
3.28692,-0.637013,1,-0.576333,0.392777
3.28717,-0.443107,1,-0.442203,0.392777
3.28742,-0.157494,1,-0.227168,0.392777
3.28767,-0.000260301,1,-0.113884,0.392777
3.28792,0.0527403,0.937008,-0.074814,0.392777
3.28817,0.179638,-1,0.0715618,0.392777
3.28842,0.431184,-1,0.365959,0.392777
3.28867,0.61185,-1,0.610869,0.392777
3.28892,0.481082,-1,0.555391,0.392777
3.28917,0.046592,-1,0.174575,0.392777
3.28942,-0.402788,0.015748,-0.258396,0.392777
3.28967,-0.571762,1,-0.442925,0.392777
3.28992,-0.439969,1,-0.357712,0.392777
3.29017,-0.232787,1,-0.213889,0.392777
3.29042,-0.134513,1,-0.180287,0.392777
3.29067,-0.0882317,1,-0.17039,0.392777
3.29092,0.0873698,-1,-0.0134958,0.392777
3.29117,0.412153,-1,0.336351,0.392777
3.29142,0.655822,-1,0.622661,0.392777
3.29167,0.564891,-1,0.586641,0.392777
3.29192,0.152583,-1,0.206021,0.392777
3.29217,-0.289105,-1,-0.220282,0.392777
3.29242,-0.477565,1,-0.425987,0.392777
3.29267,-0.404114,1,-0.388691,0.392777
3.29292,-0.281281,1,-0.320884,0.392777
3.29317,-0.254271,1,-0.347262,0.392777
3.29342,-0.229763,1,-0.360323,0.392777
3.29367,-0.0209402,0.165354,-0.159591,0.392777
3.29392,0.364427,-1,0.260119,0.392777
3.29417,0.66646,-1,0.619472,0.392777
3.29442,0.621131,-1,0.644227,0.392777
3.29467,0.246474,-1,0.334818,0.392777
3.29492,-0.168007,-1,-0.0372029,0.392777
3.29517,-0.360211,-0.133858,-0.223614,0.392777
3.29542,-0.337548,1,-0.221354,0.392777
3.29567,-0.300425,1,-0.238148,0.392777
3.29592,-0.353139,1,-0.359691,0.392777
3.29617,-0.362983,1,-0.440702,0.392777
3.29642,-0.137571,1,-0.256441,0.392777
3.29667,0.293351,-1,0.16274,0.392777
3.29692,0.644296,-1,0.536334,0.392777
3.29717,0.646034,-1,0.589772,0.392777
3.29743,0.321688,-1,0.325872,0.392777
3.29768,-0.0478126,-1,0.0023737,0.392777
3.29793,-0.226586,-1,-0.152135,0.392777
3.29818,-0.244167,1,-0.178764,0.392777
3.29843,-0.289685,1,-0.25196,0.392777
3.29868,-0.426083,1,-0.440526,0.392777
3.29893,-0.481338,1,-0.553609,0.392777
3.29918,-0.254997,1,-0.359934,0.392777
3.29943,0.204316,-0.0314961,0.0912829,0.392777
3.29968,0.59157,-1,0.504312,0.392777
3.29993,0.637778,-1,0.598076,0.392777
3.30018,0.372653,-1,0.397214,0.392777
3.30043,0.0640961,-1,0.151935,0.392777
3.30068,-0.0848092,-1,0.0358487,0.392777
3.30093,-0.129503,0.496063,-0.00886704,0.392777
3.30118,-0.250563,1,-0.165538,0.392777
3.30143,-0.470053,1,-0.432403,0.392777
3.30168,-0.577325,1,-0.615217,0.392777
3.30193,-0.364168,1,-0.456696,0.392777
3.30218,0.104195,1,-0.0138078,0.392777
3.30243,0.512065,-1,0.402082,0.392777
3.30268,0.596745,-1,0.519456,0.392777
3.30293,0.395522,-1,0.37581,0.392777
3.30318,0.16106,-1,0.213869,0.392777
3.30343,0.0577829,-1,0.156414,0.392777
3.30368,-0.0006594,-0.984252,0.112092,0.392777
3.30393,-0.186666,1,-0.0922743,0.392777
3.30418,-0.483866,1,-0.427688,0.392777
3.30443,-0.646172,1,-0.650587,0.392777
3.30468,-0.458624,1,-0.536497,0.392777
3.30493,0.00079473,1,-0.119943,0.392777
3.30518,0.411588,0.244094,0.276272,0.392777
3.30543,0.52463,-1,0.408187,0.392777
3.30568,0.388513,-1,0.322812,0.392777
3.30593,0.23751,-1,0.237849,0.392777
3.30618,0.193113,-1,0.253348,0.392777
3.30643,0.135556,-1,0.24355,0.392777
3.30668,-0.102298,1,0.0113997,0.392777
3.30693,-0.468412,1,-0.367906,0.392777
3.30718,-0.684317,1,-0.638727,0.392777
3.30743,-0.531401,1,-0.544561,0.392777
3.30768,-0.0984092,1,-0.156476,0.392777
3.30793,0.296476,1,0.22579,0.392777
3.30818,0.425544,-1,0.368696,0.392777
3.30843,0.351916,-1,0.324126,0.392777
3.30868,0.289756,-1,0.314614,0.392777
3.30893,0.31424,-1,0.394364,0.392777
3.30918,0.270783,-1,0.390103,0.392777
3.30943,-0.00408345,-0.19685,0.119369,0.392777
3.30968,-0.425729,1,-0.329843,0.392777
3.30993,-0.690262,1,-0.647153,0.392777
3.31018,-0.578172,1,-0.602247,0.392777
3.31043,-0.187122,1,-0.278369,0.392777
3.31068,0.173807,1,0.0447223,0.392777
3.31093,0.305349,0.141732,0.169703,0.392777
3.31118,0.287508,-1,0.177282,0.392777
3.31143,0.315247,-1,0.261123,0.392777
3.31168,0.415363,-1,0.434929,0.392777
3.31193,0.397518,-1,0.48373,0.392777
3.31218,0.101222,-1,0.232268,0.392777
3.31243,-0.360167,1,-0.22521,0.392777
3.31268,-0.664261,1,-0.558075,0.392777
3.31293,-0.595529,1,-0.539333,0.392777
3.31318,-0.259219,1,-0.264104,0.392777
3.31343,0.0505076,1,-0.00975791,0.392777
3.31368,0.169758,1,0.0891094,0.392777
3.31393,0.199324,-1,0.120487,0.392777
3.31418,0.313621,-1,0.267287,0.392777
3.31443,0.491723,-1,0.499277,0.392777
3.31468,0.508504,-1,0.571709,0.392777
3.31493,0.206399,-1,0.31296,0.392777
3.31518,-0.277583,-0.0551181,-0.166133,0.392777
3.31543,-0.60821,1,-0.516042,0.392777
3.31568,-0.581317,1,-0.545863,0.392777
3.31593,-0.309743,1,-0.332119,0.392777
3.31618,-0.0660008,1,-0.14848,0.392777
3.31643,0.0264252,1,-0.0904829,0.392777
3.31668,0.0921883,-0.740157,-0.0290757,0.392777
3.31693,0.28608,-1,0.19647,0.392777
3.31718,0.54017,-1,0.509015,0.392777
3.31743,0.597818,-1,0.624441,0.392777
3.31768,0.304132,-1,0.385073,0.392777
3.31793,-0.183315,-1,-0.0788516,0.392777
3.31818,-0.526139,1,-0.426192,0.392777
3.31843,-0.536455,1,-0.475069,0.392777
3.31868,-0.335346,1,-0.329602,0.392777
3.31893,-0.170251,1,-0.231949,0.392777
3.31918,-0.117335,1,-0.226613,0.392777
3.31943,-0.0274248,0.724409,-0.150336,0.392777
3.31968,0.235342,-1,0.133988,0.392777
3.31993,0.55988,-1,0.499641,0.392777
3.32018,0.660692,-1,0.665216,0.392777
3.32043,0.388371,-1,0.467534,0.392777
3.32068,-0.0837727,-1,0.0371923,0.392777
3.32093,-0.422326,-0.212598,-0.292777,0.392777
3.32118,-0.462454,1,-0.345776,0.392777
3.32143,-0.334596,1,-0.270293,0.392777
3.32168,-0.256173,1,-0.261164,0.392777
3.32193,-0.254769,1,-0.320031,0.392777
3.32219,-0.152746,1,-0.259813,0.392777
3.32244,0.165854,-1,0.0511967,0.392777
3.32269,0.550446,-1,0.450288,0.392777
3.32294,0.693722,-1,0.644135,0.392777
3.32319,0.453425,-1,0.463165,0.392777
3.32344,0.0143087,-1,0.070764,0.392777
3.32369,-0.302866,-1,-0.228971,0.392777
3.32394,-0.363713,1,-0.301893,0.392777
3.32419,-0.30764,1,-0.27701,0.392777
3.32444,-0.320855,1,-0.339154,0.3633
3.32469,-0.378189,1,-0.460816,0.3633
3.32494,-0.277166,1,-0.39846,0.3633
3.32519,0.0829569,-1,-0.0336936,0.3633
3.32544,0.514628,-1,0.414718,0.3633
3.32569,0.695389,-1,0.649979,0.3633
3.32594,0.494737,-1,0.510801,0.3633
3.32619,0.105135,-1,0.176195,0.3633
3.32644,-0.174338,-0.559055,-0.0896867,0.3633
3.32669,-0.244413,1,-0.168645,0.3633
3.32694,-0.256061,1,-0.213097,0.3633
3.32719,-0.361306,1,-0.372841,0.3633
3.32744,-0.483166,1,-0.545425,0.3633
3.32769,-0.393188,1,-0.488458,0.3633
3.32794,-0.00787732,-0.708661,-0.109889,0.3633
3.32819,0.455252,-1,0.383162,0.3633
3.32844,0.665827,-1,0.63535,0.3633
3.32869,0.509397,-1,0.541331,0.3633
3.32894,0.182507,-1,0.259659,0.3633
3.32919,-0.0438331,-1,0.0567908,0.3633
3.32944,-0.111074,-0.204724,-0.0225196,0.3633
3.32969,-0.183226,1,-0.127748,0.3633
3.32994,-0.376881,1,-0.382243,0.3633
3.33019,-0.564033,1,-0.641587,0.3633
3.33044,-0.4941,1,-0.629738,0.3633
3.33069,-0.100304,1,-0.267257,0.3633
3.33094,0.376304,-1,0.213858,0.3633
3.33119,0.606658,-1,0.482526,0.3633
3.33144,0.495645,-1,0.446876,0.3633
3.33169,0.242525,-1,0.265887,0.3633
3.33194,0.0835001,-1,0.170904,0.3633
3.33219,0.0295379,-0.346457,0.152746,0.3633
3.33244,-0.0933649,1,0.0240859,0.3633
3.33269,-0.367583,1,-0.278451,0.3633
3.33294,-0.61793,1,-0.584726,0.3633
3.33319,-0.574667,1,-0.595953,0.3633
3.33344,-0.188067,1,-0.254019,0.3633
3.33369,0.283131,-1,0.209071,0.3633
3.33394,0.520871,-1,0.46038,0.3633
3.33419,0.454252,-1,0.437219,0.3633
3.33444,0.28219,-1,0.312207,0.3633
3.33469,0.200474,-1,0.258466,0.3633
3.33494,0.171251,-1,0.237526,0.3633
3.33519,0.00814757,1,0.0544629,0.3633
3.33544,-0.336294,1,-0.33002,0.3633
3.33569,-0.642924,1,-0.692931,0.3633
3.33594,-0.630217,1,-0.739513,0.3633
3.33619,-0.265352,1,-0.413777,0.3633
3.33644,0.181602,1,0.0262048,0.3633
3.33669,0.412716,-1,0.299108,0.3633
3.33694,0.386585,-1,0.330817,0.3633
3.33719,0.299677,-1,0.322717,0.3633
3.33744,0.302423,-1,0.407249,0.3633
3.33769,0.306886,-1,0.473692,0.3633
3.33794,0.115545,0.582677,0.30457,0.3633
3.33819,-0.285341,1,-0.116802,0.3633
3.33844,-0.638795,1,-0.520417,0.3633
3.33869,-0.6577,1,-0.612209,0.3633
3.33894,-0.327812,1,-0.342691,0.3633
3.33919,0.0773997,1,0.0124399,0.3633
3.33944,0.288244,-1,0.208907,0.3633
3.33969,0.296426,-1,0.230278,0.3633
3.33994,0.294535,-1,0.268014,0.3633
3.34019,0.385043,-1,0.402858,0.3633
3.34044,0.429666,-1,0.47838,0.3633
3.34069,0.222313,-0.771654,0.276434,0.3633
3.34094,-0.219008,1,-0.184063,0.3633
3.34119,-0.606716,1,-0.604827,0.3633
3.34144,-0.65541,1,-0.712102,0.3633
3.34169,-0.37107,1,-0.478473,0.3633
3.34194,-0.0238659,1,-0.163801,0.3633
3.34219,0.152578,0.850394,0.0158985,0.3633
3.34244,0.18804,-1,0.0894389,0.3633
3.34269,0.267794,-1,0.233443,0.3633
3.34294,0.445105,-1,0.486231,0.3633
3.34319,0.533897,-1,0.659649,0.3633
3.34344,0.32239,-1,0.502016,0.3633
3.34369,-0.142243,1,0.0500427,0.3633
3.34394,-0.548954,1,-0.384943,0.3633
3.34419,-0.623285,1,-0.514385,0.3633
3.34444,-0.391933,1,-0.352348,0.3633
3.34469,-0.117183,1,-0.140829,0.3633
3.34494,0.0125053,1,-0.0521332,0.3633
3.34519,0.0661247,-1,-0.00898365,0.3633
3.34544,0.221271,-1,0.158215,0.3633
3.34569,0.481383,-1,0.459163,0.3633
3.34594,0.615231,-1,0.644235,0.3633
3.34619,0.409572,-1,0.472593,0.3633
3.34644,-0.0599091,-0.19685,0.00581918,0.3633
3.34669,-0.469256,1,-0.421475,0.3633
3.34695,-0.562846,1,-0.549975,0.3633
3.3472,-0.389967,1,-0.434918,0.3633
3.34745,-0.198331,1,-0.289285,0.3633
3.3477,-0.125905,1,-0.247906,0.3633
3.34795,-0.0626772,-0.417323,-0.173321,0.3633
3.3482,0.158915,-1,0.0790777,0.3633
3.34845,0.492985,-1,0.480496,0.3633
3.3487,0.669936,-1,0.729777,0.3633
3.34895,0.479614,-1,0.597025,0.3633
3.3492,0.022895,-1,0.163396,0.3633
3.34945,-0.371374,1,-0.234226,0.3633
3.3497,-0.476176,1,-0.37954,0.3633
3.34995,-0.364415,1,-0.335995,0.3633
3.3502,-0.2634,1,-0.308041,0.3633
3.35045,-0.256431,1,-0.35611,0.3633
3.3507,-0.192042,1,-0.312503,0.3633
3.35095,0.0843783,-1,-0.0303232,0.3633
3.3512,0.480998,-1,0.40882,0.3633
3.35145,0.695795,-1,0.681715,0.3633
3.3517,0.52841,-1,0.58315,0.3633
3.35195,0.101701,-1,0.209734,0.3633
3.3522,-0.260914,-0.244094,-0.136415,0.3633
3.35245,-0.367736,1,-0.25881,0.3633
3.3527,-0.316855,1,-0.24669,0.3633
3.35295,-0.310551,1,-0.310267,0.3633
3.3532,-0.372976,1,-0.428777,0.3633
3.35345,-0.315981,1,-0.413568,0.3633
3.3537,0.0027398,-1,-0.101949,0.3633
3.35395,0.446823,-1,0.363286,0.3633
3.3542,0.691873,-1,0.658992,0.3633
3.35445,0.552294,-1,0.577453,0.3633
3.3547,0.171521,-1,0.234984,0.3633
3.35495,-0.14298,-1,-0.0684058,0.3633
3.3552,-0.242736,1,-0.181368,0.3633
3.35545,-0.249803,1,-0.225805,0.3633
3.3557,-0.33788,1,-0.366113,0.3633
3.35595,-0.472057,1,-0.565328,0.3633
3.3562,-0.428236,1,-0.555557,0.3633
3.35645,-0.0814736,-0.141732,-0.209822,0.3633
3.3567,0.393398,-1,0.2844,0.3633
3.35695,0.658651,-1,0.612217,0.3633
3.3572,0.550506,-1,0.564804,0.3633
3.35745,0.228738,-1,0.304643,0.3633
3.3577,-0.0228832,-1,0.0965097,0.3633
3.35795,-0.106013,0.393701,0.0100552,0.3633
3.3582,-0.166409,1,-0.078082,0.3633
3.35845,-0.345405,1,-0.302163,0.3633
3.3587,-0.548901,1,-0.578995,0.3633
3.35895,-0.523572,1,-0.602608,0.3633
3.3592,-0.16325,1,-0.272713,0.3633
3.35945,0.324111,-1,0.219644,0.3633
3.3597,0.597952,-1,0.525531,0.3633
3.35995,0.522226,-1,0.501593,0.3633
3.3602,0.27073,-1,0.314885,0.3633
3.36045,0.0940129,-1,0.187584,0.3633
3.3607,0.0358352,-1,0.141129,0.3633
3.36095,-0.0714307,1,0.0202999,0.3633
3.3612,-0.333937,1,-0.286765,0.3633
3.36145,-0.601311,1,-0.607169,0.3633
3.3617,-0.597117,1,-0.670802,0.3633
3.36195,-0.237373,1,-0.361767,0.3633
3.3622,0.242807,-0.535433,0.102248,0.3633
3.36245,0.5127,-1,0.396188,0.3633
3.3627,0.469221,-1,0.399865,0.3633
3.36295,0.295824,-1,0.292181,0.3633
3.3632,0.203436,-1,0.253023,0.3633
3.36345,0.176507,-1,0.25556,0.3633
3.3637,0.0302798,1,0.112463,0.3633
3.36395,-0.305339,1,-0.245671,0.3633
3.3642,-0.627365,1,-0.621579,0.3633
3.36445,-0.64551,1,-0.690529,0.3633
3.3647,-0.300012,1,-0.387177,0.3633
3.36495,0.153936,1,0.0639653,0.3633
3.3652,0.406255,-1,0.330324,0.3633
3.36545,0.393324,-1,0.357992,0.3633
3.3657,0.303129,-1,0.339104,0.3633
3.36595,0.30023,-1,0.394707,0.3633
3.3662,0.310605,-1,0.453828,0.3633
3.36645,0.13371,0.417323,0.278967,0.3633
3.3667,-0.261527,1,-0.134063,0.3633
3.36695,-0.626981,1,-0.553688,0.3633
3.3672,-0.666446,1,-0.663612,0.3633
3.36745,-0.348184,1,-0.41351,0.3633
3.3677,0.06214,1,-0.0346187,0.3633
3.36795,0.284548,-0.850394,0.175682,0.3633
3.3682,0.29764,-1,0.214901,0.3633
3.36845,0.29282,-1,0.258251,0.3633
3.3687,0.381088,-1,0.409815,0.3633
3.36895,0.431292,-1,0.506951,0.3633
3.3692,0.233043,-1,0.327563,0.3633
3.36945,-0.205781,1,-0.129394,0.3633
3.3697,-0.600264,1,-0.560449,0.3633
3.36995,-0.658777,1,-0.672533,0.3633
3.3702,-0.37858,1,-0.462171,0.3633
3.37045,-0.0290475,1,-0.154133,0.3633
3.3707,0.151342,0.740157,0.0213222,0.3633
3.37095,0.187718,-1,0.0865345,0.3633
3.3712,0.266165,-1,0.216104,0.3633
3.37145,0.443721,-1,0.459203,0.3633
3.37171,0.534098,-1,0.617917,0.3633
3.37196,0.32367,-1,0.460348,0.3633
3.37221,-0.141542,1,0.00577766,0.3633
3.37246,-0.549272,1,-0.414485,0.3633
3.37271,-0.623026,1,-0.539406,0.3633
3.37296,-0.390282,1,-0.371208,0.3633
3.37321,-0.115421,1,-0.150753,0.3633
3.37346,0.0132785,1,-0.048312,0.3633
3.37371,0.0671287,-1,0.00425018,0.3633
3.37396,0.225054,-1,0.181838,0.3633
3.37421,0.485992,-1,0.491781,0.3633
3.37446,0.614739,-1,0.674126,0.3633
3.37471,0.400891,-1,0.489611,0.3633
3.37496,-0.0723863,-0.23622,0.0204868,0.3633
3.37521,-0.476451,1,-0.40131,0.3633
3.37546,-0.560745,1,-0.533748,0.3633
3.37571,-0.382509,1,-0.425963,0.3633
3.37596,-0.193656,1,-0.293697,0.3633
3.37621,-0.124619,1,-0.25873,0.3633
3.37646,-0.0574532,-0.637795,-0.189845,0.3633
3.37671,0.172221,-1,0.070961,0.3633
3.37696,0.506904,-1,0.472407,0.3633
3.37721,0.66974,-1,0.698722,0.3633
3.37746,0.460826,-1,0.55204,0.3633
3.37771,-0.00203796,-1,0.110374,0.3633
3.37796,-0.385474,1,-0.273367,0.3633
3.37821,-0.473814,1,-0.40004,0.3633
3.37846,-0.356091,1,-0.337189,0.3633
3.37871,-0.260792,1,-0.305542,0.3633
3.37896,-0.256242,1,-0.35299,0.3633
3.37921,-0.181085,0.834646,-0.287341,0.3633
3.37946,0.111044,-1,0.00968344,0.3633
3.37971,0.506394,-1,0.447281,0.3633
3.37996,0.697072,-1,0.7006,0.3633
3.38021,0.500833,-1,0.572624,0.3633
3.38046,0.0663775,-1,0.180157,0.3633
3.38071,-0.279793,0.0787402,-0.151719,0.3633
3.38096,-0.367027,1,-0.259915,0.3633
3.38121,-0.312349,1,-0.248386,0.3633
3.38146,-0.314979,1,-0.316967,0.3633
3.38171,-0.376179,1,-0.442751,0.3633
3.38196,-0.297507,1,-0.394529,0.3633
3.38221,0.0446536,-1,-0.0597104,0.3633
3.38246,0.48515,-1,0.405447,0.3633
3.38271,0.695467,-1,0.665765,0.3633
3.38296,0.519113,-1,0.546293,0.3633
3.38321,0.1301,-1,0.203107,0.3633
3.38346,-0.163987,-1,-0.0773642,0.3633
3.38371,-0.244208,1,-0.16825,0.3633
3.38396,-0.253766,1,-0.222414,0.3633
3.38421,-0.354335,1,-0.380312,0.3633
3.38446,-0.48053,1,-0.561674,0.3633
3.38471,-0.402101,1,-0.527085,0.3633
3.38496,-0.0233505,-0.606299,-0.156181,0.3633
3.38521,0.444443,-1,0.336942,0.3633
3.38546,0.665272,-1,0.610586,0.3633
3.38571,0.514184,-1,0.526277,0.3633
3.38596,0.186372,-1,0.249506,0.3633
3.38621,-0.0425708,-1,0.0521165,0.3633
3.38646,-0.110973,1,-0.0197312,0.3633
3.38671,-0.183391,1,-0.118926,0.3633
3.38696,-0.378415,1,-0.364753,0.3633
3.38721,-0.564987,1,-0.616197,0.3633
3.38746,-0.489918,1,-0.574669,0.3633
3.38771,-0.0896464,0.937008,-0.186909,0.3633
3.38796,0.386638,-1,0.299282,0.3633
3.38821,0.607893,-1,0.567305,0.3633
3.38846,0.487233,-1,0.513966,0.3633
3.38871,0.232966,-1,0.321522,0.3633
3.38896,0.0795506,-1,0.214471,0.3633
3.38921,0.0265489,-0.370079,0.173157,0.3633
3.38946,-0.105118,1,0.00995364,0.3633
3.38971,-0.38657,1,-0.316149,0.3633
3.38996,-0.626286,1,-0.626873,0.3633
3.39021,-0.557107,1,-0.634983,0.3633
3.39046,-0.151308,1,-0.272338,0.3633
3.39071,0.313961,-1,0.182738,0.3633
3.39096,0.525653,-1,0.412957,0.3633
3.39121,0.439293,-1,0.369219,0.3633
3.39146,0.269153,-1,0.265221,0.3633
3.39171,0.197856,-1,0.2425,0.3633
3.39196,0.163592,-1,0.225641,0.3633
3.39221,-0.0224715,1,0.0431479,0.3633
3.39246,-0.379403,1,-0.347893,0.3633
3.39271,-0.661995,1,-0.676506,0.3633
3.39296,-0.600889,1,-0.669703,0.3633
3.39321,-0.204784,1,-0.308626,0.3633
3.39346,0.229284,0.370079,0.119296,0.3633
3.39371,0.421742,-1,0.336412,0.3633
3.39396,0.372425,-1,0.345541,0.3633
3.39421,0.293711,-1,0.329361,0.3633
3.39446,0.30818,-1,0.403226,0.3633
3.39471,0.293548,-1,0.430888,0.3633
3.39496,0.0601963,1,0.19669,0.3633
3.39521,-0.3577,1,-0.247545,0.3633
3.39546,-0.671008,1,-0.614561,0.3633
3.39571,-0.6192,1,-0.632299,0.3633
3.39596,-0.249177,1,-0.318819,0.3633
3.39621,0.136619,1,0.0396089,0.3633
3.39647,0.30082,-1,0.217967,0.3633
3.39672,0.290495,-1,0.237391,0.3633
3.39697,0.306485,-1,0.30259,0.3633
3.39722,0.405845,-1,0.463227,0.3633
3.39747,0.410918,-1,0.514954,0.3633
3.39772,0.139515,-0.102362,0.254795,0.3633
3.39797,-0.322089,1,-0.235028,0.3633
3.39822,-0.653111,1,-0.609397,0.3633
3.39847,-0.611895,1,-0.626206,0.3633
3.39872,-0.282762,1,-0.362338,0.3633
3.39897,0.0379838,1,-0.0686674,0.3633
3.39922,0.167917,-0.433071,0.0597908,0.3633
3.39947,0.197388,-1,0.114836,0.3633
3.39972,0.307762,-1,0.275496,0.3633
3.39997,0.487839,-1,0.525564,0.3633
3.40022,0.511013,-1,0.598015,0.3633
3.40047,0.211497,-1,0.319139,0.3633
3.40072,-0.275209,1,-0.168988,0.3633
3.40097,-0.608649,1,-0.535137,0.3633
3.40122,-0.579336,1,-0.561183,0.3633
3.40147,-0.304277,1,-0.357065,0.3633
3.40172,-0.0619731,1,-0.163203,0.3633
3.40197,0.0280577,1,-0.089819,0.3633
3.40222,0.0971292,-1,-0.00254042,0.3633
3.40247,0.298285,-1,0.239991,0.3633
3.40272,0.550803,-1,0.560726,0.3633
3.40297,0.589933,-1,0.670879,0.3633
3.40322,0.273323,-1,0.398115,0.3633
3.40347,-0.21834,0.937008,-0.0745327,0.3633
3.40372,-0.539885,1,-0.419476,0.3633
3.40397,-0.52303,1,-0.452244,0.3633
3.40422,-0.314115,1,-0.300156,0.3633
3.40447,-0.160396,1,-0.201606,0.3633
3.40472,-0.113026,1,-0.175605,0.3633
3.40497,-0.00564222,-1,-0.062485,0.3633
3.40522,0.278498,-1,0.24139,0.3633
3.40547,0.592832,-1,0.602577,0.3633
3.40572,0.644116,-1,0.711128,0.3633
3.40597,0.322676,-1,0.417208,0.3633
3.40622,-0.153278,-0.716535,-0.0524024,0.3633
3.40647,-0.449149,1,-0.369512,0.3633
3.40672,-0.445907,1,-0.418193,0.3633
3.40697,-0.312517,1,-0.35052,0.3633
3.40722,-0.253569,1,-0.361864,0.3633
3.40747,-0.249381,1,-0.402122,0.3633
3.40772,-0.10577,-0.787402,-0.258556,0.3633
3.40797,0.250355,-1,0.127598,0.3633
3.40822,0.611367,-1,0.544138,0.3633
3.40847,0.671693,-1,0.674881,0.3633
3.40872,0.357806,-1,0.42337,0.3633
3.40897,-0.0820886,-1,0.0127689,0.3633
3.40922,-0.339945,1,-0.241192,0.3633
3.40947,-0.351313,1,-0.28013,0.3633
3.40972,-0.300655,1,-0.283341,0.3633
3.40997,-0.338803,1,-0.375459,0.3633
3.41022,-0.375018,1,-0.458476,0.3633
3.41047,-0.199248,0.677165,-0.289238,0.3633
3.41072,0.214944,-1,0.135711,0.3633
3.41097,0.606669,-1,0.565842,0.3633
3.41122,0.671616,-1,0.694282,0.3633
3.41147,0.378695,-1,0.463393,0.3633
3.41172,-0.00674429,-1,0.114463,0.3633
3.41197,-0.216284,0.0708661,-0.0903538,0.3633
3.41222,-0.244131,1,-0.144488,0.3633
3.41247,-0.279717,1,-0.235254,0.3633
3.41272,-0.413079,1,-0.434638,0.3633
3.41297,-0.485665,1,-0.568946,0.3633
3.41322,-0.282062,1,-0.397857,0.3633
3.41347,0.172909,-1,0.0549532,0.3633
3.41372,0.57781,-1,0.488376,0.3633
3.41397,0.643934,-1,0.606925,0.3633
3.41422,0.384388,-1,0.405552,0.3633
3.41447,0.0705258,-1,0.139112,0.3633
3.41472,-0.0837476,-1,0.00664049,0.3633
3.41497,-0.129257,1,-0.0486869,0.3633
3.41522,-0.251421,1,-0.206736,0.3633
3.41547,-0.472985,1,-0.480168,0.3633
3.41572,-0.576476,1,-0.651382,0.3633
3.41597,-0.351328,1,-0.463197,0.3633
3.41622,0.125761,-0.732283,-0.00193232,0.3633
3.41647,0.525962,-1,0.427684,0.3633
3.41672,0.590334,-1,0.540025,0.3633
3.41697,0.376296,-1,0.388723,0.3633
3.41722,0.146979,-1,0.206276,0.3633
3.41747,0.0531962,-1,0.137963,0.3633
3.41772,-0.0119074,1,0.0660345,0.3633
3.41797,-0.217312,1,-0.166494,0.3633
3.41822,-0.51665,1,-0.523448,0.3633
3.41847,-0.643412,1,-0.707853,0.3633
3.41872,-0.404196,1,-0.509585,0.3633
3.41897,0.0746953,0.84252,-0.0365163,0.3633
3.41922,0.452621,-1,0.363924,0.3633
3.41947,0.513214,-1,0.468426,0.3633
3.41972,0.355772,-1,0.380008,0.3633
3.41997,0.221743,-1,0.313844,0.3633
3.42022,0.189277,-1,0.330759,0.3633
3.42047,0.103145,0.370079,0.256949,0.3633
3.42072,-0.179275,1,-0.0542047,0.3633
3.42097,-0.542372,1,-0.465271,0.3633
3.42123,-0.683854,1,-0.681185,0.3633
3.42148,-0.439611,1,-0.499977,0.3633
3.42173,0.0209852,1,-0.069224,0.3633
3.42198,0.359914,-1,0.257625,0.3633
3.42223,0.41655,-1,0.341968,0.3633
3.42248,0.324617,-1,0.296426,0.3633
3.42273,0.291692,-1,0.316178,0.3633
3.42298,0.318652,-1,0.3869,0.3633
3.42323,0.210949,-1,0.292063,0.3633
3.42348,-0.138616,1,-0.0695575,0.3633
3.42373,-0.548528,1,-0.518457,0.3633
3.42398,-0.696407,1,-0.727344,0.3633
3.42423,-0.456474,1,-0.540566,0.3633
3.42448,-0.0352471,1,-0.16232,0.386677
3.42473,0.251861,0.0314961,0.120604,0.386677
3.42498,0.304678,-1,0.193805,0.386677
3.42523,0.285612,-1,0.227029,0.386677
3.42548,0.354646,-1,0.365521,0.386677
3.42573,0.43596,-1,0.517414,0.386677
3.42598,0.306436,-1,0.424153,0.386677
3.42623,-0.0963137,1,0.0268061,0.386677
3.42648,-0.534225,1,-0.431275,0.386677
3.42673,-0.680523,1,-0.632409,0.386677
3.42698,-0.455521,1,-0.469786,0.386677
3.42723,-0.0928369,1,-0.150926,0.386677
3.42748,0.131362,1,0.0495945,0.386677
3.42773,0.182989,-1,0.111793,0.386677
3.42798,0.241121,-1,0.200414,0.386677
3.42823,0.408936,-1,0.424981,0.386677
3.42848,0.53616,-1,0.605464,0.386677
3.42873,0.385695,-1,0.500089,0.386677
3.42898,-0.0537476,0.740157,0.0693356,0.386677
3.42923,-0.498895,1,-0.407459,0.386677
3.42948,-0.636871,1,-0.59578,0.386677
3.42973,-0.43815,1,-0.454824,0.386677
3.42998,-0.15033,1,-0.21836,0.386677
3.43023,0.00300517,1,-0.0853244,0.386677
3.43048,0.0563714,-1,-0.0285382,0.386677
3.43073,0.193482,-1,0.140578,0.386677
3.43098,0.451745,-1,0.458606,0.386677
3.43123,0.615059,-1,0.682158,0.386677
3.43148,0.447135,-1,0.553031,0.386677
3.43173,-0.0114709,-0.84252,0.0999489,0.386677
3.43198,-0.443878,1,-0.349191,0.386677
3.43223,-0.56772,1,-0.521625,0.386677
3.43248,-0.40654,1,-0.424885,0.386677
3.43273,-0.207492,1,-0.298764,0.386677
3.43298,-0.12766,1,-0.266574,0.386677
3.43323,-0.0689893,-0.244094,-0.215067,0.386677
3.43348,0.145104,-1,0.0163308,0.386677
3.43373,0.481477,-1,0.409162,0.386677
3.43398,0.669617,-1,0.66766,0.386677
3.43423,0.488261,-1,0.545465,0.386677
3.43448,0.0310095,-1,0.122854,0.386677
3.43473,-0.369283,1,-0.262841,0.386677
3.43498,-0.476518,1,-0.391785,0.386677
3.43523,-0.363572,1,-0.331604,0.386677
3.43548,-0.262821,1,-0.287818,0.386677
3.43573,-0.256011,1,-0.320174,0.386677
3.43598,-0.187832,1,-0.267491,0.386677
3.43623,0.0976659,-1,0.0334611,0.386677
3.43648,0.496077,-1,0.465816,0.386677
3.43673,0.696899,-1,0.729446,0.386677
3.43698,0.508129,-1,0.597795,0.386677
3.43723,0.0729979,-1,0.204833,0.386677
3.43748,-0.277611,0.15748,-0.141503,0.386677
3.43773,-0.366883,1,-0.26199,0.386677
3.43798,-0.312317,1,-0.256451,0.386677
3.43823,-0.315336,1,-0.329497,0.386677
3.43848,-0.376547,1,-0.45545,0.386677
3.43873,-0.294353,1,-0.405903,0.386677
3.43898,0.0533259,-1,-0.0692976,0.386677
3.43923,0.493935,-1,0.40253,0.386677
3.43948,0.695763,-1,0.654686,0.386677
3.43973,0.507703,-1,0.53642,0.386677
3.43998,0.115302,-1,0.190576,0.386677
3.44023,-0.171513,-1,-0.0790917,0.386677
3.44048,-0.244668,1,-0.163488,0.386677
3.44073,-0.256189,1,-0.20952,0.386677
3.44098,-0.363003,1,-0.378089,0.386677
3.44123,-0.484221,1,-0.563122,0.386677
3.44148,-0.385178,1,-0.50226,0.386677
3.44173,0.0117574,-0.905512,-0.109409,0.386677
3.44198,0.474155,-1,0.370587,0.386677
3.44223,0.666165,-1,0.612258,0.386677
3.44248,0.488311,-1,0.49624,0.386677
3.44273,0.157861,-1,0.213648,0.386677
3.44298,-0.0546597,-1,0.022832,0.386677
3.44323,-0.114842,1,-0.0384437,0.386677
3.44348,-0.19843,1,-0.153094,0.386677
3.44373,-0.404199,1,-0.418072,0.386677
3.44398,-0.573834,1,-0.644573,0.386677
3.44423,-0.456325,1,-0.560056,0.386677
3.44448,-0.0260115,0.637795,-0.140429,0.386677
3.44473,0.43539,-1,0.339759,0.386677
3.44498,0.609162,-1,0.565037,0.386677
3.44523,0.452891,-1,0.482464,0.386677
3.44548,0.201257,-1,0.295293,0.386677
3.44573,0.0688554,-1,0.210056,0.386677
3.44599,0.015935,0.377953,0.161029,0.386677
3.44624,-0.142,1,-0.0165695,0.386677
3.44649,-0.436982,1,-0.368241,0.386677
3.44674,-0.641379,1,-0.643807,0.386677
3.44699,-0.505986,1,-0.571824,0.386677
3.44724,-0.0616231,1,-0.158739,0.386677
3.44749,0.37793,-1,0.270585,0.386677
3.44774,0.527737,-1,0.442601,0.386677
3.44799,0.404753,-1,0.378277,0.386677
3.44824,0.245339,-1,0.272999,0.386677
3.44849,0.194094,-1,0.264902,0.386677
3.44874,0.14211,-0.984252,0.224481,0.386677
3.44899,-0.0893472,1,-0.0161537,0.386677
3.44924,-0.458737,1,-0.426738,0.386677
3.44949,-0.683627,1,-0.706377,0.386677
3.44974,-0.532593,1,-0.613492,0.386677
3.44999,-0.0944141,1,-0.220567,0.386677
3.45024,0.302527,-0.582677,0.173658,0.386677
3.45049,0.425566,-1,0.314918,0.386677
3.45074,0.34729,-1,0.288748,0.386677
3.45099,0.289467,-1,0.302966,0.386677
3.45124,0.315854,-1,0.384894,0.386677
3.45149,0.257779,-1,0.357389,0.386677
3.45174,-0.0417585,1,0.0535314,0.386677
3.45199,-0.467553,1,-0.399719,0.386677
3.45224,-0.698032,1,-0.686135,0.386677
3.45249,-0.537057,1,-0.582658,0.386677
3.45274,-0.126135,1,-0.211111,0.386677
3.45299,0.210755,1,0.108855,0.386677
3.45324,0.307529,-1,0.220034,0.386677
3.45349,0.285198,-1,0.241775,0.386677
3.45374,0.33259,-1,0.350084,0.386677
3.45399,0.429122,-1,0.513338,0.386677
3.45424,0.357988,-1,0.495653,0.386677
3.45449,-9.80131e-05,1,0.142605,0.386677
3.45474,-0.460737,1,-0.336523,0.386677
3.45499,-0.683673,1,-0.609777,0.386677
3.45524,-0.520824,1,-0.521003,0.386677
3.45549,-0.158472,1,-0.208627,0.386677
3.45574,0.104894,1,0.0334446,0.386677
3.45599,0.179123,-1,0.10891,0.386677
3.45624,0.221802,-1,0.183896,0.386677
3.45649,0.373441,-1,0.378226,0.386677
3.45674,0.527818,-1,0.585912,0.386677
3.45699,0.438619,-1,0.541308,0.386677
3.45724,0.0349633,-0.110236,0.142079,0.386677
3.45749,-0.436819,1,-0.355694,0.386677
3.45774,-0.640942,1,-0.612351,0.386677
3.45799,-0.48648,1,-0.512984,0.386677
3.45824,-0.192566,1,-0.286513,0.386677
3.45849,-0.0112815,1,-0.135003,0.386677
3.45874,0.0465451,-0.88189,-0.0739967,0.386677
3.45899,0.161003,-1,0.0695537,0.386677
3.45924,0.409608,-1,0.371313,0.386677
3.45949,0.607688,-1,0.636326,0.386677
3.45974,0.49708,-1,0.579824,0.386677
3.45999,0.0652789,-1,0.170373,0.386677
3.46024,-0.395122,1,-0.297573,0.386677
3.46049,-0.571986,1,-0.5152,0.386677
3.46074,-0.438453,1,-0.436726,0.386677
3.46099,-0.229141,1,-0.29682,0.386677
3.46124,-0.133139,1,-0.242868,0.386677
3.46149,-0.0835571,0.519685,-0.207971,0.386677
3.46174,0.105392,-1,-0.000841726,0.386677
3.46199,0.438806,-1,0.382488,0.386677
3.46224,0.663893,-1,0.672866,0.386677
3.46249,0.531771,-1,0.60138,0.386677
3.46274,0.0918274,-1,0.204695,0.386677
3.46299,-0.334142,1,-0.204485,0.386677
3.46324,-0.479121,1,-0.377247,0.386677
3.46349,-0.380288,1,-0.319883,0.386677
3.46374,-0.268676,1,-0.272606,0.386677
3.46399,-0.255603,1,-0.302485,0.386677
3.46424,-0.204356,1,-0.279106,0.386677
3.46449,0.0572995,-1,-0.0037885,0.386677
3.46474,0.457959,-1,0.421894,0.386677
3.46499,0.693517,-1,0.707916,0.386677
3.46524,0.542881,-1,0.619173,0.386677
3.46549,0.116886,-1,0.226223,0.386677
3.46574,-0.254915,-1,-0.136241,0.386677
3.46599,-0.368224,1,-0.278996,0.386677
3.46624,-0.317081,1,-0.282436,0.386677
3.46649,-0.310674,1,-0.34,0.386677
3.46674,-0.373591,1,-0.48218,0.386677
3.46699,-0.311567,1,-0.465808,0.386677
3.46724,0.0174661,-1,-0.149474,0.386677
3.46749,0.463837,-1,0.32346,0.386677
3.46774,0.694281,-1,0.607269,0.386677
3.46799,0.532236,-1,0.508229,0.386677
3.46824,0.142752,-1,0.183836,0.386677
3.46849,-0.159074,-1,-0.088313,0.386677
3.46874,-0.243808,1,-0.175154,0.386677
3.46899,-0.253229,1,-0.198007,0.386677
3.46924,-0.353875,1,-0.34857,0.386677
3.46949,-0.480724,1,-0.522334,0.386677
3.46974,-0.399518,1,-0.480297,0.386677
3.46999,-0.0150376,0.0472441,-0.0985077,0.386677
3.47024,0.454206,-1,0.393907,0.386677
3.47049,0.665941,-1,0.650465,0.386677
3.47075,0.502875,-1,0.540034,0.386677
3.471,0.171698,-1,0.263722,0.386677
3.47125,-0.049536,-1,0.0727235,0.386677
3.4715,-0.113275,1,0.00333768,0.386677
3.47175,-0.192785,1,-0.117031,0.386677
3.472,-0.396047,1,-0.374874,0.386677
3.47225,-0.57172,1,-0.622778,0.386677
3.4725,-0.465439,1,-0.562464,0.386677
3.47275,-0.0406676,1,-0.155878,0.386677
3.473,0.425983,-1,0.321449,0.386677
3.47325,0.609582,-1,0.552386,0.386677
3.4735,0.45829,-1,0.457295,0.386677
3.47375,0.205262,-1,0.27611,0.386677
3.474,0.0697558,-1,0.193362,0.386677
3.47425,0.0171273,-0.283465,0.152512,0.386677
3.4745,-0.139303,1,-0.0211919,0.386677
3.47475,-0.434329,1,-0.365988,0.386677
3.475,-0.640996,1,-0.634927,0.386677
3.47525,-0.507285,1,-0.56726,0.386677
3.4755,-0.0623292,1,-0.17129,0.386677
3.47575,0.378086,-1,0.26512,0.386677
3.476,0.527862,-1,0.428843,0.386677
3.47625,0.403604,-1,0.351523,0.386677
3.4765,0.244546,-1,0.250133,0.386677
3.47675,0.194034,-1,0.242115,0.386677
3.477,0.140452,-1,0.209872,0.386677
3.47725,-0.0941781,1,-0.0344116,0.386677
3.4775,-0.465025,1,-0.441956,0.386677
3.47775,-0.684583,1,-0.711292,0.386677
3.478,-0.525009,1,-0.6109,0.386677
3.47825,-0.0822173,1,-0.198907,0.386677
3.4785,0.309492,-0.0551181,0.189728,0.386677
3.47875,0.425215,-1,0.334035,0.386677
3.479,0.344009,-1,0.299768,0.386677
3.47925,0.289365,-1,0.31188,0.386677
3.4795,0.316814,-1,0.404547,0.386677
3.47975,0.251061,-1,0.378839,0.386677
3.48,-0.0586744,1,0.0686918,0.386677
3.48025,-0.483906,1,-0.389429,0.386677
3.4805,-0.699446,1,-0.664108,0.386677
3.48075,-0.52036,1,-0.545428,0.386677
3.481,-0.104597,1,-0.17991,0.386677
3.48125,0.221894,1,0.122878,0.386677
3.4815,0.307366,-1,0.224134,0.386677
3.48175,0.284748,-1,0.233916,0.386677
3.482,0.338681,-1,0.344696,0.386677
3.48225,0.431929,-1,0.5031,0.386677
3.4825,0.343206,-1,0.451558,0.386677
3.48275,-0.0318501,1,0.0918819,0.386677
3.483,-0.48753,1,-0.389778,0.386677
3.48325,-0.68444,1,-0.629871,0.386677
3.4835,-0.496671,1,-0.502844,0.386677
3.48375,-0.131768,1,-0.186534,0.386677
3.484,0.116692,1,0.0490016,0.386677
3.48425,0.180793,-1,0.115064,0.386677
3.4845,0.229976,-1,0.194747,0.386677
3.48475,0.390096,-1,0.40994,0.386677
3.485,0.533102,-1,0.613444,0.386677
3.48525,0.413057,-1,0.523413,0.386677
3.4855,-0.0118228,-0.275591,0.102497,0.386677
3.48575,-0.472632,1,-0.378922,0.386677
3.486,-0.639965,1,-0.595803,0.386677
3.48625,-0.458238,1,-0.483152,0.386677
3.4865,-0.166043,1,-0.263466,0.386677
3.48675,-0.00136372,1,-0.132881,0.386677
3.487,0.0528595,-1,-0.0864488,0.386677
3.48725,0.18302,-1,0.075941,0.386677
3.4875,0.440235,-1,0.387707,0.386677
3.48775,0.613978,-1,0.630451,0.386677
3.488,0.459248,-1,0.523367,0.386677
3.48825,0.00372965,-1,0.0899992,0.386677
3.4885,-0.436126,1,-0.348628,0.386677
3.48875,-0.568883,1,-0.5211,0.386677
3.489,-0.409987,1,-0.414633,0.386677
3.48925,-0.20905,1,-0.272069,0.386677
3.4895,-0.127962,1,-0.235364,0.386677
3.48975,-0.0693744,0.370079,-0.186196,0.386677
3.49,0.146098,-1,0.0547571,0.386677
3.49025,0.484016,-1,0.435843,0.386677
3.4905,0.669779,-1,0.689598,0.386677
3.49075,0.48143,-1,0.566233,0.386677
3.491,0.0195964,-1,0.142397,0.386677
3.49125,-0.376419,1,-0.251744,0.386677
3.4915,-0.474956,1,-0.376341,0.386677
3.49175,-0.358384,1,-0.307491,0.386677
3.492,-0.261045,1,-0.277842,0.386677
3.49225,-0.255809,1,-0.321509,0.386677
3.4925,-0.178512,1,-0.259806,0.386677
3.49275,0.119846,-1,0.038867,0.386677
3.493,0.517177,-1,0.477318,0.386677
3.49325,0.69676,-1,0.708781,0.386677
3.4935,0.481738,-1,0.554469,0.386677
3.49375,0.0393456,-1,0.145102,0.386677
3.494,-0.294479,-0.149606,-0.173861,0.386677
3.49425,-0.364385,1,-0.264396,0.386677
3.4945,-0.308159,1,-0.258233,0.386677
3.49475,-0.320754,1,-0.336254,0.386677
3.495,-0.37843,1,-0.463454,0.386677
3.49525,-0.270067,1,-0.383661,0.386677
3.49551,0.102594,-1,-0.0197758,0.386677
3.49576,0.534811,-1,0.436108,0.386677
3.49601,0.693113,-1,0.653974,0.386677
3.49626,0.463629,-1,0.481512,0.386677
3.49651,0.0671632,-1,0.131995,0.386677
3.49676,-0.19236,-1,-0.0997856,0.386677
3.49701,-0.244481,1,-0.160367,0.386677
3.49726,-0.264497,1,-0.224852,0.386677
3.49751,-0.385325,1,-0.399143,0.386677
3.49776,-0.488685,1,-0.566753,0.386677
3.49801,-0.340026,1,-0.456883,0.386677
3.49826,0.0916866,-1,-0.0346957,0.386677
3.49851,0.532004,-1,0.431303,0.386677
3.49876,0.659166,-1,0.608459,0.386677
3.49901,0.431936,-1,0.438379,0.386677
3.49926,0.105594,-1,0.165684,0.386677
3.49951,-0.073839,-1,0.00740101,0.386677
3.49976,-0.123129,1,-0.0564329,0.386677
3.50001,-0.230285,1,-0.195228,0.386677
3.50026,-0.45,1,-0.46806,0.386677
3.50051,-0.578945,1,-0.651165,0.386677
3.50076,-0.386307,1,-0.499287,0.386677
3.50101,0.0831785,0.440945,-0.0316169,0.386677
3.50126,0.505184,-1,0.41112,0.386677
3.50151,0.597259,-1,0.55566,0.386677
3.50176,0.392999,-1,0.416049,0.386677
3.50201,0.156662,-1,0.247584,0.386677
3.50226,0.055411,-1,0.192698,0.386677
3.50251,-0.00698596,1,0.132411,0.386677
3.50276,-0.207705,1,-0.0937586,0.386677
3.50301,-0.509331,1,-0.445519,0.386677
3.50326,-0.644235,1,-0.65364,0.386677
3.50351,-0.409154,1,-0.469761,0.386677
3.50376,0.0718026,1,-0.00988523,0.386677
3.50401,0.452834,-1,0.377896,0.386677
3.50426,0.512507,-1,0.459728,0.386677
3.50451,0.352735,-1,0.353617,0.386677
3.50476,0.220022,-1,0.279854,0.386677
3.50501,0.188628,-1,0.284444,0.386677
3.50526,0.0964629,-0.0866142,0.203178,0.386677
3.50551,-0.195807,1,-0.110665,0.386677
3.50576,-0.557837,1,-0.518418,0.386677
3.50601,-0.6801,1,-0.699489,0.386677
3.50626,-0.412034,1,-0.49251,0.386677
3.50651,0.0538683,1,-0.0570651,0.386677
3.50676,0.375184,-1,0.263586,0.386677
3.50701,0.410938,-1,0.32217,0.386677
3.50726,0.316849,-1,0.283994,0.386677
3.50751,0.294163,-1,0.324119,0.386677
3.50776,0.317062,-1,0.401091,0.386677
3.50801,0.181726,-1,0.282233,0.386677
3.50826,-0.193003,1,-0.104836,0.386677
3.50851,-0.589014,1,-0.540302,0.386677
3.50876,-0.6848,1,-0.698664,0.386677
3.50901,-0.398113,1,-0.468615,0.386677
3.50926,0.0234381,1,-0.0969897,0.386677
3.50951,0.27421,-0.0708661,0.141243,0.386677
3.50976,0.300577,-1,0.187989,0.386677
3.51001,0.289995,-1,0.228905,0.386677
3.51026,0.374519,-1,0.380735,0.386677
3.51051,0.433413,-1,0.502858,0.386677
3.51076,0.245227,-1,0.351259,0.386677
3.51101,-0.194378,1,-0.0885428,0.386677
3.51126,-0.597312,1,-0.514986,0.386677
3.51151,-0.658669,1,-0.629482,0.386677
3.51176,-0.373853,1,-0.3984,0.386677
3.51201,-0.0220547,1,-0.0940586,0.386677
3.51226,0.154418,1,0.072385,0.386677
3.51251,0.188882,-1,0.114263,0.386677
3.51276,0.275002,-1,0.238347,0.386677
3.51301,0.456375,-1,0.479125,0.386677
3.51326,0.529446,-1,0.613946,0.386677
3.51351,0.285716,-1,0.410476,0.386677
3.51376,-0.196075,1,-0.0614772,0.386677
3.51401,-0.578748,1,-0.473349,0.386677
3.51426,-0.60517,1,-0.545199,0.386677
3.51451,-0.345804,1,-0.353605,0.386677
3.51476,-0.0842429,1,-0.146959,0.386677
3.51501,0.0223712,1,-0.0628006,0.386677
3.51526,0.0843477,-1,0.00981588,0.386677
3.51551,0.272449,-1,0.233014,0.386677
3.51576,0.532998,-1,0.538142,0.386677
3.51601,0.599834,-1,0.668714,0.386677
3.51626,0.304827,-1,0.407505,0.386677
3.51651,-0.190501,-0.102362,-0.0807744,0.386677
3.51676,-0.531679,1,-0.441899,0.386677
3.51701,-0.529053,1,-0.489132,0.386677
3.51726,-0.32074,1,-0.344656,0.386677
3.51751,-0.162303,1,-0.243925,0.386677
3.51776,-0.113678,1,-0.229036,0.386677
3.51801,-0.00598952,-1,-0.126246,0.386677
3.51826,0.281178,-1,0.184525,0.386677
3.51851,0.596325,-1,0.558919,0.386677
3.51876,0.640203,-1,0.671098,0.386677
3.51901,0.30625,-1,0.381225,0.386677
3.51926,-0.172892,-1,-0.07746,0.386677
3.51951,-0.456329,1,-0.370908,0.386677
3.51976,-0.438257,1,-0.389435,0.386677
3.52002,-0.304226,1,-0.312324,0.386677
3.52027,-0.253329,1,-0.328069,0.386677
3.52052,-0.244534,1,-0.361733,0.386677
3.52077,-0.0774082,-0.669291,-0.202935,0.386677
3.52102,0.297088,-1,0.194951,0.386677
3.52127,0.639861,-1,0.585017,0.386677
3.52152,0.649042,-1,0.652804,0.386677
3.52177,0.295341,-1,0.352049,0.386677
3.52202,-0.138292,-1,-0.0494451,0.386677
3.52227,-0.355541,1,-0.272647,0.386677
3.52252,-0.340745,1,-0.290514,0.386677
3.52277,-0.30015,1,-0.305182,0.386677
3.52302,-0.352404,1,-0.415028,0.386677
3.52327,-0.362073,1,-0.461993,0.386677
3.52352,-0.12714,0.543307,-0.235204,0.386677
3.52377,0.315111,-1,0.233536,0.386677
3.52402,0.657202,-1,0.618886,0.386677
3.52427,0.627648,-1,0.65561,0.386677
3.52452,0.278273,-1,0.370432,0.38135
3.52477,-0.0831565,-1,0.0446299,0.38135
3.52502,-0.235393,0.787402,-0.105123,0.38135
3.52527,-0.245143,1,-0.133966,0.38135
3.52552,-0.310472,1,-0.259332,0.38135
3.52577,-0.452192,1,-0.460586,0.38135
3.52602,-0.458466,1,-0.525071,0.38135
3.52627,-0.155505,1,-0.245952,0.38135
3.52652,0.327551,-1,0.23554,0.38135
3.52677,0.644438,-1,0.588034,0.38135
3.52702,0.580343,-1,0.573535,0.38135
3.52727,0.263961,-1,0.323227,0.38135
3.52752,-0.00742115,-1,0.0929239,0.38135
3.52777,-0.103045,-0.456693,0.00703577,0.38135
3.52802,-0.159688,1,-0.0747349,0.38135
3.52827,-0.334582,1,-0.292002,0.38135
3.52852,-0.544418,1,-0.560589,0.38135
3.52877,-0.52741,1,-0.607842,0.38135
3.52902,-0.165478,1,-0.280768,0.38135
3.52927,0.328147,-1,0.200744,0.38135
3.52952,0.600099,-1,0.501067,0.38135
3.52977,0.514057,-1,0.464947,0.38135
3.53002,0.25772,-1,0.275727,0.38135
3.53027,0.0878833,-1,0.154733,0.38135
3.53052,0.0314533,-1,0.117156,0.38135
3.53077,-0.0905391,1,-0.0178187,0.38135
3.53102,-0.368646,1,-0.326496,0.38135
3.53127,-0.620496,1,-0.630882,0.38135
3.53152,-0.565605,1,-0.632877,0.38135
3.53177,-0.161858,1,-0.270466,0.38135
3.53202,0.310782,-0.566929,0.195768,0.38135
3.53227,0.525353,-1,0.424474,0.38135
3.53252,0.436671,-1,0.385738,0.38135
3.53277,0.265687,-1,0.283954,0.38135
3.53302,0.197001,-1,0.260442,0.38135
3.53327,0.159109,-1,0.248809,0.38135
3.53352,-0.0414965,1,0.0444645,0.38135
3.53377,-0.40755,1,-0.348671,0.38135
3.53402,-0.672857,1,-0.669903,0.38135
3.53427,-0.573229,1,-0.627733,0.38135
3.53452,-0.151608,1,-0.248138,0.38135
3.53477,0.269536,0.80315,0.16303,0.38135
3.53502,0.425809,-1,0.337146,0.38135
3.53527,0.357386,-1,0.309847,0.38135
3.53552,0.290099,-1,0.312113,0.38135
3.53577,0.313808,-1,0.401567,0.38135
3.53602,0.270365,-1,0.398451,0.38135
3.53627,-0.013167,1,0.127357,0.38135
3.53652,-0.442708,1,-0.325763,0.38135
3.53677,-0.695121,1,-0.629458,0.38135
3.53702,-0.552979,1,-0.552659,0.38135
3.53727,-0.14382,1,-0.196326,0.38135
3.53752,0.202849,1,0.125077,0.38135
3.53777,0.307163,-1,0.235283,0.38135
3.53802,0.285244,-1,0.238453,0.38135
3.53827,0.33136,-1,0.337437,0.38135
3.53852,0.428534,-1,0.493772,0.38135
3.53877,0.357509,-1,0.459045,0.38135
3.53902,-0.00454489,0.582677,0.100744,0.38135
3.53927,-0.466819,1,-0.380273,0.38135
3.53952,-0.684146,1,-0.646388,0.38135
3.53977,-0.511143,1,-0.535177,0.38135
3.54002,-0.145389,1,-0.224155,0.38135
3.54027,0.111571,1,0.0140685,0.38135
3.54052,0.179998,-1,0.0905619,0.38135
3.54077,0.227261,-1,0.16872,0.38135
3.54102,0.386028,-1,0.389089,0.38135
3.54127,0.532331,-1,0.596686,0.38135
3.54152,0.416254,-1,0.520781,0.38135
3.54177,-0.00873056,-0.669291,0.108079,0.38135
3.54202,-0.471944,1,-0.367593,0.38135
3.54227,-0.640051,1,-0.582887,0.38135
3.54252,-0.455906,1,-0.467422,0.38135
3.54277,-0.162688,1,-0.248865,0.38135
3.54302,-0.000263875,1,-0.126892,0.38135
3.54327,0.054271,-0.92126,-0.0858652,0.38135
3.54352,0.188689,-1,0.0711001,0.38135
3.54377,0.448523,-1,0.381658,0.38135
3.54402,0.615137,-1,0.609152,0.38135
3.54427,0.44486,-1,0.498543,0.38135
3.54452,-0.0197554,-1,0.0557296,0.38135
3.54478,-0.451362,1,-0.381227,0.38135
3.54503,-0.566007,1,-0.524666,0.38135
3.54528,-0.396436,1,-0.408742,0.38135
3.54553,-0.199749,1,-0.259948,0.38135
3.54578,-0.125292,1,-0.222288,0.38135
3.54603,-0.0596507,0.141732,-0.161959,0.38135
3.54628,0.171183,-1,0.0875779,0.38135
3.54653,0.509783,-1,0.473694,0.38135
3.54678,0.669459,-1,0.701355,0.38135
3.54703,0.445686,-1,0.531967,0.38135
3.54728,-0.0279043,-1,0.0988256,0.38135
3.54753,-0.401526,1,-0.276202,0.38135
3.54778,-0.4687,1,-0.371519,0.38135
3.54803,-0.342752,1,-0.310163,0.38135
3.54828,-0.257349,1,-0.286757,0.38135
3.54853,-0.254774,1,-0.33797,0.38135
3.54878,-0.153527,1,-0.256077,0.38135
3.54903,0.172463,-1,0.0866898,0.38135
3.54928,0.561471,-1,0.503812,0.38135
3.54953,0.690147,-1,0.694284,0.38135
3.54978,0.423574,-1,0.490981,0.38135
3.55003,-0.0247943,-1,0.0876266,0.38135
3.55028,-0.322198,0.472441,-0.195416,0.38135
3.55053,-0.357866,1,-0.257867,0.38135
3.55078,-0.3027,1,-0.247359,0.38135
3.55103,-0.332093,1,-0.340349,0.38135
3.55128,-0.377806,1,-0.433639,0.38135
3.55153,-0.221018,1,-0.306613,0.38135
3.55178,0.187825,-1,0.105503,0.38135
3.55203,0.593892,-1,0.538219,0.38135
3.55228,0.676088,-1,0.669886,0.38135
3.55253,0.387593,-1,0.436722,0.38135
3.55278,-0.00357074,-1,0.0853979,0.38135
3.55303,-0.217125,-0.732283,-0.11195,0.38135
3.55328,-0.244048,1,-0.158499,0.38135
3.55353,-0.282065,1,-0.24834,0.38135
3.55378,-0.418333,1,-0.444097,0.38135
3.55403,-0.483464,1,-0.56947,0.38135
3.55428,-0.25952,1,-0.39254,0.38135
3.55453,0.208864,-1,0.0722918,0.38135
3.55478,0.598991,-1,0.483803,0.38135
3.55503,0.629771,-1,0.575465,0.38135
3.55528,0.347096,-1,0.357043,0.38135
3.55553,0.0414407,-1,0.102532,0.38135
3.55578,-0.0924059,-1,-0.0118158,0.38135
3.55603,-0.138894,1,-0.0651478,0.38135
3.55628,-0.282948,1,-0.236733,0.38135
3.55653,-0.506634,1,-0.508735,0.38135
3.55678,-0.562367,1,-0.622915,0.38135
3.55703,-0.270564,1,-0.376262,0.38135
3.55728,0.226186,-0.795276,0.111779,0.38135
3.55753,0.571754,-1,0.48697,0.38135
3.55778,0.557347,-1,0.521032,0.38135
3.55803,0.312401,-1,0.334911,0.38135
3.55828,0.110744,-1,0.177814,0.38135
3.55853,0.0418447,-1,0.129293,0.38135
3.55878,-0.051435,1,0.021979,0.38135
3.55903,-0.303909,1,-0.259305,0.38135
3.55928,-0.586419,1,-0.603292,0.38135
3.55953,-0.608776,1,-0.680985,0.38135
3.55978,-0.259533,1,-0.377807,0.38135
3.56003,0.230499,0.496063,0.108517,0.38135
3.56028,0.510932,-1,0.40974,0.38135
3.56053,0.468623,-1,0.417426,0.38135
3.56078,0.292646,-1,0.307835,0.38135
3.56103,0.202032,-1,0.290629,0.38135
3.56128,0.173554,-1,0.305669,0.38135
3.56153,0.0117288,1,0.153337,0.38135
3.56178,-0.338583,1,-0.225231,0.38135
3.56203,-0.647554,1,-0.581083,0.38135
3.56228,-0.620027,1,-0.625478,0.38135
3.56253,-0.235343,1,-0.284491,0.38135
3.56278,0.212142,1,0.133289,0.38135
3.56303,0.419974,-1,0.345583,0.38135
3.56328,0.374613,-1,0.327915,0.38135
3.56353,0.29387,-1,0.305596,0.38135
3.56378,0.308435,-1,0.374762,0.38135
3.56403,0.291066,-1,0.394346,0.38135
3.56428,0.0468804,0.818898,0.156785,0.38135
3.56453,-0.379216,1,-0.289215,0.38135
3.56478,-0.680331,1,-0.64583,0.38135
3.56503,-0.598304,1,-0.617882,0.38135
3.56528,-0.208075,1,-0.280114,0.38135
3.56553,0.166963,1,0.0813075,0.38135
3.56578,0.305327,-1,0.225429,0.38135
3.56603,0.287251,-1,0.245524,0.38135
3.56628,0.31854,-1,0.329796,0.38135
3.56653,0.419956,-1,0.498272,0.38135
3.56678,0.384132,-1,0.496105,0.38135
3.56703,0.0556411,-0.275591,0.184814,0.38135
3.56728,-0.414488,1,-0.316187,0.38135
3.56753,-0.678932,1,-0.627609,0.38135
3.56778,-0.549531,1,-0.567677,0.38135
3.56803,-0.188851,1,-0.265911,0.38135
3.56828,0.0923987,1,-0.0330563,0.38135
3.56853,0.177414,-1,0.0507063,0.38135
3.56878,0.216817,-1,0.112638,0.38135
3.56903,0.364393,-1,0.310688,0.38135
3.56928,0.524958,-1,0.531879,0.38135
3.56954,0.445539,-1,0.502101,0.38135
3.56979,0.0437487,-1,0.12559,0.38135
3.57004,-0.434006,1,-0.356828,0.38135
3.57029,-0.640882,1,-0.602718,0.38135
3.57054,-0.483559,1,-0.497374,0.38135
3.57079,-0.186989,1,-0.25488,0.38135
3.57104,-0.00853878,1,-0.118164,0.38135
3.57129,0.048557,-0.314961,-0.0716316,0.38135
3.57154,0.170339,-1,0.0800942,0.38135
3.57179,0.425341,-1,0.377794,0.38135
3.57204,0.611979,-1,0.630943,0.38135
3.57229,0.472926,-1,0.548034,0.38135
3.57254,0.0208784,-1,0.124475,0.38135
3.57279,-0.427609,1,-0.325322,0.38135
3.57304,-0.569503,1,-0.496304,0.38135
3.57329,-0.412597,1,-0.39147,0.38135
3.57354,-0.209672,1,-0.259188,0.38135
3.57379,-0.127806,1,-0.216424,0.38135
3.57404,-0.0680479,0.645669,-0.174233,0.38135
3.57429,0.151464,-1,0.0620683,0.38135
3.57454,0.491676,-1,0.449101,0.38135
3.57479,0.670007,-1,0.687013,0.38135
3.57504,0.467217,-1,0.539007,0.38135
3.57529,-0.00205053,-1,0.112415,0.38135
3.57554,-0.38969,1,-0.267572,0.38135
3.57579,-0.472032,1,-0.371744,0.38135
3.57604,-0.348998,1,-0.298936,0.38135
3.57629,-0.258636,1,-0.268459,0.38135
3.57654,-0.255554,1,-0.3103,0.38135
3.57679,-0.161491,1,-0.237418,0.38135
3.57704,0.157847,-1,0.0903156,0.38135
3.57729,0.551088,-1,0.512769,0.38135
3.57754,0.692373,-1,0.705329,0.38135
3.57779,0.435554,-1,0.513012,0.38135
3.57804,-0.0134959,-1,0.103243,0.38135
3.57829,-0.318547,0.244094,-0.202415,0.38135
3.57854,-0.359078,1,-0.263592,0.38135
3.57879,-0.303274,1,-0.260556,0.38135
3.57904,-0.330885,1,-0.346694,0.38135
3.57929,-0.378259,1,-0.455659,0.38135
3.57954,-0.224818,1,-0.336865,0.38135
3.57979,0.183188,-1,0.0707933,0.38135
3.58004,0.591679,-1,0.518692,0.38135
3.58029,0.676789,-1,0.654538,0.38135
3.58054,0.388622,-1,0.432634,0.38135
3.58079,-0.0031053,-1,0.0828066,0.38135
3.58104,-0.216947,-0.84252,-0.118717,0.38135
3.58129,-0.244438,1,-0.153387,0.38135
3.58154,-0.282738,1,-0.237722,0.38135
3.58179,-0.419429,1,-0.436444,0.38135
3.58204,-0.482569,1,-0.563346,0.38135
3.58229,-0.254432,1,-0.376959,0.38135
3.58254,0.216538,-1,0.0870272,0.38135
3.58279,0.603147,-1,0.495113,0.38135
3.58304,0.626241,-1,0.566958,0.38135
3.58329,0.339015,-1,0.346629,0.38135
3.58354,0.0356493,-1,0.0923911,0.38135
3.58379,-0.0933983,-1,-0.0146561,0.38135
3.58404,-0.141056,1,-0.0733691,0.38135
3.58429,-0.289907,1,-0.250608,0.38135
3.58454,-0.512935,1,-0.523067,0.38135
3.58479,-0.557989,1,-0.632243,0.38135
3.58504,-0.252938,1,-0.363039,0.38135
3.58529,0.246274,-0.362205,0.133362,0.38135
3.58554,0.578934,-1,0.4922,0.38135
3.58579,0.548836,-1,0.512941,0.38135
3.58604,0.299674,-1,0.320086,0.38135
3.58629,0.104703,-1,0.184064,0.38135
3.58654,0.0395913,-1,0.145596,0.38135
3.58679,-0.0607282,1,0.0458196,0.38135
3.58704,-0.32204,1,-0.249102,0.38135
3.58729,-0.597921,1,-0.578164,0.38135
3.58754,-0.596954,1,-0.647505,0.38135
3.58779,-0.227808,1,-0.323853,0.38135
3.58804,0.258817,-0.0866142,0.148586,0.38135
3.58829,0.517904,-1,0.429847,0.38135
3.58854,0.456994,-1,0.403241,0.38135
3.58879,0.2816,-1,0.288455,0.38135
3.58904,0.199652,-1,0.258905,0.38135
3.58929,0.168091,-1,0.256072,0.38135
3.58954,-0.0111498,1,0.0836378,0.38135
3.58979,-0.371036,1,-0.311317,0.38135
3.59004,-0.661361,1,-0.652308,0.38135
3.59029,-0.597699,1,-0.643154,0.38135
3.59054,-0.191402,1,-0.277143,0.38135
3.59079,0.244556,0.826772,0.144282,0.38135
3.59104,0.42428,-1,0.347854,0.38135
3.59129,0.364519,-1,0.329262,0.38135
3.59154,0.29115,-1,0.320696,0.38135
3.59179,0.311879,-1,0.402753,0.38135
3.59204,0.277846,-1,0.411036,0.38135
3.59229,0.00558034,1,0.142887,0.38135
3.59254,-0.425145,1,-0.308722,0.38135
3.59279,-0.692178,1,-0.632194,0.38135
3.59304,-0.564207,1,-0.56513,0.38135
3.59329,-0.156635,1,-0.214577,0.38135
3.59354,0.196933,1,0.120552,0.38135
3.59379,0.307217,-1,0.235034,0.38135
3.59404,0.285197,-1,0.236828,0.38135
3.5943,0.33019,-1,0.338183,0.38135
3.59455,0.428459,-1,0.495438,0.38135
3.5948,0.357757,-1,0.456554,0.38135
3.59505,-0.00580747,1,0.101187,0.38135
3.5953,-0.470066,1,-0.378674,0.38135
3.59555,-0.684299,1,-0.64218,0.38135
3.5958,-0.505808,1,-0.526129,0.38135
3.59605,-0.137379,1,-0.203423,0.38135
3.5963,0.115199,1,0.0358043,0.38135
3.59655,0.180411,-1,0.113868,0.38135
3.5968,0.231037,-1,0.195956,0.38135
3.59705,0.394049,-1,0.420384,0.38135
3.5973,0.534373,-1,0.617211,0.38135
3.59755,0.401319,-1,0.52919,0.38135
3.5978,-0.0369809,0.188976,0.0931308,0.38135
3.59805,-0.492664,1,-0.387637,0.38135
3.5983,-0.637221,1,-0.590743,0.38135
3.59855,-0.435391,1,-0.454157,0.38135
3.5988,-0.144661,1,-0.223974,0.38135
3.59905,0.0062226,1,-0.108414,0.38135
3.5993,0.0600686,-1,-0.0507686,0.38135
3.59955,0.208115,-1,0.125098,0.38135
3.5998,0.472438,-1,0.440029,0.38135
3.60005,0.615591,-1,0.640707,0.38135
3.6003,0.407116,-1,0.479062,0.38135
3.60055,-0.0738638,-0.834646,0.0153625,0.38135
3.6008,-0.482374,1,-0.402374,0.38135
3.60105,-0.556851,1,-0.509157,0.38135
3.6013,-0.36897,1,-0.38297,0.38135
3.60155,-0.183726,1,-0.253162,0.38135
3.6018,-0.120966,1,-0.22903,0.38135
3.60205,-0.0403512,-1,-0.162672,0.38135
3.6023,0.2171,-1,0.116238,0.38135
3.60255,0.551858,-1,0.504536,0.38135
3.6028,0.66115,-1,0.674392,0.38135
3.60305,0.380876,-1,0.44529,0.38135
3.6033,-0.102712,-1,-0.0191213,0.38135
3.60355,-0.434053,1,-0.361008,0.38135
3.6038,-0.454168,1,-0.42203,0.38135
3.60405,-0.320141,1,-0.33481,0.38135
3.6043,-0.254063,1,-0.328724,0.38135
3.60455,-0.250313,1,-0.365442,0.38135
3.6048,-0.109307,-0.732283,-0.229162,0.38135
3.60505,0.252,-1,0.155817,0.38135
3.6053,0.616518,-1,0.575718,0.38135
3.60555,0.666095,-1,0.688173,0.38135
3.6058,0.334323,-1,0.407745,0.38135
3.60605,-0.108958,-1,-0.0208156,0.38135
3.6063,-0.3494,1,-0.267462,0.38135
3.60655,-0.344768,1,-0.288305,0.38135
3.6068,-0.299902,1,-0.300996,0.38135
3.60705,-0.348862,1,-0.406042,0.38135
3.6073,-0.366016,1,-0.468676,0.38135
3.60755,-0.141266,0.0393701,-0.25988,0.38135
3.6078,0.300998,-1,0.207718,0.38135
3.60805,0.652824,-1,0.608147,0.38135
3.6083,0.631565,-1,0.648395,0.38135
3.60855,0.282259,-1,0.35185,0.38135
3.6088,-0.0827068,-1,0.0233253,0.38135
3.60905,-0.23546,1,-0.129362,0.38135
3.6093,-0.24539,1,-0.167961,0.38135
3.60955,-0.312991,1,-0.285202,0.38135
3.6098,-0.455256,1,-0.488261,0.38135
3.61005,-0.453412,1,-0.533657,0.38135
3.6103,-0.137542,0.913386,-0.235314,0.38135
3.61055,0.349107,-1,0.273093,0.38135
3.6108,0.651111,-1,0.610308,0.38135
3.61105,0.565398,-1,0.586411,0.38135
3.6113,0.240804,-1,0.320819,0.38135
3.61155,-0.0203602,-1,0.103111,0.38135
3.6118,-0.106527,0.937008,0.0248308,0.38135
3.61205,-0.169531,1,-0.0652715,0.38135
3.6123,-0.357112,1,-0.299568,0.38135
3.61255,-0.557709,1,-0.564377,0.38135
3.6128,-0.502975,1,-0.563925,0.38135
3.61305,-0.106803,1,-0.18556,0.38135
3.6133,0.380817,-1,0.301589,0.38135
3.61355,0.607928,-1,0.562797,0.38135
3.6138,0.48181,-1,0.490278,0.38135
3.61405,0.223589,-1,0.294734,0.38135
3.6143,0.0748347,-1,0.180385,0.38135
3.61455,0.0214167,0.212598,0.139729,0.38135
3.6148,-0.127667,1,-0.0346299,0.38135
3.61505,-0.423169,1,-0.383786,0.38135
3.6153,-0.639357,1,-0.657236,0.38135
3.61555,-0.511044,1,-0.588058,0.38135
3.6158,-0.0621474,1,-0.166796,0.38135
3.61605,0.38193,-1,0.272551,0.38135
3.6163,0.527251,-1,0.451822,0.38135
3.61655,0.396983,-1,0.379491,0.38135
3.6168,0.239551,-1,0.283713,0.38135
3.61705,0.192767,-1,0.284727,0.38135
3.6173,0.131274,-0.535433,0.233477,0.38135
3.61755,-0.122636,1,-0.0375358,0.38135
3.6178,-0.497294,1,-0.447407,0.38135
3.61805,-0.687033,1,-0.70145,0.38135
3.6183,-0.482089,1,-0.551075,0.38135
3.61855,-0.0209708,1,-0.13412,0.38135
3.6188,0.344374,-1,0.22442,0.38135
3.61906,0.41972,-1,0.331436,0.38135
3.61931,0.328257,-1,0.287487,0.38135
3.61956,0.291177,-1,0.312533,0.38135
3.61981,0.318389,-1,0.382143,0.38135
3.62006,0.208509,-1,0.2954,0.38135
3.62031,-0.150005,1,-0.0753858,0.38135
3.62056,-0.562202,1,-0.52401,0.38135
3.62081,-0.692408,1,-0.713797,0.38135
3.62106,-0.42649,1,-0.508884,0.38135
3.62131,0.00047742,1,-0.115552,0.38135
3.62156,0.267496,-0.566929,0.140994,0.38135
3.62181,0.301713,-1,0.197436,0.38135
3.62206,0.288864,-1,0.238847,0.38135
3.62231,0.37227,-1,0.3897,0.38135
3.62256,0.433831,-1,0.50191,0.38135
3.62281,0.246325,-1,0.337718,0.38135
3.62306,-0.197696,1,-0.100745,0.38135
3.62331,-0.601454,1,-0.536364,0.38135
3.62356,-0.655174,1,-0.641051,0.38135
3.62381,-0.360877,1,-0.41261,0.38135
3.62406,-0.00951032,1,-0.0986444,0.38135
3.62431,0.158076,0.251969,0.0529813,0.38135
3.62456,0.191263,-1,0.102879,0.375967
3.62481,0.2862,-1,0.23703,0.375967
3.62506,0.470273,-1,0.485386,0.375967
3.62531,0.522088,-1,0.599904,0.375967
3.62556,0.243708,-1,0.3489,0.375967
3.62581,-0.24956,1,-0.139376,0.375967
3.62606,-0.602876,1,-0.513328,0.375967
3.62631,-0.582424,1,-0.552592,0.375967
3.62656,-0.303359,1,-0.32803,0.375967
3.62681,-0.0583809,1,-0.131595,0.375967
3.62706,0.029687,0.944882,-0.058544,0.375967
3.62731,0.10508,-1,0.0233958,0.375967
3.62756,0.319458,-1,0.276053,0.375967
3.62781,0.568469,-1,0.585327,0.375967
3.62806,0.570749,-1,0.651905,0.375967
3.62831,0.20902,-1,0.33159,0.375967
3.62856,-0.287859,1,-0.155863,0.375967
3.62881,-0.560682,1,-0.452043,0.375967
3.62906,-0.488835,1,-0.433911,0.375967
3.62931,-0.270534,1,-0.283456,0.375967
3.62956,-0.143906,1,-0.197949,0.375967
3.62981,-0.0995397,1,-0.178832,0.375967
3.63006,0.0551218,-1,-0.0163452,0.375967
3.63031,0.379942,-1,0.336548,0.375967
3.63056,0.648114,-1,0.664341,0.375967
3.63081,0.574972,-1,0.642691,0.375967
3.63106,0.156162,-1,0.270902,0.375967
3.63131,-0.296209,0.669291,-0.18186,0.375967
3.63156,-0.479148,1,-0.390663,0.375967
3.63181,-0.392798,1,-0.348951,0.375967
3.63206,-0.273412,1,-0.297933,0.375967
3.63231,-0.255534,1,-0.328469,0.375967
3.63256,-0.210887,1,-0.305403,0.375967
3.63281,0.0460557,-1,-0.042877,0.375967
3.63306,0.451889,-1,0.392268,0.375967
3.63331,0.693386,-1,0.697495,0.375967
3.63356,0.538932,-1,0.604588,0.375967
3.63381,0.10492,-1,0.209349,0.375967
3.63406,-0.265109,-0.181102,-0.14754,0.375967
3.63431,-0.367681,1,-0.270265,0.375967
3.63456,-0.31354,1,-0.267003,0.375967
3.63481,-0.314946,1,-0.334174,0.375967
3.63506,-0.377327,1,-0.454968,0.375967
3.63531,-0.288032,1,-0.397388,0.375967
3.63556,0.0736372,-1,-0.0436338,0.375967
3.63581,0.516967,-1,0.425737,0.375967
3.63606,0.694635,-1,0.661026,0.375967
3.63631,0.473712,-1,0.497173,0.375967
3.63656,0.0729092,-1,0.146377,0.375967
3.63681,-0.191809,-0.937008,-0.10462,0.375967
3.63706,-0.24473,1,-0.169598,0.375967
3.63731,-0.265866,1,-0.223847,0.375967
3.63756,-0.389968,1,-0.406271,0.375967
3.63781,-0.488603,1,-0.565736,0.375967
3.63806,-0.322123,1,-0.43722,0.375967
3.63831,0.125289,-1,0.00230325,0.375967
3.63856,0.556272,-1,0.459596,0.375967
3.63881,0.650706,-1,0.597262,0.375967
3.63906,0.397482,-1,0.414517,0.375967
3.63931,0.0754077,-1,0.134222,0.375967
3.63956,-0.0834019,-1,-0.00773351,0.375967
3.63981,-0.130326,1,-0.0569245,0.375967
3.64006,-0.258596,1,-0.221688,0.375967
3.64031,-0.484618,1,-0.501323,0.375967
3.64056,-0.572022,1,-0.641703,0.375967
3.64081,-0.312909,1,-0.420817,0.375967
3.64106,0.182158,-1,0.0680956,0.375967
3.64131,0.556176,-1,0.459117,0.375967
3.64156,0.569955,-1,0.526807,0.375967
3.64181,0.330653,-1,0.348423,0.375967
3.64206,0.119192,-1,0.185873,0.375967
3.64231,0.0441097,-1,0.122752,0.375967
3.64256,-0.0429398,1,0.0334045,0.375967
3.64281,-0.291114,1,-0.249849,0.375967
3.64306,-0.57958,1,-0.60087,0.375967
3.64331,-0.61347,1,-0.693988,0.375967
3.64356,-0.269463,1,-0.381187,0.375967
3.64382,0.224453,-0.283465,0.0977943,0.375967
3.64407,0.510693,-1,0.414885,0.375967
3.64432,0.468669,-1,0.41903,0.375967
3.64457,0.291455,-1,0.30561,0.375967
3.64482,0.20155,-1,0.279563,0.375967
3.64507,0.171613,-1,0.279934,0.375967
3.64532,0.0035633,1,0.109984,0.375967
3.64557,-0.353019,1,-0.272753,0.375967
3.64582,-0.654797,1,-0.629837,0.375967
3.64607,-0.60785,1,-0.647764,0.375967
3.64632,-0.207725,1,-0.292374,0.375967
3.64657,0.234769,0.480315,0.131904,0.375967
3.64682,0.423202,-1,0.333727,0.375967
3.64707,0.366524,-1,0.320743,0.375967
3.64732,0.291555,-1,0.303466,0.375967
3.64757,0.311648,-1,0.387769,0.375967
3.64782,0.278519,-1,0.387112,0.375967
3.64807,0.00623406,1,0.122915,0.375967
3.64832,-0.426552,1,-0.34009,0.375967
3.64857,-0.692932,1,-0.660377,0.375967
3.64882,-0.55982,1,-0.587427,0.375967
3.64907,-0.149011,1,-0.220471,0.375967
3.64932,0.202618,1,0.113209,0.375967
3.64957,0.307049,-1,0.235286,0.375967
3.64982,0.284988,-1,0.249559,0.375967
3.65007,0.333906,-1,0.354502,0.375967
3.65032,0.430666,-1,0.510464,0.375967
3.65057,0.347503,-1,0.467994,0.375967
3.65082,-0.0295792,1,0.0947227,0.375967
3.65107,-0.491131,1,-0.383408,0.375967
3.65132,-0.684154,1,-0.632527,0.375967
3.65157,-0.48394,1,-0.488832,0.375967
3.65182,-0.11371,1,-0.171552,0.375967
3.65207,0.125627,1,0.0496627,0.375967
3.65232,0.182323,-1,0.114324,0.375967
3.65257,0.240405,-1,0.196903,0.375967
3.65282,0.411206,-1,0.427229,0.375967
3.65307,0.536345,-1,0.611253,0.375967
3.65332,0.369358,-1,0.480948,0.375967
3.65357,-0.0889399,0.944882,0.0222853,0.375967
3.65382,-0.526515,1,-0.438238,0.375967
3.65407,-0.628826,1,-0.582745,0.375967
3.65432,-0.400436,1,-0.417446,0.375967
3.65457,-0.117181,1,-0.185146,0.375967
3.65482,0.014338,1,-0.071274,0.375967
3.65507,0.0703817,-1,-0.00734131,0.375967
3.65532,0.240071,-1,0.202785,0.375967
3.65557,0.506773,-1,0.522747,0.375967
3.65582,0.609483,-1,0.690023,0.375967
3.65607,0.345979,-1,0.458335,0.375967
3.65632,-0.150972,0.212598,-0.0300823,0.375967
3.65657,-0.518641,1,-0.423458,0.375967
3.65682,-0.537708,1,-0.484769,0.375967
3.65707,-0.331137,1,-0.350415,0.375967
3.65732,-0.165515,1,-0.236812,0.375967
3.65757,-0.114323,1,-0.223218,0.375967
3.65782,-0.00811516,-1,-0.120295,0.375967
3.65807,0.281284,-1,0.202237,0.375967
3.65832,0.599268,-1,0.573234,0.375967
3.65857,0.636142,-1,0.670966,0.375967
3.65882,0.289075,-1,0.372124,0.375967
3.65907,-0.193264,-0.503937,-0.0970622,0.375967
3.65932,-0.463045,1,-0.377743,0.375967
3.65957,-0.429378,1,-0.3836,0.375967
3.65982,-0.295556,1,-0.311693,0.375967
3.66007,-0.25344,1,-0.324806,0.375967
3.66032,-0.237688,1,-0.348467,0.375967
3.66057,-0.0415866,-1,-0.152068,0.375967
3.66082,0.351149,-1,0.265567,0.375967
3.66107,0.666214,-1,0.633343,0.375967
3.66132,0.613854,-1,0.636162,0.375967
3.66157,0.218744,-1,0.288507,0.375967
3.66182,-0.197476,-1,-0.112293,0.375967
3.66207,-0.3657,1,-0.294399,0.375967
3.66232,-0.327439,1,-0.285754,0.375967
3.66257,-0.304451,1,-0.320844,0.375967
3.66282,-0.366918,1,-0.4512,0.375967
3.66307,-0.332589,1,-0.449235,0.375967
3.66332,-0.0277575,-1,-0.161021,0.375967
3.66357,0.428387,-1,0.321562,0.375967
3.66382,0.69068,-1,0.635213,0.375967
3.66407,0.55013,-1,0.561698,0.375967
3.66432,0.158357,-1,0.214578,0.375967
3.66457,-0.154771,-1,-0.0759468,0.375967
3.66482,-0.243877,1,-0.174383,0.375967
3.66507,-0.253662,1,-0.215074,0.375967
3.66532,-0.358031,1,-0.373016,0.375967
3.66557,-0.483477,1,-0.55272,0.375967
3.66582,-0.38427,1,-0.491397,0.375967
3.66607,0.0231399,-0.976378,-0.0942066,0.375967
3.66632,0.489567,-1,0.393852,0.375967
3.66657,0.665018,-1,0.627453,0.375967
3.66682,0.463349,-1,0.478894,0.375967
3.66707,0.128555,-1,0.198062,0.375967
3.66732,-0.0671088,-1,0.0157332,0.375967
3.66757,-0.12041,1,-0.0461371,0.375967
3.66782,-0.223416,1,-0.18818,0.375967
3.66807,-0.444463,1,-0.463225,0.375967
3.66832,-0.579091,1,-0.653677,0.375967
3.66858,-0.38506,1,-0.50196,0.375967
3.66883,0.0921942,-0.370079,-0.0361819,0.375967
3.66908,0.514134,-1,0.412529,0.375967
3.66933,0.592951,-1,0.543919,0.375967
3.66958,0.376823,-1,0.395734,0.375967
3.66983,0.143936,-1,0.216859,0.375967
3.67008,0.0515741,-1,0.154291,0.375967
3.67033,-0.0196078,1,0.0878503,0.375967
3.67058,-0.241265,1,-0.165162,0.375967
3.67083,-0.543342,1,-0.525533,0.375967
3.67108,-0.634137,1,-0.675776,0.375967
3.67133,-0.341041,1,-0.430076,0.375967
3.67158,0.155315,0.259843,0.0574872,0.375967
3.67183,0.489928,-1,0.405824,0.375967
3.67208,0.489707,-1,0.441796,0.375967
3.67233,0.314846,-1,0.325404,0.375967
3.67258,0.206826,-1,0.277643,0.375967
3.67283,0.180062,-1,0.284262,0.375967
3.67308,0.0401534,1,0.146901,0.375967
3.67333,-0.299944,1,-0.217144,0.375967
3.67358,-0.630172,1,-0.6058,0.375967
3.67383,-0.637944,1,-0.67234,0.375967
3.67408,-0.26958,1,-0.352142,0.375967
3.67433,0.1889,0.897638,0.0919775,0.375967
3.67458,0.416453,-1,0.337943,0.375967
3.67483,0.379103,-1,0.339734,0.375967
3.67508,0.295144,-1,0.311311,0.375967
3.67533,0.307581,-1,0.386561,0.375967
3.67558,0.292584,-1,0.412582,0.375967
3.67583,0.0492731,1,0.176689,0.375967
3.67608,-0.380278,1,-0.274364,0.375967
3.67633,-0.681884,1,-0.630037,0.375967
3.67658,-0.592066,1,-0.598093,0.375967
3.67683,-0.194246,1,-0.255934,0.375967
3.67708,0.177621,1,0.0936854,0.375967
3.67733,0.306555,-1,0.237042,0.375967
3.67758,0.28621,-1,0.245067,0.375967
3.67783,0.324712,-1,0.33171,0.375967
3.67808,0.425771,-1,0.497712,0.375967
3.67833,0.367295,-1,0.474122,0.375967
3.67858,0.0114637,1,0.127177,0.375967
3.67883,-0.458367,1,-0.367424,0.375967
3.67908,-0.683986,1,-0.639651,0.375967
3.67933,-0.510709,1,-0.52628,0.375967
3.67958,-0.140632,1,-0.203266,0.375967
3.67983,0.11543,1,0.0334841,0.375967
3.68008,0.180759,-1,0.108429,0.375967
3.68033,0.232328,-1,0.192706,0.375967
3.68058,0.397607,-1,0.417259,0.375967
3.68083,0.534902,-1,0.614765,0.375967
3.68108,0.390402,-1,0.506661,0.375967
3.68133,-0.057385,0.716535,0.0713017,0.375967
3.68158,-0.508191,1,-0.405429,0.375967
3.68183,-0.633624,1,-0.586023,0.375967
3.68208,-0.41692,1,-0.435978,0.375967
3.68233,-0.129064,1,-0.192659,0.375967
3.68258,0.0108099,1,-0.0783756,0.375967
3.68283,0.0664417,-1,-0.0207604,0.375967
3.68308,0.229017,-1,0.168262,0.375967
3.68333,0.496379,-1,0.494823,0.375967
3.68358,0.612085,-1,0.668398,0.375967
3.68383,0.362194,-1,0.464071,0.375967
3.68408,-0.133382,0.173228,-0.0215073,0.375967
3.68433,-0.511908,1,-0.417833,0.375967
3.68458,-0.541788,1,-0.491591,0.375967
3.68483,-0.337498,1,-0.352103,0.375967
3.68508,-0.168118,1,-0.23622,0.375967
3.68533,-0.115615,1,-0.209805,0.375967
3.68558,-0.0126254,-1,-0.112638,0.375967
3.68583,0.27456,-1,0.208939,0.375967
3.68608,0.595097,-1,0.575299,0.375967
3.68633,0.638794,-1,0.680078,0.375967
3.68658,0.295367,-1,0.388985,0.375967
3.68683,-0.188613,-0.417323,-0.0869886,0.375967
3.68708,-0.462231,1,-0.380791,0.375967
3.68733,-0.430333,1,-0.383835,0.375967
3.68758,-0.29578,1,-0.315856,0.375967
3.68783,-0.253612,1,-0.332323,0.375967
3.68808,-0.237514,1,-0.349955,0.375967
3.68833,-0.0405376,-1,-0.151747,0.375967
3.68858,0.353716,-1,0.261986,0.375967
3.68883,0.667554,-1,0.630842,0.375967
3.68908,0.610989,-1,0.639283,0.375967
3.68933,0.212875,-1,0.280773,0.375967
3.68958,-0.202155,-0.96063,-0.110635,0.375967
3.68983,-0.366027,1,-0.288062,0.375967
3.69008,-0.326308,1,-0.283458,0.375967
3.69033,-0.305178,1,-0.318319,0.375967
3.69058,-0.368,1,-0.446811,0.375967
3.69083,-0.328657,1,-0.443571,0.375967
3.69108,-0.0155225,-1,-0.142698,0.375967
3.69133,0.441631,-1,0.342793,0.375967
3.69158,0.692741,-1,0.637523,0.375967
3.69183,0.5384,-1,0.547134,0.375967
3.69208,0.142759,-1,0.196182,0.375967
3.69233,-0.162655,-1,-0.0796707,0.375967
3.69258,-0.244337,1,-0.169972,0.375967
3.69283,-0.255821,1,-0.219859,0.375967
3.69308,-0.365026,1,-0.384199,0.375967
3.69334,-0.485465,1,-0.554923,0.375967
3.69359,-0.36961,1,-0.481642,0.375967
3.69384,0.05013,-1,-0.0659193,0.375967
3.69409,0.509851,-1,0.420202,0.375967
3.69434,0.662467,-1,0.620587,0.375967
3.69459,0.442822,-1,0.461095,0.375967
3.69484,0.110257,-1,0.174143,0.375967
3.69509,-0.0735378,-1,0.0123781,0.375967
3.69534,-0.123508,1,-0.0528654,0.375967
3.69559,-0.236464,1,-0.200908,0.375967
3.69584,-0.46078,1,-0.478575,0.375967
3.69609,-0.577628,1,-0.65145,0.375967
3.69634,-0.354935,1,-0.470915,0.375967
3.69659,0.132971,-0.76378,0.0136223,0.375967
3.69684,0.535354,-1,0.43465,0.375967
3.69709,0.582892,-1,0.532424,0.375967
3.69734,0.353182,-1,0.371856,0.375967
3.69759,0.129944,-1,0.196908,0.375967
3.69784,0.0474428,-1,0.139891,0.375967
3.69809,-0.0326377,1,0.0462236,0.375967
3.69834,-0.270866,1,-0.216388,0.375967
3.69859,-0.566537,1,-0.565342,0.375967
3.69884,-0.621857,1,-0.68528,0.375967
3.69909,-0.293713,1,-0.39703,0.375967
3.69934,0.203673,-0.251969,0.0914029,0.375967
3.69959,0.505606,-1,0.409716,0.375967
3.69984,0.474217,-1,0.433064,0.375967
3.70009,0.296555,-1,0.311194,0.375967
3.70034,0.202591,-1,0.273691,0.375967
3.70059,0.173581,-1,0.270096,0.375967
3.70084,0.0086953,1,0.103747,0.375967
3.70109,-0.3474,1,-0.282229,0.375967
3.70134,-0.653298,1,-0.640416,0.375967
3.70159,-0.608891,1,-0.652616,0.375967
3.70184,-0.207396,1,-0.297445,0.375967
3.70209,0.2367,0.244094,0.13523,0.375967
3.70234,0.423839,-1,0.335276,0.375967
3.70259,0.365049,-1,0.320368,0.375967
3.70284,0.291117,-1,0.302653,0.375967
3.70309,0.312528,-1,0.382452,0.375967
3.70334,0.274951,-1,0.3817,0.375967
3.70359,-0.00663931,1,0.102888,0.375967
3.70384,-0.441777,1,-0.362012,0.375967
3.70409,-0.69579,1,-0.661939,0.375967
3.70434,-0.544671,1,-0.579453,0.375967
3.70459,-0.126737,1,-0.19962,0.375967
3.70484,0.214921,0.700787,0.125052,0.375967
3.70509,0.30726,-1,0.228768,0.375967
3.70534,0.28466,-1,0.238744,0.375967
3.70559,0.341014,-1,0.355768,0.375967
3.70584,0.433435,-1,0.50658,0.375967
3.70609,0.327929,-1,0.444416,0.375967
3.70634,-0.0701661,1,0.0491769,0.375967
3.70659,-0.523211,1,-0.431359,0.375967
3.70684,-0.681002,1,-0.641287,0.375967
3.70709,-0.449631,1,-0.470715,0.375967
3.70734,-0.0799184,1,-0.141655,0.375967
3.70759,0.138077,1,0.0509882,0.375967
3.70784,0.184266,-1,0.112364,0.375967
3.70809,0.254948,-1,0.211048,0.375967
3.70834,0.434066,-1,0.448371,0.375967
3.70859,0.53491,-1,0.610629,0.375967
3.70884,0.322218,-1,0.434716,0.375967
3.70909,-0.158092,1,-0.0362268,0.375967
3.70934,-0.565048,1,-0.463942,0.375967
3.70959,-0.611552,1,-0.55918,0.375967
3.70984,-0.354061,1,-0.364062,0.375967
3.71009,-0.0861073,1,-0.146196,0.375967
3.71034,0.0227446,1,-0.0529113,0.375967
3.71059,0.0871545,-1,0.0195209,0.375967
3.71084,0.28278,-1,0.241886,0.375967
3.71109,0.544641,-1,0.563554,0.375967
3.71134,0.590809,-1,0.660842,0.375967
3.71159,0.26395,-1,0.37563,0.375967
3.71184,-0.239587,1,-0.122381,0.375967
3.71209,-0.549874,1,-0.45011,0.375967
3.71234,-0.506619,1,-0.461469,0.375967
3.71259,-0.288033,1,-0.301196,0.375967
3.71284,-0.148812,1,-0.211144,0.375967
3.71309,-0.104048,1,-0.18162,0.375967
3.71334,0.0387998,-1,-0.0302625,0.375967
3.71359,0.358665,-1,0.316029,0.375967
3.71384,0.640764,-1,0.656063,0.375967
3.71409,0.587255,-1,0.667492,0.375967
3.71434,0.175358,-1,0.288879,0.375967
3.71459,-0.285309,0.598425,-0.16408,0.375967
3.71484,-0.478183,1,-0.384406,0.375967
3.71509,-0.395281,1,-0.345302,0.375967
3.71534,-0.274035,1,-0.291909,0.375967
3.71559,-0.255179,1,-0.328571,0.375967
3.71584,-0.210151,1,-0.303322,0.375967
3.71609,0.0501038,-1,-0.0432154,0.375967
3.71634,0.458333,-1,0.397614,0.375967
3.71659,0.694612,-1,0.692803,0.375967
3.71684,0.528151,-1,0.581152,0.375967
3.71709,0.0872419,-1,0.181856,0.375967
3.71734,-0.275737,0.15748,-0.165428,0.375967
3.71759,-0.36649,1,-0.272285,0.375967
3.71784,-0.310386,1,-0.260654,0.375967
3.7181,-0.318885,1,-0.335077,0.375967
3.71835,-0.378429,1,-0.445273,0.375967
3.7186,-0.268527,1,-0.362582,0.375967
3.71885,0.113963,-1,0.0222,0.375967
3.7191,0.549594,-1,0.485254,0.375967
3.71935,0.689314,-1,0.67649,0.375967
3.7196,0.432871,-1,0.482368,0.375967
3.71985,0.0311226,-1,0.122906,0.375967
3.7201,-0.207715,-0.125984,-0.105812,0.375967
3.72035,-0.244697,1,-0.161819,0.375967
3.7206,-0.276583,1,-0.236347,0.375967
3.72085,-0.411742,1,-0.429565,0.375967
3.7211,-0.484956,1,-0.552748,0.375967
3.72135,-0.266329,1,-0.365122,0.375967
3.7216,0.207285,-1,0.0995859,0.375967
3.72185,0.60143,-1,0.526663,0.375967
3.7221,0.625544,-1,0.598247,0.375967
3.72235,0.333769,-1,0.368015,0.375967
3.7226,0.0297331,-1,0.115222,0.375967
3.72285,-0.0957044,-0.283465,-0.00021668,0.375967
3.7231,-0.14541,1,-0.065457,0.375967
3.72335,-0.303595,1,-0.263148,0.375967
3.7236,-0.525796,1,-0.543823,0.375967
3.72385,-0.545986,1,-0.620344,0.375967
3.7241,-0.207101,1,-0.312569,0.375967
3.72435,0.296656,-1,0.188222,0.375967
3.7246,0.59486,-1,0.522091,0.381803
3.72485,0.52242,-1,0.492409,0.381803
3.7251,0.263195,-1,0.298797,0.381803
3.72535,0.0883395,-1,0.169221,0.381803
3.7256,0.030993,-0.897638,0.128861,0.381803
3.72585,-0.0963267,1,-0.0197471,0.381803
3.7261,-0.38264,1,-0.342323,0.381803
3.72635,-0.627927,1,-0.644101,0.381803
3.7266,-0.545135,1,-0.629687,0.381803
3.72685,-0.114671,1,-0.235168,0.381803
3.7271,0.350885,-1,0.224396,0.381803
3.72735,0.528289,-1,0.419382,0.381803
3.7276,0.410714,-1,0.349723,0.381803
3.72785,0.246524,-1,0.256414,0.381803
3.7281,0.194172,-1,0.252911,0.381803
3.72835,0.137608,-1,0.217655,0.381803
3.7286,-0.109533,1,-0.0388377,0.381803
3.72885,-0.487902,1,-0.446727,0.381803
3.7291,-0.686951,1,-0.69654,0.381803
3.72935,-0.485499,1,-0.554499,0.381803
3.7296,-0.0210109,1,-0.129327,0.381803
3.72985,0.346647,-1,0.232067,0.381803
3.7301,0.419128,-1,0.331834,0.381803
3.73035,0.325826,-1,0.280732,0.381803
3.7306,0.291795,-1,0.308692,0.381803
3.73085,0.318349,-1,0.381798,0.381803
3.7311,0.194679,-0.874016,0.279548,0.381803
3.73135,-0.178472,1,-0.108673,0.381803
3.7316,-0.585053,1,-0.552689,0.381803
3.73185,-0.684154,1,-0.708701,0.381803
3.7321,-0.38787,1,-0.461191,0.381803
3.73235,0.0393337,1,-0.0754861,0.381803
3.7326,0.281005,-1,0.15898,0.381803
3.73285,0.297981,-1,0.19902,0.381803
3.7331,0.29408,-1,0.247832,0.381803
3.73335,0.387385,-1,0.40688,0.381803
3.7336,0.425577,-1,0.489127,0.381803
3.73385,0.188211,-0.401575,0.272855,0.381803
3.7341,-0.278736,1,-0.205743,0.381803
3.73435,-0.641649,1,-0.594683,0.381803
3.7346,-0.620337,1,-0.633803,0.381803
3.73485,-0.286006,1,-0.348341,0.381803
3.7351,0.0425539,1,-0.0551689,0.381803
3.73535,0.169872,-0.409449,0.0781193,0.381803
3.7356,0.201373,-1,0.128725,0.381803
3.73585,0.326201,-1,0.305973,0.381803
3.7361,0.505815,-1,0.550571,0.381803
3.73635,0.484913,-1,0.577481,0.381803
3.7366,0.123402,-0.0787402,0.243002,0.381803
3.73685,-0.373857,1,-0.262919,0.381803
3.7371,-0.636222,1,-0.572202,0.381803
3.73735,-0.515834,1,-0.503301,0.381803
3.7376,-0.215606,1,-0.260635,0.381803
3.73785,-0.0173085,1,-0.0981264,0.381803
3.7381,0.044655,-0.141732,-0.0400745,0.381803
3.73835,0.158109,-1,0.0996286,0.381803
3.7386,0.411855,-1,0.395869,0.381803
3.73885,0.609831,-1,0.652229,0.381803
3.7391,0.479647,-1,0.568318,0.381803
3.73935,0.0245272,-0.149606,0.132503,0.381803
3.7396,-0.429895,1,-0.326912,0.381803
3.73985,-0.56867,1,-0.501188,0.381803
3.7401,-0.404643,1,-0.397242,0.381803
3.74035,-0.202622,1,-0.242357,0.381803
3.7406,-0.125492,1,-0.204817,0.381803
3.74085,-0.0581282,-0.283465,-0.146246,0.381803
3.7411,0.180469,-1,0.116687,0.381803
3.74135,0.523618,-1,0.508247,0.381803
3.7416,0.667173,-1,0.708122,0.381803
3.74185,0.413362,-1,0.496896,0.381803
3.7421,-0.0726517,-0.637795,0.0395569,0.381803
3.74235,-0.424504,1,-0.327278,0.381803
3.7426,-0.4584,1,-0.400528,0.381803
3.74286,-0.323782,1,-0.325737,0.381803
3.74311,-0.254261,1,-0.313428,0.381803
3.74336,-0.250812,1,-0.355138,0.381803
3.74361,-0.107517,-0.669291,-0.217537,0.381803
3.74386,0.259593,-1,0.174275,0.381803
3.74411,0.623733,-1,0.581173,0.381803
3.74436,0.659024,-1,0.676473,0.381803
3.74461,0.31062,-1,0.376766,0.381803
3.74486,-0.132877,-1,-0.0492535,0.381803
3.74511,-0.356029,1,-0.279411,0.381803
3.74536,-0.339201,1,-0.291397,0.381803
3.74561,-0.300553,1,-0.306338,0.381803
3.74586,-0.356653,1,-0.421812,0.381803
3.74611,-0.354392,1,-0.45984,0.381803
3.74636,-0.0901809,-1,-0.209395,0.381803
3.74661,0.366716,-1,0.27096,0.381803
3.74686,0.677645,-1,0.634656,0.381803
3.74711,0.588614,-1,0.603996,0.381803
3.74736,0.207797,-1,0.271107,0.381803
3.74761,-0.13043,-1,-0.0530203,0.381803
3.74786,-0.242168,1,-0.171803,0.381803
3.74811,-0.250037,1,-0.214778,0.381803
3.74836,-0.343993,1,-0.360345,0.381803
3.74861,-0.477743,1,-0.551524,0.381803
3.74886,-0.404439,1,-0.522202,0.381803
3.74911,-0.0134824,-1,-0.138473,0.381803
3.74936,0.464179,-1,0.365253,0.381803
3.74961,0.666082,-1,0.617366,0.381803
3.74986,0.480011,-1,0.492304,0.381803
3.75011,0.142325,-1,0.208886,0.381803
3.75036,-0.0633243,-1,0.0190286,0.381803
3.75061,-0.118836,1,-0.0390904,0.381803
3.75086,-0.219249,1,-0.181239,0.381803
3.75111,-0.440361,1,-0.448716,0.381803
3.75136,-0.579096,1,-0.651065,0.381803
3.75161,-0.386395,1,-0.496988,0.381803
3.75186,0.0937944,-0.897638,-0.0280843,0.381803
3.75211,0.516719,-1,0.419784,0.381803
3.75236,0.591066,-1,0.544822,0.381803
3.75261,0.370441,-1,0.384136,0.381803
3.75286,0.139232,-1,0.20552,0.381803
3.75311,0.0502735,-1,0.130819,0.381803
3.75336,-0.0254056,1,0.0542617,0.381803
3.75361,-0.25709,1,-0.213711,0.381803
3.75386,-0.557433,1,-0.56824,0.381803
3.75411,-0.626673,1,-0.698976,0.381803
3.75436,-0.307845,1,-0.418781,0.381803
3.75461,0.19214,-0.362205,0.0791801,0.381803
3.75486,0.502932,-1,0.410676,0.381803
3.75511,0.476726,-1,0.431996,0.381803
3.75536,0.298405,-1,0.315947,0.381803
3.75561,0.202436,-1,0.277066,0.381803
3.75586,0.173444,-1,0.276011,0.381803
3.75611,0.0084952,1,0.103736,0.381803
3.75636,-0.349787,1,-0.277276,0.381803
3.75661,-0.654877,1,-0.641168,0.381803
3.75686,-0.605152,1,-0.653072,0.381803
3.75711,-0.1981,1,-0.292505,0.381803
3.75736,0.244858,0.19685,0.137085,0.381803
3.75761,0.424466,-1,0.333874,0.381803
3.75786,0.361342,-1,0.310586,0.381803
3.75811,0.290464,-1,0.305213,0.381803
3.75836,0.313626,-1,0.387199,0.381803
3.75861,0.267471,-1,0.365524,0.381803
3.75886,-0.0277738,1,0.0785325,0.381803
3.75911,-0.464266,1,-0.390679,0.381803
3.75936,-0.698656,1,-0.668281,0.381803
3.75961,-0.521796,1,-0.552026,0.381803
3.75986,-0.0968274,1,-0.17028,0.381803
3.76011,0.230066,0.582677,0.13963,0.381803
3.76036,0.30622,-1,0.226919,0.381803
3.76061,0.284984,-1,0.245578,0.381803
3.76086,0.350716,-1,0.371123,0.381803
3.76111,0.435641,-1,0.508314,0.381803
3.76136,0.30056,-0.937008,0.411723,0.381803
3.76161,-0.120286,1,-0.00206794,0.381803
3.76186,-0.559151,1,-0.472641,0.381803
3.76211,-0.672248,1,-0.629239,0.381803
3.76236,-0.407137,1,-0.43467,0.381803
3.76261,-0.0419011,1,-0.108241,0.381803
3.76286,0.150661,0.645669,0.0657311,0.381803
3.76311,0.188118,-1,0.115083,0.381803
3.76336,0.274189,-1,0.234703,0.381803
3.76361,0.459382,-1,0.479933,0.381803
3.76386,0.526881,-1,0.599225,0.381803
3.76411,0.261928,-0.96063,0.365836,0.381803
3.76436,-0.234487,1,-0.120539,0.381803
3.76461,-0.599408,1,-0.511042,0.381803
3.76486,-0.584049,1,-0.551709,0.381803
3.76511,-0.302242,1,-0.32957,0.381803
3.76536,-0.056003,1,-0.128018,0.381803
3.76561,0.03121,0.417323,-0.0591309,0.381803
3.76586,0.110501,-1,0.0350647,0.381803
3.76611,0.333242,-1,0.296553,0.381803
3.76636,0.578489,-1,0.592757,0.381803
3.76661,0.55555,-1,0.624024,0.381803
3.76686,0.166511,-1,0.265639,0.381803
3.76711,-0.328693,1,-0.226679,0.381803
3.76736,-0.568418,1,-0.492117,0.381803
3.76762,-0.464605,1,-0.436461,0.381803
3.76787,-0.245791,1,-0.27897,0.381803
3.76812,-0.136147,1,-0.213276,0.381803
3.76837,-0.0873532,0.0472441,-0.181404,0.381803
3.76862,0.10012,-1,0.0146771,0.381803
3.76887,0.441201,-1,0.401408,0.381803
3.76912,0.665971,-1,0.683708,0.381803
3.76937,0.511939,-1,0.580991,0.381803
3.76962,0.0499112,-1,0.147686,0.381803
3.76987,-0.366521,1,-0.274257,0.381803
3.77012,-0.475448,1,-0.41626,0.381803
3.77037,-0.356859,1,-0.340528,0.381803
3.77062,-0.260054,1,-0.307519,0.381803
3.77087,-0.255675,1,-0.348468,0.381803
3.77112,-0.163383,-0.283465,-0.264303,0.381803
3.77137,0.161178,-1,0.0715901,0.381803
3.77162,0.55877,-1,0.518579,0.381803
3.77187,0.689423,-1,0.705562,0.381803
3.77212,0.411655,-1,0.477298,0.381803
3.77237,-0.0444484,-1,0.0435741,0.381803
3.77262,-0.331981,0.818898,-0.247737,0.381803
3.77287,-0.353576,1,-0.300591,0.381803
3.77312,-0.300646,1,-0.302296,0.381803
3.77337,-0.340985,1,-0.402137,0.381803
3.77362,-0.372134,1,-0.475328,0.381803
3.77387,-0.169346,-0.456693,-0.285135,0.381803
3.77412,0.270944,-1,0.171231,0.381803
3.77437,0.642495,-1,0.591147,0.381803
3.77462,0.639657,-1,0.6459,0.381803
3.77487,0.292351,-1,0.351608,0.381803
3.77512,-0.080135,-1,0.00432042,0.381803
3.77537,-0.2357,0.889764,-0.153299,0.381803
3.77562,-0.245732,1,-0.192437,0.381803
3.77587,-0.316972,1,-0.31307,0.381803
3.77612,-0.460414,1,-0.518698,0.381803
3.77637,-0.443653,1,-0.539099,0.381803
3.77662,-0.103319,-0.409449,-0.207296,0.381803
3.77687,0.388477,-1,0.301893,0.381803
3.77712,0.66033,-1,0.622128,0.381803
3.77737,0.534196,-1,0.555356,0.381803
3.77762,0.197947,-1,0.265909,0.381803
3.77787,-0.0419343,-1,0.0531549,0.381803
3.77812,-0.11215,1,-0.0203078,0.381803
3.77837,-0.19217,1,-0.131871,0.381803
3.77862,-0.401,1,-0.397995,0.381803
3.77887,-0.574551,1,-0.629953,0.381803
3.77912,-0.443461,1,-0.542261,0.381803
3.77937,0.00967192,-0.188976,-0.0989054,0.381803
3.77962,0.469213,-1,0.381219,0.381803
3.77987,0.604613,-1,0.559648,0.381803
3.78012,0.412159,-1,0.429132,0.381803
3.78037,0.165272,-1,0.238868,0.381803
3.78062,0.0567776,-1,0.152787,0.381803
3.78087,-0.00648484,1,0.0918095,0.381803
3.78112,-0.213831,1,-0.145235,0.381803
3.78137,-0.521474,1,-0.505507,0.381803
3.78162,-0.640471,1,-0.691238,0.381803
3.78187,-0.370971,1,-0.46398,0.381803
3.78212,0.127831,0.0787402,0.0301911,0.381803
3.78237,0.481374,-1,0.394636,0.381803
3.78262,0.495237,-1,0.453922,0.381803
3.78287,0.319858,-1,0.338111,0.381803
3.78312,0.207951,-1,0.279468,0.381803
3.78337,0.180756,-1,0.282299,0.381803
3.78362,0.0404724,1,0.136778,0.381803
3.78387,-0.303066,1,-0.228007,0.381803
3.78412,-0.633626,1,-0.613938,0.381803
3.78437,-0.632575,1,-0.674986,0.381803
3.78462,-0.253029,1,-0.338804,0.381803
3.78487,0.205586,0.299213,0.102327,0.381803
3.78512,0.420094,-1,0.337234,0.381803
3.78537,0.37271,-1,0.32675,0.381803
3.78562,0.292706,-1,0.30449,0.381803
3.78587,0.310261,-1,0.382388,0.381803
3.78612,0.281952,-1,0.384646,0.381803
3.78637,0.0111787,1,0.118953,0.381803
3.78662,-0.426204,1,-0.350392,0.381803
3.78687,-0.693693,1,-0.668434,0.381803
3.78712,-0.552763,1,-0.582999,0.381803
3.78737,-0.134491,1,-0.21554,0.381803
3.78762,0.212506,0.417323,0.123149,0.381803
3.78787,0.307022,-1,0.226539,0.381803
3.78812,0.284847,-1,0.244227,0.381803
3.78837,0.342094,-1,0.353479,0.381803
3.78862,0.433963,-1,0.507807,0.381803
3.78887,0.321445,-1,0.43015,0.381803
3.78912,-0.0847441,1,0.0254303,0.381803
3.78937,-0.53648,1,-0.451833,0.381803
3.78962,-0.677984,1,-0.651159,0.381803
3.78987,-0.43125,1,-0.459026,0.381803
3.79012,-0.0611735,1,-0.139455,0.381803
3.79037,0.144889,0.377953,0.0526538,0.381803
3.79062,0.186447,-1,0.110221,0.381803
3.79087,0.265894,-1,0.221784,0.381803
3.79112,0.449778,-1,0.466239,0.381803
3.79137,0.530388,-1,0.60068,0.381803
3.79162,0.282795,-0.984252,0.38412,0.381803
3.79187,-0.211335,1,-0.101958,0.381803
3.79212,-0.590543,1,-0.509447,0.381803
3.79238,-0.591842,1,-0.562054,0.381803
3.79263,-0.314458,1,-0.352063,0.381803
3.79288,-0.0623312,1,-0.136727,0.381803
3.79313,0.0294326,0.228346,-0.0609696,0.381803
3.79338,0.105675,-1,0.0293875,0.381803
3.79363,0.324631,-1,0.281768,0.381803
3.79388,0.574187,-1,0.591961,0.381803
3.79413,0.56105,-1,0.628248,0.381803
3.79438,0.178323,-0.952756,0.273605,0.381803
3.79463,-0.319803,1,-0.21478,0.381803
3.79488,-0.567421,1,-0.493112,0.381803
3.79513,-0.468184,1,-0.447814,0.381803
3.79538,-0.248559,1,-0.292795,0.381803
3.79563,-0.136711,1,-0.222949,0.381803
3.79588,-0.088741,-0.0314961,-0.182415,0.381803
3.79613,0.0979577,-1,0.0127713,0.381803
3.79638,0.439522,-1,0.40087,0.381803
3.79663,0.665857,-1,0.682314,0.381803
3.79688,0.512294,-1,0.578302,0.381803
3.79713,0.0491464,-1,0.143609,0.381803
3.79738,-0.367553,1,-0.275072,0.381803
3.79763,-0.475557,1,-0.408008,0.381803
3.79788,-0.355882,1,-0.348583,0.381803
3.79813,-0.259435,1,-0.311918,0.381803
3.79838,-0.255626,1,-0.35094,0.381803
3.79863,-0.160364,-0.314961,-0.266617,0.381803
3.79888,0.168452,-1,0.0835711,0.381803
3.79913,0.565023,-1,0.517549,0.381803
3.79938,0.68756,-1,0.704375,0.381803
3.79963,0.40124,-1,0.469208,0.381803
3.79988,-0.0554063,-1,0.0323399,0.381803
3.80013,-0.33548,1,-0.252484,0.381803
3.80038,-0.351492,1,-0.298954,0.381803
3.80063,-0.300306,1,-0.298447,0.381803
3.80088,-0.343728,1,-0.39655,0.381803
3.80113,-0.369831,1,-0.466791,0.381803
3.80138,-0.155264,-0.535433,-0.264121,0.381803
3.80163,0.290902,-1,0.201574,0.381803
3.80188,0.651632,-1,0.611159,0.381803
3.80213,0.629171,-1,0.649442,0.381803
3.80238,0.271512,-1,0.331347,0.381803
3.80263,-0.093992,-1,-0.0112098,0.381803
3.80288,-0.238033,1,-0.158408,0.381803
3.80313,-0.246252,1,-0.194919,0.381803
3.80338,-0.324902,1,-0.329393,0.381803
3.80363,-0.466805,1,-0.530083,0.381803
3.80388,-0.432078,1,-0.537366,0.381803
3.80413,-0.0724362,-0.645669,-0.184817,0.381803
3.80438,0.417301,-1,0.323307,0.381803
3.80463,0.664301,-1,0.615094,0.381803
3.80488,0.513216,-1,0.532247,0.381803
3.80513,0.173902,-1,0.239502,0.381803
3.80538,-0.0522967,-1,0.0322667,0.381803
3.80563,-0.114891,1,-0.0383222,0.381803
3.80588,-0.204837,1,-0.152346,0.381803
3.80613,-0.420673,1,-0.430054,0.381803
3.80638,-0.578193,1,-0.644385,0.381803
3.80663,-0.413833,1,-0.51691,0.381803
3.80688,0.0568398,-0.614173,-0.0596124,0.381803
3.80713,0.497895,-1,0.407013,0.381803
3.80738,0.59746,-1,0.556605,0.381803
3.80763,0.386014,-1,0.402,0.381803
3.80788,0.147556,-1,0.208292,0.381803
3.80813,0.0517544,-1,0.135305,0.381803
3.80838,-0.0196961,1,0.0612633,0.381803
3.80863,-0.245294,1,-0.191839,0.381803
3.80888,-0.549549,1,-0.549342,0.381803
3.80913,-0.630233,1,-0.692716,0.381803
3.80938,-0.319721,1,-0.423667,0.381803
3.80963,0.182718,-0.464567,0.0653264,0.381803
3.80988,0.500584,-1,0.408766,0.381803
3.81013,0.478293,-1,0.430209,0.381803
3.81038,0.2995,-1,0.312424,0.381803
3.81063,0.202883,-1,0.27025,0.381803
3.81088,0.173453,-1,0.263722,0.381803
3.81113,0.00640547,1,0.0925373,0.381803
3.81138,-0.354077,1,-0.296247,0.381803
3.81163,-0.657566,1,-0.65284,0.381803
3.81188,-0.599726,1,-0.660821,0.381803
3.81213,-0.185426,1,-0.288091,0.381803
3.81238,0.254772,-0.267717,0.147759,0.381803
3.81263,0.42523,-1,0.335406,0.381803
3.81288,0.357229,-1,0.309545,0.381803
3.81313,0.289913,-1,0.306331,0.381803
3.81338,0.315209,-1,0.384392,0.381803
3.81363,0.259069,-0.685039,0.35909,0.381803
3.81388,-0.0517235,1,0.0443408,0.381803
3.81413,-0.488208,1,-0.429238,0.381803
3.81438,-0.699949,1,-0.692586,0.381803
3.81463,-0.496213,1,-0.540398,0.381803
3.81488,-0.0646637,1,-0.142749,0.381803
3.81513,0.245469,-0.133858,0.15626,0.381803
3.81538,0.305087,-1,0.235922,0.381803
3.81563,0.286176,-1,0.255437,0.381803
3.81588,0.361356,-1,0.396171,0.381803
3.81613,0.435688,-1,0.512637,0.381803
3.81638,0.268451,-0.307087,0.378948,0.381803
3.81663,-0.173775,1,-0.0776369,0.381803
3.81688,-0.59242,1,-0.524909,0.381803
3.81714,-0.657685,1,-0.642431,0.381803
3.81739,-0.361316,1,-0.404839,0.381803
3.81764,-0.00553217,1,-0.0826353,0.381803
3.81789,0.16014,-0.165354,0.0720932,0.381803
3.81814,0.192811,-1,0.128892,0.381803
3.81839,0.296603,-1,0.277512,0.381803
3.81864,0.483191,-1,0.52418,0.381803
3.81889,0.510426,-1,0.601751,0.381803
3.81914,0.193567,-0.0787402,0.306975,0.381803
3.81939,-0.310841,1,-0.208176,0.381803
3.81964,-0.624287,1,-0.561493,0.381803
3.81989,-0.547666,1,-0.541884,0.381803
3.82014,-0.250393,1,-0.298367,0.381803
3.82039,-0.0307803,1,-0.102223,0.381803
3.82064,0.0391101,-0.385827,-0.0436392,0.381803
3.82089,0.13973,-1,0.0868253,0.381803
3.82114,0.386459,-1,0.369478,0.381803
3.82139,0.603013,-1,0.652428,0.381803
3.82164,0.503916,-1,0.596107,0.381803
3.82189,0.0618424,-0.0472441,0.167045,0.381803
3.82214,-0.407858,1,-0.314745,0.381803
3.82239,-0.570681,1,-0.519279,0.381803
3.82264,-0.416439,1,-0.413492,0.381803
3.82289,-0.209004,1,-0.266927,0.381803
3.82314,-0.126838,1,-0.214371,0.381803
3.82339,-0.0624601,-0.755906,-0.149946,0.381803
3.82364,0.17301,-1,0.107221,0.381803
3.82389,0.518439,-1,0.498921,0.381803
3.82414,0.667648,-1,0.714008,0.381803
3.82439,0.414749,-1,0.502142,0.381803
3.82464,-0.0747037,-0.173228,0.028072,0.3834
3.82489,-0.426729,1,-0.343321,0.3834
3.82514,-0.456717,1,-0.416253,0.3834
3.82539,-0.320742,1,-0.336176,0.3834
3.82564,-0.254097,1,-0.324145,0.3834
3.82589,-0.249226,1,-0.344947,0.3834
3.82614,-0.0953323,-1,-0.200311,0.3834
3.82639,0.281321,-1,0.207173,0.3834
3.82664,0.637181,-1,0.618409,0.3834
3.82689,0.64627,-1,0.68677,0.3834
3.82714,0.277396,-1,0.358849,0.3834
3.82739,-0.160551,-0.377953,-0.0607333,0.3834
3.82764,-0.361658,1,-0.284427,0.3834
3.82789,-0.332963,1,-0.295945,0.3834
3.82814,-0.302433,1,-0.315183,0.3834
3.82839,-0.363635,1,-0.441733,0.3834
3.82864,-0.339241,1,-0.447636,0.3834
3.82889,-0.0399801,-1,-0.150733,0.3834
3.82914,0.422093,-1,0.340418,0.3834
3.82939,0.690634,-1,0.658444,0.3834
3.82964,0.545774,-1,0.574354,0.3834
3.82989,0.147273,-1,0.223919,0.3834
3.83014,-0.162863,-0.527559,-0.072747,0.3834
3.83039,-0.24434,1,-0.164787,0.3834
3.83064,-0.257077,1,-0.213219,0.3834
3.83089,-0.370315,1,-0.387076,0.3834
3.83114,-0.487421,1,-0.55888,0.3834
3.83139,-0.35284,0.787402,-0.455385,0.3834
3.83164,0.0848674,-1,-0.0294311,0.3834
3.83189,0.536515,-1,0.45275,0.3834
3.83214,0.655399,-1,0.62453,0.3834
3.83239,0.408183,-1,0.434773,0.3834
3.83264,0.079093,-1,0.139885,0.3834
3.83289,-0.0834894,-0.480315,-0.00126861,0.3834
3.83314,-0.131615,1,-0.061186,0.3834
3.83339,-0.265454,1,-0.236407,0.3834
3.83364,-0.494555,1,-0.522774,0.3834
3.83389,-0.56642,1,-0.646367,0.3834
3.83414,-0.277423,0.519685,-0.393119,0.3834
3.83439,0.230461,-1,0.120448,0.3834
3.83464,0.576899,-1,0.501309,0.3834
3.83489,0.547413,-1,0.522003,0.3834
3.83514,0.292157,-1,0.325339,0.3834
3.83539,0.0990995,-1,0.162581,0.3834
3.83564,0.0362024,-0.204724,0.116969,0.3834
3.83589,-0.0781607,1,-0.019136,0.3834
3.83614,-0.357939,1,-0.336984,0.3834
3.83639,-0.619414,1,-0.648773,0.3834
3.83664,-0.561103,1,-0.647826,0.3834
3.83689,-0.140134,0.472441,-0.244566,0.3834
3.83714,0.335876,-1,0.232488,0.3834
3.83739,0.528127,-1,0.45337,0.3834
3.83764,0.415124,-1,0.399009,0.3834
3.83789,0.248009,-1,0.287733,0.3834
3.83814,0.193922,-1,0.272578,0.3834
3.83839,0.136832,0.204724,0.221671,0.3834
3.83864,-0.114535,1,-0.0432837,0.3834
3.83889,-0.496071,1,-0.465671,0.3834
3.83914,-0.687052,1,-0.716566,0.3834
3.83939,-0.468914,1,-0.545945,0.3834
3.83964,0.00309379,0.606299,-0.0968415,0.3834
3.83989,0.35938,-0.952756,0.268012,0.3834
3.84014,0.414727,-1,0.356729,0.3834
3.84039,0.319087,-1,0.31254,0.3834
3.84064,0.293836,-1,0.353749,0.3834
3.84089,0.316285,-1,0.411685,0.3834
3.84114,0.166288,0.653543,0.270551,0.3834
3.84139,-0.230452,1,-0.147843,0.3834
3.84165,-0.619378,1,-0.58315,0.3834
3.8419,-0.664688,1,-0.682627,0.3834
3.84215,-0.326417,1,-0.39928,0.3834
3.8424,0.0928412,0.818898,0.00641327,0.3834
3.84265,0.294928,-0.929134,0.212507,0.3834
3.8429,0.292341,-1,0.247478,0.3834
3.84315,0.304663,-1,0.31633,0.3834
3.8434,0.406904,-1,0.480914,0.3834
3.84365,0.404489,-1,0.515229,0.3834
3.8439,0.10281,0.968504,0.223651,0.3834
3.84415,-0.378548,1,-0.280087,0.3834
3.8444,-0.673902,1,-0.626671,0.3834
3.84465,-0.560301,1,-0.579925,0.3834
3.8449,-0.193935,1,-0.256065,0.3834
3.84515,0.094202,0.944882,0.0110536,0.3834
3.8454,0.178146,-1,0.10248,0.3834
3.84565,0.221744,-1,0.180603,0.3834
3.8459,0.37993,-1,0.401435,0.3834
3.84615,0.532075,-1,0.604899,0.3834
3.8464,0.410795,-0.976378,0.52925,0.3834
3.84665,-0.0319196,1,0.0846563,0.3834
3.8469,-0.496304,1,-0.40551,0.3834
3.84715,-0.635347,1,-0.59255,0.3834
3.8474,-0.419581,1,-0.433945,0.3834
3.84765,-0.127861,1,-0.191856,0.3834
3.8479,0.0124592,0.826772,-0.0731408,0.3834
3.84815,0.0695328,-1,-0.00150265,0.3834
3.8484,0.240486,-1,0.200203,0.3834
3.84865,0.510776,-1,0.525266,0.3834
3.8489,0.607054,-1,0.681584,0.3834
3.84915,0.32444,-0.716535,0.437885,0.3834
3.8494,-0.182936,0.874016,-0.0691189,0.3834
3.84965,-0.533983,1,-0.442341,0.3834
3.8499,-0.522995,1,-0.487482,0.3834
3.85015,-0.306092,1,-0.321177,0.3834
3.8504,-0.154296,1,-0.21911,0.3834
3.85065,-0.107657,0.480315,-0.18744,0.3834
3.8509,0.0269126,-1,-0.0387498,0.3834
3.85115,0.344973,-1,0.309927,0.3834
3.8514,0.636405,-1,0.660015,0.3834
3.85165,0.591452,-1,0.661946,0.3834
3.8519,0.178144,-0.708661,0.278403,0.3834
3.85215,-0.288004,0.637795,-0.180014,0.3834
3.8524,-0.478602,1,-0.40114,0.3834
3.85265,-0.390974,1,-0.370421,0.3834
3.8529,-0.271341,1,-0.314003,0.3834
3.85315,-0.255706,1,-0.341428,0.3834
3.8534,-0.201368,0,-0.304823,0.3834
3.85365,0.0785901,-1,-0.00785541,0.3834
3.8539,0.490743,-1,0.443482,0.3834
3.85415,0.697033,-1,0.699333,0.3834
3.8544,0.487468,-1,0.542824,0.3834
3.85465,0.0327762,-0.88189,0.12299,0.3834
3.8549,-0.303571,0.480315,-0.213323,0.3834
3.85515,-0.362095,1,-0.306721,0.3834
3.8554,-0.304279,1,-0.295201,0.3834
3.85565,-0.330126,1,-0.380347,0.3834
3.8559,-0.378208,1,-0.476091,0.3834
3.85615,-0.21515,-0.464567,-0.330755,0.3834
3.8564,0.208768,-1,0.113269,0.3834
3.85665,0.613032,-1,0.556576,0.3834
3.8569,0.662049,-1,0.663863,0.3834
3.85715,0.338062,-1,0.382854,0.3834
3.8574,-0.0499757,-1,0.0241018,0.3834
3.85765,-0.230384,0.559055,-0.164427,0.3834
3.8579,-0.244646,1,-0.205642,0.3834
3.85815,-0.306516,1,-0.318285,0.3834
3.8584,-0.45141,1,-0.516258,0.3834
3.85865,-0.454929,1,-0.564653,0.3834
3.8589,-0.132521,-0.740157,-0.2489,0.3834
3.85915,0.363719,-1,0.266386,0.3834
3.8594,0.656416,-1,0.602439,0.3834
3.85965,0.546106,-1,0.554271,0.3834
3.8599,0.209655,-1,0.263684,0.3834
3.86015,-0.0379746,-1,0.0402544,0.3834
3.8604,-0.111486,0.866142,-0.0410342,0.3834
3.86065,-0.190093,1,-0.152633,0.3834
3.8609,-0.398893,1,-0.413048,0.3834
3.86115,-0.574633,1,-0.645008,0.3834
3.8614,-0.441455,0.976378,-0.549809,0.3834
3.86165,0.0163102,-0.76378,-0.10092,0.3834
3.8619,0.475406,-1,0.384712,0.3834
3.86215,0.60287,-1,0.555751,0.3834
3.8624,0.403443,-1,0.419212,0.3834
3.86265,0.158241,-1,0.224562,0.3834
3.8629,0.0545718,-0.929134,0.144078,0.3834
3.86315,-0.0130718,1,0.0670273,0.3834
3.8634,-0.231474,1,-0.191746,0.3834
3.86365,-0.538948,1,-0.549162,0.3834
3.8639,-0.634355,1,-0.700628,0.3834
3.86415,-0.334672,0.748031,-0.445627,0.3834
3.8644,0.169609,-0.590551,0.056167,0.3834
3.86465,0.497417,-1,0.40562,0.3834
3.8649,0.48135,-1,0.440613,0.3834
3.86515,0.301769,-1,0.318033,0.3834
3.8654,0.203271,-1,0.261419,0.3834
3.86565,0.173858,-0.519685,0.259347,0.3834
3.8659,0.00646976,1,0.0807421,0.3834
3.86615,-0.355946,1,-0.316503,0.3834
3.86641,-0.658914,1,-0.66737,0.3834
3.86666,-0.596049,1,-0.660068,0.3834
3.86691,-0.177128,0.779528,-0.268988,0.3834
3.86716,0.261753,-0.370079,0.163134,0.3834
3.86741,0.425497,-1,0.358561,0.3834
3.86766,0.354185,-1,0.333377,0.3834
3.86791,0.289549,-1,0.33209,0.3834
3.86816,0.315953,-1,0.402978,0.3834
3.86841,0.250978,0,0.36031,0.3834
3.86866,-0.0726422,1,0.0204533,0.3834
3.86891,-0.508498,1,-0.447105,0.3834
3.86916,-0.699424,1,-0.693711,0.3834
3.86941,-0.472229,1,-0.517951,0.3834
3.86966,-0.0369738,0.952756,-0.111945,0.3834
3.86991,0.257243,-0.275591,0.177768,0.3834
3.87016,0.30314,-1,0.243781,0.3834
3.87041,0.287914,-1,0.275722,0.3834
3.87066,0.370743,-1,0.423367,0.3834
3.87091,0.433312,-1,0.529846,0.3834
3.87116,0.236007,0.440945,0.352169,0.3834
3.87141,-0.221732,1,-0.115992,0.3834
3.87166,-0.619091,1,-0.552786,0.3834
3.87191,-0.639411,1,-0.630643,0.3834
3.87216,-0.317634,1,-0.362155,0.3834
3.87241,0.0254217,1,-0.0405694,0.3834
3.87266,0.167295,-0.417323,0.0981882,0.3834
3.87291,0.198632,-1,0.157986,0.3834
3.87316,0.319586,-1,0.32771,0.3834
3.87341,0.502714,-1,0.567836,0.3834
3.87366,0.487648,-1,0.594655,0.3834
3.87391,0.124527,0.653543,0.246008,0.3834
3.87416,-0.377451,1,-0.274638,0.3834
3.87441,-0.637545,1,-0.583841,0.3834
3.87466,-0.507536,1,-0.50943,0.3834
3.87491,-0.203522,1,-0.257201,0.3834
3.87516,-0.0116931,1,-0.0841768,0.3834
3.87541,0.0480562,-0.795276,-0.0201671,0.3834
3.87566,0.17366,-1,0.129386,0.3834
3.87591,0.436539,-1,0.446658,0.3834
3.87616,0.614511,-1,0.681567,0.3834
3.87641,0.440737,-0.80315,0.548452,0.3834
3.87666,-0.0400479,0.622047,0.0764631,0.3834
3.87691,-0.470648,1,-0.373481,0.3834
3.87716,-0.558743,1,-0.511791,0.3834
3.87741,-0.368322,1,-0.375857,0.3834
3.87766,-0.180851,1,-0.233879,0.3834
3.87791,-0.119343,0.818898,-0.193416,0.3834
3.87816,-0.0285685,-1,-0.101905,0.3834
3.87841,0.249637,-1,0.21338,0.3834
3.87866,0.582165,-1,0.596554,0.3834
3.87891,0.644846,-1,0.715508,0.3834
3.87916,0.305909,-0.653543,0.412644,0.3834
3.87941,-0.185824,0.425197,-0.0753473,0.3834
3.87966,-0.463116,1,-0.377318,0.3834
3.87991,-0.426798,1,-0.393531,0.3834
3.88016,-0.291752,1,-0.314501,0.3834
3.88041,-0.254214,1,-0.32716,0.3834
3.88066,-0.230889,0.338583,-0.324202,0.3834
3.88091,-0.011119,-1,-0.0939362,0.3834
3.88116,0.396689,-1,0.34928,0.3834
3.88141,0.683634,-1,0.691972,0.3834
3.88166,0.571092,-1,0.631803,0.3834
3.88191,0.141093,-0.732283,0.224843,0.3834
3.88216,-0.250562,0.228346,-0.155842,0.3834
3.88241,-0.368057,1,-0.307539,0.3834
3.88266,-0.314263,1,-0.292673,0.3834
3.88291,-0.315297,1,-0.359771,0.3834
3.88316,-0.377531,1,-0.46503,0.3834
3.88341,-0.276873,-0.165354,-0.379412,0.3834
3.88366,0.105041,-1,0.00640709,0.3834
3.88391,0.547541,-1,0.490744,0.3834
3.88416,0.688731,-1,0.684785,0.3834
3.88441,0.424888,-1,0.468011,0.3834
3.88466,0.0188792,-0.92126,0.0881402,0.3834
3.88491,-0.212639,0.228346,-0.137664,0.3834
3.88516,-0.244099,1,-0.200026,0.3834
3.88541,-0.28378,1,-0.286072,0.3834
3.88566,-0.424793,1,-0.482922,0.3834
3.88591,-0.478388,1,-0.583545,0.3834
3.88616,-0.219353,-0.543307,-0.342954,0.3834
3.88641,0.271738,-1,0.169271,0.3834
3.88666,0.630928,-1,0.562565,0.3834
3.88691,0.594044,-1,0.591041,0.3834
3.88716,0.273423,-1,0.319012,0.3834
3.88741,-0.0076839,-1,0.0631374,0.3834
3.88766,-0.104618,0.472441,-0.04047,0.3834
3.88791,-0.166308,1,-0.130022,0.3834
3.88816,-0.356085,1,-0.363355,0.3834
3.88841,-0.559814,1,-0.621522,0.3834
3.88866,-0.492483,0.850394,-0.601495,0.3834
3.88891,-0.073389,-0.669291,-0.193771,0.3834
3.88916,0.41525,-1,0.318422,0.3834
3.88941,0.609438,-1,0.551893,0.3834
3.88966,0.447731,-1,0.452735,0.3834
3.88991,0.189381,-1,0.237631,0.3834
3.89016,0.0628889,-0.92126,0.13605,0.3834
3.89041,0.00433818,0.92126,0.0657108,0.3834
3.89066,-0.186236,1,-0.151759,0.3834
3.89091,-0.497366,1,-0.511831,0.3834
3.89117,-0.644714,1,-0.719066,0.3834
3.89142,-0.400752,0.535433,-0.505477,0.3834
3.89167,0.0984924,-0.559055,-0.0166427,0.3834
3.89192,0.471466,-1,0.383624,0.3834
3.89217,0.499981,-1,0.459908,0.3834
3.89242,0.325768,-1,0.342794,0.3834
3.89267,0.20919,-1,0.270738,0.3834
3.89292,0.181252,-0.535433,0.264706,0.3834
3.89317,0.0420984,1,0.111075,0.3834
3.89342,-0.304063,1,-0.266798,0.3834
3.89367,-0.636047,1,-0.650465,0.3834
3.89392,-0.62785,1,-0.70017,0.3834
3.89417,-0.238195,0.480315,-0.338294,0.3834
3.89442,0.220316,-0.338583,0.118609,0.3834
3.89467,0.422344,-1,0.348307,0.3834
3.89492,0.36647,-1,0.341184,0.3834
3.89517,0.291178,-1,0.323932,0.3834
3.89542,0.313117,-1,0.384753,0.3834
3.89567,0.270012,-0.015748,0.368789,0.3834
3.89592,-0.0266815,1,0.0560553,0.3834
3.89617,-0.467509,1,-0.420977,0.3834
3.89642,-0.699262,1,-0.70429,0.3834
3.89667,-0.510857,1,-0.568047,0.3834
3.89692,-0.0784793,0.637795,-0.165137,0.3834
3.89717,0.2406,-0.212598,0.15885,0.3834
3.89742,0.305445,-1,0.254768,0.3834
3.89767,0.285877,-1,0.284399,0.3834
3.89792,0.360436,-1,0.414166,0.3834
3.89817,0.43586,-1,0.530812,0.3834
3.89842,0.265413,0.464567,0.378994,0.3834
3.89867,-0.180426,1,-0.0809012,0.3834
3.89892,-0.598394,1,-0.537901,0.3834
3.89917,-0.653282,1,-0.653925,0.3834
3.89942,-0.347761,1,-0.390469,0.3834
3.89967,0.00593557,0.818898,-0.0687299,0.3834
3.89992,0.163305,-0.322835,0.091957,0.3834
3.90017,0.195416,-1,0.157657,0.3834
3.90042,0.307348,-1,0.312455,0.3834
3.90067,0.493393,-1,0.55227,0.3834
3.90092,0.498903,-0.850394,0.606241,0.3834
3.90117,0.154386,0.724409,0.279339,0.3834
3.90142,-0.351828,1,-0.24695,0.3834
3.90167,-0.633734,1,-0.574847,0.3834
3.90192,-0.521992,1,-0.520469,0.3834
3.90217,-0.218472,1,-0.25717,0.3834
3.90242,-0.0169042,0.826772,-0.0839538,0.3834
3.90267,0.0453784,-0.677165,-0.0151152,0.3834
3.90292,0.16419,-1,0.138903,0.3834
3.90317,0.424376,-1,0.438741,0.3834
3.90342,0.613044,-1,0.689993,0.3834
3.90367,0.454946,-0.425197,0.560235,0.3834
3.90392,-0.0203706,0.708661,0.0973534,0.3834
3.90417,-0.460747,1,-0.375221,0.3834
3.90442,-0.561639,1,-0.522984,0.3834
3.90467,-0.375207,1,-0.387809,0.3834
3.90492,-0.184054,1,-0.235506,0.3834
3.90517,-0.120352,0.582677,-0.191459,0.3834
3.90542,-0.0324751,-1,-0.0921384,0.3834
3.90567,0.242142,-1,0.222019,0.3834
3.90592,0.577539,-1,0.6084,0.3834
3.90617,0.647274,-1,0.729756,0.3834
3.90642,0.313109,-0.23622,0.420137,0.3834
3.90667,-0.180517,0.511811,-0.0684728,0.3834
3.90692,-0.462112,1,-0.383178,0.3834
3.90717,-0.427983,1,-0.407677,0.3834
3.90742,-0.292265,1,-0.326035,0.3834
3.90767,-0.253547,1,-0.321121,0.3834
3.90792,-0.231337,0.110236,-0.320481,0.3834
3.90817,-0.0103687,-1,-0.087659,0.3834
3.90842,0.398366,-1,0.358342,0.3834
3.90867,0.684219,-1,0.698974,0.3834
3.90892,0.568755,-1,0.641619,0.3834
3.90917,0.135837,-0.330709,0.234538,0.3834
3.90942,-0.253782,0.299213,-0.157638,0.3834
3.90967,-0.36788,1,-0.304064,0.3834
3.90992,-0.313268,1,-0.305476,0.3834
3.91017,-0.316345,1,-0.361644,0.3834
3.91042,-0.378117,1,-0.46465,0.3834
3.91067,-0.271063,-0.409449,-0.371747,0.3834
3.91092,0.116969,-1,0.0275659,0.3834
3.91117,0.557016,-1,0.513874,0.3834
3.91142,0.68599,-1,0.697764,0.3834
3.91167,0.411455,-1,0.466808,0.3834
3.91192,0.00645949,-0.527559,0.086343,0.3834
3.91217,-0.216917,0.291339,-0.144574,0.3834
3.91242,-0.244446,1,-0.20577,0.3834
3.91267,-0.287985,1,-0.297629,0.3834
3.91292,-0.431017,1,-0.490359,0.3834
3.91317,-0.474013,0.795276,-0.58001,0.3834
3.91342,-0.198921,-0.779528,-0.313182,0.3834
3.91367,0.296339,-1,0.194786,0.3834
3.91392,0.6396,-1,0.582529,0.3834
3.91417,0.581206,-1,0.587804,0.3834
3.91442,0.253518,-1,0.298887,0.3834
3.91467,-0.0182652,-0.653543,0.0445591,0.3834
3.91492,-0.106969,0.551181,-0.0475639,0.3834
3.91517,-0.174281,1,-0.144734,0.3834
3.91542,-0.37221,1,-0.393908,0.3834
3.91567,-0.566695,1,-0.642202,0.3834
3.91593,-0.473179,0.291339,-0.589111,0.3834
3.91618,-0.0350003,-0.88189,-0.154761,0.3834
3.91643,0.442977,-1,0.353276,0.3834
3.91668,0.607629,-1,0.563046,0.3834
3.91693,0.426666,-1,0.438181,0.3834
3.91718,0.173078,-1,0.216155,0.3834
3.91743,0.0582885,-0.519685,0.115639,0.3834
3.91768,-0.00440788,0.992126,0.0357694,0.3834
3.91793,-0.211775,1,-0.201906,0.3834
3.91818,-0.522768,1,-0.561188,0.3834
3.91843,-0.639425,1,-0.732891,0.3834
3.91868,-0.358968,0.00787402,-0.474764,0.3834
3.91893,0.14648,-0.716535,0.0332604,0.3834
3.91918,0.490448,-1,0.415279,0.3834
3.91943,0.487127,-1,0.470447,0.3834
3.91968,0.307716,-1,0.341123,0.3834
3.91993,0.204268,-1,0.27274,0.3834
3.92018,0.175498,-0.110236,0.255116,0.3834
3.92043,0.0129677,1,0.0760438,0.3834
3.92068,-0.348519,1,-0.323051,0.3834
3.92093,-0.656979,1,-0.687945,0.3834
3.92118,-0.598377,0.826772,-0.677739,0.3834
3.92143,-0.17888,0.00787402,-0.28668,0.3834
3.92168,0.262229,-0.464567,0.163223,0.3834
3.92193,0.425775,-1,0.351366,0.3834
3.92218,0.352991,-1,0.331333,0.3834
3.92243,0.289346,-1,0.315913,0.3834
3.92268,0.316367,-1,0.381833,0.3834
3.92293,0.246374,0.393701,0.323013,0.3834
3.92318,-0.0844052,1,-0.025606,0.3834
3.92343,-0.519801,1,-0.49365,0.3834
3.92368,-0.698349,1,-0.731284,0.3834
3.92393,-0.456365,0.685039,-0.530625,0.3834
3.92418,-0.0182009,0.212598,-0.109742,0.3834
3.92443,0.264353,-0.346457,0.187009,0.3834
3.92468,0.301455,-1,0.255914,0.392156
3.92493,0.289847,-1,0.29562,0.392156
3.92518,0.378121,-1,0.436823,0.392156
3.92543,0.430112,-0.677165,0.51848,0.392156
3.92568,0.209152,0.84252,0.305729,0.392156
3.92593,-0.259799,1,-0.182077,0.392156
3.92618,-0.637031,1,-0.602189,0.392156
3.92643,-0.62197,1,-0.641401,0.392156
3.92668,-0.282881,0.80315,-0.337301,0.392156
3.92693,0.048709,0.401575,-0.0171822,0.392156
3.92718,0.171334,-0.488189,0.11215,0.392156
3.92743,0.204827,-1,0.187149,0.392156
3.92768,0.339933,-1,0.376378,0.392156
3.92793,0.516268,-1,0.601858,0.392156
3.92818,0.462547,-0.141732,0.57712,0.392156
3.92843,0.0631199,1,0.176247,0.392156
3.92868,-0.430363,1,-0.341358,0.392156
3.92893,-0.641151,1,-0.60028,0.392156
3.92918,-0.469008,1,-0.483326,0.392156
3.92943,-0.16616,1,-0.210455,0.392156
3.92968,0.00181844,0.370079,-0.0568417,0.392156
3.92993,0.0577667,-0.88189,0.0156542,0.392156
3.93018,0.207271,-1,0.209112,0.392156
3.93043,0.478449,-1,0.533102,0.392156
3.93068,0.614379,-1,0.713845,0.392156
3.93093,0.375261,0.212598,0.499157,0.392156
3.93118,-0.127798,0.905512,-0.0118205,0.392156
3.93143,-0.513779,1,-0.430042,0.392156
3.93168,-0.537602,1,-0.518617,0.392156
3.93193,-0.326034,1,-0.353822,0.392156
3.93218,-0.161407,1,-0.225839,0.392156
3.93243,-0.111593,0.0551181,-0.180701,0.392156
3.93268,0.0108357,-1,-0.0387858,0.392156
3.93293,0.322194,-1,0.31095,0.392156
3.93318,0.626649,-1,0.669424,0.392156
3.93343,0.603849,-0.551181,0.696893,0.392156
3.93368,0.199971,0.291339,0.32042,0.392156
3.93393,-0.274881,0.637795,-0.165333,0.392156
3.93418,-0.477573,0.905512,-0.402979,0.392156
3.93443,-0.39445,1,-0.368534,0.392156
3.93468,-0.272326,1,-0.300019,0.392156
3.93493,-0.255577,0.944882,-0.303955,0.392156
3.93518,-0.201656,-0.448819,-0.259227,0.392156
3.93543,0.0802623,-1,0.0461813,0.392156
3.93568,0.494612,-1,0.497829,0.392156
3.93593,0.696996,-1,0.745088,0.392156
3.93618,0.477815,-0.330709,0.566206,0.392156
3.93643,0.0187489,0.110236,0.120063,0.392156
3.93668,-0.310664,0.440945,-0.228075,0.392156
3.93693,-0.359974,1,-0.319017,0.392156
3.93718,-0.302781,1,-0.312244,0.392156
3.93743,-0.334288,1,-0.385114,0.392156
3.93768,-0.376377,0.503937,-0.458604,0.392156
3.93793,-0.191877,-0.92126,-0.278294,0.392156
3.93818,0.246356,-1,0.187333,0.392156
3.93843,0.634025,-1,0.626164,0.392156
3.93868,0.644868,-0.811024,0.685148,0.392156
3.93893,0.296834,-0.393701,0.373283,0.392156
3.93918,-0.0808959,-0.11811,-0.00463862,0.392156
3.93943,-0.236566,0.480315,-0.179594,0.392156
3.93968,-0.24598,1,-0.228772,0.392156
3.93993,-0.322776,1,-0.356841,0.392156
3.94018,-0.466196,1,-0.537408,0.392156
3.94043,-0.43034,-0.0314961,-0.529059,0.392156
3.94069,-0.0631418,-1,-0.151034,0.392156
3.94094,0.430207,-1,0.367274,0.392156
3.94119,0.665544,-1,0.64925,0.392156
3.94144,0.49708,-0.76378,0.529095,0.392156
3.94169,0.153866,-0.629921,0.210178,0.392156
3.94194,-0.0609375,-0.188976,0.00451452,0.392156
3.94219,-0.118868,0.795276,-0.0817891,0.392156
3.94244,-0.22096,1,-0.222562,0.392156
3.94269,-0.445926,1,-0.499902,0.392156
3.94294,-0.578696,0.795276,-0.676325,0.392156
3.94319,-0.364765,-0.440945,-0.476326,0.392156
3.94344,0.131212,-1,0.0340997,0.392156
3.94369,0.539374,-1,0.477215,0.392156
3.94394,0.577636,-0.889764,0.564734,0.392156
3.94419,0.337432,-0.944882,0.366351,0.392156
3.94444,0.119132,-0.779528,0.17673,0.392156
3.94469,0.0431467,0.0472441,0.0970168,0.392156
3.94494,-0.0514584,1,-0.0218175,0.392156
3.94519,-0.314777,1,-0.331797,0.392156
3.94544,-0.599272,1,-0.668014,0.392156
3.94569,-0.589408,0.283465,-0.697985,0.392156
3.94594,-0.194958,-0.559055,-0.313128,0.392156
3.94619,0.298251,-0.779528,0.199926,0.392156
3.94644,0.525916,-0.795276,0.468642,0.392156
3.94669,0.429961,-1,0.4245,0.392156
3.94694,0.256393,-1,0.290431,0.392156
3.94719,0.195112,-0.685039,0.246927,0.392156
3.94744,0.143792,0.503937,0.195825,0.392156
3.94769,-0.099518,1,-0.069613,0.392156
3.94794,-0.483955,1,-0.501167,0.392156
3.94819,-0.686986,0.889764,-0.749274,0.392156
3.94844,-0.47571,0,-0.566786,0.392156
3.94869,-0.00105766,-0.393701,-0.10508,0.392156
3.94894,0.359458,-0.511811,0.286581,0.392156
3.94919,0.413992,-0.850394,0.380338,0.392156
3.94944,0.317601,-1,0.332099,0.392156
3.94969,0.294679,-1,0.339506,0.392156
3.94994,0.315351,-0.299213,0.380467,0.392156
3.95019,0.15257,0.976378,0.214785,0.392156
3.95044,-0.255234,1,-0.226756,0.392156
3.95069,-0.635301,1,-0.644171,0.392156
3.95094,-0.65074,0.496063,-0.703865,0.392156
3.95119,-0.289935,0.023622,-0.370105,0.392156
3.95144,0.122486,-0.125984,0.045189,0.392156
3.95169,0.300994,-0.480315,0.251975,0.392156
3.95194,0.289407,-1,0.278336,0.392156
3.95219,0.313727,-1,0.349179,0.392156
3.95244,0.418353,-1,0.479653,0.392156
3.95269,0.382405,0.23622,0.463198,0.392156
3.95294,0.0371689,1,0.102926,0.392156
3.95319,-0.444945,1,-0.416504,0.392156
3.95344,-0.683711,0.818898,-0.705905,0.392156
3.95369,-0.506301,0.377953,-0.566847,0.392156
3.95394,-0.128025,0.259843,-0.208062,0.392156
3.95419,0.123702,0,0.0534841,0.392156
3.95444,0.182587,-0.740157,0.13988,0.392156
3.95469,0.244444,-1,0.239031,0.392156
3.95494,0.422422,-1,0.463504,0.392156
3.95519,0.536147,-0.503937,0.611338,0.392156
3.95544,0.329909,0.669291,0.410893,0.392156
3.95569,-0.15801,1,-0.0832103,0.392156
3.95594,-0.570183,0.937008,-0.537555,0.392156
3.95619,-0.605237,0.598425,-0.614463,0.392156
3.95644,-0.334834,0.551181,-0.374462,0.392156
3.95669,-0.0709184,0.456693,-0.119273,0.392156
3.95694,0.0276565,-0.165354,-0.00783651,0.392156
3.95719,0.102372,-1,0.0907687,0.392156
3.95744,0.321923,-1,0.349328,0.392156
3.95769,0.574755,-1,0.640793,0.392156
3.95794,0.557521,0.00787402,0.654868,0.392156
3.95819,0.162792,0.811024,0.255054,0.392156
3.95844,-0.338241,0.866142,-0.272083,0.392156
3.95869,-0.570093,0.653543,-0.547065,0.392156
3.95894,-0.452893,0.685039,-0.479892,0.392156
3.95919,-0.233419,0.811024,-0.290404,0.392156
3.95944,-0.132143,0.417323,-0.191097,0.392156
3.95969,-0.0776552,-0.582677,-0.123812,0.392156
3.95994,0.135468,-1,0.119882,0.392156
3.96019,0.48534,-1,0.510468,0.392156
3.96044,0.670004,-0.590551,0.738027,0.392156
3.96069,0.449187,0.322835,0.541949,0.392156
3.96094,-0.0399713,0.629921,0.0473073,0.392156
3.96119,-0.414718,0.535433,-0.346202,0.392156
3.96144,-0.461155,0.637795,-0.439096,0.392156
3.96169,-0.32555,0.96063,-0.34259,0.392156
3.96194,-0.254185,0.905512,-0.284903,0.392156
3.96219,-0.249922,0.0708661,-0.294373,0.392156
3.96244,-0.0963265,-1,-0.125792,0.392156
3.96269,0.283944,-1,0.281353,0.392156
3.96294,0.641065,-1,0.681287,0.392156
3.96319,0.639913,-0.165354,0.716526,0.392156
3.96344,0.258461,0.299213,0.341788,0.392156
3.96369,-0.178313,0.322835,-0.104203,0.392156
3.96394,-0.36446,0.440945,-0.333612,0.392156
3.96419,-0.327998,0.897638,-0.333223,0.392156
3.96444,-0.305017,1,-0.344477,0.392156
3.96469,-0.369331,0.614173,-0.439745,0.392156
3.96494,-0.321561,-0.543307,-0.388432,0.392156
3.96519,0.0123121,-1,-0.043486,0.392156
3.96545,0.476083,-1,0.46589,0.392156
3.9657,0.695762,-0.433071,0.722289,0.392156
3.96595,0.49334,0.165354,0.556412,0.392156
3.9662,0.0828765,0.259843,0.152575,0.392156
3.96645,-0.191833,0.291339,-0.135059,0.392156
3.9667,-0.244769,0.700787,-0.215842,0.392156
3.96695,-0.269981,1,-0.275509,0.392156
3.9672,-0.403049,0.929134,-0.429272,0.392156
3.96745,-0.486587,-0.110236,-0.521744,0.392156
3.9677,-0.272622,-1,-0.299684,0.392156
3.96795,0.208697,-1,0.207565,0.392156
3.9682,0.60684,-0.708661,0.639764,0.392156
3.96845,0.617595,-0.023622,0.683482,0.392156
3.9687,0.310847,0.149606,0.382403,0.392156
3.96895,0.0114264,0.125984,0.0634912,0.392156
3.9692,-0.100412,0.472441,-0.0782106,0.392156
3.96945,-0.15718,1,-0.167941,0.392156
3.9697,-0.337053,1,-0.38581,0.392156
3.96995,-0.550852,0.433071,-0.619913,0.392156
3.9702,-0.509153,-0.740157,-0.575554,0.392156
3.97045,-0.104109,-1,-0.152521,0.392156
3.9707,0.394581,-0.96063,0.38302,0.392156
3.97095,0.609427,-0.291339,0.648508,0.392156
3.9712,0.458107,-0.00787402,0.524718,0.392156
3.97145,0.19646,-0.0472441,0.261165,0.392156
3.9717,0.0645541,0.173228,0.114377,0.392156
3.97195,0.00626349,0.850394,0.0269904,0.392156
3.9722,-0.182819,1,-0.195429,0.392156
3.97245,-0.495727,0.92126,-0.536362,0.392156
3.9727,-0.644514,-0.19685,-0.707217,0.392156
3.97295,-0.397666,-1,-0.449042,0.392156
3.9732,0.105655,-1,0.0735578,0.392156
3.97345,0.475732,-0.519685,0.486115,0.392156
3.9737,0.496737,-0.173228,0.539102,0.392156
3.97395,0.319622,-0.228346,0.381282,0.392156
3.9742,0.207153,-0.133858,0.253392,0.392156
3.97445,0.178985,0.496063,0.199467,0.392156
3.9747,0.0280296,1,0.0236314,0.392156
3.97495,-0.328277,1,-0.364567,0.392156
3.9752,-0.648834,0.354331,-0.716185,0.392156
3.97545,-0.60978,-0.685039,-0.689234,0.392156
3.9757,-0.198274,-1,-0.261543,0.392156
3.97595,0.250841,-0.637795,0.223452,0.392156
3.9762,0.425593,-0.283465,0.440236,0.392156
3.97645,0.356017,-0.346457,0.40319,0.392156
3.9767,0.289688,-0.417323,0.340136,0.392156
3.97695,0.316382,0.0629921,0.349198,0.392156
3.9772,0.249008,0.952756,0.264266,0.392156
3.97745,-0.0810484,1,-0.0982831,0.392156
3.9777,-0.518702,0.818898,-0.558118,0.392156
3.97795,-0.69826,-0.220472,-0.764208,0.392156
3.9782,-0.453797,-0.818898,-0.522821,0.392156
3.97845,-0.0142434,-0.661417,-0.053679,0.392156
3.9787,0.266331,-0.314961,0.265268,0.392156
3.97895,0.301258,-0.362205,0.332557,0.392156
3.9792,0.29076,-0.598425,0.340015,0.392156
3.97945,0.381071,-0.338583,0.424979,0.392156
3.9797,0.428026,0.519685,0.463439,0.392156
3.97995,0.195018,1,0.209359,0.392156
3.9802,-0.280297,1,-0.302305,0.392156
3.98045,-0.645874,0.204724,-0.697878,0.392156
3.9807,-0.610354,-0.551181,-0.678586,0.392156
3.98095,-0.26116,-0.606299,-0.318506,0.392156
3.9812,0.0616849,-0.291339,0.0337834,0.392156
3.98145,0.173791,-0.283465,0.17555,0.392156
3.9817,0.2096,-0.622047,0.237347,0.392156
3.98195,0.353848,-0.645669,0.385737,0.392156
3.9822,0.523352,0.0629921,0.560259,0.392156
3.98245,0.441852,0.992126,0.46952,0.392156
3.9827,0.019265,1,0.0186277,0.392156
3.98295,-0.465357,0.566929,-0.495112,0.392156
3.9832,-0.639308,-0.259843,-0.68682,0.392156
3.98345,-0.439196,-0.503937,-0.491667,0.392156
3.9837,-0.140493,-0.251969,-0.172097,0.392156
3.98395,0.00934478,-0.181102,0.0037712,0.392156
3.9842,0.0663505,-0.543307,0.0847703,0.392156
3.98445,0.23537,-0.80315,0.269621,0.392156
3.9847,0.50883,-0.346457,0.551276,0.392156
3.98495,0.60671,0.614173,0.646985,0.392156
3.9852,0.318,1,0.343277,0.392156
3.98545,-0.195272,0.818898,-0.206521,0.392156
3.9857,-0.539864,0.015748,-0.583591,0.392156
3.98595,-0.515142,-0.377953,-0.573156,0.392156
3.9862,-0.293514,-0.212598,-0.349574,0.392156
3.98645,-0.149057,-0.0629921,-0.181686,0.392156
3.9867,-0.10294,-0.393701,-0.10468,0.392156
3.98695,0.0493732,-0.834646,0.0645288,0.392156
3.9872,0.382162,-0.669291,0.408943,0.392156
3.98745,0.652627,0.204724,0.685954,0.392156
3.9877,0.556049,1,0.587523,0.392156
3.98795,0.108134,0.992126,0.114455,0.392156
3.9882,-0.33764,0.283465,-0.359045,0.392156
3.98845,-0.478513,-0.259843,-0.524921,0.392156
3.9887,-0.365838,-0.19685,-0.415708,0.392156
3.98895,-0.261518,0.015748,-0.285082,0.392156
3.9892,-0.255983,-0.188976,-0.255864,0.392156
3.98945,-0.164527,-0.748031,-0.146471,0.392156
3.9897,0.166183,-0.874016,0.200346,0.392156
3.98995,0.568009,-0.188976,0.615106,0.392156
3.99021,0.684948,0.748031,0.725571,0.392156
3.99046,0.383132,1,0.415052,0.392156
3.99071,-0.078544,0.527559,-0.0816796,0.392156
3.99096,-0.344698,-0.0944882,-0.380309,0.392156
3.99121,-0.345827,-0.181102,-0.398127,0.392156
3.99146,-0.29993,0.0629921,-0.342734,0.392156
3.99171,-0.352419,-0.00787402,-0.381485,0.392156
3.99196,-0.358372,-0.574803,-0.36356,0.392156
3.99221,-0.0976099,-0.968504,-0.0792466,0.392156
3.99246,0.367228,-0.543307,0.393091,0.392156
3.99271,0.680322,0.409449,0.716287,0.392156
3.99296,0.576402,1,0.612923,0.392156
3.99321,0.181781,0.724409,0.189176,0.392156
3.99346,-0.148521,0.0866142,-0.164008,0.392156
3.99371,-0.243961,-0.149606,-0.279149,0.392156
3.99396,-0.254935,0.0708661,-0.290073,0.392156
3.99421,-0.3657,0.125984,-0.39127,0.392156
3.99446,-0.486747,-0.370079,-0.488993,0.392156
3.99471,-0.353831,-0.944882,-0.344189,0.392156
3.99496,0.0900927,-0.826772,0.121181,0.392156
3.99521,0.544033,0.0393701,0.588913,0.392156
3.99546,0.651902,0.84252,0.691149,0.392156
3.99571,0.390966,0.858268,0.41952,0.392156
3.99596,0.0625784,0.291339,0.0522421,0.392156
3.99621,-0.0888291,-0.0787402,-0.120324,0.392156
3.99646,-0.13751,0.0629921,-0.183217,0.392156
3.99671,-0.28765,0.220472,-0.330379,0.392156
3.99696,-0.517206,-0.149606,-0.544995,0.392156
3.99721,-0.549949,-0.84252,-0.553889,0.392156
3.99746,-0.209235,-1,-0.190484,0.392156
3.99771,0.304988,-0.330709,0.337953,0.392156
3.99796,0.598963,0.582677,0.64202,0.392156
3.99821,0.508206,0.897638,0.545448,0.392156
3.99846,0.242264,0.480315,0.253591,0.392156
3.99871,0.0785222,0.0393701,0.0544735,0.392156
3.99896,0.022593,0.0866142,-0.0126833,0.392156
3.99921,-0.131633,0.314961,-0.17385,0.392156
3.99946,-0.438406,0.0708661,-0.465568,0.392156
3.99971,-0.643902,-0.669291,-0.655085,0.392156
3.99996,-0.472065,-1,-0.459046,0.392156
4.00021,0.011687,-0.700787,0.046897,0.392156
4.00046,0.433281,0.251969,0.479756,0.392156
4.00071,0.516104,0.834646,0.567348,0.392156
4.00096,0.352452,0.629921,0.379034,0.392156
4.00121,0.217206,0.173228,0.209948,0.392156
4.00146,0.186444,0.11811,0.157674,0.392156
4.00171,0.0714327,0.377953,0.0255335,0.392156
4.00196,-0.258528,0.291339,-0.295247,0.392156
4.00221,-0.611941,-0.401575,-0.636272,0.392156
4.00246,-0.648364,-1,-0.652918,0.392156
4.00271,-0.282632,-1,-0.264462,0.392156
4.00296,0.18896,-0.149606,0.230593,0.392156
4.00321,0.418533,0.645669,0.470353,0.392156
4.00346,0.373668,0.708661,0.417458,0.392156
4.00371,0.292551,0.314961,0.305076,0.392156
4.00396,0.31122,0.165354,0.286133,0.392156
4.00421,0.27641,0.433071,0.241175,0.392156
4.00446,-0.0120167,0.503937,-0.0548941,0.392156
4.00471,-0.456304,-0.0787402,-0.48843,0.392156
4.00496,-0.698669,-0.952756,-0.720898,0.392156
4.00521,-0.514934,-1,-0.512355,0.392156
4.00546,-0.0799485,-0.582677,-0.0438491,0.392156
4.00571,0.241307,0.322835,0.292703,0.392156
4.00596,0.304946,0.669291,0.365442,0.392156
4.00621,0.286223,0.409449,0.317816,0.392156
4.00646,0.363498,0.220472,0.359924,0.392156
4.00671,0.435218,0.464567,0.412933,0.392156
4.00696,0.250599,0.692913,0.209695,0.392156
4.00721,-0.206267,0.267717,-0.246943,0.392156
4.00745,-0.613524,-0.677165,-0.648171,0.392156
4.0077,-0.641705,-1,-0.650156,0.392156
4.00795,-0.318499,-0.96063,-0.298479,0.392156
4.0082,0.0277613,-0.0629921,0.0773928,0.392156
4.00845,0.168192,0.503937,0.229602,0.392156
4.0087,0.20046,0.433071,0.255844,0.392156
4.00895,0.326779,0.23622,0.346401,0.392156
4.0092,0.50888,0.456693,0.497559,0.392156
4.00945,0.47557,0.84252,0.440312,0.392156
4.0097,0.089547,0.661417,0.0406785,0.392156
4.00995,-0.411865,-0.259843,-0.460931,0.392156
4.0102,-0.640752,-1,-0.667655,0.392156
4.01045,-0.478922,-1,-0.483978,0.392156
4.0107,-0.173684,-0.496063,-0.137435,0.392156
4.01095,-0.000771706,0.228346,0.0673664,0.392156
4.0112,0.0563267,0.354331,0.123485,0.392156
4.01145,0.204473,0.204724,0.25691,0.392156
4.0117,0.476622,0.393701,0.490412,0.392156
4.01195,0.614467,0.897638,0.604601,0.392156
4.0122,0.372812,0.992126,0.338399,0.392156
4.01245,-0.133581,0.228346,-0.173247,0.392156
4.0127,-0.517201,-0.866142,-0.556765,0.392156
4.01295,-0.534277,-1,-0.554965,0.392156
4.0132,-0.319677,-0.874016,-0.30527,0.392156
4.01345,-0.158326,-0.125984,-0.102998,0.392156
4.0137,-0.109402,0.165354,-0.0429184,0.392156
4.01395,0.0207891,0.0944882,0.0841422,0.392156
4.0142,0.340442,0.259843,0.377079,0.392156
4.01445,0.636599,0.850394,0.638326,0.392156
4.0147,0.588198,1,0.554472,0.392156
4.01495,0.164736,0.748031,0.108972,0.392156
4.0152,-0.301294,-0.385827,-0.361488,0.392156
4.01545,-0.47943,-1,-0.527918,0.392156
4.0157,-0.381729,-1,-0.399942,0.392156
4.01595,-0.266799,-0.488189,-0.242617,0.392156
4.0162,-0.256216,-0.0866142,-0.198627,0.392156
4.01645,-0.184682,-0.0944882,-0.122054,0.392156
4.0167,0.123594,0.0314961,0.177614,0.392156
4.01695,0.535038,0.669291,0.558187,0.392156
4.0172,0.693213,1,0.683628,0.392156
4.01745,0.426452,1,0.385244,0.392156
4.0177,-0.0382154,0.188976,-0.0950365,0.392156
4.01795,-0.332622,-0.874016,-0.397036,0.392156
4.0182,-0.352079,-1,-0.394166,0.392156
4.01845,-0.300203,-0.76378,-0.301505,0.392156
4.0187,-0.345803,-0.362205,-0.309818,0.392156
4.01895,-0.366777,-0.338583,-0.312652,0.392156
4.0192,-0.132463,-0.267717,-0.082443,0.392156
4.01945,0.326576,0.338583,0.356247,0.392156
4.0197,0.668333,1,0.670252,0.392156
4.01995,0.601212,1,0.567927,0.392156
4.0202,0.217267,0.811024,0.147998,0.392156
4.02045,-0.130243,-0.362205,-0.214557,0.392156
4.0207,-0.242542,-1,-0.320073,0.392156
4.02095,-0.251296,-0.897638,-0.300481,0.392156
4.0212,-0.353326,-0.566929,-0.355206,0.392156
4.02145,-0.483438,-0.566929,-0.444437,0.392156
4.0217,-0.376561,-0.622047,-0.321474,0.392156
4.02195,0.0507055,-0.11811,0.105686,0.392156
4.0222,0.519244,0.913386,0.545183,0.392156
4.02245,0.658663,1,0.648134,0.392156
4.0227,0.416072,1,0.365084,0.392156
4.02295,0.0812358,0.244094,0.000809963,0.392156
4.0232,-0.0844153,-0.661417,-0.17416,0.392156
4.02345,-0.132776,-0.84252,-0.211039,0.392156
4.0237,-0.272944,-0.661417,-0.307465,0.392156
4.02395,-0.50448,-0.724409,-0.495904,0.392156
4.0242,-0.559074,-0.929134,-0.518131,0.392156
4.02445,-0.240049,-0.629921,-0.193513,0.392156
4.0247,0.276033,0.401575,0.316561,0.402015
